{"type":"Topology","arcs":[[[26780,24234],[14,38]],[[26794,24272],[34,-65],[5,-100],[18,-92],[45,-35],[6,-32],[-1,-196]],[[26901,23752],[-29,11]],[[26872,23763],[-125,50]],[[26747,23813],[1,283],[13,137],[19,1]],[[25523,40373],[0,244]],[[25523,40617],[42,1]],[[25565,40618],[51,-1]],[[25616,40617],[-12,-162],[0,-490]],[[25604,39965],[-101,1]],[[25503,39966],[4,139],[16,27],[0,241]],[[30132,48445],[57,41]],[[30189,48486],[36,-49],[-1,-161],[31,21],[25,-132],[-10,-67],[39,-133]],[[30309,47965],[-2,-180],[-15,-146],[-34,-46],[-16,-163],[5,-48],[-13,-167],[-23,-140]],[[30211,47075],[-32,118]],[[30179,47193],[1,215],[-42,198],[1,369]],[[30139,47975],[-7,470]],[[24548,56669],[41,107],[34,-276],[33,10],[75,-23],[67,38],[31,-50],[15,-132],[27,-53],[34,70],[35,-22],[10,-85],[-31,-46],[-26,-94],[-37,-55],[-14,-59],[-156,-238],[-56,-147],[-80,-298]],[[24550,55316],[1,791],[-3,562]],[[21230,58186],[256,-1]],[[21486,58185],[0,-359]],[[21486,57826],[-37,0],[0,-162],[-22,0],[0,-326]],[[21427,57338],[-182,0]],[[21245,57338],[0,163]],[[21245,57501],[0,163],[-15,0],[0,522]],[[22807,53752],[136,8]],[[22943,53760],[2,-7]],[[22945,53753],[9,-89],[5,-193],[19,-193],[18,-85],[2,-207],[11,-254],[-6,-116]],[[23003,52616],[3,-162]],[[23006,52454],[-185,0]],[[22821,52454],[-8,115],[0,534],[-6,0]],[[22807,53103],[0,649]],[[20918,37884],[55,-36],[7,-26],[61,0],[0,109],[30,2],[2,173]],[[21073,38106],[29,1]],[[21102,38107],[-1,-1163]],[[21101,36944],[-183,0],[0,170]],[[20918,37114],[0,770]],[[8954,86727],[88,0],[55,46],[34,-8],[29,55],[16,114],[50,24],[34,85],[51,54],[63,-48],[33,94],[83,64],[30,109],[59,35],[79,-14],[44,109],[68,24],[1,55]],[[9771,87525],[89,-65],[22,34],[64,278],[-17,85],[-3,177],[33,58],[81,234],[72,72],[31,175],[-1,113],[21,131],[52,1],[44,115],[57,59],[32,-49],[54,56],[117,285],[11,151],[69,225],[26,27]],[[10625,89687],[0,-1888],[0,-1828],[0,-1751],[0,-1482],[0,-413]],[[10625,82325],[-231,1],[0,398],[-51,1],[10,87],[0,648],[-41,0],[0,162],[-52,0],[0,162],[-88,0],[-25,56],[-34,-196],[-74,11],[-3,94],[17,197],[-30,120],[36,182],[-25,205],[-2,141],[-404,0],[0,27],[-160,0],[0,162],[-266,0],[-8,-63],[-53,12],[-46,-40]],[[9095,84692],[0,577],[-141,0]],[[8954,85269],[0,1458]],[[24291,30248],[0,55],[58,1],[5,149],[52,-133],[27,-41]],[[24433,30279],[6,-129]],[[24439,30150],[-12,-68],[-23,2],[-3,-361]],[[24401,29723],[-29,16],[-87,-1]],[[24285,29738],[0,347],[6,163]],[[26616,26439],[0,169]],[[26616,26608],[48,-2],[28,-21]],[[26692,26585],[11,-50],[1,-177],[24,-158]],[[26728,26200],[8,-98]],[[26736,26102],[-84,-1]],[[26652,26101],[-37,13]],[[26615,26114],[1,325]],[[25185,41455],[16,81],[0,82],[31,260]],[[25232,41878],[32,1]],[[25264,41879],[0,-754]],[[25264,41125],[-3,-163]],[[25261,40962],[-76,1]],[[25185,40963],[0,492]],[[26144,40954],[23,2]],[[26167,40956],[10,-137],[42,-1]],[[26219,40818],[-1,-353]],[[26218,40465],[-73,-1]],[[26145,40464],[-1,490]],[[23972,43523],[64,0]],[[24036,43523],[64,1]],[[24100,43524],[0,-491]],[[24100,43033],[-128,-1]],[[23972,43032],[0,491]],[[25241,30998],[60,-3]],[[25301,30995],[48,-1]],[[25349,30994],[-5,-266]],[[25344,30728],[-8,-438]],[[25336,30290],[-95,4]],[[25241,30294],[0,704]],[[23861,47898],[125,0]],[[23986,47898],[7,0]],[[23993,47898],[0,-457]],[[23993,47441],[-132,0]],[[23861,47441],[0,457]],[[28542,46116],[22,37],[-14,106]],[[28550,46259],[112,0]],[[28662,46259],[3,-404]],[[28665,45855],[1,-207],[-46,40],[0,-103],[-34,35]],[[28586,45620],[-23,2]],[[28563,45622],[-20,3],[-1,491]],[[22030,56031],[71,0]],[[22101,56031],[144,-1]],[[22245,56030],[0,-325],[9,-160]],[[22254,55545],[-1,-488]],[[22253,55057],[-59,1]],[[22194,55058],[-154,0]],[[22040,55058],[0,648],[-10,0],[0,325]],[[25982,33569],[37,20],[19,-36]],[[26038,33553],[22,-67]],[[26060,33486],[3,-332],[10,-159]],[[26073,32995],[-14,-2]],[[26059,32993],[-63,-31],[-12,17]],[[25984,32979],[-20,93],[-10,161]],[[25954,33233],[-4,97],[32,239]],[[23539,28760],[9,-41],[41,78],[26,-62],[42,-23],[3,101],[49,2]],[[23709,28815],[0,-522]],[[23709,28293],[0,-258]],[[23709,28035],[-170,-3]],[[23539,28032],[0,728]],[[27650,35167],[17,19],[-2,-65],[-15,46]],[[26879,35591],[8,59],[5,-85],[-13,26]],[[31393,893],[5,-1]],[[31398,892],[19,-50]],[[31417,842],[3,-21]],[[31420,821],[-3,-73]],[[31417,748],[-22,-68]],[[31395,680],[-2,213]],[[22980,21268],[5,-30]],[[22985,21238],[92,-532]],[[23077,20706],[-4,-538]],[[23073,20168],[-22,-2],[-7,54],[-60,16]],[[22984,20236],[-21,197],[-6,143],[-14,47],[-11,192],[-30,78]],[[22902,20893],[78,375]],[[22509,36458],[151,4]],[[22660,36462],[1,-725]],[[22661,35737],[-86,-1]],[[22575,35736],[-65,0]],[[22510,35736],[-1,722]],[[25991,29190],[58,-5]],[[26049,29185],[-3,-728]],[[26046,28457],[-89,-3],[-10,-28]],[[25947,28426],[-46,26]],[[25901,28452],[1,170],[14,-1],[1,191],[38,-4],[1,164],[15,26],[6,192],[14,0]],[[22153,41355],[125,0]],[[22278,41355],[31,1]],[[22309,41356],[0,-812]],[[22309,40544],[-149,-2]],[[22160,40542],[-7,0]],[[22153,40542],[0,813]],[[27707,31634],[36,197],[-1,158],[30,91]],[[27772,32080],[30,-186],[1,-198]],[[27803,31696],[5,-122],[-37,-267]],[[27771,31307],[-59,326],[-5,1]],[[21897,34803],[151,1]],[[22048,34804],[1,-831]],[[22049,33973],[-150,2]],[[21899,33975],[-2,0]],[[21897,33975],[0,828]],[[12399,71811],[-9,-211]],[[12390,71600],[-39,122],[-9,138],[-29,150],[-65,539],[-27,45],[-35,145],[-30,4],[-18,153],[35,49],[1,99],[25,147],[-39,138],[23,101],[12,187],[-31,15],[-21,-44],[-37,251],[37,111],[8,155],[30,102],[58,-141],[40,-130],[60,-18],[12,-127],[-9,-174],[40,-651],[22,-493],[-8,-308],[3,-354]],[[12060,73603],[1,182],[24,15],[34,-100],[16,-118],[51,1],[-16,-132],[-23,-23],[-27,-258],[-61,-26],[3,164],[25,76],[-21,87],[-6,132]],[[11915,74709],[97,12],[34,304],[52,-135],[52,-91],[71,-201],[46,-9]],[[12267,74589],[52,-48],[27,-454],[-21,-76],[-51,10],[-44,153],[-92,239],[-25,-84],[25,-93],[1,-176],[-40,-220],[-50,75],[-1,61],[-42,137],[-21,145],[-30,8],[-6,167],[-34,276]],[[26111,30279],[45,-3],[1,40],[58,-8]],[[26215,30308],[35,-26]],[[26250,30282],[-16,-245],[-20,2],[0,-90]],[[26214,29949],[-93,-5]],[[26121,29944],[-4,117]],[[26117,30061],[-6,218]],[[25987,42571],[63,2]],[[26050,42573],[53,1]],[[26103,42574],[1,-162]],[[26104,42412],[1,-351]],[[26105,42061],[-38,0]],[[26067,42061],[-79,-2]],[[25988,42059],[0,54]],[[25988,42113],[0,296]],[[25988,42409],[-1,162]],[[26046,44201],[128,6]],[[26174,44207],[1,-491]],[[26175,43716],[-32,0]],[[26143,43716],[-64,4],[-32,54]],[[26047,43774],[-1,265]],[[26046,44039],[0,162]],[[23334,46795],[132,-1]],[[23466,46794],[0,-653]],[[23466,46141],[-132,3]],[[23334,46144],[0,651]],[[26145,45878],[63,3]],[[26208,45881],[99,0]],[[26307,45881],[2,-657]],[[26309,45224],[-32,4]],[[26277,45228],[-131,-1]],[[26146,45227],[-1,651]],[[23857,38651],[4,696]],[[23861,39347],[0,27]],[[23861,39374],[124,-27]],[[23985,39347],[-2,-440]],[[23983,38907],[-2,-305]],[[23981,38602],[-63,10],[0,-55],[-62,12]],[[23856,38569],[1,82]],[[22655,43309],[127,1]],[[22782,43310],[0,-652]],[[22782,42658],[-127,0]],[[22655,42658],[0,651]],[[26386,42014],[0,1]],[[26386,42015],[27,45],[-1,191],[94,4]],[[26506,42255],[-3,-392]],[[26503,41863],[-2,-167]],[[26501,41696],[-55,30],[-60,-6]],[[26386,41720],[0,294]],[[27105,31240],[20,454],[19,141]],[[27144,31835],[20,-59],[44,-27],[7,-51]],[[27215,31698],[-5,-31]],[[27210,31667],[7,-114],[-1,-162],[11,-78],[-2,-115]],[[27225,31198],[0,-145]],[[27225,31053],[-36,-33],[-26,106]],[[27163,31126],[-58,114]],[[22524,44934],[129,2]],[[22653,44936],[0,-325]],[[22653,44611],[1,-405]],[[22654,44206],[-16,-27],[-43,-2],[-16,-56],[-54,0]],[[22525,44121],[-1,488]],[[22524,44609],[0,325]],[[29878,50720],[111,10]],[[29989,50730],[-10,-55],[12,-137],[-17,-116],[-19,-196],[20,-218],[-13,-264],[-30,-139],[-16,-11]],[[29916,49594],[-20,-110]],[[29896,49484],[-27,175],[21,103],[-14,97],[18,118],[-19,67],[21,130],[-29,99]],[[29867,50273],[-10,34],[27,171],[-11,42],[5,200]],[[24235,51901],[34,1]],[[24269,51902],[137,-5]],[[24406,51897],[0,-646]],[[24406,51251],[0,-160],[-35,3]],[[24371,51094],[-137,3]],[[24234,51097],[1,804]],[[31368,483],[2,2]],[[31370,485],[7,-3]],[[31377,482],[-2,-95],[27,-35]],[[31402,352],[1,-74]],[[31403,278],[-6,-111]],[[31397,167],[-26,-15]],[[31371,152],[3,52],[-8,210],[2,69]],[[21786,31528],[112,-1]],[[21898,31527],[35,-1]],[[21933,31526],[0,-812]],[[21933,30714],[-28,1]],[[21905,30715],[-120,-2]],[[21785,30713],[1,815]],[[22049,33973],[0,-326]],[[22049,33647],[0,-490]],[[22049,33157],[-150,0]],[[21899,33157],[0,818]],[[21760,29000],[145,1]],[[21905,29001],[-1,-813]],[[21904,28188],[-38,1]],[[21866,28189],[-106,13]],[[21760,28202],[0,798]],[[16866,29150],[65,-131],[16,-134],[-43,-18],[-6,176],[-20,25],[-12,82]],[[16865,28315],[9,6],[21,-188],[36,-176],[-16,-73],[-19,96],[-31,335]],[[16789,31603],[7,55],[177,4],[154,4]],[[17127,31666],[0,-495],[5,-502],[-8,-232],[-15,-269],[-20,-86],[5,-55]],[[17094,30027],[-51,0],[-3,-74],[-19,-90],[-19,-216]],[[17002,29647],[-50,-71],[-33,69],[-4,61],[10,124],[-14,186],[-22,163],[-14,27],[-49,-18],[-16,-58],[-14,62],[-25,21]],[[16771,30213],[1,55],[42,174],[34,0],[0,129],[8,103],[-67,929]],[[12096,78256],[96,-715],[97,0]],[[12289,77541],[20,-122],[72,-60],[6,-106],[31,-115],[23,1],[29,-173],[-7,-112],[26,-32]],[[12489,76822],[-240,17]],[[12249,76839],[-10,198],[-21,216],[-31,187],[-26,-19],[34,-137],[20,-211],[-22,-13],[-5,-220],[70,-664],[-13,-76],[28,-286],[11,-213],[-15,-31],[4,-173],[-72,132],[-28,242]],[[12173,75771],[-14,170],[44,4],[-25,261],[-32,108],[-56,73],[9,171],[51,125],[-10,132],[-36,123],[-3,158],[-57,131],[-56,64],[-71,41],[-35,47]],[[11882,77379],[6,46],[-2,340],[48,-3],[18,178],[-32,75],[45,75],[67,42],[64,124]],[[21751,36465],[116,0]],[[21867,36465],[5,0],[1,-725]],[[21873,35740],[-87,-4]],[[21786,35736],[-34,0]],[[21752,35736],[-1,729]],[[25929,50290],[72,-7]],[[26001,50283],[-1,-489]],[[26000,49794],[-115,9]],[[25885,49803],[3,91],[-9,152],[6,109],[40,66],[4,69]],[[27614,34884],[87,-1]],[[27701,34883],[56,-2]],[[27757,34881],[-5,-545]],[[27752,34336],[0,-15]],[[27752,34321],[-140,29]],[[27612,34350],[2,534]],[[26283,44019],[129,3]],[[26412,44022],[31,0],[0,-490]],[[26443,43532],[-31,0]],[[26412,43532],[0,81],[-32,1],[0,82],[-97,-1]],[[26283,43695],[0,34]],[[26283,43729],[0,290]],[[21213,34805],[234,0]],[[21447,34805],[-1,-833]],[[21446,33972],[-244,0]],[[21202,33972],[0,833],[11,0]],[[26889,25774],[30,0],[0,72]],[[26919,25846],[32,-134],[16,-35],[34,-168]],[[27001,25509],[-29,-138],[-24,-75]],[[26948,25296],[-18,1],[-4,96],[-28,1]],[[26898,25394],[0,166],[-9,15],[0,199]],[[25616,40617],[51,-5]],[[25667,40612],[0,-245],[21,-1]],[[25688,40366],[-2,-245],[-30,1],[0,-327]],[[25656,39795],[-52,7]],[[25604,39802],[0,163]],[[23902,44837],[33,-1]],[[23935,44836],[130,-1]],[[24065,44835],[-1,-488],[3,-173]],[[24067,44174],[-32,-1]],[[24035,44173],[-127,-1]],[[23908,44172],[-6,174],[0,491]],[[26082,35944],[48,156]],[[26130,36100],[22,126],[23,23],[7,71]],[[26182,36320],[30,-101],[4,-131]],[[26216,36088],[-45,-354],[-7,-135]],[[26164,35599],[-62,25]],[[26102,35624],[-14,130],[-6,190]],[[25939,48489],[133,0]],[[26072,48489],[0,-650]],[[26072,47839],[0,-325]],[[26072,47514],[-64,-3]],[[26008,47511],[-69,14],[0,313]],[[25939,47838],[0,651]],[[24228,43035],[128,2]],[[24356,43037],[0,-164]],[[24356,42873],[1,-402]],[[24357,42471],[-4,28],[-59,-14]],[[24294,42485],[-66,-10]],[[24228,42475],[0,560]],[[23702,38447],[1,225]],[[23703,38672],[154,-21]],[[23856,38569],[-2,-571]],[[23854,37998],[-14,-12],[-133,25]],[[23707,38011],[-7,1],[2,435]],[[21624,37117],[121,0]],[[21745,37117],[0,-652]],[[21745,36465],[-121,1]],[[21624,36466],[0,651]],[[26281,41361],[2,571]],[[26283,41932],[0,79]],[[26283,42011],[103,3]],[[26386,41720],[2,-519]],[[26388,41201],[-16,-2]],[[26372,41199],[-91,-3]],[[26281,41196],[0,165]],[[22516,48555],[99,0]],[[22615,48555],[1,-658]],[[22616,47897],[-42,-2]],[[22574,47895],[-57,1]],[[22517,47896],[-1,659]],[[22160,22473],[90,-7],[28,-17],[73,-213]],[[22351,22236],[38,-114]],[[22389,22122],[-7,-55]],[[22382,22067],[-34,-239],[-14,-18],[-1,127],[-120,12]],[[22213,21949],[-53,-1]],[[22160,21948],[0,525]],[[21473,45110],[16,-1],[1,164]],[[21490,45273],[162,-8]],[[21652,45265],[0,-653]],[[21652,44612],[-156,-1]],[[21496,44611],[-23,-1],[0,500]],[[28033,37660],[7,12],[1,60],[12,-70],[-7,-26],[-13,24]],[[21486,58185],[146,1]],[[21632,58186],[0,-523],[13,0],[0,-325],[109,-1]],[[21754,57337],[0,-163]],[[21754,57174],[-218,2],[0,487],[-50,1],[0,162]],[[20679,26388],[19,0]],[[20698,26388],[230,-1]],[[20928,26387],[-22,-1674]],[[20906,24713],[-227,-826]],[[20679,23887],[2,629],[-2,1521],[0,351]],[[25390,23927],[-5,128],[11,108],[1,135],[9,76],[-4,157],[7,75],[-10,77],[1,137]],[[25400,24820],[7,57]],[[25407,24877],[10,-11],[41,206]],[[25458,25072],[13,11],[28,-110]],[[25499,24973],[1,-462],[4,0]],[[25504,24511],[3,-62],[-13,-184],[23,-149],[6,-80],[35,-128],[3,-83],[-14,-194],[3,-87],[18,-93],[-17,-45],[-6,-113],[-18,-123]],[[25527,23170],[-39,-58],[-27,78],[-25,161],[-17,60],[-8,146],[9,119],[-10,199],[-20,52]],[[17620,35444],[43,21],[273,1],[0,-18],[198,-2]],[[18134,35446],[1,-1214],[-6,-25],[-24,-293],[-23,-18],[-37,241],[-38,-22],[-18,38],[-46,-89],[2,-300],[17,-129],[-12,-129],[6,-289],[10,-76],[-6,-226],[22,-308],[7,-349],[-17,-256]],[[17972,32002],[-86,464],[-197,1047]],[[17689,33513],[-55,289]],[[17634,33802],[0,386],[-14,3],[0,1253]],[[25504,24511],[121,3]],[[25625,24514],[-34,-137],[-7,-357],[12,-43],[3,-187],[38,-214],[-8,-159],[-23,-79],[15,-64],[58,84],[15,-19]],[[25694,23339],[-66,-81],[-39,-7],[-62,-81]],[[25731,24510],[27,-4]],[[25758,24506],[83,-1]],[[25841,24505],[-2,-1151]],[[25839,23354],[-66,33],[-46,-18]],[[25727,23369],[4,1141]],[[28750,39328],[5,135],[27,221],[24,65]],[[28806,39749],[7,-586]],[[28813,39163],[4,-364]],[[28817,38799],[-15,95],[-37,28],[-14,-51]],[[28751,38871],[-19,102],[33,162],[-16,122],[1,71]],[[28326,41247],[19,94],[61,66],[13,75]],[[28419,41482],[33,-104],[14,-144],[4,-150],[-13,-48],[0,-208]],[[28457,40828],[-60,0]],[[28397,40828],[-68,0]],[[28329,40828],[-3,419]],[[22849,48550],[67,0]],[[22916,48550],[121,2]],[[23037,48552],[0,-653]],[[23037,47899],[-40,0]],[[22997,47899],[-91,0]],[[22906,47899],[-57,-1]],[[22849,47898],[0,652]],[[26326,26822],[34,-153],[27,-32]],[[26387,26637],[-4,-311]],[[26383,26326],[-2,-91],[-41,2]],[[26340,26237],[-16,1]],[[26324,26238],[3,203],[-1,381]],[[25819,43054],[1,489]],[[25820,43543],[108,2]],[[25928,43545],[1,-164],[15,-81],[21,2]],[[25965,43302],[0,-81]],[[25965,43221],[-62,-6],[0,-162]],[[25903,43053],[-84,1]],[[22165,38264],[154,-2]],[[22319,38262],[0,-163],[33,0]],[[22352,38099],[0,-488],[-31,0]],[[22321,37611],[-91,1],[0,162],[-61,0]],[[22169,37774],[-4,327]],[[22165,38101],[0,163]],[[26120,51093],[46,-4],[0,-164],[102,-2]],[[26268,50923],[3,-484]],[[26271,50439],[-124,3],[-11,-88]],[[26136,50354],[-14,88],[-17,0]],[[26105,50442],[13,134],[8,347],[-6,170]],[[23879,52863],[105,8]],[[23984,52871],[0,-331],[-24,0],[0,-469]],[[23960,52071],[-104,7]],[[23856,52078],[-1,463],[24,0],[0,322]],[[22782,42658],[127,-1]],[[22909,42657],[0,-326]],[[22909,42331],[-1,-325]],[[22908,42006],[-126,1]],[[22782,42007],[0,651]],[[22404,42642],[1,17]],[[22405,42659],[122,-1]],[[22527,42658],[2,0]],[[22529,42658],[0,-651]],[[22529,42007],[-124,0]],[[22405,42007],[-1,635]],[[26668,43534],[1,163]],[[26669,43697],[161,3]],[[26830,43700],[3,-484]],[[26833,43216],[-79,-6]],[[26754,43210],[-86,-3]],[[26668,43207],[0,327]],[[21461,47693],[246,-2]],[[21707,47691],[0,-732]],[[21707,46959],[-111,-3],[-127,6]],[[21469,46962],[0,243],[-8,0],[0,488]],[[22611,50991],[136,-3]],[[22747,50988],[1,-650]],[[22748,50338],[0,-487]],[[22748,49851],[-101,1]],[[22647,49852],[-1,163],[-34,0]],[[22612,50015],[-1,976]],[[22529,42658],[126,0]],[[22655,42658],[0,-651]],[[22655,42007],[-125,0]],[[22530,42007],[-1,0]],[[21579,27369],[143,-2]],[[21722,27367],[-3,-817]],[[21719,26550],[-22,0]],[[21697,26550],[-120,0]],[[21577,26550],[2,819]],[[22845,21950],[75,8]],[[22920,21958],[11,-104],[12,1],[64,-453],[-27,-134]],[[22902,20893],[-11,76]],[[22891,20969],[-73,525]],[[22818,21494],[11,230],[-1,137],[17,89]],[[24880,46697],[131,-2],[0,-22]],[[25011,46673],[1,-644]],[[25012,46029],[-10,0]],[[25002,46029],[-122,9]],[[24880,46038],[0,577]],[[24880,46615],[0,82]],[[22018,20936],[194,10]],[[22212,20946],[2,-844]],[[22214,20102],[-197,15]],[[22017,20117],[1,819]],[[21745,37117],[122,0]],[[21867,37117],[0,-489]],[[21867,36628],[0,-163]],[[21751,36465],[-6,0]],[[21980,38916],[26,-1]],[[22006,38915],[155,-2]],[[22161,38913],[4,0]],[[22165,38913],[0,-649]],[[22165,38101],[-179,0]],[[21986,38101],[-5,0]],[[21981,38101],[-1,815]],[[21637,39733],[24,1]],[[21661,39734],[162,-4]],[[21823,39730],[-2,-811]],[[21821,38919],[-86,2]],[[21735,38921],[-100,-1]],[[21635,38920],[2,813]],[[21851,44606],[124,0]],[[21975,44606],[4,0]],[[21979,44606],[0,-648]],[[21979,43958],[-129,0]],[[21850,43958],[1,648]],[[25896,25339],[-1,158],[15,25],[-1,150]],[[25909,25672],[99,0]],[[26008,25672],[0,-789]],[[26008,24883],[-112,-7]],[[25896,24876],[0,463]],[[16389,33695],[99,513],[0,411],[57,2],[25,32],[26,130]],[[16596,34783],[12,1],[0,-164],[15,-1],[0,-247],[-15,2],[-2,-247],[-1,-651]],[[16605,33476],[-182,-1]],[[16423,33475],[-6,0]],[[16417,33475],[-28,220]],[[23982,54009],[212,-4],[3,-188]],[[24197,53817],[-1,-461]],[[24196,53356],[-212,3]],[[23984,53359],[-2,650]],[[22326,52463],[1,641]],[[22327,53104],[270,0]],[[22597,53104],[7,0]],[[22604,53104],[0,-648]],[[22604,52456],[-200,4]],[[22404,52460],[-78,3]],[[3904,80487],[35,79],[56,36],[51,-7],[24,-71],[82,88],[22,65],[-16,111],[55,207],[27,33],[-25,211],[5,91],[57,-9],[37,-58],[37,53],[10,128],[35,78],[52,-48],[31,58],[60,35],[36,72],[59,36],[8,-98],[41,27],[88,-77],[32,6],[56,93],[69,72],[90,58],[48,161],[50,99],[49,40],[54,98],[-36,250]],[[5183,82404],[354,0],[0,162],[204,0],[0,162],[409,0],[0,-162],[333,0],[225,0],[362,0],[0,162],[102,0],[0,162],[91,0],[0,162],[19,0]],[[7282,83052],[0,-1620]],[[7282,81432],[-135,0],[0,-487],[12,0],[0,-486]],[[7159,80459],[-227,0],[-192,0],[-294,0]],[[6446,80459],[-325,0],[0,162],[-99,0],[0,-162],[-49,0],[0,-162],[-50,0],[0,162],[-296,0],[0,-162],[-21,0],[0,-162],[-49,0],[0,-162],[-48,0],[0,-325],[-19,0],[0,-162],[-49,0],[0,-324],[-48,0],[0,-162],[-18,0],[0,-324],[-48,0],[0,-325],[-64,0],[0,-324],[-48,0],[0,-324],[-15,-162],[-47,0],[0,-163],[-47,0],[0,-324],[-15,-162],[-46,0],[-1,-301]],[[5044,76591],[-11,-23]],[[5033,76568],[-81,0],[6,-162]],[[4958,76406],[-8,-137],[-71,-119],[-16,-71],[-52,136],[-55,-31],[-29,52],[49,75],[16,-62],[47,223],[4,97],[-8,267],[-55,340],[-21,224],[29,205],[21,37],[24,127],[25,42],[-48,297],[-11,173],[-50,260],[-8,158],[-70,377],[-33,-45],[4,-178],[-8,-91],[-39,-49],[-17,33],[-29,-106],[-77,-136],[-73,-77],[-59,-35],[-103,5],[-52,61],[-26,210],[24,30],[-19,112],[-54,98],[-37,229],[-32,81],[-18,100],[-42,14],[-32,67],[-46,176],[47,140],[-27,68],[-37,-88],[-48,17],[-5,133],[31,3],[57,204],[26,43],[-17,90],[0,270],[-26,32]],[[3258,79155],[35,42],[57,0],[76,-40],[1,109],[34,110],[38,42],[25,74],[33,-64],[47,66],[34,-127],[26,-15],[29,54],[56,-95],[-11,-105],[16,-258],[-13,-61],[36,-295],[-72,-33],[-52,-54],[-46,-209],[-23,115],[-37,74],[-58,-5],[-104,245],[-32,16],[-39,131],[-25,16],[-3,112],[-28,155]],[[1692,79704],[7,111],[25,83],[18,-184],[33,-113],[49,-101],[46,-2],[28,-121],[-51,12],[-27,-28],[-33,74],[-58,220],[-37,49]],[[26387,26637],[0,61]],[[26387,26698],[69,-15],[0,133]],[[26456,26816],[14,-3],[29,-106]],[[26499,26707],[-1,-34],[20,-229]],[[26518,26444],[11,-226]],[[26529,26218],[-116,12],[0,-80]],[[26413,26150],[-30,176]],[[27129,28088],[-28,-427],[7,-60]],[[27108,27601],[-44,-79]],[[27064,27522],[-23,105],[-17,280]],[[27024,27907],[6,133],[11,62],[35,13],[28,56],[25,-83]],[[23860,46136],[132,-2]],[[23992,46134],[7,-161],[0,-489]],[[23999,45484],[-64,-1]],[[23935,45483],[-65,1]],[[23870,45484],[0,489],[-10,163]],[[23235,46143],[99,1]],[[23334,46144],[0,-163],[18,0],[0,-494]],[[23352,45487],[-97,1]],[[23255,45488],[1,493],[-21,0],[0,162]],[[21612,38919],[23,1]],[[21735,38921],[0,-816]],[[21735,38105],[-116,-2]],[[21619,38103],[-7,0]],[[21612,38103],[0,816]],[[23109,54729],[36,1]],[[23145,54730],[144,-1]],[[23289,54729],[106,2]],[[23395,54731],[2,-651]],[[23397,54080],[0,-162]],[[23397,53918],[-129,-4],[-153,4]],[[23115,53918],[0,485],[-6,326]],[[24779,31483],[9,65],[37,-94],[20,28],[15,91],[52,0]],[[24912,31573],[1,-163],[14,0],[1,-245]],[[24928,31165],[-15,0]],[[24913,31165],[-133,0]],[[24780,31165],[-11,95],[2,174],[8,49]],[[22528,42976],[38,217],[40,176],[32,68],[16,110]],[[22654,43547],[1,-238]],[[22527,42658],[1,318]],[[26539,43997],[38,97],[18,148],[32,135],[43,3]],[[26670,44380],[0,-222]],[[26670,44158],[-1,-461]],[[26668,43534],[-128,2]],[[26540,43536],[-1,461]],[[22748,50338],[169,1]],[[22917,50339],[0,-488]],[[22917,49851],[-68,-1]],[[22849,49850],[-101,1]],[[22008,27365],[144,-4],[0,-12]],[[22152,27349],[0,-810]],[[22152,26539],[-23,1]],[[22129,26540],[-122,1]],[[22007,26541],[1,824]],[[22861,27414],[13,-1]],[[22874,27413],[142,-6]],[[23016,27407],[9,-172],[18,-80],[-6,-97]],[[23037,27058],[20,-56]],[[23057,27002],[-143,-477]],[[22914,26525],[-13,-41],[-40,402]],[[22861,26886],[0,528]],[[28124,39838],[16,-11],[-12,-101],[-4,112]],[[24371,51094],[4,-163],[0,-496]],[[24375,50435],[0,-322]],[[24375,50113],[-135,1]],[[24240,50114],[0,325]],[[24240,50439],[0,493],[-6,165]],[[31424,649],[11,15]],[[31435,664],[13,-7]],[[31448,657],[7,-113]],[[31455,544],[-1,-9]],[[31454,535],[-20,-52]],[[31434,483],[-16,40]],[[31418,523],[6,126]],[[21813,45258],[161,-4]],[[21974,45254],[1,-648]],[[21851,44606],[-37,1]],[[21814,44607],[-1,651]],[[18830,31010],[25,-106],[27,47],[29,7],[40,-114],[6,25],[70,-244],[16,81],[11,-86]],[[19054,30620],[0,-492],[209,0],[0,-792]],[[19263,29336],[0,-165],[-16,-42],[-24,-1],[-20,-52],[-29,-9],[-27,-65],[-10,-65],[-2,-128],[14,-170],[-11,-18]],[[19138,28621],[-16,-15],[-24,-98],[-11,16],[-24,-190],[-18,-105],[-45,491],[-9,177],[-18,232]],[[18973,29129],[-31,395],[-31,-102],[-21,180],[-14,58],[5,138],[-22,180],[-13,150]],[[18846,30128],[9,135],[-4,147],[-65,0],[14,440],[23,64],[7,96]],[[26333,39620],[33,39]],[[26366,39659],[18,-370],[-6,-85],[12,-85]],[[26390,39119],[-31,-27]],[[26359,39092],[-24,19]],[[26335,39111],[5,144],[-7,365]],[[30825,49133],[5,121],[28,-130],[-12,-67],[-21,76]],[[30738,50113],[20,-43],[14,114],[69,77],[-16,407],[35,32],[-6,160],[35,32],[-9,227],[69,58]],[[30949,51177],[21,-555],[-34,-31],[24,-655],[17,-325]],[[30977,49611],[-14,-13],[-12,-145],[-37,102],[2,-107],[-14,-71],[7,-100],[-33,-22],[-23,51],[-15,172],[7,177],[-29,-77],[-9,-150],[13,-98],[-3,-81],[-19,-88],[-6,-116]],[[30792,49045],[-11,13]],[[30781,49058],[-16,86],[-5,103],[16,82],[-42,89],[2,181],[12,151],[-7,62]],[[30741,49812],[-12,172],[9,129]],[[28083,40833],[68,-1]],[[28151,40832],[176,-4]],[[28327,40828],[-17,-164],[-13,-36],[-13,-212],[-15,-329]],[[28269,40087],[-12,-5]],[[28257,40082],[-5,124],[-25,199]],[[28227,40405],[-17,108],[14,102],[-39,-12],[-13,37]],[[28172,40640],[-15,92],[-26,50],[-27,-144],[-18,34]],[[28086,40672],[-3,161]],[[30040,44674],[26,-123]],[[30066,44551],[-3,-72],[-33,140]],[[30030,44619],[10,55]],[[26997,34983],[17,59],[10,-60]],[[27024,34982],[-27,1]],[[26335,31728],[53,-1],[32,-100],[17,-156],[0,-100],[15,-87]],[[26452,31284],[-16,-93],[-25,-11]],[[26411,31180],[-8,-26],[-78,1]],[[26325,31155],[0,64]],[[26325,31219],[-1,272],[4,91],[17,88],[-10,58]],[[18712,48698],[39,0],[0,-54],[78,-28],[17,87],[27,-13]],[[18873,48690],[0,-563]],[[18873,48127],[-63,9]],[[18810,48136],[-26,53],[-59,209],[-15,-25],[2,325]],[[25196,37844],[1,246]],[[25197,38090],[92,-2]],[[25289,38088],[-1,-649]],[[25288,37439],[0,-1]],[[25288,37438],[-92,-2]],[[25196,37436],[0,408]],[[23018,37772],[46,-1],[0,162]],[[23064,37933],[111,-3]],[[23175,37930],[0,-245]],[[23175,37685],[-1,-572]],[[23174,37113],[0,-244]],[[23174,36869],[-157,6]],[[23017,36875],[1,897]],[[26072,47839],[133,-4]],[[26205,47835],[66,0]],[[26271,47835],[3,-649]],[[26274,47186],[-133,0]],[[26141,47186],[0,328],[-69,0]],[[24928,31165],[53,-1],[12,-63],[22,13],[30,-59]],[[25045,31055],[0,-218]],[[25045,30837],[0,-408]],[[25045,30429],[-73,2]],[[24972,30431],[0,54],[-59,3]],[[24913,30488],[0,677]],[[22909,42657],[1,651]],[[22910,43308],[124,-2],[0,-54]],[[23034,43252],[0,-434]],[[23034,42818],[0,-488]],[[23034,42330],[-125,1]],[[28465,46522],[21,-188],[0,-228]],[[28486,46106],[2,-147],[-28,41],[-33,-2]],[[28427,45998],[-11,30],[1,144],[-62,-1]],[[28355,46171],[0,163],[15,183],[95,5]],[[26604,40822],[111,-40]],[[26715,40782],[-4,-335]],[[26711,40447],[-29,-260]],[[26682,40187],[-61,2]],[[26621,40189],[4,311],[-26,10]],[[26599,40510],[5,312]],[[16568,50695],[142,3]],[[16710,50698],[179,-1]],[[16889,50697],[77,-70]],[[16966,50627],[3,-179],[-24,-53],[8,-159],[-22,-4],[-38,-147],[45,-71],[10,-84],[-16,-93],[1,-118],[-17,-42],[-2,-151],[-19,-172],[5,-43],[69,2]],[[16969,49313],[1,-404]],[[16970,48909],[-100,0],[-64,14],[0,-163],[-234,-3]],[[16572,48757],[1,651]],[[16573,49408],[1,966],[-6,321]],[[22716,25615],[92,296]],[[22808,25911],[67,219],[29,-288]],[[22904,25842],[36,-349]],[[22940,25493],[-133,-454]],[[22807,25039],[-18,-66],[-21,142]],[[22768,25115],[-52,500]],[[22591,28263],[37,-3]],[[22628,28260],[105,-14]],[[22733,28246],[-2,-820]],[[22731,27426],[-18,0]],[[22713,27426],[-125,6]],[[22588,27432],[3,831]],[[24208,36624],[0,247]],[[24208,36871],[62,-4]],[[24270,36867],[61,-7]],[[24331,36860],[15,0],[0,-327],[30,-3]],[[24376,36530],[-2,-699]],[[24374,35831],[-121,14]],[[24253,35845],[-45,6]],[[24208,35851],[0,773]],[[31373,1099],[27,8]],[[31400,1107],[-2,-215]],[[31393,893],[-20,-38]],[[31373,855],[-2,101]],[[31371,956],[2,143]],[[21827,21227],[14,24],[0,137],[10,19],[3,153],[0,382]],[[21854,21942],[164,-1]],[[22018,21941],[0,-1005]],[[22018,20936],[-155,-4]],[[21863,20932],[-30,167],[-6,128]],[[22271,43959],[126,0]],[[22397,43959],[2,0]],[[22399,43959],[-1,-650]],[[22398,43309],[-128,1]],[[22270,43310],[1,649]],[[26281,31975],[10,1]],[[26291,31976],[43,1]],[[26334,31977],[1,-249]],[[26325,31219],[-26,50],[-33,-3],[-14,48]],[[26252,31314],[-5,136],[19,3],[-2,140],[8,252],[9,130]],[[17370,52306],[18,71],[-8,90],[16,101]],[[17396,52568],[21,78],[27,-69],[4,245],[26,130],[33,-65],[31,-21],[12,103],[30,4],[-2,76],[-22,90],[-12,131]],[[17544,53270],[36,-46],[17,-98],[56,-51],[12,179],[28,140],[1,66],[289,302]],[[17983,53762],[31,-5],[16,54],[26,0]],[[18056,53811],[3,-93],[-36,-692],[1,-126],[-21,-86],[17,-58],[-7,-180],[21,-43],[-6,-78],[12,-100],[-32,-64],[-17,-139],[19,-132],[-18,-119],[1,-139]],[[17993,51762],[-30,-176],[-36,69],[0,-134],[21,-75],[32,-188],[-25,-185]],[[17955,51073],[-242,-1],[-115,-2],[-41,-69],[-6,-95]],[[17551,50906],[-40,39],[-15,261],[-96,-1]],[[17400,51205],[3,101],[35,353],[24,197],[-36,305],[-20,6],[-9,73],[-27,66]],[[24912,31989],[22,1]],[[24934,31990],[82,-3]],[[25016,31987],[0,-280],[14,0],[1,-489],[14,1]],[[25045,31219],[0,-164]],[[24912,31573],[0,416]],[[21632,58186],[188,0],[178,0]],[[21998,58186],[0,-525],[10,0],[0,-325]],[[22008,57336],[-36,0]],[[21972,57336],[-36,-1],[0,163],[-182,1],[0,-162]],[[20259,40158],[34,-2],[27,35]],[[20320,40191],[20,0]],[[20340,40191],[-14,-130],[0,-231],[4,-187],[-6,-57]],[[20324,39586],[-108,3]],[[20216,39589],[5,183],[15,21],[7,198],[16,167]],[[25072,37352],[124,3]],[[25196,37355],[-1,-494]],[[25195,36861],[-93,-5]],[[25102,36856],[-31,6]],[[25071,36862],[1,490]],[[23999,45484],[65,2]],[[24064,45486],[1,-651]],[[23935,44836],[0,647]],[[24255,46789],[0,329]],[[24255,47118],[133,-2]],[[24388,47116],[-1,-819]],[[24387,46297],[-132,-3]],[[24255,46294],[0,495]],[[26015,45880],[62,1]],[[26077,45881],[68,-3]],[[26146,45227],[-130,-5]],[[26016,45222],[-1,658]],[[24686,36944],[108,-4]],[[24794,36940],[0,-83]],[[24794,36857],[3,-105],[-2,-429],[-20,6]],[[24775,36329],[-93,5]],[[24682,36334],[1,525],[3,85]],[[21695,43961],[155,-3]],[[21979,43958],[4,0],[0,-649],[4,0]],[[21987,43309],[0,-648]],[[21987,42661],[-155,0]],[[21832,42661],[-131,-4]],[[21701,42657],[0,573]],[[21701,43230],[-6,81],[0,650]],[[21480,36945],[0,176]],[[21480,37121],[144,-4]],[[21624,36466],[-9,0]],[[21615,36466],[-135,2]],[[21480,36468],[0,477]],[[26493,41127],[4,300]],[[26497,41427],[145,-55]],[[26642,41372],[-21,-453],[-16,8]],[[26605,40927],[-51,46],[1,47],[-63,52]],[[26492,41072],[1,55]],[[27210,31667],[161,-4]],[[27371,31663],[11,-234],[-10,-113],[5,-172]],[[27377,31144],[-152,54]],[[22018,21941],[27,0]],[[22045,21941],[115,7]],[[22213,21949],[-1,-1003]],[[24910,27573],[0,469]],[[24910,28042],[0,84],[115,3]],[[25025,28129],[0,-664]],[[25025,27465],[-1,0]],[[25024,27465],[-114,1],[0,107]],[[31536,627],[9,76]],[[31545,703],[18,-28]],[[31563,675],[-21,-210]],[[31542,465],[-6,162]],[[21233,53754],[232,2]],[[21465,53756],[13,-1],[1,-649],[13,0],[0,-147]],[[21492,52959],[-139,1],[0,145],[-119,-3]],[[21234,53102],[-1,652]],[[28329,39055],[-4,16]],[[28325,39071],[4,12],[2,-26],[4,19],[2,-8],[3,-5],[0,-27],[-2,-16],[-9,35]],[[26854,28731],[54,138],[36,-98]],[[26944,28771],[-43,-193],[-1,-89],[-20,5]],[[26880,28494],[-22,89],[-2,120]],[[26856,28703],[-2,28]],[[18870,56727],[38,0],[-1,649],[2,806]],[[18909,58182],[147,2]],[[19056,58184],[-4,-1457]],[[19052,56727],[-20,0],[0,-161],[-162,-2]],[[18870,56564],[0,163]],[[24777,38970],[8,-125]],[[24785,38845],[-3,-114],[-19,-126]],[[24763,38605],[-17,113],[19,237],[12,15]],[[20641,41191],[11,125],[15,36]],[[20667,41352],[226,1]],[[20893,41353],[124,1]],[[21017,41354],[-1,-489]],[[21016,40865],[-187,-3],[-141,3]],[[20688,40865],[8,54],[34,1],[-8,101],[38,-2],[8,144],[-37,-6],[0,-95],[-17,-6],[0,-82],[-73,-13]],[[20641,40961],[0,230]],[[27432,18079],[100,-3]],[[27532,18076],[19,-332],[15,-218]],[[27566,17526],[-24,1],[0,-108],[-109,0]],[[27433,17419],[-1,660]],[[15809,55901],[113,-5],[243,9]],[[16165,55905],[15,-124],[-16,-53],[2,-165]],[[16166,55563],[-32,-59],[-23,-161],[-32,-110],[-10,-124],[9,-115],[25,-22],[12,-248],[-23,-115]],[[16092,54609],[-31,55],[-25,4],[-14,65],[-46,37],[-12,-56],[-31,21],[-40,76],[-14,117],[-53,0],[-23,118]],[[15803,55046],[26,52],[0,80],[-24,332],[19,42],[-24,126],[15,132],[-6,91]],[[15773,55117],[3,169],[32,-127],[-15,-71],[-20,29]],[[12096,78256],[68,130],[63,-187],[27,-135],[35,-116],[1,-167],[-21,-88],[31,-76],[-11,-76]],[[26337,29197],[42,91]],[[26379,29288],[22,-165],[-2,-206]],[[26399,28917],[-13,-180],[-18,2]],[[26368,28739],[-5,114],[-19,74],[-9,94],[2,176]],[[26068,41250],[0,246]],[[26068,41496],[101,-1]],[[26169,41495],[3,-135]],[[26172,41360],[0,-245],[-5,-159]],[[26144,40954],[-82,-2]],[[26062,40952],[6,298]],[[22169,37448],[0,326]],[[22321,37611],[3,-327]],[[22324,37284],[0,-173]],[[22324,37111],[-152,3]],[[22172,37114],[-3,334]],[[25410,41127],[112,6]],[[25522,41133],[1,-516]],[[25523,40373],[-44,20],[-75,-12]],[[25404,40381],[-2,383]],[[25402,40764],[-1,199],[9,164]],[[25025,27465],[113,1]],[[25138,27466],[0,-660]],[[25138,26806],[-114,-1]],[[25024,26805],[0,660]],[[21986,37612],[0,-163]],[[21986,37449],[3,-163],[0,-657]],[[21989,36629],[-122,-1]],[[21867,37117],[-3,173],[0,325],[122,-3]],[[22604,53104],[203,-1]],[[22821,52454],[-209,1]],[[22612,52455],[-8,1]],[[26858,40357],[2,161]],[[26860,40518],[31,18],[1,83],[34,-10],[2,110],[32,-13]],[[26960,40706],[-2,-109],[33,-11],[29,-64]],[[27020,40522],[-2,-169],[-32,13],[-3,-166]],[[26983,40200],[-62,21],[-1,-49],[-64,-2]],[[26856,40170],[2,187]],[[22052,29001],[144,3]],[[22196,29004],[0,-827]],[[22196,28177],[-39,0]],[[22157,28177],[-105,6]],[[22052,28183],[0,818]],[[21820,26549],[44,-3]],[[21864,26546],[120,-5]],[[21984,26541],[-1,-729]],[[21983,25812],[-164,6]],[[21819,25818],[1,731]],[[21759,29817],[146,3]],[[21905,29820],[0,-819]],[[21760,29000],[-1,817]],[[23005,22573],[9,-101],[33,-146],[17,-19],[24,-192],[3,-88],[24,-67]],[[23115,21960],[-37,-223],[-12,-203],[-81,-296]],[[22920,21958],[42,286],[43,329]],[[31476,292],[10,-21],[9,127],[12,1]],[[31507,399],[-8,-139]],[[31499,260],[4,-125]],[[31503,135],[-42,-95]],[[31461,40],[4,180],[11,72]],[[22348,49202],[63,0]],[[22411,49202],[103,0]],[[22514,49202],[0,-485]],[[22514,48717],[-133,-4]],[[22381,48713],[-33,0]],[[22348,48713],[0,489]],[[27260,39828],[-9,-65],[18,-82],[4,-135],[25,-8]],[[27298,39538],[-33,-216]],[[27265,39322],[-18,-36],[-29,86],[-15,-45]],[[27203,39327],[-10,50],[1,115],[-13,38]],[[27181,39530],[43,205],[36,93]],[[20686,30777],[0,481],[125,1],[0,163],[29,1],[0,162],[59,1]],[[20899,31586],[0,-326],[50,0]],[[20949,31260],[1,-978]],[[20950,30282],[-59,1],[0,-164],[-175,9],[-1,164],[-29,1]],[[20686,30293],[0,484]],[[23303,38992],[123,0]],[[23426,38992],[-2,-82],[0,-570]],[[23424,38340],[-124,0]],[[23300,38340],[1,82]],[[23301,38422],[2,570]],[[21699,54941],[55,53],[23,-81],[3,-173]],[[21780,54740],[24,-253],[-16,-73]],[[21788,54414],[-231,-3]],[[21557,54411],[0,486],[142,0],[0,44]],[[23590,43034],[127,-5]],[[23717,43029],[-1,-604]],[[23716,42425],[-60,-4]],[[23656,42421],[-67,-2]],[[23589,42419],[1,615]],[[24792,40454],[64,4]],[[24856,40458],[62,2]],[[24918,40460],[1,-981]],[[24919,39479],[-124,1]],[[24795,39480],[-1,491]],[[24794,39971],[-2,483]],[[24936,43500],[48,0]],[[24984,43500],[38,-1],[-8,-83],[55,1]],[[25069,43417],[32,1],[0,-335]],[[25101,43083],[-119,-8]],[[24982,43075],[7,97],[-53,1]],[[24936,43173],[0,327]],[[24100,43524],[64,1]],[[24164,43525],[64,1]],[[24228,43526],[0,-491]],[[24228,43035],[-128,-2]],[[23597,46300],[132,-1]],[[23729,46299],[0,-162]],[[23729,46137],[11,-161],[0,-491]],[[23740,45485],[-65,0]],[[23675,45485],[-65,-1]],[[23610,45484],[0,494],[-13,0],[0,160]],[[23597,46138],[0,162]],[[23462,43519],[64,-1]],[[23526,43518],[64,-1]],[[23590,43517],[0,-483]],[[23590,43034],[-128,2]],[[23462,43036],[0,483]],[[25068,43802],[1,-385]],[[24984,43500],[0,160],[30,-2],[5,124],[21,43],[28,-23]],[[25320,39196],[88,5]],[[25408,39201],[10,-1]],[[25418,39200],[-1,-523]],[[25417,38677],[-12,0]],[[25405,38677],[-54,-2]],[[25351,38675],[-29,57]],[[25322,38732],[-10,240],[9,6],[-1,218]],[[24387,46297],[0,-326],[3,-324]],[[24390,45647],[-65,5]],[[24325,45652],[-65,-3]],[[24260,45649],[-5,320],[0,325]],[[24918,38388],[24,105],[38,-4],[14,55],[80,7]],[[25074,38551],[0,-54]],[[25074,38497],[-1,-488]],[[25073,38009],[-124,11]],[[24949,38020],[-31,1]],[[24918,38021],[0,367]],[[23993,47441],[0,-80]],[[23993,47361],[-1,-571]],[[23992,46790],[-132,2]],[[23860,46792],[1,649]],[[22626,39403],[155,-1]],[[22781,39402],[0,-652]],[[22781,38750],[-154,1]],[[22627,38751],[-1,489]],[[22626,39240],[0,163]],[[26208,38727],[39,122]],[[26247,38849],[41,109]],[[26288,38958],[3,-191],[26,-110],[15,-139],[13,-23]],[[26345,38495],[-44,-225]],[[26301,38270],[-37,8]],[[26264,38278],[-2,111],[-23,39],[1,68],[-20,63],[6,97],[-18,71]],[[18134,35446],[0,294]],[[18134,35740],[119,0],[202,0]],[[18455,35740],[101,1]],[[18556,35741],[2,-90],[-12,-112],[-13,-230],[-5,-178],[5,-147],[-10,-151],[7,-92],[0,-139],[-27,-138],[-49,-120],[-30,-28],[-35,-136],[-18,-28],[-8,-115],[-25,13],[-10,-105],[11,-148],[1,-182],[-6,-114],[0,-514]],[[18334,32987],[0,-1384],[0,-880]],[[18334,30723],[-10,-49],[-47,27],[-19,-144],[-27,-36],[-8,56],[-29,-32],[-4,53],[-50,16],[-30,81]],[[18110,30695],[-57,277],[-12,12],[1,135],[-25,343],[-23,100],[-9,129],[-12,57],[-1,254]],[[22229,48711],[119,2]],[[22381,48713],[3,-162],[1,-654]],[[22385,47897],[-140,1]],[[22245,47898],[-31,385],[-1,129],[29,168],[-13,131]],[[17301,55130],[115,11],[12,81],[71,-2]],[[17499,55220],[0,-733]],[[17499,54487],[-35,27],[-106,-8],[-36,155],[-21,23]],[[17301,54684],[0,247]],[[17301,54931],[0,199]],[[21597,34803],[150,0]],[[21747,34803],[0,-826]],[[21747,33977],[0,-5]],[[21747,33972],[-150,1]],[[21597,33973],[0,830]],[[31556,419],[14,154]],[[31570,573],[25,-53]],[[31595,520],[-16,-191]],[[31579,329],[-23,90]],[[23844,43524],[64,-1]],[[23908,43523],[64,0]],[[23972,43032],[-128,0]],[[23844,43032],[0,492]],[[26110,33060],[44,288],[4,83]],[[26158,33431],[41,8],[20,-43],[33,28]],[[26252,33424],[-37,-268],[-17,-89],[-10,-150],[4,-62]],[[26192,32855],[-11,-4],[-16,-190]],[[26165,32661],[-49,258],[-6,141]],[[24938,44909],[75,2],[0,-28],[117,7]],[[25130,44890],[1,-493]],[[25131,44397],[-64,1],[0,-81]],[[25067,44317],[-129,-1]],[[24938,44316],[0,593]],[[17846,47334],[137,0]],[[17983,47334],[0,-650]],[[17983,46684],[-7,0],[1,-377]],[[17977,46307],[-36,45],[-19,-16],[-13,170],[-22,39],[10,126],[-16,133],[-22,-6]],[[17859,46798],[-13,6],[0,530]],[[22083,53104],[234,0]],[[22317,53104],[10,0]],[[22326,52463],[-198,2]],[[22128,52465],[-46,1]],[[22082,52466],[1,638]],[[29989,50730],[1,107],[20,110],[6,128],[34,195],[15,-98],[27,-11],[14,115]],[[30106,51276],[14,-1216],[6,-693]],[[30126,49367],[-9,-89],[-58,13],[-15,-196],[-31,136]],[[30013,49231],[-8,69],[-36,10],[-4,94],[-30,51],[-19,139]],[[28121,45092],[127,-2]],[[28248,45090],[39,2]],[[28287,45092],[3,-856]],[[28290,44236],[1,-119]],[[28291,44117],[-109,-7]],[[28182,44110],[-17,2],[-43,265]],[[28122,44377],[-1,715]],[[22181,58186],[147,1]],[[22328,58187],[0,-527],[8,0],[0,-326]],[[22336,57334],[0,-325],[-64,1]],[[22272,57010],[-82,0]],[[22190,57010],[0,326]],[[22190,57336],[0,324],[-9,0],[0,526]],[[26204,48485],[134,4]],[[26338,48489],[0,-654]],[[26338,47835],[-67,0]],[[26205,47835],[-1,650]],[[20949,31260],[59,-1]],[[21008,31259],[-1,-564],[194,-1]],[[21201,30694],[-1,-894]],[[21200,29800],[-1,-475]],[[21199,29325],[-128,-1]],[[21071,29324],[0,163],[-58,-2],[0,305],[-34,0],[0,491],[-29,1]],[[22782,45263],[97,-1]],[[22879,45262],[0,-650]],[[22879,44612],[-64,0]],[[22815,44612],[-33,0]],[[22782,44612],[0,651]],[[26845,39797],[7,73]],[[26852,39870],[63,-51],[1,-69],[30,-11],[-3,-192]],[[26943,39547],[-6,-357],[-33,0]],[[26904,39190],[-21,9]],[[26883,39199],[-31,10],[2,170],[-15,5]],[[26839,39384],[6,413]],[[22476,54895],[141,0]],[[22617,54895],[71,0]],[[22688,54895],[0,-489],[7,0],[0,-652]],[[22695,53754],[-98,1]],[[22597,53755],[-113,1]],[[22484,53756],[0,652],[-8,0],[0,487]],[[22467,55704],[144,-1]],[[22611,55703],[-1,-647],[7,-161]],[[22476,54895],[-9,162]],[[22467,55057],[0,487]],[[22467,55544],[0,160]],[[28675,44235],[-18,-307]],[[28657,43928],[-8,-126]],[[28649,43802],[-27,-3],[-11,-61]],[[28611,43738],[-40,53],[-44,190],[-18,345]],[[28509,44326],[166,-91]],[[23298,37682],[122,-1]],[[23420,37681],[-2,-571]],[[23418,37110],[-122,0]],[[23296,37110],[2,572]],[[21899,32341],[150,-1]],[[22049,32340],[0,-286]],[[22049,32054],[0,-530]],[[22049,31524],[-116,2]],[[21898,31527],[1,814]],[[22453,26876],[62,-599],[22,70],[11,-115]],[[22548,26232],[15,-141],[-86,-296]],[[22477,25795],[-8,75],[-49,-44]],[[22420,25826],[-71,707]],[[22349,26533],[104,343]],[[21613,29811],[146,6]],[[21760,29000],[-145,-4]],[[21615,28996],[-2,815]],[[23483,47900],[114,0]],[[23597,47900],[0,-460]],[[23597,47440],[-131,0]],[[23466,47440],[0,459]],[[23466,47899],[17,1]],[[23993,47361],[131,0]],[[24124,47361],[0,-571]],[[24124,46790],[-132,0]],[[28040,34197],[24,-11],[9,123],[20,58]],[[28093,34367],[49,-37],[8,-70],[27,-12]],[[28177,34248],[-70,-719]],[[28107,33529],[-14,147],[-24,75],[-9,71],[-34,88]],[[28026,33910],[1,110],[13,177]],[[25264,41125],[146,2]],[[25402,40764],[-27,-62],[-114,-2]],[[25261,40700],[0,262]],[[23065,38586],[0,407]],[[23065,38993],[114,0]],[[23179,38993],[-2,-571]],[[23177,38422],[-2,-492]],[[23064,37933],[1,653]],[[26339,46533],[67,11]],[[26406,46544],[57,2]],[[26463,46546],[5,-659]],[[26468,45887],[-128,-5]],[[26340,45882],[-1,651]],[[26307,45881],[33,1]],[[26468,45887],[2,0]],[[26470,45887],[0,-660]],[[26470,45227],[-64,3]],[[26406,45230],[-97,-6]],[[26141,47186],[1,-653]],[[26142,46533],[-66,-3]],[[26076,46530],[-66,0]],[[26010,46530],[-2,817]],[[26008,47347],[0,164]],[[26665,37674],[47,152]],[[26712,37826],[-1,-105],[18,-85],[50,-13]],[[26779,37623],[10,-80]],[[26789,37543],[7,-96],[-12,-100]],[[26784,37347],[-23,58],[-51,-227],[2,-105]],[[26712,37073],[-34,189],[-30,90]],[[26648,37352],[14,151],[3,171]],[[25110,46678],[1,655]],[[25111,47333],[132,-3]],[[25243,47330],[-1,-660]],[[25242,46670],[-66,-1]],[[25176,46669],[-66,9]],[[23987,49202],[1,0]],[[23988,49202],[101,-2]],[[24089,49200],[0,-649],[-3,0]],[[24086,48551],[-99,-1]],[[23987,48550],[0,652]],[[25830,48496],[109,-7]],[[25939,47838],[-118,9]],[[25821,47847],[-21,271],[2,113],[19,129],[9,136]],[[25326,45381],[11,0]],[[25337,45381],[123,-3]],[[25460,45378],[21,-144],[20,-346],[3,-119],[21,-222]],[[25525,44547],[0,-445]],[[25525,44102],[-74,-1],[-1,166],[-32,-3],[-1,163],[-32,-5],[-1,82]],[[25384,44504],[32,59],[-1,518],[-96,-14]],[[25319,45067],[7,151],[0,163]],[[25168,39885],[93,-2]],[[25261,39883],[0,-81],[31,-1]],[[25292,39801],[0,-487]],[[25292,39314],[-93,7]],[[25199,39321],[-31,-6],[0,570]],[[25405,38677],[4,-204],[-10,-157],[7,-161],[-11,-59]],[[25395,38096],[-45,-7]],[[25350,38089],[1,586]],[[26443,39158],[5,-41],[44,-64]],[[26492,39053],[21,30],[21,-36]],[[26534,39047],[-25,-326]],[[26509,38721],[-25,7],[-22,-81]],[[26462,38647],[-12,52]],[[26450,38699],[-7,459]],[[23228,52776],[173,-1]],[[23401,52775],[2,-624]],[[23403,52151],[0,-27]],[[23403,52124],[-172,2]],[[23231,52126],[-3,650]],[[22548,34177],[29,0]],[[22577,34177],[120,0]],[[22697,34177],[0,-821]],[[22697,33356],[-148,-1]],[[22549,33355],[-1,822]],[[22514,48717],[2,-162]],[[22517,47896],[-107,1]],[[22410,47897],[-25,0]],[[22773,47898],[76,0]],[[22906,47899],[0,-779]],[[22906,47120],[-66,-1]],[[22840,47119],[0,162],[-66,-1]],[[22774,47280],[-1,618]],[[22410,50020],[202,-5]],[[22647,49852],[0,-653]],[[22647,49199],[-133,3]],[[22411,49202],[-1,818]],[[21195,27363],[238,2]],[[21433,27365],[0,-816]],[[21433,26549],[-21,0]],[[21412,26549],[-143,-2]],[[21269,26547],[-74,2]],[[21195,26549],[0,814]],[[25638,34721],[37,-161],[20,25]],[[25695,34585],[-17,-249],[-6,-227],[-16,-155]],[[25656,33954],[-36,8]],[[25620,33962],[5,196],[-6,107],[9,175],[-37,31]],[[25591,34471],[2,61],[45,189]],[[22382,21244],[111,-255]],[[22493,20989],[60,-434]],[[22553,20555],[26,-179]],[[22579,20376],[-66,-326]],[[22513,20050],[0,67],[-130,-2]],[[22383,20115],[-1,829]],[[22382,20944],[0,300]],[[28880,42135],[42,221]],[[28922,42356],[38,134]],[[28960,42490],[1,-32]],[[28961,42458],[34,-92],[4,-236],[26,-39],[5,-100]],[[29030,41991],[21,-87],[7,-84],[20,-67],[14,-120]],[[29092,41633],[-26,-43],[-14,-85],[-30,-62]],[[29022,41443],[2,128],[-14,39]],[[29010,41610],[-130,525]],[[28737,43060],[73,177],[-9,160],[33,54]],[[28834,43451],[42,-251],[-22,-69],[28,-255]],[[28882,42876],[-37,-52]],[[28845,42824],[-42,-97]],[[28803,42727],[-35,151],[-31,182]],[[22241,50512],[166,0]],[[22407,50512],[3,-492]],[[22348,49202],[-104,-4]],[[22244,49198],[0,660],[-3,0],[0,654]],[[22849,49850],[0,-650]],[[22849,49200],[-67,-1]],[[22782,49199],[-134,0]],[[22648,49199],[-1,0]],[[22715,48552],[67,-1]],[[22782,48551],[67,-1]],[[22773,47898],[-57,0]],[[22716,47898],[-1,654]],[[22782,49199],[0,-648]],[[22715,48552],[-67,1]],[[22648,48553],[0,646]],[[18134,37889],[222,-1],[216,-2]],[[18572,37886],[3,-481],[-31,-15],[0,-145],[-30,2],[1,-490]],[[18515,36757],[-60,-1],[0,-81]],[[18455,36675],[-38,-1],[0,-47],[-61,15],[0,87],[-61,0],[0,167],[-32,-25],[-129,0]],[[18134,36871],[0,1018]],[[19102,47403],[0,106],[65,-1],[0,162],[80,0],[1,163]],[[19248,47833],[83,-3],[0,-182],[17,0],[0,-189],[12,-183],[25,-156],[3,-133],[50,-126],[16,-167],[52,-276],[15,-28],[1,-486],[7,0],[0,-318]],[[19529,45586],[-120,-1],[-161,14]],[[19248,45599],[-136,13],[-1,320],[-13,0],[1,1267],[3,204]],[[24823,51419],[0,324]],[[24823,51743],[172,0],[0,-165]],[[24995,51578],[0,-651]],[[24995,50927],[-172,2]],[[24823,50929],[0,490]],[[19359,52986],[70,0],[0,507],[4,380]],[[19433,53873],[0,108],[106,-2]],[[19539,53979],[0,-242],[6,-81],[23,-2],[0,-163],[12,-71],[0,-163],[23,-163],[0,-271]],[[19603,52823],[-41,0]],[[19562,52823],[-136,0],[-1,-164]],[[19425,52659],[-52,0],[0,164],[-14,0],[0,163]],[[27488,30443],[13,102],[0,120],[19,98],[21,46]],[[27541,30809],[23,-47],[20,-102],[6,-164],[-13,-66],[25,-141]],[[27602,30289],[19,-72]],[[27621,30217],[-50,-179],[-19,75],[-20,165],[-24,2],[-21,58],[1,105]],[[22460,17530],[82,-5]],[[22542,17525],[48,-3]],[[22590,17522],[20,-1],[0,-96]],[[22610,17425],[0,-801]],[[22610,16624],[-93,4]],[[22517,16628],[-28,1]],[[22489,16629],[1,508],[-14,-1],[-7,163],[0,174],[-9,57]],[[24406,51897],[240,2]],[[24646,51899],[0,-488]],[[24646,51411],[-69,3],[0,-163]],[[24577,51251],[-171,0]],[[20684,47898],[235,7]],[[20919,47905],[0,-48]],[[20919,47857],[1,-893]],[[20920,46964],[0,-727]],[[20920,46237],[-168,-4]],[[20752,46233],[-66,-1]],[[20686,46232],[-2,334],[0,1332]],[[28093,37622],[68,-189]],[[28161,37433],[-27,-293]],[[28134,37140],[-22,-109]],[[28112,37031],[-63,131],[-7,68]],[[28042,37230],[51,392]],[[28169,39976],[57,-247]],[[28226,39729],[-9,-97],[-28,-125]],[[28189,39507],[-12,-65]],[[28177,39442],[-15,75],[-26,32]],[[28136,39549],[33,427]],[[23146,49201],[131,-1]],[[23277,49200],[36,0]],[[23313,49200],[0,-651]],[[23313,48549],[-164,3]],[[23149,48552],[-3,0]],[[23146,48552],[0,649]],[[22484,24571],[147,10]],[[22631,24581],[23,-244]],[[22654,24337],[-37,-222],[-25,-302]],[[22592,23813],[-20,-257],[-1,-113]],[[22571,23443],[-63,112]],[[22508,23555],[0,134],[-21,182],[15,171],[-23,244],[3,83]],[[22482,24369],[2,202]],[[23037,49202],[105,0]],[[23142,49202],[4,-1]],[[23146,48552],[-109,0]],[[23037,48552],[0,650]],[[23149,48552],[0,-653]],[[23149,47899],[-112,0]],[[28055,35888],[23,50],[34,26]],[[28112,35964],[4,-57],[41,-148],[21,23]],[[28178,35782],[-7,-458]],[[28171,35324],[-70,79],[-14,65],[-26,7],[-20,61]],[[28041,35536],[14,352]],[[23886,49201],[101,1]],[[23987,48550],[-1,0]],[[23986,48550],[-100,0]],[[23886,48550],[0,651]],[[24168,38993],[9,-107],[39,-73]],[[24216,38813],[17,-121],[28,-39],[14,25]],[[24275,38678],[-5,-187],[-24,-25],[-5,-136],[-17,-92]],[[24224,38238],[-60,11],[1,157],[-25,5]],[[24140,38411],[28,582]],[[25406,29978],[88,-9]],[[25494,29969],[0,-81],[29,-8],[1,-328],[29,-6],[0,-163]],[[25553,29383],[-58,15],[-10,-165],[-48,6]],[[25437,29239],[-30,-1]],[[25407,29238],[-1,740]],[[22625,40704],[157,0]],[[22782,40704],[0,-162]],[[22782,40542],[0,-489]],[[22782,40053],[-156,1]],[[22626,40054],[-1,487]],[[22625,40541],[0,163]],[[24692,41329],[22,68],[2,67],[20,120]],[[24736,41584],[14,-87],[30,-45],[57,103]],[[24837,41555],[0,-387]],[[24837,41168],[0,-54]],[[24837,41114],[-164,7]],[[24673,41121],[19,208]],[[25018,33646],[18,11],[25,212]],[[25061,33869],[15,-60],[7,-197],[40,-67],[14,-55]],[[25137,33490],[6,-28],[-34,-205],[-15,37]],[[25094,33294],[-33,94],[-23,23],[-23,117]],[[25015,33528],[3,118]],[[26456,29466],[19,-59],[17,213],[8,45]],[[26500,29665],[12,63]],[[26512,29728],[19,-79]],[[26531,29649],[-5,-174],[-31,-234]],[[26495,29241],[-24,68],[-15,157]],[[21072,46965],[141,-1]],[[21213,46964],[58,-1]],[[21271,46963],[0,-402],[5,1],[0,-646]],[[21276,45916],[-187,-5]],[[21089,45911],[-10,0],[0,650],[-6,0],[-1,404]],[[17983,47334],[61,3]],[[18044,47337],[184,0]],[[18228,47337],[0,-655],[-14,0],[-1,-160],[-46,2]],[[18167,46524],[-33,0],[0,81],[-82,1],[-5,78],[-64,0]],[[18228,47337],[84,0],[0,-656],[-17,0],[0,-336]],[[18295,46345],[-26,-36],[-24,-213],[-16,-33],[-19,71],[-43,-40]],[[18167,46094],[0,430]],[[25199,39156],[0,165]],[[25292,39314],[0,-110],[28,-8]],[[25322,38732],[-124,12]],[[25198,38744],[1,412]],[[24530,37992],[88,0]],[[24618,37992],[39,-239]],[[24657,37753],[-2,-639]],[[24655,37114],[-126,10]],[[24529,37124],[1,868]],[[27923,45089],[170,3]],[[28093,45092],[28,0]],[[28122,44377],[-61,-29]],[[28061,44348],[-17,55],[-132,-15]],[[27912,44388],[2,388],[8,0],[1,313]],[[24042,41421],[140,0]],[[24182,41421],[0,-157],[16,-1]],[[24198,41263],[-3,-650]],[[24195,40613],[-1,0]],[[24194,40613],[-109,9]],[[24085,40622],[0,165],[-46,3]],[[24039,40790],[3,631]],[[23785,49200],[68,1]],[[23853,49201],[33,0]],[[23886,48550],[-67,0]],[[23819,48550],[-34,0]],[[23785,48550],[0,650]],[[28532,43544],[25,-31]],[[28557,43513],[7,-162],[28,-206],[-3,-142]],[[28589,43003],[-39,158],[-35,-39],[16,270],[1,152]],[[26270,49790],[134,-7]],[[26404,49783],[0,-649]],[[26404,49134],[-67,0]],[[26337,49134],[-67,2]],[[26270,49136],[0,654]],[[23549,36962],[151,-26]],[[23700,36936],[0,-108]],[[23700,36828],[-2,-435]],[[23698,36393],[-149,28]],[[23549,36421],[0,541]],[[22688,54895],[71,-2]],[[22759,54893],[172,-2]],[[22931,54891],[1,-164]],[[22932,54727],[3,-342],[12,-134],[-6,-143],[5,-172],[-3,-176]],[[22807,53752],[-112,2]],[[22652,45261],[130,2]],[[22782,44612],[-129,-1]],[[22653,44936],[-1,325]],[[22254,55545],[213,-1]],[[22467,55057],[-214,0]],[[21477,43229],[224,1]],[[21701,42657],[-27,0]],[[21674,42657],[-197,-1]],[[21477,42656],[1,98]],[[21478,42754],[-1,473]],[[21477,43227],[0,2]],[[16195,40677],[17,62],[4,124],[18,70],[53,-186],[7,56],[142,2]],[[16436,40805],[40,27]],[[16476,40832],[0,-519]],[[16476,40313],[-139,2],[-16,128],[-28,17],[-27,-133],[-74,-114]],[[16192,40213],[-4,230],[7,234]],[[23352,45487],[65,-1]],[[23417,45486],[-1,-649]],[[23416,44837],[-129,0]],[[23287,44837],[-32,0]],[[23255,44837],[0,651]],[[24713,43342],[0,163]],[[24713,43505],[127,-3]],[[24840,43502],[-1,-328]],[[24839,43174],[0,-490]],[[24839,42684],[-128,5]],[[24711,42689],[2,653]],[[25131,44397],[94,6]],[[25225,44403],[1,-326]],[[25226,44077],[3,-652]],[[25229,43425],[-96,-5],[0,-333]],[[25133,43087],[-32,-4]],[[25068,43802],[-1,515]],[[21170,40539],[98,4]],[[21268,40543],[210,12]],[[21478,40555],[0,-11]],[[21478,40544],[1,-814]],[[21479,39730],[0,-161]],[[21479,39569],[-189,-13],[-122,-5]],[[21168,39551],[2,169],[0,819]],[[26501,41696],[-4,-269]],[[26493,41127],[-30,11],[0,69],[-75,-6]],[[22217,20103],[166,12]],[[22383,20115],[-1,-1103]],[[22382,19012],[-163,-51],[-1,326]],[[22218,19287],[-1,816]],[[27303,18237],[75,-2]],[[27378,18235],[27,2],[0,-158],[27,0]],[[27433,17419],[0,-158],[-58,-304]],[[27375,16957],[4,366],[-20,96]],[[27359,17419],[-8,22],[-27,308],[-16,21],[-22,279],[17,103],[0,85]],[[17922,50346],[-1,-129],[29,-166],[23,4],[17,-144],[25,34],[26,148],[11,226],[23,104],[18,25],[-5,-217],[37,17],[18,-193],[57,-297],[45,-83],[42,-51],[15,55],[30,-248],[6,-161]],[[18338,49270],[-27,0],[0,-325],[-8,-142],[-3,-201],[13,-30],[-12,-172],[-33,-126],[-53,-149],[-10,-97]],[[18205,48028],[-22,152],[-27,108],[-9,106],[-28,-53],[-47,177],[-3,99],[-62,28],[-6,-100],[-42,154],[-37,0],[0,122],[-17,0],[-27,-102]],[[17878,48719],[-6,21]],[[17872,48740],[3,115],[-17,89],[5,181],[-40,88],[0,150],[-35,106]],[[17788,49469],[18,162],[0,114],[-17,83],[2,144],[32,78],[9,176],[16,48],[34,-91],[40,163]],[[21310,42753],[168,1]],[[21477,42656],[0,-481]],[[21477,42175],[-170,-3]],[[21307,42172],[0,499],[3,82]],[[24390,45647],[65,0]],[[24455,45647],[0,-653]],[[24455,44994],[0,-163]],[[24455,44831],[-130,3]],[[24325,44834],[0,818]],[[23335,43521],[64,-1]],[[23399,43520],[63,-1]],[[23462,43036],[-127,2]],[[23335,43038],[0,483]],[[26191,25976],[49,-5]],[[26240,25971],[4,-298],[35,2]],[[26279,25675],[0,-221]],[[26279,25454],[-33,2],[-26,-31],[-4,58]],[[26216,25483],[-5,198],[-18,135],[-1,129]],[[26192,25945],[-1,31]],[[26862,43214],[82,-5]],[[26944,43209],[3,-317],[23,-181],[0,-321]],[[26970,42390],[-80,-10]],[[26890,42380],[-1,299],[-27,3]],[[26862,42682],[0,532]],[[26689,26896],[12,134],[36,203],[10,-55]],[[26747,27178],[41,-516],[30,91]],[[26818,26753],[-12,-113]],[[26806,26640],[-78,-440]],[[26692,26585],[12,136],[-23,133],[8,42]],[[23772,44837],[33,0]],[[23805,44837],[97,0]],[[23908,44172],[0,-32]],[[23908,44140],[-24,31],[-105,9]],[[23779,44180],[-7,165],[0,492]],[[21326,28984],[145,2]],[[21471,28986],[0,-804]],[[21471,28182],[-37,-2]],[[21434,28180],[-108,0]],[[21326,28180],[0,804]],[[22196,29004],[144,-3]],[[22340,29001],[1,-824]],[[22341,28177],[-40,0]],[[22301,28177],[-105,0]],[[25261,40181],[128,9]],[[25389,40190],[1,-384]],[[25390,39806],[-98,-5]],[[25261,39883],[0,298]],[[26641,42294],[28,3]],[[26669,42297],[47,3],[0,-118]],[[26716,42182],[0,-373],[22,-1],[0,-189]],[[26738,41619],[-10,-66]],[[26728,41553],[-83,7]],[[26645,41560],[3,213],[-16,8]],[[26632,41781],[9,513]],[[26438,28611],[34,26]],[[26472,28637],[23,-1]],[[26495,28636],[0,-476],[-22,-30]],[[26473,28130],[0,108],[-41,2]],[[26432,28240],[6,91],[0,280]],[[26380,42633],[16,0]],[[26396,42633],[49,2],[0,-55],[32,-26],[63,3]],[[26540,42557],[0,-198]],[[26540,42359],[-31,-6],[-3,-98]],[[26386,42015],[-6,7],[0,611]],[[26495,28636],[46,0],[15,-42]],[[26556,28594],[2,-90]],[[26558,28504],[27,-203],[3,-132]],[[26588,28169],[-51,-195]],[[26537,27974],[-65,2]],[[26472,27976],[1,154]],[[26668,43207],[-10,0],[-16,-325]],[[26642,42882],[-102,3]],[[26540,42885],[0,188]],[[26540,43073],[0,463]],[[21197,28984],[129,0]],[[21326,28180],[-131,1]],[[21195,28181],[2,803]],[[26545,28946],[5,87],[45,209]],[[26595,29242],[42,-172]],[[26637,29070],[-4,-491]],[[26633,28579],[-75,-75]],[[26556,28594],[3,116],[-14,236]],[[26691,31412],[30,-141],[18,-38],[18,-101]],[[26757,31132],[-21,-112],[-61,-30]],[[26675,30990],[-17,43]],[[26658,31033],[26,358],[7,21]],[[23203,46793],[131,2]],[[23235,46143],[-32,-2]],[[23203,46141],[0,652]],[[24184,30239],[29,5]],[[24213,30244],[78,4]],[[24285,29738],[0,-163]],[[24285,29575],[-99,6]],[[24186,29581],[-1,163]],[[24185,29744],[-1,76],[-33,256],[-4,159],[37,4]],[[24124,46790],[131,-1]],[[24255,46294],[-132,0]],[[24123,46294],[1,496]],[[16222,51904],[73,180]],[[16295,52084],[40,-138],[27,-130],[14,-164],[-37,-74],[-17,-406],[28,-195],[-14,-116]],[[16336,50861],[-62,0],[1,89],[-41,125],[-41,29],[-2,133],[18,43],[26,173],[11,208],[-15,30],[-9,213]],[[26797,27712],[27,14],[19,-104],[35,-90],[-2,-165],[8,-22]],[[26884,27345],[-1,-84],[-27,-259],[7,-37]],[[26863,26965],[-38,-215],[-7,3]],[[26747,27178],[-25,301]],[[26722,27479],[75,233]],[[26800,27807],[41,94],[9,-76],[28,26],[41,74]],[[26919,27925],[24,-113]],[[26943,27812],[-18,-145],[10,-70],[-36,-127],[8,-87],[-23,-38]],[[26797,27712],[3,95]],[[16004,51187],[60,0],[0,490],[11,-1],[0,333]],[[16075,52009],[29,14],[34,-63],[9,-121],[27,78],[48,-13]],[[16336,50861],[3,-29]],[[16339,50832],[2,-220],[9,-159],[23,-82]],[[16373,50371],[-199,3],[-178,4],[-8,8]],[[15988,50386],[5,105]],[[15993,50491],[-14,111],[-5,124],[43,145],[-27,217],[14,99]],[[24515,32003],[29,-3],[1,276]],[[24545,32276],[150,-8]],[[24695,32268],[29,8],[-3,-457]],[[24721,31819],[-149,5],[-43,9],[0,-83]],[[24529,31750],[-15,83],[1,170]],[[5521,69219],[12,95],[20,-39],[-8,-95],[-24,39]],[[5483,69315],[11,96],[-8,120],[28,-9],[4,-159],[-35,-48]],[[5426,69766],[36,-10],[11,-91],[-11,-97],[-32,-65],[-4,263]],[[5262,69279],[33,157],[-15,196],[35,154],[43,-67],[11,-131],[-69,-205],[-19,-130],[-19,26]],[[5235,70208],[23,68],[36,-22],[-2,-119],[-49,12],[-8,61]],[[5093,70006],[17,118],[24,41],[38,-27],[41,-93],[26,39],[8,-106],[-24,-31],[-53,30],[27,-204],[-11,-119],[-37,56],[-9,94],[-43,-11],[-4,213]],[[4802,69629],[21,116],[49,-89],[-24,-144],[-28,120],[-18,-3]],[[4653,69278],[31,105],[25,-42],[1,-134],[-33,-103],[-21,92],[-3,82]],[[4542,68383],[2,82],[68,-87],[18,-63],[26,0],[-11,-134],[-71,109],[-18,-46],[-14,139]],[[5640,72789],[0,-96],[-44,-1],[0,-162],[-62,0],[0,-162],[-87,0],[0,-162],[-87,0],[0,-325],[26,0],[0,-648],[-17,0],[0,-163],[85,0],[2,-464]],[[5456,70606],[-18,-81],[-32,-48],[15,161],[10,326],[-46,49],[-10,-101],[-46,-10],[-13,-141],[-36,-118],[-26,-33],[-36,45],[5,-117],[-20,-180],[-21,-59],[-12,167],[-24,-37],[0,-158],[-32,-15],[-23,140],[-22,-35],[-19,-144],[-61,-138],[-37,50],[-40,-40],[11,251],[31,205],[-17,49],[-47,-23],[-31,-189],[3,-208],[-53,-296],[-47,-45],[22,-133],[2,-90],[-26,-60],[-35,150],[-13,-98],[2,-137],[-71,43],[3,138],[-13,233],[-21,90],[-22,-8],[-15,-139],[20,-43],[18,-112],[-11,-75],[14,-152],[-56,-155],[-40,33],[-16,95],[-8,147],[-22,60],[-30,-39],[-11,-90],[49,-138],[4,-50],[-50,-178],[-44,-87],[17,-89],[36,41],[21,-79],[14,-134],[-46,29],[-33,135],[-24,-64],[-17,-111],[-27,-82],[-45,44],[-94,-28],[-41,-65],[-28,-103],[-6,-122],[-29,-85],[-51,-53],[-57,49],[-29,296],[9,55],[58,106],[41,354],[3,71],[34,82],[24,-72],[50,111],[37,30],[38,130],[33,31],[68,-13],[37,-274],[31,121],[2,123],[-10,175],[59,108],[41,-24],[33,99],[-14,87],[44,70],[20,107],[24,-33],[20,79],[2,228],[64,331],[56,182],[46,89],[27,111],[117,136],[52,76],[102,38],[-28,-245],[0,-152],[34,-142],[14,89],[-3,183],[36,-48],[40,11],[7,-137],[23,11],[41,100],[-82,167],[-15,82],[28,176],[36,378],[59,226],[58,138],[31,131],[82,154],[40,120],[35,61],[68,172],[35,-17]],[[3877,67730],[23,55],[32,-17],[-5,-103],[-50,65]],[[3748,68008],[27,64],[31,-190],[-20,-132],[-23,38],[-2,125],[-13,95]],[[3632,67810],[33,144],[31,-9],[10,-104],[25,1],[21,-122],[-87,-64],[-18,-33],[-15,187]],[[13276,69318],[62,90],[6,-129],[-6,-131],[-25,-1],[-32,101],[-5,70]],[[13169,70093],[17,92],[46,-202],[-29,-332],[-22,131],[-12,311]],[[13078,70597],[61,115],[10,197],[-17,111],[28,108],[0,115],[27,141],[40,24],[36,-24],[14,-68],[30,20],[1,80],[-19,116],[35,111],[21,-32],[42,59],[22,93],[-5,114],[-22,48],[6,116]],[[13388,72041],[85,-73],[44,-187],[43,-45],[12,-190],[50,-84]],[[13622,71462],[-12,-184],[-28,-103],[66,-329]],[[13648,70846],[11,-158],[-4,-190],[24,-242],[6,-213],[13,-105],[-36,-167],[-24,-243],[-24,-166],[-51,-235],[-48,-123],[-31,36],[-32,-66],[-17,43],[-12,270],[-14,117],[7,136],[-19,92],[-11,139],[30,102],[29,209],[-11,131],[14,196],[-9,306],[-18,-16],[11,-210],[-17,-68],[-3,-266],[-9,-212],[-36,-163],[-38,70],[-36,9],[-19,173],[-15,-72],[-42,115],[-40,190],[-1,122],[51,111],[-18,112],[-1,168],[7,110],[-4,196],[-32,-36],[18,-122],[-16,-267],[-44,-312],[-45,116],[-14,134]],[[23024,56642],[253,-2]],[[23277,56640],[3,-285]],[[23280,56355],[0,-162]],[[23280,56193],[-36,3]],[[23244,56196],[0,54],[-215,-2]],[[23029,56248],[-5,109],[0,285]],[[23244,56196],[1,-163],[-36,-1],[0,-163],[-143,-1],[-1,163],[-36,0],[0,217]],[[27043,40923],[105,-29]],[[27148,40894],[16,-4],[0,-164],[15,-3],[0,-144]],[[27179,40579],[-36,-7],[2,-192],[-32,25],[-6,-82]],[[27107,40323],[-58,18],[2,170]],[[27051,40511],[6,325],[-14,87]],[[25008,29118],[17,68],[38,68],[26,1]],[[25089,29255],[0,-463]],[[25089,28792],[-6,-164],[-29,-1],[0,-165],[-29,-1]],[[25025,28461],[1,330],[-39,1]],[[24987,28792],[0,276],[21,50]],[[23786,41600],[1,245]],[[23787,41845],[110,5]],[[23897,41850],[2,-437]],[[23899,41413],[0,-122]],[[23899,41291],[-112,-15]],[[23787,41276],[-1,324]],[[23992,46134],[132,-1]],[[24124,46133],[5,-162],[0,-323]],[[24129,45648],[-65,0],[0,-162]],[[21320,29801],[148,-1]],[[21468,29800],[3,-814]],[[21326,28984],[-6,817]],[[23019,28225],[62,-2]],[[23081,28223],[0,-262]],[[23081,27961],[0,-51],[-62,-1]],[[23019,27909],[0,316]],[[21781,24670],[76,8]],[[21857,24678],[160,3]],[[22017,24681],[0,-707]],[[22017,23974],[-236,-8]],[[21781,23966],[0,704]],[[22989,32864],[2,330]],[[22991,33194],[119,0]],[[23110,33194],[0,-163],[29,0],[0,-328],[30,0]],[[23169,32703],[0,-162]],[[23169,32541],[-128,0]],[[23041,32541],[-2,316],[-14,-56],[-16,47],[-19,-100]],[[22990,32748],[-1,116]],[[23093,52126],[138,0]],[[23231,52126],[3,-650]],[[23234,51476],[-103,-1]],[[23131,51475],[-35,2],[-3,323]],[[23093,51800],[0,326]],[[21652,44612],[5,0]],[[21657,44612],[0,-650]],[[21657,43962],[-161,-1]],[[21496,43961],[0,650]],[[23700,36936],[2,489]],[[23702,37425],[72,-15],[-1,-109],[51,-10]],[[23824,37291],[6,-164],[-2,-316]],[[23828,36811],[-128,17]],[[21492,31527],[103,-1]],[[21595,31526],[44,0]],[[21639,31526],[0,-814]],[[21639,30712],[-26,0]],[[21613,30712],[-121,1]],[[21492,30713],[0,814]],[[21322,43637],[154,0]],[[21476,43637],[1,-408]],[[21477,43227],[-158,0]],[[21319,43227],[3,410]],[[21759,30712],[26,1]],[[21905,30715],[0,-895]],[[21759,29817],[0,895]],[[18027,30277],[-7,-155],[-20,-132],[1,-146],[9,-283],[-10,-41],[-7,-268],[-19,-184]],[[17974,29068],[-57,-6],[-177,-6],[-173,-2]],[[17567,29054],[-263,2],[-59,9],[-36,110],[-38,27]],[[17171,29202],[-1,54],[27,234],[-17,84],[-16,11],[-39,302]],[[17125,29887],[5,99],[27,120],[0,84],[51,1],[45,-56],[79,2],[0,55],[91,-3],[155,3],[204,0],[0,81],[245,4]],[[26146,29058],[78,-5]],[[26224,29053],[21,-375]],[[26245,28678],[-83,-178]],[[26162,28500],[-16,558]],[[20920,44527],[190,3]],[[21110,44530],[0,-489]],[[21110,44041],[-2,-81]],[[21108,43960],[-188,-2]],[[20920,43958],[0,320]],[[20920,44278],[0,249]],[[22008,57336],[182,0]],[[22190,57010],[-98,1],[-1,-654],[10,0],[0,-326]],[[22030,56031],[-36,0]],[[21994,56031],[0,326],[-11,0],[0,654],[-11,0],[0,325]],[[27757,34881],[12,0]],[[27769,34881],[35,0]],[[27804,34881],[35,1]],[[27839,34882],[22,0]],[[27861,34882],[-4,-560]],[[27857,34322],[-29,2]],[[27828,34324],[-76,12]],[[21477,42005],[198,2]],[[21675,42007],[5,0]],[[21680,42007],[0,-650]],[[21680,41357],[-24,-1]],[[21656,41356],[-179,1]],[[21477,41357],[0,648]],[[21467,30714],[25,-1]],[[21613,30712],[0,-901]],[[21613,29811],[-145,-11]],[[21468,29800],[-1,914]],[[21886,56032],[108,-1]],[[22040,55058],[-23,0]],[[22017,55058],[-156,1]],[[21861,55059],[1,648],[24,0],[0,325]],[[23739,30783],[2,-306],[30,-5],[-1,-328]],[[23770,30144],[-2,-487],[-35,5]],[[23733,29662],[-1,0]],[[23732,29662],[-5,119],[-20,126],[-2,154],[-11,213],[-1,211],[-40,3]],[[23653,30488],[-3,305],[89,-10]],[[24194,40613],[-2,-482]],[[24192,40131],[-2,-189]],[[24190,39942],[-32,4]],[[24158,39946],[-77,137]],[[24081,40083],[4,539]],[[28345,36184],[-4,-8]],[[28341,36176],[0,57],[11,7],[-1,-46],[-6,-10]],[[23662,40331],[1,136]],[[23663,40467],[125,-5]],[[23788,40462],[0,-594]],[[23788,39868],[-25,14],[-49,-112],[-22,-21]],[[23692,39749],[-30,119]],[[23662,39868],[0,463]],[[28478,35193],[4,-111]],[[28482,35082],[-12,30],[8,81]],[[23223,41352],[124,-1]],[[23347,41351],[0,-649]],[[23347,40702],[-62,0]],[[23285,40702],[-63,0]],[[23222,40702],[1,650]],[[27773,37222],[11,-7],[-11,-44],[0,51]],[[28333,36157],[8,19]],[[28345,36184],[5,1],[2,13]],[[28352,36198],[13,-89],[-19,-50]],[[28346,36059],[-13,98]],[[23526,44165],[127,-1]],[[23653,44164],[0,-648]],[[23653,43516],[-63,1]],[[23526,43518],[0,647]],[[25594,43631],[16,44]],[[25610,43675],[24,83],[46,-125],[11,32]],[[25691,43665],[0,-121]],[[25691,43544],[-1,-486]],[[25690,43058],[-15,0],[0,-139],[-32,-1],[1,-189]],[[25644,42729],[-47,0]],[[25597,42729],[-3,328],[0,574]],[[27048,17422],[1,244]],[[27049,17666],[137,5]],[[27186,17671],[0,-574]],[[27186,17097],[-138,-3]],[[27048,17094],[0,328]],[[25666,27952],[40,-1],[-2,400]],[[25704,28351],[16,34],[60,3],[13,-94],[13,2]],[[25806,28296],[0,-171],[16,-216],[23,-113]],[[25845,27796],[-10,-86]],[[25835,27710],[-84,-3],[0,-83],[-57,5]],[[25694,27629],[-28,-2],[0,124]],[[25666,27751],[0,201]],[[22990,34168],[91,5]],[[23081,34173],[0,-162],[74,-1],[-1,-409]],[[23154,33601],[-44,1],[0,-408]],[[22991,33194],[0,566]],[[22991,33760],[-1,408]],[[21905,29820],[131,1]],[[22036,29821],[14,0]],[[22050,29821],[2,-820]],[[22052,29001],[-147,0]],[[27499,34899],[107,-15]],[[27606,34884],[8,0]],[[27612,34350],[-117,8]],[[27495,34358],[4,541]],[[22728,31076],[59,0]],[[22787,31076],[0,-244],[88,-2],[2,-81],[26,1]],[[22903,30750],[0,-299]],[[22903,30451],[-9,0],[-1,-190]],[[22893,30261],[-164,0]],[[22729,30261],[-1,408]],[[22728,30669],[0,407]],[[23169,32541],[-1,-259]],[[23168,32282],[-7,-9],[-22,-181],[-1,-529]],[[23138,31563],[-88,0]],[[23050,31563],[-5,255],[-18,13]],[[23027,31831],[0,384],[14,0],[0,326]],[[22787,31076],[58,-1],[-16,218],[16,27],[59,-1]],[[22904,31319],[0,-81],[29,0],[0,-164]],[[22933,31074],[-15,0],[0,-323],[-15,-1]],[[23316,32552],[17,59],[13,-64]],[[23346,32547],[28,-59],[23,201],[11,6],[20,162]],[[23428,32857],[12,-83],[29,-31],[25,-140]],[[23494,32603],[0,-226],[-32,0],[0,-270]],[[23462,32107],[-117,1]],[[23345,32108],[0,190],[-30,0],[1,254]],[[25554,28022],[28,2],[0,-82],[84,10]],[[25666,27751],[-8,-203],[-18,-248],[-87,-10],[1,-327],[-15,-1]],[[25539,26962],[-14,-1],[0,327]],[[25525,27288],[0,321],[14,4],[1,327],[14,82]],[[5093,84398],[0,486],[53,0],[-6,162],[0,324],[53,0],[0,162],[108,0],[0,162],[50,0],[0,162],[54,0],[-3,486],[-55,0],[-5,649],[0,648],[53,0],[0,324],[56,0],[-3,648],[57,0],[-2,486],[-58,0]],[[5445,89097],[-3,810],[176,0],[0,324],[297,0],[0,648],[239,0],[0,-324],[119,0],[0,324],[119,0],[0,-162],[59,0],[0,-162],[119,0],[0,324],[13,162],[181,0],[0,324],[181,0],[18,162],[0,648],[-44,0],[0,161],[-124,0],[0,486],[16,162],[-63,0],[0,162],[-63,0],[0,162],[-63,2],[14,160],[0,259]],[[6636,93729],[258,0],[276,0],[245,0],[472,0],[419,0],[438,0],[263,0],[226,0],[0,935],[258,0],[430,0],[277,0],[427,-3]],[[10625,94661],[0,-1134],[0,-1134],[0,-1203],[0,-1503]],[[9771,87525],[-14,78],[25,79],[-28,59],[39,315],[-28,77],[52,130],[-26,75],[-78,-9],[-53,-77],[-132,101],[-101,-102],[-36,8],[-43,-53],[-35,56],[10,177],[-100,119],[-20,91],[34,188],[-65,116],[-59,-36],[-21,-97],[-53,-105],[-70,-90],[-109,-1],[-44,-69],[-86,-46],[-239,0],[4,-648],[0,-520],[27,60],[35,-79],[6,-82],[37,-74],[26,-170],[36,-107]],[[8662,86889],[-302,0],[0,27],[-237,0],[-208,0],[-154,-675],[-65,44],[-14,91],[-64,0],[-18,-94],[-52,-41],[-2,-324],[-49,0],[0,-324],[-179,0],[0,-324],[17,0],[0,-243],[53,0],[0,-81],[54,0],[0,-227],[-160,-855]],[[7282,83863],[0,-811]],[[5183,82404],[-106,0],[0,486],[-37,0],[0,648],[14,0],[0,649],[15,187],[24,24]],[[25323,29651],[12,586]],[[25335,30237],[61,-12],[10,-56],[0,-191]],[[25407,29238],[-91,18]],[[25316,29256],[7,395]],[[24401,29723],[30,-6],[-1,-405]],[[24430,29312],[-1,-327]],[[24429,28985],[-148,17]],[[24281,29002],[-6,240],[10,6],[0,327]],[[24797,29607],[0,164],[44,1],[15,26],[0,139]],[[24856,29937],[43,-2],[1,-52],[72,-3]],[[24972,29880],[1,-273]],[[24973,29607],[0,-82]],[[24973,29525],[-78,-2]],[[24895,29523],[-95,1]],[[24800,29524],[-3,83]],[[23663,40876],[0,81]],[[23663,40957],[125,-8]],[[23788,40949],[0,-324]],[[23788,40625],[0,-163]],[[23663,40467],[0,409]],[[20591,55925],[-1,-163],[72,-1],[0,-162],[107,0],[0,-163],[23,0],[0,-327],[25,0]],[[20817,55109],[29,-325],[3,-260],[-29,-258],[-24,-81],[-30,0]],[[20766,54185],[-118,2],[-11,108],[-36,0],[0,108],[-36,0],[0,382],[-22,0]],[[20543,54785],[0,651],[12,0],[0,488],[36,1]],[[22558,23312],[129,-623]],[[22687,22689],[-23,-146],[-28,-117],[5,-46]],[[22641,22380],[-35,-198]],[[22606,22182],[-8,180],[-75,354]],[[22523,22716],[35,596]],[[21696,25505],[160,-9],[1,-818]],[[21781,24670],[-87,-6]],[[21694,24664],[2,841]],[[22782,23430],[10,-31]],[[22792,23399],[37,-122],[33,-146],[16,-389]],[[22878,22742],[-81,-496]],[[22797,22246],[-93,526]],[[22704,22772],[43,263],[35,395]],[[15585,54605],[35,-1],[34,160],[26,-5]],[[15680,54759],[46,-119]],[[15726,54640],[6,-166],[26,-70],[25,-206],[52,-74],[9,-114],[19,-7]],[[15863,54003],[-267,2],[0,54]],[[15596,54059],[1,379],[-13,2],[1,165]],[[25002,26007],[24,9]],[[25026,26016],[104,42]],[[25130,26058],[0,-731]],[[25130,25327],[-57,1]],[[25073,25328],[-70,0]],[[25003,25328],[-1,679]],[[25138,28120],[28,-1]],[[25166,28119],[130,6]],[[25296,28125],[-12,-657]],[[25284,27468],[-146,-2]],[[25138,27466],[0,654]],[[16669,43148],[146,1],[0,-196],[318,3],[0,-324],[96,-4],[0,-292]],[[17229,42336],[-67,-983]],[[17162,41353],[-268,-4],[-201,1]],[[16693,41350],[-32,-1],[0,971],[7,1],[1,827]],[[16676,40645],[-54,-528],[-47,-137],[-18,-30]],[[16557,39950],[10,68],[-6,436],[64,120],[27,5],[24,66]],[[31437,916],[15,19]],[[31452,935],[15,-9]],[[31467,926],[-2,-137]],[[31465,789],[-20,26]],[[31445,815],[-12,70]],[[31433,885],[4,31]],[[31499,260],[18,-102]],[[31517,158],[-14,-23]],[[31377,482],[21,47]],[[31398,529],[7,-59],[-3,-118]],[[29454,42492],[0,115],[-14,381]],[[29440,42988],[-7,91],[27,58],[13,-52],[35,-40],[22,44],[8,87],[22,-25],[75,6],[38,31],[44,132],[9,63],[30,47],[22,-129],[41,-88],[26,51],[17,91],[23,-35],[-67,-150],[-78,-197],[-104,-197],[-80,-178],[-42,-66],[-40,-1],[-20,-39]],[[6251,4930],[35,138],[5,-112],[-29,-76],[-11,50]],[[6251,5661],[10,162],[20,48],[13,-52],[20,-206],[42,104],[26,-34],[32,-196],[31,-60],[5,-136],[-18,-128],[-25,-57],[-19,9],[-26,-79],[-21,-15],[-18,67],[-6,313],[-20,-6],[-27,80],[-19,186]],[[6150,5631],[21,52],[25,-31],[17,-97],[8,-102],[-8,-84],[-36,-55],[-12,224],[-15,93]],[[6164,6157],[27,-32]],[[6191,6125],[40,22],[17,-68],[-25,-144],[-21,-33],[-61,102],[-44,-30],[-16,26],[31,220],[12,-35],[40,-28]],[[26011,34314],[46,-31],[25,34],[8,117]],[[26090,34434],[12,-76],[69,-204],[24,-14]],[[26195,34140],[5,-12]],[[26200,34128],[-14,-73],[-26,2],[-5,-227]],[[26155,33830],[-13,98],[-55,94],[-15,-16],[-23,-109]],[[26049,33897],[-15,103],[-16,-4],[-15,119]],[[26003,34115],[8,199]],[[23391,55218],[143,-5]],[[23534,55213],[2,-164],[1,-970],[-36,0]],[[23501,54079],[-104,1]],[[23395,54731],[0,323],[-4,164]],[[21204,54409],[141,2],[0,54],[106,0]],[[21451,54465],[14,-54]],[[21465,54411],[0,-493]],[[21465,53918],[0,-162]],[[21233,53754],[-84,-1]],[[21149,53753],[0,656],[55,0]],[[4107,91074],[0,-196],[22,0],[0,-647],[20,0],[0,-648],[79,0],[0,-324],[58,0],[0,-324],[259,0],[381,0],[229,0],[232,0],[0,162],[58,0]],[[5093,84398],[-319,0],[0,162],[-53,0],[0,162],[-53,0],[0,162],[-59,1]],[[4609,84885],[48,256],[42,147],[5,101],[59,-97],[5,-79],[97,32],[26,-32],[76,44],[48,62],[10,81],[55,207],[39,216],[-1,115],[-35,282],[-16,195],[-7,272],[-80,304],[-67,47],[10,156],[22,49],[43,-61],[59,-1],[62,207],[5,200],[-43,197],[-40,88],[-37,26],[-22,-57],[-24,-150],[-39,-37],[-42,67],[-58,-149],[-81,-54],[-19,-114],[-85,-166],[-20,-112],[-5,-159],[-50,-62],[-13,275],[-57,166],[-44,82],[-26,-82],[80,-207],[-42,-147],[-21,131],[-56,123],[-40,53],[-65,22],[-40,-44],[-48,24],[-77,-36],[-108,-179],[-58,-28],[-110,119],[-230,160],[-43,102],[-26,178],[2,119],[17,140],[-32,122],[-44,90],[-2,95],[-45,103],[61,42],[49,119],[-3,88],[36,98],[-39,102],[-87,12],[-64,83],[-124,58],[-66,160],[-102,146],[-14,94],[6,110],[35,80],[122,173],[63,120],[136,311],[285,528],[110,163],[194,228],[88,72]],[[4585,85468],[39,97],[46,-18],[9,-139],[-76,-21],[-18,81]],[[2033,85400],[27,220],[0,220],[21,5],[16,-198],[64,-92],[94,-94],[38,-15],[58,139],[59,94],[57,-22],[52,-135],[14,-230],[53,-90],[59,-26],[27,-103],[78,-54],[75,-5],[87,-90],[-27,-204],[-21,-70],[-51,56],[-44,-1],[-49,-46],[-45,-144],[-9,-183],[-19,-73],[-27,73],[-27,191],[-32,100],[-50,96],[-38,-8],[-29,199],[-54,130],[-85,110],[-66,18],[-47,-71],[-18,-94],[-36,-53],[-77,110],[-24,133],[-4,207]],[[3831,93794],[247,0],[0,324],[247,0],[249,0],[0,162],[194,0],[0,-162],[130,0],[0,162],[130,0],[0,-162],[260,0],[0,162],[129,0],[0,-162],[422,0],[286,0],[0,-162],[255,0],[0,-162],[256,0],[0,-65]],[[4107,91074],[159,20],[28,-141],[-10,-115],[-31,-123],[12,-219],[-24,-152],[41,-243],[40,-5],[36,51],[91,-49],[117,58],[35,-95],[46,36],[19,-56],[75,72],[79,-83],[44,166],[37,240],[57,29],[40,-83],[56,82],[-37,152],[-110,114],[-47,-1],[-62,-88],[15,171],[-3,132],[-63,184],[-21,146],[-26,56],[-60,23],[-38,226],[5,89],[87,61],[17,-120],[61,-202],[-20,-123],[3,-89],[85,-278],[53,-109],[69,74],[10,79],[-53,10],[-2,66],[-57,111],[-52,180],[24,309],[33,150],[-6,91],[-31,74],[-88,-46],[-32,-60],[-73,-31],[-53,97],[-42,-70],[-37,62],[-145,118],[-69,72],[-4,244],[-34,298],[-56,318],[-36,100],[-90,161],[-68,179],[-170,400]],[[22472,38586],[155,2]],[[22627,38588],[1,-653]],[[22628,37935],[-153,-2]],[[22475,37933],[-2,165]],[[22473,38098],[-1,488]],[[16295,52084],[17,17],[24,-87],[28,-1],[54,50],[11,67],[48,94]],[[16477,52224],[-2,-1037],[34,-2],[0,-164],[35,0],[-9,-190]],[[16535,50831],[-196,1]],[[26204,49141],[66,-5]],[[26337,49134],[1,-645]],[[26204,48485],[0,656]],[[26404,49134],[57,3]],[[26461,49137],[0,-309]],[[26461,48828],[-1,-320]],[[26460,48508],[-55,-23],[-67,4]],[[21886,56032],[-108,1]],[[21778,56033],[1,326],[-13,0],[0,652],[-12,0],[0,163]],[[24616,43351],[97,-9]],[[24711,42689],[0,-163]],[[24711,42526],[-96,15]],[[24615,42541],[1,810]],[[22470,39892],[156,-1]],[[22626,39891],[0,-488]],[[22626,39240],[-155,-1]],[[22471,39239],[-1,490]],[[22470,39729],[0,163]],[[26588,28169],[14,-122],[17,0],[23,-80]],[[26642,27967],[6,-74],[-24,-126],[-5,-138]],[[26619,27629],[-29,52]],[[26590,27681],[-34,93],[-19,200]],[[25146,48638],[134,-4],[0,84]],[[25280,48718],[67,-1],[0,-86]],[[25347,48631],[1,-652]],[[25348,47979],[-67,1]],[[25281,47980],[0,164],[-135,4]],[[25146,48148],[0,490]],[[25788,42728],[15,-81],[43,0],[-1,-245]],[[25845,42402],[0,-243]],[[25845,42159],[-89,1]],[[25756,42160],[-1,243],[-20,0]],[[25735,42403],[-1,191],[7,137],[47,-3]],[[22315,40543],[150,0]],[[22465,40543],[5,-1]],[[22470,40542],[0,-650]],[[22470,39729],[-153,1]],[[22317,39730],[-3,0]],[[22314,39730],[1,813]],[[22309,40544],[6,-1]],[[22314,39730],[-151,-2]],[[22163,39728],[-4,1]],[[22159,39729],[1,813]],[[22471,39239],[0,-325]],[[22471,38914],[-153,0]],[[22318,38914],[-2,0]],[[22316,38914],[1,816]],[[31250,467],[14,14]],[[31264,481],[12,-236]],[[31276,245],[-21,14]],[[31255,259],[-7,37]],[[31248,296],[2,171]],[[31454,535],[8,-69]],[[31462,466],[-3,-90]],[[31459,376],[-9,-36]],[[31450,340],[-16,143]],[[22328,58187],[292,1]],[[22620,58188],[0,-529],[7,-1],[0,-326]],[[22627,57332],[-109,2]],[[22518,57334],[-182,0]],[[26049,43226],[86,6]],[[26135,43232],[0,-165]],[[26135,43067],[0,-491],[-32,-2]],[[26050,42573],[-1,653]],[[23278,39885],[0,380],[5,0]],[[23283,40265],[109,0]],[[23392,40265],[0,-543],[-2,-159]],[[23390,39563],[-45,-20],[-24,68],[-18,-24]],[[23303,39587],[-27,15],[2,283]],[[24455,44994],[130,-2]],[[24585,44992],[0,-327]],[[24585,44665],[-1,-326]],[[24584,44339],[-130,2]],[[24454,44341],[1,490]],[[25845,42402],[59,2]],[[25904,42404],[84,5]],[[25988,42113],[-104,-8],[-2,-55]],[[25882,42050],[-37,109]],[[22073,53759],[129,-2]],[[22202,53757],[115,-3]],[[22317,53754],[0,-650]],[[22083,53104],[-11,1],[1,654]],[[25988,42059],[0,-298]],[[25988,41761],[-106,-6]],[[25882,41755],[0,295]],[[23384,34009],[25,-1],[0,163],[30,1]],[[23439,34172],[60,-1]],[[23499,34171],[-3,-487],[0,-491]],[[23496,33193],[-89,0]],[[23407,33193],[0,326],[-39,1]],[[23368,33520],[11,91],[-16,85],[1,103],[15,87],[5,123]],[[22066,49199],[15,-123],[32,12],[32,-64],[13,88],[-24,44],[9,85]],[[22143,49241],[24,-47]],[[22167,49194],[10,-79],[-6,-91],[14,-87],[20,-16],[24,-96],[0,-114]],[[22245,47898],[-66,0]],[[22179,47898],[-25,23],[0,430],[-24,-16],[-34,-78],[-41,-8],[-9,38],[-30,-35],[-31,47]],[[21985,48299],[-30,5]],[[21955,48304],[-8,244],[0,602]],[[21947,49150],[0,48],[119,1]],[[24947,48800],[120,2]],[[25067,48802],[0,-199],[-7,-133],[-14,-79],[-1,-225]],[[25045,48166],[-98,-1]],[[24947,48165],[0,635]],[[22466,41356],[64,0]],[[22530,41356],[95,-1]],[[22625,41355],[0,-651]],[[22625,40541],[-155,1]],[[22465,40543],[1,813]],[[21857,38920],[123,-4]],[[21981,38101],[-123,3]],[[21858,38104],[-1,816]],[[22747,50988],[75,1]],[[22822,50989],[95,-3],[1,-325]],[[22918,50661],[-1,-322]],[[23145,55379],[143,2]],[[23288,55381],[1,-652]],[[23145,54730],[0,649]],[[21848,40543],[151,-2]],[[21999,40541],[5,1]],[[22004,40542],[-1,-814]],[[22003,39728],[-155,2]],[[21848,39730],[0,813]],[[24494,22693],[33,70]],[[24527,22763],[28,30],[12,-23]],[[24567,22770],[5,-166],[16,-136]],[[24588,22468],[-17,-211],[-16,-145]],[[24555,22112],[-21,-165]],[[24534,21947],[-5,136]],[[24529,22083],[2,191],[-27,88],[-19,230]],[[24485,22592],[9,101]],[[24405,25922],[41,3],[5,-38]],[[24451,25887],[-5,-166],[-25,-109],[-8,-103],[1,-162],[11,-90],[-12,-48],[-1,-178],[-33,-14],[13,-143]],[[24392,24874],[-10,-139],[17,-146],[-20,-74]],[[24379,24515],[-7,-54]],[[24372,24461],[1,44]],[[24373,24505],[0,93],[-18,1]],[[24355,24599],[1,169],[12,100],[-37,91],[-7,55]],[[24324,25014],[-8,67],[23,428],[-13,78],[6,109],[19,-31],[12,226],[16,-11],[26,42]],[[23981,38602],[-3,-500]],[[23978,38102],[5,-144],[-2,-231]],[[23981,37727],[-122,20]],[[23859,37747],[2,236],[-7,15]],[[24052,33350],[50,-8],[0,136],[60,-4]],[[24162,33474],[-1,-136],[50,-7]],[[24211,33331],[-3,-652]],[[24208,32679],[-64,9]],[[24144,32688],[0,163],[-103,13]],[[24041,32864],[10,161],[1,325]],[[22441,23580],[51,5],[16,-30]],[[22571,23443],[-13,-131]],[[22523,22716],[-32,-187]],[[22491,22529],[-49,376]],[[22442,22905],[-1,675]],[[22017,23974],[176,1]],[[22193,23975],[0,-395],[50,0]],[[22243,23580],[1,-398]],[[22244,23182],[-126,7]],[[22118,23189],[-101,-1]],[[22017,23188],[0,786]],[[24026,35872],[61,-7]],[[24087,35865],[121,-14]],[[24253,35845],[-2,-491],[-4,1]],[[24247,35355],[-182,22]],[[24065,35377],[-40,6]],[[24025,35383],[1,489]],[[21102,38107],[183,3]],[[21285,38110],[0,-829],[-1,-337]],[[21284,36944],[-92,-1]],[[21192,36943],[-91,1]],[[21471,28182],[107,4]],[[21578,28186],[1,-817]],[[21579,27369],[-144,-4]],[[21435,27365],[-1,815]],[[17946,58188],[183,-3]],[[18129,58185],[16,-166],[-12,-42],[29,-129],[31,66],[22,-64],[0,-84],[16,-109],[-13,-190],[13,-39],[44,-17],[22,-72],[-4,-169],[36,-76],[1,-197]],[[18330,56897],[31,-118],[2,-144],[26,-60],[34,-13]],[[18423,56562],[33,-210],[-5,-136],[-20,14]],[[18431,56230],[-22,-128],[-5,-253],[-23,-57],[10,-110],[-4,-122]],[[18387,55560],[-90,8]],[[18297,55568],[-47,0]],[[18250,55568],[10,156],[-20,187],[1,201],[-22,116],[-27,48],[-11,137],[-38,0],[-16,-53],[11,-114],[-127,-1],[4,-322],[-35,0]],[[17980,55923],[0,161],[-107,-6],[0,244],[-6,27]],[[17867,56349],[-3,390],[48,0],[0,628],[-11,53],[3,129],[52,44],[15,145],[-10,68],[-15,382]],[[20940,26387],[72,0]],[[21012,26387],[110,0]],[[21122,26387],[0,-652]],[[21122,25735],[-79,0]],[[21043,25735],[-23,180],[-29,42],[-12,223],[-20,24],[-19,183]],[[28486,35074],[100,502],[15,31]],[[28601,35607],[21,-59]],[[28622,35548],[-3,-58]],[[28619,35490],[-11,-97],[-9,-494]],[[28599,34899],[-14,-1]],[[28585,34898],[-104,4]],[[28481,34902],[5,172]],[[24376,36530],[122,-14]],[[24498,36516],[10,0],[0,-192],[13,-211],[31,-105],[0,-89]],[[24552,35919],[-56,-18],[-1,-379]],[[24495,35522],[-122,10]],[[24373,35532],[1,299]],[[21722,28189],[38,13]],[[21866,28189],[-1,-820]],[[21865,27369],[-143,5]],[[21722,27374],[0,815]],[[21696,25733],[1,817]],[[21719,26550],[101,-1]],[[21819,25818],[-10,18],[-1,-268],[-112,-11]],[[21696,25557],[0,176]],[[20919,39236],[94,-4],[1,1308]],[[21014,40540],[2,0]],[[21016,40540],[154,-1]],[[21168,39551],[-1,-650],[-2,-145]],[[21165,38756],[0,-163],[-92,-17]],[[21073,38576],[-31,12],[-122,-1]],[[20920,38587],[-1,0]],[[20919,38587],[0,649]],[[21722,28189],[-107,-5]],[[21615,28184],[0,812]],[[22301,28177],[0,-827]],[[22301,27350],[-5,0]],[[22296,27350],[-139,-1]],[[22157,27349],[0,828]],[[22052,28183],[-43,-1]],[[22009,28182],[-105,6]],[[22580,32705],[21,0],[18,-59],[31,-22],[48,3]],[[22698,32627],[1,-899]],[[22699,31728],[0,-326]],[[22699,31402],[-118,0]],[[22581,31402],[-1,325]],[[22580,31727],[1,653],[-1,325]],[[22697,33356],[1,-652]],[[22698,32704],[0,-74]],[[22698,32630],[0,-3]],[[22580,32705],[-59,-1],[-2,326]],[[22519,33030],[0,325],[30,0]],[[23407,28986],[70,9],[18,-58]],[[23495,28937],[-3,-712]],[[23492,28225],[-33,172],[-29,-9],[-23,-66]],[[23407,28322],[0,664]],[[22266,45257],[128,1]],[[22394,45258],[1,-651]],[[22395,44607],[-126,1]],[[22269,44608],[-3,0]],[[22266,44608],[0,649]],[[23202,28667],[21,65],[15,96],[25,13],[16,88],[23,-21],[54,55]],[[23356,28963],[0,-776]],[[23356,28187],[-99,-4]],[[23257,28183],[-1,36],[-54,0]],[[23202,28219],[0,448]],[[28700,45860],[74,10]],[[28774,45870],[5,-291],[57,-21],[1,-99],[61,-1]],[[28898,45458],[-1,-287],[5,-79]],[[28902,45092],[-22,-1]],[[28880,45091],[-174,0]],[[28706,45091],[-3,349],[8,174],[-11,246]],[[26277,45228],[0,-584]],[[26277,44644],[-104,-1]],[[26173,44643],[-26,1]],[[26147,44644],[-1,583]],[[24153,48524],[0,26],[103,-2]],[[24256,48548],[97,0]],[[24353,48548],[0,-648]],[[24353,47900],[-97,0]],[[24256,47900],[-103,-1]],[[24153,47899],[0,625]],[[26283,43202],[113,2]],[[26396,43204],[0,-163],[16,-82]],[[26412,42959],[-16,-81],[0,-245]],[[26380,42633],[0,81],[-97,0]],[[26283,42714],[0,363]],[[26283,43077],[0,125]],[[26643,25128],[21,43]],[[26664,25171],[1,-96],[28,-111],[7,-135],[-4,-130],[7,-132]],[[26703,24567],[-50,9]],[[26653,24576],[-28,86]],[[26625,24662],[10,189],[8,50],[0,227]],[[26398,27161],[19,-78],[19,0]],[[26436,27083],[0,-142],[10,-117],[10,-8]],[[26387,26698],[11,245],[0,218]],[[25261,40700],[0,-383]],[[25261,40317],[-31,1],[-16,137],[-19,1],[-2,109],[-26,1],[0,137]],[[25167,40703],[-1,163],[19,97]],[[23805,45484],[65,0]],[[23805,44837],[0,647]],[[25045,30837],[89,0],[29,-27]],[[25163,30810],[0,-542]],[[25163,30268],[-88,-2]],[[25075,30266],[-29,0],[-1,163]],[[23828,36811],[-2,-272]],[[23826,36539],[-1,-272]],[[23825,36267],[-119,15]],[[23706,36282],[-8,111]],[[25819,36340],[87,28]],[[25906,36368],[30,-227],[-2,-89]],[[25934,36052],[-5,-213],[-11,15]],[[25918,35854],[-29,80],[-18,-44],[-33,167]],[[25838,36057],[-19,283]],[[22918,50661],[120,1]],[[23038,50662],[0,-321]],[[23038,50341],[0,-326]],[[23038,50015],[0,-164]],[[23038,49851],[-121,0]],[[24087,36640],[121,-16]],[[24087,35865],[-2,368],[2,407]],[[22152,27349],[5,0]],[[22296,27350],[-1,-815]],[[22295,26535],[-22,0]],[[22273,26535],[-121,4]],[[28302,35203],[13,12],[0,-66],[-13,-18],[0,72]],[[31213,303],[35,-7]],[[31255,259],[-6,-150]],[[31249,109],[-23,40],[-13,-52]],[[31213,97],[0,206]],[[22394,45258],[129,1]],[[22523,45259],[1,-325]],[[22524,44609],[-127,-2]],[[22397,44607],[-2,0]],[[7166,75142],[28,143],[26,41],[50,270],[57,123],[52,251],[-4,108],[28,107],[18,-52],[41,84],[5,-93],[-49,-302],[5,-136],[36,19],[24,95],[22,-113],[31,23],[29,-32],[6,-152],[-6,-104],[-27,-111],[-31,37],[-11,130],[-22,-42],[13,-160],[-22,-31],[-39,20],[-32,94],[-16,-222],[-32,-27],[-13,-96],[-46,-20],[-85,123],[-36,25]],[[6903,72296],[20,99],[54,42],[15,-115],[45,18],[-20,-110],[-78,-30],[-36,96]],[[6786,73837],[21,27],[4,122],[17,120],[80,226],[33,57],[68,-24],[0,-178],[29,-20],[18,86],[-14,221],[-20,-6],[0,205],[59,145],[42,-110],[6,-213],[16,19],[11,208],[-23,171],[23,61],[50,-136],[11,199],[29,-94],[29,19],[42,-46],[38,23],[-43,-191],[49,24],[23,118],[24,-34],[22,116],[29,-147],[16,-175],[-38,-26],[-6,-177],[10,-74],[77,-42],[-3,-66],[-35,-126],[-14,-176],[-39,84],[-51,-8],[-22,79],[-40,9],[-7,-74],[41,-25],[45,-141],[-8,-111],[-33,-26],[-19,-82],[-25,110],[-10,-121],[-62,-147],[60,12],[11,-113],[-85,-95],[-29,-73],[-23,82],[33,174],[-18,35],[-38,-199],[-27,-69],[11,-101],[-16,-98],[-26,-32],[2,-114],[-38,-43],[-41,-181],[-43,72],[14,108],[39,139],[-13,87],[33,294],[-34,-99],[-26,-179],[-41,-177],[-45,157],[-39,59],[3,162],[-7,221],[-20,134],[-22,30],[-25,154]],[[6779,72093],[28,163],[48,149],[23,-1],[16,-86],[-67,-154],[-29,-127],[-19,56]],[[6516,70955],[52,112],[-8,-231],[-35,19],[-9,100]],[[6917,76244],[138,0],[0,162],[49,0],[0,216],[106,0]],[[7210,76622],[-24,-15],[-16,-195],[-42,-104],[-34,-141],[-62,-10],[-10,-210],[-34,-9],[-4,-92],[20,-119],[-50,-103],[21,-77],[-12,-130],[-21,-49],[-33,-175],[-27,107],[-7,-168],[-33,-73],[-38,67],[-14,-97],[-35,45],[-27,-26],[-36,-112],[16,-92],[-10,-73],[-39,-72],[-25,7],[6,-200],[-20,-25],[-53,148],[-14,-37],[-3,-212],[-27,-43],[-2,-157],[-66,-10],[-21,38],[6,-234],[-32,60],[-56,-101],[-40,-147],[41,-5],[-1,-296]],[[6352,73485],[-115,0],[0,135],[37,189],[33,54],[0,135],[38,162],[44,0],[37,54],[0,55],[45,81],[0,81],[37,0],[21,243],[45,0],[53,135],[-1,570],[31,81],[45,0],[15,108],[76,27],[76,108],[9,108],[23,0],[16,81],[0,352]],[[26539,49786],[158,5]],[[26697,49791],[-4,-320],[-26,-127],[-23,2],[-16,-206]],[[26628,49140],[-89,-3]],[[26539,49137],[0,649]],[[18166,52006],[6,94],[31,32],[30,151],[21,-5],[26,75],[3,108]],[[18283,52461],[6,-5],[28,-318],[16,88],[17,9],[27,125],[26,-45]],[[18403,52315],[27,-98],[64,-113],[20,-231]],[[18514,51873],[-5,-171],[5,-105],[31,-88],[20,24],[11,-92],[2,-571],[35,0],[-1,-164],[40,0],[7,-326],[28,-1],[0,-79],[80,-5],[0,-135],[83,0]],[[18850,50160],[3,-58],[-15,-138],[5,-79],[-31,-24]],[[18812,49861],[-52,-50],[-18,78],[-45,-33],[-21,-48],[-50,89],[-20,-74],[-8,-151],[-24,59],[-85,9],[-16,-116],[6,-85]],[[18479,49539],[-38,77],[-15,61],[-1,140],[-21,143],[3,145],[-17,174],[-32,94],[-26,-71],[-23,104],[-21,190],[15,33],[-2,186],[-27,101],[-14,146],[-24,117],[-14,134],[0,125],[-11,44],[2,193],[-18,3],[7,153],[-25,73],[-11,102]],[[28527,37103],[18,78]],[[28545,37181],[18,-48],[13,-183],[13,-67],[26,3],[22,-160]],[[28637,36726],[-23,-24]],[[28614,36702],[-60,166]],[[28554,36868],[-11,46],[-16,189]],[[24015,34085],[15,-2]],[[24030,34083],[15,-83],[118,-14]],[[24163,33986],[0,-162]],[[24163,33824],[-1,-350]],[[24052,33350],[-39,4]],[[24013,33354],[4,649],[-2,82]],[[25691,43665],[40,91],[23,215],[17,60],[32,1]],[[25803,44032],[17,0]],[[25820,44032],[0,-489]],[[25820,43543],[-129,1]],[[24067,44174],[96,1]],[[24163,44175],[1,-650]],[[24036,43523],[-1,650]],[[21823,39730],[25,0]],[[22003,39728],[5,0]],[[22008,39728],[-2,-813]],[[21857,38920],[-36,-1]],[[25019,24347],[56,0]],[[25075,24347],[71,2]],[[25146,24349],[0,-328]],[[25146,24021],[0,-109]],[[25146,23912],[-99,0],[-28,-55]],[[25019,23857],[0,490]],[[22782,43310],[128,-2]],[[26540,42557],[0,328]],[[26642,42882],[5,-218],[22,-28]],[[26669,42636],[0,-339]],[[26641,42294],[-101,65]],[[22433,32867],[0,163]],[[22433,33030],[86,0]],[[22580,31727],[-146,1]],[[22434,31728],[-1,453]],[[22433,32181],[0,686]],[[28364,39212],[12,29],[1,-66],[-13,37]],[[28333,38143],[-24,46]],[[28309,38189],[17,19],[7,-65]],[[27470,35711],[55,78],[17,98],[30,65]],[[27572,35952],[14,18]],[[27586,35970],[6,-181],[-36,-289]],[[27556,35500],[-30,-72],[-28,-160],[-6,-73]],[[27492,35195],[-47,417]],[[27445,35612],[25,99]],[[16499,30272],[46,-38],[26,-133],[-17,-49],[-42,39],[-1,97],[-12,84]],[[16408,30131],[48,43],[28,-154],[-41,-87],[-13,43],[-22,155]],[[16352,30198],[24,66],[1,-108],[-25,42]],[[16296,31951],[4,-28],[38,63],[18,-15],[37,-149],[-10,188],[43,58],[11,109],[17,36],[28,-107],[15,4],[51,-161],[20,0],[38,-142],[18,7]],[[16624,31814],[8,0]],[[16632,31814],[-1,-930],[-9,-51]],[[16622,30833],[-23,68],[-31,5],[-10,-39],[-24,42],[-22,-16],[-38,96],[-37,24],[-44,-11],[-48,-36],[-11,140],[-37,109],[12,207],[-10,120],[8,162],[-11,109],[0,138]],[[26081,31229],[117,-2]],[[26198,31227],[-20,-283],[-43,-125],[-15,-156],[-20,1]],[[26100,30664],[-15,444]],[[26085,31108],[-4,121]],[[21936,50513],[204,0]],[[22140,50513],[-1,-654]],[[22139,49859],[-237,-1]],[[21902,49858],[-31,68],[7,231],[-29,119]],[[21849,50276],[12,98],[18,-101],[19,-15],[34,154],[4,101]],[[25642,31411],[50,-186],[38,-67]],[[25730,31158],[24,72],[10,-69],[22,57],[10,-69]],[[25796,31149],[-8,-327],[0,-124]],[[25788,30698],[-148,17]],[[25640,30715],[2,696]],[[9229,79505],[17,22],[58,-42],[-24,-66],[-51,86]],[[8865,80410],[57,60],[-8,-109],[-49,49]],[[8815,79987],[3,139],[26,28],[24,-146],[-11,-71],[-42,50]],[[8695,78359],[12,147],[53,252],[30,54],[52,170],[23,189],[26,70],[7,178],[27,56],[12,-148],[29,-78],[-62,-189],[-48,-208],[-9,-129],[-33,-96],[31,-92],[-20,-67],[-45,12],[-16,-92],[-54,-66],[-15,37]],[[8689,79220],[44,435],[50,167],[-1,-368],[-24,-156],[-16,-242],[-53,164]],[[8670,80120],[15,50],[33,-100],[-24,-80],[-24,130]],[[8547,81432],[200,0]],[[8747,81432],[0,-162],[149,0],[0,-79],[279,0],[0,-162],[199,0],[300,0],[-3,-325],[198,0],[0,-324],[98,0],[0,-162],[145,0],[0,-316],[245,0],[0,-162]],[[10357,79740],[-342,0],[-195,-931],[0,-70]],[[9820,78739],[-40,63],[-45,-43],[-63,-192],[-5,85],[62,187],[46,3],[-16,107],[-49,77],[-17,-92],[-52,184],[-104,60],[47,82],[-63,82],[36,252],[-57,-71],[0,-91],[-20,-105],[-40,19],[-70,155],[-24,108],[-40,43],[-33,-55],[-17,88],[-84,-79],[-37,8],[0,-87],[60,44],[-3,-120],[-28,-60],[-41,-15],[-60,-161],[-24,81],[-7,209],[23,133],[30,46],[21,-50],[46,94],[37,20],[57,95],[42,32],[-60,137],[-37,-67],[-34,31],[29,145],[-93,-85],[-47,24],[-10,92],[97,82],[48,114],[-22,39],[-19,-86],[-62,-22],[-18,110],[-38,18],[3,148],[38,239],[96,9],[-7,61],[-90,-7],[-22,-103],[-26,-39],[-22,-125],[-31,-78],[-12,259],[-33,-172],[-67,-193],[-48,56],[-11,-62],[-48,72],[-7,-74],[16,-104],[-52,13],[-33,-78],[-32,85],[23,204],[32,171],[0,85],[50,198],[9,160],[-72,-340],[-26,-148],[-24,-10],[-29,-153],[-19,-213],[19,-95],[48,-25],[4,-147],[-45,-124],[-22,-121],[22,-69],[18,119],[29,72],[30,-143],[11,-141],[-24,-308],[-28,-79],[60,-198],[27,-137],[-16,-124],[-47,-99],[-50,71],[-26,107],[-25,-105],[-51,-76]],[[8512,78646],[7,354],[-1,540],[-28,0],[2,595],[-24,0]],[[8468,80135],[2,216],[74,0],[0,594],[3,487]],[[24228,42475],[-48,-6]],[[24180,42469],[-80,-12]],[[24100,42457],[0,576]],[[21017,41354],[65,0],[2,814]],[[21084,42168],[190,4]],[[21274,42172],[-3,-163],[0,-653],[-3,0],[0,-813]],[[21016,40540],[0,325]],[[21266,48249],[177,1],[10,25]],[[21453,48275],[0,-420],[8,-162]],[[21469,46962],[-198,1]],[[21213,46964],[0,891]],[[21213,47855],[0,242],[19,24],[8,105],[26,23]],[[26450,27677],[22,299]],[[26590,27681],[0,-1]],[[26590,27680],[-18,2],[-66,-304]],[[26506,27378],[-13,66],[-15,202],[-28,31]],[[23334,47441],[132,-1]],[[23466,47440],[0,-646]],[[23334,46795],[0,646]],[[23085,53755],[30,0],[0,163]],[[23397,53918],[2,-653]],[[23399,53265],[2,-490]],[[23228,52776],[-138,2]],[[23090,52778],[-5,329],[0,648]],[[23853,49851],[68,0]],[[23921,49851],[0,-134],[67,0]],[[23988,49717],[0,-515]],[[23853,49201],[0,650]],[[23034,42330],[111,0]],[[23145,42330],[0,-488]],[[23145,41842],[-111,0]],[[23034,41842],[0,488]],[[26412,43532],[0,-327],[-16,-1]],[[26283,43202],[0,493]],[[22049,31524],[1,-348]],[[22050,31176],[0,-465]],[[22050,30711],[-117,3]],[[25759,39303],[1,164]],[[25760,39467],[101,-3]],[[25861,39464],[11,0],[1,-425]],[[25873,39039],[-9,-142]],[[25864,38897],[-105,-2]],[[25759,38895],[0,408]],[[24454,44341],[0,-327]],[[24454,44014],[-32,1]],[[24422,44015],[-10,163],[-86,1]],[[24326,44179],[-1,655]],[[24837,41555],[27,36],[41,-2],[28,57],[13,-66]],[[24946,41580],[6,-56],[1,-217]],[[24953,41307],[-34,-2],[-1,-109],[-18,-27],[-63,-1]],[[24842,25941],[61,24]],[[24903,25965],[0,-308],[33,-94],[14,-87],[0,-149]],[[24950,25327],[-18,0]],[[24932,25327],[-48,1],[0,-82],[-37,0]],[[24847,25246],[-5,247],[0,448]],[[22008,39728],[151,1]],[[22163,39728],[-2,-815]],[[27955,34310],[2,572]],[[27957,34882],[17,1]],[[27974,34883],[77,1]],[[28051,34884],[-15,-164],[1,-509],[3,-14]],[[28026,33910],[-38,98],[-19,-6]],[[27969,34002],[-15,45],[1,263]],[[23552,41587],[2,488]],[[23554,42075],[107,-5]],[[23661,42070],[-1,-463]],[[23660,41607],[0,-190]],[[23660,41417],[-108,8]],[[23552,41425],[0,162]],[[21615,28996],[-144,-10]],[[31215,1160],[13,-100]],[[31228,1060],[-21,-134]],[[31207,926],[-8,49]],[[31199,975],[-3,95],[19,90]],[[27474,35990],[-14,-83]],[[27460,35907],[-4,67],[18,16]],[[20353,54784],[36,0],[0,-164],[35,0],[0,165],[119,0]],[[20766,54185],[-1,-329]],[[20765,53856],[-35,-53],[0,-82]],[[20730,53721],[-35,0],[0,-81],[-35,-54],[-71,2],[0,54],[-58,1],[-12,163],[-24,0],[-11,163],[0,163],[-60,-1],[0,54],[-71,-1]],[[20353,54184],[0,600]],[[27084,36698],[20,68]],[[27104,36766],[8,-65],[28,-36],[20,54],[36,-90],[60,-95]],[[27256,36534],[-14,-163]],[[27242,36371],[-24,-125],[-31,-120],[-33,-9],[-17,69]],[[27137,36186],[-6,69],[-26,58],[-21,101],[-6,159],[6,125]],[[27024,22913],[26,0]],[[27050,22913],[0,-794]],[[27050,22119],[-1,-1]],[[27049,22118],[-19,198],[-19,45],[-25,-7],[-33,81],[-6,67]],[[26947,22502],[32,61],[13,135],[9,11],[22,142],[1,62]],[[25952,23374],[30,39],[9,57],[101,-7],[1,244],[14,0]],[[26107,23707],[14,-1]],[[26121,23706],[-1,-685]],[[26120,23021],[0,-517]],[[26120,22504],[-42,133],[-14,112],[-30,78],[-50,222],[-33,100]],[[25951,23149],[1,225]],[[31448,657],[17,59]],[[31465,716],[4,-34]],[[31469,682],[6,-64]],[[31475,618],[-20,-74]],[[31516,769],[22,-22]],[[31538,747],[7,-44]],[[31536,627],[-13,-42]],[[31523,585],[-7,184]],[[24903,25965],[29,11]],[[24932,25976],[70,31]],[[25003,25328],[-15,0]],[[24988,25328],[-38,-1]],[[24546,33324],[209,-16]],[[24755,33308],[0,-489]],[[24755,32819],[-60,6]],[[24695,32825],[-59,15],[-90,-13]],[[24546,32827],[0,497]],[[15539,52849],[24,-3],[18,52]],[[15581,52898],[28,24],[59,-190],[25,-230],[8,-206]],[[15701,52296],[6,-229]],[[15707,52067],[-46,-13]],[[15661,52054],[-29,108],[-92,1]],[[15540,52163],[-1,686]],[[26060,31970],[36,-3]],[[26096,31967],[31,0]],[[26127,31967],[-24,-283],[0,-136],[-11,-168],[-13,-85]],[[26079,31295],[-13,442]],[[26066,31737],[-6,233]],[[26328,25000],[29,-5],[-1,-331]],[[26356,24664],[-53,-19]],[[26303,24645],[-53,7]],[[26250,24652],[1,343],[66,-9],[11,14]],[[26562,26019],[53,1],[0,94]],[[26652,26101],[7,-167]],[[26659,25934],[-10,-116],[-3,-191]],[[26646,25627],[-41,5],[0,-54]],[[26605,25578],[-16,96],[-25,7],[-2,338]],[[25138,26806],[1,-744]],[[25139,26062],[-9,-4]],[[25026,26016],[-2,789]],[[22130,51815],[274,-4]],[[22404,51811],[1,-650]],[[22405,51161],[-237,3]],[[22168,51164],[-38,0]],[[22130,51164],[0,651]],[[25146,24349],[14,-1],[0,164]],[[25160,24512],[114,1]],[[25274,24513],[4,-492]],[[25278,24021],[-132,0]],[[31308,451],[21,-9]],[[31329,442],[4,-74],[-6,-212]],[[31327,156],[-17,39]],[[31310,195],[-2,256]],[[17127,31666],[9,0],[1,1388],[-1,436]],[[17136,33490],[194,-4],[251,-3],[84,0],[24,30]],[[18110,30695],[-8,-100],[-24,-142],[-45,-124],[-6,-52]],[[17125,29887],[-31,140]],[[22782,45751],[98,-1]],[[22880,45750],[0,-163],[54,0]],[[22934,45587],[0,-325]],[[22934,45262],[-55,0]],[[22782,45263],[0,488]],[[22317,53754],[167,2]],[[22597,53755],[0,-651]],[[23546,45484],[64,0]],[[23675,45485],[0,-648]],[[23675,44837],[-32,-1]],[[23643,44836],[-97,0]],[[23546,44836],[0,648]],[[23173,36299],[1,164]],[[23174,36463],[122,-5]],[[23296,36458],[1,0]],[[23297,36458],[0,-720]],[[23297,35738],[-74,0]],[[23223,35738],[-50,0]],[[23173,35738],[0,561]],[[22660,36627],[182,2]],[[22842,36629],[2,-891]],[[22844,35738],[-88,-1]],[[22756,35737],[-95,0]],[[22660,36462],[0,165]],[[22214,20102],[3,1]],[[22218,19287],[-201,-13]],[[22017,19274],[0,843]],[[25349,35491],[42,79],[36,95]],[[25427,35665],[31,27],[9,52]],[[25467,35744],[20,-73],[-4,-389],[-5,-221]],[[25478,35061],[-45,-7],[1,57],[-61,27]],[[25373,35138],[-11,129]],[[25362,35267],[-13,224]],[[25044,39534],[0,354],[31,0]],[[25075,39888],[93,-3]],[[25199,39156],[-124,-4],[0,-164]],[[25075,38988],[-32,10]],[[25043,38998],[1,536]],[[21746,32339],[153,2]],[[21786,31528],[-41,0]],[[21745,31528],[1,811]],[[22648,48553],[-33,2]],[[22406,51160],[205,-6]],[[22611,51154],[0,-163]],[[22407,50512],[-1,648]],[[22849,49200],[67,0]],[[22916,49200],[0,-650]],[[11915,74709],[-24,40],[-32,137],[5,281],[53,134],[-10,230],[33,-4],[12,-183],[28,98],[45,-42],[54,159],[14,-87],[40,-50],[39,-148],[15,18],[34,-88],[46,-16],[37,-72],[18,-132],[-4,-108],[-22,-70],[14,-128],[-43,-89]],[[11478,76536],[116,183]],[[11594,76719],[22,5],[50,174],[122,291],[69,13],[25,177]],[[12173,75771],[-18,-27],[-33,80],[-27,-59],[-50,-30],[2,129],[-8,230],[4,86],[-28,175],[-21,193],[-17,-109],[-27,-8],[-69,161],[-9,167],[-29,-71],[13,-96],[34,-107],[40,-207],[28,2],[7,-169],[26,-126],[16,-251],[-19,-71],[-43,-52],[-20,118],[-15,-151],[-43,37],[-13,-185],[-31,3],[-23,133],[-45,192],[-46,-1],[-107,309],[-52,120],[-1,80],[-60,188],[-11,82]],[[12687,74761],[118,543]],[[12805,75304],[28,-282],[58,-293],[31,-258],[29,-183]],[[12951,74288],[-41,-58],[-18,58],[7,100],[-10,109],[-38,-5],[-49,46],[-26,100],[-19,-41],[-39,93],[-17,-92]],[[12701,74598],[-14,163]],[[12661,74639],[17,80]],[[12678,74719],[-17,-80]],[[12377,75439],[-16,-105],[-4,-131],[31,-125],[27,46],[11,82],[100,116]],[[12526,75322],[-3,-143],[26,-121],[54,-396],[2,-228],[-28,64],[-10,185],[-22,-17],[-10,-92],[35,-194],[24,-79],[-3,-83],[25,-198],[-19,-14],[15,-184],[-26,-99],[-20,42],[-33,-224],[-96,-331],[-29,5],[-9,142],[-3,218],[36,165],[-17,161],[32,-15],[-40,226],[-35,390],[7,201],[-11,130],[-14,300],[3,71],[-36,221],[-15,285],[4,80],[64,-266],[3,-85]],[[22195,29817],[146,0]],[[22341,29817],[-1,-816]],[[22196,29004],[-1,626]],[[22195,29630],[0,187]],[[22140,50513],[28,-1]],[[22168,50512],[73,0]],[[22244,49198],[-77,-4]],[[22143,49241],[0,618],[-4,0]],[[22731,27426],[130,-12]],[[22861,26886],[-109,-160],[0,-15]],[[22752,26711],[-10,-74],[-15,31],[-13,99]],[[22714,26767],[-1,216]],[[22713,26983],[0,443]],[[21554,26549],[23,1]],[[21696,25733],[-142,1]],[[21554,25734],[0,815]],[[22017,23188],[-163,-3]],[[21854,23185],[-73,-1]],[[21781,23184],[0,782]],[[27914,37740],[24,49],[-2,-103],[-22,54]],[[22194,55058],[0,-649],[9,0],[-1,-652]],[[22073,53759],[-47,1]],[[22026,53760],[2,651],[-11,0],[0,647]],[[22004,40542],[149,0]],[[21832,42661],[0,-656]],[[21832,42005],[-152,2]],[[21675,42007],[-1,650]],[[25554,28264],[28,5],[2,164],[9,73],[23,-4],[0,123],[12,62],[25,32]],[[25653,28719],[11,-1]],[[25664,28718],[0,-151],[16,-14],[0,-112],[24,-90]],[[25554,28022],[0,242]],[[26461,48828],[33,0],[0,-160],[38,-2]],[[26532,48666],[-5,-249],[-8,-30],[12,-161],[60,-149]],[[26591,48077],[0,-218]],[[26591,47859],[-33,0],[0,81],[-65,4],[0,81],[-33,3]],[[26460,48028],[0,480]],[[28073,40833],[22,191],[27,348],[-1,141],[20,147]],[[28141,41660],[16,-59],[41,-58],[18,-76]],[[28216,41467],[-15,-109],[-16,-255],[-34,-271]],[[28083,40833],[-10,0]],[[25711,26316],[114,4]],[[25825,26320],[0,-578],[-14,0],[0,-243]],[[25811,25499],[-57,-3]],[[25754,25496],[-38,2],[-19,201],[0,226]],[[25697,25925],[0,145]],[[25697,26070],[-1,245],[15,1]],[[25130,46019],[46,-6]],[[25176,46013],[19,3]],[[25195,46016],[1,-636]],[[25196,45380],[-65,-2]],[[25131,45378],[-1,641]],[[26037,39726],[34,3],[35,118]],[[26106,39847],[-2,-529]],[[26104,39318],[-25,-56],[-21,-110],[-20,-16]],[[26038,39136],[-31,-15]],[[26007,39121],[-1,488]],[[26006,39609],[-1,110],[32,7]],[[26451,36718],[8,65],[23,16]],[[26482,36799],[35,28],[16,-72]],[[26533,36755],[6,-47]],[[26539,36708],[28,-316]],[[26567,36392],[-44,-184]],[[26523,36208],[-32,36],[-23,94]],[[26468,36338],[3,71],[-21,248],[1,61]],[[24973,29607],[87,1],[0,31]],[[25060,29639],[44,1]],[[25104,29640],[0,-198],[5,-133]],[[25109,29309],[-20,-54]],[[25008,29118],[-35,-1],[0,408]],[[22781,38750],[123,0]],[[22904,38750],[0,-162],[31,0]],[[22935,38588],[-5,-326],[-1,-492]],[[22929,37770],[-87,4]],[[22842,37774],[0,163],[-61,-2]],[[22781,37935],[0,815]],[[22699,31728],[205,-2]],[[22904,31726],[0,-407]],[[22728,31076],[0,319],[-29,7]],[[21984,26541],[23,0]],[[22129,26540],[-2,-945]],[[22127,25595],[-109,6]],[[22018,25601],[-34,4],[-1,207]],[[21412,26549],[0,-815]],[[21412,25734],[-9,0]],[[21403,25734],[-125,1]],[[21278,25735],[-9,0]],[[21269,25735],[0,812]],[[25224,49939],[100,-11]],[[25324,49928],[15,4],[0,-645]],[[25339,49287],[-59,4]],[[25280,49291],[-94,-2]],[[25186,49289],[1,650],[37,0]],[[22782,41355],[126,-1]],[[22908,41354],[31,0]],[[22939,41354],[0,-814]],[[22939,40540],[-43,0]],[[22896,40540],[-114,2]],[[22782,40704],[0,651]],[[18843,45092],[128,4]],[[18971,45096],[0,-789]],[[18971,44307],[0,-614]],[[18971,43693],[-15,-82],[-46,-119]],[[18910,43492],[11,87],[-14,103],[-5,157],[-25,82],[-10,-23]],[[18867,43898],[-25,116]],[[18842,44014],[19,207],[4,270],[-9,262],[-13,66],[10,140],[-10,133]],[[6170,76678],[188,0],[0,-503],[-262,0]],[[6096,76175],[50,172],[24,241],[0,90]],[[25418,39200],[104,5]],[[25522,39205],[11,-138],[-7,-153],[-20,-55],[-16,-186]],[[25490,38673],[-73,4]],[[17120,38497],[146,-884],[0,-515],[0,-1412]],[[17266,35686],[-185,923]],[[17081,36609],[-166,807]],[[16915,37416],[21,-5],[184,1086]],[[26325,30900],[20,-59],[90,0]],[[26435,30841],[0,-86]],[[26435,30755],[0,-279]],[[26435,30476],[-27,-22],[-2,-94],[-16,-95]],[[26390,30265],[-67,9]],[[26323,30274],[2,626]],[[26772,24860],[22,0]],[[26794,24860],[0,-588]],[[26780,24234],[-6,183],[-38,6],[-6,141]],[[26730,24564],[9,74],[1,153],[35,-1],[-3,70]],[[25074,38551],[1,437]],[[25198,38744],[0,-245]],[[25198,38499],[-124,-2]],[[26404,47204],[123,8]],[[26527,47212],[2,-659]],[[26529,46553],[-66,-7]],[[26406,46544],[-2,640]],[[26404,47184],[0,20]],[[24913,30488],[0,-54],[-59,1]],[[24854,30435],[-57,-8]],[[24797,30427],[1,198],[-17,67],[-1,392]],[[24780,31084],[0,81]],[[22054,42661],[78,0],[16,-28]],[[22148,42633],[1,-625]],[[22149,42008],[-126,1]],[[22023,42009],[0,163],[31,-1],[0,490]],[[27234,43874],[108,-1]],[[27342,43873],[0,-400]],[[27342,43473],[0,-274],[-23,1]],[[27319,43200],[-86,1]],[[27233,43201],[1,673]],[[16966,50627],[30,154],[47,-84],[35,117],[18,-124],[59,1],[1,162],[82,2]],[[17238,50855],[135,-4]],[[17373,50851],[-18,-104],[4,-168],[-19,-171]],[[17340,50408],[-9,-108],[-31,-72],[-21,-244],[-7,-129],[-22,-124],[-5,-155],[15,-112],[-9,-66]],[[17251,49398],[-74,-2],[0,162],[-29,108],[-106,-2],[-32,-161],[-19,-163],[-22,-27]],[[23081,27961],[61,-6]],[[23142,27955],[0,-900]],[[23142,27055],[-105,3]],[[23016,27407],[3,502]],[[28378,36325],[9,-36],[-15,-60],[-8,96]],[[28364,36325],[14,0]],[[28263,34156],[28,-98],[18,-18],[4,-102],[32,-60]],[[28345,33878],[17,-186],[-2,-161]],[[28360,33531],[-11,26],[-77,-296]],[[28272,33261],[-15,105],[-9,181],[-22,74]],[[28226,33621],[37,535]],[[22489,28998],[0,132]],[[22489,29130],[123,1]],[[22612,29131],[17,-62]],[[22629,29069],[-1,-809]],[[22591,28263],[-104,9]],[[22487,28272],[2,726]],[[21974,45254],[28,-1]],[[22002,45253],[134,1]],[[22136,45254],[0,-647]],[[22136,44607],[-157,-1]],[[26214,29949],[4,-173]],[[26218,29776],[-4,-182],[-24,-27],[-42,-90],[-14,2]],[[26134,29479],[-13,465]],[[21752,35736],[-136,-5]],[[21616,35731],[-1,735]],[[25940,24503],[150,7]],[[26090,24510],[-24,-210],[-5,-101]],[[26061,24199],[-5,-162],[-33,5],[-4,80],[-20,3],[-6,-164]],[[25993,23961],[-54,2],[1,540]],[[26596,29374],[49,413]],[[26645,29787],[27,-224]],[[26672,29563],[27,-253],[11,-53],[-2,-95]],[[26708,29162],[-71,-92]],[[26595,29242],[1,132]],[[26167,42061],[5,352]],[[26172,42413],[37,1]],[[26209,42414],[74,8]],[[26283,42422],[0,-411]],[[26283,41932],[-116,-7]],[[26167,41925],[0,136]],[[22324,37111],[0,-491]],[[22324,36620],[0,-162]],[[22324,36458],[-148,-5]],[[22176,36453],[-3,162]],[[22173,36615],[-1,499]],[[26274,47186],[0,-652]],[[26274,46534],[-66,1]],[[26208,46535],[-66,-2]],[[23704,35830],[2,452]],[[23825,36267],[6,-1],[-1,-343]],[[23830,35923],[-1,-191]],[[23829,35732],[0,-137]],[[23829,35595],[-126,17]],[[23703,35612],[1,218]],[[22397,44607],[0,-648]],[[22271,43959],[-2,649]],[[21476,43637],[0,324],[20,0]],[[21657,43962],[38,-1]],[[26716,42182],[64,-19]],[[26780,42163],[26,-35],[-1,-107],[52,-16]],[[26857,42005],[-2,-135]],[[26855,41870],[-3,-283]],[[26852,41587],[-114,32]],[[25398,34530],[24,-35],[31,-1],[19,64],[34,-1]],[[25506,34557],[22,-62]],[[25528,34495],[-3,-160],[-12,-133]],[[25513,34202],[-47,111],[-60,11]],[[25406,34324],[-8,206]],[[27869,37913],[22,70],[-5,-144],[-17,74]],[[21977,51166],[153,-2]],[[22168,51164],[0,-652]],[[21936,50513],[-5,173],[9,69],[28,-23],[-10,158],[13,112],[6,164]],[[19940,37886],[158,-1]],[[20098,37885],[1,-357]],[[20099,37528],[-39,-32],[-2,-493],[6,-1],[-1,-471]],[[20063,36531],[-99,-1]],[[19964,36530],[0,406]],[[19964,36936],[0,241],[-15,197],[1,131],[-10,40]],[[19940,37545],[16,179],[-15,71],[-1,91]],[[26525,31975],[88,-2],[19,11]],[[26632,31984],[1,-86],[-30,-127],[1,-104]],[[26604,31667],[-8,-41]],[[26596,31626],[-28,-15]],[[26568,31611],[-7,194],[-31,62],[-5,108]],[[21225,51103],[4,972],[0,397]],[[21229,52472],[263,-1]],[[21492,52471],[0,-883]],[[21492,51588],[0,-812]],[[21492,50776],[-267,3]],[[21225,50779],[0,324]],[[27108,27601],[12,-14],[24,-144],[46,-141]],[[27190,27302],[2,-135],[21,-166],[8,-163]],[[27221,26838],[-96,-165]],[[27125,26673],[-10,158],[-21,70],[-21,-12]],[[27073,26889],[14,275],[-16,102],[1,81],[-16,47]],[[27056,27394],[8,128]],[[25656,39795],[103,-4]],[[25759,39791],[1,-324]],[[25759,39303],[-61,-1]],[[25698,39302],[-54,-1]],[[25644,39301],[-40,8]],[[25604,39309],[0,493]],[[22626,40054],[0,-163]],[[23985,39347],[1,82],[32,173]],[[24018,39602],[7,-92],[18,-67],[35,9],[44,-26]],[[24122,39426],[17,-91]],[[24139,39335],[-33,-453],[-62,8]],[[24044,38890],[-61,17]],[[26109,37832],[1,54]],[[26110,37886],[53,-108],[37,-98]],[[26200,37680],[-18,-122]],[[26182,37558],[-65,-60],[-25,95]],[[26092,37593],[-6,40],[12,157],[11,42]],[[27249,41752],[1,169],[16,-2],[2,243]],[[27268,42162],[91,-16]],[[27359,42146],[21,-3],[-5,-493]],[[27375,41650],[-95,20]],[[27280,41670],[-32,3],[1,79]],[[21722,27367],[0,7]],[[21865,27369],[-1,-823]],[[25051,50109],[173,-6],[0,-164]],[[25186,49289],[-41,-1]],[[25145,49288],[-94,1]],[[25051,49289],[0,820]],[[31177,900],[15,-116]],[[31192,784],[-11,-31]],[[31181,753],[-4,147]],[[22940,25493],[57,-564]],[[22997,24929],[-65,-216]],[[22932,24713],[-67,-223]],[[22865,24490],[-58,549]],[[21345,31525],[100,1]],[[21445,31526],[47,1]],[[21467,30714],[-122,-1]],[[21345,30713],[0,812]],[[25264,41879],[0,219]],[[25264,42098],[147,1]],[[25411,42099],[-2,-326],[1,-646]],[[23597,47440],[0,-649]],[[23597,46791],[-131,3]],[[24195,45649],[65,0]],[[24325,44834],[-130,2]],[[24195,44836],[0,813]],[[25892,35066],[64,-21]],[[25956,35045],[53,-13]],[[26009,35032],[-7,-229]],[[26002,34803],[-4,-164]],[[25998,34639],[-42,27]],[[25956,34666],[-53,34],[-17,81]],[[25886,34781],[6,285]],[[27608,33721],[141,-39]],[[27749,33682],[0,-106]],[[27749,33576],[-4,-614]],[[27745,32962],[-59,-7]],[[27686,32955],[-83,-11]],[[27603,32944],[5,777]],[[21780,54740],[60,0],[0,319],[21,0]],[[22026,53760],[-161,2]],[[21865,53762],[-33,97],[-16,139],[5,83],[-25,186],[-8,147]],[[17304,58185],[273,4]],[[17577,58189],[0,-933]],[[17577,57256],[-205,-3],[0,649],[-68,-2]],[[17304,57900],[0,285]],[[26427,37736],[57,90]],[[26484,37826],[32,-345]],[[26516,37481],[-10,-175]],[[26506,37306],[-21,29]],[[26485,37335],[-38,31],[-15,90],[-19,-48]],[[26413,37408],[4,204],[10,124]],[[12399,71811],[-9,-211]],[[13622,71462],[40,49],[28,-215],[-4,-179],[-38,-271]],[[13232,69477],[27,201],[-16,182],[15,76],[43,-131],[13,-269],[-10,-102],[-40,48],[-32,-5]],[[12635,70267],[15,189],[33,-15],[7,-81],[31,10],[12,90],[26,16],[16,-64],[-6,-96],[-46,-88],[15,-95],[-44,-115],[-9,-156],[-23,118],[16,107],[-1,125],[-28,82],[-14,-27]],[[12627,71214],[34,199],[39,181],[-20,130],[-10,138],[22,79],[46,-38],[71,-28],[26,-148],[18,-221],[22,-160],[25,-19],[56,-192],[46,-261],[3,-185],[28,-65],[31,-291],[-74,157],[-15,-182],[45,61],[25,-81],[25,-176],[17,-22],[11,-140],[-5,-94],[41,39],[5,-88],[-10,-170],[-22,-153],[31,-21],[0,-327],[7,-116],[-20,-168],[-31,-18],[-32,80],[-31,31],[-22,141],[28,48],[-39,88],[-35,125],[19,247],[-54,68],[15,-166],[-18,-93],[-47,91],[13,149],[-18,160],[-52,78],[30,-231],[34,-433],[45,80],[28,-105],[4,-198],[-15,-26],[-2,-154],[-28,-12],[-25,48],[-3,100],[-20,65],[-49,284],[-12,169],[-20,116],[4,256],[-32,-45],[-28,12],[-9,67],[5,135],[55,88],[28,9],[22,72],[-29,153],[1,177],[-24,-33],[-48,140],[12,43],[-6,136],[-27,31],[-4,-114],[-33,63],[-16,93],[13,84],[28,22],[37,-87],[21,29],[-10,136],[-18,25],[-26,163],[-50,-157],[-27,132]],[[12474,71114],[28,36],[10,-122],[-15,-67],[-23,153]],[[12764,73174],[15,-164],[-51,-77],[-17,-154],[12,-294],[10,-17],[6,-261]],[[12739,72207],[-27,-108],[-42,20],[-14,191],[-30,-102],[12,-47],[-1,-146],[-23,-3],[8,-132],[-13,-181],[-17,-81],[-5,-166],[-35,7],[-14,-166],[-15,31],[-19,184],[-1,176],[-10,139],[1,121],[27,331],[-34,44],[5,123],[-21,90],[-11,335],[41,164],[62,-23],[29,-220],[21,76],[-15,216],[-36,127],[12,84],[33,44],[77,-75],[46,-70],[34,-16]],[[22525,56682],[108,-1]],[[22633,56681],[6,-326],[0,-652]],[[22639,55703],[-28,0]],[[22467,55704],[-7,-1],[0,326]],[[22460,56029],[0,129]],[[22460,56158],[0,198],[29,0],[0,325],[36,1]],[[23508,51315],[106,1],[0,-82],[34,2]],[[23648,51236],[1,-570]],[[23649,50666],[-68,1],[0,-164]],[[23581,50503],[-71,0]],[[23510,50503],[-2,812]],[[24823,52383],[190,3],[17,-71],[35,-8],[1,79],[35,-7]],[[25101,52379],[0,-806]],[[25101,51573],[-106,5]],[[24823,51743],[0,640]],[[5640,72789],[31,-47],[30,30],[8,94],[-13,77],[4,188],[39,255],[41,209],[45,158],[41,67],[42,223],[64,163],[15,-118],[21,26],[-9,184],[-24,-3],[-3,207],[17,275],[16,478],[14,67],[38,25],[-42,195],[3,213],[24,213],[26,53],[28,154]],[[6170,76678],[-13,53],[-44,-126]],[[6113,76605],[0,449],[-22,0],[0,325],[47,0],[0,162],[94,0],[0,162],[26,0],[0,162],[48,0],[0,162],[94,0],[0,162],[46,0],[0,2270]],[[7159,80459],[13,-162],[0,-649],[-37,0],[0,-648],[-36,0],[0,-649],[-35,0],[0,-162],[-47,0],[0,-324],[-48,0],[0,-162],[-80,0],[0,-324],[-94,0],[0,-325],[15,0],[0,-648],[15,-162],[92,0]],[[6352,73485],[-27,-95],[-2,-79],[-26,-69],[-5,-121],[-33,24],[-59,-80],[-34,-92],[-37,-212],[-17,-44],[-50,176],[-26,-53],[17,-120],[-29,-15],[-13,-108],[23,-60],[4,-90],[-58,-26],[-17,124],[-51,-61],[-18,-81],[40,-73],[6,-87],[-15,-75],[-67,88],[-4,-113],[-56,44],[-48,-195],[3,-71],[46,-31],[32,-58],[-16,-159],[-30,-140],[-14,-123],[5,-102],[-54,65],[-15,-169],[-23,-10],[-3,106],[-30,-12],[-15,-128],[-130,-119],[-10,-155],[-23,-43],[-16,-114],[-1,-123]],[[26808,22316],[11,118]],[[26819,22434],[22,84]],[[26841,22518],[17,-125],[23,-65]],[[26881,22328],[0,-497]],[[26881,21831],[-28,-4],[-5,42],[-45,12]],[[26803,21881],[-5,89],[2,216],[8,130]],[[19845,55289],[13,118],[37,109],[10,108],[16,35],[55,-43],[7,124]],[[19983,55740],[46,-57],[67,3],[36,28],[5,111],[36,-6],[6,71],[39,76],[11,170],[32,101]],[[20261,56237],[17,-1],[0,-166],[27,0],[0,-635],[-11,0],[0,-326],[36,0],[0,-325],[23,0]],[[20353,54184],[0,-27]],[[20353,54157],[-176,-1],[0,27],[-209,0],[-118,-16]],[[19850,54167],[-14,80],[16,199],[-21,237],[9,75],[-11,152],[4,185],[12,194]],[[27251,33863],[17,53],[59,12],[8,26]],[[27335,33954],[6,-163],[-10,-188],[-19,-152]],[[27312,33451],[-9,95],[-53,-58]],[[27250,33488],[-3,238],[4,137]],[[18431,56230],[20,-244],[0,-242],[24,-152],[16,-26],[55,68],[42,-67],[5,-88],[24,-19],[11,-68],[64,19]],[[18692,55411],[1,-605],[29,-92],[42,-27],[0,-403],[37,0]],[[18801,54284],[3,-131],[41,-151]],[[18845,54002],[-24,36],[-15,-82],[1,-315],[-42,-1]],[[18765,53640],[-68,-1],[-28,-91],[-13,-120],[-37,-65]],[[18619,53363],[-3,437],[-25,2],[0,82],[-35,0],[0,252],[-72,-5],[0,646],[-73,5],[-1,577],[-15,4],[-8,197]],[[22446,28172],[41,-4],[0,104]],[[22588,27432],[-1,-88]],[[22587,27344],[-113,2]],[[22474,27346],[-28,4]],[[22446,27350],[0,822]],[[23886,30871],[128,-15],[0,112],[9,107],[34,-5]],[[24057,31070],[30,-57],[5,-110]],[[24092,30903],[-3,-495]],[[24089,30408],[-58,11]],[[24031,30419],[-40,11],[-1,140],[-43,21],[-3,56],[-44,5],[-14,111]],[[23886,30763],[0,108]],[[24234,34358],[130,-15]],[[24364,34343],[5,-84],[-2,-389],[-8,-110]],[[24359,33760],[-12,2],[-27,-141]],[[24320,33621],[-35,137],[-9,-40],[-21,120],[-16,244],[-16,36]],[[24223,34118],[10,76],[1,164]],[[27794,37131],[15,-1],[-13,-89],[-2,90]],[[21656,41356],[-1,-812]],[[21655,40544],[-177,0]],[[21478,40555],[-1,802]],[[23399,44167],[32,-1]],[[23431,44166],[95,-1]],[[23399,43520],[0,647]],[[22223,33518],[207,0]],[[22430,33518],[3,-488]],[[22433,32867],[-207,2]],[[22226,32869],[0,81]],[[22226,32950],[-3,81],[0,487]],[[23255,31238],[44,1],[0,162]],[[23299,31401],[127,0]],[[23426,31401],[34,0],[0,-324]],[[23460,31077],[-31,0],[0,-493],[-29,0],[-1,-163]],[[23399,30421],[-174,0]],[[23225,30421],[0,655],[30,0],[0,162]],[[26990,38039],[25,207],[36,65]],[[27051,38311],[0,-158],[14,-44],[23,110]],[[27088,38219],[29,-52],[-6,-165]],[[27111,38002],[-27,-106],[-12,-192],[11,-46]],[[27083,37658],[-22,-7],[-50,-88]],[[27011,37563],[-32,-58]],[[26979,37505],[28,159],[-1,74],[-22,151],[6,150]],[[24636,28762],[45,1],[-1,110],[29,1]],[[24709,28874],[0,-117],[22,-38],[12,105]],[[24743,28824],[0,-314],[-28,-73],[1,-73],[18,-87]],[[24734,28277],[-24,-3],[0,-160],[-58,-2]],[[24652,28112],[0,326],[-12,-1]],[[24640,28437],[6,198],[-10,127]],[[26736,26102],[13,-71],[38,-54]],[[26787,25977],[-1,-202]],[[26786,25775],[-50,10],[-25,-45],[-16,49],[0,124],[-36,21]],[[26507,25143],[96,-8]],[[26603,25135],[40,-7]],[[26625,24662],[1,-83],[-46,7]],[[26580,24586],[-74,8],[0,67]],[[26506,24661],[1,482]],[[27622,37191],[0,56],[9,-4],[-3,-50],[-6,-2]],[[31403,278],[27,-50]],[[31430,228],[-2,-74]],[[31428,154],[-13,-70],[-18,83]],[[26786,25775],[-17,-116],[0,-85],[-15,-163],[-9,-12]],[[26745,25399],[-54,7]],[[26691,25406],[-10,12],[-13,133],[-22,76]],[[22245,56030],[215,-1]],[[23729,46299],[0,492]],[[23729,46791],[131,1]],[[23860,46792],[0,-656]],[[23860,46136],[-131,1]],[[26045,26163],[20,219],[44,33],[5,246]],[[26114,26661],[42,3],[21,-162],[38,1]],[[26215,26503],[-4,-132]],[[26211,26371],[-19,-202],[-1,-193]],[[26192,25945],[-21,-41],[-8,-73],[-51,7],[0,-163]],[[26112,25675],[-92,-3]],[[26020,25672],[9,80],[4,150],[8,37],[-2,178],[6,46]],[[23416,44837],[97,-2]],[[23513,44835],[0,-486],[13,0],[0,-184]],[[23431,44166],[0,183],[-15,-1],[0,489]],[[22316,38914],[-151,-1]],[[22318,38914],[1,-652]],[[26104,42412],[68,1]],[[26167,42061],[-62,0]],[[24356,43037],[1,490]],[[24357,43527],[64,-1]],[[24421,43526],[32,-2],[0,-163]],[[24453,43361],[0,-489],[-10,0]],[[24443,42872],[-87,1]],[[23740,45485],[65,-1]],[[23772,44837],[-97,0]],[[18806,42846],[34,-14],[11,125],[-28,187],[-2,71],[22,125],[35,45],[4,80],[28,27]],[[18971,43693],[0,-475],[226,-4],[52,4]],[[19249,43218],[14,-1]],[[19263,43217],[0,-343]],[[19263,42874],[-29,-11],[-43,49],[-33,-86],[-78,-89],[-26,12],[-15,-65],[-20,29],[-7,-85]],[[19012,42628],[-9,-4],[-12,-163],[-15,-32],[-25,27],[-9,-79],[-60,151],[-8,115],[-44,-152]],[[18830,42491],[-24,355]],[[16476,40313],[-1,-240]],[[16475,40073],[-178,-3],[-23,-50],[-36,-153],[-34,-180],[-24,-194],[-21,58],[-13,-47],[-26,42]],[[16120,39546],[0,366],[43,280],[29,21]],[[21858,38104],[-116,1]],[[21742,38105],[-7,0]],[[20367,37140],[162,5]],[[20529,37145],[-13,-288],[5,-36]],[[20521,36821],[-72,-414]],[[20449,36407],[-83,0],[0,83]],[[20366,36490],[1,650]],[[22405,51161],[1,-1]],[[24514,25657],[116,2]],[[24630,25659],[29,1],[0,-491]],[[24659,25169],[-98,-1],[-31,-52]],[[24530,25116],[-17,49]],[[24513,25165],[1,492]],[[31269,671],[4,214]],[[31273,885],[19,-45]],[[31292,840],[0,-37]],[[31292,803],[2,-174]],[[31294,629],[-2,-111]],[[31292,518],[-3,-1]],[[31289,517],[-17,32]],[[31272,549],[-3,122]],[[25349,30994],[4,222]],[[25353,31216],[170,-27]],[[25523,31189],[0,-491]],[[25523,30698],[-29,4]],[[25494,30702],[-150,26]],[[26787,25977],[30,-3],[14,69]],[[26831,26043],[0,-271],[58,2]],[[26898,25394],[-9,0],[0,-197]],[[26889,25197],[-53,1],[-5,68],[-34,31],[-51,5]],[[26746,25302],[-1,97]],[[22904,25842],[59,198]],[[22963,26040],[62,-35]],[[23025,26005],[73,-716]],[[23098,25289],[-23,-105]],[[23075,25184],[-78,-255]],[[24375,50435],[203,3]],[[24578,50438],[0,-489]],[[24578,49949],[-68,2]],[[24510,49951],[-101,-2]],[[24409,49949],[-34,1]],[[24375,49950],[0,163]],[[25503,39966],[8,-77],[-19,-113]],[[25492,39776],[-4,27],[-82,5]],[[25406,39808],[-16,-2]],[[25389,40190],[0,190],[15,1]],[[23351,34824],[90,-1]],[[23441,34823],[-2,-651]],[[23384,34009],[-64,1]],[[23320,34010],[1,813],[30,1]],[[22324,36458],[3,1],[1,-720]],[[22328,35739],[-127,0]],[[22201,35739],[-24,0]],[[22177,35739],[-1,714]],[[22244,23182],[0,-285],[106,7]],[[22350,22904],[1,-668]],[[22160,22473],[-25,1],[0,301],[-18,9]],[[22117,22784],[1,405]],[[28624,36043],[16,8],[14,-99]],[[28654,35952],[-28,-12]],[[28626,35940],[-2,103]],[[22728,30669],[-161,1]],[[22567,30670],[0,406]],[[22567,31076],[0,326],[14,0]],[[21165,38756],[31,5],[283,0]],[[21479,38761],[0,-648]],[[21479,38113],[-194,-3]],[[21073,38106],[0,470]],[[23356,28963],[1,1]],[[23357,28964],[14,-19],[36,41]],[[23407,28322],[-7,-40]],[[23400,28282],[-6,-96],[-38,1]],[[28659,46535],[106,37]],[[28765,46572],[2,-125]],[[28767,46447],[7,-577]],[[28700,45860],[-35,-5]],[[28662,46259],[-3,276]],[[28084,38784],[30,-178]],[[28114,38606],[38,-240],[0,-174]],[[28152,38192],[-8,-61],[-36,-82],[-10,71]],[[28098,38120],[-16,8],[-23,168],[-7,204]],[[28052,38500],[3,98],[16,53],[13,133]],[[25109,29309],[96,5],[0,-110]],[[25205,29204],[1,-410]],[[25206,28794],[-40,-1]],[[25166,28793],[-77,-1]],[[31276,245],[7,-132]],[[31283,113],[-19,-52],[-15,48]],[[24972,30431],[0,-551]],[[24856,29937],[-2,498]],[[23840,37289],[1,162],[16,-2],[2,298]],[[23981,37727],[-2,-299]],[[23979,37428],[-31,3],[-1,-190]],[[23947,37241],[-108,20],[1,28]],[[19953,45582],[0,323]],[[19953,45905],[170,-2],[233,0]],[[20356,45903],[1,0]],[[20357,45903],[0,-1292],[1,-650],[-71,0],[1,-741]],[[20288,43220],[-150,7]],[[20138,43227],[-128,1]],[[20010,43228],[-167,-2]],[[19843,43226],[0,742],[-3,488],[117,-4],[1,805],[-5,325]],[[22523,45910],[129,1]],[[22652,45911],[0,-650]],[[22523,45259],[0,651]],[[20920,46237],[0,-1141]],[[20920,45096],[0,-569]],[[20920,44278],[-167,1],[0,165]],[[20753,44444],[-1,1003],[0,786]],[[19184,52920],[0,68]],[[19184,52988],[175,-2]],[[19425,52659],[-1,-159],[-24,-1],[1,-167],[-12,1],[-5,-163],[1,-326],[-34,0],[0,-81],[-35,0],[0,-81],[-34,0],[0,-325],[-37,0],[0,-330]],[[19245,51027],[-46,0],[3,330],[-1,816],[-20,0],[0,653],[3,94]],[[19187,53904],[84,80],[42,-112],[21,2]],[[19334,53874],[99,-1]],[[19184,52988],[3,916]],[[26209,31226],[5,66]],[[26214,31292],[38,22]],[[26325,31155],[0,-255]],[[26325,30900],[-23,-30],[-75,-8]],[[26227,30862],[-23,17],[-1,263],[6,84]],[[26067,42061],[1,-565]],[[26068,41250],[-80,-4]],[[25988,41246],[0,515]],[[21652,45265],[161,-7]],[[21814,44607],[-157,5]],[[26268,50923],[34,-3],[0,162]],[[26302,51082],[103,-6]],[[26405,51076],[-2,-643]],[[26403,50433],[-132,6]],[[24139,39335],[23,-193],[6,-149]],[[24140,38411],[-36,5]],[[24104,38416],[-61,311],[1,163]],[[30949,51177],[33,29],[-5,159],[-26,537]],[[30951,51902],[68,75]],[[31019,51977],[24,-33],[20,-92],[62,-64],[-1,-146],[-21,-21],[24,-211],[-14,-156],[18,-250],[18,-64],[19,122],[31,-56],[13,-91],[21,-313],[15,-61],[0,-189],[-57,-311],[-34,-60],[0,176],[-24,-26],[9,-115],[-22,-49],[-35,-140],[17,-63],[-22,-93],[-21,169],[-15,-80],[-17,36],[-21,-160],[-29,-25]],[[23313,48549],[3,1]],[[23316,48550],[0,-650]],[[23316,47900],[-114,-1]],[[23202,47899],[-53,0]],[[26910,18240],[139,3]],[[27049,18243],[0,-577]],[[27048,17422],[-55,2],[1,332],[-109,7]],[[26885,17763],[-18,183],[16,66],[27,228]],[[26478,28815],[14,40],[36,233]],[[26528,29088],[17,-142]],[[26472,28637],[6,178]],[[26711,40447],[77,-19],[-2,-49],[72,-22]],[[26856,40170],[-4,-300]],[[26845,39797],[-158,53]],[[26687,39850],[-11,131],[6,206]],[[21746,33168],[1,804]],[[21747,33977],[150,-2]],[[21899,33157],[-153,0]],[[21746,33157],[0,11]],[[26757,31132],[15,-78]],[[26772,31054],[-13,-148],[-5,-267]],[[26754,30639],[-15,-58],[-36,42],[-16,-77]],[[26687,30546],[4,71],[-15,118],[4,161],[-5,94]],[[22340,29001],[149,-3]],[[22446,28172],[-105,5]],[[22221,34176],[119,-5]],[[22340,34171],[89,7]],[[22429,34178],[1,-660]],[[22223,33518],[-2,375]],[[22221,33893],[0,283]],[[22080,32054],[30,1],[0,162],[104,-4]],[[22214,32213],[22,-137],[-5,-109],[14,-111],[-6,-98],[20,-92]],[[22259,31666],[-44,-17],[-11,-157],[-62,-9]],[[22142,31483],[-15,82],[-3,329],[-44,-1],[0,161]],[[24061,27235],[44,-1],[0,81],[57,-1]],[[24162,27314],[0,-164],[29,-163],[0,-82]],[[24191,26905],[0,-245]],[[24191,26660],[-140,2]],[[24051,26662],[11,179],[-1,394]],[[22587,27344],[34,-521]],[[22621,26823],[23,-273]],[[22644,26550],[-39,-130]],[[22605,26420],[-57,-188]],[[22453,26876],[21,70],[0,400]],[[24100,42457],[-21,-3]],[[24079,42454],[-107,-10]],[[23972,42444],[0,588]],[[21200,29800],[120,1]],[[21197,28984],[2,341]],[[21746,33168],[-149,-2]],[[21597,33166],[0,807]],[[23234,51476],[137,1]],[[23371,51477],[2,-487]],[[23373,50990],[-220,-1]],[[23153,50989],[-18,46]],[[23135,51035],[-4,118],[0,322]],[[21479,39730],[158,3]],[[21612,38919],[-133,-4]],[[21479,38915],[0,654]],[[24293,44178],[33,1]],[[24422,44015],[-1,-489]],[[24357,43527],[-64,1]],[[24293,43528],[0,650]],[[25264,42506],[63,2],[-3,704]],[[25324,43212],[32,6]],[[25356,43218],[4,-954],[50,-4]],[[25410,42260],[1,-161]],[[25264,42098],[0,408]],[[21639,30712],[120,0]],[[28557,43513],[14,4],[40,221]],[[28649,43802],[-2,-191],[12,-142],[13,12],[-1,-165],[7,-188]],[[28678,43128],[-21,-124],[-7,-153],[-20,-49]],[[28630,42802],[-9,109],[-23,-17],[-9,109]],[[17075,53744],[14,2],[17,128],[26,10],[14,-51],[37,51],[23,-159],[36,-130],[7,-155]],[[17249,53440],[0,-95],[-36,1],[-17,-54],[0,-489],[-17,0],[0,-232]],[[17179,52571],[-35,2]],[[17144,52573],[-2,635],[-18,-1],[-17,250],[-35,-1],[3,288]],[[26691,25406],[-9,-140],[-18,-95]],[[26603,25135],[2,443]],[[24124,47361],[131,1]],[[24255,47362],[0,-244]],[[21832,42005],[6,0]],[[21838,42005],[0,-649]],[[21838,41356],[-158,1]],[[20575,32077],[0,326],[132,0],[193,-1],[0,-138]],[[20900,32264],[-1,-678]],[[20686,30777],[-117,0]],[[20569,30777],[0,486],[6,0],[0,814]],[[25163,31989],[10,1]],[[25173,31990],[113,0]],[[25286,31990],[5,0]],[[25291,31990],[0,-449]],[[25291,31541],[-99,2]],[[25192,31543],[-9,1],[0,190],[-20,5],[0,250]],[[24065,44835],[130,1]],[[24195,44836],[0,-660]],[[24195,44176],[-32,-1]],[[21276,45916],[7,0],[2,-650],[11,0],[1,-164]],[[21297,45102],[-36,-8],[-149,4]],[[21112,45098],[-11,1]],[[21101,45099],[0,163],[-12,0],[0,649]],[[25130,25327],[28,0]],[[25158,25327],[2,-815]],[[25075,24347],[-2,170],[0,811]],[[20370,50693],[31,13],[234,-1]],[[20635,50705],[-3,-399],[1,-938],[1,-204]],[[20634,49164],[0,-1268]],[[20634,47896],[-262,-7]],[[20372,47889],[0,611],[3,391],[-2,260],[2,738]],[[20375,49889],[-2,550],[-3,254]],[[23316,47900],[18,-1]],[[23334,47899],[0,-458]],[[23334,47441],[-132,4]],[[23202,47445],[0,454]],[[28409,39281],[7,-33]],[[28416,39248],[-12,5],[5,28]],[[27049,18243],[137,0]],[[27186,18243],[0,-572]],[[25350,38089],[-61,-1]],[[25197,38090],[1,409]],[[22193,24405],[109,1]],[[22302,24406],[36,-37]],[[22338,24369],[0,-791]],[[22338,23578],[-95,2]],[[22193,23975],[0,430]],[[31420,821],[13,64]],[[31445,815],[-10,-151]],[[31424,649],[-7,99]],[[23972,42444],[-77,-7]],[[23895,42437],[-51,0]],[[23844,42437],[0,595]],[[24580,28272],[0,167],[60,-2]],[[24652,28112],[-28,-162],[19,-131],[-15,-68],[6,-126]],[[24634,27625],[-68,1],[1,328],[14,199],[-1,119]],[[20308,33806],[1,-67]],[[20309,33739],[-1,-140]],[[20308,33599],[0,-31]],[[20308,33568],[21,-21],[-21,-135]],[[20308,33412],[-9,68],[-33,68],[0,246],[42,12]],[[23097,41353],[64,0]],[[23161,41353],[62,-1]],[[23222,40702],[0,-162],[-69,0]],[[23153,40540],[-56,0]],[[23097,40540],[0,813]],[[24946,41950],[94,10]],[[25040,41960],[1,-83],[31,2]],[[25072,41879],[1,-436]],[[25073,41443],[1,-246],[-21,-1]],[[25053,41196],[-52,2],[-22,28],[0,82],[-26,-1]],[[24946,41580],[0,370]],[[24409,37216],[62,-4],[-1,-163],[44,-5]],[[24514,37044],[-1,-204]],[[24513,36840],[-43,9],[-1,-164],[29,-6],[0,-163]],[[24331,36860],[1,360],[77,-4]],[[31475,1004],[11,65]],[[31486,1069],[6,-50]],[[31492,1019],[-7,-27]],[[31485,992],[-10,12]],[[23424,38340],[126,-3]],[[23550,38337],[0,-614]],[[23550,37723],[0,-43]],[[23550,37680],[-130,1]],[[23420,37681],[4,659]],[[21201,31526],[144,-1]],[[21345,30713],[-25,0]],[[21320,30713],[-119,0]],[[21201,30713],[0,813]],[[24195,40613],[31,-2],[0,110],[95,-8]],[[24321,40713],[36,-2]],[[24357,40711],[0,-596]],[[24357,40115],[-42,-2],[-123,18]],[[22301,27350],[145,0]],[[22349,26533],[-54,2]],[[26073,32995],[37,65]],[[26165,32661],[-45,-387]],[[26120,32274],[-1,106],[-14,108],[-32,108]],[[26073,32596],[20,162],[-14,48],[0,104],[-20,83]],[[22611,51154],[1,651]],[[22612,51805],[169,-1],[2,-54],[39,-1]],[[22822,51749],[0,-488]],[[22822,51261],[0,-272]],[[22906,47120],[33,0]],[[22939,47120],[0,-710]],[[22939,46410],[-59,107]],[[22880,46517],[-32,20],[-8,52]],[[22840,46589],[0,530]],[[25226,44077],[96,11]],[[25322,44088],[2,-489]],[[25324,43599],[-2,-163]],[[25322,43436],[-93,-11]],[[18972,50707],[72,3],[22,-20],[141,7],[25,15],[87,-3]],[[19319,50709],[194,7],[5,-12],[129,1]],[[19647,50705],[8,-241],[0,-656],[5,0],[0,-659],[7,0]],[[19667,49149],[0,-167]],[[19667,48982],[-68,1],[0,-166],[-34,0],[1,-161],[-50,-1],[-1,-162],[-61,-8]],[[19454,48485],[-17,122],[-27,119],[-25,23],[-26,-97],[-3,-98],[-35,-87],[-17,38],[8,117],[-34,135],[-14,-16],[-16,108]],[[19248,48849],[0,210],[-18,23],[-10,300],[-15,34],[-6,119],[-19,108],[2,206],[-37,76],[-68,-1],[0,156],[-108,0]],[[18969,50080],[3,627]],[[25348,47979],[33,-1]],[[25381,47978],[0,-328],[-6,0],[0,-327]],[[25375,47323],[-99,5]],[[25276,47328],[0,319],[5,9],[0,324]],[[21986,37449],[183,-1]],[[22173,36615],[-154,13]],[[22019,36628],[-30,1]],[[24223,38157],[154,-7]],[[24377,38150],[4,-253]],[[24381,37897],[-1,-191],[-73,0],[-20,-78],[-15,2]],[[24272,37630],[-46,11]],[[24226,37641],[1,270],[-4,246]],[[21297,45102],[6,1]],[[21303,45103],[0,-330],[12,-161],[-1,-569]],[[21314,44043],[-204,-2]],[[21110,44530],[2,568]],[[22781,39402],[0,326]],[[22781,39728],[114,0]],[[22895,39728],[0,-313],[10,-177],[10,0]],[[22915,39238],[-10,-108],[-1,-380]],[[22513,20050],[0,-1038]],[[22513,19012],[-131,0]],[[21445,32341],[152,0]],[[21597,32341],[-2,-815]],[[21445,31526],[0,815]],[[26833,43216],[29,-2]],[[26862,42682],[-37,-12]],[[26825,42670],[-70,-4]],[[26755,42666],[-1,544]],[[21597,32341],[149,-2]],[[21745,31528],[-106,-2]],[[24546,32661],[0,166]],[[24695,32825],[0,-557]],[[24545,32276],[1,385]],[[23481,49036],[137,1]],[[23618,49037],[0,-487]],[[23618,48550],[-135,0]],[[23483,48550],[-2,0]],[[23481,48550],[0,486]],[[21477,42005],[0,170]],[[22605,26420],[66,-646]],[[22671,25774],[-115,-391]],[[22556,25383],[-25,-88]],[[22531,25295],[-54,500]],[[21446,33972],[0,-800]],[[21446,33172],[-244,-9]],[[21202,33163],[0,219]],[[21202,33382],[0,590]],[[25554,41263],[92,1]],[[25646,41264],[0,-161],[22,-1]],[[25668,41102],[-1,-490]],[[25565,40618],[3,529],[-14,116]],[[27920,40833],[33,0]],[[27953,40833],[120,0]],[[28086,40672],[-25,-24],[-13,-200]],[[28048,40448],[-53,34]],[[27995,40482],[-30,98],[-17,2],[-13,-124],[-22,-110],[-30,17]],[[27883,40365],[37,468]],[[26889,25197],[0,-167],[-20,6],[8,-176]],[[26877,24860],[-83,0]],[[26772,24860],[4,170],[-7,103],[-23,169]],[[23993,47898],[131,1]],[[24124,47899],[0,-538]],[[27861,34882],[96,0]],[[27955,34310],[-41,7]],[[27914,34317],[-57,5]],[[26538,50436],[158,4]],[[26696,50440],[13,-271],[-11,-196],[-1,-182]],[[26539,49786],[-1,650]],[[22627,38751],[0,-163]],[[22472,38586],[-1,328]],[[26329,27387],[15,-22],[39,73]],[[26383,27438],[15,-277]],[[26326,26822],[-3,0]],[[26323,26822],[1,490],[5,75]],[[24794,36857],[80,4]],[[24874,36861],[-2,-885]],[[24872,35976],[-26,2],[1,-137],[-43,-24]],[[24804,35817],[0,83],[-31,2],[2,427]],[[20641,40629],[0,29]],[[20641,40658],[0,4]],[[20641,40662],[11,88],[28,-74],[8,189]],[[21014,40540],[-197,-5],[-66,4]],[[20751,40539],[-109,1]],[[20642,40540],[-1,89]],[[22697,34177],[60,0]],[[22757,34177],[29,-10]],[[22786,34167],[0,-326],[42,-75],[18,-5]],[[22846,33761],[0,-407]],[[22846,33354],[-149,2]],[[23050,30910],[73,0],[0,164],[15,6],[0,321]],[[23138,31401],[58,0],[0,-163],[59,0]],[[23225,30421],[-59,0]],[[23166,30421],[-116,1]],[[23050,30422],[0,488]],[[23553,40879],[110,-3]],[[23662,40331],[-109,3]],[[23553,40334],[0,139]],[[23553,40473],[0,406]],[[31592,918],[22,-40]],[[31614,878],[-5,-75],[-18,-50]],[[31591,753],[-2,-11]],[[31589,742],[3,176]],[[23889,31518],[30,56]],[[23919,31574],[59,-2]],[[23978,31572],[30,0],[-3,-252],[29,-4],[19,-84],[4,-162]],[[23886,30871],[1,539],[2,108]],[[24228,43526],[65,2]],[[25025,28129],[113,-9]],[[21865,27369],[143,-4]],[[24938,32701],[25,55],[19,-4]],[[24982,32752],[81,-11]],[[25063,32741],[-4,-753]],[[25059,31988],[-43,-1]],[[24934,31990],[4,711]],[[25406,39808],[2,-607]],[[21615,28184],[-37,2]],[[23297,36458],[121,0]],[[23418,36458],[3,-82]],[[23421,36376],[1,-637]],[[23422,35739],[-93,-1]],[[23329,35738],[-32,0]],[[23501,54079],[3,-766],[13,-48]],[[23517,53265],[-118,0]],[[26174,44207],[109,7]],[[26283,44214],[0,-195]],[[26283,43729],[-108,-13]],[[26877,24860],[22,-309],[28,-104],[0,-244],[16,-24],[1,-387],[3,-58]],[[26947,23734],[-11,4]],[[26936,23738],[-35,14]],[[24181,41918],[111,-4]],[[24292,41914],[0,-81]],[[24292,41833],[-1,-576]],[[24291,41257],[-93,6]],[[24182,41421],[-1,497]],[[22399,43959],[126,0]],[[22525,43959],[1,0]],[[22526,43959],[0,-650]],[[22526,43309],[-121,0]],[[22405,43309],[-7,0]],[[25492,39776],[7,-127],[13,-61],[-2,-128],[18,-64],[-4,-88]],[[25524,39308],[-2,-103]],[[22844,56640],[180,2]],[[23280,56193],[1,-487],[7,0],[0,-325]],[[23145,55379],[-219,0]],[[22926,55379],[0,169],[-11,155]],[[22915,55703],[-25,250],[-10,213],[-10,50],[-6,199],[-20,225]],[[24583,42547],[32,-6]],[[24711,42526],[-1,-658]],[[24710,41868],[-128,15]],[[24582,41883],[1,664]],[[22017,24681],[143,-2]],[[22160,24679],[-1,-274],[34,0]],[[22842,36629],[175,2]],[[23017,36631],[0,-325]],[[23017,36306],[0,-569]],[[23017,35737],[-62,1]],[[22955,35738],[-111,0]],[[26309,37352],[14,265]],[[26323,37617],[50,-119],[13,-174]],[[26386,37324],[-26,-145]],[[26360,37179],[-12,-76],[-41,162]],[[26307,37265],[2,87]],[[31285,114],[15,334]],[[31300,448],[8,3]],[[31310,195],[-25,-81]],[[24917,38836],[31,1],[-1,164]],[[24947,39001],[96,-3]],[[24918,38388],[-1,448]],[[31219,478],[-4,-81]],[[31215,397],[-16,88]],[[31199,485],[20,-7]],[[20922,53587],[68,0],[0,166],[53,0]],[[21043,53753],[106,0]],[[21234,53102],[-19,-2]],[[21215,53100],[-293,-1]],[[20922,53099],[0,488]],[[25981,38984],[12,16],[14,121]],[[26038,39136],[0,-148],[31,-108],[0,-136]],[[26069,38744],[-62,-2],[-15,-82]],[[25992,38660],[-10,27],[-1,297]],[[30951,51902],[-101,-125],[-6,10],[2,685],[-3,183],[0,635],[-72,1],[-34,25]],[[30737,53316],[-1,330],[-251,3]],[[30485,53649],[-84,-1]],[[30401,53648],[7,228],[120,804],[96,626],[52,-97],[-5,-56],[4,-249],[40,-116],[50,108],[27,5],[12,83],[40,-11],[27,146],[32,-29],[75,-277],[21,-176],[24,-64],[1,-872],[2,-1232],[-6,-111],[13,-113],[-13,-37],[-1,-231]],[[26135,49792],[135,-2]],[[26204,49141],[-69,2]],[[26135,49143],[0,649]],[[27374,40031],[43,190],[5,64],[27,38]],[[27449,40323],[21,-39]],[[27470,40284],[3,-129],[-18,-117],[19,-190],[-19,-55]],[[27455,39793],[-37,-133]],[[27418,39660],[-23,26]],[[27395,39686],[-28,305],[7,40]],[[31271,1104],[18,6]],[[31289,1110],[7,-192],[-4,-78]],[[31273,885],[-1,-2]],[[31272,883],[-1,221]],[[25158,25327],[109,4]],[[25267,25331],[5,-601]],[[25272,24730],[2,-217]],[[25524,42270],[0,460]],[[25524,42730],[73,-1]],[[25644,42729],[0,-325]],[[25644,42404],[1,-163]],[[25645,42241],[-121,3]],[[25524,42244],[0,26]],[[22682,21190],[32,-210]],[[22714,20980],[-39,-192],[50,-362]],[[22725,20426],[-57,-272]],[[22668,20154],[-13,4],[-25,92],[-25,-55]],[[22605,20195],[-26,181]],[[22553,20555],[129,635]],[[3831,93794],[-164,198],[-19,112],[-54,136],[-81,99],[-75,52],[117,128],[20,73],[20,192],[13,401],[-7,189],[152,-45],[95,5],[187,96],[112,40],[78,101],[122,293],[75,279],[34,304],[-2,298],[39,375],[85,295],[64,287],[37,124],[129,260],[97,-57],[68,-4],[133,150],[92,167],[74,174],[158,440],[133,151],[6,-77],[56,-70],[81,-20],[81,63],[93,24],[74,81],[74,136],[70,195],[123,438],[67,123],[10,-105],[49,-66],[79,-35],[32,-105],[55,16],[48,-42],[21,-141],[-10,-68],[-78,-178],[-46,-33],[35,-222],[63,-9],[39,67],[-3,150],[47,120],[47,43],[-23,100],[63,122],[116,-225],[12,-374],[61,17],[48,-125],[52,100],[29,120],[113,0],[69,68],[93,-72],[84,-4],[106,-107],[-43,-205],[-26,-49],[14,-149],[89,-41],[79,-77],[25,-94],[-54,-43],[12,-78],[90,9],[114,-110],[54,155],[121,44],[44,-139],[79,57],[58,133],[192,-47],[61,-115],[47,-40],[50,37],[56,-224],[93,47],[72,-95],[38,-144],[92,-23],[100,-75],[30,72],[171,-17],[49,-60],[85,7],[47,-120],[118,-168],[161,-48],[46,124],[233,186],[54,-18],[40,48],[149,-203],[69,-128],[26,-107],[37,-18],[88,-157],[68,-63],[79,-176],[61,-21],[58,-72],[0,-899],[0,-1247]],[[23418,37110],[0,-109]],[[23418,37001],[0,-543]],[[23296,36458],[0,652]],[[22050,30711],[0,-163]],[[22050,30548],[-14,10],[0,-737]],[[25956,34666],[-44,-244]],[[25912,34422],[-26,101],[-15,-4]],[[25871,34519],[4,197],[11,65]],[[20568,28505],[114,12],[4,485],[0,1291]],[[21071,29324],[-59,-1],[0,-326],[-12,0],[0,-805],[-14,0]],[[20986,28192],[-286,-4],[0,-828],[-3,0]],[[20697,27360],[-140,-3],[1,829],[10,0],[0,319]],[[26683,23133],[34,0]],[[26717,23133],[-1,-144],[6,-129],[44,-63],[39,-235],[14,-128]],[[26808,22316],[-111,-2]],[[26697,22314],[-15,122],[1,697]],[[23979,36516],[0,135],[61,-6]],[[24040,36645],[47,-5]],[[24026,35872],[-45,34]],[[23981,35906],[1,338],[-3,272]],[[21027,55062],[159,-1]],[[21186,55061],[18,0],[0,-652]],[[21043,53753],[0,655],[-16,0],[0,654]],[[21122,26387],[73,1],[0,161]],[[21269,25735],[-147,0]],[[22256,46597],[84,168],[19,-94],[13,3],[36,-78],[36,-45],[77,-34]],[[22521,46517],[2,-607]],[[22266,45257],[-4,0]],[[22262,45257],[0,649],[-2,0],[-1,650],[-3,41]],[[20906,24713],[144,-634]],[[21050,24079],[41,-188]],[[21091,23891],[-101,-474]],[[20990,23417],[-28,-1],[-167,226],[-133,180]],[[20662,23822],[17,65]],[[23174,37113],[122,-3]],[[23174,36463],[0,406]],[[21662,40544],[181,-1]],[[21843,40543],[5,0]],[[21661,39734],[1,810]],[[26513,40546],[86,-36]],[[26621,40189],[-54,-216],[-23,-29]],[[26544,39944],[-34,12]],[[26510,39956],[-5,2]],[[26505,39958],[8,588]],[[24878,50115],[173,-6]],[[25051,49289],[-104,5]],[[24947,49294],[-35,3]],[[24912,49297],[-1,493],[-32,1],[-1,324]],[[26135,43067],[73,1]],[[26208,43068],[1,-654]],[[23138,50013],[136,-1],[2,-164]],[[23276,49848],[1,-648]],[[23142,49202],[-1,648],[-3,163]],[[19083,36751],[12,113],[29,97],[14,157],[12,263],[13,29],[42,3],[1,94],[19,112],[17,-4],[18,200],[23,79]],[[19283,37894],[6,223],[-27,264],[-6,165]],[[19256,38546],[269,0]],[[19525,38546],[0,-420],[5,-229]],[[19530,37897],[0,-509]],[[19530,37388],[-1,-741]],[[19529,36647],[0,-909]],[[19529,35738],[-266,-2]],[[19263,35736],[-131,0],[-78,10]],[[19054,35746],[-165,-5]],[[18889,35741],[27,39],[22,157],[9,-28],[51,81],[17,111],[5,175],[26,68],[16,90],[0,205],[16,-5],[5,117]],[[25073,38009],[5,-165]],[[25078,37844],[3,-123],[-17,-204]],[[25064,37517],[-116,10]],[[24948,37527],[1,493]],[[21479,38761],[0,154]],[[21612,38103],[-133,-2]],[[21479,38101],[0,12]],[[27281,29080],[9,-53],[32,-71],[35,-123],[29,-130],[13,-115]],[[27399,28588],[-79,-281]],[[27320,28307],[-31,172]],[[27289,28479],[-10,79],[4,443],[-2,79]],[[25214,50924],[44,-1],[-2,-489]],[[25256,50434],[-69,2],[1,162],[-69,-1],[0,162]],[[25119,50759],[0,166],[95,-1]],[[23179,38993],[-1,245]],[[23178,39238],[125,-1]],[[23303,39237],[0,-245]],[[23301,38422],[-124,0]],[[22716,47898],[-100,-1]],[[20063,36531],[0,-57],[116,7],[0,15]],[[20179,36496],[9,-1]],[[20188,36495],[0,-328],[23,-63],[2,-102],[32,-274]],[[20245,35728],[-110,-3],[-2,15],[-152,0]],[[19981,35740],[-17,0]],[[19964,35740],[0,790]],[[23716,42425],[68,7]],[[23784,42432],[3,-587]],[[23786,41600],[-126,7]],[[23661,42070],[-5,351]],[[23975,57490],[29,-7],[71,-158],[26,7],[-6,-199],[42,21],[14,-87],[-4,-92],[28,-247],[25,45],[-3,185],[36,38],[45,-78],[-2,-105],[58,-117]],[[24334,56696],[0,-897],[3,-338],[-2,-1128]],[[24335,54333],[-13,-27],[-70,-257],[22,-151]],[[24274,53898],[-21,79],[-34,-186],[-22,26]],[[23982,54009],[2,486]],[[23984,54495],[-3,155],[-1,652],[2,491],[-5,321]],[[23977,56114],[-5,656],[3,720]],[[24918,40460],[47,2]],[[24965,40462],[1,-329],[109,1]],[[25075,40134],[0,-246]],[[25044,39534],[-92,0],[-16,-55]],[[24936,39479],[-17,0]],[[26045,36529],[21,90]],[[26066,36619],[-1,-69],[30,-130],[35,-320]],[[26082,35944],[-30,30],[-15,107]],[[26037,36081],[5,162],[-8,61],[11,225]],[[23865,29148],[3,653],[4,246]],[[23872,30047],[23,1]],[[23895,30048],[20,-111],[4,-101],[41,-53],[10,-72]],[[23970,29711],[-3,-607]],[[23967,29104],[-29,-23],[-41,8]],[[23897,29089],[-32,5],[0,54]],[[25965,43302],[73,8]],[[26038,43310],[11,-84]],[[25987,42571],[-20,-2],[-2,652]],[[23517,53265],[22,-38]],[[23539,53227],[1,-124],[1,-951]],[[23541,52152],[-138,-1]],[[21986,38101],[0,-489]],[[21745,37117],[-3,173],[0,815]],[[26219,40818],[61,22]],[[26280,40840],[0,-297]],[[26280,40543],[0,-86]],[[26280,40457],[-62,8]],[[26063,28458],[101,1]],[[26164,28459],[13,-444]],[[26177,28015],[15,-222]],[[26192,27793],[-45,-39],[-84,-5]],[[26063,27749],[0,709]],[[26673,30497],[14,49]],[[26754,30639],[10,-93]],[[26764,30546],[11,-234],[17,-103]],[[26792,30209],[-20,-52],[-21,60],[-37,-91]],[[26714,30126],[-29,77]],[[26685,30203],[-1,232],[-11,62]],[[23329,35738],[-7,-106],[0,-645]],[[23322,34987],[-105,0]],[[23217,34987],[-1,644],[7,107]],[[22049,32789],[118,-2],[0,163],[59,0]],[[22226,32869],[1,-652]],[[22227,32217],[-13,-4]],[[22080,32054],[-31,0]],[[22049,32340],[0,449]],[[24164,37347],[1,303]],[[24165,37650],[61,-9]],[[24272,37630],[-2,-763]],[[24208,36871],[1,82],[-46,122],[1,272]],[[29689,50295],[45,-109],[-18,-166],[30,-93]],[[29746,49927],[-17,-146]],[[29729,49781],[-16,-154],[-29,104],[-16,-152],[-42,100]],[[29626,49679],[-6,185],[-27,154]],[[29593,50018],[20,146],[16,-38],[18,212],[42,-43]],[[23717,50665],[69,-2]],[[23786,50663],[-1,-163],[69,2],[0,-162]],[[23854,50340],[-26,-72],[-5,-81],[-38,-155]],[[23785,50032],[0,62],[-33,0],[0,81],[-34,1]],[[23718,50176],[-1,489]],[[25206,28794],[102,3]],[[25308,28797],[-10,-556]],[[25298,28241],[-2,-116]],[[25166,28119],[0,674]],[[27197,21939],[55,6],[31,84]],[[27283,22029],[31,-455]],[[27314,21574],[-15,-31],[2,-271],[-74,-9],[-5,257]],[[27222,21520],[-12,-4],[-12,188],[-1,235]],[[22148,42633],[63,-27]],[[22211,42606],[67,-19]],[[22278,42587],[0,-580]],[[22278,42007],[-126,1]],[[22152,42008],[-3,0]],[[17922,50346],[25,155],[-3,380],[11,192]],[[17993,51762],[27,-8],[36,-191],[23,122],[32,62],[19,131],[36,128]],[[18479,49539],[0,-274],[-51,7]],[[18428,49272],[-90,-2]],[[23653,43516],[64,-1]],[[23717,43515],[0,-486]],[[24123,46294],[1,-161]],[[23992,46134],[0,656]],[[24714,43834],[1,243],[20,92],[46,65],[3,82]],[[24784,44316],[90,-1]],[[24874,44315],[1,-654]],[[24875,43661],[-3,-159],[-32,0]],[[24713,43505],[1,329]],[[26412,44130],[128,4]],[[26540,44134],[-1,-137]],[[26540,43536],[-97,-4]],[[26412,44022],[0,108]],[[23729,47441],[132,0]],[[23729,46791],[0,650]],[[23405,51476],[103,1],[0,-162]],[[23510,50503],[-137,-2]],[[23373,50501],[0,489]],[[23371,51477],[34,-1]],[[28182,44110],[0,-201],[-29,-281]],[[28153,43628],[-40,25]],[[28113,43653],[-5,326],[-46,1],[-1,368]],[[24040,41993],[47,1]],[[24087,41994],[93,6]],[[24180,42000],[1,-82]],[[24042,41421],[-3,0]],[[24039,41421],[1,572]],[[28113,43653],[-115,44],[-17,-97]],[[27981,43600],[-7,114],[-63,186],[-37,-41]],[[27874,43859],[0,155],[8,56],[25,-3],[5,321]],[[21624,37117],[-5,171],[0,815]],[[26403,50433],[1,-650]],[[26270,49790],[1,649]],[[25322,43436],[2,-224]],[[25264,42506],[-32,-1],[-2,264],[-96,-8]],[[25134,42761],[-1,326]],[[23908,43523],[0,617]],[[26708,29162],[11,-122],[21,-119]],[[26740,28921],[5,-81],[-30,-98],[-6,-135]],[[26709,28607],[-43,-3]],[[26666,28604],[-33,-25]],[[26672,29563],[32,68],[3,51]],[[26707,29682],[45,-118],[20,29],[15,-38]],[[26787,29555],[12,-62],[-17,-150],[8,-169],[-8,-39]],[[26782,29135],[-42,-214]],[[26875,29379],[8,17]],[[26883,29396],[32,-470],[42,-85]],[[26957,28841],[-13,-70]],[[26854,28731],[-9,29],[-10,297],[-8,30]],[[26827,29087],[8,113],[21,14],[19,165]],[[24483,39467],[21,-1],[0,-112],[22,0],[0,-111],[42,-4]],[[24568,39239],[-2,-605]],[[24566,38634],[-25,114],[-21,-19],[-27,84],[-24,119],[-15,-14]],[[24454,38918],[-14,20]],[[24440,38938],[1,254],[42,-3],[0,278]],[[29095,47499],[49,-109],[58,25],[30,-38],[22,61]],[[29254,47438],[12,-507]],[[29266,46931],[-124,5],[-61,116]],[[29081,47052],[-2,125],[20,123],[-4,199]],[[19263,42874],[6,-8]],[[19269,42866],[0,-1031],[0,-846]],[[19269,40989],[-151,1],[-94,12]],[[19024,41002],[-10,162]],[[19014,41164],[-3,994],[1,470]],[[22632,24646],[136,469]],[[22865,24490],[-52,-181],[-16,-256]],[[22797,24053],[-86,220],[-57,64]],[[22631,24581],[1,65]],[[6164,6157],[14,50],[13,-82]],[[24668,40959],[33,-2],[0,-67],[31,0],[-1,-164],[20,-54],[0,-218]],[[24751,40454],[-78,3]],[[24673,40457],[2,71],[-20,259],[13,172]],[[22934,45262],[75,-1],[0,-139]],[[23009,45122],[0,-512]],[[23009,44610],[-98,2]],[[22911,44612],[-32,0]],[[22477,36621],[0,489]],[[22477,37110],[183,2]],[[22660,37112],[0,-485]],[[22509,36458],[-32,0],[0,163]],[[24578,50763],[169,5]],[[24747,50768],[0,-652]],[[24747,50116],[0,-488]],[[24747,49628],[-135,-4],[0,163],[-34,1],[0,161]],[[24578,50438],[0,325]],[[23096,24467],[20,39],[35,140],[19,42],[59,4]],[[23229,24692],[32,-45],[4,-61],[-13,-94],[18,-106]],[[23270,24386],[-10,-70],[-16,33],[-42,-87]],[[23202,24262],[-85,-77]],[[23117,24185],[-21,282]],[[24387,46297],[133,4]],[[24520,46301],[0,-655]],[[24520,45646],[-65,1]],[[31229,524],[9,40]],[[31238,564],[11,22],[23,-37]],[[31289,517],[-6,-61],[-19,25]],[[31250,467],[-21,57]],[[23787,41276],[1,-327]],[[23663,40957],[1,459],[-4,1]],[[15887,36611],[22,-3]],[[15909,36608],[32,-17],[19,55],[106,-4]],[[16066,36642],[0,-110],[19,-211],[-13,-63],[12,-202],[48,-22],[3,-42]],[[16135,35992],[5,-125],[-10,-79],[8,-121]],[[16138,35667],[-56,-1],[-20,42],[-26,-157]],[[16036,35551],[-31,129],[-9,98],[-28,125],[-56,149],[-35,223]],[[15877,36275],[-14,139],[4,128],[20,69]],[[19525,38546],[189,0],[1,314]],[[19715,38860],[244,1]],[[19959,38861],[0,-686],[-37,0]],[[19922,38175],[0,57],[-139,-1],[13,-143],[21,0],[20,-68],[-7,-125]],[[19830,37895],[-300,2]],[[25943,27172],[26,64],[12,73]],[[25981,27309],[25,2],[0,163],[28,27]],[[26034,27501],[10,-52],[45,-126],[17,-7],[1,-163]],[[26107,27153],[1,-327]],[[26108,26826],[-118,-5],[-18,79]],[[25972,26900],[-20,115],[-9,157]],[[25796,31149],[14,-119],[21,-6],[32,113],[-4,112]],[[25859,31249],[49,-1],[6,-122],[20,-108]],[[25934,31018],[-15,-90],[1,-425]],[[25920,30503],[-24,-36],[-31,-154]],[[25865,30313],[-42,300]],[[25823,30613],[-6,81],[-29,4]],[[27586,35970],[27,97],[19,-71],[32,165]],[[27664,36161],[18,14],[32,-163],[20,-193]],[[27734,35819],[-12,-348]],[[27722,35471],[-34,-127],[-66,79],[-12,-68]],[[27610,35355],[-17,98],[-37,47]],[[26506,34375],[10,157],[17,123]],[[26533,34655],[28,29],[20,-170],[19,-1]],[[26600,34513],[-19,-336]],[[26581,34177],[-47,8],[-11,33]],[[26523,34218],[-17,157]],[[26752,47575],[0,-81],[33,2],[2,-244]],[[26787,47252],[3,-487]],[[26790,46765],[-33,-10]],[[26757,46755],[-98,-15]],[[26659,46740],[-2,641]],[[26657,47381],[31,22],[-1,163],[65,9]],[[22656,41355],[126,0]],[[22625,41355],[31,0]],[[22009,28182],[-1,-817]],[[26141,38532],[11,14],[29,159]],[[26181,38705],[27,22]],[[26264,38278],[-10,33],[-25,-73]],[[26229,38238],[-80,42]],[[26149,38280],[-17,190],[9,62]],[[23492,28225],[28,-146]],[[23520,28079],[-120,-4]],[[23400,28075],[0,207]],[[24089,49200],[35,-1]],[[24124,49199],[65,-2],[0,-162],[67,-1]],[[24256,49034],[0,-486]],[[24153,48524],[-67,27]],[[22782,41355],[0,652]],[[22908,42006],[0,-652]],[[21303,45103],[170,7]],[[21322,43637],[0,324],[-8,82]],[[27132,28628],[107,547]],[[27239,29175],[21,-20],[21,-75]],[[27289,28479],[-48,-20],[-49,94],[-20,-119]],[[27172,28434],[-26,41],[-16,80],[2,73]],[[25138,26806],[134,6]],[[25272,26812],[-11,-624]],[[25261,26188],[-42,-69],[-39,-39],[-41,-18]],[[20919,47857],[294,-2]],[[21072,46965],[-152,-1]],[[22338,23578],[103,2]],[[22442,22905],[-92,-1]],[[23597,46791],[132,0]],[[23597,46300],[0,491]],[[24357,40115],[-1,-27],[78,-11]],[[24434,40077],[9,-329]],[[24443,39748],[-62,9],[-1,-166]],[[24380,39591],[-133,10]],[[24247,39601],[2,328],[-59,13]],[[21213,35740],[84,-9],[183,-4]],[[21480,35727],[4,0]],[[21484,35727],[-1,-922]],[[21483,34805],[-36,0]],[[21213,34805],[0,935]],[[22782,40053],[-1,-325]],[[24041,39904],[17,220],[23,-41]],[[24158,39946],[-37,-468],[1,-52]],[[24018,39602],[-2,114],[25,188]],[[23396,23291],[88,278]],[[23484,23569],[33,-7]],[[23517,23562],[38,-707],[42,2]],[[23597,22857],[1,-418]],[[23598,22439],[-151,-10]],[[23447,22429],[-1,166],[-12,39],[-19,324]],[[23415,22958],[-19,333]],[[25933,44118],[0,-81]],[[25933,44037],[2,-491],[-7,-1]],[[25820,44032],[0,81],[113,5]],[[26839,39384],[-113,22],[-16,104]],[[26710,39510],[-12,69],[-20,5]],[[26678,39584],[9,266]],[[18056,53811],[140,0]],[[18196,53811],[3,-134],[-13,-181],[32,-412],[-13,-224],[12,-74],[-14,-140],[32,-5],[22,-160],[26,-18]],[[18283,52463],[0,-2]],[[23009,44610],[31,0],[0,-109]],[[23040,44501],[0,-299],[5,-81],[27,-163]],[[23072,43958],[-40,0]],[[23032,43958],[-27,74],[-35,-14],[-22,46],[-37,6]],[[22911,44070],[0,6]],[[22911,44076],[0,536]],[[25668,41102],[88,-3]],[[25756,41099],[2,-439],[9,-54]],[[25767,40606],[1,-96],[-9,-150]],[[25759,40360],[-71,6]],[[21412,25734],[142,0]],[[21554,25734],[0,-1069]],[[21554,24665],[-146,12]],[[21408,24677],[-5,1057]],[[31705,852],[34,-54],[-18,-75],[-16,129]],[[25756,41752],[0,408]],[[25882,41755],[0,-65]],[[25882,41690],[-126,-4]],[[25756,41686],[0,66]],[[26510,34972],[16,-4]],[[26526,34968],[67,-9],[4,34]],[[26597,34993],[57,-7]],[[26654,34986],[21,-116],[8,-142],[-5,-86]],[[26678,34642],[-15,-1],[-26,-113],[-16,31],[-21,-46]],[[26533,34655],[-5,14],[-18,303]],[[24724,30921],[27,1],[-1,159],[30,3]],[[24797,30427],[0,-163],[-87,0]],[[24710,30264],[0,355],[14,-2],[0,304]],[[25019,24347],[-2,188]],[[25017,24535],[0,630],[-29,-1],[0,164]],[[27091,24181],[58,-136],[43,-65],[27,-7]],[[27219,23973],[0,-374]],[[27219,23599],[-10,44],[-27,9],[-40,63],[-5,-70],[-27,-131],[-60,-357]],[[27050,23157],[0,166]],[[27050,23323],[9,211],[2,222],[-11,116],[3,172],[17,54],[8,95],[13,-12]],[[18334,32987],[44,-40],[8,-53],[47,-161],[7,-74],[61,-90],[32,-26],[12,-89],[29,-10],[8,-166],[30,-2],[0,-328],[156,8],[-1,-326],[63,-1],[0,-619]],[[18846,30128],[-64,0],[-122,90],[-8,-131],[-23,-179],[-130,218],[-165,2]],[[18334,30128],[0,595]],[[16024,40034],[61,82],[20,161],[8,176],[43,13],[21,132]],[[16177,40598],[18,79]],[[16120,39546],[-7,34],[-31,-106]],[[16082,39474],[-11,4],[-32,-111],[-11,220],[6,84],[-13,278],[3,85]],[[16221,35254],[71,387],[20,10],[-2,86],[16,86]],[[16326,35823],[25,-248],[-1,-93],[24,-145],[39,-28],[42,104],[14,-20],[39,83],[20,3],[35,283],[35,98],[3,151],[47,8],[15,109],[-1,193],[13,120],[74,394]],[[16749,36835],[29,-66],[17,-134],[23,-29]],[[16818,36606],[-3,-224],[19,-28],[18,-349],[17,-10],[43,-143],[3,-90],[18,-232],[-8,-100],[8,-168]],[[16933,35262],[-54,-10],[-119,4],[0,-158],[-90,7],[0,-163],[-45,3],[-29,-162]],[[16389,33695],[-13,107],[-20,9],[-60,260],[-5,56],[11,122],[-14,120]],[[16288,34369],[5,92],[17,23],[-2,298],[-87,472]],[[25166,35315],[0,325]],[[25166,35640],[92,-9]],[[25258,35631],[-1,-358]],[[25257,35273],[-1,-467]],[[25256,34806],[-7,1]],[[25249,34807],[-84,3]],[[25165,34810],[1,505]],[[28457,40828],[60,2]],[[28517,40830],[-30,-497],[3,-197]],[[28490,40136],[-40,1],[-21,35],[-19,-29]],[[28410,40143],[17,263],[-25,151],[-26,55],[21,216]],[[23051,58187],[302,-2]],[[23353,58185],[5,-177],[18,-43],[41,74],[0,-389],[-70,0],[0,-323]],[[23347,57327],[-73,-3]],[[23274,57324],[-219,11]],[[23055,57335],[-4,323],[0,529]],[[24496,29247],[126,0]],[[24622,29247],[0,-484],[14,-1]],[[24580,28272],[-70,6]],[[24510,28278],[12,97],[-21,81],[4,66],[28,-1],[-3,191],[-13,106],[3,159],[-14,2],[-10,268]],[[26461,49137],[78,0]],[[26628,49140],[-5,-200],[-27,-38],[-23,-96],[-21,22],[-20,-162]],[[20545,40876],[0,313]],[[20545,41189],[70,1]],[[20615,41190],[26,1]],[[20641,40961],[0,-332]],[[20642,40540],[-48,-558],[-30,-259]],[[20564,39723],[-19,0],[0,817]],[[20545,40540],[0,336]],[[20641,40658],[0,4]],[[26425,32385],[26,69],[29,7],[19,84]],[[26499,32545],[17,-139],[38,72],[36,-15]],[[26590,32463],[-10,-173]],[[26580,32290],[-29,-22],[-46,-293]],[[26505,31975],[-34,0]],[[26471,31975],[-54,2]],[[26417,31977],[8,408]],[[27154,34969],[90,-25]],[[27244,34944],[8,-140],[15,-99],[5,-150]],[[27272,34555],[-28,-21],[-3,-130],[-14,12],[-17,-98]],[[27210,34318],[-25,60],[-20,145],[-26,76]],[[27139,34599],[10,145],[-3,128],[8,97]],[[27073,44169],[30,-42],[32,6],[41,138],[31,132]],[[27207,44403],[0,-115],[27,0]],[[27234,44288],[0,-414]],[[27234,43874],[-57,2],[8,-134],[-33,-1]],[[27152,43741],[-54,-4]],[[27098,43737],[0,141],[-26,1],[1,290]],[[28580,45093],[115,-2]],[[28695,45091],[9,-650]],[[28704,44441],[-23,-7],[-6,-199]],[[28509,44326],[-17,13]],[[28492,44339],[-14,757]],[[28478,45096],[102,-3]],[[25162,34810],[3,0]],[[25249,34807],[-4,-654]],[[25245,34153],[-1,-68],[-34,4],[-11,-103]],[[25199,33986],[-20,93],[-21,21],[-33,186]],[[25125,34286],[3,349],[17,-31],[20,33],[-3,173]],[[27998,35175],[43,361]],[[28171,35324],[-5,-437]],[[28166,34887],[-78,-1]],[[28088,34886],[-37,-2]],[[27974,34883],[6,185],[18,107]],[[24978,36365],[67,2]],[[25045,36367],[0,-134],[-7,-256],[28,-110]],[[25066,35867],[11,-161]],[[25077,35706],[-36,154],[-14,-102]],[[25027,35758],[-19,56],[-30,396]],[[24978,36210],[-9,64],[9,91]],[[23709,26753],[25,0],[26,108],[19,162],[36,-47],[13,-145]],[[23828,26831],[26,-113],[-5,-135],[17,-91],[10,-126],[24,-106]],[[23900,26260],[-23,-35],[-1,-128]],[[23876,26097],[-122,-2]],[[23754,26095],[-8,92],[-19,62],[-10,103]],[[23717,26352],[-8,33],[0,368]],[[23908,50314],[30,75],[12,107]],[[23950,50496],[14,58],[30,-54]],[[23994,50500],[4,-223],[21,19],[35,-67]],[[24054,50229],[20,-60]],[[24074,50169],[0,-158],[-17,1],[0,-162],[-35,0],[-34,-52],[0,-81]],[[23921,49851],[-10,163],[-3,300]],[[23899,41413],[140,8]],[[24039,40790],[-114,7]],[[23925,40797],[-27,0],[1,494]],[[22309,41356],[95,0]],[[22404,41356],[62,0]],[[18550,53072],[-3,74],[61,150],[11,67]],[[18765,53640],[1,-972],[34,-1],[0,-403]],[[18800,52264],[-12,-70],[-28,4]],[[18760,52198],[-35,111],[-49,-31],[-8,-130],[-15,-43]],[[18653,52105],[-59,156],[-18,488],[-31,161]],[[18545,52910],[5,162]],[[22209,43309],[61,1]],[[22405,43309],[0,-650]],[[22404,42642],[-50,-70],[-76,15]],[[22211,42606],[-2,55],[0,648]],[[25411,36638],[55,296]],[[25466,36934],[67,17]],[[25533,36951],[8,-100],[26,-45]],[[25567,36806],[-35,-155],[-26,-46],[-62,-209]],[[25444,36396],[4,53]],[[25448,36449],[-12,70],[-24,-14],[-1,133]],[[26116,37106],[35,213],[35,100]],[[26186,37419],[34,-12]],[[26220,37407],[8,-68],[-7,-329]],[[26221,37010],[-1,-89]],[[26220,36921],[-63,-1],[-33,79],[-8,107]],[[27512,33818],[17,45],[32,0],[1,56],[47,-30]],[[27609,33889],[-1,-168]],[[27603,32944],[-32,-2]],[[27571,32942],[-1,-1]],[[27570,32941],[-7,145],[-50,259],[-19,43]],[[27494,33388],[-1,157],[25,110],[-6,163]],[[27403,32945],[13,0]],[[27416,32945],[123,-6]],[[27539,32939],[-58,-595]],[[27481,32344],[-13,44]],[[27468,32388],[-32,111],[-8,148],[-16,127],[-9,171]],[[26678,39584],[-63,-68],[-17,3]],[[26598,39519],[-55,2],[1,423]],[[26857,42005],[27,-8],[6,383]],[[26970,42390],[33,24]],[[27003,42414],[11,10],[-1,-219]],[[27013,42205],[-3,-406]],[[27010,41799],[-79,12],[0,36],[-76,23]],[[15941,51919],[15,82],[37,2],[59,58]],[[16052,52061],[23,-52]],[[16004,51187],[0,217],[-22,54],[-12,110]],[[15970,51568],[-25,111],[-4,240]],[[27995,41806],[11,156]],[[28006,41962],[32,-73],[20,28],[40,-113],[9,105]],[[28107,41909],[6,-137],[28,-112]],[[27953,40833],[15,188],[-2,437],[6,24],[23,324]],[[23038,50341],[168,-1],[0,162],[31,0],[0,83]],[[23237,50585],[66,-279],[5,-64]],[[23308,50242],[34,-101]],[[23342,50141],[0,-294],[-66,1]],[[23138,50013],[-100,2]],[[25878,32770],[6,175],[-3,236]],[[25881,33181],[11,134]],[[25892,33315],[18,-79],[29,-35],[15,32]],[[25984,32979],[-1,-328],[-9,-112]],[[25974,32539],[-35,102],[-33,36],[-29,-55]],[[25877,32622],[1,148]],[[27069,34820],[15,111],[28,87]],[[27112,35018],[51,-4]],[[27163,35014],[-9,-45]],[[27139,34599],[-35,-104],[-17,-89]],[[27087,34406],[-4,-42]],[[27083,34364],[-27,129],[-1,104],[23,158],[-9,65]],[[26090,34623],[16,183],[43,57]],[[26149,34863],[23,-56],[23,-176]],[[26195,34631],[-1,-192],[11,-203],[-10,-96]],[[26090,34434],[0,189]],[[24748,49124],[0,-792]],[[24748,48332],[-35,-11],[-132,-1]],[[24581,48320],[0,648],[-17,-1]],[[24564,48967],[-1,109],[20,54],[131,5],[34,-11]],[[19950,47901],[118,-2]],[[20068,47899],[116,-15],[172,4]],[[20356,47888],[1,-41],[0,-1299],[-1,-645]],[[19953,45905],[-5,0],[-1,650],[12,0],[0,648],[-4,0],[0,644],[-5,54]],[[31507,399],[1,5]],[[31508,404],[11,-65]],[[31519,339],[6,-31]],[[31525,308],[21,-146]],[[31546,162],[-29,-4]],[[31353,812],[4,19]],[[31357,831],[16,24]],[[31395,680],[-17,-59],[-7,-118]],[[31371,503],[-7,253]],[[31364,756],[-11,56]],[[31640,414],[49,87],[14,-72],[-28,-70],[-25,-9],[-10,64]],[[16535,50831],[0,-136],[33,0]],[[16573,49408],[-68,0],[0,155],[-34,0],[0,92],[-102,-5],[0,239]],[[16369,49889],[0,369],[4,113]],[[23138,23067],[80,38]],[[23218,23105],[0,-291]],[[23218,22814],[-11,-2],[-33,139],[38,-701]],[[23212,22250],[-40,-112],[-18,-2]],[[23154,22136],[-2,126],[-17,27],[-8,239],[13,127],[-17,122]],[[23123,22777],[-13,120],[9,135],[19,35]],[[23139,21900],[18,3],[-10,136],[7,97]],[[23212,22250],[61,-232],[51,-158]],[[23324,21860],[-11,-264],[-24,-1],[-7,-157],[-22,-119],[-28,63],[-26,-116]],[[23206,21266],[-13,98],[-15,38],[-12,184],[-19,74],[0,216],[-8,24]],[[23211,23824],[64,-227],[67,-8]],[[23342,23589],[14,-185],[40,-113]],[[23415,22958],[-46,-252],[-31,101],[-33,46],[-17,111],[-28,-114],[-42,-36]],[[23218,23105],[0,204],[-7,515]],[[27110,35607],[15,55]],[[27125,35662],[20,35],[9,-81],[28,104],[39,39]],[[27221,35759],[16,-108]],[[27237,35651],[15,-99],[18,-256]],[[27270,35296],[-34,-43],[-62,-190]],[[27174,35063],[-26,283],[-38,261]],[[24743,28824],[10,110],[34,-53]],[[24787,28881],[118,-223]],[[24905,28658],[-8,-38],[-16,-288],[-17,-201],[-19,-99]],[[24845,28032],[-104,244],[-7,1]],[[16761,54935],[284,-2]],[[17045,54933],[0,-351],[-3,-385],[-13,-154],[-22,-11],[-32,-75]],[[16975,53957],[-123,-5],[-200,3]],[[16652,53955],[1,327],[107,-2],[1,655]],[[27734,35819],[43,25]],[[27777,35844],[10,14],[18,139],[25,-10],[13,-104],[31,-28]],[[27874,35855],[-35,-973]],[[27804,34881],[4,78],[-19,114],[-20,-192]],[[27701,34883],[21,588]],[[15636,55419],[14,122],[31,120],[28,41],[4,121],[16,121],[43,196],[11,-303],[-8,-173],[7,-116],[-14,-62],[14,-86],[-15,-200]],[[15767,55200],[-71,1]],[[15696,55201],[0,218],[-60,0]],[[20468,41225],[61,0],[16,-36]],[[20545,40876],[-28,23],[-36,140],[-17,36]],[[20464,41075],[4,150]],[[26531,29649],[65,-275]],[[26528,29088],[-6,70],[-25,27],[-2,56]],[[17859,46530],[0,268]],[[17977,46307],[42,-93],[30,-18],[33,-61],[30,-116],[25,63],[11,-5]],[[18148,46077],[-18,-22],[-1,-182],[-60,0],[1,-791]],[[18070,45082],[-88,0],[-58,14],[-65,-11]],[[17859,45085],[0,1445]],[[24874,44315],[64,1]],[[24936,43500],[-2,160],[-59,1]],[[24581,41547],[60,-1],[5,-96],[21,-92],[25,-29]],[[24673,41121],[3,-71]],[[24676,41050],[-96,11]],[[24580,41061],[1,486]],[[24780,41695],[20,85],[16,122],[7,142],[33,123]],[[24856,42167],[58,-1],[1,-217],[31,1]],[[24736,41584],[44,111]],[[25988,41246],[-21,-31]],[[25967,41215],[-84,-2]],[[25883,41213],[-1,477]],[[26062,40952],[-10,-165]],[[26052,40787],[-89,-2]],[[25963,40785],[-1,323],[5,107]],[[23009,47450],[193,-5]],[[23202,47445],[1,-652]],[[23203,46793],[-189,0]],[[23014,46793],[10,94],[-3,170],[16,62]],[[23037,47119],[-9,264],[-19,67]],[[25643,36518],[-4,103],[21,168]],[[25660,36789],[25,130],[37,81],[-2,120]],[[25720,37120],[52,-142]],[[25772,36978],[-1,-80],[14,-103]],[[25785,36795],[-20,-40],[14,-276]],[[25779,36479],[-41,-170],[-19,-42],[-20,-130]],[[25699,36137],[-23,107],[-1,96],[-32,178]],[[26800,36681],[6,-31]],[[26806,36650],[26,-37],[20,-77],[2,-217],[12,-46]],[[26866,36273],[-6,-25]],[[26860,36248],[-24,-6],[-21,-96],[-30,-40]],[[26785,36106],[-30,193],[-4,198]],[[26751,36497],[-3,98],[20,129],[32,-43]],[[29579,46133],[27,-28],[2,-107],[47,-58],[-1,-89],[60,53],[32,-24],[17,-144]],[[29763,45736],[26,-185]],[[29789,45551],[-40,-72],[-11,47],[-53,-38],[-8,38],[-44,-60],[-4,70],[-24,53],[-1,126],[-19,21],[-13,-59]],[[29572,45677],[-4,126],[11,330]],[[24771,26480],[139,-5]],[[24910,26475],[19,0],[3,-499]],[[24842,25941],[-41,-17]],[[24801,25924],[-6,262],[-24,294]],[[24987,28792],[-53,-1]],[[24934,28791],[0,219],[-39,26],[0,487]],[[25261,26188],[2,-366]],[[25263,25822],[4,-491]],[[22782,43964],[32,-23]],[[22814,43941],[21,-14],[46,69],[30,80]],[[22911,44070],[-1,-762]],[[22782,43310],[0,654]],[[22782,42007],[-126,0]],[[22656,42007],[-1,0]],[[29167,45409],[40,-102],[65,-34],[9,138],[11,13],[26,-93]],[[29318,45331],[-5,-91]],[[29313,45240],[-9,-333],[6,-52],[-4,-529]],[[29306,44326],[-48,-14],[-33,40],[-5,54],[-29,-78]],[[29191,44328],[-8,100],[-50,188],[34,244],[-91,263]],[[29076,45123],[91,286]],[[24962,34499],[10,69],[-9,87],[1,145]],[[24964,34800],[15,0]],[[24979,34800],[19,3]],[[24998,34803],[19,7]],[[25017,34810],[-4,-175],[-12,-107],[-11,-218],[-11,-43]],[[24979,34267],[-1,-47],[-40,-4]],[[24938,34216],[27,159],[-3,124]],[[21383,24679],[25,-2]],[[21554,24665],[140,-1]],[[21781,23184],[-222,0]],[[21559,23184],[6,73],[22,58],[-23,119],[14,86],[12,174],[-1,112],[-17,64],[-16,-3]],[[21556,23867],[-13,185],[-16,300],[-33,144],[-25,-5],[-46,104],[-12,-12],[-28,96]],[[27298,39538],[35,-39]],[[27333,39499],[9,-91],[0,-215],[-15,-100],[20,-140]],[[27347,38953],[-13,-93]],[[27334,38860],[-15,-105]],[[27319,38755],[-20,60],[-4,179],[-14,85],[2,86],[-18,157]],[[25803,32662],[19,-53],[24,40],[32,121]],[[25877,32622],[1,-70],[-14,-121],[-3,-195]],[[25861,32236],[-13,-4],[-8,207],[-19,107],[-19,48],[1,68]],[[25934,31018],[15,8],[60,270],[26,224],[9,20],[10,144],[12,53]],[[26079,31295],[2,-66]],[[26085,31108],[-17,-76],[-1,-82],[-16,-136],[-38,-202],[-20,-27],[0,-83]],[[25993,30502],[-73,1]],[[23567,34060],[43,-5],[17,80],[1,136],[100,-20],[24,58]],[[23752,34309],[-16,-269],[-2,-483],[-3,-135]],[[23731,33422],[-45,-20],[-103,17]],[[23583,33419],[-16,641]],[[29548,43698],[12,111],[-2,126],[13,168],[32,-43],[10,184]],[[29613,44244],[28,61]],[[29641,44305],[3,-263],[24,0],[12,-97],[-1,-106],[21,-139]],[[29700,43700],[-22,31],[-21,-51],[-17,41],[-39,-45],[-19,17],[-14,-89],[-26,-66]],[[29542,43538],[6,160]],[[26505,31975],[20,0]],[[26568,31611],[-13,-27],[-8,-105]],[[26547,31479],[-22,30],[-14,-45],[-14,-135],[-25,42],[-9,-31]],[[26463,31340],[15,149],[3,138],[-15,80],[11,81],[-20,120],[14,67]],[[24453,43361],[118,-3]],[[24571,43358],[0,-4]],[[24571,43354],[-4,-272],[-37,-212],[-5,-216]],[[24525,42654],[-19,22],[-31,121],[-32,75]],[[25821,37837],[16,-29],[19,44],[2,97]],[[25858,37949],[16,-81],[1,-151],[25,-86],[50,-21]],[[25950,37610],[6,-232],[-10,-109],[-38,-35]],[[25908,37234],[-26,146],[-69,316]],[[25813,37696],[16,77],[-8,64]],[[16059,42185],[48,0]],[[16107,42185],[74,2],[0,-356],[16,-66],[37,-40],[0,79],[30,139],[31,-16],[39,-110],[8,-81],[40,-169],[26,-14],[23,-260],[15,-55],[1,-271],[-11,-162]],[[16177,40598],[-17,58],[-32,235],[-45,220],[-2,270],[11,174],[-16,81]],[[16076,41636],[-2,72],[21,40],[8,183],[-11,57],[-25,19],[-8,178]],[[26172,38903],[19,21],[31,112]],[[26222,39036],[25,-187]],[[26181,38705],[-16,78],[-29,204]],[[26136,38987],[24,-8],[12,-76]],[[25284,27468],[-9,-504]],[[25275,26964],[-3,-152]],[[20661,52177],[12,0],[0,654],[15,0]],[[20688,52831],[103,-1],[0,-152],[35,0],[0,-158],[71,-3],[0,-163],[25,0]],[[20922,52354],[1,-1251]],[[20923,51103],[1,-397],[-6,-6]],[[20918,50700],[-273,5]],[[20645,50705],[0,658],[14,0],[2,814]],[[24719,53634],[25,78],[83,125],[39,170]],[[24866,54007],[7,0],[0,-323],[35,0],[-1,-163],[105,1],[0,-324],[104,-1]],[[25116,53197],[0,-440]],[[25116,52757],[-28,77],[-233,302]],[[24855,53136],[-53,69],[0,41],[-27,264],[-56,124]],[[29228,43489],[70,342]],[[29298,43831],[0,-7]],[[29298,43824],[3,-138],[23,-223],[-1,-246]],[[29323,43217],[-89,255]],[[29234,43472],[-6,17]],[[27331,32278],[11,46],[-3,179],[16,244]],[[27355,32747],[2,165]],[[27357,32912],[12,49],[34,-16]],[[27468,32388],[-62,-328],[-19,-59]],[[27387,32001],[-18,140]],[[27369,32141],[-8,58],[-30,-117],[0,196]],[[26670,44380],[69,8]],[[26739,44388],[28,-52],[19,-106],[18,-46],[21,64],[39,-12],[7,-90]],[[26871,44146],[-35,-17],[-37,-50]],[[26799,44079],[-108,-1],[-21,80]],[[28419,41482],[30,146],[48,147]],[[28497,41775],[28,-92],[10,-107]],[[28535,41576],[16,-106],[36,-23],[16,-187],[24,-72],[4,-88],[28,-168],[10,-101]],[[28669,40831],[-92,0]],[[28577,40831],[-60,-1]],[[27864,30602],[16,86]],[[27880,30688],[117,-664]],[[27997,30024],[30,-172]],[[28027,29852],[-47,-96],[-39,-160],[-41,-268]],[[27900,29328],[-28,1],[-10,171],[-15,77]],[[27847,29577],[-20,204],[2,107],[-22,151],[9,149],[15,47],[16,223],[17,144]],[[19269,42866],[30,-85],[96,117],[3,-140],[22,12],[12,61],[0,126],[53,0],[11,-135],[1,-191],[31,-40]],[[19528,42591],[-1,-823]],[[19527,41768],[0,-1052]],[[19527,40716],[0,-304]],[[19527,40412],[-15,-67],[-236,0],[-20,14]],[[19256,40359],[-4,182],[15,183],[-2,123],[18,41],[-14,101]],[[15647,55581],[-11,-162]],[[15696,55201],[0,-94]],[[15696,55107],[-17,-156],[1,-192]],[[15585,54605],[-80,-1],[-5,325],[0,485]],[[15500,55414],[0,163],[147,4]],[[27426,41646],[5,53]],[[27431,41699],[46,-49]],[[27477,41650],[0,-268]],[[27477,41382],[-60,33]],[[27417,41415],[9,231]],[[25375,47323],[48,0]],[[25423,47323],[-3,-103],[10,-117],[-6,-139],[12,-105],[5,-191]],[[25441,46668],[-68,2]],[[25373,46670],[2,653]],[[26435,30755],[84,-2]],[[26519,30753],[7,-92],[-17,-169],[-19,-49]],[[26490,30443],[-16,-192],[6,-28]],[[26480,30223],[-13,8],[-32,102],[0,143]],[[26709,28607],[49,-66],[-5,-118],[18,-15]],[[26771,28408],[-6,-251]],[[26765,28157],[-17,114],[-62,-152]],[[26686,28119],[-20,485]],[[26222,24657],[28,-5]],[[26303,24645],[-6,-52],[-1,-292],[-3,-90],[-30,-205]],[[26263,24006],[-11,49],[-6,245],[-13,98],[-5,119]],[[26228,24517],[-6,140]],[[26730,24564],[-27,3]],[[25861,39572],[66,3]],[[25927,39575],[62,-18],[17,52]],[[25981,38984],[-14,52],[-55,0],[-14,40],[-25,-37]],[[25861,39464],[0,108]],[[25756,41207],[103,2]],[[25859,41209],[0,-546]],[[25859,40663],[-39,-4],[0,-54],[-53,1]],[[25756,41099],[0,108]],[[25880,40666],[83,9]],[[25963,40675],[0,-544]],[[25963,40131],[-37,-6]],[[25926,40125],[-46,-5]],[[25880,40120],[0,546]],[[24574,40228],[90,-7]],[[24664,40221],[-2,-57],[8,-312],[-3,-151]],[[24667,39701],[9,-233],[10,-65],[24,18]],[[24710,39421],[-26,-174],[-23,26],[-11,85]],[[24650,39358],[-13,230],[8,58],[-11,254]],[[24634,39900],[-20,160],[-40,168]],[[26345,38495],[7,37]],[[26352,38532],[8,-111],[18,-96],[6,-185]],[[26384,38140],[11,-141]],[[26395,37999],[-61,-146],[-1,-25]],[[26333,37828],[-9,102],[-19,46]],[[26305,37976],[-4,294]],[[26271,36765],[34,81],[19,81]],[[26324,36927],[6,-62],[52,-216]],[[26382,36649],[-15,-294]],[[26367,36355],[-15,50],[-46,-220]],[[26306,36185],[0,228],[-36,125],[1,227]],[[28037,39647],[29,147],[-10,57],[6,112],[22,179],[-2,211]],[[28082,40353],[33,-140]],[[28115,40213],[54,-237]],[[28136,39549],[-3,-35],[-42,-18]],[[28091,39496],[-21,175],[-18,-138],[-25,54]],[[28027,39587],[10,60]],[[26973,35685],[50,133]],[[27023,35818],[20,-7],[19,154],[30,41]],[[27092,36006],[20,-166],[13,-178]],[[27110,35607],[-31,-120],[-9,30],[-28,-49],[-7,-105],[-33,-67],[-30,-101]],[[26972,35195],[-21,313]],[[26951,35508],[29,70],[-7,107]],[[16979,58188],[214,0]],[[17193,58188],[0,-145],[-19,0],[0,-161],[-19,-1],[0,-175],[-18,0],[0,-163],[36,-6],[0,-969],[18,0],[0,-163]],[[17191,56405],[-28,1],[1,-467],[-15,-6],[-31,115],[-34,-58]],[[17084,55990],[-72,-48],[-37,272],[-36,-95]],[[16939,56119],[-2,145],[-15,103],[46,63],[-3,138],[16,47],[-1,100],[15,101],[-10,98],[-10,270],[17,106],[13,235],[-8,246],[-23,207],[5,210]],[[24409,49949],[0,-653],[-18,-55],[-5,-91],[22,-136],[-7,-133]],[[24401,48881],[-24,70],[-18,108],[-42,136]],[[24317,49195],[-28,311],[-34,90]],[[24255,49596],[15,335],[7,19],[98,0]],[[31309,1104],[15,-22],[35,23]],[[31359,1105],[-1,-178]],[[31358,927],[-1,-96]],[[31353,812],[-31,-23],[-15,17]],[[31307,806],[2,298]],[[22048,35743],[129,-4]],[[22201,35739],[22,-225],[22,-112]],[[22245,35402],[0,-417],[-86,-7]],[[22159,34978],[-111,1]],[[22048,34979],[0,764]],[[21483,34805],[114,-2]],[[21597,33973],[-151,-1]],[[19527,40412],[0,-245]],[[19527,40167],[-1,-920],[-1,-701]],[[19256,38546],[5,80],[-14,74],[6,134],[-18,74],[5,114],[-23,208],[8,113],[-5,169],[4,134],[11,90],[1,100],[12,73],[-7,90],[17,160],[-2,200]],[[28114,36294],[121,-194]],[[28235,36100],[-29,-91],[3,-290]],[[28209,35719],[-21,-3],[-10,66]],[[28112,35964],[2,330]],[[24005,28963],[52,-9],[9,28],[29,-55],[25,17]],[[24120,28944],[38,-183],[22,55]],[[24180,28816],[30,-90],[30,-164]],[[24240,28562],[8,-244],[11,-46]],[[24259,28272],[-183,12]],[[24076,28284],[-74,6]],[[24002,28290],[3,673]],[[15972,35460],[31,129],[16,-48]],[[16019,35541],[13,-106],[40,-210],[-5,-74],[34,-69],[8,-72],[-3,-103],[81,-432],[0,-99],[49,40],[29,-166],[12,-13],[11,132]],[[16417,33475],[-144,3],[-171,8]],[[16102,33486],[-33,169],[-11,215],[-20,46],[-15,167],[-25,151],[-27,73],[-22,157],[-13,313],[5,279],[14,-56],[17,171],[6,202],[-6,87]],[[20324,43218],[255,1]],[[20579,43219],[93,0]],[[20672,43219],[-1,-1214],[-31,0],[1,-164]],[[20641,41841],[-94,-7],[-73,5]],[[20474,41839],[-14,119],[-18,66],[-24,237]],[[20418,42261],[-15,55],[-1,95],[-41,469],[-36,226],[-1,112]],[[26875,19715],[119,3],[0,81],[55,0]],[[27049,19799],[0,-310]],[[27049,19489],[-14,-100],[0,-164]],[[27035,19225],[-152,3]],[[26883,19228],[-43,0]],[[26840,19228],[12,86],[23,401]],[[24763,24517],[118,3]],[[24881,24520],[30,0]],[[24911,24520],[-21,-373],[-8,-66],[-5,-190]],[[24877,23891],[-41,-1],[-72,88]],[[24764,23978],[-13,259],[-12,102],[-1,178]],[[24738,24517],[25,0]],[[25360,53361],[0,483],[35,2],[0,160],[-15,1],[0,275]],[[25380,54282],[40,-5],[45,-83],[3,-71],[27,-29],[16,-171],[37,-220],[16,-18],[-1,-129],[36,-67],[40,12]],[[25639,53501],[0,-628]],[[25639,52873],[-35,0],[-1,-326],[-34,1]],[[25569,52548],[-70,1]],[[25499,52549],[1,488],[-140,0]],[[25360,53037],[0,324]],[[18973,29129],[-151,0],[0,-488],[-139,-1],[-19,92],[-15,-13],[0,-1385]],[[18649,27334],[-104,-1],[-211,-1]],[[18334,27332],[0,1631]],[[18334,28963],[0,1165]],[[23954,33362],[59,-8]],[[24041,32864],[-1,-540],[-13,-8]],[[24027,32316],[-28,-2],[-19,-91],[-36,283],[-22,77]],[[23922,32583],[-6,27]],[[23916,32610],[1,268],[20,-3],[1,244],[15,-2],[1,245]],[[16190,38561],[39,30],[22,70],[51,-109],[32,15],[76,139],[7,81],[21,17],[19,121]],[[16457,38925],[-1,-361]],[[16456,38564],[-38,-17],[-34,-67],[-25,16],[-11,-51],[-41,-91],[-6,-106],[-49,-98],[-21,-93],[-32,-25]],[[16199,38032],[-8,140]],[[16191,38172],[-1,389]],[[24388,47116],[119,-3]],[[24507,47113],[6,-172]],[[24513,46941],[3,-146],[13,-50],[13,-274],[43,-115]],[[24585,46356],[0,-55],[-65,0]],[[29215,49059],[52,32],[-13,505],[64,42]],[[29318,49638],[67,22],[48,83],[9,97],[35,17]],[[29477,49857],[12,-222],[-10,-105],[5,-202]],[[29484,49328],[-21,-140],[-13,-270],[7,-34],[1,-176],[9,-109],[-1,-123]],[[29466,48476],[-16,-9]],[[29450,48467],[-173,-111]],[[29277,48356],[3,97],[-28,62],[-18,-35],[-35,214],[23,83],[-7,282]],[[27080,33794],[12,73],[26,-69]],[[27118,33798],[27,-163],[30,-93],[13,-89],[30,14],[23,-32]],[[27241,33435],[-47,-374]],[[27194,33061],[-1,-7]],[[27193,33054],[-31,-5],[-12,34]],[[27150,33083],[-17,63],[-20,-72]],[[27113,33074],[-12,271],[-33,163],[22,143],[-10,143]],[[26830,43765],[139,-11]],[[26969,43754],[1,-409]],[[26970,43345],[-28,-1],[2,-135]],[[26830,43700],[0,65]],[[22698,32704],[147,-1]],[[22845,32703],[0,-839]],[[22845,31864],[-55,67],[-7,226],[-12,100],[-41,161],[-1,124],[-31,88]],[[21484,35727],[132,4]],[[21786,35736],[-3,-280],[0,-652]],[[21783,34804],[-36,-1]],[[25063,32741],[0,67],[29,-3]],[[25092,32805],[66,-6]],[[25158,32799],[0,-81],[14,-104],[3,-152]],[[25175,32462],[-2,-472]],[[25163,31989],[-54,0]],[[25109,31989],[-50,-1]],[[26600,34020],[-2,84],[32,103],[25,-11]],[[26655,34196],[51,-73],[14,-95]],[[26720,34028],[-12,-145],[-9,-209]],[[26699,33674],[-24,70],[-21,-19],[-51,225],[-5,-9]],[[26598,33941],[2,79]],[[19052,56727],[35,0],[2,163],[217,-1],[1,-158],[32,0],[0,-166],[54,3]],[[19393,56568],[-2,-740]],[[19391,55828],[-42,-19],[-9,-49],[-32,18],[-4,-324],[-63,-169],[-38,-60]],[[19203,55225],[-118,0]],[[19085,55225],[-36,55],[0,149],[-27,-2],[-52,138],[21,188],[-121,-1]],[[18870,55752],[0,540]],[[18870,56292],[0,272]],[[22257,46960],[210,1]],[[22467,46961],[9,-96],[44,-121]],[[22520,46744],[1,-227]],[[22256,46597],[1,363]],[[25998,34639],[-6,-231],[19,-94]],[[26003,34115],[-15,-70],[-27,31],[-28,-46]],[[25933,34030],[-21,392]],[[22656,42007],[0,-652]],[[22530,41356],[0,651]],[[23446,27080],[97,0],[16,45]],[[23559,27125],[25,-1]],[[23584,27124],[-1,-71],[-24,-288],[-6,-229],[1,-200],[24,2]],[[23578,26338],[0,-95],[17,-148]],[[23595,26095],[-135,3]],[[23460,26098],[-14,1],[0,546]],[[23446,26645],[0,435]],[[22341,30525],[12,-65],[40,-77],[21,-6],[22,45]],[[22436,30422],[9,-16],[26,-161],[17,39]],[[22488,30284],[0,-463]],[[22488,29821],[-147,-4]],[[22341,29817],[0,708]],[[21597,33166],[0,-7]],[[21597,33159],[-151,-1]],[[21446,33158],[0,14]],[[21050,24079],[160,1132]],[[21210,25211],[22,-40],[29,-156],[17,51]],[[21278,25066],[25,67],[27,-109],[22,-35],[20,-111],[0,-121],[11,-78]],[[21556,23867],[-103,5],[0,-109],[-57,2],[0,-588],[-62,-2],[0,-431]],[[21334,22744],[-177,837],[-66,310]],[[18137,45081],[41,-11],[249,19]],[[18427,45089],[225,6],[8,-8]],[[18660,45087],[12,-129],[19,-119],[12,-130],[-12,-177],[13,-128],[7,-183],[12,32],[15,-233]],[[18738,44020],[-25,-12],[3,-102],[-18,-54],[-59,0],[-71,-486]],[[18568,43366],[-85,-144],[-112,0],[-234,0]],[[18137,43222],[0,920],[0,939]],[[26540,51083],[138,9]],[[26678,51092],[23,-212],[-42,-109],[3,-156],[34,-175]],[[26538,50436],[2,647]],[[25192,31543],[-4,-299]],[[25188,31244],[-99,3]],[[25089,31247],[0,406],[20,81],[0,255]],[[17870,38877],[264,0]],[[18134,38877],[0,-195]],[[18134,38682],[0,-793]],[[18134,36871],[0,-1131]],[[17620,35444],[0,810],[1,1451],[249,0],[0,1172]],[[29298,43824],[122,84]],[[29420,43908],[-2,-133],[19,-155],[-68,-210],[20,-216]],[[29389,43194],[-34,-196]],[[29355,42998],[-39,70]],[[29316,43068],[7,149]],[[28049,47658],[0,-454]],[[28049,47204],[0,-75]],[[28049,47129],[-26,16],[-10,-52],[-37,31],[-45,-120],[-17,86],[-19,-3]],[[27895,47087],[-16,22],[9,123],[-8,222],[122,178],[47,26]],[[29313,45240],[61,-137],[51,-51],[8,134]],[[29433,45186],[3,0]],[[29436,45186],[-9,-717]],[[29427,44469],[-3,-261]],[[29424,44208],[-112,-73],[-14,-92]],[[29298,44043],[-4,145],[12,138]],[[22633,56681],[213,-2]],[[22846,56679],[-2,-39]],[[22915,55703],[-162,0]],[[22753,55703],[-114,0]],[[22903,30451],[74,0],[23,-109]],[[23000,30342],[11,-94],[-16,-105],[8,-89],[-3,-123]],[[23000,29931],[-24,33],[-5,-117],[-20,-48],[-9,84],[-20,-30],[-9,151],[-10,38]],[[22903,30042],[0,110],[-10,109]],[[21990,19272],[27,2]],[[22382,19012],[2,-1316]],[[22384,17696],[0,-161],[-44,2]],[[22340,17537],[-105,8],[-11,86],[-23,-102]],[[22201,17529],[-12,13],[-2,124],[7,276],[-14,25],[5,122],[-26,145],[-28,25],[-30,222],[-18,48],[-4,187],[-28,178],[-7,131],[-18,149],[-36,98]],[[22622,18223],[15,-30],[16,-115],[141,5]],[[22794,18083],[-22,-432],[-22,-60],[-8,119],[-35,-149]],[[22707,17561],[-25,-30],[-16,33],[-16,-74],[-30,-20],[-10,-45]],[[22590,17522],[0,701],[32,0]],[[22810,18111],[13,1]],[[22823,18112],[-21,-279],[-14,-280]],[[22788,17553],[-8,1]],[[22780,17554],[4,138],[26,419]],[[16970,53685],[-4,-62],[1,-496],[35,1],[-1,-164],[35,0],[-1,-387]],[[17035,52577],[-276,-2]],[[16759,52575],[13,51],[-8,195],[-20,115]],[[16744,52936],[19,86],[31,25],[23,71],[9,130],[31,102],[5,169],[41,173],[22,-31],[19,49],[26,-25]],[[20434,38106],[137,-13],[71,0]],[[20642,38093],[0,-641]],[[20642,37452],[-40,172],[-25,-201],[-9,73],[-27,-91],[-17,11]],[[20524,37416],[-36,211],[-20,257],[-34,222]],[[20309,38401],[44,-1],[21,46]],[[20374,38446],[60,-340]],[[20524,37416],[12,-83],[-7,-188]],[[20367,37140],[-153,-1],[0,162],[-30,1]],[[20184,37302],[0,72],[-22,22],[-30,120],[-24,48],[-9,-36]],[[20098,37885],[1,521],[210,-5]],[[26604,31667],[18,-5],[11,-132],[19,-48],[13,44],[22,-59]],[[26687,31467],[4,-55]],[[26658,31033],[-22,15],[-22,-113]],[[26614,30935],[-14,135]],[[26600,31070],[14,71],[-8,239],[4,176],[-14,70]],[[24664,40221],[9,236]],[[24751,40454],[41,0]],[[24794,39971],[-15,-68],[-31,-1],[0,-95],[-73,8],[-8,-114]],[[26038,40136],[15,0],[0,192]],[[26053,40328],[92,1]],[[26145,40329],[1,-346]],[[26146,39983],[-40,-136]],[[26037,39726],[1,410]],[[18670,45626],[40,1],[24,-55],[6,299]],[[18740,45871],[77,-1]],[[18817,45870],[13,-118],[-20,-271],[11,-123],[-3,-89],[23,-48],[2,-129]],[[18843,45092],[-168,-4]],[[18675,45088],[0,323],[11,127],[-16,88]],[[24195,45649],[-66,-1]],[[26773,38930],[42,96],[7,-54],[6,-248],[9,-46]],[[26837,38678],[25,-25],[17,-97]],[[26879,38556],[-29,-134],[-14,-112]],[[26836,38310],[-42,37],[-23,134],[-32,72]],[[26739,38553],[14,66],[20,311]],[[26221,37010],[78,64]],[[26299,37074],[25,-147]],[[26271,36765],[-14,-30],[-40,25]],[[26217,36760],[3,161]],[[25873,36850],[35,384]],[[25950,37610],[14,14]],[[25964,37624],[3,-16]],[[25967,37608],[9,-105],[14,5],[11,-163],[22,-87]],[[26023,37258],[16,-149]],[[26039,37109],[-16,-145],[-19,-62],[-20,-145],[-4,-194]],[[25980,36563],[-44,18]],[[25936,36581],[-1,86],[-17,134],[-17,-24],[-28,73]],[[26023,37258],[15,7],[30,129],[-3,41],[27,158]],[[26182,37558],[4,-139]],[[26116,37106],[-14,-91],[-19,-238]],[[26083,36777],[-24,-12],[4,272],[-24,72]],[[26470,45227],[100,20]],[[26570,45247],[3,-671]],[[26573,44576],[-33,-7]],[[26540,44569],[-134,-25]],[[26406,44544],[0,686]],[[23626,53095],[4,22],[-1,639],[-4,326],[158,-5]],[[23783,54077],[0,-399],[-10,-10],[1,-623],[4,-15]],[[23778,53030],[-4,-162]],[[23774,52868],[-158,1],[-5,134],[15,92]],[[23582,50175],[0,-163],[68,1],[0,164],[68,-1]],[[23785,50032],[-29,-63],[-10,-119]],[[23746,49850],[-7,-162]],[[23739,49688],[-192,-1]],[[23547,49687],[-2,488],[37,0]],[[25024,26805],[-114,-3]],[[24910,26802],[0,244],[-15,438]],[[24895,27484],[15,89]],[[25089,31247],[-44,-28]],[[24910,26475],[0,327]],[[23866,40029],[40,-80],[1,111],[28,34],[19,144],[16,-39]],[[23970,40199],[12,-109],[29,-24],[15,-169],[15,7]],[[23861,39374],[5,655]],[[22136,45254],[7,0]],[[22143,45254],[119,3]],[[22266,44608],[-130,-1]],[[25980,36563],[65,-34]],[[26037,36081],[-16,-24]],[[26021,36057],[-45,-40],[-42,35]],[[25906,36368],[14,5],[24,105],[-8,103]],[[20900,32264],[74,229],[0,-41],[62,-3],[0,278]],[[21036,32727],[71,14],[2,641]],[[21109,33382],[93,0]],[[21202,33163],[-1,-822]],[[21201,32341],[0,-428]],[[21201,31913],[-67,0],[0,-167],[-29,1],[-1,-164],[-29,1],[0,-163],[-58,2],[-9,-164]],[[28467,46988],[70,20]],[[28537,47008],[-7,-117],[6,-241],[-6,-81],[3,-143],[17,-167]],[[28542,46116],[-56,-10]],[[28465,46522],[2,466]],[[27873,32324],[0,34]],[[27873,32358],[61,74],[24,64],[49,-38]],[[28007,32458],[-9,-90],[4,-107],[-11,-103],[9,-181],[41,-248]],[[28041,31729],[-93,-10],[-21,-29]],[[27927,31690],[-15,148],[-23,72]],[[27889,31910],[-15,177],[-1,237]],[[23081,34173],[8,-1]],[[23089,34172],[74,-1],[0,491]],[[23163,34662],[53,-1]],[[23216,34661],[-1,-488],[15,0]],[[23230,34173],[0,-489],[-16,-84]],[[23214,33600],[-60,1]],[[23169,32703],[29,0],[0,163],[15,0],[0,164],[30,1]],[[23243,33031],[103,-3],[0,-481]],[[23316,32552],[-17,-57],[-27,-30],[-18,-77],[-54,-40],[-9,-75],[-23,9]],[[28847,43524],[27,133]],[[28874,43657],[40,13]],[[28914,43670],[64,24],[-7,-191],[22,-17],[24,-91]],[[29017,43395],[7,4]],[[29024,43399],[-43,-236]],[[28981,43163],[-27,-75],[-20,-120],[-52,-92]],[[28834,43451],[13,73]],[[25639,35071],[15,1]],[[25654,35072],[83,11]],[[25737,35083],[48,7],[8,-36]],[[25793,35054],[-20,-182],[-5,-125],[-29,-119]],[[25739,34628],[-19,-101],[-25,58]],[[25638,34721],[-4,201],[5,149]],[[25481,36019],[45,-82],[12,41],[29,9],[11,47]],[[25578,36034],[21,-159]],[[25599,35875],[-22,-806]],[[25577,35069],[-85,-6]],[[25492,35063],[-14,-2]],[[25467,35744],[6,36],[8,239]],[[26871,44146],[21,-122],[38,-89],[37,89]],[[26967,44024],[2,-270]],[[26830,43765],[-2,262],[-29,52]],[[19528,28648],[141,-2],[26,-13],[125,1]],[[19820,28634],[40,-1],[6,-249],[-6,-122],[21,-93],[2,-185],[16,-171],[-6,-249],[36,-45]],[[19929,27519],[-88,-2],[0,-163],[-85,-1],[0,-817],[4,-404]],[[19760,26132],[-86,-1],[-4,405],[0,817],[-30,0],[0,163],[-58,-1],[0,326],[-54,1]],[[19528,27842],[0,806]],[[20813,34278],[119,-1]],[[20932,34277],[0,-81],[60,-2],[0,-165],[119,1],[-2,-163],[0,-485]],[[21036,32727],[-24,62],[-71,709],[-12,-38],[-98,-4]],[[20831,33456],[0,194],[12,145],[-12,199],[-12,107],[-6,177]],[[23863,28292],[2,452],[11,-4],[13,264],[8,85]],[[23967,29104],[-1,-135],[39,-6]],[[24002,28290],[-69,1]],[[23933,28291],[-70,1]],[[24716,46613],[164,2]],[[24880,46038],[-24,1]],[[24856,46039],[-140,2]],[[24716,46041],[0,572]],[[26849,35366],[23,38],[15,109],[64,-5]],[[26972,35195],[10,-212]],[[26982,34983],[-88,-3]],[[26894,34980],[-61,0]],[[26833,34980],[-43,0]],[[26790,34980],[10,153],[34,105],[15,128]],[[22878,22742],[2,-37],[48,157],[14,84]],[[22942,22946],[8,-41],[23,23],[14,-84],[3,-116]],[[22990,22728],[15,-155]],[[22845,21950],[4,28],[-53,265]],[[22796,22243],[1,3]],[[25071,34252],[54,-6],[0,40]],[[25199,33986],[-3,-508]],[[25196,33478],[-59,12]],[[25061,33869],[7,49],[3,334]],[[30332,43800],[14,-32],[39,14],[16,148],[18,-186],[-16,-77],[-28,8],[-43,125]],[[25086,35635],[31,-44],[48,63]],[[25165,35654],[1,-14]],[[25166,35315],[-71,0],[-16,23]],[[25079,35338],[-4,116],[11,181]],[[27320,28307],[-38,-137],[-16,-115],[4,-99],[-22,-132],[-20,-44]],[[27228,27780],[-3,169],[-22,194],[3,129],[-14,70]],[[27192,28342],[-20,92]],[[23038,49851],[-1,-649]],[[23037,49202],[-121,-2]],[[28637,36726],[29,-150],[2,-113],[-11,-126],[-34,151]],[[28623,36488],[-12,37],[3,177]],[[17045,54933],[38,0]],[[17083,54933],[218,-2]],[[17301,54684],[0,-1095]],[[17301,53589],[0,-217]],[[17301,53372],[-47,-4],[-5,72]],[[17075,53744],[-8,-61],[-59,-33],[-20,-36],[-14,63]],[[16974,53677],[4,66],[-13,205],[10,9]],[[24224,38238],[-1,-81]],[[24165,37650],[-31,2],[-34,357],[-16,17]],[[24084,38026],[2,236],[15,-1],[3,155]],[[25720,44644],[30,111],[27,139],[37,420],[34,234]],[[25848,45548],[39,0],[1,-322]],[[25888,45226],[-1,-582]],[[25887,44644],[-83,-1]],[[25804,44643],[-84,1]],[[20730,53721],[0,-244],[-48,0],[6,-316],[0,-330]],[[20661,52177],[-189,2],[-148,1]],[[20324,52180],[0,652],[11,0],[-1,648],[10,0],[0,650],[9,27]],[[27757,44390],[155,-2]],[[27874,43859],[-32,-16]],[[27842,43843],[0,185],[-54,10],[0,-93],[-21,0]],[[27767,43945],[-10,147],[0,298]],[[23979,37428],[61,-13]],[[24040,37415],[2,-327],[-2,-443]],[[23979,36516],[-30,4]],[[23949,36520],[2,585],[-4,136]],[[28207,34888],[37,1]],[[28244,34889],[114,-1]],[[28358,34888],[53,3]],[[28411,34891],[20,-53],[-8,-87],[-24,-421]],[[28399,34330],[-23,-146]],[[28376,34184],[-26,76],[-16,216],[-32,-36],[-8,66],[10,136],[-26,121],[-71,49]],[[28207,34812],[0,76]],[[27566,17526],[33,-548]],[[27599,16978],[-17,-26],[-207,5]],[[27599,16978],[14,-325],[-2,-425],[-10,-465]],[[27601,15763],[-62,25],[-163,-1]],[[27376,15787],[-1,516],[0,654]],[[26976,27950],[12,191],[-5,234],[16,315],[-9,67]],[[26990,28757],[26,55],[23,-124],[31,-6],[22,64],[13,-26]],[[27105,28720],[27,-92]],[[27192,28342],[-63,-254]],[[27024,27907],[-20,-17],[-28,60]],[[26428,29468],[28,-2]],[[26478,28815],[-13,70],[-57,32]],[[26408,28917],[0,156],[14,-16],[6,227],[11,93],[-11,91]],[[24084,38026],[-19,-61],[-72,17],[3,80],[-18,40]],[[24144,32688],[-1,-164],[-20,-313]],[[24123,32211],[-25,-6],[-18,-72],[-92,9]],[[23988,32142],[39,174]],[[24847,35046],[71,-3],[3,434]],[[24921,35477],[48,19]],[[24969,35496],[41,-312],[13,-132]],[[25023,35052],[-11,-14],[-14,-235]],[[24979,34800],[0,139],[-19,10],[4,-149]],[[24962,34499],[-18,139],[-41,-49],[-57,7]],[[24846,34596],[1,450]],[[26818,33267],[21,14],[82,220],[29,28]],[[26950,33529],[20,-31],[1,-98],[16,-84]],[[26987,33316],[3,-162],[-6,-57],[33,-111]],[[27017,32986],[-27,-112]],[[26990,32874],[-20,57],[-39,-100],[-40,-17],[-14,44],[-20,-68]],[[26857,32790],[-16,90],[10,180],[-33,207]],[[30076,45622],[7,39]],[[30083,45661],[2,50]],[[30085,45711],[20,47],[17,167]],[[30122,45925],[18,-2]],[[30140,45923],[-9,-67],[0,-178]],[[30131,45678],[-14,-67],[-29,-45],[-12,56]],[[28766,42618],[101,-430]],[[28867,42188],[-47,-384]],[[28820,41804],[-49,-196]],[[28771,41608],[-77,335]],[[28694,41943],[-81,336]],[[28613,42279],[75,73],[37,90],[12,98],[29,78]],[[25256,34806],[122,-7]],[[25378,34799],[-3,-99],[20,-157]],[[25395,34543],[-29,0],[3,-193],[-36,-256]],[[25333,34094],[0,48],[-88,11]],[[22863,18746],[17,57],[27,276],[27,86]],[[22934,19165],[-8,-149]],[[22926,19016],[-42,-283],[-11,-135]],[[22873,18598],[-10,148]],[[22943,19501],[-2,-87]],[[22941,19414],[-3,-104]],[[22938,19310],[-35,-174],[-26,46],[0,68]],[[22877,19250],[-27,162],[93,89]],[[22824,19046],[18,-82],[28,113],[8,-94],[-31,-261]],[[22847,18722],[-35,324]],[[22812,19046],[12,0]],[[29879,46424],[168,-27],[11,74]],[[30058,46471],[0,-149],[33,-109],[22,19],[-5,-146],[14,-161]],[[30085,45711],[-2,-50]],[[30076,45622],[-22,84],[-16,-26],[7,-123],[-49,-171]],[[29996,45386],[-35,115],[5,173],[-11,74],[18,115],[8,202],[-25,61],[-12,111],[-31,61],[-19,-12],[-15,138]],[[27027,24536],[14,0],[6,122],[35,-52]],[[27082,24606],[12,-164],[-3,-261]],[[27050,23323],[-33,-6],[-11,123],[-2,269]],[[27004,23709],[18,404],[-75,20],[1,408],[79,-5]],[[20990,23417],[1,-1287],[1,-862]],[[20992,21268],[-51,60],[-17,46],[-40,173],[-23,189],[-21,11],[-47,224],[-9,68],[-7,177],[-32,288],[-7,236],[6,66],[-1,175],[-21,228],[-27,167],[2,53],[-13,283],[-22,110]],[[15832,37418],[13,13],[25,-164],[37,-34],[24,-149],[112,183]],[[16043,37267],[0,-512],[24,-114]],[[16067,36641],[-1,1]],[[15909,36608],[-21,81],[-14,300],[-23,101],[-5,80],[-19,36],[8,86],[-3,126]],[[26073,32596],[-37,-62],[-15,-132],[-28,47],[-8,-32]],[[25985,32417],[-11,122]],[[25375,36685],[36,-47]],[[25448,36449],[-70,-265],[-12,-108]],[[25366,36076],[-27,-61]],[[25339,36015],[-8,236],[-20,116],[-2,83],[-16,47]],[[25293,36497],[21,89],[54,35],[7,64]],[[29610,45163],[183,-12]],[[29793,45151],[-3,-367],[14,0],[3,-152]],[[29807,44632],[-27,-48],[-4,-95],[-33,-166],[-23,-9]],[[29720,44314],[-10,118],[-59,-36],[-10,-91]],[[29613,44244],[-26,20],[2,163],[15,10],[-4,138]],[[29600,44575],[-15,234],[10,91],[15,263]],[[29521,43955],[-6,-173],[16,-82],[17,-2]],[[29542,43538],[-20,-4],[-33,-79]],[[29489,43455],[-20,281],[12,89],[40,130]],[[29807,44632],[12,-15],[-2,-157],[46,-50],[20,12],[5,-237],[20,-17]],[[29908,44168],[-1,-166],[-18,-181]],[[29889,43821],[-24,33],[-52,-72],[-12,43],[-20,-43]],[[29781,43782],[-16,250],[-5,189],[-30,-18],[-10,111]],[[21101,45099],[-181,-3]],[[27029,42602],[133,-1]],[[27162,42601],[0,-63]],[[27162,42538],[-6,-356],[-11,2]],[[27145,42184],[-132,21]],[[27003,42414],[0,186],[26,2]],[[30107,45271],[43,116],[3,127],[-11,111]],[[30142,45625],[20,45],[16,-80]],[[30178,45590],[12,-26]],[[30190,45564],[39,-305],[-6,-240],[31,-58],[7,-133],[-3,-89]],[[30258,44739],[-27,-90],[-3,-83]],[[30228,44566],[-21,32],[-25,-207],[-9,8]],[[30173,44399],[-12,245],[-10,58],[-29,-23],[-3,71],[17,82],[-10,149],[-11,43],[-8,247]],[[22488,29821],[1,-691]],[[22707,47279],[67,1]],[[22840,46589],[-16,86],[-25,41],[-49,-33]],[[22750,46683],[-42,2]],[[22708,46685],[-1,594]],[[22707,47279],[-122,-1]],[[22585,47278],[-9,54]],[[22576,47332],[-2,563]],[[25343,33526],[0,55]],[[25343,33581],[41,-12],[17,-45]],[[25401,33524],[-18,-182],[0,-190],[17,-179],[-10,-183]],[[25390,32790],[-4,-58]],[[25386,32732],[-12,48],[-16,-63],[-20,-9],[-13,82]],[[25325,32790],[0,197],[15,167],[3,372]],[[27907,42091],[48,616]],[[27955,42707],[126,-2]],[[28081,42705],[-38,-341],[-14,-59],[-7,-262],[-16,-81]],[[27995,41806],[-63,3],[-12,75],[-36,0]],[[27884,41884],[23,207]],[[15441,46559],[0,-83],[38,1],[11,-56],[27,-13],[12,41],[35,13],[13,-55]],[[15577,46407],[-1,-1307]],[[15576,45100],[-79,-6]],[[15497,45094],[-85,-10]],[[15412,45084],[-8,94],[8,78],[-10,89],[19,160],[-29,249],[-37,11],[8,264],[30,0],[16,177],[0,70],[32,283]],[[29630,48763],[5,-70],[87,-164],[71,-123]],[[29793,48406],[-27,-128],[-8,-192]],[[29758,48086],[-12,-39],[-11,-405],[5,-93],[-11,-150]],[[29729,47399],[-70,-19],[-37,62]],[[29622,47442],[-14,84]],[[29608,47526],[5,141],[25,-9],[11,181],[-19,49],[9,174],[16,182],[-33,60],[10,163],[-25,67],[-24,-25]],[[29583,48509],[2,91],[21,52],[24,111]],[[28216,41467],[19,197],[26,181]],[[28261,41845],[9,49]],[[28270,41894],[16,-171]],[[28286,41723],[40,-476]],[[28329,40828],[-2,0]],[[23880,26827],[0,138],[16,189]],[[23896,27154],[37,0],[0,83],[25,0],[-8,244]],[[23950,27481],[83,0]],[[24033,27481],[0,-245],[28,-1]],[[24051,26662],[-35,1]],[[24016,26663],[-69,1]],[[23947,26664],[-7,164],[-60,-1]],[[26712,37826],[5,144]],[[26717,37970],[19,140],[56,-178],[14,6]],[[26806,37938],[11,-117],[-38,-198]],[[23314,26640],[132,5]],[[23460,26098],[-11,-110],[3,-167],[11,-221],[16,-98]],[[23479,25502],[-38,-190]],[[23441,25312],[-17,86],[-21,171],[-37,56]],[[23366,25625],[-5,170],[-21,80],[-13,203],[-9,15],[6,166],[-8,53],[7,233]],[[23323,26545],[-9,95]],[[15726,54640],[29,139],[17,212],[24,-46],[7,101]],[[16092,54609],[-7,-166],[-11,-34],[-15,-220],[12,-148]],[[16071,54041],[-84,0],[-21,-100],[-103,62]],[[15767,55200],[-7,-159],[7,-61],[-46,-295],[-17,73],[-20,169],[13,60],[-1,120]],[[26050,50284],[-49,-1]],[[25929,50290],[2,238],[24,1],[14,117],[17,-55],[17,20],[17,189],[37,143],[14,-157],[-24,-317],[3,-185]],[[23549,35738],[0,108]],[[23549,35846],[155,-16]],[[23703,35612],[-1,-344]],[[23702,35268],[-154,35]],[[23548,35303],[1,435]],[[23539,53227],[33,-85],[30,55],[24,-102]],[[23774,52868],[0,-324],[11,-2],[2,-300]],[[23787,52242],[-165,0],[23,-87]],[[23645,52155],[-104,-3]],[[28358,42862],[115,151],[40,-12]],[[28513,43001],[-14,-135],[-3,-183],[-22,-138]],[[28474,42545],[-27,73],[-70,31]],[[28377,42649],[-18,15],[-1,198]],[[20455,33628],[104,-1],[66,-117],[21,-73],[79,26],[106,-7]],[[20575,32077],[-118,-1]],[[20457,32076],[-2,1552]],[[24495,35522],[-1,-108],[30,-4]],[[24524,35410],[-3,-610]],[[24521,34800],[-78,-1]],[[24443,34799],[-12,1]],[[24431,34800],[-62,3]],[[24369,34803],[0,540],[4,189]],[[20923,51103],[302,0]],[[21225,50779],[-2,-815],[-168,0]],[[21055,49964],[-70,1],[-66,-63]],[[20919,49902],[-1,798]],[[26739,34207],[24,115]],[[26763,34322],[62,230],[13,-3],[30,88]],[[26868,34637],[20,15],[-4,-485],[14,-118]],[[26898,34049],[-2,-105]],[[26896,33944],[-8,48],[-43,-146],[-11,-108],[-20,28]],[[26814,33766],[-75,441]],[[26714,34410],[27,82],[22,-170]],[[26739,34207],[-2,-100],[-17,-79]],[[26655,34196],[29,195],[22,-32],[8,51]],[[20919,48560],[239,6],[142,-2],[-2,-108],[-32,-207]],[[20919,47905],[0,655]],[[27532,31651],[109,-14]],[[27641,31637],[21,-248],[15,-63],[-8,-203]],[[27669,31123],[-16,-76],[-44,2],[-68,-236]],[[27541,30813],[-12,268],[-21,197]],[[27508,31278],[-23,167],[-20,212]],[[27465,31657],[67,-6]],[[27473,29462],[15,131],[24,3],[-1,98],[39,67],[78,267]],[[27628,30028],[8,-113],[20,-2]],[[27656,29913],[-11,-124],[-22,-95],[6,-87],[-36,-420]],[[27593,29187],[-17,-90],[-17,-10]],[[27559,29087],[-27,-23],[-21,30],[-14,144],[-14,64]],[[27483,29302],[-10,160]],[[18423,56562],[233,-1],[0,-82],[36,-1],[18,-82],[0,-108],[160,4]],[[18870,55752],[-71,-1],[0,-162],[-72,0],[-4,-197],[-31,19]],[[26299,37074],[14,93],[-6,98]],[[26360,37179],[42,-325],[8,-106]],[[26410,36748],[-7,-124],[-21,25]],[[23709,28293],[63,0]],[[23772,28293],[-3,-98],[11,-197],[-3,-101],[3,-263],[13,-169],[-7,-73],[17,-75],[12,-205],[33,-113],[21,-169]],[[23869,26830],[-41,1]],[[23709,26753],[0,367]],[[23709,27120],[0,563]],[[23709,27683],[0,352]],[[19528,29711],[1,1500]],[[19529,31211],[193,1],[175,-3]],[[19897,31209],[2,-595],[1,-1465]],[[19900,29149],[-80,2],[0,-517]],[[19528,28648],[0,1063]],[[18427,45705],[96,3],[0,163],[44,0],[0,163],[22,0]],[[18589,46034],[34,-92],[1,-126],[29,-67],[17,-123]],[[18675,45088],[-15,-1]],[[18427,45089],[0,616]],[[17465,49117],[26,0],[3,319],[14,230]],[[17508,49666],[39,101]],[[17547,49767],[2,-326],[-17,0],[0,-324]],[[17532,49117],[-17,0],[-2,-643]],[[17513,48474],[-65,-1]],[[17448,48473],[-55,0]],[[17393,48473],[0,326],[39,-2],[11,160],[22,-1],[0,161]],[[26837,38678],[21,49],[-7,155],[16,-4],[12,135],[4,186]],[[26904,39190],[-2,-122],[27,-13],[4,-168],[32,-12],[-2,-170],[21,-5]],[[26984,38700],[-10,-249],[-51,-72]],[[26923,38379],[-24,20]],[[26899,38399],[-20,157]],[[27818,41427],[22,145],[8,-15],[36,327]],[[27920,40833],[-129,-3]],[[27791,40830],[7,190],[-14,58],[8,128],[26,221]],[[23590,21817],[27,-1]],[[23617,21816],[-83,-235],[-17,-116],[-10,46],[26,156],[41,68],[16,82]],[[23413,21005],[28,115],[51,299],[24,-34],[-81,-333],[-26,-132]],[[23409,20920],[4,85]],[[23382,21814],[15,-109],[16,24],[11,91],[13,-8]],[[23437,21812],[19,-165],[16,-61],[0,-235],[-17,-34],[-29,-162]],[[23426,21155],[-48,481],[4,178]],[[24208,32679],[39,-2]],[[24247,32677],[-2,-554]],[[24245,32123],[-1,-102]],[[24244,32021],[-29,5],[-1,-163],[-51,7],[-37,40]],[[24126,31910],[-13,118],[14,115],[-4,68]],[[21055,49964],[-2,-651],[34,1],[0,-217]],[[21087,49097],[-168,1]],[[20919,49098],[0,73]],[[20919,49171],[0,731]],[[27842,43843],[-2,-526]],[[27840,43317],[-44,-125],[-66,17],[-16,105],[-6,225]],[[27708,43539],[-2,6]],[[27706,43545],[26,195],[0,83],[35,27],[0,95]],[[25513,34202],[9,-346]],[[25522,33856],[-48,-163],[-3,-126]],[[25471,33567],[-28,-3],[-10,-62],[-30,69]],[[25403,33571],[10,178],[-24,20],[3,152],[23,191],[-9,212]],[[27051,30040],[11,16]],[[27062,30056],[32,26],[6,-156],[10,-51],[51,-94]],[[27161,29781],[-100,-528]],[[27061,29253],[-5,24]],[[27056,29277],[-24,96]],[[27032,29373],[6,70],[-20,106],[-2,141],[14,116],[-9,189],[30,45]],[[27812,29716],[19,-158],[16,19]],[[27900,29328],[-24,-166],[-17,-197],[-13,-385],[-23,-100]],[[27823,28480],[-47,177]],[[27776,28657],[-65,171]],[[27711,28828],[24,258],[44,250],[7,210],[26,170]],[[27575,39934],[40,11],[35,96]],[[27650,40041],[24,-129]],[[27674,39912],[-4,-214]],[[27670,39698],[-20,-267],[-52,-49]],[[27598,39382],[8,167],[-20,3],[-28,140]],[[27558,39692],[1,109],[16,133]],[[30023,45065],[84,206]],[[30173,44399],[-26,-41],[1,-118],[-29,-84],[-24,-3]],[[30095,44153],[-3,304],[-18,28]],[[30074,44485],[-8,66]],[[30040,44674],[-17,219],[0,172]],[[24681,27336],[29,124]],[[24710,27460],[0,-160],[57,-1],[0,-164],[50,-1]],[[24817,27134],[-24,-147],[-16,-160],[4,-89],[-15,-64],[5,-194]],[[24771,26480],[-136,-3]],[[24635,26477],[-3,331]],[[24632,26808],[9,151],[-2,77],[19,39],[10,106],[-1,106],[14,49]],[[26083,36777],[15,-166]],[[26098,36611],[-32,8]],[[24566,38634],[20,-12],[37,114],[8,70]],[[24631,38806],[-1,-322]],[[24630,38484],[-12,-492]],[[24530,37992],[-76,11]],[[24454,38003],[0,915]],[[28577,40831],[1,-180],[10,-153],[40,-157],[8,-131]],[[28636,40210],[2,-110],[-9,-103],[9,-51],[-25,-100],[-25,86]],[[28588,39932],[0,244],[-50,1],[0,-176],[26,-76]],[[28564,39925],[-22,-44]],[[28542,39881],[-27,97],[-25,158]],[[23869,26830],[11,-3]],[[23947,26664],[15,-181],[-7,-79],[-22,-68],[-2,-116],[-10,-44],[-21,84]],[[17577,56274],[42,-251],[13,-30],[8,-140],[28,-107],[8,-133],[-6,-168],[24,-102]],[[17694,55343],[-25,-103],[48,-145],[5,-83],[34,-72],[19,-4],[11,-139],[44,-162],[26,-246],[25,-69]],[[17881,54320],[-242,3],[-140,1]],[[17499,54324],[0,163]],[[17499,55220],[0,891]],[[17499,56111],[0,239],[27,95],[32,-66],[19,-105]],[[28309,38651],[14,67],[31,-133],[19,-31]],[[28373,38554],[-6,-104],[10,-187]],[[28377,38263],[-9,-7],[-2,-187]],[[28366,38069],[-12,3]],[[28354,38072],[-21,71]],[[28309,38189],[-24,109]],[[28285,38298],[-5,80]],[[28280,38378],[1,105],[28,168]],[[28588,39932],[-1,-64]],[[28587,39868],[-23,57]],[[30341,49692],[31,53]],[[30372,49745],[15,-353],[-1,-172],[19,-71],[1,-82]],[[30406,49067],[-8,-279]],[[30398,48788],[-23,-126],[-24,75],[-31,167],[-14,-95],[-32,85]],[[30274,48894],[-2,53],[42,281],[20,285],[-3,145],[10,34]],[[30406,49067],[30,-32],[12,113],[27,-53]],[[30475,49095],[-9,-182],[25,-67],[-12,-210],[13,-130]],[[30492,48506],[-16,-151],[-23,-43],[-14,105]],[[30439,48417],[5,75],[-16,184],[-30,112]],[[23418,37001],[131,-2]],[[23549,36999],[0,-37]],[[23549,36421],[0,-48]],[[23549,36373],[-128,3]],[[22426,22169],[65,360]],[[22606,22182],[-25,-129],[-61,-166]],[[22520,21887],[-9,110],[-28,152],[-57,20]],[[22127,25595],[14,-123],[19,-36]],[[22160,25436],[0,-757]],[[22017,24681],[1,920]],[[26431,33701],[8,84],[27,59],[25,93],[-10,69],[42,212]],[[26581,34177],[19,-157]],[[26598,33941],[2,-144],[-36,-139]],[[26564,33658],[-15,-84],[-42,73],[-46,-143]],[[26461,33504],[-27,172]],[[26434,33676],[-3,25]],[[23037,51208],[48,-41],[50,-132]],[[23153,50989],[16,-102],[68,-302]],[[23038,50662],[-1,546]],[[28161,37433],[32,-98],[11,-143],[31,-86]],[[28235,37106],[46,-46]],[[28281,37060],[-6,-265]],[[28275,36795],[-67,192],[-24,-80],[-25,62]],[[28159,36969],[-7,98],[-18,73]],[[28281,37060],[20,-44],[31,-4],[12,-138],[46,-128]],[[28390,36746],[18,-89]],[[28408,36657],[-20,-203]],[[28388,36454],[-38,10],[-10,113]],[[28340,36577],[7,190],[-14,99],[-23,-79],[-19,-8]],[[28291,36779],[-16,16]],[[29909,44579],[93,13],[20,47]],[[30022,44639],[6,-75],[-13,-119]],[[30015,44445],[-21,-94],[-85,-12]],[[29909,44339],[0,240]],[[18842,44014],[-52,-12],[-18,-90],[-34,108]],[[18662,48942],[34,-1],[0,162],[34,1],[15,81],[2,242],[17,0],[0,158],[48,0],[0,276]],[[18850,50160],[19,3],[10,76]],[[18879,50239],[12,-35],[31,-204],[32,-253],[16,-18]],[[18970,49729],[1,-926]],[[18971,48803],[-39,-96],[-14,31],[-20,-55],[-25,7]],[[18712,48698],[0,82],[-50,0],[0,162]],[[28502,39674],[40,207]],[[28587,39868],[2,-54],[27,-87],[-2,-147],[12,-78],[-22,-72],[6,-59],[-19,-146],[8,-46],[-19,-133],[8,-101]],[[28588,38945],[-43,65]],[[28545,39010],[-3,181],[7,113],[-8,147],[-14,95],[-24,62],[-1,66]],[[26881,22328],[20,70],[2,89],[14,48]],[[26917,22535],[30,-33]],[[27049,22118],[0,-462]],[[27049,21656],[0,-55],[-43,-27],[-1,106],[-54,2]],[[26951,21682],[-42,-9],[0,107],[-28,51]],[[23826,36539],[123,-19]],[[23981,35906],[-151,17]],[[16933,35262],[12,-221],[12,-60],[7,-204],[12,-102],[28,-155],[-5,-92],[30,-635],[9,-52],[-6,-267]],[[17032,33474],[-222,3],[-205,-1]],[[28671,40831],[27,0]],[[28698,40831],[97,1]],[[28795,40832],[6,-645]],[[28801,40187],[-33,-31],[-33,28]],[[28735,40184],[2,189],[7,151],[-29,-27]],[[28715,40497],[-44,334]],[[21528,56031],[250,2]],[[21699,54941],[-25,51],[-5,142],[-21,205],[19,93],[-18,69],[-40,-56],[-33,9],[-35,-83],[-59,146],[-47,3]],[[21435,55520],[-17,94],[1,295],[-21,35],[-14,-80]],[[21384,55864],[0,168],[144,-1]],[[28125,33365],[101,256]],[[28272,33261],[-10,-42]],[[28262,33219],[-34,-126]],[[28228,33093],[-67,0]],[[28161,33093],[-17,34],[-10,201],[-9,37]],[[26274,47186],[130,-2]],[[26339,46533],[-65,1]],[[30254,51954],[9,-291],[28,-689],[31,36],[4,-100],[37,35],[14,-339],[-12,-10],[6,-171],[27,26],[11,-350],[18,-124]],[[30427,49977],[-6,-68],[-25,26],[-24,-190]],[[30341,49692],[-12,87],[0,120],[-64,108],[-29,315],[-43,-118],[-1,201],[-14,325],[12,9],[-15,480]],[[30175,51219],[8,89],[-5,145],[12,58],[19,-76],[23,48],[-25,185],[21,172],[26,114]],[[25261,40181],[0,136]],[[26289,33542],[28,156]],[[26317,33698],[22,85],[44,60],[29,118]],[[26412,33961],[19,-260]],[[26434,33676],[-19,-9],[-4,-112],[-67,-351]],[[26344,33204],[-10,0]],[[26334,33204],[-29,203]],[[26305,33407],[-16,135]],[[25639,53501],[27,72],[40,-180],[24,76],[29,38],[27,-65],[26,115],[40,99],[59,178],[5,-29],[71,61]],[[25987,53866],[0,-347]],[[25987,53519],[-139,2],[0,-325],[-70,3],[0,-327]],[[25778,52872],[-139,1]],[[28041,31729],[28,-236],[19,-120],[6,-118],[14,-92]],[[28108,31163],[-1,-84],[22,-81],[-22,-123]],[[28107,30875],[-22,-59],[-30,18],[-62,172],[-46,-13],[-10,42]],[[27937,31035],[2,147],[15,235],[-13,87],[-14,186]],[[29484,49328],[12,-7],[82,65],[7,-250]],[[29585,49136],[10,-168],[49,-79]],[[29644,48889],[-14,-126]],[[29583,48509],[-21,33],[-51,-12],[3,-132],[-43,-26]],[[29471,48372],[-5,104]],[[25488,33138],[20,83],[35,-71],[34,81]],[[25577,33231],[-4,-139],[18,-79],[-2,-183]],[[25589,32830],[-43,25],[0,-70],[-35,-41]],[[25511,32744],[-20,139],[-20,20]],[[25471,32903],[17,235]],[[16512,53750],[71,37],[30,149],[16,-90]],[[16629,53846],[14,-124],[35,-162],[5,-59],[0,-422],[13,-54],[48,-89]],[[16759,52575],[-39,-125],[-36,13],[-49,-41]],[[16635,52422],[-39,14],[-27,-129],[-56,-39]],[[16513,52268],[1,384]],[[16514,52652],[-2,325],[0,773]],[[21319,43227],[-9,-1]],[[21310,43226],[-203,0]],[[21107,43226],[2,85],[-1,649]],[[27775,42343],[65,460],[0,253]],[[27840,43056],[114,-10]],[[27954,43046],[1,-339]],[[27907,42091],[-15,20],[-26,-66],[-7,50],[-50,103],[-19,9],[-15,136]],[[22384,17696],[68,9],[9,-29],[-1,-146]],[[22489,16629],[-149,4]],[[22340,16633],[0,904]],[[25225,44568],[94,10]],[[25319,44578],[1,0]],[[25320,44578],[2,-490]],[[25225,44403],[0,165]],[[25525,44547],[25,-110],[19,-37],[40,-10]],[[25609,44390],[1,-715]],[[25594,43631],[-38,-105],[-32,7]],[[25524,43533],[0,247]],[[25524,43780],[1,322]],[[25337,46021],[111,-8]],[[25448,46013],[-1,-201],[-9,-155],[22,-279]],[[25337,45381],[0,640]],[[17464,53752],[35,-2],[0,574]],[[17881,54320],[9,-186],[45,-141],[25,-38]],[[17960,53955],[23,-193]],[[17544,53270],[-8,78],[-31,0],[-17,101]],[[17488,53449],[-22,58],[-2,245]],[[26252,33424],[37,118]],[[26305,33407],[1,-115],[-17,-33],[-4,-232],[-20,8],[3,-101],[-14,-96],[-30,-74]],[[26224,32764],[-32,91]],[[28728,38681],[10,38],[13,152]],[[28817,38799],[2,-140]],[[28819,38659],[-34,-149],[-11,-244]],[[28774,38266],[-14,-21],[-7,-125],[-29,-58],[-34,2],[-47,432],[24,94],[-9,160],[53,-36],[17,-33]],[[28727,37886],[-5,-50]],[[28722,37836],[5,50]],[[17301,56274],[113,0],[37,26],[-1,-189],[49,0]],[[17301,55130],[0,1144]],[[25777,33810],[29,247]],[[25806,34057],[53,-216],[48,-57]],[[25907,33784],[-15,-469]],[[25881,33181],[-27,60],[-16,-85],[-17,36],[-23,111],[-26,-22]],[[25772,33281],[-14,46]],[[25758,33327],[7,151],[14,-1],[-2,333]],[[23173,36299],[-156,7]],[[23017,36631],[0,244]],[[23729,47898],[90,0]],[[23819,47898],[42,0]],[[23729,47441],[0,457]],[[23125,44843],[130,-6]],[[23287,44837],[0,-488],[16,0],[0,-180]],[[23303,44169],[-138,1]],[[23165,44170],[-26,47],[-9,283]],[[23130,44500],[11,65],[3,160],[-19,118]],[[26338,47835],[66,0]],[[26404,47835],[0,-631]],[[23717,43029],[127,3]],[[23844,42437],[-60,-5]],[[24357,40711],[0,54],[114,-3]],[[24471,40762],[36,-162]],[[24507,40600],[-7,0],[-72,-276],[6,-247]],[[20578,44450],[175,-6]],[[20920,43958],[0,-733]],[[20920,43225],[-248,-6]],[[20579,43219],[-1,1231]],[[25577,35069],[62,2]],[[25591,34471],[-63,24]],[[25506,34557],[-14,506]],[[18572,37886],[10,5]],[[18582,37891],[167,2]],[[18749,37893],[120,5],[211,-4],[203,0]],[[19083,36751],[-112,-1],[-222,-8],[-144,2],[-90,13]],[[23618,48550],[34,0]],[[23652,48550],[0,-651]],[[23652,47899],[-55,1]],[[23483,47900],[0,650]],[[28782,44021],[17,143],[-8,39],[23,221]],[[28814,44424],[72,-2]],[[28886,44422],[6,-717],[-18,-48]],[[28847,43524],[-13,48],[-11,285],[-40,103],[-1,61]],[[28704,44441],[0,-15],[110,-2]],[[28782,44021],[-48,-80],[-77,-13]],[[27477,43456],[73,6],[30,-27],[14,-80]],[[27594,43355],[-19,-132],[2,-272]],[[27577,42951],[-100,-7]],[[27477,42944],[0,92]],[[27477,43036],[0,420]],[[27477,44137],[100,-15],[44,17]],[[27621,44139],[0,-595]],[[27621,43544],[-27,-189]],[[27477,43456],[0,15]],[[27477,43471],[0,666]],[[28845,42824],[4,-91],[19,-34],[12,-121],[15,35],[14,-108],[-7,-67],[20,-82]],[[28880,42135],[-13,53]],[[28766,42618],[37,109]],[[23788,39868],[30,77],[25,-55],[19,9],[4,130]],[[23861,39347],[-94,18],[-1,-55],[-77,16]],[[23689,39326],[3,423]],[[23925,40797],[-3,-165]],[[23922,40632],[-134,-7]],[[23702,35268],[-3,-466]],[[23699,34802],[-150,1]],[[23549,34803],[0,315]],[[23549,35118],[-1,185]],[[24537,43846],[177,-12]],[[24616,43351],[-45,3]],[[24571,43358],[-12,155],[-14,20],[-20,141],[12,172]],[[27767,40830],[24,0]],[[27883,40365],[-59,-269]],[[27824,40096],[-60,-230]],[[27764,39866],[3,964]],[[28669,40831],[2,0]],[[28715,40497],[-12,-88],[4,-113],[-48,-211],[-11,124],[-12,1]],[[24935,33693],[65,76],[18,-123]],[[25015,33528],[-13,9],[-28,-452]],[[24974,33085],[-12,54],[-51,70],[-19,-22],[-32,-182]],[[24860,33005],[-10,118],[5,113],[-8,121],[14,61],[21,-29],[9,84],[20,26],[-10,103],[12,96],[22,-5]],[[24812,32719],[8,15]],[[24820,32734],[2,11]],[[24822,32745],[116,-44]],[[24912,31989],[-163,1]],[[24749,31990],[5,86],[24,-29],[8,165],[21,7],[7,189],[-22,72],[13,89],[7,150]],[[26533,36755],[23,224],[28,101]],[[26584,37080],[4,0]],[[26588,37080],[26,-93],[26,-53]],[[26640,36934],[-16,-247]],[[26624,36687],[-43,27],[-27,-64],[-15,58]],[[24974,33085],[9,-64],[-1,-269]],[[24822,32745],[12,59],[-13,149],[14,94],[25,-42]],[[24796,32815],[20,46],[4,-127]],[[24812,32719],[-16,96]],[[26644,36181],[8,94],[23,44],[13,-26],[4,-111],[29,-97],[15,-194],[-1,-112]],[[26735,35779],[-22,-97],[-64,-138]],[[26649,35544],[-5,81]],[[26644,35625],[-1,121],[-12,142],[1,158],[12,135]],[[25401,33524],[2,47]],[[25471,33567],[-7,-327],[24,-102]],[[25471,32903],[-4,15],[-71,-71],[-6,-57]],[[25381,47978],[69,1]],[[25450,47979],[-4,-153],[-16,-126],[-13,-268],[6,-109]],[[25398,34530],[-3,13]],[[25378,34799],[5,81],[-10,258]],[[23829,35595],[0,-191],[10,-1],[-2,-601]],[[23837,34802],[-79,0]],[[23758,34802],[-59,0]],[[28278,37593],[76,479]],[[28366,38069],[59,-178]],[[28425,37891],[-15,-134],[27,-156],[1,-57]],[[28438,37544],[-22,14],[-9,-150]],[[28407,37408],[-19,-36],[-27,-156]],[[28361,37216],[-17,-17],[-11,214],[-11,-21],[-44,201]],[[23709,29289],[16,-31],[19,101],[25,39]],[[23769,29398],[0,-73],[30,-166]],[[23799,29159],[-7,-70],[12,-130],[3,-184],[-19,-207],[-24,-40],[-4,-99],[14,-136]],[[23774,28293],[-2,0]],[[23709,28815],[0,474]],[[23597,46138],[-131,3]],[[22082,52466],[-172,4]],[[21910,52470],[-4,0]],[[21906,52470],[2,43],[-30,196],[-4,139],[19,195],[-6,59],[8,153],[-10,121]],[[21885,53376],[12,198],[-6,112],[-26,76]],[[28352,36198],[12,127]],[[28378,36325],[4,15]],[[28382,36340],[40,-34],[16,-62],[16,67],[11,-106]],[[28465,36205],[-28,-121],[-23,-135]],[[28414,35949],[-68,-222]],[[28346,35727],[0,332]],[[24199,22921],[12,126],[18,49],[9,108]],[[24238,23204],[25,150],[18,-19]],[[24281,23335],[23,-402],[-12,-151]],[[24292,22782],[-5,-65]],[[24287,22717],[-27,67],[-39,128],[-22,9]],[[28325,39071],[-13,-75],[19,-2],[-2,61]],[[28275,39374],[33,-179]],[[28308,39195],[12,-92],[14,11],[3,-45],[1,2],[4,-15],[1,-53],[6,8],[2,-49],[7,5],[27,-76],[10,-87]],[[28395,38804],[-22,-250]],[[28309,38651],[-50,500],[16,223]],[[24785,38845],[132,-9]],[[24918,38021],[-55,2]],[[24863,38023],[-4,164],[-34,28],[-63,369]],[[24762,38584],[1,21]],[[22066,49199],[13,87],[-54,125],[-77,80],[-7,166],[-24,38],[-17,-29],[-11,88],[13,104]],[[25158,32799],[46,114],[17,186]],[[25221,33099],[14,-3],[17,-140],[25,-55],[14,19],[1,-138]],[[25292,32782],[-1,-71]],[[25291,32711],[-58,2],[-19,-39],[-22,-212],[-17,0]],[[23854,28292],[9,0]],[[23933,28291],[0,-565],[14,0],[3,-245]],[[23896,27154],[-20,0],[-2,860],[-22,197],[2,81]],[[28548,38545],[18,-136],[21,-56],[18,-137]],[[28605,38216],[20,-121],[22,-226],[-12,-147],[-22,148],[-11,-43],[-31,184],[-23,38],[-35,5],[-13,225]],[[28500,38279],[-8,47],[28,236],[28,-17]],[[25677,37480],[17,12],[29,116]],[[25723,37608],[17,-161],[30,-34],[-3,-97]],[[25767,37316],[-6,-93],[11,-245]],[[25720,37120],[2,100],[-10,92],[-35,168]],[[26711,38767],[35,13],[27,150]],[[26739,38553],[-20,-145],[2,-163],[-31,-37]],[[26690,38208],[-19,144],[-12,-28]],[[26659,38324],[-36,95],[0,92],[-16,82]],[[26607,38593],[5,161],[-6,48]],[[26606,38802],[8,88],[26,35],[71,-158]],[[22714,20980],[104,514]],[[22891,20969],[-91,-449]],[[22800,20520],[-31,115],[-44,-209]],[[16036,37787],[15,186],[16,123],[17,-52],[52,23],[55,105]],[[16199,38032],[20,-277]],[[16219,37755],[1,-636],[-17,36],[-47,-69],[-25,-104],[-64,-341]],[[16043,37267],[-6,83],[6,292],[-7,145]],[[25325,35706],[9,278],[5,31]],[[25366,36076],[15,-9],[18,-201],[28,-201]],[[25349,35491],[-9,128],[-15,87]],[[25533,36951],[24,67]],[[25557,37018],[75,-202],[28,-27]],[[25643,36518],[-20,-5],[-11,-61],[-23,21]],[[25589,36473],[-16,62],[-6,271]],[[26784,37347],[15,-121],[3,-146]],[[26802,37080],[11,-142],[4,-201],[-11,-87]],[[26800,36681],[-20,86],[-19,155],[-21,5],[-24,65]],[[26716,36992],[-4,81]],[[26875,34677],[22,-16],[50,44],[14,-84],[20,-10]],[[26981,34611],[-12,-269]],[[26969,34342],[-28,-183],[-24,-12],[-19,-98]],[[26868,34637],[7,40]],[[28049,36375],[60,554],[3,102]],[[28159,36969],[-17,-379]],[[28142,36590],[-18,-50],[-11,-112]],[[28113,36428],[-33,-124],[-31,71]],[[21334,22744],[68,-325]],[[21402,22419],[-12,-63],[-6,-147],[-29,32],[-37,-88],[-15,3],[-4,-116],[-21,-153],[-12,-135],[-9,-308],[-10,-8],[-8,-175],[11,-65],[-24,-91],[-41,-222],[-4,-136],[-37,-8],[-50,115],[-27,178],[-34,41],[-22,60],[-19,135]],[[25011,46673],[99,5]],[[25176,46669],[0,-656]],[[25130,46019],[-118,10]],[[28425,37891],[15,22]],[[28440,37913],[3,-97],[32,-62]],[[28475,37754],[8,-146]],[[28483,37608],[1,-49],[27,-142],[20,-183],[14,-53]],[[28527,37103],[-15,124],[-19,-23],[-20,85],[-19,23],[-6,158],[-10,74]],[[24360,31031],[8,-2]],[[24368,31029],[23,-2],[0,163],[60,-8]],[[24451,31182],[24,-3],[21,-222],[13,-16],[11,-102],[21,-81]],[[24541,30758],[-5,-130],[4,-95],[-16,-183]],[[24524,30350],[-22,-132],[10,-129],[-15,-46],[-37,0],[-21,107]],[[24433,30279],[-2,99],[-18,16],[-4,141],[-51,30],[2,466]],[[28981,43163],[19,-188],[-16,-144],[-17,-25],[-9,-161],[2,-155]],[[28998,41336],[36,-198],[8,-177],[27,-15],[19,-100]],[[29088,40846],[-39,-227]],[[29049,40619],[-18,165],[-11,15],[-30,205],[-14,139]],[[28976,41143],[2,131],[20,62]],[[25490,38673],[-1,-105],[-17,-60],[-8,-122]],[[25464,38386],[-18,-96],[-13,-165],[-23,32],[-14,-66]],[[25396,38091],[-1,5]],[[28360,33531],[26,-62],[23,-100]],[[28409,33369],[0,-175],[17,-130],[-18,-95],[-3,-188]],[[28405,32781],[-17,-120],[-13,47],[-16,-96],[-11,22]],[[28348,32634],[-9,18],[-14,145]],[[28325,32797],[-8,170],[-30,93],[-25,159]],[[23793,23398],[71,0],[0,165],[28,-1],[2,-163],[69,0]],[[23963,23399],[28,-44],[0,-222],[9,0],[0,-194],[29,-1],[2,-137],[-31,-1],[0,-83]],[[24000,22717],[-36,27],[-166,0]],[[23798,22744],[-3,68],[10,119],[-2,171]],[[23803,23102],[-3,94],[-14,73],[7,129]],[[28680,39202],[27,59],[2,116],[41,-49]],[[28728,38681],[-16,98],[-32,86],[-15,123],[-22,68],[19,140],[18,6]],[[26311,32449],[10,51],[42,-3],[6,35]],[[26369,32532],[56,-147]],[[26417,31977],[-83,0]],[[26291,31976],[8,183],[12,146],[0,144]],[[22932,54727],[177,2]],[[23085,53755],[-140,-2]],[[26894,37384],[8,140],[24,-16]],[[26926,37508],[21,-170]],[[26947,37338],[22,-128],[2,-84]],[[26971,37126],[-22,-54],[-12,-81],[-30,30]],[[26907,37021],[-21,66]],[[26886,37087],[-9,247],[17,50]],[[26534,39047],[55,-240]],[[26589,38807],[17,-5]],[[26607,38593],[-61,-129],[-20,67]],[[26526,38531],[-17,190]],[[25347,48631],[34,0]],[[25381,48631],[86,1]],[[25467,48632],[9,-233],[-2,-165],[-24,-255]],[[26899,30154],[17,108],[57,-14]],[[26973,30248],[5,-158],[18,71],[12,-73],[35,0],[8,-48]],[[27032,29373],[-23,64],[-6,104]],[[27003,29541],[-10,137],[-26,140],[-21,55],[-39,172]],[[26907,30045],[-8,109]],[[18971,46054],[1,946]],[[18972,47000],[0,554]],[[18972,47554],[64,-3],[0,-148],[66,0]],[[19248,45599],[2,-493],[-1,-803]],[[19249,44303],[-278,4]],[[18971,45096],[0,958]],[[26948,34005],[18,22],[28,-143],[29,-198],[4,-147]],[[27027,33539],[-17,-165],[-23,-58]],[[26950,33529],[-11,147],[-12,22],[-4,129]],[[26923,33827],[25,178]],[[26107,27153],[29,2],[-1,108],[77,8],[15,70]],[[26227,27341],[9,-126],[-2,-114]],[[26234,27101],[-6,-112],[31,-112],[-9,-59]],[[26250,26818],[-38,-177],[3,-138]],[[26114,26661],[-6,165]],[[16457,38925],[29,137],[16,109],[8,122],[-7,63]],[[16503,39356],[89,-412]],[[16592,38944],[-9,-203],[21,-196],[-5,-166],[-22,-157]],[[16577,38222],[-32,168],[-37,-110],[-37,141]],[[16471,38421],[-15,143]],[[25067,48802],[79,1]],[[25146,48803],[0,-165]],[[25146,48148],[-34,0]],[[25112,48148],[-67,18]],[[28961,42458],[13,70],[49,155],[22,142]],[[29045,42825],[19,-85],[27,-43]],[[29091,42697],[3,-253],[-17,-149],[8,-150]],[[29085,42145],[-30,-145],[-25,-9]],[[28844,38131],[69,23],[16,118],[-10,184]],[[28919,38456],[82,-2]],[[29001,38454],[-41,-664],[-13,-129]],[[28947,37661],[-106,-62]],[[28841,37599],[-5,95],[27,121],[-3,146],[-16,170]],[[27539,32939],[31,2]],[[27571,32942],[20,-84],[16,-165],[-13,-217],[13,-155],[-7,-55]],[[27600,32266],[-41,25],[-15,74]],[[27544,32365],[-22,-58],[-23,-7],[-18,44]],[[24005,24288],[43,26]],[[24048,24314],[63,7]],[[24111,24321],[0,-587],[-9,-176]],[[24102,23558],[-40,1],[0,-95],[-81,2],[-18,-28]],[[23963,23438],[0,326],[42,0],[0,524]],[[24005,25165],[19,40],[54,279]],[[24078,25484],[3,-125],[13,-117],[129,168]],[[24223,25410],[31,-267]],[[24254,25143],[-21,-65],[-20,34],[0,-379],[7,-288],[-20,6]],[[24200,24451],[-28,66],[-28,-90],[-8,-106],[-25,0]],[[24048,24314],[-1,673],[-14,123],[-28,55]],[[23845,24863],[5,170],[26,1],[15,163],[42,1]],[[23933,25198],[57,-2],[15,-31]],[[24005,24288],[-123,9],[-16,-44],[-22,18]],[[23844,24271],[9,132],[-12,72],[14,85],[-8,111],[-2,192]],[[26410,36748],[22,-44],[19,14]],[[26468,36338],[-21,-74],[-24,-205],[3,-35]],[[26426,36024],[-59,331]],[[24353,48548],[124,0]],[[24477,48548],[12,-136],[-4,-91]],[[24485,48321],[-3,-207],[10,-62],[4,-152]],[[24496,47900],[-110,0]],[[24386,47900],[-33,0]],[[26574,37608],[27,54],[15,-38],[9,96],[22,-15]],[[26647,37705],[18,-31]],[[26648,37352],[-17,-77],[-21,9]],[[26610,37284],[-39,174]],[[26571,37458],[3,150]],[[27849,32573],[59,401]],[[27908,32974],[15,117]],[[27923,33091],[58,-121]],[[27981,32970],[14,-43],[34,-337]],[[28029,32590],[-22,-132]],[[27873,32358],[-35,142],[11,73]],[[18633,42790],[31,144],[39,140],[18,-185],[24,5],[33,68]],[[18778,42962],[21,-20],[7,-96]],[[18830,42491],[-11,-60]],[[18819,42431],[-25,-83],[-22,-7],[-61,-215],[-15,91],[-19,-34],[-20,42]],[[18657,42225],[0,256],[-9,209],[-15,100]],[[18819,42431],[7,-56],[-7,-219],[11,-126],[20,-1],[12,-75],[35,-67],[24,-222],[-6,-210],[46,-210],[0,-80],[53,-1]],[[19024,41002],[-109,0]],[[18915,41002],[-110,-1]],[[18805,41001],[-34,-3],[8,99],[-16,125],[-32,-68],[-33,-209],[-17,-1],[10,208],[-16,150],[-19,71]],[[18656,41373],[1,225],[7,150],[-8,38],[-5,353],[6,86]],[[28308,39195],[58,394]],[[28366,39589],[23,-70],[7,-92],[28,-69]],[[28424,39358],[-15,-77]],[[28416,39248],[10,-60]],[[28426,39188],[-6,-84],[26,-25]],[[28446,39079],[-1,-125],[-12,-23]],[[28433,38931],[-12,-133]],[[28421,38798],[-26,6]],[[26814,32103],[32,56],[5,-33]],[[26851,32126],[47,-15],[15,-104],[15,-222],[0,-125]],[[26928,31660],[-83,-274],[-15,-92]],[[26830,31294],[-17,220],[0,325],[-12,136],[13,128]],[[27254,30576],[26,-63],[36,15],[38,72],[37,31]],[[27391,30631],[-12,-161],[42,-213],[29,57]],[[27450,30314],[4,-113],[-13,-75],[8,-194],[-4,-80],[10,-124],[-6,-80]],[[27449,29648],[-10,33],[-48,28],[-25,70],[-27,124]],[[27339,29903],[-13,235],[-31,158],[-29,14],[-18,187]],[[27248,30497],[6,79]],[[18196,53811],[45,-4],[0,108],[32,0],[20,53],[0,108],[18,56],[32,0]],[[18343,54132],[52,-222],[21,41],[1,-877]],[[18417,53074],[0,-81],[-69,-1],[2,-332],[-28,-50],[-29,-148],[-10,1]],[[24617,34802],[58,-1]],[[24675,34801],[99,-1]],[[24774,34800],[19,1],[2,-138],[22,-71],[-5,-214],[-30,-134]],[[24782,34244],[-36,0],[0,110],[-136,15]],[[24610,34369],[16,31],[1,241],[-10,161]],[[23090,52778],[-1,-162]],[[23089,52616],[-86,0]],[[19263,29336],[30,-17]],[[19293,29319],[26,-148],[14,-7],[24,185],[37,73],[9,56]],[[19403,29478],[0,-1074],[44,-427],[26,-202],[11,-199],[-6,-200],[32,-192]],[[19510,27184],[-155,1],[-218,1]],[[19137,27186],[0,162]],[[19137,27348],[1,27],[0,1246]],[[26216,36088],[25,-157],[15,26]],[[26256,35957],[-1,-129],[19,-93]],[[26274,35735],[-64,-260]],[[26210,35475],[-15,-58],[-27,50]],[[26168,35467],[-4,132]],[[26424,35639],[33,-10],[24,28]],[[26481,35657],[7,-185],[24,-122],[6,-121],[23,-74]],[[26541,35155],[-22,-78],[7,-109]],[[26510,34972],[-66,5]],[[26444,34977],[-22,148],[-14,265],[10,42],[6,207]],[[22756,35737],[0,-758]],[[22756,34979],[-179,0]],[[22577,34979],[-2,757]],[[26060,33486],[23,-6],[16,56],[28,-47],[26,-6]],[[26153,33483],[-1,-11]],[[26152,33472],[6,-39]],[[26158,33433],[0,-2]],[[27358,37272],[39,93]],[[27397,37365],[38,-198],[2,-59]],[[27437,37108],[0,-32],[-55,-535]],[[27382,36541],[0,2]],[[27382,36543],[-66,298]],[[27316,36841],[9,99],[33,138],[14,111],[-14,83]],[[27191,34089],[25,155],[-6,74]],[[27272,34555],[43,136],[37,-70]],[[27352,34621],[27,-141],[-1,-169]],[[27378,34311],[-2,-338]],[[27376,33973],[-41,-19]],[[27251,33863],[-26,152],[-34,74]],[[18915,41002],[0,-204]],[[18915,40798],[0,-443],[-15,0],[1,-814]],[[18901,39541],[-155,2],[-44,23]],[[18702,39566],[-1,503]],[[18701,40069],[26,126],[49,2],[10,145],[-2,438],[37,85],[0,83],[-16,53]],[[15576,45100],[167,2],[96,5]],[[15839,45107],[234,-20]],[[16073,45087],[-2,-88],[2,-608],[1,-826]],[[16074,43565],[-293,-1]],[[15781,43564],[-5,189],[10,68],[-26,90],[-42,-225],[-22,-84],[-23,4],[-14,-52],[-11,-122],[21,-157],[-39,-45],[-5,80],[-24,60],[-27,-6],[-9,88],[-38,107]],[[15527,43559],[-18,348],[-7,30],[-45,0]],[[15457,43937],[13,138],[-10,150],[-17,145],[13,210],[-11,174],[39,160],[13,180]],[[22822,51261],[61,-1],[4,56],[145,0]],[[23032,51316],[5,-108]],[[27079,30508],[14,181],[32,123],[38,314]],[[27225,31053],[0,-76],[29,-401]],[[27248,30497],[-18,-36],[-19,-190]],[[27211,30271],[-19,13],[-27,117],[-26,78],[-15,-40],[-21,24],[-3,-82]],[[27100,30381],[-21,127]],[[27004,32365],[69,-16]],[[27073,32349],[26,-6]],[[27099,32343],[25,-304],[8,-170],[12,-34]],[[27105,31240],[-61,204],[-20,153]],[[27024,31597],[-23,122],[3,646]],[[27606,34884],[-1,226],[-10,217],[15,28]],[[27450,30314],[10,1],[28,128]],[[27621,30217],[30,-112],[-23,-77]],[[27473,29462],[-23,127],[-1,59]],[[16970,53685],[4,-8]],[[17144,52573],[-104,4]],[[17040,52577],[-5,0]],[[25243,47330],[33,-2]],[[25373,46670],[-66,-2]],[[25307,46668],[-65,2]],[[26669,42636],[32,29],[54,1]],[[26825,42670],[0,-109],[-28,-3],[0,-289],[-17,-106]],[[28634,33766],[53,90],[32,0],[13,-135],[-14,-126],[5,-352]],[[28723,33243],[-27,70],[-20,-195],[-23,19],[8,154],[-38,12]],[[28623,33303],[0,166],[14,141],[-3,156]],[[20184,37302],[-5,-320],[0,-486]],[[25524,42730],[0,511]],[[25524,43241],[0,292]],[[27415,35513],[30,99]],[[27492,35195],[-17,-121],[-19,25],[-8,-70],[3,-116]],[[27451,34913],[-63,2]],[[27388,34915],[-21,170]],[[27367,35085],[7,48],[-8,35],[-4,-43]],[[27362,35125],[-31,253]],[[27331,35378],[84,135]],[[18148,46077],[19,17]],[[18295,46345],[28,34],[19,-110],[19,-7]],[[18361,46262],[17,-67],[48,-2],[1,-488]],[[18137,45081],[-67,1]],[[23009,47450],[8,98],[0,154],[-19,73],[-1,124]],[[28486,32473],[14,-70],[60,36],[6,189]],[[28566,32628],[35,-44],[-17,-356],[-15,-103],[-56,-193],[-44,156]],[[28469,32088],[7,130],[-13,40],[5,111],[18,104]],[[24947,39001],[0,245],[-11,0],[0,233]],[[25558,41590],[-9,71],[22,85],[31,182],[43,109]],[[25645,42037],[0,-284]],[[25645,41753],[1,-489]],[[25554,41263],[-4,138],[8,189]],[[24293,44178],[-98,-2]],[[18205,48028],[27,29],[18,-163],[0,-243],[76,-1],[0,-154],[99,0]],[[18425,47496],[0,-325]],[[18425,47171],[-66,0],[2,-652],[16,0],[0,-163],[-16,-94]],[[18044,47337],[-6,237],[-39,13],[3,122],[-17,300],[-27,59],[6,131],[-12,275],[-15,-30],[-64,125]],[[17873,48569],[5,150]],[[31519,339],[24,83]],[[31543,422],[13,-3]],[[31579,329],[-15,-109]],[[31564,220],[-39,88]],[[22733,28246],[41,-4]],[[22774,28242],[102,-4]],[[22876,28238],[-2,-825]],[[24910,33870],[14,153],[24,84],[-10,109]],[[24979,34267],[92,-15]],[[24935,33693],[-21,104],[-4,73]],[[27772,32080],[35,221],[25,97],[33,-88],[8,14]],[[27889,31910],[-42,-223],[-44,9]],[[24072,31725],[25,-4],[-1,-163],[29,-5],[-1,-136],[30,-32],[0,-84],[27,-3],[0,-80],[29,-4],[-1,-163]],[[24209,31051],[-43,4],[-1,-82],[-51,7],[-22,-77]],[[23978,31572],[1,161],[93,-8]],[[26008,44642],[8,74],[0,506]],[[26147,44644],[-103,-2]],[[26044,44642],[-36,0]],[[25599,35875],[2,-59],[55,38]],[[25656,35854],[-2,-782]],[[25873,45877],[142,3]],[[26016,45222],[-128,4]],[[25848,45548],[25,329]],[[23503,49688],[44,-1]],[[23739,49688],[-8,-170],[8,-39],[-25,-163],[3,-34]],[[23717,49282],[2,-133],[-11,-27],[-91,207]],[[23617,49329],[-33,164],[-49,78],[-32,117]],[[18771,38550],[3,15],[125,0]],[[18899,38565],[0,-19],[124,0],[233,0]],[[18749,37893],[-1,512],[23,145]],[[22931,54891],[-5,488]],[[18417,53074],[133,-2]],[[18545,52910],[-29,-81],[-27,0],[0,-163],[-21,0],[-20,-213],[-28,-118],[-17,-20]],[[26808,32545],[24,49],[25,196]],[[26857,32790],[35,-223],[12,-300]],[[26904,32267],[-53,-141]],[[26814,32103],[-31,-53]],[[26783,32050],[-13,49],[20,145],[18,301]],[[26008,24883],[22,-2]],[[26030,24881],[63,9],[-1,-379]],[[26092,24511],[-2,-1]],[[25940,24503],[-42,2]],[[25898,24505],[-2,371]],[[26112,25105],[92,-12]],[[26204,25093],[-8,-60],[2,-168],[24,-208]],[[26228,24517],[-136,-6]],[[26030,24881],[14,142],[44,-46],[5,76],[19,52]],[[27163,35014],[11,49]],[[27270,35296],[48,9],[13,73]],[[27362,35125],[5,-40]],[[27388,34915],[-18,5]],[[27370,34920],[-126,24]],[[28435,31645],[35,-4],[20,67],[35,4],[18,45],[11,125],[-9,47]],[[28545,31929],[14,49],[37,34],[18,95],[12,-155],[32,-66],[-19,-127],[-28,-107],[-28,-317],[-36,89],[-26,7],[-61,-51],[-33,-49]],[[28427,31331],[1,125],[-17,140]],[[28411,31596],[24,49]],[[25739,34628],[11,-125],[34,-175]],[[25784,34328],[7,-134],[15,-137]],[[25777,33810],[-44,121],[-39,35],[-34,-117],[-4,105]],[[18662,48942],[-150,1],[0,-162]],[[18512,48781],[-83,1],[-1,490]],[[25339,49287],[41,-2]],[[25380,49285],[1,-654]],[[25280,48718],[0,573]],[[25385,37235],[23,-45],[10,60],[-5,176]],[[25413,37426],[30,-249],[15,-34],[8,-209]],[[25375,36685],[-20,130]],[[25355,36815],[-7,168],[27,138],[10,114]],[[25384,44504],[0,82],[-64,-8]],[[25319,44578],[0,489]],[[25288,37439],[67,-1],[12,-30]],[[25367,37408],[18,-173]],[[25355,36815],[-13,46],[-54,0]],[[25288,36861],[0,577]],[[23787,52242],[1,-491]],[[23788,51751],[-109,-1]],[[23679,51750],[-15,114],[2,95],[-21,196]],[[26716,36992],[-47,40],[-11,-113],[-18,15]],[[26588,37080],[22,204]],[[28286,41723],[22,38],[30,127],[12,-45],[114,88],[17,35]],[[28481,41966],[-2,-80],[18,-111]],[[24874,36861],[59,-3],[35,-59]],[[24968,36799],[2,-58],[26,-258],[-4,-99],[-14,-19]],[[24978,36210],[-37,-34],[-40,-201]],[[24901,35975],[-29,1]],[[29789,45551],[-12,-114],[36,-42],[0,-246]],[[29813,45149],[-20,2]],[[29610,45163],[-53,4]],[[29557,45167],[-6,102],[11,92],[10,316]],[[23922,40632],[0,-245],[8,-49],[36,-77],[4,-62]],[[27047,16604],[138,-1]],[[27185,16603],[1,-480]],[[27186,16123],[0,-170],[-27,-2],[0,-194],[-44,-3],[-8,27]],[[27107,15781],[-18,181],[-29,119],[-26,-7],[-8,281],[3,116],[18,133]],[[26988,16640],[23,-36]],[[27011,16604],[-23,36]],[[23426,38992],[125,-1]],[[23551,38991],[-1,-487]],[[23550,38504],[0,-167]],[[23803,32035],[-1,208],[13,33],[37,-5],[20,131],[49,-6],[1,187]],[[23988,32142],[-74,-377],[5,-191]],[[23889,31518],[-87,5]],[[23802,31523],[1,512]],[[26985,24936],[25,-41],[22,127],[30,10],[4,60],[-13,123]],[[27053,25215],[33,-52],[34,33],[19,-63]],[[27139,25133],[-10,-300]],[[27129,24833],[-20,-134],[-24,-18],[-3,-75]],[[27027,24536],[-21,139],[0,161],[-21,100]],[[25002,46029],[1,-559]],[[25003,45470],[-81,-5]],[[24922,45465],[-64,-4]],[[24858,45461],[-2,578]],[[25760,38349],[104,-2],[0,54]],[[25864,38401],[15,0]],[[25879,38401],[-10,-199],[4,-154],[-15,-99]],[[25821,37837],[0,160],[-31,1],[0,110],[-30,-6]],[[25760,38102],[0,247]],[[23027,31831],[-42,-21],[-22,-79],[-16,80]],[[22947,31811],[0,956],[43,-19]],[[21557,54411],[-92,0]],[[21451,54465],[1,594],[-17,0],[0,461]],[[19897,31209],[146,1]],[[20043,31210],[88,2],[32,-90],[74,-139],[24,-33]],[[20261,30950],[0,-336],[137,0]],[[20398,30614],[0,-812],[-35,0],[0,-328],[-90,19],[0,-338]],[[20273,29155],[-28,-8],[-208,4],[-137,-2]],[[28602,47389],[38,9],[40,-37],[12,57],[46,-112]],[[28738,47306],[21,-182],[6,-552]],[[28659,46535],[-23,147],[-26,-7],[-8,714]],[[27641,31637],[1,0]],[[27642,31637],[65,-3]],[[27771,31307],[4,-17]],[[27775,31290],[-51,-605]],[[27724,30685],[-7,14]],[[27717,30699],[-48,424]],[[26541,35155],[39,228],[48,229],[-7,45]],[[26621,35657],[23,-32]],[[26649,35544],[-3,-303],[11,-128]],[[26657,35113],[-20,0],[-40,-120]],[[23857,51480],[137,-5]],[[23994,51475],[0,-215]],[[23994,51260],[0,-324]],[[23994,50936],[-58,2],[0,-167]],[[23936,50771],[-16,0],[2,127],[-9,76],[-33,134],[-23,56]],[[23857,51164],[0,316]],[[23717,49282],[68,0],[0,-82]],[[23785,48550],[-133,0]],[[23618,49037],[-1,292]],[[26899,38399],[-1,-144],[7,-54],[-9,-128]],[[26896,38073],[-27,27],[-26,-34]],[[26843,38066],[4,197],[-11,47]],[[22577,34735],[0,244]],[[22756,34979],[0,1]],[[22756,34980],[1,-803]],[[22577,34177],[0,558]],[[25779,36479],[35,-61],[5,-78]],[[25838,36057],[-18,-32],[-8,71],[-36,-18],[1,-70],[-15,-269]],[[25762,35739],[-48,106],[-27,24]],[[25687,35869],[14,36],[-8,172],[6,60]],[[22612,52455],[0,-650]],[[22404,51811],[0,649]],[[22687,22689],[17,83]],[[22796,22243],[-78,-288],[-10,35]],[[22708,21990],[-24,61],[-43,329]],[[15851,52676],[1,620]],[[15852,53296],[201,5]],[[16053,53301],[0,-644]],[[16053,52657],[-26,1],[1,-490],[20,-23],[4,-84]],[[15941,51919],[-50,-123],[-41,-67]],[[15850,51729],[1,947]],[[28093,37622],[27,234]],[[28120,37856],[30,40],[43,-61]],[[28193,37835],[45,-82],[28,-128]],[[28266,37625],[-31,-519]],[[29518,50730],[97,6],[81,-16]],[[29696,50720],[6,-326],[-13,-99]],[[29593,50018],[-32,34],[-53,134]],[[29508,50186],[-8,76],[14,114],[4,152],[-13,81],[13,121]],[[19085,55225],[0,-108],[-36,1],[-6,-96],[6,-137],[-1,-259],[35,-1],[3,-484],[-5,-25]],[[19081,54116],[-18,27],[-18,119],[-21,37],[-16,110],[-44,47],[-2,154],[-22,1],[0,-143],[-36,-20],[-70,-1],[0,-163],[-33,0]],[[24025,35383],[-110,14]],[[23915,35397],[-11,9],[1,320],[-76,6]],[[20615,41190],[5,76],[21,86]],[[20641,41352],[26,0]],[[26814,33766],[-1,-135],[-17,-152]],[[26796,33479],[-32,-4],[-50,-139]],[[26714,33336],[-15,338]],[[28484,36446],[3,97],[42,70]],[[28529,36613],[8,-67]],[[28537,36546],[15,-95]],[[28552,36451],[-23,-19],[4,-120]],[[28533,36312],[-2,-91],[15,16]],[[28546,36237],[25,-99]],[[28571,36138],[-5,-86]],[[28566,36052],[-11,101],[-23,-13],[-40,88]],[[28492,36228],[0,195],[-8,23]],[[27969,34002],[15,-112],[-17,-174],[-20,-96],[-21,2]],[[27926,33622],[-31,-9]],[[27895,33613],[19,704]],[[27600,32266],[2,-58],[23,-43],[21,15],[10,-116],[7,-224],[-21,-203]],[[27532,31651],[12,714]],[[28108,31163],[39,315]],[[28147,31478],[35,-9],[86,7]],[[28268,31476],[29,-453],[16,-70]],[[28313,30953],[-54,-266]],[[28259,30687],[-28,111],[-41,46],[-20,-96]],[[28170,30748],[-30,75],[-7,-27]],[[28133,30796],[-26,79]],[[22092,31076],[50,0],[0,407]],[[22259,31666],[21,50],[-1,-175],[20,-220]],[[22299,31321],[-17,-93],[-16,-175],[-4,-171],[7,-125]],[[22269,30757],[-14,126],[-37,72],[-1,-120],[-22,34]],[[22195,30869],[-29,38],[-6,-78],[-26,12],[-42,235]],[[28706,45091],[-11,0]],[[28580,45093],[5,96],[1,431]],[[27749,33682],[3,639]],[[27828,34324],[-2,-616],[4,-69]],[[27830,33639],[4,-61],[-85,-2]],[[26991,32734],[25,30],[18,-51],[40,-248],[-1,-116]],[[27004,32365],[-38,-7]],[[26966,32358],[2,164],[23,212]],[[26835,40968],[11,271]],[[26846,41239],[89,-18]],[[26935,41221],[-2,-174],[21,-8],[-2,-165],[8,-168]],[[26860,40518],[-31,13],[6,437]],[[22429,34178],[119,-1]],[[22846,33761],[145,-1]],[[22989,32864],[-144,2]],[[22845,32866],[1,488]],[[27593,29187],[29,18],[60,-244],[7,-86],[22,-47]],[[27776,28657],[-21,-125],[-12,18],[-22,-61],[-33,-253],[-3,-88],[-18,-41],[-17,-121],[-32,84],[-12,186],[-26,42]],[[27580,28298],[-52,231],[1,99],[-8,111]],[[27521,28739],[30,78],[8,270]],[[25111,47333],[0,163]],[[25111,47496],[1,652]],[[24747,50116],[131,-1]],[[24912,49297],[-50,4]],[[24862,49301],[-114,-2]],[[24748,49299],[-1,329]],[[31465,789],[0,-73]],[[31371,503],[-1,-18]],[[31368,483],[-27,12]],[[31341,495],[-1,44],[24,217]],[[22455,35738],[55,-2]],[[22577,34735],[-119,1]],[[22458,34736],[-3,1002]],[[31564,220],[-18,-58]],[[22139,46460],[39,-25],[34,102],[44,60]],[[22143,45254],[0,652],[-4,-1],[0,555]],[[22654,44206],[35,2],[0,-247]],[[22689,43961],[-1,-161],[-53,-1],[-44,-29],[-13,-54],[-48,1],[-4,242]],[[22525,43959],[0,162]],[[21053,43225],[54,1]],[[21310,43226],[0,-473]],[[21307,42172],[-33,0]],[[21084,42168],[-1,162],[-32,1]],[[21051,42331],[2,334],[0,560]],[[28172,40640],[-20,-70],[-12,22],[-25,-379]],[[28082,40353],[-34,95]],[[25614,33793],[6,169]],[[25758,33327],[-26,-7]],[[25732,33320],[-121,270]],[[25611,33590],[3,203]],[[25343,33581],[-11,1],[1,512]],[[23517,23562],[54,2],[-2,67]],[[23569,23631],[132,-2]],[[23701,23629],[-13,-172],[5,-134],[-5,-226]],[[23688,23097],[0,-152]],[[23688,22945],[-22,54],[-41,-161],[-28,19]],[[16665,45082],[175,-5],[139,10]],[[16979,45087],[159,2],[167,4]],[[17305,45093],[2,-1]],[[17307,45092],[1,-1080],[-1,-789]],[[17307,43223],[0,-669],[-63,-1],[-15,-217]],[[16669,43148],[-6,0],[0,514],[7,-1],[-5,337],[0,1084]],[[27622,41320],[30,74],[13,115],[-10,80]],[[27655,41589],[38,2],[29,-85],[49,115],[7,-53],[40,-141]],[[27767,40830],[-80,-1]],[[27687,40829],[-42,0]],[[27645,40829],[0,299],[-23,192]],[[24259,28272],[-5,-80],[2,-187],[6,-52],[-2,-214]],[[24260,27739],[-7,-61],[-51,-205],[-40,4]],[[24162,27477],[0,163],[-29,1],[0,94],[-14,52],[-43,20]],[[24076,27807],[0,477]],[[25291,31541],[9,-28],[1,-518]],[[25241,30998],[1,82],[-55,0]],[[25187,31080],[1,164]],[[24630,25987],[6,111],[-1,379]],[[24801,25924],[-34,-66]],[[24767,25858],[-10,-33],[-127,-2]],[[24630,25823],[0,164]],[[23550,37723],[104,-18],[23,12],[28,-38]],[[23705,37679],[-3,-254]],[[23549,36999],[1,681]],[[22915,39238],[109,-1]],[[23024,39237],[0,-81],[31,-1],[10,-162]],[[23065,38586],[-130,2]],[[26102,35624],[-6,-83],[-34,-142]],[[26062,35399],[-40,44]],[[26022,35443],[-4,502],[3,112]],[[23056,29001],[2,614]],[[23058,29615],[10,-73],[18,155],[14,-41],[16,42],[6,126],[28,-2],[30,47],[27,-39]],[[23207,29830],[-3,-32],[-1,-677]],[[23203,29121],[0,-98]],[[23203,29023],[-122,-107]],[[23081,28916],[-25,-21],[0,106]],[[22708,21990],[-57,-510]],[[22651,21480],[-79,3],[-3,118]],[[22569,21601],[2,75],[-46,148],[-5,63]],[[22488,30284],[17,138],[54,-81],[9,52]],[[22568,30393],[15,-261],[38,-26],[-9,-184]],[[22612,29922],[0,-791]],[[22671,25774],[22,72],[23,-231]],[[22632,24646],[-76,737]],[[22382,22067],[0,-823]],[[22382,20944],[-170,2]],[[21597,33159],[0,-818]],[[21445,32341],[1,817]],[[27346,20051],[7,0],[-1,331],[65,2]],[[27417,20384],[44,-385],[14,-235],[-17,-91],[-5,-287],[11,-303],[33,-439]],[[27497,18644],[-17,-73],[-101,1]],[[27379,18572],[0,491],[2,491]],[[27381,19554],[-11,160],[5,145],[-11,42],[-8,133],[-10,17]],[[25345,28249],[62,210],[31,86]],[[25438,28545],[1,-255],[33,-20]],[[25472,28270],[-4,-108],[-21,-96],[-8,-107],[10,-266],[-5,-121],[22,-82],[-21,-122]],[[25445,27368],[-12,14]],[[25433,27382],[-21,187],[-35,-73],[-1,152],[-13,28],[0,204],[-21,137],[-7,100],[10,132]],[[25308,46018],[29,3]],[[25326,45381],[-98,-1]],[[25228,45380],[-32,0]],[[25195,46016],[113,2]],[[27131,26476],[12,78]],[[27143,26554],[21,-74],[22,-169],[15,18],[29,-93],[7,-129],[31,-169],[19,-64]],[[27287,25874],[18,-96],[1,-96],[-17,-103]],[[27289,25579],[1,56],[-20,97],[-33,9],[-15,-26],[-16,110]],[[27206,25825],[-42,122],[-34,205],[5,177],[-22,85]],[[27113,26414],[18,62]],[[25360,52428],[0,609]],[[25499,52549],[0,-163],[-22,0],[0,-329],[-42,-2]],[[25435,52055],[-8,61],[-51,50]],[[25376,52166],[-21,76],[16,86],[-11,100]],[[22420,25826],[-25,-23],[-6,-145],[-59,-237]],[[22330,25421],[-28,-43]],[[22302,25378],[-31,12]],[[22271,25390],[0,544],[2,601]],[[16513,56242],[-7,170],[14,49],[45,28],[-2,-126],[11,-46],[37,117],[23,26],[26,-51],[4,88],[20,10],[29,83],[26,-17],[15,-176],[15,-45],[-9,-107]],[[16760,56245],[-34,0],[-6,-83],[-24,-56],[0,-162],[-24,-136],[0,-108],[-12,-109],[-18,1],[-35,-159],[0,-162],[-96,-7],[-12,-136],[-24,-84],[0,-186]],[[16475,54858],[-25,78]],[[16450,54936],[3,144],[-12,51],[-44,50],[-9,146],[22,216],[11,179],[2,145],[56,44],[34,331]],[[27216,37587],[21,-35]],[[27237,37552],[22,-66],[2,-83],[61,-29],[5,-72],[31,-30]],[[27316,36841],[-29,-25],[-6,-122]],[[27281,36694],[-25,79],[-1,67],[-40,367],[-16,13]],[[27199,37220],[-12,77],[-3,178],[17,113],[15,-1]],[[25146,48803],[-1,485]],[[31570,990],[-11,-85]],[[31559,905],[-14,47]],[[31545,952],[-21,103]],[[31524,1055],[25,-13],[21,-52]],[[28233,32688],[29,15],[17,-42],[46,136]],[[28348,32634],[-16,-71],[-7,-136]],[[28325,32427],[-35,-295],[-36,-118]],[[28254,32014],[-11,257],[-18,60]],[[28225,32331],[2,286],[6,71]],[[21885,53376],[-29,-56],[-34,-25],[-29,19],[-6,-84],[-24,-123]],[[21763,53107],[-6,163],[-70,0],[0,484],[-117,2],[0,162],[-105,0]],[[26540,43073],[-64,-29],[0,-82],[-64,-3]],[[27143,41636],[13,-2],[13,131]],[[27169,41765],[80,-13]],[[27280,41670],[-2,-410]],[[27278,41260],[-43,-1],[-22,-105],[-31,6],[-2,-109],[-31,6]],[[27149,41057],[-9,167],[3,412]],[[16168,49565],[33,-1],[0,161],[45,0],[0,162],[123,2]],[[16572,48757],[-33,0],[0,-488],[-34,0]],[[16505,48269],[-100,1],[0,162],[-34,1],[0,162],[-103,-2],[0,161],[-66,7],[0,324],[-33,7],[-1,473]],[[27981,43600],[-16,1],[-11,-131],[0,-424]],[[27840,43056],[0,261]],[[25614,33793],[-92,63]],[[20645,50705],[-10,0]],[[20370,50693],[-66,0]],[[20304,50693],[-5,348]],[[20299,51041],[0,322],[13,0],[1,757],[11,60]],[[24552,35919],[16,-79],[50,-6]],[[24618,35834],[28,-232]],[[24646,35602],[5,-215]],[[24651,35387],[-65,3],[-62,20]],[[27970,37997],[24,133]],[[27994,38130],[82,-175]],[[28076,37955],[44,-99]],[[28042,37230],[-2,-63],[-32,-13],[-9,-43]],[[27999,37111],[-6,49],[-48,539]],[[27945,37699],[17,67],[-3,81],[11,150]],[[27848,36611],[28,-134]],[[27876,36477],[-26,-98],[-22,26]],[[27828,36405],[-3,141],[23,65]],[[28407,37408],[22,-198],[19,-122],[32,-48],[3,-76],[36,-187],[-4,-69]],[[28515,36708],[-24,26],[-12,70],[-27,24],[-29,84]],[[28423,36912],[-18,58],[-44,246]],[[24403,52869],[175,-5]],[[24578,52864],[0,-324],[69,1]],[[24647,52541],[-1,-642]],[[24406,51897],[0,619],[-3,353]],[[31522,909],[16,-162]],[[31516,769],[-6,13]],[[31510,782],[12,127]],[[26983,40200],[-2,-152],[11,-19],[-3,-167]],[[26989,39862],[-10,3],[-5,-332]],[[26974,39533],[-31,14]],[[16024,40034],[-2,19],[-77,-4]],[[15945,40049],[5,150]],[[15950,40199],[4,235],[-33,46],[0,257],[12,81],[-27,155]],[[15906,40973],[1,161],[67,1],[15,42],[13,145],[16,-3],[17,221],[21,0],[20,96]],[[30274,48894],[-18,-49],[-19,121],[7,100],[-10,88],[-55,-176],[29,-215],[-24,-198],[5,-79]],[[30132,48445],[-6,922]],[[30106,51276],[37,54],[18,-186],[14,75]],[[23430,41595],[122,-8]],[[23552,41425],[1,-410]],[[23553,41015],[-76,1]],[[23477,41016],[-33,144]],[[23444,41160],[-5,279],[-9,156]],[[23549,35846],[0,527]],[[28500,33345],[24,271]],[[28524,33616],[19,150]],[[28543,33766],[46,-2],[36,76],[9,-74]],[[28623,33303],[-65,15]],[[28558,33318],[-57,1],[-1,26]],[[22245,47898],[11,-117],[22,2],[29,-206],[26,-129],[23,-23],[8,-159],[27,-30],[16,-106],[53,-93],[7,-76]],[[22257,46960],[-78,0]],[[22179,46960],[0,938]],[[22128,52465],[0,-650]],[[22128,51815],[-199,2]],[[21929,51817],[7,103],[24,44],[3,65],[-19,202],[-3,99],[-31,140]],[[25589,32830],[25,-21]],[[25614,32809],[-5,-486],[0,-326]],[[25609,31997],[-107,8]],[[25502,32005],[8,343],[1,396]],[[23524,28031],[15,1]],[[23709,27683],[-36,7],[-29,100],[-30,-106],[-35,0],[-54,186]],[[23525,27870],[-1,161]],[[31591,753],[10,-54],[24,32]],[[31625,731],[8,-96],[-17,-50]],[[31616,585],[-11,98],[-18,39]],[[31587,722],[2,20]],[[22778,29062],[123,-26]],[[22901,29036],[30,-20]],[[22931,29016],[-3,-782]],[[22928,28234],[-52,4]],[[22774,28242],[4,820]],[[22668,20154],[13,-74],[10,-162],[38,-52],[2,-119],[49,-116]],[[22780,19631],[-46,-419]],[[22734,19212],[-7,-65],[-70,88]],[[22657,19235],[3,12],[-79,897],[24,51]],[[22629,29069],[120,-1]],[[22749,29068],[29,-6]],[[23098,25289],[125,384]],[[23223,25673],[21,-5],[-8,-209]],[[23236,25459],[13,-242],[10,-73],[-19,-121],[-6,-117],[5,-83],[-10,-131]],[[23096,24467],[0,163],[-11,66],[-14,292],[4,196]],[[22340,16633],[-15,-207],[-45,-194]],[[22280,16232],[-11,287],[-8,39],[-8,182],[-17,69],[-13,176],[-20,92],[6,286],[-8,166]],[[22271,25390],[-10,30],[-21,-137],[-37,76],[-18,-49],[-7,111],[-18,15]],[[24880,47349],[30,84],[3,79]],[[24913,47512],[100,1],[0,-23],[98,6]],[[24880,46697],[0,652]],[[26974,39533],[64,-47],[-1,-83]],[[27037,39403],[-13,-113],[0,-108],[-20,-83],[9,-163],[3,-155],[-13,-64]],[[27003,38717],[-19,-17]],[[22708,46685],[-14,-16],[-45,47],[-29,-184],[-23,-10],[-33,140]],[[22564,46662],[16,253],[-4,212],[9,151]],[[28408,36657],[23,-94],[34,-41],[19,-76]],[[28492,36228],[-19,-50]],[[28473,36178],[-8,27]],[[28382,36340],[6,114]],[[20919,49171],[-285,-7]],[[19529,33874],[215,-1],[180,-3]],[[19924,33870],[89,-4],[0,-1084],[0,-212]],[[20013,32570],[-89,-2],[0,82],[-29,0],[-1,-81],[-204,3],[-1,-650],[-160,1]],[[19529,31923],[0,1097],[0,854]],[[28049,47129],[0,-414]],[[28049,46715],[0,-619]],[[28049,46096],[-37,-45],[-27,-75],[-39,-53],[-24,-2],[-19,148],[-20,30]],[[27883,46099],[-21,59]],[[27862,46158],[24,224],[37,90],[18,87],[-2,108],[-20,214],[-22,55],[-2,151]],[[27049,19489],[27,-7],[0,68]],[[27076,19550],[84,3]],[[27160,19553],[0,-164],[27,0],[10,-109],[0,-109],[19,1],[0,-109],[25,-43],[-3,-157],[19,-105],[3,-111],[19,-38],[23,-247],[1,-125]],[[27303,18237],[-117,6]],[[27049,18243],[-1,982],[-13,0]],[[22130,51815],[-2,0]],[[24510,28265],[0,13]],[[24634,27625],[1,-81]],[[24635,27544],[-3,-98],[-37,17],[0,-249],[-25,4],[-3,245],[-23,2]],[[24544,27465],[-20,16],[-10,104],[25,117],[-28,90],[5,171],[21,86],[-5,164],[-20,-143],[-15,41],[13,154]],[[21696,25557],[0,-52]],[[19403,29478],[5,73],[32,88],[4,74],[84,-2]],[[19528,27842],[0,-658]],[[19528,27184],[-18,0]],[[24548,33654],[44,-8],[6,163]],[[24598,33809],[129,-6],[3,58]],[[24730,33861],[25,1]],[[24755,33862],[0,-554]],[[24546,33324],[2,330]],[[24748,48162],[147,0]],[[24895,48162],[15,-131],[37,-24],[-1,-332],[-21,-36],[-12,-127]],[[24880,47349],[-45,-22],[-23,-62],[-31,6]],[[24781,47271],[1,728],[-33,1]],[[24749,48000],[-1,162]],[[24190,49846],[50,-3],[0,271]],[[24255,49596],[-44,88]],[[24211,49684],[-21,162]],[[24947,49294],[0,-494]],[[24947,48165],[-52,-3]],[[24895,48162],[-18,239],[-31,178],[3,113],[-21,314],[34,205],[0,90]],[[19081,54116],[9,-96],[38,-133],[43,-53],[16,70]],[[19184,52920],[-35,14],[-105,2]],[[19044,52936],[-77,0]],[[18967,52936],[-18,157],[16,141],[2,105],[-17,57],[-35,3],[-2,106],[-23,79],[2,174],[-22,43],[-25,201]],[[19529,35738],[0,-934],[0,-930]],[[19529,31923],[0,-712]],[[19293,29319],[0,393],[9,0],[0,651],[3,24],[0,602],[-5,186],[5,164],[1,328],[0,1300],[5,271],[-48,0],[0,1490],[0,1008]],[[28795,40832],[24,151],[30,64]],[[28849,41047],[15,2],[35,-68]],[[28899,40981],[1,-15]],[[28900,40966],[-14,-53],[-14,-149]],[[28872,40764],[-28,-123],[13,-107],[-8,-157],[23,-212]],[[28872,40165],[-18,-98],[-25,-43],[-26,12]],[[28803,40036],[-2,151]],[[28859,40659],[1,-45]],[[28860,40614],[-1,45]],[[25844,28989],[26,181],[14,12],[13,92],[-9,86],[14,56],[7,112]],[[25909,29528],[27,-11],[15,-163],[56,-1],[0,-55]],[[26007,29298],[-16,-108]],[[25901,28452],[-88,-2]],[[25813,28450],[-4,134],[14,128],[27,98],[-6,179]],[[26096,31967],[26,115],[5,81],[-7,111]],[[26224,32764],[19,-227]],[[26243,32537],[-22,-301],[14,-261]],[[26235,31975],[-1,0]],[[26234,31975],[-80,-4]],[[26154,31971],[-27,-4]],[[28559,37548],[5,63],[27,64]],[[28591,37675],[29,-127],[20,-36],[30,-109],[-4,-105],[-16,-39],[-5,-242]],[[28645,37017],[-14,57],[2,112],[-14,93],[-25,30]],[[28594,37309],[-11,54],[-2,119],[-22,66]],[[28426,39188],[19,-7]],[[28445,39181],[1,-90]],[[28446,39091],[0,-12]],[[25531,26067],[166,3]],[[25697,25925],[-64,-210],[-8,-224],[-11,-116],[-26,-108],[-17,-157],[-19,-107]],[[25552,25003],[-17,-1],[-20,-61],[-16,32]],[[25458,25072],[19,200],[33,52],[3,93],[-15,62],[16,73],[-1,265],[14,4],[0,218],[4,28]],[[24454,31835],[20,0],[1,136],[40,32]],[[24529,31750],[-1,-242],[15,-7],[-1,-165]],[[24542,31336],[-1,-327],[16,-3],[-1,-249],[-15,1]],[[24451,31182],[-19,85],[0,110],[20,-3],[1,297],[8,87],[-7,77]],[[26883,19228],[0,-286]],[[26883,18942],[-19,-157],[23,-61],[14,-163],[-10,-69],[-3,-129],[-23,-23],[-32,232],[-6,119],[9,333],[10,119],[-6,85]],[[26747,23813],[-37,15]],[[26710,23828],[-24,10]],[[26686,23838],[-27,118],[1,219],[29,55],[-6,69],[-20,38],[3,83],[-13,156]],[[17301,56401],[2,609],[1,890]],[[17577,57256],[0,-535]],[[17577,56721],[0,-447]],[[17301,56274],[0,127]],[[25396,38091],[1,-50]],[[25397,38041],[13,-109],[-2,-85],[-19,-43],[-6,-98],[6,-292],[-22,-6]],[[21492,52471],[0,204]],[[21492,52675],[17,24],[27,-69],[24,25],[26,-58],[30,-9],[91,245],[8,86],[48,188]],[[21906,52470],[-253,0],[-161,1]],[[25291,32711],[-5,-721]],[[26334,33204],[-29,-230],[-25,-158],[-13,-163]],[[26267,32653],[-24,-116]],[[18561,38565],[127,0],[83,-15]],[[18582,37891],[24,140],[-6,36],[12,166],[-30,136],[-21,137],[0,59]],[[21480,35727],[0,741]],[[25723,37608],[12,164],[-10,106],[4,116]],[[25729,37994],[0,82],[31,26]],[[25813,37696],[-10,-34],[-2,-207],[-34,-139]],[[23334,47899],[132,0]],[[28433,38931],[11,-168],[22,84],[29,-5],[33,-77],[2,-106],[18,-46]],[[28548,38613],[0,-68]],[[28500,38279],[3,-156],[-25,36],[-14,101],[-11,184],[-54,-161],[-11,43],[-7,185],[10,132],[30,155]],[[28410,40143],[0,-1]],[[28410,40142],[-81,-249]],[[28329,39893],[-23,87],[-7,74],[-30,33]],[[24116,29758],[69,-14]],[[24186,29581],[5,-385],[-17,-231],[6,-149]],[[24120,28944],[-7,68],[-31,51],[-17,229],[15,34],[-3,150],[20,20],[18,133],[1,129]],[[26256,29718],[47,14],[2,34]],[[26305,29766],[28,-3],[13,-115]],[[26346,29648],[-23,-160],[-25,-48],[-17,-109]],[[26281,29331],[-26,21],[1,366]],[[26806,26640],[11,-102],[46,-146],[21,-157]],[[26884,26235],[-8,2],[-45,-194]],[[26240,25971],[13,-2],[1,276]],[[26254,26245],[70,-7]],[[26340,26237],[-1,-277],[9,-28],[10,-151],[-3,-103]],[[26355,25678],[-76,-3]],[[26499,26707],[18,144],[32,80]],[[26549,26931],[65,-5]],[[26614,26926],[2,-318]],[[26616,26439],[-98,5]],[[26329,25328],[58,5]],[[26387,25333],[81,6]],[[26468,25339],[-17,-158],[-31,-62],[-15,-154],[-29,-133],[-11,-169]],[[26365,24663],[-9,1]],[[26328,25000],[1,328]],[[26673,30497],[-21,119],[-23,-15],[-16,80]],[[26613,30681],[-14,131],[15,123]],[[25196,37355],[0,81]],[[25288,36861],[-11,0]],[[25277,36861],[-82,-1]],[[25195,36860],[0,1]],[[17032,33474],[23,18],[81,-2]],[[16789,31603],[-28,43],[-73,5],[-10,109],[-29,3],[-17,51]],[[16624,31814],[0,328],[-25,21],[2,172],[-32,-9],[1,164],[-40,2],[0,163],[-20,0],[0,165],[-31,1],[-2,54],[-24,108],[0,165],[-30,0],[0,327]],[[24877,23891],[23,-282],[22,-104]],[[24922,23505],[1,-100],[15,-125],[4,-209],[13,-88],[13,0]],[[24968,22983],[-28,-53]],[[24940,22930],[-17,43],[-31,-27],[-30,71],[-38,-81],[-19,18]],[[24805,22954],[-13,46]],[[24792,23000],[-2,84]],[[24790,23084],[-8,143],[-15,102],[0,527],[-3,122]],[[30555,50130],[57,54]],[[30612,50184],[17,15],[6,-160],[89,94],[14,-20]],[[30741,49812],[-7,-113],[-16,-59],[-31,-10],[14,-130],[-23,-200]],[[30678,49300],[-26,12],[-41,204],[-21,-105],[-18,37]],[[30572,49448],[-27,27]],[[30545,49475],[17,227],[14,-13],[6,164],[-12,12],[7,167],[-19,12],[-3,86]],[[27615,36316],[-3,-85]],[[27612,36231],[-11,-10],[-3,75],[17,20]],[[23545,42420],[44,-1]],[[23554,42075],[-9,160],[0,185]],[[31292,518],[8,-70]],[[31285,114],[-2,-1]],[[31228,1060],[8,-126]],[[31236,934],[-7,-162]],[[31229,772],[-22,21]],[[31207,793],[0,133]],[[27087,34406],[9,-183],[16,-38],[5,-107]],[[27117,34078],[21,-83],[-20,-197]],[[27080,33794],[-11,-91]],[[27069,33703],[-14,58],[-2,123],[-11,183]],[[27042,34067],[13,27],[28,270]],[[22531,25295],[-82,-348]],[[22449,24947],[-17,74],[8,67],[-28,190],[-42,6],[-24,49],[-16,88]],[[26202,51391],[23,-165],[13,24],[65,-4]],[[26303,51246],[-1,-164]],[[26120,51093],[5,118],[45,161],[32,19]],[[26053,51824],[17,303],[19,-11],[4,-249],[-13,-81],[-27,38]],[[26752,47575],[5,1],[-4,651]],[[26753,48227],[142,28]],[[26895,48255],[6,-274],[13,-199],[4,-397],[6,-106]],[[26924,47279],[-137,-27]],[[28819,38659],[2,-188],[98,-15]],[[28844,38131],[-24,-24],[-20,37],[-26,-88]],[[28774,38056],[-15,46],[15,164]],[[30139,47975],[-41,-64],[-14,61]],[[30084,47972],[-27,60],[-76,355]],[[29981,48387],[-9,247],[56,43],[-6,199],[5,86],[-14,269]],[[25053,41003],[21,-23],[1,-274],[32,-1]],[[25107,40705],[0,-577],[-32,6]],[[24965,40462],[0,218],[16,0],[23,192],[49,131]],[[23653,44164],[96,-1],[30,17]],[[23779,44180],[0,-655]],[[23779,43525],[-62,-10]],[[22689,37935],[92,0]],[[22842,37774],[0,-327]],[[22842,37447],[-153,-3]],[[22689,37444],[0,491]],[[26323,39064],[12,47]],[[26359,39092],[15,-467]],[[26374,38625],[-22,-93]],[[26288,38958],[3,85],[32,21]],[[25737,35083],[3,146],[17,211],[22,81]],[[25779,35521],[8,-99],[51,-43],[-1,-58]],[[25837,35321],[-2,-235]],[[25835,35086],[-42,-32]],[[30485,53649],[-3,-337],[1,-780],[13,13],[10,-226],[-20,-53],[-2,-132],[-19,-5],[2,-129],[24,-121],[-22,-159],[22,-468],[13,-360],[9,-167],[30,26],[4,54],[40,37]],[[30587,50842],[21,-495],[4,-163]],[[30555,50130],[-3,51],[-41,-35],[14,-150],[-8,-82],[-69,83],[-21,-20]],[[30254,51954],[47,125],[-10,113],[44,179],[-15,133],[1,192],[20,155],[-15,83],[23,257],[43,163],[9,294]],[[30058,46471],[3,11]],[[30061,46482],[31,147],[19,-28],[9,99],[28,47],[32,-23]],[[30180,46724],[3,-169],[10,-144],[22,-96],[27,6],[-17,-140],[-60,-66],[11,-83],[-36,-109]],[[26866,36273],[11,41],[24,299],[-11,70],[6,290],[11,48]],[[26971,37126],[11,-101],[23,-115],[22,-60],[22,-106],[24,2]],[[27073,36746],[-96,-452]],[[26977,36294],[-11,-55],[-56,-120]],[[26910,36119],[-3,-13]],[[26907,36106],[-20,98],[-13,-38],[-14,82]],[[27906,39925],[22,-72],[77,-150],[17,24],[15,-80]],[[28027,39587],[-16,-172],[-22,-74],[-16,4],[-14,-79],[-23,-228]],[[27936,39038],[-34,162],[-18,-165]],[[27884,39035],[-21,97]],[[27863,39132],[24,215],[-10,138],[1,130],[28,310]],[[23089,52616],[4,-163],[0,-327]],[[23093,51800],[-162,1]],[[22931,51801],[-2,111],[53,190],[20,147],[4,205]],[[24040,34801],[23,-1]],[[24063,34800],[68,2]],[[24131,34802],[-2,-276],[4,-154],[14,-30],[-3,-100],[20,-121],[-1,-135]],[[24030,34083],[1,704],[9,14]],[[17146,28981],[5,125],[20,96]],[[17567,29054],[2,-657],[-7,0],[0,-853]],[[17562,27544],[-284,-158],[-4,174],[-16,115],[-14,-36],[-4,250],[2,133],[-8,258],[-13,205],[-49,397],[-26,99]],[[28723,33243],[9,7]],[[28732,33250],[31,0],[9,-158]],[[28772,33092],[-24,-107],[-15,-195],[-37,-177],[-55,34],[-40,46],[-16,74],[-13,183],[31,6],[3,82]],[[28606,33038],[-31,105],[-17,175]],[[28804,32372],[2,-27]],[[28806,32345],[-2,27]],[[15229,46878],[61,1],[31,-174],[-3,-228],[6,-129],[39,27],[20,101],[0,66],[32,26]],[[15415,46568],[26,-9]],[[15412,45084],[-109,6]],[[15303,45090],[-24,100],[-16,118],[-1,123],[-14,130],[-7,355],[13,252],[-8,162],[-16,133],[-11,8],[-11,194],[21,213]],[[26000,49794],[135,-2]],[[26135,49143],[-64,-1]],[[26071,49142],[-71,-1]],[[26000,49141],[0,653]],[[25759,38895],[1,-300]],[[25760,38595],[-44,0],[-24,-39]],[[25692,38556],[1,583],[5,163]],[[24845,28032],[-22,-253],[-41,-147],[-26,-19],[-11,-75],[-35,-78]],[[24681,27336],[-10,72],[-36,136]],[[24484,39742],[21,-1],[1,165],[128,-6]],[[24650,39358],[-24,-21],[-16,-85],[-41,31],[-1,-44]],[[24483,39467],[1,275]],[[26286,39214],[37,-150]],[[26222,39036],[36,59],[23,-2],[5,121]],[[22526,43309],[2,-333]],[[25132,54506],[13,128],[34,103],[31,131],[40,113]],[[25250,54981],[59,0],[0,-161],[20,0]],[[25329,54820],[-19,-190],[-43,-298]],[[25267,54332],[-28,-1],[0,-162],[-36,0],[0,-808]],[[25203,53361],[-87,-1]],[[25116,53360],[1,487],[35,-1],[0,160],[-19,0],[-1,500]],[[28481,34886],[0,16]],[[28585,34898],[14,-74]],[[28599,34824],[10,-248]],[[28609,34576],[-29,-50]],[[28580,34526],[-38,-103]],[[28542,34423],[-22,120],[-48,97],[-1,110],[10,136]],[[27342,44160],[135,-4]],[[27477,44156],[0,-19]],[[27477,43471],[-135,2]],[[27342,43873],[0,287]],[[22729,30261],[0,-325]],[[22729,29936],[-8,102],[-23,74],[-46,-250],[-8,-16],[-32,76]],[[22568,30393],[-1,277]],[[19527,40167],[191,-1],[261,0]],[[19979,40166],[-10,-97],[20,-109]],[[19989,39960],[-30,-71]],[[19959,39889],[-38,-142],[-36,-185],[-26,69],[-35,-51],[-19,-73],[-24,-201],[-66,-145],[0,-301]],[[29420,43908],[4,300]],[[29427,44469],[38,31],[18,-333]],[[29483,44167],[7,-108],[31,-104]],[[29489,43455],[-25,-124],[-30,-19],[-45,-118]],[[26234,31975],[-23,-314],[-19,0],[-4,-97]],[[26188,31564],[-16,14],[0,148],[-17,13],[-1,232]],[[26188,31564],[-7,-89],[33,0],[0,-183]],[[26209,31226],[-11,1]],[[15301,48106],[96,-5],[0,-173],[16,1],[0,-159],[16,-17],[-1,-307],[16,-1],[0,-326],[-15,0],[0,-163],[-17,0],[3,-388]],[[15229,46878],[12,219],[15,372],[-6,67],[17,85],[15,158],[19,327]],[[26707,34607],[45,223],[31,93],[19,-32],[31,89]],[[26894,34980],[0,-140],[-26,-118],[7,-45]],[[26714,34410],[-7,197]],[[27359,17419],[-63,7],[0,-165],[-28,-1],[0,-166],[-82,3]],[[29729,47399],[-5,-134]],[[29724,47265],[2,-282],[-25,-113],[-2,-265],[24,-153]],[[29723,46452],[-132,23]],[[29591,46475],[2,353],[-24,5],[4,352],[35,-9],[2,171],[12,95]],[[29024,43399],[55,-343]],[[29079,43056],[-23,-201],[-11,-30]],[[19929,27519],[86,0]],[[20015,27519],[1,-1537]],[[20016,25982],[-254,0]],[[19762,25982],[-2,150]],[[24464,23878],[6,-9]],[[24470,23869],[4,-9]],[[24474,23860],[-5,-103],[33,-163],[0,-127],[-11,-177],[26,-40]],[[24517,23250],[-47,-1],[-49,327]],[[24421,23576],[20,26],[5,107],[22,128],[-4,41]],[[27428,33965],[55,-9]],[[27483,33956],[9,30],[20,-168]],[[27494,33388],[-49,192],[-21,14]],[[27424,33594],[4,371]],[[27028,43207],[123,-6]],[[27151,43201],[11,-140]],[[27162,43061],[0,-460]],[[27029,42602],[-1,605]],[[23214,33600],[15,0]],[[23229,33600],[0,-244],[14,0],[0,-325]],[[27510,27993],[27,-13],[43,-61],[-4,104],[22,104],[-18,103],[0,68]],[[27823,28480],[-15,-54],[-10,-148],[-60,-9],[-10,-100],[10,-84],[-32,-104],[-8,-87],[-34,-95],[-11,-132],[-33,-137],[-29,-28],[-41,-120]],[[27550,27382],[-25,-65]],[[27525,27317],[-2,5]],[[27523,27322],[-17,87],[7,135],[-18,228],[15,221]],[[23037,47119],[-98,1]],[[16033,38196],[20,88],[5,151],[-16,117],[15,155],[-14,41],[-22,153],[9,86]],[[16030,38987],[33,-3]],[[16063,38984],[96,-42]],[[16159,38942],[6,10],[25,-391]],[[16036,37787],[-25,-2],[-17,-120],[-27,1],[-9,68]],[[15958,37734],[18,-10],[24,46],[10,152],[17,56],[6,218]],[[26191,39384],[19,672]],[[26210,40056],[69,-4]],[[26279,40052],[-1,-374]],[[26278,39678],[-16,-139]],[[26262,39539],[-33,-64],[-17,-90],[-21,-1]],[[24496,47900],[3,-145]],[[24499,47755],[1,-139],[21,-42],[19,-136],[-33,-234],[0,-91]],[[24388,47116],[-2,784]],[[28499,35733],[42,117],[8,155]],[[28549,36005],[1,-162],[22,-50],[29,-186]],[[28486,35074],[-4,8]],[[28478,35193],[30,371],[-9,169]],[[28571,36138],[7,14],[36,-236]],[[28614,35916],[-3,-106],[17,-90]],[[28628,35720],[-64,243],[2,89]],[[27725,38853],[33,218],[-8,113],[8,65],[38,84],[7,68]],[[27803,39401],[60,-269]],[[27884,39035],[-20,-199],[-26,-332]],[[27838,38504],[-25,-123]],[[27813,38381],[-46,85],[-17,175],[-31,76]],[[27719,38717],[6,136]],[[15577,46407],[21,100],[40,-7],[16,42],[44,6],[65,302],[28,1],[17,106],[33,0]],[[15841,46957],[-1,-977],[-1,-873]],[[28168,43509],[18,37],[51,7],[12,-132],[11,14],[37,-84],[19,-198],[47,45],[54,107]],[[28417,43305],[-38,-252],[-23,-117]],[[28356,42936],[-89,-219]],[[28267,42717],[-24,-20],[-17,41],[-32,-93],[-48,89]],[[28146,42734],[-68,-11]],[[28078,42723],[-4,36],[35,193],[11,116],[25,45],[17,117],[-15,206],[21,73]],[[26977,31034],[21,95],[1,100],[25,368]],[[27079,30508],[-38,180],[-24,59],[-21,147]],[[26996,30894],[-19,140]],[[26454,33141],[8,136],[-1,227]],[[26564,33658],[25,-328],[12,-40],[0,-227]],[[26601,33063],[-30,-13],[-31,-84],[-20,-106]],[[26520,32860],[-2,6]],[[26518,32866],[-14,88],[-50,187]],[[27242,36371],[38,-192]],[[27280,36179],[-11,-116],[-1,-149],[-47,-155]],[[27092,36006],[38,111],[7,69]],[[26872,23763],[-10,-71],[8,-159],[14,-148],[-10,-98],[-18,-48],[-13,37]],[[26843,23276],[-26,57],[-18,78],[-35,54],[-22,-40],[-4,-59]],[[26738,23366],[-14,71],[-14,391]],[[27393,41071],[5,129],[17,97],[2,118]],[[27477,41382],[0,-101]],[[27477,41281],[0,-451]],[[27477,40830],[-88,-1]],[[27389,40829],[-9,61],[13,181]],[[26308,23207],[130,6],[2,-55],[46,-1]],[[26486,23157],[0,-333]],[[26486,22824],[-23,-43],[-31,47],[-27,-166],[7,-72]],[[26412,22590],[-57,76]],[[26355,22666],[-13,35],[-22,184],[1,101],[-13,221]],[[26250,30282],[51,-6]],[[26301,30276],[0,-246],[4,-264]],[[26256,29718],[-38,58]],[[30439,48417],[-11,6],[-21,-131],[-19,7],[-38,-150],[3,-128],[-44,-56]],[[28727,37886],[-5,-50]],[[28841,37599],[-13,-81]],[[28828,37518],[-32,41],[-21,-102],[-11,106],[5,188],[12,72],[-29,137],[22,96]],[[28738,37523],[-15,0]],[[28723,37523],[-1,115],[17,15],[-1,-130]],[[22019,36628],[5,-165],[0,-719]],[[22024,35744],[-151,-4]],[[24322,41255],[113,-6]],[[24435,41249],[-3,-126],[19,-125],[4,-98]],[[24455,40900],[16,-138]],[[24321,40713],[1,542]],[[17517,47173],[80,3],[1,894]],[[17598,48070],[40,26],[10,62],[42,115],[9,155],[18,18],[13,182],[60,85],[29,290],[13,-199],[19,-81],[21,17]],[[17873,48569],[-15,-211],[9,-91],[-9,-146],[-11,-27],[-1,-760]],[[17859,46530],[-116,-1],[4,306],[-51,46],[-20,-31],[-26,59],[-49,28],[-1,-77],[-35,84],[-28,180],[-20,49]],[[25053,41196],[0,-193]],[[24856,40458],[0,68],[-17,298],[-2,290]],[[25859,40663],[21,3]],[[25880,40120],[-37,-4]],[[25843,40116],[-69,14]],[[25774,40130],[0,230],[-15,0]],[[18688,47005],[132,-4]],[[18820,47001],[152,-1]],[[18971,46054],[-32,-71],[-20,4],[-13,140],[-24,70],[-66,0],[-9,-38],[16,-262],[-6,-27]],[[18740,45871],[-11,202],[0,174],[-15,189],[-38,-35],[-11,181],[7,65],[-7,136],[26,166],[-3,56]],[[22660,37112],[30,3],[-1,329]],[[22842,37447],[0,-818]],[[26038,33553],[13,43],[-7,220],[5,81]],[[26155,33830],[11,-190],[-13,-157]],[[26152,33472],[6,-39]],[[21994,46675],[39,-113],[44,-37],[34,-57],[28,-8]],[[22002,45253],[0,650],[-4,1],[0,650],[-4,121]],[[20928,26387],[12,0]],[[21043,25735],[28,-48],[6,-311],[8,-58],[25,-27],[22,14],[13,-61],[38,-53],[27,20]],[[22657,19235],[-24,-117],[6,-107]],[[22639,19011],[-98,2]],[[22541,19013],[-28,-1]],[[27778,36894],[26,81],[22,251],[26,16]],[[27852,37242],[28,-46],[1,-109],[23,-46],[24,-284],[8,-3]],[[27936,36754],[-42,-211]],[[27894,36543],[-18,-66]],[[27848,36611],[-11,54],[-33,49],[-11,137],[-15,43]],[[26642,27967],[30,100]],[[26672,28067],[50,-588]],[[26722,27479],[-75,-247]],[[26647,27232],[-14,224],[-2,151],[-12,22]],[[27073,26889],[-16,19]],[[27057,26908],[-58,75]],[[26999,26983],[-6,61],[19,154],[11,162],[19,74],[14,-40]],[[25843,40116],[4,-545],[14,1]],[[25759,39791],[0,318],[15,21]],[[24520,45646],[65,-1]],[[24585,45645],[0,-490]],[[24585,45155],[0,-163]],[[23417,45486],[65,-1]],[[23482,45485],[64,-1]],[[23546,44836],[-33,-1]],[[22895,39728],[1,165]],[[22896,39893],[31,-2],[-1,-245],[41,-28],[57,-1],[0,-54]],[[23024,39563],[0,-326]],[[26735,35779],[17,-37]],[[26752,35742],[-7,-86],[58,112],[19,-77]],[[26822,35691],[-3,-152]],[[26819,35539],[-25,-66],[-29,-5],[-16,-137],[-18,-79],[-74,-139]],[[24191,26660],[0,-409]],[[24191,26251],[-8,-214],[-6,-31]],[[24177,26006],[-72,1],[0,-164],[-98,-1]],[[24007,25842],[2,135],[16,130],[6,166],[-3,216],[-12,174]],[[23288,41846],[104,-5]],[[23392,41841],[30,-2],[8,-244]],[[23444,41160],[-25,-67],[-34,87],[-29,171]],[[23356,41351],[-31,111],[6,126],[-22,104],[2,86],[-23,63]],[[23288,41841],[0,5]],[[20089,41200],[114,11]],[[20203,41211],[53,0]],[[20256,41211],[1,-111],[13,-184],[12,-16],[30,-181],[14,-18],[-9,-226],[-10,-124],[13,-160]],[[20259,40158],[-192,8]],[[20067,40166],[0,1034],[22,0]],[[28352,47480],[63,22],[57,-32],[50,89],[13,46]],[[28535,47605],[4,-396],[-2,-201]],[[28467,46988],[-47,-1],[-1,51],[-65,-10]],[[28354,47028],[-2,452]],[[26395,37999],[13,-55],[-7,-121],[26,-87]],[[26413,37408],[-9,-71],[-18,-13]],[[26323,37617],[10,211]],[[25656,35854],[31,15]],[[25762,35739],[17,-218]],[[25578,36034],[8,65],[-23,122],[26,252]],[[26513,37970],[36,196]],[[26549,38166],[31,-54],[12,-111],[17,-40]],[[26609,37961],[30,-127],[8,-129]],[[26574,37608],[-34,258],[-26,41],[-1,63]],[[23963,23438],[0,-39]],[[23793,23398],[12,78],[-8,243],[29,227],[18,325]],[[26172,39320],[18,29]],[[26190,39349],[-1,-49],[75,-4]],[[26264,39296],[22,-82]],[[26172,38903],[0,417]],[[16166,55563],[11,-87],[22,-60],[20,-159],[53,-75],[20,-94],[41,-43],[35,-111],[82,2]],[[16475,54858],[1,-176],[-11,-99],[21,-242],[1,-165],[10,-78],[-13,-144]],[[16484,53954],[-149,2],[0,162],[-35,2],[0,161],[-109,-1],[-18,149],[-53,183],[-28,-3]],[[27511,40673],[14,-48],[54,-2],[7,-58],[52,-238]],[[27638,40327],[-24,-95],[-48,-16]],[[27566,40216],[-26,77],[-56,66]],[[27484,40359],[-1,176],[28,138]],[[17428,43223],[119,-1],[0,-624],[44,-1008],[46,1]],[[17637,41591],[0,-259],[10,-239],[-8,-231],[4,-268],[-8,-155],[-18,-144],[0,-511]],[[17617,39784],[-193,-1]],[[17424,39783],[2,399],[1,1305],[-3,3],[1,1144],[0,488],[3,101]],[[31486,1082],[26,-42]],[[31512,1040],[10,-131]],[[31510,782],[-6,-17]],[[31504,765],[-4,-11]],[[31500,754],[-8,265]],[[31486,1069],[0,13]],[[22339,34817],[32,-1],[10,-85],[23,-29],[28,-99],[26,10],[0,123]],[[22340,34171],[-1,646]],[[27211,30271],[-27,-373]],[[27184,29898],[-23,-117]],[[27062,30056],[38,325]],[[26270,29213],[11,118]],[[26346,29648],[30,157],[6,158],[18,96],[-10,206]],[[26480,30223],[-42,-98],[-8,-76]],[[26430,30049],[-20,19],[-1,-599]],[[26409,29469],[-30,2],[0,-183]],[[26337,29197],[-67,16]],[[26764,30546],[27,-25],[18,70],[40,77]],[[26849,30668],[8,-144]],[[26857,30524],[42,-370]],[[26907,30045],[-23,53]],[[26884,30098],[-37,-24]],[[26847,30074],[-23,22],[-32,113]],[[26301,30276],[22,-2]],[[26529,26218],[-5,-116]],[[26524,26102],[-8,-25],[-18,-221],[4,-124]],[[26502,25732],[-7,-50],[-71,-3]],[[26424,25679],[1,240],[8,153],[-20,78]],[[22620,58188],[201,0]],[[22821,58188],[-3,-60],[18,-216],[11,-234],[10,-75],[-18,-269]],[[22839,57334],[1,-3]],[[22840,57331],[-213,1]],[[27050,22995],[103,7],[0,-130]],[[27153,22872],[1,-204],[20,-89],[7,-233]],[[27181,22346],[-60,-6],[-34,-93],[-6,-74],[-31,-54]],[[27050,22913],[0,82]],[[23783,54077],[0,426]],[[23783,54503],[201,-8]],[[23984,53359],[0,-488]],[[23879,52863],[0,173],[-101,-6]],[[26190,39349],[1,35]],[[26262,39539],[12,-137],[-10,-106]],[[25187,31080],[-15,-26],[0,-190],[-9,-54]],[[25075,30266],[0,-490],[-14,0],[-1,-137]],[[24932,25327],[0,-806]],[[24932,24521],[-21,-1]],[[24881,24520],[0,136],[-24,0],[-5,109],[-18,-2],[-8,92],[-2,290]],[[24824,25145],[0,109],[23,-8]],[[24244,34802],[3,553]],[[24369,34803],[-125,-1]],[[26220,37407],[27,118],[14,-27],[24,56]],[[26285,37554],[-1,-151],[10,-77],[15,26]],[[20263,31756],[73,0],[0,149],[-27,6],[0,162]],[[20309,32073],[148,3]],[[20569,30777],[0,-163],[-171,0]],[[20261,30950],[0,154],[-15,-1],[2,653],[15,0]],[[21732,50232],[32,-43],[29,85],[25,25],[31,-23]],[[21947,49150],[-190,-1]],[[21757,49149],[-33,-1],[3,328],[0,649],[5,107]],[[21435,27365],[-2,0]],[[21195,27363],[0,818]],[[28049,36375],[-23,13],[-13,96]],[[28013,36484],[-25,58],[-39,231]],[[27949,36773],[10,168],[14,-20],[26,190]],[[24647,52541],[104,-1]],[[24751,52540],[72,1]],[[24823,52541],[0,-158]],[[24823,51419],[-177,-8]],[[25272,24730],[29,55],[85,1],[14,34]],[[25390,23927],[-26,-328],[-1,-248],[-8,-106],[-20,78],[-35,49],[-18,-36]],[[25282,23336],[-4,685]],[[25811,25499],[27,3],[35,-134],[23,-29]],[[25898,24505],[-57,0]],[[25758,24506],[-3,11],[0,359]],[[25755,24876],[-1,247],[10,84],[-10,126],[0,163]],[[5812,6893],[42,14],[30,212],[14,24],[12,-156],[25,-186],[-1,-132],[17,-89],[10,23],[9,-132],[16,-102],[-16,-69],[-15,32],[-13,-40],[-22,91],[-26,18],[-36,-26],[-8,134],[-26,213],[0,98],[-12,73]],[[25604,39309],[-80,-1]],[[26280,40457],[-1,-405]],[[26210,40056],[-42,2],[-22,-75]],[[26145,40329],[0,135]],[[23652,47899],[77,-1]],[[23175,37685],[123,-3]],[[25903,35616],[15,238]],[[26022,35443],[-24,-57],[-42,-165]],[[25956,35221],[-25,157],[-3,90],[-25,148]],[[26717,23133],[10,162],[11,71]],[[26843,23276],[0,-656],[-2,-102]],[[21445,32341],[-244,0]],[[16053,52657],[298,-4],[163,-1]],[[16513,52268],[-36,-44]],[[26550,27263],[35,120],[5,297]],[[26647,27232],[0,-94]],[[26647,27138],[-7,1],[-26,-213]],[[26549,26931],[1,332]],[[26430,30049],[5,-75],[28,-120],[23,-142],[14,-47]],[[26428,29468],[-19,1]],[[26383,27438],[44,347]],[[26427,27785],[23,-108]],[[26506,27378],[-14,-15]],[[26492,27363],[-16,-15],[-24,-211],[-16,-54]],[[26492,27363],[13,0]],[[26505,27363],[-3,-29]],[[26502,27334],[-10,29]],[[28898,45458],[1,222]],[[28899,45680],[27,14],[16,85],[18,-16],[28,117],[21,15],[14,74],[35,83],[37,9]],[[29095,46061],[26,-175],[49,-129]],[[29170,45757],[-27,-287],[24,-61]],[[29076,45123],[-102,-308]],[[28974,44815],[-33,36],[-4,127],[-23,114],[-12,0]],[[29170,45757],[27,1],[25,98]],[[29222,45856],[131,105]],[[29353,45961],[-2,-375],[-16,-68],[-17,-187]],[[26734,32961],[13,-44],[41,-231],[20,-141]],[[26783,32050],[-28,-50]],[[26755,32000],[-10,170],[-22,123],[0,152],[-16,-19],[-16,192]],[[26691,32618],[-3,256],[32,106],[14,-19]],[[22756,34980],[113,0]],[[22869,34980],[40,9],[7,-45],[-34,-127]],[[22882,34817],[-6,0],[0,-324],[30,0],[0,-163]],[[22906,34330],[-60,0],[0,-163],[-60,0]],[[15678,51298],[6,54],[28,-26],[0,189]],[[15712,51515],[30,53],[228,0]],[[15993,50491],[-182,0],[-41,96],[-17,155],[-30,73],[-23,133],[11,228],[-28,14]],[[15683,51190],[-5,108]],[[23837,34802],[75,-1]],[[23912,34801],[6,0]],[[23918,34801],[-2,-705]],[[23916,34096],[-50,7]],[[23866,34103],[-20,2],[-19,141],[0,107],[-11,83],[-44,6]],[[23772,34442],[-14,110],[0,250]],[[28424,39358],[22,115],[10,-56]],[[28456,39417],[26,-137],[-36,-189]],[[28445,39181],[-7,111],[-14,66]],[[25629,30115],[11,-1],[0,574]],[[25640,30688],[0,27]],[[25823,30613],[-17,-9],[-24,-253],[-24,-74],[-21,-197],[-45,-124],[-11,-93]],[[25681,29863],[-33,99],[-19,153]],[[25134,36306],[6,62],[54,2]],[[25194,36370],[62,-332],[0,-171]],[[25256,35867],[-21,20]],[[25235,35887],[-18,79],[-29,43],[-20,83],[-34,72]],[[25134,36164],[0,142]],[[24177,26006],[5,-70],[-8,-108],[8,-197],[41,-221]],[[24078,25484],[-25,152],[-28,51],[2,58],[-20,97]],[[24200,24451],[0,-55],[19,-163]],[[24219,24233],[0,-104],[11,-47],[0,-176],[-8,-33],[-3,-165],[-14,-55],[-44,0],[-20,-109]],[[24141,23544],[-39,1]],[[24102,23545],[0,13]],[[25163,30268],[29,-1]],[[25192,30267],[0,-492]],[[25192,29775],[-59,2],[0,-109],[-29,-28]],[[24657,37753],[16,-136],[46,72]],[[24719,37689],[26,-113],[-38,-192],[72,-392],[25,3]],[[24804,36995],[-10,-55]],[[24686,36944],[-31,-2],[0,172]],[[24646,35602],[117,-8]],[[24763,35594],[16,-265],[14,-120],[1,-160]],[[24794,35049],[-20,-249]],[[24675,34801],[-5,339],[-10,0],[0,246],[-9,1]],[[25073,41443],[112,12]],[[25167,40703],[-60,2]],[[26208,43068],[75,9]],[[26283,42714],[0,-292]],[[24124,47899],[29,0]],[[24256,47900],[-1,-538]],[[23462,43036],[0,-324],[4,-285]],[[23466,42427],[-80,7]],[[23386,42434],[-48,3]],[[23338,42437],[-3,601]],[[26305,37976],[-39,-101],[0,-46]],[[26266,37829],[-10,-44],[-34,67]],[[26222,37852],[4,63],[3,323]],[[25967,37608],[17,80],[46,86],[45,-21],[34,79]],[[28502,39674],[-14,52]],[[28488,39726],[-16,-3],[-34,233],[-18,33],[-10,153]],[[26404,47835],[55,30],[1,163]],[[26591,47859],[1,-481]],[[26592,47378],[-66,-2],[1,-164]],[[28587,42390],[26,-111]],[[28694,41943],[-44,-114],[-36,-33],[-36,-77]],[[28578,41719],[-31,521],[40,150]],[[28417,43305],[0,46]],[[28417,43351],[46,36],[9,110],[14,-15]],[[28486,43482],[11,-123],[-7,-195],[23,-163]],[[28358,42862],[-2,74]],[[26788,31024],[42,270]],[[26928,31660],[7,-141],[3,-221],[11,-144],[28,-120]],[[26977,31034],[-120,-510]],[[26849,30668],[-17,145],[-14,211],[-30,0]],[[25772,33281],[-8,-429],[19,-171]],[[25783,32681],[-1,-71],[-27,-59],[-13,-80],[-23,21]],[[25719,32492],[-23,102],[-3,165],[-11,20]],[[25682,32779],[2,64],[29,138],[10,320],[9,19]],[[22988,46074],[20,-8],[16,-70],[15,15]],[[23039,46011],[18,-83],[-8,-67],[1,-137],[14,-114]],[[23064,45610],[-103,3]],[[22961,45613],[1,461],[26,0]],[[23321,24625],[133,615]],[[23454,25240],[13,-94],[19,-356]],[[23486,24790],[-27,-195],[-73,-407]],[[23386,24188],[-13,152],[-18,-15],[-4,-72]],[[23351,24253],[-30,146],[0,226]],[[26104,39318],[68,2]],[[26136,38987],[-22,2],[-12,-52],[7,-230]],[[26109,38707],[-40,37]],[[25644,39301],[-32,-179],[-19,-218],[8,-70],[3,-204]],[[25604,38630],[-13,-61],[-18,56],[-31,-17]],[[25542,38608],[-31,-79],[-7,-76],[-40,-67]],[[26278,39678],[19,77],[36,-135]],[[24677,24515],[6,0]],[[24683,24515],[55,2]],[[24790,23084],[-39,113],[-51,-33]],[[24700,23164],[0,105],[-23,287],[0,305]],[[24677,23861],[0,654]],[[20346,58186],[294,-1]],[[20640,58185],[5,-165],[0,-488],[18,0],[0,-162]],[[20663,57370],[-231,0]],[[20432,57370],[-61,0],[0,488],[-36,0],[11,162],[0,166]],[[18129,58185],[199,-2],[324,1]],[[18652,58184],[2,-974]],[[18654,57210],[-109,11],[0,-325],[-215,1]],[[22405,42007],[-1,0]],[[22404,42007],[-126,0]],[[22404,41356],[0,651]],[[21201,31913],[0,-387]],[[21201,30713],[0,-19]],[[29220,46583],[49,187],[-2,111]],[[29267,46881],[25,-42],[54,-289]],[[29346,46550],[-103,-92]],[[29243,46458],[-26,-29],[3,154]],[[22839,57334],[216,1]],[[23274,57324],[3,-684]],[[22846,56679],[6,161],[-8,150],[4,187],[-8,154]],[[24514,37044],[15,80]],[[24682,36334],[0,-84],[-52,-3]],[[24630,36247],[-10,192],[1,429],[-61,1],[-47,-29]],[[23145,42330],[99,1]],[[23244,42331],[28,-392],[16,-93]],[[23288,41841],[-127,0]],[[23161,41841],[-16,1]],[[20817,55109],[81,-1],[24,81]],[[20922,55189],[0,-126]],[[20922,55063],[0,-1288]],[[20922,53775],[-86,0],[-18,81],[-53,0]],[[22797,24053],[13,-32],[32,-520]],[[22842,23501],[-50,-102]],[[22782,23430],[-18,75],[-44,77],[-48,-128],[-23,77],[-6,138],[-25,152],[-26,-8]],[[22302,24406],[0,972]],[[22449,24947],[-1,-51],[24,-157],[12,-168]],[[22482,24369],[-144,0]],[[22493,20989],[76,612]],[[22651,21480],[-5,-45],[36,-245]],[[28091,39496],[-6,-237],[-16,-110]],[[28069,39149],[-32,-181],[-11,23],[-26,-250]],[[28000,38741],[-64,297]],[[28340,36577],[-25,46],[-5,112],[-19,44]],[[30020,46981],[0,59],[40,438]],[[30060,47478],[62,-257],[-13,-105],[55,-2],[15,79]],[[30211,47075],[-29,-286],[-2,-65]],[[30061,46482],[-30,55],[-21,99],[-6,198],[20,30],[-4,117]],[[28093,46068],[75,0]],[[28168,46068],[55,-7],[0,-81],[33,-6]],[[28256,45974],[-8,-884]],[[28093,45092],[0,976]],[[29383,46558],[-2,221],[14,75]],[[29395,46854],[100,4]],[[29495,46858],[-4,-265],[7,-105]],[[29498,46488],[-25,-441]],[[29473,46047],[-120,-86]],[[29353,45961],[7,261],[16,179],[7,157]],[[28180,47647],[66,-53],[50,-176],[56,62]],[[28354,47028],[-32,0],[1,-171],[-27,2]],[[28296,46859],[-43,2],[1,81],[-50,-2]],[[28204,46940],[-12,97],[13,176],[-26,-1]],[[28179,47212],[1,435]],[[23142,27955],[40,-2]],[[23182,27953],[24,-127],[13,8],[46,-100]],[[23265,27734],[11,-62]],[[23276,27672],[1,-388],[40,-233]],[[23317,27051],[-175,4]],[[29450,48467],[-17,-284],[-30,-186],[-6,-131],[9,-330]],[[29406,47536],[-13,-1],[-41,-114],[-20,160],[-6,127],[-78,-50]],[[29248,47658],[-15,668],[44,30]],[[22845,32866],[0,-163]],[[24425,22564],[60,28]],[[24529,22083],[-56,123],[-24,35],[3,95],[-11,132],[-16,96]],[[24346,23577],[15,-1]],[[24361,23576],[17,-103],[-1,-148],[19,-216],[28,-35],[3,-237],[21,0],[6,-82]],[[24454,22755],[-33,-1],[-6,-46],[-26,-1],[-15,131],[-20,36],[-25,-141],[-37,49]],[[24281,23335],[33,91],[16,-43],[33,14],[-17,180]],[[22882,34817],[20,-96],[18,29],[15,127],[23,21],[7,-210],[21,-22],[35,-237],[20,-10],[29,-122],[22,-6],[-3,-119]],[[22990,34168],[-55,-2],[0,164],[-29,0]],[[24804,36995],[31,281],[17,101]],[[24852,37377],[26,57],[14,-87],[34,-105]],[[24926,37242],[2,-82],[43,-138],[10,-162],[-12,-53]],[[24969,36807],[-1,-8]],[[28191,46707],[13,233]],[[28296,46859],[9,-147],[-12,-22],[-3,-340],[32,-3],[-2,-174]],[[28320,46173],[-47,5],[-17,-84],[0,-120]],[[28168,46068],[-4,101],[27,173],[0,365]],[[27686,32955],[20,-486],[23,-164]],[[27729,32305],[-22,29],[-44,8],[-13,-41],[-50,-35]],[[22525,56682],[0,326],[-7,0],[0,326]],[[26935,41221],[64,-32]],[[26999,41189],[20,-7],[-2,-166],[27,-8],[-1,-85]],[[27051,40511],[-31,11]],[[27260,39828],[16,155]],[[27276,39983],[19,70],[46,84]],[[27341,40137],[34,19],[-1,-125]],[[27395,39686],[-28,-119],[-34,-68]],[[20922,53775],[0,-188]],[[20922,53099],[0,-626]],[[20922,52473],[0,-119]],[[20421,56336],[34,40],[35,93],[17,-28],[23,43],[62,-1],[10,-42]],[[20602,56441],[0,-371],[-11,-145]],[[20261,56237],[5,195],[47,-66],[63,13],[24,-55],[21,12]],[[20640,58185],[281,1]],[[20921,58186],[0,-684]],[[20921,57502],[0,-457]],[[20921,57045],[-161,0],[0,162],[-37,1],[0,162],[-60,0]],[[22278,41355],[0,652]],[[27455,39793],[83,-118]],[[27538,39675],[-6,-262],[-18,-148],[-7,-217],[5,-77]],[[27512,38971],[-18,22]],[[27494,38993],[-5,176],[-30,48],[-6,85]],[[27453,39302],[-31,195],[-4,163]],[[27470,40284],[14,75]],[[27566,40216],[-1,-214],[10,-68]],[[27558,39692],[-20,-17]],[[26982,34983],[15,0]],[[27024,34982],[59,-1],[29,37]],[[27069,34820],[-32,-92],[-24,-106],[-16,36],[-16,-47]],[[28345,33878],[21,125]],[[28366,34003],[27,-105],[19,-146],[30,13],[18,-148],[14,68],[23,-141],[15,104],[12,-32]],[[28500,33345],[-39,-114],[-52,138]],[[26970,43345],[46,-4]],[[27016,43341],[12,-134]],[[15707,52067],[0,-133],[24,-73],[56,-75],[26,-4],[37,-53]],[[15712,51515],[0,156],[-51,222],[0,161]],[[28291,44117],[20,-224],[35,-198],[22,-63],[43,-281],[6,0]],[[28168,43509],[-15,119]],[[24396,26168],[18,88],[5,511]],[[24419,26767],[72,12],[14,67],[17,-65]],[[24522,26781],[-11,-26],[0,-120],[31,-16]],[[24542,26619],[6,-7]],[[24548,26612],[0,-12]],[[24548,26600],[-19,-123],[6,-59],[-31,-104],[-3,-97],[-14,-74]],[[24487,26143],[1,-68],[-28,18],[-5,-136],[13,-47]],[[24468,25910],[-17,-23]],[[24405,25922],[-9,83],[0,163]],[[28768,47254],[41,17],[24,-95],[15,-146],[12,4],[3,-198],[28,2],[2,-130],[52,15]],[[28945,46723],[-1,-163],[-12,-75]],[[28932,46485],[-37,2],[-128,-40]],[[28738,47306],[30,-52]],[[26434,34976],[10,1]],[[26506,34375],[-19,-75],[-43,27],[-41,-52]],[[26403,34275],[12,127],[-1,195],[-6,126],[7,99],[20,9],[-1,145]],[[25094,33294],[-2,-489]],[[23207,29830],[23,60]],[[23230,29890],[45,115],[19,-99],[35,-28],[27,26]],[[23356,29904],[0,-935]],[[23356,28969],[-18,20],[-30,114],[-24,47],[-29,-9],[-25,43],[-27,-63]],[[22797,16286],[7,0]],[[22804,16286],[18,-354]],[[22822,15932],[-5,0]],[[22817,15932],[-20,354]],[[22618,16307],[27,-25],[117,3]],[[22762,16285],[8,-235],[17,-118]],[[22787,15932],[-10,-1],[-17,-160],[-22,-48],[-93,91]],[[22645,15814],[0,160],[-40,28],[13,305]],[[27278,38104],[87,275],[29,126],[-18,54]],[[27376,38559],[27,94],[37,-58]],[[27440,38595],[-8,-43],[20,-271],[48,-171]],[[27500,38110],[-77,-352],[-47,46]],[[27376,37804],[-29,223],[-35,-19],[-34,95]],[[27278,38103],[0,1]],[[24823,50929],[-43,1],[0,-163],[-33,1]],[[24578,50763],[-1,488]],[[31192,784],[15,9]],[[31229,772],[4,-32]],[[31233,740],[-12,-65]],[[31221,675],[-30,22]],[[31191,697],[-10,56]],[[27638,40327],[13,-31]],[[27651,40296],[-1,-255]],[[27477,40830],[27,0]],[[27504,40830],[7,-157]],[[27449,40323],[-33,77],[-32,207],[-26,9]],[[27358,40616],[18,26],[13,187]],[[26396,44543],[10,1]],[[26540,44569],[0,-435]],[[26412,44130],[-11,67],[-5,346]],[[26267,32653],[15,-41],[29,-163]],[[26281,31975],[-46,0]],[[26615,23864],[71,-26]],[[26683,23133],[-28,-1],[0,82],[-98,-1]],[[26557,23213],[3,115],[24,130],[-4,138],[37,138],[-2,130]],[[27606,37521],[34,2],[13,-113],[38,-14],[16,-77],[13,57]],[[27720,37376],[11,-26],[-19,-183]],[[27712,37167],[-40,71],[-28,-185],[-28,-102]],[[27616,36951],[-35,-96],[-21,59]],[[27560,36914],[-21,120]],[[27539,37034],[37,343],[30,144]],[[24191,26905],[77,0]],[[24268,26905],[17,-187],[22,-48]],[[24307,26670],[-4,-124],[6,-212]],[[24309,26334],[-4,-83],[-29,0]],[[24276,26251],[-85,0]],[[24307,26670],[16,46],[19,152],[2,144],[17,15],[19,119],[44,-1]],[[24424,27145],[1,-166],[-15,-30],[-3,-181],[12,-1]],[[24396,26168],[-6,163],[-14,0],[-23,-164],[-14,11],[-30,156]],[[23551,38991],[0,204]],[[23551,39195],[137,-26]],[[23688,39169],[-3,-332],[2,-163],[16,-2]],[[23702,38447],[-53,5],[-15,40],[-84,12]],[[28775,49588],[115,-347]],[[28890,49241],[-28,-217],[17,-52],[-3,-119],[-15,-6],[-58,-240],[-23,10],[-3,-172],[18,-6],[4,-187]],[[28799,48252],[-70,34],[1,-73],[-50,23]],[[28680,48236],[-8,244],[8,92],[21,71],[-4,112],[-66,138],[2,129],[16,184],[41,76],[1,77],[84,229]],[[29191,44328],[-30,-162],[-78,-20],[0,-129]],[[29083,44017],[-38,25],[-26,128],[-24,178]],[[28995,44348],[6,56],[-1,226],[-9,110],[-17,75]],[[23006,23947],[30,90],[30,314],[30,116]],[[23117,24185],[-4,-403],[21,-353],[-14,-166]],[[23120,23263],[-12,99],[-28,-7]],[[23080,23355],[2,121],[-34,179],[-10,107],[-17,58],[-25,24],[10,103]],[[28197,38912],[17,-89],[-1,-119],[17,-101],[22,-220],[28,-5]],[[28285,38298],[-24,-13]],[[28261,38285],[-57,39],[-36,-130],[-16,-2]],[[28114,38606],[16,-22],[24,143],[43,185]],[[28177,39442],[-35,-214]],[[28142,39228],[-19,-165],[-24,-32]],[[28099,39031],[-30,118]],[[19762,25982],[0,-842],[-234,-2]],[[19528,25138],[0,1415],[0,631]],[[16505,48107],[0,162]],[[16970,48909],[-1,-504],[1,-789],[0,-812],[4,0],[0,-1195],[6,0],[-1,-522]],[[16665,45082],[-10,0]],[[16655,45082],[-1,1412],[-162,-5],[4,319],[-1,490],[10,0],[0,809]],[[25397,32009],[105,-4]],[[25609,31997],[3,0]],[[25612,31997],[-1,-342],[-13,-108]],[[25598,31547],[-23,71],[-23,6]],[[25552,31624],[-26,60],[-52,-110],[-7,-50],[-29,-10],[-23,119],[-8,112],[-26,79],[-16,-27]],[[25365,31797],[-16,56],[-12,137]],[[25337,31990],[60,19]],[[16771,30213],[-76,188],[-15,200],[-58,232]],[[16594,28778],[34,-44],[-5,-74],[-20,34],[-9,84]],[[26936,23738],[0,-837]],[[26936,22901],[1,-62],[-21,-79],[-12,-132],[13,-93]],[[31294,629],[37,-40],[4,-105]],[[31335,484],[-6,-42]],[[31469,682],[13,39]],[[31482,721],[18,33]],[[31504,765],[-3,-93],[-12,-81]],[[31489,591],[-14,27]],[[31482,721],[3,271]],[[27376,37804],[-1,-39],[27,-174],[-7,-76],[2,-150]],[[27237,37552],[15,385],[26,166]],[[31559,905],[1,-157],[8,-35]],[[31568,713],[-5,-38]],[[31545,703],[4,87],[-4,162]],[[31489,591],[7,-77]],[[31496,514],[-5,-50],[-29,2]],[[31398,529],[20,-6]],[[31450,340],[-20,-112]],[[24513,46941],[25,8],[90,245],[21,91]],[[24649,47285],[34,74],[32,-20]],[[24715,47339],[1,-726]],[[24716,46041],[-60,3]],[[24656,46044],[-5,111],[-16,136],[-50,65]],[[28753,36768],[27,11],[15,-50],[-6,-120],[37,-2]],[[28826,36607],[5,-22],[-22,-218],[-15,-106],[-7,-159],[-23,-142],[-20,21],[-15,240],[3,140],[21,407]],[[28890,49241],[78,-228]],[[28968,49013],[16,-899]],[[28984,48114],[-118,-365],[-62,94]],[[28804,47843],[-5,409]],[[24317,49195],[-61,-1],[0,-160]],[[24124,49199],[1,324],[33,0],[0,163],[53,-2]],[[23000,30342],[37,-1],[13,81]],[[23166,30421],[15,-59],[0,-331],[27,-139],[22,-2]],[[23058,29615],[-12,94],[-22,-7],[-7,91],[-27,38],[10,100]],[[25806,29279],[9,-82],[29,0],[0,-208]],[[25813,28450],[-7,-154]],[[25664,28718],[28,60],[12,102],[51,182],[7,68],[19,1],[25,148]],[[26263,24006],[3,-30]],[[26266,23976],[-19,-196]],[[26247,23780],[-65,3],[-2,-82],[-59,5]],[[26107,23707],[1,408],[-14,82],[-33,2]],[[25372,26368],[113,2]],[[25485,26370],[0,-216],[13,-91],[33,4]],[[25407,24877],[-2,140],[18,180],[-5,244],[-34,123],[-14,79],[-2,181]],[[25368,25824],[-5,115],[-15,10],[-6,103],[30,316]],[[25723,27024],[18,90],[18,-66],[9,82],[43,-99]],[[25811,27031],[4,-112],[21,-75],[0,-363]],[[25836,26481],[1,-162],[-12,1]],[[25711,26316],[0,161],[-14,-1]],[[25697,26476],[0,332],[26,216]],[[19137,27348],[-197,-5],[-86,-19],[-28,11],[-177,-1]],[[31289,1110],[20,-6]],[[31307,806],[-15,-3]],[[21994,42006],[29,3]],[[22152,42008],[1,-653]],[[22153,41355],[-154,-1]],[[21999,41354],[-4,0]],[[21995,41354],[-1,652]],[[26135,49792],[1,562]],[[25859,30016],[35,91],[16,-167],[21,-107]],[[25931,29833],[6,-147],[-25,-89],[-3,-69]],[[25806,29279],[-10,27],[7,165],[0,135],[-14,83]],[[25789,29689],[0,68],[41,33],[25,133],[4,93]],[[24847,33867],[63,3]],[[24796,32815],[-41,4]],[[24755,33862],[92,5]],[[26247,23780],[-17,-163],[-2,-154],[-12,-158],[-2,-122],[-18,-164]],[[26196,23019],[-76,2]],[[28337,35192],[133,444]],[[28470,35636],[29,97]],[[28481,34886],[-70,5]],[[28358,34888],[0,105],[-21,199]],[[24510,49951],[0,-654],[4,-314]],[[24514,48983],[-31,-14],[-20,-65],[4,-99],[-29,0]],[[24438,48805],[-37,76]],[[28564,47744],[57,198],[32,-19],[26,116],[1,197]],[[28804,47843],[-16,25],[-21,-297],[7,-11],[-6,-306]],[[28602,47389],[0,54],[-35,-5],[-3,306]],[[15825,39339],[140,1]],[[15965,39340],[6,-90],[26,-47],[10,-165],[23,-51]],[[16033,38196],[-28,2],[0,398],[-69,11],[-20,-82],[-26,46]],[[15890,38571],[-8,170],[-25,178],[-18,263],[-30,44]],[[15809,39226],[-2,115],[18,-2]],[[28599,34824],[15,-80],[55,-180],[15,-147]],[[28684,34417],[32,-286],[-30,-31],[-26,123]],[[28660,34223],[-29,130],[-22,223]],[[26966,28841],[16,80]],[[26982,28921],[74,356]],[[27061,29253],[7,-86],[20,-84],[-8,-145],[27,-107],[-2,-111]],[[26990,28757],[-24,84]],[[25479,37925],[62,-5]],[[25541,37920],[-2,-242],[6,-178]],[[25545,37500],[-39,-101],[-6,-103],[-16,-5],[-8,127]],[[25476,37418],[3,507]],[[25542,38608],[0,-127],[16,-55],[0,-113],[25,11],[0,-253]],[[25583,38071],[0,-83],[-42,-1],[0,-67]],[[25479,37925],[0,61],[-31,52],[-51,3]],[[26418,39522],[24,-275]],[[26442,39247],[-52,-128]],[[26366,39659],[52,-137]],[[25978,37948],[30,202]],[[26008,38150],[14,-36],[24,108],[5,100]],[[26051,38322],[47,-178]],[[26098,38144],[17,-40],[-5,-218]],[[25964,37624],[12,147],[2,177]],[[29498,46488],[67,-9]],[[29565,46479],[21,-69],[-7,-277]],[[29557,45167],[-121,19]],[[29433,45186],[-3,68],[43,793]],[[25874,47185],[101,1],[0,163],[33,-2]],[[26010,46530],[-119,-2]],[[25891,46528],[-4,413],[-13,244]],[[24631,38806],[20,90],[30,-11],[32,274],[18,-10],[12,120],[41,-128],[18,-23]],[[24802,39118],[-25,-148]],[[24762,38584],[-6,-144],[-16,-105]],[[24740,38335],[1,127],[-19,85],[-51,2],[-18,-86],[-23,21]],[[26221,22592],[5,79],[129,-5]],[[26412,22590],[-1,-133],[-53,20],[-38,-152],[-43,-132],[-25,47],[-22,-128],[-22,-76],[7,-163],[-49,171]],[[26166,22044],[5,61],[27,123],[25,57],[-10,193],[8,114]],[[26196,23019],[-9,-167],[4,-126],[30,-134]],[[26166,22044],[-19,10],[-3,235],[-24,215]],[[26878,20202],[70,2],[0,-54],[43,3]],[[26991,20153],[13,-163],[22,-28],[23,-163]],[[26875,19715],[7,294],[-4,193]],[[25952,23374],[3,81],[18,11],[16,110],[-16,261],[20,124]],[[26739,21315],[30,113],[-2,44],[22,175],[3,138],[11,96]],[[26951,21682],[1,-504],[-37,-2],[0,-317]],[[26915,20859],[-22,-67],[-21,46],[-19,-76]],[[26853,20762],[-1,114],[-18,195],[-47,37],[-10,-83],[-16,155],[0,93],[-22,42]],[[24763,22951],[29,49]],[[24805,22954],[-7,-471],[35,-33]],[[24833,22450],[-17,-125],[0,-168],[15,-122],[10,-175],[0,-245],[21,-289]],[[24862,21326],[-52,-244]],[[24810,21082],[17,196],[2,298],[-7,62],[-25,29],[-14,162],[10,46],[-1,167],[-20,27]],[[24772,22069],[17,237],[-19,74],[-10,105],[-3,254],[6,212]],[[29298,43831],[10,130],[-10,82]],[[28660,34223],[12,-110],[-26,-85],[-25,-18]],[[28621,34010],[-44,61],[-6,245],[9,210]],[[24485,48321],[96,-1]],[[24748,48332],[0,-170]],[[24749,48000],[-100,-2],[0,-243]],[[24649,47755],[-150,0]],[[29771,46442],[99,-17]],[[29870,46425],[9,-1]],[[29996,45386],[-6,-261]],[[29990,45125],[-84,-17]],[[29906,45108],[0,29],[-93,12]],[[29763,45736],[8,182],[5,299],[10,115],[-15,110]],[[29280,42643],[17,201]],[[29297,42844],[15,158]],[[29312,43002],[5,-161]],[[29317,42841],[-13,-111]],[[29304,42730],[-17,-106]],[[29287,42624],[-7,19]],[[20245,35728],[131,3]],[[20376,35731],[9,-204],[-3,-139],[3,-307],[9,-347],[-5,-202],[-26,-111],[54,-123],[34,-242],[57,-163]],[[20508,33893],[-10,-73],[-22,-22],[-20,31]],[[20456,33829],[0,44],[-98,-1],[4,-132],[-53,-1]],[[20308,33806],[0,66],[-177,-5],[0,407],[-206,6]],[[19925,34280],[-1,405],[2,689],[18,98],[31,109],[6,159]],[[22780,19631],[60,308]],[[22840,19939],[16,3],[34,-103],[25,14]],[[22915,19853],[22,-144],[13,-37]],[[22950,19672],[-7,-171]],[[22877,19250],[-33,-81],[-20,-123]],[[22812,19046],[-23,102],[-21,-15],[-18,87],[-16,-8]],[[23018,37772],[-89,-2]],[[25275,26964],[137,4]],[[25412,26968],[-25,-48],[3,-187],[-17,-231],[-1,-134]],[[25368,25824],[-105,-2]],[[24429,28985],[-1,-717]],[[24428,28268],[-169,4]],[[24240,28562],[2,87],[36,145],[11,172],[-8,36]],[[26247,23780],[14,-2],[0,-135],[28,-31],[0,-107],[38,-133]],[[26327,23372],[-19,-104],[0,-61]],[[15673,40566],[41,1],[0,-369]],[[15714,40198],[-11,-132],[24,-122],[59,-138],[-6,-99],[2,-126],[23,-79],[0,-90],[20,-73]],[[15809,39226],[6,-70],[-25,-225],[-45,-66]],[[15745,38865],[-19,79],[-15,169],[-20,88]],[[15691,39201],[-44,180],[-32,235],[4,190],[23,116],[-12,240],[-10,82],[3,179],[48,47],[2,96]],[[27181,22346],[15,-151],[1,-256]],[[27222,21520],[-3,-34],[-66,-104]],[[27153,21382],[-26,196],[-3,108],[-21,52],[-19,2],[-35,-84]],[[27314,21574],[38,-522],[65,-668]],[[27346,20051],[-22,374],[-12,29],[-19,-87],[-13,94],[-26,4],[-13,84]],[[27241,20549],[3,125],[-13,161],[-24,114],[-12,156],[-23,56],[-8,131]],[[27164,21292],[-11,90]],[[29091,50695],[23,-79],[11,-516],[22,-947],[-3,-133]],[[29144,49020],[-89,-55]],[[29055,48965],[-58,-37],[-29,85]],[[28775,49588],[26,211],[73,354],[73,303],[49,118],[26,100],[41,60],[28,-39]],[[21554,26549],[-121,0]],[[26450,51878],[22,-132],[4,-96],[56,-37],[29,-124],[23,-11],[35,-114],[31,-17],[29,-139],[-1,-116]],[[26540,51083],[-102,-7]],[[26438,51076],[-1,800],[13,2]],[[15890,38571],[-6,-158],[17,-212],[-39,-1],[3,-190],[-5,-110],[-54,1]],[[15806,37901],[11,6],[1,163],[-23,249],[-14,86],[-24,233],[-14,37],[2,190]],[[27129,32336],[18,331],[3,416]],[[27193,33054],[23,-270]],[[27216,32784],[27,-167],[10,-131],[-2,-182]],[[27251,32304],[-10,3]],[[27241,32307],[-112,29]],[[15623,41888],[24,53],[17,-16],[18,68],[30,42],[26,-69],[20,74],[30,30],[45,-24],[84,103],[19,-21],[37,56],[45,-19],[41,20]],[[15906,40973],[-248,1]],[[15658,40974],[-3,205],[4,132]],[[15659,41311],[-7,228],[-8,85],[3,179],[-24,85]],[[26492,39053],[18,903]],[[26598,39519],[-9,-712]],[[28820,41804],[40,-68],[27,-220],[27,-42]],[[28914,41474],[-21,-151],[-24,-76],[-20,-200]],[[28698,40831],[20,87],[22,197],[-3,147],[17,160],[-1,137],[18,49]],[[15810,37065],[-31,-1]],[[15779,37064],[-3,136],[30,58],[4,-193]],[[16476,39607],[0,-127],[27,-124]],[[16159,38942],[11,193],[11,57],[6,131],[28,87],[22,-18],[13,89],[23,7],[25,-111],[21,-58],[26,97],[10,116],[55,-7],[27,82],[39,0]],[[25865,30313],[-8,-98],[2,-199]],[[25789,29689],[-19,14],[-32,127],[-35,5],[-19,-53]],[[25684,29782],[-3,81]],[[26463,31340],[-9,-85]],[[26454,31255],[-2,29]],[[25951,23149],[-85,175],[-27,30]],[[26365,24663],[37,1]],[[26402,24664],[-1,-728]],[[26401,23936],[-135,40]],[[26381,25679],[43,0]],[[26502,25732],[6,-47],[0,-339]],[[26508,25346],[-40,-7]],[[26387,25333],[5,38],[-12,242],[1,66]],[[26647,27138],[42,-242]],[[24392,24874],[8,83],[21,-15],[5,172],[12,-9],[33,86],[42,-26]],[[24530,25116],[10,-73],[0,-529]],[[24540,24514],[-32,0]],[[24508,24514],[-129,1]],[[24424,27145],[-3,182],[8,66]],[[24429,27393],[90,0],[18,46]],[[24537,27439],[21,-101],[-28,-93],[36,-47],[-11,-123],[31,-75],[-15,-83],[-10,-134],[-14,55],[-25,-57]],[[24542,26619],[6,-7]],[[24537,27439],[7,26]],[[24632,26808],[-50,-175],[-10,-97],[-24,64]],[[27160,19553],[221,1]],[[27379,18572],[-1,-337]],[[15335,54061],[202,-4]],[[15537,54057],[4,-763]],[[15541,53294],[-103,1],[0,-178]],[[15438,53117],[-22,-11],[-29,-72],[-21,119],[-22,34],[21,221],[27,172],[-19,186],[24,176],[-41,-41],[-21,70],[0,90]],[[19979,40166],[88,0]],[[20216,39589],[-6,-112]],[[20210,39477],[-15,87],[-26,-4],[-14,-117],[-23,24],[-32,78],[2,62],[-22,96],[-60,0],[-20,102],[-11,155]],[[18561,48136],[249,0]],[[18873,48127],[43,0],[12,-153],[16,12],[28,-85]],[[18972,47901],[0,-347]],[[18820,47001],[0,490],[-65,0],[0,157],[-62,1],[-16,109],[-116,1],[0,377]],[[25101,36356],[1,500]],[[25195,36860],[-1,-490]],[[25134,36306],[-33,50]],[[24858,45461],[-111,-6]],[[24747,45455],[-21,59],[-11,99],[4,83],[-16,110]],[[24703,45806],[-50,182],[3,56]],[[24359,33760],[69,-9],[-1,-83],[30,-3]],[[24457,33665],[44,-2]],[[24501,33663],[-14,-163],[-18,-72],[-11,-103],[-4,-342],[-60,7]],[[24394,32990],[-59,7]],[[24335,32997],[2,333],[-14,-13]],[[24323,33317],[-9,198],[6,106]],[[24334,56696],[23,-7],[1,-158],[40,-40],[39,-84],[50,67],[31,121],[30,74]],[[24550,55316],[-41,-185],[-52,-298],[-33,-152],[-27,-67],[-26,-141],[-36,-140]],[[24730,33861],[16,176],[24,93],[12,114]],[[24794,35049],[53,-3]],[[24846,34596],[1,-729]],[[24492,29307],[18,16],[8,106],[-23,68],[17,82],[5,119],[25,14],[-6,165],[18,117],[-19,48],[17,86],[30,42],[11,110],[-24,70]],[[24569,30350],[0,2]],[[24569,30352],[82,-2],[1,-245]],[[24652,30105],[0,-695],[-30,0],[0,-163]],[[24496,29247],[-4,60]],[[25192,29775],[0,-245],[62,-1],[-5,-56]],[[25249,29473],[6,-132],[-14,-98],[-36,-39]],[[27437,37108],[59,-89],[43,15]],[[27560,36914],[-30,-119],[8,-105],[-48,-158]],[[27490,36532],[-22,94],[-43,-148],[-22,0],[-21,63]],[[21977,51166],[-16,133],[12,120],[-19,170]],[[21954,51589],[-29,69],[-10,78],[14,81]],[[24767,25858],[0,-687]],[[24767,25171],[-4,0]],[[24763,25171],[-81,-1]],[[24682,25170],[-23,-1]],[[24630,25659],[0,164]],[[24428,28268],[7,1]],[[24435,28269],[-21,-238],[-15,-44],[-20,-286],[0,-66]],[[24379,27635],[-10,-105],[-19,-98],[-18,23],[-30,-122]],[[24302,27333],[-3,261],[-14,124],[-25,21]],[[24163,33824],[29,-4],[1,163],[30,-3],[0,138]],[[24323,33317],[-112,14]],[[28622,35548],[22,-16]],[[28644,35532],[11,-125]],[[28655,35407],[-24,-68],[-12,151]],[[20641,41841],[0,-489]],[[20468,41225],[-2,113],[12,99],[1,188],[-12,104],[7,110]],[[24804,35817],[-41,-223]],[[24618,35834],[0,164],[12,53],[0,196]],[[24244,34802],[-8,0]],[[24236,34802],[-105,0]],[[24063,34800],[2,577]],[[26173,44643],[1,-436]],[[26046,44201],[-2,441]],[[25651,38045],[0,528]],[[25651,38573],[41,-17]],[[25760,38595],[0,-246]],[[25729,37994],[-63,-3]],[[25666,37991],[-15,54]],[[25879,38401],[62,-9]],[[25941,38392],[0,-163],[21,-137],[-1,-133],[17,-11]],[[26274,35735],[18,-74],[26,43],[28,-213]],[[26346,35491],[-13,-137],[-43,-357]],[[26290,34997],[-2,1]],[[26288,34998],[-53,23]],[[26235,35021],[-12,191],[4,72],[-17,191]],[[24102,23545],[10,-113],[-9,-78],[0,-278],[10,-75],[-9,-183]],[[24104,22818],[-31,-103]],[[24073,22715],[-73,2]],[[24040,37415],[65,-6],[17,-167],[30,40],[12,65]],[[23072,43578],[113,2]],[[23185,43580],[12,-58]],[[23197,43522],[0,-200]],[[23197,43322],[-49,22],[-45,-133],[-28,95]],[[23075,43306],[-3,272]],[[25249,29473],[40,67],[13,112],[21,-1]],[[25316,29256],[-8,-459]],[[26573,44576],[86,17]],[[26659,44593],[-2,-67],[37,11],[45,-149]],[[26327,23372],[35,118],[31,40],[10,202],[10,28],[15,167]],[[26428,23927],[56,-17]],[[26484,23910],[21,-7]],[[26505,23903],[0,-118],[8,-163],[-18,0],[-9,-164],[0,-301]],[[25146,23912],[0,-483],[20,-75]],[[25166,23354],[-30,28],[-45,-48],[-53,-117],[-2,83],[-17,43]],[[25019,23343],[0,514]],[[31215,1160],[40,-47]],[[31255,1113],[-3,-65],[13,-114]],[[31265,934],[-29,0]],[[31233,740],[36,-69]],[[31238,564],[-17,111]],[[27521,38033],[8,205],[24,99]],[[27553,38337],[36,160],[24,-28],[46,172],[25,353],[22,-138],[19,-3]],[[27719,38717],[-14,-218],[3,-82],[-15,-145],[-19,-91],[4,-72]],[[27678,38109],[-28,-138],[-17,-242]],[[27633,37729],[-41,-14],[-15,-34],[-29,16],[-28,127],[1,209]],[[26281,41361],[-109,-1]],[[26169,41495],[-2,430]],[[20647,39724],[103,-1]],[[20750,39723],[170,-2],[-1,-485]],[[20919,38587],[-247,-5]],[[20672,38582],[0,244]],[[20672,38826],[1,266],[-37,14],[12,129],[-1,489]],[[24348,24551],[25,-46]],[[24372,24461],[5,-78],[-5,-129],[11,-36],[29,20],[-10,-225],[50,48],[12,-183]],[[24421,23576],[-60,0]],[[24346,23577],[6,384],[-23,271]],[[24329,24232],[3,233],[16,86]],[[17926,54949],[31,10],[34,-37],[58,-181],[29,-69],[18,32]],[[18096,54704],[71,0],[0,82],[31,0],[0,162],[-22,80],[8,151],[-22,157],[6,229],[82,3]],[[18297,55568],[0,-787],[46,1],[0,-650]],[[17960,53955],[35,18],[-4,161],[0,243],[23,112],[-23,83],[-6,105],[-18,27],[-35,164],[-6,81]],[[25066,35867],[22,165],[26,127],[18,7]],[[25132,36166],[33,-512]],[[25086,35635],[-9,71]],[[22815,44612],[-1,-671]],[[22782,43964],[-64,-119]],[[22718,43845],[0,116],[-29,0]],[[28563,45622],[-6,-92],[-25,27],[-1,85],[-64,-28]],[[28467,45614],[-38,-12],[-2,396]],[[28029,32590],[13,-99],[22,-16],[29,61]],[[28093,32536],[17,-115],[23,-68]],[[28133,32353],[5,-537],[-15,-301],[24,-37]],[[27162,43061],[64,-14],[7,154]],[[27319,43200],[0,-162]],[[27319,43038],[-1,-325]],[[27318,42713],[-41,-8],[-1,-137],[-22,2]],[[27254,42570],[-42,7],[-50,-39]],[[27016,43341],[1,138],[26,-2],[1,119],[27,0],[1,140],[26,1]],[[27152,43741],[-1,-540]],[[27401,28595],[80,288],[5,-102],[35,-42]],[[27510,27993],[4,51],[-9,168],[4,141],[-36,35],[-25,-7],[-23,165],[-24,49]],[[28000,38741],[-14,-177],[19,-81],[38,-84]],[[28043,38399],[-18,-160],[-31,-109]],[[27970,37997],[-40,187],[-6,-4],[-86,324]],[[27923,38346],[25,51],[-12,129],[-13,-180]],[[23752,34309],[5,135],[15,-2]],[[23866,34103],[9,-83],[-1,-212],[-21,-161],[2,-220]],[[23855,33427],[-50,9]],[[23805,33436],[-59,-16]],[[23746,33420],[-15,2]],[[18561,48136],[-50,-7]],[[18511,48129],[1,652]],[[25926,40125],[1,-550]],[[22324,37284],[151,-2]],[[22475,37282],[2,-172]],[[22477,36621],[-153,-1]],[[26200,37680],[15,66],[7,106]],[[26266,37829],[5,-142],[14,-133]],[[26256,35957],[50,228]],[[26426,36024],[3,-94],[-22,-266]],[[26407,35664],[-16,-24],[-45,-149]],[[29017,43395],[30,165],[13,181],[23,129],[16,21]],[[29099,43891],[92,-288]],[[29191,43603],[-38,-220]],[[29153,43383],[-39,-233],[-2,-72],[-33,-22]],[[24292,41833],[126,-16]],[[24418,41817],[-2,-92]],[[24416,41725],[3,-305],[16,-171]],[[24322,41255],[-31,2]],[[29316,43068],[-4,-66]],[[29297,42844],[-9,48],[-23,-89],[-13,20]],[[29252,42823],[5,62]],[[29257,42885],[3,74],[-11,221],[-18,7],[-13,74],[16,211]],[[22195,30288],[0,581]],[[22269,30757],[6,-228],[41,-30],[25,26]],[[22195,29817],[0,471]],[[20613,36288],[11,6],[33,148],[69,59],[16,164],[40,150],[0,65],[26,245],[29,144]],[[20837,37269],[81,-155]],[[21192,36943],[-3,-1203]],[[21189,35740],[-257,-7]],[[20932,35733],[-92,-5],[-227,3]],[[20613,35731],[0,557]],[[27775,31290],[105,-602]],[[27864,30602],[-49,30],[-21,58],[-25,-20],[-22,-110]],[[27747,30560],[-23,125]],[[21053,43225],[-133,0]],[[28261,38285],[-25,-189],[-43,-261]],[[28076,37955],[22,165]],[[28285,35511],[61,216]],[[28414,35949],[52,-140],[4,-173]],[[28337,35192],[-16,26],[8,265],[-14,-33],[-30,61]],[[27319,38755],[-30,-158]],[[27289,38597],[-78,35],[-14,124]],[[27197,38756],[-7,112],[13,459]],[[24715,47339],[48,-6],[18,-62]],[[23774,28293],[80,-1]],[[23313,49200],[99,-1]],[[23412,49199],[2,-163],[67,0]],[[23481,48550],[-165,0]],[[24040,34801],[-122,0]],[[23912,34801],[3,596]],[[18652,58184],[257,-2]],[[18870,56727],[-71,0],[0,243],[-36,1],[-1,81],[-52,2],[-2,83],[-29,4],[-25,69]],[[27241,33435],[9,53]],[[27312,33451],[14,-123],[16,-3],[22,-166],[-10,-137]],[[27354,33022],[-160,39]],[[29285,50697],[12,-539],[15,-246],[6,-274]],[[29215,49059],[-71,-39]],[[29091,50695],[109,-6],[85,8]],[[28320,46173],[35,-2]],[[28467,45614],[0,-519]],[[28467,45095],[-180,-3]],[[18556,35741],[333,0]],[[19054,35746],[0,-1110],[0,-1590],[0,-970],[0,-1456]],[[29868,47953],[24,154],[9,-126],[25,36]],[[29926,48017],[30,-223],[20,16],[87,-314]],[[30063,47496],[-3,-18]],[[30020,46981],[-35,111],[-35,-27],[-7,184],[-53,-70],[-15,172],[-27,-36]],[[29848,47315],[-16,125],[-7,127],[43,386]],[[24617,34802],[-96,-2]],[[24719,37689],[46,160]],[[24765,37849],[13,-76]],[[24778,37773],[21,-46],[34,-173],[19,-177]],[[24379,27635],[11,0],[1,-159],[42,-1]],[[24433,27475],[-4,-82]],[[24268,26905],[7,161],[27,267]],[[22707,17561],[3,-73],[24,-26],[33,54],[-6,-506],[-6,-332],[0,-187],[7,-206]],[[22618,16307],[-8,8],[0,309]],[[22788,17553],[-7,-233],[-1,-340],[8,-328],[16,-366]],[[22797,16286],[-21,374],[-3,171],[0,418],[7,305]],[[17577,56721],[9,-87],[86,145],[4,-131],[14,-81],[9,-161],[19,-91],[-4,-107],[77,-96],[27,53],[9,184],[40,0]],[[17980,55923],[6,-81],[0,-271],[65,1],[-4,-114],[11,-138],[-8,-145],[18,-64],[24,0],[0,-325],[4,-82]],[[17926,54949],[-12,54],[-36,28],[-2,154],[-85,172],[-45,-40],[-52,26]],[[21313,55987],[22,-82],[49,-41]],[[21186,55061],[-1,647],[128,-1],[0,280]],[[20922,52473],[293,0]],[[21215,52473],[14,-1]],[[27280,36179],[31,82],[37,26]],[[27348,36287],[-9,-32],[44,-239]],[[27383,36016],[-21,-61],[5,-78]],[[27367,35877],[-56,-95],[-31,47],[-43,-178]],[[17948,27731],[50,72],[20,165],[1,127],[-15,214]],[[18004,28309],[69,4],[0,813],[87,0],[0,-163],[174,0]],[[18334,27332],[0,-873]],[[18334,26459],[-255,534],[-157,318],[5,106],[-4,124],[25,190]],[[19830,37895],[20,-68],[-2,-168],[29,-70],[16,-156]],[[19893,37433],[-16,-154],[-18,-89]],[[19859,37190],[-36,152],[-61,-66],[-13,137],[-156,2],[-2,-28],[-61,1]],[[27370,34920],[-20,-203],[2,-96]],[[25985,32417],[2,-307],[-2,-133]],[[25985,31977],[-122,5]],[[25863,31982],[-2,0]],[[25861,31982],[0,254]],[[26215,30308],[7,219],[0,250],[5,85]],[[27228,27780],[0,-237],[6,-43]],[[27234,27500],[-41,-161],[-3,-37]],[[24839,43174],[97,-1]],[[24982,43075],[-24,-229],[2,-96]],[[24960,42750],[-28,-262],[0,-54],[-33,-48],[-28,-74]],[[24871,42312],[-1,209],[-32,2],[1,161]],[[26211,26371],[43,-126]],[[23643,44836],[0,-489],[10,-1],[0,-182]],[[25228,45380],[-3,-163],[0,-649]],[[25130,44890],[1,488]],[[26208,45881],[0,654]],[[27937,31035],[-22,-67],[-35,-280]],[[26481,35657],[21,53],[16,-13],[25,145]],[[26543,35842],[27,-33],[37,-145],[14,-7]],[[26523,36208],[-8,-152],[28,-214]],[[26424,35639],[-17,25]],[[24649,47755],[0,-470]],[[20751,40539],[-1,-816]],[[20647,39724],[-83,-1]],[[22822,15932],[-5,0]],[[22787,15932],[18,-253],[-7,-75],[2,-215],[7,-54],[36,-56],[1,-199],[-36,-7],[-26,-68],[-1,-141],[-41,87],[-36,252],[-31,20],[-11,52],[-19,-6]],[[22643,15269],[2,25],[0,520]],[[24772,22069],[-35,7],[-5,119],[-29,99],[-15,136]],[[24688,22430],[-3,247],[25,30],[34,219],[19,25]],[[25694,27629],[9,-340],[20,-265]],[[25697,26476],[-75,-1],[-21,178],[-32,103],[-7,79],[-22,47]],[[25540,26882],[-1,80]],[[25873,36850],[-37,-51],[-35,44],[-16,-48]],[[26108,38591],[33,-59]],[[26149,38280],[-11,-90],[-40,-46]],[[26051,38322],[14,131],[24,33],[19,105]],[[25277,36861],[0,-329]],[[25277,36532],[-17,-69],[-11,-192],[25,-246],[-18,-158]],[[28535,47605],[29,139]],[[22628,37935],[61,0]],[[22475,37282],[0,651]],[[26752,35742],[22,147],[-5,83],[16,134]],[[26907,36106],[-44,-142],[0,-116],[-17,-93],[-24,-64]],[[24141,23544],[69,0],[19,-81],[0,-163],[9,-96]],[[24199,22921],[-26,-151],[-14,-32],[-36,124],[-19,-44]],[[26077,45881],[-1,649]],[[24845,28032],[65,10]],[[24895,27484],[-20,-3],[-29,-175],[-30,-99],[1,-73]],[[24294,42485],[-2,-571]],[[24180,42000],[0,469]],[[26806,37938],[20,28],[17,100]],[[26896,38073],[-9,-203],[24,-127],[15,-235]],[[26894,37384],[-35,70],[-27,96],[-33,61],[-10,-68]],[[25132,36166],[2,-2]],[[25235,35887],[23,-105]],[[25258,35782],[0,-151]],[[22821,52454],[1,-705]],[[26478,38470],[34,-38]],[[26512,38432],[18,-148],[12,4],[7,-122]],[[26513,37970],[-35,124],[-25,212]],[[26453,38306],[25,164]],[[26624,36687],[12,-162],[-3,-160]],[[26633,36365],[6,-142]],[[26639,36223],[-20,63],[-11,97],[-41,9]],[[26516,37481],[27,-46],[28,23]],[[26584,37080],[-15,75],[-36,5],[-27,146]],[[28984,48114],[9,-532],[-20,-48],[-4,-89],[26,-56],[-42,-328],[2,-322]],[[28955,46739],[-10,-16]],[[26590,32463],[6,58]],[[26596,32521],[51,37],[18,49],[26,11]],[[26755,32000],[-104,-14]],[[26651,31986],[-49,275],[-22,29]],[[23173,35738],[-10,0]],[[23163,35738],[-146,-1]],[[23499,34171],[65,1]],[[23564,34172],[3,-112]],[[23583,33419],[6,-226]],[[23589,33193],[-93,0]],[[23446,27392],[46,99],[15,113],[18,3]],[[23525,27607],[0,-431],[34,-51]],[[23446,27080],[0,312]],[[26651,31986],[-19,-2]],[[27375,41650],[51,-4]],[[27393,41071],[-116,33]],[[27277,41104],[1,156]],[[29908,44168],[1,171]],[[30015,44445],[-3,-339],[-18,-189],[-39,-20],[-27,-55],[-39,-21]],[[21999,40541],[0,813]],[[20921,57045],[1,-736]],[[20922,56309],[-27,110],[-29,-45],[-55,120],[-40,56],[-26,-40],[-40,29],[-28,-17],[-31,-85],[-44,4]],[[20421,56336],[0,390],[11,0],[0,644]],[[20282,28356],[-1,632]],[[20281,28988],[172,0],[1,-161],[114,3],[0,-325]],[[20697,27360],[1,-972]],[[20679,26388],[-143,0],[-158,3]],[[20378,26391],[-106,-2]],[[20272,26389],[0,725],[0,1065],[10,0],[0,177]],[[28478,45096],[-11,-1]],[[29010,41610],[-26,-173],[-32,88],[-11,-72],[16,-80],[-20,-65]],[[28937,41308],[-23,166]],[[25835,35086],[57,-20]],[[25871,34519],[-5,-66],[-42,44],[-30,-90],[-10,-79]],[[25072,41879],[160,-1]],[[16471,38421],[-43,-111],[-27,-194],[-54,-486],[-14,-12],[-6,-143],[-32,-179]],[[16295,37296],[-76,459]],[[26384,38140],[27,3],[42,163]],[[26513,37970],[-29,-144]],[[23480,49766],[23,-78]],[[23412,49199],[0,162],[67,1],[1,404]],[[25257,35273],[105,-6]],[[26788,31024],[-16,30]],[[26687,31467],[8,138],[16,59],[8,102],[33,119],[3,115]],[[28886,44422],[-6,669]],[[28995,44348],[-32,-298],[-19,-56],[-30,-324]],[[23014,46793],[-2,-108],[-27,-214],[3,-58],[26,-94],[11,-177]],[[23025,46142],[14,-131]],[[22988,46074],[-23,156],[7,84],[-32,36],[-1,60]],[[22643,15269],[-48,-29],[-18,49],[-40,11],[-60,279],[-9,-18],[-25,79]],[[22443,15640],[53,693],[21,295]],[[25307,46235],[33,2],[0,108],[107,-3]],[[25447,46342],[-4,-115],[5,-214]],[[25308,46018],[-1,217]],[[25938,49147],[62,-6]],[[26071,49142],[1,-653]],[[25939,48489],[-1,658]],[[21087,49097],[288,-1],[17,164],[-2,108],[18,275],[20,36],[13,-46],[27,50],[24,107]],[[21492,49790],[-2,-313],[0,-653]],[[21490,48824],[-4,-536],[-33,-13]],[[20919,48560],[0,538]],[[25292,32782],[33,8]],[[25386,32732],[12,-180],[-1,-543]],[[25337,31990],[-46,0]],[[23081,28223],[0,693]],[[23203,29023],[-1,-356]],[[23202,28219],[-23,1],[-12,-200],[15,-67]],[[23688,22945],[10,-153],[14,-97],[48,-93],[5,-62],[-4,-147]],[[23761,22393],[-19,-87],[24,-239]],[[23766,22067],[-46,-17],[-37,-64],[-61,-158]],[[23622,21828],[-1,607],[-23,4]],[[23356,28969],[1,-5]],[[27379,27623],[12,81]],[[27391,27704],[18,-54],[26,-15],[6,-133],[27,-57],[21,-150]],[[27489,27295],[13,-179],[-11,-132],[-42,-110],[-27,122],[-1,-110],[13,-93],[-18,-129],[-40,-126]],[[27376,26538],[-33,212],[-2,210],[20,-12],[4,97],[22,62],[6,189],[-3,201],[-11,126]],[[26796,33479],[22,-212]],[[26734,32961],[8,70],[-16,262],[-12,7]],[[26714,33300],[0,36]],[[26678,34642],[29,-35]],[[27241,32307],[-10,-53],[-2,-168],[-19,-7],[-4,-179],[9,-202]],[[27099,32343],[30,-7]],[[29055,48965],[22,-1091],[-26,-275],[44,-100]],[[29081,47052],[6,-92],[-7,-252]],[[29080,46708],[-32,65],[-8,-137],[-54,156],[-10,-91],[-21,38]],[[23855,33427],[0,-55],[99,-10]],[[23916,32610],[-27,37],[-12,155],[-52,-91],[-23,-11]],[[23802,32700],[3,736]],[[29095,46061],[22,204],[-10,232],[5,148]],[[29112,46645],[54,-106],[54,44]],[[29243,46458],[3,-117],[-18,-171],[1,-152],[-7,-162]],[[29083,44017],[16,-126]],[[25755,24876],[-21,18],[3,111],[-185,-2]],[[24581,41713],[1,170]],[[24710,41868],[-1,-163],[71,-10]],[[24581,41547],[0,166]],[[25963,40675],[0,110]],[[26052,40787],[1,-459]],[[26038,40136],[-75,-5]],[[25644,42404],[91,-1]],[[25756,41752],[-111,1]],[[25645,42037],[0,204]],[[25651,38573],[-10,43],[-37,14]],[[22939,41354],[95,-1]],[[23034,41353],[63,0]],[[23097,40540],[-95,0]],[[23002,40540],[-63,0]],[[24254,25143],[22,-18]],[[24276,25125],[1,-154],[26,100],[21,-57]],[[24355,24599],[-7,-48]],[[24329,24232],[-110,1]],[[25017,24535],[-22,0],[-14,-51],[-21,36],[-28,1]],[[22654,43547],[17,115],[47,183]],[[28655,35407],[18,33]],[[28673,35440],[6,-131],[17,-24],[21,-149],[-15,-22],[0,-215]],[[28702,34899],[-53,0]],[[28649,34899],[-50,0]],[[16760,56245],[3,-34]],[[16763,56211],[-2,-1276]],[[16652,53955],[0,-111],[-23,2]],[[16512,53750],[-20,90],[-8,114]],[[20273,29155],[8,-167]],[[20282,28356],[-152,-430],[0,-82],[-115,2],[0,-327]],[[21492,52959],[0,-284]],[[21215,52473],[0,627]],[[24079,42454],[9,-54],[-8,-214],[7,-192]],[[24040,41993],[0,80],[-143,-5]],[[23897,42068],[-2,369]],[[15264,55444],[85,0],[0,-28],[151,-2]],[[15596,54059],[-59,-2]],[[15335,54061],[-7,160],[38,79],[-11,202],[-27,22],[-15,96],[-17,363],[-23,128],[-9,333]],[[15192,56093],[308,1],[0,-27],[155,0],[0,371],[6,1]],[[15661,56439],[14,85],[30,-108],[20,93],[8,-160],[-14,-56],[17,-105],[6,-122],[-31,-123],[-9,-180],[-32,-55],[-23,-127]],[[15264,55444],[-22,398],[-16,132],[-34,119]],[[16763,56211],[34,27]],[[16797,56238],[11,-71],[28,-31],[39,54],[7,-91],[35,-90],[17,5],[5,105]],[[17084,55990],[-1,-1057]],[[20044,32409],[265,-7]],[[20309,32402],[0,-329]],[[20263,31756],[-5,62],[-72,5],[-10,-68],[-84,0],[-12,163]],[[20080,31918],[-36,491]],[[20043,31210],[-1,709],[38,-1]],[[31400,1107],[25,1]],[[31425,1108],[-8,-266]],[[28049,46096],[44,-28]],[[27923,45089],[-40,2]],[[27883,45091],[0,1008]],[[31467,1071],[19,11]],[[31475,1004],[-8,-78]],[[31452,935],[-2,102],[17,34]],[[26936,22901],[88,12]],[[24871,42312],[-15,-145]],[[31425,1108],[9,-22]],[[31434,1086],[3,-170]],[[23064,45495],[191,-7]],[[23125,44843],[2,197],[-15,9],[-25,132]],[[23087,45181],[2,118],[-22,106],[-3,90]],[[23347,41351],[9,0]],[[23477,41016],[-26,-239],[-17,-51],[-7,-94]],[[23427,40632],[-17,70],[-63,0]],[[26787,29555],[13,74]],[[26800,29629],[16,-188],[22,42],[19,-82],[18,-22]],[[26827,29087],[-37,8],[-8,40]],[[27057,26908],[13,-369],[25,-58],[36,-5]],[[27113,26414],[-40,-421]],[[27073,25993],[-22,70]],[[27051,26063],[-27,135],[-23,26]],[[27001,26224],[9,426],[-11,333]],[[22092,31076],[-28,135],[-14,-35]],[[23588,30017],[18,-26],[24,-137],[40,-122],[39,-12],[23,-58]],[[23733,29662],[-3,-153],[39,-111]],[[23709,29289],[-39,76],[-12,-74],[-47,-3],[-26,162]],[[23585,29450],[3,567]],[[27580,42612],[127,-8]],[[27707,42604],[-20,-143],[0,-82],[18,-45],[-1,-183],[-19,-97],[-10,-265],[-18,-68]],[[27657,41721],[-12,103],[-75,151],[-49,270]],[[27521,42245],[50,246],[9,121]],[[16818,36606],[119,-1],[144,4]],[[17266,35686],[174,-882],[194,-1002]],[[15584,57432],[7,48],[36,-2],[37,173],[48,-96],[-18,-81],[11,-106],[-13,-139],[4,-102],[-20,-28],[-15,80],[-31,-2],[-22,61],[-24,194]],[[23549,35738],[-109,1]],[[23440,35739],[-18,0]],[[27001,25509],[26,-111]],[[27027,25398],[22,-32],[4,-151]],[[26985,24936],[-9,3],[-20,133],[-8,224]],[[27004,23709],[-57,25]],[[28078,42723],[3,-18]],[[8954,86727],[-212,0],[-68,168],[-12,-6]],[[27048,17094],[-54,1],[-1,-164],[-34,2]],[[26959,16933],[-19,214],[-9,151],[-25,294],[-21,171]],[[26930,26329],[11,465],[1,141],[8,113]],[[26950,27048],[15,-114],[34,49]],[[27001,26224],[-57,99]],[[26944,26323],[-14,6]],[[22903,30042],[-3,-9]],[[22900,30033],[-11,-117],[-31,-165],[0,-132],[-21,18],[-9,119],[10,86],[-12,129],[-17,-100],[-18,19],[-10,-100],[-25,42],[-6,138]],[[22750,29970],[-21,-34]],[[30545,49475],[-11,-153],[-29,35],[-2,-288],[-28,26]],[[28872,40165],[20,-98],[13,-204],[-5,-90],[4,-184],[14,-62],[10,-147]],[[28928,39380],[-20,29],[-5,-81],[-18,-13],[-25,-142],[-47,-10]],[[28806,39749],[-2,192]],[[28804,39941],[-1,95]],[[26931,29454],[15,20]],[[26946,29474],[11,-225],[0,-118],[25,-210]],[[26966,28841],[-9,0]],[[26883,29396],[40,96],[8,-38]],[[29019,40444],[30,175]],[[29088,40846],[17,-72],[6,-120],[28,-54],[16,-77],[22,0]],[[29177,40523],[10,-110],[15,15]],[[29202,40428],[-2,-139],[-58,-246]],[[29142,40043],[-58,-10],[-31,54]],[[29053,40087],[2,187],[-36,170]],[[23740,31374],[17,87],[25,10],[20,52]],[[23886,30763],[-20,2]],[[23866,30765],[-127,18]],[[23739,30783],[1,591]],[[23447,22429],[13,-94],[6,-125],[-5,-175]],[[23461,22035],[-8,14]],[[23453,22049],[-5,-8]],[[23448,22041],[-10,-70],[9,-70],[-10,-89]],[[23382,21814],[-14,73],[-44,-27]],[[28133,32353],[22,-25],[18,33],[35,-70],[17,40]],[[28254,32014],[15,-64]],[[28269,31950],[7,-95],[-8,-379]],[[26671,22023],[12,-3],[14,294]],[[26739,21315],[-14,246],[-22,33],[-4,71],[-25,77],[-3,281]],[[23534,55213],[71,3],[0,62]],[[23605,55278],[24,-54],[59,121],[25,-135],[-4,-66],[28,-119],[27,13],[19,-72],[0,-463]],[[26282,44524],[114,19]],[[26283,44214],[-1,310]],[[20299,51041],[-136,0],[0,324],[11,-3],[0,596],[-51,26],[0,195],[-7,153]],[[20116,52332],[0,499],[-19,-5],[0,325],[-6,164],[-35,0],[-6,163],[-157,-2]],[[19893,53476],[-12,27]],[[19881,53503],[-11,272],[8,72],[-10,142]],[[19868,53989],[-18,178]],[[21746,33157],[0,-818]],[[21528,56031],[0,329],[-15,0],[0,653],[-14,0],[0,326],[-72,-1]],[[22473,38098],[-121,1]],[[26904,32267],[51,134],[11,-43]],[[18425,47171],[0,-464],[53,0],[19,166]],[[18497,46873],[29,-18],[16,59],[20,-124],[0,-218],[5,-108],[22,-108],[8,-95],[-8,-227]],[[25003,45470],[63,5],[0,-101],[65,4]],[[24938,44909],[-15,53]],[[24923,44962],[-1,503]],[[23002,40540],[-39,-225],[-2,-80],[24,-207],[22,-96],[2,-116],[46,-12]],[[23055,39804],[0,-242],[-31,1]],[[22896,39893],[0,647]],[[17041,52314],[63,1],[0,-163],[-11,-158],[17,-135],[0,-191],[12,0],[0,-162],[11,-171],[34,-130],[0,-108],[13,-81],[58,0],[0,-161]],[[16889,50697],[-8,159],[1,217],[-31,0],[-11,113],[0,165],[75,18],[0,138],[64,-3],[22,81],[0,408],[14,-1],[6,241],[20,81]],[[26454,31255],[0,-119],[21,-123],[37,-103]],[[26512,30910],[7,-157]],[[26435,30841],[0,158],[-17,4],[-7,177]],[[26408,28917],[-9,0]],[[17179,52571],[157,-4]],[[17336,52567],[20,-193],[14,-68]],[[17400,51205],[-13,-239],[-14,-115]],[[17041,52314],[-1,263]],[[24126,31910],[-58,-77],[4,-108]],[[24317,22152],[41,206],[25,185],[42,21]],[[24534,21947],[-27,-32],[-26,-136],[-1,-107],[10,-78]],[[24490,21594],[-25,-21],[2,97],[-10,64],[-29,-80],[-16,112],[-10,192],[-20,-12],[1,204],[-32,27],[-34,-25]],[[23866,30765],[0,-163],[10,-326],[19,-228]],[[23872,30047],[-41,15],[-41,79],[-20,3]],[[23440,35739],[2,-112],[0,-503]],[[23442,35124],[-1,-301]],[[23351,34824],[0,163],[-29,0]],[[22914,26525],[49,-485]],[[22808,25911],[-14,80],[-1,100],[-31,166],[11,49],[-25,192],[4,213]],[[24795,39480],[-36,-1],[-1,-141]],[[24758,39338],[-48,83]],[[23216,34661],[1,326]],[[23320,34010],[-32,30],[-18,133],[-40,0]],[[23229,33600],[32,1],[13,-147],[67,83],[27,-17]],[[23407,33193],[-2,-211],[23,-125]],[[26303,51246],[0,932]],[[26303,52178],[4,-40],[71,-213],[37,22],[35,-69]],[[26438,51076],[-33,0]],[[23589,33193],[10,-393]],[[23599,32800],[1,-77]],[[23600,32723],[-17,-103],[-28,-8],[-21,-62],[-15,103],[-25,-50]],[[15361,50789],[78,-1]],[[15439,50788],[0,-572],[34,-33]],[[15473,50183],[1,-539],[-34,-1],[1,-135],[-16,-144]],[[15425,49364],[-95,-13]],[[15330,49351],[9,260],[7,455],[-2,323],[9,130],[8,270]],[[23578,26338],[139,14]],[[23754,26095],[16,-132],[5,-164],[-8,-186]],[[23767,25613],[-17,47],[-25,-79]],[[23725,25581],[-30,96],[-85,62]],[[23610,25739],[-7,272],[-8,84]],[[25051,50759],[68,0]],[[25256,50434],[67,-5],[2,-324]],[[25325,50105],[-1,-177]],[[25051,50109],[0,650]],[[17396,52568],[-1,452],[-3,164],[63,0],[33,33],[0,232]],[[17301,53589],[90,3],[27,161],[46,-1]],[[17336,52567],[-12,193],[10,135],[-17,228],[-20,99],[4,150]],[[15511,51515],[92,0],[29,-53],[17,-108],[29,-56]],[[15683,51190],[-42,3],[-9,-203],[10,-67],[-20,-78]],[[15622,50845],[-183,2]],[[15439,50847],[-17,1],[0,261],[90,0],[-1,406]],[[12489,76822],[-7,-72],[22,-117],[116,-246],[38,-219],[92,-340],[-24,-80],[29,-189],[50,-255]],[[12687,74761],[-9,-42]],[[12661,74639],[-43,263],[-56,237],[-10,224],[-49,17],[-103,105],[-40,281],[-5,177],[-41,225],[6,128],[-6,191],[-24,-1],[-35,119],[-6,234]],[[12377,75439],[4,-114],[39,63],[53,-87],[53,21]],[[99918,63767],[50,75],[31,-98],[-9,-110],[-35,-75],[-26,47],[-11,161]],[[99679,63120],[78,-41],[48,-218],[32,-67],[11,-92],[43,-17],[-5,-61],[-30,-27],[-56,182],[-30,163],[-30,69],[-39,27],[-22,82]],[[99629,63758],[40,-61],[-24,-86],[-16,147]],[[99283,63605],[39,125],[43,56],[18,241],[31,-56],[-38,-212],[6,-117],[-42,27],[-32,-159],[-25,95]],[[98211,64558],[25,92],[23,-9],[26,106],[24,-55],[5,-226],[-21,-1],[-17,84],[-35,-31],[-30,40]],[[97962,65533],[46,139],[33,18],[101,-33],[29,-101],[23,-23],[35,-153],[-33,-41],[-21,61],[-17,-114],[-47,4],[-26,-66],[-39,116],[-3,100],[-32,90],[-35,-38],[-14,41]],[[3144,66260],[44,135],[20,-5],[46,108],[29,-34],[46,186],[24,-17],[-16,170],[27,26],[2,148],[16,37],[46,-20],[13,50],[-53,76],[-13,-34],[-33,130],[0,75],[31,147],[42,81],[66,48],[12,-57],[-13,-112],[24,-85],[33,58],[1,86],[44,50],[19,-91],[-7,-98],[-23,-22],[-24,-113],[-4,-88],[58,103],[26,71],[2,-146],[-48,-174],[-75,-113],[-8,-174],[-21,-81],[-22,36],[-3,-123],[-108,-27],[-44,-116],[-42,-81],[-12,-97],[-29,37],[-15,-71],[-43,63],[-15,58]],[[2809,65414],[27,42],[0,95],[27,59],[0,90],[21,54],[-4,118],[10,139],[46,170],[17,-41],[54,20],[-18,278],[19,122],[39,109],[55,59],[28,-85],[33,-36],[-20,-118],[4,-97],[-55,-153],[-64,-115],[-21,-164],[-43,-224],[-25,-16],[-28,-113],[-98,-238],[-4,45]],[[2604,72438],[79,-14],[-21,-138],[-58,152]],[[2545,65383],[40,22],[24,67],[30,-56],[-11,-132],[-37,44],[-35,-52],[-11,107]],[[2494,65151],[4,116],[31,-21],[-5,-100],[-30,5]],[[2428,73469],[9,69],[64,44],[-3,-91],[-37,-49],[-33,27]],[[2314,64921],[29,150],[26,33],[20,-43],[-11,-137],[-20,4],[-32,-119],[-12,112]],[[1816,64358],[14,94],[34,79],[34,-47],[7,-68],[-32,-99],[-54,-45],[-3,86]],[[1418,64047],[35,1],[33,-50],[50,86],[74,-105],[65,25],[-8,-94],[-44,-1],[-23,-57],[-43,2],[-18,41],[-80,-4],[-41,156]],[[1062,63849],[81,92],[105,60],[25,57],[4,78],[41,6],[30,58],[12,112],[-31,11],[12,183],[39,74],[32,-51],[23,-178],[-21,-131],[-32,16],[10,-202],[-38,-68],[-16,48],[-22,-162],[-26,38],[-64,-77],[-13,46],[-51,9],[-13,-56],[-55,-2],[-32,39]],[[887,63767],[39,21],[8,-103],[-47,82]],[[818,63946],[14,73],[26,-15],[23,-129],[-19,-61],[14,-90],[-13,-55],[-36,33],[-9,244]],[[808,63473],[5,91],[39,-30],[24,101],[11,-82],[-39,-144],[-40,64]],[[598,63105],[2,53],[31,139],[-9,150],[32,10],[8,95],[-14,110],[10,73],[33,-25],[29,71],[2,-118],[-20,-46],[12,-113],[79,56],[7,-102],[-7,-142],[-60,-23],[-35,-135],[-23,48],[-10,-90],[-31,93],[-19,-172],[-17,68]],[[399,63251],[18,54],[24,-28],[76,118],[19,53],[4,210],[28,21],[15,-70],[-26,-157],[4,-159],[-38,-91],[-36,98],[-28,-53],[-60,4]],[[254,63576],[28,73],[48,-8],[43,-229],[-16,-210],[-44,-97],[-25,136],[39,34],[0,109],[-21,1],[-49,148],[-3,43]],[[74,63416],[17,82],[17,-55],[-18,-113],[-16,86]],[[24748,49124],[0,175]],[[24721,31819],[1,-145]],[[24722,31674],[-9,107],[-13,-18],[10,-247],[-34,-52],[28,-90],[-14,-68],[-18,21]],[[24672,31327],[-130,9]],[[24564,48967],[-50,16]],[[22713,26983],[-46,-4],[-46,-156]],[[27186,17097],[-1,-494]],[[27047,16604],[1,199],[-5,152],[-28,-77],[8,-238],[-12,-36]],[[26988,16640],[-29,293]],[[27051,26063],[-12,-101],[-12,1],[0,-565]],[[26919,25846],[1,238],[24,0],[0,239]],[[25845,27796],[103,3]],[[25948,27799],[35,-1],[-8,-147],[6,-342]],[[25943,27172],[-47,30],[-19,123],[-18,-109],[-24,-63]],[[25835,27153],[0,557]],[[25932,44645],[76,-3]],[[26046,44039],[-113,-2]],[[25933,44118],[-1,527]],[[15841,46957],[0,133],[52,16],[15,258],[19,89],[-10,155],[-24,158],[-10,21]],[[15883,47787],[0,219],[36,109]],[[15919,48115],[186,2]],[[16105,48117],[0,-486],[-4,0],[0,-1142],[130,-4],[1,-1404]],[[16232,45081],[-159,6]],[[10357,79740],[48,2],[0,-164],[161,0],[0,-82],[59,0]],[[10625,79496],[0,-159],[134,-162],[18,165],[133,-236],[80,287],[172,32],[1,-62],[-35,-432],[40,-175],[96,-165],[23,-258],[284,-982],[30,-483],[-7,-147]],[[11478,76536],[2,111],[-37,166],[-62,181],[-97,143],[-79,221],[-139,246],[-121,293],[36,191],[39,8],[1,246],[-15,187],[30,123],[11,102],[-20,88],[-15,-174],[-24,-34],[-22,-195],[-107,-160],[-40,-90],[-95,35],[-68,57],[-148,253],[1,73],[33,40],[11,114],[-32,210],[-49,80],[51,-242],[-63,-117],[-39,0],[-49,90],[-61,38],[-114,101],[-103,12],[-45,-41],[-96,-31],[-79,-45],[-54,-77]],[[17071,39619],[25,37]],[[17096,39656],[124,131],[204,-4]],[[17617,39784],[253,-907]],[[17120,38497],[-141,832],[0,152],[92,138]],[[28275,36795],[-56,-273]],[[28219,36522],[-3,72],[-37,77],[-28,-107],[-9,26]],[[16074,43565],[32,1]],[[16106,43566],[0,-466],[3,-86],[-2,-829]],[[15623,41888],[18,246],[28,56],[37,199],[20,42],[-8,219],[15,150],[1,98],[18,137],[-2,108],[22,106],[4,138],[16,16],[3,115],[-14,46]],[[27251,32304],[80,-26]],[[27369,32141],[1,-132],[9,-103],[-8,-243]],[[23353,58185],[46,0],[0,721],[27,-58],[28,31],[37,-141],[14,-325],[7,-39],[18,-404],[-2,-198],[29,-113],[44,-31]],[[23601,57628],[0,-624]],[[23601,57004],[-218,-3],[0,325],[-36,1]],[[8954,85269],[-286,0],[0,-270],[-408,0],[-321,-469],[-331,-512],[-17,-155],[-309,0]],[[9095,84692],[0,-395],[16,-189],[0,-648],[3,-486],[-154,0],[5,-163],[0,-648],[5,0],[0,-648],[-74,0],[0,-83],[-149,0]],[[8547,81432],[-200,0],[-20,108],[-50,-30]],[[8277,81510],[-51,47],[-74,-204],[-11,-226],[-19,-48],[-61,41],[-73,-28],[-50,97],[-18,-85],[-73,-111]],[[7847,80993],[0,115],[-100,0],[0,324],[-223,0],[-242,0]],[[24823,52541],[32,0],[0,595]],[[25116,52757],[17,-44]],[[25133,52713],[-1,-171],[-31,0],[0,-163]],[[29280,42643],[-11,-73]],[[29269,42570],[-21,-13]],[[29248,42557],[7,56]],[[29255,42613],[5,122],[-8,88]],[[28928,39380],[2,-62],[31,-198],[31,-65],[9,-601]],[[26990,32874],[1,-140]],[[17513,48474],[85,-404]],[[17517,47173],[-33,152],[2,71],[-13,116],[-24,-5]],[[17449,47507],[-1,316],[11,1],[0,325],[-11,1],[0,323]],[[19527,40716],[44,-19],[95,0],[0,70],[171,13],[0,244],[141,6],[0,168],[32,-6],[0,329],[78,2]],[[20088,41523],[1,-323]],[[27497,18644],[17,-226],[18,-342]],[[28405,32781],[64,-220],[17,-88]],[[28469,32088],[-5,-80],[23,-89],[36,-70],[22,80]],[[28435,31645],[-8,37],[2,348],[-24,120],[-80,277]],[[23056,29001],[-125,15]],[[22901,29036],[-1,997]],[[24474,23860],[12,104],[113,27]],[[24599,23991],[-18,-131]],[[24581,23860],[-20,-119],[5,-152],[-4,-154],[25,-144]],[[24587,23291],[-23,3],[-13,-47]],[[24551,23247],[-34,3]],[[25835,27153],[-24,-122]],[[21998,58186],[183,0]],[[20116,52332],[-32,0],[0,81],[-34,0],[0,81],[-70,0],[0,162],[-24,0]],[[19956,52656],[13,252],[-18,135],[-23,109],[0,81],[-23,108],[-12,135]],[[19603,52823],[104,1],[0,193],[24,52],[81,0],[0,82],[28,164],[41,-1],[0,189]],[[19956,52656],[-45,1],[0,-108],[-35,-1],[-23,-161],[-46,0],[-6,-219],[0,-493],[-35,0],[-34,-55],[0,-54],[-92,7]],[[19640,51573],[-15,109],[-28,55],[-12,111]],[[19585,51848],[-17,132],[1,519],[-7,324]],[[22880,45750],[0,767]],[[22961,45613],[-27,-26]],[[24403,53989],[51,71],[39,131],[33,-15],[38,160],[33,39],[28,-120],[-12,-140],[-24,-125],[9,-106],[-17,-68],[-4,-146]],[[24577,53670],[1,-806]],[[24403,52869],[0,1120]],[[27399,28588],[2,7]],[[27523,27322],[-17,-55],[-17,28]],[[27391,27704],[-20,240],[-25,128],[-26,235]],[[27550,27382],[-25,-65]],[[27621,43544],[85,1]],[[27708,43539],[-1,-935]],[[27580,42612],[-3,339]],[[23854,50340],[54,-26]],[[23853,49851],[-107,-1]],[[27477,42546],[0,398]],[[27521,42245],[-44,-1]],[[27477,42244],[0,302]],[[27688,45598],[32,85],[60,211],[22,113],[60,151]],[[27883,45091],[-153,0]],[[27730,45091],[-42,-1],[0,508]],[[23298,37682],[2,658]],[[25356,43218],[168,23]],[[25524,42270],[-114,-10]],[[26216,25483],[-13,-288],[1,-102]],[[26112,25105],[0,570]],[[27477,43036],[-158,2]],[[23779,43525],[65,-1]],[[23442,35124],[107,-6]],[[23549,34803],[15,-631]],[[28932,46485],[-10,-131],[1,-180],[-10,-46],[-9,-174],[6,-83],[-11,-191]],[[23270,24386],[51,239]],[[23351,24253],[-9,-664]],[[23211,23824],[-9,438]],[[28673,35440],[14,167]],[[28687,35607],[22,-38],[28,25],[13,-301],[23,-394]],[[28773,34899],[-71,0]],[[31459,376],[17,-84]],[[31461,40],[-33,114]],[[26632,45907],[130,22]],[[26762,45929],[60,7]],[[26822,45936],[-17,-187],[-37,-62],[-18,-147],[-1,-276],[-16,-115]],[[26733,45149],[-30,120],[-68,-16]],[[26635,45253],[-3,654]],[[28235,36100],[14,0],[27,136]],[[28276,36236],[25,-74],[32,-5]],[[28285,35511],[-11,31]],[[28274,35542],[-25,121],[-26,69],[-14,-13]],[[21655,40544],[7,0]],[[25972,26900],[-22,-45],[1,-373]],[[25951,26482],[0,-156],[-55,-2]],[[25896,26324],[-31,-3],[0,162],[-29,-2]],[[27277,41104],[-22,3],[-1,-303],[11,0],[-1,-190]],[[27264,40614],[-53,-42],[-32,7]],[[27148,40894],[1,163]],[[23688,23097],[60,2]],[[23748,23099],[55,3]],[[23798,22744],[-18,-116],[-19,-235]],[[16106,43566],[153,0],[218,0]],[[16477,43566],[1,-1279],[-2,-1455]],[[26605,40927],[-1,-105]],[[26513,40546],[-38,17]],[[26475,40563],[6,486],[11,23]],[[27477,44811],[252,2]],[[27729,44813],[0,-424]],[[27729,44389],[-60,-3],[0,-38],[-48,-209]],[[27477,44156],[0,655]],[[25324,43599],[65,8],[0,162],[135,11]],[[25545,37500],[20,-10],[22,-69]],[[25587,37421],[-5,-291],[-19,-25],[-6,-87]],[[25413,37426],[9,49],[18,-96],[36,39]],[[17551,50906],[15,-82],[-12,-118],[-18,-255],[-2,-182],[13,-119],[-7,-224],[7,-159]],[[17508,49666],[-30,-1],[-34,88],[0,232],[-21,0],[-6,89],[0,329],[-77,5]],[[25597,29217],[17,123],[31,92],[15,111],[5,160],[19,79]],[[25653,28719],[-47,223],[-4,83],[-19,58],[14,134]],[[22842,23501],[53,187]],[[22895,23688],[12,-34],[15,-197],[27,-129],[4,-67],[32,-60]],[[22985,23201],[-43,-255]],[[22933,31074],[87,-1]],[[23020,31073],[0,-160],[30,-3]],[[27777,35844],[51,561]],[[27894,36543],[26,-282],[29,-137]],[[27949,36124],[-22,-343]],[[27927,35781],[-27,17],[-26,57]],[[23236,25459],[25,70],[105,96]],[[23441,25312],[13,-72]],[[23345,32108],[0,-55],[-44,0],[-2,-652]],[[23138,31401],[0,162]],[[26790,46765],[68,7],[3,-359],[6,-42]],[[26867,46371],[-25,-55],[-21,-244],[1,-136]],[[26762,45929],[-5,826]],[[26403,50433],[135,3]],[[26539,49786],[-135,-3]],[[26143,43716],[-9,-159],[1,-325]],[[26038,43310],[-1,246],[9,0],[1,218]],[[24525,42654],[-20,-109]],[[24505,42545],[-46,-53],[-16,-125],[11,-57],[-2,-225],[-12,-26]],[[24440,42059],[-18,11],[-65,401]],[[28623,36488],[-11,-63],[18,-152],[-33,-82]],[[28597,36191],[-29,136],[-16,124]],[[28537,36546],[19,94],[-7,88],[5,140]],[[24537,43846],[6,145],[33,19],[20,59],[20,0]],[[24616,44069],[36,18],[17,91],[38,23],[33,121],[7,264]],[[24747,44586],[21,101]],[[24768,44687],[2,-199],[20,-61],[-6,-111]],[[26280,40840],[1,356]],[[26372,41199],[1,-613]],[[26373,40586],[0,-41],[-93,-2]],[[26636,30064],[49,139]],[[26714,30126],[-5,-105],[9,-72],[-9,-106]],[[26709,29843],[-41,148],[-24,8],[-8,65]],[[19922,38175],[13,-98],[5,-191]],[[19940,37545],[-19,-83],[-28,-29]],[[25045,36367],[56,-11]],[[24610,34369],[0,-220]],[[24610,34149],[-87,8],[-11,95],[-28,99]],[[24484,34351],[-4,219],[-21,86],[-16,143]],[[23960,52071],[0,-322],[33,-2],[1,-272]],[[23857,51480],[0,270]],[[23857,51750],[-1,328]],[[23386,24188],[20,-80],[-5,-121],[9,-99],[16,30],[26,-194],[37,-86],[-5,-69]],[[23006,23947],[-16,65]],[[22990,24012],[-5,164],[-32,204],[-4,186],[-17,147]],[[28043,38399],[9,101]],[[28099,39031],[-9,-40],[-6,-207]],[[27107,40323],[-2,-233],[10,-99],[27,-6],[-1,-100]],[[27141,39885],[-9,-66]],[[27132,39819],[-143,43]],[[24588,22468],[28,4],[36,-34]],[[24652,22438],[36,-8]],[[24810,21082],[-37,-148],[-23,339],[-20,42],[-6,-51]],[[24724,21264],[4,195],[-43,261],[-10,100],[-53,257],[-11,146],[-24,-108],[-32,-3]],[[26202,51391],[17,-11],[33,60],[-2,54],[-33,27],[-13,76],[-9,172],[12,113],[17,41],[29,185],[31,-6],[19,76]],[[31219,478],[10,46]],[[31213,303],[2,94]],[[28166,34887],[41,1]],[[28207,34812],[-4,-228],[-8,-157],[-18,-179]],[[28093,34367],[8,75],[-13,444]],[[31614,878],[14,7],[-3,-154]],[[17788,49469],[-27,-130],[-36,-65],[-163,2],[-2,-165],[-28,6]],[[27927,35781],[9,-67],[34,1],[7,-152],[16,-111],[5,-277]],[[19964,36936],[-136,0]],[[19828,36936],[1,107],[26,79],[4,68]],[[22045,21941],[-9,134],[9,186],[-5,101],[8,90],[4,242],[6,105],[59,-15]],[[16296,31951],[4,279],[-18,89],[-24,12],[-31,131],[8,148],[0,143],[-11,85],[-27,22],[-27,165],[-18,162],[-33,72],[-17,227]],[[24427,32166],[12,168],[12,82],[-14,131],[1,126],[22,147]],[[24460,32820],[26,12],[1,-165],[59,-6]],[[24454,31835],[1,259],[-27,2],[-1,70]],[[27129,24833],[23,-88],[31,-47],[36,-151]],[[27219,24547],[11,-110],[0,-93],[-12,-183],[1,-188]],[[27477,41650],[0,449]],[[27477,42099],[0,145]],[[27657,41721],[-2,-132]],[[27622,41320],[-37,10],[-12,36],[-54,-20],[-42,-65]],[[27037,39403],[17,126],[29,-71],[9,-94],[-2,-110]],[[27090,39254],[32,-270],[5,-100]],[[27127,38884],[-51,-45],[-30,-91],[3,-250]],[[27049,38498],[-46,219]],[[26520,32860],[62,-25],[41,-69],[-10,-121],[-18,-40],[1,-84]],[[26499,32545],[2,210],[17,111]],[[25472,28270],[82,-6]],[[25525,27288],[-57,-2],[0,82],[-23,0]],[[31335,484],[6,11]],[[31371,152],[-44,4]],[[19405,58188],[137,-3],[212,1]],[[19754,58186],[-6,-161],[0,-320],[-17,0],[0,-325],[-11,-242],[-14,11],[0,-422],[-7,0],[0,-454],[-48,27],[-5,-132],[-73,4],[-1,-352]],[[19572,55820],[-31,128],[-37,-41],[-39,23],[-11,-66],[-31,-71],[-32,35]],[[19393,56568],[4,487],[15,108],[-9,136],[-2,727],[4,162]],[[20922,55063],[105,-1]],[[28266,37625],[12,-32]],[[28423,36912],[-33,-166]],[[26562,26019],[-12,53],[-26,30]],[[23356,29904],[16,47],[6,103],[21,-44]],[[23399,30010],[29,-136],[24,-51],[13,-95],[24,-86],[16,28],[10,-92]],[[23515,29578],[-2,-6],[0,-699]],[[23513,28873],[-18,64]],[[23197,43522],[138,-1]],[[23335,43038],[-120,0]],[[23215,43038],[-18,284]],[[23466,46141],[0,-161],[16,-1],[0,-494]],[[23799,29159],[66,-11]],[[16669,37195],[-76,-407],[0,-123],[-19,-144],[-31,-1],[-81,-438]],[[16462,36082],[-35,149],[-1,54],[-28,248],[2,37],[-31,354]],[[16369,36924],[0,1]],[[16369,36925],[11,170],[89,163],[34,-101],[27,-5],[39,86],[29,188],[17,-60],[21,-5],[33,-166]],[[27381,42473],[54,-32]],[[27435,42441],[19,-187],[-8,-164]],[[27446,42090],[8,-144],[-23,-247]],[[27359,42146],[6,246],[16,81]],[[24709,28874],[0,901]],[[24709,29775],[75,-4],[0,-82],[13,-82]],[[24800,29524],[7,-31],[0,-377],[-20,-79],[0,-156]],[[26710,39510],[1,-743]],[[27358,40616],[-26,-125]],[[27332,40491],[1,60],[-57,13],[-12,50]],[[26923,38379],[45,-196],[22,-144]],[[26979,37505],[-32,-167]],[[27332,40491],[-23,-154]],[[27309,40337],[-70,-216]],[[27239,40121],[-23,125],[-29,-131],[-3,-133],[-30,11],[-13,-108]],[[24585,44665],[61,-31],[58,34],[17,-81],[26,-1]],[[24616,44069],[1,269],[-33,1]],[[3904,80487],[-18,116],[21,61],[-16,245],[-43,42],[-12,-160],[-52,17],[-20,139],[1,208],[-71,106],[-11,157],[42,71],[4,78],[-44,108],[-66,-80],[-10,140],[12,82],[92,76],[-55,107],[-23,132],[38,59],[55,-13],[33,41],[-29,216],[-1,208],[21,124],[100,447],[12,90],[48,178],[23,220],[49,85],[-11,185],[26,303],[19,112],[37,98],[-14,74],[59,213],[78,89],[29,3],[43,-73],[42,-16],[32,-135],[84,-194],[77,46],[54,172],[7,96],[44,46],[19,79]],[[24682,53668],[37,-34]],[[24751,52540],[0,323],[-35,0],[1,162],[-36,1],[1,642]],[[25985,31977],[75,-7]],[[25859,31249],[-9,62],[5,232],[-3,219],[18,157],[-7,63]],[[24969,36807],[19,55],[83,0]],[[26146,35040],[22,427]],[[26235,35021],[-84,20]],[[26151,35041],[-5,-1]],[[23767,25613],[24,-220],[13,-58],[10,-146],[-6,-93],[19,-73],[5,-177]],[[23832,24846],[-86,-34]],[[23746,24812],[-36,-45]],[[23710,24767],[2,198],[-4,105],[6,141],[-5,78],[16,101],[0,191]],[[22443,15640],[-23,-35],[-24,166],[-19,85],[-19,-24],[-21,76],[-40,52],[5,95],[-22,177]],[[27125,26673],[18,-119]],[[24768,44687],[15,38],[10,235]],[[24793,44960],[130,2]],[[26360,28202],[10,43],[62,-5]],[[26427,27785],[-29,74],[-32,177]],[[26366,28036],[-6,166]],[[21320,29801],[0,912]],[[23679,51750],[2,-123],[26,-131]],[[23707,51496],[-12,-150],[-19,-78],[-28,-32]],[[23405,51476],[-2,648]],[[19539,53979],[105,-2]],[[19644,53977],[224,12]],[[26563,29997],[11,-66],[31,21]],[[26605,29952],[40,-165]],[[26512,29728],[51,269]],[[29217,43030],[40,-145]],[[29255,42613],[-24,61],[-41,61]],[[29190,42735],[10,147],[0,164],[17,-16]],[[27073,36746],[11,-48]],[[27023,35818],[3,36],[-28,282],[-4,115],[-17,43]],[[27813,38381],[-25,-222],[1,-61],[-32,-150]],[[27757,37948],[-54,76],[-25,85]],[[27504,40830],[141,-1]],[[27687,40829],[-8,-192],[-30,-255],[2,-86]],[[25731,31983],[130,-1]],[[25730,31158],[1,825]],[[25756,41686],[0,-479]],[[26632,41781],[-65,29],[0,28],[-64,25]],[[24247,39601],[-16,-314],[8,-95],[-7,-151],[-14,-94],[-2,-134]],[[27465,31657],[-66,4],[4,217],[-16,123]],[[15659,41311],[-170,-2],[0,46]],[[15489,41355],[0,1368],[-4,180],[-15,172],[15,54],[22,-66],[15,160],[-10,142],[15,194]],[[25134,42761],[-17,-2],[1,-164],[-41,-127],[-38,-5]],[[25039,42463],[-16,40],[-1,248],[-62,-1]],[[26512,30910],[26,78],[13,85]],[[26551,31073],[49,-3]],[[26613,30681],[-55,-315]],[[26558,30366],[-14,-54],[-54,131]],[[18967,52936],[-79,-10],[-1,-121],[-21,-114],[2,-121],[-22,-117],[-26,-52],[-20,-137]],[[26930,26329],[-17,-19]],[[26913,26310],[-15,103],[-8,222],[-3,255],[-5,53]],[[26882,26943],[1,26],[67,79]],[[24652,30105],[58,-4]],[[24710,30101],[-1,-326]],[[25025,28129],[0,332]],[[23897,42068],[0,-218]],[[26852,41587],[-6,-348]],[[26835,40968],[-117,33]],[[26718,41001],[-4,441],[14,111]],[[23413,40479],[140,-6]],[[23553,40334],[0,-555]],[[23553,39779],[-37,18],[-23,73]],[[23493,39870],[-8,113],[-15,59],[-6,158],[-13,65]],[[23451,40265],[-38,214]],[[15783,57524],[212,-4],[229,-5],[43,30]],[[16267,57545],[-10,-59],[24,-175]],[[16281,57311],[-18,-43],[-25,73],[-26,-90],[-24,-8],[-2,-246],[-8,-86],[20,-41]],[[16198,56870],[-239,3],[-145,0]],[[15814,56873],[-36,126],[-21,120],[-20,-34],[-3,126],[14,81],[37,-54],[1,125],[15,75],[-18,86]],[[29495,46858],[6,694]],[[29501,47552],[107,-26]],[[29591,46475],[-26,4]],[[24793,44960],[-1,195]],[[24792,45155],[-2,156],[-43,144]],[[24416,41725],[165,-12]],[[24580,41061],[0,-164],[-125,3]],[[26405,40584],[70,-21]],[[26505,39958],[-70,30]],[[26435,39988],[-26,40]],[[26409,40028],[6,480],[-10,76]],[[27601,15763],[-10,-437],[-2,-209]],[[27589,15117],[-50,-35],[-107,0],[0,41],[-54,1]],[[27378,15124],[-2,524]],[[27376,15648],[0,139]],[[26884,26235],[29,75]],[[27185,16603],[173,-1],[17,355]],[[27376,15648],[-108,-12],[-1,494],[-81,-7]],[[29758,48086],[34,-28],[40,-77],[36,-28]],[[29848,47315],[-8,-111]],[[29840,47204],[-39,6],[6,94],[-62,-46],[-21,7]],[[21189,35740],[24,0]],[[20932,34277],[0,1456]],[[27010,41799],[2,-135]],[[27012,41664],[-3,-406],[-10,-69]],[[28473,36178],[10,-59],[29,-8],[16,-90],[21,-16]],[[22800,20520],[28,-19],[13,-145],[-7,-310],[6,-107]],[[28228,33093],[-1,-301],[6,-104]],[[28093,32536],[5,52],[36,60],[1,132],[26,313]],[[20378,26391],[1,-980],[10,-103],[-11,-68]],[[20378,25240],[-23,22],[-35,126],[-11,140],[-38,357],[-41,96]],[[20230,25981],[-14,51],[-18,158],[7,198],[67,1]],[[26279,40052],[52,12],[78,-36]],[[26435,39988],[-17,-86],[6,-95],[-6,-285]],[[28227,40405],[-6,-89],[-33,-149],[-19,-191]],[[29696,50720],[68,-8],[114,8]],[[29867,50273],[-20,-132],[-29,96],[-41,-388],[-31,78]],[[15806,56788],[3,-44]],[[15809,56744],[-39,-84],[2,124],[34,4]],[[15705,56742],[27,238],[2,87],[42,-151],[-29,-49],[-14,-101],[17,-60],[14,-166],[6,-194],[25,72],[20,-37],[7,-152],[-23,-72],[-11,138],[-14,-29],[-24,108],[0,226],[-20,7],[-25,135]],[[27003,29541],[-25,26],[-32,-93]],[[26931,29454],[-32,353],[-15,291]],[[26443,39158],[-1,89]],[[27158,25524],[27,70],[21,231]],[[27289,25579],[4,-96],[-28,-280],[3,-136]],[[27268,25067],[-28,45],[-19,-10],[-32,121],[-20,140]],[[27169,25363],[-11,161]],[[26267,28615],[2,60],[98,-4]],[[26367,28671],[2,-70]],[[26369,28601],[-9,-161],[0,-238]],[[26366,28036],[-19,-68],[-35,-1]],[[26312,27967],[-14,46],[-31,6]],[[26267,28019],[0,596]],[[23115,21960],[24,-60]],[[23206,21266],[-7,-62]],[[23199,21204],[-26,-155],[-96,-343]],[[22049,33157],[0,-368]],[[21899,32341],[0,816]],[[24866,54007],[28,99],[32,28],[15,-27],[51,39],[52,119],[30,152],[47,33],[11,56]],[[25116,53360],[0,-163]],[[24209,31051],[11,-1]],[[24220,31050],[-1,-491],[-6,1],[0,-316]],[[24184,30239],[-19,105],[-25,54],[-51,10]],[[24598,33809],[12,340]],[[25987,53519],[0,-486]],[[25987,53033],[0,-517]],[[25987,52516],[-17,-68],[-35,56],[-40,2],[-36,-107],[-11,-217],[-26,-59]],[[25822,52123],[0,258],[-9,0],[0,490],[-35,1]],[[27216,32784],[139,-37]],[[27729,44389],[28,1]],[[26045,26163],[-37,0],[0,162],[-26,0],[-3,150],[-28,7]],[[19572,55820],[61,-215],[82,-79],[18,12]],[[19733,55538],[-1,-503],[-77,-16],[0,-68],[-35,0],[-5,-321],[35,-1],[0,-489],[-6,-163]],[[19334,53874],[-3,161],[-12,40],[0,122],[12,54],[0,542],[-32,-1],[-1,82],[-35,0],[0,81],[-36,-1],[0,163],[-24,0],[0,108]],[[19754,58186],[295,1]],[[20049,58187],[-8,-163],[0,-645],[-26,-163],[11,-162],[0,-167],[-30,0],[-10,-162],[-3,-985]],[[19845,55289],[3,111],[-8,108],[-38,57],[-69,-27]],[[25611,33590],[-5,-236],[-29,-123]],[[25441,46668],[16,-107],[-10,-219]],[[25307,46235],[0,433]],[[29585,49136],[25,384],[16,159]],[[29729,49781],[59,-152],[-26,-236],[-14,-178]],[[29748,49215],[-14,32],[-7,-172],[-40,59],[-27,-276],[-16,31]],[[22520,46744],[44,-82]],[[22750,46683],[0,-770]],[[22750,45913],[-98,-2]],[[23064,45610],[0,-115]],[[23087,45181],[-10,-60],[-68,1]],[[26206,27524],[48,-1],[1,-45],[58,1]],[[26313,27479],[0,-122]],[[26313,27357],[-8,-21],[-12,-163],[-32,-18],[-27,-54]],[[26227,27341],[-21,183]],[[26605,29952],[31,112]],[[26709,29843],[-9,-68],[7,-93]],[[26505,27363],[1,15]],[[26550,27263],[-24,70],[-24,1]],[[26373,40586],[32,-2]],[[26369,28601],[12,47],[24,-36],[33,-1]],[[27145,42184],[-1,-139],[27,-6],[-2,-274]],[[27143,41636],[-131,28]],[[26672,28067],[14,52]],[[26765,28157],[12,-161],[12,-14],[11,-175]],[[26020,25672],[-12,0]],[[25909,25672],[-1,324],[-9,77],[2,184],[-5,67]],[[27729,44813],[1,278]],[[28458,38130],[10,-119],[34,-95],[63,-28],[3,-72],[23,-141]],[[28559,37548],[-36,65],[-31,230],[-17,-89]],[[28440,37913],[5,185],[13,32]],[[29165,42611],[25,124]],[[29248,42557],[-11,-96]],[[29237,42461],[-28,29],[-45,-18]],[[29164,42472],[15,85],[-14,54]],[[27367,35877],[6,-86],[42,-278]],[[22753,55703],[0,-650],[6,-160]],[[18915,40798],[17,-158],[15,-11],[16,-269],[293,-1]],[[18899,38565],[2,303],[0,673]],[[22389,22122],[37,47]],[[18135,41176],[128,-1],[220,-4],[127,2],[23,71],[23,129]],[[18701,40069],[-48,28],[-1,300],[-5,120],[-217,-3],[-230,1],[-65,-19]],[[18135,40496],[0,680]],[[18562,38682],[19,203],[38,-10],[26,96],[-2,257],[15,26],[10,151],[19,0],[15,161]],[[18561,38565],[1,117]],[[29748,49215],[17,-39],[38,17],[36,-62]],[[29839,49131],[3,-110],[-24,-197],[-1,-142],[-19,-117],[-5,-159]],[[25683,51363],[4,118],[33,-17],[-21,-156],[-16,55]],[[25567,50098],[-101,2]],[[25466,50100],[4,89],[31,213],[37,47],[20,77],[13,155],[26,176],[8,160],[33,45],[3,123],[21,-65],[-4,-249],[-40,-225],[-4,-174],[-28,-133],[-19,-241]],[[16676,40645],[27,54]],[[16703,40699],[31,134],[-4,-382],[-8,1],[1,-244],[15,-55],[86,-461],[0,-71]],[[16824,39621],[-46,1],[-27,-246],[0,-172],[32,0],[-2,-817],[-69,-3]],[[16712,38384],[-49,229]],[[16663,38613],[0,211],[-5,163],[-16,-5],[-4,169],[0,245],[5,54],[26,14],[0,175],[-67,3]],[[16602,39642],[-3,203],[-24,1],[-18,104]],[[17251,49398],[14,-80],[19,40],[13,-92],[44,-147]],[[17341,49119],[-22,-125],[12,-120],[-13,-264]],[[17318,48610],[-11,-40],[-2,-333]],[[17305,48237],[0,-1227],[0,-748],[0,-1169]],[[27234,44288],[26,0],[1,133],[54,1],[-1,136],[28,1]],[[27342,44559],[0,-399]],[[24073,22715],[33,2],[0,-846]],[[24106,21871],[-35,68],[-57,162],[-64,115],[-47,-15],[-36,13],[-74,-62],[-27,-85]],[[28588,38945],[5,-183],[-1,-162],[7,-87],[29,-177],[-9,-122],[-14,2]],[[28548,38613],[1,152],[-9,175],[5,70]],[[23072,43958],[109,-5]],[[23181,43953],[7,-286],[-3,-87]],[[23072,43578],[-6,140],[-34,240]],[[24220,31050],[50,-6]],[[24270,31044],[90,-13]],[[27609,33889],[3,461]],[[23073,20168],[1,-61],[-16,-472]],[[23058,19635],[-18,-137],[-53,-177],[-61,-305]],[[22934,19165],[9,93],[16,3],[38,192],[44,93],[-4,141],[-35,-122],[-11,-64],[-18,-9],[-6,161],[-17,19]],[[22915,19853],[-4,120],[15,119],[36,65],[22,79]],[[22941,19414],[-3,-104]],[[21990,19272],[-23,164],[2,61],[-17,160],[3,52],[-21,228],[4,61],[-28,144],[-2,148],[-18,160],[-9,141],[-13,78],[-5,263]],[[16801,58188],[178,0]],[[16797,56238],[1,10],[1,969],[-7,1],[0,321],[9,1],[0,648]],[[27221,26838],[13,-272]],[[27234,26566],[24,-178],[13,-178],[19,18],[14,-111],[-11,-74],[7,-169]],[[27300,25874],[-13,0]],[[26192,27793],[14,-269]],[[26034,27501],[0,190],[29,58]],[[21838,41356],[5,0]],[[21843,41356],[0,-813]],[[24585,45645],[65,-1],[0,164],[53,-2]],[[24792,45155],[-207,0]],[[21479,38101],[1,-980]],[[21480,36945],[-196,-1]],[[27446,42090],[31,9]],[[18425,47496],[17,0],[3,308],[33,0],[0,162],[33,8],[0,155]],[[18688,47005],[-171,0],[-20,-132]],[[23153,40540],[1,-654]],[[23154,39886],[-1,-168]],[[23153,39718],[-13,125],[-26,-7],[-16,42],[-27,-100],[-16,26]],[[27378,34311],[34,51],[29,-14],[28,55],[26,-82]],[[27495,34321],[2,-203],[-17,-47],[3,-115]],[[27428,33965],[-52,8]],[[23317,27051],[-8,-376],[5,-35]],[[23323,26545],[-174,-147]],[[23149,26398],[-1,12]],[[23148,26410],[-4,120],[-13,34],[1,123],[-15,-4],[-19,173],[-41,146]],[[28244,34889],[31,315],[-1,338]],[[22272,57010],[0,-403],[36,-89],[19,-102],[3,-117],[50,130],[17,-145],[22,33],[13,-157],[28,-2]],[[24724,21264],[-9,160],[-13,-103],[-14,23],[-54,-315],[-21,-75],[-17,-2],[-29,161],[-37,13],[-9,53],[-42,59],[-16,96],[27,97],[19,-158],[14,-28],[-3,168],[-17,56],[-13,125]],[[26007,29298],[14,-1],[5,108],[20,25],[5,274],[14,54],[-4,164],[19,-2],[1,98]],[[26081,30018],[36,43]],[[26134,29479],[9,-319]],[[26143,29160],[-13,18],[-81,7]],[[31177,900],[22,75]],[[23707,38011],[-2,-332]],[[24276,26251],[0,-1126]],[[22179,46960],[-185,1]],[[21994,46961],[-5,243],[0,490]],[[21989,47694],[-4,163],[0,442]],[[23025,26005],[123,405]],[[23149,26398],[22,-350],[-3,-58],[30,-62],[-1,-100],[24,-77],[2,-78]],[[27234,26566],[54,265],[14,-20]],[[27302,26811],[8,-70],[0,-134],[14,-51],[17,20],[32,-126]],[[27373,26450],[14,-42],[-55,-353],[-8,-101],[-24,-80]],[[25903,35616],[-66,-295]],[[27234,27500],[30,-73]],[[27264,27427],[23,-165],[-1,-83],[23,-221],[-7,-147]],[[22195,30288],[-27,-41],[-14,60],[-41,-5],[-63,246]],[[19137,25884],[-3,-220],[1,-525]],[[19135,25139],[-172,-2],[-81,176]],[[18882,25313],[0,178],[57,1],[-1,382],[86,11],[113,-1]],[[20893,41353],[0,979],[158,-1]],[[27077,20700],[-1,-1150]],[[26991,20153],[4,93],[22,139],[-40,316]],[[26977,20701],[100,-1]],[[21313,55987],[-2,145],[23,126],[-12,145],[-61,145]],[[21261,56548],[0,465],[-16,1],[0,324]],[[22750,45913],[32,1],[0,-163]],[[27615,36316],[16,48],[23,-75],[-13,-134],[-29,76]],[[26570,45247],[65,6]],[[26733,45149],[-23,-170],[-15,-27],[-33,-254],[-3,-105]],[[26591,48077],[8,-14],[36,226],[19,41]],[[26654,48330],[2,-118],[97,15]],[[26657,47381],[-65,-3]],[[25904,42404],[-1,649]],[[27191,34089],[-36,9],[-38,-20]],[[28997,40545],[22,-101]],[[29053,40087],[-6,-29],[-9,-245]],[[29038,39813],[-31,67],[-39,-20],[-3,75],[-31,88],[-11,93],[-22,79]],[[28901,40195],[9,137],[38,195],[43,-191],[6,209]],[[19959,39889],[0,-1028]],[[25887,44644],[45,1]],[[25803,44032],[0,162],[11,95],[-11,150],[1,204]],[[23600,32723],[-4,-848]],[[23596,31875],[-2,-384]],[[23594,31491],[-2,-414]],[[23592,31077],[-132,0]],[[23426,31401],[0,326],[17,0],[0,163],[19,0],[0,217]],[[27670,39698],[11,-147],[77,-117],[42,-20]],[[27800,39414],[3,-13]],[[27553,38337],[17,256],[-27,317]],[[27543,38910],[12,92],[31,3],[12,377]],[[25293,36497],[-16,35]],[[26177,28015],[90,4]],[[26312,27967],[2,-29],[-1,-459]],[[23564,24626],[29,-48]],[[23593,24578],[29,12],[32,-49],[-1,-85],[18,-322],[13,-58],[2,-151],[20,-66],[-12,-137],[7,-93]],[[23569,23631],[-32,907],[27,88]],[[27378,14799],[0,325]],[[27589,15117],[-3,-380],[-33,-103],[-26,-407],[4,-190],[-3,-111],[-11,-62]],[[27517,13864],[-12,-130],[-22,-68]],[[27483,13666],[-47,-23],[-23,-75],[-18,72],[-13,-17]],[[27382,13623],[-4,350],[0,826]],[[27546,13951],[5,-18]],[[27551,13933],[-5,18]],[[27674,39912],[35,75],[50,-102],[5,-40]],[[27764,39845],[6,-30],[44,58],[-13,-230],[13,-105],[-14,-124]],[[23622,21828],[-5,-12]],[[23590,21817],[-21,29],[-59,-90],[-4,45],[18,143],[5,240],[-14,72],[-22,-66],[-15,-160],[-17,5]],[[23453,22049],[-5,-8]],[[15845,37723],[40,-46],[38,58],[22,-41],[13,40]],[[15832,37418],[-28,75],[13,132],[19,6],[9,92]],[[15356,41354],[133,1]],[[15658,40974],[0,-94],[13,-73],[2,-241]],[[15691,39201],[-73,4],[-15,-81],[-65,-5],[0,-55],[-46,-16]],[[15492,39048],[-32,144],[-21,134],[8,262],[-6,133],[-16,157],[-13,246],[2,192],[13,199],[-7,246],[-10,72],[-6,204],[-48,317]],[[23130,44500],[-90,1]],[[29896,49484],[-40,-19],[-25,-124],[8,-210]],[[24581,23860],[96,1]],[[24700,23164],[-19,-153],[-22,48]],[[24659,23059],[-17,-86],[-16,124],[-17,64],[-13,127],[-9,3]],[[25987,53866],[78,-29],[29,11],[68,141]],[[26162,53989],[0,-955]],[[26162,53034],[-175,-1]],[[23700,32831],[13,117],[1,125],[-14,2],[0,163],[25,-4],[6,134],[15,52]],[[23802,32700],[-22,37],[-6,-153],[-30,11],[-1,-167],[-30,-29]],[[23713,32399],[-15,1],[2,431]],[[29248,47658],[6,-220]],[[22845,31864],[35,-39],[24,107]],[[22904,31932],[0,-206]],[[23513,28873],[26,-113]],[[23524,28031],[-4,48]],[[17305,48237],[15,-20],[22,-134],[14,-9],[18,-125],[0,-100],[44,-194],[12,-119],[19,-29]],[[17859,45085],[-232,2],[-210,2],[-110,3]],[[26802,37080],[11,-25],[39,99],[34,-67]],[[28226,39729],[23,304],[8,49]],[[28329,39893],[-19,-139],[18,-130],[38,-35]],[[28275,39374],[-86,133]],[[28804,39941],[-28,30],[-36,-30],[-20,-69],[3,-86],[-28,-118]],[[28695,39668],[-24,-16],[-13,102],[30,348],[17,75],[30,7]],[[27416,32945],[-10,311],[18,338]],[[24577,53670],[37,74],[17,119],[51,-195]],[[24616,54048],[47,163],[13,-54],[-60,-109]],[[20324,39586],[6,-121],[16,-96],[23,5],[29,-132],[5,-122],[-17,-212]],[[20386,38908],[12,-26],[13,-140],[-8,-186],[-29,-110]],[[20309,38401],[-30,207],[-8,197],[-13,23],[6,334],[17,145],[-33,6],[-25,165],[-13,-1]],[[23688,39169],[1,157]],[[20642,37452],[10,-64],[102,36],[83,-155]],[[20613,36288],[-3,179],[7,22],[-12,290],[-15,122],[-17,70],[-40,-87],[-12,-63]],[[24656,22957],[3,102]],[[24652,22438],[-3,172],[7,347]],[[24487,26143],[66,-15],[48,-66],[-3,-77],[32,2]],[[24514,25657],[-22,36],[-24,217]],[[26601,33063],[46,-11],[14,91],[37,80],[16,77]],[[22895,23688],[95,324]],[[23080,23355],[-55,-103],[-40,-51]],[[27347,38953],[79,302],[27,47]],[[27494,38993],[-14,-175],[-40,-223]],[[27376,38559],[-13,135],[-29,166]],[[23832,24846],[13,17]],[[23748,23099],[8,810],[2,508],[-12,395]],[[26884,27345],[43,-30],[31,-104],[-8,-163]],[[26882,26943],[-19,22]],[[23280,56355],[98,-1],[-12,-113],[5,-134],[17,-30],[3,-859]],[[20357,45903],[144,-5],[-16,-99],[0,-137],[24,-29],[42,2],[12,264],[14,1]],[[20577,45900],[3,-641],[0,-509],[-2,-300]],[[20324,43218],[-36,2]],[[27341,40137],[-7,219],[-25,-19]],[[23399,44167],[-96,2]],[[25459,50040],[7,60]],[[25567,50098],[-18,-132],[-13,-176],[-16,-343]],[[25520,49447],[-62,-1]],[[25458,49446],[1,594]],[[29092,41633],[12,31],[25,-54]],[[29129,41610],[10,-110]],[[29139,41500],[46,-573],[-1,-331],[-7,-73]],[[28998,41336],[24,107]],[[26046,28457],[17,1]],[[25948,27799],[-1,627]],[[29483,44167],[18,13],[-2,285],[33,16],[21,64],[47,30]],[[20672,38826],[-83,-5],[1,94],[-26,0]],[[20564,38915],[0,808]],[[23525,27870],[0,-263]],[[23446,27392],[-7,-39],[-40,100]],[[23399,27453],[1,622]],[[29228,43489],[-37,114]],[[27239,40121],[13,-82],[24,-56]],[[27181,39530],[-46,129]],[[27135,39659],[-3,160]],[[27278,38104],[-14,389],[25,104]],[[31358,927],[13,29]],[[29471,48372],[-19,-222],[36,-19],[15,-184],[-2,-395]],[[29395,46854],[16,216],[-5,466]],[[27906,39925],[26,170],[10,5],[17,175],[36,207]],[[31523,585],[-16,-175]],[[31507,410],[-11,104]],[[24802,39118],[2,81],[-46,139]],[[17465,49117],[-124,2]],[[26149,34863],[2,178]],[[26288,34998],[15,-147]],[[26303,34851],[-15,0],[-21,84],[-23,21],[-28,-42],[-12,-110],[-9,-173]],[[24116,29758],[-87,15]],[[24029,29773],[-4,202],[4,122],[2,322]],[[29158,41825],[25,50],[41,238],[6,86]],[[29230,42199],[26,4],[38,-83],[7,-73],[-2,-135],[-15,-371]],[[29284,41541],[-21,67],[-12,-72],[-25,26],[-6,102],[-40,10],[-41,-174]],[[29129,41610],[7,94],[22,121]],[[25569,52548],[11,-162],[0,-650],[17,-2]],[[25597,51734],[-56,-518],[-40,-281],[6,-52]],[[25507,50883],[-19,23],[-23,173],[26,263],[-15,87],[-14,-66],[-37,23],[6,131],[19,123],[-8,122],[12,87],[-1,114],[-18,92]],[[25481,36019],[-34,172],[-3,205]],[[16281,57311],[14,10],[1,-260],[25,-69],[25,-172],[34,-130],[-4,-79],[41,-147],[20,-26],[26,-195],[50,-1]],[[16165,55905],[-17,222],[17,184],[-10,82],[39,63],[17,80],[10,137],[-23,197]],[[26915,20859],[21,5],[41,-163]],[[26878,20202],[-17,292],[11,104],[-19,164]],[[27227,20374],[1,84],[13,91]],[[27346,20051],[-95,-3],[0,53],[-36,1],[0,129],[12,143]],[[27111,38002],[26,-21],[26,42],[43,-287],[10,-149]],[[27199,37220],[-25,-5]],[[27174,37215],[-15,86],[-18,-40],[-16,104],[-1,126],[-33,25],[-21,78],[13,64]],[[27090,39254],[35,161],[5,94],[-13,83],[18,67]],[[27197,38756],[-31,-91],[-17,117]],[[27149,38782],[-22,102]],[[31512,1040],[12,15]],[[25523,31189],[10,110],[13,43],[6,282]],[[25598,31547],[11,9],[33,-145]],[[25640,30688],[-117,10]],[[24749,31990],[19,-104],[-18,-149]],[[24750,31737],[-28,-63]],[[17974,29068],[-27,-65],[13,-240],[-1,-201],[-8,-123],[10,-111],[43,-19]],[[17948,27731],[-172,-80],[-214,-107]],[[22245,35402],[13,-64],[31,-4],[22,-127],[13,-140],[15,-77],[0,-173]],[[22221,34176],[-59,0],[-3,155],[0,647]],[[20986,28192],[0,-815],[26,-13],[0,-977]],[[25842,49168],[96,-21]],[[25830,48496],[-9,284],[-15,163],[24,115],[12,110]],[[23786,50663],[0,154],[18,143],[50,206]],[[23854,51166],[3,-2]],[[23936,50771],[14,-275]],[[24418,41817],[10,175],[12,67]],[[24505,42545],[78,2]],[[28146,42734],[-29,-121],[15,-106],[-8,-111],[8,-50],[3,-174],[-28,-263]],[[20613,35731],[-18,0]],[[20595,35731],[-139,1]],[[20456,35732],[-15,93],[12,253],[-5,125],[7,71],[-6,133]],[[29217,43030],[-7,190],[-25,25],[-32,138]],[[21469,46962],[-1,-400],[5,0],[0,-640],[8,0],[0,-648],[9,-1]],[[27717,30699],[-20,-18],[-95,-392]],[[27541,30809],[0,4]],[[23165,44170],[17,-80],[-1,-137]],[[19044,52936],[-1,-95],[0,-666],[-2,-365],[-17,-1],[0,-123],[-17,0],[0,-324],[-33,0],[-2,-655]],[[18969,50080],[1,-351]],[[18879,50239],[1,1121],[7,0],[-1,545],[-49,1],[-37,189],[-40,103]],[[19647,50705],[104,-1]],[[19751,50704],[94,3]],[[19845,50707],[7,-25],[6,-214],[34,-296],[54,-69],[6,-82],[40,-73],[4,-67]],[[19996,49881],[21,-112],[-2,-77],[28,-31],[3,-176],[12,-45],[0,-296]],[[20058,49144],[-148,1],[-243,4]],[[27830,33639],[65,-26]],[[27926,33622],[-25,-482],[22,-49]],[[27908,32974],[-23,139],[-18,61],[-44,-181],[-21,-26]],[[27802,32967],[-57,-5]],[[25258,35782],[34,77],[14,-26],[19,-127]],[[25874,47185],[-35,370],[-18,292]],[[21854,21942],[0,1243]],[[25343,33526],[-109,15],[-11,-66]],[[25223,33475],[-27,3]],[[27483,29302],[-15,13],[-30,-177],[-10,95],[-32,154],[-44,40],[-21,153]],[[27331,29580],[33,93],[-34,62],[9,168]],[[27264,27427],[75,368],[14,-109],[1,-98],[16,-39],[9,74]],[[27376,26538],[-3,-88]],[[25221,33099],[2,376]],[[22821,58188],[230,-1]],[[27158,25524],[-11,86],[-56,261],[-18,122]],[[27812,29716],[-2,36]],[[27810,29752],[-53,372],[-1,186],[-15,168],[6,82]],[[23229,42446],[109,-9]],[[23386,42434],[7,-187],[-1,-406]],[[23244,42331],[-15,115]],[[15701,52296],[18,154],[29,5],[39,98],[40,-43],[1,84],[23,82]],[[22644,26550],[65,225],[5,-8]],[[20356,47888],[16,1]],[[20634,47896],[50,2]],[[20686,46232],[-110,-6],[1,-326]],[[26654,34986],[136,-6]],[[27377,31144],[-1,-160]],[[27376,30984],[31,-151],[-16,-202]],[[27508,31278],[-40,-102],[7,-95],[-37,-58],[-24,115],[-38,-154]],[[24031,51910],[100,-4],[0,162],[104,-6],[0,-161]],[[24234,51097],[-167,0]],[[24067,51097],[3,161]],[[24070,51258],[27,192],[1,81],[-35,234],[-31,16],[-1,129]],[[19263,43217],[265,6]],[[19528,43223],[0,-632]],[[18455,35740],[0,935]],[[27291,29479],[40,101]],[[27239,29175],[52,304]],[[15975,50113],[-3,238],[16,35]],[[16168,49565],[-205,3]],[[15963,49568],[-1,185],[15,192],[-2,168]],[[22931,51801],[19,-121],[24,-208],[17,-4],[36,-95],[5,-57]],[[16036,35551],[-17,-10]],[[15972,35460],[-14,152],[-19,87],[-12,-45],[-37,3],[-28,109],[-24,174]],[[15838,35940],[-7,149],[21,53],[25,1],[0,132]],[[24922,23505],[12,81],[28,26],[0,246],[57,-1]],[[25019,23343],[3,-131],[-25,-91],[-8,-129],[-21,-9]],[[24863,38023],[-38,5],[0,-164],[-47,-91]],[[24765,37849],[-28,161],[-6,205],[9,120]],[[23515,29578],[24,-28],[46,-100]],[[15511,51515],[1,109],[28,163],[-34,243],[34,0],[0,133]],[[19845,50707],[216,-2],[14,-7],[229,-5]],[[20375,49889],[-286,-9],[-93,1]],[[28899,40981],[23,88],[34,31]],[[28956,41100],[20,43]],[[28997,40545],[-38,184],[-14,-4],[-35,115],[-10,126]],[[27184,29898],[18,-129],[12,-20],[14,-125],[13,-4],[50,-141]],[[26482,36799],[-10,147],[14,292],[-1,97]],[[25241,30294],[-49,-27]],[[25202,52602],[17,-48],[31,57],[27,-82],[63,-45],[20,-56]],[[25376,52166],[0,-128],[-102,18]],[[25274,52056],[-70,1],[0,485],[-2,60]],[[23210,42818],[-4,150],[9,70]],[[23229,42446],[-7,139],[-15,34],[-11,131],[14,68]],[[28267,42717],[-4,-113],[-21,-83],[-19,-141],[7,-92],[-27,-191],[15,-62],[30,25]],[[28248,42060],[13,-215]],[[28535,41576],[43,143]],[[27342,44559],[0,262]],[[27342,44821],[29,27],[106,203]],[[27477,45051],[0,-240]],[[21987,42661],[67,0]],[[21994,42006],[-156,-1]],[[25267,54332],[-9,-201],[14,-71],[52,254],[20,-47],[36,15]],[[25360,53361],[-157,0]],[[31542,465],[1,-43]],[[31508,404],[-1,6]],[[19137,27186],[0,-1302]],[[18882,25313],[-245,520],[-173,358],[-130,268]],[[25941,38392],[10,1]],[[25951,38393],[8,-28],[44,2],[13,-97],[-8,-120]],[[18653,52105],[-91,-4],[-9,-116],[-39,-112]],[[15425,49364],[166,1]],[[15591,49365],[4,-157],[72,1],[1,110],[39,58],[32,-44],[20,-72],[53,-21],[16,67],[147,10]],[[15975,49317],[6,-74],[2,-239],[-24,-235],[-3,-100],[-17,-5],[-13,-100],[-1,-404],[-6,-45]],[[15883,47787],[-170,-5],[0,200],[-102,-5],[-8,120],[0,325],[-59,1],[-51,93],[-25,170],[-23,44],[-36,-3],[-32,-150],[-59,2]],[[15318,48579],[10,450],[2,322]],[[25027,35758],[-17,-29],[-41,-233]],[[24921,35477],[-1,152],[-25,274],[6,72]],[[26146,35040],[-39,-14]],[[26107,35026],[-30,292],[-15,81]],[[26973,30248],[22,134],[0,158],[-17,107],[-7,122],[25,125]],[[23199,21204],[8,-46],[-1,-182],[17,-128],[5,-130],[25,-7],[10,-116],[38,-146]],[[23301,20449],[-85,-301],[-114,-324],[-44,-189]],[[25437,29239],[1,-694]],[[25345,28249],[-47,-8]],[[25353,31216],[12,581]],[[24247,32677],[72,-8],[1,146],[15,36],[0,146]],[[24394,32990],[0,-164],[66,-6]],[[24427,32166],[-33,4],[0,-124],[-33,70],[-28,-60]],[[24333,32056],[-28,-6],[-31,91],[-29,-18]],[[27318,42713],[48,-2],[0,-156],[15,-82]],[[27268,42162],[1,246],[-16,3],[1,159]],[[16475,40073],[0,-282]],[[16475,39791],[1,-99]],[[16476,39692],[0,-85]],[[16063,38984],[4,33],[0,325],[16,1],[-1,131]],[[18971,48803],[1,-902]],[[25039,42463],[1,-503]],[[27169,25363],[-30,-230]],[[23707,51496],[81,-240],[49,-5],[17,-85]],[[23717,50665],[-68,1]],[[28377,38263],[13,-32],[64,80],[-5,-118],[9,-63]],[[27435,42441],[10,63],[32,42]],[[24074,50169],[31,-140],[0,-45],[51,-116],[34,-22]],[[26659,38324],[-12,-59],[-3,-151],[-35,-153]],[[26512,38432],[14,99]],[[23399,30421],[0,-411]],[[24274,53898],[20,-51],[34,19],[75,123]],[[24403,52869],[-139,1]],[[24264,52870],[-68,-1]],[[24196,52869],[0,487]],[[26659,46740],[-66,-17],[1,-165]],[[26594,46558],[-65,-5]],[[28737,43060],[-9,-21],[-50,89]],[[21559,23184],[-1,-946]],[[21558,22238],[-25,37],[-22,-24],[-12,39],[-21,-47],[-18,14],[-25,94],[-33,68]],[[26847,30074],[-27,-93],[-31,-263],[11,-89]],[[27077,20700],[82,1],[6,168],[-1,423]],[[27227,20374],[-64,0],[-4,-36],[1,-785]],[[23034,43252],[32,-1],[9,55]],[[23210,42818],[-176,0]],[[27707,42604],[15,-7],[22,-190],[31,-64]],[[27664,36318],[16,75],[9,141],[19,97],[28,-50],[25,155]],[[27761,36736],[17,158]],[[27664,36161],[0,157]],[[22422,30887],[44,27],[0,55],[58,-1],[14,108],[29,0]],[[22436,30422],[0,330],[-14,0],[0,135]],[[30131,45678],[11,-53]],[[30023,45065],[0,63],[-33,-3]],[[30178,45590],[12,-26]],[[25064,37517],[8,-165]],[[24926,37242],[-2,37],[24,248]],[[28366,34003],[22,79],[-12,102]],[[28399,34330],[66,-16],[70,11]],[[28535,34325],[-9,-180],[20,-291],[-3,-88]],[[23034,41353],[0,489]],[[23161,41841],[0,-488]],[[26050,50284],[31,-50],[24,208]],[[22410,47897],[-1,-241],[10,1],[157,-325]],[[16710,50698],[5,162],[0,810],[-29,0],[0,161],[-52,2],[1,589]],[[25133,52713],[35,-98],[34,-13]],[[25274,52056],[-1,-646]],[[25273,51410],[-69,3]],[[25204,51413],[-70,0],[1,162],[-34,-2]],[[24905,28658],[13,133],[16,0]],[[20138,43227],[-3,-86],[19,-114],[32,-18],[13,-129],[-8,-106],[0,-123],[-10,-146],[14,-228],[1,-93]],[[20196,42184],[5,-194],[-1,-635],[3,-144]],[[20088,41523],[0,249],[-112,-3]],[[19976,41769],[3,597],[16,0],[16,108],[-1,754]],[[24767,25171],[38,1],[19,-27]],[[24763,24517],[0,654]],[[22050,29821],[84,-16],[33,-46],[23,-67],[5,-62]],[[22049,33647],[21,61],[10,138],[22,23],[0,-133],[26,-129],[27,-33],[17,44],[18,211],[31,64]],[[17146,28981],[-13,101],[-23,80],[-16,108],[-40,120],[-52,257]],[[26290,34997],[144,-21]],[[26403,34275],[-19,-100]],[[26384,34175],[-8,75],[-39,125],[-25,188]],[[26312,34563],[11,45],[-20,243]],[[24162,27314],[0,163]],[[22433,32181],[-8,50],[-27,-15],[-171,1]],[[16105,48117],[266,-1],[134,-9]],[[16655,45082],[-178,1]],[[16477,45083],[-245,-2]],[[27499,34899],[-48,14]],[[28474,42545],[-3,-18]],[[28471,42527],[-94,-206],[-70,-223],[-37,-204]],[[28248,42060],[39,210],[0,43],[32,127],[0,52],[58,157]],[[26344,33204],[16,-38]],[[26360,33166],[33,-424],[2,-126],[-26,-84]],[[28456,39417],[32,309]],[[26717,37970],[-15,33],[-12,205]],[[28645,37017],[-10,-136],[-31,104],[-18,-4],[-13,197],[-16,44]],[[28557,37222],[22,84],[15,3]],[[24333,32056],[0,-204],[30,-10],[-2,-457],[18,-88],[1,-147],[-12,-121]],[[24270,31044],[0,246],[-22,3],[8,185],[2,542],[-14,1]],[[16138,35667],[21,-233],[62,-180]],[[23020,31073],[1,327],[29,0],[0,163]],[[27856,37406],[27,50],[15,-67],[30,126],[7,149],[10,35]],[[27949,36773],[-13,-19]],[[27852,37242],[4,164]],[[15640,38163],[27,47],[46,-212],[26,-49],[21,11],[23,-144]],[[15783,37816],[-2,-169],[7,-219],[-1,-131],[-15,-25],[-35,160],[-13,-20],[-33,192],[-33,66],[-4,269],[-14,224]],[[25956,35221],[8,-114],[-8,-62]],[[25336,30290],[-1,-53]],[[30084,47972],[-8,-45],[9,-299],[-22,-132]],[[29926,48017],[18,81],[4,146],[36,25],[-3,118]],[[29355,42998],[-2,-147]],[[29353,42851],[-36,-10]],[[20230,25981],[-214,1]],[[26470,45887],[130,12]],[[26600,45899],[32,8]],[[23994,50500],[10,7],[0,429],[-10,0]],[[23994,51260],[76,-2]],[[24067,51097],[3,-190],[-13,-53],[12,-267],[-5,-141]],[[24064,50446],[-10,-217]],[[26636,30064],[-7,123],[-57,63],[-14,116]],[[23373,50501],[-65,-1],[0,-258]],[[22904,31932],[13,-72],[20,35],[10,-84]],[[25629,30115],[-135,17]],[[25494,30132],[0,570]],[[20922,56309],[0,-1120]],[[18135,41570],[2,1652]],[[18568,43366],[65,-576]],[[18135,41176],[0,394]],[[25494,30132],[0,-163]],[[26384,34175],[6,-103],[22,-111]],[[26317,33698],[-11,162],[-52,301]],[[26254,34161],[-2,98],[10,134],[39,108],[11,62]],[[27452,36198],[36,75],[13,58]],[[27501,36331],[30,99],[17,-51]],[[27548,36379],[20,-206],[4,-221]],[[27470,35711],[-10,196]],[[27474,35990],[-24,150],[2,58]],[[27207,44403],[12,79],[44,162],[10,2],[69,175]],[[19249,44303],[0,-1085]],[[26355,25678],[26,1]],[[26329,25328],[-42,4],[-8,122]],[[29085,42145],[7,-92],[28,-2]],[[29120,42051],[0,-92],[39,-95],[-1,-39]],[[15810,37065],[9,-217],[27,-37],[41,-200]],[[15838,35940],[-12,19],[-19,147],[-4,99],[5,207],[-15,227],[-18,76],[7,229],[-3,120]],[[29476,50725],[42,5]],[[29508,50186],[-9,-234],[-28,-62]],[[29471,49890],[-8,99],[7,233],[8,117],[-13,76],[12,148],[-1,162]],[[20188,36495],[53,-8],[125,3]],[[20456,35732],[-80,-1]],[[28859,40659],[13,105]],[[28901,40195],[-16,107],[-20,40],[7,220],[-12,52]],[[17162,41353],[17,-112],[5,-101],[-9,-256],[8,-131],[-6,-248],[-28,-59],[-16,-159],[-32,-173],[10,-224],[-18,-93],[3,-141]],[[17071,39619],[-247,2]],[[16703,40699],[5,256],[-11,41],[-4,354]],[[16475,39791],[34,-1],[16,80],[32,80]],[[16602,39642],[-55,-2],[-4,54],[-67,-2]],[[26943,27812],[4,92],[29,46]],[[28263,34156],[-53,-18],[-10,85],[-23,25]],[[26558,30366],[-13,-213],[18,-156]],[[29091,42697],[47,72],[12,-112],[15,-46]],[[29164,42472],[-17,-55],[18,-147],[-35,-136],[-10,-83]],[[15714,40198],[168,4],[0,54],[35,-1],[0,-56],[33,0]],[[15945,40049],[-11,-116],[1,-116],[14,-156],[13,-48],[8,-154],[-5,-119]],[[27495,34321],[0,37]],[[27153,22872],[16,23],[24,-56],[29,4],[-1,274],[16,1]],[[27237,23118],[20,-530],[9,-129],[5,-216],[12,-214]],[[16239,58188],[24,-86],[9,-314],[16,-169],[-21,-74]],[[15783,57524],[-13,244],[-31,-4],[-21,148],[-17,60],[10,85],[-19,48],[16,86],[281,-9],[250,6]],[[18778,42962],[-21,185],[-11,335]],[[18746,43482],[-1,110],[31,28],[25,-50],[17,99],[20,-19],[17,55],[12,193]],[[15457,43937],[-31,-3],[0,156],[-82,1]],[[15344,44091],[-10,258],[-12,200],[-31,138],[10,118],[2,285]],[[25931,29833],[20,42],[7,93],[20,-15],[12,81],[32,-27],[0,62]],[[26022,30069],[59,-24],[0,-27]],[[26401,23936],[27,-9]],[[26109,38707],[-1,-116]],[[25951,38393],[1,131],[30,28],[10,108]],[[25993,30502],[1,-167],[12,-10],[16,-256]],[[8468,80135],[-82,0],[1,207]],[[8387,80342],[-15,123],[-29,57],[-37,-22],[-51,100],[-64,66],[-26,111],[-68,150],[42,102],[32,200],[30,126],[46,42],[30,113]],[[25587,37421],[9,-38]],[[25596,37383],[31,-76],[9,-99],[15,32],[11,196],[15,44]],[[24076,27807],[-29,0],[-11,-152],[-3,-174]],[[26654,48330],[40,281],[19,173],[60,79],[6,55],[30,48],[49,-152],[30,-296],[7,-263]],[[26329,27387],[-16,-30]],[[27810,29752],[-8,30],[-40,-74],[-84,112],[-22,93]],[[22873,18598],[-27,-224],[-23,-262]],[[22810,18111],[41,417],[-2,76],[14,142]],[[22662,18896],[-5,-49],[40,-163],[47,-71]],[[22744,18613],[32,-57],[6,-135],[32,-84],[-20,-254]],[[22622,18223],[3,466],[37,207]],[[24376,38926],[4,665]],[[24443,39748],[41,-6]],[[24440,38938],[-22,-1],[-14,-61],[-26,51]],[[24378,38927],[-2,-1]],[[28219,36522],[-6,-97],[33,-183],[30,-6]],[[28114,36294],[-1,134]],[[26505,23903],[73,-26]],[[26578,23877],[37,-13]],[[26557,23213],[-27,-109],[-21,-302]],[[26509,22802],[-23,22]],[[25018,22756],[33,67],[15,-97],[-15,-41],[-33,71]],[[24875,22640],[5,-96],[18,-16],[23,-128],[26,24],[5,211],[24,87],[4,71],[30,-79],[-17,-54],[33,-158],[12,132],[15,-40],[-40,-237],[-18,-195],[-27,-28],[-3,-106]],[[24965,22028],[-26,20],[-26,144],[-19,6],[-20,60],[-14,140]],[[24860,22398],[-5,101],[-23,45],[6,82],[37,14]],[[25822,52123],[-36,-100],[-17,-166],[-19,127],[45,242],[7,74],[-15,86],[-17,-122],[-38,50],[2,-92],[-18,-166],[-41,-31],[-1,196],[-19,3],[-4,-175],[-28,-106],[-26,-209]],[[23986,48550],[0,-652]],[[23819,47898],[0,652]],[[28269,31950],[10,19],[38,-27],[38,-114],[10,57],[18,-25],[28,-264]],[[28427,31331],[-29,-71],[-37,-147],[-48,-160]],[[28804,32372],[61,137],[3,-73],[-24,-12],[-38,-79]],[[28732,33250],[8,185],[2,242],[22,149],[25,-37],[21,-245],[4,-222],[-5,-155],[-14,-90],[-23,15]],[[28793,34294],[6,8]],[[28799,34302],[15,-220],[17,-175],[-18,-32],[-10,279],[-10,140]],[[5391,7736],[19,228],[39,135],[26,11],[38,-28],[10,-60],[5,-142],[-10,-105],[-4,-213],[-27,-127],[-40,58],[-23,104],[-24,42],[-9,97]],[[5264,7383],[4,78],[49,206],[-11,-200],[-15,-24],[-15,-169],[-12,109]],[[21492,50776],[0,-985]],[[21492,49791],[0,-1]],[[27050,23157],[0,-162]],[[15845,37723],[-10,84],[-26,68]],[[15809,37875],[-3,26]],[[28543,34388],[-1,35]],[[28621,34010],[-13,-95],[-33,-34],[-28,70],[-12,195],[8,242]],[[24477,48548],[-39,257]],[[28597,36191],[29,-30],[-2,-118]],[[28626,35940],[-12,-24]],[[28546,36237],[-13,75]],[[24940,22930],[-17,-142],[-22,-64],[-15,2],[-11,-86]],[[24860,22398],[-27,52]],[[27997,30024],[3,124],[22,90],[5,162],[10,44],[24,-54],[13,119],[34,23],[25,264]],[[28170,30748],[18,-149],[10,-377],[-2,-223]],[[28196,29999],[-9,-162],[-14,82],[-33,45],[-29,7],[-43,-36],[-41,-83]],[[28492,44339],[-24,-85],[-178,-18]],[[25783,32681],[20,-19]],[[25731,31983],[-14,0]],[[25717,31983],[2,509]],[[28644,35532],[9,148],[34,-73]],[[20256,41211],[53,-23],[21,-126],[24,-72],[16,-220],[28,18]],[[20398,40788],[4,-68],[33,-49],[-10,-133]],[[20425,40538],[2,-66],[-33,-133],[-3,-83],[-27,-106],[-24,41]],[[28937,41308],[19,-208]],[[25380,49285],[44,-1],[0,163],[34,-1]],[[25520,49447],[9,-183],[-3,-94],[-35,-140],[-24,-398]],[[25273,51410],[34,-5],[-1,-323],[35,-7],[-1,-161],[19,-3],[0,-162],[49,-6],[0,-51],[51,-5],[0,-46]],[[25459,50641],[-16,-28],[-3,-106],[-20,-125],[-25,-281]],[[25395,50101],[-70,4]],[[25214,50924],[-11,164],[1,325]],[[23601,57628],[46,-4],[6,-85],[111,-45],[14,-212],[42,2],[49,53],[1,86],[33,66],[39,29],[33,-28]],[[23977,56114],[-194,13],[0,-98],[-179,-1]],[[23604,56028],[-3,976]],[[24677,31109],[47,-188]],[[24710,30264],[0,-163]],[[24569,30352],[31,164],[3,125],[19,-9],[8,77],[-3,107],[38,44],[9,77],[3,172]],[[23427,40632],[-15,-78],[1,-75]],[[23451,40265],[-59,0]],[[23283,40265],[2,437]],[[25524,42244],[-1,-615]],[[25523,41629],[-1,-496]],[[20398,40788],[29,162],[24,37],[13,88]],[[20545,40540],[-120,-2]],[[22434,31728],[-58,-1],[0,-487]],[[22376,31240],[-49,0],[0,81],[-28,0]],[[22376,31240],[0,-163],[46,0],[0,-190]],[[15806,56788],[8,85]],[[15809,55901],[16,129],[9,191],[22,51],[-1,100],[-37,180],[-9,192]],[[17193,58188],[111,-3]],[[17301,56401],[-110,4]],[[26547,31479],[-6,-190],[10,-216]],[[26367,28671],[1,68]],[[26771,28408],[45,108],[10,109],[30,78]],[[26880,28494],[17,-175],[14,-26],[11,-192],[-3,-176]],[[25864,38897],[0,-496]],[[23154,39886],[124,-1]],[[23303,39587],[0,-350]],[[23178,39238],[0,427],[-25,53]],[[26374,38625],[16,30],[60,44]],[[26462,38647],[-6,-106],[22,-71]],[[23493,39870],[-23,-10],[-2,-395]],[[23468,39465],[-32,16],[-10,-34]],[[23426,39447],[-8,-52],[-22,52],[-6,116]],[[29284,41541],[-9,-228],[-9,-405],[-40,-389],[-24,-91]],[[26600,45899],[-6,659]],[[22928,28234],[91,-9]],[[24965,22028],[-21,-59],[-17,-94],[-3,-100],[43,-150],[11,-114],[49,-10],[24,-139],[7,63],[24,-177],[6,-116],[19,45],[6,-66],[-18,-167],[-22,-73],[1,-112],[-42,93],[-20,-143],[-8,42],[14,123],[-2,143],[-16,-3],[-21,163],[-34,69],[-9,72],[-57,53],[-17,-45]],[[20386,38908],[178,7]],[[20672,38582],[1,-489],[-31,0]],[[24668,40959],[8,91]],[[25859,41209],[24,4]],[[26633,36365],[27,83],[13,-75],[20,77],[37,65],[21,-18]],[[26644,36181],[-5,42]],[[30737,53316],[-3,-1330],[-36,-43],[-2,-280],[30,28],[23,-537],[-30,-29],[7,-153],[-139,-130]],[[24376,38926],[-22,6],[-40,-80],[-20,-125],[-19,-49]],[[20049,58187],[297,-1]],[[28107,33529],[2,-81],[16,-83]],[[27981,32970],[66,341],[60,218]],[[20921,57502],[324,-1]],[[21261,56548],[-78,42],[-26,-21],[-21,-144],[-58,-96],[-23,54],[-11,147],[-21,14],[-28,-116],[-5,-122],[-33,-72],[-35,75]],[[26715,40782],[3,219]],[[16663,38613],[-71,331]],[[18135,41570],[-163,6],[-335,15]],[[17428,43223],[-121,0]],[[24454,44014],[0,-163],[83,-5]],[[26162,53989],[80,26],[-21,-135],[-8,-320],[11,-87],[43,-19],[17,-44],[47,72],[22,-124],[37,154],[46,0],[8,62],[32,-56],[-10,-160],[8,-345],[-28,-4],[-1,-129],[27,32],[28,-91],[-13,-73],[23,-111],[25,-64],[35,98],[19,98],[35,-26],[13,-147],[15,-28],[-9,-125],[-14,-31],[-27,61],[-35,-22],[-27,65],[-38,-17],[-27,36]],[[26475,52535],[-35,12],[0,162],[-34,0],[0,162],[-209,0],[0,164],[-35,-1]],[[15301,48106],[17,473]],[[25023,35052],[27,-118],[15,152]],[[25065,35086],[41,-109],[35,-29],[19,-138]],[[25160,34810],[-143,0]],[[28049,46715],[109,6],[33,-14]],[[25250,54981],[26,159],[66,162],[56,41],[50,-12],[24,-62],[-28,-103],[-40,4],[6,-84],[-33,-82],[-30,-154],[-18,-30]],[[25043,56085],[21,110],[96,228],[49,154],[31,67],[27,-22],[-61,-284],[-64,-109],[-29,-84],[-15,-104],[-37,-40],[-18,84]],[[25160,34810],[2,0]],[[26969,34342],[24,-37],[9,-142]],[[27002,34163],[-37,-78],[-17,-80]],[[26923,33827],[-29,-19],[2,136]],[[18746,43482],[-32,25],[-60,1],[-86,-142]],[[27088,38219],[5,139],[48,128],[-9,213],[17,83]],[[16577,38222],[7,-123],[-5,-117],[24,-104],[56,-112],[11,-111],[-1,-144],[23,-75],[7,-209],[-19,-105]],[[16680,37122],[-11,73]],[[16369,36925],[-74,371]],[[23545,42420],[-79,7]],[[23342,50141],[34,-72],[50,-182],[54,-121]],[[24431,34800],[-1,-303],[-31,1],[0,-161],[-35,6]],[[24234,34358],[2,444]],[[23479,25502],[39,-131],[48,-41],[24,-96],[6,-117],[14,-35],[20,-146]],[[23630,24936],[30,-96],[25,-138]],[[23685,24702],[-92,-124]],[[23564,24626],[-14,49],[-35,35],[-29,80]],[[23120,23263],[15,-70],[3,-126]],[[23123,22777],[-4,-31],[-37,79],[-92,-97]],[[27512,38971],[31,-61]],[[27521,38033],[-21,77]],[[19529,45586],[186,0],[238,-4]],[[19843,43226],[-93,-4],[-222,1]],[[28486,43482],[30,69],[16,-7]],[[28630,42802],[-90,-219]],[[28540,42583],[-60,-103],[-9,47]],[[23840,37289],[-16,2]],[[21783,34804],[114,-1]],[[25051,50759],[0,167],[-56,1]],[[18135,40496],[-1,-1619]],[[21492,49791],[16,41],[29,-18],[37,101],[50,-14],[21,127],[27,93],[35,10],[25,101]],[[21757,49149],[-4,-325]],[[21753,48824],[-263,0]],[[15809,37875],[-26,-59]],[[15640,38163],[-20,51],[2,69],[-17,170],[-57,215],[-30,251],[-26,129]],[[24433,27475],[13,52],[0,156],[15,106],[1,206],[8,56],[13,216]],[[24483,28267],[27,-2]],[[26474,24662],[32,-1]],[[26580,24586],[-2,-709]],[[26484,23910],[1,448],[-11,104],[0,200]],[[31359,1105],[14,-6]],[[24682,25170],[1,-655]],[[24677,24515],[-72,0]],[[24605,24515],[-65,-1]],[[21955,48304],[-37,11],[-29,63],[-23,-16],[-7,-67],[-26,24],[-34,164],[-47,54]],[[21752,48537],[1,287]],[[27757,37948],[19,-62],[-10,-115]],[[27766,37771],[-15,-155],[-21,-126],[-10,-114]],[[27606,37521],[15,76],[12,132]],[[19528,25138],[-265,1],[-128,0]],[[16053,53301],[35,4],[-16,269],[18,163],[-7,102],[12,95],[-24,107]],[[31199,485],[-6,28]],[[31193,513],[7,50],[-9,134]],[[30983,406],[20,21],[-9,-131],[-11,110]],[[31213,97],[-29,12],[1,155],[8,249]],[[25907,33784],[39,12]],[[25946,33796],[36,-227]],[[26143,29160],[3,-102]],[[26162,28500],[2,-41]],[[27011,37563],[18,-141],[13,-373],[16,-59],[30,22],[31,-37]],[[27119,36975],[2,-54],[-17,-155]],[[23025,46142],[178,-1]],[[24779,31483],[0,254],[-29,0]],[[26402,24664],[72,-2]],[[31570,990],[22,-72]],[[31587,722],[-16,-13]],[[31571,709],[-3,4]],[[31571,709],[-1,-136]],[[27119,36975],[28,77],[-11,117],[38,46]],[[27281,36694],[-24,-95],[-1,-65]],[[24524,30350],[45,0]],[[24492,29307],[-4,-82],[-29,4],[0,82],[-29,1]],[[27378,14799],[-166,-4]],[[27212,14795],[-43,176],[-18,-84],[-17,202],[-15,239],[-5,278],[-7,175]],[[15356,41354],[-16,53],[-9,139],[-21,50],[-49,244],[4,100],[-17,231],[22,334],[48,485],[13,285],[-12,47],[3,171],[10,159],[10,271],[2,168]],[[25485,26370],[13,27],[0,237],[27,1],[0,228],[15,19]],[[23916,34096],[99,-11]],[[26254,34161],[-54,-33]],[[19529,35738],[185,1]],[[19714,35739],[250,1]],[[19925,34280],[-1,-410]],[[27764,39866],[0,-21]],[[21639,51588],[315,1]],[[21732,50232],[0,461],[-101,0],[4,83],[0,650],[4,162]],[[26454,33141],[-28,74],[-37,40],[-28,-38],[-1,-51]],[[26282,44524],[-5,120]],[[28773,34899],[13,-361],[13,-236]],[[28793,34294],[-16,353],[-13,124],[-25,22],[-9,-66],[27,-170],[34,-477],[-17,87],[-17,159],[-10,21]],[[28747,34347],[3,56],[-29,140],[-17,-5],[-12,127],[-43,234]],[[28947,37661],[-31,-285],[-19,16],[-28,-162],[-11,-113],[-15,-238],[4,-79],[-21,-193]],[[28753,36768],[8,136],[30,256],[31,192],[-6,139],[12,27]],[[28738,37523],[-15,0]],[[25609,44390],[29,40],[52,122]],[[25690,44552],[1,-887]],[[30175,43883],[18,0],[23,165],[23,76],[16,-124],[27,-127],[-72,-12],[-26,-51],[-9,73]],[[30214,44206],[7,-22]],[[30221,44184],[-7,22]],[[25842,49168],[33,312],[10,323]],[[23960,52071],[84,-1]],[[24044,52070],[-13,-160]],[[19056,58184],[198,2],[151,2]],[[29285,50697],[191,28]],[[29471,49890],[6,-33]],[[10625,82325],[0,-874],[1,-687],[-1,-1268]],[[25873,45877],[7,114],[12,396],[-1,141]],[[28259,30687],[-33,-253],[-30,-435]],[[23581,50503],[1,-328]],[[21987,43309],[222,0]],[[31255,1113],[16,-9]],[[31272,883],[-7,51]],[[19527,41768],[233,-2],[216,3]],[[23553,41015],[0,-136]],[[27729,32305],[10,-74],[1,-102],[32,-49]],[[15488,53060],[19,19],[15,-75],[-1,-89],[18,-66]],[[15540,52163],[-100,-12],[-69,18]],[[15371,52169],[0,234],[9,130],[1,176],[-22,284],[44,-123],[27,104],[11,-45],[27,49],[20,82]],[[22847,18722],[-14,-147],[-18,97],[-57,-4],[-14,-55]],[[22662,18896],[-23,115]],[[30030,44619],[-8,20]],[[29909,44579],[-3,529]],[[21827,21227],[-25,124],[-35,113],[-13,169],[-26,34],[-6,70],[-24,42],[2,166],[-32,72],[-8,131],[-22,87],[-64,-33],[-16,36]],[[22048,34804],[0,175]],[[25523,41629],[35,-39]],[[25933,34030],[13,-234]],[[25196,37844],[-118,0]],[[30095,44153],[-62,-4],[20,240],[21,96]],[[23605,55278],[-1,750]],[[22048,35743],[-24,1]],[[27382,36543],[-7,-85],[10,-69],[-37,-102]],[[26323,26822],[-73,-4]],[[25788,43055],[31,-1]],[[25788,42728],[0,327]],[[23426,39447],[0,-455]],[[26098,36611],[33,11],[22,-103],[27,90],[28,-96]],[[26208,36513],[-16,-55],[-10,-138]],[[26270,29213],[-22,-127],[-24,-33]],[[24287,22717],[-7,-104],[6,-279]],[[24286,22334],[-2,-63],[-38,-113],[-24,-26],[26,-209],[-40,-139],[-20,-15],[-82,102]],[[25690,43058],[98,-3]],[[21639,51588],[-147,0]],[[29781,43782],[-38,-70],[-19,32],[-24,-44]],[[24381,37897],[27,-1]],[[24408,37896],[2,-1],[-1,-679]],[[23682,32185],[0,82],[30,-5],[1,137]],[[23803,32035],[-103,13],[-19,55],[1,82]],[[27357,32912],[-3,110]],[[19828,36936],[-53,-8],[-210,-6],[-36,-275]],[[26267,28615],[-22,63]],[[23596,31875],[24,50],[37,15],[0,166],[25,79]],[[23740,31374],[-29,50],[-79,9],[0,54],[-38,4]],[[26072,48489],[132,-4]],[[23788,51751],[69,-1]],[[28049,47658],[101,8],[30,-19]],[[28179,47212],[-130,-8]],[[19751,50704],[8,171],[14,150],[18,92],[-163,-5],[-2,258],[14,203]],[[20013,32570],[19,0],[12,-161]],[[24605,24515],[-10,-108],[8,-240],[-4,-176]],[[24470,23869],[5,115],[17,177],[2,112],[14,241]],[[29266,46931],[1,-50]],[[29112,46645],[-32,63]],[[27027,33539],[9,53],[28,42],[5,69]],[[27113,33074],[-5,-61],[-35,-29],[-56,2]],[[29454,42492],[-38,-52],[-53,14]],[[29363,42454],[13,305],[-19,89]],[[29357,42848],[16,131],[41,86],[26,-77]],[[26642,41372],[3,188]],[[20196,42184],[11,-123],[24,9],[23,-70],[25,20],[13,-54],[44,6],[36,78],[17,-47],[29,258]],[[15975,49317],[-11,51],[-1,200]],[[24378,38927],[-1,-777]],[[27051,38311],[-2,187]],[[24672,31327],[12,-148],[-7,-70]],[[7847,80993],[-14,-25],[-40,-247],[-54,-69],[-33,3],[-39,-100],[-50,-194],[26,-227],[-40,3],[-48,-114],[-22,-147],[-58,-165],[-6,-118],[27,-92],[-37,-76],[-7,-96],[-46,-146],[-53,17],[3,-109],[46,-193],[-38,-293],[-29,-69],[-53,16],[2,-179],[-16,-186],[-45,-107],[-36,-25],[-37,40],[-23,-69],[-8,-101],[-49,-15],[18,-150],[-8,-52],[-89,-89],[-16,-85],[-8,-247],[-23,-110],[13,-96],[29,-53],[59,-36],[43,40],[23,-126],[60,-76],[39,-208]],[[8512,78646],[-13,-40],[-35,80],[-28,-64],[-15,84],[-28,-34],[-30,53],[-12,80],[-30,-281],[-39,-39],[27,225],[-14,276],[-22,-38],[5,-220],[-11,-117],[-25,-15],[-11,-211],[25,-50],[-6,-120],[-28,52],[-12,204],[-21,33],[5,-315],[-32,16],[-25,-60],[-69,-253],[-48,-221],[-25,-22],[35,339],[-27,-57],[-29,-173],[-62,-69],[-8,-98],[-40,-115],[-8,-147],[-46,56],[0,-84],[-56,-16],[-36,83],[-39,-109],[-4,-63],[-44,-6],[-25,94],[-39,84],[-4,112],[25,87],[5,114],[135,225],[34,99],[82,354],[-36,-12],[-60,-175],[-49,-94],[-39,25],[-51,137],[-11,109],[30,261],[16,214],[78,338],[11,273],[23,50],[10,295],[-17,58],[-23,274],[54,111],[42,14],[99,281],[92,190],[51,-258],[54,-70],[35,180],[29,14],[37,-73],[19,16],[62,-77],[66,-32],[21,-66]],[[7903,77516],[28,144],[15,-101],[-29,-119],[-14,76]],[[7538,79411],[28,128],[8,180],[32,-46],[-28,-104],[-5,-117],[-35,-41]],[[7126,77625],[41,45],[13,-146],[-41,-31],[-13,132]],[[24269,51902],[0,643],[-5,325]],[[23970,29711],[19,-13],[40,75]],[[27219,23599],[9,-52],[9,-429]],[[25553,29383],[29,-27],[0,-137],[15,-2]],[[25433,27382],[-14,-18],[-20,-121],[-15,-45],[-4,-110],[32,-120]],[[27383,36016],[15,60],[54,122]],[[21994,46675],[0,286]],[[27766,37771],[83,-321],[7,-44]],[[27761,36736],[-21,118],[-30,124],[2,189]],[[27548,36379],[53,151]],[[27601,36530],[58,-176],[5,-36]],[[26910,36119],[2,-138],[22,-200],[29,-124],[10,28]],[[26849,35366],[-30,173]],[[19248,48849],[0,-1016]],[[20508,33893],[12,46],[19,176],[3,197],[19,47]],[[20561,34359],[132,-1],[0,-81],[120,1]],[[20455,33628],[1,201]],[[21989,47694],[-282,-3]],[[21707,47691],[0,744],[25,102],[20,0]],[[23662,39868],[-22,56],[-13,-100],[-18,-29],[-15,-84],[-12,51],[-30,-69]],[[23552,39693],[1,86]],[[21994,46961],[-287,-2]],[[26671,22023],[-35,104],[-28,305],[-14,71],[-68,215],[-17,84]],[[15192,56093],[-17,157],[-9,411],[14,386],[25,-42],[51,-156],[40,-42],[71,-182],[57,-18],[21,21],[31,-59],[55,-39],[41,3],[23,94],[66,-188]],[[20561,34359],[4,268],[-7,292],[-6,89],[2,150],[15,64],[24,20],[-1,213],[8,127],[-5,149]],[[18134,38682],[260,-1],[168,1]],[[26100,30664],[11,-385]],[[23584,27124],[14,-60],[16,9],[10,-68],[85,115]],[[25731,24510],[-106,4]],[[23653,30488],[-63,-4]],[[23590,30484],[2,593]],[[29142,40043],[-29,-166],[-39,-392],[-22,-116],[-30,0],[19,275],[-3,169]],[[29237,42461],[-16,-170]],[[29221,42291],[9,-92]],[[27002,34163],[21,-14],[19,-82]],[[16712,38384],[203,-968]],[[16749,36835],[-14,193],[-14,85],[-41,9]],[[26967,44024],[26,11],[17,56],[51,96],[12,-18]],[[23610,25739],[23,-146],[4,-92],[-9,-306],[5,-109],[-3,-150]],[[28197,38912],[-22,58],[-4,129],[-29,129]],[[16369,36924],[-166,-437],[5,-101],[-73,-394]],[[21278,25735],[0,-669]],[[27616,36951],[14,-193],[-29,-228]],[[27501,36331],[-11,201]],[[22455,35738],[-127,1]],[[23399,27453],[-10,-44],[-43,117],[-35,-6],[-35,152]],[[23265,27734],[-8,449]],[[30214,44206],[15,107],[-1,253]],[[30258,44739],[18,-92],[59,-89],[20,71],[46,66],[4,167],[-13,94],[-17,263],[23,-93],[13,-128],[14,-262],[3,-220],[-89,-118],[-26,14],[-27,-58],[-16,-99],[-39,-26],[-10,-45]],[[6431,3451],[2,61],[19,133],[12,13],[13,147],[16,89],[3,95],[-17,149],[-4,237],[13,67],[22,-45],[11,-76],[38,-155],[11,14],[28,-58],[50,-152],[20,-88],[33,-221],[-2,-214],[25,-3],[6,-175],[28,-161],[19,-48],[-3,-95],[-40,-231],[-46,-153],[-16,-27],[-30,7],[-17,-107],[-39,-129],[-16,-107],[-13,-203],[-19,-108],[-14,101],[-44,126],[-11,151],[10,407],[-19,287],[-4,175],[-25,297]],[[22750,29970],[-1,-902]],[[27824,40096],[39,-31],[43,-140]],[[12980,72617],[31,105],[38,54],[24,173],[28,-2]],[[13101,72947],[-2,-31],[70,-127],[-8,-98],[11,-95],[7,-194],[71,25],[31,-114],[83,-191],[24,-81]],[[13078,70597],[-17,184],[21,39],[0,89],[27,59],[13,236],[-8,165],[28,126],[-18,36],[-40,-145],[13,-184],[-8,-66],[-34,5],[-47,58],[-12,207],[-23,8],[-18,-71],[-23,211],[1,135],[33,41],[20,185],[52,6],[-15,269],[8,166],[-23,-19],[-34,129],[6,151]],[[12977,71991],[23,110],[20,-97],[-25,-59],[-18,46]],[[12848,71711],[26,-2],[23,-217],[-13,-24],[-30,105],[-6,138]],[[12835,71948],[19,139],[21,49],[30,-33],[24,36],[31,-126],[-17,-85],[6,-133],[-60,-64],[-54,217]],[[25065,35086],[-7,122],[21,130]],[[22541,19013],[1,-1488]],[[23876,26097],[0,-244],[28,-1],[1,-327],[28,-3],[0,-324]],[[15541,53294],[39,3]],[[15580,53297],[1,-399]],[[15488,53060],[-34,14],[-16,43]],[[30792,49045],[10,-77],[-20,-127],[-1,217]],[[30678,49300],[-20,-271],[15,-169],[-8,-75],[-28,6],[-12,-116],[-20,-2],[-24,89]],[[30581,48762],[4,96],[23,78],[-16,290],[-19,2],[-12,97],[11,123]],[[30702,49045],[33,138],[15,-219],[-29,-83],[-9,159],[-10,5]],[[27802,32967],[-2,-75],[19,-144],[5,-91],[25,-84]],[[15439,50847],[0,-59]],[[15361,50789],[8,188],[4,533],[6,433],[-8,226]],[[19585,51848],[-37,10],[-26,-62],[-16,-113],[-18,0],[0,-110],[-46,0],[-34,-81],[-23,-109],[-13,-189],[-22,0],[0,-176],[-31,0]],[[19319,51018],[-74,9]],[[20068,47899],[-1,591],[-4,0],[0,654],[-5,0]],[[29304,42730],[36,-203],[-6,-79],[-20,-33]],[[29314,42415],[-18,3],[-15,102],[6,104]],[[25651,38045],[-63,-1],[-5,27]],[[27949,36124],[40,81]],[[27989,36205],[24,-196],[13,12],[29,-133]],[[29840,47204],[-7,-344],[16,-2],[8,-289],[13,-144]],[[29771,46442],[-48,10]],[[24196,52869],[0,-155],[-19,-114],[-16,25],[-12,-94],[-49,-82],[-19,-70],[-22,-245],[-15,-64]],[[24454,22755],[28,1],[12,-63]],[[24317,22152],[8,174],[-39,8]],[[24273,21880],[25,78],[22,-10],[38,-134],[-15,-122],[-22,-21],[-47,154],[-1,55]],[[24408,37896],[0,109],[46,-2]],[[28557,37222],[-22,83],[-36,255],[-16,48]],[[15975,50113],[-69,16],[-25,61],[-26,-51],[-24,115],[-45,-6],[-39,62],[-30,8],[-33,-35],[-45,-164],[-15,114],[-23,2]],[[15601,50235],[9,136],[-18,19],[14,144],[24,80],[-10,123],[2,108]],[[24656,22957],[-76,-100],[-13,-87]],[[24527,22763],[24,484]],[[28680,39202],[-1,145],[11,133],[-5,87],[10,101]],[[23599,32800],[14,38],[12,-142],[17,-55],[42,82],[-8,90],[24,18]],[[23551,39563],[1,130]],[[23551,39195],[0,368]],[[28471,42527],[-12,-125],[12,-183],[-18,-72],[2,-125],[26,-56]],[[23468,39465],[6,106],[77,-8]],[[23590,30484],[-2,-467]],[[27517,13864],[10,-29],[19,116]],[[27551,13933],[-29,-354],[-31,-115],[2,131],[-10,71]],[[27382,13623],[-12,-69],[-49,-39],[-18,84],[-8,109],[5,192],[10,56],[-34,457],[-9,29],[-5,136],[-17,5],[-9,162],[-24,50]],[[27116,12472],[19,184],[84,287],[39,-109],[17,-164],[-42,-85],[-5,46],[-29,-47],[-47,-117],[-36,5]],[[24574,40228],[-34,130],[-11,131],[-22,111]],[[16239,58188],[237,-2],[325,2]],[[19667,48982],[17,1],[0,-164],[17,0],[-1,-166],[34,0],[0,-106],[34,3],[3,-55],[61,0],[0,-160],[67,0],[0,-164],[34,2],[0,-272]],[[19933,47901],[0,-54],[-156,-3],[-51,-21],[-100,136],[1,81],[-67,82],[-66,1],[0,148],[-40,214]],[[21995,41354],[-152,2]],[[25395,50101],[-14,-207],[31,-57],[18,135],[29,68]],[[26208,36513],[8,-2],[1,249]],[[26107,35026],[-98,6]],[[26090,34623],[-19,135],[-37,39],[-32,6]],[[16462,36082],[-49,-37],[-69,-125],[-18,-97]],[[22955,35738],[-1,-406],[-38,-58],[-15,-124],[-33,2],[1,-172]],[[26508,25346],[-1,-203]],[[28587,42390],[-47,193]],[[27268,25067],[-13,-162],[-36,-358]],[[26910,18240],[21,189],[12,34],[12,137],[-6,120],[-21,36],[5,-184],[-23,49],[5,158],[-32,163]],[[26924,47279],[5,-124],[20,-235],[-12,-93],[-7,-222],[4,-87],[-16,-292],[-23,-108],[-23,22],[-3,86],[21,90],[-23,55]],[[25666,37991],[0,-159],[-15,0],[-7,-116],[-24,-87],[-24,-159],[0,-87]],[[19319,50709],[0,309]],[[19828,36936],[-14,-91],[-3,-236],[-20,-155],[-26,-50],[-14,-197],[-13,-65],[1,-127],[-25,-276]],[[15580,53297],[272,-1]],[[15601,50235],[-2,-54]],[[15599,50181],[-126,2]],[[6113,76605],[-22,-18],[-77,-153],[-40,-46],[-45,-97],[-79,-118],[-26,9],[-27,85],[-6,117],[-20,79],[-39,61],[12,102],[10,267],[-37,-166],[-42,-88],[-1,-185],[-25,-130],[10,-130],[34,-268],[-25,-140],[-28,-34],[-47,62],[-50,367],[-41,268],[-31,115],[-40,39],[16,104],[-41,57],[-20,-235],[-29,-48],[-40,201],[-27,-39],[-38,147],[8,93],[-17,142],[-44,-83],[-77,-216],[-78,-135]],[[5033,76568],[-75,-162]],[[5030,76126],[8,210],[59,93],[44,119],[-54,-438],[-55,-59],[-2,75]],[[25507,50883],[-11,-205],[-37,-37]],[[24240,50439],[-176,7]],[[17318,48610],[35,-164],[40,27]],[[24501,33663],[47,-9]],[[24483,28267],[-48,2]],[[23163,35738],[0,-1076]],[[25612,31997],[105,-14]],[[25727,23369],[-33,-30]],[[25282,23336],[-16,-74],[-59,61],[-23,-27],[-18,58]],[[15591,49365],[-11,77],[-3,200],[5,137],[-11,128],[22,89],[26,47],[-20,138]],[[24484,34351],[-25,-50],[-2,-636]],[[12951,74288],[28,-207],[53,-289],[32,-245],[-34,-224],[91,-87],[-20,-289]],[[12980,72617],[-2,81],[-59,150],[-28,165],[-13,214],[-45,78],[-31,13],[-16,90],[-21,-45],[-54,121],[-8,122],[15,117],[18,-36],[20,88],[-28,43],[-20,251],[6,165],[-32,1],[-16,86],[6,166],[37,-56],[56,-34],[-64,201]],[[12764,73174],[62,-11],[29,-119],[18,-223],[32,-55],[21,-150],[32,-84],[24,-157],[-77,-168],[-89,71],[5,-76],[-23,-83],[-59,88]],[[20308,33568],[0,31]],[[20309,32402],[-1,166],[0,844]],[[28529,36613],[-14,95]],[[27989,36205],[22,192],[2,87]],[[23426,21155],[-28,-26],[-2,-142],[17,18]],[[23409,20920],[-65,-336],[-8,-59],[-35,-76]],[[16477,45083],[0,-1517]],[[29346,46550],[20,75],[17,-67]],[[30581,48762],[-14,-92],[-75,-164]],[[28654,35952],[6,-50],[-13,-136],[-19,-46]],[[25690,44552],[30,92]],[[20921,58186],[309,0]],[[19933,47901],[17,0]],[[27477,45051],[52,109],[40,109],[14,104],[21,-9],[37,115],[47,119]],[[28747,34347],[1,-107],[-17,-22],[-32,189],[-15,10]],[[20920,38587],[-2,-703]],[[28543,34388],[-8,-63]],[[23710,24767],[-25,-65]],[[28606,33038],[-47,-85],[9,-93],[-1,-137],[-29,74],[-14,-15],[-60,129],[3,-94],[20,-7],[64,-165],[15,-17]],[[31616,585],[-21,-65]],[[25682,32779],[-16,-3],[-31,75],[-21,-42]],[[29353,42851],[4,-3]],[[29363,42454],[-49,-39]],[[29269,42570],[9,-89],[-16,-105],[-41,-85]],[[26475,52535],[-60,-42],[-13,-45],[-78,226],[-10,-48],[-15,-358],[-24,68],[-48,251],[-41,83],[-13,-11],[-38,89],[-52,-2],[-40,-233],[-41,25],[-15,-22]],[[26340,52265],[68,-117],[-18,-93],[-23,29],[-27,181]],[[20662,23822],[-2,60],[-47,169],[-11,76],[-57,119],[0,62],[-44,190],[-13,173],[-13,62],[-34,95],[-27,228],[-18,46],[-18,138]],[[31434,1086],[33,-15]],[[17577,58189],[257,-3],[112,2]]],"transform":{"scale":[0.0035891475014750147,0.00053458419],"translate":[-179.137239,17.894141999999995]},"objects":{"counties":{"type":"GeometryCollection","geometries":[{"arcs":[[0,1,2,3,4]],"type":"Polygon","properties":{"name":"Echols"},"id":"13101"},{"arcs":[[5,6,7,8,9,10]],"type":"Polygon","properties":{"name":"Vigo"},"id":"18167"},{"arcs":[[11,12,13,14,15,16]],"type":"Polygon","properties":{"name":"York"},"id":"23031"},{"arcs":[[17,18]],"type":"Polygon","properties":{"name":"Cook"},"id":"27031"},{"arcs":[[19,20,21,22,23,24]],"type":"Polygon","properties":{"name":"Burke"},"id":"38013"},{"arcs":[[25,26,27,28,29,30,31]],"type":"Polygon","properties":{"name":"Richland"},"id":"38077"},{"arcs":[[32,33,34,35,36]],"type":"Polygon","properties":{"name":"Otero"},"id":"08089"},{"arcs":[[37,38,39,40,41,42]],"type":"Polygon","properties":{"name":"Southeast Fairbanks"},"id":"02240"},{"arcs":[[43,44,45,46,47]],"type":"Polygon","properties":{"name":"Lincoln"},"id":"05079"},{"arcs":[[48,49,50,51,52,53,54]],"type":"Polygon","properties":{"name":"Wilcox"},"id":"13315"},{"arcs":[[55,56,57,58,59,60]],"type":"Polygon","properties":{"name":"Piatt"},"id":"17147"},{"arcs":[[61,62,63,64,65]],"type":"Polygon","properties":{"name":"Fayette"},"id":"18041"},{"arcs":[[66,67,68,69,70]],"type":"Polygon","properties":{"name":"Monroe"},"id":"19135"},{"arcs":[[71,72,73,74,75,76]],"type":"Polygon","properties":{"name":"Itawamba"},"id":"28057"},{"arcs":[[77,78,79,80,81]],"type":"Polygon","properties":{"name":"Worth"},"id":"19195"},{"arcs":[[82,83,84,85,86,87]],"type":"Polygon","properties":{"name":"Tompkins"},"id":"36109"},{"arcs":[[88,89,90,91,92,93,94]],"type":"Polygon","properties":{"name":"Wells"},"id":"38103"},{"arcs":[[95,96,97,98,99,100,101]],"type":"Polygon","properties":{"name":"Warren"},"id":"47177"},{"arcs":[[102,103,104,105,106]],"type":"Polygon","properties":{"name":"Cass"},"id":"48067"},{"arcs":[[107]],"type":"Polygon","properties":{"name":"Martinsville"},"id":"51690"},{"arcs":[[108]],"type":"Polygon","properties":{"name":"Norton"},"id":"51720"},{"arcs":[[109,110,111,112,113,114]],"type":"Polygon","properties":{"name":"Morovis"},"id":"72101"},{"arcs":[[115,116,117,118,119,120]],"type":"Polygon","properties":{"name":"Jackson"},"id":"48239"},{"arcs":[[121,122,123,124,125]],"type":"Polygon","properties":{"name":"Harper"},"id":"20077"},{"arcs":[[126,127,128,129,130]],"type":"Polygon","properties":{"name":"Clay"},"id":"01027"},{"arcs":[[131,132,133,134,135,136]],"type":"Polygon","properties":{"name":"Phillips"},"id":"20147"},{"arcs":[[137,138,139,140]],"type":"Polygon","properties":{"name":"Scotland"},"id":"37165"},{"arcs":[[141,142,143,144,145]],"type":"Polygon","properties":{"name":"Lipscomb"},"id":"48295"},{"arcs":[[[146,147]],[[148]],[[149,150]]],"type":"MultiPolygon","properties":{"name":"Sitka"},"id":"02220"},{"arcs":[[151,152,153,154,155,156]],"type":"Polygon","properties":{"name":"Polk"},"id":"13233"},{"arcs":[[157,158,159,160,161,162,163,164,165]],"type":"Polygon","properties":{"name":"Grant"},"id":"18053"},{"arcs":[[166,167,168,169,170,171]],"type":"Polygon","properties":{"name":"Noble"},"id":"18113"},{"arcs":[[172,173,174,175]],"type":"Polygon","properties":{"name":"Buena Vista"},"id":"19021"},{"arcs":[[176,177,178,179,180,181]],"type":"Polygon","properties":{"name":"Calhoun"},"id":"26025"},{"arcs":[[182,183,184,185,186,187,188]],"type":"Polygon","properties":{"name":"Pettis"},"id":"29159"},{"arcs":[[189,190,191,192]],"type":"Polygon","properties":{"name":"York"},"id":"31185"},{"arcs":[[193,194,195,196,197,198]],"type":"Polygon","properties":{"name":"Shelby"},"id":"39149"},{"arcs":[[199,200,201,202,203,204,205]],"type":"Polygon","properties":{"name":"Union"},"id":"45087"},{"arcs":[[206,207,208,209,210,211]],"type":"Polygon","properties":{"name":"Boone"},"id":"31011"},{"arcs":[[212,213,214,215,216]],"type":"Polygon","properties":{"name":"Essex"},"id":"50009"},{"arcs":[[217,218,219,220,221,222]],"type":"Polygon","properties":{"name":"Barron"},"id":"55005"},{"arcs":[[223,224,225,226,227,228,229]],"type":"Polygon","properties":{"name":"Juana Díaz"},"id":"72075"},{"arcs":[[230,231,232,233,234,235]],"type":"Polygon","properties":{"name":"Hall"},"id":"48191"},{"arcs":[[-144,236,237,238,239]],"type":"Polygon","properties":{"name":"Hemphill"},"id":"48211"},{"arcs":[[240,241,242,243,244]],"type":"Polygon","properties":{"name":"Kent"},"id":"48263"},{"arcs":[[[245]],[[246]],[[247,248,249,250,251]]],"type":"MultiPolygon","properties":{"name":"Los Angeles"},"id":"06037"},{"arcs":[[252,253,254,255,256,257]],"type":"Polygon","properties":{"name":"Haines"},"id":"02100"},{"arcs":[[258,259,260,261,262]],"type":"Polygon","properties":{"name":"Seward"},"id":"20175"},{"arcs":[[263,264,265,266]],"type":"Polygon","properties":{"name":"Benzie"},"id":"26019"},{"arcs":[[267,268,269,270,271,272]],"type":"Polygon","properties":{"name":"Rockingham"},"id":"37157"},{"arcs":[[273,274,275,276,277,278]],"type":"Polygon","properties":{"name":"Defiance"},"id":"39039"},{"arcs":[[279,280,281,282]],"type":"Polygon","properties":{"name":"Dallam"},"id":"48111"},{"arcs":[[283,284,285,286,287]],"type":"Polygon","properties":{"name":"Bacon"},"id":"13005"},{"arcs":[[-9,288,289,290,291,292]],"type":"Polygon","properties":{"name":"Clay"},"id":"18021"},{"arcs":[[293,294,295,296,297,298]],"type":"Polygon","properties":{"name":"Jasper"},"id":"19099"},{"arcs":[[299,300,301,302,303,304]],"type":"Polygon","properties":{"name":"Adair"},"id":"21001"},{"arcs":[[305,306,307,308,309,310]],"type":"Polygon","properties":{"name":"Newaygo"},"id":"26123"},{"arcs":[[311,312,313,314,315,316]],"type":"Polygon","properties":{"name":"Van Buren"},"id":"19177"},{"arcs":[[317,318,-189,319,320,321]],"type":"Polygon","properties":{"name":"Henry"},"id":"29083"},{"arcs":[[322,323,324,325]],"type":"Polygon","properties":{"name":"Grant"},"id":"20067"},{"arcs":[[326,327,328,-199,329,330,331,332]],"type":"Polygon","properties":{"name":"Darke"},"id":"39037"},{"arcs":[[333,334,335,336,337]],"type":"Polygon","properties":{"name":"Davison"},"id":"46035"},{"arcs":[[338,339,340,341,342,343]],"type":"Polygon","properties":{"name":"Bandera"},"id":"48019"},{"arcs":[[344,345,346,347,348]],"type":"Polygon","properties":{"name":"Grant"},"id":"31075"},{"arcs":[[349]],"type":"Polygon","properties":{"name":"Charlottesville"},"id":"51540"},{"arcs":[[-21,350,351,352,353]],"type":"Polygon","properties":{"name":"Renville"},"id":"38075"},{"arcs":[[354,355,356,357,358]],"type":"Polygon","properties":{"name":"Culberson"},"id":"48109"},{"arcs":[[359,360,361,362,363,364,365]],"type":"Polygon","properties":{"name":"Baldwin"},"id":"01003"},{"arcs":[[366,367,368,369,370]],"type":"Polygon","properties":{"name":"Clark"},"id":"32003"},{"arcs":[[371,372,373,-365]],"type":"Polygon","properties":{"name":"Escambia"},"id":"12033"},{"arcs":[[374,375,376,377,378]],"type":"Polygon","properties":{"name":"Okaloosa"},"id":"12091"},{"arcs":[[379,380,381,382,383]],"type":"Polygon","properties":{"name":"Caroline"},"id":"24011"},{"arcs":[[384,385,386,387,388]],"type":"Polygon","properties":{"name":"Adams"},"id":"42001"},{"arcs":[[389,390,391,392,393,394,395]],"type":"Polygon","properties":{"name":"Minnehaha"},"id":"46099"},{"arcs":[[396,397,398,399,400]],"type":"Polygon","properties":{"name":"Webster"},"id":"13307"},{"arcs":[[401,402,403,404,405,406]],"type":"Polygon","properties":{"name":"Fulton"},"id":"18049"},{"arcs":[[407,408,409,410,411,412]],"type":"Polygon","properties":{"name":"Pawnee"},"id":"20145"},{"arcs":[[413,414,415,416,417]],"type":"Polygon","properties":{"name":"Antrim"},"id":"26009"},{"arcs":[[418,419,420,421]],"type":"Polygon","properties":{"name":"Kanabec"},"id":"27065"},{"arcs":[[422,423,424,425,426]],"type":"Polygon","properties":{"name":"Saline"},"id":"31151"},{"arcs":[[427,428,429,430,431,432]],"type":"Polygon","properties":{"name":"Adams"},"id":"31001"},{"arcs":[[433,434,435,436,437,438]],"type":"Polygon","properties":{"name":"Seneca"},"id":"39147"},{"arcs":[[439,440,441,442]],"type":"Polygon","properties":{"name":"Bennett"},"id":"46007"},{"arcs":[[443,444,445,446,447,448]],"type":"Polygon","properties":{"name":"Clark"},"id":"46025"},{"arcs":[[449,450,451,452,-431]],"type":"Polygon","properties":{"name":"Clay"},"id":"31035"},{"arcs":[[453,454,455,456,457]],"type":"Polygon","properties":{"name":"Howard"},"id":"48227"},{"arcs":[[458,459,-121,460,461,462]],"type":"Polygon","properties":{"name":"Lavaca"},"id":"48285"},{"arcs":[[463,464,465,466,467,468]],"type":"Polygon","properties":{"name":"Green"},"id":"55045"},{"arcs":[[469,470,471,472]],"type":"Polygon","properties":{"name":"Zavala"},"id":"48507"},{"arcs":[[473,474,475,-259,476,-324]],"type":"Polygon","properties":{"name":"Haskell"},"id":"20081"},{"arcs":[[477,478,479,480,-413,481,482,483]],"type":"Polygon","properties":{"name":"Ness"},"id":"20135"},{"arcs":[[484,485,486,487,488,489]],"type":"Polygon","properties":{"name":"Logan"},"id":"20109"},{"arcs":[[490,491,492,493,494]],"type":"Polygon","properties":{"name":"Logan"},"id":"31113"},{"arcs":[[495,496,497,498,499]],"type":"Polygon","properties":{"name":"Coffee"},"id":"01031"},{"arcs":[[500,501,502,503,504]],"type":"Polygon","properties":{"name":"Kings"},"id":"06031"},{"arcs":[[505,506,507,508]],"type":"Polygon","properties":{"name":"Carlton"},"id":"27017"},{"arcs":[[509,510,511,512,513,514]],"type":"Polygon","properties":{"name":"Dickey"},"id":"38021"},{"arcs":[[[515,516,517,518,519,520,521,522,523]],[[524]],[[525]]],"type":"MultiPolygon","properties":{"name":"Bethel"},"id":"02050"},{"arcs":[[526,527,528,529,530,531,532,-398]],"type":"Polygon","properties":{"name":"Sumter"},"id":"13261"},{"arcs":[[533,534,535,536]],"type":"Polygon","properties":{"name":"Jenkins"},"id":"13165"},{"arcs":[[537,538,539,540,541]],"type":"Polygon","properties":{"name":"Hardin"},"id":"19083"},{"arcs":[[542,543,544,545]],"type":"Polygon","properties":{"name":"Ida"},"id":"19093"},{"arcs":[[546,-489,547,548,549,550]],"type":"Polygon","properties":{"name":"Wichita"},"id":"20203"},{"arcs":[[551,552,553,554,555,556,557]],"type":"Polygon","properties":{"name":"Becker"},"id":"27005"},{"arcs":[[558,559,560,561,562]],"type":"Polygon","properties":{"name":"Tate"},"id":"28137"},{"arcs":[[563,564,-193,-450,-430,565]],"type":"Polygon","properties":{"name":"Hamilton"},"id":"31081"},{"arcs":[[566,567,568,-434,569,570]],"type":"Polygon","properties":{"name":"Wood"},"id":"39173"},{"arcs":[[571,572,573,574,-446]],"type":"Polygon","properties":{"name":"Hamlin"},"id":"46057"},{"arcs":[[575,576,577,578,579]],"type":"Polygon","properties":{"name":"Taylor"},"id":"48441"},{"arcs":[[580,581,582,583,584,585,586]],"type":"Polygon","properties":{"name":"Ellis"},"id":"48139"},{"arcs":[[587]],"type":"Polygon","properties":{"name":"Winchester"},"id":"51840"},{"arcs":[[-222,588,589,590,591,592]],"type":"Polygon","properties":{"name":"Dunn"},"id":"55033"},{"arcs":[[593,594,595,596,597,598,599]],"type":"Polygon","properties":{"name":"Barranquitas"},"id":"72019"},{"arcs":[[600,601,-491,602,603]],"type":"Polygon","properties":{"name":"Thomas"},"id":"31171"},{"arcs":[[604,605,606,607,608,609]],"type":"Polygon","properties":{"name":"Gila"},"id":"04007"},{"arcs":[[610,611,612,613,614]],"type":"Polygon","properties":{"name":"Kenton"},"id":"21117"},{"arcs":[[[615]],[[616,617,618,619,620,621]]],"type":"MultiPolygon","properties":{"name":"Hancock"},"id":"23009"},{"arcs":[[622,623,624,625,626,627,628,629]],"type":"Polygon","properties":{"name":"Washington"},"id":"24043"},{"arcs":[[630,631,632]],"type":"Polygon","properties":{"name":"Bristol"},"id":"44001"},{"arcs":[[633,634]],"type":"Polygon","properties":{"name":"Bristol"},"id":"51520"},{"arcs":[[635,636,637,638,639]],"type":"Polygon","properties":{"name":"Gilmer"},"id":"13123"},{"arcs":[[640,641,642,643]],"type":"Polygon","properties":{"name":"Madison"},"id":"16065"},{"arcs":[[644,645,646,647,648,649]],"type":"Polygon","properties":{"name":"Hamilton"},"id":"17065"},{"arcs":[[650,651,652,653,654,655,656]],"type":"Polygon","properties":{"name":"Greenwood"},"id":"20073"},{"arcs":[[657,658,659,660,661,-308]],"type":"Polygon","properties":{"name":"Montcalm"},"id":"26117"},{"arcs":[[-561,662,663,664,665,666,667]],"type":"Polygon","properties":{"name":"Lafayette"},"id":"28071"},{"arcs":[[668,669,670,671,672,-424]],"type":"Polygon","properties":{"name":"Lancaster"},"id":"31109"},{"arcs":[[673,674,675,676]],"type":"Polygon","properties":{"name":"Yates"},"id":"36123"},{"arcs":[[677,678,679,680,681,682]],"type":"Polygon","properties":{"name":"Fayette"},"id":"39047"},{"arcs":[[683,684,685,686,687,688,689,690]],"type":"Polygon","properties":{"name":"Grant"},"id":"41023"},{"arcs":[[691,692,693,694,695,696]],"type":"Polygon","properties":{"name":"McLennan"},"id":"48309"},{"arcs":[[697,698,699,700,701,702]],"type":"Polygon","properties":{"name":"Parker"},"id":"48367"},{"arcs":[[703,704,705,706,707,708,709,710]],"type":"Polygon","properties":{"name":"Texas"},"id":"29215"},{"arcs":[[711,712,-110,713,714,715]],"type":"Polygon","properties":{"name":"Manatí"},"id":"72091"},{"arcs":[[716,717,718,719,720]],"type":"Polygon","properties":{"name":"Kinney"},"id":"48271"},{"arcs":[[721,722,723,724,725]],"type":"Polygon","properties":{"name":"Sherman"},"id":"31163"},{"arcs":[[726,727,728,-640,729,730]],"type":"Polygon","properties":{"name":"Murray"},"id":"13213"},{"arcs":[[731,732,733,734,735,736,737,738,739]],"type":"Polygon","properties":{"name":"Idaho"},"id":"16049"},{"arcs":[[740,741,742,743,-663,-560,744]],"type":"Polygon","properties":{"name":"Marshall"},"id":"28093"},{"arcs":[[745,746,747,748,-352]],"type":"Polygon","properties":{"name":"Bottineau"},"id":"38009"},{"arcs":[[749,750,751,752,753]],"type":"Polygon","properties":{"name":"Lake"},"id":"08065"},{"arcs":[[754,755,756,757,758]],"type":"Polygon","properties":{"name":"Williamson"},"id":"17199"},{"arcs":[[-540,759,760,-295,761]],"type":"Polygon","properties":{"name":"Marshall"},"id":"19127"},{"arcs":[[762,763,764,765,766]],"type":"Polygon","properties":{"name":"Fayette"},"id":"19065"},{"arcs":[[767,768,-182,769,770]],"type":"Polygon","properties":{"name":"Kalamazoo"},"id":"26077"},{"arcs":[[771,772,773,774,775]],"type":"Polygon","properties":{"name":"Madison"},"id":"29123"},{"arcs":[[776,-494,777,778,779,780,781,782]],"type":"Polygon","properties":{"name":"Lincoln"},"id":"31111"},{"arcs":[[783,784,-326,785,786,787]],"type":"Polygon","properties":{"name":"Stanton"},"id":"20187"},{"arcs":[[788,789,790,791,792]],"type":"Polygon","properties":{"name":"Clark"},"id":"39023"},{"arcs":[[793,794,795,-203]],"type":"Polygon","properties":{"name":"Chester"},"id":"45023"},{"arcs":[[796,797,-343,798,-470,-719]],"type":"Polygon","properties":{"name":"Uvalde"},"id":"48463"},{"arcs":[[799,800,801,802,803]],"type":"Polygon","properties":{"name":"Leake"},"id":"28079"},{"arcs":[[804,805,806,807]],"type":"Polygon","properties":{"name":"Juncos"},"id":"72077"},{"arcs":[[808,809,810,811]],"type":"Polygon","properties":{"name":"Hettinger"},"id":"38041"},{"arcs":[[812,813]],"type":"Polygon","properties":{"name":"Manassas Park"},"id":"51685"},{"arcs":[[814,815,816,817]],"type":"Polygon","properties":{"name":"Glascock"},"id":"13125"},{"arcs":[[818,819,820,821,822]],"type":"Polygon","properties":{"name":"Liberty"},"id":"30051"},{"arcs":[[823,824,825]],"type":"Polygon","properties":{"name":"St. Louis"},"id":"29510"},{"arcs":[[826,827,828,829,830,831,832]],"type":"Polygon","properties":{"name":"Adams"},"id":"08001"},{"arcs":[[833,834,835,836]],"type":"Polygon","properties":{"name":"St. Lucie"},"id":"12111"},{"arcs":[[[837,838,839,840,841]],[[842]]],"type":"MultiPolygon","properties":{"name":"King"},"id":"53033"},{"arcs":[[-253,843]],"type":"Polygon","properties":{"name":"Skagway"},"id":"02230"},{"arcs":[[844,845,846,847]],"type":"Polygon","properties":{"name":"Fayette"},"id":"13113"},{"arcs":[[848,849,850,851,-62,852,853]],"type":"Polygon","properties":{"name":"Henry"},"id":"18065"},{"arcs":[[854,-411,855,856,857,858]],"type":"Polygon","properties":{"name":"Edwards"},"id":"20047"},{"arcs":[[859,860,-6,861,862,863]],"type":"Polygon","properties":{"name":"Edgar"},"id":"17045"},{"arcs":[[-803,864,865,866,867]],"type":"Polygon","properties":{"name":"Newton"},"id":"28101"},{"arcs":[[868,869,870,-475,871]],"type":"Polygon","properties":{"name":"Gray"},"id":"20069"},{"arcs":[[872,-31,873,874,-513]],"type":"Polygon","properties":{"name":"Sargent"},"id":"38081"},{"arcs":[[875,876,877,878,879,880]],"type":"Polygon","properties":{"name":"Hocking"},"id":"39073"},{"arcs":[[881,882,883,884,885]],"type":"Polygon","properties":{"name":"Haskell"},"id":"48207"},{"arcs":[[886,887,888,889,890]],"type":"Polygon","properties":{"name":"Coke"},"id":"48081"},{"arcs":[[891,892,-241,893]],"type":"Polygon","properties":{"name":"Dickens"},"id":"48125"},{"arcs":[[894,895,-116,-460,896]],"type":"Polygon","properties":{"name":"Colorado"},"id":"48089"},{"arcs":[[897,898,899,900,901]],"type":"Polygon","properties":{"name":"Guayama"},"id":"72057"},{"arcs":[[902,903,904,905,906,907]],"type":"Polygon","properties":{"name":"Jerauld"},"id":"46073"},{"arcs":[[908,909,910,911,912]],"type":"Polygon","properties":{"name":"Wirt"},"id":"54105"},{"arcs":[[913,914,915,916,917]],"type":"Polygon","properties":{"name":"De Baca"},"id":"35011"},{"arcs":[[918,919,920,921,922]],"type":"Polygon","properties":{"name":"Franklin"},"id":"20059"},{"arcs":[[923,924,925,926]],"type":"Polygon","properties":{"name":"Oliver"},"id":"38065"},{"arcs":[[927,928,929,930,931]],"type":"Polygon","properties":{"name":"Ringgold"},"id":"19159"},{"arcs":[[932,933,934,935,936,937]],"type":"Polygon","properties":{"name":"Macoupin"},"id":"17117"},{"arcs":[[938,939,940,941,942,943]],"type":"Polygon","properties":{"name":"Marshall"},"id":"17123"},{"arcs":[[944,945,946,947,-69]],"type":"Polygon","properties":{"name":"Wapello"},"id":"19179"},{"arcs":[[948,949,950,951,952,953,954]],"type":"Polygon","properties":{"name":"Webster"},"id":"19187"},{"arcs":[[955,956,957,958,959]],"type":"Polygon","properties":{"name":"Adams"},"id":"19003"},{"arcs":[[960,-940,961]],"type":"Polygon","properties":{"name":"Putnam"},"id":"17155"},{"arcs":[[962,963,964,965,966,967,968]],"type":"Polygon","properties":{"name":"Richland"},"id":"17159"},{"arcs":[[-766,969,970,971,972]],"type":"Polygon","properties":{"name":"Buchanan"},"id":"19019"},{"arcs":[[973,974,975,976,977,978]],"type":"Polygon","properties":{"name":"Washington"},"id":"17189"},{"arcs":[[-81,979,980,981,982]],"type":"Polygon","properties":{"name":"Cerro Gordo"},"id":"19033"},{"arcs":[[983,984,985,986,987]],"type":"Polygon","properties":{"name":"Saline"},"id":"20169"},{"arcs":[[988,989,990,991,992,993]],"type":"Polygon","properties":{"name":"Owen"},"id":"21187"},{"arcs":[[994,995,996,997,998,999,1000,-368]],"type":"Polygon","properties":{"name":"Mohave"},"id":"04015"},{"arcs":[[1001,-907,1002,1003,1004]],"type":"Polygon","properties":{"name":"Brule"},"id":"46015"},{"arcs":[[1005,1006,1007,1008,1009]],"type":"Polygon","properties":{"name":"Benewah"},"id":"16009"},{"arcs":[[1010,1011,1012,1013,1014]],"type":"Polygon","properties":{"name":"Hansford"},"id":"48195"},{"arcs":[[1015,1016,1017,1018]],"type":"Polygon","properties":{"name":"Humacao"},"id":"72069"},{"arcs":[[1019,1020,-71,1021,1022]],"type":"Polygon","properties":{"name":"Lucas"},"id":"19117"},{"arcs":[[1023,1024,1025,1026,1027]],"type":"Polygon","properties":{"name":"Bledsoe"},"id":"47007"},{"arcs":[[1028,1029,1030,1031,1032]],"type":"Polygon","properties":{"name":"Lee"},"id":"17103"},{"arcs":[[1033,1034,1035,1036,1037]],"type":"Polygon","properties":{"name":"Gooding"},"id":"16047"},{"arcs":[[1038,1039,-510,1040,1041,1042]],"type":"Polygon","properties":{"name":"McIntosh"},"id":"38051"},{"arcs":[[1043,1044,1045,1046,-214]],"type":"Polygon","properties":{"name":"Coos"},"id":"33007"},{"arcs":[[1047,1048,1049,1050,1051,1052,1053]],"type":"Polygon","properties":{"name":"Potter"},"id":"42105"},{"arcs":[[1054,1055,1056,1057,1058,1059]],"type":"Polygon","properties":{"name":"Towner"},"id":"38095"},{"arcs":[[1060,1061,1062,-659,1063]],"type":"Polygon","properties":{"name":"Isabella"},"id":"26073"},{"arcs":[[1064,1065,1066,1067,1068,1069,-916]],"type":"Polygon","properties":{"name":"Roosevelt"},"id":"35041"},{"arcs":[[1070,1071,1072,1073,1074]],"type":"Polygon","properties":{"name":"Stanton"},"id":"31167"},{"arcs":[[1075,1076,1077,1078,1079,1080]],"type":"Polygon","properties":{"name":"Jackson"},"id":"39079"},{"arcs":[[1081,1082,1083,1084,1085,1086]],"type":"Polygon","properties":{"name":"Barnes"},"id":"38003"},{"arcs":[[1087,1088,-1082,1089,1090,1091]],"type":"Polygon","properties":{"name":"Griggs"},"id":"38039"},{"arcs":[[1092,1093,1094,1095,1096]],"type":"Polygon","properties":{"name":"Sullivan"},"id":"42113"},{"arcs":[[1097,1098,1099,1100]],"type":"Polygon","properties":{"name":"Allen"},"id":"20001"},{"arcs":[[1101,1102,1103,1104,-232,1105]],"type":"Polygon","properties":{"name":"Collingsworth"},"id":"48087"},{"arcs":[[1106,1107,1108,1109,1110]],"type":"Polygon","properties":{"name":"Comanche"},"id":"48093"},{"arcs":[[1111,-894,1112,1113]],"type":"Polygon","properties":{"name":"Crosby"},"id":"48107"},{"arcs":[[1114,1115,1116,1117,1118]],"type":"Polygon","properties":{"name":"Emmet"},"id":"19063"},{"arcs":[[1119,1120,1121,-981]],"type":"Polygon","properties":{"name":"Floyd"},"id":"19067"},{"arcs":[[1122,1123,1124,1125,1126]],"type":"Polygon","properties":{"name":"Franklin"},"id":"37069"},{"arcs":[[-59,1127,-864,1128,1129]],"type":"Polygon","properties":{"name":"Douglas"},"id":"17041"},{"arcs":[[1130,1131,1132,1133,-652,1134]],"type":"Polygon","properties":{"name":"Lyon"},"id":"20111"},{"arcs":[[1135,1136,1137,1138,1139]],"type":"Polygon","properties":{"name":"Ingham"},"id":"26065"},{"arcs":[[1140,-1139,1141,1142,1143,1144,-179]],"type":"Polygon","properties":{"name":"Jackson"},"id":"26075"},{"arcs":[[-309,-662,1145,1146,1147,1148,1149]],"type":"Polygon","properties":{"name":"Kent"},"id":"26081"},{"arcs":[[1150,1151,1152,1153,1154,1155,1156]],"type":"Polygon","properties":{"name":"Morgan"},"id":"21175"},{"arcs":[[1157,1158,1159,1160,1161]],"type":"Polygon","properties":{"name":"Jefferson"},"id":"55055"},{"arcs":[[1162,1163,1164,1165,1166]],"type":"Polygon","properties":{"name":"Dodge"},"id":"27039"},{"arcs":[[1167,-311,1168,1169]],"type":"Polygon","properties":{"name":"Oceana"},"id":"26127"},{"arcs":[[1170,1171,1172,1173,1174,1175,1176]],"type":"Polygon","properties":{"name":"Cook"},"id":"17031"},{"arcs":[[1177,1178,1179,1180,1181]],"type":"Polygon","properties":{"name":"Effingham"},"id":"17049"},{"arcs":[[-967,1182,1183,1184]],"type":"Polygon","properties":{"name":"Edwards"},"id":"17047"},{"arcs":[[1185,1186,1187,1188,1189,1190]],"type":"Polygon","properties":{"name":"Bracken"},"id":"21023"},{"arcs":[[1191,1192,1193,1194,1195]],"type":"Polygon","properties":{"name":"Douglas"},"id":"27041"},{"arcs":[[1196,1197,1198,1199,1200]],"type":"Polygon","properties":{"name":"Kingfisher"},"id":"40073"},{"arcs":[[-906,1201,-338,1202,1203,-1003]],"type":"Polygon","properties":{"name":"Aurora"},"id":"46003"},{"arcs":[[1204,-395,1205,1206,1207,1208]],"type":"Polygon","properties":{"name":"Turner"},"id":"46125"},{"arcs":[[1209,-448,1210,1211,-904,1212]],"type":"Polygon","properties":{"name":"Beadle"},"id":"46005"},{"arcs":[[1213,1214,1215,1216,1217,1218]],"type":"Polygon","properties":{"name":"Andrews"},"id":"48003"},{"arcs":[[1219,1220,1221,1222,1223]],"type":"Polygon","properties":{"name":"Cheatham"},"id":"47021"},{"arcs":[[1224,1225,1226,1227,1228,1229,1230]],"type":"Polygon","properties":{"name":"Atascosa"},"id":"48013"},{"arcs":[[1231,1232,1233,1234,1235,1236,1237,1238]],"type":"Polygon","properties":{"name":"Bucks"},"id":"42017"},{"arcs":[[1239,1240,1241,1242,1243]],"type":"Polygon","properties":{"name":"Carbon"},"id":"42025"},{"arcs":[[1244,1245,-1213,-903,1246,1247]],"type":"Polygon","properties":{"name":"Hand"},"id":"46059"},{"arcs":[[-447,-575,1248,1249,1250,1251,-1211]],"type":"Polygon","properties":{"name":"Kingsbury"},"id":"46077"},{"arcs":[[1252,1253,-396,-1205,1254,1255]],"type":"Polygon","properties":{"name":"McCook"},"id":"46087"},{"arcs":[[-1251,1256,-1253,1257,1258]],"type":"Polygon","properties":{"name":"Miner"},"id":"46097"},{"arcs":[[1259,1260,1261,1262,1263]],"type":"Polygon","properties":{"name":"Iron"},"id":"49021"},{"arcs":[[1264,1265,1266,1267]],"type":"Polygon","properties":{"name":"Sublette"},"id":"56035"},{"arcs":[[1268,1269,1270,1271,1272]],"type":"Polygon","properties":{"name":"Lincoln"},"id":"55069"},{"arcs":[[1273,1274,1275,1276,1277,1278]],"type":"Polygon","properties":{"name":"Golden Valley"},"id":"30037"},{"arcs":[[1279,1280,1281,1282]],"type":"Polygon","properties":{"name":"Lee"},"id":"45061"},{"arcs":[[1283,1284,1285,1286,1287,1288,1289]],"type":"Polygon","properties":{"name":"Brooks"},"id":"48047"},{"arcs":[[1290,1291,1292,1293,-220]],"type":"Polygon","properties":{"name":"Rusk"},"id":"55107"},{"arcs":[[1294,1295,1296,1297,1298,1299,1300]],"type":"Polygon","properties":{"name":"Niobrara"},"id":"56027"},{"arcs":[[1301,1302,1303,1304,1305]],"type":"Polygon","properties":{"name":"Fluvanna"},"id":"51065"},{"arcs":[[1306,1307,1308,1309,1310]],"type":"Polygon","properties":{"name":"Clarke"},"id":"51043"},{"arcs":[[1311,1312,1313,1314,1315,1316]],"type":"Polygon","properties":{"name":"Murray"},"id":"27101"},{"arcs":[[1317,1318,1319,1320,1321,1322,1323]],"type":"Polygon","properties":{"name":"Burnet"},"id":"48053"},{"arcs":[[1324,1325,-1317,1326,1327]],"type":"Polygon","properties":{"name":"Pipestone"},"id":"27117"},{"arcs":[[-1327,-1316,1328,1329,-392]],"type":"Polygon","properties":{"name":"Rock"},"id":"27133"},{"arcs":[[1330,1331,1332,1333,1334]],"type":"Polygon","properties":{"name":"Lunenburg"},"id":"51111"},{"arcs":[[1335,-1167,1336,1337,1338]],"type":"Polygon","properties":{"name":"Steele"},"id":"27147"},{"arcs":[[1339,1340,1341,1342,1343]],"type":"Polygon","properties":{"name":"Cole"},"id":"29051"},{"arcs":[[1344,1345,1346,1347,1348]],"type":"Polygon","properties":{"name":"Fayette"},"id":"01057"},{"arcs":[[1349,1350,1351,1352,1353,1354]],"type":"Polygon","properties":{"name":"Cloud"},"id":"20029"},{"arcs":[[1355,1356,1357,1358,1359,1360]],"type":"Polygon","properties":{"name":"Cass"},"id":"17017"},{"arcs":[[1361,1362,1363,1364,1365]],"type":"Polygon","properties":{"name":"Crockett"},"id":"47033"},{"arcs":[[1366,1367,1368,1369,1370]],"type":"Polygon","properties":{"name":"Rockdale"},"id":"13247"},{"arcs":[[1371,1372,1373,1374,1375]],"type":"Polygon","properties":{"name":"Dawes"},"id":"31045"},{"arcs":[[1376,1377,1378,1379,-1035]],"type":"Polygon","properties":{"name":"Lincoln"},"id":"16063"},{"arcs":[[-1379,1380,1381,1382]],"type":"Polygon","properties":{"name":"Minidoka"},"id":"16067"},{"arcs":[[1383,-1181,1384,-969,1385,1386]],"type":"Polygon","properties":{"name":"Clay"},"id":"17025"},{"arcs":[[1387,1388,1389,1390,1391]],"type":"Polygon","properties":{"name":"Washington"},"id":"29221"},{"arcs":[[1392,1393,-1054,1394,1395,1396]],"type":"Polygon","properties":{"name":"McKean"},"id":"42083"},{"arcs":[[1397,1398,1399,1400,1401,1402,1403]],"type":"Polygon","properties":{"name":"Macon"},"id":"29121"},{"arcs":[[1404,1405,-1339,1406,1407,1408]],"type":"Polygon","properties":{"name":"Waseca"},"id":"27161"},{"arcs":[[1409,1410,1411]],"type":"Polygon","properties":{"name":"Montour"},"id":"42093"},{"arcs":[[1412,1413,1414,1415,1416]],"type":"Polygon","properties":{"name":"Roscommon"},"id":"26143"},{"arcs":[[1417,1418,1419,1420,1421]],"type":"Polygon","properties":{"name":"Barton"},"id":"29011"},{"arcs":[[1422,1423,1424,1425,-26,1426,-1084]],"type":"Polygon","properties":{"name":"Cass"},"id":"38017"},{"arcs":[[1427,-1075,1428,-208,1429]],"type":"Polygon","properties":{"name":"Madison"},"id":"31119"},{"arcs":[[1430,-1091,1431,-92]],"type":"Polygon","properties":{"name":"Foster"},"id":"38031"},{"arcs":[[1432,-782,1433,1434,1435,1436,1437]],"type":"Polygon","properties":{"name":"Perkins"},"id":"31135"},{"arcs":[[1438,1439,1440,1441,1442]],"type":"Polygon","properties":{"name":"Sierra"},"id":"06091"},{"arcs":[[-545,1443,1444,1445,1446,1447]],"type":"Polygon","properties":{"name":"Crawford"},"id":"19047"},{"arcs":[[1448,1449,1450,1451,1452,1453]],"type":"Polygon","properties":{"name":"Knox"},"id":"17095"},{"arcs":[[1454,1455,1456,1457,1458,-941,-961,1459,-1031]],"type":"Polygon","properties":{"name":"LaSalle"},"id":"17099"},{"arcs":[[1460,1461,1462,1463,1464,1465,1466]],"type":"Polygon","properties":{"name":"Kit Carson"},"id":"08063"},{"arcs":[[-198,1467,-789,1468,-330]],"type":"Polygon","properties":{"name":"Miami"},"id":"39109"},{"arcs":[[1469,1470,1471,1472]],"type":"Polygon","properties":{"name":"La Salle"},"id":"48283"},{"arcs":[[1473,1474,-837,1475,1476,1477]],"type":"Polygon","properties":{"name":"Okeechobee"},"id":"12093"},{"arcs":[[1478,1479,1480,1481,1482,1483]],"type":"Polygon","properties":{"name":"Custer"},"id":"16037"},{"arcs":[[1484,-1436,1485,1486,1487]],"type":"Polygon","properties":{"name":"Phillips"},"id":"08095"},{"arcs":[[-971,1488,1489,1490,1491,1492]],"type":"Polygon","properties":{"name":"Linn"},"id":"19113"},{"arcs":[[1493,1494,-960,1495,1496]],"type":"Polygon","properties":{"name":"Montgomery"},"id":"19137"},{"arcs":[[1497,1498,1499,1500,1501,1502]],"type":"Polygon","properties":{"name":"Clay"},"id":"13061"},{"arcs":[[1503,1504,1505,1506,1507]],"type":"Polygon","properties":{"name":"Richland"},"id":"39139"},{"arcs":[[1508,1509,1510,1511,-51,1512]],"type":"Polygon","properties":{"name":"Dodge"},"id":"13091"},{"arcs":[[1513,1514,-299,1515,1516,1517]],"type":"Polygon","properties":{"name":"Polk"},"id":"19153"},{"arcs":[[1518,1519,1520,1521,1522]],"type":"Polygon","properties":{"name":"Terry"},"id":"48445"},{"arcs":[[1523,1524,1525,1526,-883]],"type":"Polygon","properties":{"name":"Throckmorton"},"id":"48447"},{"arcs":[[1527,1528,1529,-1179,1530]],"type":"Polygon","properties":{"name":"Cumberland"},"id":"17035"},{"arcs":[[1531,1532,1533,1534,1535,1536,1537]],"type":"Polygon","properties":{"name":"Union"},"id":"39159"},{"arcs":[[1538,1539,1540,1541,1542]],"type":"Polygon","properties":{"name":"Lamar"},"id":"13171"},{"arcs":[[1543,1544,1545,1546,-195,1547]],"type":"Polygon","properties":{"name":"Auglaize"},"id":"39011"},{"arcs":[[-1541,1548,1549,1550,1551,1552,1553]],"type":"Polygon","properties":{"name":"Monroe"},"id":"13207"},{"arcs":[[-570,-439,1554,1555,1556,1557]],"type":"Polygon","properties":{"name":"Hancock"},"id":"39063"},{"arcs":[[1558,-1523,1559,1560]],"type":"Polygon","properties":{"name":"Yoakum"},"id":"48501"},{"arcs":[[1561,1562,1563,1564,-1550,1565]],"type":"Polygon","properties":{"name":"Jasper"},"id":"13159"},{"arcs":[[1566,1567,1568,1569]],"type":"Polygon","properties":{"name":"Stephens"},"id":"13257"},{"arcs":[[1570,-176,-543,1571,1572]],"type":"Polygon","properties":{"name":"Cherokee"},"id":"19035"},{"arcs":[[1573,1574,-48,1575,1576,1577,1578]],"type":"Polygon","properties":{"name":"Cleveland"},"id":"05025"},{"arcs":[[1579,-767,1580,1581]],"type":"Polygon","properties":{"name":"Bremer"},"id":"19017"},{"arcs":[[1582,1583,1584]],"type":"Polygon","properties":{"name":"Sherman"},"id":"41055"},{"arcs":[[1585,1586,1587,-1510,1588,1589]],"type":"Polygon","properties":{"name":"Laurens"},"id":"13175"},{"arcs":[[1590,1591,1592,-1586,1593]],"type":"Polygon","properties":{"name":"Johnson"},"id":"13167"},{"arcs":[[1594,1595,-1585,1596,1597,1598,1599,1600]],"type":"Polygon","properties":{"name":"Wasco"},"id":"41065"},{"arcs":[[1601,1602,1603,1604,1605]],"type":"Polygon","properties":{"name":"St. Francis"},"id":"05123"},{"arcs":[[[1606]],[[1607]],[[1608]],[[1609]],[[1610]],[[1611]],[[1612]],[[1613]],[[1614]],[[1615,1616]],[[1617]],[[1618]],[[1619]]],"type":"MultiPolygon","properties":{"name":"Aleutians East"},"id":"02013"},{"arcs":[[[1620]],[[1621]],[[1622,1623,1624,1625]]],"type":"MultiPolygon","properties":{"name":"Ketchikan Gateway"},"id":"02130"},{"arcs":[[1626,1627,1628,1629,1630,1631]],"type":"Polygon","properties":{"name":"Pennington"},"id":"27113"},{"arcs":[[-1631,1632]],"type":"Polygon","properties":{"name":"Red Lake"},"id":"27125"},{"arcs":[[1633,1634,1635,1636,1637]],"type":"Polygon","properties":{"name":"Morgan"},"id":"39115"},{"arcs":[[1638,1639,1640,1641,1642]],"type":"Polygon","properties":{"name":"Choctaw"},"id":"28019"},{"arcs":[[1643,1644,1645,1646,1647,1648]],"type":"Polygon","properties":{"name":"Grundy"},"id":"29079"},{"arcs":[[1649,1650,1651,-760,-539]],"type":"Polygon","properties":{"name":"Grundy"},"id":"19075"},{"arcs":[[1652,1653,-1519,1654]],"type":"Polygon","properties":{"name":"Hockley"},"id":"48219"},{"arcs":[[1655,1656,1657,1658]],"type":"Polygon","properties":{"name":"Rockwall"},"id":"48397"},{"arcs":[[1659,1660,1661,1662,1663]],"type":"Polygon","properties":{"name":"Schleicher"},"id":"48413"},{"arcs":[[1664,1665,1666,1667,1668,1669,1670]],"type":"Polygon","properties":{"name":"Okfuskee"},"id":"40107"},{"arcs":[[1671,1672,1673,1674,1675]],"type":"Polygon","properties":{"name":"Stevens"},"id":"27149"},{"arcs":[[-348,1676,1677,1678,1679]],"type":"Polygon","properties":{"name":"Arthur"},"id":"31005"},{"arcs":[[1680,1681,1682,1683,-1419]],"type":"Polygon","properties":{"name":"Cedar"},"id":"29039"},{"arcs":[[1684,1685,1686,1687,1688,1689]],"type":"Polygon","properties":{"name":"Swisher"},"id":"48437"},{"arcs":[[1690,1691,-1438,1692,1693]],"type":"Polygon","properties":{"name":"Deuel"},"id":"31049"},{"arcs":[[1694,-235,1695,-892,1696]],"type":"Polygon","properties":{"name":"Motley"},"id":"48345"},{"arcs":[[1697,1698,1699,1700,1701]],"type":"Polygon","properties":{"name":"Riverside"},"id":"06065"},{"arcs":[[1702,1703,1704,1705]],"type":"Polygon","properties":{"name":"Heard"},"id":"13149"},{"arcs":[[1706,1707,1708,1709,1710,1711]],"type":"Polygon","properties":{"name":"Banner"},"id":"31007"},{"arcs":[[-748,1712,-1059,1713,-89,1714,1715]],"type":"Polygon","properties":{"name":"Pierce"},"id":"38069"},{"arcs":[[1716,1717,1718,1719,1720,1721,1722,-270]],"type":"Polygon","properties":{"name":"Caswell"},"id":"37033"},{"arcs":[[1723,1724,1725,1726,1727,1728]],"type":"Polygon","properties":{"name":"Dundy"},"id":"31057"},{"arcs":[[1729,-1689,1730,1731,1732]],"type":"Polygon","properties":{"name":"Hale"},"id":"48189"},{"arcs":[[1733,-1715,-95,1734,1735,1736]],"type":"Polygon","properties":{"name":"Sheridan"},"id":"38083"},{"arcs":[[1737,1738,1739,1740,1741]],"type":"Polygon","properties":{"name":"Howard"},"id":"05061"},{"arcs":[[-1402,1742,1743,1744,1745,1746]],"type":"Polygon","properties":{"name":"Randolph"},"id":"29175"},{"arcs":[[1747,1748]],"type":"Polygon","properties":{"name":"Colonial Heights"},"id":"51570"},{"arcs":[[1749,1750,1751,1752,1753,1754]],"type":"Polygon","properties":{"name":"Ray"},"id":"29177"},{"arcs":[[1755,1756]],"type":"Polygon","properties":{"name":"Franklin"},"id":"51620"},{"arcs":[[1757,1758,1759,1760,1761]],"type":"Polygon","properties":{"name":"Brown"},"id":"20013"},{"arcs":[[1762]],"type":"Polygon","properties":{"name":"Lexington"},"id":"51678"},{"arcs":[[1763,-1748,1764,1765,1766]],"type":"Polygon","properties":{"name":"Petersburg"},"id":"51730"},{"arcs":[[1767,1768,1769,-957,1770]],"type":"Polygon","properties":{"name":"Adair"},"id":"19001"},{"arcs":[[1771,1772,1773,1774,1775,1776,1777]],"type":"Polygon","properties":{"name":"Jasper"},"id":"18073"},{"arcs":[[1778,1779,1780,1781,1782]],"type":"Polygon","properties":{"name":"DeSoto"},"id":"12027"},{"arcs":[[1783,1784,1785,1786,1787,1788,1789]],"type":"Polygon","properties":{"name":"Chilton"},"id":"01021"},{"arcs":[[1790,1791,1792,-1666,1793,1794]],"type":"Polygon","properties":{"name":"Creek"},"id":"40037"},{"arcs":[[1795,1796,1797,1798,-893]],"type":"Polygon","properties":{"name":"King"},"id":"48269"},{"arcs":[[1799,1800,-273,1801,1802]],"type":"Polygon","properties":{"name":"Stokes"},"id":"37169"},{"arcs":[[1803,1804,1805,1806,1807,1808,1809]],"type":"Polygon","properties":{"name":"Carter"},"id":"40019"},{"arcs":[[-1669,1810,1811,1812,1813,1814]],"type":"Polygon","properties":{"name":"Hughes"},"id":"40063"},{"arcs":[[1815,1816,1817,-1805]],"type":"Polygon","properties":{"name":"Murray"},"id":"40099"},{"arcs":[[1818,1819,1820,1821,1822,1823]],"type":"Polygon","properties":{"name":"Haskell"},"id":"40061"},{"arcs":[[1824,-1790,1825,1826,1827]],"type":"Polygon","properties":{"name":"Perry"},"id":"01105"},{"arcs":[[1828,1829,1830,1831,-39,1832,1833,1834,-517,1835]],"type":"Polygon","properties":{"name":"Yukon-Koyukuk"},"id":"02290"},{"arcs":[[1836,1837,-1349,1838,1839]],"type":"Polygon","properties":{"name":"Lamar"},"id":"01075"},{"arcs":[[-1576,-47,1840,1841,1842,1843]],"type":"Polygon","properties":{"name":"Drew"},"id":"05043"},{"arcs":[[1844,1845,1846,1847,1848,1849,1850]],"type":"Polygon","properties":{"name":"Grenada"},"id":"28043"},{"arcs":[[1851,1852,1853,1854,-1751,1855]],"type":"Polygon","properties":{"name":"Caldwell"},"id":"29025"},{"arcs":[[1856,1857,1858,1859]],"type":"Polygon","properties":{"name":"Dawson"},"id":"30021"},{"arcs":[[1860,1861,1862,1863,1864]],"type":"Polygon","properties":{"name":"Hays"},"id":"48209"},{"arcs":[[1865,-1660,1866,1867]],"type":"Polygon","properties":{"name":"Irion"},"id":"48235"},{"arcs":[[1868,1869,1870,1871,1872]],"type":"Polygon","properties":{"name":"Bastrop"},"id":"48021"},{"arcs":[[1873,1874,1875,1876,1877]],"type":"Polygon","properties":{"name":"Thurston"},"id":"53067"},{"arcs":[[1878,1879,1880,1881,1882,1883]],"type":"Polygon","properties":{"name":"Jones"},"id":"28067"},{"arcs":[[1884,1885,1886,1887,1888]],"type":"Polygon","properties":{"name":"Kemper"},"id":"28069"},{"arcs":[[1889,1890,1891,1892]],"type":"Polygon","properties":{"name":"Pershing"},"id":"32027"},{"arcs":[[1893,1894]],"type":"Polygon","properties":{"name":"Storey"},"id":"32029"},{"arcs":[[1895,1896,1897,1898,1899,1900]],"type":"Polygon","properties":{"name":"Toa Alta"},"id":"72135"},{"arcs":[[1901,1902,-900]],"type":"Polygon","properties":{"name":"Arroyo"},"id":"72015"},{"arcs":[[1903,1904,-226]],"type":"Polygon","properties":{"name":"Villalba"},"id":"72149"},{"arcs":[[1905,1906]],"type":"Polygon","properties":{"name":"Suffolk"},"id":"36103"},{"arcs":[[[1907]],[[1908]],[[1909]],[[1910,1911]]],"type":"MultiPolygon","properties":{"name":"Maui"},"id":"15009"},{"arcs":[[1912,1913,1914,1915,1916,1917,1918]],"type":"Polygon","properties":{"name":"Putnam"},"id":"47141"},{"arcs":[[1919,1920,1921,-555,1922]],"type":"Polygon","properties":{"name":"Hubbard"},"id":"27057"},{"arcs":[[1923,1924,1925,1926,-809,1927,1928]],"type":"Polygon","properties":{"name":"Stark"},"id":"38089"},{"arcs":[[[1929,-1829,1930,1931]],[[1932]],[[1933]]],"type":"MultiPolygon","properties":{"name":"Nome"},"id":"02180"},{"arcs":[[1934,-1830,-1930,1935]],"type":"Polygon","properties":{"name":"Northwest Arctic"},"id":"02188"},{"arcs":[[1936,1937,1938,1939,1940]],"type":"Polygon","properties":{"name":"Rice"},"id":"20159"},{"arcs":[[1941,1942,1943,-1597,-1584]],"type":"Polygon","properties":{"name":"Gilliam"},"id":"41021"},{"arcs":[[1944,-1416,1945,-1061,1946]],"type":"Polygon","properties":{"name":"Clare"},"id":"26035"},{"arcs":[[-1415,1947,1948,1949,1950,-1946]],"type":"Polygon","properties":{"name":"Gladwin"},"id":"26051"},{"arcs":[[-353,-749,-1716,-1734,1951,1952]],"type":"Polygon","properties":{"name":"McHenry"},"id":"38049"},{"arcs":[[1953,-1454,1954,1955,1956]],"type":"Polygon","properties":{"name":"Warren"},"id":"17187"},{"arcs":[[1957,1958,-988,1959,1960,1961]],"type":"Polygon","properties":{"name":"Lincoln"},"id":"20105"},{"arcs":[[-1552,1962,1963,1964,1965]],"type":"Polygon","properties":{"name":"Bibb"},"id":"13021"},{"arcs":[[1966,1967,1968,1969,1970,1971]],"type":"Polygon","properties":{"name":"Fond du Lac"},"id":"55039"},{"arcs":[[1972,1973,1974,1975,1976]],"type":"Polygon","properties":{"name":"Carroll"},"id":"18015"},{"arcs":[[1977,1978,1979,-1962,1980,1981,1982]],"type":"Polygon","properties":{"name":"Osborne"},"id":"20141"},{"arcs":[[-135,1983,-1983,1984,1985,1986]],"type":"Polygon","properties":{"name":"Rooks"},"id":"20163"},{"arcs":[[-1981,-1961,1987,1988,1989,1990]],"type":"Polygon","properties":{"name":"Russell"},"id":"20167"},{"arcs":[[1991,1992,1993,1994,1995]],"type":"Polygon","properties":{"name":"Sabana Grande"},"id":"72121"},{"arcs":[[-598,1996,1997,1998,1999]],"type":"Polygon","properties":{"name":"Aibonito"},"id":"72009"},{"arcs":[[2000,2001,2002,2003,-1056]],"type":"Polygon","properties":{"name":"Cavalier"},"id":"38019"},{"arcs":[[2004,2005,2006,-159,2007]],"type":"Polygon","properties":{"name":"Huntington"},"id":"18069"},{"arcs":[[2008,2009,2010,2011,2012]],"type":"Polygon","properties":{"name":"Jefferson"},"id":"20087"},{"arcs":[[-1491,2013,2014,2015,2016,2017]],"type":"Polygon","properties":{"name":"Cedar"},"id":"19031"},{"arcs":[[2018,2019,-165,2020,2021,-1974]],"type":"Polygon","properties":{"name":"Howard"},"id":"18067"},{"arcs":[[2022,2023,2024,-1039,2025]],"type":"Polygon","properties":{"name":"Logan"},"id":"38047"},{"arcs":[[-164,2026,2027,2028,-2021]],"type":"Polygon","properties":{"name":"Tipton"},"id":"18159"},{"arcs":[[2029,2030,2031,2032,2033,2034]],"type":"Polygon","properties":{"name":"Cherokee"},"id":"40021"},{"arcs":[[2035,2036,2037,-1005,2038,2039,2040,2041,2042]],"type":"Polygon","properties":{"name":"Lyman"},"id":"46085"},{"arcs":[[2043,2044,2045,2046]],"type":"Polygon","properties":{"name":"Marquette"},"id":"55077"},{"arcs":[[2047,2048,2049,-1355,2050,-1979,2051]],"type":"Polygon","properties":{"name":"Jewell"},"id":"20089"},{"arcs":[[2052,-484,2053,2054]],"type":"Polygon","properties":{"name":"Lane"},"id":"20101"},{"arcs":[[2055,2056,2057,-572,-445]],"type":"Polygon","properties":{"name":"Codington"},"id":"46029"},{"arcs":[[2058,2059,-553,2060]],"type":"Polygon","properties":{"name":"Mahnomen"},"id":"27087"},{"arcs":[[2061,2062,2063,2064,2065]],"type":"Polygon","properties":{"name":"Sheridan"},"id":"20179"},{"arcs":[[2066,2067,2068,2069,2070,2071,2072,2073]],"type":"Polygon","properties":{"name":"Assumption"},"id":"22007"},{"arcs":[[2074,2075,2076,2077,2078,2079,2080,2081]],"type":"Polygon","properties":{"name":"Concordia"},"id":"22029"},{"arcs":[[-188,2082,2083,2084,2085,-320]],"type":"Polygon","properties":{"name":"Benton"},"id":"29015"},{"arcs":[[2086,2087,2088,2089,2090,2091]],"type":"Polygon","properties":{"name":"Van Buren"},"id":"05141"},{"arcs":[[2092,-1322,2093,-1865,2094,2095,2096]],"type":"Polygon","properties":{"name":"Blanco"},"id":"48031"},{"arcs":[[2097,2098,2099,2100,2101,2102]],"type":"Polygon","properties":{"name":"Kimble"},"id":"48267"},{"arcs":[[2103,2104,-710,2105,2106,2107,2108]],"type":"Polygon","properties":{"name":"Douglas"},"id":"29067"},{"arcs":[[2109,2110,2111,2112,-35]],"type":"Polygon","properties":{"name":"Bent"},"id":"08011"},{"arcs":[[-1521,2113,2114,2115,2116]],"type":"Polygon","properties":{"name":"Dawson"},"id":"48115"},{"arcs":[[2117,2118,2119,2120,2121,2122,2123,2124,2125,2126]],"type":"Polygon","properties":{"name":"Flathead"},"id":"30029"},{"arcs":[[2127,2128,2129,2130,2131]],"type":"Polygon","properties":{"name":"Loving"},"id":"48301"},{"arcs":[[2132,2133,2134,2135,2136,2137,2138]],"type":"Polygon","properties":{"name":"Suffolk"},"id":"51800"},{"arcs":[[-708,2139,2140,2141,2142,2143]],"type":"Polygon","properties":{"name":"Shannon"},"id":"29203"},{"arcs":[[2144,-244,2145,2146,2147]],"type":"Polygon","properties":{"name":"Scurry"},"id":"48415"},{"arcs":[[2148,-456,2149,-891,2150,2151]],"type":"Polygon","properties":{"name":"Sterling"},"id":"48431"},{"arcs":[[2152,2153,2154,-1467,2155,2156,2157,2158,2159]],"type":"Polygon","properties":{"name":"Lincoln"},"id":"08073"},{"arcs":[[-1113,-245,-2145,2160,2161]],"type":"Polygon","properties":{"name":"Garza"},"id":"48169"},{"arcs":[[-884,-1527,2162,2163,2164,2165]],"type":"Polygon","properties":{"name":"Shackelford"},"id":"48417"},{"arcs":[[-1799,-886,2166,2167,-242]],"type":"Polygon","properties":{"name":"Stonewall"},"id":"48433"},{"arcs":[[2168,2169,2170,2171,2172,2173]],"type":"Polygon","properties":{"name":"Grady"},"id":"40051"},{"arcs":[[-1200,2174,2175,2176,-2169,2177,2178]],"type":"Polygon","properties":{"name":"Canadian"},"id":"40017"},{"arcs":[[2179,2180,2181,2182]],"type":"Polygon","properties":{"name":"Titus"},"id":"48449"},{"arcs":[[2183,2184,2185,2186,2187]],"type":"Polygon","properties":{"name":"Garfield"},"id":"31071"},{"arcs":[[2188,2189,2190,2191,2192]],"type":"Polygon","properties":{"name":"Hopkins"},"id":"48223"},{"arcs":[[2193,2194,2195,2196,2197,2198]],"type":"Polygon","properties":{"name":"Broome"},"id":"36007"},{"arcs":[[-181,2199,2200,2201,2202]],"type":"Polygon","properties":{"name":"Branch"},"id":"26023"},{"arcs":[[2203,2204,2205,2206,2207,2208]],"type":"Polygon","properties":{"name":"Fillmore"},"id":"27045"},{"arcs":[[2209,2210,2211,-1544,2212,2213,2214]],"type":"Polygon","properties":{"name":"Van Wert"},"id":"39161"},{"arcs":[[2215,2216,2217,2218,2219]],"type":"Polygon","properties":{"name":"Cook"},"id":"13075"},{"arcs":[[2220,2221,-528,2222]],"type":"Polygon","properties":{"name":"Schley"},"id":"13249"},{"arcs":[[-60,-1130,2223,2224,2225]],"type":"Polygon","properties":{"name":"Moultrie"},"id":"17139"},{"arcs":[[2226,-541,-762,-294,-1515,2227]],"type":"Polygon","properties":{"name":"Story"},"id":"19169"},{"arcs":[[2228,2229,2230,2231,-665]],"type":"Polygon","properties":{"name":"Pontotoc"},"id":"28115"},{"arcs":[[-1420,-1684,2232,2233,2234,2235]],"type":"Polygon","properties":{"name":"Dade"},"id":"29057"},{"arcs":[[2236,2237,2238,2239,2240]],"type":"Polygon","properties":{"name":"Edmonson"},"id":"21061"},{"arcs":[[-2058,2241,2242,2243,2244,2245,-573]],"type":"Polygon","properties":{"name":"Deuel"},"id":"46039"},{"arcs":[[2246,-711,-2105,2247]],"type":"Polygon","properties":{"name":"Wright"},"id":"29229"},{"arcs":[[2248,-2165,2249,2250,2251,-577]],"type":"Polygon","properties":{"name":"Callahan"},"id":"48059"},{"arcs":[[2252]],"type":"Polygon","properties":{"name":"Emporia"},"id":"51595"},{"arcs":[[2253,-1995,2254,2255,2256]],"type":"Polygon","properties":{"name":"Lajas"},"id":"72079"},{"arcs":[[2257,2258,-212,2259,2260,-2185]],"type":"Polygon","properties":{"name":"Wheeler"},"id":"31183"},{"arcs":[[[2261]],[[2262]],[[2263]],[[2264]],[[2265]],[[2266,2267,2268]]],"type":"MultiPolygon","properties":{"name":"Kodiak Island"},"id":"02150"},{"arcs":[[2269,2270,2271,2272]],"type":"Polygon","properties":{"name":"Iosco"},"id":"26069"},{"arcs":[[2273,2274,2275,2276,2277,2278,2279]],"type":"Polygon","properties":{"name":"Beaverhead"},"id":"30001"},{"arcs":[[2280,2281,2282,2283,2284]],"type":"Polygon","properties":{"name":"Middlesex"},"id":"51119"},{"arcs":[[2285,2286,2287,2288,-2087,2289,2290]],"type":"Polygon","properties":{"name":"Searcy"},"id":"05129"},{"arcs":[[2291,2292,2293,2294,-1774]],"type":"Polygon","properties":{"name":"Starke"},"id":"18149"},{"arcs":[[-297,2295,2296,-945,-68,2297]],"type":"Polygon","properties":{"name":"Mahaska"},"id":"19123"},{"arcs":[[2298,-2065,2299,2300,-478,-2053,2301,-487]],"type":"Polygon","properties":{"name":"Gove"},"id":"20063"},{"arcs":[[2302,2303,2304,2305,2306,2307]],"type":"Polygon","properties":{"name":"Stone"},"id":"28131"},{"arcs":[[2308,-669,-423,-191]],"type":"Polygon","properties":{"name":"Seward"},"id":"31159"},{"arcs":[[2309,-1556,2310,2311,-1532,2312,-1546]],"type":"Polygon","properties":{"name":"Hardin"},"id":"39065"},{"arcs":[[2313,2314,-2178,-2174,2315,2316,2317]],"type":"Polygon","properties":{"name":"Caddo"},"id":"40015"},{"arcs":[[2318]],"type":"Polygon","properties":{"name":"Fairfax"},"id":"51600"},{"arcs":[[2319,2320]],"type":"Polygon","properties":{"name":"Fredericksburg"},"id":"51630"},{"arcs":[[2321,2322,2323,2324,2325,2326]],"type":"Polygon","properties":{"name":"Floyd"},"id":"51063"},{"arcs":[[[2327]],[[2328]],[[2329]],[[2330,2331,2332,2333]]],"type":"MultiPolygon","properties":{"name":"Santa Barbara"},"id":"06083"},{"arcs":[[2334,2335,2336,2337]],"type":"Polygon","properties":{"name":"Chattooga"},"id":"13055"},{"arcs":[[2338,2339,2340,2341,2342]],"type":"Polygon","properties":{"name":"Sully"},"id":"46119"},{"arcs":[[2343,2344,2345,2346,2347]],"type":"Polygon","properties":{"name":"Morgan"},"id":"01103"},{"arcs":[[[2348]],[[2349]],[[2350]],[[2351]],[[2352]],[[2353]],[[2354,2355,2356,2357,2358,2359]]],"type":"MultiPolygon","properties":{"name":"Chugach"},"id":"02063"},{"arcs":[[-948,-317,2360,2361,2362]],"type":"Polygon","properties":{"name":"Davis"},"id":"19051"},{"arcs":[[-830,2363,2364,2365,-1461,-2155,2366]],"type":"Polygon","properties":{"name":"Washington"},"id":"08121"},{"arcs":[[2367,2368,-443,2369,-1373,2370,2371]],"type":"Polygon","properties":{"name":"Oglala Lakota"},"id":"46102"},{"arcs":[[2372,-1553,-1966,2373,2374,2375]],"type":"Polygon","properties":{"name":"Crawford"},"id":"13079"},{"arcs":[[2376,2377,-173,2378]],"type":"Polygon","properties":{"name":"Clay"},"id":"19041"},{"arcs":[[2379,-557,2380,2381,-1192,2382,2383]],"type":"Polygon","properties":{"name":"Otter Tail"},"id":"27111"},{"arcs":[[2384,2385,2386,-1163,-1336,-1406,2387]],"type":"Polygon","properties":{"name":"Rice"},"id":"27131"},{"arcs":[[2388,2389,2390,2391]],"type":"Polygon","properties":{"name":"Johnson"},"id":"31097"},{"arcs":[[-277,2392,-2210,2393]],"type":"Polygon","properties":{"name":"Paulding"},"id":"39125"},{"arcs":[[-1105,2394,2395,2396,-233]],"type":"Polygon","properties":{"name":"Childress"},"id":"48075"},{"arcs":[[2397,2398,2399,2400,2401,2402]],"type":"Polygon","properties":{"name":"Lawrence"},"id":"18093"},{"arcs":[[-1492,-2018,2403,2404,2405,2406]],"type":"Polygon","properties":{"name":"Johnson"},"id":"19103"},{"arcs":[[2407,2408,2409,-1358]],"type":"Polygon","properties":{"name":"Menard"},"id":"17129"},{"arcs":[[2410,2411,2412,2413,2414]],"type":"Polygon","properties":{"name":"Jefferson Davis"},"id":"28065"},{"arcs":[[2415,-1986,2416,-479,-2301]],"type":"Polygon","properties":{"name":"Trego"},"id":"20195"},{"arcs":[[2417,2418,2419,2420,-1127,2421,2422]],"type":"Polygon","properties":{"name":"Granville"},"id":"37077"},{"arcs":[[2423,2424,2425,2426,2427,2428]],"type":"Polygon","properties":{"name":"Gentry"},"id":"29075"},{"arcs":[[-1732,-1114,2429,-1654]],"type":"Polygon","properties":{"name":"Lubbock"},"id":"48303"},{"arcs":[[2430,2431,2432,2433]],"type":"Polygon","properties":{"name":"Aguadilla"},"id":"72005"},{"arcs":[[2434,2435]],"type":"Polygon","properties":{"name":"Radford"},"id":"51750"},{"arcs":[[2436,-1859,2437,2438,2439,2440]],"type":"Polygon","properties":{"name":"Prairie"},"id":"30079"},{"arcs":[[2441,2442,2443,2444,2445]],"type":"Polygon","properties":{"name":"McDowell"},"id":"54047"},{"arcs":[[2446,2447,2448,2449,2450]],"type":"Polygon","properties":{"name":"Bradford"},"id":"12007"},{"arcs":[[2451,2452,2453,2454,2455,2456]],"type":"Polygon","properties":{"name":"Bay"},"id":"12005"},{"arcs":[[2457,2458,2459,2460,-596]],"type":"Polygon","properties":{"name":"Comerío"},"id":"72045"},{"arcs":[[2461,2462,-805,2463,2464]],"type":"Polygon","properties":{"name":"Gurabo"},"id":"72063"},{"arcs":[[2465,2466,-1884,2467,2468,-2412]],"type":"Polygon","properties":{"name":"Covington"},"id":"28031"},{"arcs":[[2469,2470,2471,2472,2473]],"type":"Polygon","properties":{"name":"Poinsett"},"id":"05111"},{"arcs":[[2474,2475,2476,2477,2478,2479]],"type":"Polygon","properties":{"name":"Columbia"},"id":"41009"},{"arcs":[[2480,2481,2482,2483,2484]],"type":"Polygon","properties":{"name":"Dade"},"id":"13083"},{"arcs":[[2485,2486,2487,2488]],"type":"Polygon","properties":{"name":"Miller"},"id":"13201"},{"arcs":[[2489,-54,2490,2491,2492,2493]],"type":"Polygon","properties":{"name":"Turner"},"id":"13287"},{"arcs":[[-867,2494,2495,-1880,2496]],"type":"Polygon","properties":{"name":"Jasper"},"id":"28061"},{"arcs":[[2497,2498,2499,2500,2501]],"type":"Polygon","properties":{"name":"Edmunds"},"id":"46045"},{"arcs":[[2502,2503,2504,2505,-2305]],"type":"Polygon","properties":{"name":"George"},"id":"28039"},{"arcs":[[2506,2507,2508,2509]],"type":"Polygon","properties":{"name":"Peñuelas"},"id":"72111"},{"arcs":[[2510,2511,-369,-1001,2512,-1702,2513,-249]],"type":"Polygon","properties":{"name":"San Bernardino"},"id":"06071"},{"arcs":[[2514,2515,2516,2517,-1071,2518]],"type":"Polygon","properties":{"name":"Wayne"},"id":"31179"},{"arcs":[[2519,-1086,2520,-511,-1040,-2025]],"type":"Polygon","properties":{"name":"LaMoure"},"id":"38045"},{"arcs":[[2521,-953,2522,2523,2524,2525]],"type":"Polygon","properties":{"name":"Greene"},"id":"19073"},{"arcs":[[2526,2527,2528,2529,2530,2531,2532]],"type":"Polygon","properties":{"name":"Montgomery"},"id":"20125"},{"arcs":[[2533,2534,2535,2536,-123,2537]],"type":"Polygon","properties":{"name":"Sumner"},"id":"20191"},{"arcs":[[-472,2538,-1473,2539,2540]],"type":"Polygon","properties":{"name":"Dimmit"},"id":"48127"},{"arcs":[[2541,2542,2543,2544,2545,2546]],"type":"Polygon","properties":{"name":"Trigg"},"id":"21221"},{"arcs":[[2547,2548,-1182,-1384,2549,2550,2551]],"type":"Polygon","properties":{"name":"Fayette"},"id":"17051"},{"arcs":[[2552,-1106,-231,2553,2554]],"type":"Polygon","properties":{"name":"Donley"},"id":"48129"},{"arcs":[[-1212,-1252,-1259,2555,-334,-1202,-905]],"type":"Polygon","properties":{"name":"Sanborn"},"id":"46111"},{"arcs":[[2556,2557,-449,-1210,-1246,2558]],"type":"Polygon","properties":{"name":"Spink"},"id":"46115"},{"arcs":[[-1250,2559,2560,-390,-1254,-1257]],"type":"Polygon","properties":{"name":"Lake"},"id":"46079"},{"arcs":[[[-150,2561]],[[2562,2563,-257,2564]],[[2565,2566,2567,2568]],[[2571,2572]]],"type":"MultiPolygon","properties":{"name":"Hoonah-Angoon"},"id":"02105"},{"arcs":[[2573,2574,-1524,2575,2576]],"type":"Polygon","properties":{"name":"Baylor"},"id":"48023"},{"arcs":[[2577,2578,-1248,2579,-2037,2580,-2340]],"type":"Polygon","properties":{"name":"Hyde"},"id":"46069"},{"arcs":[[-701,2581,-587,2582,2583,2584,2585]],"type":"Polygon","properties":{"name":"Johnson"},"id":"48251"},{"arcs":[[2586,-457,-2149,2587,2588]],"type":"Polygon","properties":{"name":"Glasscock"},"id":"48173"},{"arcs":[[-1663,-2103,2589,2590,2591]],"type":"Polygon","properties":{"name":"Sutton"},"id":"48435"},{"arcs":[[2592]],"type":"Polygon","properties":{"name":"Waynesboro"},"id":"51820"},{"arcs":[[-1735,-94,2593,-2023,2594,2595]],"type":"Polygon","properties":{"name":"Kidder"},"id":"38043"},{"arcs":[[2596,-136,-1987,-2416,-2300,-2064]],"type":"Polygon","properties":{"name":"Graham"},"id":"20065"},{"arcs":[[-1434,-781,2597,2598,-1725,2599]],"type":"Polygon","properties":{"name":"Hayes"},"id":"31085"},{"arcs":[[2600,2601,2602,-1784,-1825,2603]],"type":"Polygon","properties":{"name":"Bibb"},"id":"01007"},{"arcs":[[-1950,2604,2605,2606,2607,2608]],"type":"Polygon","properties":{"name":"Bay"},"id":"26017"},{"arcs":[[2609,2610,2611,-623,2612]],"type":"Polygon","properties":{"name":"Fulton"},"id":"42057"},{"arcs":[[2613,2614,2615,2616,2617,2618]],"type":"Polygon","properties":{"name":"Butler"},"id":"01013"},{"arcs":[[2619,2620,2621,2622,2623]],"type":"Polygon","properties":{"name":"Boone"},"id":"17007"},{"arcs":[[2624,2625,2626,2627,2628,2629]],"type":"Polygon","properties":{"name":"Jennings"},"id":"18079"},{"arcs":[[2630,2631,2632,2633,2634,2635,2636]],"type":"Polygon","properties":{"name":"Jackson"},"id":"21109"},{"arcs":[[2637,2638,2639,2640,-1639,2641,-1848]],"type":"Polygon","properties":{"name":"Webster"},"id":"28155"},{"arcs":[[2642,2643,2644,2645,2646,2647]],"type":"Polygon","properties":{"name":"Marion"},"id":"20115"},{"arcs":[[2648,2649,-1816,-1804,2650,-2171]],"type":"Polygon","properties":{"name":"Garvin"},"id":"40049"},{"arcs":[[2651,-579,2652,2653,2654,-889]],"type":"Polygon","properties":{"name":"Runnels"},"id":"48399"},{"arcs":[[-1217,2655,2656,2657,2658,2659]],"type":"Polygon","properties":{"name":"Ector"},"id":"48135"},{"arcs":[[2660,2661,2662,2663,2664]],"type":"Polygon","properties":{"name":"Outagamie"},"id":"55087"},{"arcs":[[2665,2666,2667,2668,2669,-1351,2670]],"type":"Polygon","properties":{"name":"Washington"},"id":"20201"},{"arcs":[[2671,2672,2673,2674,2675,2676,2677]],"type":"Polygon","properties":{"name":"Rich"},"id":"49033"},{"arcs":[[2678,2679]],"type":"Polygon","properties":{"name":"Bristol Bay"},"id":"02060"},{"arcs":[[2680,2681,2682,-965]],"type":"Polygon","properties":{"name":"Lawrence"},"id":"17101"},{"arcs":[[2683,2684,2685,2686]],"type":"Polygon","properties":{"name":"Esmeralda"},"id":"32009"},{"arcs":[[2687,2688,2689,2690,2691,2692]],"type":"Polygon","properties":{"name":"Cherokee"},"id":"13057"},{"arcs":[[2693,2694,-1,2695,2696]],"type":"Polygon","properties":{"name":"Lanier"},"id":"13173"},{"arcs":[[2697,-2550,-1387,2698,2699,-975]],"type":"Polygon","properties":{"name":"Marion"},"id":"17121"},{"arcs":[[2700,2701,2702,-1137,2703,2704]],"type":"Polygon","properties":{"name":"Shiawassee"},"id":"26155"},{"arcs":[[-562,-668,2705,2706,2707,2708]],"type":"Polygon","properties":{"name":"Panola"},"id":"28107"},{"arcs":[[2709,2710,2711,2712]],"type":"Polygon","properties":{"name":"Gosper"},"id":"31073"},{"arcs":[[2713,2714,2715,2716,2717]],"type":"Polygon","properties":{"name":"Portage"},"id":"39133"},{"arcs":[[2718,2719,2720,2721,2722,-687]],"type":"Polygon","properties":{"name":"Baker"},"id":"41001"},{"arcs":[[-1658,2723,2724,2725,-583,2726]],"type":"Polygon","properties":{"name":"Kaufman"},"id":"48257"},{"arcs":[[2727,2728]],"type":"Polygon","properties":{"name":"Hopewell"},"id":"51670"},{"arcs":[[2729,2730,2731,2732,2733]],"type":"Polygon","properties":{"name":"Edgecombe"},"id":"37065"},{"arcs":[[2734,2735,2736,2737,-698,2738,2739]],"type":"Polygon","properties":{"name":"Jack"},"id":"48237"},{"arcs":[[2740,2741,2742,2743,-492,-602]],"type":"Polygon","properties":{"name":"Blaine"},"id":"31009"},{"arcs":[[-155,2744,2745,2746]],"type":"Polygon","properties":{"name":"Haralson"},"id":"13143"},{"arcs":[[-786,-325,-477,-263,2747,2748]],"type":"Polygon","properties":{"name":"Stevens"},"id":"20189"},{"arcs":[[2749,2750,2751,2752]],"type":"Polygon","properties":{"name":"Holmes"},"id":"12059"},{"arcs":[[2753,2754,2755,2756,-1563,2757]],"type":"Polygon","properties":{"name":"Morgan"},"id":"13211"},{"arcs":[[2758,2759,2760,2761,-328,2762,2763]],"type":"Polygon","properties":{"name":"Jay"},"id":"18075"},{"arcs":[[-858,2764,2765,2766,2767,2768]],"type":"Polygon","properties":{"name":"Kiowa"},"id":"20097"},{"arcs":[[-661,2769,2770,2771,-1146]],"type":"Polygon","properties":{"name":"Ionia"},"id":"26067"},{"arcs":[[2772,-2235,2773,2774,2775,2776,2777]],"type":"Polygon","properties":{"name":"Lawrence"},"id":"29109"},{"arcs":[[-2186,-2261,2778,-722,2779]],"type":"Polygon","properties":{"name":"Valley"},"id":"31175"},{"arcs":[[2780,-1679,2781,-783,-1433,-1692]],"type":"Polygon","properties":{"name":"Keith"},"id":"31101"},{"arcs":[[2782,2783,2784,2785,2786,-1534]],"type":"Polygon","properties":{"name":"Delaware"},"id":"39041"},{"arcs":[[2787,2788,2789,2790,2791]],"type":"Polygon","properties":{"name":"Houston"},"id":"47083"},{"arcs":[[2792]],"type":"Polygon","properties":{"name":"Staunton"},"id":"51790"},{"arcs":[[2793,-2501,2794,-2578,-2339,2795]],"type":"Polygon","properties":{"name":"Potter"},"id":"46107"},{"arcs":[[2796,2797,2798,2799,2800,2801,2802]],"type":"Polygon","properties":{"name":"Hinsdale"},"id":"08053"},{"arcs":[[2803,2804,2805,2806,2807]],"type":"Polygon","properties":{"name":"Towns"},"id":"13281"},{"arcs":[[2808,2809,2810,2811,2812,2813]],"type":"Polygon","properties":{"name":"Perkins"},"id":"46105"},{"arcs":[[-535,2814,2815,2816,2817,2818,2819]],"type":"Polygon","properties":{"name":"Bulloch"},"id":"13031"},{"arcs":[[-292,2820,2821,-2398,2822,2823,2824,2825]],"type":"Polygon","properties":{"name":"Greene"},"id":"18055"},{"arcs":[[-2051,-1354,2826,-1958,-1980]],"type":"Polygon","properties":{"name":"Mitchell"},"id":"20123"},{"arcs":[[2827,2828,2829,2830,2831,-186]],"type":"Polygon","properties":{"name":"Cooper"},"id":"29053"},{"arcs":[[2832,2833,2834,2835,2836]],"type":"Polygon","properties":{"name":"Spencer"},"id":"21215"},{"arcs":[[2837,2838,2839,2840,2841]],"type":"Polygon","properties":{"name":"Harrison"},"id":"39067"},{"arcs":[[2842,-2147,2843,-887,-2150,-455]],"type":"Polygon","properties":{"name":"Mitchell"},"id":"48335"},{"arcs":[[2844,-2665,2845,2846,2847]],"type":"Polygon","properties":{"name":"Waupaca"},"id":"55135"},{"arcs":[[2848,2849,2850]],"type":"Polygon","properties":{"name":"Rincón"},"id":"72117"},{"arcs":[[-695,2851,2852,2853,2854]],"type":"Polygon","properties":{"name":"Falls"},"id":"48145"},{"arcs":[[2855,2856,-1690,-1730,2857,2858]],"type":"Polygon","properties":{"name":"Castro"},"id":"48069"},{"arcs":[[2859,2860,2861,-1128,-58]],"type":"Polygon","properties":{"name":"Champaign"},"id":"17019"},{"arcs":[[-1117,2862,2863,-2378]],"type":"Polygon","properties":{"name":"Palo Alto"},"id":"19147"},{"arcs":[[2864,-972,-1493,2865,2866]],"type":"Polygon","properties":{"name":"Benton"},"id":"19011"},{"arcs":[[2867,2868,2869,2870,2871,2872,2873]],"type":"Polygon","properties":{"name":"Macon"},"id":"47111"},{"arcs":[[2874,2875,2876,2877,2878,2879]],"type":"Polygon","properties":{"name":"Randolph"},"id":"37151"},{"arcs":[[2880,-1736,-2596,2881,2882,-925]],"type":"Polygon","properties":{"name":"Burleigh"},"id":"38015"},{"arcs":[[2883,2884,2885,2886]],"type":"Polygon","properties":{"name":"Boundary"},"id":"16021"},{"arcs":[[2887,2888,2889,2890,2891,2892]],"type":"Polygon","properties":{"name":"Clark"},"id":"21049"},{"arcs":[[[2894,-1625]],[[2895]],[[2896]],[[2897]],[[2898]],[[2899,2900]]],"type":"MultiPolygon","properties":{"name":"Prince of Wales-Hyder"},"id":"02198"},{"arcs":[[2901,2902,2903,-1088,2904,2905,2906]],"type":"Polygon","properties":{"name":"Nelson"},"id":"38063"},{"arcs":[[2907,2908,2909,2910,2911]],"type":"Polygon","properties":{"name":"Meeker"},"id":"27093"},{"arcs":[[2912,2913,2914,-1270,2915]],"type":"Polygon","properties":{"name":"Oneida"},"id":"55085"},{"arcs":[[2916,-2679,2917,2918,-520,2919,-2269,2920,-1616]],"type":"Polygon","properties":{"name":"Lake and Peninsula"},"id":"02164"},{"arcs":[[2921,2922,2923,2924,2925,2926]],"type":"Polygon","properties":{"name":"Gilchrist"},"id":"12041"},{"arcs":[[2927,2928,2929,-2441,2930,2931,2932]],"type":"Polygon","properties":{"name":"Garfield"},"id":"30033"},{"arcs":[[2933,2934,2935,2936]],"type":"Polygon","properties":{"name":"Alexander"},"id":"37003"},{"arcs":[[2937,2938,2939,2940,2941,2942,-2122]],"type":"Polygon","properties":{"name":"Lewis and Clark"},"id":"30049"},{"arcs":[[2943,-2739,-703,2944,2945,2946,2947]],"type":"Polygon","properties":{"name":"Palo Pinto"},"id":"48363"},{"arcs":[[2948,2949,2950,2951,2952,2953]],"type":"Polygon","properties":{"name":"Hot Spring"},"id":"05059"},{"arcs":[[2954,2955,2956,2957,2958]],"type":"Polygon","properties":{"name":"Izard"},"id":"05065"},{"arcs":[[2959]],"type":"Polygon","properties":{"name":"Buena Vista"},"id":"51530"},{"arcs":[[-1728,2960,2961,-1463,2962]],"type":"Polygon","properties":{"name":"Cheyenne"},"id":"20023"},{"arcs":[[2963,2964,-1771,-956,-1495,2965]],"type":"Polygon","properties":{"name":"Cass"},"id":"19029"},{"arcs":[[2966,2967,-2314,2968,2969,2970]],"type":"Polygon","properties":{"name":"Custer"},"id":"40039"},{"arcs":[[2971,2972,2973,2974,2975,2976]],"type":"Polygon","properties":{"name":"Pushmataha"},"id":"40127"},{"arcs":[[2977,2978,2979,2980,2981,2982,2983]],"type":"Polygon","properties":{"name":"Lincoln"},"id":"54043"},{"arcs":[[2984,2985,2986,2987,2988,2989]],"type":"Polygon","properties":{"name":"Humphreys"},"id":"28053"},{"arcs":[[-53,2990,2991,2992,-2491]],"type":"Polygon","properties":{"name":"Ben Hill"},"id":"13017"},{"arcs":[[2993,2994,-2220,2995,2996,2997]],"type":"Polygon","properties":{"name":"Colquitt"},"id":"13071"},{"arcs":[[2998]],"type":"Polygon","properties":{"name":"Covington"},"id":"51580"},{"arcs":[[-228,2999,3000,3001]],"type":"Polygon","properties":{"name":"Santa Isabel"},"id":"72133"},{"arcs":[[-2492,-2993,3002,3003,3004]],"type":"Polygon","properties":{"name":"Irwin"},"id":"13155"},{"arcs":[[3005,-2905,-1092,-1431,-91]],"type":"Polygon","properties":{"name":"Eddy"},"id":"38027"},{"arcs":[[3006,3007,3008,3009,-950]],"type":"Polygon","properties":{"name":"Wright"},"id":"19197"},{"arcs":[[3010,3011,3012,3013,-1503,3014,3015,3016]],"type":"Polygon","properties":{"name":"Barbour"},"id":"01005"},{"arcs":[[3017,3018,-2965,3019]],"type":"Polygon","properties":{"name":"Audubon"},"id":"19009"},{"arcs":[[-1985,-1982,-1991,3020,-480,-2417]],"type":"Polygon","properties":{"name":"Ellis"},"id":"20051"},{"arcs":[[-3021,-1990,3021,-408,-481]],"type":"Polygon","properties":{"name":"Rush"},"id":"20165"},{"arcs":[[3022,-2759,3023,-161]],"type":"Polygon","properties":{"name":"Blackford"},"id":"18009"},{"arcs":[[3024,3025,3026,3027,3028,-313]],"type":"Polygon","properties":{"name":"Henry"},"id":"19087"},{"arcs":[[-952,3029,-2228,-1514,3030,-2523]],"type":"Polygon","properties":{"name":"Boone"},"id":"19015"},{"arcs":[[3031,-2675,3032,3033,3034,3035,3036,3037]],"type":"Polygon","properties":{"name":"Summit"},"id":"49043"},{"arcs":[[-1442,3038,3039,3040]],"type":"Polygon","properties":{"name":"Nevada"},"id":"06057"},{"arcs":[[-488,-2302,-2055,3041,3042,-548]],"type":"Polygon","properties":{"name":"Scott"},"id":"20171"},{"arcs":[[3043,3044,3045,3046,3047]],"type":"Polygon","properties":{"name":"Alamosa"},"id":"08003"},{"arcs":[[-2500,3048,-2559,-1245,-2579,-2795]],"type":"Polygon","properties":{"name":"Faulk"},"id":"46049"},{"arcs":[[3049,3050,3051,3052,3053]],"type":"Polygon","properties":{"name":"Franklin"},"id":"28037"},{"arcs":[[3054,3055,3056,3057,3058,3059,3060,3061]],"type":"Polygon","properties":{"name":"Lares"},"id":"72081"},{"arcs":[[3062,3063,3064,3065,3066,-74]],"type":"Polygon","properties":{"name":"Franklin"},"id":"01059"},{"arcs":[[-3003,-2992,3067,3068,-288,3069,3070,3071]],"type":"Polygon","properties":{"name":"Coffee"},"id":"13069"},{"arcs":[[3072,3073,3074,3075,3076,-2852,-694]],"type":"Polygon","properties":{"name":"Limestone"},"id":"48293"},{"arcs":[[3077,3078,3079,3080,3081,3082,-590]],"type":"Polygon","properties":{"name":"Eau Claire"},"id":"55035"},{"arcs":[[-862,-11,3083,3084,3085,-1529,3086]],"type":"Polygon","properties":{"name":"Clark"},"id":"17023"},{"arcs":[[3087,3088,-2030,3089,3090]],"type":"Polygon","properties":{"name":"Mayes"},"id":"40097"},{"arcs":[[-2767,3091,3092,3093,3094]],"type":"Polygon","properties":{"name":"Comanche"},"id":"20033"},{"arcs":[[-2101,3095,3096,-339,3097,3098]],"type":"Polygon","properties":{"name":"Kerr"},"id":"48265"},{"arcs":[[3099,3100,3101]],"type":"Polygon","properties":{"name":"Poquoson"},"id":"51735"},{"arcs":[[-2172,-2651,-1810,3102,3103,3104]],"type":"Polygon","properties":{"name":"Stephens"},"id":"40137"},{"arcs":[[-2157,3105,3106,3107,-2110,-34,3108]],"type":"Polygon","properties":{"name":"Kiowa"},"id":"08061"},{"arcs":[[3109,3110,-2183,3111,3112,-2190]],"type":"Polygon","properties":{"name":"Franklin"},"id":"48159"},{"arcs":[[3113,3114,3115,-2194,3116,-85,3117]],"type":"Polygon","properties":{"name":"Cortland"},"id":"36023"},{"arcs":[[3118,3119,3120,3121,3122]],"type":"Polygon","properties":{"name":"Madison"},"id":"51113"},{"arcs":[[-2641,3123,3124,3125,3126,-1640]],"type":"Polygon","properties":{"name":"Oktibbeha"},"id":"28105"},{"arcs":[[-2255,-1994,3127,3128]],"type":"Polygon","properties":{"name":"Guánica"},"id":"72055"},{"arcs":[[-2706,-667,3129,-1846,3130]],"type":"Polygon","properties":{"name":"Yalobusha"},"id":"28161"},{"arcs":[[3131,-2085,3132,3133,3134]],"type":"Polygon","properties":{"name":"Hickory"},"id":"29085"},{"arcs":[[3135,3136,3137,3138,3139,3140,3141,3142]],"type":"Polygon","properties":{"name":"Carbon"},"id":"56007"},{"arcs":[[3143,3144,-1430,-207,-2259,3145]],"type":"Polygon","properties":{"name":"Antelope"},"id":"31003"},{"arcs":[[-1299,3146,3147,-1712,3148,3149]],"type":"Polygon","properties":{"name":"Goshen"},"id":"56015"},{"arcs":[[3150,3151,-1279,3152,3153]],"type":"Polygon","properties":{"name":"Sweet Grass"},"id":"30097"},{"arcs":[[3154,3155,-1274,-3152,3156]],"type":"Polygon","properties":{"name":"Wheatland"},"id":"30107"},{"arcs":[[3157,3158,-730,-639,3159,3160,3161]],"type":"Polygon","properties":{"name":"Gordon"},"id":"13129"},{"arcs":[[-2027,-163,3162,-849,3163,3164]],"type":"Polygon","properties":{"name":"Madison"},"id":"18095"},{"arcs":[[3165,-604,3166,-1677,-347]],"type":"Polygon","properties":{"name":"Hooker"},"id":"31091"},{"arcs":[[3167,3168,3169,3170,-415]],"type":"Polygon","properties":{"name":"Otsego"},"id":"26137"},{"arcs":[[-2831,3171,-1344,3172,3173]],"type":"Polygon","properties":{"name":"Moniteau"},"id":"29135"},{"arcs":[[3174,3175,3176,-618]],"type":"Polygon","properties":{"name":"Washington"},"id":"23029"},{"arcs":[[-1315,3177,3178,3179,3180,-1329]],"type":"Polygon","properties":{"name":"Nobles"},"id":"27105"},{"arcs":[[3181,3182,-1779,3183,3184]],"type":"Polygon","properties":{"name":"Manatee"},"id":"12081"},{"arcs":[[3185,3186,-1566,-1549,-1540,3187]],"type":"Polygon","properties":{"name":"Butts"},"id":"13035"},{"arcs":[[-680,3188,-881,3189,-1076,3190,3191]],"type":"Polygon","properties":{"name":"Ross"},"id":"39141"},{"arcs":[[3192,-1013,3193,-145,-240,3194,3195]],"type":"Polygon","properties":{"name":"Roberts"},"id":"48393"},{"arcs":[[-1568,3196,3197,3198,3199]],"type":"Polygon","properties":{"name":"Franklin"},"id":"13119"},{"arcs":[[3200,-2740,-2944,3201,-1525]],"type":"Polygon","properties":{"name":"Young"},"id":"48503"},{"arcs":[[3202,3203,3204,-2967,3205,3206]],"type":"Polygon","properties":{"name":"Dewey"},"id":"40043"},{"arcs":[[3207,3208,3209,3210]],"type":"Polygon","properties":{"name":"Greer"},"id":"40055"},{"arcs":[[3211,3212,3213,3214,3215]],"type":"Polygon","properties":{"name":"Jackson"},"id":"22049"},{"arcs":[[-2946,3216,3217,3218,3219,-1107,3220]],"type":"Polygon","properties":{"name":"Erath"},"id":"48143"},{"arcs":[[-70,-2363,3221,3222,3223]],"type":"Polygon","properties":{"name":"Appanoose"},"id":"19007"},{"arcs":[[-1068,3224,-1655,-1559,3225]],"type":"Polygon","properties":{"name":"Cochran"},"id":"48079"},{"arcs":[[-1014,-3193,3226,3227]],"type":"Polygon","properties":{"name":"Hutchinson"},"id":"48233"},{"arcs":[[-1674,3228,3229,3230,3231,3232]],"type":"Polygon","properties":{"name":"Swift"},"id":"27151"},{"arcs":[[3233,-490,-547,3234,3235,-1465]],"type":"Polygon","properties":{"name":"Wallace"},"id":"20199"},{"arcs":[[3236,-2406,3237,-3026,3238,3239]],"type":"Polygon","properties":{"name":"Washington"},"id":"19183"},{"arcs":[[3240,3241,3242,3243,-2861,3244]],"type":"Polygon","properties":{"name":"Ford"},"id":"17053"},{"arcs":[[-1688,3245,-1697,-1112,-1731]],"type":"Polygon","properties":{"name":"Floyd"},"id":"48153"},{"arcs":[[3246,-1095,3247,3248,3249,-1411]],"type":"Polygon","properties":{"name":"Columbia"},"id":"42037"},{"arcs":[[3250,3251,3252,3253]],"type":"Polygon","properties":{"name":"Garfield"},"id":"53023"},{"arcs":[[-2493,-3005,3254,-2216,-2995,3255]],"type":"Polygon","properties":{"name":"Tift"},"id":"13277"},{"arcs":[[3256,3257,-763,-1580,-1121]],"type":"Polygon","properties":{"name":"Chickasaw"},"id":"19037"},{"arcs":[[-2599,3258,3259,3260,-1726]],"type":"Polygon","properties":{"name":"Hitchcock"},"id":"31087"},{"arcs":[[3261,3262,-914,3263,3264]],"type":"Polygon","properties":{"name":"Guadalupe"},"id":"35019"},{"arcs":[[3265,3266,3267,3268,3269,3270]],"type":"Polygon","properties":{"name":"Alcorn"},"id":"28003"},{"arcs":[[3271,3272,3273,-2296,-296]],"type":"Polygon","properties":{"name":"Poweshiek"},"id":"19157"},{"arcs":[[-1375,3274,3275,3276,3277]],"type":"Polygon","properties":{"name":"Box Butte"},"id":"31013"},{"arcs":[[-1882,3278,3279,-2503,-2304,3280]],"type":"Polygon","properties":{"name":"Perry"},"id":"28111"},{"arcs":[[3281,3282,3283,3284,3285,3286]],"type":"Polygon","properties":{"name":"Campbell"},"id":"56005"},{"arcs":[[-3180,3287,3288,3289,3290]],"type":"Polygon","properties":{"name":"Osceola"},"id":"19143"},{"arcs":[[3291,3292]],"type":"Polygon","properties":{"name":"Falls Church"},"id":"51610"},{"arcs":[[3293,3294,-1780,-3183]],"type":"Polygon","properties":{"name":"Hardee"},"id":"12049"},{"arcs":[[-2699,-1386,-968,-1185,3295,-646,3296]],"type":"Polygon","properties":{"name":"Wayne"},"id":"17191"},{"arcs":[[3297,3298,3299,3300,-2099,3301]],"type":"Polygon","properties":{"name":"Mason"},"id":"48319"},{"arcs":[[-113,3302,-1900,3303,-594,3304]],"type":"Polygon","properties":{"name":"Corozal"},"id":"72047"},{"arcs":[[-1022,-3224,3305,3306,3307]],"type":"Polygon","properties":{"name":"Wayne"},"id":"19185"},{"arcs":[[3308,-2989,3309,3310]],"type":"Polygon","properties":{"name":"Sharkey"},"id":"28125"},{"arcs":[[3311,3312,3313,3314,3315]],"type":"Polygon","properties":{"name":"Los Alamos"},"id":"35028"},{"arcs":[[3316,3317,-1762,3318,3319,3320]],"type":"Polygon","properties":{"name":"Nemaha"},"id":"20131"},{"arcs":[[3321,3322,3323,3324,3325,-2409,3326]],"type":"Polygon","properties":{"name":"Logan"},"id":"17107"},{"arcs":[[3327,3328,3329,-2140,-707,3330]],"type":"Polygon","properties":{"name":"Dent"},"id":"29065"},{"arcs":[[3331,3332,3333,3334]],"type":"Polygon","properties":{"name":"Cataño"},"id":"72033"},{"arcs":[[3335,3336,3337,3338,3339]],"type":"Polygon","properties":{"name":"Linn"},"id":"20107"},{"arcs":[[3340,-2859,3341,3342,3343]],"type":"Polygon","properties":{"name":"Parmer"},"id":"48369"},{"arcs":[[-1401,3344,3345,3346,3347,-1743]],"type":"Polygon","properties":{"name":"Monroe"},"id":"29137"},{"arcs":[[-2164,3348,-2947,-3221,-1111,3349,-2250]],"type":"Polygon","properties":{"name":"Eastland"},"id":"48133"},{"arcs":[[3350,-1028,3351,3352,3353,-99]],"type":"Polygon","properties":{"name":"Sequatchie"},"id":"47153"},{"arcs":[[3354,3355,3356,3357,-2056,-444,-2558]],"type":"Polygon","properties":{"name":"Day"},"id":"46037"},{"arcs":[[-1207,3358,3359,3360,3361,3362]],"type":"Polygon","properties":{"name":"Clay"},"id":"46027"},{"arcs":[[3363,3364,3365,3366,-1457]],"type":"Polygon","properties":{"name":"Grundy"},"id":"17063"},{"arcs":[[3367,3368,3369,3370,3371,3372,3373,3374]],"type":"Polygon","properties":{"name":"Park"},"id":"56029"},{"arcs":[[-1970,3375,3376,3377,3378]],"type":"Polygon","properties":{"name":"Washington"},"id":"55131"},{"arcs":[[3379,-859,-2769,3380,3381,-870]],"type":"Polygon","properties":{"name":"Ford"},"id":"20057"},{"arcs":[[3382,3383,3384,3385,3386]],"type":"Polygon","properties":{"name":"Maries"},"id":"29125"},{"arcs":[[-3276,3387,3388,3389,-1708,3390]],"type":"Polygon","properties":{"name":"Morrill"},"id":"31123"},{"arcs":[[3391,3392,3393,3394,-2643,-985]],"type":"Polygon","properties":{"name":"Dickinson"},"id":"20041"},{"arcs":[[-1229,3395,3396,-1471]],"type":"Polygon","properties":{"name":"McMullen"},"id":"48311"},{"arcs":[[3397,3398,-1685,-2857,3399]],"type":"Polygon","properties":{"name":"Randall"},"id":"48381"},{"arcs":[[-437,3400,-1508,3401,3402,3403]],"type":"Polygon","properties":{"name":"Crawford"},"id":"39033"},{"arcs":[[3404,-2555,3405,-1686,-3399]],"type":"Polygon","properties":{"name":"Armstrong"},"id":"48011"},{"arcs":[[3406,-2473,3407,-1603,3408]],"type":"Polygon","properties":{"name":"Cross"},"id":"05037"},{"arcs":[[3409,3410,3411,3412,3413]],"type":"Polygon","properties":{"name":"Watonwan"},"id":"27165"},{"arcs":[[-1486,-1435,-2600,-1724,3414]],"type":"Polygon","properties":{"name":"Chase"},"id":"31029"},{"arcs":[[-1108,-3220,3415,3416,3417,3418]],"type":"Polygon","properties":{"name":"Hamilton"},"id":"48193"},{"arcs":[[-282,3419,3420,3421,3422]],"type":"Polygon","properties":{"name":"Hartley"},"id":"48205"},{"arcs":[[3423,3424,3425,-289,-8,3426]],"type":"Polygon","properties":{"name":"Parke"},"id":"18121"},{"arcs":[[3427,3428,-2613,-630,3429,3430,3431,3432]],"type":"Polygon","properties":{"name":"Allegany"},"id":"24001"},{"arcs":[[-3071,3433,3434,-2694,3435]],"type":"Polygon","properties":{"name":"Atkinson"},"id":"13003"},{"arcs":[[3436,3437,-1120,-980,-80]],"type":"Polygon","properties":{"name":"Mitchell"},"id":"19131"},{"arcs":[[3438,-2418,3439,3440,-1721]],"type":"Polygon","properties":{"name":"Person"},"id":"37145"},{"arcs":[[3441,3442,-2270,3443]],"type":"Polygon","properties":{"name":"Alcona"},"id":"26001"},{"arcs":[[-1960,-987,3444,-1937,3445,-1988]],"type":"Polygon","properties":{"name":"Ellsworth"},"id":"20053"},{"arcs":[[3446,3447,-2223,-527,-397,3448,3449]],"type":"Polygon","properties":{"name":"Marion"},"id":"13197"},{"arcs":[[-774,3450,3451,3452,3453]],"type":"Polygon","properties":{"name":"Bollinger"},"id":"29017"},{"arcs":[[3454,3455,3456,-831,-2367,-2154,3457,3458,3459]],"type":"Polygon","properties":{"name":"Arapahoe"},"id":"08005"},{"arcs":[[3460,3461,3462,3463,3464,-1199]],"type":"Polygon","properties":{"name":"Logan"},"id":"40083"},{"arcs":[[3465,3466,-2977,3467,3468,3469]],"type":"Polygon","properties":{"name":"Atoka"},"id":"40005"},{"arcs":[[3470,-1856,-1750,3471,3472,3473]],"type":"Polygon","properties":{"name":"Clinton"},"id":"29049"},{"arcs":[[3474,3475,3476,3477]],"type":"Polygon","properties":{"name":"Luquillo"},"id":"72089"},{"arcs":[[3478,3479,3480,-2949,3481]],"type":"Polygon","properties":{"name":"Garland"},"id":"05051"},{"arcs":[[3482,-3239,-3025,-312,-947]],"type":"Polygon","properties":{"name":"Jefferson"},"id":"19101"},{"arcs":[[3483,-1889,-865,-802]],"type":"Polygon","properties":{"name":"Neshoba"},"id":"28099"},{"arcs":[[3484,-580,-2652,-888,-2844]],"type":"Polygon","properties":{"name":"Nolan"},"id":"48353"},{"arcs":[[3485,3486,3487,3488,-742,3489]],"type":"Polygon","properties":{"name":"Fayette"},"id":"47047"},{"arcs":[[-1180,-1530,-3086,3490,-963,-1385]],"type":"Polygon","properties":{"name":"Jasper"},"id":"17079"},{"arcs":[[-2430,-2162,3491,-2114,-1520]],"type":"Polygon","properties":{"name":"Lynn"},"id":"48305"},{"arcs":[[3492,3493,3494,3495,3496,-2530]],"type":"Polygon","properties":{"name":"Labette"},"id":"20099"},{"arcs":[[-556,-1922,3497,3498,-2381]],"type":"Polygon","properties":{"name":"Wadena"},"id":"27159"},{"arcs":[[3499,3500,-279,3501,-168]],"type":"Polygon","properties":{"name":"DeKalb"},"id":"18033"},{"arcs":[[-3435,3502,3503,3504,-2,-2695]],"type":"Polygon","properties":{"name":"Clinch"},"id":"13065"},{"arcs":[[3505,3506,3507,3508,-1399,3509]],"type":"Polygon","properties":{"name":"Knox"},"id":"29103"},{"arcs":[[3510,3511,3512,3513,3514,-724]],"type":"Polygon","properties":{"name":"Howard"},"id":"31093"},{"arcs":[[-3085,3515,3516,-2681,-964,-3491]],"type":"Polygon","properties":{"name":"Crawford"},"id":"17033"},{"arcs":[[3517,-1632,-1633,-1630,3518,-2059,3519,3520,3521]],"type":"Polygon","properties":{"name":"Polk"},"id":"27119"},{"arcs":[[3522,-1956,3523,3524,3525]],"type":"Polygon","properties":{"name":"McDonough"},"id":"17109"},{"arcs":[[3526,3527,-3302,-2098,-1662]],"type":"Polygon","properties":{"name":"Menard"},"id":"48327"},{"arcs":[[3528,3529,3530,3531,3532,-2535]],"type":"Polygon","properties":{"name":"Cowley"},"id":"20035"},{"arcs":[[3533,3534,3535,3536,3537]],"type":"Polygon","properties":{"name":"Jessamine"},"id":"21113"},{"arcs":[[3538,3539,-2510,3540]],"type":"Polygon","properties":{"name":"Guayanilla"},"id":"72059"},{"arcs":[[3541,3542,-2551,-2698,-974,3543]],"type":"Polygon","properties":{"name":"Clinton"},"id":"17027"},{"arcs":[[3544,3545,3546]],"type":"Polygon","properties":{"name":"Hormigueros"},"id":"72067"},{"arcs":[[3547,3548,-1928,-812,3549,3550,3551]],"type":"Polygon","properties":{"name":"Slope"},"id":"38087"},{"arcs":[[3552,-2628,3553,3554,3555]],"type":"Polygon","properties":{"name":"Scott"},"id":"18143"},{"arcs":[[-3176,3556,3557,3558,3559]],"type":"Polygon","properties":{"name":"Aroostook"},"id":"23003"},{"arcs":[[3560,-1417,-1945,3561,3562]],"type":"Polygon","properties":{"name":"Missaukee"},"id":"26113"},{"arcs":[[3563,3564,3565,3566,3567,3568]],"type":"Polygon","properties":{"name":"Doddridge"},"id":"54017"},{"arcs":[[3569,3570,-3056,3571,3572]],"type":"Polygon","properties":{"name":"Camuy"},"id":"72027"},{"arcs":[[3573,3574,3575,-2504,-3280]],"type":"Polygon","properties":{"name":"Greene"},"id":"28041"},{"arcs":[[3576,3577,-1777,3578,3579,3580,3581]],"type":"Polygon","properties":{"name":"Benton"},"id":"18007"},{"arcs":[[3582,3583,3584,3585,3586,-1227,3587]],"type":"Polygon","properties":{"name":"Karnes"},"id":"48255"},{"arcs":[[-1831,-1935,3588]],"type":"Polygon","properties":{"name":"North Slope"},"id":"02185"},{"arcs":[[-1100,3589,3590,-3493,-2529,3591]],"type":"Polygon","properties":{"name":"Neosho"},"id":"20133"},{"arcs":[[-234,-2397,3592,3593,-1796,-1696]],"type":"Polygon","properties":{"name":"Cottle"},"id":"48101"},{"arcs":[[-2873,3594,3595,3596]],"type":"Polygon","properties":{"name":"Trousdale"},"id":"47169"},{"arcs":[[3597,-917,-1070,3598,3599,3600]],"type":"Polygon","properties":{"name":"Chaves"},"id":"35005"},{"arcs":[[3601,3602,-2922,3603,3604]],"type":"Polygon","properties":{"name":"Lafayette"},"id":"12067"},{"arcs":[[3605,3606,-2248,-2104,3607,3608]],"type":"Polygon","properties":{"name":"Webster"},"id":"29225"},{"arcs":[[3609,3610,-1929,-3549,3611]],"type":"Polygon","properties":{"name":"Billings"},"id":"38007"},{"arcs":[[3612,-1218,-2660,3613,-2130]],"type":"Polygon","properties":{"name":"Winkler"},"id":"48495"},{"arcs":[[3614,3615,-3146,-2258,-2184,3616,3617]],"type":"Polygon","properties":{"name":"Holt"},"id":"31089"},{"arcs":[[-358,3618,3619,3620,3621,3622]],"type":"Polygon","properties":{"name":"Jeff Davis"},"id":"48243"},{"arcs":[[-655,3623,-3592,-2528,3624]],"type":"Polygon","properties":{"name":"Wilson"},"id":"20205"},{"arcs":[[3625,3626,-2066,-2299,-486,3627]],"type":"Polygon","properties":{"name":"Thomas"},"id":"20193"},{"arcs":[[3628,-682,3629,3630,3631,3632]],"type":"Polygon","properties":{"name":"Clinton"},"id":"39027"},{"arcs":[[3633,-2848,3634,3635,3636]],"type":"Polygon","properties":{"name":"Portage"},"id":"55097"},{"arcs":[[-2007,3637,3638,-2760,-3023,-160]],"type":"Polygon","properties":{"name":"Wells"},"id":"18179"},{"arcs":[[3639,3640,-1312,-1326,3641]],"type":"Polygon","properties":{"name":"Lyon"},"id":"27083"},{"arcs":[[3642,3643,3644,3645,3646,3647,3648,3649,3650,3651,3652]],"type":"Polygon","properties":{"name":"San Juan"},"id":"49037"},{"arcs":[[-977,3653,3654,3655,3656]],"type":"Polygon","properties":{"name":"Perry"},"id":"17145"},{"arcs":[[3657,-3235,-551,3658,3659,-3107]],"type":"Polygon","properties":{"name":"Greeley"},"id":"20071"},{"arcs":[[3660,3661,3662,3663]],"type":"Polygon","properties":{"name":"Bamberg"},"id":"45009"},{"arcs":[[3664,3665,3666]],"type":"Polygon","properties":{"name":"Menominee"},"id":"55078"},{"arcs":[[3667,3668,3669,-923,3670,-1133]],"type":"Polygon","properties":{"name":"Osage"},"id":"20139"},{"arcs":[[-2556,-1258,-1256,3671,-335]],"type":"Polygon","properties":{"name":"Hanson"},"id":"46061"},{"arcs":[[-2800,3672,3673,3674,3675,3676,3677]],"type":"Polygon","properties":{"name":"Archuleta"},"id":"08007"},{"arcs":[[-930,3678,3679,-1644,3680,-2426,3681]],"type":"Polygon","properties":{"name":"Harrison"},"id":"29081"},{"arcs":[[3682,3683,3684,3685,-506,3686,3687,3688]],"type":"Polygon","properties":{"name":"St. Louis"},"id":"27137"},{"arcs":[[3689,3690,3691,-2548,3692,3693,-935]],"type":"Polygon","properties":{"name":"Montgomery"},"id":"17135"},{"arcs":[[3694,3695,-300,3696,3697]],"type":"Polygon","properties":{"name":"Green"},"id":"21087"},{"arcs":[[3698,3699,3700,3701,3702,3703]],"type":"Polygon","properties":{"name":"Nevada"},"id":"05099"},{"arcs":[[3704,3705,-2008,-158,3706,-405]],"type":"Polygon","properties":{"name":"Wabash"},"id":"18169"},{"arcs":[[-3499,3707,3708,3709,-1193,-2382]],"type":"Polygon","properties":{"name":"Todd"},"id":"27153"},{"arcs":[[-3042,-2054,-483,3710,-872,-474,3711]],"type":"Polygon","properties":{"name":"Finney"},"id":"20055"},{"arcs":[[3712,3713,3714,3715,-64]],"type":"Polygon","properties":{"name":"Union"},"id":"18161"},{"arcs":[[3716,3717,3718,3719,3720]],"type":"Polygon","properties":{"name":"Chambers"},"id":"01017"},{"arcs":[[3721,-3199,3722,3723,3724,3725,3726]],"type":"Polygon","properties":{"name":"Madison"},"id":"13195"},{"arcs":[[-2531,-3497,3727,3728,3729]],"type":"Polygon","properties":{"name":"Nowata"},"id":"40105"},{"arcs":[[-1526,-3202,-2948,-3349,-2163]],"type":"Polygon","properties":{"name":"Stephens"},"id":"48429"},{"arcs":[[3730,-2970,3731,3732,-3208,3733,-1103,3734]],"type":"Polygon","properties":{"name":"Beckham"},"id":"40009"},{"arcs":[[3735,3736,-3386,3737,-705,3738]],"type":"Polygon","properties":{"name":"Pulaski"},"id":"29169"},{"arcs":[[3739,3740,3741,3742,3743]],"type":"Polygon","properties":{"name":"Lamoille"},"id":"50015"},{"arcs":[[3744,3745,3746,3747,3748]],"type":"Polygon","properties":{"name":"Carver"},"id":"27019"},{"arcs":[[-3126,3749,3750,3751,-1886,3752]],"type":"Polygon","properties":{"name":"Noxubee"},"id":"28103"},{"arcs":[[3753,3754,3755,3756]],"type":"Polygon","properties":{"name":"Flagler"},"id":"12035"},{"arcs":[[3757,3758,3759,3760,3761,-2711]],"type":"Polygon","properties":{"name":"Phelps"},"id":"31137"},{"arcs":[[3762,-737,3763,-2280,3764,3765,-1479]],"type":"Polygon","properties":{"name":"Lemhi"},"id":"16059"},{"arcs":[[-1770,3766,3767,-928,-958]],"type":"Polygon","properties":{"name":"Union"},"id":"19175"},{"arcs":[[-1122,-1582,3768,-1650,3769]],"type":"Polygon","properties":{"name":"Butler"},"id":"19023"},{"arcs":[[3770,3771,3772,3773,-1450,3774]],"type":"Polygon","properties":{"name":"Henry"},"id":"17073"},{"arcs":[[3775,3776,-571,3777,-275,3778]],"type":"Polygon","properties":{"name":"Henry"},"id":"39069"},{"arcs":[[3779,-983,-3008,3780]],"type":"Polygon","properties":{"name":"Hancock"},"id":"19081"},{"arcs":[[3781,-2912,3782,3783,-3230,3784]],"type":"Polygon","properties":{"name":"Kandiyohi"},"id":"27067"},{"arcs":[[-1395,-1053,3785,3786,3787]],"type":"Polygon","properties":{"name":"Cameron"},"id":"42023"},{"arcs":[[3788,3789,3790,-3510,-1398,3791,3792]],"type":"Polygon","properties":{"name":"Adair"},"id":"29001"},{"arcs":[[-1396,-3788,3793,3794,3795]],"type":"Polygon","properties":{"name":"Elk"},"id":"42047"},{"arcs":[[-549,-3043,-3712,-323,3796]],"type":"Polygon","properties":{"name":"Kearny"},"id":"20093"},{"arcs":[[-3171,3797,-1413,3798]],"type":"Polygon","properties":{"name":"Crawford"},"id":"26039"},{"arcs":[[-1458,-3367,3799,-3241,3800,3801]],"type":"Polygon","properties":{"name":"Livingston"},"id":"17105"},{"arcs":[[-298,-2298,-67,-1021,3802,-1516]],"type":"Polygon","properties":{"name":"Marion"},"id":"19125"},{"arcs":[[-2757,3803,3804,3805,3806,-1564]],"type":"Polygon","properties":{"name":"Putnam"},"id":"13237"},{"arcs":[[3807,3808,3809,3810,-3804,-2756]],"type":"Polygon","properties":{"name":"Greene"},"id":"13133"},{"arcs":[[3811,3812,3813,-815,3814,3815]],"type":"Polygon","properties":{"name":"Warren"},"id":"13301"},{"arcs":[[-1085,-1427,-32,-873,-512,-2521]],"type":"Polygon","properties":{"name":"Ransom"},"id":"38073"},{"arcs":[[3816,3817,3818,3819,3820]],"type":"Polygon","properties":{"name":"Warren"},"id":"29219"},{"arcs":[[3821,3822,3823,3824]],"type":"Polygon","properties":{"name":"Fulton"},"id":"36035"},{"arcs":[[3825,3826,3827,3828,3829,-3036]],"type":"Polygon","properties":{"name":"Duchesne"},"id":"49013"},{"arcs":[[3830,-696,-2855,3831,3832,-1319,3833]],"type":"Polygon","properties":{"name":"Bell"},"id":"48027"},{"arcs":[[-1911,3834]],"type":"Polygon","properties":{"name":"Kalawao"},"id":"15005"},{"arcs":[[3835,3836,3837]],"type":"Polygon","properties":{"name":"Scott"},"id":"17171"},{"arcs":[[-2518,3838,3839,3840,3841,-1072]],"type":"Polygon","properties":{"name":"Cuming"},"id":"31039"},{"arcs":[[3842,3843,3844,-2538,-122,3845]],"type":"Polygon","properties":{"name":"Kingman"},"id":"20095"},{"arcs":[[3846,3847,3848,3849,-3079,3850]],"type":"Polygon","properties":{"name":"Clark"},"id":"55019"},{"arcs":[[-3492,-2161,-2148,-2843,-454,-2115]],"type":"Polygon","properties":{"name":"Borden"},"id":"48033"},{"arcs":[[3851,3852,3853,3854,3855]],"type":"Polygon","properties":{"name":"Madison"},"id":"48313"},{"arcs":[[3856,3857,3858,-1489,-970]],"type":"Polygon","properties":{"name":"Delaware"},"id":"19055"},{"arcs":[[3859,3860,-3061,3861,-1992,3862]],"type":"Polygon","properties":{"name":"Maricao"},"id":"72093"},{"arcs":[[-3681,-1649,3863,-1853,3864,-2427]],"type":"Polygon","properties":{"name":"Daviess"},"id":"29061"},{"arcs":[[3865,3866,3867,3868,3869,3870,3871]],"type":"Polygon","properties":{"name":"Santa Clara"},"id":"06085"},{"arcs":[[3872,3873,3874,3875,3876,-3646]],"type":"Polygon","properties":{"name":"Montrose"},"id":"08085"},{"arcs":[[3877,3878,3879,3880,3881,3882]],"type":"Polygon","properties":{"name":"Macon"},"id":"01087"},{"arcs":[[3883,3884,3885,3886,3887,3888,-2346]],"type":"Polygon","properties":{"name":"Marshall"},"id":"01095"},{"arcs":[[3889,3890,3891,3892,3893,-2324]],"type":"Polygon","properties":{"name":"Franklin"},"id":"51067"},{"arcs":[[3894,3895,3896,3897,3898]],"type":"Polygon","properties":{"name":"Union"},"id":"47173"},{"arcs":[[3899,3900,3901,3902,3903,3904]],"type":"Polygon","properties":{"name":"Lapeer"},"id":"26087"},{"arcs":[[3905,-2671,-1350,-2050,3906]],"type":"Polygon","properties":{"name":"Republic"},"id":"20157"},{"arcs":[[-243,-2168,3907,-3485,-2146]],"type":"Polygon","properties":{"name":"Fisher"},"id":"48151"},{"arcs":[[3908,3909,-994,3910,3911,3912]],"type":"Polygon","properties":{"name":"Henry"},"id":"21103"},{"arcs":[[-3112,-2182,3913,3914,3915]],"type":"Polygon","properties":{"name":"Camp"},"id":"48063"},{"arcs":[[-1165,3916,3917,3918,-2204,3919]],"type":"Polygon","properties":{"name":"Olmsted"},"id":"27109"},{"arcs":[[3920,-426,3921,-2666]],"type":"Polygon","properties":{"name":"Jefferson"},"id":"31095"},{"arcs":[[3922,-349,-1680,-2781,-1691,3923,-3389]],"type":"Polygon","properties":{"name":"Garden"},"id":"31069"},{"arcs":[[3924,3925,-3664,3926,3927]],"type":"Polygon","properties":{"name":"Barnwell"},"id":"45011"},{"arcs":[[3928,3929,3930,-2495]],"type":"Polygon","properties":{"name":"Clarke"},"id":"28023"},{"arcs":[[3931,-2371,-1372,3932,-1297]],"type":"Polygon","properties":{"name":"Fall River"},"id":"46047"},{"arcs":[[-3301,3933,-2097,3934,-3096,-2100]],"type":"Polygon","properties":{"name":"Gillespie"},"id":"48171"},{"arcs":[[3935,-3007,-949,3936]],"type":"Polygon","properties":{"name":"Humboldt"},"id":"19091"},{"arcs":[[-3348,3937,3938,3939,3940,3941,-1744]],"type":"Polygon","properties":{"name":"Audrain"},"id":"29007"},{"arcs":[[3942,3943,3944,3945,-280,3946]],"type":"Polygon","properties":{"name":"Cimarron"},"id":"40025"},{"arcs":[[-1353,3947,-3392,-984,-1959,-2827]],"type":"Polygon","properties":{"name":"Ottawa"},"id":"20143"},{"arcs":[[3948,-1746,3949,-2829,3950]],"type":"Polygon","properties":{"name":"Howard"},"id":"29089"},{"arcs":[[3951,3952,3953,3954,3955,3956,3957]],"type":"Polygon","properties":{"name":"Liberty"},"id":"48291"},{"arcs":[[3958,3959,-403,-2294,3960]],"type":"Polygon","properties":{"name":"Marshall"},"id":"18099"},{"arcs":[[-3191,-1081,3961,3962,3963]],"type":"Polygon","properties":{"name":"Pike"},"id":"39131"},{"arcs":[[3964,3965,3966,-2274,-3764,-736]],"type":"Polygon","properties":{"name":"Ravalli"},"id":"30081"},{"arcs":[[-3841,3967,3968,3969,3970,3971,3972]],"type":"Polygon","properties":{"name":"Dodge"},"id":"31053"},{"arcs":[[-3426,3973,3974,3975,3976,-290]],"type":"Polygon","properties":{"name":"Putnam"},"id":"18133"},{"arcs":[[-2657,3977,3978,3979,3980]],"type":"Polygon","properties":{"name":"Upton"},"id":"48461"},{"arcs":[[3981]],"type":"Polygon","properties":{"name":"Culebra"},"id":"72049"},{"arcs":[[3982,-1975,-2022,-2029,3983,3984,3985]],"type":"Polygon","properties":{"name":"Clinton"},"id":"18023"},{"arcs":[[3986,3987,3988,3989,3990,-3896,3991]],"type":"Polygon","properties":{"name":"Claiborne"},"id":"47025"},{"arcs":[[3992,-2708,3993,3994]],"type":"Polygon","properties":{"name":"Quitman"},"id":"28119"},{"arcs":[[-2468,-1883,-3281,-2303,3995,3996]],"type":"Polygon","properties":{"name":"Forrest"},"id":"28035"},{"arcs":[[3997,3998,3999,4000,4001]],"type":"Polygon","properties":{"name":"Nassau"},"id":"12089"},{"arcs":[[4002,-610,4003,4004,-999]],"type":"Polygon","properties":{"name":"Yavapai"},"id":"04025"},{"arcs":[[4005,4006,-1443,-3041,4007,4008]],"type":"Polygon","properties":{"name":"Yuba"},"id":"06115"},{"arcs":[[4009,4010,4011,4012,4013,-501,4014,4015]],"type":"Polygon","properties":{"name":"Fresno"},"id":"06019"},{"arcs":[[4016,4017,4018,4019,4020,4021,4022]],"type":"Polygon","properties":{"name":"Graves"},"id":"21083"},{"arcs":[[-387,4023,4024,4025,4026]],"type":"Polygon","properties":{"name":"Carroll"},"id":"24013"},{"arcs":[[4027,4028,4029,4030,4031]],"type":"Polygon","properties":{"name":"Roseau"},"id":"27135"},{"arcs":[[4032,4033,-2990,-3309,4034,4035]],"type":"Polygon","properties":{"name":"Washington"},"id":"28151"},{"arcs":[[4036,-2272,4037,-2605,-1949]],"type":"Polygon","properties":{"name":"Arenac"},"id":"26011"},{"arcs":[[4038,4039,4040,-833,4041,-3460,4042,4043,4044]],"type":"Polygon","properties":{"name":"Jefferson"},"id":"08059"},{"arcs":[[4046,4047,4048,4049,4050,4051,4052]],"type":"Polygon","properties":{"name":"Cherokee"},"id":"37039"},{"arcs":[[4053,4054,4055,4056,4057]],"type":"Polygon","properties":{"name":"Ashe"},"id":"37009"},{"arcs":[[4058,4059,4060,4061,4062,4063]],"type":"Polygon","properties":{"name":"Cuyahoga"},"id":"39035"},{"arcs":[[4064,4065,4066,-1097,4067,4068,4069]],"type":"Polygon","properties":{"name":"Bradford"},"id":"42015"},{"arcs":[[4070,-4022,4071,4072,4073,4074]],"type":"Polygon","properties":{"name":"Weakley"},"id":"47183"},{"arcs":[[4075,-1334,4076,4077,4078,-2420,4079]],"type":"Polygon","properties":{"name":"Mecklenburg"},"id":"51117"},{"arcs":[[4080,4081,4082,4083,4084,4085]],"type":"Polygon","properties":{"name":"Alexander"},"id":"17003"},{"arcs":[[4086,4087,4088,4089,4090,4091]],"type":"Polygon","properties":{"name":"De Soto"},"id":"22031"},{"arcs":[[4092,4093,4094,4095,4096,-2386,4097]],"type":"Polygon","properties":{"name":"Dakota"},"id":"27037"},{"arcs":[[-1647,4098,-3792,-1404,4099,4100]],"type":"Polygon","properties":{"name":"Linn"},"id":"29115"},{"arcs":[[4101,4102,-2052,-1978,-1984,-134]],"type":"Polygon","properties":{"name":"Smith"},"id":"20183"},{"arcs":[[4103,-2942,4104,4105,4106,4107,4108]],"type":"Polygon","properties":{"name":"Jefferson"},"id":"30043"},{"arcs":[[4109,-725,-3515,4110,-428,4111,-3759,4112]],"type":"Polygon","properties":{"name":"Buffalo"},"id":"31019"},{"arcs":[[4113,4114,4115,4116,4117,4118]],"type":"Polygon","properties":{"name":"Webster"},"id":"21233"},{"arcs":[[4119,4120,4121,4122,4123]],"type":"Polygon","properties":{"name":"Washington"},"id":"21229"},{"arcs":[[4124,4125,-2880,4126,4127,4128,4129]],"type":"Polygon","properties":{"name":"Davidson"},"id":"37057"},{"arcs":[[4130,4131,4132,4133,4134]],"type":"Polygon","properties":{"name":"Cabarrus"},"id":"37025"},{"arcs":[[-3630,-681,-3192,-3964,4135,4136]],"type":"Polygon","properties":{"name":"Highland"},"id":"39071"},{"arcs":[[4137,-1506,4138,4139,4140,4141,-2785]],"type":"Polygon","properties":{"name":"Knox"},"id":"39083"},{"arcs":[[4142,4143,-1595,4144,4145]],"type":"Polygon","properties":{"name":"Hood River"},"id":"41027"},{"arcs":[[4146,4147,4148,-2610,-3429,4149]],"type":"Polygon","properties":{"name":"Bedford"},"id":"42009"},{"arcs":[[4150,4151,4152,4153,-3640,4154,-2244]],"type":"Polygon","properties":{"name":"Yellow Medicine"},"id":"27173"},{"arcs":[[4155,4156,4157,-101,4158,4159,4160]],"type":"Polygon","properties":{"name":"Coffee"},"id":"47031"},{"arcs":[[4161,4162,4163,-4058,4164,4165,4166]],"type":"Polygon","properties":{"name":"Johnson"},"id":"47091"},{"arcs":[[4167,4168,4169,-1914,4170]],"type":"Polygon","properties":{"name":"Overton"},"id":"47133"},{"arcs":[[4171,4172,4173,4174]],"type":"Polygon","properties":{"name":"Monroe"},"id":"55081"},{"arcs":[[4175,4176,4177,-3137,4178]],"type":"Polygon","properties":{"name":"Natrona"},"id":"56025"},{"arcs":[[4179,4180,4181,4182,4183,-1902,-899]],"type":"Polygon","properties":{"name":"Patillas"},"id":"72109"},{"arcs":[[4184,4185,-714,-115,4186,4187,4188]],"type":"Polygon","properties":{"name":"Ciales"},"id":"72039"},{"arcs":[[4189]],"type":"Polygon","properties":{"name":"Vieques"},"id":"72147"},{"arcs":[[-1944,4190,-691,4191,4192,-1598]],"type":"Polygon","properties":{"name":"Wheeler"},"id":"41069"},{"arcs":[[4193,4194,4195,4196,4197,4198]],"type":"Polygon","properties":{"name":"Waller"},"id":"48473"},{"arcs":[[4199,-4197,4200,4201,4202]],"type":"Polygon","properties":{"name":"Fort Bend"},"id":"48157"},{"arcs":[[4203,4204,-3958,4205,-4195,4206]],"type":"Polygon","properties":{"name":"Montgomery"},"id":"48339"},{"arcs":[[4207,4208,4209,4210,4211,4212]],"type":"Polygon","properties":{"name":"Smyth"},"id":"51173"},{"arcs":[[4213,4214,4215,4216,-2987]],"type":"Polygon","properties":{"name":"Holmes"},"id":"28051"},{"arcs":[[4217,4218,4219,4220]],"type":"Polygon","properties":{"name":"Adams"},"id":"53001"},{"arcs":[[-3892,4221,4222,4223,-1719,4224,-1717,-269,4225]],"type":"Polygon","properties":{"name":"Pittsylvania"},"id":"51143"},{"arcs":[[4226,4227,4228]],"type":"Polygon","properties":{"name":"Kitsap"},"id":"53035"},{"arcs":[[4229,-4039,4230,4231]],"type":"Polygon","properties":{"name":"Gilpin"},"id":"08047"},{"arcs":[[-1370,4232,-2758,-1562,-3187,4233]],"type":"Polygon","properties":{"name":"Newton"},"id":"13217"},{"arcs":[[4234,-1037,4235,4236,4237,4238]],"type":"Polygon","properties":{"name":"Twin Falls"},"id":"16083"},{"arcs":[[4239,-1032,-1460,-962,-939,4240,-3773]],"type":"Polygon","properties":{"name":"Bureau"},"id":"17011"},{"arcs":[[4241,-1361,4242,4243,4244]],"type":"Polygon","properties":{"name":"Brown"},"id":"17009"},{"arcs":[[4245,4246,-3327,-2408,-1357,4247]],"type":"Polygon","properties":{"name":"Mason"},"id":"17125"},{"arcs":[[-2028,-3165,4248,4249,4250,-3984]],"type":"Polygon","properties":{"name":"Hamilton"},"id":"18057"},{"arcs":[[-4249,-3164,-854,4251,4252,4253]],"type":"Polygon","properties":{"name":"Hancock"},"id":"18059"},{"arcs":[[4254,4255,4256,4257,4258]],"type":"Polygon","properties":{"name":"Sioux"},"id":"19167"},{"arcs":[[4259,4260,4261,4262,4263,4264,4265]],"type":"Polygon","properties":{"name":"Ohio"},"id":"21183"},{"arcs":[[4266,4267,4268,4269,4270,4271]],"type":"Polygon","properties":{"name":"Knott"},"id":"21119"},{"arcs":[[4272,4273,4274,4275]],"type":"Polygon","properties":{"name":"Hampshire"},"id":"25015"},{"arcs":[[4276,4277,-2466,-2411,4278,4279]],"type":"Polygon","properties":{"name":"Simpson"},"id":"28127"},{"arcs":[[-1849,-2642,-1643,4280,4281]],"type":"Polygon","properties":{"name":"Montgomery"},"id":"28097"},{"arcs":[[-2496,-3931,4282,4283,-3574,-3279,-1881]],"type":"Polygon","properties":{"name":"Wayne"},"id":"28153"},{"arcs":[[4284,4285,-3972,4286,-2309,4287]],"type":"Polygon","properties":{"name":"Butler"},"id":"31023"},{"arcs":[[-192,-427,4288,4289,-451]],"type":"Polygon","properties":{"name":"Fillmore"},"id":"31059"},{"arcs":[[4290,4291,4292,4293,4294,4295]],"type":"Polygon","properties":{"name":"Ulster"},"id":"36111"},{"arcs":[[4296,4297,4298,4299,4300,4301,4302]],"type":"Polygon","properties":{"name":"Lake"},"id":"47095"},{"arcs":[[4303,-3980,4304,-1867,-1664,-2592,4305,4306,4307]],"type":"Polygon","properties":{"name":"Crockett"},"id":"48105"},{"arcs":[[4308,4309,4310,4311,4312,-910]],"type":"Polygon","properties":{"name":"Calhoun"},"id":"54013"},{"arcs":[[4313,-4161,4314,4315]],"type":"Polygon","properties":{"name":"Moore"},"id":"47127"},{"arcs":[[4316,-2484,4317,-2338,4318,4319,-3886]],"type":"Polygon","properties":{"name":"DeKalb"},"id":"01049"},{"arcs":[[4320,4321,4322,4323]],"type":"Polygon","properties":{"name":"Washington"},"id":"05143"},{"arcs":[[4324,4325,4326,4327,4328]],"type":"Polygon","properties":{"name":"South Central Connecticut"},"id":"09170"},{"arcs":[[-4051,4329,-2808,4330,4331,4332]],"type":"Polygon","properties":{"name":"Union"},"id":"13291"},{"arcs":[[-3028,4333,4334,4335,4336]],"type":"Polygon","properties":{"name":"Des Moines"},"id":"19057"},{"arcs":[[4337,4338,4339,4340,4341]],"type":"Polygon","properties":{"name":"Meade"},"id":"21163"},{"arcs":[[4342,4343,-1439,-4007,4344,4345]],"type":"Polygon","properties":{"name":"Plumas"},"id":"06063"},{"arcs":[[4346,4347,-989,-3910,4348,4349]],"type":"Polygon","properties":{"name":"Carroll"},"id":"21041"},{"arcs":[[-1888,4350,4351,-3929,-866]],"type":"Polygon","properties":{"name":"Lauderdale"},"id":"28075"},{"arcs":[[4352,4353,4354,4355,4356,4357]],"type":"Polygon","properties":{"name":"Carter"},"id":"30011"},{"arcs":[[4358,4359,4360,4361,4362]],"type":"Polygon","properties":{"name":"Gogebic"},"id":"26053"},{"arcs":[[4363,4364,4365,4366,4367]],"type":"Polygon","properties":{"name":"Rockland"},"id":"36087"},{"arcs":[[4368,4369,4370,-4135,4371,4372,4373]],"type":"Polygon","properties":{"name":"Mecklenburg"},"id":"37119"},{"arcs":[[4374,4375,4376,4377,-568]],"type":"Polygon","properties":{"name":"Ottawa"},"id":"39123"},{"arcs":[[4378,4379,4380,4381,4382,-4024,-386]],"type":"Polygon","properties":{"name":"York"},"id":"42133"},{"arcs":[[4383,4384,4385,4386,4387,4388]],"type":"Polygon","properties":{"name":"Horry"},"id":"45051"},{"arcs":[[-3827,4389,4390,4391,4392,4393,4394]],"type":"Polygon","properties":{"name":"Uintah"},"id":"49047"},{"arcs":[[4395,-4229,4396,4397,-1874,4398,4399]],"type":"Polygon","properties":{"name":"Mason"},"id":"53045"},{"arcs":[[4400,4401,4402,4403,4404]],"type":"Polygon","properties":{"name":"Ohio"},"id":"54069"},{"arcs":[[4405,4406,4407,4408]],"type":"Polygon","properties":{"name":"Milwaukee"},"id":"55079"},{"arcs":[[4409,4410,4411,4412,-2690]],"type":"Polygon","properties":{"name":"Forsyth"},"id":"13117"},{"arcs":[[4413,4414,4415,4416,-3806]],"type":"Polygon","properties":{"name":"Baldwin"},"id":"13009"},{"arcs":[[4417,-2488,4418,4419,4420]],"type":"Polygon","properties":{"name":"Seminole"},"id":"13253"},{"arcs":[[-3255,-3004,-3072,-3436,-2697,4421,-2217]],"type":"Polygon","properties":{"name":"Berrien"},"id":"13019"},{"arcs":[[4422,4423,-2629,-3553,4424,-2400,4425]],"type":"Polygon","properties":{"name":"Jackson"},"id":"18071"},{"arcs":[[4426,4427,4428,-3975,4429]],"type":"Polygon","properties":{"name":"Hendricks"},"id":"18063"},{"arcs":[[4430,4431,4432,4433,4434]],"type":"Polygon","properties":{"name":"Johnson"},"id":"18081"},{"arcs":[[4435,4436,4437,4438,4439,4440]],"type":"Polygon","properties":{"name":"Calhoun"},"id":"17013"},{"arcs":[[-3290,-2379,-1571,-4256]],"type":"Polygon","properties":{"name":"O'Brien"},"id":"19141"},{"arcs":[[-992,4441,4442,4443,4444,4445,4446]],"type":"Polygon","properties":{"name":"Scott"},"id":"21209"},{"arcs":[[4447,4448,4449,4450,4451]],"type":"Polygon","properties":{"name":"Lincoln"},"id":"21137"},{"arcs":[[4452,4453,4454,-1311,4455,4456,4457],[-588]],"type":"Polygon","properties":{"name":"Frederick"},"id":"51069"},{"arcs":[[4458,4459,4460,-4208,4461,4462,4463]],"type":"Polygon","properties":{"name":"Russell"},"id":"51167"},{"arcs":[[4464,4465,4466,4467,4468]],"type":"Polygon","properties":{"name":"Stevens"},"id":"53065"},{"arcs":[[-3082,4469,4470,4471,4472]],"type":"Polygon","properties":{"name":"Buffalo"},"id":"55011"},{"arcs":[[4473,4474,4475,-4185,4476,4477]],"type":"Polygon","properties":{"name":"Arecibo"},"id":"72013"},{"arcs":[[4478,-3094,4479,4480,4481,4482]],"type":"Polygon","properties":{"name":"Harper"},"id":"40059"},{"arcs":[[-3946,4483,-1015,4484,-281]],"type":"Polygon","properties":{"name":"Sherman"},"id":"48421"},{"arcs":[[-4394,4485,4486,-3645,4487]],"type":"Polygon","properties":{"name":"Grand"},"id":"49019"},{"arcs":[[4488,4489,4490,-1332,4491]],"type":"Polygon","properties":{"name":"Nottoway"},"id":"51135"},{"arcs":[[4492,4493,4494,4495,4496,4497,4498]],"type":"Polygon","properties":{"name":"Union"},"id":"05139"},{"arcs":[[4499,4500,-4015,-505,4501,4502]],"type":"Polygon","properties":{"name":"Monterey"},"id":"06053"},{"arcs":[[4503,4504,4505,4506,4507,4508]],"type":"Polygon","properties":{"name":"Larimer"},"id":"08069"},{"arcs":[[4509,4510,4511,4512,4513,4514]],"type":"Polygon","properties":{"name":"Pasco"},"id":"12101"},{"arcs":[[4515,4516,4517,4518,4519,4520]],"type":"Polygon","properties":{"name":"Washington"},"id":"22117"},{"arcs":[[4521,4522,4523,4524,4525,4526,4527]],"type":"Polygon","properties":{"name":"Marquette"},"id":"26103"},{"arcs":[[-4004,-609,4528,4529,4530,4531]],"type":"Polygon","properties":{"name":"Maricopa"},"id":"04013"},{"arcs":[[4532,-2290,-2092,4533,4534,4535,4536]],"type":"Polygon","properties":{"name":"Pope"},"id":"05115"},{"arcs":[[4537,4538,4539,4540,4541]],"type":"Polygon","properties":{"name":"Amador"},"id":"06005"},{"arcs":[[4542,4543,4544,4545,-3857,-765]],"type":"Polygon","properties":{"name":"Clayton"},"id":"19043"},{"arcs":[[4546,4547,4548,4549,4550,4551,4552]],"type":"Polygon","properties":{"name":"Essex"},"id":"36031"},{"arcs":[[4553,4554,4555,4556,4557,4558,4559]],"type":"Polygon","properties":{"name":"Burke"},"id":"37023"},{"arcs":[[4560,4561,4562,-1504,-3401,-436,4563]],"type":"Polygon","properties":{"name":"Huron"},"id":"39077"},{"arcs":[[4564,4565,4566,-2176]],"type":"Polygon","properties":{"name":"Cleveland"},"id":"40027"},{"arcs":[[4567,-2748,-262,4568,4569,-1011,-4484,-3945]],"type":"Polygon","properties":{"name":"Texas"},"id":"40139"},{"arcs":[[4570,4571,4572,4573,-3266,4574,4575,-3488]],"type":"Polygon","properties":{"name":"Hardeman"},"id":"47069"},{"arcs":[[4576,4577,4578,4579,4580]],"type":"Polygon","properties":{"name":"Jefferson"},"id":"47089"},{"arcs":[[-822,4581,4582,4583,4584,4585,4586,4587]],"type":"Polygon","properties":{"name":"Chouteau"},"id":"30015"},{"arcs":[[4588,4589,4590,-3615,4591]],"type":"Polygon","properties":{"name":"Boyd"},"id":"31015"},{"arcs":[[-2872,4592,-1919,4593,4594,-3595]],"type":"Polygon","properties":{"name":"Smith"},"id":"47159"},{"arcs":[[-452,-4290,4595,-3907,-2049,4596]],"type":"Polygon","properties":{"name":"Nuckolls"},"id":"31129"},{"arcs":[[4597,4598,4599,4600,4601,4602,4603]],"type":"Polygon","properties":{"name":"Rusk"},"id":"48401"},{"arcs":[[4604,4605,4606,4607,4608]],"type":"Polygon","properties":{"name":"Wichita"},"id":"48485"},{"arcs":[[-4485,-3228,4609,4610,4611,-3420]],"type":"Polygon","properties":{"name":"Moore"},"id":"48341"},{"arcs":[[4612,4613,4614,-4308,4615,4616,-3620]],"type":"Polygon","properties":{"name":"Pecos"},"id":"48371"},{"arcs":[[4617,4618,4619,4620,4621,4622]],"type":"Polygon","properties":{"name":"Box Elder"},"id":"49003"},{"arcs":[[4623,4624,-3442,4625]],"type":"Polygon","properties":{"name":"Alpena"},"id":"26007"},{"arcs":[[-4575,-3271,4626,4627,4628]],"type":"Polygon","properties":{"name":"Tippah"},"id":"28139"},{"arcs":[[4629,4630,4631,-1264,4632,-995,-367,4633]],"type":"Polygon","properties":{"name":"Lincoln"},"id":"32017"},{"arcs":[[4634,4635,4636,4637,4638,-4366]],"type":"Polygon","properties":{"name":"Westchester"},"id":"36119"},{"arcs":[[4639,4640,4641,4642]],"type":"Polygon","properties":{"name":"Niagara"},"id":"36063"},{"arcs":[[-4293,4643,4644,4645,4646,4647,4648]],"type":"Polygon","properties":{"name":"Dutchess"},"id":"36027"},{"arcs":[[4649,4650,-3522,4651,4652,-2903]],"type":"Polygon","properties":{"name":"Grand Forks"},"id":"38035"},{"arcs":[[-1807,4653,4654,4655,4656]],"type":"Polygon","properties":{"name":"Marshall"},"id":"40095"},{"arcs":[[4657,-2540,-1472,4658,4659,4660,4661]],"type":"Polygon","properties":{"name":"Webb"},"id":"48479"},{"arcs":[[[4662,4663,4664,-1286,4665]],[[4666,4667,4668,4669]]],"type":"MultiPolygon","properties":{"name":"Kleberg"},"id":"48273"},{"arcs":[[4670,4671,4672,4673]],"type":"Polygon","properties":{"name":"Walla Walla"},"id":"53071"},{"arcs":[[4674,4675,4676,4677]],"type":"Polygon","properties":{"name":"Custer"},"id":"08027"},{"arcs":[[4678,4679,-4678,4680,-3044,4681,4682,-2798,4683]],"type":"Polygon","properties":{"name":"Saguache"},"id":"08109"},{"arcs":[[4684,4685,-1570,4686,4687,4688,-2806]],"type":"Polygon","properties":{"name":"Habersham"},"id":"13137"},{"arcs":[[4689,-3837,4690,-938,4691,-4437]],"type":"Polygon","properties":{"name":"Greene"},"id":"17061"},{"arcs":[[4692,4693,4694,4695,-2625,4696]],"type":"Polygon","properties":{"name":"Decatur"},"id":"18031"},{"arcs":[[4697,4698,4699,4700,4701]],"type":"Polygon","properties":{"name":"Franklin"},"id":"16041"},{"arcs":[[-1581,-973,-2865,4702,-1651,-3769]],"type":"Polygon","properties":{"name":"Black Hawk"},"id":"19013"},{"arcs":[[4703,4704,4705,4706,4707]],"type":"Polygon","properties":{"name":"Greenup"},"id":"21089"},{"arcs":[[-4123,4708,4709,-4448,4710,4711]],"type":"Polygon","properties":{"name":"Boyle"},"id":"21021"},{"arcs":[[4712,-4340,4713,4714,4715,4716,4717,4718,4719]],"type":"Polygon","properties":{"name":"Hardin"},"id":"21093"},{"arcs":[[4720,-2836,4721,-4120,4722,4723,-4717]],"type":"Polygon","properties":{"name":"Nelson"},"id":"21179"},{"arcs":[[-1144,4724,4725,4726,4727,4728]],"type":"Polygon","properties":{"name":"Lenawee"},"id":"26091"},{"arcs":[[4729,4730,4731,4732]],"type":"Polygon","properties":{"name":"Crow Wing"},"id":"27035"},{"arcs":[[4733,-3748,4734,4735,4736,4737]],"type":"Polygon","properties":{"name":"Sibley"},"id":"27143"},{"arcs":[[-804,-868,4738,4739,4740]],"type":"Polygon","properties":{"name":"Scott"},"id":"28123"},{"arcs":[[-3489,-4576,-4629,4741,-743]],"type":"Polygon","properties":{"name":"Benton"},"id":"28009"},{"arcs":[[-4739,-2497,-1879,-2467,-4278,4742]],"type":"Polygon","properties":{"name":"Smith"},"id":"28129"},{"arcs":[[4743,4744,-3951,-2828,-185,4745]],"type":"Polygon","properties":{"name":"Saline"},"id":"29195"},{"arcs":[[4746,4747,-3617,-2188,4748,-2743]],"type":"Polygon","properties":{"name":"Loup"},"id":"31115"},{"arcs":[[-4719,4749,-3698,4750,4751,-2238,4752]],"type":"Polygon","properties":{"name":"Hart"},"id":"21099"},{"arcs":[[4753,4754,4755,-3422,4756,4757,4758,-1065,-915,-3263]],"type":"Polygon","properties":{"name":"Quay"},"id":"35037"},{"arcs":[[4759,4760,-83,4761,-674,4762]],"type":"Polygon","properties":{"name":"Seneca"},"id":"36099"},{"arcs":[[4763,4764,4765,4766,4767,4768]],"type":"Polygon","properties":{"name":"Cumberland"},"id":"37051"},{"arcs":[[4769,4770,4771,4772,4773,4774,-1792]],"type":"Polygon","properties":{"name":"Tulsa"},"id":"40143"},{"arcs":[[-1668,4775,4776,-1819,4777,-1811]],"type":"Polygon","properties":{"name":"McIntosh"},"id":"40091"},{"arcs":[[4778,4779,4780,4781,4782,4783,-1241,4784]],"type":"Polygon","properties":{"name":"Monroe"},"id":"42089"},{"arcs":[[4785,4786,4787,4788,4789,-1220,4790]],"type":"Polygon","properties":{"name":"Robertson"},"id":"47147"},{"arcs":[[4791,4792,4793,4794,4795,-2544,4796]],"type":"Polygon","properties":{"name":"Christian"},"id":"21047"},{"arcs":[[-4377,4797,4798,-4561,4799]],"type":"Polygon","properties":{"name":"Erie"},"id":"39043"},{"arcs":[[4800,4801,4802,4803,4804]],"type":"Polygon","properties":{"name":"Grant"},"id":"35017"},{"arcs":[[4805,4806,-4755,4807,4808]],"type":"Polygon","properties":{"name":"Harding"},"id":"35021"},{"arcs":[[4809,-3703,4810,-4499,4811,4812]],"type":"Polygon","properties":{"name":"Columbia"},"id":"05027"},{"arcs":[[4813,-468,4814,4815,4816]],"type":"Polygon","properties":{"name":"Lafayette"},"id":"55065"},{"arcs":[[4817,-4463,4818,4819,4820,4821,4822]],"type":"Polygon","properties":{"name":"Scott"},"id":"51169"},{"arcs":[[-1871,4823,4824,4825,-897,-459,4826,4827]],"type":"Polygon","properties":{"name":"Fayette"},"id":"48149"},{"arcs":[[4828,-4074,4829,4830,-1363,4831]],"type":"Polygon","properties":{"name":"Gibson"},"id":"47053"},{"arcs":[[4832]],"type":"Polygon","properties":{"name":"Nantucket"},"id":"25019"},{"arcs":[[4833,4834,-4017,4835,4836]],"type":"Polygon","properties":{"name":"Carlisle"},"id":"21039"},{"arcs":[[-3927,-3663,4837,4838,4839]],"type":"Polygon","properties":{"name":"Allendale"},"id":"45005"},{"arcs":[[-574,-2246,4840,4841,-2560,-1249]],"type":"Polygon","properties":{"name":"Brookings"},"id":"46011"},{"arcs":[[-2283,4842,4843]],"type":"Polygon","properties":{"name":"Mathews"},"id":"51115"},{"arcs":[[-4219,4844,4845,-1009,4846,4847,4848,-3251,4849,4850]],"type":"Polygon","properties":{"name":"Whitman"},"id":"53075"},{"arcs":[[-3173,-1343,4851,-3387,-3737,4852,4853]],"type":"Polygon","properties":{"name":"Miller"},"id":"29131"},{"arcs":[[4854,4855,4856,4857,4858]],"type":"Polygon","properties":{"name":"Berrien"},"id":"26021"},{"arcs":[[-2931,-2440,4859,-4353,4860,4861]],"type":"Polygon","properties":{"name":"Custer"},"id":"30017"},{"arcs":[[4862,-3796,4863,4864,4865]],"type":"Polygon","properties":{"name":"Forest"},"id":"42053"},{"arcs":[[-3134,4866,4867,-3606,4868,4869]],"type":"Polygon","properties":{"name":"Dallas"},"id":"29059"},{"arcs":[[4870,4871,4872,4873,4874,4875,4876]],"type":"Polygon","properties":{"name":"Northampton"},"id":"37131"},{"arcs":[[-836,4877,4878,-1476]],"type":"Polygon","properties":{"name":"Martin"},"id":"12085"},{"arcs":[[-4879,4879,4880,4881]],"type":"Polygon","properties":{"name":"Palm Beach"},"id":"12099"},{"arcs":[[4882,4883,4884,-3928,-4840,4885,-537,4886]],"type":"Polygon","properties":{"name":"Burke"},"id":"13033"},{"arcs":[[4887,-1371,-4234,-3186,4888,4889]],"type":"Polygon","properties":{"name":"Henry"},"id":"13151"},{"arcs":[[-187,-2832,-3174,-4854,4890,-2083]],"type":"Polygon","properties":{"name":"Morgan"},"id":"29141"},{"arcs":[[-4534,-2091,4891,4892,4893]],"type":"Polygon","properties":{"name":"Conway"},"id":"05029"},{"arcs":[[4894,4895,4896,4897,-4299,4898,-4297,4899,4900]],"type":"Polygon","properties":{"name":"New Madrid"},"id":"29143"},{"arcs":[[4901,4902,4903,4904,4905,4906]],"type":"Polygon","properties":{"name":"Buncombe"},"id":"37021"},{"arcs":[[4907,4908,4909,4910,4911,4912]],"type":"Polygon","properties":{"name":"Suffolk"},"id":"25025"},{"arcs":[[4913,4914,4915,4916,4917,4918]],"type":"Polygon","properties":{"name":"Berks"},"id":"42011"},{"arcs":[[-4021,4919,4920,4921,4922,-4072]],"type":"Polygon","properties":{"name":"Henry"},"id":"47079"},{"arcs":[[[4923,4924,4925,4926]],[[4927,4928,4929,4930]],[[4931,4932,4933]]],"type":"MultiPolygon","properties":{"name":"Aransas"},"id":"48007"},{"arcs":[[4934,4935,-4910,4936,-4908,4937,4938]],"type":"Polygon","properties":{"name":"Middlesex"},"id":"25017"},{"arcs":[[4939,4940,-4002,4941,4942]],"type":"Polygon","properties":{"name":"Charlton"},"id":"13049"},{"arcs":[[-3622,4943,4944]],"type":"Polygon","properties":{"name":"Presidio"},"id":"48377"},{"arcs":[[4945,4946,4947,-3867,4948]],"type":"Polygon","properties":{"name":"Alameda"},"id":"06001"},{"arcs":[[-4159,-100,-3354,4949,4950]],"type":"Polygon","properties":{"name":"Grundy"},"id":"47061"},{"arcs":[[4951,-4119,4952,4953,4954,4955]],"type":"Polygon","properties":{"name":"Crittenden"},"id":"21055"},{"arcs":[[4956,4957,4958,4959,-4326,4960,4961]],"type":"Polygon","properties":{"name":"Capitol"},"id":"09110"},{"arcs":[[4962,-4329,4963,4964]],"type":"Polygon","properties":{"name":"Greater Bridgeport"},"id":"09120"},{"arcs":[[-4959,4965,4966,4967,4968]],"type":"Polygon","properties":{"name":"Southeastern Connecticut"},"id":"09180"},{"arcs":[[-3933,-1376,-3278,4969,-3147,-1298]],"type":"Polygon","properties":{"name":"Sioux"},"id":"31165"},{"arcs":[[4970,4971,4972,4973,-4140,4974]],"type":"Polygon","properties":{"name":"Holmes"},"id":"39075"},{"arcs":[[4975,4976,4977,4978,4979,4980,4981]],"type":"Polygon","properties":{"name":"Plymouth"},"id":"25023"},{"arcs":[[-4608,4982,-2735,-3201,-2575]],"type":"Polygon","properties":{"name":"Archer"},"id":"48009"},{"arcs":[[4983,-1208,-3363,4984,4985,4986]],"type":"Polygon","properties":{"name":"Yankton"},"id":"46135"},{"arcs":[[-336,-3672,-1255,-1209,-4984,4987,4988,4989]],"type":"Polygon","properties":{"name":"Hutchinson"},"id":"46067"},{"arcs":[[4990,4991,4992,4993,4994,4995]],"type":"Polygon","properties":{"name":"Decatur"},"id":"47039"},{"arcs":[[4996,4997,4998,-4147,4999,5000]],"type":"Polygon","properties":{"name":"Cambria"},"id":"42021"},{"arcs":[[5001,5002,5003,5004,5005]],"type":"Polygon","properties":{"name":"Josephine"},"id":"41033"},{"arcs":[[5006,5007,5008,5009,5010,5011,5012]],"type":"Polygon","properties":{"name":"Windsor"},"id":"50027"},{"arcs":[[-2612,5013,5014,5015,5016,-389,5017,-624]],"type":"Polygon","properties":{"name":"Franklin"},"id":"42055"},{"arcs":[[5018,5019,5020,5021,-3216,5022,5023,5024]],"type":"Polygon","properties":{"name":"Bienville"},"id":"22013"},{"arcs":[[5025,5026,5027,-1152]],"type":"Polygon","properties":{"name":"Elliott"},"id":"21063"},{"arcs":[[5028,-4603,5029,5030,5031,5032,5033]],"type":"Polygon","properties":{"name":"Cherokee"},"id":"48073"},{"arcs":[[[5034,-841,5035,5036,-1876]],[[-4397,-4228,5037]]],"type":"MultiPolygon","properties":{"name":"Pierce"},"id":"53053"},{"arcs":[[5038,-264,5039]],"type":"Polygon","properties":{"name":"Leelanau"},"id":"26089"},{"arcs":[[5040,5041,-2778,5042,5043,5044]],"type":"Polygon","properties":{"name":"Newton"},"id":"29145"},{"arcs":[[5045,-4733,5046,5047,5048,-3709]],"type":"Polygon","properties":{"name":"Morrison"},"id":"27097"},{"arcs":[[5049,5050,5051,5052]],"type":"Polygon","properties":{"name":"Snyder"},"id":"42109"},{"arcs":[[5053,-4808,-4754,-3262,5054,5055]],"type":"Polygon","properties":{"name":"San Miguel"},"id":"35047"},{"arcs":[[-2143,5056,5057,5058,5059,5060,5061]],"type":"Polygon","properties":{"name":"Oregon"},"id":"29149"},{"arcs":[[-4356,5062,-2814,5063,5064,5065]],"type":"Polygon","properties":{"name":"Butte"},"id":"46019"},{"arcs":[[5066,5067,5068,5069,5070,5071]],"type":"Polygon","properties":{"name":"Greene"},"id":"47059"},{"arcs":[[5072,-5067,5073,-4578,5074]],"type":"Polygon","properties":{"name":"Hamblen"},"id":"47063"},{"arcs":[[5075,-2372,-3932,-1296,5076]],"type":"Polygon","properties":{"name":"Custer"},"id":"46033"},{"arcs":[[5077,5078,5079,5080,5081,5082]],"type":"Polygon","properties":{"name":"Chesterfield"},"id":"45025"},{"arcs":[[5083,5084,5085,5086,5087,5088]],"type":"Polygon","properties":{"name":"Clarendon"},"id":"45027"},{"arcs":[[-4289,-3921,-3906,-4596]],"type":"Polygon","properties":{"name":"Thayer"},"id":"31169"},{"arcs":[[5089,-4587,5090,-2938,-2121]],"type":"Polygon","properties":{"name":"Teton"},"id":"30099"},{"arcs":[[5091,-3537,5092,5093,-4449,-4710]],"type":"Polygon","properties":{"name":"Garrard"},"id":"21079"},{"arcs":[[-105,5094,5095,5096,-4087,5097,5098,5099]],"type":"Polygon","properties":{"name":"Caddo"},"id":"22017"},{"arcs":[[5100,5101,5102,5103,-4801,5104]],"type":"Polygon","properties":{"name":"Catron"},"id":"35003"},{"arcs":[[5105,5106,-4702,5107,-4619,5108]],"type":"Polygon","properties":{"name":"Oneida"},"id":"16071"},{"arcs":[[5109,5110,5111,5112,5113,5114,5115]],"type":"Polygon","properties":{"name":"Gem"},"id":"16045"},{"arcs":[[5116,-1079,5117,5118,5119,5120,-4705]],"type":"Polygon","properties":{"name":"Lawrence"},"id":"39087"},{"arcs":[[5121,-5000,-4150,-3428,5122,5123]],"type":"Polygon","properties":{"name":"Somerset"},"id":"42111"},{"arcs":[[[5124,5125]],[[5126,5127]],[[5128,5129,5130]]],"type":"MultiPolygon","properties":{"name":"Galveston"},"id":"48167"},{"arcs":[[-4892,-2090,5131,5132,5133,5134,5135]],"type":"Polygon","properties":{"name":"Faulkner"},"id":"05045"},{"arcs":[[-5065,5136,5137,5138,5139]],"type":"Polygon","properties":{"name":"Lawrence"},"id":"46081"},{"arcs":[[-4865,5140,5141,5142,5143]],"type":"Polygon","properties":{"name":"Clarion"},"id":"42031"},{"arcs":[[-2791,5144,5145,5146,5147]],"type":"Polygon","properties":{"name":"Humphreys"},"id":"47085"},{"arcs":[[5148,5149,5150,5151,5152,5153]],"type":"Polygon","properties":{"name":"Edgefield"},"id":"45037"},{"arcs":[[5154,-4388,5155,5156,5157,5158]],"type":"Polygon","properties":{"name":"Georgetown"},"id":"45043"},{"arcs":[[5159,5160,5161,5162,5163,5164]],"type":"Polygon","properties":{"name":"Barbour"},"id":"54001"},{"arcs":[[5165,-4982,5166,5167,5168,-631,5169]],"type":"Polygon","properties":{"name":"Bristol"},"id":"25005"},{"arcs":[[5170,5171,5172,5173,5174,5175]],"type":"Polygon","properties":{"name":"Hinds"},"id":"28049"},{"arcs":[[-4724,5176,5177,-3695,-4750,-4718]],"type":"Polygon","properties":{"name":"Larue"},"id":"21123"},{"arcs":[[-3819,5178,5179,5180,-1388,5181,5182]],"type":"Polygon","properties":{"name":"Franklin"},"id":"29071"},{"arcs":[[-4383,5183,5184,5185,5186,5187,-4025]],"type":"Polygon","properties":{"name":"Baltimore"},"id":"24005"},{"arcs":[[-5097,5188,-5025,5189,-4088]],"type":"Polygon","properties":{"name":"Red River"},"id":"22081"},{"arcs":[[5190,5191,5192,5193,-1007,5194,5195]],"type":"Polygon","properties":{"name":"Shoshone"},"id":"16079"},{"arcs":[[5196,5197,5198,5199,5200,-2321,5201,5202,5203]],"type":"Polygon","properties":{"name":"Stafford"},"id":"51179"},{"arcs":[[5204,5205,-5186]],"type":"Polygon","properties":{"name":"Baltimore"},"id":"24510"},{"arcs":[[5206,5207,5208,5209,5210]],"type":"Polygon","properties":{"name":"Androscoggin"},"id":"23001"},{"arcs":[[5211,5212,5213,5214,-5209]],"type":"Polygon","properties":{"name":"Sagadahoc"},"id":"23023"},{"arcs":[[5215,5216,-1422,5217,5218,-3494,-3591]],"type":"Polygon","properties":{"name":"Crawford"},"id":"20037"},{"arcs":[[5219,-2095,-1864,5220,5221]],"type":"Polygon","properties":{"name":"Comal"},"id":"48091"},{"arcs":[[-2654,5222,5223,-3527,5224]],"type":"Polygon","properties":{"name":"Concho"},"id":"48095"},{"arcs":[[5225,-3898,5226,-4581,5227,5228,5229,5230]],"type":"Polygon","properties":{"name":"Knox"},"id":"47093"},{"arcs":[[5231,-3232,5232,-4151,-2243,5233]],"type":"Polygon","properties":{"name":"Lac qui Parle"},"id":"27073"},{"arcs":[[5234,5235,5236,5237,5238,-1303]],"type":"Polygon","properties":{"name":"Goochland"},"id":"51075"},{"arcs":[[-5237,5239,5240,5241,5242,5243,5244]],"type":"Polygon","properties":{"name":"Henrico"},"id":"51087"},{"arcs":[[5245,5246,5247,5248]],"type":"Polygon","properties":{"name":"Kent"},"id":"44003"},{"arcs":[[-4701,-2678,5249,-4620,-5108]],"type":"Polygon","properties":{"name":"Cache"},"id":"49005"},{"arcs":[[5250,-2278,5251,5252,5253,5254,-641,5255]],"type":"Polygon","properties":{"name":"Fremont"},"id":"16043"},{"arcs":[[5256,-5187,-5206,5257,5258,5259]],"type":"Polygon","properties":{"name":"Anne Arundel"},"id":"24003"},{"arcs":[[5260,5261,-2450,5262,5263,5264,-2925]],"type":"Polygon","properties":{"name":"Alachua"},"id":"12001"},{"arcs":[[5265,-4869,-3609,5266,-2774,-2234]],"type":"Polygon","properties":{"name":"Greene"},"id":"29077"},{"arcs":[[5267,5268,-502,-4014]],"type":"Polygon","properties":{"name":"Tulare"},"id":"06107"},{"arcs":[[5269,5270,5271,5272,5273,5274]],"type":"Polygon","properties":{"name":"Cecil"},"id":"24015"},{"arcs":[[5275,-1952,-1737,-2881,-924,5276,5277,5278]],"type":"Polygon","properties":{"name":"McLean"},"id":"38055"},{"arcs":[[5279,-2733,5280,5281,5282,5283]],"type":"Polygon","properties":{"name":"Wilson"},"id":"37195"},{"arcs":[[5284,-2704,-1136,5285,-2770]],"type":"Polygon","properties":{"name":"Clinton"},"id":"26037"},{"arcs":[[5286,5287,-5207,5288,5289]],"type":"Polygon","properties":{"name":"Franklin"},"id":"23007"},{"arcs":[[-1129,-863,-3087,-1528,5290,-2224]],"type":"Polygon","properties":{"name":"Coles"},"id":"17029"},{"arcs":[[5291,5292,5293,-5231,5294,5295,5296,5297]],"type":"Polygon","properties":{"name":"Roane"},"id":"47145"},{"arcs":[[5298,5299,5300,5301,-4524]],"type":"Polygon","properties":{"name":"Alger"},"id":"26003"},{"arcs":[[5302,5303,5304,5305,-4767]],"type":"Polygon","properties":{"name":"Bladen"},"id":"37017"},{"arcs":[[5306,5307,5308,-5013,5309,5310,-4550]],"type":"Polygon","properties":{"name":"Addison"},"id":"50001"},{"arcs":[[5311,5312,5313,5314,5315]],"type":"Polygon","properties":{"name":"Lewis"},"id":"47101"},{"arcs":[[5316,5317,-4673,5318,5319,5320,5321]],"type":"Polygon","properties":{"name":"Benton"},"id":"53005"},{"arcs":[[-2245,-4155,-3642,-1325,-4841]],"type":"Polygon","properties":{"name":"Lincoln"},"id":"27081"},{"arcs":[[-1709,-3390,-3924,-1694,5322,5323,5324]],"type":"Polygon","properties":{"name":"Cheyenne"},"id":"31033"},{"arcs":[[5325,5326,5327,-4997,5328]],"type":"Polygon","properties":{"name":"Indiana"},"id":"42063"},{"arcs":[[-4660,5329,-1290,5330,5331]],"type":"Polygon","properties":{"name":"Jim Hogg"},"id":"48247"},{"arcs":[[5332,5333,5334,-3364,-1456,5335]],"type":"Polygon","properties":{"name":"Kendall"},"id":"17093"},{"arcs":[[-1174,5336,5337,-1772,5338,5339,5340]],"type":"Polygon","properties":{"name":"Lake"},"id":"18089"},{"arcs":[[5341,5342,-1172,5343]],"type":"Polygon","properties":{"name":"Lake"},"id":"17097"},{"arcs":[[5344,-5193,5345,5346,-734,5347,5348]],"type":"Polygon","properties":{"name":"Clearwater"},"id":"16035"},{"arcs":[[5349,-5298,5350,5351,-1026]],"type":"Polygon","properties":{"name":"Rhea"},"id":"47143"},{"arcs":[[5352,-383,5353,5354,5355]],"type":"Polygon","properties":{"name":"Dorchester"},"id":"24019"},{"arcs":[[5358,-5195,-1006,5359]],"type":"Polygon","properties":{"name":"Kootenai"},"id":"16055"},{"arcs":[[5360,5361,5362,-4157,5363,5364,5365]],"type":"Polygon","properties":{"name":"Rutherford"},"id":"47149"},{"arcs":[[-656,-3625,-2527,5366,-3530,5367]],"type":"Polygon","properties":{"name":"Elk"},"id":"20049"},{"arcs":[[5368,5369,-82,-3780,5370]],"type":"Polygon","properties":{"name":"Winnebago"},"id":"19189"},{"arcs":[[5371,-1447,5372,5373,5374,5375]],"type":"Polygon","properties":{"name":"Harrison"},"id":"19085"},{"arcs":[[-1063,5376,5377,-2705,-5285,-660]],"type":"Polygon","properties":{"name":"Gratiot"},"id":"26057"},{"arcs":[[5378,-3308,5379,-3679,-929]],"type":"Polygon","properties":{"name":"Decatur"},"id":"19053"},{"arcs":[[-3347,5380,5381,5382,-3938]],"type":"Polygon","properties":{"name":"Ralls"},"id":"29173"},{"arcs":[[5383,-3149,-1711,5384,5385,-4505,5386]],"type":"Polygon","properties":{"name":"Laramie"},"id":"56021"},{"arcs":[[-4795,5387,-4791,-1224,5388,-2789,5389]],"type":"Polygon","properties":{"name":"Montgomery"},"id":"47125"},{"arcs":[[5390,5391,5392,-3643,5393,-1261]],"type":"Polygon","properties":{"name":"Garfield"},"id":"49017"},{"arcs":[[-3412,5394,5395,5396,-1115,5397]],"type":"Polygon","properties":{"name":"Martin"},"id":"27091"},{"arcs":[[5398,5399,5400,-4779,5401]],"type":"Polygon","properties":{"name":"Lackawanna"},"id":"42069"},{"arcs":[[-1093,-4067,5402,-5399,5403]],"type":"Polygon","properties":{"name":"Wyoming"},"id":"42131"},{"arcs":[[5404,5405,5406,5407,5408]],"type":"Polygon","properties":{"name":"Lawrence"},"id":"42073"},{"arcs":[[5409,5410,5411,-5405,5412,5413]],"type":"Polygon","properties":{"name":"Mercer"},"id":"42085"},{"arcs":[[-1243,5414,-1232,5415,-4914,5416]],"type":"Polygon","properties":{"name":"Lehigh"},"id":"42077"},{"arcs":[[-1753,5417,-4746,-184,5418,5419]],"type":"Polygon","properties":{"name":"Lafayette"},"id":"29107"},{"arcs":[[-1648,-4101,5420,5421,-1854,-3864]],"type":"Polygon","properties":{"name":"Livingston"},"id":"29117"},{"arcs":[[-5044,5422,5423,5424,5425]],"type":"Polygon","properties":{"name":"McDonald"},"id":"29119"},{"arcs":[[5426,-3775,-1449,-1954,5427,-4335,5428]],"type":"Polygon","properties":{"name":"Mercer"},"id":"17131"},{"arcs":[[5429,-5123,-3433,5430,5431,5432]],"type":"Polygon","properties":{"name":"Garrett"},"id":"24023"},{"arcs":[[-4382,5433,-5275,5434,-5184]],"type":"Polygon","properties":{"name":"Harford"},"id":"24025"},{"arcs":[[5435,-1366,5436,5437,5438]],"type":"Polygon","properties":{"name":"Lauderdale"},"id":"47097"},{"arcs":[[5439,5440,5441,-3490,-741,5442,5443]],"type":"Polygon","properties":{"name":"Shelby"},"id":"47157"},{"arcs":[[5444,5445,5446,5447,5448,-2633]],"type":"Polygon","properties":{"name":"Lee"},"id":"21129"},{"arcs":[[[-5438,5449,-3486,-5442,5450]],[[5451,-5440,5452]]],"type":"MultiPolygon","properties":{"name":"Tipton"},"id":"47167"},{"arcs":[[5453,5454,5455,5456]],"type":"Polygon","properties":{"name":"Leslie"},"id":"21131"},{"arcs":[[5457,-5147,5458,-5316,5459,-4993]],"type":"Polygon","properties":{"name":"Perry"},"id":"47135"},{"arcs":[[5460,5461,-4406,-3377]],"type":"Polygon","properties":{"name":"Ozaukee"},"id":"55089"},{"arcs":[[-2545,-4796,-5390,-2788,5462,-4921,5463]],"type":"Polygon","properties":{"name":"Stewart"},"id":"47161"},{"arcs":[[-5043,-2777,5464,5465,5466,-5423]],"type":"Polygon","properties":{"name":"Barry"},"id":"29009"},{"arcs":[[5467,-5200,5468,5469,5470,5471,5472]],"type":"Polygon","properties":{"name":"Caroline"},"id":"51033"},{"arcs":[[5473,5474,5475,5476,-5095,-104,5477]],"type":"Polygon","properties":{"name":"Miller"},"id":"05091"},{"arcs":[[-2864,-3937,-955,5478,-174]],"type":"Polygon","properties":{"name":"Pocahontas"},"id":"19151"},{"arcs":[[-2882,-2595,-2026,-1043,5479,5480,5481,5482]],"type":"Polygon","properties":{"name":"Emmons"},"id":"38029"},{"arcs":[[-1766,5483,-2728,5484,5485,5486,5487,5488]],"type":"Polygon","properties":{"name":"Prince George"},"id":"51149"},{"arcs":[[5489,5490,5491,5492,5493]],"type":"Polygon","properties":{"name":"Lafayette"},"id":"22055"},{"arcs":[[5495,5496,5497,-5197,5498],[-814,5494]],"type":"Polygon","properties":{"name":"Prince William"},"id":"51153"},{"arcs":[[-825,5499,-3544,-979,5500,5501,5502]],"type":"Polygon","properties":{"name":"St. Clair"},"id":"17163"},{"arcs":[[-2341,-2581,-2036,5503]],"type":"Polygon","properties":{"name":"Hughes"},"id":"46065"},{"arcs":[[5504,5505,5506,5507,-4573]],"type":"Polygon","properties":{"name":"Chester"},"id":"47023"},{"arcs":[[5508,-4813,5509,-5020,5510]],"type":"Polygon","properties":{"name":"Webster"},"id":"22119"},{"arcs":[[5511,5512,5513]],"type":"Polygon","properties":{"name":"St. Mary's"},"id":"24037"},{"arcs":[[5514,5515,5516,-4262,5517]],"type":"Polygon","properties":{"name":"Hancock"},"id":"21091"},{"arcs":[[5518,-4708,5519,5520,5521,5522,5523]],"type":"Polygon","properties":{"name":"Lewis"},"id":"21135"},{"arcs":[[5524,-462,5525,5526,-3584]],"type":"Polygon","properties":{"name":"DeWitt"},"id":"48123"},{"arcs":[[5527,-4541,5528,5529,-4947,5530]],"type":"Polygon","properties":{"name":"San Joaquin"},"id":"06077"},{"arcs":[[5531,-4954,5532,-2542,5533]],"type":"Polygon","properties":{"name":"Lyon"},"id":"21143"},{"arcs":[[5534,5535,-4260,5536,5537,-4116]],"type":"Polygon","properties":{"name":"McLean"},"id":"21149"},{"arcs":[[5538,5539,-4267,5540,5541,-1155]],"type":"Polygon","properties":{"name":"Magoffin"},"id":"21153"},{"arcs":[[5542,5543,5544,-5069,5545]],"type":"Polygon","properties":{"name":"Washington"},"id":"47179"},{"arcs":[[5546,-1304,-5239,5547,5548,5549]],"type":"Polygon","properties":{"name":"Cumberland"},"id":"51049"},{"arcs":[[-3621,-4617,5550,5551,-4944]],"type":"Polygon","properties":{"name":"Brewster"},"id":"48043"},{"arcs":[[5552,-1162,5553,-2620,5554,-465]],"type":"Polygon","properties":{"name":"Rock"},"id":"55105"},{"arcs":[[5555,5556,5557,5558,-2281,5559,-5470]],"type":"Polygon","properties":{"name":"Essex"},"id":"51057"},{"arcs":[[5560,5561,5562,5563,5564,-45,5565]],"type":"Polygon","properties":{"name":"Arkansas"},"id":"05001"},{"arcs":[[-1242,-4784,5566,-1233,-5415]],"type":"Polygon","properties":{"name":"Northampton"},"id":"42095"},{"arcs":[[5567,5568,5569,5570]],"type":"Polygon","properties":{"name":"Camden"},"id":"34007"},{"arcs":[[-966,-2683,5571,5572,5573,-1183]],"type":"Polygon","properties":{"name":"Wabash"},"id":"17185"},{"arcs":[[-5281,-2732,5574,5575,5576,5577,5578]],"type":"Polygon","properties":{"name":"Pitt"},"id":"37147"},{"arcs":[[5579,5580,5581,5582,5583]],"type":"Polygon","properties":{"name":"Calcasieu"},"id":"22019"},{"arcs":[[5584,-384,-5353,5585]],"type":"Polygon","properties":{"name":"Talbot"},"id":"24041"},{"arcs":[[5586,5587,-4053,5588,-728,5589]],"type":"Polygon","properties":{"name":"Polk"},"id":"47139"},{"arcs":[[5590,-558,-2380,5591,-27,-1426]],"type":"Polygon","properties":{"name":"Clay"},"id":"27027"},{"arcs":[[5592,5593,5594,5595,5596,5597]],"type":"Polygon","properties":{"name":"Martin"},"id":"21159"},{"arcs":[[-1188,5598,5599,-5523,5600,5601]],"type":"Polygon","properties":{"name":"Mason"},"id":"21161"},{"arcs":[[5602,5603,5604,-5461,-3376,-1969]],"type":"Polygon","properties":{"name":"Sheboygan"},"id":"55117"},{"arcs":[[5605,5606,-5154,5607,5608,5609]],"type":"Polygon","properties":{"name":"McCormick"},"id":"45065"},{"arcs":[[5610,5611,5612,-1268,5613,5614,-2673,5615]],"type":"Polygon","properties":{"name":"Lincoln"},"id":"56023"},{"arcs":[[5616,5617,-4903,5618,5619]],"type":"Polygon","properties":{"name":"Yancey"},"id":"37199"},{"arcs":[[5620,5621,5622,5623,-3012,5624,-3881]],"type":"Polygon","properties":{"name":"Russell"},"id":"01113"},{"arcs":[[-4539,5625,5626,5627,5628,5629]],"type":"Polygon","properties":{"name":"Alpine"},"id":"06003"},{"arcs":[[5630,5631,-1972,5632,5633,-2045]],"type":"Polygon","properties":{"name":"Green Lake"},"id":"55047"},{"arcs":[[5634,5635,5636,5637,-1235]],"type":"Polygon","properties":{"name":"Hunterdon"},"id":"34019"},{"arcs":[[5638,5639,5640,5641,5642]],"type":"Polygon","properties":{"name":"Worcester"},"id":"24047"},{"arcs":[[5643,-4128,5644,5645,5646,-4133]],"type":"Polygon","properties":{"name":"Stanly"},"id":"37167"},{"arcs":[[5647,5648,5649,5650,5651]],"type":"Polygon","properties":{"name":"Allen"},"id":"22003"},{"arcs":[[5652,5653,5654,5655,5656,-5649,5657]],"type":"Polygon","properties":{"name":"Rapides"},"id":"22079"},{"arcs":[[5658,5659,-5658,-5648,5660,5661]],"type":"Polygon","properties":{"name":"Vernon"},"id":"22115"},{"arcs":[[-4450,-5094,5662,-2637,5663,5664]],"type":"Polygon","properties":{"name":"Rockcastle"},"id":"21203"},{"arcs":[[5665,5666,5667,5668,5669,-2206]],"type":"Polygon","properties":{"name":"Houston"},"id":"27055"},{"arcs":[[5670,5671,-1157,5672,5673,5674]],"type":"Polygon","properties":{"name":"Menifee"},"id":"21165"},{"arcs":[[5675,5676,5677,5678,5679,-4765,5680]],"type":"Polygon","properties":{"name":"Harnett"},"id":"37085"},{"arcs":[[5681,5682,-3038,5683,5684,5685]],"type":"Polygon","properties":{"name":"Salt Lake"},"id":"49035"},{"arcs":[[-5685,5686,-3829,5687,5688,5689,5690]],"type":"Polygon","properties":{"name":"Utah"},"id":"49049"},{"arcs":[[5691,5692,5693,-3293,5694,5695,5696,5697,5698,-5497],[-2319]],"type":"Polygon","properties":{"name":"Fairfax"},"id":"51059"},{"arcs":[[5699,5700,5701,5702]],"type":"Polygon","properties":{"name":"Pickens"},"id":"45077"},{"arcs":[[5703,5704,5705,5706,5707,5708]],"type":"Polygon","properties":{"name":"Richland"},"id":"45079"},{"arcs":[[5709,5710,5711,-3966]],"type":"Polygon","properties":{"name":"Granite"},"id":"30039"},{"arcs":[[5712,5713,5714,5715,5716]],"type":"Polygon","properties":{"name":"Clay"},"id":"05021"},{"arcs":[[-5592,-2384,5717,5718,-28]],"type":"Polygon","properties":{"name":"Wilkin"},"id":"27167"},{"arcs":[[5719,5720,5721,5722,5723,5724,-607]],"type":"Polygon","properties":{"name":"Graham"},"id":"04009"},{"arcs":[[-303,5725,5726,5727,5728,5729]],"type":"Polygon","properties":{"name":"Russell"},"id":"21207"},{"arcs":[[5730,5731,5732,-3987,5733,5734]],"type":"Polygon","properties":{"name":"Whitley"},"id":"21235"},{"arcs":[[-124,-2537,5735,5736,5737]],"type":"Polygon","properties":{"name":"Grant"},"id":"40053"},{"arcs":[[5738,5739,5740,5741,-1024,-3351,-98]],"type":"Polygon","properties":{"name":"Van Buren"},"id":"47175"},{"arcs":[[5742,5743,5744,5745,5746,5747]],"type":"Polygon","properties":{"name":"Summers"},"id":"54089"},{"arcs":[[5748,-4056,5749,5750,5751,5752,-2934,5753]],"type":"Polygon","properties":{"name":"Wilkes"},"id":"37193"},{"arcs":[[-5689,5754,5755,5756,5757,5758]],"type":"Polygon","properties":{"name":"Sanpete"},"id":"49039"},{"arcs":[[-5004,5759,5760,5761,5762,5763,5764,5765]],"type":"Polygon","properties":{"name":"Siskiyou"},"id":"06093"},{"arcs":[[5766,5767,-5234,-2242,-2057,-3358]],"type":"Polygon","properties":{"name":"Grant"},"id":"46051"},{"arcs":[[5768,-205,5769,-5709,5770,5771,5772]],"type":"Polygon","properties":{"name":"Newberry"},"id":"45071"},{"arcs":[[5773,5774,5775,-200,5776,5777]],"type":"Polygon","properties":{"name":"Spartanburg"},"id":"45083"},{"arcs":[[-3893,-4226,-268,-1801,5778],[-108]],"type":"Polygon","properties":{"name":"Henry"},"id":"51089"},{"arcs":[[5779,-1283,5780,-5084,5781,-5706]],"type":"Polygon","properties":{"name":"Sumter"},"id":"45085"},{"arcs":[[5782,-4850,-3254,5783,5784,-4671]],"type":"Polygon","properties":{"name":"Columbia"},"id":"53013"},{"arcs":[[5785,-3378,-4409,5786,5787,-1160]],"type":"Polygon","properties":{"name":"Waukesha"},"id":"55133"},{"arcs":[[5788,-3403,5789,-2783,-1533,-2312]],"type":"Polygon","properties":{"name":"Marion"},"id":"39101"},{"arcs":[[5790,5791,5792]],"type":"Polygon","properties":{"name":"Tyrrell"},"id":"37177"},{"arcs":[[-4683,5793,-3673,-2799]],"type":"Polygon","properties":{"name":"Mineral"},"id":"08079"},{"arcs":[[-5339,-1778,-3578,5794,5795]],"type":"Polygon","properties":{"name":"Newton"},"id":"18111"},{"arcs":[[5796,-2326,5797,5798,5799,5800,5801,5802]],"type":"Polygon","properties":{"name":"Carroll"},"id":"51035"},{"arcs":[[5803,-1382,5804,5805,-5109,-4618,5806,-4237]],"type":"Polygon","properties":{"name":"Cassia"},"id":"16031"},{"arcs":[[-393,-1330,-3181,-3291,-4255,5807]],"type":"Polygon","properties":{"name":"Lyon"},"id":"19119"},{"arcs":[[5808,5809,5810]],"type":"Polygon","properties":{"name":"Pamlico"},"id":"37137"},{"arcs":[[-3693,-2552,-3543,5811]],"type":"Polygon","properties":{"name":"Bond"},"id":"17005"},{"arcs":[[5812,5813,5814,-3424,5815]],"type":"Polygon","properties":{"name":"Fountain"},"id":"18045"},{"arcs":[[-2866,-2407,-3237,5816,-3273]],"type":"Polygon","properties":{"name":"Iowa"},"id":"19095"},{"arcs":[[-1481,5817,5818,5819,-5805,-1381,-1378,5820,5821]],"type":"Polygon","properties":{"name":"Blaine"},"id":"16013"},{"arcs":[[5822,5823,-1019,5824,5825,-4182]],"type":"Polygon","properties":{"name":"Yabucoa"},"id":"72151"},{"arcs":[[5826,5827,5828,-581,-2582,-700]],"type":"Polygon","properties":{"name":"Tarrant"},"id":"48439"},{"arcs":[[5829,-4302,5830,-4832,-1362,-5436,5831]],"type":"Polygon","properties":{"name":"Dyer"},"id":"47045"},{"arcs":[[5832,-4769,5833,-139]],"type":"Polygon","properties":{"name":"Hoke"},"id":"37093"},{"arcs":[[5834,5835,-2950,-3481,5836]],"type":"Polygon","properties":{"name":"Saline"},"id":"05125"},{"arcs":[[5837,-770,-2203,5838,5839]],"type":"Polygon","properties":{"name":"St. Joseph"},"id":"26149"},{"arcs":[[-4794,5840,5841,-4786,-5388]],"type":"Polygon","properties":{"name":"Todd"},"id":"21219"},{"arcs":[[5842,-771,5843,-4856,5844]],"type":"Polygon","properties":{"name":"Van Buren"},"id":"26159"},{"arcs":[[5845,-4737,5846,5847,5848]],"type":"Polygon","properties":{"name":"Nicollet"},"id":"27103"},{"arcs":[[5849,5850,-3644,-5393,5851]],"type":"Polygon","properties":{"name":"Wayne"},"id":"49055"},{"arcs":[[-3520,-2061,-552,-5591,-1425,5852]],"type":"Polygon","properties":{"name":"Norman"},"id":"27107"},{"arcs":[[-5712,5853,-4109,5854,-2275,-3967]],"type":"Polygon","properties":{"name":"Deer Lodge"},"id":"30023"},{"arcs":[[5855,5856,5857,-5700,5858,5859]],"type":"Polygon","properties":{"name":"Transylvania"},"id":"37175"},{"arcs":[[-499,5860,5861,5862,-2750,5863,5864]],"type":"Polygon","properties":{"name":"Geneva"},"id":"01061"},{"arcs":[[5865,5866,-4421,5867,-5862,5868]],"type":"Polygon","properties":{"name":"Houston"},"id":"01069"},{"arcs":[[5869,-4212,5870,-5802,5871,-5800,5872,5873,-4054,-4164]],"type":"Polygon","properties":{"name":"Grayson"},"id":"51077"},{"arcs":[[5874,5875,5876,5877]],"type":"Polygon","properties":{"name":"Carteret"},"id":"37031"},{"arcs":[[-4790,5878,5879,-5361,5880,-1221]],"type":"Polygon","properties":{"name":"Davidson"},"id":"47037"},{"arcs":[[-3765,-2279,-5251,5881,5882]],"type":"Polygon","properties":{"name":"Clark"},"id":"16033"},{"arcs":[[-2663,5883,5884,-5603,-1968,5885]],"type":"Polygon","properties":{"name":"Calumet"},"id":"55015"},{"arcs":[[5886,5887,-4114,-4952,5888,5889]],"type":"Polygon","properties":{"name":"Union"},"id":"21225"},{"arcs":[[-1176,5890,-5334,5891]],"type":"Polygon","properties":{"name":"DuPage"},"id":"17043"},{"arcs":[[-648,5892,5893,-5890,5894,5895]],"type":"Polygon","properties":{"name":"Gallatin"},"id":"17059"},{"arcs":[[5896,5897,5898,-5048]],"type":"Polygon","properties":{"name":"Benton"},"id":"27009"},{"arcs":[[-5673,-1156,-5542,5899,-5447,5900]],"type":"Polygon","properties":{"name":"Wolfe"},"id":"21237"},{"arcs":[[5901,5902,-4379,-385,-5017]],"type":"Polygon","properties":{"name":"Cumberland"},"id":"42041"},{"arcs":[[5903,5904,-4086,5905,5906,-3452]],"type":"Polygon","properties":{"name":"Cape Girardeau"},"id":"29031"},{"arcs":[[-4275,5907,5908,-4957,5909,5910]],"type":"Polygon","properties":{"name":"Hampden"},"id":"25013"},{"arcs":[[-1855,-5422,5911,-4744,-5418,-1752]],"type":"Polygon","properties":{"name":"Carroll"},"id":"29033"},{"arcs":[[5912,5913,5914,5915]],"type":"Polygon","properties":{"name":"Lee"},"id":"12071"},{"arcs":[[-1380,-1383,-5804,-4236,-1036]],"type":"Polygon","properties":{"name":"Jerome"},"id":"16053"},{"arcs":[[5918,5919,5920,-3336,-920]],"type":"Polygon","properties":{"name":"Miami"},"id":"20121"},{"arcs":[[5921,-4535,-4894,5922,-3479,5923,5924]],"type":"Polygon","properties":{"name":"Yell"},"id":"05149"},{"arcs":[[5925,5926,5927,5928,-4940,5929]],"type":"Polygon","properties":{"name":"Brantley"},"id":"13025"},{"arcs":[[-982,-3770,-538,-3009]],"type":"Polygon","properties":{"name":"Franklin"},"id":"19069"},{"arcs":[[-467,5930,5931,5932,5933,-4815]],"type":"Polygon","properties":{"name":"Stephenson"},"id":"17177"},{"arcs":[[5934,5935,5936,-4338,5937,5938]],"type":"Polygon","properties":{"name":"Crawford"},"id":"18025"},{"arcs":[[-1670,-1815,5939,5940]],"type":"Polygon","properties":{"name":"Seminole"},"id":"40133"},{"arcs":[[-5277,-927,5941,-1925,5942]],"type":"Polygon","properties":{"name":"Mercer"},"id":"38057"},{"arcs":[[5943,5944,5945,5946,5947,-5103]],"type":"Polygon","properties":{"name":"Socorro"},"id":"35053"},{"arcs":[[5948,5949,-3114,5950]],"type":"Polygon","properties":{"name":"Onondaga"},"id":"36067"},{"arcs":[[5951,5952,-141,5953,5954,5955,5956,-5079]],"type":"Polygon","properties":{"name":"Marlboro"},"id":"45069"},{"arcs":[[5957,5958,-5456,5959,5960,-3988,-5733]],"type":"Polygon","properties":{"name":"Bell"},"id":"21013"},{"arcs":[[5961,5962,5963,5964,5965,5966]],"type":"Polygon","properties":{"name":"Anoka"},"id":"27003"},{"arcs":[[-5848,5967,-1409,5968,-5395,-3411,5969]],"type":"Polygon","properties":{"name":"Blue Earth"},"id":"27013"},{"arcs":[[-5121,5970,5971,5972,-4706]],"type":"Polygon","properties":{"name":"Boyd"},"id":"21019"},{"arcs":[[5973,-5737,5974,5975,-3461,-1198,5976]],"type":"Polygon","properties":{"name":"Garfield"},"id":"40047"},{"arcs":[[-4265,5977,-2241,5978,5979,5980]],"type":"Polygon","properties":{"name":"Butler"},"id":"21031"},{"arcs":[[-514,-875,5981,-3355,-2557,-3049,-2499,5982]],"type":"Polygon","properties":{"name":"Brown"},"id":"46013"},{"arcs":[[5983,-1872,-4828,5984,5985,-1862]],"type":"Polygon","properties":{"name":"Caldwell"},"id":"48055"},{"arcs":[[5986,5987,5988,5989,-4143,5990,5991]],"type":"Polygon","properties":{"name":"Skamania"},"id":"53059"},{"arcs":[[5992,5993,5994,5995,-5235,-1302]],"type":"Polygon","properties":{"name":"Louisa"},"id":"51109"},{"arcs":[[5996,5997,-3744,5998,5999]],"type":"Polygon","properties":{"name":"Franklin"},"id":"50011"},{"arcs":[[-5091,-4586,6000,6001,-2939]],"type":"Polygon","properties":{"name":"Cascade"},"id":"30013"},{"arcs":[[-5267,-3608,-2109,6002,6003,-2775]],"type":"Polygon","properties":{"name":"Christian"},"id":"29043"},{"arcs":[[6004,6005,-827,-4041]],"type":"Polygon","properties":{"name":"Broomfield"},"id":"08014"},{"arcs":[[-4579,-5074,-5072,6006,6007,6008]],"type":"Polygon","properties":{"name":"Cocke"},"id":"47029"},{"arcs":[[6009,6010,6011,6012,6013,6014,6015,6016,6017]],"type":"Polygon","properties":{"name":"James City"},"id":"51095"},{"arcs":[[-3440,-2423,6018,6019,6020]],"type":"Polygon","properties":{"name":"Durham"},"id":"37063"},{"arcs":[[-5646,6021,-5952,-5078,6022]],"type":"Polygon","properties":{"name":"Anson"},"id":"37007"},{"arcs":[[6023,6024,6025,6026,6027,6028,6029,-5304]],"type":"Polygon","properties":{"name":"Pender"},"id":"37141"},{"arcs":[[6030,-3210,6031,6032,6033,6034]],"type":"Polygon","properties":{"name":"Jackson"},"id":"40065"},{"arcs":[[-86,-3117,-2199,6035,-4065,6036]],"type":"Polygon","properties":{"name":"Tioga"},"id":"36107"},{"arcs":[[6037,-271,-1723,6038,6039,-2876]],"type":"Polygon","properties":{"name":"Alamance"},"id":"37001"},{"arcs":[[6040,-5774,6041,6042]],"type":"Polygon","properties":{"name":"Polk"},"id":"37149"},{"arcs":[[6043,6044,6045,-877,6046]],"type":"Polygon","properties":{"name":"Fairfield"},"id":"39045"},{"arcs":[[6047,-1201,-2179,-2315,-2968,-3205]],"type":"Polygon","properties":{"name":"Blaine"},"id":"40011"},{"arcs":[[-3464,6048,-1794,-1665,6049,6050]],"type":"Polygon","properties":{"name":"Lincoln"},"id":"40081"},{"arcs":[[-5087,6051,-5158,6052,6053,6054]],"type":"Polygon","properties":{"name":"Berkeley"},"id":"45015"},{"arcs":[[-5633,-1971,-3379,-5786,-1159,6055,6056]],"type":"Polygon","properties":{"name":"Dodge"},"id":"55027"},{"arcs":[[-3849,6057,-3637,6058,6059,6060]],"type":"Polygon","properties":{"name":"Wood"},"id":"55141"},{"arcs":[[-3304,-1899,6061,-2458,-595]],"type":"Polygon","properties":{"name":"Naranjito"},"id":"72105"},{"arcs":[[-4188,6062,-224,6063,6064]],"type":"Polygon","properties":{"name":"Jayuya"},"id":"72073"},{"arcs":[[6065,-125,-5738,-5974,6066,6067]],"type":"Polygon","properties":{"name":"Alfalfa"},"id":"40003"},{"arcs":[[-5826,6068,-4183]],"type":"Polygon","properties":{"name":"Maunabo"},"id":"72095"},{"arcs":[[6069,-3618,-4748,6070]],"type":"Polygon","properties":{"name":"Rock"},"id":"31149"},{"arcs":[[-210,6071,6072,-3512,6073]],"type":"Polygon","properties":{"name":"Nance"},"id":"31125"},{"arcs":[[6074,-5324,6075,-1488,6076,-2365,6077,6078]],"type":"Polygon","properties":{"name":"Logan"},"id":"08075"},{"arcs":[[-629,6079,-4454,6080,-3430]],"type":"Polygon","properties":{"name":"Morgan"},"id":"54065"},{"arcs":[[6081,-1222,-5881,-5366,6082,6083,6084]],"type":"Polygon","properties":{"name":"Williamson"},"id":"47187"},{"arcs":[[-4922,-5463,-2792,-5148,-5458,-4992,6085]],"type":"Polygon","properties":{"name":"Benton"},"id":"47005"},{"arcs":[[6086,6087,6088,6089,6090,-3954]],"type":"Polygon","properties":{"name":"Hardin"},"id":"48199"},{"arcs":[[6091,6092,6093,6094,6095,-1890,6096]],"type":"Polygon","properties":{"name":"Humboldt"},"id":"32013"},{"arcs":[[6097,6098,-5124,-5430,6099,6100,6101]],"type":"Polygon","properties":{"name":"Fayette"},"id":"42051"},{"arcs":[[-4497,6102,6103,6104,6105]],"type":"Polygon","properties":{"name":"Union"},"id":"22111"},{"arcs":[[-4627,-3270,6106,-72,6107,6108]],"type":"Polygon","properties":{"name":"Prentiss"},"id":"28117"},{"arcs":[[6109,-5174,-4280,6110,6111,6112]],"type":"Polygon","properties":{"name":"Copiah"},"id":"28029"},{"arcs":[[-3338,6113,6114,-1681,-1418,-5217,6115]],"type":"Polygon","properties":{"name":"Vernon"},"id":"29217"},{"arcs":[[-482,-412,-855,-3380,-869,-3711]],"type":"Polygon","properties":{"name":"Hodgeman"},"id":"20083"},{"arcs":[[6116,6117,-1131,6118,-2644,-3395]],"type":"Polygon","properties":{"name":"Morris"},"id":"20127"},{"arcs":[[-4751,-3697,-305,6119,6120,6121]],"type":"Polygon","properties":{"name":"Metcalfe"},"id":"21169"},{"arcs":[[6122,6123,6124,6125,6126,6127]],"type":"Polygon","properties":{"name":"Fannin"},"id":"48147"},{"arcs":[[-5221,-1863,-5986,6128,6129,6130]],"type":"Polygon","properties":{"name":"Guadalupe"},"id":"48187"},{"arcs":[[-4607,6131,6132,6133,-2736,-4983]],"type":"Polygon","properties":{"name":"Clay"},"id":"48077"},{"arcs":[[-3417,6134,-697,-3831,6135]],"type":"Polygon","properties":{"name":"Coryell"},"id":"48099"},{"arcs":[[-342,6136,-1231,6137,-799]],"type":"Polygon","properties":{"name":"Medina"},"id":"48325"},{"arcs":[[-4611,6138,-3398,6139]],"type":"Polygon","properties":{"name":"Potter"},"id":"48375"},{"arcs":[[6140,6141,6142,6143,6144]],"type":"Polygon","properties":{"name":"Brevard"},"id":"12009"},{"arcs":[[6145,6146,6147,6148,6149]],"type":"Polygon","properties":{"name":"Greene"},"id":"01063"},{"arcs":[[6150,-5344,-1171,6151,6152,-2622,6153]],"type":"Polygon","properties":{"name":"McHenry"},"id":"17111"},{"arcs":[[6154,6155,6156,6157,6158,6159]],"type":"Polygon","properties":{"name":"Liberty"},"id":"13179"},{"arcs":[[6160,-4527,6161,6162,6163]],"type":"Polygon","properties":{"name":"Dickinson"},"id":"26043"},{"arcs":[[-2251,-3350,-1110,6164,6165,6166,6167]],"type":"Polygon","properties":{"name":"Brown"},"id":"48049"},{"arcs":[[6168,6169,6170,6171]],"type":"Polygon","properties":{"name":"Douglas"},"id":"53017"},{"arcs":[[6172,6173,-5748,6174,6175,6176]],"type":"Polygon","properties":{"name":"Raleigh"},"id":"54081"},{"arcs":[[-2846,-2664,-5886,-1967,-5632,6177]],"type":"Polygon","properties":{"name":"Winnebago"},"id":"55139"},{"arcs":[[6178,6179,6180,6181]],"type":"Polygon","properties":{"name":"Loíza"},"id":"72087"},{"arcs":[[6182,-5578,6183,6184,6185,6186]],"type":"Polygon","properties":{"name":"Lenoir"},"id":"37107"},{"arcs":[[-5942,-926,-2883,-5483,6187,6188,-1926]],"type":"Polygon","properties":{"name":"Morton"},"id":"38059"},{"arcs":[[-2393,-276,-3778,-1558,6189,-2211]],"type":"Polygon","properties":{"name":"Putnam"},"id":"39137"},{"arcs":[[6190,6191,-2842,6192,6193,6194]],"type":"Polygon","properties":{"name":"Guernsey"},"id":"39059"},{"arcs":[[6195,-4192,-690,6196,6197]],"type":"Polygon","properties":{"name":"Crook"},"id":"41013"},{"arcs":[[-5141,-4864,-3795,6198,-5327,6199]],"type":"Polygon","properties":{"name":"Jefferson"},"id":"42065"},{"arcs":[[-2790,-5389,-1223,-6082,6200,-5145]],"type":"Polygon","properties":{"name":"Dickson"},"id":"47043"},{"arcs":[[-4861,-4358,6201,-3282,6202,6203,6204]],"type":"Polygon","properties":{"name":"Powder River"},"id":"30075"},{"arcs":[[-2142,6205,6206,6207,6208,-5057]],"type":"Polygon","properties":{"name":"Carter"},"id":"29035"},{"arcs":[[6209,6210,6211,-5993,-1306,6212,6213,6214],[-350]],"type":"Polygon","properties":{"name":"Albemarle"},"id":"51003"},{"arcs":[[6215,6216,6217]],"type":"Polygon","properties":{"name":"Lynchburg"},"id":"51680"},{"arcs":[[6218,6219,6220,-5472]],"type":"Polygon","properties":{"name":"King William"},"id":"51101"},{"arcs":[[6221,6222,6223,-1291,6224]],"type":"Polygon","properties":{"name":"Sawyer"},"id":"55113"},{"arcs":[[6225,-2462,6226,6227]],"type":"Polygon","properties":{"name":"Trujillo Alto"},"id":"72139"},{"arcs":[[-880,6228,6229,6230,-1077,-3190]],"type":"Polygon","properties":{"name":"Vinton"},"id":"39163"},{"arcs":[[-4345,-4006,6231,6232,6233,6234]],"type":"Polygon","properties":{"name":"Butte"},"id":"06007"},{"arcs":[[-5289,-5211,6235,-12,6236,-1045,6237]],"type":"Polygon","properties":{"name":"Oxford"},"id":"23017"},{"arcs":[[6238,-2429,6239,6240,6241,6242]],"type":"Polygon","properties":{"name":"Andrew"},"id":"29003"},{"arcs":[[-5218,-1421,-2236,-2773,-5042,6243]],"type":"Polygon","properties":{"name":"Jasper"},"id":"29097"},{"arcs":[[6244,6245,6246,-5793,6247,6248]],"type":"Polygon","properties":{"name":"Washington"},"id":"37187"},{"arcs":[[-2039,6249,-4589,6250,6251]],"type":"Polygon","properties":{"name":"Gregory"},"id":"46053"},{"arcs":[[-5480,-1042,6252,6253,6254]],"type":"Polygon","properties":{"name":"Campbell"},"id":"46021"},{"arcs":[[-5314,6255,6256,6257,6258]],"type":"Polygon","properties":{"name":"Lawrence"},"id":"47099"},{"arcs":[[6259,-106,-5100,6260,6261]],"type":"Polygon","properties":{"name":"Marion"},"id":"48315"},{"arcs":[[-3477,6262,6263,6264,6265]],"type":"Polygon","properties":{"name":"Ceiba"},"id":"72037"},{"arcs":[[6266,6267,6268,6269,-5828,6270]],"type":"Polygon","properties":{"name":"Denton"},"id":"48121"},{"arcs":[[-3586,6271,6272,6273,6274]],"type":"Polygon","properties":{"name":"Bee"},"id":"48025"},{"arcs":[[6275,6276,-6271,-5827,-699,-2738]],"type":"Polygon","properties":{"name":"Wise"},"id":"48497"},{"arcs":[[-3076,6277,6278,6279,-3852,6280]],"type":"Polygon","properties":{"name":"Leon"},"id":"48289"},{"arcs":[[-4661,-5332,6281,6282]],"type":"Polygon","properties":{"name":"Zapata"},"id":"48505"},{"arcs":[[-2653,-578,-2252,-6168,6283,-5223]],"type":"Polygon","properties":{"name":"Coleman"},"id":"48083"},{"arcs":[[6284,6285,-6056,-1158,-5553,-464,6286]],"type":"Polygon","properties":{"name":"Dane"},"id":"55025"},{"arcs":[[-1078,-6231,6287,6288,6289,-5118]],"type":"Polygon","properties":{"name":"Gallia"},"id":"39053"},{"arcs":[[-4988,-4987,6290,6291]],"type":"Polygon","properties":{"name":"Bon Homme"},"id":"46009"},{"arcs":[[-5242,6292,-6018,6293,6294,-5486,6295]],"type":"Polygon","properties":{"name":"Charles City"},"id":"51036"},{"arcs":[[-6202,-4357,-5066,-5140,6296,-3283]],"type":"Polygon","properties":{"name":"Crook"},"id":"56011"},{"arcs":[[-2260,-211,-6074,-3511,-723,-2779]],"type":"Polygon","properties":{"name":"Greeley"},"id":"31077"},{"arcs":[[6297,6298,6299,6300]],"type":"Polygon","properties":{"name":"McKinley"},"id":"35031"},{"arcs":[[-4642,6301,6302,6303,6304,6305]],"type":"Polygon","properties":{"name":"Erie"},"id":"36029"},{"arcs":[[6306,6307,6308,6309,-3294,6310,-4512]],"type":"Polygon","properties":{"name":"Polk"},"id":"12105"},{"arcs":[[-1041,-515,-5983,-2498,6311,-6253]],"type":"Polygon","properties":{"name":"McPherson"},"id":"46089"},{"arcs":[[6312,-4035,-3311,6313,6314,6315]],"type":"Polygon","properties":{"name":"Issaquena"},"id":"28055"},{"arcs":[[-2588,-2152,6316,-1868,-4305,-3979]],"type":"Polygon","properties":{"name":"Reagan"},"id":"48383"},{"arcs":[[6317,-5105,-4805,6318,6319,-5722]],"type":"Polygon","properties":{"name":"Greenlee"},"id":"04011"},{"arcs":[[6320,6321,6322,6323,-2470,6324]],"type":"Polygon","properties":{"name":"Craighead"},"id":"05031"},{"arcs":[[6325,6326,-6285,6327,6328,6329]],"type":"Polygon","properties":{"name":"Sauk"},"id":"55111"},{"arcs":[[6330,-591,-3083,-4473,6331,6332]],"type":"Polygon","properties":{"name":"Pepin"},"id":"55091"},{"arcs":[[-6059,-3636,6333,-2047,6334,6335]],"type":"Polygon","properties":{"name":"Adams"},"id":"55001"},{"arcs":[[-6002,6336,-3157,-3151,6337,6338,6339,-2940]],"type":"Polygon","properties":{"name":"Meagher"},"id":"30059"},{"arcs":[[6340,-6301,6341,-5101,-6318,-5721,6342,-3650]],"type":"Polygon","properties":{"name":"Apache"},"id":"04001"},{"arcs":[[6343,6344,6345,6346,6347,6348,6349,-5272]],"type":"Polygon","properties":{"name":"New Castle"},"id":"10003"},{"arcs":[[6352,6353,6354,-131,6355,6356]],"type":"Polygon","properties":{"name":"Talladega"},"id":"01121"},{"arcs":[[6357,-3352,-1027,-5352,6358,6359,6360,6361,6362,-2482]],"type":"Polygon","properties":{"name":"Hamilton"},"id":"47065"},{"arcs":[[6363,6364,6365,6366]],"type":"Polygon","properties":{"name":"Northumberland"},"id":"51133"},{"arcs":[[6367,6368,6369,-5696]],"type":"Polygon","properties":{"name":"Alexandria"},"id":"51510"},{"arcs":[[6370,-2618,6371,6372,-363,6373]],"type":"Polygon","properties":{"name":"Monroe"},"id":"01099"},{"arcs":[[6374,-1606,6375,6376,-5563,6377]],"type":"Polygon","properties":{"name":"Monroe"},"id":"05095"},{"arcs":[[-4514,6378,6379]],"type":"Polygon","properties":{"name":"Pinellas"},"id":"12103"},{"arcs":[[-2218,-4422,-2696,-5,6380,6381,6382]],"type":"Polygon","properties":{"name":"Lowndes"},"id":"13185"},{"arcs":[[6383,-2886,6384,6385,-5196,-5359,6386]],"type":"Polygon","properties":{"name":"Bonner"},"id":"16017"},{"arcs":[[-3296,-1184,-5574,6387,6388,-5893,-647]],"type":"Polygon","properties":{"name":"White"},"id":"17193"},{"arcs":[[6389,6390,-6188,-5482,6391]],"type":"Polygon","properties":{"name":"Sioux"},"id":"38085"},{"arcs":[[-5508,6392,-3267,-4574]],"type":"Polygon","properties":{"name":"McNairy"},"id":"47109"},{"arcs":[[-5351,-5297,6393,6394,-6359]],"type":"Polygon","properties":{"name":"Meigs"},"id":"47121"},{"arcs":[[6395,-5852,-5392,6396]],"type":"Polygon","properties":{"name":"Piute"},"id":"49031"},{"arcs":[[-787,-2749,-4568,-3944,6397]],"type":"Polygon","properties":{"name":"Morton"},"id":"20129"},{"arcs":[[6398,6399,-5938,-4342,6400,-5516]],"type":"Polygon","properties":{"name":"Perry"},"id":"18123"},{"arcs":[[6401,-1118,-2377,-3289]],"type":"Polygon","properties":{"name":"Dickinson"},"id":"19059"},{"arcs":[[-5698,6402,6403,-5514,6404]],"type":"Polygon","properties":{"name":"Charles"},"id":"24017"},{"arcs":[[-625,-5018,-388,-4027,6405,6406,6407]],"type":"Polygon","properties":{"name":"Frederick"},"id":"24021"},{"arcs":[[6408,-1578,6409,-4494,6410]],"type":"Polygon","properties":{"name":"Calhoun"},"id":"05013"},{"arcs":[[6411,6412,6413,6414]],"type":"Polygon","properties":{"name":"Douglas"},"id":"13097"},{"arcs":[[-1512,6415,6416,-3068,-2991,-52]],"type":"Polygon","properties":{"name":"Telfair"},"id":"13271"},{"arcs":[[6417,6418,-400,6419,6420,-1499]],"type":"Polygon","properties":{"name":"Randolph"},"id":"13243"},{"arcs":[[6421,6422,6423,-49,6424,-530]],"type":"Polygon","properties":{"name":"Dooly"},"id":"13093"},{"arcs":[[6425,6426,6427,6428,-2486,6429]],"type":"Polygon","properties":{"name":"Baker"},"id":"13007"},{"arcs":[[-4687,-1569,-3200,-3722,6430,6431]],"type":"Polygon","properties":{"name":"Banks"},"id":"13011"},{"arcs":[[-756,6432,-649,-5896,6433,6434,6435]],"type":"Polygon","properties":{"name":"Saline"},"id":"17165"},{"arcs":[[-503,-5269,6436,-2511,-248,6437,-2332,6438]],"type":"Polygon","properties":{"name":"Kern"},"id":"06029"},{"arcs":[[-4519,6439,6440,6441,6442,6443,6444,6445]],"type":"Polygon","properties":{"name":"St. Tammany"},"id":"22103"},{"arcs":[[6446,6447,-622,6448,6449,6450,6451]],"type":"Polygon","properties":{"name":"Waldo"},"id":"23027"},{"arcs":[[6452,6453]],"type":"Polygon","properties":{"name":"Salem"},"id":"51775"},{"arcs":[[6454,-931,-3682,-2425,6455]],"type":"Polygon","properties":{"name":"Worth"},"id":"29227"},{"arcs":[[-3862,-3060,6456,-3539,6457,-3128,-1993]],"type":"Polygon","properties":{"name":"Yauco"},"id":"72153"},{"arcs":[[-2432,6458,6459,6460,6461]],"type":"Polygon","properties":{"name":"Moca"},"id":"72099"},{"arcs":[[-4166,6462,6463,-4554,6464,6465,6466]],"type":"Polygon","properties":{"name":"Avery"},"id":"37011"},{"arcs":[[-6165,-1109,-3419,6467,6468]],"type":"Polygon","properties":{"name":"Mills"},"id":"48333"},{"arcs":[[-5801,-5872]],"type":"Polygon","properties":{"name":"Galax"},"id":"51640"},{"arcs":[[[6469,6470,-3168,-414,6471]],[[6472]]],"type":"MultiPolygon","properties":{"name":"Charlevoix"},"id":"26029"},{"arcs":[[6473,6474,6475,6476,-3900]],"type":"Polygon","properties":{"name":"Sanilac"},"id":"26151"},{"arcs":[[-5355,6477,-5639,6478,6479]],"type":"Polygon","properties":{"name":"Wicomico"},"id":"24045"},{"arcs":[[-1046,-6237,-17,6480,6481,6482]],"type":"Polygon","properties":{"name":"Carroll"},"id":"33003"},{"arcs":[[6483,6484,-3691,6485]],"type":"Polygon","properties":{"name":"Christian"},"id":"17021"},{"arcs":[[6486,6487,6488,-3767,-1769]],"type":"Polygon","properties":{"name":"Madison"},"id":"19121"},{"arcs":[[6489,-2647,6490,6491,6492]],"type":"Polygon","properties":{"name":"Harvey"},"id":"20079"},{"arcs":[[6493,-614,6494,6495,-4442,-991,6496]],"type":"Polygon","properties":{"name":"Grant"},"id":"21081"},{"arcs":[[6497,6498,6499,6500,-4788]],"type":"Polygon","properties":{"name":"Simpson"},"id":"21213"},{"arcs":[[-3559,6501,6502,-6447,6503,-5287,6504]],"type":"Polygon","properties":{"name":"Somerset"},"id":"23025"},{"arcs":[[6505,6506,6507,-4911,-4936]],"type":"Polygon","properties":{"name":"Essex"},"id":"25009"},{"arcs":[[6508,-5596,6509,6510,6511,6512,6513,-4269]],"type":"Polygon","properties":{"name":"Pike"},"id":"21195"},{"arcs":[[6514,-4458,6515,6516,6517,6518]],"type":"Polygon","properties":{"name":"Hardy"},"id":"54031"},{"arcs":[[-29,-5719,6519,-1676,6520,6521]],"type":"Polygon","properties":{"name":"Traverse"},"id":"27155"},{"arcs":[[6522,6523,6524,-2287,6525]],"type":"Polygon","properties":{"name":"Marion"},"id":"05089"},{"arcs":[[6526,-1700,6527,6528]],"type":"Polygon","properties":{"name":"San Diego"},"id":"06073"},{"arcs":[[-6248,-5792,6529,6530,6531,6532]],"type":"Polygon","properties":{"name":"Hyde"},"id":"37095"},{"arcs":[[6535,6536,-5006,6537,6538]],"type":"Polygon","properties":{"name":"Curry"},"id":"41015"},{"arcs":[[6539,-3563,6540,6541,6542]],"type":"Polygon","properties":{"name":"Wexford"},"id":"26165"},{"arcs":[[-2823,-2403,6543,6544,6545]],"type":"Polygon","properties":{"name":"Martin"},"id":"18101"},{"arcs":[[-2988,-4217,6546,-5171,6547,-6314,-3310]],"type":"Polygon","properties":{"name":"Yazoo"},"id":"28163"},{"arcs":[[6548,-4440,6549,-3817,6550]],"type":"Polygon","properties":{"name":"Lincoln"},"id":"29113"},{"arcs":[[6551,-6497,-990,-4348,6552]],"type":"Polygon","properties":{"name":"Gallatin"},"id":"21077"},{"arcs":[[-3514,6553,-566,-429,-4111]],"type":"Polygon","properties":{"name":"Hall"},"id":"31079"},{"arcs":[[6554,6555,6556,6557,6558,6559]],"type":"Polygon","properties":{"name":"Houghton"},"id":"26061"},{"arcs":[[6560,-2138,6561,6562,6563,6564,6565]],"type":"Polygon","properties":{"name":"Gates"},"id":"37073"},{"arcs":[[6566,6567,-5414,6568,-2715,6569]],"type":"Polygon","properties":{"name":"Trumbull"},"id":"39155"},{"arcs":[[-3103,-1809,6570,6571,-6133,6572]],"type":"Polygon","properties":{"name":"Jefferson"},"id":"40067"},{"arcs":[[6573,6574,6575,6576,-3873,-4487]],"type":"Polygon","properties":{"name":"Mesa"},"id":"08077"},{"arcs":[[6577,-4647,6578,6579,-4965,6580,-4636]],"type":"Polygon","properties":{"name":"Western Connecticut"},"id":"09190"},{"arcs":[[-6362,6581,6582]],"type":"Polygon","properties":{"name":"Catoosa"},"id":"13047"},{"arcs":[[-2483,-6363,-6583,6583,-3158,6584,-2335,-4318]],"type":"Polygon","properties":{"name":"Walker"},"id":"13295"},{"arcs":[[6585,-6536,6586]],"type":"Polygon","properties":{"name":"Coos"},"id":"41011"},{"arcs":[[6587,-4821,6588,-5546,-5068,-5073,6589]],"type":"Polygon","properties":{"name":"Hawkins"},"id":"47073"},{"arcs":[[-6310,-1478,6590,-1781,-3295]],"type":"Polygon","properties":{"name":"Highlands"},"id":"12055"},{"arcs":[[-5010,6591,6592,6593,6594]],"type":"Polygon","properties":{"name":"Windham"},"id":"50025"},{"arcs":[[-4783,6595,6596,-5635,-1234,-5567]],"type":"Polygon","properties":{"name":"Warren"},"id":"34041"},{"arcs":[[6597,6598,6599,6600,-4803]],"type":"Polygon","properties":{"name":"Luna"},"id":"35029"},{"arcs":[[6601,6602,6603,6604,6605]],"type":"Polygon","properties":{"name":"West Baton Rouge"},"id":"22121"},{"arcs":[[6606,6607,-4130,6608,6609]],"type":"Polygon","properties":{"name":"Davie"},"id":"37059"},{"arcs":[[6610,6611,6612,-4971,6613]],"type":"Polygon","properties":{"name":"Wayne"},"id":"39169"},{"arcs":[[-1793,-4775,6614,6615,-4776,-1667]],"type":"Polygon","properties":{"name":"Okmulgee"},"id":"40111"},{"arcs":[[6616,-6053,-5157,6617,6618,6619,6620]],"type":"Polygon","properties":{"name":"Charleston"},"id":"45019"},{"arcs":[[-394,-5808,-4259,6621,-3359,-1206]],"type":"Polygon","properties":{"name":"Lincoln"},"id":"46083"},{"arcs":[[6622,6623,6624,6625,-4542,-5528,6626,6627]],"type":"Polygon","properties":{"name":"Sacramento"},"id":"06067"},{"arcs":[[6628,6629,6630,6631,6632]],"type":"Polygon","properties":{"name":"Dearborn"},"id":"18029"},{"arcs":[[-5669,6633,6634,-4543,6635]],"type":"Polygon","properties":{"name":"Allamakee"},"id":"19005"},{"arcs":[[6636,6637,-2133,6638,-1756,6639]],"type":"Polygon","properties":{"name":"Isle of Wight"},"id":"51093"},{"arcs":[[-6016,6640,6641,6642]],"type":"Polygon","properties":{"name":"Newport News"},"id":"51700"},{"arcs":[[6643,6644,-6518,6645,6646,6647,6648]],"type":"Polygon","properties":{"name":"Pendleton"},"id":"54071"},{"arcs":[[6649,6650,-5760,-5003]],"type":"Polygon","properties":{"name":"Jackson"},"id":"41029"},{"arcs":[[6651,6652,6653,6654,6655,6656]],"type":"Polygon","properties":{"name":"Centre"},"id":"42027"},{"arcs":[[6657,-5777,-206,-5769,6658,6659]],"type":"Polygon","properties":{"name":"Laurens"},"id":"45059"},{"arcs":[[6660,-5229,6661,6662,6663,6664]],"type":"Polygon","properties":{"name":"Blount"},"id":"47009"},{"arcs":[[-2445,6665,6666,-4209,-4461,6667]],"type":"Polygon","properties":{"name":"Tazewell"},"id":"51185"},{"arcs":[[-6381,-4,6668,6669,6670]],"type":"Polygon","properties":{"name":"Hamilton"},"id":"12047"},{"arcs":[[6671,-4404,6672,6673,6674,6675]],"type":"Polygon","properties":{"name":"Marshall"},"id":"54051"},{"arcs":[[6676,6677,6678,6679,6680]],"type":"Polygon","properties":{"name":"Wakulla"},"id":"12129"},{"arcs":[[6681,6682,-6412,6683,-2745,-154]],"type":"Polygon","properties":{"name":"Paulding"},"id":"13223"},{"arcs":[[-5210,-5215,6684,-13,-6236]],"type":"Polygon","properties":{"name":"Cumberland"},"id":"23005"},{"arcs":[[[-6479,-5643,6686,6687]],[[6688,6689]]],"type":"MultiPolygon","properties":{"name":"Somerset"},"id":"24039"},{"arcs":[[-871,-3382,6690,6691,-260,-476]],"type":"Polygon","properties":{"name":"Meade"},"id":"20119"},{"arcs":[[6692,6693,6694,-5381,-3346,6695]],"type":"Polygon","properties":{"name":"Marion"},"id":"29127"},{"arcs":[[6696,6697,-1482,-5822,6698,-1038,-4235,6699]],"type":"Polygon","properties":{"name":"Elmore"},"id":"16039"},{"arcs":[[-2410,-3326,6700,-6486,-3690,-934,6701,-1359]],"type":"Polygon","properties":{"name":"Sangamon"},"id":"17167"},{"arcs":[[-4429,6702,-4435,6703,6704,6705,-3976]],"type":"Polygon","properties":{"name":"Morgan"},"id":"18109"},{"arcs":[[6706,6707,-5611,6708,-4699,6709]],"type":"Polygon","properties":{"name":"Caribou"},"id":"16029"},{"arcs":[[6710,-6492,6711,-2534,-3845]],"type":"Polygon","properties":{"name":"Sedgwick"},"id":"20173"},{"arcs":[[6712,-1917,6713,-5739,-97]],"type":"Polygon","properties":{"name":"White"},"id":"47185"},{"arcs":[[6715,-6071,-4747,-2742,6716]],"type":"Polygon","properties":{"name":"Brown"},"id":"31017"},{"arcs":[[6717,-2132,6718,-4613,-3619,-357]],"type":"Polygon","properties":{"name":"Reeves"},"id":"48389"},{"arcs":[[-1228,-3587,-6275,6719,6720,6721,-3396]],"type":"Polygon","properties":{"name":"Live Oak"},"id":"48297"},{"arcs":[[6722,6723,6724,6725,-6216,6726]],"type":"Polygon","properties":{"name":"Amherst"},"id":"51009"},{"arcs":[[-813,-5495]],"type":"Polygon","properties":{"name":"Manassas"},"id":"51683"},{"arcs":[[6727,6728,6729,6730,-1964]],"type":"Polygon","properties":{"name":"Twiggs"},"id":"13289"},{"arcs":[[-2819,6731,6732,6733]],"type":"Polygon","properties":{"name":"Candler"},"id":"13043"},{"arcs":[[-6705,6734,-4426,-2399,-2822,6735]],"type":"Polygon","properties":{"name":"Monroe"},"id":"18105"},{"arcs":[[-3859,6736,6737,6738,-2014,-1490]],"type":"Polygon","properties":{"name":"Jones"},"id":"19105"},{"arcs":[[6739,6740,-2526,6741,-3018,-1445]],"type":"Polygon","properties":{"name":"Carroll"},"id":"19027"},{"arcs":[[6742,6743,6744,-6117,-3394]],"type":"Polygon","properties":{"name":"Geary"},"id":"20061"},{"arcs":[[-5455,6745,6746,6747,6748,-5960]],"type":"Polygon","properties":{"name":"Harlan"},"id":"21095"},{"arcs":[[-5023,-3215,6749,6750,6751,6752]],"type":"Polygon","properties":{"name":"Winn"},"id":"22127"},{"arcs":[[6753,6754,-6243,6755,6756,6757]],"type":"Polygon","properties":{"name":"Holt"},"id":"29087"},{"arcs":[[6758,6759,6760,-750,6761,6762]],"type":"Polygon","properties":{"name":"Eagle"},"id":"08037"},{"arcs":[[6763,6764,-4760,6765,6766]],"type":"Polygon","properties":{"name":"Wayne"},"id":"36117"},{"arcs":[[-4445,6767,-2893,6768,-3535,6769]],"type":"Polygon","properties":{"name":"Fayette"},"id":"21067"},{"arcs":[[6770,-5980,6771,-6498,-4787,-5842]],"type":"Polygon","properties":{"name":"Logan"},"id":"21141"},{"arcs":[[-5537,-4266,-5981,-6771,-5841,-4793,6772]],"type":"Polygon","properties":{"name":"Muhlenberg"},"id":"21177"},{"arcs":[[6773,6774,6775,-5671,6776]],"type":"Polygon","properties":{"name":"Bath"},"id":"21011"},{"arcs":[[-5661,-5652,6777,-5580,6778]],"type":"Polygon","properties":{"name":"Beauregard"},"id":"22011"},{"arcs":[[6779,6780,6781,-6553,-4347,6782]],"type":"Polygon","properties":{"name":"Switzerland"},"id":"18155"},{"arcs":[[6783,-6171,6784,6785,-840]],"type":"Polygon","properties":{"name":"Kittitas"},"id":"53037"},{"arcs":[[6786,6787,6788,6789]],"type":"Polygon","properties":{"name":"Marion"},"id":"54049"},{"arcs":[[6790,6791,6792,6793]],"type":"Polygon","properties":{"name":"Eureka"},"id":"32011"},{"arcs":[[6794,6795,-6228,6796,6797,6798,-3333,6799]],"type":"Polygon","properties":{"name":"San Juan"},"id":"72127"},{"arcs":[[6800,-6067,-5977,-1197,-6048,-3204,6801]],"type":"Polygon","properties":{"name":"Major"},"id":"40093"},{"arcs":[[-5772,6802,6803,-5150,6804]],"type":"Polygon","properties":{"name":"Saluda"},"id":"45081"},{"arcs":[[6805,-6414,6806,-2691,-4413,6807,6808,6809,-845,6810]],"type":"Polygon","properties":{"name":"Fulton"},"id":"13121"},{"arcs":[[6811,6812,6813,-5610,6814,6815,6816,-3724]],"type":"Polygon","properties":{"name":"Elbert"},"id":"13105"},{"arcs":[[6817,-2692,-6807,-6413,-6683]],"type":"Polygon","properties":{"name":"Cobb"},"id":"13067"},{"arcs":[[6818,6819,6820,6821,-532]],"type":"Polygon","properties":{"name":"Lee"},"id":"13177"},{"arcs":[[-832,-3457,-4046,-3455,-4042]],"type":"Polygon","properties":{"name":"Denver"},"id":"08031"},{"arcs":[[6822,6823,6824,6825,-2002]],"type":"Polygon","properties":{"name":"Pembina"},"id":"38067"},{"arcs":[[6826,6827,6828,-2448,6829]],"type":"Polygon","properties":{"name":"Clay"},"id":"12019"},{"arcs":[[6830,6831,-3687,-509,6832,-419,6833,-4731]],"type":"Polygon","properties":{"name":"Aitkin"},"id":"27001"},{"arcs":[[6834,-6633,6835,-6781]],"type":"Polygon","properties":{"name":"Ohio"},"id":"18115"},{"arcs":[[-744,-4742,-4628,-6109,6836,-2229,-664]],"type":"Polygon","properties":{"name":"Union"},"id":"28145"},{"arcs":[[-666,-2232,6837,-2638,-1847,-3130]],"type":"Polygon","properties":{"name":"Calhoun"},"id":"28013"},{"arcs":[[-2414,6838,6839,-4517,6840,6841]],"type":"Polygon","properties":{"name":"Marion"},"id":"28091"},{"arcs":[[6842,-2106,-709,-2144,-5062,6843]],"type":"Polygon","properties":{"name":"Howell"},"id":"29091"},{"arcs":[[6844,6845,-3538,-5092,-4709,-4122]],"type":"Polygon","properties":{"name":"Mercer"},"id":"21167"},{"arcs":[[6846,6847,-5055,-3265,6848,-5946,6849]],"type":"Polygon","properties":{"name":"Torrance"},"id":"35057"},{"arcs":[[6850,-2342,-5504,-2043,6851,6852]],"type":"Polygon","properties":{"name":"Stanley"},"id":"46117"},{"arcs":[[-1560,-1522,-2117,6853,-1214,6854]],"type":"Polygon","properties":{"name":"Gaines"},"id":"48165"},{"arcs":[[-6213,-1305,-5547,6855,6856,6857]],"type":"Polygon","properties":{"name":"Buckingham"},"id":"51029"},{"arcs":[[-6224,6858,6859,6860,-2916,-1269,6861,-1292]],"type":"Polygon","properties":{"name":"Price"},"id":"55099"},{"arcs":[[6862,-360,6863,6864,-2505,-3576]],"type":"Polygon","properties":{"name":"Mobile"},"id":"01097"},{"arcs":[[-2616,6865,-500,-5865,6866,-376,6867,6868]],"type":"Polygon","properties":{"name":"Covington"},"id":"01039"},{"arcs":[[6869]],"type":"Polygon","properties":{"name":"Honolulu"},"id":"15003"},{"arcs":[[-3084,-10,-293,-2826,6870,-3516]],"type":"Polygon","properties":{"name":"Sullivan"},"id":"18153"},{"arcs":[[-65,-3716,6871,-6630,6872,-4695,6873]],"type":"Polygon","properties":{"name":"Franklin"},"id":"18047"},{"arcs":[[-1116,-5397,6874,-5371,-3781,-3936,-2863]],"type":"Polygon","properties":{"name":"Kossuth"},"id":"19109"},{"arcs":[[6875,-1101,-3624,-654]],"type":"Polygon","properties":{"name":"Woodson"},"id":"20207"},{"arcs":[[6876,-2239,-4752,-6122,6877,6878]],"type":"Polygon","properties":{"name":"Barren"},"id":"21009"},{"arcs":[[6879,-6670,6880,-2923,-3603]],"type":"Polygon","properties":{"name":"Suwannee"},"id":"12121"},{"arcs":[[-3421,-4612,-6140,6881,-4757]],"type":"Polygon","properties":{"name":"Oldham"},"id":"48359"},{"arcs":[[6882,-5321,6883,-1942,-1583,-1596,-4144,-5990]],"type":"Polygon","properties":{"name":"Klickitat"},"id":"53039"},{"arcs":[[6884,-2374,-1965,-6731,6885,6886,-6423,6887]],"type":"Polygon","properties":{"name":"Houston"},"id":"13153"},{"arcs":[[6888,-1367,-4888,6889,-6809]],"type":"Polygon","properties":{"name":"DeKalb"},"id":"13089"},{"arcs":[[[6890,6891,-2376,6892,6893,-2221,-3448]],[[6894,6895,6896]]],"type":"MultiPolygon","properties":{"name":"Taylor"},"id":"13269"},{"arcs":[[6897,6898,6899,6900,-4296,6901,6902,-2196]],"type":"Polygon","properties":{"name":"Delaware"},"id":"36025"},{"arcs":[[6903,6904,6905,-4291,-6901]],"type":"Polygon","properties":{"name":"Greene"},"id":"36039"},{"arcs":[[6906,-5860,6907,6908,6909]],"type":"Polygon","properties":{"name":"Jackson"},"id":"37099"},{"arcs":[[6910,6911,6912,6913,-3462,-5976]],"type":"Polygon","properties":{"name":"Noble"},"id":"40103"},{"arcs":[[6914,6915,-4145,-1601,6916,6917]],"type":"Polygon","properties":{"name":"Clackamas"},"id":"41005"},{"arcs":[[-5466,6918,6919,6920,6921,6922,6923]],"type":"Polygon","properties":{"name":"Carroll"},"id":"05015"},{"arcs":[[6924,6925,-6369,6926]],"type":"Polygon","properties":{"name":"District of Columbia"},"id":"11001"},{"arcs":[[6927,6928,-2347,-3889,6929,6930]],"type":"Polygon","properties":{"name":"Cullman"},"id":"01043"},{"arcs":[[6931,6932,6933,6934,6935]],"type":"Polygon","properties":{"name":"Massac"},"id":"17127"},{"arcs":[[-6752,6936,-5654,6937]],"type":"Polygon","properties":{"name":"Grant"},"id":"22043"},{"arcs":[[-5650,-5657,6938,6939,6940,6941]],"type":"Polygon","properties":{"name":"Evangeline"},"id":"22039"},{"arcs":[[-2231,6942,6943,6944,-2639,-6838]],"type":"Polygon","properties":{"name":"Chickasaw"},"id":"28017"},{"arcs":[[-1390,6945,6946,6947,-772,6948]],"type":"Polygon","properties":{"name":"St. Francois"},"id":"29187"},{"arcs":[[-4100,-1403,-1747,-3949,-4745,-5912,-5421]],"type":"Polygon","properties":{"name":"Chariton"},"id":"29041"},{"arcs":[[6949,6950,6951,-5714,6952,-6208]],"type":"Polygon","properties":{"name":"Butler"},"id":"29023"},{"arcs":[[-3325,6953,-61,-2226,6954,-6484,-6701]],"type":"Polygon","properties":{"name":"Macon"},"id":"17115"},{"arcs":[[6955,-2214,6956,-2761,-3639]],"type":"Polygon","properties":{"name":"Adams"},"id":"18001"},{"arcs":[[-3010,-542,-2227,-3030,-951]],"type":"Polygon","properties":{"name":"Hamilton"},"id":"19079"},{"arcs":[[6957,-2208,6958,-3257,-3438]],"type":"Polygon","properties":{"name":"Howard"},"id":"19089"},{"arcs":[[-1496,6959,6960,6961,6962]],"type":"Polygon","properties":{"name":"Page"},"id":"19145"},{"arcs":[[-3911,-993,-4447,6963,6964,6965]],"type":"Polygon","properties":{"name":"Franklin"},"id":"21073"},{"arcs":[[-2837,-4721,-4716,6966]],"type":"Polygon","properties":{"name":"Bullitt"},"id":"21029"},{"arcs":[[-6406,-4026,-5188,-5257,6967,6968]],"type":"Polygon","properties":{"name":"Howard"},"id":"24027"},{"arcs":[[6969,-2608,6970,6971,-2701,-5378]],"type":"Polygon","properties":{"name":"Saginaw"},"id":"26145"},{"arcs":[[6972,-4918,6973,6974]],"type":"Polygon","properties":{"name":"Lebanon"},"id":"42075"},{"arcs":[[-6653,6975,6976,6977,-5050,6978]],"type":"Polygon","properties":{"name":"Union"},"id":"42119"},{"arcs":[[6979,-5702,6980,6981,-6813,6982]],"type":"Polygon","properties":{"name":"Anderson"},"id":"45007"},{"arcs":[[-6083,-5365,6983,6984,6985,6986]],"type":"Polygon","properties":{"name":"Marshall"},"id":"47117"},{"arcs":[[6987,6988,6989,6990]],"type":"Polygon","properties":{"name":"Dakota"},"id":"31043"},{"arcs":[[6991,6992,6993,6994,6995]],"type":"Polygon","properties":{"name":"Trinity"},"id":"48455"},{"arcs":[[6996,-6783,-4350,6997,6998,-3554,-2627]],"type":"Polygon","properties":{"name":"Jefferson"},"id":"18077"},{"arcs":[[-2682,-3517,-6871,-2825,6999,7000,7001,-5572]],"type":"Polygon","properties":{"name":"Knox"},"id":"18083"},{"arcs":[[7002,-615,-6494,-6552,-6782,-6836,-6632]],"type":"Polygon","properties":{"name":"Boone"},"id":"21015"},{"arcs":[[7003,7004,-4520,-6446,7005,7006,7007]],"type":"Polygon","properties":{"name":"Tangipahoa"},"id":"22105"},{"arcs":[[7008,7009,7010,7011]],"type":"Polygon","properties":{"name":"Daniels"},"id":"30019"},{"arcs":[[7012,7013,7014,-2119]],"type":"Polygon","properties":{"name":"Glacier"},"id":"30035"},{"arcs":[[-4112,-433,7015,7016,-3760]],"type":"Polygon","properties":{"name":"Kearney"},"id":"31099"},{"arcs":[[-7016,-432,-453,-4597,-2048,-4103,7017]],"type":"Polygon","properties":{"name":"Webster"},"id":"31181"},{"arcs":[[-4759,7018,-3344,7019,-1066]],"type":"Polygon","properties":{"name":"Curry"},"id":"35009"},{"arcs":[[7020,7021,7022,7023]],"type":"Polygon","properties":{"name":"Schenectady"},"id":"36093"},{"arcs":[[7024,-4031,7025,-1627,-3518,-4651,7026,-6825]],"type":"Polygon","properties":{"name":"Marshall"},"id":"27089"},{"arcs":[[-5718,-2383,-1196,-1672,-6520]],"type":"Polygon","properties":{"name":"Grant"},"id":"27051"},{"arcs":[[-4696,-6873,-6629,-6835,-6780,-6997,-2626]],"type":"Polygon","properties":{"name":"Ripley"},"id":"18137"},{"arcs":[[7027,-1391,-6949,-776,7028,7029,-3329]],"type":"Polygon","properties":{"name":"Iron"},"id":"29093"},{"arcs":[[7030,7031,-6758,7032,7033,-2390]],"type":"Polygon","properties":{"name":"Nemaha"},"id":"31127"},{"arcs":[[-1858,7034,7035,7036,7037,-2438]],"type":"Polygon","properties":{"name":"Wibaux"},"id":"30109"},{"arcs":[[-1320,-3833,7038,7039,-1869,7040]],"type":"Polygon","properties":{"name":"Williamson"},"id":"48491"},{"arcs":[[7041,-6166,-6469,7042,-1324,7043,-3299]],"type":"Polygon","properties":{"name":"San Saba"},"id":"48411"},{"arcs":[[7044,-6130,7045,-3588,-1226]],"type":"Polygon","properties":{"name":"Wilson"},"id":"48493"},{"arcs":[[-4457,7046,7047,7048,-6516]],"type":"Polygon","properties":{"name":"Shenandoah"},"id":"51171"},{"arcs":[[-5244,7049]],"type":"Polygon","properties":{"name":"Richmond"},"id":"51760"},{"arcs":[[7050,7051,-15,7052,-6507,7053]],"type":"Polygon","properties":{"name":"Rockingham"},"id":"33015"},{"arcs":[[7054,7055,7056,-1048,-1394,7057]],"type":"Polygon","properties":{"name":"Allegany"},"id":"36003"},{"arcs":[[7058,7059,7060,7061,7062,7063]],"type":"Polygon","properties":{"name":"Rensselaer"},"id":"36083"},{"arcs":[[7064,-6767,7065,7066,7067,7068]],"type":"Polygon","properties":{"name":"Monroe"},"id":"36055"},{"arcs":[[7069,7070,7071,7072,7073,-2725]],"type":"Polygon","properties":{"name":"Van Zandt"},"id":"48467"},{"arcs":[[-4552,7074,7075,7076]],"type":"Polygon","properties":{"name":"Warren"},"id":"36113"},{"arcs":[[-3465,-6051,7077,-4565,-2175]],"type":"Polygon","properties":{"name":"Oklahoma"},"id":"40109"},{"arcs":[[[7078,-2073,7079]],[[7080,7081,7082,-5492,7083]]],"type":"MultiPolygon","properties":{"name":"St. Martin"},"id":"22099"},{"arcs":[[7084,-4770,-1791,7085,-6913]],"type":"Polygon","properties":{"name":"Pawnee"},"id":"40117"},{"arcs":[[-6948,7086,7087,7088,7089,-5904,-3451,-773]],"type":"Polygon","properties":{"name":"Perry"},"id":"29157"},{"arcs":[[7090,-7067,7091,7092,-7056,7093]],"type":"Polygon","properties":{"name":"Livingston"},"id":"36051"},{"arcs":[[-4127,-2879,7094,7095,-5645]],"type":"Polygon","properties":{"name":"Montgomery"},"id":"37123"},{"arcs":[[-2003,-6826,-7027,-4650,-2902,7096]],"type":"Polygon","properties":{"name":"Walsh"},"id":"38099"},{"arcs":[[7097,7098,-1638,7099,-878,-6046]],"type":"Polygon","properties":{"name":"Perry"},"id":"39127"},{"arcs":[[7100,7101,7102,-3569,7103,-4309,-909]],"type":"Polygon","properties":{"name":"Ritchie"},"id":"54085"},{"arcs":[[-2439,-7038,7104,-3552,7105,7106,-4354,-4860]],"type":"Polygon","properties":{"name":"Fallon"},"id":"30025"},{"arcs":[[7107,7108,-1860,-2437,-2930,7109]],"type":"Polygon","properties":{"name":"McCone"},"id":"30055"},{"arcs":[[7110,7111,7112,7113,-7010]],"type":"Polygon","properties":{"name":"Sheridan"},"id":"30091"},{"arcs":[[-7017,-7018,-4102,-133,7114]],"type":"Polygon","properties":{"name":"Franklin"},"id":"31061"},{"arcs":[[-3567,7115,7116,7117,7118,7119]],"type":"Polygon","properties":{"name":"Lewis"},"id":"54041"},{"arcs":[[7120,-6789,7121,-5165,7122,-7116,-3566]],"type":"Polygon","properties":{"name":"Harrison"},"id":"54033"},{"arcs":[[-4820,7123,-635,7124,-4162,7125,-5543,-6589]],"type":"Polygon","properties":{"name":"Sullivan"},"id":"47163"},{"arcs":[[7126,7127,-6245,7128,-5575,-2731]],"type":"Polygon","properties":{"name":"Martin"},"id":"37117"},{"arcs":[[7129,7130,-6614,-4975,-4139,-1505,-4563]],"type":"Polygon","properties":{"name":"Ashland"},"id":"39005"},{"arcs":[[-2478,7131,-5991,-4146,-6916,7132]],"type":"Polygon","properties":{"name":"Multnomah"},"id":"41051"},{"arcs":[[-3786,-1052,7133,-6976,-6652,7134]],"type":"Polygon","properties":{"name":"Clinton"},"id":"42035"},{"arcs":[[7135,7136,7137,7138,7139,7140,7141,7142,-2075,7143]],"type":"Polygon","properties":{"name":"Tensas"},"id":"22107"},{"arcs":[[7144,7145,7146,-3115,-5950,7147]],"type":"Polygon","properties":{"name":"Madison"},"id":"36053"},{"arcs":[[7148,-5734,-3992,-3895,7149,7150]],"type":"Polygon","properties":{"name":"Campbell"},"id":"47013"},{"arcs":[[-5437,-1365,7151,-4571,-3487,-5450]],"type":"Polygon","properties":{"name":"Haywood"},"id":"47075"},{"arcs":[[7152,7153,7154,7155,-6125]],"type":"Polygon","properties":{"name":"Lamar"},"id":"48277"},{"arcs":[[[7156,7157,7158,7159]],[[7160,7161,7162,7163]]],"type":"MultiPolygon","properties":{"name":"Willacy"},"id":"48489"},{"arcs":[[7164,7165,7166,7167,7168,7169]],"type":"Polygon","properties":{"name":"Nicholas"},"id":"54067"},{"arcs":[[-1293,-6862,-1273,7170,-3847,7171]],"type":"Polygon","properties":{"name":"Taylor"},"id":"55119"},{"arcs":[[7172,-6461,7173,7174,7175,7176,-2850]],"type":"Polygon","properties":{"name":"Añasco"},"id":"72011"},{"arcs":[[-6788,7177,7178,-5160,-7122]],"type":"Polygon","properties":{"name":"Taylor"},"id":"54091"},{"arcs":[[-6675,7179,7180,-6790,-7121,-3565,7181,7182]],"type":"Polygon","properties":{"name":"Wetzel"},"id":"54103"},{"arcs":[[7183,-4728,7184,-3776,7185]],"type":"Polygon","properties":{"name":"Fulton"},"id":"39051"},{"arcs":[[-6395,7186,-5590,-727,7187,-6360]],"type":"Polygon","properties":{"name":"Bradley"},"id":"47011"},{"arcs":[[7188,-6382,-6671,-6880,-3602,7189,7190]],"type":"Polygon","properties":{"name":"Madison"},"id":"12079"},{"arcs":[[7191,7192,7193,7194,7195,7196],[-2999]],"type":"Polygon","properties":{"name":"Alleghany"},"id":"51005"},{"arcs":[[-3214,7197,7198,7199,7200,7201,-6750]],"type":"Polygon","properties":{"name":"Caldwell"},"id":"22021"},{"arcs":[[7202,7203,-7136,7204,-7200]],"type":"Polygon","properties":{"name":"Franklin"},"id":"22041"},{"arcs":[[7205,7206,7207,-318,7208,-5920]],"type":"Polygon","properties":{"name":"Cass"},"id":"29037"},{"arcs":[[7209,7210,7211,7212]],"type":"Polygon","properties":{"name":"Jefferson"},"id":"36045"},{"arcs":[[-6902,-4295,7213,7214,7215]],"type":"Polygon","properties":{"name":"Sullivan"},"id":"36105"},{"arcs":[[7216,-3856,7217,7218,7219]],"type":"Polygon","properties":{"name":"Brazos"},"id":"48041"},{"arcs":[[7220,-5203,7221,7222,-3120,7223]],"type":"Polygon","properties":{"name":"Culpeper"},"id":"51047"},{"arcs":[[-7047,-4456,-1310,7224,7225,7226]],"type":"Polygon","properties":{"name":"Warren"},"id":"51187"},{"arcs":[[-6319,-4804,-6601,7227,7228]],"type":"Polygon","properties":{"name":"Hidalgo"},"id":"35023"},{"arcs":[[7229,-6197,-689,7230,-6092,7231,7232]],"type":"Polygon","properties":{"name":"Harney"},"id":"41025"},{"arcs":[[7233,-6258,7234,7235,7236,7237,7238,7239]],"type":"Polygon","properties":{"name":"Lauderdale"},"id":"01077"},{"arcs":[[[-6438,-252,7240,-2333]],[[7241]]],"type":"MultiPolygon","properties":{"name":"Ventura"},"id":"06111"},{"arcs":[[-6669,-3,-3505,7242,7243,-5261,-2924,-6881]],"type":"Polygon","properties":{"name":"Columbia"},"id":"12023"},{"arcs":[[7244,7245,-2507,-3540,-6457,-3059]],"type":"Polygon","properties":{"name":"Adjuntas"},"id":"72001"},{"arcs":[[7246,7247,-6798,7248,7249,-2460]],"type":"Polygon","properties":{"name":"Aguas Buenas"},"id":"72007"},{"arcs":[[-3334,-6799,-7248,7250]],"type":"Polygon","properties":{"name":"Guaynabo"},"id":"72061"},{"arcs":[[-7169,7251,-5743,-6174,7252]],"type":"Polygon","properties":{"name":"Fayette"},"id":"54019"},{"arcs":[[-6180,7253,7254,-806,7255]],"type":"Polygon","properties":{"name":"Canóvanas"},"id":"72029"},{"arcs":[[-2461,-7250,7256,7257,-1997,-597]],"type":"Polygon","properties":{"name":"Cidra"},"id":"72041"},{"arcs":[[7258,-599,-2000,7259,-3000,-227,-1905]],"type":"Polygon","properties":{"name":"Coamo"},"id":"72043"},{"arcs":[[7260,7261,7262,-4817,7263,7264,-4545]],"type":"Polygon","properties":{"name":"Grant"},"id":"55043"},{"arcs":[[7265,7266]],"type":"Polygon","properties":{"name":"Northampton"},"id":"51131"},{"arcs":[[7267,7268,7269,7270,-7211]],"type":"Polygon","properties":{"name":"Lewis"},"id":"36049"},{"arcs":[[-6332,-4472,7271,-3918,7272]],"type":"Polygon","properties":{"name":"Wabasha"},"id":"27157"},{"arcs":[[-4655,7273,-3469,7274,-7153,-6124,7275]],"type":"Polygon","properties":{"name":"Bryan"},"id":"40013"},{"arcs":[[7276,-6357,7277,-1785,-2603,7278]],"type":"Polygon","properties":{"name":"Shelby"},"id":"01117"},{"arcs":[[-5863,-5868,-4420,7279,7280,7281,-2453,7282,-2751]],"type":"Polygon","properties":{"name":"Jackson"},"id":"12063"},{"arcs":[[7283,7284,-6374,-362,7285,7286]],"type":"Polygon","properties":{"name":"Clarke"},"id":"01025"},{"arcs":[[7287,7288,7289,-2614,7290,7291]],"type":"Polygon","properties":{"name":"Lowndes"},"id":"01085"},{"arcs":[[-608,-5725,7292,-4529]],"type":"Polygon","properties":{"name":"Pinal"},"id":"04021"},{"arcs":[[-1099,-3339,-6116,-5216,-3590]],"type":"Polygon","properties":{"name":"Bourbon"},"id":"20011"},{"arcs":[[7293,-4478,7294,-3057,-3571]],"type":"Polygon","properties":{"name":"Hatillo"},"id":"72065"},{"arcs":[[7295,-2712,-3762,7296,7297,7298,7299]],"type":"Polygon","properties":{"name":"Furnas"},"id":"31065"},{"arcs":[[-416,-3799,-3561,7300]],"type":"Polygon","properties":{"name":"Kalkaska"},"id":"26079"},{"arcs":[[7301,7302,-6353,-7277,7303,7304]],"type":"Polygon","properties":{"name":"St. Clair"},"id":"01115"},{"arcs":[[7305,-5832,-5439,-5451,-5441,-5452,7306,-2471,-6324,7307]],"type":"Polygon","properties":{"name":"Mississippi"},"id":"05093"},{"arcs":[[-7282,7308,7309,-2454]],"type":"Polygon","properties":{"name":"Calhoun"},"id":"12013"},{"arcs":[[7310,7311,-6640,-1757,-6639,-2139,-6561,7312,-4873,7313]],"type":"Polygon","properties":{"name":"Southampton"},"id":"51175"},{"arcs":[[-3081,7314,7315,7316,-4470]],"type":"Polygon","properties":{"name":"Trempealeau"},"id":"55121"},{"arcs":[[7317,-7212,-7271,7318,-7148,-5949,7319]],"type":"Polygon","properties":{"name":"Oswego"},"id":"36075"},{"arcs":[[7320,7321,-6623,7322,7323,7324]],"type":"Polygon","properties":{"name":"Yolo"},"id":"06113"},{"arcs":[[7325,7326,7327,-6563]],"type":"Polygon","properties":{"name":"Pasquotank"},"id":"37139"},{"arcs":[[7328,7329,-5152,7330,-4884,7331]],"type":"Polygon","properties":{"name":"Richmond"},"id":"13245"},{"arcs":[[7332,7333,7334,7335]],"type":"Polygon","properties":{"name":"Vanderburgh"},"id":"18163"},{"arcs":[[-5573,-7002,7336,7337,-7333,7338,-6388]],"type":"Polygon","properties":{"name":"Gibson"},"id":"18051"},{"arcs":[[7339,7340,-612,7341]],"type":"Polygon","properties":{"name":"Campbell"},"id":"21037"},{"arcs":[[7342,7343,7344,7345,-2833,-6967,-4715,7346]],"type":"Polygon","properties":{"name":"Jefferson"},"id":"21111"},{"arcs":[[-7062,7347,7348,-4276,-5911,7349,-4645,7350]],"type":"Polygon","properties":{"name":"Berkshire"},"id":"25003"},{"arcs":[[7351,-1149,7352,7353]],"type":"Polygon","properties":{"name":"Ottawa"},"id":"26139"},{"arcs":[[7354,7355,-826,-5503,7356,7357,-5180]],"type":"Polygon","properties":{"name":"St. Louis"},"id":"29189"},{"arcs":[[7358,-6680,7359,7360]],"type":"Polygon","properties":{"name":"Franklin"},"id":"12037"},{"arcs":[[-2455,-7310,7361,-7361,7362]],"type":"Polygon","properties":{"name":"Gulf"},"id":"12045"},{"arcs":[[7363,7364,-4510,7365]],"type":"Polygon","properties":{"name":"Hernando"},"id":"12053"},{"arcs":[[-2752,-7283,-2452,7366]],"type":"Polygon","properties":{"name":"Washington"},"id":"12133"},{"arcs":[[7367,-2926,-5265,7368,7369,7370]],"type":"Polygon","properties":{"name":"Levy"},"id":"12075"},{"arcs":[[7371,-6444,7372,7373,7374,7375,7376]],"type":"Polygon","properties":{"name":"Jefferson"},"id":"22051"},{"arcs":[[7377,-4648,-6578,-4635,-4365]],"type":"Polygon","properties":{"name":"Putnam"},"id":"36079"},{"arcs":[[-6564,-7328,7378,7379]],"type":"Polygon","properties":{"name":"Perquimans"},"id":"37143"},{"arcs":[[7380,-4173,7381,-6330,7382,7383,-6634,-5668]],"type":"Polygon","properties":{"name":"Vernon"},"id":"55123"},{"arcs":[[-7044,-1323,-2093,-3934,-3300]],"type":"Polygon","properties":{"name":"Llano"},"id":"48299"},{"arcs":[[7384,7385,-4939,7386,7387,7388,-5908,-4274,7389]],"type":"Polygon","properties":{"name":"Worcester"},"id":"25027"},{"arcs":[[7390,7391,7392,7393,7394,7395]],"type":"Polygon","properties":{"name":"New York"},"id":"36061"},{"arcs":[[-6906,-7063,-7351,-4644,-4292]],"type":"Polygon","properties":{"name":"Columbia"},"id":"36021"},{"arcs":[[-3676,7396,7397,7398,7399,-3312,7400,7401]],"type":"Polygon","properties":{"name":"Rio Arriba"},"id":"35039"},{"arcs":[[7402,7403,7404,7405,-4931,7406,-4934,7407,-6273]],"type":"Polygon","properties":{"name":"Refugio"},"id":"48391"},{"arcs":[[-6119,-1135,-651,7408,-2645]],"type":"Polygon","properties":{"name":"Chase"},"id":"20017"},{"arcs":[[-3930,-4352,7409,7410,-7287,7411,-4283]],"type":"Polygon","properties":{"name":"Choctaw"},"id":"01023"},{"arcs":[[-1843,7412,7413,-4496,7414]],"type":"Polygon","properties":{"name":"Ashley"},"id":"05003"},{"arcs":[[-7309,7415,7416,-6681,-7359,-7362]],"type":"Polygon","properties":{"name":"Liberty"},"id":"12077"},{"arcs":[[7417,7418,-7325,7419,7420,7421]],"type":"Polygon","properties":{"name":"Lake"},"id":"06033"},{"arcs":[[-2449,-6829,7422,-3757,7423,7424,-5263]],"type":"Polygon","properties":{"name":"Putnam"},"id":"12107"},{"arcs":[[-7424,-3756,7425,-6141,7426,7427,7428]],"type":"Polygon","properties":{"name":"Volusia"},"id":"12127"},{"arcs":[[7429,7430,7431,-7268,-7210,7432]],"type":"Polygon","properties":{"name":"St. Lawrence"},"id":"36089"},{"arcs":[[-6854,-2116,-458,-2587,7433,-1215]],"type":"Polygon","properties":{"name":"Martin"},"id":"48317"},{"arcs":[[7434,-4624,7435,7436]],"type":"Polygon","properties":{"name":"Presque Isle"},"id":"26141"},{"arcs":[[-7420,-7324,7437,7438]],"type":"Polygon","properties":{"name":"Napa"},"id":"06055"},{"arcs":[[7439,-4558,7440,7441,7442,7443]],"type":"Polygon","properties":{"name":"Cleveland"},"id":"37045"},{"arcs":[[7444,-4346,-6235,7445,7446,7447]],"type":"Polygon","properties":{"name":"Tehama"},"id":"06103"},{"arcs":[[7448,-3631,-4137,7449,-5599,-1187]],"type":"Polygon","properties":{"name":"Brown"},"id":"39015"},{"arcs":[[-4916,7450,7451,-6344,-5271,7452]],"type":"Polygon","properties":{"name":"Chester"},"id":"42029"},{"arcs":[[7453,7454]],"type":"Polygon","properties":{"name":"San Francisco"},"id":"06075"},{"arcs":[[7455,-5626,-4538,-6626,7456]],"type":"Polygon","properties":{"name":"El Dorado"},"id":"06017"},{"arcs":[[-3888,7457,-7305,7458,7459,-6930]],"type":"Polygon","properties":{"name":"Blount"},"id":"01009"},{"arcs":[[-5589,-4052,-4333,7460,7461,-636,-729]],"type":"Polygon","properties":{"name":"Fannin"},"id":"13111"},{"arcs":[[-6867,-5864,-2753,-7367,-2457,7462,-377]],"type":"Polygon","properties":{"name":"Walton"},"id":"12131"},{"arcs":[[-4419,-2487,-6429,7463,7464,7465,-7280]],"type":"Polygon","properties":{"name":"Decatur"},"id":"13087"},{"arcs":[[7466,-6821,7467,7468,-6427,7469]],"type":"Polygon","properties":{"name":"Dougherty"},"id":"13095"},{"arcs":[[-6887,7470,-1513,-50,-6424]],"type":"Polygon","properties":{"name":"Pulaski"},"id":"13235"},{"arcs":[[-6914,-7086,-1795,-6049,-3463]],"type":"Polygon","properties":{"name":"Payne"},"id":"40119"},{"arcs":[[-2077,7471,-3053,7472,7473,7474]],"type":"Polygon","properties":{"name":"Wilkinson"},"id":"28157"},{"arcs":[[7475,7476,7477,-7137,-7204]],"type":"Polygon","properties":{"name":"Madison"},"id":"22065"},{"arcs":[[-7478,7479,-6315,-6548,-5176,7480,-7140,-7479,-7138]],"type":"Polygon","properties":{"name":"Warren"},"id":"28149"},{"arcs":[[7481,-6144,7482,-1474,-6309]],"type":"Polygon","properties":{"name":"Osceola"},"id":"12097"},{"arcs":[[7483,7484,7485,7486]],"type":"Polygon","properties":{"name":"Pacific"},"id":"53049"},{"arcs":[[7487,-6762,-754,7488,7489,-6575]],"type":"Polygon","properties":{"name":"Pitkin"},"id":"08097"},{"arcs":[[7490,-643,7491,7492,-5612,-6708,7493]],"type":"Polygon","properties":{"name":"Bonneville"},"id":"16019"},{"arcs":[[7494,-757,-6436,7495,-6932,7496]],"type":"Polygon","properties":{"name":"Johnson"},"id":"17087"},{"arcs":[[-7264,-4816,-5934,7497,7498,7499]],"type":"Polygon","properties":{"name":"Jo Daviess"},"id":"17085"},{"arcs":[[-2957,7500,7501,7502,7503,7504,7505]],"type":"Polygon","properties":{"name":"Independence"},"id":"05063"},{"arcs":[[7506,-19,7507,-3684]],"type":"Polygon","properties":{"name":"Lake"},"id":"27075"},{"arcs":[[7508,-5715,-6952,7509,-4901,7510,-7308,-6323]],"type":"Polygon","properties":{"name":"Dunklin"},"id":"29069"},{"arcs":[[7511,7512,7513,7514,-4033,7515]],"type":"Polygon","properties":{"name":"Bolivar"},"id":"28011"},{"arcs":[[-6945,7516,7517,-3124,-2640]],"type":"Polygon","properties":{"name":"Clay"},"id":"28025"},{"arcs":[[-5745,7518,-7196,7519,7520]],"type":"Polygon","properties":{"name":"Monroe"},"id":"54063"},{"arcs":[[-6254,-6312,-2502,-2794,7521,7522]],"type":"Polygon","properties":{"name":"Walworth"},"id":"46129"},{"arcs":[[-6112,7523,7524,7525,7526,-3051,7527]],"type":"Polygon","properties":{"name":"Lincoln"},"id":"28085"},{"arcs":[[-7414,7528,7529,7530,7531,-6103]],"type":"Polygon","properties":{"name":"Morehouse"},"id":"22067"},{"arcs":[[-2289,7532,-2958,-7506,7533,-2088]],"type":"Polygon","properties":{"name":"Stone"},"id":"05137"},{"arcs":[[7534,7535,7536,-2135]],"type":"Polygon","properties":{"name":"Portsmouth"},"id":"51740"},{"arcs":[[-4507,7537,-6005,-4040,-4230,7538]],"type":"Polygon","properties":{"name":"Boulder"},"id":"08013"},{"arcs":[[-7029,-775,-3454,7539,-6950,-6207,7540]],"type":"Polygon","properties":{"name":"Wayne"},"id":"29223"},{"arcs":[[-1216,-7434,-2589,-3978,-2656]],"type":"Polygon","properties":{"name":"Midland"},"id":"48329"},{"arcs":[[-2107,-6843,7541,7542,-6524,7543]],"type":"Polygon","properties":{"name":"Ozark"},"id":"29153"},{"arcs":[[-5839,-2202,7544,-167,7545]],"type":"Polygon","properties":{"name":"LaGrange"},"id":"18087"},{"arcs":[[7546,7547,-6545,7548,-5939,-6400,7549,7550]],"type":"Polygon","properties":{"name":"Dubois"},"id":"18037"},{"arcs":[[-5937,7551,7552,-7347,-4714,-4339]],"type":"Polygon","properties":{"name":"Harrison"},"id":"18061"},{"arcs":[[-5728,7553,7554,7555,7556,7557]],"type":"Polygon","properties":{"name":"Wayne"},"id":"21231"},{"arcs":[[-5651,-6942,7558,7559,7560,-5581,-6778]],"type":"Polygon","properties":{"name":"Jefferson Davis"},"id":"22053"},{"arcs":[[7561,-3739,-704,-2247,-3607,-4868]],"type":"Polygon","properties":{"name":"Laclede"},"id":"29105"},{"arcs":[[7562,7563,7564,7565,7566]],"type":"Polygon","properties":{"name":"Sarpy"},"id":"31153"},{"arcs":[[-7518,7567,-1840,7568,-3750,-3125]],"type":"Polygon","properties":{"name":"Lowndes"},"id":"28087"},{"arcs":[[-7185,-4727,7569,7570,-4375,-567,-3777]],"type":"Polygon","properties":{"name":"Lucas"},"id":"39095"},{"arcs":[[7571,7572,7573,7574,-6677,-7417]],"type":"Polygon","properties":{"name":"Leon"},"id":"12073"},{"arcs":[[-2307,7575,7576,7577]],"type":"Polygon","properties":{"name":"Harrison"},"id":"28047"},{"arcs":[[7578,7579,7580,-6459,-2431]],"type":"Polygon","properties":{"name":"Isabela"},"id":"72071"},{"arcs":[[-7175,7581,-3062,-3861,7582]],"type":"Polygon","properties":{"name":"Las Marías"},"id":"72083"},{"arcs":[[7583,7584,-6649,7585,7586,7587]],"type":"Polygon","properties":{"name":"Pocahontas"},"id":"54075"},{"arcs":[[-2763,-327,7588,-851,7589]],"type":"Polygon","properties":{"name":"Randolph"},"id":"18135"},{"arcs":[[-7030,-7541,-6206,-2141,-3330]],"type":"Polygon","properties":{"name":"Reynolds"},"id":"29179"},{"arcs":[[7590,7591,-2160,7592,7593,7594]],"type":"Polygon","properties":{"name":"El Paso"},"id":"08041"},{"arcs":[[7595,-2079,7596,-6606,7597,-7081,7598,7599]],"type":"Polygon","properties":{"name":"Pointe Coupee"},"id":"22077"},{"arcs":[[7600,7601,-2124,7602,-5710,-3965,-735,-5347,7603]],"type":"Polygon","properties":{"name":"Missoula"},"id":"30063"},{"arcs":[[7604,7605,-4834,7606,-4083]],"type":"Polygon","properties":{"name":"Ballard"},"id":"21007"},{"arcs":[[-1429,-1074,7607,-4285,7608,7609,-6072,-209]],"type":"Polygon","properties":{"name":"Platte"},"id":"31141"},{"arcs":[[-675,-4762,-88,7610,7611]],"type":"Polygon","properties":{"name":"Schuyler"},"id":"36097"},{"arcs":[[-5680,7612,7613,7614,-6024,-5303,-4766]],"type":"Polygon","properties":{"name":"Sampson"},"id":"37163"},{"arcs":[[7615,-2717,7616,7617,7618,7619,-4972,-6613]],"type":"Polygon","properties":{"name":"Stark"},"id":"39151"},{"arcs":[[7620,-4063,7621,-6611,-7131]],"type":"Polygon","properties":{"name":"Medina"},"id":"39103"},{"arcs":[[7622,-6054,-6617,7623]],"type":"Polygon","properties":{"name":"Dorchester"},"id":"45035"},{"arcs":[[-6517,-7049,7624,7625,-6210,7626,-6646],[7627]],"type":"Polygon","properties":{"name":"Rockingham"},"id":"51165"},{"arcs":[[7628,-6923,7629,7630,7631,7632,-4322]],"type":"Polygon","properties":{"name":"Madison"},"id":"05087"},{"arcs":[[-5882,-5256,-644,-7491,7633,7634]],"type":"Polygon","properties":{"name":"Jefferson"},"id":"16051"},{"arcs":[[-6704,-4434,7635,-4423,-6735]],"type":"Polygon","properties":{"name":"Brown"},"id":"18013"},{"arcs":[[7636,7637,-3843,7638,-2765,-857]],"type":"Polygon","properties":{"name":"Pratt"},"id":"20151"},{"arcs":[[7639,-6965,7640,-6845,-4121,-4722,-2835]],"type":"Polygon","properties":{"name":"Anderson"},"id":"21005"},{"arcs":[[7641,-4451,-5665,7642,7643,-7554,-5727]],"type":"Polygon","properties":{"name":"Pulaski"},"id":"21199"},{"arcs":[[-3635,-2847,-6178,-5631,-2044,-6334]],"type":"Polygon","properties":{"name":"Waushara"},"id":"55137"},{"arcs":[[7644,7645,7646,7647,-6596,-4782]],"type":"Polygon","properties":{"name":"Sussex"},"id":"34037"},{"arcs":[[7648,7649,7650,-6693,7651,-3508]],"type":"Polygon","properties":{"name":"Lewis"},"id":"29111"},{"arcs":[[-4367,-4639,7652,-7392,7653,7654,7655]],"type":"Polygon","properties":{"name":"Bergen"},"id":"34003"},{"arcs":[[7656,-6034,7657,-4609,-2574,7658]],"type":"Polygon","properties":{"name":"Wilbarger"},"id":"48487"},{"arcs":[[7659,7660,-36,-2113,7661,7662,7663,7664]],"type":"Polygon","properties":{"name":"Las Animas"},"id":"08071"},{"arcs":[[-5955,7665,-4384,7666,7667]],"type":"Polygon","properties":{"name":"Dillon"},"id":"45033"},{"arcs":[[-1710,-5325,-6075,7668,-5385]],"type":"Polygon","properties":{"name":"Kimball"},"id":"31105"},{"arcs":[[-3406,-2554,-236,-1695,-3246,-1687]],"type":"Polygon","properties":{"name":"Briscoe"},"id":"48045"},{"arcs":[[-6129,-5985,-4827,-463,-5525,-3583,-7046]],"type":"Polygon","properties":{"name":"Gonzales"},"id":"48177"},{"arcs":[[-3121,-7223,7669,-5994,-6212,7670]],"type":"Polygon","properties":{"name":"Orange"},"id":"51137"},{"arcs":[[7671,-5488,7672,-7311,7673]],"type":"Polygon","properties":{"name":"Sussex"},"id":"51183"},{"arcs":[[-911,-4313,7674,7675,7676]],"type":"Polygon","properties":{"name":"Roane"},"id":"54087"},{"arcs":[[7677,-6328,-6287,-469,-4814,-7263]],"type":"Polygon","properties":{"name":"Iowa"},"id":"55049"},{"arcs":[[-5477,7678,-5511,-5019,-5189,-5096]],"type":"Polygon","properties":{"name":"Bossier"},"id":"22015"},{"arcs":[[7679,7680,-3414,7681,-3178,-1314]],"type":"Polygon","properties":{"name":"Cottonwood"},"id":"27033"},{"arcs":[[-6003,-2108,-7544,-6523,7682,-6920,7683]],"type":"Polygon","properties":{"name":"Taney"},"id":"29213"},{"arcs":[[7684,-819,7685,-7014]],"type":"Polygon","properties":{"name":"Toole"},"id":"30101"},{"arcs":[[7686,-2936,7687,7688,-4556]],"type":"Polygon","properties":{"name":"Catawba"},"id":"37035"},{"arcs":[[7689,-4547,7690,-7430,7691]],"type":"Polygon","properties":{"name":"Franklin"},"id":"36033"},{"arcs":[[-7093,7692,-676,-7612,7693,7694,-1049,-7057]],"type":"Polygon","properties":{"name":"Steuben"},"id":"36101"},{"arcs":[[7695,-3652,7696,-605,-4003,-998]],"type":"Polygon","properties":{"name":"Coconino"},"id":"04005"},{"arcs":[[7697,7698,7699,-7051,7700,7701]],"type":"Polygon","properties":{"name":"Merrimack"},"id":"33013"},{"arcs":[[-6209,-6953,-5713,7702,-5058]],"type":"Polygon","properties":{"name":"Ripley"},"id":"29181"},{"arcs":[[7703,7704,7705,-7087,-6947]],"type":"Polygon","properties":{"name":"Ste. Genevieve"},"id":"29186"},{"arcs":[[-7531,7706,7707,-7476,-7203,-7199,7708]],"type":"Polygon","properties":{"name":"Richland"},"id":"22083"},{"arcs":[[[-4665,7709,-7161,7710,-1287]],[[-4669,7711,-7157,7712]]],"type":"MultiPolygon","properties":{"name":"Kenedy"},"id":"48261"},{"arcs":[[7713,-2126,7714,-7601,7715,-5191,-6386]],"type":"Polygon","properties":{"name":"Sanders"},"id":"30089"},{"arcs":[[7716,-5278,-5943,-1924,-3611,7717]],"type":"Polygon","properties":{"name":"Dunn"},"id":"38025"},{"arcs":[[7718,7719,-2809,-5063,-4355,-7107]],"type":"Polygon","properties":{"name":"Harding"},"id":"46063"},{"arcs":[[7720,7721,7722,7723,-4210,-6667]],"type":"Polygon","properties":{"name":"Bland"},"id":"51021"},{"arcs":[[7724,7725,-4531,7726,7727]],"type":"Polygon","properties":{"name":"Yuma"},"id":"04027"},{"arcs":[[-3877,7728,7729,7730,-3647]],"type":"Polygon","properties":{"name":"San Miguel"},"id":"08113"},{"arcs":[[-5874,7731,-5750,-4055]],"type":"Polygon","properties":{"name":"Alleghany"},"id":"37005"},{"arcs":[[-4160,-4951,7732,7733,7734,7735,-4315]],"type":"Polygon","properties":{"name":"Franklin"},"id":"47051"},{"arcs":[[7736,-3161,-2693,-6818,-6682,-153]],"type":"Polygon","properties":{"name":"Bartow"},"id":"13015"},{"arcs":[[-4886,-4839,7737,7738,-2815,-534]],"type":"Polygon","properties":{"name":"Screven"},"id":"13251"},{"arcs":[[-1452,7739,-943,7740,7741,7742]],"type":"Polygon","properties":{"name":"Peoria"},"id":"17143"},{"arcs":[[7743,-6418,-1498,-3014]],"type":"Polygon","properties":{"name":"Quitman"},"id":"13239"},{"arcs":[[-6742,-2525,7744,-1768,-3019]],"type":"Polygon","properties":{"name":"Guthrie"},"id":"19077"},{"arcs":[[-2623,-6153,7745,-5336,-1455,-1030,7746]],"type":"Polygon","properties":{"name":"DeKalb"},"id":"17037"},{"arcs":[[-2771,-5286,-1140,-1141,-178,7747]],"type":"Polygon","properties":{"name":"Eaton"},"id":"26045"},{"arcs":[[-140,-5834,-4768,-5306,7748,-7666,-5954]],"type":"Polygon","properties":{"name":"Robeson"},"id":"37155"},{"arcs":[[7749,7750,-5958,-5732]],"type":"Polygon","properties":{"name":"Knox"},"id":"21121"},{"arcs":[[-7643,-5664,-2636,7751,-7750,-5731,7752]],"type":"Polygon","properties":{"name":"Laurel"},"id":"21125"},{"arcs":[[-7384,7753,-7261,-4544,-6635]],"type":"Polygon","properties":{"name":"Crawford"},"id":"55023"},{"arcs":[[-3459,7754,-7591,7755,-4043]],"type":"Polygon","properties":{"name":"Douglas"},"id":"08035"},{"arcs":[[-7163,7757,7758]],"type":"Polygon","properties":{"name":"Cameron"},"id":"48061"},{"arcs":[[-7377,7759,7760]],"type":"Polygon","properties":{"name":"St. Charles"},"id":"22089"},{"arcs":[[-1826,-1789,7761,-7292,7762,7763]],"type":"Polygon","properties":{"name":"Dallas"},"id":"01047"},{"arcs":[[-6401,-4341,-4713,7764,-4263,-5517]],"type":"Polygon","properties":{"name":"Breckinridge"},"id":"21027"},{"arcs":[[7765,-3913,7766,-7345,7767]],"type":"Polygon","properties":{"name":"Oldham"},"id":"21185"},{"arcs":[[-6435,7768,7769,-6933,-7496]],"type":"Polygon","properties":{"name":"Pope"},"id":"17151"},{"arcs":[[-6765,7770,-7320,-5951,-3118,-84,-4761]],"type":"Polygon","properties":{"name":"Cayuga"},"id":"36011"},{"arcs":[[-4703,-2867,-3272,-761,-1652]],"type":"Polygon","properties":{"name":"Tama"},"id":"19171"},{"arcs":[[-1939,7771,-6493,-6711,-3844,-7638,7772]],"type":"Polygon","properties":{"name":"Reno"},"id":"20155"},{"arcs":[[7773,-4270,-6514,7774,-6747]],"type":"Polygon","properties":{"name":"Letcher"},"id":"21133"},{"arcs":[[-6941,7775,-5490,7776,-7559]],"type":"Polygon","properties":{"name":"Acadia"},"id":"22001"},{"arcs":[[-1147,-2772,-7748,-177,-769,7777]],"type":"Polygon","properties":{"name":"Barry"},"id":"26015"},{"arcs":[[7778,-800,-4741,7779,-5172,-6547]],"type":"Polygon","properties":{"name":"Madison"},"id":"28089"},{"arcs":[[-316,7780,-3506,-3791,7781,-2361]],"type":"Polygon","properties":{"name":"Scotland"},"id":"29199"},{"arcs":[[-5028,7782,-5972,7783,-5593,7784,-1153]],"type":"Polygon","properties":{"name":"Lawrence"},"id":"21127"},{"arcs":[[7785,-6935,7786,7787,-4018,-4835,-7606]],"type":"Polygon","properties":{"name":"McCracken"},"id":"21145"},{"arcs":[[-874,7788,-3356,-5982]],"type":"Polygon","properties":{"name":"Marshall"},"id":"46091"},{"arcs":[[7789,7790,-6774,7791,7792]],"type":"Polygon","properties":{"name":"Nicholas"},"id":"21181"},{"arcs":[[-5449,7793,7794,7795,-2634]],"type":"Polygon","properties":{"name":"Owsley"},"id":"21189"},{"arcs":[[7796,-5674,-5901,-5446,7797,-2890]],"type":"Polygon","properties":{"name":"Powell"},"id":"21197"},{"arcs":[[-7270,7798,7799,-7145,-7319]],"type":"Polygon","properties":{"name":"Oneida"},"id":"36065"},{"arcs":[[7800,7801,-6909,7802,7803,-4049]],"type":"Polygon","properties":{"name":"Macon"},"id":"37113"},{"arcs":[[-5367,-2533,7804,7805,-3531]],"type":"Polygon","properties":{"name":"Chautauqua"},"id":"20019"},{"arcs":[[7806,7807,-4324,7808,7809,-2032]],"type":"Polygon","properties":{"name":"Adair"},"id":"40001"},{"arcs":[[7810,7811,-4598,7812]],"type":"Polygon","properties":{"name":"Gregg"},"id":"48183"},{"arcs":[[-7804,7813,-2804,-4330,-4050]],"type":"Polygon","properties":{"name":"Clay"},"id":"37043"},{"arcs":[[-6193,-2841,7814,-4405,-6672,7815,7816]],"type":"Polygon","properties":{"name":"Belmont"},"id":"39013"},{"arcs":[[-4967,7817,-5248,7818]],"type":"Polygon","properties":{"name":"Washington"},"id":"44009"},{"arcs":[[-7298,-137,-2597,-2063,7819]],"type":"Polygon","properties":{"name":"Norton"},"id":"20137"},{"arcs":[[-7011,-7114,7820,7821,-7108,7822]],"type":"Polygon","properties":{"name":"Roosevelt"},"id":"30085"},{"arcs":[[7823,7824,-3601,7825,-355,7826,7827,7828]],"type":"Polygon","properties":{"name":"Otero"},"id":"35035"},{"arcs":[[-7611,-87,-6037,-4070,7829,-7694]],"type":"Polygon","properties":{"name":"Chemung"},"id":"36015"},{"arcs":[[-4915,-5416,-1239,7830,7831,-7451]],"type":"Polygon","properties":{"name":"Montgomery"},"id":"42091"},{"arcs":[[-6501,7832,-2874,-3597,7833,-5879,-4789]],"type":"Polygon","properties":{"name":"Sumner"},"id":"47165"},{"arcs":[[7834,-56,-6954,-3324]],"type":"Polygon","properties":{"name":"De Witt"},"id":"17039"},{"arcs":[[-4540,-5630,7835,7836,-5529]],"type":"Polygon","properties":{"name":"Calaveras"},"id":"06009"},{"arcs":[[7837,-7792,7838,-2888,-6768,-4444]],"type":"Polygon","properties":{"name":"Bourbon"},"id":"21017"},{"arcs":[[7839,-5849,-5970,-3410,-7681,7840]],"type":"Polygon","properties":{"name":"Brown"},"id":"27015"},{"arcs":[[7841,-2546,-5464,-4920,-4020]],"type":"Polygon","properties":{"name":"Calloway"},"id":"21035"},{"arcs":[[-6908,-5859,-5703,-6980,7842,-3197,-1567,-4686,7843]],"type":"Polygon","properties":{"name":"Oconee"},"id":"45073"},{"arcs":[[7844,-2197,-6903,-7216,7845,-4780,-5401]],"type":"Polygon","properties":{"name":"Wayne"},"id":"42127"},{"arcs":[[-6622,-4258,7846,7847,-6988,7848,-3360]],"type":"Polygon","properties":{"name":"Union"},"id":"46127"},{"arcs":[[-1288,-7711,-7164,-7759,7849,7850]],"type":"Polygon","properties":{"name":"Hidalgo"},"id":"48215"},{"arcs":[[7851,7852,-5342,-6151,7853]],"type":"Polygon","properties":{"name":"Kenosha"},"id":"55059"},{"arcs":[[7854,-6542,7855,-306,7856]],"type":"Polygon","properties":{"name":"Lake"},"id":"26085"},{"arcs":[[-5138,7857,7858,7859,-2368,-5076,7860]],"type":"Polygon","properties":{"name":"Pennington"},"id":"46103"},{"arcs":[[-5507,7861,-4995,7862,-7240,7863,-3268,-6393]],"type":"Polygon","properties":{"name":"Hardin"},"id":"47071"},{"arcs":[[7864,-6127,7865,-2193,7866,-7070,-2724,-1657]],"type":"Polygon","properties":{"name":"Hunt"},"id":"48231"},{"arcs":[[-6091,7867,7868,7869,7870,-3955]],"type":"Polygon","properties":{"name":"Jefferson"},"id":"48245"},{"arcs":[[-6126,-7156,7871,-3110,-2189,-7866]],"type":"Polygon","properties":{"name":"Delta"},"id":"48119"},{"arcs":[[7872,7873,7874,7875]],"type":"Polygon","properties":{"name":"Beaufort"},"id":"45013"},{"arcs":[[-6008,7876,-4907,-5856,-6907,7877,7878]],"type":"Polygon","properties":{"name":"Haywood"},"id":"37087"},{"arcs":[[-3897,-3991,7879,-6590,-5075,-4577,-5227]],"type":"Polygon","properties":{"name":"Grainger"},"id":"47057"},{"arcs":[[-7444,7880,-201,-5776,7881]],"type":"Polygon","properties":{"name":"Cherokee"},"id":"45021"},{"arcs":[[-7269,-7432,7882,-3825,7883,7884,-7799]],"type":"Polygon","properties":{"name":"Herkimer"},"id":"36043"},{"arcs":[[-7631,7885,-4537,7886,7887]],"type":"Polygon","properties":{"name":"Johnson"},"id":"05071"},{"arcs":[[7888,7889,-7024,7890,-6904,-6900]],"type":"Polygon","properties":{"name":"Schoharie"},"id":"36095"},{"arcs":[[-7215,7891,-7645,-4781,-7846]],"type":"Polygon","properties":{"name":"Pike"},"id":"42103"},{"arcs":[[-2198,-7845,-5400,-5403,-4066,-6036]],"type":"Polygon","properties":{"name":"Susquehanna"},"id":"42115"},{"arcs":[[-2617,-6869,7892,-6372]],"type":"Polygon","properties":{"name":"Conecuh"},"id":"01035"},{"arcs":[[7893,-3525,7894,-4248,-1356,-4242,7895]],"type":"Polygon","properties":{"name":"Schuyler"},"id":"17169"},{"arcs":[[7896,-4253,7897,-4693,7898,-4432]],"type":"Polygon","properties":{"name":"Shelby"},"id":"18145"},{"arcs":[[7899,-1976,-3983,7900,-5814,7901,-3580]],"type":"Polygon","properties":{"name":"Tippecanoe"},"id":"18157"},{"arcs":[[-2824,-6546,-7548,7902,-7000]],"type":"Polygon","properties":{"name":"Daviess"},"id":"18027"},{"arcs":[[7903,7904,-3321,7905,7906,-2668]],"type":"Polygon","properties":{"name":"Marshall"},"id":"20117"},{"arcs":[[-5656,7907,7908,-2081,7909,-7600,7910,-6939]],"type":"Polygon","properties":{"name":"Avoyelles"},"id":"22009"},{"arcs":[[-2413,-2469,-3997,7911,-6839]],"type":"Polygon","properties":{"name":"Lamar"},"id":"28073"},{"arcs":[[7912,-7609,-4288,-190,-565]],"type":"Polygon","properties":{"name":"Polk"},"id":"31143"},{"arcs":[[-7537,7913,7914,7915,7916,-2136]],"type":"Polygon","properties":{"name":"Chesapeake"},"id":"51550"},{"arcs":[[-6170,7917,7918,-4221,7919,-5317,7920,-6785]],"type":"Polygon","properties":{"name":"Grant"},"id":"53025"},{"arcs":[[-5948,7921,-7824,7922,-6598,-4802,-5104]],"type":"Polygon","properties":{"name":"Sierra"},"id":"35051"},{"arcs":[[-3550,-811,7923,-6390,-2810,-7720,7924]],"type":"Polygon","properties":{"name":"Adams"},"id":"38001"},{"arcs":[[-3306,-3223,7925,-3789,7926,7927]],"type":"Polygon","properties":{"name":"Putnam"},"id":"29171"},{"arcs":[[-3222,-2362,-7782,-3790,-7926]],"type":"Polygon","properties":{"name":"Schuyler"},"id":"29197"},{"arcs":[[7928,-4399,-1878,7929,-7484,7930]],"type":"Polygon","properties":{"name":"Grays Harbor"},"id":"53027"},{"arcs":[[7931,7932,-4400,-7929,7933]],"type":"Polygon","properties":{"name":"Jefferson"},"id":"53031"},{"arcs":[[7934,7935,-4468,7936,-4845,-4218,-7919]],"type":"Polygon","properties":{"name":"Lincoln"},"id":"53043"},{"arcs":[[7937,7938,-6847,7939,7940]],"type":"Polygon","properties":{"name":"Bernalillo"},"id":"35001"},{"arcs":[[-7940,-6850,-5945,7941]],"type":"Polygon","properties":{"name":"Valencia"},"id":"35061"},{"arcs":[[7942,7943,-111,-713]],"type":"Polygon","properties":{"name":"Vega Baja"},"id":"72145"},{"arcs":[[-6304,7944,-7058,-1393,7945,7946]],"type":"Polygon","properties":{"name":"Cattaraugus"},"id":"36009"},{"arcs":[[7947,-6800,-3332,7948,-1897,7949]],"type":"Polygon","properties":{"name":"Toa Baja"},"id":"72137"},{"arcs":[[7950,-2451,-5262,-7244]],"type":"Polygon","properties":{"name":"Union"},"id":"12125"},{"arcs":[[-3524,-1955,-1453,-7743,7951,-4246,-7895]],"type":"Polygon","properties":{"name":"Fulton"},"id":"17057"},{"arcs":[[7952,7953,-1901,-3303,-112,-7944]],"type":"Polygon","properties":{"name":"Vega Alta"},"id":"72143"},{"arcs":[[7954,-1448,-5372,7955,7956]],"type":"Polygon","properties":{"name":"Monona"},"id":"19133"},{"arcs":[[7957,-6756,-6242,7958,7959,-1759]],"type":"Polygon","properties":{"name":"Doniphan"},"id":"20043"},{"arcs":[[7960,7961,-3816,7962,-3810]],"type":"Polygon","properties":{"name":"Taliaferro"},"id":"13265"},{"arcs":[[-6733,7963,-6160,7964,7965,7966,7967]],"type":"Polygon","properties":{"name":"Tattnall"},"id":"13267"},{"arcs":[[-3734,-3211,-6031,7968,-2395,-1104]],"type":"Polygon","properties":{"name":"Harmon"},"id":"40057"},{"arcs":[[7969,-1740,7970,-5474,7971,7972]],"type":"Polygon","properties":{"name":"Little River"},"id":"05081"},{"arcs":[[7973,7974,7975,7976]],"type":"Polygon","properties":{"name":"Allegheny"},"id":"42003"},{"arcs":[[7977,-2685,7978,-370,-2512,-6437,-5268,-4013]],"type":"Polygon","properties":{"name":"Inyo"},"id":"06027"},{"arcs":[[7979]],"type":"Polygon","properties":{"name":"San Juan"},"id":"53055"},{"arcs":[[-5219,-6244,-5041,7980,7981,-3495]],"type":"Polygon","properties":{"name":"Cherokee"},"id":"20021"},{"arcs":[[-286,7982,7983,-5926,7984]],"type":"Polygon","properties":{"name":"Pierce"},"id":"13229"},{"arcs":[[-3070,-287,-7985,-5930,-4943,7985,-3503,-3434]],"type":"Polygon","properties":{"name":"Ware"},"id":"13299"},{"arcs":[[-6199,-3794,-3787,-7135,-6657,7986,-4998,-5328]],"type":"Polygon","properties":{"name":"Clearfield"},"id":"42033"},{"arcs":[[-38,7987,-1833]],"type":"Polygon","properties":{"name":"Fairbanks North Star"},"id":"02090"},{"arcs":[[-3184,-1783,7988,7989]],"type":"Polygon","properties":{"name":"Sarasota"},"id":"12115"},{"arcs":[[7990,7991,-7968,7992,7993]],"type":"Polygon","properties":{"name":"Toombs"},"id":"13279"},{"arcs":[[-1808,-4657,7994,7995,7996,-6571]],"type":"Polygon","properties":{"name":"Love"},"id":"40085"},{"arcs":[[-5288,-6504,-6452,7997,-5212,-5208]],"type":"Polygon","properties":{"name":"Kennebec"},"id":"23011"},{"arcs":[[-6349,7998,7999,-381,8000,8001]],"type":"Polygon","properties":{"name":"Kent"},"id":"10001"},{"arcs":[[8002,8003,-7329,8004,-3813,8005]],"type":"Polygon","properties":{"name":"McDuffie"},"id":"13189"},{"arcs":[[8006,-5569,8007,8008,8009,8010,8011]],"type":"Polygon","properties":{"name":"Atlantic"},"id":"34001"},{"arcs":[[8012,-5924,-3482,-2954,8013,8014,8015]],"type":"Polygon","properties":{"name":"Montgomery"},"id":"05097"},{"arcs":[[-7628]],"type":"Polygon","properties":{"name":"Harrisonburg"},"id":"51660"},{"arcs":[[-3509,-7652,-6696,-3345,-1400]],"type":"Polygon","properties":{"name":"Shelby"},"id":"29205"},{"arcs":[[-4206,-3957,8016,8017,8018,8019,-5129,8020,-4201,-4196]],"type":"Polygon","properties":{"name":"Harris"},"id":"48201"},{"arcs":[[8021,-6186,8022,8023,-6025,-7615]],"type":"Polygon","properties":{"name":"Duplin"},"id":"37061"},{"arcs":[[8024,-3604,-2927,-7368,8025]],"type":"Polygon","properties":{"name":"Dixie"},"id":"12029"},{"arcs":[[-1921,8026,8027,-6831,-4730,-5046,-3708,-3498]],"type":"Polygon","properties":{"name":"Cass"},"id":"27021"},{"arcs":[[8028,-7186,-3779,-274,-3501,8029]],"type":"Polygon","properties":{"name":"Williams"},"id":"39171"},{"arcs":[[-2932,-4862,-6205,8030,8031,8032,8033,8034]],"type":"Polygon","properties":{"name":"Rosebud"},"id":"30087"},{"arcs":[[-4610,-3227,-3196,8035,-3405,-6139]],"type":"Polygon","properties":{"name":"Carson"},"id":"48065"},{"arcs":[[-354,-1953,-5276,8036,-22]],"type":"Polygon","properties":{"name":"Ward"},"id":"38101"},{"arcs":[[-1989,-3446,-1941,8037,-409,-3022]],"type":"Polygon","properties":{"name":"Barton"},"id":"20009"},{"arcs":[[8038,-6042,-5778,-6658,-6981,-5701,-5858]],"type":"Polygon","properties":{"name":"Greenville"},"id":"45045"},{"arcs":[[8039,8040,-5106,-5806,-5820]],"type":"Polygon","properties":{"name":"Power"},"id":"16077"},{"arcs":[[-5932,8041,-7747,-1029,8042,8043]],"type":"Polygon","properties":{"name":"Ogle"},"id":"17141"},{"arcs":[[-2669,-7907,8044,8045,-6744,8046]],"type":"Polygon","properties":{"name":"Riley"},"id":"20161"},{"arcs":[[8047,-2719,-686,8048]],"type":"Polygon","properties":{"name":"Union"},"id":"41061"},{"arcs":[[-637,-7462,8049,8050,-4410,-2689,8051]],"type":"Polygon","properties":{"name":"Dawson"},"id":"13085"},{"arcs":[[-6890,-4890,8052,-846,-6810]],"type":"Polygon","properties":{"name":"Clayton"},"id":"13063"},{"arcs":[[-5784,-3253,8053,8054,-740,8055,-2720,-8048,8056]],"type":"Polygon","properties":{"name":"Wallowa"},"id":"41063"},{"arcs":[[-4893,-5136,8057,-5837,-3480,-5923]],"type":"Polygon","properties":{"name":"Perry"},"id":"05105"},{"arcs":[[8058,-7080,-2072,8059,8060]],"type":"Polygon","properties":{"name":"St. Mary"},"id":"22101"},{"arcs":[[-8015,8061,-3700,8062,-1738]],"type":"Polygon","properties":{"name":"Pike"},"id":"05109"},{"arcs":[[-3496,-7982,8063,8064,-3088,8065,-3728]],"type":"Polygon","properties":{"name":"Craig"},"id":"40035"},{"arcs":[[-2583,-586,8066,-3073,-693,8067]],"type":"Polygon","properties":{"name":"Hill"},"id":"48217"},{"arcs":[[-6491,-2646,-7409,-657,-5368,-3529,-6712]],"type":"Polygon","properties":{"name":"Butler"},"id":"20015"},{"arcs":[[-4692,-937,8068,8069,-4438]],"type":"Polygon","properties":{"name":"Jersey"},"id":"17083"},{"arcs":[[-162,-3024,-2764,-7590,-850,-3163]],"type":"Polygon","properties":{"name":"Delaware"},"id":"18035"},{"arcs":[[-410,-8038,-1940,-7773,-7637,-856]],"type":"Polygon","properties":{"name":"Stafford"},"id":"20185"},{"arcs":[[8070,-3729,-8066,-3091,8071,-4773]],"type":"Polygon","properties":{"name":"Rogers"},"id":"40131"},{"arcs":[[8072,-2034,8073,-1820,-4777,-6616]],"type":"Polygon","properties":{"name":"Muskogee"},"id":"40101"},{"arcs":[[8074,8075,-7437,8076,-3169,-6471]],"type":"Polygon","properties":{"name":"Cheboygan"},"id":"26031"},{"arcs":[[-2033,-7810,8077,8078,8079,-1821,-8074]],"type":"Polygon","properties":{"name":"Sequoyah"},"id":"40135"},{"arcs":[[8080,8081,8082,8083,8084]],"type":"Polygon","properties":{"name":"Lincoln"},"id":"41041"},{"arcs":[[8085,-4091,8086,8087,8088,8089,-4601]],"type":"Polygon","properties":{"name":"Shelby"},"id":"48419"},{"arcs":[[8090,-3666,8091,8092,-2661,-2845,8093]],"type":"Polygon","properties":{"name":"Shawano"},"id":"55115"},{"arcs":[[-5348,-733,8094]],"type":"Polygon","properties":{"name":"Lewis"},"id":"16061"},{"arcs":[[-4848,8095,-5349,-8095,-732,-8055,8096]],"type":"Polygon","properties":{"name":"Nez Perce"},"id":"16069"},{"arcs":[[8097,-6918,8098,8099,8100]],"type":"Polygon","properties":{"name":"Yamhill"},"id":"41071"},{"arcs":[[[-255,8101,-2566,8102,-2570,8103]],[[8104,-2572]]],"type":"MultiPolygon","properties":{"name":"Juneau"},"id":"02110"},{"arcs":[[[8105]],[[8106]],[[8107]],[[8108]],[[8109]],[[8110]],[[8111]],[[8112]],[[8113]],[[8114]],[[8115]],[[8116]],[[8117]],[[8118]],[[8119]],[[8120]],[[8121]],[[8122]],[[8123]],[[8124]],[[8125]],[[8126]],[[8127]]],"type":"MultiPolygon","properties":{"name":"Aleutians West"},"id":"02016"},{"arcs":[[8128,-6060,-6336,-6326,-7382,-4172]],"type":"Polygon","properties":{"name":"Juneau"},"id":"55057"},{"arcs":[[-1605,8129,8130,8131,-6376]],"type":"Polygon","properties":{"name":"Lee"},"id":"05077"},{"arcs":[[-3080,-3850,-6061,-8129,-4175,8132,-7315]],"type":"Polygon","properties":{"name":"Jackson"},"id":"55053"},{"arcs":[[-702,-2586,8133,-3217,-2945]],"type":"Polygon","properties":{"name":"Hood"},"id":"48221"},{"arcs":[[-1782,8134,-5913,8135,-5917,8136,-7989]],"type":"Polygon","properties":{"name":"Charlotte"},"id":"12015"},{"arcs":[[-7993,-7967,8137,-7983,-285,8138]],"type":"Polygon","properties":{"name":"Appling"},"id":"13001"},{"arcs":[[8139,8140,-3878,8141,8142,-1787]],"type":"Polygon","properties":{"name":"Elmore"},"id":"01051"},{"arcs":[[8143,-5840,-7546,-172,8144,-3959,8145]],"type":"Polygon","properties":{"name":"Elkhart"},"id":"18039"},{"arcs":[[8146,8147,8148,8149,8150,-5761,-6651]],"type":"Polygon","properties":{"name":"Klamath"},"id":"41035"},{"arcs":[[8151,8152,-2563,8153,-2357]],"type":"Polygon","properties":{"name":"Yakutat"},"id":"02282"},{"arcs":[[-1466,-3236,-3658,-3106,-2156]],"type":"Polygon","properties":{"name":"Cheyenne"},"id":"08017"},{"arcs":[[8154,8155,-6793,8156,-4634,-371,-7979,-2684,8157]],"type":"Polygon","properties":{"name":"Nye"},"id":"32023"},{"arcs":[[-5238,8158,8159,-5548]],"type":"Polygon","properties":{"name":"Powhatan"},"id":"51145"},{"arcs":[[-5763,8160,8161,-4343,-7445,8162]],"type":"Polygon","properties":{"name":"Shasta"},"id":"06089"},{"arcs":[[-7443,8163,-4374,8164,-794,-202,-7881]],"type":"Polygon","properties":{"name":"York"},"id":"45091"},{"arcs":[[8165,8166,8167,-4029]],"type":"Polygon","properties":{"name":"Lake of the Woods"},"id":"27077"},{"arcs":[[-7988,-43,8168,-1834]],"type":"Polygon","properties":{"name":"Denali"},"id":"02068"},{"arcs":[[-8169,-42,8169,-2355,8170,8171,8172,-518,-1835]],"type":"Polygon","properties":{"name":"Matanuska-Susitna"},"id":"02170"},{"arcs":[[8173,-4362,8174,8175,-2913,-6861]],"type":"Polygon","properties":{"name":"Vilas"},"id":"55125"},{"arcs":[[-7654,-7391,8176,8177,8178,8179]],"type":"Polygon","properties":{"name":"Hudson"},"id":"34017"},{"arcs":[[-93,-1432,-1090,-1087,-2520,-2024,-2594]],"type":"Polygon","properties":{"name":"Stutsman"},"id":"38093"},{"arcs":[[-8000,8180,-5640,-6478,-5354,-382]],"type":"Polygon","properties":{"name":"Sussex"},"id":"10005"},{"arcs":[[8181,-6043,-8039,-5857,-4906]],"type":"Polygon","properties":{"name":"Henderson"},"id":"37089"},{"arcs":[[-5114,8182,-6697,8183,8184]],"type":"Polygon","properties":{"name":"Ada"},"id":"16001"},{"arcs":[[-4393,8185,8186,-6763,-7488,-6574,-4486]],"type":"Polygon","properties":{"name":"Garfield"},"id":"08045"},{"arcs":[[-6143,8187,-834,-1475,-7483]],"type":"Polygon","properties":{"name":"Indian River"},"id":"12061"},{"arcs":[[-6184,-5577,8188,-5811,8189,-5875,8190]],"type":"Polygon","properties":{"name":"Craven"},"id":"37049"},{"arcs":[[-7995,-4656,-7276,-6123,8191,-6268,8192]],"type":"Polygon","properties":{"name":"Grayson"},"id":"48181"},{"arcs":[[8193,8194,8195,8196,8197,-6604]],"type":"Polygon","properties":{"name":"East Baton Rouge"},"id":"22033"},{"arcs":[[-1788,-8143,8198,-7288,-7762]],"type":"Polygon","properties":{"name":"Autauga"},"id":"01001"},{"arcs":[[8199,-1060,-1713,-747]],"type":"Polygon","properties":{"name":"Rolette"},"id":"38079"},{"arcs":[[-8032,8200,8201]],"type":"Polygon","properties":{"name":"Treasure"},"id":"30103"},{"arcs":[[-1277,8202,-8033,-8202,8203,8204,8205]],"type":"Polygon","properties":{"name":"Yellowstone"},"id":"30111"},{"arcs":[[8206,-3361,-7849,-6991,8207,-2516]],"type":"Polygon","properties":{"name":"Dixon"},"id":"31051"},{"arcs":[[8208,8209,-6222,8210]],"type":"Polygon","properties":{"name":"Bayfield"},"id":"55007"},{"arcs":[[-3662,8211,-7624,-6621,8212,-7874,8213]],"type":"Polygon","properties":{"name":"Colleton"},"id":"45029"},{"arcs":[[-5412,8215,-5143,8216,-7974,8217,-5406]],"type":"Polygon","properties":{"name":"Butler"},"id":"42019"},{"arcs":[[-3747,8218,-4098,-2385,8219,-4735]],"type":"Polygon","properties":{"name":"Scott"},"id":"27139"},{"arcs":[[-2580,-1247,-908,-1002,-2038]],"type":"Polygon","properties":{"name":"Buffalo"},"id":"46017"},{"arcs":[[8220,-5407,-8218,-7977,8221,8222]],"type":"Polygon","properties":{"name":"Beaver"},"id":"42007"},{"arcs":[[8223,-6305,-7947,8224,8225]],"type":"Polygon","properties":{"name":"Chautauqua"},"id":"36013"},{"arcs":[[-921,-3340,-1098,8226]],"type":"Polygon","properties":{"name":"Anderson"},"id":"20003"},{"arcs":[[8227,-5795,-3577,8228,-3243]],"type":"Polygon","properties":{"name":"Iroquois"},"id":"17075"},{"arcs":[[-3015,-1502,8229,-5866,8230]],"type":"Polygon","properties":{"name":"Henry"},"id":"01067"},{"arcs":[[-2716,-6569,-5413,-5409,8231,-7617]],"type":"Polygon","properties":{"name":"Mahoning"},"id":"39099"},{"arcs":[[-6489,8232,-1023,-5379,-3768]],"type":"Polygon","properties":{"name":"Clarke"},"id":"19039"},{"arcs":[[-8065,8233,-5425,8234,-7807,-2031,-3089]],"type":"Polygon","properties":{"name":"Delaware"},"id":"40041"},{"arcs":[[-7147,8235,-6898,-2195,-3116]],"type":"Polygon","properties":{"name":"Chenango"},"id":"36017"},{"arcs":[[-3854,8236,-6996,8237,-4204,8238]],"type":"Polygon","properties":{"name":"Walker"},"id":"48471"},{"arcs":[[8239,8240,8241,-7915]],"type":"Polygon","properties":{"name":"Virginia Beach"},"id":"51810"},{"arcs":[[-5224,-6284,-6167,-7042,-3298,-3528]],"type":"Polygon","properties":{"name":"McCulloch"},"id":"48307"},{"arcs":[[-7260,-1999,8242,-902,8243,-3001]],"type":"Polygon","properties":{"name":"Salinas"},"id":"72123"},{"arcs":[[8244,8245,8246,8247,8248]],"type":"Polygon","properties":{"name":"Wayne"},"id":"26163"},{"arcs":[[8249,8250,-1767,-5489,-7672,8251,8252,-4490]],"type":"Polygon","properties":{"name":"Dinwiddie"},"id":"51053"},{"arcs":[[-2962,8253,-3628,-485,-3234,-1464]],"type":"Polygon","properties":{"name":"Sherman"},"id":"20181"},{"arcs":[[-8142,-3883,8254,8255,8256,-7289,-8199]],"type":"Polygon","properties":{"name":"Montgomery"},"id":"01101"},{"arcs":[[-6194,-7817,8257,8258,-1635,8259]],"type":"Polygon","properties":{"name":"Noble"},"id":"39121"},{"arcs":[[8260,8261,-5583,8262,-7868,-6090]],"type":"Polygon","properties":{"name":"Orange"},"id":"48361"},{"arcs":[[8263,8264,-1440,-4344,-8162]],"type":"Polygon","properties":{"name":"Lassen"},"id":"06035"},{"arcs":[[-792,8265,-683,-3629,8266,8267]],"type":"Polygon","properties":{"name":"Greene"},"id":"39057"},{"arcs":[[8268,8269,8270,-5410,-6568,8271]],"type":"Polygon","properties":{"name":"Crawford"},"id":"42039"},{"arcs":[[-3366,8272,-5340,-5796,-8228,-3242,-3800]],"type":"Polygon","properties":{"name":"Kankakee"},"id":"17091"},{"arcs":[[-7335,8273,8274,-5535,-4115,-5888,8275]],"type":"Polygon","properties":{"name":"Henderson"},"id":"21101"},{"arcs":[[-8056,-739,8276,-5111,8277,-2721]],"type":"Polygon","properties":{"name":"Adams"},"id":"16003"},{"arcs":[[8278,-7459,-7304,-7279,-2602,8279]],"type":"Polygon","properties":{"name":"Jefferson"},"id":"01073"},{"arcs":[[-7040,8280,8281,8282,-4824,-1870]],"type":"Polygon","properties":{"name":"Lee"},"id":"48287"},{"arcs":[[-1818,8283,8284,-3470,-7274,-4654,-1806]],"type":"Polygon","properties":{"name":"Johnston"},"id":"40069"},{"arcs":[[8285,-6217,-6726,8286,8287,8288,-4223]],"type":"Polygon","properties":{"name":"Campbell"},"id":"51031"},{"arcs":[[8289,-5032,8290,-6992,-8237,-3853,-6280]],"type":"Polygon","properties":{"name":"Houston"},"id":"48225"},{"arcs":[[-1812,-4778,-1824,8291,-2972,-3467,8292]],"type":"Polygon","properties":{"name":"Pittsburg"},"id":"40121"},{"arcs":[[-3902,8293,8294,-8246,8295]],"type":"Polygon","properties":{"name":"Macomb"},"id":"26099"},{"arcs":[[8296,-3444,8297,-3798]],"type":"Polygon","properties":{"name":"Oscoda"},"id":"26135"},{"arcs":[[-170,8298,-2005,-3706,8299]],"type":"Polygon","properties":{"name":"Whitley"},"id":"18183"},{"arcs":[[-3029,-4337,8300,8301,8302,-314]],"type":"Polygon","properties":{"name":"Lee"},"id":"19111"},{"arcs":[[-2284,-4844,8303,8304,-6012,8305]],"type":"Polygon","properties":{"name":"Gloucester"},"id":"51073"},{"arcs":[[8306,8307,8308,8309,-3771,-5427]],"type":"Polygon","properties":{"name":"Rock Island"},"id":"17161"},{"arcs":[[8310,-332,8311,8312,-3714]],"type":"Polygon","properties":{"name":"Preble"},"id":"39135"},{"arcs":[[8313,-3726,8314,8315]],"type":"Polygon","properties":{"name":"Clarke"},"id":"13059"},{"arcs":[[8316,-2803,8317,-7729,-3876]],"type":"Polygon","properties":{"name":"Ouray"},"id":"08091"},{"arcs":[[8318,-7497,-6936,-7786,-7605,-4082]],"type":"Polygon","properties":{"name":"Pulaski"},"id":"17153"},{"arcs":[[-7703,-5717,8319,8320,8321,-5059]],"type":"Polygon","properties":{"name":"Randolph"},"id":"05121"},{"arcs":[[-6190,-1557,-2310,-1545,-2212]],"type":"Polygon","properties":{"name":"Allen"},"id":"39003"},{"arcs":[[-421,8322,-5962,8323,8324]],"type":"Polygon","properties":{"name":"Isanti"},"id":"27059"},{"arcs":[[-6995,8325,-3952,-4205,-8238]],"type":"Polygon","properties":{"name":"San Jacinto"},"id":"48407"},{"arcs":[[-2853,-3077,-6281,-7217,8326,8327]],"type":"Polygon","properties":{"name":"Robertson"},"id":"48395"},{"arcs":[[8328,-3122,-7671,-6211,-7626]],"type":"Polygon","properties":{"name":"Greene"},"id":"51079"},{"arcs":[[-7048,-7227,8329,-3123,-8329,-7625]],"type":"Polygon","properties":{"name":"Page"},"id":"51139"},{"arcs":[[-879,-7100,-1637,8330,8331,8332,-6229]],"type":"Polygon","properties":{"name":"Athens"},"id":"39009"},{"arcs":[[8333,8334,-7760,-7376,8335,8336,-2070]],"type":"Polygon","properties":{"name":"Lafourche"},"id":"22057"},{"arcs":[[-8075,-6470,8337]],"type":"Polygon","properties":{"name":"Emmet"},"id":"26047"},{"arcs":[[-3545,8338,-3863,-1996,-2254,8339]],"type":"Polygon","properties":{"name":"San Germán"},"id":"72125"},{"arcs":[[8340,-4877,8341,-1124,8342,-4078]],"type":"Polygon","properties":{"name":"Warren"},"id":"37185"},{"arcs":[[-3476,8343,-6263]],"type":"Polygon","properties":{"name":"Fajardo"},"id":"72053"},{"arcs":[[-6152,-1177,-5892,-5333,-7746]],"type":"Polygon","properties":{"name":"Kane"},"id":"17089"},{"arcs":[[-8277,-738,-3763,-1484,8344,-5112]],"type":"Polygon","properties":{"name":"Valley"},"id":"16085"},{"arcs":[[-4224,-8289,8345,-4080,-2419,-3439,-1720]],"type":"Polygon","properties":{"name":"Halifax"},"id":"51083"},{"arcs":[[-7730,-8318,-2802,8346,8347]],"type":"Polygon","properties":{"name":"San Juan"},"id":"08111"},{"arcs":[[-3098,-344,-798,8348]],"type":"Polygon","properties":{"name":"Real"},"id":"48385"},{"arcs":[[-4502,-504,-6439,-2331,8349]],"type":"Polygon","properties":{"name":"San Luis Obispo"},"id":"06079"},{"arcs":[[8350,8351,-3409,-1602,-6375,8352]],"type":"Polygon","properties":{"name":"Woodruff"},"id":"05147"},{"arcs":[[8353,8354,-3998,-4941,-5929]],"type":"Polygon","properties":{"name":"Camden"},"id":"13039"},{"arcs":[[-4403,8355,8356,-8222,-7976,8357,-6098,8358,-6673]],"type":"Polygon","properties":{"name":"Washington"},"id":"42125"},{"arcs":[[8359,8360,8361,8362,-6289]],"type":"Polygon","properties":{"name":"Mason"},"id":"54053"},{"arcs":[[-6664,8363,-7801,-4048,8364]],"type":"Polygon","properties":{"name":"Graham"},"id":"37075"},{"arcs":[[8365,-2604,-1828,8366,-6148]],"type":"Polygon","properties":{"name":"Hale"},"id":"01065"},{"arcs":[[-7246,8367,-6064,-230,8368,-2508]],"type":"Polygon","properties":{"name":"Ponce"},"id":"72113"},{"arcs":[[8369,8370,8371,-4583,8372]],"type":"Polygon","properties":{"name":"Blaine"},"id":"30005"},{"arcs":[[8373,-3612,-3548,-7105,-7037]],"type":"Polygon","properties":{"name":"Golden Valley"},"id":"38033"},{"arcs":[[-221,-1294,-7172,-3851,-3078,-589]],"type":"Polygon","properties":{"name":"Chippewa"},"id":"55017"},{"arcs":[[8374,-5473,-6221,8375,-5240,-5236,-5996]],"type":"Polygon","properties":{"name":"Hanover"},"id":"51085"},{"arcs":[[-6425,-55,-2490,8376,-6819,-531]],"type":"Polygon","properties":{"name":"Crisp"},"id":"13081"},{"arcs":[[8377,8378,8379,8380,-2180,-3111,-7872,-7155]],"type":"Polygon","properties":{"name":"Red River"},"id":"48387"},{"arcs":[[8381,-1497,8382,8383,-7565]],"type":"Polygon","properties":{"name":"Mills"},"id":"19129"},{"arcs":[[-6077,-1487,-3415,-1729,-2963,-1462,-2366]],"type":"Polygon","properties":{"name":"Yuma"},"id":"08125"},{"arcs":[[-175,8384,-6740,-1444,-544]],"type":"Polygon","properties":{"name":"Sac"},"id":"19161"},{"arcs":[[8385,-3704,-4810,-5509,-7679,-5476]],"type":"Polygon","properties":{"name":"Lafayette"},"id":"05073"},{"arcs":[[8386,8387,8388,8389]],"type":"Polygon","properties":{"name":"Mariposa"},"id":"06043"},{"arcs":[[8390,8391,8392,-4401,-7815,-2840,8393]],"type":"Polygon","properties":{"name":"Jefferson"},"id":"39081"},{"arcs":[[8394,8395,-1851,8396,-4214,-2986]],"type":"Polygon","properties":{"name":"Leflore"},"id":"28083"},{"arcs":[[-7450,-4136,-3963,8397,-5524,-5600]],"type":"Polygon","properties":{"name":"Adams"},"id":"39001"},{"arcs":[[-7816,-6676,-7183,8398,8399,-8258]],"type":"Polygon","properties":{"name":"Monroe"},"id":"39111"},{"arcs":[[-5971,-5120,8400,-2984,8401,-5594,-7784]],"type":"Polygon","properties":{"name":"Wayne"},"id":"54099"},{"arcs":[[-1636,-8259,-8400,8402,8403,8404,-8331]],"type":"Polygon","properties":{"name":"Washington"},"id":"39167"},{"arcs":[[-169,-3502,-278,-2394,-2215,-6956,-3638,-2006,-8299]],"type":"Polygon","properties":{"name":"Allen"},"id":"18003"},{"arcs":[[8405,-8308,8406,-2016]],"type":"Polygon","properties":{"name":"Scott"},"id":"19163"},{"arcs":[[-1931,-1836,-516,8407]],"type":"Polygon","properties":{"name":"Kusilvak"},"id":"02158"},{"arcs":[[-4842,-1328,-391,-2561]],"type":"Polygon","properties":{"name":"Moody"},"id":"46101"},{"arcs":[[8408,-4363,-8174,-6860,8409]],"type":"Polygon","properties":{"name":"Iron"},"id":"55051"},{"arcs":[[-7734,8410,-2485,-4317,-3885,8411]],"type":"Polygon","properties":{"name":"Jackson"},"id":"01071"},{"arcs":[[-7090,8412,-758,-7495,-8319,-4081,-5905]],"type":"Polygon","properties":{"name":"Union"},"id":"17181"},{"arcs":[[-3458,-2153,-7592,-7755]],"type":"Polygon","properties":{"name":"Elbert"},"id":"08039"},{"arcs":[[8413,-5729,-7558,8414,8415]],"type":"Polygon","properties":{"name":"Clinton"},"id":"21053"},{"arcs":[[-8088,8416,8417,8418,8419]],"type":"Polygon","properties":{"name":"Sabine"},"id":"48403"},{"arcs":[[-6282,-5331,-1289,-7851,8420]],"type":"Polygon","properties":{"name":"Starr"},"id":"48427"},{"arcs":[[-6732,-2818,8421,-6155,-7964]],"type":"Polygon","properties":{"name":"Evans"},"id":"13109"},{"arcs":[[8422,8423,-8043,-1033,-4240,-3772,-8310]],"type":"Polygon","properties":{"name":"Whiteside"},"id":"17195"},{"arcs":[[8424,-1542,-1554,-2373,-6892,8425,8426]],"type":"Polygon","properties":{"name":"Upson"},"id":"13293"},{"arcs":[[-3342,-2858,-1733,-1653,8427]],"type":"Polygon","properties":{"name":"Lamb"},"id":"48279"},{"arcs":[[-1194,-3710,-5049,-5899,8428,8429,-2908,-3782,8430]],"type":"Polygon","properties":{"name":"Stearns"},"id":"27145"},{"arcs":[[8431,8432,-8034,-8203,-1276]],"type":"Polygon","properties":{"name":"Musselshell"},"id":"30065"},{"arcs":[[8433,8434,-2754,-4233,-1369,8435]],"type":"Polygon","properties":{"name":"Walton"},"id":"13297"},{"arcs":[[8436,-7655,-8180,8437,8438]],"type":"Polygon","properties":{"name":"Essex"},"id":"34013"},{"arcs":[[8439,-2446,-6668,-4460,8440,-6511]],"type":"Polygon","properties":{"name":"Buchanan"},"id":"51027"},{"arcs":[[-6648,8441,8442,-7586]],"type":"Polygon","properties":{"name":"Highland"},"id":"51091"},{"arcs":[[8443,-6101,8444,-7178,-6787,-7181]],"type":"Polygon","properties":{"name":"Monongalia"},"id":"54061"},{"arcs":[[8445,-7735,-8412,-3884,-2345,8446]],"type":"Polygon","properties":{"name":"Madison"},"id":"01089"},{"arcs":[[-7901,-3986,8447,-4430,-3974,-3425,-5815]],"type":"Polygon","properties":{"name":"Montgomery"},"id":"18107"},{"arcs":[[-1547,-2313,-1538,8448,-196]],"type":"Polygon","properties":{"name":"Logan"},"id":"39091"},{"arcs":[[-1745,-3942,8449,-1340,-3172,-2830,-3950]],"type":"Polygon","properties":{"name":"Boone"},"id":"29019"},{"arcs":[[-4372,-4134,-5647,-6023,-5083,8450]],"type":"Polygon","properties":{"name":"Union"},"id":"37179"},{"arcs":[[-3274,-5817,-3240,-3483,-946,-2297]],"type":"Polygon","properties":{"name":"Keokuk"},"id":"19107"},{"arcs":[[-5764,-8163,-7448,8451,8452]],"type":"Polygon","properties":{"name":"Trinity"},"id":"06105"},{"arcs":[[-942,-1459,-3802,8453,8454,-7741]],"type":"Polygon","properties":{"name":"Woodford"},"id":"17203"},{"arcs":[[-8051,8455,8456,-4688,-6432,8457,8458,-4411]],"type":"Polygon","properties":{"name":"Hall"},"id":"13139"},{"arcs":[[-2941,-6340,8459,-4105]],"type":"Polygon","properties":{"name":"Broadwater"},"id":"30007"},{"arcs":[[-2123,-2943,-4104,-5854,-5711,-7603]],"type":"Polygon","properties":{"name":"Powell"},"id":"30077"},{"arcs":[[-7991,8460,8461,8462]],"type":"Polygon","properties":{"name":"Montgomery"},"id":"13209"},{"arcs":[[-7412,-7286,-361,-6863,-3575,-4284]],"type":"Polygon","properties":{"name":"Washington"},"id":"01129"},{"arcs":[[-7515,8463,8464,-8395,-2985,-4034]],"type":"Polygon","properties":{"name":"Sunflower"},"id":"28133"},{"arcs":[[-1641,-3127,-3753,-1885,-3484,8465]],"type":"Polygon","properties":{"name":"Winston"},"id":"28159"},{"arcs":[[-5380,-3307,-7928,8466,-1645,-3680]],"type":"Polygon","properties":{"name":"Mercer"},"id":"29129"},{"arcs":[[-1535,-2787,8467,-6044,8468,8469]],"type":"Polygon","properties":{"name":"Franklin"},"id":"39049"},{"arcs":[[8470,-3473,8471,8472,8473,8474]],"type":"Polygon","properties":{"name":"Platte"},"id":"29165"},{"arcs":[[8475,8476,8477,8478,8479]],"type":"Polygon","properties":{"name":"Skagit"},"id":"53057"},{"arcs":[[-6582,-6361,-7188,-731,-3159,-6584]],"type":"Polygon","properties":{"name":"Whitfield"},"id":"13313"},{"arcs":[[8480,8481,-5011,-6595,8482,-7348,-7061]],"type":"Polygon","properties":{"name":"Bennington"},"id":"50003"},{"arcs":[[-7498,-5933,-8044,-8424,8483,8484]],"type":"Polygon","properties":{"name":"Carroll"},"id":"17015"},{"arcs":[[8485,-7896,-4245,8486,-6694,-7651]],"type":"Polygon","properties":{"name":"Adams"},"id":"17001"},{"arcs":[[8487,-8267,-3633,8488,8489,8490]],"type":"Polygon","properties":{"name":"Warren"},"id":"39165"},{"arcs":[[-4881,8491,8492,8493,8494]],"type":"Polygon","properties":{"name":"Broward"},"id":"12011"},{"arcs":[[-6417,8495,-8461,-7994,-8139,-284,-3069]],"type":"Polygon","properties":{"name":"Jeff Davis"},"id":"13161"},{"arcs":[[8496,-4882,-8495,8497,-5914]],"type":"Polygon","properties":{"name":"Hendry"},"id":"12051"},{"arcs":[[-438,-3404,-5789,-2311,-1555]],"type":"Polygon","properties":{"name":"Wyandot"},"id":"39175"},{"arcs":[[-5009,8498,-7702,8499,8500,-6592]],"type":"Polygon","properties":{"name":"Sullivan"},"id":"33019"},{"arcs":[[-7663,8501,-3947,-283,-3423,-4756,-4807,8502]],"type":"Polygon","properties":{"name":"Union"},"id":"35059"},{"arcs":[[-2786,-4142,8503,8504,-7098,-6045,-8468]],"type":"Polygon","properties":{"name":"Licking"},"id":"39089"},{"arcs":[[-5487,-6295,8505,-6637,-7312,-7673]],"type":"Polygon","properties":{"name":"Surry"},"id":"51181"},{"arcs":[[-3585,-5527,8506,-7403,-6272]],"type":"Polygon","properties":{"name":"Goliad"},"id":"48175"},{"arcs":[[-5283,8507,-6187,-8022,-7614,8508]],"type":"Polygon","properties":{"name":"Wayne"},"id":"37191"},{"arcs":[[-7828,8509,8510,8511]],"type":"Polygon","properties":{"name":"El Paso"},"id":"48141"},{"arcs":[[8512,-8490,8513,-7342,-611,-7003,-6631]],"type":"Polygon","properties":{"name":"Hamilton"},"id":"39061"},{"arcs":[[-6080,-628,8514,-4455]],"type":"Polygon","properties":{"name":"Berkeley"},"id":"54003"},{"arcs":[[8515,-217,8516,-3740,-5998]],"type":"Polygon","properties":{"name":"Orleans"},"id":"50019"},{"arcs":[[[8517,8518]],[[8519]]],"type":"MultiPolygon","properties":{"name":"Island"},"id":"53029"},{"arcs":[[-5609,8520,-8003,8521,-6815]],"type":"Polygon","properties":{"name":"Lincoln"},"id":"13181"},{"arcs":[[-8489,-3632,-7449,-1186,8522,-7340,-8514]],"type":"Polygon","properties":{"name":"Clermont"},"id":"39025"},{"arcs":[[8523,-6158,8524,8525,8526]],"type":"Polygon","properties":{"name":"McIntosh"},"id":"13191"},{"arcs":[[8527,8528,8529,-8427,8530,8531,8532]],"type":"Polygon","properties":{"name":"Meriwether"},"id":"13199"},{"arcs":[[8533,-4203,8534,8535,-117,-896]],"type":"Polygon","properties":{"name":"Wharton"},"id":"48481"},{"arcs":[[-239,8536,-3735,-1102,8537]],"type":"Polygon","properties":{"name":"Wheeler"},"id":"48483"},{"arcs":[[8538,-6560,8539,-4360]],"type":"Polygon","properties":{"name":"Ontonagon"},"id":"26131"},{"arcs":[[-5836,8540,8541,-1574,8542,-2951]],"type":"Polygon","properties":{"name":"Grant"},"id":"05053"},{"arcs":[[-8320,-5716,-7509,-6322,8543]],"type":"Polygon","properties":{"name":"Greene"},"id":"05055"},{"arcs":[[8544,8545,8546,8547,-5301]],"type":"Polygon","properties":{"name":"Schoolcraft"},"id":"26153"},{"arcs":[[8548,-4369,-8164,-7442]],"type":"Polygon","properties":{"name":"Gaston"},"id":"37071"},{"arcs":[[-8271,8549,-4866,-5144,-8216,-5411]],"type":"Polygon","properties":{"name":"Venango"},"id":"42121"},{"arcs":[[-3882,-5625,-3011,8550,-8255]],"type":"Polygon","properties":{"name":"Bullock"},"id":"01011"},{"arcs":[[-4584,-8372,8551,8552,-8432,-1275,-3156,8553]],"type":"Polygon","properties":{"name":"Fergus"},"id":"30027"},{"arcs":[[8554,8555,-2928,8556,-8552,-8371]],"type":"Polygon","properties":{"name":"Phillips"},"id":"30071"},{"arcs":[[-5146,-6201,-6085,8557,-5312,-5459]],"type":"Polygon","properties":{"name":"Hickman"},"id":"47081"},{"arcs":[[-5787,-4408,8558,-7852,8559]],"type":"Polygon","properties":{"name":"Racine"},"id":"55101"},{"arcs":[[8560,-3742,8561,8562,-5308]],"type":"Polygon","properties":{"name":"Washington"},"id":"50023"},{"arcs":[[8563,-6291,-4986,8564,8565,-3144,-3616,-4591]],"type":"Polygon","properties":{"name":"Knox"},"id":"31107"},{"arcs":[[-8208,-6990,8566,-7957,8567,-3839,-2517]],"type":"Polygon","properties":{"name":"Thurston"},"id":"31173"},{"arcs":[[8568,8569,8570,-5622,8571]],"type":"Polygon","properties":{"name":"Muscogee"},"id":"13215"},{"arcs":[[8572,-8316,8573,-3808,-2755,-8435]],"type":"Polygon","properties":{"name":"Oconee"},"id":"13219"},{"arcs":[[8574,-2375,-6885,8575,-6896]],"type":"Polygon","properties":{"name":"Peach"},"id":"13225"},{"arcs":[[-3715,-8313,8576,-8491,-8513,-6872]],"type":"Polygon","properties":{"name":"Butler"},"id":"39017"},{"arcs":[[8577,-1543,-8425,-8530]],"type":"Polygon","properties":{"name":"Pike"},"id":"13231"},{"arcs":[[-4974,8578,-6191,8579,-8504,-4141]],"type":"Polygon","properties":{"name":"Coshocton"},"id":"39031"},{"arcs":[[8580,-4416,8581,-1594,-1590,-6729]],"type":"Polygon","properties":{"name":"Wilkinson"},"id":"13319"},{"arcs":[[-8256,-8551,-3017,8582,-497,8583]],"type":"Polygon","properties":{"name":"Pike"},"id":"01109"},{"arcs":[[8584,-8225,-7946,-1397,-4863,-8550,-8270]],"type":"Polygon","properties":{"name":"Warren"},"id":"42123"},{"arcs":[[8585,-6364,8586,-5557,8587]],"type":"Polygon","properties":{"name":"Westmoreland"},"id":"51193"},{"arcs":[[8588,-8438,-8179,8589,8590,8591]],"type":"Polygon","properties":{"name":"Union"},"id":"34039"},{"arcs":[[-4891,-4853,-3736,-7562,-4867,-3133,-2084]],"type":"Polygon","properties":{"name":"Camden"},"id":"29029"},{"arcs":[[8592,-5803,-5871,-4211,-7724]],"type":"Polygon","properties":{"name":"Wythe"},"id":"51197"},{"arcs":[[-2904,-4653,8593,-1423,-1083,-1089]],"type":"Polygon","properties":{"name":"Steele"},"id":"38091"},{"arcs":[[-5756,8594,-4488,-5851,8595]],"type":"Polygon","properties":{"name":"Emery"},"id":"49015"},{"arcs":[[-341,8596,-5222,-6131,-7045,-1225,-6137]],"type":"Polygon","properties":{"name":"Bexar"},"id":"48029"},{"arcs":[[-6468,-3418,-6136,-3834,-1318,-7043]],"type":"Polygon","properties":{"name":"Lampasas"},"id":"48281"},{"arcs":[[8597,-5690,-5759,8598,8599]],"type":"Polygon","properties":{"name":"Juab"},"id":"49023"},{"arcs":[[8600,-5757,-8596,-5850,-6396,8601]],"type":"Polygon","properties":{"name":"Sevier"},"id":"49041"},{"arcs":[[-5309,-8563,8602,8603,-5007]],"type":"Polygon","properties":{"name":"Orange"},"id":"50017"},{"arcs":[[[8604]],[[8605,8606]]],"type":"MultiPolygon","properties":{"name":"Door"},"id":"55029"},{"arcs":[[-1894,8607,8608,8609,8610,8611,8612]],"type":"Polygon","properties":{"name":"Lyon"},"id":"32019"},{"arcs":[[-2723,8613,8614,8615,8616,-6093,-7231,-688]],"type":"Polygon","properties":{"name":"Malheur"},"id":"41045"},{"arcs":[[8617,8618,-6570,-2714,-4061]],"type":"Polygon","properties":{"name":"Geauga"},"id":"39055"},{"arcs":[[-8263,-5582,-7561,8619,8620,-7869]],"type":"Polygon","properties":{"name":"Cameron"},"id":"22023"},{"arcs":[[-5259,8621,-5512,-6404,8622]],"type":"Polygon","properties":{"name":"Calvert"},"id":"24009"},{"arcs":[[-3970,8623,8624,-7563,8625]],"type":"Polygon","properties":{"name":"Douglas"},"id":"31055"},{"arcs":[[-4652,-3521,-5853,-1424,-8594]],"type":"Polygon","properties":{"name":"Traill"},"id":"38097"},{"arcs":[[8626,8627,-5566,-44,-1575,-8542]],"type":"Polygon","properties":{"name":"Jefferson"},"id":"05069"},{"arcs":[[8628,-272,-6038,-2875,-4126]],"type":"Polygon","properties":{"name":"Guilford"},"id":"37081"},{"arcs":[[-119,8629,8630,-4925,8631,-7405,8632]],"type":"Polygon","properties":{"name":"Calhoun"},"id":"48057"},{"arcs":[[-720,-473,-2541,-4658,8634]],"type":"Polygon","properties":{"name":"Maverick"},"id":"48323"},{"arcs":[[-5684,-3037,-3830,-5687]],"type":"Polygon","properties":{"name":"Wasatch"},"id":"49051"},{"arcs":[[8635,-4469,-7936,8636]],"type":"Polygon","properties":{"name":"Ferry"},"id":"53019"},{"arcs":[[-2817,8637,8638,8639,-6156,-8422]],"type":"Polygon","properties":{"name":"Bryan"},"id":"13029"},{"arcs":[[-7290,-8257,-8584,-496,-6866,-2615]],"type":"Polygon","properties":{"name":"Crenshaw"},"id":"01041"},{"arcs":[[-8583,-3016,-8231,-5869,-5861,-498]],"type":"Polygon","properties":{"name":"Dale"},"id":"01045"},{"arcs":[[-3720,8640,-8572,-5621,-3880,8641]],"type":"Polygon","properties":{"name":"Lee"},"id":"01081"},{"arcs":[[-1727,-3261,8642,8643,-3626,-8254,-2961]],"type":"Polygon","properties":{"name":"Rawlins"},"id":"20153"},{"arcs":[[8644,-7499,-8485,8645,-6738]],"type":"Polygon","properties":{"name":"Jackson"},"id":"19097"},{"arcs":[[-3108,-3660,8646,-784,8647,-2111]],"type":"Polygon","properties":{"name":"Prowers"},"id":"08099"},{"arcs":[[8648,-8356,-4402,-8393]],"type":"Polygon","properties":{"name":"Brooke"},"id":"54009"},{"arcs":[[-5819,8649,-7634,-7494,-6707,8650,-8040]],"type":"Polygon","properties":{"name":"Bingham"},"id":"16011"},{"arcs":[[-7906,-3320,8651,8652,8653,-8045]],"type":"Polygon","properties":{"name":"Pottawatomie"},"id":"20149"},{"arcs":[[-4970,-3277,-3391,-1707,-3148]],"type":"Polygon","properties":{"name":"Scotts Bluff"},"id":"31157"},{"arcs":[[8654,8655,-6607,8656,-5752]],"type":"Polygon","properties":{"name":"Yadkin"},"id":"37197"},{"arcs":[[-2726,-7074,8657,-5034,8658,8659,8660,-584]],"type":"Polygon","properties":{"name":"Henderson"},"id":"48213"},{"arcs":[[8661,-8252,-7674,-7314,-4872],[-2253]],"type":"Polygon","properties":{"name":"Greensville"},"id":"51081"},{"arcs":[[-1058,8662,-2906,-3006,-90,-1714]],"type":"Polygon","properties":{"name":"Benson"},"id":"38005"},{"arcs":[[-8060,-2071,-8337,8663]],"type":"Polygon","properties":{"name":"Terrebonne"},"id":"22109"},{"arcs":[[-6355,8664,8665,-156,-2747,8666,8667,-127]],"type":"Polygon","properties":{"name":"Cleburne"},"id":"01029"},{"arcs":[[-2433,-6462,-7173,-2849,8668]],"type":"Polygon","properties":{"name":"Aguada"},"id":"72003"},{"arcs":[[-5921,-7209,-322,8669,-6114,-3337]],"type":"Polygon","properties":{"name":"Bates"},"id":"29013"},{"arcs":[[-6751,-7202,8670,-7908,-5655,-6937]],"type":"Polygon","properties":{"name":"LaSalle"},"id":"22059"},{"arcs":[[-2040,-6252,8671,8672,8673]],"type":"Polygon","properties":{"name":"Tripp"},"id":"46123"},{"arcs":[[8674,-8660,8675,-6278,-3075]],"type":"Polygon","properties":{"name":"Freestone"},"id":"48161"},{"arcs":[[8676,8677,8678,-8639]],"type":"Polygon","properties":{"name":"Chatham"},"id":"13051"},{"arcs":[[-4378,-4800,-4564,-435,-569]],"type":"Polygon","properties":{"name":"Sandusky"},"id":"39143"},{"arcs":[[-5979,-2240,-6877,8679,-6499,-6772]],"type":"Polygon","properties":{"name":"Warren"},"id":"21227"},{"arcs":[[-1517,-3803,-1020,-8233,-6488]],"type":"Polygon","properties":{"name":"Warren"},"id":"19181"},{"arcs":[[8680,8681,-8677,-8638,-2816,-7739]],"type":"Polygon","properties":{"name":"Effingham"},"id":"13103"},{"arcs":[[-2396,-7969,-6035,-7657,8682,-3593]],"type":"Polygon","properties":{"name":"Hardeman"},"id":"48197"},{"arcs":[[8683,8684,8685]],"type":"Polygon","properties":{"name":"Santa Cruz"},"id":"04023"},{"arcs":[[-6078,-2364,-829,8686]],"type":"Polygon","properties":{"name":"Morgan"},"id":"08087"},{"arcs":[[8687,-6307,-4511,-7365,8688,8689]],"type":"Polygon","properties":{"name":"Sumter"},"id":"12119"},{"arcs":[[-7839,-6777,-5675,-7797,-2889]],"type":"Polygon","properties":{"name":"Montgomery"},"id":"21173"},{"arcs":[[-5479,-954,-2522,-6741,-8385]],"type":"Polygon","properties":{"name":"Calhoun"},"id":"19025"},{"arcs":[[-23,-8037,-5279,-7717,8690,8691]],"type":"Polygon","properties":{"name":"Mountrail"},"id":"38061"},{"arcs":[[-8566,8692,-2519,-1428,-3145]],"type":"Polygon","properties":{"name":"Pierce"},"id":"31139"},{"arcs":[[-6453,8693]],"type":"Polygon","properties":{"name":"Roanoke"},"id":"51770"},{"arcs":[[8694,-8248,8695,-7570,-4726]],"type":"Polygon","properties":{"name":"Monroe"},"id":"26115"},{"arcs":[[8696,8697,-6474,-3905,8698,-6971,-2607]],"type":"Polygon","properties":{"name":"Tuscola"},"id":"26157"},{"arcs":[[-3707,-166,-2020,8699,-406]],"type":"Polygon","properties":{"name":"Miami"},"id":"18103"},{"arcs":[[-4057,-5749,8700,-6463,-4165]],"type":"Polygon","properties":{"name":"Watauga"},"id":"37189"},{"arcs":[[8701,-8012,8702,8703,8704]],"type":"Polygon","properties":{"name":"Cumberland"},"id":"34011"},{"arcs":[[8705,-3874,-6577]],"type":"Polygon","properties":{"name":"Delta"},"id":"08029"},{"arcs":[[-4858,8706,-8146,-3961,-2293,8707]],"type":"Polygon","properties":{"name":"St. Joseph"},"id":"18141"},{"arcs":[[-1822,-8080,8708,8709,8710,8711,-2974,8712]],"type":"Polygon","properties":{"name":"Le Flore"},"id":"40079"},{"arcs":[[-5163,8713,8714,-6644,-7585,8715,8716]],"type":"Polygon","properties":{"name":"Randolph"},"id":"54083"},{"arcs":[[-2151,-890,-2655,-5225,-1661,-1866,-6317]],"type":"Polygon","properties":{"name":"Tom Green"},"id":"48451"},{"arcs":[[-7769,-6434,-5895,-5889,-4956,8717]],"type":"Polygon","properties":{"name":"Hardin"},"id":"17069"},{"arcs":[[8718,-8532,8719,-8569,-8641,-3719]],"type":"Polygon","properties":{"name":"Harris"},"id":"13145"},{"arcs":[[8720,8721,-6088,8722]],"type":"Polygon","properties":{"name":"Tyler"},"id":"48457"},{"arcs":[[8723,-8493,8724,8725,8726,8727]],"type":"Polygon","properties":{"name":"Miami-Dade"},"id":"12086"},{"arcs":[[8730,8731,-8714,-5162]],"type":"Polygon","properties":{"name":"Tucker"},"id":"54093"},{"arcs":[[-3956,-7871,8732,-5125,8733,-8017]],"type":"Polygon","properties":{"name":"Chambers"},"id":"48071"},{"arcs":[[8735,-6627,-5531,-4946,8736]],"type":"Polygon","properties":{"name":"Contra Costa"},"id":"06013"},{"arcs":[[8737,-8452,-7447,8738,-7422,8739,8740]],"type":"Polygon","properties":{"name":"Mendocino"},"id":"06045"},{"arcs":[[-8568,-7956,-5376,8741,-3968,-3840]],"type":"Polygon","properties":{"name":"Burt"},"id":"31021"},{"arcs":[[-8517,-216,8742,-8603,-8562,-3741]],"type":"Polygon","properties":{"name":"Caledonia"},"id":"50005"},{"arcs":[[8743,-7007,8744,8745,-8196]],"type":"Polygon","properties":{"name":"Livingston"},"id":"22063"},{"arcs":[[-5300,8746,8747,8748,-8545]],"type":"Polygon","properties":{"name":"Luce"},"id":"26095"},{"arcs":[[8749,-7632,-7888,8750,8751]],"type":"Polygon","properties":{"name":"Franklin"},"id":"05047"},{"arcs":[[-7431,-7691,-4553,-7077,8752,-3822,-7883]],"type":"Polygon","properties":{"name":"Hamilton"},"id":"36041"},{"arcs":[[-4567,8753,8754,-2649,-2170,-2177]],"type":"Polygon","properties":{"name":"McClain"},"id":"40087"},{"arcs":[[-8381,8755,-107,-6260,8756,-3914,-2181]],"type":"Polygon","properties":{"name":"Morris"},"id":"48343"},{"arcs":[[-6710,-4698,-5107,-8041,-8651]],"type":"Polygon","properties":{"name":"Bannock"},"id":"16005"},{"arcs":[[8757,-8184,-6700,-4239,8758,-6094,-8617]],"type":"Polygon","properties":{"name":"Owyhee"},"id":"16073"},{"arcs":[[8759,-5597,-6509,-4268,-5540]],"type":"Polygon","properties":{"name":"Floyd"},"id":"21071"},{"arcs":[[-1308,8760,-626,-6408,8761,-5692,-5496,8762]],"type":"Polygon","properties":{"name":"Loudoun"},"id":"51107"},{"arcs":[[-5273,-6350,-8002,8763,8764]],"type":"Polygon","properties":{"name":"Kent"},"id":"24029"},{"arcs":[[-6609,-4129,-5644,-4132,8765]],"type":"Polygon","properties":{"name":"Rowan"},"id":"37159"},{"arcs":[[-6964,-4446,-6770,-3534,-6846,-7641]],"type":"Polygon","properties":{"name":"Woodford"},"id":"21239"},{"arcs":[[[8766,-8410,-6859,-6223,-8210]],[[8767]]],"type":"MultiPolygon","properties":{"name":"Ashland"},"id":"55003"},{"arcs":[[-753,8768,8769,-4679,8770,-7489]],"type":"Polygon","properties":{"name":"Chaffee"},"id":"08015"},{"arcs":[[8771,-5419,-183,-319,-7208]],"type":"Polygon","properties":{"name":"Johnson"},"id":"29101"},{"arcs":[[-4681,-4677,8772,-7660,8773,-3045]],"type":"Polygon","properties":{"name":"Huerfano"},"id":"08055"},{"arcs":[[8774,-8745,-7006,-6445,-7372,-7761,-8335,8775]],"type":"Polygon","properties":{"name":"St. John the Baptist"},"id":"22095"},{"arcs":[[8776,-6113,-7528,-3050,8777,-7142]],"type":"Polygon","properties":{"name":"Jefferson"},"id":"28063"},{"arcs":[[8778,-7878,-6910,-7802,-8364,-6663]],"type":"Polygon","properties":{"name":"Swain"},"id":"37173"},{"arcs":[[8779,-8327,-7220,8780,-8282]],"type":"Polygon","properties":{"name":"Burleson"},"id":"48051"},{"arcs":[[8781,-7119,8782,-7166,8783,-4311]],"type":"Polygon","properties":{"name":"Braxton"},"id":"54007"},{"arcs":[[-8418,8784,-5662,-6779,-5584,-8262,8785]],"type":"Polygon","properties":{"name":"Newton"},"id":"48351"},{"arcs":[[8786,-8463,8787,-1587]],"type":"Polygon","properties":{"name":"Treutlen"},"id":"13283"},{"arcs":[[-6073,-7610,-7913,-564,-6554,-3513]],"type":"Polygon","properties":{"name":"Merrick"},"id":"31121"},{"arcs":[[8788,-1923,-554,-2060,-3519,-1629]],"type":"Polygon","properties":{"name":"Clearwater"},"id":"27029"},{"arcs":[[8789,8790,-5387,-4504,8791,-3139]],"type":"Polygon","properties":{"name":"Albany"},"id":"56001"},{"arcs":[[-8399,-7182,-3564,-7103,8792,-8403]],"type":"Polygon","properties":{"name":"Tyler"},"id":"54095"},{"arcs":[[-1446,-3020,-2964,8793,-5373]],"type":"Polygon","properties":{"name":"Shelby"},"id":"19165"},{"arcs":[[8794,-8606,8795,8796,8797]],"type":"Polygon","properties":{"name":"Kewaunee"},"id":"55061"},{"arcs":[[-6849,-3264,-918,-3598,-7825,-7922,-5947]],"type":"Polygon","properties":{"name":"Lincoln"},"id":"35027"},{"arcs":[[-1237,8798,8799,8800,-8008,-5568,8801]],"type":"Polygon","properties":{"name":"Burlington"},"id":"34005"},{"arcs":[[-129,8802,-3721,-8642,-3879,-8141,8803]],"type":"Polygon","properties":{"name":"Tallapoosa"},"id":"01123"},{"arcs":[[8804,-4961,-4325,-4963,-6580]],"type":"Polygon","properties":{"name":"Naugatuck Valley"},"id":"09140"},{"arcs":[[-7756,-7595,8805,8806]],"type":"Polygon","properties":{"name":"Teller"},"id":"08119"},{"arcs":[[-3915,-8757,-6262,8807,-7811,8808,8809]],"type":"Polygon","properties":{"name":"Upshur"},"id":"48459"},{"arcs":[[-4294,-4649,-7378,-4364,8810,-7646,-7892,-7214]],"type":"Polygon","properties":{"name":"Orange"},"id":"36071"},{"arcs":[[-7927,-3793,-4099,-1646,-8467]],"type":"Polygon","properties":{"name":"Sullivan"},"id":"29211"},{"arcs":[[-8332,-8405,8811,-7101,-913,8812,8813]],"type":"Polygon","properties":{"name":"Wood"},"id":"54107"},{"arcs":[[-7675,-4312,-8784,-7165,8814]],"type":"Polygon","properties":{"name":"Clay"},"id":"54015"},{"arcs":[[8815,-715,-4186,-4476]],"type":"Polygon","properties":{"name":"Florida"},"id":"72054"},{"arcs":[[-4551,-5311,8816,-8481,-7060,8817,-7075]],"type":"Polygon","properties":{"name":"Washington"},"id":"36115"},{"arcs":[[-3431,-6081,-4453,-6515,8818]],"type":"Polygon","properties":{"name":"Hampshire"},"id":"54027"},{"arcs":[[-7249,-6797,-6227,-2465,8819,8820,-7257]],"type":"Polygon","properties":{"name":"Caguas"},"id":"72025"},{"arcs":[[-936,-3694,-5812,-3542,-5500,-824,-7356,8821,-8069]],"type":"Polygon","properties":{"name":"Madison"},"id":"17119"},{"arcs":[[-8278,-5110,8822,-8614,-2722]],"type":"Polygon","properties":{"name":"Washington"},"id":"16087"},{"arcs":[[8823,-8415,-7557,8824,8825,-4169]],"type":"Polygon","properties":{"name":"Pickett"},"id":"47137"},{"arcs":[[-2952,-8543,-1579,-6409,8826,8827]],"type":"Polygon","properties":{"name":"Dallas"},"id":"05039"},{"arcs":[[8828,8829,8830,-8800,8831]],"type":"Polygon","properties":{"name":"Monmouth"},"id":"34025"},{"arcs":[[-6162,-4526,8832,8833,8834]],"type":"Polygon","properties":{"name":"Menominee"},"id":"26109"},{"arcs":[[-4117,-5538,-6773,-4792,8835]],"type":"Polygon","properties":{"name":"Hopkins"},"id":"21107"},{"arcs":[[-6882,-3400,-2856,-3341,-7019,-4758]],"type":"Polygon","properties":{"name":"Deaf Smith"},"id":"48117"},{"arcs":[[-8478,8836,-6172,-6784,-839,8837]],"type":"Polygon","properties":{"name":"Chelan"},"id":"53007"},{"arcs":[[8838,-8689,-7364,8839,-7370]],"type":"Polygon","properties":{"name":"Citrus"},"id":"12017"},{"arcs":[[8840,-7427,8841]],"type":"Polygon","properties":{"name":"Seminole"},"id":"12117"},{"arcs":[[-2981,8842,-6177,8843,8844]],"type":"Polygon","properties":{"name":"Boone"},"id":"54005"},{"arcs":[[8845,-8813,-912,-7677,8846,8847,-8361]],"type":"Polygon","properties":{"name":"Jackson"},"id":"54035"},{"arcs":[[8848,-6181,-7256,-2463,-6226,-6796]],"type":"Polygon","properties":{"name":"Carolina"},"id":"72031"},{"arcs":[[8849,-7237,8850,-2348,-6929,8851,-3065]],"type":"Polygon","properties":{"name":"Lawrence"},"id":"01079"},{"arcs":[[-2472,-7307,-5453,-5444,8852,8853,-8130,-1604,-3408]],"type":"Polygon","properties":{"name":"Crittenden"},"id":"05035"},{"arcs":[[-1699,8854,-7725,8855,-6528]],"type":"Polygon","properties":{"name":"Imperial"},"id":"06025"},{"arcs":[[-4481,8856,-6802,-3203,8857]],"type":"Polygon","properties":{"name":"Woodward"},"id":"40153"},{"arcs":[[-3960,-8145,-171,-8300,-3705,-404]],"type":"Polygon","properties":{"name":"Kosciusko"},"id":"18085"},{"arcs":[[-7222,-5202,-2320,-5201,-5468,-8375,-5995,-7670]],"type":"Polygon","properties":{"name":"Spotsylvania"},"id":"51177"},{"arcs":[[-3600,8858,-2128,-6718,-356,-7826]],"type":"Polygon","properties":{"name":"Eddy"},"id":"35015"},{"arcs":[[8859,-7857,-1168,8860]],"type":"Polygon","properties":{"name":"Mason"},"id":"26105"},{"arcs":[[8861,8862,-5966,8863,-4093,-8219,-3746]],"type":"Polygon","properties":{"name":"Hennepin"},"id":"27053"},{"arcs":[[8864,-8302,8865,-3526,-7894,-8486,-7650]],"type":"Polygon","properties":{"name":"Hancock"},"id":"17067"},{"arcs":[[-7987,-6656,8866,-4148,-4999]],"type":"Polygon","properties":{"name":"Blair"},"id":"42013"},{"arcs":[[-7143,-8778,-3054,-7472,-2076]],"type":"Polygon","properties":{"name":"Adams"},"id":"28001"},{"arcs":[[-3046,-8774,-7665,8867,8868,8869]],"type":"Polygon","properties":{"name":"Costilla"},"id":"08023"},{"arcs":[[-7647,-8811,-4368,-7656,-8437,8870]],"type":"Polygon","properties":{"name":"Passaic"},"id":"34031"},{"arcs":[[-2370,8871,-345,-3923,-3388,-3275,-1374]],"type":"Polygon","properties":{"name":"Sheridan"},"id":"31161"},{"arcs":[[-5080,-5957,8872,-1281,8873]],"type":"Polygon","properties":{"name":"Darlington"},"id":"45031"},{"arcs":[[-8742,-5375,8874,-8624,-3969]],"type":"Polygon","properties":{"name":"Washington"},"id":"31177"},{"arcs":[[-4106,-8460,-6339,8875,-3375,8876,-5253,8877]],"type":"Polygon","properties":{"name":"Gallatin"},"id":"30031"},{"arcs":[[8878,8879,8880,8881,8882,-3370]],"type":"Polygon","properties":{"name":"Big Horn"},"id":"56003"},{"arcs":[[-7785,-5598,-8760,-5539,-1154]],"type":"Polygon","properties":{"name":"Johnson"},"id":"21115"},{"arcs":[[-6040,8883,-6020,8884,-5677,8885,8886,-2877]],"type":"Polygon","properties":{"name":"Chatham"},"id":"37037"},{"arcs":[[-7788,8887,-5534,-2547,-7842,-4019]],"type":"Polygon","properties":{"name":"Marshall"},"id":"21157"},{"arcs":[[-1333,-4491,-8253,-8662,-4871,-8341,-4077]],"type":"Polygon","properties":{"name":"Brunswick"},"id":"51025"},{"arcs":[[-1169,-310,-1150,-7352,8888]],"type":"Polygon","properties":{"name":"Muskegon"},"id":"26121"},{"arcs":[[-2590,-2102,-3099,-8349,-797,-718,8889]],"type":"Polygon","properties":{"name":"Edwards"},"id":"48137"},{"arcs":[[-4073,-4923,-6086,-4991,8890,8891,-4830]],"type":"Polygon","properties":{"name":"Carroll"},"id":"47017"},{"arcs":[[-5707,-5782,-5089,8892,8893]],"type":"Polygon","properties":{"name":"Calhoun"},"id":"45017"},{"arcs":[[8894,-7876,8895,-8678,-8682]],"type":"Polygon","properties":{"name":"Jasper"},"id":"45053"},{"arcs":[[-8891,-4996,-7862,-5506,8896]],"type":"Polygon","properties":{"name":"Henderson"},"id":"47077"},{"arcs":[[8897,-4032,-7025,-6824]],"type":"Polygon","properties":{"name":"Kittson"},"id":"27069"},{"arcs":[[-7981,-5045,-5426,-8234,-8064]],"type":"Polygon","properties":{"name":"Ottawa"},"id":"40115"},{"arcs":[[-6159,-8524,8898,-7965]],"type":"Polygon","properties":{"name":"Long"},"id":"13183"},{"arcs":[[-7066,-6766,-4763,-677,-7693,-7092]],"type":"Polygon","properties":{"name":"Ontario"},"id":"36069"},{"arcs":[[-7667,-4389,-5155,8899,8900]],"type":"Polygon","properties":{"name":"Marion"},"id":"45067"},{"arcs":[[8901,-6962,8902,-6754,-7032,8903]],"type":"Polygon","properties":{"name":"Atchison"},"id":"29005"},{"arcs":[[8904,-5992,-7132,-2477]],"type":"Polygon","properties":{"name":"Clark"},"id":"53011"},{"arcs":[[-5228,-4580,-6009,-7879,-8779,-6662]],"type":"Polygon","properties":{"name":"Sevier"},"id":"47155"},{"arcs":[[-3219,8905,-2584,-8068,-692,-6135,-3416]],"type":"Polygon","properties":{"name":"Bosque"},"id":"48035"},{"arcs":[[8906,-3285,8907,-1301,8908,-8790,-3138,-4178]],"type":"Polygon","properties":{"name":"Converse"},"id":"56009"},{"arcs":[[8909,-4822,-6588,-7880,-3990]],"type":"Polygon","properties":{"name":"Hancock"},"id":"47067"},{"arcs":[[-796,8910,8911,-5704,-5770,-204]],"type":"Polygon","properties":{"name":"Fairfield"},"id":"45039"},{"arcs":[[-4838,-8214,-7873,-8895,-8681,-7738]],"type":"Polygon","properties":{"name":"Hampton"},"id":"45049"},{"arcs":[[-4373,-8451,-5082,8912,-8911,-795,-8165]],"type":"Polygon","properties":{"name":"Lancaster"},"id":"45057"},{"arcs":[[8913,-223,8914,8915,8916]],"type":"Polygon","properties":{"name":"Polk"},"id":"55095"},{"arcs":[[8917,8918,-4390,-3826,-3035]],"type":"Polygon","properties":{"name":"Daggett"},"id":"49009"},{"arcs":[[-1262,-5394,-3653,-7696,-997,8919]],"type":"Polygon","properties":{"name":"Kane"},"id":"49025"},{"arcs":[[-1300,-3150,-5384,-8791,-8909]],"type":"Polygon","properties":{"name":"Platte"},"id":"56031"},{"arcs":[[8920,-8893,-5088,-6055,-7623,-8212,-3661,-3926,8921]],"type":"Polygon","properties":{"name":"Orangeburg"},"id":"45075"},{"arcs":[[8922,-1599,-4193,-6196,8923,8924]],"type":"Polygon","properties":{"name":"Jefferson"},"id":"41031"},{"arcs":[[-30,-6522,8925,-5767,-3357,-7789]],"type":"Polygon","properties":{"name":"Roberts"},"id":"46109"},{"arcs":[[-3871,8926,-4500,8927,8928]],"type":"Polygon","properties":{"name":"Santa Cruz"},"id":"06087"},{"arcs":[[8929,-7578,8930,-6441]],"type":"Polygon","properties":{"name":"Hancock"},"id":"28045"},{"arcs":[[-7357,-5502,8931,-7705,8932]],"type":"Polygon","properties":{"name":"Monroe"},"id":"17133"},{"arcs":[[8933,-7972,-5478,-103,-8756,-8380]],"type":"Polygon","properties":{"name":"Bowie"},"id":"48037"},{"arcs":[[-4849,-8097,-8054,-3252]],"type":"Polygon","properties":{"name":"Asotin"},"id":"53003"},{"arcs":[[-2479,-7133,-6915,-8098,8934]],"type":"Polygon","properties":{"name":"Washington"},"id":"41067"},{"arcs":[[8935,-6203,-3287,8936,-8881]],"type":"Polygon","properties":{"name":"Sheridan"},"id":"56033"},{"arcs":[[8937,8938,-5570,-8007,-8702,8939,-6346]],"type":"Polygon","properties":{"name":"Gloucester"},"id":"34015"},{"arcs":[[-5151,-6804,8940,-8922,-3925,-4885,-7331]],"type":"Polygon","properties":{"name":"Aiken"},"id":"45003"},{"arcs":[[-2891,-7798,-5445,-2632,8941]],"type":"Polygon","properties":{"name":"Estill"},"id":"21065"},{"arcs":[[-6837,-6108,-77,8942,-6943,-2230]],"type":"Polygon","properties":{"name":"Lee"},"id":"28081"},{"arcs":[[8943,-6164,8944,8945]],"type":"Polygon","properties":{"name":"Florence"},"id":"55037"},{"arcs":[[8946,-8383,-6963,-8902,8947]],"type":"Polygon","properties":{"name":"Fremont"},"id":"19071"},{"arcs":[[-6655,8948,8949,-5014,-2611,-4149,-8867]],"type":"Polygon","properties":{"name":"Huntingdon"},"id":"42061"},{"arcs":[[8950,-6974,-4917,-7453,-5270,-5434,-4381]],"type":"Polygon","properties":{"name":"Lancaster"},"id":"42071"},{"arcs":[[8951,8952,8953,-8272,-6567,-8619]],"type":"Polygon","properties":{"name":"Ashtabula"},"id":"39007"},{"arcs":[[-780,8954,-2713,-7296,8955,-3259,-2598]],"type":"Polygon","properties":{"name":"Frontier"},"id":"31063"},{"arcs":[[8956,-4522,8957,-6558]],"type":"Polygon","properties":{"name":"Baraga"},"id":"26013"},{"arcs":[[-8820,-2464,-808,8958,-5823,-4181,8959]],"type":"Polygon","properties":{"name":"San Lorenzo"},"id":"72129"},{"arcs":[[-4530,-7293,-5724,8960,-8686,8961,-7727]],"type":"Polygon","properties":{"name":"Pima"},"id":"04019"},{"arcs":[[8962,8963,-7343,-7553]],"type":"Polygon","properties":{"name":"Floyd"},"id":"18043"},{"arcs":[[-7920,-4220,-4851,-5783,-4674,-5318]],"type":"Polygon","properties":{"name":"Franklin"},"id":"53021"},{"arcs":[[-4108,8964,-2276,-5855]],"type":"Polygon","properties":{"name":"Silver Bow"},"id":"30093"},{"arcs":[[-8084,8965,8966,8967,-8148,8968,8969]],"type":"Polygon","properties":{"name":"Lane"},"id":"41039"},{"arcs":[[-5906,-4085,8970,-4896,8971]],"type":"Polygon","properties":{"name":"Scott"},"id":"29201"},{"arcs":[[-304,-5730,-8414,8972,8973,-6120]],"type":"Polygon","properties":{"name":"Cumberland"},"id":"21057"},{"arcs":[[-6659,-5773,-6805,-5149,-5607,8974]],"type":"Polygon","properties":{"name":"Greenwood"},"id":"45047"},{"arcs":[[-118,-8536,8975,8976,-8630]],"type":"Polygon","properties":{"name":"Matagorda"},"id":"48321"},{"arcs":[[-7569,-1839,-1348,8977,-6146,8978,-3751]],"type":"Polygon","properties":{"name":"Pickens"},"id":"01107"},{"arcs":[[-7238,-8850,-3064,8979]],"type":"Polygon","properties":{"name":"Colbert"},"id":"01033"},{"arcs":[[8980,-7504,8981,-8351,8982,8983,-5133]],"type":"Polygon","properties":{"name":"White"},"id":"05145"},{"arcs":[[-7619,8984,-8394,-2839,8985]],"type":"Polygon","properties":{"name":"Carroll"},"id":"39019"},{"arcs":[[-4008,-3040,8986,8987,8988,-7457,-6625,8989]],"type":"Polygon","properties":{"name":"Placer"},"id":"06061"},{"arcs":[[-3445,-986,-2648,-6490,-7772,-1938]],"type":"Polygon","properties":{"name":"McPherson"},"id":"20113"},{"arcs":[[-1008,-5194,-5345,-8096,-4847]],"type":"Polygon","properties":{"name":"Latah"},"id":"16057"},{"arcs":[[-5255,8990,-7492,-642]],"type":"Polygon","properties":{"name":"Teton"},"id":"16081"},{"arcs":[[-7952,-7742,-8455,8991,-3322,-4247]],"type":"Polygon","properties":{"name":"Tazewell"},"id":"17179"},{"arcs":[[-4518,-6840,-7912,-3996,-2308,-8930,-6440]],"type":"Polygon","properties":{"name":"Pearl River"},"id":"28109"},{"arcs":[[-7966,-8899,-8527,8992,-5927,-7984,-8138]],"type":"Polygon","properties":{"name":"Wayne"},"id":"13305"},{"arcs":[[8993,-8862,-3745,8994,-2909,-8430]],"type":"Polygon","properties":{"name":"Wright"},"id":"27171"},{"arcs":[[8995,-8588,-5556,-5469,-5199]],"type":"Polygon","properties":{"name":"King George"},"id":"51099"},{"arcs":[[-8965,-4107,-8878,-5252,-2277]],"type":"Polygon","properties":{"name":"Madison"},"id":"30057"},{"arcs":[[8996,-8223,-8357,-8649,-8392]],"type":"Polygon","properties":{"name":"Hancock"},"id":"54029"},{"arcs":[[-4097,8997,-6333,-7273,-3917,-1164,-2387]],"type":"Polygon","properties":{"name":"Goodhue"},"id":"27049"},{"arcs":[[-5601,-5522,8998,-6775,-7791,8999]],"type":"Polygon","properties":{"name":"Fleming"},"id":"21069"},{"arcs":[[-3468,-2976,9000,-8378,-7154,-7275]],"type":"Polygon","properties":{"name":"Choctaw"},"id":"40023"},{"arcs":[[-507,-3686,9001,-8211,9002,9003,9004]],"type":"Polygon","properties":{"name":"Douglas"},"id":"55031"},{"arcs":[[-8699,-3904,9005,9006,-2702,-6972]],"type":"Polygon","properties":{"name":"Genesee"},"id":"26049"},{"arcs":[[-1094,-5404,-5402,-4785,-1240,9007,-3248]],"type":"Polygon","properties":{"name":"Luzerne"},"id":"42079"},{"arcs":[[-1073,-3842,-3973,-4286,-7608]],"type":"Polygon","properties":{"name":"Colfax"},"id":"31037"},{"arcs":[[-4307,9008,9009,-5551,-4616]],"type":"Polygon","properties":{"name":"Terrell"},"id":"48443"},{"arcs":[[-4973,-7620,-8986,-2838,-6192,-8579]],"type":"Polygon","properties":{"name":"Tuscarawas"},"id":"39157"},{"arcs":[[-8315,-3725,-6817,9010,-7961,-3809,-8574]],"type":"Polygon","properties":{"name":"Oglethorpe"},"id":"13221"},{"arcs":[[-6816,-8522,-8006,-3812,-7962,-9011]],"type":"Polygon","properties":{"name":"Wilkes"},"id":"13317"},{"arcs":[[9011,-7428,-8841,9012,-6308,-8688]],"type":"Polygon","properties":{"name":"Lake"},"id":"12069"},{"arcs":[[9013,-7566,-8384,-8947,9014,-671]],"type":"Polygon","properties":{"name":"Cass"},"id":"31025"},{"arcs":[[-7975,9015,-5329,-5001,-5122,-6099,-8358]],"type":"Polygon","properties":{"name":"Westmoreland"},"id":"42129"},{"arcs":[[9016,9017,-6727,-6218,-8286,-4222,-3891,9018]],"type":"Polygon","properties":{"name":"Bedford"},"id":"51019"},{"arcs":[[9019,-3104,-6573,-6132,-4606,9020]],"type":"Polygon","properties":{"name":"Cotton"},"id":"40033"},{"arcs":[[-5264,-7425,-7429,-9012,-8690,-8839,-7369]],"type":"Polygon","properties":{"name":"Marion"},"id":"12083"},{"arcs":[[-4938,-4913,9021,-4976,-5166,9022,-7387]],"type":"Polygon","properties":{"name":"Norfolk"},"id":"25021"},{"arcs":[[-3656,9024,-759,-8413,-7089,9025]],"type":"Polygon","properties":{"name":"Jackson"},"id":"17077"},{"arcs":[[-3536,-6769,-2892,-8942,-2631,-5663,-5093]],"type":"Polygon","properties":{"name":"Madison"},"id":"21151"},{"arcs":[[9026,-4875,9027,9028,-6246,-7128]],"type":"Polygon","properties":{"name":"Bertie"},"id":"37015"},{"arcs":[[9029,-2391,-7034,9030,-3317,-7905]],"type":"Polygon","properties":{"name":"Pawnee"},"id":"31133"},{"arcs":[[-2112,-8648,-788,-6398,-3943,-8502,-7662]],"type":"Polygon","properties":{"name":"Baca"},"id":"08009"},{"arcs":[[-5039,9031,-417,-7301,-6540,-265]],"type":"Polygon","properties":{"name":"Grand Traverse"},"id":"26055"},{"arcs":[[-1004,-1204,9032,-4989,-6292,-8564,-4590,-6250]],"type":"Polygon","properties":{"name":"Charles Mix"},"id":"46023"},{"arcs":[[-853,-66,-6874,-4694,-7898,-4252]],"type":"Polygon","properties":{"name":"Rush"},"id":"18139"},{"arcs":[[-5319,-4672,-5785,-8057,-8049,-685,9033]],"type":"Polygon","properties":{"name":"Umatilla"},"id":"41059"},{"arcs":[[9034,-8946,9035,9036,9037,-2914,-8176]],"type":"Polygon","properties":{"name":"Forest"},"id":"55041"},{"arcs":[[9038,-4281,-1642,-8466,-801,-7779,-4216]],"type":"Polygon","properties":{"name":"Attala"},"id":"28007"},{"arcs":[[-3141,9039,9040,-6759,-8187,9041,9042]],"type":"Polygon","properties":{"name":"Routt"},"id":"08107"},{"arcs":[[-7525,9043,-6841,-4516,9044]],"type":"Polygon","properties":{"name":"Walthall"},"id":"28147"},{"arcs":[[9045,-2576,-882,-1798]],"type":"Polygon","properties":{"name":"Knox"},"id":"48275"},{"arcs":[[9046,-3206,-2971,-3731,-8537,-238]],"type":"Polygon","properties":{"name":"Roger Mills"},"id":"40129"},{"arcs":[[-2514,-1701,-6527,9047,-250]],"type":"Polygon","properties":{"name":"Orange"},"id":"06059"},{"arcs":[[-7033,-6757,-7958,-1758,-3318,-9031]],"type":"Polygon","properties":{"name":"Richardson"},"id":"31147"},{"arcs":[[9048,-7151,9049,9050,9051,-8825,-7556]],"type":"Polygon","properties":{"name":"Scott"},"id":"47151"},{"arcs":[[9052,-6104,-7532,-7709,-7198,-3213]],"type":"Polygon","properties":{"name":"Ouachita"},"id":"22073"},{"arcs":[[-2969,-2318,9053,-3732]],"type":"Polygon","properties":{"name":"Washita"},"id":"40149"},{"arcs":[[9054,-7233,9055,9056,-8150]],"type":"Polygon","properties":{"name":"Lake"},"id":"41037"},{"arcs":[[-2325,-3894,-5779,-1800,9057,-5798]],"type":"Polygon","properties":{"name":"Patrick"},"id":"51141"},{"arcs":[[-5052,9058,9059,-5015,-8950,9060]],"type":"Polygon","properties":{"name":"Juniata"},"id":"42067"},{"arcs":[[-6394,-5296,9061,9062,-5587,-7187]],"type":"Polygon","properties":{"name":"McMinn"},"id":"47107"},{"arcs":[[-6370,-6926,9063,-6968,-5260,-8623,-6403,-5697]],"type":"Polygon","properties":{"name":"Prince George's"},"id":"24033"},{"arcs":[[-5520,-4707,-5973,-7783,-5027,9064]],"type":"Polygon","properties":{"name":"Carter"},"id":"21043"},{"arcs":[[-5790,-3402,-1507,-4138,-2784]],"type":"Polygon","properties":{"name":"Morrow"},"id":"39117"},{"arcs":[[-7682,-3413,-5398,-1119,-6402,-3288,-3179]],"type":"Polygon","properties":{"name":"Jackson"},"id":"27063"},{"arcs":[[-3832,-2854,-8328,-8780,-8281,-7039]],"type":"Polygon","properties":{"name":"Milam"},"id":"48331"},{"arcs":[[-6366,9065,9066]],"type":"Polygon","properties":{"name":"Lancaster"},"id":"51103"},{"arcs":[[-7589,-333,-8311,-3713,-63,-852]],"type":"Polygon","properties":{"name":"Wayne"},"id":"18177"},{"arcs":[[-8984,9067,-5561,-8628,9068,-5134]],"type":"Polygon","properties":{"name":"Lonoke"},"id":"05085"},{"arcs":[[-5142,-6200,-5326,-9016,-8217]],"type":"Polygon","properties":{"name":"Armstrong"},"id":"42005"},{"arcs":[[-7339,-7336,-8276,-5887,-5894,-6389]],"type":"Polygon","properties":{"name":"Posey"},"id":"18129"},{"arcs":[[-8927,-3870,9069,-4016,-4501]],"type":"Polygon","properties":{"name":"San Benito"},"id":"06069"},{"arcs":[[9070,-1813,-8293,-3466,-8285]],"type":"Polygon","properties":{"name":"Coal"},"id":"40029"},{"arcs":[[-7104,-3568,-7120,-8782,-4310]],"type":"Polygon","properties":{"name":"Gilmer"},"id":"54021"},{"arcs":[[9071,-6214,-6858,9072,-6724,9073]],"type":"Polygon","properties":{"name":"Nelson"},"id":"51125"},{"arcs":[[9074,9075]],"type":"Polygon","properties":{"name":"Marin"},"id":"06041"},{"arcs":[[-7020,-3343,-8428,-3225,-1067]],"type":"Polygon","properties":{"name":"Bailey"},"id":"48017"},{"arcs":[[-8680,-6879,9076,-2868,-7833,-6500]],"type":"Polygon","properties":{"name":"Allen"},"id":"21003"},{"arcs":[[-8943,-76,9077,-1837,-7568,-7517,-6944]],"type":"Polygon","properties":{"name":"Monroe"},"id":"28095"},{"arcs":[[-6482,9078,-7699,9079]],"type":"Polygon","properties":{"name":"Belknap"},"id":"33001"},{"arcs":[[-4638,9080,9081,-7393,-7653]],"type":"Polygon","properties":{"name":"Bronx"},"id":"36005"},{"arcs":[[-1577,-1844,-7415,-4495,-6410]],"type":"Polygon","properties":{"name":"Bradley"},"id":"05011"},{"arcs":[[-7923,-7829,-8512,9082,-6599]],"type":"Polygon","properties":{"name":"Doña Ana"},"id":"35013"},{"arcs":[[9083,9084,-8249,-8695,-4725,-1143]],"type":"Polygon","properties":{"name":"Washtenaw"},"id":"26161"},{"arcs":[[9085,-5964,9086,-8916,9087,9088,-4095]],"type":"Polygon","properties":{"name":"Washington"},"id":"27163"},{"arcs":[[-8458,-6431,-3727,-8314,9089]],"type":"Polygon","properties":{"name":"Jackson"},"id":"13157"},{"arcs":[[-1134,-3671,-922,-8227,-6876,-653]],"type":"Polygon","properties":{"name":"Coffey"},"id":"20031"},{"arcs":[[-3231,-3784,9090,-4152,-5233]],"type":"Polygon","properties":{"name":"Chippewa"},"id":"27023"},{"arcs":[[-3659,-550,-3797,-785,-8647]],"type":"Polygon","properties":{"name":"Hamilton"},"id":"20075"},{"arcs":[[-331,-1469,-793,-8268,-8488,-8577,-8312]],"type":"Polygon","properties":{"name":"Montgomery"},"id":"39113"},{"arcs":[[-8755,9091,-5940,-1814,-9071,-8284,-1817,-2650]],"type":"Polygon","properties":{"name":"Pontotoc"},"id":"40123"},{"arcs":[[-3066,-8852,-6928,9092,9093]],"type":"Polygon","properties":{"name":"Winston"},"id":"01133"},{"arcs":[[-7109,-7822,9094,-7035,-1857]],"type":"Polygon","properties":{"name":"Richland"},"id":"30083"},{"arcs":[[9095,-4622,9096,-5686,-5691,-8598,9097]],"type":"Polygon","properties":{"name":"Tooele"},"id":"49045"},{"arcs":[[-75,-3067,-9094,9098,-1345,-1838,-9078]],"type":"Polygon","properties":{"name":"Marion"},"id":"01093"},{"arcs":[[-6957,-2213,-1548,-194,-329,-2762]],"type":"Polygon","properties":{"name":"Mercer"},"id":"39107"},{"arcs":[[-9051,9099,-5293,9100,9101]],"type":"Polygon","properties":{"name":"Morgan"},"id":"47129"},{"arcs":[[9102,9103,9104,-2322,9105,-2435,9106]],"type":"Polygon","properties":{"name":"Montgomery"},"id":"51121"},{"arcs":[[-5424,-5467,-6924,-7629,-4321,-7808,-8235]],"type":"Polygon","properties":{"name":"Benton"},"id":"05007"},{"arcs":[[9107,-8952,-8618,-4060]],"type":"Polygon","properties":{"name":"Lake"},"id":"39085"},{"arcs":[[-2674,-5615,9108,-3033]],"type":"Polygon","properties":{"name":"Uinta"},"id":"56041"},{"arcs":[[-6421,9109,-7470,-6426,9110,-1500]],"type":"Polygon","properties":{"name":"Calhoun"},"id":"13037"},{"arcs":[[-5638,9111,9112,-8832,-8799,-1236]],"type":"Polygon","properties":{"name":"Mercer"},"id":"34021"},{"arcs":[[-4546,-7265,-7500,-8645,-6737,-3858]],"type":"Polygon","properties":{"name":"Dubuque"},"id":"19061"},{"arcs":[[-7454,9113,-3872,-8929,9114]],"type":"Polygon","properties":{"name":"San Mateo"},"id":"06081"},{"arcs":[[-2125,-7602,-7715]],"type":"Polygon","properties":{"name":"Lake"},"id":"30047"},{"arcs":[[9115,-6000,9116,9117]],"type":"Polygon","properties":{"name":"Grand Isle"},"id":"50013"},{"arcs":[[9118,-3047,-8870,9119,-7397,-3675]],"type":"Polygon","properties":{"name":"Conejos"},"id":"08021"},{"arcs":[[9120,-6347,-8940,-8705,9121,-6351]],"type":"Polygon","properties":{"name":"Salem"},"id":"34033"},{"arcs":[[-1892,9122,-8155,9123,-8609,9124]],"type":"Polygon","properties":{"name":"Churchill"},"id":"32001"},{"arcs":[[9125,-8613,9126,-8988]],"type":"Polygon","properties":{"name":"Carson City"},"id":"32510"},{"arcs":[[9127,-4887,-536,-2820,-6734,-7992,-8787,-1593]],"type":"Polygon","properties":{"name":"Emanuel"},"id":"13107"},{"arcs":[[-8342,-4876,-9027,-7127,-2730,9128]],"type":"Polygon","properties":{"name":"Halifax"},"id":"37083"},{"arcs":[[-6808,-4412,-8459,9129,-8436,-1368,-6889]],"type":"Polygon","properties":{"name":"Gwinnett"},"id":"13135"},{"arcs":[[9130,-8592,9131,-9112,-5637]],"type":"Polygon","properties":{"name":"Somerset"},"id":"34035"},{"arcs":[[9132,-6233,9133,-7321,-7419]],"type":"Polygon","properties":{"name":"Colusa"},"id":"06011"},{"arcs":[[9134,-1802,-8629,-4125,-6608,-8656]],"type":"Polygon","properties":{"name":"Forsyth"},"id":"37067"},{"arcs":[[9135,9136,-3754,-7423,-6828]],"type":"Polygon","properties":{"name":"St. Johns"},"id":"12109"},{"arcs":[[9137,-8476,9138]],"type":"Polygon","properties":{"name":"Whatcom"},"id":"53073"},{"arcs":[[-2676,-3032,-5683,9139,9140]],"type":"Polygon","properties":{"name":"Morgan"},"id":"49029"},{"arcs":[[-6538,-5005,-5766,9141,9142]],"type":"Polygon","properties":{"name":"Del Norte"},"id":"06015"},{"arcs":[[9143,9144,-8665,-6354,-7303]],"type":"Polygon","properties":{"name":"Calhoun"},"id":"01015"},{"arcs":[[-7466,9145,-7572,-7416,-7281]],"type":"Polygon","properties":{"name":"Gadsden"},"id":"12039"},{"arcs":[[-3555,-6999,9146,-7768,-7344,-8964,9147]],"type":"Polygon","properties":{"name":"Clark"},"id":"18019"},{"arcs":[[-3887,-4320,9148,-9144,-7302,-7458]],"type":"Polygon","properties":{"name":"Etowah"},"id":"01055"},{"arcs":[[-8171,-2360,9149,9150]],"type":"Polygon","properties":{"name":"Anchorage"},"id":"02020"},{"arcs":[[9151,9152,-5518,-4261,-5536,-8275]],"type":"Polygon","properties":{"name":"Daviess"},"id":"21059"},{"arcs":[[-4498,-6106,9153,-5021,-5510,-4812]],"type":"Polygon","properties":{"name":"Claiborne"},"id":"22027"},{"arcs":[[9154,-6475,-8698]],"type":"Polygon","properties":{"name":"Huron"},"id":"26063"},{"arcs":[[-4985,-3362,-8207,-2515,-8693,-8565]],"type":"Polygon","properties":{"name":"Cedar"},"id":"31027"},{"arcs":[[-6335,-2046,-5634,-6057,-6286,-6327]],"type":"Polygon","properties":{"name":"Columbia"},"id":"55021"},{"arcs":[[-1161,-5788,-8560,-7854,-6154,-2621,-5554]],"type":"Polygon","properties":{"name":"Walworth"},"id":"55127"},{"arcs":[[-4857,-5844,-5838,-8144,-8707]],"type":"Polygon","properties":{"name":"Cass"},"id":"26027"},{"arcs":[[-8531,-8426,-6891,-3447,9155,-8570,-8720]],"type":"Polygon","properties":{"name":"Talbot"},"id":"13263"},{"arcs":[[-8873,-5956,-7668,-8901,9156,-5085,-5781,-1282]],"type":"Polygon","properties":{"name":"Florence"},"id":"45041"},{"arcs":[[[-4927,9157,-4667,9158]],[[9159,9160,-4663,9161]]],"type":"MultiPolygon","properties":{"name":"Nueces"},"id":"48355"},{"arcs":[[-5526,-461,-120,-8633,-7404,-8507]],"type":"Polygon","properties":{"name":"Victoria"},"id":"48469"},{"arcs":[[9162,-3940,9163,-6551,-3821,9164,9165]],"type":"Polygon","properties":{"name":"Montgomery"},"id":"29139"},{"arcs":[[-1898,-7949,-3335,-7251,-7247,-2459,-6062]],"type":"Polygon","properties":{"name":"Bayamón"},"id":"72021"},{"arcs":[[-8160,9166,-8250,-4489,9167,-5549]],"type":"Polygon","properties":{"name":"Amelia"},"id":"51007"},{"arcs":[[-7575,9168,9169,-7191,9170,9171,-6678]],"type":"Polygon","properties":{"name":"Jefferson"},"id":"12065"},{"arcs":[[[9172]],[[9173,9174,9175]]],"type":"MultiPolygon","properties":{"name":"St. Bernard"},"id":"22087"},{"arcs":[[-4525,-5302,-8548,9176,-8833]],"type":"Polygon","properties":{"name":"Delta"},"id":"26041"},{"arcs":[[-1407,-1338,9177,-78,-5370,9178]],"type":"Polygon","properties":{"name":"Freeborn"},"id":"27047"},{"arcs":[[-7358,-8933,-7704,-6946,-1389,-5181]],"type":"Polygon","properties":{"name":"Jefferson"},"id":"29099"},{"arcs":[[9179,-5877,9180,-6026,-8024]],"type":"Polygon","properties":{"name":"Onslow"},"id":"37133"},{"arcs":[[[9181,-6534]],[[-6531,9182]],[[9183,9184]]],"type":"MultiPolygon","properties":{"name":"Dare"},"id":"37055"},{"arcs":[[[9185]],[[9186]]],"type":"MultiPolygon","properties":{"name":"Kauai"},"id":"15007"},{"arcs":[[-5064,-2813,9187,9188,-7858,-5137]],"type":"Polygon","properties":{"name":"Meade"},"id":"46093"},{"arcs":[[-7986,-4942,-4001,9189,-6830,-2447,-7951,-7243,-3504]],"type":"Polygon","properties":{"name":"Baker"},"id":"12003"},{"arcs":[[-7438,-7323,-6628,-8736,9190,9191]],"type":"Polygon","properties":{"name":"Solano"},"id":"06095"},{"arcs":[[9192,-6565,-7380,9193]],"type":"Polygon","properties":{"name":"Chowan"},"id":"37041"},{"arcs":[[-7316,-8133,-4174,-7381,-5667,9194]],"type":"Polygon","properties":{"name":"La Crosse"},"id":"55063"},{"arcs":[[-8305,9195,-3102,9196,-6641,-6015,9197,-6013]],"type":"Polygon","properties":{"name":"York"},"id":"51199"},{"arcs":[[-6443,9198,-9176,9199,-7373]],"type":"Polygon","properties":{"name":"Orleans"},"id":"22071"},{"arcs":[[-7781,-315,-8303,-8865,-7649,-3507]],"type":"Polygon","properties":{"name":"Clark"},"id":"29045"},{"arcs":[[9200,-6029,9201,9202,-4386]],"type":"Polygon","properties":{"name":"Brunswick"},"id":"37019"},{"arcs":[[-7695,-7830,-4069,9203,-1050]],"type":"Polygon","properties":{"name":"Tioga"},"id":"42117"},{"arcs":[[-6985,9204,-4316,-7736,-8446,9205,9206]],"type":"Polygon","properties":{"name":"Lincoln"},"id":"47103"},{"arcs":[[9207,-8240,-7914,-7536]],"type":"Polygon","properties":{"name":"Norfolk"},"id":"51710"},{"arcs":[[9208,9209,9210,-751,-6761]],"type":"Polygon","properties":{"name":"Summit"},"id":"08117"},{"arcs":[[-7832,9211,-8938,-6345,-7452]],"type":"Polygon","properties":{"name":"Delaware"},"id":"42045"},{"arcs":[[-6591,-1477,-8497,-8135]],"type":"Polygon","properties":{"name":"Glades"},"id":"12043"},{"arcs":[[9212,-8797,9213,-5604,-5885]],"type":"Polygon","properties":{"name":"Manitowoc"},"id":"55071"},{"arcs":[[-9037,9214,9215,9216,-8092,-3665,9217]],"type":"Polygon","properties":{"name":"Oconto"},"id":"55083"},{"arcs":[[9218,-3689,9219,9220,-8167]],"type":"Polygon","properties":{"name":"Koochiching"},"id":"27071"},{"arcs":[[9221,-3995,9222,-8464,-7514,9223]],"type":"Polygon","properties":{"name":"Coahoma"},"id":"28027"},{"arcs":[[-1760,-7960,9224,-8475,9225,-2010,9226]],"type":"Polygon","properties":{"name":"Atchison"},"id":"20005"},{"arcs":[[-3244,-8229,-3582,9227,9228,-860,-2862]],"type":"Polygon","properties":{"name":"Vermilion"},"id":"17183"},{"arcs":[[9229,-4231,-4045,9230,-9210]],"type":"Polygon","properties":{"name":"Clear Creek"},"id":"08019"},{"arcs":[[-9054,-2317,9231,9232,-6032,-3209,-3733]],"type":"Polygon","properties":{"name":"Kiowa"},"id":"40075"},{"arcs":[[-9233,9233,-9021,-4605,-7658,-6033]],"type":"Polygon","properties":{"name":"Tillman"},"id":"40141"},{"arcs":[[9234,-8479,-8838,-838,9235,-8518]],"type":"Polygon","properties":{"name":"Snohomish"},"id":"53061"},{"arcs":[[9236,-2887,-6384,9237,-4466]],"type":"Polygon","properties":{"name":"Pend Oreille"},"id":"53051"},{"arcs":[[-7461,-4332,9238,-8456,-8050]],"type":"Polygon","properties":{"name":"Lumpkin"},"id":"13187"},{"arcs":[[-847,-8053,-4889,-3188,-1539,-8578,-8529,9239]],"type":"Polygon","properties":{"name":"Spalding"},"id":"13255"},{"arcs":[[-8932,-5501,-978,-3657,-9026,-7088,-7706]],"type":"Polygon","properties":{"name":"Randolph"},"id":"17157"},{"arcs":[[-7446,-6234,-9133,-7418,-8739]],"type":"Polygon","properties":{"name":"Glenn"},"id":"06021"},{"arcs":[[-6730,-1589,-1509,-7471,-6886]],"type":"Polygon","properties":{"name":"Bleckley"},"id":"13023"},{"arcs":[[9240,-817,9241,-1591,-8582,-4415]],"type":"Polygon","properties":{"name":"Washington"},"id":"13303"},{"arcs":[[-2402,9242,-5935,-7549,-6544]],"type":"Polygon","properties":{"name":"Orange"},"id":"18117"},{"arcs":[[9243,-2013,9244,-3669,9245,-8653]],"type":"Polygon","properties":{"name":"Shawnee"},"id":"20177"},{"arcs":[[-6496,9246,-1190,9247,-7793,-7838,-4443]],"type":"Polygon","properties":{"name":"Harrison"},"id":"21097"},{"arcs":[[-7911,-7599,-7084,-5491,-7776,-6940]],"type":"Polygon","properties":{"name":"St. Landry"},"id":"22097"},{"arcs":[[-7780,-4740,-4743,-4277,-5173]],"type":"Polygon","properties":{"name":"Rankin"},"id":"28121"},{"arcs":[[-9226,-8474,9248,9249,9250,-2011]],"type":"Polygon","properties":{"name":"Leavenworth"},"id":"20103"},{"arcs":[[-8831,9251,-8009,-8801]],"type":"Polygon","properties":{"name":"Ocean"},"id":"34029"},{"arcs":[[-8077,-7436,-4626,-8297,-3170]],"type":"Polygon","properties":{"name":"Montmorency"},"id":"26119"},{"arcs":[[-3903,-8296,-8245,-9085,9252,-9006]],"type":"Polygon","properties":{"name":"Oakland"},"id":"26125"},{"arcs":[[-6270,9253,-1659,-2727,-582,-5829]],"type":"Polygon","properties":{"name":"Dallas"},"id":"48113"},{"arcs":[[-9200,-9175,9254,-7374]],"type":"Polygon","properties":{"name":"Plaquemines"},"id":"22075"},{"arcs":[[-8770,9255,-8806,-7594,9256,-4675,-4680]],"type":"Polygon","properties":{"name":"Fremont"},"id":"08043"},{"arcs":[[-2167,-885,-2166,-2249,-576,-3908]],"type":"Polygon","properties":{"name":"Jones"},"id":"48253"},{"arcs":[[-8454,-3801,-3245,-2860,-57,-7835,-3323,-8992]],"type":"Polygon","properties":{"name":"McLean"},"id":"17113"},{"arcs":[[-4243,-1360,-6702,-933,-4691,-3836,9257]],"type":"Polygon","properties":{"name":"Morgan"},"id":"17137"},{"arcs":[[9258,-4250,-4254,-7897,-4431,-6703,-4428]],"type":"Polygon","properties":{"name":"Marion"},"id":"18097"},{"arcs":[[-6485,-6955,-2225,-5291,-1531,-1178,-2549,-3692]],"type":"Polygon","properties":{"name":"Shelby"},"id":"17173"},{"arcs":[[9259,-4271,-7774,-6746,-5454,9260,-7795]],"type":"Polygon","properties":{"name":"Perry"},"id":"21193"},{"arcs":[[-3558,9261,-6502]],"type":"Polygon","properties":{"name":"Piscataquis"},"id":"23021"},{"arcs":[[-3941,-9163,9262,-1341,-8450]],"type":"Polygon","properties":{"name":"Callaway"},"id":"29027"},{"arcs":[[9263,-7012,-7823,-7110,-2929,-8556]],"type":"Polygon","properties":{"name":"Valley"},"id":"30105"},{"arcs":[[-3922,-425,-673,-2392,-9030,-7904,-2667]],"type":"Polygon","properties":{"name":"Gage"},"id":"31067"},{"arcs":[[9264,-5284,-8509,-7613,-5679,9265]],"type":"Polygon","properties":{"name":"Johnston"},"id":"37101"},{"arcs":[[9266,-24,-8692,9267,-7821,-7113]],"type":"Polygon","properties":{"name":"Williams"},"id":"38105"},{"arcs":[[9268,-8469,-6047,-876,-3189,-679]],"type":"Polygon","properties":{"name":"Pickaway"},"id":"39129"},{"arcs":[[-6189,-6391,-7924,-810,-1927]],"type":"Polygon","properties":{"name":"Grant"},"id":"38037"},{"arcs":[[-9127,-8612,9269,-5627,-7456,-8989]],"type":"Polygon","properties":{"name":"Douglas"},"id":"32005"},{"arcs":[[-3319,-1761,-9227,-2009,-9244,-8652]],"type":"Polygon","properties":{"name":"Jackson"},"id":"20085"},{"arcs":[[-8759,-4238,-5807,-4623,-9096,9270,-6791,9271,-6095]],"type":"Polygon","properties":{"name":"Elko"},"id":"32007"},{"arcs":[[-3985,-4251,-9259,-4427,-8448]],"type":"Polygon","properties":{"name":"Boone"},"id":"18011"},{"arcs":[[-2405,9272,-5429,-4334,-3027,-3238]],"type":"Polygon","properties":{"name":"Louisa"},"id":"19115"},{"arcs":[[9273,9274,-8748]],"type":"Polygon","properties":{"name":"Chippewa"},"id":"26033"},{"arcs":[[-8969,-8147,-6650,-5002,-6537,-6586,9275]],"type":"Polygon","properties":{"name":"Douglas"},"id":"41019"},{"arcs":[[[-4298,-4899]],[[9276,9277,9278,-4300,-4898]]],"type":"MultiPolygon","properties":{"name":"Fulton"},"id":"21075"},{"arcs":[[-2635,-7796,-9261,-5457,-5959,-7751,-7752]],"type":"Polygon","properties":{"name":"Clay"},"id":"21051"},{"arcs":[[9279,-7094,-7055,-7945,-6303]],"type":"Polygon","properties":{"name":"Wyoming"},"id":"36121"},{"arcs":[[-1722,-3441,-6021,-8884,-6039]],"type":"Polygon","properties":{"name":"Orange"},"id":"37135"},{"arcs":[[[-6556,9280]],[[9281]]],"type":"MultiPolygon","properties":{"name":"Keweenaw"},"id":"26083"},{"arcs":[[-6521,-1675,-3233,-5232,-5768,-8926]],"type":"Polygon","properties":{"name":"Big Stone"},"id":"27011"},{"arcs":[[-9279,9282,-4075,-4829,-5831,-4301]],"type":"Polygon","properties":{"name":"Obion"},"id":"47131"},{"arcs":[[-5070,-5545,9283,9284,-5620,9285]],"type":"Polygon","properties":{"name":"Unicoi"},"id":"47171"},{"arcs":[[-4621,-5250,-2677,-9141,9286]],"type":"Polygon","properties":{"name":"Weber"},"id":"49057"},{"arcs":[[-8847,-7676,-8815,-7170,-7253,-6173,-8843,-2980,9287]],"type":"Polygon","properties":{"name":"Kanawha"},"id":"54039"},{"arcs":[[-5629,9288,9289,-8390,9290,-7836]],"type":"Polygon","properties":{"name":"Tuolumne"},"id":"06109"},{"arcs":[[-959,-932,-6455,9291,-6960]],"type":"Polygon","properties":{"name":"Taylor"},"id":"19173"},{"arcs":[[-4154,9292,-7841,-7680,-1313,-3641]],"type":"Polygon","properties":{"name":"Redwood"},"id":"27127"},{"arcs":[[-7542,-6844,-5061,9293,-2955,9294]],"type":"Polygon","properties":{"name":"Fulton"},"id":"05049"},{"arcs":[[[-6894,-6897,-8576,-6888,-6422,-529,-2222]],[[-8575,-6895,-6893]]],"type":"MultiPolygon","properties":{"name":"Macon"},"id":"13193"},{"arcs":[[-5031,9295,9296,9297,-8721,9298,-6993,-8291]],"type":"Polygon","properties":{"name":"Angelina"},"id":"48005"},{"arcs":[[-8283,-8781,-7219,9299,-4199,9300,-4825]],"type":"Polygon","properties":{"name":"Washington"},"id":"48477"},{"arcs":[[-3195,-8538,-2553,-8036]],"type":"Polygon","properties":{"name":"Gray"},"id":"48179"},{"arcs":[[-6111,-4279,-2415,-6842,-9044,-7524]],"type":"Polygon","properties":{"name":"Lawrence"},"id":"28077"},{"arcs":[[-9198,-6014]],"type":"Polygon","properties":{"name":"Williamsburg"},"id":"51830"},{"arcs":[[-8783,-7118,9301,-8716,-7584,9302,-7167]],"type":"Polygon","properties":{"name":"Webster"},"id":"54101"},{"arcs":[[-1267,9303,-3143,9304,-8918,-3034,-9109,-5614]],"type":"Polygon","properties":{"name":"Sweetwater"},"id":"56037"},{"arcs":[[-1057,-2004,-7097,-2907,-8663]],"type":"Polygon","properties":{"name":"Ramsey"},"id":"38071"},{"arcs":[[-5051,-6978,9305,-1412,-3250,9306,9307,-9059]],"type":"Polygon","properties":{"name":"Northumberland"},"id":"42097"},{"arcs":[[-8670,-321,-2086,-3132,9308,-1682,-6115]],"type":"Polygon","properties":{"name":"St. Clair"},"id":"29185"},{"arcs":[[-4585,-8554,-3155,-6337,-6001]],"type":"Polygon","properties":{"name":"Judith Basin"},"id":"30045"},{"arcs":[[-3855,-8239,-4207,-4194,-9300,-7218]],"type":"Polygon","properties":{"name":"Grimes"},"id":"48185"},{"arcs":[[-4570,9309,-146,-3194,-1012]],"type":"Polygon","properties":{"name":"Ochiltree"},"id":"48357"},{"arcs":[[-9140,-5682,-9097,-9287]],"type":"Polygon","properties":{"name":"Davis"},"id":"49011"},{"arcs":[[-2915,-9038,-9218,-3667,-8091,9310,-1271]],"type":"Polygon","properties":{"name":"Langlade"},"id":"55067"},{"arcs":[[-9271,-9098,-8600,9311,-4630,-8157,-6792]],"type":"Polygon","properties":{"name":"White Pine"},"id":"32033"},{"arcs":[[-4994,-5460,-5315,-6259,-7234,-7863]],"type":"Polygon","properties":{"name":"Wayne"},"id":"47181"},{"arcs":[[-9189,9312,-6853,9313,9314,-7859]],"type":"Polygon","properties":{"name":"Haakon"},"id":"46055"},{"arcs":[[-8740,-7421,-7439,-9192,9315,-9075,9316]],"type":"Polygon","properties":{"name":"Sonoma"},"id":"06097"},{"arcs":[[9317,9318,-6316,-7480,-7477,-7708]],"type":"Polygon","properties":{"name":"East Carroll"},"id":"22035"},{"arcs":[[9319,-2997,9320,-9169,-7574,9321]],"type":"Polygon","properties":{"name":"Thomas"},"id":"13275"},{"arcs":[[9322,-716,-8816,-4475]],"type":"Polygon","properties":{"name":"Barceloneta"},"id":"72017"},{"arcs":[[-3052,-7527,9323,-7004,9324,9325,-7473]],"type":"Polygon","properties":{"name":"Amite"},"id":"28005"},{"arcs":[[-9314,-6852,-2042,9326,9327]],"type":"Polygon","properties":{"name":"Jones"},"id":"46075"},{"arcs":[[-7587,-8443,9328,9329,-7192,9330]],"type":"Polygon","properties":{"name":"Bath"},"id":"51017"},{"arcs":[[-8961,-5723,-6320,-7229,9331,-8684]],"type":"Polygon","properties":{"name":"Cochise"},"id":"04003"},{"arcs":[[-6786,-7921,-5322,-6883,-5989,9332,-5036]],"type":"Polygon","properties":{"name":"Yakima"},"id":"53077"},{"arcs":[[-7171,-1272,-9311,-8094,-3634,-6058,-3848]],"type":"Polygon","properties":{"name":"Marathon"},"id":"55073"},{"arcs":[[[-7176,-7583,-3860,-8339,-3547,9333,9334]],[[9335]]],"type":"MultiPolygon","properties":{"name":"Mayagüez"},"id":"72097"},{"arcs":[[-9334,-3546,-8340,-2257,9336]],"type":"Polygon","properties":{"name":"Cabo Rojo"},"id":"72023"},{"arcs":[[-1203,-337,-4990,-9033]],"type":"Polygon","properties":{"name":"Douglas"},"id":"46043"},{"arcs":[[9337,9338,-102,-4158,-5363]],"type":"Polygon","properties":{"name":"Cannon"},"id":"47015"},{"arcs":[[-8668,9339,-1706,9340,-3717,-8803,-128]],"type":"Polygon","properties":{"name":"Randolph"},"id":"01111"},{"arcs":[[-8402,-2983,9341,9342,-2442,-8440,-6510,-5595]],"type":"Polygon","properties":{"name":"Mingo"},"id":"54059"},{"arcs":[[-6297,-5139,-7861,-5077,-1295,-8908,-3284]],"type":"Polygon","properties":{"name":"Weston"},"id":"56045"},{"arcs":[[-1189,-5602,-9000,-7790,-9248]],"type":"Polygon","properties":{"name":"Robertson"},"id":"21201"},{"arcs":[[9343,-1572,-546,-7955,-8567,-6989,-7848]],"type":"Polygon","properties":{"name":"Woodbury"},"id":"19193"},{"arcs":[[-7481,-5175,-6110,-8777,-7141]],"type":"Polygon","properties":{"name":"Claiborne"},"id":"28021"},{"arcs":[[-5443,-745,-559,9344,-8853]],"type":"Polygon","properties":{"name":"DeSoto"},"id":"28033"},{"arcs":[[9345,-9322,-7573,-9146,-7465]],"type":"Polygon","properties":{"name":"Grady"},"id":"13131"},{"arcs":[[-6179,9346,-3478,-6266,9347,9348,-7254]],"type":"Polygon","properties":{"name":"Río Grande"},"id":"72119"},{"arcs":[[-7255,-9349,9349,-1016,-5824,-8959,-807]],"type":"Polygon","properties":{"name":"Las Piedras"},"id":"72085"},{"arcs":[[9350,-8844,-6176,9351,-2443,-9343]],"type":"Polygon","properties":{"name":"Wyoming"},"id":"54109"},{"arcs":[[-5565,9352,-7512,9353,-1841,-46]],"type":"Polygon","properties":{"name":"Desha"},"id":"05041"},{"arcs":[[-7648,-8871,-8439,-8589,-9131,-5636,-6597]],"type":"Polygon","properties":{"name":"Morris"},"id":"34027"},{"arcs":[[-5915,-8498,-8494,-8724,9354,9355]],"type":"Polygon","properties":{"name":"Collier"},"id":"12021"},{"arcs":[[-9142,-5765,-8453,-8738,9356]],"type":"Polygon","properties":{"name":"Humboldt"},"id":"06023"},{"arcs":[[-7350,-5910,-4962,-8805,-6579,-4646]],"type":"Polygon","properties":{"name":"Northwest Hills"},"id":"09160"},{"arcs":[[-7763,-7291,-2619,-6371,-7285,9357]],"type":"Polygon","properties":{"name":"Wilcox"},"id":"01131"},{"arcs":[[-5135,-9069,-8627,-8541,-5835,-8058]],"type":"Polygon","properties":{"name":"Pulaski"},"id":"05119"},{"arcs":[[-6922,9358,-2291,-4533,-7886,-7630]],"type":"Polygon","properties":{"name":"Newton"},"id":"05101"},{"arcs":[[-1263,-8920,-996,-4633]],"type":"Polygon","properties":{"name":"Washington"},"id":"49053"},{"arcs":[[-8826,-9052,-9102,9359,-1915,-4170]],"type":"Polygon","properties":{"name":"Fentress"},"id":"47049"},{"arcs":[[9360,9361,-3677,-7402,9362,-6298,-6341]],"type":"Polygon","properties":{"name":"San Juan"},"id":"35045"},{"arcs":[[-6100,-5433,9363,-8731,-5161,-7179,-8445]],"type":"Polygon","properties":{"name":"Preston"},"id":"54077"},{"arcs":[[9364,-7522,-2796,-2343,-6851,9365]],"type":"Polygon","properties":{"name":"Dewey"},"id":"46041"},{"arcs":[[-5295,-5230,-6661,9366,-9062]],"type":"Polygon","properties":{"name":"Loudon"},"id":"47105"},{"arcs":[[-8521,-5608,-5153,-7330,-8004]],"type":"Polygon","properties":{"name":"Columbia"},"id":"13073"},{"arcs":[[-180,-1145,-4729,-7184,-8029,9367,-2200]],"type":"Polygon","properties":{"name":"Hillsdale"},"id":"26059"},{"arcs":[[-8242,9368,-9184,9369,9370,-7916]],"type":"Polygon","properties":{"name":"Currituck"},"id":"37053"},{"arcs":[[-6687,-5642,9371,-7266,9372]],"type":"Polygon","properties":{"name":"Accomack"},"id":"51001"},{"arcs":[[-5891,-1175,-5341,-8273,-3365,-5335]],"type":"Polygon","properties":{"name":"Will"},"id":"17197"},{"arcs":[[9374,9375,-1773,-5338]],"type":"Polygon","properties":{"name":"Porter"},"id":"18127"},{"arcs":[[-4349,-3909,-7766,-9147,-6998]],"type":"Polygon","properties":{"name":"Trimble"},"id":"21223"},{"arcs":[[9376]],"type":"Polygon","properties":{"name":"Dukes"},"id":"25007"},{"arcs":[[-266,-6543,-7855,-8860,9379]],"type":"Polygon","properties":{"name":"Manistee"},"id":"26101"},{"arcs":[[9380,9381,-8917,-9087,-5963,-8323]],"type":"Polygon","properties":{"name":"Chisago"},"id":"27025"},{"arcs":[[9382,-8373,-4582,-821]],"type":"Polygon","properties":{"name":"Hill"},"id":"30041"},{"arcs":[[-5969,-1408,-9179,-5369,-6875,-5396]],"type":"Polygon","properties":{"name":"Faribault"},"id":"27043"},{"arcs":[[9383,-9118,9384,-4548,-7690]],"type":"Polygon","properties":{"name":"Clinton"},"id":"36019"},{"arcs":[[-8170,-41,9385,-8152,-2356]],"type":"Polygon","properties":{"name":"Copper River"},"id":"02066"},{"arcs":[[-7353,-1148,-7778,-768,-5843,9386]],"type":"Polygon","properties":{"name":"Allegan"},"id":"26005"},{"arcs":[[-6028,9387,-9202]],"type":"Polygon","properties":{"name":"New Hanover"},"id":"37129"},{"arcs":[[-466,-5555,-2624,-8042,-5931]],"type":"Polygon","properties":{"name":"Winnebago"},"id":"17201"},{"arcs":[[-6739,-8646,-8484,-8423,-8309,-8406,-2015]],"type":"Polygon","properties":{"name":"Clinton"},"id":"19045"},{"arcs":[[-3783,-2911,9388,-4738,-5846,-7840,-9293,-4153,-9091]],"type":"Polygon","properties":{"name":"Renville"},"id":"27129"},{"arcs":[[9389,-4113,-3758,-2710,-8955,-779]],"type":"Polygon","properties":{"name":"Dawson"},"id":"31047"},{"arcs":[[-9095,-9268,-8691,-7718,-3610,-8374,-7036]],"type":"Polygon","properties":{"name":"McKenzie"},"id":"38053"},{"arcs":[[-6982,-6660,-8975,-5606,-6814]],"type":"Polygon","properties":{"name":"Abbeville"},"id":"45001"},{"arcs":[[9390,-3573,9391,-7580]],"type":"Polygon","properties":{"name":"Quebradillas"},"id":"72115"},{"arcs":[[9392,-9042,-8186,-4392]],"type":"Polygon","properties":{"name":"Rio Blanco"},"id":"08103"},{"arcs":[[-9368,-8030,-3500,-7545,-2201]],"type":"Polygon","properties":{"name":"Steuben"},"id":"18151"},{"arcs":[[-7959,-6241,9393,-3474,-8471,-9225]],"type":"Polygon","properties":{"name":"Buchanan"},"id":"29021"},{"arcs":[[-7096,9394,-138,-5953,-6022]],"type":"Polygon","properties":{"name":"Richmond"},"id":"37153"},{"arcs":[[9395,-2480,9396,9397]],"type":"Polygon","properties":{"name":"Clatsop"},"id":"41007"},{"arcs":[[-6274,-7408,-4933,9398,-9160,9399,-6720]],"type":"Polygon","properties":{"name":"San Patricio"},"id":"48409"},{"arcs":[[-7388,-9023,-5170,-633,9400,-5246,9401]],"type":"Polygon","properties":{"name":"Providence"},"id":"44007"},{"arcs":[[-4306,-2591,-8890,-717,9402,-9009]],"type":"Polygon","properties":{"name":"Val Verde"},"id":"48465"},{"arcs":[[-627,-8761,-1307,-8515]],"type":"Polygon","properties":{"name":"Jefferson"},"id":"54037"},{"arcs":[[-4079,-8343,-1123,-2421]],"type":"Polygon","properties":{"name":"Vance"},"id":"37181"},{"arcs":[[-4482,-8858,-3207,-9047,-237,-143,9403]],"type":"Polygon","properties":{"name":"Ellis"},"id":"40045"},{"arcs":[[9404,-5816,-3427,-7,-861,-9229]],"type":"Polygon","properties":{"name":"Vermillion"},"id":"18165"},{"arcs":[[-5821,-1377,-1034,-6699]],"type":"Polygon","properties":{"name":"Camas"},"id":"16025"},{"arcs":[[-7834,-3596,-4595,9405,-9338,-5362,-5880]],"type":"Polygon","properties":{"name":"Wilson"},"id":"47189"},{"arcs":[[-976,-2700,-3297,-645,9406,-3654]],"type":"Polygon","properties":{"name":"Jefferson"},"id":"17081"},{"arcs":[[-5364,-4156,-4314,-9205,-6984]],"type":"Polygon","properties":{"name":"Bedford"},"id":"47003"},{"arcs":[[-4900,-4303,-5830,-7306,-7511]],"type":"Polygon","properties":{"name":"Pemiscot"},"id":"29155"},{"arcs":[[-5168,9407]],"type":"Polygon","properties":{"name":"Newport"},"id":"44005"},{"arcs":[[-9220,-3688,-6832,-8028,9408]],"type":"Polygon","properties":{"name":"Itasca"},"id":"27061"},{"arcs":[[-3381,-2768,-3095,-4479,9409,-6691]],"type":"Polygon","properties":{"name":"Clark"},"id":"20025"},{"arcs":[[-4213,-5870,-4163,-7125,-634,-7124,-4819,-4462]],"type":"Polygon","properties":{"name":"Washington"},"id":"51191"},{"arcs":[[-9352,-6175,-5747,9410,-7721,-6666,-2444]],"type":"Polygon","properties":{"name":"Mercer"},"id":"54055"},{"arcs":[[-638,-8052,-2688,-3160]],"type":"Polygon","properties":{"name":"Pickens"},"id":"13227"},{"arcs":[[-8571,-9156,-3450,9411,-5623]],"type":"Polygon","properties":{"name":"Chattahoochee"},"id":"13053"},{"arcs":[[9412,-407,-8700,-2019,-1973,9413]],"type":"Polygon","properties":{"name":"Cass"},"id":"18017"},{"arcs":[[-2012,-9251,9414,-919,-3670,-9245]],"type":"Polygon","properties":{"name":"Douglas"},"id":"20045"},{"arcs":[[-5178,9415,9416,-301,-3696]],"type":"Polygon","properties":{"name":"Taylor"},"id":"21217"},{"arcs":[[-7767,-3912,-6966,-7640,-2834,-7346]],"type":"Polygon","properties":{"name":"Shelby"},"id":"21211"},{"arcs":[[-2746,-6684,-6415,-6806,9417,-1703,-9340,-8667]],"type":"Polygon","properties":{"name":"Carroll"},"id":"13045"},{"arcs":[[-3774,-4241,-944,-7740,-1451]],"type":"Polygon","properties":{"name":"Stark"},"id":"17175"},{"arcs":[[-3977,-6706,-6736,-2821,-291]],"type":"Polygon","properties":{"name":"Owen"},"id":"18119"},{"arcs":[[-6959,-2207,-5670,-6636,-764,-3258]],"type":"Polygon","properties":{"name":"Winneshiek"},"id":"19191"},{"arcs":[[-7644,-7753,-5735,-7149,-9049,-7555]],"type":"Polygon","properties":{"name":"McCreary"},"id":"21147"},{"arcs":[[-7777,-5494,9418,9419,-8620,-7560]],"type":"Polygon","properties":{"name":"Vermilion"},"id":"22113"},{"arcs":[[-1337,-1166,-3920,-2209,-6958,-3437,-79,-9178]],"type":"Polygon","properties":{"name":"Mower"},"id":"27099"},{"arcs":[[-9309,-3135,-4870,-5266,-2233,-1683]],"type":"Polygon","properties":{"name":"Polk"},"id":"29167"},{"arcs":[[9420,-9414,-1977,-7900,-3579,-1776]],"type":"Polygon","properties":{"name":"White"},"id":"18181"},{"arcs":[[-8072,-3090,-2035,-8073,-6615,-4774]],"type":"Polygon","properties":{"name":"Wagoner"},"id":"40145"},{"arcs":[[-6392,-5481,-6255,-7523,-9365,9421,-2811]],"type":"Polygon","properties":{"name":"Corson"},"id":"46031"},{"arcs":[[-4969,9422,-4327,-4960]],"type":"Polygon","properties":{"name":"Lower Connecticut River Valley"},"id":"09130"},{"arcs":[[-5909,-7389,-9402,-5249,-7818,-4966,-4958]],"type":"Polygon","properties":{"name":"Northeastern Connecticut"},"id":"09150"},{"arcs":[[-8683,-7659,-2577,-9046,-1797,-3594]],"type":"Polygon","properties":{"name":"Foard"},"id":"48155"},{"arcs":[[-3385,9423,9424,-3331,-706,-3738]],"type":"Polygon","properties":{"name":"Phelps"},"id":"29161"},{"arcs":[[9425,-8751,-7887,-4536,-5922,9426]],"type":"Polygon","properties":{"name":"Logan"},"id":"05083"},{"arcs":[[-2935,-5753,-8657,-6610,-8766,-4131,-4371,9427,-7688]],"type":"Polygon","properties":{"name":"Iredell"},"id":"37097"},{"arcs":[[-7689,-9428,-4370,-8549,-7441,-4557]],"type":"Polygon","properties":{"name":"Lincoln"},"id":"37109"},{"arcs":[[-7731,-8348,9428,-3648]],"type":"Polygon","properties":{"name":"Dolores"},"id":"08033"},{"arcs":[[-6811,-848,-9240,-8528,9429,-1704,-9418]],"type":"Polygon","properties":{"name":"Coweta"},"id":"13077"},{"arcs":[[9430,-9427,-5925,-8013,9431,-8710]],"type":"Polygon","properties":{"name":"Scott"},"id":"05127"},{"arcs":[[-5448,-5900,-5541,-4272,-9260,-7794]],"type":"Polygon","properties":{"name":"Breathitt"},"id":"21025"},{"arcs":[[-9262,-3557,-3175,-617,-6448,-6503]],"type":"Polygon","properties":{"name":"Penobscot"},"id":"23019"},{"arcs":[[9432,-1064,-658,-307]],"type":"Polygon","properties":{"name":"Mecosta"},"id":"26107"},{"arcs":[[-5898,9433,-8324,-5967,-8863,-8994,-8429]],"type":"Polygon","properties":{"name":"Sherburne"},"id":"27141"},{"arcs":[[-4425,-3556,-9148,-8963,-7552,-5936,-9243,-2401]],"type":"Polygon","properties":{"name":"Washington"},"id":"18175"},{"arcs":[[-2776,-6004,-7684,-6919,-5465]],"type":"Polygon","properties":{"name":"Stone"},"id":"29209"},{"arcs":[[9434,-7069,9435,-4640]],"type":"Polygon","properties":{"name":"Orleans"},"id":"36073"},{"arcs":[[-5754,-2937,-7687,-4555,-6464,-8701]],"type":"Polygon","properties":{"name":"Caldwell"},"id":"37027"},{"arcs":[[-8204,-8201,-8031,-6204,-8936,-8880,9436]],"type":"Polygon","properties":{"name":"Big Horn"},"id":"30003"},{"arcs":[[-6300,9437,-7941,-7942,-5944,-5102,-6342]],"type":"Polygon","properties":{"name":"Cibola"},"id":"35006"},{"arcs":[[-7474,-9326,9438,-8194,-6603,9439]],"type":"Polygon","properties":{"name":"East Feliciana"},"id":"22037"},{"arcs":[[-3824,9440,-7021,-7890,9441,-7884]],"type":"Polygon","properties":{"name":"Montgomery"},"id":"36057"},{"arcs":[[-5618,9442,-6465,-4560,9443,-4904]],"type":"Polygon","properties":{"name":"McDowell"},"id":"37111"},{"arcs":[[-6138,-1230,-1470,-2539,-471]],"type":"Polygon","properties":{"name":"Frio"},"id":"48163"},{"arcs":[[-1906,9444,9445,9446]],"type":"Polygon","properties":{"name":"Nassau"},"id":"36059"},{"arcs":[[-4336,-5428,-1957,-3523,-8866,-8301]],"type":"Polygon","properties":{"name":"Henderson"},"id":"17071"},{"arcs":[[-8345,-1483,-6698,-8183,-5113]],"type":"Polygon","properties":{"name":"Boise"},"id":"16015"},{"arcs":[[-8983,-8353,-6378,-5562,-9068]],"type":"Polygon","properties":{"name":"Prairie"},"id":"05117"},{"arcs":[[-791,9447,-1536,-8470,-9269,-678,-8266]],"type":"Polygon","properties":{"name":"Madison"},"id":"39097"},{"arcs":[[-4905,-9444,-4559,-7440,-7882,-5775,-6041,-8182]],"type":"Polygon","properties":{"name":"Rutherford"},"id":"37161"},{"arcs":[[9448,-4508,-7539,-4232,-9230,-9209,-6760,-9041]],"type":"Polygon","properties":{"name":"Grand"},"id":"08049"},{"arcs":[[-3811,-7963,-3815,-818,-9241,-4414,-3805]],"type":"Polygon","properties":{"name":"Hancock"},"id":"13141"},{"arcs":[[-3875,-8706,-6576,-7490,-8771,-4684,-2797,-8317]],"type":"Polygon","properties":{"name":"Gunnison"},"id":"08051"},{"arcs":[[-8580,-6195,-8260,-1634,-7099,-8505]],"type":"Polygon","properties":{"name":"Muskingum"},"id":"39119"},{"arcs":[[9449,-8924,-6198,-7230,-9055,-8149,-8968]],"type":"Polygon","properties":{"name":"Deschutes"},"id":"41017"},{"arcs":[[-6654,-6979,-5053,-9061,-8949]],"type":"Polygon","properties":{"name":"Mifflin"},"id":"42087"},{"arcs":[[-5771,-5708,-8894,-8921,-8941,-6803]],"type":"Polygon","properties":{"name":"Lexington"},"id":"45063"},{"arcs":[[-9367,-6665,-8365,-4047,-5588,-9063]],"type":"Polygon","properties":{"name":"Monroe"},"id":"47123"},{"arcs":[[-9204,-4068,-1096,-3247,-1410,-9306,-6977,-7134,-1051]],"type":"Polygon","properties":{"name":"Lycoming"},"id":"42081"},{"arcs":[[-8913,-5081,-8874,-1280,-5780,-5705,-8912]],"type":"Polygon","properties":{"name":"Kershaw"},"id":"45055"},{"arcs":[[-3935,-2096,-5220,-8597,-340,-3097]],"type":"Polygon","properties":{"name":"Kendall"},"id":"48259"},{"arcs":[[-1342,-9263,-9166,9450,-3383,-4852]],"type":"Polygon","properties":{"name":"Osage"},"id":"29151"},{"arcs":[[-9223,-3994,-2707,-3131,-1845,-8396,-8465]],"type":"Polygon","properties":{"name":"Tallahatchie"},"id":"28135"},{"arcs":[[-8848,-9288,-2979,9451,-8362]],"type":"Polygon","properties":{"name":"Putnam"},"id":"54079"},{"arcs":[[-6377,-8132,9452,-9224,-7513,-9353,-5564]],"type":"Polygon","properties":{"name":"Phillips"},"id":"05107"},{"arcs":[[[-519,-8173,9453,-2267,-2920]],[[-9150,-2359,9454]],[[9455]],[[9456]],[[9457]]],"type":"MultiPolygon","properties":{"name":"Kenai Peninsula"},"id":"02122"},{"arcs":[[-9003,-6225,-219,9458]],"type":"Polygon","properties":{"name":"Washburn"},"id":"55129"},{"arcs":[[-6834,-422,-8325,-9434,-5897,-5047,-4732]],"type":"Polygon","properties":{"name":"Mille Lacs"},"id":"27095"},{"arcs":[[-3702,9459,-8827,-6411,-4493,-4811]],"type":"Polygon","properties":{"name":"Ouachita"},"id":"05103"},{"arcs":[[-4000,9460,-9136,-6827,-9190]],"type":"Polygon","properties":{"name":"Duval"},"id":"12031"},{"arcs":[[-1347,9461,-8280,-2601,-8366,-6147,-8978]],"type":"Polygon","properties":{"name":"Tuscaloosa"},"id":"01125"},{"arcs":[[-5119,-6290,-8363,-9452,-2978,-8401]],"type":"Polygon","properties":{"name":"Cabell"},"id":"54011"},{"arcs":[[-2982,-8845,-9351,-9342]],"type":"Polygon","properties":{"name":"Logan"},"id":"54045"},{"arcs":[[-1887,-3752,-8979,-6150,9462,-7410,-4351]],"type":"Polygon","properties":{"name":"Sumter"},"id":"01119"},{"arcs":[[-9093,-6931,-7460,-8279,-9462,-1346,-9099]],"type":"Polygon","properties":{"name":"Walker"},"id":"01127"},{"arcs":[[9463,-9107,-2436,-9106,-2327,-5797,-8593,-7723]],"type":"Polygon","properties":{"name":"Pulaski"},"id":"51155"},{"arcs":[[-8672,-6251,-4592,-6070,-6716,9464]],"type":"Polygon","properties":{"name":"Keya Paha"},"id":"31103"},{"arcs":[[-7193,-9330,9465,-9074,-6723,-9018,9466],[-1763],[-2960]],"type":"Polygon","properties":{"name":"Rockbridge"},"id":"51163"},{"arcs":[[9467,9468,-9019,-3890,-2323,-9105],[-8694,-6454]],"type":"Polygon","properties":{"name":"Roanoke"},"id":"51161"},{"arcs":[[-7775,-6513,9469,-4464,-4818,9470,-6748],[-109]],"type":"Polygon","properties":{"name":"Wise"},"id":"51195"},{"arcs":[[-3374,9471,-1265,-5613,-7493,-8991,-5254,-8877]],"type":"Polygon","properties":{"name":"Teton"},"id":"56039"},{"arcs":[[-6063,-4187,-114,-3305,-600,-7259,-1904,-225]],"type":"Polygon","properties":{"name":"Orocovis"},"id":"72107"},{"arcs":[[-7399,9472,9473,-4809,-5054,9474]],"type":"Polygon","properties":{"name":"Mora"},"id":"35033"},{"arcs":[[-9327,-2041,-8674,9475,9476]],"type":"Polygon","properties":{"name":"Mellette"},"id":"46095"},{"arcs":[[-8472,-3472,-1755,9477,9478]],"type":"Polygon","properties":{"name":"Clay"},"id":"29047"},{"arcs":[[-9476,-8673,9479,-441]],"type":"Polygon","properties":{"name":"Todd"},"id":"46121"},{"arcs":[[-6961,-9292,-6456,-2424,-6239,-6755,-8903]],"type":"Polygon","properties":{"name":"Nodaway"},"id":"29147"},{"arcs":[[-8134,-2585,-8906,-3218]],"type":"Polygon","properties":{"name":"Somervell"},"id":"48425"},{"arcs":[[-8131,-8854,-9345,-563,-2709,-3993,-9222,-9453]],"type":"Polygon","properties":{"name":"Tunica"},"id":"28143"},{"arcs":[[-7190,-3605,-8025,9480,-9171]],"type":"Polygon","properties":{"name":"Taylor"},"id":"12123"},{"arcs":[[-7932,9481]],"type":"Polygon","properties":{"name":"Clallam"},"id":"53009"},{"arcs":[[-7168,-9303,-7588,-9331,-7197,-7519,-5744,-7252]],"type":"Polygon","properties":{"name":"Greenbrier"},"id":"54025"},{"arcs":[[-7258,-8821,-8960,-4180,-898,-8243,-1998]],"type":"Polygon","properties":{"name":"Cayey"},"id":"72035"},{"arcs":[[-8868,-7664,-8503,-4806,-9474,9482]],"type":"Polygon","properties":{"name":"Colfax"},"id":"35007"},{"arcs":[[9483,-8602,-6397,-5391,-1260,-4632]],"type":"Polygon","properties":{"name":"Beaver"},"id":"49001"},{"arcs":[[-2337,9484,-157,-8666,-9145,-9149,-4319]],"type":"Polygon","properties":{"name":"Cherokee"},"id":"01019"},{"arcs":[[-6230,-8333,-8814,-8846,-8360,-6288]],"type":"Polygon","properties":{"name":"Meigs"},"id":"39105"},{"arcs":[[9485,-5098,-4092,-8086,-4600]],"type":"Polygon","properties":{"name":"Panola"},"id":"48365"},{"arcs":[[-442,-9480,-9465,-6717,-2741,-601,-3166,-346,-8872]],"type":"Polygon","properties":{"name":"Cherry"},"id":"31031"},{"arcs":[[-1352,-2670,-8047,-6743,-3393,-3948]],"type":"Polygon","properties":{"name":"Clay"},"id":"20027"},{"arcs":[[-6373,-7893,-6868,-375,9486,-372,-364]],"type":"Polygon","properties":{"name":"Escambia"},"id":"01053"},{"arcs":[[-8711,-9432,-8016,-1742,9487,9488]],"type":"Polygon","properties":{"name":"Polk"},"id":"05113"},{"arcs":[[-8703,-8011,9489]],"type":"Polygon","properties":{"name":"Cape May"},"id":"34009"},{"arcs":[[-9132,-8591,9490,9491,-8829,-9113]],"type":"Polygon","properties":{"name":"Middlesex"},"id":"34023"},{"arcs":[[9492,-6466,-9443,-5617,-9285]],"type":"Polygon","properties":{"name":"Mitchell"},"id":"37121"},{"arcs":[[-4331,-2807,-4689,-8457,-9239]],"type":"Polygon","properties":{"name":"White"},"id":"13311"},{"arcs":[[-1565,-3807,-4417,-8581,-6728,-1963,-1551]],"type":"Polygon","properties":{"name":"Jones"},"id":"13169"},{"arcs":[[-5628,-9270,-8611,9493,-2686,-7978,-4012,9494,-9289]],"type":"Polygon","properties":{"name":"Mono"},"id":"06051"},{"arcs":[[-8232,-5408,-8221,-8997,-8391,-8985,-7618]],"type":"Polygon","properties":{"name":"Columbiana"},"id":"39029"},{"arcs":[[-4471,-7317,-9195,-5666,-2205,-3919,-7272]],"type":"Polygon","properties":{"name":"Winona"},"id":"27169"},{"arcs":[[-3599,-1069,-3226,-1561,-6855,-1219,-3613,-2129,-8859]],"type":"Polygon","properties":{"name":"Lea"},"id":"35025"},{"arcs":[[-9079,-6481,-16,-7052,-7700]],"type":"Polygon","properties":{"name":"Strafford"},"id":"33017"},{"arcs":[[-6934,-7770,-8718,-4955,-5532,-8888,-7787]],"type":"Polygon","properties":{"name":"Livingston"},"id":"21139"},{"arcs":[[-6407,-6969,-9064,-6925,-5693,-8762]],"type":"Polygon","properties":{"name":"Montgomery"},"id":"24031"},{"arcs":[[9495,-4064,-7621,-7130,-4562,-4799]],"type":"Polygon","properties":{"name":"Lorain"},"id":"39093"},{"arcs":[[-4602,-8090,9496,-9296,-5030]],"type":"Polygon","properties":{"name":"Nacogdoches"},"id":"48347"},{"arcs":[[-1309,-8763,-5499,-5204,-7221,9497,-7225]],"type":"Polygon","properties":{"name":"Fauquier"},"id":"51061"},{"arcs":[[-4594,-1918,-6713,-96,-9339,-9406]],"type":"Polygon","properties":{"name":"DeKalb"},"id":"47041"},{"arcs":[[-4948,-5530,-7837,-9291,-8389,9498,-3868]],"type":"Polygon","properties":{"name":"Stanislaus"},"id":"06099"},{"arcs":[[-261,-6692,-9410,-4483,-9404,-142,-9310,-4569]],"type":"Polygon","properties":{"name":"Beaver"},"id":"40007"},{"arcs":[[-2295,-402,-9413,-9421,-1775]],"type":"Polygon","properties":{"name":"Pulaski"},"id":"18131"},{"arcs":[[-2131,-3614,-2659,9499,-4614,-6719]],"type":"Polygon","properties":{"name":"Ward"},"id":"48475"},{"arcs":[[-7195,9500,-9468,-9104,9501,-7520]],"type":"Polygon","properties":{"name":"Craig"},"id":"51045"},{"arcs":[[-7639,-3846,-126,-6066,9502,-3092,-2766]],"type":"Polygon","properties":{"name":"Barber"},"id":"20007"},{"arcs":[[-2191,-3113,-3916,-8810,9503,-7072,9504]],"type":"Polygon","properties":{"name":"Wood"},"id":"48499"},{"arcs":[[-3167,-603,-495,-777,-2782,-1678]],"type":"Polygon","properties":{"name":"McPherson"},"id":"31117"},{"arcs":[[-5374,-8794,-2966,-1494,-8382,-7564,-8625,-8875]],"type":"Polygon","properties":{"name":"Pottawattamie"},"id":"19155"},{"arcs":[[9505,-4980,9506,-9378]],"type":"Polygon","properties":{"name":"Barnstable"},"id":"25001"},{"arcs":[[9507]],"type":"Polygon","properties":{"name":"Hawaii"},"id":"15001"},{"arcs":[[-6134,-6572,-7997,9508,-6276,-2737]],"type":"Polygon","properties":{"name":"Montague"},"id":"48337"},{"arcs":[[-5432,9509,-6519,-6645,-8715,-8732,-9364]],"type":"Polygon","properties":{"name":"Grant"},"id":"54023"},{"arcs":[[-4950,-3353,-6358,-2481,-8411,-7733]],"type":"Polygon","properties":{"name":"Marion"},"id":"47115"},{"arcs":[[-7534,-7505,-8981,-5132,-2089]],"type":"Polygon","properties":{"name":"Cleburne"},"id":"05023"},{"arcs":[[[9510,9511,-1623,9512]],[[9513]],[[9514]],[[9515]]],"type":"MultiPolygon","properties":{"name":"Wrangell"},"id":"02275"},{"arcs":[[-9086,-4094,-8864,-5965]],"type":"Polygon","properties":{"name":"Ramsey"},"id":"27123"},{"arcs":[[-4836,-4023,-4071,-9283,-9278,9516]],"type":"Polygon","properties":{"name":"Hickman"},"id":"21105"},{"arcs":[[-6559,-8958,-4528,-6161,-8944,-9035,-8175,-4361,-8540]],"type":"Polygon","properties":{"name":"Iron"},"id":"26071"},{"arcs":[[-6541,-3562,-1947,-9433,-7856]],"type":"Polygon","properties":{"name":"Osceola"},"id":"26133"},{"arcs":[[-3397,-6722,9517,-1284,-5330,-4659]],"type":"Polygon","properties":{"name":"Duval"},"id":"48131"},{"arcs":[[-6884,-5320,-9034,-684,-4191,-1943]],"type":"Polygon","properties":{"name":"Morrow"},"id":"41049"},{"arcs":[[-9211,-9231,-4044,-8807,-9256,-8769,-752]],"type":"Polygon","properties":{"name":"Park"},"id":"08093"},{"arcs":[[9518,-5659,-8785,-8417,-8087,-4090]],"type":"Polygon","properties":{"name":"Sabine"},"id":"22085"},{"arcs":[[-585,-8661,-8675,-3074,-8067]],"type":"Polygon","properties":{"name":"Navarro"},"id":"48349"},{"arcs":[[9519,9520,-2475,-9396,9521,-7486]],"type":"Polygon","properties":{"name":"Wahkiakum"},"id":"53069"},{"arcs":[[[-620,9522]],[[-6450,9523,9524]],[[9525]]],"type":"MultiPolygon","properties":{"name":"Knox"},"id":"23013"},{"arcs":[[-2878,-8887,9526,-5681,-4764,-5833,-9395,-7095]],"type":"Polygon","properties":{"name":"Moore"},"id":"37125"},{"arcs":[[-8659,-5033,-8290,-6279,-8676]],"type":"Polygon","properties":{"name":"Anderson"},"id":"48001"},{"arcs":[[-9312,-8599,-5758,-8601,-9484,-4631]],"type":"Polygon","properties":{"name":"Millard"},"id":"49027"},{"arcs":[[-7126,-4167,-6467,-9493,-9284,-5544]],"type":"Polygon","properties":{"name":"Carter"},"id":"47019"},{"arcs":[[-9397,-8935,-8101,9527,-8081,9528]],"type":"Polygon","properties":{"name":"Tillamook"},"id":"41057"},{"arcs":[[-1278,-8206,9529,9530,-3153]],"type":"Polygon","properties":{"name":"Stillwater"},"id":"30095"},{"arcs":[[-8937,-3286,-8907,-4177,9531,-8882]],"type":"Polygon","properties":{"name":"Johnson"},"id":"56019"},{"arcs":[[-7395,9532,9533]],"type":"Polygon","properties":{"name":"Kings"},"id":"36047"},{"arcs":[[-7001,-7903,-7547,9534,-7337]],"type":"Polygon","properties":{"name":"Pike"},"id":"18125"},{"arcs":[[9535,9536,-1335,-4076,-8346,-8288]],"type":"Polygon","properties":{"name":"Charlotte"},"id":"51037"},{"arcs":[[-8501,9537,-7385,9538,-6593]],"type":"Polygon","properties":{"name":"Cheshire"},"id":"33005"},{"arcs":[[-5616,-2672,-4700,-6709]],"type":"Polygon","properties":{"name":"Bear Lake"},"id":"16007"},{"arcs":[[-6833,-508,-9005,9539,-9381,-420]],"type":"Polygon","properties":{"name":"Pine"},"id":"27115"},{"arcs":[[[-5493,-7083,9540,-2074,-7079,-8059,9541,-9419]],[[9542]]],"type":"MultiPolygon","properties":{"name":"Iberia"},"id":"22045"},{"arcs":[[-5310,-5012,-8482,-8817]],"type":"Polygon","properties":{"name":"Rutland"},"id":"50021"},{"arcs":[[-5182,-1392,-7028,-3328,-9425,9543]],"type":"Polygon","properties":{"name":"Crawford"},"id":"29055"},{"arcs":[[-6367,-9067,9544,-5558,-8587]],"type":"Polygon","properties":{"name":"Richmond"},"id":"51159"},{"arcs":[[-8099,-6917,-1600,-8923,9545,9546]],"type":"Polygon","properties":{"name":"Marion"},"id":"41047"},{"arcs":[[-4467,-9238,-6387,-5360,-1010,-4846,-7937]],"type":"Polygon","properties":{"name":"Spokane"},"id":"53063"},{"arcs":[[-8197,-8746,-8775,9547,-2068,9548]],"type":"Polygon","properties":{"name":"Ascension"},"id":"22005"},{"arcs":[[-8999,-5521,-9065,-5026,-1151,-5672,-6776]],"type":"Polygon","properties":{"name":"Rowan"},"id":"21205"},{"arcs":[[-7860,-9315,-9328,-9477,-440,-2369]],"type":"Polygon","properties":{"name":"Jackson"},"id":"46071"},{"arcs":[[-8764,-8001,-380,-5585,9549]],"type":"Polygon","properties":{"name":"Queen Anne's"},"id":"24035"},{"arcs":[[-1891,-6096,-9272,-6794,-8156,-9123]],"type":"Polygon","properties":{"name":"Lander"},"id":"32015"},{"arcs":[[-8079,9550,-8752,-9426,-9431,-8709]],"type":"Polygon","properties":{"name":"Sebastian"},"id":"05131"},{"arcs":[[-8014,-2953,-8828,-9460,-3701,-8062]],"type":"Polygon","properties":{"name":"Clark"},"id":"05019"},{"arcs":[[9551,-9478,-1754,-5420,-8772,-7207,9552]],"type":"Polygon","properties":{"name":"Jackson"},"id":"29095"},{"arcs":[[-9154,-6105,-9053,-3212,-5022]],"type":"Polygon","properties":{"name":"Lincoln"},"id":"22061"},{"arcs":[[-9060,9553,-5902,-5016]],"type":"Polygon","properties":{"name":"Perry"},"id":"42099"},{"arcs":[[-9250,9554,-9553,-7206,-5919,-9415]],"type":"Polygon","properties":{"name":"Johnson"},"id":"20091"},{"arcs":[[-6550,-4439,-8070,-8822,-7355,-5179,-3818]],"type":"Polygon","properties":{"name":"St. Charles"},"id":"29183"},{"arcs":[[-2975,-8712,-9489,9555,-7973,-8934,-8379,-9001]],"type":"Polygon","properties":{"name":"McCurtain"},"id":"40089"},{"arcs":[[-9015,-8948,-8904,-7031,-2389,-672]],"type":"Polygon","properties":{"name":"Otoe"},"id":"31131"},{"arcs":[[-3432,-8819,-9510,-5431]],"type":"Polygon","properties":{"name":"Mineral"},"id":"54057"},{"arcs":[[-3581,-7902,-5813,-9405,-9228]],"type":"Polygon","properties":{"name":"Warren"},"id":"18171"},{"arcs":[[-5688,-3828,-4395,-8595,-5755]],"type":"Polygon","properties":{"name":"Carbon"},"id":"49007"},{"arcs":[[[-8726,9556,-8730,9557]],[[-9355,-8728,9558]],[[9559]]],"type":"MultiPolygon","properties":{"name":"Monroe"},"id":"12087"},{"arcs":[[-8487,-4244,-9258,-3838,-4690,-4436,9560,-5382,-6695]],"type":"Polygon","properties":{"name":"Pike"},"id":"17149"},{"arcs":[[-5323,-1693,-1437,-1485,-6076]],"type":"Polygon","properties":{"name":"Sedgwick"},"id":"08115"},{"arcs":[[9561,-8637,-7935,-7918,-6169,-8837,-8477,-9138]],"type":"Polygon","properties":{"name":"Okanogan"},"id":"53047"},{"arcs":[[-7749,-5305,-6030,-9201,-4385]],"type":"Polygon","properties":{"name":"Columbus"},"id":"37047"},{"arcs":[[-7831,-1238,-8802,-5571,-8939,-9212]],"type":"Polygon","properties":{"name":"Philadelphia"},"id":"42101"},{"arcs":[[-3372,9562,9563]],"type":"Polygon","properties":{"name":"Hot Springs"},"id":"56017"},{"arcs":[[-2336,-6585,-3162,-7737,-152,-9485]],"type":"Polygon","properties":{"name":"Floyd"},"id":"13115"},{"arcs":[[-8956,-7300,9564,-8643,-3260]],"type":"Polygon","properties":{"name":"Red Willow"},"id":"31145"},{"arcs":[[-9217,9565,-8798,-9213,-5884,-2662,-8093]],"type":"Polygon","properties":{"name":"Brown"},"id":"55009"},{"arcs":[[-9417,9566,-4711,-4452,-7642,-5726,-302]],"type":"Polygon","properties":{"name":"Casey"},"id":"21045"},{"arcs":[[-6878,-6121,-8974,9567,-2869,-9077]],"type":"Polygon","properties":{"name":"Monroe"},"id":"21171"},{"arcs":[[-9436,-7068,-7091,-9280,-6302,-4641]],"type":"Polygon","properties":{"name":"Genesee"},"id":"36037"},{"arcs":[[-9568,-8973,-8416,-8824,-4168,9568,-2870]],"type":"Polygon","properties":{"name":"Clay"},"id":"47027"},{"arcs":[[-9499,-8388,9569,-4010,-9070,-3869]],"type":"Polygon","properties":{"name":"Merced"},"id":"06047"},{"arcs":[[-2536,-3533,9570,-6911,-5975,-5736]],"type":"Polygon","properties":{"name":"Kay"},"id":"40071"},{"arcs":[[-7469,9571,-2998,-9320,-9346,-7464,-6428]],"type":"Polygon","properties":{"name":"Mitchell"},"id":"13205"},{"arcs":[[-4124,-4712,-9567,-9416,-5177,-4723]],"type":"Polygon","properties":{"name":"Marion"},"id":"21155"},{"arcs":[[-3249,-9008,-1244,-5417,-4919,-6973,9572,-9307]],"type":"Polygon","properties":{"name":"Schuylkill"},"id":"42107"},{"arcs":[[-3962,-1080,-5117,-4704,-5519,-8398]],"type":"Polygon","properties":{"name":"Scioto"},"id":"39145"},{"arcs":[[-8993,-8526,9573,-8354,-5928]],"type":"Polygon","properties":{"name":"Glynn"},"id":"13127"},{"arcs":[[-4513,-6311,-3182,9574,-6379]],"type":"Polygon","properties":{"name":"Hillsborough"},"id":"12057"},{"arcs":[[-6721,-9400,-9162,-4666,-1285,-9518]],"type":"Polygon","properties":{"name":"Jim Wells"},"id":"48249"},{"arcs":[[-6477,9575,-8294,-3901]],"type":"Polygon","properties":{"name":"St. Clair"},"id":"26147"},{"arcs":[[-4257,-1573,-9344,-7847]],"type":"Polygon","properties":{"name":"Plymouth"},"id":"19149"},{"arcs":[[-7338,-9535,-7551,9576,-9152,-8274,-7334]],"type":"Polygon","properties":{"name":"Warrick"},"id":"18173"},{"arcs":[[-6329,-7678,-7262,-7754,-7383]],"type":"Polygon","properties":{"name":"Richland"},"id":"55103"},{"arcs":[[-7078,-6050,-1671,-5941,-9092,-8754,-4566]],"type":"Polygon","properties":{"name":"Pottawatomie"},"id":"40125"},{"arcs":[[-9530,-8205,-9437,-8879,-3369,9577]],"type":"Polygon","properties":{"name":"Carbon"},"id":"30009"},{"arcs":[[-8230,-1501,-9111,-6430,-2489,-4418,-5867]],"type":"Polygon","properties":{"name":"Early"},"id":"13099"},{"arcs":[[-8500,-7701,-7054,-6506,-4935,-7386,-9538]],"type":"Polygon","properties":{"name":"Hillsborough"},"id":"33011"},{"arcs":[[-7996,-8193,-6267,-6277,-9509]],"type":"Polygon","properties":{"name":"Cooke"},"id":"48097"},{"arcs":[[-9429,9578,-9361,-3649]],"type":"Polygon","properties":{"name":"Montezuma"},"id":"08083"},{"arcs":[[9579,-5987,-8905,-2476,-9521]],"type":"Polygon","properties":{"name":"Cowlitz"},"id":"53015"},{"arcs":[[-4089,-5190,-5024,-6753,-6938,-5653,-5660,-9519]],"type":"Polygon","properties":{"name":"Natchitoches"},"id":"22069"},{"arcs":[[-7765,-4720,-4753,-2237,-5978,-4264]],"type":"Polygon","properties":{"name":"Grayson"},"id":"21085"},{"arcs":[[-9528,-8100,-9547,9580,9581,-8082]],"type":"Polygon","properties":{"name":"Polk"},"id":"41053"},{"arcs":[[[-2919,9582,-521]],[[9583,-523]],[[9584]]],"type":"MultiPolygon","properties":{"name":"Dillingham"},"id":"02070"},{"arcs":[[-9488,-1741,-7970,-9556]],"type":"Polygon","properties":{"name":"Sevier"},"id":"05133"},{"arcs":[[-1364,-4831,-8892,-8897,-5505,-4572,-7152]],"type":"Polygon","properties":{"name":"Madison"},"id":"47113"},{"arcs":[[-8483,-6594,-9539,-7390,-4273,-7349]],"type":"Polygon","properties":{"name":"Franklin"},"id":"25011"},{"arcs":[[-8971,-4084,-7607,-4837,-9517,-9277,-4897]],"type":"Polygon","properties":{"name":"Mississippi"},"id":"29133"},{"arcs":[[-197,-8449,-1537,-9448,-790,-1468]],"type":"Polygon","properties":{"name":"Champaign"},"id":"39021"},{"arcs":[[-6232,-4009,-8990,-6624,-7322,-9134]],"type":"Polygon","properties":{"name":"Sutter"},"id":"06101"},{"arcs":[[-8945,-6163,-8835,9585,-9215,-9036]],"type":"Polygon","properties":{"name":"Marinette"},"id":"55075"},{"arcs":[[-2404,-2017,-8407,-8307,-9273]],"type":"Polygon","properties":{"name":"Muscatine"},"id":"19139"},{"arcs":[[-8915,-593,9586,-9088]],"type":"Polygon","properties":{"name":"St. Croix"},"id":"55109"},{"arcs":[[-7550,-6399,-5515,-9153,-9577]],"type":"Polygon","properties":{"name":"Spencer"},"id":"18147"},{"arcs":[[-9308,-9573,-6975,-8951,-4380,-5903,-9554]],"type":"Polygon","properties":{"name":"Dauphin"},"id":"42043"},{"arcs":[[-6749,-9471,-4823,-8910,-3989,-5961]],"type":"Polygon","properties":{"name":"Lee"},"id":"51105"},{"arcs":[[-8886,-5676,-9527]],"type":"Polygon","properties":{"name":"Lee"},"id":"37105"},{"arcs":[[-3651,-6343,-5720,-606,-7697]],"type":"Polygon","properties":{"name":"Navajo"},"id":"04017"},{"arcs":[[-2812,-9422,-9366,-9313,-9188]],"type":"Polygon","properties":{"name":"Ziebach"},"id":"46137"},{"arcs":[[-3766,-5883,-7635,-8650,-5818,-1480]],"type":"Polygon","properties":{"name":"Butte"},"id":"16023"},{"arcs":[[9587,-5115,-8185,-8758,-8616]],"type":"Polygon","properties":{"name":"Canyon"},"id":"16027"},{"arcs":[[-1511,-1588,-8788,-8462,-8496,-6416]],"type":"Polygon","properties":{"name":"Wheeler"},"id":"13309"},{"arcs":[[-1739,-8063,-3699,-8386,-5475,-7971]],"type":"Polygon","properties":{"name":"Hempstead"},"id":"05057"},{"arcs":[[-7503,9588,-6325,-2474,-3407,-8352,-8982]],"type":"Polygon","properties":{"name":"Jackson"},"id":"05067"},{"arcs":[[-8347,-2801,-3678,-9362,-9579]],"type":"Polygon","properties":{"name":"La Plata"},"id":"08067"},{"arcs":[[-9570,-8387,-9290,-9495,-4011]],"type":"Polygon","properties":{"name":"Madera"},"id":"06039"},{"arcs":[[-1842,-9354,-7516,-4036,-6313,-9319,9589,-7529,-7413]],"type":"Polygon","properties":{"name":"Chicot"},"id":"05017"},{"arcs":[[-5282,-5579,-6183,-8508]],"type":"Polygon","properties":{"name":"Greene"},"id":"37079"},{"arcs":[[-4118,-8836,-4797,-2543,-5533,-4953]],"type":"Polygon","properties":{"name":"Caldwell"},"id":"21033"},{"arcs":[[-3532,-7806,9590,-4771,-7085,-6912,-9571]],"type":"Polygon","properties":{"name":"Osage"},"id":"40113"},{"arcs":[[-8159,-5245,-7050,-5243,-6296,-5485,-2729,-5484,-1765,-1749,-1764,-8251,-9167]],"type":"Polygon","properties":{"name":"Chesterfield"},"id":"51041"},{"arcs":[[-7123,-5164,-8717,-9302,-7117]],"type":"Polygon","properties":{"name":"Upshur"},"id":"54097"},{"arcs":[[9591,-9206,-8447,-2344,-8851,-7236]],"type":"Polygon","properties":{"name":"Limestone"},"id":"01083"},{"arcs":[[-9487,-379,9592,-373]],"type":"Polygon","properties":{"name":"Santa Rosa"},"id":"12113"},{"arcs":[[-2506,-6865,9593,-7576,-2306]],"type":"Polygon","properties":{"name":"Jackson"},"id":"28059"},{"arcs":[[-7716,-7604,-5346,-5192]],"type":"Polygon","properties":{"name":"Mineral"},"id":"30061"},{"arcs":[[-9581,-9546,-8925,-9450,-8967,9594]],"type":"Polygon","properties":{"name":"Linn"},"id":"41043"},{"arcs":[[-1718,-4225]],"type":"Polygon","properties":{"name":"Danville"},"id":"51590"},{"arcs":[[-5071,-9286,-5619,-4902,-7877,-6007]],"type":"Polygon","properties":{"name":"Madison"},"id":"37115"},{"arcs":[[-9561,-4441,-6549,-9164,-3939,-5383]],"type":"Polygon","properties":{"name":"Pike"},"id":"29163"},{"arcs":[[-7278,-6356,-130,-8804,-8140,-1786]],"type":"Polygon","properties":{"name":"Coosa"},"id":"01037"},{"arcs":[[-9294,-5060,-8322,9595,-7501,-2956]],"type":"Polygon","properties":{"name":"Sharp"},"id":"05135"},{"arcs":[[-9582,-9595,-8966,-8083]],"type":"Polygon","properties":{"name":"Benton"},"id":"41003"},{"arcs":[[-7540,-3453,-5907,-8972,-4895,-7510,-6951]],"type":"Polygon","properties":{"name":"Stoddard"},"id":"29207"},{"arcs":[[-4323,-7633,-8750,-9551,-8078,-7809]],"type":"Polygon","properties":{"name":"Crawford"},"id":"05033"},{"arcs":[[-2744,-4749,-2187,-2780,-726,-4110,-9390,-778,-493]],"type":"Polygon","properties":{"name":"Custer"},"id":"31041"},{"arcs":[[-1698,-2513,-1000,-4005,-4532,-7726,-8855]],"type":"Polygon","properties":{"name":"La Paz"},"id":"04012"},{"arcs":[[-2703,-9007,-9253,-9084,-1142,-1138]],"type":"Polygon","properties":{"name":"Livingston"},"id":"26093"},{"arcs":[[-2192,-9505,-7071,-7867]],"type":"Polygon","properties":{"name":"Rains"},"id":"48379"},{"arcs":[[-8557,-2933,-8035,-8433,-8553]],"type":"Polygon","properties":{"name":"Petroleum"},"id":"30069"},{"arcs":[[[-2568,9596,-9511,9597]],[[9598,-2900]]],"type":"MultiPolygon","properties":{"name":"Petersburg"},"id":"02195"},{"arcs":[[-8604,-8743,-215,-1047,-6483,-9080,-7698,-8499,-5008]],"type":"Polygon","properties":{"name":"Grafton"},"id":"33009"},{"arcs":[[-8995,-3749,-4734,-9389,-2910]],"type":"Polygon","properties":{"name":"McLeod"},"id":"27085"},{"arcs":[[-7526,-9045,-4521,-7005,-9324]],"type":"Polygon","properties":{"name":"Pike"},"id":"28113"},{"arcs":[[-3315,9599,-3313,-7400,-9475,-5056,-6848,-7939,9600]],"type":"Polygon","properties":{"name":"Santa Fe"},"id":"35049"},{"arcs":[[-6745,-8046,-8654,-9246,-3668,-1132,-6118]],"type":"Polygon","properties":{"name":"Wabaunsee"},"id":"20197"},{"arcs":[[-9407,-650,-6433,-755,-9025,-3655]],"type":"Polygon","properties":{"name":"Franklin"},"id":"17055"},{"arcs":[[-4198,-4200,-8534,-895,-4826,-9301]],"type":"Polygon","properties":{"name":"Austin"},"id":"48015"},{"arcs":[[-5560,-2285,-8306,-6011,9601,-6219,-5471]],"type":"Polygon","properties":{"name":"King and Queen"},"id":"51097"},{"arcs":[[-9451,-9165,-3820,-5183,-9544,-9424,-3384]],"type":"Polygon","properties":{"name":"Gasconade"},"id":"29073"},{"arcs":[[9602,-6856,-5550,-9168,-4492,-1331,-9537]],"type":"Polygon","properties":{"name":"Prince Edward"},"id":"51147"},{"arcs":[[-8535,-4202,-8021,-5131,9603,-5128,9604,-8976]],"type":"Polygon","properties":{"name":"Brazoria"},"id":"48039"},{"arcs":[[-9090,-8573,-8434,-9130]],"type":"Polygon","properties":{"name":"Barrow"},"id":"13013"},{"arcs":[[-8919,-9305,-3142,-9043,-9393,-4391]],"type":"Polygon","properties":{"name":"Moffat"},"id":"08081"},{"arcs":[[-4682,-3048,-9119,-3674,-5794]],"type":"Polygon","properties":{"name":"Rio Grande"},"id":"08105"},{"arcs":[[-8151,-9057,9605,-8264,-8161,-5762]],"type":"Polygon","properties":{"name":"Modoc"},"id":"06049"},{"arcs":[[-6994,-9299,-8723,-6087,-3953,-8326]],"type":"Polygon","properties":{"name":"Polk"},"id":"48373"},{"arcs":[[-8359,-6102,-8444,-7180,-6674]],"type":"Polygon","properties":{"name":"Greene"},"id":"42059"},{"arcs":[[-8793,-7102,-8812,-8404]],"type":"Polygon","properties":{"name":"Pleasants"},"id":"54073"},{"arcs":[[-2996,-2219,-6383,-7189,-9170,-9321]],"type":"Polygon","properties":{"name":"Brooks"},"id":"13027"},{"arcs":[[-7015,-7686,-823,-4588,-5090,-2120]],"type":"Polygon","properties":{"name":"Pondera"},"id":"30073"},{"arcs":[[-8610,-9124,-8158,-2687,-9494]],"type":"Polygon","properties":{"name":"Mineral"},"id":"32021"},{"arcs":[[-7930,-1877,-5037,-9333,-5988,-9580,-9520,-7485]],"type":"Polygon","properties":{"name":"Lewis"},"id":"53041"},{"arcs":[[-9117,-5999,-3743,-8561,-5307,-4549,-9385]],"type":"Polygon","properties":{"name":"Chittenden"},"id":"50007"},{"arcs":[[-9120,-8869,-9483,-9473,-7398]],"type":"Polygon","properties":{"name":"Taos"},"id":"35055"},{"arcs":[[-1321,-7041,-1873,-5984,-1861,-2094]],"type":"Polygon","properties":{"name":"Travis"},"id":"48453"},{"arcs":[[-7401,-3316,-9601,-7938,-9438,-6299,-9363]],"type":"Polygon","properties":{"name":"Sandoval"},"id":"35043"},{"arcs":[[-3761,-7115,-132,-7297]],"type":"Polygon","properties":{"name":"Harlan"},"id":"31083"},{"arcs":[[-5386,-7669,-6079,-8687,-828,-6006,-7538,-4506]],"type":"Polygon","properties":{"name":"Weld"},"id":"08123"},{"arcs":[[-3198,-7843,-6983,-6812,-3723]],"type":"Polygon","properties":{"name":"Hart"},"id":"13147"},{"arcs":[[-5624,-9412,-3449,-401,-6419,-7744,-3013]],"type":"Polygon","properties":{"name":"Stewart"},"id":"13259"},{"arcs":[[-399,-533,-6822,-7467,-9110,-6420]],"type":"Polygon","properties":{"name":"Terrell"},"id":"13273"},{"arcs":[[-816,-3814,-8005,-7332,-4883,-9128,-1592,-9242]],"type":"Polygon","properties":{"name":"Jefferson"},"id":"13163"},{"arcs":[[-6338,-3154,-9531,-9578,-3368,-8876]],"type":"Polygon","properties":{"name":"Park"},"id":"30067"},{"arcs":[[-1850,-4282,-9039,-4215,-8397]],"type":"Polygon","properties":{"name":"Carroll"},"id":"28015"},{"arcs":[[-9548,-8776,-8334,-2069]],"type":"Polygon","properties":{"name":"St. James"},"id":"22093"},{"arcs":[[-6714,-1916,-9360,-9101,-5292,-5350,-1025,-5742,-6715,-5740]],"type":"Polygon","properties":{"name":"Cumberland"},"id":"47035"},{"arcs":[[-8298,-2273,-4037,-1948,-1414]],"type":"Polygon","properties":{"name":"Ogemaw"},"id":"26129"},{"arcs":[[-3551,-7925,-7719,-7106]],"type":"Polygon","properties":{"name":"Bowman"},"id":"38011"},{"arcs":[[-9439,-9325,-7008,-8744,-8195]],"type":"Polygon","properties":{"name":"St. Helena"},"id":"22091"},{"arcs":[[-9565,-7299,-7820,-2062,-3627,-8644]],"type":"Polygon","properties":{"name":"Decatur"},"id":"20039"},{"arcs":[[-7683,-6526,-2286,-9359,-6921]],"type":"Polygon","properties":{"name":"Boone"},"id":"05009"},{"arcs":[[-7146,-7800,-7885,-9442,-7889,-6899,-8236]],"type":"Polygon","properties":{"name":"Otsego"},"id":"36077"},{"arcs":[[-7023,9606,-7064,-6905,-7891]],"type":"Polygon","properties":{"name":"Albany"},"id":"36001"},{"arcs":[[-7998,-6451,-9525,9607,-5213]],"type":"Polygon","properties":{"name":"Lincoln"},"id":"23015"},{"arcs":[[-9197,-3101,9608,-6642]],"type":"Polygon","properties":{"name":"Hampton"},"id":"51650"},{"arcs":[[-2316,-2173,-3105,-9020,-9234,-9232]],"type":"Polygon","properties":{"name":"Comanche"},"id":"40031"},{"arcs":[[-8377,-2494,-3256,-2994,-9572,-7468,-6820]],"type":"Polygon","properties":{"name":"Worth"},"id":"13321"},{"arcs":[[-8192,-6128,-7865,-1656,-9254,-6269]],"type":"Polygon","properties":{"name":"Collin"},"id":"48085"},{"arcs":[[9609,-4859,-8708,-2292,-9376]],"type":"Polygon","properties":{"name":"LaPorte"},"id":"18091"},{"arcs":[[-7805,-2532,-3730,-8071,-4772,-9591]],"type":"Polygon","properties":{"name":"Washington"},"id":"40147"},{"arcs":[[9610,-25,-9267,-7112]],"type":"Polygon","properties":{"name":"Divide"},"id":"38023"},{"arcs":[[-8823,-5116,-9588,-8615]],"type":"Polygon","properties":{"name":"Payette"},"id":"16075"},{"arcs":[[-3373,-9564,9611,-4179,-3136,-9304,-1266,-9472]],"type":"Polygon","properties":{"name":"Fremont"},"id":"56013"},{"arcs":[[9612,-8226,-8585,-8269,-8954]],"type":"Polygon","properties":{"name":"Erie"},"id":"42049"},{"arcs":[[-1195,-8431,-3785,-3229,-1673]],"type":"Polygon","properties":{"name":"Pope"},"id":"27121"},{"arcs":[[-8671,-7201,-7205,-7144,-2082,-7909]],"type":"Polygon","properties":{"name":"Catahoula"},"id":"22025"},{"arcs":[[-7917,-9371,9613,-7326,-6562,-2137]],"type":"Polygon","properties":{"name":"Camden"},"id":"37029"},{"arcs":[[-7543,-9295,-2959,-7533,-2288,-6525]],"type":"Polygon","properties":{"name":"Baxter"},"id":"05005"},{"arcs":[[-9257,-7593,-2159,9614,-37,-7661,-8773,-4676]],"type":"Polygon","properties":{"name":"Pueblo"},"id":"08101"},{"arcs":[[-7313,-6566,-9193,9615,-9028,-4874]],"type":"Polygon","properties":{"name":"Hertford"},"id":"37091"},{"arcs":[[-8089,-8420,9616,-9297,-9497]],"type":"Polygon","properties":{"name":"San Augustine"},"id":"48405"},{"arcs":[[-7129,-6249,-6533,9617,-5809,-8189,-5576]],"type":"Polygon","properties":{"name":"Beaufort"},"id":"37013"},{"arcs":[[-9050,-7150,-3899,-5226,-5294,-9100]],"type":"Polygon","properties":{"name":"Anderson"},"id":"47001"},{"arcs":[[-9073,-6857,-9603,-9536,-8287,-6725]],"type":"Polygon","properties":{"name":"Appomattox"},"id":"51011"},{"arcs":[[-9348,-6265,9618,-1017,-9350]],"type":"Polygon","properties":{"name":"Naguabo"},"id":"72103"},{"arcs":[[-8558,-6084,-6987,9619,-6256,-5313]],"type":"Polygon","properties":{"name":"Maury"},"id":"47119"},{"arcs":[[-3093,-9503,-6068,-6801,-8857,-4480]],"type":"Polygon","properties":{"name":"Woods"},"id":"40151"},{"arcs":[[-3971,-8626,-7567,-9014,-670,-4287]],"type":"Polygon","properties":{"name":"Saunders"},"id":"31155"},{"arcs":[[-9463,-6149,-8367,-1827,-7764,-9358,-7284,-7411]],"type":"Polygon","properties":{"name":"Marengo"},"id":"01091"},{"arcs":[[-2428,-3865,-1852,-3471,-9394,-6240]],"type":"Polygon","properties":{"name":"DeKalb"},"id":"29063"},{"arcs":[[-9501,-7194,-9467,-9017,-9469]],"type":"Polygon","properties":{"name":"Botetourt"},"id":"51023"},{"arcs":[[-1951,-2609,-6970,-5377,-1062]],"type":"Polygon","properties":{"name":"Midland"},"id":"26111"},{"arcs":[[-9082,9620,-9446,9621,-9533,-7394]],"type":"Polygon","properties":{"name":"Queens"},"id":"36081"},{"arcs":[[-8590,-8178,9622,-9491]],"type":"Polygon","properties":{"name":"Richmond"},"id":"36085"},{"arcs":[[-8321,-8544,-6321,-9589,-7502,-9596]],"type":"Polygon","properties":{"name":"Lawrence"},"id":"05075"},{"arcs":[[-7814,-7803,-7844,-4685,-2805]],"type":"Polygon","properties":{"name":"Rabun"},"id":"13241"},{"arcs":[[-8808,-6261,-5099,-9486,-4599,-7812]],"type":"Polygon","properties":{"name":"Harrison"},"id":"48203"},{"arcs":[[-7076,-8818,-7059,-9607,-7022,-9441,-3823,-8753]],"type":"Polygon","properties":{"name":"Saratoga"},"id":"36091"},{"arcs":[[-9587,-592,-6331,-8998,-4096,-9089]],"type":"Polygon","properties":{"name":"Pierce"},"id":"55093"},{"arcs":[[[-8749,-9275,9623,-8546]],[[9624]]],"type":"MultiPolygon","properties":{"name":"Mackinac"},"id":"26097"},{"arcs":[[-4433,-7899,-4697,-2630,-4424,-7636]],"type":"Polygon","properties":{"name":"Bartholomew"},"id":"18005"},{"arcs":[[-5694,-6927,-6368,-5695,-3292]],"type":"Polygon","properties":{"name":"Arlington"},"id":"51013"},{"arcs":[[-4736,-8220,-2388,-1405,-5968,-5847]],"type":"Polygon","properties":{"name":"Le Sueur"},"id":"27079"},{"arcs":[[-9590,-9318,-7707,-7530]],"type":"Polygon","properties":{"name":"West Carroll"},"id":"22123"},{"arcs":[[-9540,-9004,-9459,-218,-8914,-9382]],"type":"Polygon","properties":{"name":"Burnett"},"id":"55013"},{"arcs":[[-9504,-8809,-7813,-4604,-5029,-8658,-7073]],"type":"Polygon","properties":{"name":"Smith"},"id":"48423"},{"arcs":[[-9620,-6986,-9207,-9592,-7235,-6257]],"type":"Polygon","properties":{"name":"Giles"},"id":"47055"},{"arcs":[[-9157,-8900,-5159,-6052,-5086]],"type":"Polygon","properties":{"name":"Williamsburg"},"id":"45089"},{"arcs":[[-7827,-359,-3623,9625,-8510]],"type":"Polygon","properties":{"name":"Hudspeth"},"id":"48229"},{"arcs":[[-7226,-9498,-7224,-3119,-8330]],"type":"Polygon","properties":{"name":"Rappahannock"},"id":"51157"},{"arcs":[[-1823,-8713,-2973,-8292]],"type":"Polygon","properties":{"name":"Latimer"},"id":"40077"},{"arcs":[[[-2078,-7475,-9440,-6602,-7597]],[[-2080,-7596,-7910]]],"type":"MultiPolygon","properties":{"name":"West Feliciana"},"id":"22125"},{"arcs":[[-6185,-8191,-5878,-9180,-8023]],"type":"Polygon","properties":{"name":"Jones"},"id":"37103"},{"arcs":[[-8376,-6220,-9602,-6010,-6293,-5241]],"type":"Polygon","properties":{"name":"New Kent"},"id":"51127"},{"arcs":[[-6019,-2422,-1126,-9266,-5678,-8885]],"type":"Polygon","properties":{"name":"Wake"},"id":"37183"},{"arcs":[[-7864,-7239,-8980,-3063,-73,-6107,-3269]],"type":"Polygon","properties":{"name":"Tishomingo"},"id":"28141"},{"arcs":[[-1705,-9430,-8533,-8719,-3718,-9341]],"type":"Polygon","properties":{"name":"Troup"},"id":"13285"},{"arcs":[[-2658,-3981,-4304,-4615,-9500]],"type":"Polygon","properties":{"name":"Crane"},"id":"48103"},{"arcs":[[-2524,-3031,-1518,-6487,-7745]],"type":"Polygon","properties":{"name":"Dallas"},"id":"19049"},{"arcs":[[-1125,-9129,-2734,-5280,-9265]],"type":"Polygon","properties":{"name":"Nash"},"id":"37127"},{"arcs":[[-4030,-8168,-9221,-9409,-8027,-1920,-8789,-1628,-7026]],"type":"Polygon","properties":{"name":"Beltrami"},"id":"27007"},{"arcs":[[-8442,-6647,-7627,-6215,-9072,-9466,-9329],[-2593],[-2793]],"type":"Polygon","properties":{"name":"Augusta"},"id":"51015"},{"arcs":[[-9411,-5746,-7521,-9502,-9103,-9464,-7722]],"type":"Polygon","properties":{"name":"Giles"},"id":"51071"},{"arcs":[[9626,-7950,-1896,-7954]],"type":"Polygon","properties":{"name":"Dorado"},"id":"72051"},{"arcs":[[-8842,-6145,-7482,-9013]],"type":"Polygon","properties":{"name":"Orange"},"id":"12095"},{"arcs":[[-7295,-4477,-4189,-6065,-8368,-7245,-3058]],"type":"Polygon","properties":{"name":"Utuado"},"id":"72141"},{"arcs":[[-2885,9627,-2127,-7714,-6385]],"type":"Polygon","properties":{"name":"Lincoln"},"id":"30053"},{"arcs":[[-8441,-4459,-9470,-6512]],"type":"Polygon","properties":{"name":"Dickenson"},"id":"51051"},{"arcs":[[-4062,-2718,-7616,-6612,-7622]],"type":"Polygon","properties":{"name":"Summit"},"id":"39153"},{"arcs":[[-3140,-8792,-4509,-9449,-9040]],"type":"Polygon","properties":{"name":"Jackson"},"id":"08057"},{"arcs":[[-7598,-6605,-8198,-9549,-2067,-9541,-7082]],"type":"Polygon","properties":{"name":"Iberville"},"id":"22047"},{"arcs":[[-9617,-8419,-8786,-8261,-6089,-8722,-9298]],"type":"Polygon","properties":{"name":"Jasper"},"id":"48241"},{"arcs":[[-2871,-9569,-4171,-1913,-4593]],"type":"Polygon","properties":{"name":"Jackson"},"id":"47087"},{"arcs":[[-5873,-5799,-9058,-1803,-9135,-8655,-5751,-7732]],"type":"Polygon","properties":{"name":"Surry"},"id":"37171"},{"arcs":[[-2158,-3109,-33,-9615]],"type":"Polygon","properties":{"name":"Crowley"},"id":"08025"},{"arcs":[[-613,-7341,-8523,-1191,-9247,-6495]],"type":"Polygon","properties":{"name":"Pendleton"},"id":"21191"},{"arcs":[[-8473,-9479,-9552,-9555,-9249]],"type":"Polygon","properties":{"name":"Wyandotte"},"id":"20209"},{"arcs":[[-8883,-9532,-4176,-9612,-9563,-3371]],"type":"Polygon","properties":{"name":"Washakie"},"id":"56043"},{"arcs":[[-6460,-7581,-9392,-3572,-3055,-7582,-7174]],"type":"Polygon","properties":{"name":"San Sebastián"},"id":"72131"},{"arcs":[[-3039,-1441,-8265,-9606,-9056,-7232,-6097,-1893,-9125,-8608,-1895,-9126,-8987]],"type":"Polygon","properties":{"name":"Washoe"},"id":"32031"}]}}}