state,project_name,technology,source_record_id,linked_entity,outcome,opposition_type,event_date_text,litigation_context,case_name,court,court_level,docket_number,case_status,case_source_url,severity_score,review_status,reviewer_notes
AL,Cherokee County setback,wind,REC-0002,restriction,,,2014,"In 2014, the Alabama state legislature enacted S.B. 402, which established certain restrictions on wind power in Cherokee County, including: (1) a noise limit of 40 decibels (dBA) at the nearest property line; and (2) a setback of at least 2,500 feet from the nearest property line.",,,,,,,,needs_docket_research,
AL,Etowah County setback,wind,REC-0004,restriction,,,2014,"In 2014, the Alabama state legislature enacted S.B. 403, which established certain restrictions on wind power in Etowah County, including: (1) a noise limit of 40 decibels (dBA) at the nearest property line; and (2) a setback of at least 2,500 feet from the nearest property line.",,,,,,,,needs_docket_research,
AL,Noccalula Wind Energy Center,wind,REC-0005,contested_project,blocked_unverified,litigation,2014,"In August 2014, Pioneer Green Energy, a Texas-based developer, abandoned plans to construct a $160 million wind project comprising 35 to 40 turbines after local residents filed a lawsuit challenging the project and after the state enacted onerous restrictions on wind energy in Etowah County.",,,,,,,,needs_docket_research,
AL,Shinbone Ridge Wind,wind,REC-0007,contested_project,blocked_unverified,litigation,2014,"In August 2014, Pioneer Green Energy abandoned plans to construct a $40 million wind project comprising 7 to 8 wind turbines in Cherokee County after local residents filed a lawsuit challenging the project and after the state enacted onerous restrictions on wind energy in Cherokee County.",,,,,,,,needs_docket_research,
AL,Turkey Heaven Mountain Wind,wind,REC-0008,contested_project,blocked_unverified,litigation,2015,"In October 2015, Native Energy Solutions, an Oklahoma-based developer, announced that it was no longer planning to build a wind project in Cleburne County. The project faced opposition from local residents who, in June 2014, filed a lawsuit seeking a permanent injunction that would bar the developer from constructing wind turbines in the County, citing concerns about “wind turbine syndrome” among other things. The developer filed a motion to dismiss, but the motion was denied.",,,,,,,,needs_docket_research,
AZ,SunZia Transmission Line,transmission,REC-0013,contested_project,pending,litigation,2026,"The SunZia transmission line is designed to transmit more than 3,600 MW of electricity generated at wind farms in New Mexico. Its routing in the San Pedro Valley prompted controversy, with the Tohono O’odham, Hopi, Zuni, and San Carlos Apache tribes claiming that the Bureau of Land Management ignored over 15 years of attempts by the tribes to recognize the valley as a culturally significant area. In January 2024, the Tohono O’odham Nation, San Carlos Apache Tribe, Center for Biological Diversity, and Archeology Southwest filed a lawsuit in the U.S. District Court for the District of Arizona, claiming that the review of the project violated the National Environmental Policy Act (NEPA) and the National Historic Preservation Act (NHPA). The lawsuit was dismissed in June 2024 and subsequently appealed to the Ninth Circuit Court of Appeals. In May 2025, the Court of Appeals reversed the district court’s dismissal and remanded the case for further proceedings.  In April 2026, the developer, Pattern Energy, began testing the project as it nears completion. The lawsuit challenging the project remains pending in the U.S. District Court for the District of Arizona.",Tohono O'odham Nation v. U.S. Department of the Interior,U.S. District Court for the District of Arizona,federal_district,4:24-cv-00034,pending,https://dockets.justia.com/docket/arizona/azdce/4:2024cv00034/1359631,,promoted,"Verified 2026-09-24 by web search: a Justia dockets / govinfo result names this case, court and docket; opinion text not read. Dismissed 2024-06-06; the Ninth Circuit revived the claims in 2025 and remanded.; Re-read 2026-10-08 (govinfo, Justia): dismissal order, D. Ariz. No. CV-24-00034-TUC-JGZ, dated 2024-06-06, granted the intervenor's motion to dismiss; 'This action is dismissed with prejudice.' Ninth Circuit opinion No. 24-3659, filed 2025-05-27 (Justia): 'REVERSED AND REMANDED.' Both name the SunZia Transmission Line. Nothing filed after the remand was read, so case_status stays pending. Fields unchanged. URLs read: https://www.govinfo.gov/app/details/USCOURTS-azd-4_24-cv-00034, https://law.justia.com/cases/federal/appellate-courts/ca9/24-3659/24-3659-2025-05-27.html; the Justia docket page lists filings only to 2024-03-15."
CA,Altamont Pass Wind Resource Area First-Generation Wind Farms,wind,REC-0023,contested_project,needs_review,litigation,2004,"In 2004, the Center for Biological Diversity brought a lawsuit against the operators of wind turbines in the Altamont Pass Wind Resource Area in Alameda and Contra Costa Counties, alleging that the “obsolete, first-generation wind turbine generators” being used at the site were killing and injuring birds in violation of the public trust doctrine. The lawsuit was dismissed, and the dismissal was upheld on appeal.","Center for Biological Diversity, Inc. v. FPL Group, Inc.","California Court of Appeal, First Appellate District",state_appellate,A116362,ruled_for_developer,https://www.courtlistener.com/opinion/2247219/center-for-biological-diversity-inc-v-fpl-group-inc/,,promoted,"Verified 2026-09-24 by web search: a CourtListener / FindLaw result names this case, court; opinion text not read. Decided 2008-09-18 (166 Cal.App.4th 1349): dismissal affirmed.; Re-read 2026-10-08 (CourtListener API, opinion and cluster): Center for Biological Diversity, Inc. v. FPL Group, Inc., 166 Cal. App. 4th 1349, filed 2008-09-18 (Pollak, J.), on owners and operators of wind turbines in the Altamont Pass Wind Resource Area: 'The judgment is affirmed.' Docket A116362 added from the CourtListener docket record."
CA,Aramis Solar Project,solar,REC-0024,contested_project,pending,litigation,2023,"Opponents of two North Livermore Valley solar projects, Aramis (410 acres) and Sunwalker (70 acres), led by a group called Save North Livermore Valley, argued that the proposed locations of the projects impinge on agriculture, natural wildlife habitat, open space, and visual and scenic resources. In October 2020, two candidates running for election to the Alameda County Board of Supervisors issued a joint statement urging the board to place a moratorium on solar development on agricultural land. After the East County Board of Zoning Adjustments approved both projects, local groups stated appealed both decisions. By December 2020, three local organizations had filed appeals challenging the approval of the Aramis project. In May 2022, the Alameda County Superior Court upheld the county’s approval of the Aramis project, dismissing a lawsuit by project opponents. In July 2023, Save North Livermore Valley appealed the Superior Court’s decision. California’s First District Court of Appeals denied the appeal in August 2023.",,,,,,,,lead,"Lead from web search 2026-09-24 (not confirmed): Save North Livermore Valley et al. petition for writ of mandate against Alameda County (Measure D); trial court upheld approval July 2022; appeal argued in the First District Court of Appeal July 2023. Caption and outcome not confirmed. CourtListener 2026-10-07: searched California appellate opinions for 'North Livermore' and 'Save North Livermore Valley'; no case found.; Checked 2026-10-08 on CourtListener (authenticated API, opinion search, court calctapp, query ""North Livermore"" solar): 0 result(s), none for this project. CourtListener holds few state trial-court records, so absence there is not evidence."
CA,Blythe Mesa Solar Power Project,solar,REC-0026,contested_project,needs_review,litigation,2015,"The Blythe Mesa Solar Power Project is a 465-MW solar farm built between 2010 and 2020 over 4,070 acres of BLM land by the developer NextEra. The Colorado River Indian Tribe (CRIT) sued the Department of Interior in 2014 in the U.S. District Court for the Central District of California, claiming that BLM’s lack of government-to-government consultation violated the NHPA; the lawsuit also included claims under NEPA and the Federal Land Policy and Management Act. The District Court granted summary judgment in favor of the Department of Interior in July 2015.",Colorado River Indian Tribes v. Department of Interior,U.S. District Court for the Central District of California,federal_district,5:14-cv-02504,ruled_for_developer,https://www.courtlistener.com/docket/5913373/colorado-river-indian-tribes-v-department-of-interior/,,promoted,"Opened 2026-10-07 on CourtListener (authenticated API): docket and final judgment (ECF No. 162, 2015-09-15): following the July 17, 2015 summary judgment order (ECF No. 157), judgment entered for the federal defendants and intervenor NextEra Blythe Solar Energy Center, LLC on all claims, dismissed with prejudice. The case matches the record's description (CRIT sued Interior in C.D. Cal. in 2014; summary judgment in 2015), but the intervenor is NextEra's Blythe Solar Energy Center, while the record names the project 'Blythe Mesa Solar Power Project'; the record's project name may be wrong."
CA,Boulder Brush Project,transmission,REC-0027,contested_project,pending,litigation,2024,"The Boulder Brush Project is a 320-acre substation and transmission line proposed by Terra-Gen, which would connect to the 60-turbine Campo Wind Project planned for the Campo Indian Reservation. In March 2021, the San Diego County Board of Supervisors unanimously approved the project. Residents consequently formed an organization called Backcountry Against Dumps to challenge the decision. In April 2021, the organization filed a lawsuit claiming that the project violated the California Environmental Quality Act and various planning and zoning regulations. The lawsuit contended that the County’s environmental review of the project did not fully analyze the risks to wildlife and groundwater and the effects of noise disruptions. In March 2024, the Fourth District Court of Appeal vacated the San Diego Superior Court’s dismissal of the lawsuit, instructing the trial court to allow the case to proceed.",Backcountry Against Dumps v. Bureau of Indian Affairs,U.S. District Court for the Southern District of California,federal_district,3:20-cv-02343,dismissed,https://law.justia.com/cases/federal/district-courts/california/casdce/3:2020cv02343/694320/74/,,promoted,"Verified 2026-09-24 by web search: a Justia result names this case, court and docket; opinion text not read. Dismissed under Rule 19 (tribe a required party); affirmed by the Ninth Circuit.; Re-read 2026-10-08: Ninth Circuit memorandum No. 21-55869 (D.C. No. 3:20-cv-02343-JLS-DEB), filed 2022-10-27 (https://cdn.ca9.uscourts.gov/datastore/memoranda/2022/10/27/21-55869.pdf): 'the district court dismissed the complaint for failure to join a required party under Federal Rule of Civil Procedure 19. We affirm.' The case_source_url document (ECF No. 74, 2021-06-14) is an order granting the Campo Band limited intervention, not the dismissal; the district court's dismissal order itself was not read. Neither document names Boulder Brush: both describe the Campo Band's lease with Terra-Gen for a 60-turbine wind project on the reservation. Whether this case belongs to the Boulder Brush record needs a reviewer. Fields unchanged."
CA,Calico Solar Project,solar,S26P-3885,contested_project,blocked_unverified,litigation,2013,"In 2005, Stirling Energy Systems signed a contract with a utility to sell up to 850 MW of energy from a concentrating solar-thermal power plant that would involve 30,000 solar dishes standing up to 40 feet high in the Mohave Desert. Due to concerns about impacts on the desert tortoise, project plans were reduced to 663.5 MW. In 2012, the Sierra Club, Natural Resources Defense Council, and Defenders of Wildlife filed a lawsuit to stop the project, arguing that the project was “wrong from the start,” due to impacts on wild lands and wildlife. By 2013, the project was dead.",,,,,,,,needs_docket_research,
CA,Fountain Wind Project,wind,S26P-3887,contested_project,pending,litigation,2025,"In October 2021, the Shasta County Board of Supervisors upheld the Shasta County Planning Commission’s rejection of a permit application for the Fountain Wind Project, a 4,500-acre, 200-MW wind farm proposed by Repsol. The project has faced significant opposition from the community and from the Pit River Tribe, whose ancestral homelands are within the project area. In denying the appeal, supervisors emphasized (a) the height and visibility of the turbines and (b) the potential that the presence of turbines could exacerbate the challenge of fighting wildfires. In June 2022, Governor Gavin Newsom signed AB 205 into law, which allowed the developer to revive the application and the California Energy Commission to consider overruling the decision. In November 2023, Shasta County and the Pit River Tribe filed a lawsuit seeking to prevent the Commission from approving the project. The California Attorney General moved for a change of venue, citing possible prejudice against the California Energy Commission in the County. In April 2024, a Shasta County Superior Court judge denied the request for a change of venue but ruled that a judge from another county would preside over the lawsuit. In October 2024, the litigation was stayed. In March 2025, the California Energy Commission’s staff assessment concluded that the benefits of the project did not outweigh its environmental costs. In November 2025, the Executive Director of the California Energy Commission recommended that the state reject the approval of the project. In December 2025, the California Energy Commission unanimously denied approval of the project.",,,,,,,,needs_docket_research,
CA,Genesis Solar Energy Project,solar,S26P-3888,contested_project,pending,litigation,2012,"The Genesis Solar Energy Project is a 250-MW concentrated solar project developed by NextEra on 1,800 acres of land near the town of Blythe in Riverside County, California. In 2010, BLM briefly halted construction on a 125-acre portion of the site that the Colorado River Indian Tribe (CRIT) asserted was a historic crematorium, burial ground, and village for the Mojave Tribes. After the BLM found no conclusive evidence of habitation, human remains, or funerals, BLM allowed construction to resume. This led CRIT to sue NextEra in May 2012 in the U.S. District Court for the Central District of California, seeking to halt construction on the 125-acre portion. The court denied the tribe’s request for an injunction, and construction continued. Many cultural artifacts were destroyed during construction, compelling BLM to order NextEra to pay $3 million for an ethnographic study of the site and scholarship for Indigenous students.",,,,,,,,needs_docket_research,
CA,Halus Power Wind Turbine,wind,S26P-3891,contested_project,blocked_unverified,litigation,2013,"In 2013, a homeowners association filed a lawsuit challenging the City of San Leandro’s approval of a 100-foot wind turbine by turbine manufacturer Halus Power on property owned by Halus Power. The court entered judgment in favor of the homeowners association on finding that the city had violated the California Environmental Quality Act. Halus Power abandoned the project.",,,,,,,,needs_docket_research,
CA,Humidor Battery Energy Storage Project,battery_storage,S26P-3893,contested_project,pending,litigation,2024,"The Humidor Storage Project, a 12-acre, 300-MW battery storage facility proposed by Hecate Grid, has faced significant pushback from residents of the unincorporated community of Acton in Los Angeles County. Residents have formed Save Our Rural Town and Acton Takes Action to campaign against the project and have raised concerns about the possibility of leaking chemicals, the threat of facility fires due to the area’s high risk of wildfires, and potential impacts on property values. The Acton Town Council has also opposed the development of battery storage facilities. In 2022, Los Angeles County approved the site plan for the project through an expedited ministerial process. The developer later expanded the project to 400 MW. Opponents of the project organized a petition and created a website, citing concerns about fire risk, environmental impacts, and property values. In September 2023, after an appeal of the county approval was denied, Save Our Rural Town filed a lawsuit seeking an injunction to stop the project.  In April 2024, the same advocacy group submitted comments to the California Energy Commission about the project, and the Acton Town Council submitted a request for the California Energy Commission to conduct an assessment of public safety concerns. In November 2024, Los Angeles County unanimously approved the Humidor storage project.",,,,,,,,needs_docket_research,
CA,Jacumba Solar Project,solar,S26P-3894,contested_project,pending,litigation,2021,"In August 2021, the San Diego County Board of Supervisors unanimously approved a proposed 604-acre solar project in Jacumba. However, in October 2021, the owner of a local hot springs hotel and other community members filed a lawsuit in San Diego Superior Court challenging the project. Opponents of the project have expressed concerns about dust, a decline in tourism, and the heat island effect.",,,,,,,,needs_docket_research,
CA,Jawbone Wind Energy,wind,S26P-3895,contested_project,needs_review,litigation,2011,"In 2011, a group called Citizens Opposing a Dangerous Environment filed a lawsuit against the Kern County Board of Supervisors, which challenged the county’s environmental impact report certification and approval of a 339-MW wind farm on a 13,535-acre site in the Tehachapi Wind Resource Area. The lawsuit was dismissed, and the dismissal was upheld on appeal, allowing the project to move forward.",,,,,,,,needs_docket_research,
CA,Morro Bay Wind Area,wind,S26P-3896,contested_project,pending,litigation,2024,"In February 2024, two commercial fishing organizations filed a lawsuit in San Luis Obispo Superior Court seeking to block state agencies from issuing permits for site surveys for three proposed projects (Atlas Wind, Even Keel Wind, and Golden State Wind) in the 376-square-mile Morro Bay Wind Energy Area. The lawsuit named the California Coastal Commission, the State Lands Commission, the developers of three offshore wind projects, and an offshore wind survey company as defendants, and it alleged that issuance of the permits would violate the California Coastal Act and the California Constitution.",,,,,,,,needs_docket_research,
CA,Mount Signal Solar Farm,solar,S26P-3897,contested_project,pending,litigation,2011,"The Mount Signal Solar Farm, also known as the Imperial Valley Solar Project, is an 800-MW solar project built by 8minutenergy in Imperial Valley. The project was built in three phases beginning in 2011. In November 2010, a three-day protest against the project occurred, which included members of Desert Survivors, Basin and Range Watch, Solar Done Right, the Quechan Tribe, Cocopah Tribe, Imperial Valley Environmental Justice Task Force, Comite Civico del Valle, Seeley Citizens United, and nearby residents. The project was temporarily paused in December 2010 by a preliminary injunction issued by a judge in the U.S. District Court for the Southern District of California, in response to a lawsuit filed by the Quechan Tribe of the Fort Yuma Indian Reservation. The Quechan Tribe’s lawsuit raised claims under NEPA, the NHPA, and the FLPMA.",,,,,,,,needs_docket_research,
CA,Mulqueeney Ranch Wind Repowering Project,wind,S26P-3898,contested_project,pending,litigation,2024,"In November 2021, the National Audubon Society and local affiliates filed a lawsuit in Alameda County Superior Court challenging the county’s October 2021 approval of a new 80-MW wind project by Brookfield Renewables in the Altamont Pass. The lawsuit alleged insufficient environmental review and failure to adequately assess impacts to birds and bats. The lawsuit was eventually resolved by settlement agreement. In March 2024, the county approved the conditional use permit for the project.",,,,,,,,needs_docket_research,
CA,North Sky River Project,wind,S26P-3900,contested_project,advanced_unverified,litigation,2012,"In October 2012, Defenders of Wildlife, the Center for Biological Diversity, and the Sierra Club filed a lawsuit in federal court to block NextEra’s proposal for a 100-turbine, 300-MW North Sky River Project due to its proximity to California Condor habitat in the Tehachapi Mountains. The lawsuit was unsuccessful, and the project was allowed to proceed. As completed, the project has a total capacity of 162 MW.",,,,,,,,needs_docket_research,
CA,Strauss Wind Energy Project,wind,S26P-3906,contested_project,advanced_unverified,litigation,2024,"On November 20, 2019, the Santa Barbara County Planning Commission granted a conditional use permit and variance for construction of the 29-turbine, 5,887-acre Strauss Wind Energy Project. Opponents, including Citizens for Responsible Wind Energy, the California Native Plant Society, and two individuals, filed three separate appeals challenging the approval. In January 2020, the Santa Barbara County Board of Supervisors denied the three appeals but added a condition mandating a setback from a home in the area. In March of the same year, the Board of Supervisors also denied an appeal of the design of the project. As of January 2024, the project was operational and producing enough energy to power 40,000 homes.",,,,,,,,needs_docket_research,
CA,SunWalker Solar Project,solar,S26P-3907,contested_project,blocked_unverified,litigation,2021,"As described in a separate entry on the Aramis Solar Project, opponents of two North Livermore Valley solar projects, Aramis (410 acres) and Sunwalker (70 acres), led by a group called Save North Livermore Valley, argued that the proposed locations of the projects impinge on agriculture, natural wildlife habitat, open space, and visual and scenic resources. In October 2020, two candidates running for election to the Alameda County Board of Supervisors issued a joint statement urging the board to place a moratorium on solar development on agricultural land. After the East County Board of Zoning Adjustments approved both projects, local groups appealed those decision. In May 2021, the developer for Sunwalker withdrew its application while the appeal was pending.",,,,,,,,needs_docket_research,
CT,Connecticut Wind Colebrook Project,wind,S26P-3916,contested_project,pending,litigation,2021,"In 2011, a community group called FairwindCT filed a lawsuit challenging the Connecticut Siting Council’s approval of BNE Energy’s petition to construct six 1.6-MW wind turbines at two separate sites in the Town of Colebrook. The trial court dismissed the lawsuit, and, in 2014, after three years of litigation, the Connecticut Supreme Court upheld the dismissal. On January 9, 2020, BNE Energy submitted a request to the Connecticut Siting Council to modify the approved plan to allow installation of a different type of wind turbine. On March 4, 2020, FairwindCT submitted an objection to the proposed modification, but the Executive Director of the Council ultimately approved the modification request. On June 1, 2020, FairwindCT and abutting landowners filed a petition with the Council for a declaratory ruling to disallow the modification. On December 17, 2020, the Council issued a final decision upholding the modification request. FairwindCT and the abutting landowners appealed to the New Britain Judicial District Superior Court, which, in November 2021, ruled in their favor, vacating the Council’s approval of the requested modification.",,,,,,,,needs_docket_research,
CT,Denslow Hill Road Solar Project,solar,REC-0038,contested_project,pending,litigation,2024,"In August 2024, the Connecticut Siting Council unanimously rejected a plan for a 1.5-MW solar project, citing concerns over the developer’s plans to remove about 7.9 acres of trees. In September 2024, the developer filed an appeal to the decision. In the appeal, the developer claimed that the council “exceeded” its authority, arguing that, as the owner of the land, the developer could have cleared the trees without local zoning approval and then submitted the proposal to the Siting Council, which would have had “no basis” for denying it.",,,,,,,,needs_docket_research,"CourtListener 2026-10-07: searched Connecticut appellate and superior court opinions for 'Siting Council' solar (no Denslow Hill case); no case found.; Checked 2026-10-08 on CourtListener (authenticated API, opinion search, court conn connappct connsuperct, query Denslow solar): 0 result(s), none for this project. CourtListener holds few state trial-court records, so absence there is not evidence."
CT,Ellington Airport Solar Project,solar,REC-0039,contested_project,blocked_unverified,litigation,2024,"In August 2024, the Connecticut Siting Council denied a petition to build a 4-MW solar facility, citing “uncertainty as to the effects of the proposed facility in air navigation and aviation safety.” Residents cited concerns about the potential impacts of a solar facility on a local parachuting landing site in the immediate vicinity of the proposed solar site.",,,,,,,,needs_docket_research,
CT,Fairfield to Congress Railroad Transmission Line,transmission,REC-0040,contested_project,pending,litigation,2023,"The Fairfield to Congress Railroad Transmission Line project proposes to replace transmission lines along the railroad corridor, with the goal of improving reliability and resilience in the regional electric grid. After the Connecticut Siting Council approved the project, the City of Bridgeport filed an appeal of the decision, citing the “reliable, prohibitive, and substantial evidence introduced opposing the project.”",,,,,,,,needs_docket_research,"Checked 2026-10-08 on CourtListener (authenticated API, opinion search, court conn connappct connsuperct, query ""Fairfield to Congress""): 0 result(s), none for this project. CourtListener holds few state trial-court records, so absence there is not evidence."
CT,Tobacco Valley Solar Farm,solar,S26P-3920,contested_project,pending,litigation,2018,"In 2017, the Connecticut Siting Council approved construction of the 156-acre, 26-MW Tobacco Valley Solar Farm, despite opposition from state agencies, local governments, and local residents, who had expressed concerns about impacts to forests and prime farmland. In February 2018, the Town of Simsbury filed an administrative appeal challenging the Connecticut Siting Council’s approval of the project; six neighboring residents filed an appeal four days later. In October 2018, the parties reached a settlement that allowed the project to move forward in exchange for certain concessions from the developer, including enhanced visual screening and an agreement not to remove a certain barn structure.",,,,,,,,needs_docket_research,
CT,TRITEC America’s Carter Street Solar Project,solar,REC-0041,contested_project,blocked_unverified,litigation,2024,"In October 2024, the Connecticut Siting Council unanimously rejected an application for a 0.999-MW solar facility in Manchester. The project would have been sited on 7.8 acres of forested land in an area zoned for rural residential development. Local opponents raised concerns about the environmental impact of cutting down trees, as well as concerns about the project’s proximity to houses.",,,,,,,,needs_docket_research,
DE,Cedar Creek Solar,solar,REC-0044,contested_project,pending,litigation,2022,"In March 2022, a landowner in Smyrna and a group called Citizens Against Solar Pollution filed a lawsuit in Delaware Chancery Court challenging Kent County’s approval of the proposed 100-MW Cedar Creek Solar project on agricultural land. The lawsuit alleged that the project would damage the environment, reduce property values, disrupt the rural character of the community, and threaten historical artifacts.",Citizens Against Solar Pollution v. Kent County,Delaware Court of Chancery,state_trial,2022-0287-NAC,dismissed,https://law.justia.com/cases/delaware/court-of-chancery/2023/2022-0287-nac.html,,promoted,"Verified 2026-09-24 by web search: a Justia result names this case, court and docket; opinion text not read. 2023: dismissed for lack of jurisdiction with leave to transfer to Superior Court.; Re-read 2026-10-08 (Justia): Order Dismissing Complaint With Leave to Transfer, Del. Ch. C.A. No. 2022-0287-NAC, 2023-02-24 (Cook, V.C.): 'I DISMISS the complaint WITHOUT PREJUDICE to Plaintiffs' right to transfer this action to the Superior Court.' Names the conditional use permit for FPS Cedar Creek Solar LLC. Fields unchanged."
DE,Cedar Creek Solar,solar,REC-0044,contested_project,pending,litigation,2022,"In March 2022, a landowner in Smyrna and a group called Citizens Against Solar Pollution filed a lawsuit in Delaware Chancery Court challenging Kent County’s approval of the proposed 100-MW Cedar Creek Solar project on agricultural land. The lawsuit alleged that the project would damage the environment, reduce property values, disrupt the rural character of the community, and threaten historical artifacts.",Citizens Against Solar Pollution v. Kent County,Delaware Superior Court,state_trial,N23C-03-196 VLM,ruled_for_developer,https://law.justia.com/cases/delaware/superior-court/2024/n23c-03-196-vlm.html,,promoted,"Verified 2026-09-24 by web search: a Justia result names this case, court and docket; opinion text not read. Transferred case; 2023 and 2024 decisions; later appealed to the Delaware Supreme Court (Kent County v. Citizens Against Solar Pollution). Outcome not captured.; Re-read 2026-10-08 (Justia): Superior Court order, C.A. No. N23C-03-196 VLM, decided 2024-05-07 (Medinilla, J.): 'the Levy Court's decision is AFFIRMED. Count II (writ of certiorari) of the Amended Complaint is dismissed with prejudice.' Delaware Supreme Court order, No. 210, 2024, decided 2025-03-10 (https://law.justia.com/cases/delaware/supreme-court/2025/210-2024.html), on the citizens' appeal and the County's cross-appeal: 'the judgments of the Court of Chancery and the Superior Court are AFFIRMED.' case_status set to ruled_for_developer. Correction to the earlier note: the merits appeal is captioned Citizens Against Solar Pollution v. Kent County, not Kent County v. Citizens Against Solar Pollution; the only Kent County appeal the documents mention is an interlocutory one the Supreme Court refused on 2024-01-10."
DE,University of Delaware Wind Turbine,wind,REC-0047,contested_project,needs_review,litigation,2016,"A Lewes resident filed two lawsuits in state and federal court to halt the operation of a wind turbine used for research by the University of Delaware, arguing that backroom dealings led to an expedited approval process. The federal lawsuit was dismissed in January 2015. In the state lawsuit, the Delaware Court of Chancery granted summary judgment against the plaintiff on multiple claims in December 2015, which the Delaware Supreme Court affirmed in August 2016.",,Delaware Court of Chancery,state_trial,7939-VCG,,,,lead,"Lead from web search 2026-09-24 (not confirmed): Gerald Lechliter's federal suit (D. Del.) dismissed January 2013 by Judge Sleet; a Court of Chancery case C.A. No. 7939-VCG followed (2015 opinion on Justia). CourtListener 2026-10-07: the Lechliter opinions found (Lechliter v. DNREC, Del. Ch. C.A. No. 10430-VCG, 2015-11-30; Lechliter v. Sussex County Planning & Zoning Commission, Del. 2016) were opened and concern land near his Lewes home and the Harbor Point subdivision, not the wind turbine. No turbine case found."
DE,US Wind Substation Project,wind,REC-0048,contested_project,pending,litigation,2026,"In July 2024, the Sussex County Planning and Zoning Commission unanimously recommended approval of Renewable Redevelopment’s application for a conditional use permit to build a substation in Dagsboro to support US Wind’s offshore wind project. The offshore wind project consists of 121 wind turbines and up to four offshore substations. In December 2024, the Sussex County Council, in a 4-1 vote, denied a conditional use permit for the Dagsboro substation citing lack of direct benefits to the residents of Sussex County among the reasons for denial. In June 2025, the state legislature enacted Senate Bill 159, which requires the permitting of an electric substation as an allowed conditional use in a heavy industrial zone under certain conditions, including to support the operation of a renewable energy project of 250 MW or more. The state law was given retroactive effect to August 3, 2023. The law overrides the council’s denial of the project. Sussex County and the Town of Fenwick Island, the municipalities involved in the US Wind project, challenged the law in the Delaware Court of Chancery. In March 2026, the Delaware Court of Chancery upheld the General Assembly’s authority to override Sussex County Council’s denial. In May 2026, the Delaware Supreme Court affirmed the decision by the Court of Chancery upholding the state law and overturning the Council’s denial of the conditional use permit for the Dagsboro substation.",,Delaware Court of Chancery,state_trial,,,,,lead,"Lead from web search 2026-09-24 (not confirmed): Sussex County and Fenwick Island challenged the state and US Wind in the Court of Chancery; Chancery granted summary judgment for defendants (2026) and the Delaware Supreme Court affirmed. Caption not found.; Checked 2026-10-08 on CourtListener (authenticated API, opinion search, court del delch delsuperct, query substation Dagsboro wind): 0 result(s), none for this project. CourtListener holds few state trial-court records, so absence there is not evidence."
HI,Kahuku Pua Makani Wind Project,wind,REC-0067,contested_project,pending,litigation,2022,"Local opposition to the planned 24-MW Na Pua Makani wind project in Kahuku on the North Shore of Oahu reduced the scope of the project from 13-15 turbines to 8 turbines. In 2016, Keep the North Shore Country filed a contested case hearing petition to challenge the developer’s plan for mitigating impacts to endangered species including the Hawaiian Hoary Bat. In 2018, the Board of Land and Natural Resources accepted the developer’s plan and issued an incidental take license for the project. Keep the North Shore Country appealed that decision. In May 2019, the Circuit Court upheld the state agency’s decision to grant the license, and in February 2022, the Supreme Court of Hawaii affirmed on appeal. While this lawsuit was pending, Keep the North Shore Country filed a separate petition challenging the proximity of the turbines to schools and homes under Honolulu’s zoning ordinance, and an organization called Life of the Land filed a motion to block the project’s power purchase agreement. In addition to legal challenges, there were significant protests: in October 2019, approximately 128 protesters were arrested while trying to block wind turbines from being delivered to the construction site.",Keep the North Shore Country v. Board of Land and Natural Resources,Supreme Court of Hawai'i,state_supreme,SCAP-19-0000449,ruled_for_developer,https://law.justia.com/cases/hawaii/supreme-court/2022/scap-19-0000449.html,,promoted,"Verified 2026-09-24 by web search: a vLex / DLNR result names this case, court and docket; opinion text not read. Decided 2022-02-22: habitat conservation plan approval upheld.; Re-read 2026-10-08 (Justia copy of the Judiciary e-filed opinion, 'Electronically Filed Supreme Court SCAP-19-0000449 22-FEB-2022'): Keep the North Shore Country v. Board of Land and Natural Resources, on the Na Pua Makani Wind Farm habitat conservation plan and incidental take license: 'we affirm the circuit court's May 23, 2019 Final Judgment, which affirmed the Board's May 18, 2018 Findings of Fact, Conclusions of Law, and Decision and Order.' case_source_url changed from the vLex page (not read) to the Justia copy read."
HI,Kawailoa Wind Farm,wind,REC-0068,contested_project,advanced_unverified,litigation,2021,"In 2018, the 69-MW Kawailoa Wind Farm, operated by Kawailoa Wind LLC, sought to amend its Habitat Conservation Plan (HCP) and Incidental Take License (ITL) to account for higher-than-anticipated incidental take of the endangered Hawaiian hoary bat. In 2019, the state Board of Land and Natural Resources (BLNR) approved the proposed amendments. The environmental group Keep the North Shore Country (KNSC), challenged the amendments as being inadequate to address the wind farm’s impacts on wildlife. The BLNR granted KNSC a contested case hearing to formally present their objections. In January 2021, the parties reached a settlement and entered into an agreement in which Kawaiola agreed to fund an enhanced research plan to provide greater protections to endangered species.",,,,,,,,needs_docket_research,"CourtListener 2026-10-07: Keep the North Shore Country v. Board of Land and Natural Resources (Haw. 2022, SCAP-19-0000449) was opened and concerns the Na Pua Makani Wind Farm, not Kawailoa. No Kawailoa case found in Hawai'i appellate opinions.; Checked 2026-10-08 on CourtListener (authenticated API, opinion search, court haw hawapp, query Kawailoa wind): 1 result(s), none for this project. The only hit, Keep the North Shore Country v. BLNR (SCAP-19-0000449), concerns the Na Pua Makani wind farm, not Kawailoa. CourtListener holds few state trial-court records, so absence there is not evidence."
IA,Arbor Hill Wind Farm,wind,S26P-3937,contested_project,blocked_unverified,litigation,2022,"In August 2018, the Madison County Coalition for Scenic Preservation challenged Madison County’s decision to approve this 52-turbine wind farm. In June 2019 the district court dismissed the case and the plaintiffs appealed; the Iowa Court of Appeals affirmed the lower court in January 2021. However, in December 2020, Madison County adopted an ordinance capping the number of turbines in the county at the current number, effectively preventing the project from proceeding. In January 2021, MidAmerican sued the county, and in March 2022, the parties reached a settlement allowing the company to construct 30 turbines. However, in July 2022, MidAmerican abandoned plans to move forward with the project, due to the reduction in size, among other issues.",,,,,,,,needs_docket_research,
IA,Coggon Solar,solar,S26P-3938,contested_project,pending,litigation,2023,"Beginning in 2019, the developer of Coggon Solar began public outreach related to an application for a 640-acre, 100-MW solar project in Linn County. After residents voiced opposition to taking farmland out of commission, the Planning & Zoning Commission voted to recommend that the County Board of Supervisors deny the project. In January 2022, the Board voted 2-1 to approve the project. However, a family who lives near the proposed project brought a lawsuit against the board of supervisors, and, in July 2022, the Iowa Utilities Board denied Coggon Solar’s request for a certificate while the lawsuit was ongoing. On or before February 1, 2023, the court dismissed the lawsuit against the board of supervisors, paving the way for the project to move forward.",,,,,,,,needs_docket_research,
IA,Duane Arnold Solar Projects I and II,solar,S26P-3939,contested_project,pending,litigation,2023,"In 2022, Palo-area residents filed a lawsuit opposing the rezoning of land for two industrial-scale solar projects, claiming that the Linn County Board of Supervisors failed to follow county land-use policies and relied on illegal spot zoning to permit a renewable energy project near the decommissioned Duane Arnold nuclear plant. A judge denied the claims in July 2023, pointing to the fact that the town’s Comprehensive Plan promotes the “protection and enhancement of the health and safety of all Linn County residents through the use of renewable energy.”",,,,,,,,needs_docket_research,
IA,Fairbank Wind Farm,wind,S26P-3940,contested_project,blocked_unverified,litigation,2018,"A 3-turbine wind farm that was approved in 2015 and then constructed was taken down in 2018 following a successful legal challenge by residents. On appeal, the Court of Appeals of Iowa affirmed the judgment of the Iowa District Court for Fayette County that wind turbines were not “electrical and natural gas transmission and regulating facilities” within the meaning of the relevant county ordinance and thus a special permit was required for them to be placed on agricultural land.",,,,,,,,needs_docket_research,
IA,Mason Wind Project,wind,S26P-3941,contested_project,blocked_unverified,litigation,2018,"In August 2015, the Black Hawk County Board of Adjustment unanimously voted to deny a special permit and setback variance for Optimum Renewables’ proposed 3-turbine, 6-MW wind energy project. The decision effectively ended plans for the project in Black Hawk County, which would have been the county’s first wind farm. Roughly fifty project opponents attended the board’s meeting and expressed concerns about potential impacts to wildlife, livestock, property values, and human health. Optimum then sought to build the project in the neighboring Buchanan County. The project also met local opposition in Buchanan County, where residents expressed concerns about the project’s potential impacts to local livelihoods and voiced skepticism about promises made by project advocates. In August 2015, the Buchanan County Planning and Zoning Commission denied a rezoning application that would have allowed Optimum Renewables to build a wind farm in the county. The project was finally built in Fayette County in 2016. Opposition continued from Fayette residents, including the group Fairbank Citizens Against Industrial Wind Turbines Near Our City, who claimed that the project violated county zoning laws. In November 2016, an Iowa judge held that the project was illegal and void due to zoning violations, issuing an order requiring its removal. In May 2018, the Iowa Supreme Court declined to hear an appeal of the decision, effectively ending the project.",,,,,,,,needs_docket_research,
IA,Red Rock Wind Energy Center,wind,S26P-4394,contested_project,pending,litigation,2025,"In 2024, Invenergy proposed the Red Rock Wind Energy Center with a total capacity of 300 MW, two be developed in phases on property in Emmet, Dickinson, Clay Counties (see entry on Dickinson County). In October 2024, the Emmet County Board of Adjustment denied a conditional use permit for the phase of the project in Emmet County. In December 2024, the developer filed a lawsuit against the Board of Adjustment alleging that the denial was in bad faith as the project proposal was not subject to the 2024 moratorium halting the issuance of conditional use permits for wind projects that the county adopted within days of its application. The developer asserts that its permit application complies with the requirements of the 2011 ordinance regulating wind projects in the county. As of November 2025, the developer and the Emmet County Board of Supervisors were negotiating a settlement agreement to resolve the pending lawsuit and approve the conditional use permit for the project, subject to the terms and conditions in the agreement.",,,,,,,,needs_docket_research,
IA,Salt Creek Wind,wind,S26P-3943,contested_project,needs_review,litigation,2023,"In August 2022, a local resident involved with Tama County Against Turbines Coalition filed a petition for declaratory judgment that the conditional use permits issued by the Tama County Board of Adjustment to Salt Creek Wind were illegal. Two months earlier, in June 2022, another member of the same group filed a lawsuit against the board for failing to vote on a moratorium on wind energy and for readopting the existing wind ordinance without following proper procedures. The June 2022 case was dismissed in October 2022. At a public meeting in December 2022, several residents urged the board to adopt a 6-month or 12-month moratorium. In April 2023, Salt Creek Wind, LLC sued Tama County Against Turbines and several of its individual members, claiming that the group had “chastised and bullied the [Board of] Supervisors [to] issue a moratorium on wind energy projects” and had “filed frivolous lawsuits . . . to frustrate . . . contracts between Salt Creek and the local landowners.” Also in April 2023, Southern Natural Resources, LLC (SNR) sued Salt Creek Wind, LLC and associated companies, alleging that the development was in violation of SNR’s exclusive development rights in the area and that the project misappropriated proprietary and trade secret information.",,,,,,,,needs_docket_research,
IA,Shenandoah Hills Wind Project,wind,S26P-3944,contested_project,advanced_unverified,litigation,2025,"In August 2022, the Page County Board of Supervisors approved the 200-MW Shenandoah Hills Wind Farm after 6 months of opposition from residents, who raised concerns about setbacks, noise, lighting, and decommissioning agreements. Just over a month after the approval, residents opposed to the project filed a lawsuit against the county and board in state court, which was later removed to federal court. In February 2023, after the developer, Invenergy, informed the Board of Supervisors that it would be removing 3 turbines from the plan, the Page County Zoning Administrator informed the developer that this was a “material change,” which rendered the application “void” and revoked the permit. The developer appealed the Zoning Administrator’s decision to the Page County Board of Adjustment. In March 2023, the Board of Adjustment upheld the revocation of the permit. A week later, the developer filed a lawsuit against the County officials in federal court challenging the revocation. In May 2024, the federal court denied the residents’ state claims which had been rendered moot at the time the permit was revoked. In November 2024, in a 2-1 vote, the Board of Supervisors approved a resolution to enter into a settlement agreement resolving the pending litigation and allowing the developer to proceed with construction of the project. In November 2025, construction of the project was completed, and the facility began operating with a total of 54 wind turbines and a generating capacity of 214 MW.",,,,,,,,needs_docket_research,
ID,Blue Ribbon Energy Project,wind,S26P-3948,contested_project,needs_review,litigation,2012,"In 2010, Blue Ribbon Energy applied for a permit to construct 27 wind turbines near Goshen, Idaho. The Bingham County Planning and Zoning Commission denied the request, citing a lack of sufficient information on the turbines’ proximity to residences. The developer appealed to the Bingham County commissioners, who reversed the denial and granted approval. However, a second phase of the project was rejected in 2012, due to concerns over property values, as well as the purported health and safety risks of wind energy.",,,,,,,,needs_docket_research,
IL,Alta Wind Farm,wind,REC-0085,contested_project,advanced_confirmed,litigation,2023,"The Alta Wind Farm was approved in July 2020 by the DeWitt County Board despite local opposition. The 200-MW project had been proposed nearly 10 years before. In October 2020, opponents filed two separate lawsuits to stop the project but dropped both of those lawsuits in March 2021. In July 2021, the DeWitt County Board approved a motion preventing the issuance of new building permits to Enel Green Power for the Alta Wind Farm until the company could prove that its turbines could be curtailed during severe weather events. An Illinois judge then issued a mandamus order holding that the Dewitt County Board lacked legal authority to halt the issuance of building permits. The wind farm proceeded to operation in June 2023.",Alta Farms Wind Project II v. DeWitt County,"Illinois Circuit Court, Sixth Judicial Circuit (DeWitt County)",state_trial,21-MR-36,ruled_for_developer,https://bloximages.chicago2.vip.townnews.com/pantagraph.com/content/tncms/assets/v3/editorial/2/d7/2d766008-937a-572c-9e64-1b6be300fc8d/613a6e8edb992.pdf.pdf,,promoted,"Verified 2026-09-24 by web search: a Pantagraph (complaint PDF) / news result names this case, court; opinion text not read. 2021: board lacked authority to suspend the project's building permits. Residents' and the Village of Wapella's suits against the approval are not recorded here.; Re-read 2026-10-08: the earlier case_source_url (Pantagraph page) holds the Verified Complaint for Mandamus, which names the court (Circuit Court of the Sixth Judicial Circuit, DeWitt County) but no case number. The court's Mandamus Order, No. 21-MR-36, dated 2021-09-08 (Bohm, J.), was read from the Pantagraph-hosted PDF now in case_source_url: 'The County Board lacked the legal authority to take this action' and 'the motion for summary judgment is granted in part. The DeWitt County Zoning Administrator is ordered to issue a formal decision on the 15 Permit Applications on or before September 13, 2021.' The court did not order the permits issued. Docket 21-MR-36 added; case_status unchanged."
IL,Grain Belt Express,transmission,S26P-3959,contested_project,pending,litigation,2024,"In 2015, Clean Line Energy proposed a project to build 207 miles of a high-voltage direct current (HVDC) power line between the Mississippi River and Indiana border to transmit clean energy. The Illinois Commerce Commission (ICC) first approved it in 2015. Landowner and agriculture groups called Concerned Citizens and Property Owners, Illinois Agricultural Association, and Landowners Alliance of Central Illinois challenged the approval in state court, and, in 2018, an Illinois appellate court overturned the approval on the grounds that regulators improperly allowed the company to use an expedited review process. The project was eventually taken over in 2020 by Invenergy, but the previous court order still prevented the project from going forward. In 2022, Gov. J.B. Pritzker signed the Climate and Equitable Jobs Act, which enabled construction to proceed despite the court’s ruling. The ICC approved the project for the second time in March 2023, allowing Invenergy to start building the HVDC power line. In August 2023, an Illinois appellate court enacted a stay on implementation of the March 2023 order to decide the project’s constitutionality. In September 2023, the court lifted the stay allowing the developer to continue with planning while the appeal moves forward. In August 2024, the Illinois appellate court reversed the ICC’s March 2023 approval of the project, citing issues with the financing of the project. In November 2024, the state’s Supreme Court granted leave to hear the appeal of the appellate court’s ruling. On July 23, 2025 the U.S. Department of Energy announced the cancellation of a $4.9 billion conditional federal loan guarantee for phase one of the project from Ford County, Kansas to Callaway County, Missouri. In January 2026, the Illinois Supreme Court decided the pending appeal and ruled in favor of the developer, allowing the company to move forward with construction of the project.",,,,,,,,needs_docket_research,
IL,Radford’s Run Wind Farm,wind,S26P-6293,contested_project,advanced_unverified,litigation,2017,"In 2015, three dozen landowners filed a lawsuit to halt the 139-turbine, 305-MW Radford’s Run Wind Farm, arguing that the “county did not properly provide statutory notices for a public hearing leading up to the board’s decision or allow them to view the wind farm applications in time for the hearing.” The suit was dismissed in 2016, and the project was ultimately constructed in 2017.",,,,,,,,needs_docket_research,
IN,Carina Solar,solar,S26P-3972,contested_project,blocked_unverified,litigation,2024,"Plans to construct the 100-MW Carina Solar project on 1,880 acres of land under Bartholomew County and City of Columbus jurisdiction encountered opposition from a local group Nonprofit Bartholomew County Citizens Concerned about Commercial Solar Fields (B4CSF). In February 2024, the Bartholomew County Board of Zoning Appeals denied a conditional use permit for the 1,100-acre piece the project that would be sited within its jurisdiction. That same month, the City of Columbus Board of Zoning Appeals approved an application for a separate 800 acres piece. The developer filed a lawsuit appealing the county’s denial, while local opponents filed a lawsuit appealing the city’s approval. The Bartholomew Circuit Court consolidated the two lawsuits in June. On July 30, 2024, the developer withdrew its application as part of a stipulation dismissing the litigation",,,,,,,,needs_docket_research,
IN,Emerald Green Solar Farm,solar,S26P-3975,contested_project,pending,litigation,2023,"On March 30, 2023, nine local residents filed a lawsuit to reverse the Howard County Board of Zoning Appeal’s February 28 decision to grant a special exception permit to ENGIE for the proposed Emerald Green Solar Farm. The 200-MW project would occupy approximately 1,800 acres.",,,,,,,,needs_docket_research,
IN,Flat Rock Wind Project,wind,S26P-3976,contested_project,blocked_unverified,litigation,2018,"In May 2015, the Rush County Board of Zoning Appeals included in a special exemption permit for the Flat Rock Wind Project the condition that all turbines be set back 2,300 feet from non-participating properties. The setback requirement exceeded the local zoning ordinances’ standard 1,000-foot setback requirement. The applicant challenged the condition in state court, and, in 2017, the Indiana Court of Appeals upheld the Board of Zoning Appeals’ decision. The developer abandoned the project in December 2018, citing delays in obtaining approvals caused by local opposition and zoning disputes.",,,,,,,,needs_docket_research,
IN,Grandview Solar Project,solar,S26P-3978,contested_project,pending,litigation,2024,"Grandview Solar Project LLC is seeking to develop a 91-MW commercial solar project in Spencer County that would span 37 parcels of land. In February 2024, a group of over 70 Grandview residents filed a lawsuit against the proposed project seeking declaratory and injunctive relief, claiming that the Town Zoning Administrator lacked jurisdiction to approve the project. In July 2024, an Indiana state court granted summary judgment in favor of the developer, ruling that the project could proceed with construction. Opposition to the project has focused on impacts to farmland.",,,,,,,,needs_docket_research,
IN,Harvest Wind Project,wind,S26P-3980,contested_project,blocked_unverified,litigation,2018,"In September 2018, developer RES Americas canceled plans for a 600-MW wind farm in Indiana several months after Miami County increased its setback requirement to 2,000 feet from property lines, roads, public lands, and city limits. Residents opposed to the project had collected 900 signatures for a petition requesting a setback of 2,640 feet.",,,,,,,,needs_docket_research,
IN,Idlewild Solar Project,solar,S26P-3981,contested_project,pending,litigation,2025,"In November 2024, the Jefferson County Board of Zoning Appeals denied an application for a special exception permit for a proposed 470-MW project. [Local community members opposing the project organized a petition and obtained 400 signatures. Residents cited concerns about aesthetics, noise, and impacts on animals. [Note: In January 2025, Idlewild Solar Project filed an appeal of the decision to deny the project.]",,,,,,,,needs_docket_research,
IN,Lone Oak Solar,solar,S26P-3983,contested_project,pending,litigation,2019,"In May 2019, the Madison County Board of Zoning Appeals approved a 120-MW solar project proposed by Invenergy, issuing a special use permit that required construction to be completed. Residents filed a civil lawsuit challenging the approval, citing concern about property values and specific members of the Board of Zoning Appeals. The Indiana Court of Appeals upheld the decision of the Madison Circuit Court that there was sufficient evidence to support the approval of the original and secondary special use applications concerning the project. The Indiana Supreme Court declined to take the appeal. However, when the developers requested that Madison County allow additional time to complete construction in light of the pandemic, supply chain issues, and litigation from project opponents, the County refused, and the developer sued.",,,,,,,,needs_docket_research,
IN,Mammoth Solar Project,solar,S26P-3985,contested_project,needs_review,litigation,2024,"Plans for a $1.5 billion, 1,300-MW solar project have encountered opposition from a resident group called Pulaski County Against Solar. Opponents have focused on the amount of agricultural land involved in the 13,000-acre project, which would include 2,600 acres of solar panels. A group of landowners filed a lawsuit to stop the project, alleging that the Pulaski County Board of Zoning Appeals’ decision granting a special exception for the project was improper because the developer’s application was incomplete. On August 24, 2021, the Indiana trial court ruled in favor of the petitioners, and, on September 21, 2022, the Indiana Court of Appeals affirmed. In July 2024, residents proposed a solar moratorium, claiming that the Mammoth project was missing important documents in the permitting process. The Starke County Commission confirmed that the documents were not missing and denied the proposed solar moratorium.",,,,,,,,needs_docket_research,
KS,Argyle Creek Wind Project,wind,S26P-3995,contested_project,blocked_unverified,litigation,2017,"In January 2017, nearly 60 residents of Sumner County filed a lawsuit to challenge the county’s approval of a conditional use permit for the 60-turbine, 150-MW Argyle Creek Wind Farm. In September 2017, a judge ruled against the Sumner County Commission, thereby blocking the project.",,,,,,,,needs_docket_research,
KS,Hope Ridge Wind Project,wind,S26P-3999,contested_project,pending,litigation,2025,"The Hope Ridge wind project is a 334-MW wind project. Opposition to the wind project led to a civil lawsuit filed by residents against the County Commissioners, who approved the project by a 2-1 vote in November 2024. Residents filed a lawsuit in December 2024, alleging that the decision to approve the conditional use permit “did not follow the law and was unreasonable and unlawful.” [Note: As of January 2025, the litigation was still ongoing.]",,,,,,,,needs_docket_research,
KS,Jeffrey Solar Project,solar,S26P-4379,contested_project,pending,litigation,2025,"In 2022, NextEra proposed the 500-MW Jeffrey Solar Project to be developed on approximately 5,000 acres of land in southwest Jackson County. The project has faced strong local opposition over concerns about its impact on property values and potential to interfere with property usage. In January 2025, a group of local residents opposing the project filed a lawsuit in the Topeka District Court alleging violations of environmental federal statutes and seeking an injunction to stop the project moving forward. In July 2025, the lawsuit was dismissed without prejudice for lack of standing and failure to state a claim.",,,,,,,,needs_docket_research,
KS,Kansas Sky Energy Center Solar Project,solar,S26P-4000,contested_project,pending,litigation,2024,"In 2023, Evergy proposed the Kansas Sky Energy Center Solar Project, a 159-MW solar farm to be developed on approximately 1,103 acres in Grant Township near Lawrence, Kansas. The project developer sought a conditional use permit from the Douglas County Planning Commission. The Commission received approximately 50 comments on the project, 30 of which expressed opposition to it. Voices against the project focused on the need to preserve agricultural land. In December 2023, the Douglas County Planning Commission’s review ended in a split 4-4 vote on the permit application. In April 2024, the Commission unanimously voted to approve the conditional use permit. In May 2024, a group of opponents of the project brought a lawsuit in the Douglas County District Court alleging that the approval of the permit conflicts with the County’s comprehensive plan and solar regulations. In December 2024, the District Court Judge issued an injunction preventing any construction on the project until the litigation is resolved. In October 2025, the Douglas County Commissioners voted unanimously to approve five temporary business use permits (TBUs) allowing the developer to conduct environmental testing for the project subject to a number of conditions while the litigation remains pending.",,,,,,,,needs_docket_research,
KS,Neosho Ridge Wind,wind,S26P-4002,contested_project,advanced_unverified,litigation,2021,"Plans by Apex Clean Energy to construct a 139-turbine, 300-MW wind farm in Neosho County were met with opposition from residents. Objections to the project included concerns regarding the cost of the project and potential issues with regulating the wind farm due to the lack of a strong zoning ordinance. After Apex Clean Energy received a permit for the project, 45 landowners filed a lawsuit in federal court to stop the project as an anticipatory nuisance. The court denied the developer’s motion for judgment on the pleadings, finding that the plaintiffs adequately alleged a claim of anticipatory nuisance. In June 2020, the parties voluntarily stipulated to dismissal, and the project entered commercial operation in 2021.",,,,,,,,needs_docket_research,
KS,Pretty Prairie Wind Farm,wind,S26P-4003,contested_project,needs_review,litigation,2022,"A proposed 80-turbine, 220-MW wind farm by NextEra encountered local opposition in Reno County. After the Reno County Planning Commission issued a negative recommendation, 233 residents submitted protest petitions, which forced a unanimous vote of the Reno County Commission. In June 2019, the County Commission voted 2-1 in favor of the project, but, without a unanimous vote, the permit could not be issued. In July 2021, the developer filed a lawsuit alleging that the protest petitions were invalid, but in May 2020, the court ruled against the developer. In August 2022, the state appellate court upheld the decision that the protest petitions were legally sufficient to force a unanimous decision.",,,,,,,,needs_docket_research,
KY,Stonefield Solar Project,solar,REC-0150,contested_project,pending,litigation,2023,"In May 2023, the Hardin County Commission denied a request by participating landowners to change the zoning of 1,030-acres from rural residential to industrial to allow for the development of the Stonfield Solar Project. The Harden Fiscal Court eventually approved the zoning change in July 2023. Later that month, a citizen’s group called Hardin County Citizens for Responsible Solar filed a lawsuit challenging the permitting of the solar project in a heavy industrial zone, arguing that the project does not qualify as manufacturing and is at odds with the Hardin County Comprehensive Plan. The lawsuit seeks declaratory judgment rescinding the zoning change.",,,,,,,,needs_docket_research,"CourtListener 2026-10-07: searched Kentucky appellate opinions for Stonefield solar; no case found.; Checked 2026-10-08 on CourtListener (authenticated API, opinion search, courts ky kyctapp, query solar ""Hardin County""): one result, CPV Stonecrop Solar, LLC v. Hardin County Planning and Development Commission, Ky. Ct. App. No. 2024-CA-1393-MR (2025-10-24, vacated and remanded). Opened: it concerns CPV Stonecrop's 640-acre, 82-MW agrivoltaics option agreements and a 2024 zoning-exemption petition (Hardin Circuit No. 24-CI-00286); it does not name this project, so it is not recorded here."
LA,Cajun Crescent Energy Center,solar,REC-0154,contested_project,blocked_confirmed,litigation,2024,"In September 2021, local residents of Southeast Calcasieu Parish filed a lawsuit against the parish zoning board and police jury to contest the approval of a 3,400-acre solar farm that would generate 300 to 400 MW. Opponents of the project stated that they have not received sufficient guarantees as to human health and safety, as well as impacts on birds and other wildlife. On November 19, 2024, the Calcasieu Planning and Zoning Board rejected a zoning exception necessary for construction to proceed.","Cajun Crossroads Energy Center, LLC v. Calcasieu Parish Police Jury","Louisiana Court of Appeal, Third Circuit",state_appellate,25-650,ruled_for_opposition,https://caselaw.findlaw.com/court/la-court-of-appeal/219220.html,,promoted,"Opened 2026-10-08 (FindLaw copy of the opinion): Cajun Crossroads Energy Center, LLC, Crescent Coast Energy Center, LLC, and Cedar Holdco, LLC v. Calcasieu Parish Police Jury, Louisiana Third Circuit Court of Appeal, No. 25-650, decided 2026-07-15. The developer entities (Aypa Power affiliates) sued over the board's 2024-11-19 denial (3-3 vote) of a zoning exception for a 3,656-acre solar facility; the trial court reversed the denial; the appeals court 'reinstate[d] the Calcasieu Parish Planning and Zoning Board's denial of Plaintiffs' Application for Zoning Exception, and remand[ed] for further proceedings.' KPLC (2025-07-26, opened) ties Aypa's Cajun Crescent Energy Center to that denial. The record's own litigation context (residents suing in 2021 over an approval) is not what the documents show; further trial-court proceedings are possible."
LA,St. James Parish setback,solar,REC-0152,restriction,,,2022,"On August 17, 2022, the St. James Parish Council approved a moratorium through March 2023 on commercial solar farms. The moratorium was imposed shortly after D.E. Shaw Renewable Investments submitted a proposal to build a solar farm on 3,900 acres in the parish, which the planning commission rejected. Local residents advocating for the moratorium expressed concerns about visual impacts.",,,,,,,,needs_docket_research,"Checked 2026-10-08 on CourtListener (authenticated API, opinion search, court la lactapp, query solar ""St. James Parish"" moratorium): 0 result(s), none for this project. CourtListener holds few state trial-court records, so absence there is not evidence."
MA,Amherst Capped Landfill Solar,solar,REC-0190,contested_project,needs_review,litigation,2016,"In 2011, the Town of Amherst selected SunEdison to build a 2.4-MW solar array on a capped town landfill. In response, citizens filed a lawsuit against town officials for allegedly violating an agreement with the state that the landfill site must be used for recreational purposes. The lawsuit became moot in February 2012, when the state legislature passed a bill allowing all capped municipal landfills to serve as sites for solar projects. In April 2012, plaintiffs amended the lawsuit to include potential impacts to habitat of the grasshopper sparrow, which is protected under the Massachusetts Endangered Species Act. The lawsuit was dismissed without prejudice in December 2015. However, in July 2016 town officials terminated their contract with SunEdison after learning from the Massachusetts Division of Fisheries and Wildlife that the landfill solar project would likely impact habitat of the grasshopper sparrow.",,,,,,,,needs_docket_research,
MA,Cape Wind,wind,REC-0193,contested_project,blocked_confirmed,litigation,2017,"In 2017, after spending $100 million of his own money, the developer of Cape Wind, a proposed 454-MW offshore wind farm, abandoned the project. For years, the project was weighed down by costly legal challenges from groups such as the Alliance to Protect Nantucket Sound. In addition to the Alliance to Protect Nantucket Sound, which was chaired by William Koch, the project faced opposition from fishing groups and Native American tribes. As a result of delays caused by opposition, Cape Wind was unable to meet the construction deadlines set out in power purchase agreements. In 2015, two utilities canceled their contracts with Cape Wind.",Public Employees for Environmental Responsibility v. Hopper,U.S. Court of Appeals for the D.C. Circuit,federal_appellate,14-5301,ruled_for_opposition,https://www.courtlistener.com/opinion/3219842/public-employees-for-environmental-responsibility-v-hopper/,,promoted,"Verified 2026-09-24 by web search: a CourtListener / govinfo result names this case, court and docket; opinion text not read. Decided 2016-07-05: Cape Wind EIS held inadequate (geological surveys).; Re-read 2026-10-08 (CourtListener API, opinion text): D.C. Cir. No. 14-5301, consolidated with 14-5303, argued 2016-02-11, decided 2016-07-05, on the Cape Wind Energy Project: 'We reverse the district court's judgment that the Bureau's environmental impact statement complied with NEPA and that the Service's incidental take statement complied with the Endangered Species Act, and we vacate both statements.' Remaining claims' dismissal affirmed. Fields unchanged."
MA,Falmouth Wind,wind,S26P-4019,contested_project,blocked_unverified,litigation,2022,"Two turbines known as Falmouth Wind 1 and 2, which were installed in 2010 and 2013, faced opposition from neighbors based in part on concerns about noise and health impacts. In March 2013, two residents of the Town of Falmouth filed a complaint with the Falmouth Building Commissioner alleging that two wind turbines were a nuisance. The Building Commissioner denied the request to compel the Town to shut the turbines down. However, in December 2013, after holding a public meeting, the Falmouth Zoning Board of Appeals (ZBA) found that the turbines were a nuisance and overturned the denial. In 2014, the Town of Falmouth, as owner and operator of the turbines, filed a lawsuit in state court against the ZBA, alleging that the ZBA’s decision to shut down the turbines was arbitrary and capricious. The court sided with the ZBA, finding that the wind turbines posed a nuisance and ordering that the turbines be permanently stopped. By October 2022, the Town had demolished the two wind turbines.",,,,,,,,needs_docket_research,
MA,Future Generation Wind,wind,S26P-4020,contested_project,needs_review,litigation,2020,"In 2016, the Town of Bourne filed suit against Future Generation Wind, claiming that the company was failing to consider the impacts in Bourne of a 4-turbine, 6-MW wind farm it was constructing in the neighboring town of Plymouth. In February 2020, after the wind farm was constructed, the Plymouth Board of Health unanimously voted that it constituted a public nuisance. The Board had received over 360 complaints since the 500-foot turbines began operating in 2016. The Board also voted to take action against Future Generation Wind “in a reasonable amount of time,” though more information on the Board’s actions does not appear to be available.",,,,,,,,needs_docket_research,
MA,New England Wind 1 Transmission,transmission,S26P-4022,contested_project,pending,litigation,2024,"In July 2024, residents of Centerville, a village in the Town of Barnstable, filed a civil suit against the Barnstable Town Council seeking injunctive relief to stop the construction of transmission lines for Avangrid’s New England Wind 1 offshore wind project. The transmission lines, if constructed, would pass underneath the town’s main street. The plaintiff group Save Greater Dowses Beach argued that the Town Council negotiated a side agreement with Avangrid without public input. The case was dismissed in August 2024.",,,,,,,,needs_docket_research,
MA,"New England Wind 2, formerly known as Commonwealth Wind Project and Park City Wind",wind,REC-0194,contested_project,pending,litigation,2025,"In 2017, Avangrid began the development of two offshore wind farms south of Martha’s Vineyard – Commonwealth Wind (1,200-MW) and Park City Wind (800-MW). In April 2023, the developer filed a lawsuit against the Edgartown Conservation Commission after the town denied the company’s request to install subsurface transmission cables in town waters (see separate entry for New England Wind 1). Avangrid received a favorable ruling from the court, and in September 2023, the Commission rescinded its denial of the request. At a November 2023 Town public meeting concerning offshore wind, many Barnstable residents opposed plans to bring the cable installation, expressing concerns about disruption to public beaches and roads and impacts from electromagnetic fields. The citizen group Save Greater Dowses Beach formed in opposition to Avangrid’s plans to install the cables. In December 2023, the state Energy Facilities Siting Board voted to permit the landing of underground cables for the projects at Craigville Beach in Barnstable. In April 2024, the Department of the Interior’s Bureau of Ocean Energy Management (BOEM) reviewed and approved the projects, which were combined and rebranded as New England Wind 2. In May 2025, the group ACK for Whales filed a lawsuit in the US District Court for the District of Columbia challenging the project alleging that the BOEM approval process violated several federal environmental laws, including the Marine Mammal Protection Act, the Endangered Species Act, the National Historic Preservation Act, and the Outer Continental Shelf Lands Act. In September 2025, the Department of Interior filed a motion indicating that it is reconsidering its 2024 permit approval for the project. The litigation remains pending.",,,,,,,,needs_docket_research,
MA,Northfield Solar Project,solar,S26P-4023,contested_project,pending,litigation,2023,"In September 2021, the Northfield Planning Board approved a proposal by BlueWave Solar for a solar energy project that would cover 76 acres on three noncontiguous tracts. In November 2022, an abutter and an organization called “RESTORE: The North Woods” filed an appeal to contest the issuance of permits. The complaint alleged that the project would cause the abutter to “suffer a loss of the rural and agricultural values and aesthetic of the scenic country setting” and harm “prime farmland.” In April 2023, a Franklin County Superior Court judge ruled that the plaintiffs had standing to pursue their claim, allowing the case to proceed to trial. However, the following September, the parties agreed to dismiss the appeal, allowing the project to move forward.",,,,,,,,needs_docket_research,
MA,Petersham Solar,solar,S26P-4436,contested_project,pending,litigation,2025,"In 2021, Sunpin Energy proposed the 4.3-MW Petersham Solar project to be located on approximately 14 acres in Petersham, Worcester County. In November 2021, after four public meetings, the Petersham Zoning Board of Appeals (ZBA) voted 2-1 to approve the developer’s application for a special use permit for the project. However, as a unanimous vote was required, the permit was not issued. The dissenting board member and local residents opposing the project, expressed concern that it would require the cross-cutting of forest in a 14-acre parcel and harm the character of the community. In December 2021, the developer challenged the ZBA’s decision in the Massachusetts Land Court. In August 2023, the Land Court ruled that the ZBA had acted within their authority and the denial was reasonable based on public safety, health, and welfare. The developer subsequently challenged the Land Court’s ruling in the Massachusetts Appeals Court. In July 2025, the Appeals Court reversed, holding that the proposed use was allowed with a special permit, and that the ZBA had exceeded their discretion in denying the permit. The matter is currently on appeal by the ZBA before the Massachusetts Supreme Judicial Court.",,,,,,,,needs_docket_research,
MA,Shutesbury Solar Project,solar,S26P-4025,contested_project,pending,litigation,2017,"In August 2016, opponents of a proposed 6.2-MW solar farm filed a lawsuit in federal court alleging that the 30-acre site contained Native American burial grounds and that it was a ceremonial landscape. While the developer, Lake Street Development, had already conducted archaeological studies and found no artifacts, opponents argued that additional analysis was necessary. In August 2017, the court dismissed the case on jurisdictional grounds, and the project was allowed to proceed.",,,,,,,,needs_docket_research,
MA,Town of Shutesbury ban,solar;battery_storage,REC-0189,restriction,,,2021,"Shutesbury’s solar bylaw, adopted in May 2008 and amended in June 2021, prohibits solar plants larger than fifteen acres, among other restrictions. In January 2023, Shutesbury residents voted to adopt a revised town bylaw for solar arrays at a Special Town Meeting. The revised bylaw would have banned energy storage systems as a principal use in all zoning districts and limited large-scale solar installations (defined as installations between 1.5 and 15 acres of land) to a special use in Forest Conservation Districts, prohibiting such installations in all other districts. The Massachusetts Attorney General’s office sent a letter to Shutesbury officials disapproving of the January 2023 bylaw, partially based on a determination that the bylaw violated state law by effectively banning solar installations. The Attorney General’s office’s action resulted in the pre-2023 bylaw regaining legal effect. The pre-2023 bylaw is the subject of a lawsuit filed by developer PureSky Energy in August 2023, in which PureSky alleges that the town’s solar regulations are in violation of state law that prohibits unreasonable regulation of solar energy systems.",,Massachusetts Land Court,state_trial,,withdrawn,,,lead,"Lead from web search 2026-09-24 (not confirmed): W.D. Cowls Inc. and PureSky Energy sued the Town of Shutesbury in Massachusetts Land Court (2023); dismissed by agreement 2025-08-14 (Greenfield Recorder).; Checked 2026-10-08 on CourtListener (authenticated API, opinion search, court mass massappct, query Shutesbury solar): 0 result(s), none for this project. CourtListener holds few state trial-court records, so absence there is not evidence."
MA,Vineyard Wind 1,wind,S26P-4027,contested_project,pending,litigation,2025,"In 2017, Avangrid Renewables proposed a 62-turbine, 800-MW offshore wind project located more than 15 miles of Martha’s Vineyard. The project has faced opposition from fishing industry groups, a solar developer, and a local citizen group called Nantucket Residents Against Turbines (ACKRATS). In 2021 and 2022, these groups filed four separate lawsuits against the project in federal court. All four lawsuits alleged insufficient consideration of potential impacts to right whales, among other claims. The cases include claims under the Endangered Species Act (ESA), National Environmental Policy Act (NEPA), Outer Continental Shelf Lands Act (OCSLA), Clean Water Act (CWA), Marine Mammal Protection Act (MMPA), Administrative Procedure Act (APA), and the Merchant Marine Act of 1920. Between May and October 2023, the U.S. District Court in Massachusetts decided all four cases in favor of Vineyard Wind and the federal government. All four cases were appealed to the First Circuit. In April 2024, the First Circuit affirmed the lower court’s decision in two of the cases: Nantucket Residents Against Turbines v. U.S. Bureau of Energy Management, and Melone v. Coit. In December 2024, the First Circuit affirmed dismissal of two related lawsuits by Responsible Offshore Development Alliance (RODA) and Seafreeze Shoreside. In September 2024, Nantucket Residents Against Turbines filed a petition for certiorari in the U.S. Supreme Court. In January 2025, the certiorari petition was denied. RODA and Seafreeze subsequently filed petitions for certiorari, but those petitions were also denied in May 2025. On December 22, 2025, the Bureau of Ocean Energy Management (BOEM) issued a stop-work order to halt construction of the project for reasons of national security. In January 2026, the developer filed a lawsuit in the U.S. District Court in Massachusetts to enjoin BOEM’s stop-work order. In late January 2026, the federal district judge granted the plaintiff’s request for a preliminary injunction and allowed construction of the project to resume.",,,,,,,,needs_docket_research,
MD,Chaberton Snow Solar,solar,REC-0179,contested_project,pending,litigation,2024,"In May 2024, the Worcester County Commissioners rescinded the denial of a proposal for a 30-acre, 4-MW solar farm proposed by Chaberton Snow Solar LLC, after previously denying the proposal in November 2023. The rescission, which followed an administrative hearing, officially settled an appeal that the developer had filed in the Worcester County Circuit Court in December 2023. The initial denial drew upon concerns regarding the project’s decommissioning processes, even though the project received a favorable recommendation from the Worcester County Planning Commission, and nobody testified against the project at the public hearing. In rescinding the denial, the Commissioners reiterated these concerns but offered no formal recommendation on the project. The rescission will enable the application for a Certificate of Public Convenience and Necessity with the Maryland Public Service Commission to proceed without a procedural defect in the record.",,,,,,,,needs_docket_research,
MD,Dan’s Mountain Wind Farm,wind,REC-0180,contested_project,needs_review,litigation,2021,"The proposed 17-turbine Dan’s Mountain Wind Farm in Allegany County has faced opposition since 2008 from local residents who organized a group called Allegany Neighbors and Citizens for Home Owners Rights (ANCHOR) to fight the project. In 2019, ANCHOR filed a lawsuit challenging the Allegany County Board of Zoning Appeals approval of the project, and, in August 2021, the Court of Special Appeals upheld the Board’s decision. Opponents of the project also unsuccessfully challenged the Maryland Public Service Commission’s approval of the developer’s request for an exception from the requirement to obtain a Certificate of Public Convenience and Necessity.","Dan's Mountain Wind Force, LLC v. Allegany County Board of Zoning Appeals",Court of Special Appeals of Maryland,state_appellate,"No. 804, September Term 2016",ruled_for_developer,https://www.courtlistener.com/opinion/4483340/dans-mountain-wind-force-llc-v-allegany-cnty-bd-of-zoning-appeals/,,promoted,"Opened 2026-10-07 on CourtListener (authenticated API): reported opinion filed 2018-04-03 (Friedman, J.), appeal from Circuit Court for Allegany County Case No. 01-C-15-043252-F. The developer appealed the Board of Zoning Appeals' rejection of setback and separation-distance variances for 17 turbines; the court held the Board misapplied the uniqueness and practical-difficulty tests, reversed, and directed the circuit court to vacate the Board's decision and remand. This does not match the record's account (an ANCHOR challenge in which the Court of Special Appeals upheld an approval); no ANCHOR case was found. A related Court of Appeals entry (No. 253, Sept. Term 2016) shows a petition for certiorari denied 2016-09-29. Earlier note: Lead from web search 2026-09-24 (not confirmed): Dan's Mountain Wind Force, LLC v. Jennifer Shaw, et al. (Maryland Daily Record, 2022-04-22); circuit court earlier upheld the county's denial. Court for the 2022 decision not confirmed.; Checked 2026-10-08: the record's source, Sabin Center June 2025 edition (read at https://scholarship.law.columbia.edu/cgi/viewcontent.cgi?article=1252&context=sabin_climate_change; the record's source_url now returns 404), says ANCHOR sued in 2019 over the Board of Zoning Appeals approval and the Court of Special Appeals upheld it in August 2021, citing ANCHOR v. Dan's Mt. Windforce, No. 1177 (Aug. 16, 2021). That opinion (opened, below) calls this 2018 opinion 'Dan's Mountain I': the developer's appeal of the Board's first denial, which led to the remand on which the Board granted the variances and special exception. So this row is a real, earlier case over the same project, not the ANCHOR case the record describes; the ANCHOR case is now a separate candidate row."
MD,Dan’s Mountain Wind Farm,wind,REC-0180,contested_project,needs_review,litigation,2021,"The proposed 17-turbine Dan’s Mountain Wind Farm in Allegany County has faced opposition since 2008 from local residents who organized a group called Allegany Neighbors and Citizens for Home Owners Rights (ANCHOR) to fight the project. In 2019, ANCHOR filed a lawsuit challenging the Allegany County Board of Zoning Appeals approval of the project, and, in August 2021, the Court of Special Appeals upheld the Board’s decision. Opponents of the project also unsuccessfully challenged the Maryland Public Service Commission’s approval of the developer’s request for an exception from the requirement to obtain a Certificate of Public Convenience and Necessity.","Allegany Neighbors & Citizens for Homeowner Rights, Ltd. v. Dan's Mountain Windforce, LLC",Court of Special Appeals of Maryland,state_appellate,"No. 1177, September Term 2020",ruled_for_developer,https://www.courts.state.md.us/sites/default/files/unreported-opinions/1177s20.pdf,,promoted,"Opened 2026-10-08 on the Maryland Judiciary site (unreported opinions index for August 2021, https://www.courts.state.md.us/appellate/unreportedopinions/list/202108, and the opinion PDF in case_source_url): unreported opinion, Court of Special Appeals, filed 2021-08-16 (Friedman, J.), appeal from Circuit Court for Allegany County Case No. C-01-CV-19-499. On remand from Dan's Mountain I (236 Md. App. 483 (2018)) the Board of Zoning Appeals granted the separation and setback variances and the special exception for 17 turbines; ANCHOR and individual protestors appealed. 'JUDGMENT OF THE CIRCUIT COURT FOR ALLEGANY COUNTY AFFIRMED. APPELLANTS TO PAY COSTS.' This is the ANCHOR case the record describes. The Sabin report also cites Dan's Mt. Windforce, LLC v. Shaw, No. 1238 (Apr. 14, 2022), not read."
MD,Maryland Offshore Wind Project a/k/a MarWin a/k/a US Wind,wind,S26P-4034,contested_project,pending,litigation,2025,"The Maryland Offshore Wind Project, proposed by US Wind, has the potential to generate up to 2,200 MW. The project has encountered opposition from the Ocean City government and the tourism industry due to concerns that visual impacts will harm business. In February 2018, the Ocean City Mayor and Council unanimously approved a resolution against any wind project being sited within 30 miles of the city. The City officials proposed a similar bill in the General Assembly that would have required siting at least 26 miles off the coast, but the Maryland House of Delegates rejected the proposed legislation. In September 2021, after the developer applied for an expansion of the project size, several local elected officials and business leaders expressed concern about turbines ruining beachfront views, jeopardizing tourism, and negatively impacting real estate values and the local economy. In November 2023, Worcester County Commissioners sent a letter to the Army Corps of Engineers urging the Corps to deny a permit for US Wind. In October 2024, Ocean City and other plaintiffs, including Worcester County, various community associations, and the Ocean City Marlin Club, filed a lawsuit in federal court, alleging that the federal government’s approval of the project violated the Administrative Procedure Act, National Environmental Policy Act, Endangered Species Act, Marine Mammal Protection Act, Migratory Bird Treaty Act, Coastal Zone Management Act, Outer Continental Shelf Lands Act, and National Historic Preservation Act. In December 2024, the Bureau of Ocean Energy Management issued its final approval of the project. In January 2025, the Army Corps issued the permit for the project. In July 2025, the federal court ruled on the motions to dismiss the case by the federal defendants and the developer intervenor. While the court dismissed several of the claims, it allowed the claims under the Marine Mammal Protection Act, the Endangered Species Act, and the National Historic Preservation Act to proceed, and reserved judgment on the Outer Continental Shelf Lands Act and the National Environmental Policy Act claims. In September 2025, the Department of Interior filed a motion indicating that it planned to withdraw its approval for the project and alleging that the approval process did not address potential impacts on other offshore uses, such as fishing. The litigation remains pending.",,,,,,,,needs_docket_research,
MD,Washington County Solar Farm,solar,S26P-4041,contested_project,pending,litigation,2019,"In November 2015, the Washington County Zoning Board granted permission to Perennial Solar LLC to construct a 10-MW solar farm. Local residents filed a petition for judicial review in the Circuit Court of Washington County. While the petition was pending, the developer filed a motion for a determination that the Maryland Public Service Commission has exclusive jurisdiction over project approval and siting. In July 2019, the Maryland Court of Appeals sided with the developer, finding that state law PU § 7-207 preempts local zoning approval for the siting of projects over 2 MW that require a certificate of public convenience and necessity, and it affirmed dismissal of the lawsuit.",,,,,,,,needs_docket_research,
ME,Bingham Wind,wind,S26P-4043,contested_project,needs_review,litigation,2015,"An anti-wind group called Friends of Maine’s Mountains filed a lawsuit against developer SunEdison to stop construction of the 185-MW Bingham Wind project. In 2015, the parties reached a settlement in which SunEdison agreed not to develop projects in exclusion zones covering more than half of the state and to pay up to $2.5 million for conservation projects statewide.",,,,,,,,needs_docket_research,
ME,Bower’s Mountain Wind Farm,wind,S26P-4044,contested_project,blocked_unverified,litigation,2015,"In December 2015, the Maine Supreme Judicial Court affirmed the ruling of the Maine Board of Environmental Protection that rejected SunEdison’s permit for the $100 million Bowers Mountain Wind Farm. The project would have consisted of 16 turbines generating a total of 48 MW. Local advocacy groups opposed the project due to potential interference with views of nearby lakes. In affirming the Board’s ruling, the Maine Supreme Judicial Court cited the statutory requirement that a wind project not unreasonably compromise views in certain scenic areas.",,,,,,,,needs_docket_research,
ME,Bull Hill Wind Project,wind,S26P-4045,contested_project,pending,litigation,2011,"In 2011, the local organization Concerned Citizens of Rural Hancock County (CCRHC) intervened in a public evidentiary hearing before the Land Use Regulation Commission (LURC) to challenge developer Blue Sky East, LLC’s request for a permit to build the 19-turbine, 34-MW Bull Hill Wind Project. The opponents argued that the wind farm would ruin the landscape and threaten wildlife while generating very little electricity. The LURC approved the project after imposing more stringent noise requirements and requiring a community benefits package of $4,000 per turbine per year.",,,,,,,,needs_docket_research,
ME,Fox Islands Wind,wind,S26P-4046,contested_project,needs_review,litigation,2015,"In April 2010, a group of neighbors organized as the Fox Islands Wind Neighbors began complaining about noise from the recently completed 4.5-MW Fox Islands Wind project. In November 2010, the Maine Department of Environmental Protection (DEP) commenced enforcement proceedings and instructed Fox Islands Wind to submit a revised operation protocol to address noise issues. In April 2011, DEP accepted the revised protocol and issued a conditional compliance order. In July 2011, Fox Islands Wind Neighbors filed a petition in superior court challenging the order. In May 2015, after four years of litigation, Maine’s Supreme Judicial Court concluded that the order was supported by substantial record evidence and within the agency’s discretion.",,,,,,,,needs_docket_research,
ME,Kibby Expansion Wind Power Project,wind,S26P-4048,contested_project,needs_review,litigation,2014,"In 2012, Friends of the Boundary Mountains filed a lawsuit in federal court challenging the Army Corps of Engineers’ issuance of a Clean Water Act permit to allow for the installation of a 15-turbine, 45-MW project adjacent to an existing 132-MW project. In 2014 a federal district court denied the challenge, finding that the Corps’ permitting decision was supported by substantial record evidence.",,,,,,,,needs_docket_research,
ME,New England Clean Energy Connect,transmission,S26P-4052,contested_project,pending,litigation,2022,"In 2017, Central Maine Power, a subsidiary of Avangrid, proposed the New England Clean Energy Connect (NECEC). The project has encountered intense opposition to its plan to construct a 1,200-MW transmission line to bring hydroelectric power from Quebec to the New England power grid. The Maine Department of Environmental Protection (DEP) reviewed the project for more than two years before issuing permits in May 2020. However, opponents pushed for a statewide referendum on the project, and, in November 2021, voted to block the project. In August 2022, the Maine Supreme Judicial Court ruled that Avangrid may proceed with construction if it can prove that it had already engaged in substantial construction before the voters approved a ballot initiative blocking the project. In November 2025, the Maine DEP approved the project. The developer has earmarked approximately 50,000 acres in western Maine for permanent conservation as part of the project.",,,,,,,,needs_docket_research,
ME,Oakfield Wind,wind,S26P-4053,contested_project,advanced_unverified,litigation,2015,"In 2010, the Martha A. Powers Trust filed a lawsuit against the Maine Board of Environmental Protection alleging that the Board erred in finding that noise from the 48-turbine, 150-MW Oakfield Wind project would not generate unreasonable adverse health effects. The lawsuit was dismissed in 2011. The project was completed in September 2015, approximately eight years after it was first proposed.",,,,,,,,needs_docket_research,
ME,Passadumkeag Wind Project,wind,S26P-4054,contested_project,needs_review,litigation,2014,"In March 2012, Passadumkeag Windpark LLC, a subsidiary of Quantum Utility Generation, submitted a permit application for the construction of the 14-turbine, 42-MW Passadumkeag wind farm. The state Department of Environmental Protection (DEP) held two public meetings at which residents expressed opposition to the project. At the July 2012 meeting, which attracted over 150 attendees, a dozen members of the opposition group, Citizens Task Force on Wind Power, raised concerns over property values, wildlife safety, sound and light nuisance, aesthetics, and impacts on tourism. In November 2012, the DEP denied the permit, citing concerns about the project’s potential impacts on Saponac Pond, a scenic resource. The landowner, Penobscott Forest LLC, and the developer appealed the DEP’s decision to the Maine Board of Environmental Protection (BEP). In March 2013, the BEP voted 5-1 to overturn the DEP’s denial, thus granting the permit and allowing the project to proceed. In 2014, a second opposition group, Passadumkeag Mountain Friends, along with local residents, appealed the BEP’s decision to the Maine Supreme Judicial Court. In October 2014, the Court unanimously affirmed the BEP’s ruling finding that its decision was supported by the evidence and was in accordance with the statutory requirements.",,,,,,,,needs_docket_research,
ME,Saddleback Ridge Wind Farm,wind,S26P-4056,contested_project,needs_review,litigation,2013,"In 2012, the organization Friends of Maine Mountains (“Friends”) filed an appeal with the Maine Supreme Judicial Court challenging the state Board of Environmental Protection (BEP)’s February 18, 2012 final order approving the 34-MW Saddleback Ridge Wind Project. The BEP’s order affirmed the state Department of Environmental Protection (DEP)’s approval of the project. Friends alleged that BEP misapplied the nighttime sound limits and argued that certain provisions of the Maine Wind Energy Act were unconstitutional. In March 2013, the court unanimously vacated the BEP’s decision and remanded for further administrative proceedings. The court found that BEP abused its discretion by allowing 45 dBA of noise during the nighttime after having adopted a nighttime limit of 42 dBA. The court, however, found no merit in Friends’ constitutional challenges to the Maine Wind Energy Act.",,,,,,,,needs_docket_research,
MI,Fowler Farms Wind Farm,wind,S26P-4063,contested_project,needs_review,litigation,2013,"In January 2013 Clinton County issued Forest Hills Energy a special use permit to operate a wind farm. However, while the application was pending, Bengal Township, Dallas Township, and Essex Township enacted wind energy ordinances that were impossible for the developer to meet. The developer sued, and a trial court found the township ordinances unenforceable because they were not properly adopted under the Michigan Zoning Enabling Act and conflicted with the county zoning ordinance; the Michigan Court of Appeals affirmed.",,,,,,,,needs_docket_research,
MI,Heartland Wind,wind,S26P-4065,contested_project,advanced_unverified,litigation,2024,"In April 2022, the Fulton Township Board officially rejected a recommendation from the Fulton Planning Commission to move forward with the Heartland Wind project. The unanimous vote (4-0) came after a heated four-hour-long town hall meeting. The developer, Invenergy, had intended to construct 12 turbines in Fulton and sued the Township after the Board’s decision, but a judge dismissed the suit. Invenergy continued to move forward with the project despite the Board’s decision, as it had received approval from the five other affected townships. Construction on the wind farm began in April 2023. The 201-MW, 72-turbine project was operational as of January 2024, with capacity to power roughly 80,000 homes.",,,,,,,,needs_docket_research,
MI,Heritage Garden Wind Farm Phase I,wind,S26P-4066,contested_project,advanced_unverified,litigation,2018,"In September 2012, Heritage Garden, a 14-turbine, 28-MW wind farm, became operational. In January 2015, the non-profit Garden Peninsula Foundation and other Delta County residents sued the wind farm developer, Heritage Sustainable Energy LLC, in the federal District Court. The plaintiffs alleged violations of the National Environmental Policy Act (NEPA), the Endangered Species Act (ESA), the Bald and Golden Eagle Protection Act (BGEPA), and the Michigan Environmental Protection Act (MEPA), and they asserted claims for private nuisance, public nuisance, and negligence. In July 2017, the court dismissed the federal claims with prejudice and dismissed the state law claims without prejudice. In December 2017, the Delta County Planning Commission held a special public meeting regarding the developer’s proposal to build an additional 20 wind turbines. The Planning Commission approved the additional 20 turbines and the developer began construction of the expansion in October 2018.",,,,,,,,needs_docket_research,
MI,Kenowa Ridge Wind Farm,wind,S26P-4069,contested_project,blocked_unverified,litigation,2019,"In December 2019, American Electric Power canceled plans to build 31 wind turbines in two Michigan townships after one of those townships, Casnovia, adopted a restrictive ordinance that requires wind turbines to be set back from property lines by a distance of 4 times turbine height. Casnovia Township had previously approved a special use permit for the wind farm in April 2019 and was sued by local residents opposed the project; the developer also sued Casnovia Township alleging that the permit included 32 “capricious and arbitrary” conditions that would make it impossible to build the project.",,,,,,,,needs_docket_research,
MI,Lake Winds Energy Park,wind,S26P-4070,contested_project,advanced_unverified,litigation,2014,"In April 2013, Mason County residents, supported by Citizens Alliance for Responsible Renewable Energy, filed a lawsuit in Mason County Circuit Court, challenging the Mason County Planning Commission’s approval of Consumers Energy’s 100-MW Lake Winds Energy Park and seeking an injunction to stop the project’s operations. The project, which consists of 56 turbines, had been operational since November 2012. The plaintiffs alleged that noise, vibrations, and flickering light were causing physical harm as well as economic losses. The developer had received 128 complaints within the first year of operation and had faced opposition during construction. In September 2013, the Mason County Planning Commission determined that the wind farm violated the agreed-upon noise standards and ordered Consumers Energy to bring the facility into compliance. In late 2014, the developer reached a confidential settlement that resolved the pending lawsuit.",,,,,,,,needs_docket_research,
MI,Lakeside Solar Project,solar,S26P-4071,contested_project,pending,litigation,2023,"On February 28, 2023, the developer of a proposed 1,700-acre, 200-MW solar project sued White River Township in U.S. District Court alleging that the township’s moratorium on solar projects is illegal and constitutes a taking. In the lawsuit, the developer alleges that it has worked cooperatively with township officials since 2019, but that relations deteriorated after township officials sent out a public opinion survey, which catalyzed local opposition. At the time of the lawsuit, the developer had already spent $1.6 million on the project.",,,,,,,,needs_docket_research,
MI,Michigan Wind 3,wind,S26P-4073,contested_project,needs_review,litigation,2016,"In March 2016, several Sanilac County townships acted to delay or prevent the siting of the 68-turbine, 150-MW Michigan Wind 3 project being developed by Exelon. Marion Township approved a moratorium on wind energy development, which was expected to push the project back at least six months, though the moratorium was later amended to apply only to future permit applications. Marion Township residents stated that they were preparing for legal action if the project was ultimately approved. A Bridgehampton Township council member moved for a wind moratorium at the same time. This proposed moratorium was eventually rejected. Exelon also sued Bridgehampton Township for tabling a public hearing on Exelon’s application for a special land use permit, but a Sanilac County judge ruled against Exelon in May 2016. Bridgehampton then adopted a six-month moratorium on new wind development in November 2016 under a new board supervisor. The project does not appear to have been built.",,,,,,,,needs_docket_research,
MI,Mustang Mile Solar Energy,solar,S26P-4397,contested_project,pending,litigation,2025,"In 2017, Invenergy proposed the 150-MW Mustang Mile Solar project to be located on approximately 2,777 acres in Macon Township. From 2018 to 2020, the township adopted amendments to its solar ordinance to allow large-scale solar facilities as a special land use. However, in 2021, the Planning Commission recommended denial of a permit for the Mustang Mile Solar project on the basis that it did not meet the required standards for a special land use. The Township Board, in a 3-2 vote, approved issuance of a special use permit for the project, despite the Commission’s findings and recommendation to deny it. In 2021, local opponents of the project filed a lawsuit in the Lenawee Circuit Court challenging the Board’s issuance of the permit. The circuit court affirmed the Board’s decision; in its ruling, the court erroneously stated that the Commission had recommended approval of the permit. The opponents appealed the circuit court’s decision to the Michigan Court of Appeals. In October 2025, the court of appeals vacated the circuit court’s decision reasoning that the lower court’s decision was an error unsupported by the record. The matter was remanded to the Board for further proceedings.",,,,,,,,needs_docket_research,
MI,Pegasus Wind,wind,S26P-4075,contested_project,blocked_unverified,litigation,2024,"In June 2019, Pegasus Wind applied for zoning variances to construct 33 wind turbines near a local airport. The Tuscola Airport Zoning Board of Appeals (AZBA) denied the applications for variances, citing concerns about air traffic safety. The developer appealed the denials to the Tuscola Circuit Court, which reversed the AZBA’s decision. In October 2019, Pegasus Wind submitted applications for 8 additional variances, which the AZBA again denied. Pegasus Wind appealed the denial to the Tuscola Circuit Court, which affirmed the denial. In 2022, the Michigan Court of Appeals reversed the Circuit Court’s decision, finding that denial was improper. However, in April 2024, the Michigan Supreme Court reversed the Court of Appeals’ decision, allowing the AZBA’s denial of the variances to stand.",,,,,,,,needs_docket_research,
MI,Sandstone Creek Solar Project,solar,S26P-4077,contested_project,blocked_unverified,litigation,2019,"In 2016, National Grid Renewables, formerly known as Geronimo Energy, doing business as Sandstone Creek, LLC (“Sandstone”), proposed a 65-MW solar project in Benton Township. In October 2019, Sandstone acquired permits and property interests in 850 acres of land after the county amended its Land Development Code to facilitate the project. In November 2019, the Benton Township Board of Trustees adopted a resolution in opposition to the project, Solar Farm Resolution 2017-2, which imposed a moratorium on solar permits and zoned the land exclusively for agricultural use. This effectively barred the development. Sandstone sought injunctive relief in state court. The trial court and court of appeals denied the injunction, concluding that the Board of Trustees sufficiently followed the procedures of the Michigan Zoning Enabling Act.",,,,,,,,needs_docket_research,
MI,Southwest Michigan Solar Project,solar;battery_storage,REC-0210,contested_project,pending,litigation,2023,"In August 2023, 80% of residents in Decatur Township voted against an ordinance that would have allowed the Southwest Michigan Solar Project to proceed.  The project, as planned, would consist of a 100-MW solar energy facility and 52-MW battery energy storage facility. Local residents have expressed concerns about potential impacts to local ecosystems and property values.",,"Michigan Circuit Court, Van Buren County",state_trial,,,,,lead,Lead from web search 2026-09-24 (not confirmed): Developer suit filed August 2023 in Van Buren County Circuit Court (WOOD-TV); Law360 reports the parties agreed to end the dispute. Exact caption not found.
MI,Stoney Corners Wind Farm,wind,S26P-4080,contested_project,advanced_unverified,litigation,2014,"In 2012, a family living across the road from the 60-MW Stoney Corners Wind Farm filed a lawsuit in the Missaukee County Circuit Court against Heritage Sustainable Energy, the operator of Stoney Corners, seeking declaratory and injunctive relief. The parents and their young son, who has an ear condition, alleged numerous health issues as a result of the wind farm construction. In 2014, the parties reached a settlement for an undisclosed amount.",,,,,,,,needs_docket_research,
MI,Tuscola Wind III Energy Center,wind,S26P-4084,contested_project,advanced_unverified,litigation,2019,"In September 2016, a developer seeking to construct 55 wind turbines in Fairgrove, Almer, and Ellington Townships applied for special land use permits in Almer and Ellington Townships. In November 2016, in each of those two townships, voters elected four new township board members who were associated with the anti-wind Ellington-Almer Concerned Citizens Group. In Almer Township, the new Board promptly implemented a moratorium on wind applications, and, in January 2017, voted 5 to 1 to deny the application. In Ellington Township, the planning commission developed a new ordinance, and, in May 2018 informed the developer that its application would be subject to the new ordinance. The developer filed federal lawsuits against the two townships where the court largely ruled in favor of the townships. The project was eventually commissioned in 2019 and is now operational.",,,,,,,,needs_docket_research,
MI,"White Tail Solar Project, a/k/a Railsplitter Solar",solar,S26P-4085,contested_project,pending,litigation,2023,"The 120-MW White Tail Solar Project consists of two units, Railsplitter 1 and Railsplitter 2, spanning 1,000 acres in Augusta Township and York Township. The project faced local opposition, and the Augusta Township Planning Commission rejected Railsplitter 2 in 2022. The developer filed an appeal. In 2023, the developer and Augusta Township settled the lawsuit through a consent judgment, allowing the project to move forward.",,,,,,,,needs_docket_research,
MO,Grain Belt Express Tiger Connector Expansion,transmission,REC-0231,contested_project,pending,litigation,2024,"A Facebook group with 600 followers called “Callaway County Missouri Solar Invasion” organized residents to oppose a 40-mile connector to the 800-mile Grain Belt Express (GBX) transmission line. Opponents of the project raised concerns about visual impacts and loss of farmland caused by the solar projects that the transmission line will support. In October 2022, a coalition of agricultural groups in Missouri issued a joint statement opposing an amendment to GBX’s plan that would include a new transmission line and expanded power capacity. Missouri regulators granted the project final approval in October 2023. In October 2024, the state’s court of appeals ruled that the Chariton County government could not block the construction of the project by refusing permission to cross its county roads. On July 23, 2025 the U.S. Department of Energy announced the cancellation of a $4.9 billion conditional federal loan guarantee for phase one of the project from Ford County, Kansas to Callaway County, Missouri.","Grain Belt Express, L.L.C. v. Chariton County, Missouri","Missouri Court of Appeals, Western District",state_appellate,WD86613,ruled_for_developer,https://www.courtlistener.com/opinion/10631142/grain-belt-express-llc-v-chariton-county-missouri/,,promoted,"Opened 2026-10-07 on CourtListener (authenticated API): opinion filed 2024-10-15 (Hardwick, J.), appeal from the Circuit Court of Chariton County. Affirmed that Section 49.650.4 bars the county from any action, including withholding Section 229.100 assent, that would prevent Grain Belt from building the overhead line on public roads along the MPSC-approved route; reversed in part to hold that Grain Belt must still obtain the county's assent to the manner of construction. The opinion does not mention the Tiger Connector; it concerns the Grain Belt line in Chariton County, the ruling the record cites."
MO,Osborn Wind Project,wind,REC-0233,contested_project,pending,litigation,2020,"The 200-MW, 97-turbine Osborn Wind Project was proposed in Clinton and DeKalb Counties in 2010. Local residents founded the Concerned Citizens for the Future of Clinton and DeKalb Counties group to oppose wind development. Following a number of lawsuits, NextEra and the Washington Township Zoning Commission reached a settlement agreement in 2018 that allowed for the construction of up to 24 turbines. The developer dropped a lawsuit against Clinton County in 2020.",,,,,,,,needs_docket_research,"CourtListener 2026-10-07: searched Missouri appellate opinions for Osborn wind; no case found.; Checked 2026-10-08 on CourtListener (authenticated API, opinion search, court mo moctapp, query Osborn wind): 39 result(s), none for this project. The hits are unrelated suits naming a person called Osborn. CourtListener holds few state trial-court records, so absence there is not evidence."
MS,Soul City Solar,solar;battery_storage,REC-0224,contested_project,pending,litigation,2025,"In 2021, Apex Clean Energy began acquiring leases for a proposed 6,000-acre, 396-MW solar farm and 70-MW battery storage facility. Nearby residents organized in opposition to the project, sending a letter to the Hinds County Planning and Zoning Department, along with a Change.org petition with over 1,000 signatures. The Hinds County Planning Commission voted against recommending the project; however, the Hinds County Board of Supervisors approved the project in a 3-2 vote on June 17, 2024. On April 10, 2025, the Circuit Court affirmed the decision of the Hinds County Board of Supervisors. On May 9, 2025, a local opponent appealed the Circuit’s Court decision to the Mississippi Supreme Court. On August 12, 2025, a public hearing on the project was held by the Mississippi Public Service Commission (PSC), which must issue a Certificate of Public Convenience and Necessity for the project before construction can begin. The Commissioners heard testimony from the developer, as well as supporters and opponents of the project. The PSC did not rule on the certificate given that the appeal of the project approval remains pending in the Supreme Court.",,,,,,,,needs_docket_research,
MT,Basin Creek Solar Project,solar,REC-0235,contested_project,needs_review,litigation,2022,"On July 15, 2021, the Butte-Silver Bow Zoning Board of Adjustment denied a permit to FX Solutions to build the 1,600-acre Basin Creek Solar Project. In August 2021, FX Solutions appealed the decision. In oral argument on April 2, 2022, lawyers for the Basin Creek Solar project argued that the Zoning Board of Adjustment erred when it denied the special use permit for this solar project, including by focusing only on public opposition and ignoring support for the project.",,,,,,,,needs_docket_research,
MT,Crazy Mountain Wind Project,wind,REC-0236,contested_project,blocked_confirmed,litigation,2019,"Pattern Energy proposed a 22-turbine project in Sweet Grass County. Four companies that own neighboring land initiated a legal action alleging nuisance. In March 2019, a Montana judge issued a preliminary injunction on construction while the case awaited trial. In July 2019, Pattern asserted in a legal filing that the preliminary injunction made it impossible to obtain the necessary financing to complete the project and satisfy contractual obligations. Pattern further explained that it was compelled to abandon the project.","Diana's Great Idea, LLC v. Jarrett",Supreme Court of Montana,state_supreme,DA 19-0594,ruled_for_opposition,https://www.courtlistener.com/opinion/4774441/dianas-v-crazy-mountain/,,promoted,"Opened 2026-10-07 on CourtListener (authenticated API): opinion 2020 MT 199, decided 2020-08-11, appeal from the Sixth Judicial District Court (Cause No. DV-2018-161). Defendants include Crazy Mountain Wind, LLC and Pattern Energy. The opinion records that the District Court granted the neighbors a preliminary injunction on March 19, 2019, that Pattern moved on July 1, 2019 to be dismissed because the injunction made financing impossible and it was abandoning the wind farm, and that the District Court ruled for the neighbors. On appeal the Supreme Court affirmed the denial of the landowners' amendments, reversed the dismissal of their counterclaims with prejudice (remanding for dismissal without prejudice), and held the bond issue moot. case_status reflects the lower court's ruling for the neighbors; the appeal itself concerned the counterclaims. Earlier note: Lead from web search 2026-09-24 (not confirmed): Neighbors' nuisance suit filed September 2018 in Montana's Sixth Judicial District Court; preliminary injunction March 2019; Pattern abandoned the project and moved to dismiss. A later Montana Supreme Court matter (DA 21-0410) may relate. Caption not found."
NC,Coastal Pine,solar,REC-0319,contested_project,needs_review,litigation,2022,"In December 2022, Coastal Pine Solar filed a lawsuit after its application to build a 2,300-acre solar farm was denied unanimously by county commissioners in September 2022. The company claimed that the commissioners misapplied zoning ordinances based on generalized fears of solar farms. In response, the county filed an affidavit claiming its denial was based on its belief that the transmission line that would be connected to the solar farm could not safely handle the power generated. The county then filed a motion to dismiss, which was denied by the Superior Court. After several conferences between the parties, the court ordered the two sides to enter mediation to settle the dispute. On December 31, 2024, the North Carolina Court of Appeals upheld the county’s rejection of the solar farm, finding that the developer had failed to submit adequate evidence that the project complied with local regulations.","Coastal Pine Solar, LLC v. Pender County",North Carolina Court of Appeals,state_appellate,COA24-108,ruled_for_opposition,https://caselaw.findlaw.com/court/nc-court-of-appeals/129583.html,,promoted,"Verified 2026-09-24 by web search: a FindLaw / vLex result names this case, court and docket; opinion text not read. Decided 2026-06-17: county's permit denial upheld.; Re-read 2026-10-08 (FindLaw copy of the opinion, unpublished under Rule 30(e)): N.C. Ct. App. No. COA24-108, decided 2026-06-17, on an SUP for a 2,360-acre solar farm in Pender County: 'we affirm the trial court's order upholding the decision of the Board.' Fields unchanged."
NC,Shady Grove Solar Farm,solar,REC-0320,contested_project,pending,litigation,2020,"Yadkin County denied a conditional use permit for the Shady Grove Solar farm in October 2020. The solar farm, a joint venture between Silver Creek Energy and Pine Gate Renewables, would have produced 22 MW on 285 acres. Opponents testified at an evidentiary hearing about their concerns of flooding from the removal of trees, as well as impacts to water quality and tourism. The developer appealed the decision in November 2020.",,,,,,,,needs_docket_research,CourtListener 2026-10-07: searched North Carolina appellate opinions for 'Shady Grove' solar; no case found.
ND,Discovery Wind Farm,wind,REC-0334,contested_project,blocked_unverified,litigation,2024,"In April 2024, the McLean County Board of Commissioners denied a zoning permit for the Discovery Wind Farm, a 94-turbine wind farm proposed by Apex Clean Energy. The developer and participating landowners appealed the decision, and the McLean County Board of Commissioners denied their appeal in June 2024. Residents speaking at the public hearing expressed divided opinions on the project. Supporters argued that the project would bring economic growth to the community through tax revenue and emphasized property rights of the participating landowners. Opponents argued that the project would harm the community’s roads, wildlife, agriculture, airport, and atmosphere and noted that many of the participating landowners do not live in the county. After listening to testimony, the Commissioners expressed doubt that the project would provide substantial benefits and stated that the meeting produced no additional evidence to support changing their decision.",,,,,,,,needs_docket_research,
NE,Dawson County setback,wind,REC-0246,restriction,,,2022,"In November 2022, Dawson County adopted a 1-year moratorium on wind farm applications. In May 2023, the Dawson County Board of Commissioners adopted amendments to its wind regulations that impose setbacks of 3 miles from non-participating property lines, participating dwellings, road rights-of-way, and public conservation lands. The regulations also limit noise to 40 dBa at the nearest dwelling.",,,,,,,,needs_docket_research,"Checked 2026-10-08 on CourtListener (authenticated API, opinion search, court neb nebctapp, query wind ""Dawson County""): 10 result(s), none for this project. CourtListener holds few state trial-court records, so absence there is not evidence."
NE,Kilgore Wind Farm,wind,S26P-4117,contested_project,pending,litigation,2023,"In July 2016, the Cherry County Planning Commission formally recommended against granting a conditional land use permit to Bluestem Sandhills to construct the Kilgore Wind Project, which was then planned to be a 30-turbine wind farm in Cherry County. The decision was made at a meeting attended by over 200 individuals that lasted until 2:00 a.m. A local opposition group raised arguments about potential impacts on birds and wetlands. In October 2019, the Cherry County Board granted a conditional use permit to a 19-turbine plan for the project. A group called Preserve the Sandhills LLC, which claimed to have 500 members, filed an appeal challenging the decision in Cherry County District Court the following month. In August 2020, District Judge Kosizek denied a motion to dismiss, allowing the suit to proceed. In June 2020, the Cherry County Board granted a 4-year extension for the completion of the wind turbine project while the suit was pending, which the project opponents claimed was improper. However, the Cherry County District Court held that it did not have jurisdiction to consider objections to the extension, a decision upheld by the Supreme Court of Nebraska in 2021. On February 24, 2023, the Nebraska Supreme Court dismissed appeals from Preserve the Sandhills LLC, paving the way for the project to move forward.",,,,,,,,needs_docket_research,
NE,Milligan 1 Wind Project,wind,S26P-4118,contested_project,pending,litigation,2021,"In November 2019, a group of Saline County residents sued to block this 99-turbine, 300-MW wind farm, arguing that a conditional use permit issued to the original owner could not be transferred to the new owner. The lawsuit failed to stop the project, which became operational in 2021. In July 2021, The Board of Adjustments, in response to an appeal by a landowner, ordered that wind turbines may not operate above 50 dBa within 1000 feet of the landowner’s property or be subject to a shut down. In a challenge brought by Milligan, a Saline County District Judge granted a temporary injunction until the merits of the case are determined. The litigation is still ongoing.",,,,,,,,needs_docket_research,
NE,North Fork Wind,wind,S26P-4119,contested_project,pending,litigation,2025,"In early 2024, a group of people referring to themselves as the “Wind Watchers” organized opposition to a proposed 600-MW commercial wind energy project in Knox County, which had been under development since 2017. In May 2024, the Knox County Board of Supervisors voted to increase the setback requirements for wind from 2,000 feet to 6,600 feet from nonparticipating dwellings. North Fork Wind responded by filing a lawsuit in federal court, which alleged, among other claims, that the zoning amendments violated the contracts clause, the equal protection clause of the 14th Amendment and Nebraska Constitution, the due process clause of the 14th Amendment, and the takings clause of the Fifth Amendment and Nebraska Constitution. [Note: In March 2025, the court dismissed all of the claims except the takings claim.]",,,,,,,,needs_docket_research,
NE,Panama Energy Center,solar,S26P-4439,contested_project,pending,litigation,2026,"In 2024, NextEra Energy proposed the 304-MW Panama Energy Center to be developed on 2,400 acres of land in Lincoln, Lancaster County. Local residents raised concerns over the project’s impact on the character of the neighborhood and the loss of agricultural land. In January 2025, the project was approved by the Lincoln Planning Commission. In December 2025, project opponents filed a lawsuit in the Nebraska District Court challenging the approval of the project. The district court ruled that the Commission had properly approved the project as it was compatible with the existing permitted land uses. In March 2026, the project opponents appealed the district court ruling to the Nebraska Court of Appeals. The appeal remains pending as of June 2026.",,,,,,,,needs_docket_research,
NE,Salt Creek Solar Project,solar,S26P-4121,contested_project,pending,litigation,2022,"Ranger Power’s plans to construct a 250-MW solar project on 2,800 acres east of Lincoln encountered opposition from neighbors. One county commissioner proposed an amendment to prohibit solar panels on a portion of the project within city limits, but the amendment was defeated. In January 2022, a local newspaper reported that four landowners had filed notices of appeal in Lancaster County District Court challenging the Lancaster County Board’s approval of the project. In November 2022, nearly three dozen landowners filed a lawsuit challenging the county’s approval of the project.",,,,,,,,needs_docket_research,
NH,Antrim Wind Project,wind,REC-0268,contested_project,advanced_confirmed,litigation,2019,"In December 2016, the New Hampshire Site Evaluation Committee approved the 29-MW Antrim wind farm, which would involve 9 wind turbines on a ridge. Project opponents concerned about noise and impacts on wildlife, property values, and scenic views appealed the decision to the New Hampshire Supreme Court. In May 2018, the court ruled against the project opponents on all counts, allowing the project to move forward. The project began commercial operations in 2019.",In re Allen (Antrim Wind Energy),Supreme Court of New Hampshire,state_supreme,2017-0313,ruled_for_developer,https://www.courtlistener.com/opinion/7923542/in-re-allen/,,promoted,"Verified 2026-09-24 by web search: a CourtListener result names this case, court; opinion text not read. May 2018 (per NHPR): Site Evaluation Committee approval upheld.; Re-read 2026-10-08 (CourtListener API, opinion, cluster and docket): Appeal of Mary Allen & a. (New Hampshire Site Evaluation Committee), 186 A.3d 879, filed 2018-05-11, on Antrim Wind Energy, LLC's nine turbines in Antrim: 'We affirm.' Docket No. 2017-0313 added from the CourtListener docket record."
NH,Franklin Solar Project,solar,REC-0269,contested_project,pending,litigation,2024,"In April 2024, the New Hampshire Supreme Court overturned the City of Franklin Planning Board’s denial of a 6-acre, 1-MW solar farm proposed by GSSG New Hampshire. The project met the city’s zoning ordinances but was opposed by residents were concerned about disruptions of the scenery and property values. The court stated that a board cannot deny projects that comply with zoning ordinances based solely on subjective views. The court essentially approved the project by issuing a builder’s remedy which allows a project to proceed if it meets zoning ordinances.","Mojalaki Holdings, LLC v. City of Franklin",Supreme Court of New Hampshire,state_supreme,2022-0122,ruled_for_developer,https://law.justia.com/cases/new-hampshire/supreme-court/2024/2022-0122.html,,promoted,"Verified 2026-09-24 by web search: a Justia result names this case, court and docket; opinion text not read. Decided 2024-04-09: planning board denial reversed; builder's remedy granted.; Re-read 2026-10-08 (Internet Archive copy of the Justia page, https://web.archive.org/web/20250622095728id_/https://law.justia.com/cases/new-hampshire/supreme-court/2024/2022-0122.html; the live page returned HTTP 429): Mojalaki Holdings, LLC & a. v. City of Franklin, 2024 N.H. 17, No. 2022-0122, opinion issued 2024-04-09: 'We reverse and remand for entry of a builder's remedy.' The opinion describes a solar array on about six and a half acres of Mojalaki's land (a former golf course); it does not use the name 'Franklin Solar'. Fields unchanged."
NJ,Atlantic Shores South Project,wind,REC-0276,contested_project,blocked_unverified,litigation,2025,"In July 2023, all of the municipalities of Long Beach Island filed a letter with the New Jersey Department of Environmental Protection (NJDEP) claiming that the 2,800-MW Atlantic Shores project “does not comply with NJDEP’s coastal zone management regulations.” The letter stated that the project should be sited farther offshore to avoid impacts on the state’s coastal resources. In April 2023, Save Long Beach Island filed a lawsuit against the federal government challenging authorizations for Atlantic Shores and other offshore wind projects; that lawsuit was dismissed in February 2024. In August 2023, MOVE ‘EM OUT, a New Jersey nonprofit organization devoted to preserving the state’s beaches, announced its opposition to the Atlantic Shores Project, arguing that the project would have detrimental impact on New Jersey’s southern shoreline ecology. The project, if approved, would build 200 wind turbines 9 miles off New Jersey’s coast. That same August, opposition group Save Long Beach Island Inc. filed a petition to the New Jersey Board of Public Utilities, seeking to have the Board decrease the value of Atlantic Shores’ Offshore Wind Renewable Energy Certificates. The Board denied this petition in December 2023. Also in December 2023, eight municipalities (Long Beach Township, Beach Haven, Ship Bottom, Surf City, Harvey Cedars, Barnegat Light, Brigantine and Ventnor) filed a lawsuit in state court against the New Jersey Department of Environmental Protection, seeking a judgment that the project violates New Jersey coastal regulations. On October 1, 2024, BOEM announced its final approval of the construction and operations plan for the project. [Note: On March 14, 2025, the U.S. Environmental Protection Agency withdrew the air permit that it had previously issued for the project, effectively halting the project. On May 28, 2025, the developer asked the New Jersey Board of Public Utilities to terminate certain agreements, thus killing the project for now.]","Save Long Beach Island v. Atlantic Shores Offshore Wind, LLC",U.S. District Court for the District of New Jersey,federal_district,3:24-cv-09377,dismissed,https://www.govinfo.gov/app/details/USCOURTS-njd-3_24-cv-09377,,promoted,"Verified 2026-09-24 by web search: a govinfo result names this case, court and docket; opinion text not read. Appeal docketed in the Third Circuit as 26-2186. The municipalities' separate 2023 state suit was dismissed for lack of standing in April 2024 (not recorded here).; Re-read 2026-10-08 (govinfo, Opinion, ECF No. 29, https://www.govinfo.gov/app/details/USCOURTS-njd-3_24-cv-09377): Civil Action No. 24-9377 (ZNQ) (RLS), dated 2026-04-29: 'the Court will GRANT Atlantic Shores' Motion to Dismiss. The Complaint will be DISMISSED WITH PREJUDICE', on preemption by the Outer Continental Shelf Lands Act. The suit sought to enjoin up to 200 turbines off New Jersey. case_status changed from pending to dismissed. The Third Circuit appeal 26-2186 in the earlier note was not seen in any document read."
NJ,New York Bight Offshore Wind Area,wind,REC-0279,contested_project,pending,litigation,2023,"Save Long Beach Island sued the Interior Department’s Bureau of Ocean Energy Management for designating certain areas in the New York Blight as wind energy areas. The group argued that the Interior Department violated the National Environmental Policy Act (NEPA) and the Endangered Species Act (ESA) by failing to consider environmental impacts and consult with other agencies before acting. A federal judge dismissed the lawsuit, finding that it was too early to file a NEPA lawsuit, but allowed plaintiffs to amend and refile their complaint.",Save Long Beach Island v. U.S. Department of the Interior,U.S. District Court for the District of Columbia,federal_district,22-cv-55 (DLF),dismissed,https://www.courtlistener.com/opinion/9382865/save-long-beach-island-v-united-states-department-of-the-interior/,,promoted,"Verified 2026-09-24 by web search: a CourtListener result names this case, court and docket; opinion text not read. Dismissed for lack of jurisdiction.; Re-read 2026-10-08 (CourtListener API, opinion text): D.D.C. No. 22-cv-55 (DLF), memorandum opinion dated 2023-03-09 (Friedrich, J.), on BOEM's designation of New York Bight wind energy areas: the Court will 'dismiss the complaint for lack of jurisdiction', leaving the case open 30 days for a motion to amend. Fields unchanged."
NJ,Ocean Wind 1,wind,REC-0281,contested_project,blocked_unverified,litigation,2024,"The proposed 98-turbine, 1,100-MW Ocean Wind 1 project faced opposition from local governments where transmission would have been sited and from protesters alleging that offshore wind is causing whale deaths. Local governments twice denied necessary approvals for the onshore components of the project, prompting the state Board of Public Utilities to use its new authority to bypass local approvals—first in September 2022 when it bypassed Ocean City approvals and second in February 2023 when it bypassed Cape May County approvals. Various citizens groups opposed to offshore wind filed lawsuits against the developer Ørsted and the State of New Jersey, challenging the tax subsidies offered to the project and the state’s determination that the project is consistent with state coastal management laws. In July 2023, Ocean City Mayor Jay Gillian and his administration installed anti-wind farm signs at beach entrances located 15 miles from the offshore wind project. In August 2023, a state Superior Court granted a land easement to allow the Ocean Wind 1 project to bring underground power cables onshore in Ocean City, after Ocean City had refused to issue easements on the land near the project. In October 2023, Cape May County and several environmental, fishing, and hospitality organizations filed a lawsuit against the United States Department of the Interior and Bureau of Ocean Energy Management, seeking to reverse approval of the project. The lawsuit included claims under the APA, NEPA, ESA, MMPA, NHPA, OCSLA, CWA, Migratory Bird Treaty Act, Coastal Zone Management Act, and the Rivers and Harbors Act of 1899. Later in October 2023, Ørsted announced that it was ceasing development on Ocean Wind 1, along with a separate project—Ocean Wind 2—citing high inflation, rising interest rates, and supply chain bottlenecks. In December 2024, Cape May County ended its lawsuit on the basis that the project had been canceled.",County of Cape May v. United States,U.S. District Court for the District of New Jersey,federal_district,1:23-cv-21201,dismissed,https://www.govinfo.gov/app/details/USCOURTS-njd-1_23-cv-21201,,promoted,"Verified 2026-09-24 by web search: a Sabin Center climate litigation database result names this case, court and docket; opinion text not read. Dismissed as moot after the developer cancelled Ocean Wind 1.; Re-read 2026-10-08: the earlier case_source_url (climatecasechart) is not a court record; replaced with the govinfo package, whose Memorandum Opinion and Order of 2024-05-31 (granting intervention) names the Ocean Wind 1 Project and Orsted's decision to cease development. The dismissal order was read from a copy at https://cdn.climatepolicyradar.org/navigator/USA/2023/county-of-cape-may-v-united-states_4f2108ebb0d770d20967efd888ab48e1.pdf: Civil Action No. 23-21201 (KMW-SAK), dated November 2024 with the day left blank: 'Plaintiffs' Complaint (ECF No. 1) is hereby DISMISSED WITHOUT PREJUDICE.' Correction to the earlier note: the order does not rest on mootness; it cites the parties' agreement to dismissal and 'the just, speedy, and inexpensive determination of this action'. case_status (dismissed) unchanged."
NJ,Six Flags Theme Park Solar Project,solar,REC-0282,contested_project,needs_review,litigation,2017,"In January 2017, several local environmental organizations challenged Jackson Township’s approval of a 21-MW solar array on 67 acres owned by Six Flags Theme Parks, Inc. in Jackson Township. The plaintiffs alleged that municipal ordinances that permitted the solar array were in conflict with Jackson Township’s Master Plan. In June 2017, the Superior Court of New Jersey dismissed the challenge upon finding that the ordinances were substantially consistent with the objectives and goals of the Master Plan. In the opinion, the court noted that the solar array would meet substantially all of the theme park’s energy needs and reduce reliance on carbon-emitting sources of power.",,,,,,,,needs_docket_research,"CourtListener 2026-10-07: searched New Jersey appellate opinions for 'Six Flags' solar; no case found.; Checked 2026-10-08 on CourtListener (authenticated API, opinion search, court njsuperctappdiv nj, query solar ""Six Flags"" Jackson): 0 result(s), none for this project. CourtListener holds few state trial-court records, so absence there is not evidence."
NM,Chaves Solar 2 LLC Community Solar Project,solar,REC-0285,contested_project,pending,litigation,2021,"In October 2021, the Roswell-Chaves County Exterritorial Zoning Commission voted against a permit for a 5-MW community solar garden just west of Roswell, New Mexico. The commission had received three protest letters from nearby property owners and comments from three others property owners who opposed the project. Opponents did not want the project near their homes, small farms, and orchards, and expressed concerns about radiation, toxic materials, dust, glare, noise, temperature effects, wildlife effects, and property devaluation. In November 2021, the developer and landowners filed an appeal.",,,,,,,,needs_docket_research,
NM,Rancho Viejo Solar Project,solar;battery_storage,REC-0288,contested_project,pending,litigation,2024,"The Rancho Viejo Solar Project, a 680-acre, 96-MW solar farm with a 2-acre, 48-MW battery storage facility proposed by AES, has faced resistance from the local community. Residents have established the Clean Energy Coalition for Santa Fe County and New Mexicans for Responsible Renewable Energy to fight against the project. The latter started an online petition directed at Santa Fe County, asking that officials either deny the project’s conditional use permit application or issue a moratorium and amend county codes before considering the project further. Residents have expressed distrust toward the company and argued that the county has failed to adequately engage the community. A resident submitted in August 2023 a Notice of Violation to Santa Fe County and filed in September 2023 a complaint with the New Mexico Attorney General, alleging that the County’s meetings with AES violated New Mexico’s Open Meetings Act. The County denied the allegations, and the Attorney General responded that no violations occurred. In August 2024, residents attended a county meeting at which AES presented a revised plan that sought to address the community’s concerns. Opponents have stated that the project should not be located near residential areas, due to the risk of fires and environmental contamination. Supporters have stated that the technology has become much safer and emphasized the importance of addressing climate change.",,,,,,,,needs_docket_research,
NV,Angora Solar Project,solar,REC-0255,contested_project,needs_review,"litigation, regulatory denial",2023,"On March 21, 2023, the Biden Administration announced the creation of a 450,000-acre Avi Kwa Ame National Monument in the Mojave Desert along the border between California and Nevada to protect an area important to certain Native American tribes. This designation, actively sought by conservation groups, local government officials, and tribal leaders, appears to have derailed plans for the 400-MW Angora Solar Project, which is currently proposed to be built on 2,000 acres within the proposed monument. The developer asked the administration for a carve-out but it was apparently not granted.",,,,,,,,needs_docket_research,CourtListener 2026-10-07: searched D. Nev. and D.D.C. dockets for 'Angora' solar; no case found.
NV,Bajle Born Solar Project,solar,REC-0256,contested_project,blocked_unverified,"litigation, media campaign",July 2021,"In July 2021, Arevia Power withdrew its application to construct the 850-MW BaWle Born Solar project on the Mormon Mesa in the desert north of Las Vegas. The project would have been the largest ever built in the United States and faced opposition from groups such as Save Our Mesa, who raised concerns about visual impacts and tourism impacts.",,,,,,,,needs_docket_research,
NV,Beatty Energy Center Project,solar,REC-0257,contested_project,pending,"litigation, media campaign",2022,"Beatty Energy Center is a proposed solar-plus-storage project that would include 800-MW of solar capacity and up to 800 MW of battery storage capacity on approximately 6,515 acres of federal BLM land in Nye County. In June 2022, the Bureau of Land Management sided with local opponents of Beatty Energy Center and two other large solar projects (Bonnie Clare Solar and Sawtooth Energy Center Project) near Death Valley National Park by giving them “low priority” permitting status. If approved, the projects would collectively generate 3,300 MW of electricity on up to 25,000 acres of land. The Bureau cited proximity to Death Valley National Park and sensitive habitat for the Mojave Desert tortoise as concerns. The projects are opposed by Nevada-based Basin and Range Watch, which thanked BLM for its decision.",,,,,,,,needs_docket_research,"CourtListener 2026-10-07: searched D. Nev. and D.D.C. dockets for Beatty Energy, Bonnie Claire and Sawtooth Energy; no case found."
NV,Bonnie Clare Solar Project,solar,REC-0258,contested_project,pending,"litigation, media campaign",2022,"Bonnie Clare Solar Project is a proposed solar-plus-storage project that would include 1,500-MW of solar capacity, 1,000 MW DC-coupled battery storage, and 500 MW of AC-coupled battery storage capacity on approximately 8,274 acres of federal BLM land in Beatty and Nye Counties. In June 2022, the Bureau of Land Management sided with local opponents of Bonnie Clare Solar Project and two other large solar projects (Beatty Energy Center and Sawtooth Energy Center) near Death Valley National Park by giving them “low priority” permitting status. If approved, the projects would collectively generate 3,300 MW of electricity on up to 25,000 acres of land. The Bureau cited proximity to Death Valley National Park and sensitive habitat for the Mojave Desert tortoise as concerns. The projects are opposed by Nevada-based Basin and Range Watch, which thanked BLM for its decision.",,,,,,,,needs_docket_research,"CourtListener 2026-10-07: searched D. Nev. and D.D.C. dockets for Beatty Energy, Bonnie Claire and Sawtooth Energy; no case found."
NV,Clark County Solar Development,solar,REC-0259,contested_project,pending,litigation,2023,"In September 2023, the organization Western Watersheds Projects sued Secretary of the Interior Deb Haaland, the U.S. Fish and Wildlife Service, Bureau of Land Management, and National Park Service over their approval of large-scale solar development in portions of Clark County that is home to the threatened Mojave desert tortoise. The organization seeks relief under the Endangered Species Act and National Environmental Policy Act.",Western Watersheds Project v. Haaland,U.S. District Court for the District of Nevada,federal_district,2:23-cv-02009,pending,https://www.courtlistener.com/opinion/10366230/western-watersheds-project-v-haaland/,,promoted,"Verified 2026-09-24 by web search: a CourtListener result names this case, court; opinion text not read. Filed September 2023 over desert tortoise protections under the Clark County MSHCP; outcome not captured.; Re-read 2026-10-08 (CourtListener API, opinion text): the document at case_source_url is an Order of the U.S. District Court for the District of Nevada, Case No. 2:23-cv-02009-GMN-EJY, dated 2025-03-25 (Navarro, J.). It says Western Watersheds Project filed its complaint on 2023-09-14 in the District of Columbia and the case was transferred to the District of Nevada on 2023-11-22. The Court granted Clark County's motion to dismiss and granted the federal defendants' motion in part: the reinitiation-of-consultation claim 'stemming from the other three bases (cattle, solar, population decline) may proceed'. Court corrected from the District of Columbia to the District of Nevada; docket 2:23-cv-02009 added; case_status set to pending as of this order (nothing later was read)."
NV,Crescent Peak Wind Project,wind,REC-0260,contested_project,blocked_unverified,"litigation, regulatory denial",2018,"In November 2018, the Bureau of Land Management rejected an application by Eolus Vind of Sweden to construct a 500-MW, 248-turbine wind farm on 32,531 acres of public land in Nevada. Documents obtained in response to a FOIA request appear to show that Assistant Secretary Joseph Balash decided to terminate the project after conversations with and receiving input from tribal groups, mining groups, fish and wildlife experts, and the military.",,,,,,,,needs_docket_research,CourtListener 2026-10-07: searched D. Nev. and D.D.C. dockets for 'Crescent Peak'; no case found.
NV,Dixie Valley Geothermal Project,geothermal,REC-0261,contested_project,pending,"litigation, regulatory denial",November 2021,"In November 2021, Ormat Nevada Inc. was approved to construct two 30-MW geothermal plants on federal land in Dixie Valley. In December 2022, the U.S. Fish and Wildlife Service listed the Dixie Valley toad as endangered, prompting the Center for Biological Diversity and Fallon Paiute-Shoshone Tribe to sue the Bureau of Land Management over the project’s approval. In July 2023, the U.S. Department of the Interior announced that it would begin a new environmental analysis of the project in light of the Dixie Valley toad being listed as endangered, halting construction of the project until the completion of the environmental review.",,U.S. District Court for the District of Nevada,federal_district,,,,,lead,"Lead from web search 2026-09-24 (not confirmed): Center for Biological Diversity and Fallon Paiute-Shoshone Tribe sued Interior/BLM in D. Nev. on 2021-12-15; Ninth Circuit stayed the injunction; later settlement with Ormat. Caption and docket not confirmed. Opened 2026-10-07 on CourtListener (authenticated API): docket filed 2021-12-15 by the Center for Biological Diversity and the Fallon Paiute-Shoshone Tribe against Interior, BLM and the Stillwater Field Manager; Ormat Nevada intervened. ECF No. 83 attaches the decision record for the Dixie Meadows 12-MW Geothermal Utilization Project, and the 2023-02-14 order (ECF No. 87) stays the case pending ESA Section 7 consultation on the Dixie Valley toad. On 2023-09-18 the court administratively closed the case without prejudice to reopening (ECF No. 89). case_status is left blank: the case is neither decided nor dismissed, and the vocabulary has no value for an administratively closed case. Case found: Fallon Paiute-Shoshone Tribe v. U.S. Department of the Interior, U.S. District Court for the District of Nevada, 3:21-cv-00512, https://www.courtlistener.com/docket/61620891/fallon-paiute-shoshone-tribe-v-us-department-of-the-interior/. Left as a lead (not filled for promotion) because its status cannot be expressed in the case_status vocabulary; a reviewer can fill the case fields to promote it.; Checked 2026-10-08: CourtListener docket entries (authenticated API, newest first) end at ECF No. 89, 2023-09-18: 'ORDERED that this case is ADMINISTRATIVELY CLOSED without prejudice to reopening upon a motion by either Party', with Plaintiffs' motion for partial summary judgment denied as moot; no later entry. The Justia docket (https://dockets.justia.com/docket/nevada/nvdce/3:2021cv00512/153845) says it was last retrieved 2023-09-18, so it shows nothing later either. No reopening, settlement or dismissal was found in any court record read, so the row stays a lead."
NV,Esmeralda Seven Solar Project,solar;battery_storage,REC-0262,contested_project,blocked_unverified,"litigation, regulatory denial",2025,"In 2023, a number of developers including NextEra Energy, Invenergy, ConnectGen, and Arevia, proposed the Esmeralda Seven Solar Project on approximately 62,300 acres of public lands across the western Nevada desert. The project would combine 7 separate developments, including solar energy panels and battery storage facilities, for an aggregated total capacity of 6,200 MW. Several local community members expressed strong opposition to the project and expressed concern about its size and the impact on the largely undeveloped desert land. In April 2025, the U.S. Bureau of Land Management (BLM) released the final Environmental Impact Statement (EIS) for the project, and the record of decision on permitting was expected by July 2025. The decision was not issued in June, however. In October 2025, BLM’s online register listed the project as “cancelled” with no further explanation.",,,,,,,,needs_docket_research,
NV,Forest Hills Subdivision Wind Turbine,wind,REC-0263,contested_project,blocked_confirmed,litigation,2013,"In 2013, the Supreme Court of Nevada upheld a lower court’s permanent injunction preventing the construction of a proposed wind turbine on residential property, holding that the turbine would create a nuisance.",Sowers v. Forest Hills Subdivision,Supreme Court of Nevada,state_supreme,58609,ruled_for_opposition,https://law.justia.com/cases/nevada/supreme-court/2013/129-nev-adv-op-no-9.html,,promoted,"Verified 2026-09-24 by web search: a Justia / Casemine result names this case, court and docket; opinion text not read. Decided 2013-02-14: permanent injunction against the turbine affirmed.; Re-read 2026-10-08 (Internet Archive copy, https://web.archive.org/web/20250804170055id_/https://law.justia.com/cases/nevada/supreme-court/2013/129-nev-adv-op-no-9.html; live page HTTP 429): Sowers v. Forest Hills Subdivision, 129 Nev. Adv. Op. 9, No. 58609: 'we affirm the district court's order granting a permanent injunction prohibiting its construction.' The decision date is not printed in the text read. Fields unchanged."
NV,Gerlach Geothermal ExploraDon Project,geothermal,REC-0264,contested_project,pending,"litigation, regulatory denial","January 9, 2023","On January 9, 2023, the Burning Man Project and Friends of Nevada Wilderness filed a lawsuit against the federal Bureau of Land Management to stop a geothermal exploration project. In the lawsuit, the plaintiffs allege that the noise, traffic, light, and drilling from the project would be inconsistent with the Burning Man Project’s use of the area during the annual Burning Man festival. On April 3, 2023, the Paiute Tribe of Nevada, Gerlach Preserves Society, and several local residents joined the lawsuit against the project. That same month, the Washoe County Commission voted to overturn a permit that the county had previously approved in January to allow the company to drill up to 13 test wells.",Burning Man Project v. Bureau of Land Management,U.S. District Court for the District of Nevada,federal_district,3:23-cv-00013,withdrawn,https://www.courtlistener.com/docket/66713578/burning-man-project-v-bureau-of-land-management-of-the-us-department-of/,,promoted,"Opened 2026-10-07 on CourtListener (authenticated API): docket and complaint (ECF No. 1, filed 2023-01-09) challenging BLM's approval of the Gerlach Geothermal Exploration Project for Ormat Nevada under NEPA, FLPMA and the APA; Ormat intervened as a defendant. On 2025-06-16 the court granted the plaintiffs' unopposed motion to voluntarily dismiss with prejudice, each party bearing its own fees and costs (ECF Nos. 67, 68). The documents read do not say whether a settlement preceded the dismissal. Earlier note: Lead from web search 2026-09-24 (not confirmed): Burning Man Project sued BLM in January 2023 (NEPA); settled with Ormat October 2024. Court and docket not found in results."
NV,Greenlink West Transmission Project,transmission,REC-0265,contested_project,pending,"litigation, regulatory denial",2025,"A proposed 470-mile transmission line that would stretch from Las Vegas to Reno and carry up to 4,000 MW of renewable energy is facing opposition from conservation groups. Opponents of the plan, including the founder of Nevada-based Basin and Range Watch, have raised concerns about a 1.5-mile stretch that crosses through Tule Springs Fossil Beds National Monument, where shallowly buried fossils could be disturbed during construction. In May 2023, the Department of the Interior released a draft environmental impact statement for the project. [Note: The project received federal approval in the first quarter of 2025.]",Friends of Nevada Wilderness v. United States Bureau of Land Management,U.S. District Court for the District of Nevada,federal_district,2:25-cv-00929,pending,https://www.courtlistener.com/docket/70393156/friends-of-nevada-wilderness-v-united-states-bureau-of-land-management/,,promoted,"Opened 2026-10-07 on CourtListener (authenticated API): docket and complaint (ECF No. 1, filed 2025-05-28 by Friends of Nevada Wilderness and Basin and Range Watch) against BLM, FWS and NPS over approval of the Greenlink West transmission line, including its route through Tule Springs Fossil Beds National Monument. The docket shows no termination date on 2026-10-07, so case_status is pending."
NV,Pyramid Lake Pumped Storage Project,battery_storage,S26P-4150,contested_project,pending,litigation,2024,"In March 2024, the Pyramid Lake Paiute Tribe filed a motion to intervene in a Federal Energy Regulatory Commission proceeding involving the Pyramid Lake Pumped Storage Project, a 2,000-MW hydropower project proposed by Premium Energy Holdings. In October 2023, the tribe had challenged FERC’s approval of a preliminary permit for the project, which would be located on the tribe’s land. The challenge is based on FERC’s policy of denying permits for projects on tribal lands that lack tribal consent. The tribe, which contends that it was not consulted about the project, has asked FERC to cancel the permit, arguing that the project would harm the tribe’s land, as well as its efforts to protect the Pyramid Lake ecosystem.",,,,,,,,needs_docket_research,
NV,Searchlight Wind Project,wind,S26P-4154,contested_project,blocked_unverified,litigation,2017,"In November 2015, Judge Miranda Du in the District of Nevada vacated federal permits for the construction of the Searchlight Wind Project on the basis that the Bureau of Land Management and the U.S. Fish and Wildlife Service had inadequately analyzed the potential impacts to federally-protected species. The decision was upheld on appeal, and the developers decided to abandon the project in 2017. The 200-MW wind development would have consisted of 87 turbines placed across 18,949 acres of land in the Mojave Desert.",,,,,,,,needs_docket_research,
NV,Spring Valley Wind Farm,wind,S26P-4157,contested_project,pending,litigation,2012,"In 2011, the Center for Biological Diversity and Western Watersheds Project filed a lawsuit against the Bureau of Land Management to stop construction of the 66-turbine, 152-MW Spring Valley Wind Farm, Nevada’s first commercial wind project. The Center for Biological Diversity alleged that BLM’s environmental review was insufficient and stated to the press that the site was too close to a cave where more than 1 million Mexican free-tailed bats roost. The lawsuit was settled in 2012, and construction began within the year.",,,,,,,,needs_docket_research,
NY,Alle-Catt Wind Farm,wind,S26P-4158,contested_project,pending,litigation,2021,"In November 2021, the Fourth Department of the Appellate Division of the New York Supreme Court affirmed the State Siting Board’s approval of the 340-MW Alle-Catt Wind Farm in Western New York. The approval had been challenged by a group called the Coalition of Concerned Citizens.",,,,,,,,needs_docket_research,
NY,Bear Ridge Solar Project,solar,S26P-4159,contested_project,pending,litigation,2023,"Bear Ridge Solar is a project proposed by Cypress Creek Renewables in the towns of Cambria and Pendleton. The project was originally planned to be 100 MW, covering 900 acres of land. In February 2023, the Town of Cambria argued before an administrative law judge that the developer’s application was deficient because it did not reference the fact that some of the land at issue was previously zoned for planned development, which, according to town law, would not allow for solar development. A lawyer for a group called Cambria Opposes Industrial Solar also participated in the hearing. The administrative law judge agreed with the Town of Cambria and blocked Cypress Creek from developing solar arrays in the contested areas. In July 2023, Cypress Creek Renewables received a permit from ORES for the project, but without approval to build on the 120 contested acres. As of January 2024, Cypress Creek Renewables believed that everything was in line to build a 88-MW version of the project, with groundbreaking possible before 2025.",,,,,,,,needs_docket_research,
NY,Bluestone Wind Farm,wind,S26P-4162,contested_project,pending,litigation,2021,"In October 2021, the Third Department of the Appellate Division of the New York Supreme Court denied a petition by Broome County Concerned Residents and others challenging the state Siting Board’s approval of the 125-MW Bluestone Wind Farm in Sanford, New York. The petitioners alleged that the Siting Board failed to adequately consider local laws and impacts on locally endangered golden eagles, along with other claims.",,,,,,,,needs_docket_research,
NY,Carson Power’s Pulvers Corners Solar 1 and 2 Projects,solar,S26P-4164,contested_project,pending,litigation,2024,"In November 2023, the Town of Pine Plains’ Planning Board unanimously approved permits and site plans for Carson Power’s Pulvers Corners Solar 1 and 2, each of would have a capacity of roughly 5 MW, and which together would take up 42 acres of land on a 172-acre property. A coalition of neighbors formed an unincorporated association called Preserve Pine Plains to oppose further development of the project. In December 2023, Preserve Pine Plains filed a lawsuit in New York state court challenging the Pine Plains Planning Board’s approval of the project and negative declaration (i.e., finding of no significant adverse environmental impacts). The suit alleges that the board’s environmental review and permitting of the project violated Pine Plains’ zoning laws and State Environmental Quality Review Act (SEQRA), along with the town’s comprehensive plan, which emphasizes the importance of “preserving the community’s rural character and natural beauty.” In June 2024, a state judge dismissed the lawsuit.",,,,,,,,needs_docket_research,
NY,Cassadaga Wind Project,wind,S26P-4165,contested_project,pending,litigation,2018,The group Concerned Citizens of Cassadaga Wind Project intervened in a statewide Siting Board proceeding under Article 10 of the Public Service Law to oppose the 126-MW Cassadaga Wind Farm. The project was ultimately approved by the Siting Board in January 2018.,,,,,,,,needs_docket_research,
NY,EverPower Wind Farm,wind,S26P-4168,contested_project,blocked_unverified,litigation,2014,"In 2014, the Allegany Town Board rejected a proposed 29 turbine wind farm in Cattaraugus County. Local opponents had contested the project for eight years leading up to the decision.",,,,,,,,needs_docket_research,
NY,EWT Portland Community Wind,wind,S26P-4169,contested_project,needs_review,litigation,2021,"Dutch developer EWT proposed constructing a 7-MW, 7-turbine community wind project in Portland, New York as part of New York State’s Community Distributed Generation Program. However, in October 2020, the Town of Portland adopted a restrictive wind energy ordinance that threatens the viability of the project. In 2021, the developer filed a lawsuit against the town and a motion for a preliminary injunction; the court denied the motion. The project has not been built.",,,,,,,,needs_docket_research,
NY,Freepoint Solar,solar,S26P-4172,contested_project,pending,litigation,2024,"In September 2021, the Athens Town Board denied a use variance application for the Freepoint Solar project. The developer filed a lawsuit against the town, claiming that the town incorrectly applied town law in reviewing the use variance application. The Court found in favor of the developer. The developer then applied a second time, at which point the town again denied the use variance on the grounds of “failure to establish the public necessity.” The developer commenced a new lawsuit, and in December 2024, the court again found in favor of the developer.",,,,,,,,needs_docket_research,
NY,Hardscrabble Wind Power LLC,wind,S26P-4177,contested_project,advanced_unverified,litigation,2018,"In November 2012, dozens of Herkimer County residents filed a lawsuit in the Albany County Supreme Court against Iberdola Renewables, the developer of the 74-MW Hardscrabble Wind Power farm, which had been operational since January 2011. The lawsuit alleged that the 37 turbines were bigger and noisier than described during the planning stage, and alleged health problems, property value impacts, and a significant loss of use and enjoyment of their properties. In August 2018, following years of litigation and motion practice, the lawsuit was settled out of court for an undisclosed amount, and the wind farm remained in operation.",,,,,,,,needs_docket_research,
NY,Lighthouse Wind Project,wind,S26P-4179,contested_project,blocked_unverified,litigation,2022,"In January 2018, the Somerset Town Board passed restrictions that would effectively prevent approval and construction of the proposed 201-MW, 70-turbine Lighthouse Wind project, unless the state were to override those restrictions under Article 10 of the New York Public Service Law. In September 2022, after eight years of contentious public hearings and lawsuits, the developer formally abandoned the project.",,,,,,,,needs_docket_research,
NY,Monticello Hills Wind Project,wind,S26P-4184,contested_project,needs_review,litigation,2015,"Neighbors of a planned 18.4-MW wind farm in Richfield sued the planning board for approving the project. A State Supreme Court judge ruled for the plaintiffs, but an appellate court reversed the decision in 2015, allowing the project to move forward. The project apparently was never completed.",,,,,,,,needs_docket_research,
NY,Oak Hill I and II Community Solar Farms,solar,S26P-4186,contested_project,pending,litigation,2020,"In December 2019, resident Lynne Bruning and Susan Biggs filed a lawsuit to annul the Town of Duanesburg Planning Board’s approval of two 5-MW solar projects on Oak Hill Road by Eden Renewables. An appellate court ruled in favor of the board in November 2020, upholding the approval of the projects.",,,,,,,,needs_docket_research,
NY,Oneida groSolar Project,solar,S26P-4187,contested_project,advanced_unverified,litigation,2017,"Residents of Oneida sued the city in August 2015 to stop construction of a 2.8-MW solar farm by groSolar on 13 acres of city-owned land. A Madison County judge rejected the petition as untimely. Nonetheless, the developer worked with the city to find an alternative location. A 1.5-MW project was completed at the new location in December 2017.",,,,,,,,needs_docket_research,
NY,Orangeville Wind Farm,wind,S26P-4188,contested_project,needs_review,litigation,2022,"An organization called Clear Skies Over Orangeville (CSOO) was formed as early as 2006 to fight the 75-turbine Orangeville Wind Farm when the developer was still buying up leases. CSOO brought two lawsuits against the town in 2010 and 2012 to stop the project. However, a New York State Supreme Court judge dismissed both cases in 2018. Meanwhile, 60 Orangeville residents brought a 40 million nuisance action against the developer Invenergy after the project was completed in 2014. In July 2022, a federal district court denied Invenergy’s motion for summary judgment, allowing the nuisance action to proceed to trial. In September 2022, the parties stipulated to dismissal upon reaching a settlement.",,,,,,,,needs_docket_research,
NY,Quiogue Solar Project,solar,S26P-4190,contested_project,pending,litigation,2024,"The Quiogue Solar Project is a proposed 2-MW solar array in Westhampton Beach. In April 2024, more than 100 people signed a petition opposing the project and opposing the Village of Westhampton Beach’s approval of the project in February 2024. In August 2024, local residents filed a lawsuit against Westhampton Beach Village to block the proposed solar farm, citing concerns about the facility’s proximity to homes, potential noise, negative impacts to the environment and wildlife.",,,,,,,,needs_docket_research,
NY,Shepherd's Run Solar Project,solar,S26P-4194,contested_project,pending,litigation,2026,"Hecate LLC approached the board of the Town of Copake in 2017 with a proposal for a 40-MW solar project, which the developer later expanded to 60 MW, to be developed across 480 acres. Due to community opposition, the developer subsequently reduced the size of the project to 245 acres, with solar panels restricted to 81 acres. The developer initially applied for approval of the project by the New York State Siting Board under Article 10 of the Public Service Law but transferred the application to the newly created New York State Office of Renewable Energy Siting (ORES) for expedited review. In June 2021, the town board filed a lawsuit against the state, seeking to have the application transferred back to the Article 10 process and seeking to invalidate new regulations promulgated by ORES to implement the expedited review process. The town’s request for a preliminary injunction and restraining order were denied in September 2021, and the case was dismissed in October 2021. The case went on appeal to the appellate division, which upheld its dismissal in May 2023. ORES granted the developer a draft permit in November 2023. In February 2024, ORES reversed its decision and denied the permit without prejudice because the developer had, by this time, lost control of one of the parcels of land on which project components were to be located and modifications were no longer permitted at this stage in the process. The developer then submitted a modified application for a 42-MW solar energy facility. In November 2025, ORES granted the developer a draft permit. In January 2026, ORES held its final public hearing on the permit application, following two weeks of testimony and earlier public hearings with hundreds of residents in attendance. The majority of those who spoke during the hearings opposed the project, with many raising concerns about its impacts on farmland and public safety. ORES’ final permit decision is anticipated by September 2026.",,,,,,,,needs_docket_research,
NY,South Fork Wind Project,wind,S26P-4195,contested_project,advanced_unverified,litigation,2024,"The South Fork Wind project, a 132-MW offshore wind farm developed by Orsted (and previously Eversource), has faced concerted opposition. Although the project has been complete and operational since March 2024, multiple lawsuits are still pending against the project. A group called Citizens for the Preservation of Wainscott opposed the project’s cable landing in filings before the New York Public Service Commission. In January 2021, the same group filed a lawsuit against the East Hampton Town Board for approving an easement for the cable to land on Wainscott Beach and town-owned roads. The Public Service Commission granted the cable a key permit in March 2021. On February 24, 2022, the Supreme Court of New York, Suffolk County, dismissed the lawsuit after determining that extensive environmental review had been undertaken. That same month, a solar developer filed a lawsuit in federal court challenging the federal government’s approval of the offshore wind farm, alleging insufficient review of environmental impacts, including impacts to whales; in March 2022, a second group of plaintiffs filed a separate lawsuit in federal court alleging insufficient consideration of PFAS contamination in connection with burying a cable in Wainscott. In November 2023, the Preservation Society of Newport County and Southeast Lighthouse Foundation each filed lawsuits under NEPA and the NHPA against Secretary Deb Haaland, the Department of the Interior, and the Bureau of Ocean Energy Management over their review and permitting of South Fork Wind. Meanwhile, in April 2023, an anti-offshore wind group called Save Long Beach Island filed a lawsuit in the U.S. District Court for the District of New Jersey, challenging the National Marine Fisheries Service’s pending incidental take authorizations for several offshore wind farms, including the South Fork Wind project. The lawsuit alleged that these projects would disrupt endangered whale populations and that the cumulative impacts of noise pollution were not properly assessed. In February 2024, the court dismissed Save Long Beach Island’s lawsuit without prejudice for lack of standing and because the claims were unripe. In January 2024, another anti-offshore wind group called Green Oceans filed a complaint against BOEM and other federal agencies alleging violations of NEPA and other environmental statutes in deciding to permit South Fork Wind and other projects. In light of the fact that the project has been operational since March 2024, it is unclear what relief would be available to the plaintiffs of the pending lawsuits.",,,,,,,,needs_docket_research,
NY,SUN8 PDC Dryden Solar Project,solar,S26P-4197,contested_project,pending,litigation,2017,"In September 2017, the Willow Glen Cemetery Association and a local horse trainer brought a lawsuit against the Town of Dryden challenging its approval of a solar project adjacent to the cemetery and the horse trainer’s property. In December 2017, the court dismissed both lawsuits, allowing the projects to move forward.",,,,,,,,needs_docket_research,
OH,Birch Solar Project,solar,S26P-4202,contested_project,blocked_unverified,litigation,2025,"On October 20, 2022, the OPSB rejected an application for the 300-MW Birch Solar Farm, the first time the OPSB ever denied an application for a large solar project. The project would have put solar panels on 1,410 acres out of a total project area of 2,345 acres, the majority of which was then in agricultural use. Because the project met the criteria for grandfathering, it was not subject to county veto under S.B. 52. In rejecting the project, however, the OPSB focused largely on the fact that the two counties and four townships where the project would have been located opposed the project. The Board found that the project satisfied all criteria except the public interest standard and cited “universal opposition from local government and residents” as a “determining component” for failure to meet the public interest standard. The developer appealed the decision to the Ohio Supreme Court, arguing that public opposition does not equate to public interest. [Note: In January 2025, the developer withdrew its appeal to the Ohio Supreme Court due to continued opposition to the project.]",,,,,,,,needs_docket_research,
OH,Eastern Cottontail Solar,solar,S26P-4209,contested_project,pending,litigation,2025,"In 2018, Geenex Solar proposed a 220-MW solar energy facility on approximately 1,550 acres of agricultural land in Walnut Township. EDF Renewables subsequently took over the development, which plans to incorporate sheep grazing to assist with vegetation management and preserve the agricultural use of land. The project has faced opposition from the Walnut Township government and a local group called “Citizens For Fair Fields” (CFFF) which has opposed other solar energy projects in the county. In May 2024, the developer began the application process for a Certificate of Environmental Compatibility and Public Need with the Ohio Power Siting Board (OPSB). CFFF and Walnut Township government intervened in the proceeding in opposition to the project. On August 21, 2025, the OPSB approved the application, allowing the project to move forward. In October 2025, the OPSB denied the opponents motion for rehearing and affirmed the approval of the project. In December 2025, the opponents filed a notice of appeal in the Ohio Supreme Court.",,,,,,,,needs_docket_research,
OH,Emerson Creek Wind Farm,wind,S26P-4210,contested_project,pending,litigation,2023,"On January 31, 2019, Firelands Wind LLC submitted an application for a 300-MW wind farm consisting of 71 turbines spaced out across 32,000 acres, with 84.5 acres of built facilities. The proposal encountered opposition from local residents and the Black Swamp Bird Observatory, who intervened in the OPSB proceeding to stop the project. On June 24, 2021, the application received approval from the OPSB. Opponents of the project requested rehearing, which was denied. Opponents then filed an appeal to the Ohio Supreme Court. In July 2023, the court affirmed the approval, finding that Firelands and the OPSB had done enough to mitigate issues presented by the residents and allowing the project to proceed.",,,,,,,,needs_docket_research,
OH,Frasier Solar Project,solar,S26P-4212,contested_project,pending,litigation,2024,"Frasier Solar, an 800-acre, 120-MW solar farm proposed by Open Road Renewables in Knox County has encountered organized opposition. In November 2023, an anonymously funded group called Knox Smart Development (KSD) was formed to oppose the project. KSD has hosted events with speakers from the Heartland Institute and natural gas-associated groups, including the Empowerment Alliance. In December 2023, KSD published an op-ed laying out points in opposition to the project and advising residents on means to oppose it. In January 2024, KSD and a second opposition group called Preserve Knox County (PKC) intervened in a proceeding in front of the Ohio Power Siting Board to oppose the project. The Ohio Environmental Council, the Ohio Chamber of Commerce, the International Brotherhood of Electrical Workers, and a participating landowner intervened in support. In April 2024, the Ohio Power Siting Board held a public hearing which was adjourned after 6.5 hours of testimony, with the OPSB deciding to hold two additional public hearings to accommodate the remaining speakers. At the hearings, opponents raised concerns about loss of farmland and agricultural production, as well as noise and other disruptions surrounding properties, while supporters emphasized property rights, economic benefits, and plans to include sheep grazing as part of the project. In August 2024, the Board held an adjudicatory hearing. On June 26, 2025, the OPSB approved the project, finding that opposition from local government officials was not unanimous and that the project served the public interest. On August 21, 2025, the OPSB denied a motion for rehearing and upheld the approval of the project. In October 2025, the opponents filed a notice of appeal in the Ohio Supreme Court.",,,,,,,,needs_docket_research,
OH,Grange Solar Grazing Center,solar,S26P-4213,contested_project,blocked_unverified,litigation,2025,"On October 11, 2024, Open Road Renewables submitted an application to the Ohio Power Siting Board (OPSB) to construct the 500-MW Grange Solar Grazing Center on approximately 2,600 acres of private farmland. The project included plans to incorporate sheep grazing. However, local residents and local governments mobilized to oppose the project. [Note: In January 2025, a local organization called Indian Lake Advocacy Group intervened in the OPSB proceeding in opposition to the project. In February 2025, Logan County and 5 townships also intervened in opposition to the project. On February 21, 2025, the OPSB Staff recommended denial of the application upon finding that “the opposition has been especially prominent and overwhelmingly one-sided from the local government agencies.” One week later, the developer filed a notice of withdrawal of the application.]",,,,,,,,needs_docket_research,
OH,Icebreaker Wind Project,wind,S26P-4216,contested_project,blocked_unverified,litigation,2023,"If constructed, the Icebreaker Wind pilot project would be the first freshwater wind farm in the United States. However, the project has been delayed due to litigation. On February 1, 2017, the developer filed an application to build six offshore wind turbines with a total capacity of 20.7 MW on 4.2 acres of submerged land on Lake Erie. On May 21, 2020, the OPSB approved the project. However, the certificate included conditions that the developer claimed would have made the project uneconomical, including a prohibition on operating the turbines at night between March 1 and November 1. The developer sought rehearing to remove the restrictions, and, on October 8, 2020, the OPSB agreed to rescind the restrictions. On December 7, 2021, two residents of the south shore of Lake Erie filed an appeal with the Ohio Supreme Court challenging the OPSB’s elimination of the restriction on operating the turbines at night. On August 10, 2022, affirmed the OPSB’s decision, allowing the project to move forward. In December 2023, DOE terminated its funding for the project after the developer failed to meet performance milestones; the developer thereafter announced the indefinite suspension of the project.",,,,,,,,needs_docket_research,
OH,Kingwood Solar Project,solar,S26P-4218,contested_project,pending,litigation,2025,"In December 2022, the Ohio Power Siting Board rejected the Kingwood Solar project, a proposed 175-MW solar farm that would have occupied 1,200 acres in Cedarville, Miami, and Xenia townships. The Board found that the project satisfied all criteria except for the public interest standard, citing public opposition as a determining factor for the project’s failure to meet the public interest standard. The developer appealed the Board’s decision to the Ohio Supreme Court, arguing that the Board’s application of the public interest standard was unreasonable. [Note: Oral arguments in the Ohio Supreme Court were held March 2025.]",,,,,,,,needs_docket_research,
OH,Oak Run Solar Project,solar;battery_storage,S26P-4219,contested_project,pending,litigation,2024,"Savion’s 6,000-acre Oak Run Solar Project, with 800 MW of solar generation capacity and 300 MW of battery storage capacity has faced opposition from local governments. Savion submitted an application for the project to the Ohio Power Siting Board in 2022. The township trustees of Deercreek, Monroe, and Somerford Townships, in which the project would be located, passed resolutions opposing the project and intervened in the OPSB proceeding to oppose the project. Opponents emphasized loss of farmland as an argument against the project. In February 2023, the Madison County Commissioners submitted a letter urging the OPSB to reject the project. In March 2023, the staff of the Ohio Public Utilities Commission recommended approval of the project, and in March 2024, OPSB approved the project, subject to the condition that the project include 4,000 acres of crops and 1,000 sheep. The local government intervenors moved for the OPSB to reconsider its approval, but the OPSB denied their motion in August 2024. In October 2024, Madison County and the three townships appealed the decision to the Ohio Supreme Court.",,,,,,,,needs_docket_research,
OH,Republic Wind Farm,wind,S26P-4221,contested_project,blocked_unverified,litigation,2022,"On June 24, 2021, the OPSB denied Apex Clean Energy’s application for the 200-MW Republic Wind Farm in Seneca and Sandusky Counties. The project met the criteria for grandfathering and therefore was not subject to veto by the county. In denying the application, however, the OPSB noted general opposition from local citizens as well as opposition from the local government entities that intervened in the proceeding. The OPSB denied rehearing on March 17, 2022.",,,,,,,,needs_docket_research,
OK,Cimarron Link Transmission Line Project,transmission,S26P-4372,contested_project,pending,litigation,2025,"The 375-mile Cimarron Link Transmission Line proposed by Invenergy has drawn concern and protest from local farmers and landowners, who have raised concerns about diminished property values. The transmission line with approximately 1,900 MW of capacity would carry energy from the Panhandle to a riverside substation in Jenks. The developer has already secured about 600 easement agreements. In November 2024, Cimarron Link brought suit against opposing landowners who had refused to allow surveyors on their land. The lawsuits were dismissed without prejudice on January 13, 2025.",,,,,,,,needs_docket_research,
OK,Osage Wind,wind,REC-0363,contested_project,blocked_confirmed,litigation,2023,"The Osage Nation has contested a wind farm developed by Enel in Osage County on the basis that the 84-turbine wind farm constitutes a trespass on Osage Nation mineral rights. Beginning in 2014, the federal government and Osage Mineral Council have brought suit against Osage Wind LLC. In 2016, a federal appellate judge held that the Osage Tribe had standing to seek damages for the operation of Osage Wind’s 8,400-acre wind farm and that Enel was unlawfully mining without a mineral permit by gathering and crushing rock to use for the base of its turbines. In January 2019, the U.S. Supreme Court declined to consider an appeal from Osage Wind LLC. The parties were in court again in September 2023, where the Osage Mineral Council and federal government argued that Osage Wind was liable for continued trespass. In December 2023, the District Court for the Northern District of Oklahoma held that Osage Wind was liable for continued trespass and ordered removal of the wind farm.","United States v. Osage Wind, LLC",U.S. Court of Appeals for the Tenth Circuit,federal_appellate,15-5121,ruled_for_opposition,https://law.justia.com/cases/federal/appellate-courts/ca10/15-5121/15-5121-2017-09-18.html,,promoted,"Verified 2026-09-24 by web search: a Justia result names this case, court and docket; opinion text not read. Decided 2017-09-18: excavation was mineral development requiring an approved lease.; Re-read 2026-10-08 (Justia): Tenth Circuit Nos. 15-5121 & 16-5022, filed 2017-09-18: Osage Wind's excavation 'constituted mineral development, thereby requiring a federally approved lease'; summary judgment for Osage Wind reversed and remanded in 15-5121; 16-5022 dismissed as moot. Fields unchanged."
OR,Boardman-to-Hemingway Transmission Line,transmission,REC-0368,contested_project,pending,litigation,2023,"The 290-mile Boardman-to-Hemingway (B2H) transmission line, first proposed in 2007, would deliver up to 1,000 MW of renewable energy across eastern Oregon and southwestern Idaho. However, a group called the STOP B2H Coalition has filed at least two lawsuits to stop the project. On March 9, 2023, the Oregon Supreme Court ruled against the STOP B2H Coalition in one of those lawsuits, allowing the project to move forward.",Stop B2H Coalition v. Oregon Department of Energy,Supreme Court of Oregon,state_supreme,S069919,ruled_for_developer,https://law.justia.com/cases/oregon/supreme-court/2023/s069919.html,,promoted,"Verified 2026-09-24 by web search: a Justia result names this case, court and docket; opinion text not read. 2023 (370 Or 792): site certificate affirmed.; Re-read 2026-10-08 (Internet Archive copy, https://web.archive.org/web/20240908100019id_/https://law.justia.com/cases/oregon/supreme-court/2023/s069919.html; live page HTTP 429): 370 Or 792, decided 2023-03-09, captioned Stop B2H Coalition v. Oregon Department of Energy, Oregon Energy Facility Siting Council, and Idaho Power Company (consolidated with S069920 and S069924): 'The final order of the Energy Facility Siting Council is affirmed.' Fields unchanged."
OR,Echanis Wind Farm,wind,REC-0369,contested_project,pending,litigation,2011,"In 2007, Columbia Energy Partners (“CEP”) proposed Echanis Wind Farm, a 104-MW wind farm to be developed on approximately 10,500 acres of private land. The project met immediate opposition from the Oregon Natural Desert Association (“ONDA”) due to its proximity to the federally-protected Steens Mountain. Despite opposition, Harney County granted a conditional use permit. CEP then proposed two additional 104-MW wind projects with a potential third proposal, which prompted increased public opposition. In 2009 CEP withdrew the additional proposals but obtained approval for its initial project, which required approval from the Bureau of Land Management (BLM) and submission of an Environmental Impact Statement (EIS) because the transmission lines needed to cross over 40 miles of federal lands. Opposition continued throughout the EIS process garnering about 250 public comments. In 2011, BLM approved the project. ONDA and the Audubon Society of Portland challenged the decision in federal district court, which dismissed their lawsuit. In 2016, the opponents appealed the district court’s dismissal to the Ninth Circuit, which partially reversed the dismissal of the lawsuit and remanded BLM’s approval, concluding that the EIS was inadequate. No significant progress has been made on the project since the Ninth Circuit’s decision to reverse and remand.",Oregon Natural Desert Association v. Jewell,U.S. Court of Appeals for the Ninth Circuit,federal_appellate,13-36078,ruled_for_opposition,https://cdn.ca9.uscourts.gov/datastore/opinions/2016/05/26/13-36078.pdf,,promoted,"Verified 2026-09-24 by web search: a ca9.uscourts.gov result names this case, court and docket; opinion text not read. Same case as REC-0375 (Echanis project on Steens Mountain).; Re-read 2026-10-08: Ninth Circuit opinion No. 13-36078 (D.C. No. 3:12-cv-00596-MO), filed 2016-05-26, read from the ca9.uscourts.gov PDF: BLM's review 'did not adequately assess baseline sage grouse numbers during winter at the Echanis site'; summary judgment reversed in part. Names the Echanis Wind Energy Project on Steens Mountain. Fields unchanged."
OR,Nolin Hills Energy Project,solar;wind;battery_storage;transmission,REC-0372,contested_project,pending,litigation,2024,"In September 2017, Capital Power proposed a 350-MW wind project on approximately 45,000 acres in the county’s exclusive farm use zone. In November 2020, the project was expanded to include up to 300 MW of solar and storage capacity, as well as a transmission line passing through commercial, industrial and agribusiness zones, on a total of 48,000 acres. In January 2022, the developer filed its application for a site certificate with the Energy Facility Siting Council (EFSC) instead of seeking local land use approval with the county’s Board of Commissioners. In July 2022, the county amended its Development Code to require a 2-mile setback from rural homes. In August 2023, the EFSC unanimously approved the project. The county government challenged the EFSC’s decision in the state’s Supreme Court alleging that the project does not comply with the local setback restrictions. On April 18, 2024, the court affirmed the EFSC’s decision allowing the project to proceed as long as it otherwise complies with the state’s land use goals. The court held that the EFSC has the ultimate decision-making authority over large energy facilities that comply with statewide planning goals. Development of the project is ongoing.",,,,,,,,needs_docket_research,
OR,Obsidian Solar Center,solar,REC-0373,contested_project,pending,litigation,2022,"Plans for the 400-MW Obsidian Solar Center in the high desert of Christmas Valley were met with opposition by local residents concerned about dust and impacts to local wildlife. The project was submitted for approval in 2018 with the hope of beginning construction in 2019. However, due to opposition, construction was delayed by several years. Farmers and ranchers opposed to the project initiated a contested case proceeding. In 2022, an administrative law judge sided with the developers, allowing construction to move forward.",,,,,,,,needs_docket_research,
OR,Steens Wind,wind,REC-0375,contested_project,blocked_confirmed,litigation,2017,"In 2012, the Portland Audubon Society and Oregon Natural Desert Association filed a lawsuit in federal court to challenge the federal government’s approval of a wind farm on Steens Mountain. The lawsuit cited potential impacts to golden eagles, sage grouse, and bighorn sheep. In May 2016, the Ninth Circuit Court of Appeals found that the federal government had failed to adequately consider impacts on the sage grouse. In April 2017, the district court vacated approval of the project.",Oregon Natural Desert Association v. Jewell,U.S. Court of Appeals for the Ninth Circuit,federal_appellate,13-36078,ruled_for_opposition,https://cdn.ca9.uscourts.gov/datastore/opinions/2016/05/26/13-36078.pdf,,promoted,"Verified 2026-09-24 by web search: a ca9.uscourts.gov result names this case, court and docket; opinion text not read. Decided 2016-05-26: BLM environmental review of the Echanis project held inadequate.; Re-read 2026-10-08: same Ninth Circuit opinion as REC-0369 (No. 13-36078, 2016-05-26). It names the Echanis Wind Energy Project and the North Steens 230-kV Transmission Line; no project called 'Steens Wind' is named. Whether this record means the Echanis project needs a reviewer. Fields unchanged."
OR,Summit Ridge Wind,wind,S26P-4242,contested_project,pending,litigation,2020,"Pattern Energy’s 72-turbine, 194-MW Summit River Wind project was opposed by conservation group Friends of the Columbia Gorge (FOTCG) on the belief that it would harm bald and golden eagle populations and diminish the scenic beauty of the river gorge area. FOTCG filed a lawsuit against the Oregon Energy Facility Siting Council alleging that certain rules the Council relied upon in approving the project were invalid. In 2017, the Oregon Supreme Court sided with FOTCG, invalidating the rules. However, the project later received approval and began construction in August 2020.",,,,,,,,needs_docket_research,
PA,Atlantic Wind Project,wind,REC-0381,contested_project,needs_review,litigation,2018,"In 2016, Atlantic Wind submitted a proposal to construct 37 wind turbines in Penn Forest Township on lands owned by the Bethlehem Municipal Authority. The 2016 proposal was “deemed approved” when Penn Forest Township defaulted on deadline during the review process. Township residents filed a lawsuit challenging the deemed approval, but the approval was upheld in December 2017 by a Carbon County judge. In 2018, with the litigation on the first application still pending, Atlantic Wind submitted a modified application, this time seeking permission for only 28 turbines located farther from homes.",,,,,,,,needs_docket_research,
PA,Brookfield Solar Energy Center,solar,REC-0382,contested_project,blocked_unverified,litigation,2022,"During a series of 21 public hearings between January 2020 and March 2021, residents protested a 75-MW solar energy project proposed by Brookfield Solar I LLC that would span 1,000 acres across 26 different parcels of land in Mount Joy Township. At one hearing in August 2020, protestors argued that the town supervisor should be fired because he owns a solar lease. In June 2021, Mount Joy Township supervisors rejected the developer’s request for a conditional use permit to build a 391-acre stretch of the project along a major highway. On September 2, 2022, the Court of Common Pleas of Adams County, Pennsylvania upheld the denial of the permit, finding that the developer failed to provide sufficient analysis of adverse impacts on surrounding property owners, including stormwater runoff and glare.",,,,,,,,needs_docket_research,
PA,Laurel Hill Wind,wind,S26P-4251,contested_project,needs_review,litigation,2012,"In January 2005, Laurel Hill Wind Energy, LLC applied for a special exception to construct a 69-MW wind energy facility on land primarily within the County’s Resource Protection (RP) Zoning district. The county Zoning Administrator granted the special exception by classifying the project as a “public service use,” prompting a nearby property owner to appeal. After multiple hearings, the Lycoming County Zoning Hearing Board (ZHB) ultimately denied the special exception, citing potential adverse impacts and inconsistencies with the RP’s purpose. Laurel Hill Energy appealed the denial to the Court of Common Pleas. In May 2007, the Court affirmed the ZHB’s denial. In November 2007, the Lycoming County Commissioners amended the zoning ordinance to permit wind energy facilities in certain districts, including the RP. In February 2008, Laurel Hill Energy applied for a zoning permit under the new ordinance, and its application was approved with conditions in May 2008. A month later, two local residents Arthur and Elke Plaxton, filed a substantive validity challenge against the ordinance amendments as invalid, arbitrary and unreasonable. In December 2009, the Commonwealth Court of Pennsylvania found no error in the ZHB’s decision and affirmed the denial of the challenge to the amendments. The project was allowed to proceed and was commissioned in October 2012.",,,,,,,,needs_docket_research,
PA,Lebanon Solar Project,solar,S26P-4252,contested_project,pending,litigation,2024,"In April 2022, the North Annville Township Board of Supervisors denied an application for a conditional use permit for Lebanon Solar I, an 858-acre, 70-MW solar farm proposed by a subsidiary of Enel Green Power. The developer appealed the decision to the Lebanon County Court of Common Pleas, which upheld the denial in January 2024 for failing to meet two conditions related to bonding requirements and stormwater management. In February 2024, the developer appealed the ruling to the Pennsylvania Commonwealth Court. A resident opposed to the project also participated in the proceedings and filed an appeal. At public hearings, opponents expressed concerns about the proposed project’s proximity to their homes and its impact on property values, scenic views, and agriculture. Supporters argued that revenue from the leases would benefit farmers facing financial hardship, allowing them to keep their farms, and that solar arrays would be less permanent and intrusive than the warehouse distribution centers that have appeared in parts of the county.",,,,,,,,needs_docket_research,
PA,Newton Solar I,solar,S26P-4253,contested_project,pending,litigation,2024,"In September 2024, the Newton Township Supervisors voted to deny a plan by New Leaf Energy, a subsidiary of Borrego Solar Systems, to build around 12,000 solar panels on 24 acres of an old golf club. The project faced pushback during public hearings from dozens of local residents regarding harms to public health and welfare. In December 2024, Borrego filed an appeal of the supervisors’ decision.",,,,,,,,needs_docket_research,
PA,Ninemile Run Solar,solar,S26P-4254,contested_project,pending,litigation,2024,"In December 2024, the Unity Township Zoning Board voted in a 3-2 decision to deny a special exemption necessary for the 34-acre Ninemile Run Solar project to be constructed. The project faced heavy opposition from local residents who raised concerns about noise. The developers began appealing the decision in late December.",,,,,,,,needs_docket_research,
PA,Ralpho Township ban_or_moratorium,solar,REC-0379,restriction,,,2022,"In November 2022, Ralpho Township adopted a solar ordinance that allows major solar energy systems as a special exception in land zoned for agriculture and forestry, but not in residential areas. In December 2022, the owner of an amusement park who intended to build a 15-acre solar array in a residential district filed a lawsuit challenging the ordinance.",,,,,,,,needs_docket_research,"Checked 2026-10-08 on CourtListener (authenticated API, opinion search, court pacommwct, query Ralpho solar): 0 result(s), none for this project. CourtListener holds few state trial-court records, so absence there is not evidence."
PA,Swiftwater Solar Project,solar,S26P-4258,contested_project,pending,litigation,2022,"On August 15, 2022, two environmental groups filed an appeal with the Pennsylvania Environmental Hearing Board to challenge Pocono Township’s issuance of a permit to construct an 80-MW solar farm near Swiftwater Creek. The groups alleged that deforestation on sloped land at the project site would cause runoff in Swiftwater Creek, one of Pennsylvania’s so called Exceptional Value (EV) streams and a tributary of a river that supplies drinking water to Monroe County residents.",,,,,,,,needs_docket_research,
PA,Wilson Solar Project,solar,S26P-4260,contested_project,pending,litigation,2024,"Wilson Solar is seeking to develop an 80-MW solar project on approximately 1,129 acres of land in Erie County. Local residents have expressed opposition to the project based on concerns about visual and environmental impacts. A petition against the project had received over 280 signatures by December 2023. In November 2023, the Venango Township Planning Commission recommended that Venango Township supervisors reject the conditional use application for the solar farm. The supervisors delayed their planned vote on the proposal until January 2024 in response. In January 2024, the Board voted to deny the application and a rezoning request. In February 2024, Wilson Solar appealed the denial of the conditional use application to the Court of Common Pleas of Erie County and submitted a new conditional use permit to the township. As of September 2024, Venango Supervisors were considering the new application for a downsized project, which was being met by continued resistance from residents.",,,,,,,,needs_docket_research,
RI,Block Island Wind Farm,wind,S26P-4261,contested_project,advanced_unverified,litigation,2015,"The 5-turbine, 30-MW Block Island Wind Farm, completed in the 2016, was the first offshore wind project to be constructed in the United States. However, the project encountered opposition during the planning and construction stage. In particular, the Rhode Island Manufacturers Association filed a lawsuit in 2015, alleging that National Grid’s deal to purchase power from the wind farm violated federal law and would result in a significant increase to their electric bills. A federal district court found that the statute of limitations had run on the plaintiff’s claim and dismissed the lawsuit.",,,,,,,,needs_docket_research,
RI,Green Development’s Town of Johnston Solar Farm,solar,S26P-4262,contested_project,pending,litigation,2024,"Between October 2021 and November 2021, Green Development submitted applications for a 300-acre, 24-MW solar farm in the Town of Johnston. The project encountered opposition from residents who argued that a large-scale solar farm should not be sited in a residential area. Local opponents formed a group called Stop Johnston Solar, and Town Council member Robert Civetti pushed for an ordinance banning solar farms in residential areas. In April 2022, the Zoning Board narrowly rejected the initial proposal, after a public hearing that was reportedly so raucous that officials called several police officers. In June 2022, the developer appealed the Zoning Board’s decision to the Providence County Superior Court. In July 2024, the court found that the Zoning Board had failed to explain its reasoning for rejecting the project and remanded the decision to the Zoning Board “to issue detailed and appropriate written decisions.” Meanwhile, the developer submitted a revised proposal for a 160-acre, 24-MW solar, which the Zoning Board unanimously rejected in January 2024, after a public hearing at which no residents spoke in favor of the project. In March 2024, the developer appealed that decision to the Rhode Island Superior Court.",,,,,,,,needs_docket_research,
RI,Hope Farm Solar Array,solar,S26P-4263,contested_project,pending,litigation,2019,"In 2016, a landowner abutting the site of the proposed 10-MW Hope Farm Solar Array mounted a two-pronged challenge to the project, filing a lawsuit in Superior Court and an administrative appeal of a decision by the City of Cranston’s Plan Commission. The lawsuit alleged that a zoning change allowing commercial-grade solar facilities in a zone that generally disallows industrial uses was unlawful. As of January 2019, the project was under construction.",,,,,,,,needs_docket_research,
RI,Portsmouth High School Wind Turbine,wind,S26P-4268,contested_project,advanced_unverified,litigation,2022,"In November 2021, eight abutting landowners of Portsmouth High School filed a lawsuit against the Town of Portsmouth alleging that a turbine installed on school property was a nuisance. In March 2022, the Newport County Superior Court denied a motion for a preliminary injunction to stop the turbine upon finding that the plaintiffs would suffer no immediate or irreparable harm, as they had already lived with the turbine for over five years, and that the public interest favors operating the turbine.",,,,,,,,needs_docket_research,
RI,Revolution Wind,wind,S26P-4269,contested_project,pending,litigation,2025,"In May 2023, the Rhode Island Coastal Resources Management Council approved a permit for the 704-MW offshore Revolution Wind project being developed by Ørsted and Eversource off the coast of Rhode Island and Connecticut. In October 2023, the group Green Oceans filed a lawsuit in Rhode Island state court challenging the council’s decision; that lawsuit was dismissed in April 2024. In November 2023, the Bureau of Ocean Energy Management (BOEM) approved the construction and operations plan for the project. Meanwhile, also in November 2023, the Preservation Society of Newport County and Southeast Lighthouse Foundation filed two separate lawsuits under the National Environmental Policy Act (NEPA) and the National Historic Preservation Act (NHPA) against then Interior Secretary Deb Haaland, the Department of the Interior (DOI), and BOEM challenging their review and permitting of Revolution Wind. In January 2024, Green Oceans filed a lawsuit in the United States District Court for the District of Columbia challenging the approval of the project and moved twice for a preliminary injunction to stop construction; however, both motions were denied. On August 22, 2025, BOEM issued a stop-work order, halting construction of the project when it was approximately 80% complete. On September 4, 2025, Revolution Wind filed a lawsuit in the US District Court for the District of Columbia challenging the stop-work order. On September 22, 2025, the federal district court granted a preliminary injunction and lifted the stop-work order, allowing the developer to resume construction.On December 22, 2025, the Bureau of Ocean Energy Management (BOEM) issued a second stop-work order to halt the construction of the project for reasons of national security. In January 2026, the developer filed a motion for a preliminary injunction in the pending lawsuit US District Court for the District of Columbia to enjoin BOEM’s second stop-work order. In January 2026, the federal district judge granted the plaintiff’s request for a preliminary injunction and allowed construction of the project to resume.",,,,,,,,needs_docket_research,
RI,"SouthCoast Wind, f/k/a Mayflower Wind",wind,S26P-4270,contested_project,pending,litigation,2025,"On October 4, 2022, the state Energy Facility Siting Board (EFSB) granted a motion allowing the towns of Little Compton and Middletown to intervene in proceedings concerning the proposed SouthCoast offshore project (then called Mayflower Wind). Recreational fishermen raised concerns about plans to lay cable on the seafloor and Sakonnet River, arguing that electromagnetic fields could affect fish in the river. In February 2023, the Little Compton Town Council unanimously passed a resolution urging reconsideration of plans to route cables through the Sakonnet River, suggesting that they be routed instead through Westport. In July 2023, the EFSB decided to pause consideration of the transmission line permitting application until SouthCoast Wind provided confirmation of the project’s continued commercial viability and financeability. SouthCoast Wind appealed that decision to the Rhode Island Supreme Court. In January 2024, the Rhode Island Supreme Court denied an appeal by the SouthCoast Wind to overturn the EFSB’s pause on the project. In January 2025, the Bureau of Ocean Energy Management (BOEM) approved the Construction and Operations Plan for the project. In March 2025, the Town and County of Nantucket brought a lawsuit against BOEM in the federal court for the District of Columbia seeking to set aside the approval of the project and halt construction. In November 2025, the federal court granted the defendants’ motion for voluntary remand of the permit and ruled that BOEM can reconsider its permitting decision for the project.",,,,,,,,needs_docket_research,
SC,Gallivants Ferry Solar Project,solar,REC-0396,contested_project,blocked_unverified,"litigation, local_residents",2020,"Southern Current, a Charleston-based solar farm developer, submitted a proposal to build a 138-MW, 1,500-acre project near the unincorporated community of Gallivants Ferry in western Horry County. During meetings in 2020, members of the County Council raised concerns about leaching of cadmium telluride, questioning what would happen if the solar panels were damaged in a hurricane. County Council members also raised concerns about decommissioning and whether landfills would accept solar panels. Although the developer agreed not to use solar panels that include cadmium telluride, the project was never built.",,,,,,,,needs_docket_research,
SC,Runnymeade Solar Project,solar,REC-0397,contested_project,pending,litigation,2022,"On April 29, 2022, Runnymede LLC submitted an application to build a 2-MW solar system on 44 acres of land zoned for heavy industrial use in the Runnymede subdivision of Sumter City. On May 26, 2022, the local zoning authorities issued a permit. However, on June 27, 2022, the owners of property within the Runnymede subdivision filed an appeal challenging the project. At a meeting on August 10, the Zoning Board of Appeals upheld the permit with three additional conditions, including landscaping requirements.",,,,,,,,needs_docket_research,
SD,Crocker Wind Farm,wind,REC-0403,contested_project,advanced_unverified,litigation,2019,"In 2017, Geronimo Energy proposed a 400-MW wind farm in Clark County. Public hearings on the project featured significant opposition from local residents. The Clark County Commission approved the project but required that turbines be set back 3,960 feet (0.75 miles) from residences, far more than the 1,000 feet required by the county zoning ordinance. Geronimo Energy challenged the setback requirements in court, but the court ruled in favor of the commission. South Dakota’s Public Utilities granted a construction permit in June 2018. The final project, completed in 2019, was 200 MW, half the size originally proposed.",,"South Dakota Circuit Court, Third Circuit",state_trial,12CIV17-0017,,,,lead,"Lead from web search 2026-09-24 (not confirmed): Crocker Wind Farm, LLC v. Clark County Board of Adjustment, SD Third Circuit Court no. 12CIV17-0017, cited in a PUC docket attachment (https://puc.sd.gov/commission/dockets/electric/2017/EL17-055/comments/attachment1.pdf). Outcome not found. CourtListener 2026-10-07: searched South Dakota Supreme Court opinions for 'Crocker Wind'; no case found.; Checked 2026-10-08 on CourtListener (authenticated API, opinion search, court sd, query ""Crocker Wind""): 0 result(s), none for this project. CourtListener holds few state trial-court records, so absence there is not evidence."
SD,Crowned Ridge Wind Project,wind,REC-0404,contested_project,pending,litigation,2023,"The Public Utility Commission’s permit for the 132-turbine Crowned Ridge Wind project was appealed by opponents to the South Dakota Supreme Court, which upheld it in 2022. One of the landowners who brought the appeal later filed suit about the noise level from the operating wind farm. In October 2023, that complaint was dismissed after the plaintiff failed to attend a hearing.","Christenson v. Crowned Ridge Wind, LLC",Supreme Court of South Dakota,state_supreme,29334,ruled_for_developer,https://law.justia.com/cases/south-dakota/supreme-court/2022/29334.html,,promoted,"Verified 2026-09-24 by web search: a Justia result names this case, court and docket; opinion text not read. 2022: PUC permit affirmed.; Re-read 2026-10-08 (Internet Archive copy, https://web.archive.org/web/20220925163445id_/https://law.justia.com/cases/south-dakota/supreme-court/2022/29334.html; live page HTTP 429): 2022 S.D. 45, #29334-a-MES, filed 2022-08-03: Christenson v. Crowned Ridge Wind, LLC and South Dakota Public Utilities Commission, on the PUC permit (EL 19-003) for up to 130 turbines in Codington and Grant Counties: 'We affirm.' Fields unchanged."
TX,"Fannin-Lamar Wind Farm, a/k/a Big Tussle Wind Ranch",wind,S26P-4284,contested_project,pending,litigation,2024,"Cielo Wind has offered landowners 25-year leases as part of an anticipated wind farm including 72 wind turbines, each up to 800 feet tall. On or before June 2024, opponents of the project filed a lawsuit under Texas’ public nuisance law in the state’s 336th District Court in Fannin County.",,,,,,,,needs_docket_research,
TX,Hopkins Energy LLC’s Solar Project,solar,S26P-4285,contested_project,pending,litigation,2021,"In June 2021, a local resident filed a lawsuit against the French energy company Engie, seeking to halt construction of an 1,850-acre solar project in the unincorporated community of Dike, Texas and to obtain $250,000 in damages, alleging that the project would cause increased runoff onto neighboring properties. Local opponents have purportedly contemplated the possibility of incorporating Dike as a city to block the project.",,,,,,,,needs_docket_research,
TX,Horse Hollow Wind Energy Center,wind,REC-0435,contested_project,advanced_confirmed,litigation,2005,"In June 2005, a local resident group called Protect Our West Texas Landscape (POWTL) sued developer FPL Energy to prevent the construction of the 735.5-MW Horse Hollow Wind Energy Center. POWTL alleged that the wind farm would drastically disrupt the local scenery. The court ruled that no law in Texas regulates aesthetics, prompting the plaintiffs to amend the complaint to assert public and private nuisance claims and to seek injunctive relief. In December 2006, a trial jury found against the plaintiffs. The case was dismissed, and the plaintiffs appealed. In August 2008, the Court of Appeals affirmed the judgment of the trial court on all respects except for the allocation of costs and remanded for further determination. While that appeal was pending, the same plaintiffs sued the Taylor County Commissioners, alleging that the tax abatements given to the wind farms in the area were unlawful; that lawsuit, however, was withdrawn within a couple of months for procedural reasons. The Horse Hollow Center has been operational since its commissioning in 2005.","Rankin v. FPL Energy, LLC","Texas Court of Appeals, Eleventh District (Eastland)",state_appellate,11-07-00074-CV,ruled_for_developer,https://www.courtlistener.com/opinion/1665625/rankin-v-fpl-energy-llc/,,promoted,"Verified 2026-09-24 by web search: a CourtListener / Justia result names this case, court; opinion text not read. Decided 2008-08-21: no Texas nuisance claim for aesthetic impact; take-nothing judgment affirmed.; Re-read 2026-10-08 (CourtListener API, opinion, cluster and docket): Rankin v. FPL Energy, LLC, 266 S.W.3d 506, filed 2008-08-21, on the Horse Hollow Wind Farm in Taylor County: 'We reverse the judgment of the trial court in part and remand the cause for determination of the allocation of taxable costs. We affirm the judgment of the trial court in all other respects.' Docket 11-07-00074-CV added."
TX,Lane City Wind Project,wind,S26P-4373,contested_project,pending,litigation,2025,"The Lane City Wind Project is a 203-MW wind energy facility with approximately 59 wind turbines on 14,000 acres of land in Wharton County. Construction of the project began in the summer of 2024. In February 2025, a local ranch, Blue Creek Real Properties, sued the Department of Treasury and the developer, Lane City Wind, LLC seeking to halt construction and permanently block federal funding for the project. The lawsuit, filed in the United States District Court for the Southern District of Texas, alleges violations of the Endangered Species Act (ESA) and the National Environmental Policy Act (NEPA) due to potential risk to protected birds, including the Bald Eagle and Whooping Crane. In April 2025, the district court denied the defendant developer’s motion to dismiss the case and granted the joint motion to stay proceedings for 60 days. The district court has continued extending the stay, most recently until March 31, 2026.",,,,,,,,needs_docket_research,
TX,Rio Lago Solar,solar,S26P-4289,contested_project,pending,litigation,2024,"In 2022, Pine Gate Renewables proposed a 123-MW solar farm on privately-owned land, which was projected to generate over $20 million in tax revenue for the county. In October 2023, opposing landowners filed a lawsuit in state court alleging environmental damage and contamination on their nearby properties and seeking a temporary restraining order to halt construction. In December 2023, the trial court issued a temporary restraining order pausing several components of the project. In February 2024, the court issued an order temporarily enjoining the developer from clearing trees and preparing the leased land unless the developer complied with specific requirements including developing a stormwater pollution prevention plan and obtaining construction permits approved by the Texas Commission on Environmental Quality. Several disputes over potential violations of the injunction followed. In September 2024, a federal court again temporarily enjoined construction, but construction subsequently resumed.",,,,,,,,needs_docket_research,
TX,Stockyard Solar a/k/a Saddle House Solar,solar;battery_storage,S26P-4291,contested_project,pending,litigation,2024,"Enel Green Power proposed a 210-MW solar farm with a 70-MW battery energy storage site to be developed on approximately 2,350 acres. The project has faced significant local opposition. More than 1,100 residents signed a petition against any solar projects in the county. Opponents created the website “Citizens for Reasonable Regulation of Renewable Energy” to host blogs and campaigns against solar development in the county. The county commissioners voted to impose a countywide 180-day moratorium on commercial solar development, which was later rescinded, as there were questions as to the county’s authority to adopt and enforce it. At a local school board meeting held on October 6, 2022 to decide whether to provide tax credits to the developer, opponents of the project voiced concerns over fire safety as well as water and soil contamination. In November 2022, although the school board rejected the tax credits, the developer proceeded with the project. In June 2023, two landowners filed a lawsuit in the County District Court seeking an injunction to stop the project. In July 2023, the defendants removed the case to the Texas Federal District Court, and the plaintiffs moved to remand. In March 2024, the Texas Federal District Court denied the motion to remand, dismissed the claims against one defendant, and allowed the remaining claims to be heard in federal court. In December 2025, the Texas Federal District Court granted the plaintiffs’ unopposed motion to dismiss without prejudice.",,,,,,,,needs_docket_research,
VA,Antlers Road Solar Farm,solar,S26P-4294,contested_project,pending,litigation,2023,"In December 2022, the County Planning Commission rejected an application for a 90-MW solar farm on private land. The project would be developed across 1,000 acres, including approximately 489 acres of prime farmland. In January 2023, the Mecklenburg County Board of Supervisors similarly rejected the application for the project. In reaching their decision, the Board cited the loss of 489 acres of prime farmland as a chief concern. The majority of the local residents in attendance at the Board’s public meeting, including the former County Clerk, spoke against the project raising concerns about potential contamination of nearby creeks and groundwater, impacts on wildlife, and land. On February 8, 2023, the developer, RWE Renewables Americas, LLC, filed a lawsuit challenging the Board’s decision. The lawsuit remains pending in the Mecklenburg Circuit Court. In April 2025, the developer submitted a revised project proposal for review by the County Planning Commission. The revised proposal provided that only 220 acres of prime farmland would be dedicated to the project and more than half of the total 1,000 acres of leased land would be placed in a conservation easement. The Commission rejected the project for a second time, concluding that it was not in compliance with the county plan because it “would destroy prime farmland and threaten the nearby watershed.”",,,,,,,,needs_docket_research,
VA,Coastal Virginia Offshore Wind Project (City of Virginia Beach),wind,S26P-4302,contested_project,pending,litigation,2024,"In 2020, Dominion Energy proposed the Coastal Virginia Offshore Wind Project, a 2,600-MW offshore wind farm. In March 2024, the Committee for a Constructive Tomorrow, Heartland Institute, and National Legal and Policy Center filed a lawsuit in the U.S. District Court for the District of Columbia to halt the project. The lawsuit alleged that the construction would threaten the endangered North Atlantic right whale and that Dominion had not taken sufficient steps to protect right whales. The lawsuit further alleged that, when it approved the project, the Bureau of Ocean Energy Management (BOEM) failed to consider the cumulative impacts of offshore wind farms on the right whale population in violation of the Endangered Species Act. The plaintiffs moved for a preliminary injunction to halt the project’s construction until the National Marine Fisheries Service issues a new biological opinion. In May 2024, the court denied the request for preliminary injunction, stating that the plaintiffs failed to demonstrate that they would suffer irreparable harm and to account for the extensive measures to protect whales already in place. Separately, residents of Virginia Beach have raised concerns about vibrations, scenic disruptions, and environmental harm from the Coastal Virginia Offshore Wind Project. Dominion has stated that it has provided multiple opportunities for residents to engage with the company and that it is implementing measures to address their concerns. On December 22, 2025, the Bureau of Ocean Energy Management (BOEM) issued a stop-work order to halt the construction of the project for reasons of national security. The next day, on December 23, 2025, the developer filed a lawsuit in the U.S. District Court for the Eastern District of Virginia to enjoin BOEM’s stop-work order. In January 2026, the federal district judge granted the plaintiff’s request for a preliminary injunction and allowed construction of the project to resume.",,,,,,,,needs_docket_research,
VA,Randolph Solar Project,solar,S26P-4320,contested_project,pending,litigation,2022,"Developer SolUnesco proposed an 800-MW solar project in Charlotte County. A lawsuit filed on September 28, 2021 alleged that the developer improperly entered into a lease agreement with a landowner who had dementia, circumventing her power of attorney after her power of attorney had rejected the developer’s offer multiple times. In July 2022, the project received necessary permits. Approximately 4,500 acres will be fenced in, and approximately 3,000 acres will be covered with solar panels and other equipment.",,,,,,,,needs_docket_research,
VA,Rocky Forge Wind,wind,S26P-4322,contested_project,pending,litigation,2024,"On January 26, 2016, the Botetourt County Board of Supervisors voted to permit Apex Clean Energy to construct a 25-turbine, 75-MW project on a mountain ridge in Southwest Virginia. However, the project has faced local opposition and construction has been delayed repeatedly. On November 10, 2021, a group called Citizens for Responsible Energy, also known as Virginians for Responsible Energy, filed a lawsuit challenging the project. In 2022, the American Bird Conservancy submitted comments raising concerns about impacts to Golden Eagles. The lawsuit was dismissed in January 2024, and the dismissal was upheld on appeal in September 2024. As of September 2024, Apex was still waiting on a purchase agreement and site plan approval, with construction anticipated to begin in 2025 and to be completed in late 2026.",,,,,,,,needs_docket_research,
VT,"Apple Hill Solar and Willow Road Solar, f/k/a Chelsea Solar",solar,REC-0440,contested_project,blocked_confirmed,litigation,2023,"Allco Renewable Energy’s plans for the 2-MW Apple Hill project and 2-MW Willow Road project in Bennington, Vermont have faced opposition from neighbors for close to a decade. The state Public Utility Commission (PUC) initially approved the Apple Hill project in 2018, but opponents of the project appealed the decision, and the PUC reversed its own decision on remand in May 2020. In addition, in June 2019, the PUC denied a certificate of public good for the Willow Road project, finding that the Willow Road project and the Apple Hill project were in fact a single 4-MW solar plant and therefore ineligible under a state program for solar projects of 2.2 MW or less; the Vermont Supreme Court upheld that determination in January 2020. In June 2020 the PUC issued a temporary restraining order after Vermonters for a Clean Environment filed comments alleging that the developer was clearing trees on the proposed sites and that endangered plant species were being disturbed. On May 16, 2022, the PUC once again denied a permit for Apple Hill solar. In January 2023, the Bennington Planning Commission unanimously recommended against finding that the revised Willow Road (f/k/a Chelsea) solar project was within a preferred site for solar facilities, and in June 2023, the Bennington Select Board rejected the proposal. In July 2023, Allco filed a lawsuit in state court against the town of Bennington seeking to force the town to declare the proposed site a preferred location for solar under the town’s Energy Plan guidelines. This lawsuit was dismissed for lack of jurisdiction, and Allco responded by stating that it would bring the lawsuit in federal court instead. In October 2023, the Vermont Supreme Court affirmed the PUC’s 2020 denial of a certificate of public convenience and necessity. On December 12, 2023, the Vermont Supreme Court denied Allco’s request for reargument. On June 3, 2025, in a special Town of Bennington Select Board meeting, the board voted 5-1 to ratify a settlement agreement in support of the project. The board agreed that the project site is a “preferred area,” not prominently visible on a hillside, does not violate the town plan and does not have “adverse regional impact.”",In re Petition of Apple Hill Solar LLC,Vermont Supreme Court,state_supreme,22-AP-286,ruled_for_opposition,https://law.justia.com/cases/vermont/supreme-court/2023/22-ap-286.html,,promoted,"Verified 2026-09-24 by web search: a Justia result names this case, court and docket; opinion text not read. 2023: denial of certificate of public good affirmed.; Re-read 2026-10-08 (Internet Archive copy, https://web.archive.org/web/20231102161232id_/https://law.justia.com/cases/vermont/supreme-court/2023/22-ap-286.html; live page HTTP 429): 2023 VT 57, No. 22-AP-286: Allco's appeal of the denial of a certificate of public good for 'a 2.0-megawatt solar electric generation facility in Bennington'. 'We affirm.' The opinion concerns Apple Hill only; it does not name Willow Road or Chelsea Solar. Fields unchanged."
VT,Dairy Air Wind Farm,wind,S26P-4330,contested_project,blocked_unverified,litigation,2020,"In July 2016, AllEarth Renewables proposed a single 2.2-MW wind turbine on a 450-acre dairy air farm in the Town of Holland, after winning a state contract. The project was stymied by significant delays at the Public Utility Commission (“PUC”). In 2017, Governor Phil Scott set the most stringent decibel limits for wind turbines in the United States: 42 decibels in the daytime and 39 decibels at night, as measured 100 feet from residences nearest to the turbines. In May 2018, the PUC issued a “bifurcation order” splitting the application requirements and further delaying progress. In January 2020, the developer announced that it was dropping plans for the project, blaming the Governor for opposition to wind energy and for appointing opponents of wind energy to the PUC. The Town of Holland actively fought the project, incurring more than $70,000 in legal fees over three years. In March 2020, the PUC dismissed the developer’s petition to build the project. At the time of dismissal, there were no other petitions for so-called major wind projects before the PUC.",,,,,,,,needs_docket_research,
VT,Kidder Hill Wind,wind,REC-0444,contested_project,blocked_unverified,litigation,2018,"In July 2017, the Vermont Public Utility Commission rejected an application for a certificate of public good for the Kidder Hill Wind project. In its decision, the Commission stated that the application was incomplete and missing crucial information. In August of the same year, the Commission denied a motion for reconsideration. A local opponent of the project stated: “[t]he basic opposition comes from a place of community . . . . You have to understand the scale of these projects and the scale is not appropriate to put into a residential community.” The developer cancelled the project in 2018.",,,,,,,,needs_docket_research,
VT,Kingdom Community Wind Project,wind,REC-0445,contested_project,needs_review,litigation,2013,"Several individuals joined with Energize Vermont in filing a lawsuit to challenge the issuance of a permit related to stormwater management at the 21-turbine Kingdom Community Wind Project, which was completed in 2012. In 2013 the Vermont Supreme Court found “no clear and convincing error” and affirmed the issuance of the permit.",,,,,,,,needs_docket_research,
VT,New Haven Solar Projects,solar,S26P-4335,contested_project,pending,litigation,2017,"In 2017, the Vermont Supreme Court rejected a nuisance lawsuit by neighbors of two solar projects in New Haven, alleging that the projects had caused their properties to lose value. The court concluded that aesthetic harm alone cannot form the basis of a private nuisance claim.",,,,,,,,needs_docket_research,
WA,Horse Heaven Wind Farm,wind,S26P-4347,contested_project,pending,litigation,2024,"Scout Clean Energy has proposed a 600-MW wind project on 24 miles of ridgeline on the Horse Heaven Hills. The project has garnered local opposition from groups such as Save Our Ridges, which maintains a website tracking the project. Construction was supposed to be finished by 2022, but the project was still under review as of August 2023. In August 2023, a hearing was scheduled for public comment about the proposed project. In September 2023, the Board of Benton County Commissioners published a resolution formally opposing the project. Opponents of the project have raised concerns about impacts to ferruginous hawks, as well as concerns about the cultural and historical significance of the Horse Heaven Hills to the Confederated Tribes and Bands of the Yakama Nation. The community group Tri-Cities C.A.R.E.S (Community Action for Responsible Environmental Stewardship) has also argued that the project will reduce property values and could obstruct emergency planes or hospitals in the event of wildfires. The state Energy Facility Site Evaluation Council (EFSEC) voted in April 2024 to recommend the Horse Heaven Project for approval over objections from the Yakama Nation. The EFSEC’s recommendation halved the Horse Heaven project’s size due to concerns that the facility would impact local endangered hawk populations. In May 2024, however, Governor Inslee rejected the proposal to halve the size of the project. In September 2024, the EFSEC approved a version of the project with mitigation measures that did not involve reducing the size of the project. Governor Inslee approved this version of the project in October 2024. In November 2024, Benton County, Tri-Cities CARES and the Yakama Nation each filed a separate lawsuit in the Thurston County Superior Court seeking judicial review of the approval by the state and the regulators and alleging irregularities and errors in the environmental impact study process.",,,,,,,,needs_docket_research,
WA,Whistling Ridge Energy Project,wind,S26P-4349,contested_project,blocked_unverified,litigation,2023,"In 2002, SDS Lumber Company, dba Whistling Ridge Energy, LLC (“Whistling Ridge”) proposed the Whistling Ridge Energy Project as a 70-MW wind farm, with up to 85 wind turbines on both public and private land near the City of White Salmon in Klickitat County. The project faced immediate opposition from local residents, a conservation organization called Friends of the Columbia Gorge (“Friends”), and tourism groups, who raised concerns about poor project design and harm to scenic and wildlife resources. Over 400 public comments were submitted to the Energy Facility Site Evaluation Council (EFSEC), largely by opponents. In 2012, the Washington Department of Natural Resources denied the original project proposals but ultimately authorized a 10-year permit from 2012 to 2022 for up to 35 wind turbines. The Governor accepted the EFSEC’s recommendation and approved the project. In 2013, Friends challenged the approval in state court, which rejected their claims and affirmed the approval. In 2018, Friends filed a challenge in federal court, which also failed. However, the project was on hold until 2023, one year after the permit had expired. Whistling Ridge’s corporate successor, Twin Creeks Timber LLC filed a request to transfer ownership and extend the permit to 2026. However, in 2023, the EFSEC denied the requests, and the project was officially terminated.",,,,,,,,needs_docket_research,
WI,Cardinal-Hickory Creek Transmission Line,transmission,S26P-4351,contested_project,advanced_unverified,litigation,2024,"The Cardinal-Hickory Creek Transmission Line is a 125-mile, 345-kilovolt transmission line that is planned to stretch from Dubuque County, Iowa to the Town of Middleton, Wisconsin. The transmission line is expected to support the interconnection of renewable energy generation in the upper Midwest region. The project has faced significant opposition. In 2021, the National Wildlife Refuge Association, the Driftless Area Land Conservancy, the Wisconsin Wildlife Federation, and the Defenders of Wildlife filed a series of lawsuits in the U.S. District Court for the Western District of Wisconsin. The lawsuits, which were consolidated, challenged the project under NEPA, the National Wildlife Refuge System Improvement Act, the Clean Water Act, and the Endangered Species Act. In November 2021, the federal district court granted a preliminary injunction preventing development of the project that would impact wetlands in southern Wisconsin’s Driftless Area. In January 2022, the federal district court held that federal approval of the project violated NEPA and the Refuge Act. Then, in July 2023, the Seventh Circuit Court of Appeals vacated the preliminary injunction and remanded the case for dismissal. In December 2023, the eastern half of the transmission line entered into service. In March 2024, the Driftless Area Land Conservancy, the National Wildlife Refuge Association, and the Wisconsin Wildlife Federation sued to block a federal land exchange necessary for the line’s crossing of a wildlife refuge along the Mississippi River. The U.S. District Court for the Western District of Wisconsin issued a preliminary injunction suspending federal approvals for the land exchange in March 2024, but in May 2024, the Seventh Circuit reversed the order, holding that the district court had not made the required finding that the movants were “likely to succeed on the merits.” The U.S. Fish & Wildlife Service completed the land exchange in May 2024. The transmission line completed construction and entered into full operation in September 2024, with the federal lawsuit against the project still pending.",,,,,,,,needs_docket_research,
WI,Highland Wind Farm,wind,S26P-4353,contested_project,blocked_unverified,litigation,2021,"In 2011, a developer applied for a permit to construct the 102.5-MW Highland Wind Farm. After the PSC granted a permit for the project, the Town of Forest appealed the decision. The trial court dismissed the petition, and the Wisconsin Court of Appeals upheld dismissal in January 2019. In June 2019, the Wisconsin Supreme Court declined to hear the town’s appeal. Nonetheless, in 2021, the developer canceled the project. By that time, the Town of Forest had spent more than $500,000 opposing the project.",,,,,,,,needs_docket_research,
WI,Vista Sands Solar,solar;battery_storage,S26P-4357,contested_project,pending,litigation,2024,"In January 2024, Vista Sands Solar, LLC (Vista Sands), an affiliate of Doral Renewables, proposed Vista Sands Solar, a 1,300-MW solar farm with a 300-MW battery energy storage system which would be the largest solar farm in the state. The project would be located on approximately 9,500 acres of privately-owned agricultural land in the Village of Plover and towns of Grant, Plover and Buena Vista. An alliance of opponents including hunters, birdwatchers and public land advocates opposed the project and raised concerns about impacts to the greater prairie-chicken population, a threatened species. The Wisconsin Wildlife Federation intervened in the regulatory approval process asking the Public Service Commission (PSC) to reduce the project size by 20 to 30 percent to better protect the birds’ habitats. In July 2024 the PSC and the Wisconsin Department of Natural Resources issued a joint final Environmental Impact Statement (EIS) that recommended scaling back the plans by removing 10 of the proposed areas for solar arrays. The agencies had received over 400 comments on their draft EIS. In December 2024, after reviewing the developer’s detailed report of the public health, ecosystem and economic benefits of the project, the PSC unanimously approved the scaled down version of the project and described it as one of the most valuable for the state. The developer agreed to restore up to 7,900 acres of agricultural land in the vicinity of the wildlife area, to seed the area under development with a beneficial wildflower mix, and not to construct within 500 feet of important habitat for the great prairie chicken. Construction is expected to begin in late 2025 and the project is expected to produce enough electricity to power about 200,000 homes.",,,,,,,,needs_docket_research,
WI,Whitetail Wind Farm,wind,S26P-4358,contested_project,pending,litigation,2023,"In September 2023, twelve opponents appealed the Grant County Conservation, Sanitation and Zoning Committee’s approval of a permit for the 7-turbine Whitetail Wind Farm in southwest Wisconsin. Appellants claimed that the permit application was incomplete and missing key information. The appeal was denied in October 2023.",,,,,,,,needs_docket_research,
WV,Beech Ridge Wind Farm,wind,REC-0473,contested_project,advanced_unverified,litigation,2010,"The Beech Ridge Wind Farm, a 100-MW wind project in Greenbrier County, was met with local opposition when it was proposed in 2005. Opponents including the Animal Welfare Institute and Mountain Communities for Responsible Energy challenged the project before the PSC, and then in federal court. During the pendency of the federal lawsuit, the developer agreed to continue construction on only 40 out of the planned 124 turbines until a decision on the merits. In 2009, a federal district court found flaws in analysis of impacts on the endangered Indiana bat and imposed severe restrictions on the project. The court allowed the developer to complete the 40 turbines under construction but enjoined the operation of those wind turbines at all times except winter, unless the parties could agree otherwise. The project was completed in 2010 with the construction of 67 turbines.",Animal Welfare Institute v. Beech Ridge Energy LLC,U.S. District Court for the District of Maryland,federal_district,8:09-cv-01519,ruled_for_opposition,https://dockets.justia.com/docket/maryland/mddce/8:2009cv01519/169229,,promoted,"Verified 2026-09-24 by web search: a Justia dockets result names this case, court and docket; opinion text not read. Decided 2009-12-08: ESA injunction limiting turbine operation absent an incidental take permit.; Re-read 2026-10-08 (Justia): Memorandum Opinion, ECF No. 62, Case No. RWT 09cv1519, 2009-12-08, on the Beech Ridge wind energy project in Greenbrier County, West Virginia: 'the Court will enjoin all operation of wind turbines presently under construction except during the winter period'. The docket also lists a 2011-11-15 order closing the case and a 2013 modification of stipulation, not read. Fields unchanged."
WV,Mount Storm Wind Project,wind,REC-0474,contested_project,advanced_unverified,litigation,2008,"In 2005, landowners in Grant County filed a nuisance lawsuit in state court to enjoin the construction and operation of a wind power project planned by Shell WindEnergy, Inc. and NedPower. The trial court dismissed the action, holding that the state public service commission’s approval of the project deprived the court of jurisdiction to enjoin the project. The West Virginia Supreme Court reversed on appeal in June 2007, finding that the lower court had improperly dismissed the lawsuit and remanding the case back to the lower court for further proceedings. The 264-MW wind farm was completed in 2008, despite the legal challenges.","Burch v. NedPower Mount Storm, LLC",Supreme Court of Appeals of West Virginia,state_supreme,33201,ruled_for_opposition,https://www.courtlistener.com/opinion/1406402/burch-v-nedpower-mount-storm-llc/,,promoted,"Verified 2026-09-24 by web search: a CourtListener / courtswv.gov result names this case, court and docket; opinion text not read. Decided 2007-06-08: reversed dismissal of neighbors' nuisance claim and remanded.; Re-read 2026-10-08 (CourtListener API, opinion text): 647 S.E.2d 879, No. 33201, decided 2007-06-08, on NedPower Mount Storm's wind facility in Grant County: 'we reverse the circuit court and remand for proceedings consistent with this opinion.' Fields unchanged."
WY,Laramie Range Wind Project,wind,S26P-4388,contested_project,pending,litigation,2025,"In 2018, Repsol Renewables North America began the development of the 650-MW Laramie Range Wind Project, comprising 170 wind turbines on approximately 56,000 acres 20 miles northwest of Cheyenne. The proposal faced strong local opposition, mostly from adjacent non-participating landowners. On September 16, 2025, after several weeks of public hearings, the Board of County Commissioners rejected the project with a 3-1 vote. During the public hearings, opponents of the project raised concerns about threats to wildlife, excessive noise, vibrations becoming a nuisance, obstruction of views and a decrease in property values. In November 2025, the developer sued the Laramie County Board of Commissioners in the Wyoming First Judicial Court challenging the rejection of the project on the basis that the county acted “arbitrarily and capriciously.”",,,,,,,,needs_docket_research,
WY,Pioneer Wind Parks I and II,wind,REC-0493,contested_project,advanced_confirmed,litigation,2016,"In 2011, Wasatch Wind proposed a 66-turbine wind farm in Converse County. The project was opposed by local residents due to concerns about potential impacts to scenery, recreation, property values, and the Laramie Range wilderness. The opponents formed the Northern Laramie Range Alliance (NLRA) to organize against the project, including by advocating for zoning regulations that would prohibit wind development above an elevation of 6,000 feet; when this failed, the group appealed state and county permitting decisions and eventually took a case to the Wyoming Supreme Court. Although these efforts failed, Converse County did enact slightly stricter wind regulations. Construction was completed in 2016.",Northern Laramie Range Foundation v. Converse County Board of County Commissioners,Supreme Court of Wyoming,state_supreme,S-12-0060,ruled_for_developer,https://law.justia.com/cases/wyoming/supreme-court/2012/s-12-0060.html,,promoted,"Verified 2026-09-24 by web search: a Justia result names this case, court and docket; opinion text not read. Decided 2012-12-14: WECS permit upheld.; Re-read 2026-10-08 (Justia): 2012 WY 158, Nos. S-12-0060 and S-12-0061, decided 2012-12-14, on Pioneer Wind Park I and II in Converse County: in S-12-0060 'the Board properly granted Wasatch's application for a WECS permit' (affirmed in part, reversed in part on standing); in S-12-0061 the industrial siting permit was affirmed. Fields unchanged."
WY,Pronghorn Wind and Solar,solar;wind,S26P-4411,contested_project,pending,litigation,2026,"In 2022, Focus Clean Energy proposed the “Pronghorn H2” project, comprising a roughly 300 MW wind farm and 280 MW solar farm, to power a hydrogen production facility. The project is to be located on public and private lands spanning a total of approximately 40,000 acres near Glenrock. The project has faced strong opposition from local ranchers, landowners, and a group called “Taxpayers Against Pronghorn H2 Project.” The opponents have raised concerns over public safety, water use, viewshed impacts, impacts on wildlife migration, and interference with private property rights. In April 2025, the Wyoming State Board of Land Commissioners, in a 4-1 vote, approved a lease for the project. With the same vote, the Board also approved a lease for another project by the same developers in neighboring Niobrara County (see Sidewinder Wind). In July 2025, a local rancher filed a lawsuit in the district court challenging the state approval of the Pronghorn project. In December 2025, the district court ruled that the Board had violated its own rules by approving the lease for the project. In January 2026, the developer revised the project proposal, reducing its size to 30% of the initial footprint and indicating that it would move forward with only the wind and solar facilities and not the hydrogen production component of the project. In February 2026, the Wyoming State Board of Land Commissioners, in a 3-2 vote, rescinded the land lease for the project. Chuck Gray, Wyoming Secretary of State and the only member of the Board of Land Commissioners to initially vote against the proposals, released a statement after the vote celebrating the cancellation of “woke wind leases.”",,,,,,,,needs_docket_research,
WY,Rail Tie Wind Project,wind,REC-0494,contested_project,pending,litigation,2024,"The Rail Tie Wind Project, a 26,000-acre, 504-MW wind farm proposed by ConnectGen (which was acquired by Repsol in March 2024), has experienced delays after becoming embroiled in legal controversies. At a meeting in February 2020, residents urged the county planning and zoning commission to place a moratorium on wind development to block the project, citing concerns about the potential for aesthetic changes to the classic western landscape, effects on local wildlife, and the potential for groundwater contamination during the installation of turbine foundations. An attorney representing landowners opposed to the project also lobbied the county to impose aggressive setback requirements that would effectively block wind energy projects. However, neither the moratorium nor the setbacks were implemented. While the State Board of Land Commissioners initially denied the developer’s lease application on 4,800 acres of state land in November 2020, the Board reversed its decision and approved the lease in January 2021. The Albany County Board of Commissioners then granted final approval in July 2021. Local residents and businesses challenged the permit, and, in May 2022, the Albany County district court upheld the permit. Over 45 residents signed onto an appeal to the Wyoming Supreme Court, and the Wyoming Supreme Court affirmed, upholding the permit on April 18, 2023. In December 2023, the Wyoming Department of Environmental Quality’s Industrial Siting Council approved the project, drawing a lawsuit. On December 23, 2024, the Albany County Conservancy and other plaintiffs filed a lawsuit in federal court to stop the project, alleging violations of the NEPA, the National Historic Preservation Act, and the Administrative Procedure Act. The project, if completed, is expected to produce $130 million in tax revenues","Monaghan Farms, Inc. v. Board of County Commissioners of Albany County",Supreme Court of Wyoming,state_supreme,"S-22-0127, S-22-0128",ruled_for_developer,https://www.courtlistener.com/opinion/9391802/monaghan-farms-inc-v-the-board-of-county-commissioners-of-albany-county/,,promoted,"Opened 2026-10-07 on CourtListener (authenticated API): opinion 2023 WY 31, decided 2023-04-17, appeal from the District Court of Albany County; ConnectGen Albany County LLC intervened. The opinion quotes the county's letter confirming the Rail Tie Wind Project application (WEC-01-21) was approved on July 13, 2021, and affirms: no conditional use permit was needed beyond the WECS special use permit, the approval was not arbitrary and capricious, and it was not a taking. Earlier note: Lead from web search 2026-09-24 (not confirmed): Wyoming Supreme Court upheld Albany County's WECS permit in April 2023 (Wyoming Public Media); a 2024 Industrial Siting Council appeal was dismissed. Caption not found."
WY,Rail Tie Wind Project,wind,REC-0494,contested_project,pending,litigation,2024,"The Rail Tie Wind Project, a 26,000-acre, 504-MW wind farm proposed by ConnectGen (which was acquired by Repsol in March 2024), has experienced delays after becoming embroiled in legal controversies. At a meeting in February 2020, residents urged the county planning and zoning commission to place a moratorium on wind development to block the project, citing concerns about the potential for aesthetic changes to the classic western landscape, effects on local wildlife, and the potential for groundwater contamination during the installation of turbine foundations. An attorney representing landowners opposed to the project also lobbied the county to impose aggressive setback requirements that would effectively block wind energy projects. However, neither the moratorium nor the setbacks were implemented. While the State Board of Land Commissioners initially denied the developer’s lease application on 4,800 acres of state land in November 2020, the Board reversed its decision and approved the lease in January 2021. The Albany County Board of Commissioners then granted final approval in July 2021. Local residents and businesses challenged the permit, and, in May 2022, the Albany County district court upheld the permit. Over 45 residents signed onto an appeal to the Wyoming Supreme Court, and the Wyoming Supreme Court affirmed, upholding the permit on April 18, 2023. In December 2023, the Wyoming Department of Environmental Quality’s Industrial Siting Council approved the project, drawing a lawsuit. On December 23, 2024, the Albany County Conservancy and other plaintiffs filed a lawsuit in federal court to stop the project, alleging violations of the NEPA, the National Historic Preservation Act, and the Administrative Procedure Act. The project, if completed, is expected to produce $130 million in tax revenues",Albany County Conservancy v. Western Area Power Administration,U.S. District Court for the District of Wyoming,federal_district,1:24-cv-00271,pending,https://www.courtlistener.com/docket/69494045/albany-county-conservancy-v-western-area-power-administration/,,promoted,"Opened 2026-10-07 on CourtListener (authenticated API): docket and petition for review (ECF No. 1, filed 2024-12-23 by Albany County Conservancy, Wyoming Association of Professional Archaeologists and three individuals) challenging WAPA's Record of Decision approving an interconnection request for the Rail Tie Wind Project and the FEIS behind it (NEPA). The docket shows no termination date on 2026-10-07, so case_status is pending. This is the December 2024 lawsuit the record mentions."
WY,Rock Creek Gen-Tie Line,transmission,REC-0495,contested_project,pending,litigation,2023,"In July 2023, a conservation group in Wyoming called the Albany County Conservancy challenged the Bureau of Land Management’s approval of a transmission line designed to connect a proposed wind project to interstate transmission lines.",Albany County Conservancy v. United States Bureau of Land Management Field Manager Rawlins Field Office,U.S. District Court for the District of Wyoming,federal_district,2:23-cv-00134,,https://static1.squarespace.com/static/611d92d311bd286f9d8b0469/t/64c7df34fb047f2fa46f820c/1690820503260/Complaint.pdf,,promoted,"Lead from web search 2026-09-24 (not confirmed): Albany County Conservancy complaint against BLM, D. Wyo., July 2023; BLM withdrew the right-of-way decision (remand without vacatur). CourtListener 2026-10-07: docket 2:23-cv-00134 (D. Wyo.), 'Albany County Conservancy v. United States Bureau of Land Management Field Manager Rawlins Field Office', filed 2023-07-28, terminated 2023-11-03, was opened, but CourtListener holds no entry text or documents for it, so nothing read ties it to the Rock Creek gen-tie. Left as a lead.; Opened 2026-10-08: the Petition for Review of Final Agency Action posted by the plaintiff (https://www.albanycountyconservancy.org/s/Complaint.pdf, served from the static1.squarespace.com URL in case_source_url), 'In the United States District Court for the District of Wyoming', Albany County Conservancy and J. Michael Lockhart v. Timothy Novotny, Field Manager, Rawlins Field Office, BLM, et al. It 'challenges the Bureau of Land Management's authorization of a right of way' for the 'Rock Creek Line', a 230-kV gen-tie line from the proposed Rock Creek Wind Facility to the Aeolus Substation, citing BLM's 'Rock Creek Gen-Tie Line Environmental Assessment: DOI-BLM-WY-D030-2023-0011-EA'. The civil number is blank on the text read. The caption and docket number 2:23-cv-00134 are from the CourtListener docket opened 2026-10-07 (filed 2023-07-28, terminated 2023-11-03); it could not be re-opened today (CourtListener daily limit, HTTP 429). The plaintiff's press release page (https://www.albanycountyconservancy.org/press-releases, opened 2026-10-08) says BLM withdrew the right-of-way decision and quotes an October 10, 2023 filing by the Rawlins Field Manager that 'further NEPA analysis is warranted'; it calls this 'voluntary remand without vacatur'. No court order closing the case was read, so case_status is left blank."
WY,Sidewinder Wind,wind,S26P-4435,contested_project,pending,litigation,2026,"In 2025, Focus Clean Energy, Acciona, and Nordex Green Hydrogen jointly proposed the 1,000-MW Sidewinder H2 Wind farm on approximately 120,000 acres of private and public land in eastern Wyoming. The project has faced strong opposition from local ranchers, landowners, and a group called “Niobrara County Against Sidewinder” which maintains a website containing information and petitions opposing the project. Concerns about the project primarily relate to over public safety, water use, viewshed impacts, impacts on wildlife migration, and interference with private property rights. In April 2025, the Wyoming Board of Land Commissioners, in a 4-1 vote, approved a lease for the project. In July 2025, a local rancher filed a lawsuit in the district court challenging the state lease approval of another project by the same developers in neighboring Converse County. The district court ruled that the Board had violated its own rules by approving the lease for that project (see entry on Pronghorn Wind). In January 2026, the developers revised both the Sidewinder and the Pronghorn project proposals. In February 2026, the Wyoming State Board of Land Commissioners, in a 3-2 vote, rescinded the land leases for the two projects. Chuck Gray, Wyoming Secretary of State and the only member of the Board of Land Commissioners to initially vote against the proposals, released a statement after the vote celebrating the cancellation of “woke wind leases.”",,,,,,,,needs_docket_research,
AZ,Black Mesa Pumped Storage Project,hydro,REC-0011,contested_project,pending,"environmental_group, local_residents","July 2023, February 2024","The developer Nature and People First has sought to develop a 6,000-MW, utility-scale pumped storage hydropower project on approximately 400 acres of land in Apache and Navajo Counties. In July 2023, three organizations submitted a letter to FERC attaching resolutions against the project from 18 Navajo Nation chapters and agencies. Nearby residents had expressed concerns about potential damage to underground water supplies and sacred lands, and that the developer had not sufficiently involved nearby residents. In February 2024, FERC denied applications for a preliminary permit for the project.",,,,,,,,needs_docket_research,CourtListener 2026-10-07: searched D.C. and Ninth Circuit opinions for 'Black Mesa' pumped storage; no case found.
CA,Aratina Solar Center,solar;battery_storage,REC-0025,contested_project,needs_review,organized_group,2021,"In October 2021, the Kern County Board of Supervisors unanimously approved the Aratina Solar Center, a solar-plus-storage project including 530 MW of solar capacity and 600 MW of battery energy storage capacity. Shortly thereafter, local community members organized a petition that received 51,000 signatures. A primary concern driving local opposition to the project is the potential impact on local wildlife and on Joshua Trees. In compliance with the California Western Joshua Tree Conservation Act, the developer received an Incidental Take Permit, which authorized the developer to remove trees with an option to pay a standard mitigation fee rather than complete mitigation fee.",,,,,,,,needs_docket_research,"CourtListener 2026-10-07: searched California appellate opinions for 'Aratina'; no case found.; Checked 2026-10-08 on CourtListener (authenticated API, opinion search, court calctapp, query Aratina solar): 0 result(s), none for this project. CourtListener holds few state trial-court records, so absence there is not evidence."
KY,Hardin Solar LLC Project,solar,REC-0146,contested_project,blocked_unverified,"local_residents, organized_group",2022-01,"In January 2022, the Hardin County Planning Commission denied a conditional use permit for Hardin Solar LLC. Almost 200 Hardin County residents attended the commission meeting, many of them belonging to Hardin County CiDzens for Responsible Solar. This group is opposed to industrial solar projects and has claimed credit for the denial of Hardin Solar’s permit.",,,,,,,,needs_docket_research,"Checked 2026-10-08 on CourtListener (authenticated API, opinion search, courts ky kyctapp, query solar ""Hardin County""): one result, CPV Stonecrop Solar, LLC v. Hardin County Planning and Development Commission, Ky. Ct. App. No. 2024-CA-1393-MR (2025-10-24, vacated and remanded). Opened: it concerns CPV Stonecrop's 640-acre, 82-MW agrivoltaics option agreements and a 2024 zoning-exemption petition (Hardin Circuit No. 24-CI-00286); it does not name this project, so it is not recorded here."
MN,Hale Township Community Solar Garden,solar,REC-0220,contested_project,pending,residents,2021,"The McLeod County Board of Commissioners rejected a proposal for a 3.5-acre solar garden on prime farmland in 2021. In 2024, the Minnesota Court of Appeals overturned the County Board’s decision, finding that their stated concerns about impacts to neighboring property values and prime farmland were arbitrary and capricious and ordered the Board to approve the project.",In re Application of United States Solar Corporation and USS Water Fowl Solar LLC for a Conditional Use Permit,Minnesota Court of Appeals,state_appellate,A20-1043,ruled_for_developer,https://mn.gov/law-library-stat/archive/ctapun/2021/OPa201043-071221.pdf,,promoted,"Opened 2026-10-08 (Minnesota State Law Library archive copy of the nonprecedential opinion): Minnesota Court of Appeals No. A20-1043, filed 2021-07-12, 'Reversed and remanded' with instruction 'to approve the CUP application subject to reasonable conditions'; the court held the McLeod County Board's two reasons (land values, prime agricultural soil) insufficient. Minnesota Lawyer (2021-07-23, opened) places the 3.35-acre system in Hale Township. Contradicts the record's date: the reversal was July 2021, not 2024."
OR,Beehive Solar Project,solar,REC-0367,contested_project,pending,organized_group,June 2018,"In June 2018, a group called 1,000 Friends of Oregon filed an appeal challenging Clackamas County’s approval of a 73-acre solar project on prime farmland. The County had found that the project would not preclude commercial agriculture because it would house 100 honeybee colonies on site.",,Oregon Land Use Board of Appeals,agency,,,,,lead,Lead from web search 2026-09-24 (not confirmed): 1000 Friends of Oregon appeal to LUBA of Clackamas County approval (2018); settled October 2018 (Capital Press).
OR,Origis Energy Solar Project,solar,REC-0374,contested_project,pending,"organized_group, local_residents",June 2018,"The group 1,000 Friends of Oregon filed an appeal challenging Jackson County’s approval of an 80-acre solar facility on prime farmland outside of Medford. The state’s Land Use Board of Appeals reversed the decision, siding with the opponents. In June 2018, the Oregon Court of Appeals upheld LUBA’s decision.",1000 Friends of Oregon v. Jackson County,Oregon Court of Appeals,state_appellate,A166360,ruled_for_opposition,https://www.courtlistener.com/opinion/6657003/1000-friends-of-or-v-jackson-cnty/,,promoted,"Verified 2026-09-24 by web search: a CourtListener result names this case, court; opinion text not read. Held the 80-acre solar facility was not 'industrial development'; LUBA's reversal of the county approval stood.; Re-read 2026-10-08 (CourtListener API, opinion, cluster and docket): 1000 Friends of Oregon v. Jackson County and Or Solar 7, LLC, 292 Or App 173, filed 2018-05-31, docket A166360, on an approximately 80-acre solar facility outside Medford: 'Affirmed on petition; reversed in part on cross-petition', leaving LUBA's reversal of the county approval in place. The applicant is Or Solar 7, LLC; the opinion does not name Origis, so the record's project name 'Origis Energy Solar Project' is not supported by this document. Docket A166360 added."
TN,Graceland Solar Project,solar,REC-0417,contested_project,pending,"local_residents, organized_group",February 2024,"The Shelby County Board of Commissioners denied the 150-MW Graceland Solar Project in February 2024. The project faced vocal opposition from local residents during previous meetings with the Division of Planning and Development. A Change.org petition also opposed the project, asking Shelby County to deny it.",,,,,,,,needs_docket_research,"Checked 2026-10-08 on CourtListener (authenticated API, opinion search, court tnwd (RECAP dockets), query Graceland solar): 0 result(s), none for this project. CourtListener holds few state trial-court records, so absence there is not evidence."
