priority,match,conflict,source_record_id,id,state,county,project_name,technology,capacity_mw,outcome,finality_evidence,facility_ids,facility_name,facility_operator,facility_county_fips,facility_status,facility_capacity_mw,facility_year,matched_on,draft_outcome,draft_evidence_url,draft_evidence_date,draft_evidence_note
1,strong,"outcome pending, but the plant is operating",S26P-3888,con_7ce3b818ed,CA,Riverside County,Genesis Solar Energy Project,solar,250,pending,none,eia:57394:operating,Genesis Solar Energy Project,Genesis Solar LLC,06065,operating,250,2013,name and county and capacity,advanced_confirmed,https://www.eia.gov/electricity/data/eia860m/,2013-11,"EIA-860M August 2026: plant ID 57394 'Genesis Solar Energy Project' (CA, Riverside County, entity Genesis Solar LLC, solar, 250 MW), operating, since 11/2013. Status (OP) Operating. Matched on name and county and capacity. The inventory records the plant's status only; it says nothing about the opposition or its effect."
2,strong,"outcome pending, but the plant is operating",S26P-3894,con_cb0d940ce2,CA,San Diego County,Jacumba Solar Project,solar,,pending,none,eia:60947:operating;uspvdb:402057,Jacumba Solar Farm,Invenergy Services LLC,06073,operating,20,2017,name and county,advanced_confirmed,https://www.eia.gov/electricity/data/eia860m/,2017-07,"EIA-860M August 2026: plant ID 60947 'Jacumba Solar Farm' (CA, San Diego County, entity Invenergy Services LLC, solar, 20 MW), operating, since 7/2017. Status (OP) Operating. USPVDB v4.0 (2026-04-14): entry 402057 'Jacumba Solar Farm' (CA, San Diego County, solar, 20 MW), operating, since 2017. Matched on name and county. The inventory records the plant's status only; it says nothing about the opposition or its effect."
3,strong,"outcome pending, but the plant is under construction",S26P-3898,con_7c516340ae,CA,Alameda County,Mulqueeney Ranch Wind Repowering Project,wind,80,pending,none,eia:70235:under_construction,Mulqueeney Wind Energy,Mulqueeney Wind Energy LLC,06001,under_construction,80,2026,part of the name and county and capacity,advanced_confirmed,https://www.eia.gov/electricity/data/eia860m/,2026-10,"EIA-860M August 2026: plant ID 70235 'Mulqueeney Wind Energy' (CA, Alameda County, entity Mulqueeney Wind Energy LLC, wind, 80 MW), under construction, expected 10/2026. Status (V) Under construction, more than 50 percent complete. Matched on part of the name and county and capacity. The inventory records the plant's status only; it says nothing about the opposition or its effect."
4,strong,"outcome pending, but the plant is operating",S26P-3901,con_3f85f07642,CA,San Benito County,Panoche Valley Solar Farm,solar,130,pending,none,eia:57340:operating;uspvdb:400136,Panoche Valley Solar Farm,RWE Clean Energy,06069,operating,140,2018,name and county and capacity,advanced_confirmed,https://www.eia.gov/electricity/data/eia860m/,2018-01,"EIA-860M August 2026: plant ID 57340 'Panoche Valley Solar Farm' (CA, San Benito County, entity RWE Clean Energy, solar, 140 MW), operating, since 1/2018. Status (OP) Operating. USPVDB v4.0 (2026-04-14): entry 400136 'Panoche Valley Solar Farm' (CA, San Benito County, solar, 140 MW), operating, since 2018. Matched on name and county and capacity. The inventory records the plant's status only; it says nothing about the opposition or its effect."
5,strong,"outcome pending, but the plant is under construction",S26P-4376,con_77246a00ff,CO,Elbert County,Sundance Solar and Storage Project,solar;battery_storage,125,pending,none,eia:67666:under_construction,Sundance (CO),Cypress Creek Renewables,08039,under_construction,124.9,2026,name and county and capacity,advanced_confirmed,https://www.eia.gov/electricity/data/eia860m/,2026-09,"EIA-860M August 2026: plant ID 67666 'Sundance (CO)' (CO, Elbert County, entity Cypress Creek Renewables, battery_storage;solar, 124.9 MW), under construction, expected 9/2026. Status (U) Under construction, less than or equal to 50 percent complete. Matched on name and county and capacity. The inventory records the plant's status only; it says nothing about the opposition or its effect."
6,strong,"outcome pending, but the plant is operating",S26P-3921,con_061f1152b8,CT,Litchfield County,Torrington Solar Project,solar,3,pending,none,eia:64977:operating;uspvdb:404398,"Torrington Solar One, LLC","DG Connecticut III, LLC",09160,operating,2,2021,name,advanced_confirmed,https://www.eia.gov/electricity/data/eia860m/,2021-03,"EIA-860M August 2026: plant ID 64977 'Torrington Solar One, LLC' (CT, Litchfield County, entity DG Connecticut III, LLC, solar, 2 MW), operating, since 3/2021. Status (OP) Operating. USPVDB v4.0 (2026-04-14): entry 404398 'Torrington Solar One, LLC' (CT, Litchfield County, solar, 2 MW), operating, since 2021. Matched on name. The inventory records the plant's status only; it says nothing about the opposition or its effect."
7,strong,"outcome pending, but the plant is under construction",S26P-3938,con_9df550d5b2,IA,Linn County,Coggon Solar,solar,100,pending,none,eia:68939:under_construction,Coggon Solar LLC,Clenera DevCo LLC,19113,under_construction,100,2027,name and county and capacity,advanced_confirmed,https://www.eia.gov/electricity/data/eia860m/,2027-12,"EIA-860M August 2026: plant ID 68939 'Coggon Solar LLC' (IA, Linn County, entity Clenera DevCo LLC, solar, 100 MW), under construction, expected 12/2027. Status (U) Under construction, less than or equal to 50 percent complete. Matched on name and county and capacity. The inventory records the plant's status only; it says nothing about the opposition or its effect."
8,strong,"outcome pending, but the plant is operating",S26P-3939,con_e2cc59f0e7,IA,Linn County,Duane Arnold Solar Projects I and II,solar,,pending,none,uspvdb:406463,Duane Arnold Solar I (50 MW),,19113,operating,50,2024,name and county,advanced_confirmed,https://energy.usgs.gov/uspvdb/,2024,"USPVDB v4.0 (2026-04-14): entry 406463 'Duane Arnold Solar I (50 MW)' (IA, Linn County, solar, 50 MW), operating, since 2024. Matched on name and county. The inventory records the plant's status only; it says nothing about the opposition or its effect."
9,strong,"outcome blocked_unverified, but the plant is operating",S26P-3941,con_c3a789b368,IA,Black Hawk County; Humboldt County; Fayette County,Mason Wind Project,wind,6,blocked_unverified,outcome_label_only,uswtdb:IA:69686b405b,Mason Wind LLC Fairbank,,19065,operating,6,2017,part of the name and county and capacity,advanced_confirmed,https://energy.usgs.gov/uswtdb/,2017,"USWTDB v9.1 (2026-09-28): entry 69686b405b 'Mason Wind LLC Fairbank' (IA, Fayette County, wind, 6 MW), operating, since 2017. Matched on part of the name and county and capacity. The inventory records the plant's status only; it says nothing about the opposition or its effect."
10,strong,"outcome needs_review, but the plant is operating",S26P-3943,con_8b55fa65cb,IA,Tama County,Salt Creek Wind,wind,,needs_review,none,eia:69327:operating;uswtdb:IA:69327,Salt Creek Wind,"Salt Creek Wind, LLC",19171,operating,169.4,2025,name and county,advanced_confirmed,https://www.eia.gov/electricity/data/eia860m/,2025-12,"EIA-860M August 2026: plant ID 69327 'Salt Creek Wind' (IA, Tama County, entity Salt Creek Wind, LLC, wind, 169.4 MW), operating, since 12/2025. Status (OP) Operating. USWTDB v9.1 (2026-09-28): entry 69327 'Salt Creek Wind I' (IA, Tama County, wind, 170 MW), operating, since 2025. Matched on name and county. The inventory records the plant's status only; it says nothing about the opposition or its effect."
11,strong,"outcome pending, but the plant is operating",S26P-3957,con_f586701f99,IL,Ford County,Ford Ridge Wind Farm,wind,,pending,none,uswtdb:IL:65350,Ford Ridge,,17053,operating,120.4,2022,name and county,advanced_confirmed,https://energy.usgs.gov/uswtdb/,2022,"USWTDB v9.1 (2026-09-28): entry 65350 'Ford Ridge' (IL, Ford County, wind, 120.4 MW), operating, since 2022. Matched on name and county. The inventory records the plant's status only; it says nothing about the opposition or its effect."
12,strong,"outcome pending, but the plant is operating",S26P-3958,con_840276bc68,IL,Piatt County,Goose Creek Wind Project / Prosperity Wind Farm,wind,300,pending,none,eia:68193:operating;uswtdb:IL:68193,Prosperity Wind,"Prosperity Wind, LLC",17147,operating,300,2025,part of the name and county and capacity,advanced_confirmed,https://www.eia.gov/electricity/data/eia860m/,2025-01,"EIA-860M August 2026: plant ID 68193 'Prosperity Wind' (IL, Piatt County, entity Prosperity Wind, LLC, wind, 300 MW), operating, since 1/2025. Status (OP) Operating. USWTDB v9.1 (2026-09-28): entry 68193 'Prosperity Wind (Goose Creek)' (IL, Piatt County, wind, 300 MW), operating, since 2025. Matched on part of the name and county and capacity. The inventory records the plant's status only; it says nothing about the opposition or its effect."
13,strong,"outcome pending, but the plant is operating",S26P-3967,con_c4ae6b93fe,IL,Logan County,Top Hat Wind Project,wind,200,pending,none,eia:69225:operating;uswtdb:IL:69225,Top Hat Wind,Appalachian Power Co,17107,operating,204,2025,name and county and capacity,advanced_confirmed,https://www.eia.gov/electricity/data/eia860m/,2025-12,"EIA-860M August 2026: plant ID 69225 'Top Hat Wind' (IL, Logan County, entity Appalachian Power Co, wind, 204 MW), operating, since 12/2025. Status (OP) Operating. USWTDB v9.1 (2026-09-28): entry 69225 'Top Hat Wind' (IL, Logan County, wind, 204 MW), operating, since 2025. Matched on name and county and capacity. The inventory records the plant's status only; it says nothing about the opposition or its effect."
14,strong,"outcome pending, but the plant is under construction",S26P-4393,con_ab7195b98b,IN,Dubois County,Crossvine Solar Project,solar;battery_storage,170,pending,none,eia:66441:under_construction,Crossvine Solar,Crossvine Solar 1 LLC,18037,under_construction,100,2027,name and county,advanced_confirmed,https://www.eia.gov/electricity/data/eia860m/,2027-03,"EIA-860M August 2026: plant ID 66441 'Crossvine Solar' (IN, Dubois County, entity Crossvine Solar 1 LLC, solar, 100 MW), under construction, expected 3/2027. Status (U) Under construction, less than or equal to 50 percent complete. Matched on name and county. The inventory records the plant's status only; it says nothing about the opposition or its effect."
15,strong,"outcome pending, but the plant is operating",S26P-3974,con_a01883c584,IN,Elkhart County,Elkhart County Solar Project,solar,150,pending,none,eia:66647:operating,Elkhart County Solar Project,"Elkhart County Solar Project, LLC",18039,operating,100,2026,name and county,advanced_confirmed,https://www.eia.gov/electricity/data/eia860m/,2026-03,"EIA-860M August 2026: plant ID 66647 'Elkhart County Solar Project' (IN, Elkhart County, entity Elkhart County Solar Project, LLC, solar, 100 MW), operating, since 3/2026. Status (OP) Operating. Matched on name and county. The inventory records the plant's status only; it says nothing about the opposition or its effect."
16,strong,"outcome pending, but the plant is operating",S26P-3977,con_f38d052d45,IN,Gibson County,Gibson Solar Project,solar,280,pending,none,eia:68455:operating;uspvdb:407332,Gibson Solar,"Gibson Solar, LLC",18051,operating,200,2025,name and county,advanced_confirmed,https://www.eia.gov/electricity/data/eia860m/,2025-08,"EIA-860M August 2026: plant ID 68455 'Gibson Solar' (IN, Gibson County, entity Gibson Solar, LLC, solar, 200 MW), operating, since 8/2025. Status (OP) Operating. USPVDB v4.0 (2026-04-14): entry 407332 'Gibson Solar' (IN, Gibson County, solar, 200 MW), operating, since 2025. Matched on name and county. The inventory records the plant's status only; it says nothing about the opposition or its effect."
17,strong,"outcome needs_review, but the plant is operating",S26P-4020,con_e5fc646228,MA,Barnstable County; Plymouth County,Future Generation Wind,wind,6,needs_review,none,eia:59622:operating;uswtdb:MA:59622,Future Generation Wind,RWE Clean Energy,25023,operating,8,2016,name and county,advanced_confirmed,https://www.eia.gov/electricity/data/eia860m/,2016-08,"EIA-860M August 2026: plant ID 59622 'Future Generation Wind' (MA, Plymouth County, entity RWE Clean Energy, wind, 8 MW), operating, since 8/2016. Status (OP) Operating. USWTDB v9.1 (2026-09-28): entry 59622 'Future Generation Wind' (MA, Plymouth County, wind, 8 MW), operating, since 2016. Matched on name and county. The inventory records the plant's status only; it says nothing about the opposition or its effect."
18,strong,"outcome blocked_unverified, but the plant is operating",S26P-4028,con_93f14cda8f,MA,Plymouth County,West Bridgewater Solar,solar,1.8,blocked_unverified,outcome_label_only,eia:60424:operating;uspvdb:401694,West Bridgewater AB CSG,MN8 Energy LLC,25023,operating,1.7,2017,part of the name and county and capacity,advanced_confirmed,https://www.eia.gov/electricity/data/eia860m/,2017-06,"EIA-860M August 2026: plant ID 60424 'West Bridgewater AB CSG' (MA, Plymouth County, entity MN8 Energy LLC, solar, 1.7 MW), operating, since 6/2017. Status (OP) Operating. USPVDB v4.0 (2026-04-14): entry 401694 'West Bridgewater AB (CSG)' (MA, Plymouth County, solar, 1.7 MW), operating, since 2017. Matched on part of the name and county and capacity. The inventory records the plant's status only; it says nothing about the opposition or its effect."
19,strong,"outcome pending, but the plant is operating",S26P-4045,con_2f8fa304b7,ME,Hancock County,Bull Hill Wind Project,wind,34,pending,none,eia:57083:operating;uswtdb:ME:57083,Bull Hill Wind Project,"Evergreen Wind, LLC",23009,operating,34.5,2012,name and county and capacity,advanced_confirmed,https://www.eia.gov/electricity/data/eia860m/,2012-10,"EIA-860M August 2026: plant ID 57083 'Bull Hill Wind Project' (ME, Hancock County, entity Evergreen Wind, LLC, wind, 34.5 MW), operating, since 10/2012. Status (OP) Operating. USWTDB v9.1 (2026-09-28): entry 57083 'Bull Hill' (ME, Hancock County, wind, 34.2 MW), operating, since 2012. Matched on name and county and capacity. The inventory records the plant's status only; it says nothing about the opposition or its effect."
20,strong,"outcome needs_review, but the plant is operating",S26P-4046,con_1f641ee426,ME,Knox County,Fox Islands Wind,wind,4.5,needs_review,none,uswtdb:ME:57354,Fox Islands,,23013,operating,4.5,2009,name and county and capacity,advanced_confirmed,https://energy.usgs.gov/uswtdb/,2009,"USWTDB v9.1 (2026-09-28): entry 57354 'Fox Islands' (ME, Knox County, wind, 4.5 MW), operating, since 2009. Matched on name and county and capacity. The inventory records the plant's status only; it says nothing about the opposition or its effect."
21,strong,"outcome blocked_unverified, but the plant is operating",S26P-4049,con_f84197e7e8,ME,Aroostook County,Mars Hill Wind,wind,,blocked_unverified,outcome_label_only,eia:56448:operating;uswtdb:ME:56448,Mars Hill Wind Farm Project,"Evergreen Wind, LLC",23003,operating,42,2007,name and county,advanced_confirmed,https://www.eia.gov/electricity/data/eia860m/,2007-03,"EIA-860M August 2026: plant ID 56448 'Mars Hill Wind Farm Project' (ME, Aroostook County, entity Evergreen Wind, LLC, wind, 42 MW), operating, since 3/2007. Status (OP) Operating. USWTDB v9.1 (2026-09-28): entry 56448 'Mars Hill' (ME, Aroostook County, wind, 33 MW), operating, since 2006. Matched on name and county. The inventory records the plant's status only; it says nothing about the opposition or its effect."
22,strong,"outcome pending, but the plant is operating",S26P-4050,con_8c2479c496,ME,Kennebec County,Monmouth Solar,solar,4.95,pending,none,eia:65534:operating;uspvdb:404857,Monmouth,"Maine DG Solar Monmouth, LLC",23011,operating,5,2022,name and county and capacity,advanced_confirmed,https://www.eia.gov/electricity/data/eia860m/,2022-03,"EIA-860M August 2026: plant ID 65534 'Monmouth' (ME, Kennebec County, entity Maine DG Solar Monmouth, LLC, solar, 5 MW), operating, since 3/2022. Status (OP) Operating. USPVDB v4.0 (2026-04-14): entry 404857 'Monmouth' (ME, Kennebec County, solar, 5 MW), operating, since 2022. Matched on name and county and capacity. The inventory records the plant's status only; it says nothing about the opposition or its effect."
23,strong,"outcome needs_review, but the plant is operating",S26P-4054,con_d072b078d9,ME,Penobscot County,Passadumkeag Wind Project,wind,42,needs_review,none,uswtdb:ME:59222,Passadumkeag,,23019,operating,42.9,2016,name and county and capacity,advanced_confirmed,https://energy.usgs.gov/uswtdb/,2016,"USWTDB v9.1 (2026-09-28): entry 59222 'Passadumkeag' (ME, Penobscot County, wind, 42.9 MW), operating, since 2016. Matched on name and county and capacity. The inventory records the plant's status only; it says nothing about the opposition or its effect."
24,strong,"outcome blocked_unverified, but the plant is operating",S26P-4075,con_0680cece0f,MI,Tuscola County,Pegasus Wind,wind,,blocked_unverified,outcome_label_only,eia:61916:operating;uswtdb:MI:61916;uswtdb:MI:61916,Pegasus Wind,"Pegasus Wind, LLC",26157,operating,178,2019,name and county,advanced_confirmed,https://www.eia.gov/electricity/data/eia860m/,2019-12,"EIA-860M August 2026: plant ID 61916 'Pegasus Wind' (MI, Tuscola County, entity Pegasus Wind, LLC, wind, 178 MW), operating, since 12/2019. Status (OP) Operating. USWTDB v9.1 (2026-09-28): entry 61916 'Pegasus' (MI, Tuscola County, wind, 48.8 MW), operating, since 2019. USWTDB v9.1 (2026-09-28): entry 61916 'Pegasus II' (MI, Tuscola County, wind, 102.5 MW), operating, since 2020. Matched on name and county. The inventory records the plant's status only; it says nothing about the opposition or its effect."
25,strong,"outcome pending, but the plant is operating",S26P-4085,con_6446fd1b00,MI,Washtenaw County,"White Tail Solar Project, a/k/a Railsplitter Solar",solar,120,pending,none,eia:67678:operating,White Tail Solar,"White Tail Solar, LLC",26161,operating,140,2025,part of the name and county and capacity,advanced_confirmed,https://www.eia.gov/electricity/data/eia860m/,2025-11,"EIA-860M August 2026: plant ID 67678 'White Tail Solar' (MI, Washtenaw County, entity White Tail Solar, LLC, solar, 140 MW), operating, since 11/2025. Status (OP) Operating. Matched on part of the name and county and capacity. The inventory records the plant's status only; it says nothing about the opposition or its effect."
26,strong,"outcome pending, but the plant is operating",S26P-4118,con_692860e2d2,NE,Saline County,Milligan 1 Wind Project,wind,300,pending,none,eia:64377:operating;uswtdb:NE:0a06b83499;uswtdb:NE:64377,Milligan 1 Wind Farm,"Milligan 1 Wind, LLC",31151,operating,300,2020,name and county and capacity,advanced_confirmed,https://www.eia.gov/electricity/data/eia860m/,2020-12,"EIA-860M August 2026: plant ID 64377 'Milligan 1 Wind Farm' (NE, Saline County, entity Milligan 1 Wind, LLC, wind, 300 MW), operating, since 12/2020. Status (OP) Operating. USWTDB v9.1 (2026-09-28): entry 0a06b83499 'Milligan 1' (NE, Saline County, wind, 162.2 MW), operating, since 2020. USWTDB v9.1 (2026-09-28): entry 64377 'Milligan 1' (NE, Saline County, wind, 162.2 MW), operating, since 2020. Matched on name and county and capacity. The inventory records the plant's status only; it says nothing about the opposition or its effect."
27,strong,"outcome pending, but the plant is operating",S26P-4120,con_fadc9fbe4a,NE,Saunders County,Platteview Solar Project,solar,81,pending,none,eia:65334:operating;uspvdb:405810,Platteview Solar LLC,AES Distributed Energy,31155,operating,81,2024,name and county and capacity,advanced_confirmed,https://www.eia.gov/electricity/data/eia860m/,2024-05,"EIA-860M August 2026: plant ID 65334 'Platteview Solar LLC' (NE, Saunders County, entity AES Distributed Energy, solar, 81 MW), operating, since 5/2024. Status (OP) Operating. USPVDB v4.0 (2026-04-14): entry 405810 'Platteview Solar, LLC' (NE, Saunders County, solar, 81 MW), operating, since 2024. Matched on name and county and capacity. The inventory records the plant's status only; it says nothing about the opposition or its effect."
28,strong,"outcome pending, but the plant is operating",REC-0261,con_57c65794e7,NV,Churchill,Dixie Valley Geothermal Project,geothermal,60 MW (two 30-MW plants),pending,none,eia:52015:operating,Dixie Valley,Ormat Nevada Inc,32001,operating,70.9,1988,part of the name and county and capacity,advanced_confirmed,https://www.eia.gov/electricity/data/eia860m/,1988-06,"EIA-860M August 2026: plant ID 52015 'Dixie Valley' (NV, Churchill County, entity Ormat Nevada Inc, geothermal, 70.9 MW), operating, since 6/1988. Status (OP) Operating. Matched on part of the name and county and capacity. The inventory records the plant's status only; it says nothing about the opposition or its effect."
29,strong,"outcome pending, but the plant is operating",S26P-4157,con_6a548e3ff1,NV,White Pine County,Spring Valley Wind Farm,wind,152,pending,none,eia:57192:operating;uswtdb:NV:57192,Spring Valley Wind Project,Pattern Operators LP,32033,operating,150,2012,name and county and capacity,advanced_confirmed,https://www.eia.gov/electricity/data/eia860m/,2012-08,"EIA-860M August 2026: plant ID 57192 'Spring Valley Wind Project' (NV, White Pine County, entity Pattern Operators LP, wind, 150 MW), operating, since 8/2012. Status (OP) Operating. USWTDB v9.1 (2026-09-28): entry 57192 'Spring Valley' (NV, White Pine County, wind, 151.8 MW), operating, since 2012. Matched on name and county and capacity. The inventory records the plant's status only; it says nothing about the opposition or its effect."
30,strong,"outcome pending, but the plant is under construction",S26P-4158,con_d6604dd7ee,NY,Allegany County; Cattaraugus County; Wyoming County,Alle-Catt Wind Farm,wind,340,pending,none,eia:62954:under_construction,Alle-Catt Wind Energy LLC,Invenergy Services LLC,36003,under_construction,340,2026,name and county and capacity,advanced_confirmed,https://www.eia.gov/electricity/data/eia860m/,2026-12,"EIA-860M August 2026: plant ID 62954 'Alle-Catt Wind Energy LLC' (NY, Allegany County, entity Invenergy Services LLC, wind, 340 MW), under construction, expected 12/2026. Status (V) Under construction, more than 50 percent complete. Matched on name and county and capacity. The inventory records the plant's status only; it says nothing about the opposition or its effect."
31,strong,"outcome pending, but the plant is operating",S26P-4162,con_4b99837cc8,NY,Broome County,Bluestone Wind Farm,wind,125,pending,none,eia:65496:operating;uswtdb:NY:65496,"Bluestone Wind, LLC","Bluestone Wind, LLC",36007,operating,111.8,2023,name and county and capacity,advanced_confirmed,https://www.eia.gov/electricity/data/eia860m/,2023-10,"EIA-860M August 2026: plant ID 65496 'Bluestone Wind, LLC' (NY, Broome County, entity Bluestone Wind, LLC, wind, 111.8 MW), operating, since 10/2023. Status (OP) Operating. USWTDB v9.1 (2026-09-28): entry 65496 'Bluestone Wind' (NY, Broome County, wind, 111.8 MW), operating, since 2023. Matched on name and county and capacity. The inventory records the plant's status only; it says nothing about the opposition or its effect."
32,strong,"outcome pending, but the plant is operating",S26P-4165,con_47a240f156,NY,Chautauqua County,Cassadaga Wind Project,wind,126,pending,none,eia:58777:operating;uswtdb:NY:58777,Cassadaga Wind Farm,RWE Clean Energy,36013,operating,124,2021,name and county and capacity,advanced_confirmed,https://www.eia.gov/electricity/data/eia860m/,2021-07,"EIA-860M August 2026: plant ID 58777 'Cassadaga Wind Farm' (NY, Chautauqua County, entity RWE Clean Energy, wind, 124 MW), operating, since 7/2021. Status (OP) Operating. USWTDB v9.1 (2026-09-28): entry 58777 'Cassadaga' (NY, Chautauqua County, wind, 125.5 MW), operating, since 2021. Matched on name and county and capacity. The inventory records the plant's status only; it says nothing about the opposition or its effect."
33,strong,"outcome pending, but the plant is operating",S26P-4383,con_7b0fdeffbb,NY,Broome County,Chenango Solar,solar,4.9,pending,none,eia:63450:operating;uspvdb:403652,Chenango Solar,Citizens Enterprises Corporation,36007,operating,4.9,2019,name and county and capacity,advanced_confirmed,https://www.eia.gov/electricity/data/eia860m/,2019-12,"EIA-860M August 2026: plant ID 63450 'Chenango Solar' (NY, Broome County, entity Citizens Enterprises Corporation, solar, 4.9 MW), operating, since 12/2019. Status (OP) Operating. USPVDB v4.0 (2026-04-14): entry 403652 'Chenango Solar' (NY, Broome County, solar, 4.9 MW), operating, since 2019. Matched on name and county and capacity. The inventory records the plant's status only; it says nothing about the opposition or its effect."
34,strong,"outcome needs_review, but the plant is operating",S26P-4188,con_9e151f926a,NY,Wyoming County,Orangeville Wind Farm,wind,75,needs_review,none,uswtdb:NY:58088,Orangeville Wind,,36121,operating,84.2,2013,name and county and capacity,advanced_confirmed,https://energy.usgs.gov/uswtdb/,2013,"USWTDB v9.1 (2026-09-28): entry 58088 'Orangeville Wind' (NY, Wyoming County, wind, 84.2 MW), operating, since 2013. Matched on name and county and capacity. The inventory records the plant's status only; it says nothing about the opposition or its effect."
35,strong,"outcome pending, but the plant is cancelled or indefinitely postponed",S26P-4371,con_18be77447d,NY,Richmond County,Staten Island Battery Storage Project,battery_storage,5.5,pending,none,eia:66498:canceled_or_postponed,Staten Island Energy Storage 1 LLC,Convergent Energy and Power LP,36085,canceled_or_postponed,5,,name and county and capacity,blocked_confirmed,https://www.eia.gov/electricity/data/eia860m/,,"EIA-860M August 2026: plant ID 66498 'Staten Island Energy Storage 1 LLC' (NY, Richmond County, entity Convergent Energy and Power LP, battery_storage, 5 MW), cancelled or indefinitely postponed. Matched on name and county and capacity. The inventory records the plant's status only; it says nothing about the opposition or its effect."
36,strong,"outcome pending, but the plant is under construction",S26P-4203,con_ddc69b564b,OH,Hancock County,Border Basin Solar Farm,solar,120,pending,none,eia:68968:under_construction,Border Basin Solar,"Border Basin, LLC",39063,under_construction,120,2026,name and county and capacity,advanced_confirmed,https://www.eia.gov/electricity/data/eia860m/,2026-10,"EIA-860M August 2026: plant ID 68968 'Border Basin Solar' (OH, Hancock County, entity Border Basin, LLC, solar, 120 MW), under construction, expected 10/2026. Status (V) Under construction, more than 50 percent complete. Matched on name and county and capacity. The inventory records the plant's status only; it says nothing about the opposition or its effect."
37,strong,"outcome pending, but the plant is operating",S26P-4214,con_9220d499e5,OH,Meigs County,Great Bend Solar,solar,48,pending,none,eia:67834:operating,Great Bend Solar Project,Great Bend Solar LLC,39105,operating,48,2025,name and county and capacity,advanced_confirmed,https://www.eia.gov/electricity/data/eia860m/,2025-12,"EIA-860M August 2026: plant ID 67834 'Great Bend Solar Project' (OH, Meigs County, entity Great Bend Solar LLC, solar, 48 MW), operating, since 12/2025. Status (OP) Operating. Matched on name and county and capacity. The inventory records the plant's status only; it says nothing about the opposition or its effect."
38,strong,"outcome pending, but the plant is under construction",S26P-4226,con_6d4269c691,OH,Clinton County,Yellow Wood Solar,solar,300,pending,none,eia:69963:under_construction,Yellow Wood Solar Energy LLC,Invenergy Services LLC,39027,under_construction,300,2027,name and county and capacity,advanced_confirmed,https://www.eia.gov/electricity/data/eia860m/,2027-12,"EIA-860M August 2026: plant ID 69963 'Yellow Wood Solar Energy LLC' (OH, Clinton County, entity Invenergy Services LLC, solar, 300 MW), under construction, expected 12/2027. Status (U) Under construction, less than or equal to 50 percent complete. Matched on name and county and capacity. The inventory records the plant's status only; it says nothing about the opposition or its effect."
39,strong,"outcome pending, but the plant is cancelled or indefinitely postponed",S26P-4242,con_c36fd3da06,OR,Wasco County,Summit Ridge Wind,wind,194,pending,none,eia:58894:canceled_or_postponed,Summit Ridge I Wind Farm,Pattern Operators LP,41065,canceled_or_postponed,192,,name and county and capacity,blocked_confirmed,https://www.eia.gov/electricity/data/eia860m/,,"EIA-860M August 2026: plant ID 58894 'Summit Ridge I Wind Farm' (OR, Wasco County, entity Pattern Operators LP, wind, 192 MW), cancelled or indefinitely postponed. Matched on name and county and capacity. The inventory records the plant's status only; it says nothing about the opposition or its effect."
40,strong,"outcome needs_review, but the plant is operating",S26P-4251,con_e1903d5b37,PA,Lycoming County,Laurel Hill Wind,wind,69,needs_review,none,eia:57744:operating;uswtdb:PA:57744,Laurel Hill Wind,Deriva Energy,42081,operating,69,2012,name and county and capacity,advanced_confirmed,https://www.eia.gov/electricity/data/eia860m/,2012-09,"EIA-860M August 2026: plant ID 57744 'Laurel Hill Wind' (PA, Lycoming County, entity Deriva Energy, wind, 69 MW), operating, since 9/2012. Status (OP) Operating. USWTDB v9.1 (2026-09-28): entry 57744 'Laurel Hill' (PA, Lycoming County, wind, 69 MW), operating, since 2012. Matched on name and county and capacity. The inventory records the plant's status only; it says nothing about the opposition or its effect."
41,strong,"outcome pending, but the plant is operating",S26P-4373,con_84e14a7d48,TX,Wharton County,Lane City Wind Project,wind,203,pending,none,eia:67443:operating;uswtdb:TX:67443,Lane City Wind,RWE Clean Energy,48481,operating,202.5,2025,name and county and capacity,advanced_confirmed,https://www.eia.gov/electricity/data/eia860m/,2025-10,"EIA-860M August 2026: plant ID 67443 'Lane City Wind' (TX, Wharton County, entity RWE Clean Energy, wind, 202.5 MW), operating, since 10/2025. Status (OP) Operating. USWTDB v9.1 (2026-09-28): entry 67443 'Lane City Wind' (TX, Wharton County, wind, 202.5 MW), operating, since 2025. Matched on name and county and capacity. The inventory records the plant's status only; it says nothing about the opposition or its effect."
42,strong,"outcome pending, but the plant is under construction",S26P-4289,con_19743b49ea,TX,Bandera County,Rio Lago Solar,solar,123,pending,none,eia:68155:under_construction,Rio Lago Solar,"Rio Lago Solar, LLC",48019,under_construction,123,2026,name and county and capacity,advanced_confirmed,https://www.eia.gov/electricity/data/eia860m/,2026-09,"EIA-860M August 2026: plant ID 68155 'Rio Lago Solar' (TX, Bandera County, entity Rio Lago Solar, LLC, solar, 123 MW), under construction, expected 9/2026. Status (TS) Construction complete, but not yet in commercial operation. Matched on name and county and capacity. The inventory records the plant's status only; it says nothing about the opposition or its effect."
43,strong,"outcome pending, but the plant is under construction",S26P-4322,con_77cf655ca9,VA,Botetourt County,Rocky Forge Wind,wind,75,pending,none,eia:68197:under_construction,Rocky Forge Wind,"Rocky Forge Wind, LLC",51023,under_construction,78,2026,name and county and capacity,advanced_confirmed,https://www.eia.gov/electricity/data/eia860m/,2026-09,"EIA-860M August 2026: plant ID 68197 'Rocky Forge Wind' (VA, Botetourt County, entity Rocky Forge Wind, LLC, wind, 78 MW), under construction, expected 9/2026. Status (V) Under construction, more than 50 percent complete. Matched on name and county and capacity. The inventory records the plant's status only; it says nothing about the opposition or its effect."
44,strong,"outcome needs_review, but the plant is under construction",S26P-4352,con_c2f8d6f1c8,WI,Columbia County,High Noon Solar,solar,300,needs_review,none,eia:69480:under_construction,High Noon Solar Energy LLC,Invenergy Services LLC,55021,under_construction,300,2027,name and county and capacity,advanced_confirmed,https://www.eia.gov/electricity/data/eia860m/,2027-09,"EIA-860M August 2026: plant ID 69480 'High Noon Solar Energy LLC' (WI, Columbia County, entity Invenergy Services LLC, solar, 300 MW), under construction, expected 9/2027. Status (U) Under construction, less than or equal to 50 percent complete. Matched on name and county and capacity. The inventory records the plant's status only; it says nothing about the opposition or its effect."
45,strong,"outcome blocked_confirmed, but the plant is operating",REC-0321,con_96cccfd711,NC,Northampton County,Woodland Solar Project,solar,5,blocked_confirmed,resolution: https://www.townofwoodlandnc.com/community/solar-farm-projects/81-solar-farm-projects.html,eia:59175:operating;uspvdb:405177,Woodland Solar,Deriva Energy,37131,operating,5,2016,name and county and capacity,advanced_confirmed,https://www.eia.gov/electricity/data/eia860m/,2016-04,"EIA-860M August 2026: plant ID 59175 'Woodland Solar' (NC, Northampton County, entity Deriva Energy, solar, 5 MW), operating, since 4/2016. Status (OP) Operating. USPVDB v4.0 (2026-04-14): entry 405177 'Woodland Solar' (NC, Northampton County, solar, 5 MW), operating, since 2016. Matched on name and county and capacity. The inventory records the plant's status only; it says nothing about the opposition or its effect."
46,strong,"outcome blocked_confirmed, but the plant is under construction",REC-0440,con_5131424f2c,VT,Bennington County,"Apple Hill Solar and Willow Road Solar, f/k/a Chelsea Solar",solar,2,blocked_confirmed,court_ruling: In re Petition of Apple Hill Solar LLC,eia:61037:under_construction,Apple Hill Solar,Ecos Energy LLC,50003,under_construction,2,2026,part of the name and county and capacity,advanced_confirmed,https://www.eia.gov/electricity/data/eia860m/,2026-12,"EIA-860M August 2026: plant ID 61037 'Apple Hill Solar' (VT, Bennington County, entity Ecos Energy LLC, solar, 2 MW), under construction, expected 12/2026. Status (U) Under construction, less than or equal to 50 percent complete. Matched on part of the name and county and capacity. The inventory records the plant's status only; it says nothing about the opposition or its effect."
47,possible,"outcome pending, but the plant is operating",S26P-3897,con_7bb40e53c3,CA,Imperial County,Mount Signal Solar Farm,solar,800,pending,none,eia:61202:operating;uspvdb:402201,Mount Signal Solar Farm V,"Imperial Valley Solar 3, LLC",06025,operating,252.3,2018,name and county and a different capacity,advanced_confirmed,https://www.eia.gov/electricity/data/eia860m/,2018-11,"EIA-860M August 2026: plant ID 61202 'Mount Signal Solar Farm V' (CA, Imperial County, entity Imperial Valley Solar 3, LLC, solar, 252.3 MW), operating, since 11/2018. Status (OP) Operating. USPVDB v4.0 (2026-04-14): entry 402201 'Mount Signal Solar Farm V' (CA, Imperial County, solar, 252.3 MW), operating, since 2018. Matched on name and county and a different capacity. The inventory records the plant's status only; it says nothing about the opposition or its effect."
48,possible,"outcome pending, but the plant is operating",S26P-3897,con_7bb40e53c3,CA,Imperial County,Mount Signal Solar Farm,solar,800,pending,none,eia:61353:operating;uspvdb:402297,Mount Signal Solar Farm II,MN8 Energy LLC,06025,operating,153.5,2020,name and county and a different capacity,advanced_confirmed,https://www.eia.gov/electricity/data/eia860m/,2020-01,"EIA-860M August 2026: plant ID 61353 'Mount Signal Solar Farm II' (CA, Imperial County, entity MN8 Energy LLC, solar, 153.5 MW), operating, since 1/2020. Status (OP) Operating. USPVDB v4.0 (2026-04-14): entry 402297 'Mount Signal Solar Farm II' (CA, Imperial County, solar, 153.5 MW), operating, since 2020. Matched on name and county and a different capacity. The inventory records the plant's status only; it says nothing about the opposition or its effect."
49,possible,"outcome pending, but the plant is operating",S26P-3901,con_3f85f07642,CA,San Benito County,Panoche Valley Solar Farm,solar,130,pending,none,eia:58906:operating;uspvdb:400796,Valley Center 1,MN8 Energy LLC,06073,operating,2.5,2013,part of the name and a different capacity,advanced_confirmed,https://www.eia.gov/electricity/data/eia860m/,2013-12,"EIA-860M August 2026: plant ID 58906 'Valley Center 1' (CA, San Diego County, entity MN8 Energy LLC, solar, 2.5 MW), operating, since 12/2013. Status (OP) Operating. USPVDB v4.0 (2026-04-14): entry 400796 'Valley Center 1' (CA, San Diego County, solar, 2.5 MW), operating, since 2013. Matched on part of the name and a different capacity. The inventory records the plant's status only; it says nothing about the opposition or its effect."
50,possible,"outcome pending, but the plant is operating",S26P-3901,con_3f85f07642,CA,San Benito County,Panoche Valley Solar Farm,solar,130,pending,none,eia:58907:operating;uspvdb:404518,Valley Center 2,MN8 Energy LLC,06073,operating,5,2013,part of the name and a different capacity,advanced_confirmed,https://www.eia.gov/electricity/data/eia860m/,2013-12,"EIA-860M August 2026: plant ID 58907 'Valley Center 2' (CA, San Diego County, entity MN8 Energy LLC, solar, 5 MW), operating, since 12/2013. Status (OP) Operating. USPVDB v4.0 (2026-04-14): entry 404518 'Valley Center 2' (CA, San Diego County, solar, 5 MW), operating, since 2013. Matched on part of the name and a different capacity. The inventory records the plant's status only; it says nothing about the opposition or its effect."
51,possible,"outcome pending, but the plant is operating",S26P-3901,con_3f85f07642,CA,San Benito County,Panoche Valley Solar Farm,solar,130,pending,none,eia:60509:operating;uspvdb:401754,Valley Center,"Heelstone Energy Holdings, LLC",06073,operating,2.3,2016,part of the name and a different capacity,advanced_confirmed,https://www.eia.gov/electricity/data/eia860m/,2016-12,"EIA-860M August 2026: plant ID 60509 'Valley Center' (CA, San Diego County, entity Heelstone Energy Holdings, LLC, solar, 2.3 MW), operating, since 12/2016. Status (OP) Operating. USPVDB v4.0 (2026-04-14): entry 401754 'Valley Center' (CA, San Diego County, solar, 2.3 MW), operating, since 2016. Matched on part of the name and a different capacity. The inventory records the plant's status only; it says nothing about the opposition or its effect."
52,possible,"outcome blocked_unverified, but the plant is operating",S26P-3903,con_19e82c26b0,CA,San Diego County,"Shu’luuk Wind Project, a/k/a Kumeyaay II",wind,250,blocked_unverified,outcome_label_only,eia:56295:operating;uswtdb:CA:56295,Kumeyaay Wind,"Leeward Asset Management, LLC",06073,operating,50,2005,part of the name and county and a different capacity,advanced_confirmed,https://www.eia.gov/electricity/data/eia860m/,2005-12,"EIA-860M August 2026: plant ID 56295 'Kumeyaay Wind' (CA, San Diego County, entity Leeward Asset Management, LLC, wind, 50 MW), operating, since 12/2005. Status (OP) Operating. USWTDB v9.1 (2026-09-28): entry 56295 'Kumeyaay Phase I' (CA, San Diego County, wind, 50 MW), operating, since 2005. Matched on part of the name and county and a different capacity. The inventory records the plant's status only; it says nothing about the opposition or its effect."
53,possible,"outcome blocked_unverified, but the plant is operating",S26P-3904,con_0c57b822fa,CA,San Bernardino County,Silurian Valley Solar Development,solar,200,blocked_unverified,outcome_label_only,eia:58906:operating;uspvdb:400796,Valley Center 1,MN8 Energy LLC,06073,operating,2.5,2013,part of the name and a different capacity,advanced_confirmed,https://www.eia.gov/electricity/data/eia860m/,2013-12,"EIA-860M August 2026: plant ID 58906 'Valley Center 1' (CA, San Diego County, entity MN8 Energy LLC, solar, 2.5 MW), operating, since 12/2013. Status (OP) Operating. USPVDB v4.0 (2026-04-14): entry 400796 'Valley Center 1' (CA, San Diego County, solar, 2.5 MW), operating, since 2013. Matched on part of the name and a different capacity. The inventory records the plant's status only; it says nothing about the opposition or its effect."
54,possible,"outcome blocked_unverified, but the plant is operating",S26P-3904,con_0c57b822fa,CA,San Bernardino County,Silurian Valley Solar Development,solar,200,blocked_unverified,outcome_label_only,eia:58907:operating;uspvdb:404518,Valley Center 2,MN8 Energy LLC,06073,operating,5,2013,part of the name and a different capacity,advanced_confirmed,https://www.eia.gov/electricity/data/eia860m/,2013-12,"EIA-860M August 2026: plant ID 58907 'Valley Center 2' (CA, San Diego County, entity MN8 Energy LLC, solar, 5 MW), operating, since 12/2013. Status (OP) Operating. USPVDB v4.0 (2026-04-14): entry 404518 'Valley Center 2' (CA, San Diego County, solar, 5 MW), operating, since 2013. Matched on part of the name and a different capacity. The inventory records the plant's status only; it says nothing about the opposition or its effect."
55,possible,"outcome blocked_unverified, but the plant is operating",S26P-3904,con_0c57b822fa,CA,San Bernardino County,Silurian Valley Solar Development,solar,200,blocked_unverified,outcome_label_only,eia:60509:operating;uspvdb:401754,Valley Center,"Heelstone Energy Holdings, LLC",06073,operating,2.3,2016,part of the name and a different capacity,advanced_confirmed,https://www.eia.gov/electricity/data/eia860m/,2016-12,"EIA-860M August 2026: plant ID 60509 'Valley Center' (CA, San Diego County, entity Heelstone Energy Holdings, LLC, solar, 2.3 MW), operating, since 12/2016. Status (OP) Operating. USPVDB v4.0 (2026-04-14): entry 401754 'Valley Center' (CA, San Diego County, solar, 2.3 MW), operating, since 2016. Matched on part of the name and a different capacity. The inventory records the plant's status only; it says nothing about the opposition or its effect."
56,possible,"outcome pending, but the plant is operating",REC-0067,con_6a28910852,HI,Honolulu County,Kahuku Pua Makani Wind Project,wind,24,pending,none,eia:57087:operating;uswtdb:HI:57087,Kahuku Wind Power LLC,"Evergreen Wind, LLC",15003,operating,30,2011,part of the name and county,advanced_confirmed,https://www.eia.gov/electricity/data/eia860m/,2011-03,"EIA-860M August 2026: plant ID 57087 'Kahuku Wind Power LLC' (HI, Honolulu County, entity Evergreen Wind, LLC, wind, 30 MW), operating, since 3/2011. Status (OP) Operating. USWTDB v9.1 (2026-09-28): entry 57087 'Kahuku' (HI, Honolulu County, wind, 30 MW), operating, since 2011. Matched on part of the name and county. The inventory records the plant's status only; it says nothing about the opposition or its effect."
57,possible,"outcome blocked_unverified, but the plant is operating",S26P-3937,con_4b3cd8ab97,IA,Madison County,Arbor Hill Wind Farm,wind,,blocked_unverified,outcome_label_only,eia:62132:operating;uswtdb:IA:62132,Arbor Hill Wind Farm,MidAmerican Energy Co,19001,operating,310,2018,name,advanced_confirmed,https://www.eia.gov/electricity/data/eia860m/,2018-12,"EIA-860M August 2026: plant ID 62132 'Arbor Hill Wind Farm' (IA, Adair County, entity MidAmerican Energy Co, wind, 310 MW), operating, since 12/2018. Status (OP) Operating. USWTDB v9.1 (2026-09-28): entry 62132 'Arbor Hill' (IA, Adair County, wind, 29.2 MW), operating, since 2018. Matched on name. The inventory records the plant's status only; it says nothing about the opposition or its effect."
58,possible,"outcome blocked_unverified, but the plant is operating",S26P-3937,con_4b3cd8ab97,IA,Madison County,Arbor Hill Wind Farm,wind,,blocked_unverified,outcome_label_only,uswtdb:IA:43994af38f,Arbor Hill,,19001,operating,29.2,2018,name,advanced_confirmed,https://energy.usgs.gov/uswtdb/,2018,"USWTDB v9.1 (2026-09-28): entry 43994af38f 'Arbor Hill' (IA, Adair County, wind, 29.2 MW), operating, since 2018. Matched on name. The inventory records the plant's status only; it says nothing about the opposition or its effect."
59,possible,"outcome blocked_unverified, but the plant is operating",S26P-3940,con_80f44f0995,IA,Fayette County,Fairbank Wind Farm,wind,,blocked_unverified,outcome_label_only,uswtdb:IA:69686b405b,Mason Wind LLC Fairbank,,19065,operating,6,2017,part of the name and county,advanced_confirmed,https://energy.usgs.gov/uswtdb/,2017,"USWTDB v9.1 (2026-09-28): entry 69686b405b 'Mason Wind LLC Fairbank' (IA, Fayette County, wind, 6 MW), operating, since 2017. Matched on part of the name and county. The inventory records the plant's status only; it says nothing about the opposition or its effect."
60,possible,"outcome pending, but the plant is operating",S26P-4392,con_56411945d9,IL,Boone County,Belvidere Solar,solar,25.2,pending,none,eia:70390:operating,IL - Ameresco - Belvidere East,"Belvidere Landfill Solar 2 East, LLC",17007,operating,2,2025,part of the name and county and a different capacity,advanced_confirmed,https://www.eia.gov/electricity/data/eia860m/,2025-09,"EIA-860M August 2026: plant ID 70390 'IL - Ameresco - Belvidere East' (IL, Boone County, entity Belvidere Landfill Solar 2 East, LLC, solar, 2 MW), operating, since 9/2025. Status (OP) Operating. Matched on part of the name and county and a different capacity. The inventory records the plant's status only; it says nothing about the opposition or its effect."
61,possible,"outcome pending, but the plant is operating",S26P-4392,con_56411945d9,IL,Boone County,Belvidere Solar,solar,25.2,pending,none,eia:70391:operating,IL - Ameresco - Belvidere West,"Belvidere Landfill Solar 2 West, LLC",17007,operating,1.5,2025,part of the name and county and a different capacity,advanced_confirmed,https://www.eia.gov/electricity/data/eia860m/,2025-09,"EIA-860M August 2026: plant ID 70391 'IL - Ameresco - Belvidere West' (IL, Boone County, entity Belvidere Landfill Solar 2 West, LLC, solar, 1.5 MW), operating, since 9/2025. Status (OP) Operating. Matched on part of the name and county and a different capacity. The inventory records the plant's status only; it says nothing about the opposition or its effect."
62,possible,"outcome pending, but the plant is operating",S26P-3965,con_9a34d226e7,IL,Bureau County,Princeton Technology Park Solar Array,solar,,pending,none,eia:69645:operating,Princeton Solar,Altorfer Inc.,17011,operating,1,2025,part of the name and county,advanced_confirmed,https://www.eia.gov/electricity/data/eia860m/,2025-03,"EIA-860M August 2026: plant ID 69645 'Princeton Solar' (IL, Bureau County, entity Altorfer Inc., solar, 1 MW), operating, since 3/2025. Status (OP) Operating. Matched on part of the name and county. The inventory records the plant's status only; it says nothing about the opposition or its effect."
63,possible,"outcome needs_review, but the plant is operating",S26P-3985,con_bbc7eb8124,IN,Pulaski County; Starke County,Mammoth Solar Project,solar,1300,needs_review,none,eia:65957:operating;uspvdb:406792,Mammoth North Solar,"Mammoth North, LLC",18149,operating,400,2024,part of the name and county and a different capacity,advanced_confirmed,https://www.eia.gov/electricity/data/eia860m/,2024-11,"EIA-860M August 2026: plant ID 65957 'Mammoth North Solar' (IN, Starke County, entity Mammoth North, LLC, solar, 400 MW), operating, since 11/2024. Status (OP) Operating. USPVDB v4.0 (2026-04-14): entry 406792 'Mammoth North Solar' (IN, Starke County, solar, 400 MW), operating, since 2024. Matched on part of the name and county and a different capacity. The inventory records the plant's status only; it says nothing about the opposition or its effect."
64,possible,"outcome needs_review, but the plant is under construction",S26P-3985,con_bbc7eb8124,IN,Pulaski County; Starke County,Mammoth Solar Project,solar,1300,needs_review,none,eia:66545:under_construction,Mammoth South Solar Project,Mammoth South LLC,18131,under_construction,300,2026,part of the name and county and a different capacity,advanced_confirmed,https://www.eia.gov/electricity/data/eia860m/,2026-10,"EIA-860M August 2026: plant ID 66545 'Mammoth South Solar Project' (IN, Pulaski County, entity Mammoth South LLC, solar, 300 MW), under construction, expected 10/2026. Status (V) Under construction, more than 50 percent complete. Matched on part of the name and county and a different capacity. The inventory records the plant's status only; it says nothing about the opposition or its effect."
65,possible,"outcome needs_review, but the plant is under construction",S26P-3985,con_bbc7eb8124,IN,Pulaski County; Starke County,Mammoth Solar Project,solar,1300,needs_review,none,eia:66546:canceled_or_postponed;eia:66546:under_construction,Mammoth Central Solar Project,Mammoth Central LLC,18131,under_construction,300,2026,part of the name and county and a different capacity,advanced_confirmed,https://www.eia.gov/electricity/data/eia860m/,2026-11,"EIA-860M August 2026: plant ID 66546 'Mammoth Central Solar Project' (IN, Pulaski County, entity Mammoth Central LLC, solar, 300 MW), cancelled or indefinitely postponed. EIA-860M August 2026: plant ID 66546 'Mammoth Central Solar Project' (IN, Pulaski County, entity Mammoth Central LLC, solar, 300 MW), under construction, expected 11/2026. Status (U) Under construction, less than or equal to 50 percent complete. Matched on part of the name and county and a different capacity. The inventory records the plant's status only; it says nothing about the opposition or its effect."
66,possible,"outcome needs_review, but the plant is under construction",S26P-3985,con_bbc7eb8124,IN,Pulaski County; Starke County,Mammoth Solar Project,solar,1300,needs_review,none,eia:68514:under_construction,Mammoth Central II Solar Facility,Mammoth Central II LLC,18131,under_construction,300,2026,part of the name and county and a different capacity,advanced_confirmed,https://www.eia.gov/electricity/data/eia860m/,2026-10,"EIA-860M August 2026: plant ID 68514 'Mammoth Central II Solar Facility' (IN, Pulaski County, entity Mammoth Central II LLC, solar, 300 MW), under construction, expected 10/2026. Status (U) Under construction, less than or equal to 50 percent complete. Matched on part of the name and county and a different capacity. The inventory records the plant's status only; it says nothing about the opposition or its effect."
67,possible,"outcome blocked_unverified, but the plant is operating",S26P-4019,con_5cff270095,MA,Barnstable County,Falmouth Wind,wind,,blocked_unverified,outcome_label_only,uswtdb:MA:57414,Falmouth Notus,,25001,operating,1.6,2010,part of the name and county,advanced_confirmed,https://energy.usgs.gov/uswtdb/,2010,"USWTDB v9.1 (2026-09-28): entry 57414 'Falmouth Notus' (MA, Barnstable County, wind, 1.6 MW), operating, since 2010. Matched on part of the name and county. The inventory records the plant's status only; it says nothing about the opposition or its effect."
68,possible,"outcome blocked_unverified, but the plant is operating",S26P-4019,con_5cff270095,MA,Barnstable County,Falmouth Wind,wind,,blocked_unverified,outcome_label_only,uswtdb:MA:bea803735a,Falmouth Wastewater,,25001,operating,1.6,2010,part of the name and county,advanced_confirmed,https://energy.usgs.gov/uswtdb/,2010,"USWTDB v9.1 (2026-09-28): entry bea803735a 'Falmouth Wastewater' (MA, Barnstable County, wind, 1.6 MW), operating, since 2010. Matched on part of the name and county. The inventory records the plant's status only; it says nothing about the opposition or its effect."
69,possible,"outcome pending, but the plant is operating",S26P-4021,con_e2a1c5e080,MA,Middlesex County,Lexington Solar Project,solar,1,pending,none,eia:60816:operating;uspvdb:401965,Town of Lexington Solar,"Syncarpha Lexington, LLC",25017,operating,1.6,2017,part of the name and county,advanced_confirmed,https://www.eia.gov/electricity/data/eia860m/,2017-05,"EIA-860M August 2026: plant ID 60816 'Town of Lexington Solar' (MA, Middlesex County, entity Syncarpha Lexington, LLC, solar, 1.6 MW), operating, since 5/2017. Status (OP) Operating. USPVDB v4.0 (2026-04-14): entry 401965 'Town of Lexington Solar' (MA, Middlesex County, solar, 1.6 MW), operating, since 2017. Matched on part of the name and county. The inventory records the plant's status only; it says nothing about the opposition or its effect."
70,possible,"outcome pending, but the plant is operating",REC-0194,con_13940fdba9,MA,Barnstable County,"New England Wind 2, formerly known as Commonwealth Wind Project and Park City Wind",wind,800,pending,none,eia:57380:operating,New England Wind LLC,Avangrid Power LLC,25003,operating,28.5,2012,part of the name and a different capacity,advanced_confirmed,https://www.eia.gov/electricity/data/eia860m/,2012-12,"EIA-860M August 2026: plant ID 57380 'New England Wind LLC' (MA, Berkshire County, entity Avangrid Power LLC, wind, 28.5 MW), operating, since 12/2012. Status (OP) Operating. Matched on part of the name and a different capacity. The inventory records the plant's status only; it says nothing about the opposition or its effect."
71,possible,"outcome pending, but the plant is operating",S26P-4027,con_602230b54d,MA,Nantucket County,Vineyard Wind 1,wind,800,pending,none,eia:63093:operating,Vineyard Wind 1,Vineyard Wind 1 LLC,,operating,800,2026,name and capacity,advanced_confirmed,https://www.eia.gov/electricity/data/eia860m/,2026-04,"EIA-860M August 2026: plant ID 63093 'Vineyard Wind 1' (MA, Dukes County, entity Vineyard Wind 1 LLC, wind, 800 MW), operating, since 4/2026. Status (OP) Operating. Matched on name and capacity. The inventory records the plant's status only; it says nothing about the opposition or its effect."
72,possible,"outcome blocked_unverified, but the plant is operating",S26P-4028,con_93f14cda8f,MA,Plymouth County,West Bridgewater Solar,solar,1.8,blocked_unverified,outcome_label_only,eia:60730:operating;uspvdb:401900,Bridgewater Solar CSG,MN8 Energy LLC,25023,operating,2.3,2015,part of the name and county,advanced_confirmed,https://www.eia.gov/electricity/data/eia860m/,2015-08,"EIA-860M August 2026: plant ID 60730 'Bridgewater Solar CSG' (MA, Plymouth County, entity MN8 Energy LLC, solar, 2.3 MW), operating, since 8/2015. Status (OP) Operating. USPVDB v4.0 (2026-04-14): entry 401900 'Bridgewater Solar (CSG)' (MA, Plymouth County, solar, 3 MW), operating, since 2015. Matched on part of the name and county. The inventory records the plant's status only; it says nothing about the opposition or its effect."
73,possible,"outcome pending, but the plant is cancelled or indefinitely postponed",S26P-4039,con_a9730b2e5d,MD,Worcester County,Skipjack Wind,wind,966,pending,none,eia:64083:canceled_or_postponed,Skipjack Wind Farm,"Skipjack Offshore Energy, LLC",,canceled_or_postponed,120,,name and a different capacity,blocked_confirmed,https://www.eia.gov/electricity/data/eia860m/,,"EIA-860M August 2026: plant ID 64083 'Skipjack Wind Farm' (MD, , entity Skipjack Offshore Energy, LLC, wind, 120 MW), cancelled or indefinitely postponed. Matched on name and a different capacity. The inventory records the plant's status only; it says nothing about the opposition or its effect."
74,possible,"outcome pending, but the plant is cancelled or indefinitely postponed",S26P-4039,con_a9730b2e5d,MD,Worcester County,Skipjack Wind,wind,966,pending,none,eia:65388:canceled_or_postponed,Skipjack Wind Farm Phase 2,"Skipjack Offshore Energy, LLC",,canceled_or_postponed,846,,name and capacity,blocked_confirmed,https://www.eia.gov/electricity/data/eia860m/,,"EIA-860M August 2026: plant ID 65388 'Skipjack Wind Farm Phase 2' (MD, , entity Skipjack Offshore Energy, LLC, wind, 846 MW), cancelled or indefinitely postponed. Matched on name and capacity. The inventory records the plant's status only; it says nothing about the opposition or its effect."
75,possible,"outcome needs_review, but the plant is operating",S26P-4043,con_84489ba61e,ME,Piscataquis County,Bingham Wind,wind,185,needs_review,none,eia:57531:operating;uswtdb:ME:57531,Bingham Wind,Onward Energy,23025,operating,186,2016,name and capacity,advanced_confirmed,https://www.eia.gov/electricity/data/eia860m/,2016-12,"EIA-860M August 2026: plant ID 57531 'Bingham Wind' (ME, Piscataquis County, entity Onward Energy, wind, 186 MW), operating, since 12/2016. Status (OP) Operating. USWTDB v9.1 (2026-09-28): entry 57531 'Bingham Wind' (ME, Somerset County, wind, 184.8 MW), operating, since 2016. Matched on name and capacity. The inventory records the plant's status only; it says nothing about the opposition or its effect."
76,possible,"outcome needs_review, but the plant is operating",S26P-4048,con_b14316e6f6,ME,Franklin County,Kibby Expansion Wind Power Project,wind,45,needs_review,none,eia:56829:operating,Kibby Wind Facility,"Helix Maine Wind Development, LLC",23007,operating,132,2009,part of the name and county,advanced_confirmed,https://www.eia.gov/electricity/data/eia860m/,2009-10,"EIA-860M August 2026: plant ID 56829 'Kibby Wind Facility' (ME, Franklin County, entity Helix Maine Wind Development, LLC, wind, 132 MW), operating, since 10/2009. Status (OP) Operating. Matched on part of the name and county. The inventory records the plant's status only; it says nothing about the opposition or its effect."
77,possible,"outcome needs_review, but the plant is operating",S26P-4056,con_d94ff6b2aa,ME,Franklin County,Saddleback Ridge Wind Farm,wind,34,needs_review,none,eia:58608:operating;uswtdb:ME:58608,Saddleback Ridge Wind Farm,"CPV Saddleback Ridge Wind, LLC",23017,operating,34.2,2014,name and county and capacity and a different capacity,advanced_confirmed,https://www.eia.gov/electricity/data/eia860m/,2014-12,"EIA-860M August 2026: plant ID 58608 'Saddleback Ridge Wind Farm' (ME, Franklin County, entity CPV Saddleback Ridge Wind, LLC, wind, 34.2 MW), operating, since 12/2014. Status (OP) Operating. USWTDB v9.1 (2026-09-28): entry 58608 'Saddleback Ridge' (ME, Franklin County, wind, 8.6 MW), operating, since 2014. Matched on name and county and capacity and a different capacity. The inventory records the plant's status only; it says nothing about the opposition or its effect."
78,possible,"outcome needs_review, but the plant is operating",S26P-4073,con_afcca71ba8,MI,Sanilac County,Michigan Wind 3,wind,150,needs_review,none,eia:56659:operating;uswtdb:MI:56659,Michigan Wind 2,"Michigan Wind 2, LLC",26151,operating,90,2011,name and county and one of 2 plants,advanced_confirmed,https://www.eia.gov/electricity/data/eia860m/,2011-12,"EIA-860M August 2026: plant ID 56659 'Michigan Wind 2' (MI, Sanilac County, entity Michigan Wind 2, LLC, wind, 90 MW), operating, since 12/2011. Status (OP) Operating. USWTDB v9.1 (2026-09-28): entry 56659 'Michigan Wind II' (MI, Sanilac County, wind, 90 MW), operating, since 2011. Matched on name and county and one of 2 plants. The inventory records the plant's status only; it says nothing about the opposition or its effect."
79,possible,"outcome needs_review, but the plant is cancelled or indefinitely postponed",S26P-4073,con_afcca71ba8,MI,Sanilac County,Michigan Wind 3,wind,150,needs_review,none,eia:60246:canceled_or_postponed,Michigan Wind 3,"Michigan Wind 3, LLC",26151,canceled_or_postponed,152.8,,name and county and capacity and one of 2 plants,blocked_confirmed,https://www.eia.gov/electricity/data/eia860m/,,"EIA-860M August 2026: plant ID 60246 'Michigan Wind 3' (MI, Sanilac County, entity Michigan Wind 3, LLC, wind, 152.8 MW), cancelled or indefinitely postponed. Matched on name and county and capacity and one of 2 plants. The inventory records the plant's status only; it says nothing about the opposition or its effect."
80,possible,"outcome needs_review, but the plant is operating",S26P-4073,con_afcca71ba8,MI,Sanilac County,Michigan Wind 3,wind,150,needs_review,none,eia:56416:operating;uswtdb:MI:56416,Michigan Wind 1,"Michigan Wind 1, LLC",26063,operating,69,2008,name,advanced_confirmed,https://www.eia.gov/electricity/data/eia860m/,2008-12,"EIA-860M August 2026: plant ID 56416 'Michigan Wind 1' (MI, Huron County, entity Michigan Wind 1, LLC, wind, 69 MW), operating, since 12/2008. Status (OP) Operating. USWTDB v9.1 (2026-09-28): entry 56416 'Michigan Wind I' (MI, Huron County, wind, 69 MW), operating, since 2008. Matched on name. The inventory records the plant's status only; it says nothing about the opposition or its effect."
81,possible,"outcome pending, but the plant is operating",S26P-4367,con_a70a73ed1c,MN,Renville County,Gopher State Solar Project,solar,200,pending,none,eia:61426:operating;uspvdb:402342,Gopher CSG,SoCore Energy LLC,27025,operating,5,2018,part of the name and a different capacity,advanced_confirmed,https://www.eia.gov/electricity/data/eia860m/,2018-01,"EIA-860M August 2026: plant ID 61426 'Gopher CSG' (MN, Chisago County, entity SoCore Energy LLC, solar, 5 MW), operating, since 1/2018. Status (OP) Operating. USPVDB v4.0 (2026-04-14): entry 402342 'Gopher (CSG)' (MN, Chisago County, solar, 5 MW), operating, since 2018. Matched on part of the name and a different capacity. The inventory records the plant's status only; it says nothing about the opposition or its effect."
82,possible,"outcome pending, but the plant is cancelled or indefinitely postponed",S26P-4118,con_692860e2d2,NE,Saline County,Milligan 1 Wind Project,wind,300,pending,none,eia:61159:canceled_or_postponed,Milligan III Wind Farm,Aksamit Resource Management,31151,canceled_or_postponed,73.4,,name and county and a different capacity,blocked_confirmed,https://www.eia.gov/electricity/data/eia860m/,,"EIA-860M August 2026: plant ID 61159 'Milligan III Wind Farm' (NE, Saline County, entity Aksamit Resource Management, wind, 73.4 MW), cancelled or indefinitely postponed. Matched on name and county and a different capacity. The inventory records the plant's status only; it says nothing about the opposition or its effect."
83,possible,"outcome pending, but the plant is operating",REC-0285,con_f313d60354,NM,Chaves County,Chaves Solar 2 LLC Community Solar Project,solar,5,pending,none,eia:60405:operating;uspvdb:401681,"Chaves Solar, LLC",Chaves Solar LLC,35005,operating,70,2016,name and county and a different capacity,advanced_confirmed,https://www.eia.gov/electricity/data/eia860m/,2016-10,"EIA-860M August 2026: plant ID 60405 'Chaves Solar, LLC' (NM, Chaves County, entity Chaves Solar LLC, solar, 70 MW), operating, since 10/2016. Status (OP) Operating. USPVDB v4.0 (2026-04-14): entry 401681 'Chaves Solar, LLC' (NM, Chaves County, solar, 70 MW), operating, since 2016. Matched on name and county and a different capacity. The inventory records the plant's status only; it says nothing about the opposition or its effect."
84,possible,"outcome pending, but the plant is operating",REC-0285,con_f313d60354,NM,Chaves County,Chaves Solar 2 LLC Community Solar Project,solar,5,pending,none,eia:66405:operating;uspvdb:404980,Chaves County Solar II,"Chaves County Solar II, LLC",35005,operating,30,2023,part of the name and county and a different capacity,advanced_confirmed,https://www.eia.gov/electricity/data/eia860m/,2023-04,"EIA-860M August 2026: plant ID 66405 'Chaves County Solar II' (NM, Chaves County, entity Chaves County Solar II, LLC, solar, 30 MW), operating, since 4/2023. Status (OP) Operating. USPVDB v4.0 (2026-04-14): entry 404980 'Chaves County Solar II' (NM, Chaves County, solar, 30 MW), operating, since 2023. Matched on part of the name and county and a different capacity. The inventory records the plant's status only; it says nothing about the opposition or its effect."
85,possible,"outcome pending, but the plant is operating",S26P-4166,con_fd8ac5329d,NY,Herkimer County,Columbia Solar,solar,350,pending,none,eia:61576:operating;uspvdb:402456,Columbia University - Johnson Farms,AES Distributed Energy,36071,operating,2,2018,part of the name and a different capacity,advanced_confirmed,https://www.eia.gov/electricity/data/eia860m/,2018-07,"EIA-860M August 2026: plant ID 61576 'Columbia University - Johnson Farms' (NY, Orange County, entity AES Distributed Energy, solar, 2 MW), operating, since 7/2018. Status (OP) Operating. USPVDB v4.0 (2026-04-14): entry 402456 'Columbia University-Johnson Farms' (NY, Orange County, solar, 2 MW), operating, since 2018. Matched on part of the name and a different capacity. The inventory records the plant's status only; it says nothing about the opposition or its effect."
86,possible,"outcome pending, but the plant is operating",S26P-4166,con_fd8ac5329d,NY,Herkimer County,Columbia Solar,solar,350,pending,none,eia:61578:operating;uspvdb:402458,Columbia University - Minisink,AES Distributed Energy,36071,operating,2,2018,part of the name and a different capacity,advanced_confirmed,https://www.eia.gov/electricity/data/eia860m/,2018-07,"EIA-860M August 2026: plant ID 61578 'Columbia University - Minisink' (NY, Orange County, entity AES Distributed Energy, solar, 2 MW), operating, since 7/2018. Status (OP) Operating. USPVDB v4.0 (2026-04-14): entry 402458 'Columbia University-Minisink' (NY, Orange County, solar, 2 MW), operating, since 2018. Matched on part of the name and a different capacity. The inventory records the plant's status only; it says nothing about the opposition or its effect."
87,possible,"outcome pending, but the plant is under construction",S26P-4167,con_d6026df632,NY,Nassau County; Kings County,Empire Wind 1 and 2,wind,2070,pending,none,eia:68443:under_construction,Empire Wind 1,Empire Offshore Wind LLC,,under_construction,810,2027,name,advanced_confirmed,https://www.eia.gov/electricity/data/eia860m/,2027-09,"EIA-860M August 2026: plant ID 68443 'Empire Wind 1' (NY, Kings County, entity Empire Offshore Wind LLC, wind, 810 MW), under construction, expected 9/2027. Status (V) Under construction, more than 50 percent complete. Matched on name. The inventory records the plant's status only; it says nothing about the opposition or its effect."
88,possible,"outcome pending, but the plant is operating",S26P-4174,con_8c355c079d,NY,Cayuga County,Garnet Energy Center,solar,200,pending,none,eia:62843:operating;uspvdb:405435,Garnet Solar (NY),"Onsite Partners, LLC",36113,operating,1.9,2018,name and a different capacity,advanced_confirmed,https://www.eia.gov/electricity/data/eia860m/,2018-06,"EIA-860M August 2026: plant ID 62843 'Garnet Solar (NY)' (NY, Warren County, entity Onsite Partners, LLC, solar, 1.9 MW), operating, since 6/2018. Status (OP) Operating. USPVDB v4.0 (2026-04-14): entry 405435 'Garnet Solar (NY)' (NY, Warren County, solar, 1.9 MW), operating, since 2018. Matched on name and a different capacity. The inventory records the plant's status only; it says nothing about the opposition or its effect."
89,possible,"outcome blocked_unverified, but the plant is operating",S26P-4243,con_eea10efc3b,OR,Yamhill County,Yamhill Creek Solar Project,solar,,blocked_unverified,outcome_label_only,eia:57652:operating;uspvdb:400223,Yamhill Solar LLC,Standard Solar,41071,operating,1,2011,part of the name and county,advanced_confirmed,https://www.eia.gov/electricity/data/eia860m/,2011-10,"EIA-860M August 2026: plant ID 57652 'Yamhill Solar LLC' (OR, Yamhill County, entity Standard Solar, solar, 1 MW), operating, since 10/2011. Status (OP) Operating. USPVDB v4.0 (2026-04-14): entry 400223 'Yamhill Solar, LLC' (OR, Yamhill County, solar, 1 MW), operating, since 2011. Matched on part of the name and county. The inventory records the plant's status only; it says nothing about the opposition or its effect."
90,possible,"outcome pending, but the plant is operating",S26P-4262,con_1acecfc2d0,RI,Providence County,Green Development’s Town of Johnston Solar Farm,solar,24,pending,none,eia:59858:operating;uspvdb:401343,Johnston Solar,Concord New Energy,44007,operating,1.4,2015,part of the name and county and a different capacity,advanced_confirmed,https://www.eia.gov/electricity/data/eia860m/,2015-07,"EIA-860M August 2026: plant ID 59858 'Johnston Solar' (RI, Providence County, entity Concord New Energy, solar, 1.4 MW), operating, since 7/2015. Status (OP) Operating. USPVDB v4.0 (2026-04-14): entry 401343 'Johnston Solar' (RI, Providence County, solar, 1 MW), operating, since 2015. Matched on part of the name and county and a different capacity. The inventory records the plant's status only; it says nothing about the opposition or its effect."
91,possible,"outcome pending, but the plant is operating",S26P-4263,con_0dac4ddabf,RI,Providence County,Hope Farm Solar Array,solar,10,pending,none,eia:61840:operating;uspvdb:402635,"Hope Farm Solar, LLC","Adapture Renewables, Inc.",44007,operating,10,2019,name and county and capacity and one of 2 plants,advanced_confirmed,https://www.eia.gov/electricity/data/eia860m/,2019-09,"EIA-860M August 2026: plant ID 61840 'Hope Farm Solar, LLC' (RI, Providence County, entity Adapture Renewables, Inc., solar, 10 MW), operating, since 9/2019. Status (OP) Operating. USPVDB v4.0 (2026-04-14): entry 402635 'Hope Farm Solar, LLC' (RI, Providence County, solar, 10 MW), operating, since 2019. Matched on name and county and capacity and one of 2 plants. The inventory records the plant's status only; it says nothing about the opposition or its effect."
92,possible,"outcome blocked_unverified, but the plant is operating",S26P-4265,con_e504bdc091,RI,Washington County,North Kingstown Green and Stamp Farm Wind Turbines,wind,,blocked_unverified,outcome_label_only,uswtdb:RI:59295,North Kingstown Green,,44009,operating,1.5,2012,part of the name and county,advanced_confirmed,https://energy.usgs.gov/uswtdb/,2012,"USWTDB v9.1 (2026-09-28): entry 59295 'North Kingstown Green' (RI, Washington County, wind, 1.5 MW), operating, since 2012. Matched on part of the name and county. The inventory records the plant's status only; it says nothing about the opposition or its effect."
93,possible,"outcome blocked_unverified, but the plant is operating",S26P-4266,con_1eda9ada27,RI,Washington County,North Kingstown Solar Project,solar,32.7,blocked_unverified,outcome_label_only,eia:66582:operating;uspvdb:406257,North Kingstown Solar LLC,North Kingstown Solar LLC,44009,operating,1.9,2022,name and county and a different capacity,advanced_confirmed,https://www.eia.gov/electricity/data/eia860m/,2022-09,"EIA-860M August 2026: plant ID 66582 'North Kingstown Solar LLC' (RI, Washington County, entity North Kingstown Solar LLC, solar, 1.9 MW), operating, since 9/2022. Status (OP) Operating. USPVDB v4.0 (2026-04-14): entry 406257 'North Kingstown Solar, LLC' (RI, Washington County, solar, 1.9 MW), operating, since 2022. Matched on name and county and a different capacity. The inventory records the plant's status only; it says nothing about the opposition or its effect."
94,possible,"outcome pending, but the plant is under construction",S26P-4269,con_45f2335480,RI,Newport County,Revolution Wind,wind,704,pending,none,eia:65500:under_construction,Revolution Wind,Orsted Wind Power North America LLC,,under_construction,715,2026,name and capacity,advanced_confirmed,https://www.eia.gov/electricity/data/eia860m/,2026-11,"EIA-860M August 2026: plant ID 65500 'Revolution Wind' (RI, Washington County, entity Orsted Wind Power North America LLC, wind, 715 MW), under construction, expected 11/2026. Status (V) Under construction, more than 50 percent complete. Matched on name and capacity. The inventory records the plant's status only; it says nothing about the opposition or its effect."
95,possible,"outcome blocked_unverified, but the plant is operating",REC-0405,con_7d8db66270,SD,Lincoln County,Dakota Power Community Wind Project,wind,1000,blocked_unverified,outcome_label_only,eia:56092:operating;uswtdb:SD:56092,South Dakota Wind Energy Cente,FPL Energy South Dakota Wind LLC,46069,operating,40.5,2003,part of the name and a different capacity,advanced_confirmed,https://www.eia.gov/electricity/data/eia860m/,2003-10,"EIA-860M August 2026: plant ID 56092 'South Dakota Wind Energy Cente' (SD, Hyde County, entity FPL Energy South Dakota Wind LLC, wind, 40.5 MW), operating, since 10/2003. Status (OP) Operating. USWTDB v9.1 (2026-09-28): entry 56092 'South Dakota' (SD, Hyde County, wind, 40.5 MW), operating, since 2003. Matched on part of the name and a different capacity. The inventory records the plant's status only; it says nothing about the opposition or its effect."
96,possible,"outcome blocked_unverified, but the plant is operating",REC-0405,con_7d8db66270,SD,Lincoln County,Dakota Power Community Wind Project,wind,1000,blocked_unverified,outcome_label_only,uswtdb:SD:56459,Minn-Dakota,,46011,operating,54,2007,part of the name and a different capacity,advanced_confirmed,https://energy.usgs.gov/uswtdb/,2007,"USWTDB v9.1 (2026-09-28): entry 56459 'Minn-Dakota' (SD, Brookings County, wind, 54 MW), operating, since 2007. Matched on part of the name and a different capacity. The inventory records the plant's status only; it says nothing about the opposition or its effect."
97,possible,"outcome blocked_unverified, but the plant is operating",REC-0405,con_7d8db66270,SD,Lincoln County,Dakota Power Community Wind Project,wind,1000,blocked_unverified,outcome_label_only,uswtdb:SD:56608,South Dakota Wind Partners,,46015,operating,10.5,2011,part of the name and a different capacity,advanced_confirmed,https://energy.usgs.gov/uswtdb/,2011,"USWTDB v9.1 (2026-09-28): entry 56608 'South Dakota Wind Partners' (SD, Brule County, wind, 10.5 MW), operating, since 2011. Matched on part of the name and a different capacity. The inventory records the plant's status only; it says nothing about the opposition or its effect."
98,possible,"outcome blocked_unverified, but the plant is operating",REC-0405,con_7d8db66270,SD,Lincoln County,Dakota Power Community Wind Project,wind,1000,blocked_unverified,outcome_label_only,eia:63102:operating;uswtdb:SD:63102,Dakota Range III Wind Project,Engie North America,46051,operating,153.6,2021,part of the name and a different capacity,advanced_confirmed,https://www.eia.gov/electricity/data/eia860m/,2021-05,"EIA-860M August 2026: plant ID 63102 'Dakota Range III Wind Project' (SD, Grant County, entity Engie North America, wind, 153.6 MW), operating, since 5/2021. Status (OP) Operating. USWTDB v9.1 (2026-09-28): entry 63102 'Dakota Range III' (SD, Grant County, wind, 153.6 MW), operating, since 2021. Matched on part of the name and a different capacity. The inventory records the plant's status only; it says nothing about the opposition or its effect."
99,possible,"outcome blocked_unverified, but the plant is operating",REC-0405,con_7d8db66270,SD,Lincoln County,Dakota Power Community Wind Project,wind,1000,blocked_unverified,outcome_label_only,eia:68318:operating;uswtdb:SD:68318,Dakota Range Wind,Northern States Power Co - Minnesota,46051,operating,304,2022,part of the name and a different capacity,advanced_confirmed,https://www.eia.gov/electricity/data/eia860m/,2022-01,"EIA-860M August 2026: plant ID 68318 'Dakota Range Wind' (SD, Grant County, entity Northern States Power Co - Minnesota, wind, 304 MW), operating, since 1/2022. Status (OP) Operating. USWTDB v9.1 (2026-09-28): entry 68318 'Dakota Range I and II' (SD, Grant County, wind, 304 MW), operating, since 2022. Matched on part of the name and a different capacity. The inventory records the plant's status only; it says nothing about the opposition or its effect."
100,possible,"outcome blocked_unverified, but the plant is operating",REC-0405,con_7d8db66270,SD,Lincoln County,Dakota Power Community Wind Project,wind,1000,blocked_unverified,outcome_label_only,uswtdb:SD:627aec5764,Dakota Range III,,46109,operating,153.6,2021,part of the name and a different capacity,advanced_confirmed,https://energy.usgs.gov/uswtdb/,2021,"USWTDB v9.1 (2026-09-28): entry 627aec5764 'Dakota Range III' (SD, Roberts County, wind, 153.6 MW), operating, since 2021. Matched on part of the name and a different capacity. The inventory records the plant's status only; it says nothing about the opposition or its effect."
101,possible,"outcome pending, but the plant is operating",S26P-4441,con_8810e494df,TX,Robertson County,Buffalo Meadow Energy Center,solar;battery_storage,350,pending,none,eia:69234:operating,Meadow Park Energy Center,CleanAmps AssetCo LLC,48439,operating,9.9,2026,part of the name and a different capacity,advanced_confirmed,https://www.eia.gov/electricity/data/eia860m/,2026-04,"EIA-860M August 2026: plant ID 69234 'Meadow Park Energy Center' (TX, Tarrant County, entity CleanAmps AssetCo LLC, battery_storage, 9.9 MW), operating, since 4/2026. Status (OP) Operating. Matched on part of the name and a different capacity. The inventory records the plant's status only; it says nothing about the opposition or its effect."
102,possible,"outcome pending, but the plant is operating",S26P-4285,con_6e35810a34,TX,Hopkins County,Hopkins Energy LLC’s Solar Project,solar,,pending,none,eia:67424:operating;uspvdb:407024,Hopkins Energy LLC,Hopkins Energy LLC,48223,operating,250,2024,part of the name and county,advanced_confirmed,https://www.eia.gov/electricity/data/eia860m/,2024-06,"EIA-860M August 2026: plant ID 67424 'Hopkins Energy LLC' (TX, Hopkins County, entity Hopkins Energy LLC, solar, 250 MW), operating, since 6/2024. Status (OP) Operating. USPVDB v4.0 (2026-04-14): entry 407024 'Hopkins Energy LLC' (TX, Hopkins County, solar, 250 MW), operating, since 2024. Matched on part of the name and county. The inventory records the plant's status only; it says nothing about the opposition or its effect."
103,possible,"outcome pending, but the plant is operating",S26P-4288,con_24daa7136e,TX,Callahan County; Eastland County,Ranchland Wind Project,wind;battery_storage,354,pending,none,eia:64544:operating,Ranchland Wind Project II,"Ranchland Wind Project II, LLC",48059,operating,148,2024,name and county and one of 2 plants,advanced_confirmed,https://www.eia.gov/electricity/data/eia860m/,2024-04,"EIA-860M August 2026: plant ID 64544 'Ranchland Wind Project II' (TX, Callahan County, entity Ranchland Wind Project II, LLC, wind, 148 MW), operating, since 4/2024. Status (OP) Operating. Matched on name and county and one of 2 plants. The inventory records the plant's status only; it says nothing about the opposition or its effect."
104,possible,"outcome pending, but the plant is operating",S26P-4288,con_24daa7136e,TX,Callahan County; Eastland County,Ranchland Wind Project,wind;battery_storage,354,pending,none,eia:64551:operating;uswtdb:TX:64551,Ranchland Wind Project I,"Ranchland Wind Project I, LLC",48059,operating,114.9,2024,name and county and a different capacity and one of 2 plants,advanced_confirmed,https://www.eia.gov/electricity/data/eia860m/,2024-04,"EIA-860M August 2026: plant ID 64551 'Ranchland Wind Project I' (TX, Callahan County, entity Ranchland Wind Project I, LLC, wind, 114.9 MW), operating, since 4/2024. Status (OP) Operating. USWTDB v9.1 (2026-09-28): entry 64551 'Ranchland Wind Project' (TX, Callahan County, wind, 262.9 MW), operating, since 2022. Matched on name and county and a different capacity and one of 2 plants. The inventory records the plant's status only; it says nothing about the opposition or its effect."
105,possible,"outcome pending, but the plant is operating",S26P-4288,con_24daa7136e,TX,Callahan County; Eastland County,Ranchland Wind Project,wind;battery_storage,354,pending,none,eia:64545:operating,Ranchland Wind Storage,"Ranchland Wind Storage, LLC",48059,operating,73,2023,name and county and a different capacity,advanced_confirmed,https://www.eia.gov/electricity/data/eia860m/,2023-10,"EIA-860M August 2026: plant ID 64545 'Ranchland Wind Storage' (TX, Callahan County, entity Ranchland Wind Storage, LLC, battery_storage, 73 MW), operating, since 10/2023. Status (OP) Operating. Matched on name and county and a different capacity. The inventory records the plant's status only; it says nothing about the opposition or its effect."
106,possible,"outcome blocked_unverified, but the plant is operating",S26P-4295,con_ec4c3d512b,VA,Henry County,Axton Solar Project,solar,,blocked_unverified,outcome_label_only,eia:66635:operating;uspvdb:406278,Caden Energix Axton LLC,Caden Energix Axton LLC,51089,operating,66,2023,part of the name and county,advanced_confirmed,https://www.eia.gov/electricity/data/eia860m/,2023-12,"EIA-860M August 2026: plant ID 66635 'Caden Energix Axton LLC' (VA, Henry County, entity Caden Energix Axton LLC, solar, 66 MW), operating, since 12/2023. Status (OP) Operating. USPVDB v4.0 (2026-04-14): entry 406278 'Caden Energix Axton, LLC' (VA, Pittsylvania County, solar, 66 MW), operating, since 2023. Matched on part of the name and county. The inventory records the plant's status only; it says nothing about the opposition or its effect."
107,possible,"outcome pending, but the plant is operating",S26P-4302,con_7b9bb21b72,VA,Virginia Beach city,Coastal Virginia Offshore Wind Project (City of Virginia Beach),wind,2600,pending,none,eia:59693:operating,Coastal Virginia Offshore Wind (CVOW) Pi,Virginia Electric & Power Co,,operating,12,2021,part of the name and a different capacity,advanced_confirmed,https://www.eia.gov/electricity/data/eia860m/,2021-01,"EIA-860M August 2026: plant ID 59693 'Coastal Virginia Offshore Wind (CVOW) Pi' (VA, Virginia Beach County, entity Virginia Electric & Power Co, wind, 12 MW), operating, since 1/2021. Status (OP) Operating. Matched on part of the name and a different capacity. The inventory records the plant's status only; it says nothing about the opposition or its effect."
108,possible,"outcome blocked_unverified, but the plant is operating",S26P-4316,con_eee779acf9,VA,Culpeper County,North Ridge Solar,solar,26,blocked_unverified,outcome_label_only,eia:68077:operating,North Ridge Solar,Dominion Renewable Energy,51145,operating,20,2025,name,advanced_confirmed,https://www.eia.gov/electricity/data/eia860m/,2025-11,"EIA-860M August 2026: plant ID 68077 'North Ridge Solar' (VA, Powhatan County, entity Dominion Renewable Energy, solar, 20 MW), operating, since 11/2025. Status (OP) Operating. Matched on name. The inventory records the plant's status only; it says nothing about the opposition or its effect."
109,possible,"outcome blocked_unverified, but the plant is operating",S26P-4409,con_6d6ae8b1d3,VA,Isle of Wight County; Surry County,Sycamore Cross Solar,solar,240,blocked_unverified,outcome_label_only,eia:64136:operating;uspvdb:404656,Sycamore Solar,Dominion Energy Inc.,51143,operating,42,2023,part of the name and a different capacity,advanced_confirmed,https://www.eia.gov/electricity/data/eia860m/,2023-03,"EIA-860M August 2026: plant ID 64136 'Sycamore Solar' (VA, Pittsylvania County, entity Dominion Energy Inc., solar, 42 MW), operating, since 3/2023. Status (OP) Operating. USPVDB v4.0 (2026-04-14): entry 404656 'Sycamore Solar' (VA, Pittsylvania County, solar, 42 MW), operating, since 2017. Matched on part of the name and a different capacity. The inventory records the plant's status only; it says nothing about the opposition or its effect."
110,possible,"outcome pending, but the plant is operating",S26P-4346,con_7563ceecc2,WA,Yakima County,High Top and Ostrea Solar Project,solar,160,pending,none,eia:66384:operating,"Ostrea Solar, LLC",Cypress Creek Renewables,53077,operating,80,2026,part of the name and county,advanced_confirmed,https://www.eia.gov/electricity/data/eia860m/,2026-06,"EIA-860M August 2026: plant ID 66384 'Ostrea Solar, LLC' (WA, Yakima County, entity Cypress Creek Renewables, solar, 80 MW), operating, since 6/2026. Status (OP) Operating. Matched on part of the name and county. The inventory records the plant's status only; it says nothing about the opposition or its effect."
111,possible,"outcome advanced_confirmed, but the plant is cancelled or indefinitely postponed",REC-0026,con_c66fdc886b,CA,Riverside County,Blythe Mesa Solar Power Project,solar,465,advanced_confirmed,resolution: https://www.govinfo.gov/content/pkg/FR-2014-08-11/pdf/2014-18973.pdf,eia:57273:canceled_or_postponed,Blythe Solar Power Project,"NextEra Blythe Solar Energy Center, LLC",06065,canceled_or_postponed,796.8,,part of the name and county,blocked_confirmed,https://www.eia.gov/electricity/data/eia860m/,,"EIA-860M August 2026: plant ID 57273 'Blythe Solar Power Project' (CA, Riverside County, entity NextEra Blythe Solar Energy Center, LLC, solar, 796.8 MW), cancelled or indefinitely postponed. Matched on part of the name and county. The inventory records the plant's status only; it says nothing about the opposition or its effect."
112,possible,"outcome blocked_confirmed, but the plant is operating",REC-0155,con_96160cb151,LA,St. James Parish,St. James Solar,solar,360,blocked_confirmed,resolution: https://www.stjamesparishtoday.com/news/denied-no-solar-panel-farm-vacherie,eia:62854:operating;uspvdb:405436,St. James Solar (LA),"St. James Solar, LLC",22093,operating,20,2023,name and county and a different capacity,advanced_confirmed,https://www.eia.gov/electricity/data/eia860m/,2023-02,"EIA-860M August 2026: plant ID 62854 'St. James Solar (LA)' (LA, St James, entity St. James Solar, LLC, solar, 20 MW), operating, since 2/2023. Status (OP) Operating. USPVDB v4.0 (2026-04-14): entry 405436 'St. James Solar (LA)' (LA, St. James, solar, 20 MW), operating, since 2023. Matched on name and county and a different capacity. The inventory records the plant's status only; it says nothing about the opposition or its effect."
113,possible,"outcome blocked_confirmed, but the plant is operating",REC-0193,con_db91d6c999,MA,Barnstable County,Cape Wind,wind,454,blocked_confirmed,court_ruling: Public Employees for Environmental Responsibility v. Hopper,eia:58661:operating,Cape Cod Air Force Station - 6 SWS,US Space Force,25001,operating,3.4,2014,part of the name and county and a different capacity,advanced_confirmed,https://www.eia.gov/electricity/data/eia860m/,2014-01,"EIA-860M August 2026: plant ID 58661 'Cape Cod Air Force Station - 6 SWS' (MA, Barnstable County, entity US Space Force, wind, 3.4 MW), operating, since 1/2014. Status (OP) Operating. Matched on part of the name and county and a different capacity. The inventory records the plant's status only; it says nothing about the opposition or its effect."
114,possible,"outcome blocked_confirmed, but the plant is operating",REC-0193,con_db91d6c999,MA,Barnstable County,Cape Wind,wind,454,blocked_confirmed,court_ruling: Public Employees for Environmental Responsibility v. Hopper,uswtdb:MA:85c04f1e3a,Cape Cod Regional Transit Authority,,25001,operating,0.1,2010,part of the name and county and a different capacity,advanced_confirmed,https://energy.usgs.gov/uswtdb/,2010,"USWTDB v9.1 (2026-09-28): entry 85c04f1e3a 'Cape Cod Regional Transit Authority' (MA, Barnstable County, wind, 0.1 MW), operating, since 2010. Matched on part of the name and county and a different capacity. The inventory records the plant's status only; it says nothing about the opposition or its effect."
115,possible,"outcome blocked_confirmed, but the plant is operating",REC-0318,con_8067b81c27,NC,Rowan County,China Grove Solar Project,solar,65,blocked_confirmed,resolution: https://www.salisburypost.com/2019/10/08/400-acre-solar-farm-plans-withdrawn-in-western-rowan/,eia:60181:operating;uspvdb:401552,Grove Solar,Sol Systems,37049,operating,5,2019,part of the name and a different capacity,advanced_confirmed,https://www.eia.gov/electricity/data/eia860m/,2019-12,"EIA-860M August 2026: plant ID 60181 'Grove Solar' (NC, Craven County, entity Sol Systems, solar, 5 MW), operating, since 12/2019. Status (OP) Operating. USPVDB v4.0 (2026-04-14): entry 401552 'Grove Solar' (NC, Craven County, solar, 5 MW), operating, since 2019. Matched on part of the name and a different capacity. The inventory records the plant's status only; it says nothing about the opposition or its effect."
116,strong,,S26P-3900,con_e59748fa98,CA,Kern County,North Sky River Project,wind,162,advanced_unverified,outcome_label_only,eia:58154:operating;uswtdb:CA:58154,North Sky River Energy LLC,North Sky River Energy LLC,06029,operating,162,2012,name and county and capacity,advanced_confirmed,https://www.eia.gov/electricity/data/eia860m/,2012-12,"EIA-860M August 2026: plant ID 58154 'North Sky River Energy LLC' (CA, Kern County, entity North Sky River Energy LLC, wind, 162 MW), operating, since 12/2012. Status (OP) Operating. USWTDB v9.1 (2026-09-28): entry 58154 'North Sky River' (CA, Kern County, wind, 162 MW), operating, since 2012. Matched on name and county and capacity. The inventory records the plant's status only; it says nothing about the opposition or its effect."
117,strong,,S26P-3906,con_78e2b80627,CA,Santa Barbara County,Strauss Wind Energy Project,wind,,advanced_unverified,outcome_label_only,eia:62113:operating;uswtdb:CA:62113,Strauss Wind Farm,Strauss Wind LLC,06083,operating,95.3,2023,name and county,advanced_confirmed,https://www.eia.gov/electricity/data/eia860m/,2023-12,"EIA-860M August 2026: plant ID 62113 'Strauss Wind Farm' (CA, Santa Barbara County, entity Strauss Wind LLC, wind, 95.3 MW), operating, since 12/2023. Status (OP) Operating. USWTDB v9.1 (2026-09-28): entry 62113 'Strauss Wind' (CA, Santa Barbara County, wind, 95.2 MW), operating, since 2023. Matched on name and county. The inventory records the plant's status only; it says nothing about the opposition or its effect."
118,strong,,S26P-4377,con_be43533cdb,CT,Hartford County,Gravel Pit Solar Project,solar,150,advanced_unverified,outcome_label_only,eia:66268:operating;uspvdb:406824,"Gravel Pit Solar, LLC","Gravel Pit Solar, LLC",09110,operating,120,2025,name and county and capacity,advanced_confirmed,https://www.eia.gov/electricity/data/eia860m/,2025-02,"EIA-860M August 2026: plant ID 66268 'Gravel Pit Solar, LLC' (CT, Hartford County, entity Gravel Pit Solar, LLC, solar, 120 MW), operating, since 2/2025. Status (OP) Operating. USPVDB v4.0 (2026-04-14): entry 406824 'Gravel Pit Solar, LLC' (CT, Hartford County, solar, 120 MW), operating, since 2025. Matched on name and county and capacity. The inventory records the plant's status only; it says nothing about the opposition or its effect."
119,strong,,,con_f906e5d6eb,IA,Linn County,Coggon Solar,solar,,advanced_unverified,outcome_label_only,eia:68939:under_construction,Coggon Solar LLC,Clenera DevCo LLC,19113,under_construction,100,2027,name and county,advanced_confirmed,https://www.eia.gov/electricity/data/eia860m/,2027-12,"EIA-860M August 2026: plant ID 68939 'Coggon Solar LLC' (IA, Linn County, entity Clenera DevCo LLC, solar, 100 MW), under construction, expected 12/2027. Status (U) Under construction, less than or equal to 50 percent complete. Matched on name and county. The inventory records the plant's status only; it says nothing about the opposition or its effect."
120,strong,,S26P-3944,con_1f19bb7461,IA,Page County,Shenandoah Hills Wind Project,wind,200,advanced_unverified,outcome_label_only,eia:68872:operating;uswtdb:IA:68872,Shenandoah Hills Wind Farm,MidAmerican Energy Co,19145,operating,214.3,2025,name and county and capacity,advanced_confirmed,https://www.eia.gov/electricity/data/eia860m/,2025-12,"EIA-860M August 2026: plant ID 68872 'Shenandoah Hills Wind Farm' (IA, Page County, entity MidAmerican Energy Co, wind, 214.3 MW), operating, since 12/2025. Status (OP) Operating. USWTDB v9.1 (2026-09-28): entry 68872 'Shenandoah Hills Wind' (IA, Fremont County, wind, 214.8 MW), operating, since 2025. Matched on name and county and capacity. The inventory records the plant's status only; it says nothing about the opposition or its effect."
121,strong,,S26P-3960,con_17d7add686,IL,Douglas County,Harvest Ridge Wind Farm,wind,200,advanced_unverified,outcome_label_only,eia:61161:operating,Harvest Ridge Wind Farm,Harvest Ridge Wind Farm,17041,operating,202,2020,name and county and capacity,advanced_confirmed,https://www.eia.gov/electricity/data/eia860m/,2020-07,"EIA-860M August 2026: plant ID 61161 'Harvest Ridge Wind Farm' (IL, Douglas County, entity Harvest Ridge Wind Farm, wind, 202 MW), operating, since 7/2020. Status (OP) Operating. Matched on name and county and capacity. The inventory records the plant's status only; it says nothing about the opposition or its effect."
122,strong,,S26P-3961,con_b0dc065663,IL,Logan County,HillTopper Wind Farm,wind,200,advanced_unverified,outcome_label_only,eia:61735:operating;uswtdb:IL:61735,Hilltopper Wind Project,"Hilltopper Wind Project, LLC",17107,operating,185,2018,name and county and capacity,advanced_confirmed,https://www.eia.gov/electricity/data/eia860m/,2018-12,"EIA-860M August 2026: plant ID 61735 'Hilltopper Wind Project' (IL, Logan County, entity Hilltopper Wind Project, LLC, wind, 185 MW), operating, since 12/2018. Status (OP) Operating. USWTDB v9.1 (2026-09-28): entry 61735 'HillTopper' (IL, Logan County, wind, 185 MW), operating, since 2018. Matched on name and county and capacity. The inventory records the plant's status only; it says nothing about the opposition or its effect."
123,strong,,S26P-6293,con_cef4cac718,IL,Macon County,Radford’s Run Wind Farm,wind,305,advanced_unverified,outcome_label_only,eia:59061:operating;uswtdb:IL:59061,Radfords Run Wind Farm,RWE Clean Energy,17115,operating,278,2017,name and county and capacity,advanced_confirmed,https://www.eia.gov/electricity/data/eia860m/,2017-12,"EIA-860M August 2026: plant ID 59061 'Radfords Run Wind Farm' (IL, Dewitt County, entity RWE Clean Energy, wind, 278 MW), operating, since 12/2017. Status (OP) Operating. USWTDB v9.1 (2026-09-28): entry 59061 'Radford's Run' (IL, Macon County, wind, 305.8 MW), operating, since 2017. Matched on name and county and capacity. The inventory records the plant's status only; it says nothing about the opposition or its effect."
124,strong,,S26P-3982,con_51ff1adc85,IN,Benton County; Warren County,Jordan Creek Wind Energy Center,wind,400,advanced_unverified,outcome_label_only,eia:63389:operating;uswtdb:IN:63389,"Jordan Creek Wind Farm, LLC","Jordan Creek Wind Farm, LLC",18171,operating,398.6,2020,name and county and capacity,advanced_confirmed,https://www.eia.gov/electricity/data/eia860m/,2020-12,"EIA-860M August 2026: plant ID 63389 'Jordan Creek Wind Farm, LLC' (IN, Warren County, entity Jordan Creek Wind Farm, LLC, wind, 398.6 MW), operating, since 12/2020. Status (OP) Operating. USWTDB v9.1 (2026-09-28): entry 63389 'Jordan Creek' (IN, Warren County, wind, 401.9 MW), operating, since 2020. Matched on name and county and capacity. The inventory records the plant's status only; it says nothing about the opposition or its effect."
125,strong,,S26P-3992,con_a12a297c85,IN,Henry County; Fayette County; Rush County,West Fork Wind Energy Project,wind,,blocked_unverified,outcome_label_only,eia:61214:canceled_or_postponed,West Fork Wind,"West Fork Wind, LLC",18041,canceled_or_postponed,150,,name and county,blocked_confirmed,https://www.eia.gov/electricity/data/eia860m/,,"EIA-860M August 2026: plant ID 61214 'West Fork Wind' (IN, Fayette County, entity West Fork Wind, LLC, wind, 150 MW), cancelled or indefinitely postponed. Matched on name and county. The inventory records the plant's status only; it says nothing about the opposition or its effect."
126,strong,,S26P-4002,con_caf052ae6c,KS,Neosho County,Neosho Ridge Wind,wind,300,advanced_unverified,outcome_label_only,eia:62481:operating;uswtdb:KS:62481,Neosho Ridge Wind Energy Center,Empire District Electric Co,20133,operating,301,2021,name and county and capacity,advanced_confirmed,https://www.eia.gov/electricity/data/eia860m/,2021-05,"EIA-860M August 2026: plant ID 62481 'Neosho Ridge Wind Energy Center' (KS, Neosho County, entity Empire District Electric Co, wind, 301 MW), operating, since 5/2021. Status (OP) Operating. USWTDB v9.1 (2026-09-28): entry 62481 'Neosho Ridge' (KS, Neosho County, wind, 301 MW), operating, since 2021. Matched on name and county and capacity. The inventory records the plant's status only; it says nothing about the opposition or its effect."
127,strong,,S26P-4044,con_a482f89fc0,ME,Penobscot County,Bower’s Mountain Wind Farm,wind,48,blocked_unverified,outcome_label_only,eia:57088:canceled_or_postponed,Bowers Wind Project,"Evergreen Wind, LLC",23019,canceled_or_postponed,48,,part of the name and county and capacity,blocked_confirmed,https://www.eia.gov/electricity/data/eia860m/,,"EIA-860M August 2026: plant ID 57088 'Bowers Wind Project' (ME, Penobscot County, entity Evergreen Wind, LLC, wind, 48 MW), cancelled or indefinitely postponed. Matched on part of the name and county and capacity. The inventory records the plant's status only; it says nothing about the opposition or its effect."
128,strong,,S26P-4053,con_b25d14711e,ME,Aroostook County,Oakfield Wind,wind,150,advanced_unverified,outcome_label_only,eia:57002:operating;uswtdb:ME:57002,Oakfield Wind Project,Onward Energy,23003,operating,148,2015,name and county and capacity,advanced_confirmed,https://www.eia.gov/electricity/data/eia860m/,2015-10,"EIA-860M August 2026: plant ID 57002 'Oakfield Wind Project' (ME, Aroostook County, entity Onward Energy, wind, 148 MW), operating, since 10/2015. Status (OP) Operating. USWTDB v9.1 (2026-09-28): entry 57002 'Oakfield Wind' (ME, Aroostook County, wind, 147.6 MW), operating, since 2015. Matched on name and county and capacity. The inventory records the plant's status only; it says nothing about the opposition or its effect."
129,strong,,S26P-4061,con_967e24d307,MI,Hillsdale County,Crescent Wind Farm,wind,166,advanced_unverified,outcome_label_only,eia:63686:operating;uswtdb:MI:63686,Crescent Wind Park,Consumers Energy Co - (MI),26059,operating,150,2021,name and county and capacity,advanced_confirmed,https://www.eia.gov/electricity/data/eia860m/,2021-02,"EIA-860M August 2026: plant ID 63686 'Crescent Wind Park' (MI, Hillsdale County, entity Consumers Energy Co - (MI), wind, 150 MW), operating, since 2/2021. Status (OP) Operating. USWTDB v9.1 (2026-09-28): entry 63686 'Crescent Wind' (MI, Hillsdale County, wind, 166.1 MW), operating, since 2021. Matched on name and county and capacity. The inventory records the plant's status only; it says nothing about the opposition or its effect."
130,strong,,S26P-4065,con_470f600042,MI,Gratiot County,Heartland Wind,wind,201,advanced_unverified,outcome_label_only,eia:66192:operating;uswtdb:MI:66192,Heartland Farms,Consumers Energy Co - (MI),26057,operating,200,2024,name and county and capacity,advanced_confirmed,https://www.eia.gov/electricity/data/eia860m/,2024-04,"EIA-860M August 2026: plant ID 66192 'Heartland Farms' (MI, Gratiot County, entity Consumers Energy Co - (MI), wind, 200 MW), operating, since 4/2024. Status (OP) Operating. USWTDB v9.1 (2026-09-28): entry 66192 'Heartland Farms Wind' (MI, Gratiot County, wind, 200.4 MW), operating, since 2023. Matched on name and county and capacity. The inventory records the plant's status only; it says nothing about the opposition or its effect."
131,strong,,S26P-4066,con_ca5bc80060,MI,Delta County,Heritage Garden Wind Farm Phase I,wind,28,advanced_unverified,outcome_label_only,eia:58103:operating;uswtdb:MI:58103,Heritage Garden Wind Farm I LLC,DTE Sustainable Generation,26041,operating,28,2012,name and county and capacity,advanced_confirmed,https://www.eia.gov/electricity/data/eia860m/,2012-09,"EIA-860M August 2026: plant ID 58103 'Heritage Garden Wind Farm I LLC' (MI, Delta County, entity DTE Sustainable Generation, wind, 28 MW), operating, since 9/2012. Status (OP) Operating. USWTDB v9.1 (2026-09-28): entry 58103 'Heritage Garden' (MI, Delta County, wind, 28 MW), operating, since 2012. Matched on name and county and capacity. The inventory records the plant's status only; it says nothing about the opposition or its effect."
132,strong,,S26P-4070,con_ff460d299d,MI,Mason County,Lake Winds Energy Park,wind,100,advanced_unverified,outcome_label_only,eia:57984:operating;uswtdb:MI:57984,Lake Winds Energy Park,Consumers Energy Co - (MI),26105,operating,100.8,2012,name and county and capacity,advanced_confirmed,https://www.eia.gov/electricity/data/eia860m/,2012-11,"EIA-860M August 2026: plant ID 57984 'Lake Winds Energy Park' (MI, Mason County, entity Consumers Energy Co - (MI), wind, 100.8 MW), operating, since 11/2012. Status (OP) Operating. USWTDB v9.1 (2026-09-28): entry 57984 'Lake Winds' (MI, Mason County, wind, 100.8 MW), operating, since 2012. Matched on name and county and capacity. The inventory records the plant's status only; it says nothing about the opposition or its effect."
133,strong,,S26P-4080,con_f5579282d9,MI,Missaukee County,Stoney Corners Wind Farm,wind,60,advanced_unverified,outcome_label_only,eia:57131:operating;uswtdb:MI:57131;uswtdb:MI:57131;uswtdb:MI:57131;uswtdb:MI:57131,Stoney Corners Wind Farm,DTE Sustainable Generation,26113,operating,60,2009,name and county and capacity and a different capacity,advanced_confirmed,https://www.eia.gov/electricity/data/eia860m/,2009-12,"EIA-860M August 2026: plant ID 57131 'Stoney Corners Wind Farm' (MI, Missaukee County, entity DTE Sustainable Generation, wind, 60 MW), operating, since 12/2009. Status (OP) Operating. USWTDB v9.1 (2026-09-28): entry 57131 'Stoney Corners' (MI, Missaukee County, wind, 5 MW), operating, since 2008. USWTDB v9.1 (2026-09-28): entry 57131 'Stoney Corners - Repower' (MI, Missaukee County, wind, 14 MW), operating, since 2009. USWTDB v9.1 (2026-09-28): entry 57131 'Stoney Corners II' (MI, Missaukee County, wind, 20.8 MW), operating, since 2010. USWTDB v9.1 (2026-09-28): entry 57131 'Stoney Corners III' (MI, Osceola County, wind, 20.5 MW), operating, since 2011. Matched on name and county and capacity and a different capacity. The inventory records the plant's status only; it says nothing about the opposition or its effect."
134,strong,,S26P-4081,con_8d6adfd92c,MI,Baraga County,Summit Lake Wind Project,wind,,blocked_unverified,outcome_label_only,eia:61812:canceled_or_postponed,Summit Lake Wind Energy Project,"Summit Lake Wind, LLC",26013,canceled_or_postponed,0,,name and county,blocked_confirmed,https://www.eia.gov/electricity/data/eia860m/,,"EIA-860M August 2026: plant ID 61812 'Summit Lake Wind Energy Project' (MI, Baraga County, entity Summit Lake Wind, LLC, wind, 0 MW), cancelled or indefinitely postponed. Matched on name and county. The inventory records the plant's status only; it says nothing about the opposition or its effect."
135,strong,,S26P-4084,con_88ccd1f8f4,MI,Tuscola County,Tuscola Wind III Energy Center,wind,,advanced_unverified,outcome_label_only,eia:58587:operating;uswtdb:MI:58587,Tuscola Wind II LLC,Tuscola Wind II LLC,26157,operating,100.3,2013,name and county,advanced_confirmed,https://www.eia.gov/electricity/data/eia860m/,2013-11,"EIA-860M August 2026: plant ID 58587 'Tuscola Wind II LLC' (MI, Tuscola County, entity Tuscola Wind II LLC, wind, 100.3 MW), operating, since 11/2013. Status (OP) Operating. USWTDB v9.1 (2026-09-28): entry 58587 'Tuscola II' (MI, Tuscola County, wind, 100.3 MW), operating, since 2013. Matched on name and county. The inventory records the plant's status only; it says nothing about the opposition or its effect."
136,strong,,S26P-4152,con_bbd76e2b0f,NV,Nye County,Rough Hat Nye County Solar Project,solar,500,blocked_unverified,outcome_label_only,eia:63783:canceled_or_postponed,Rough Hat 2,"Candela Renewables, LLC",32023,canceled_or_postponed,400,,part of the name and county and capacity,blocked_confirmed,https://www.eia.gov/electricity/data/eia860m/,,"EIA-860M August 2026: plant ID 63783 'Rough Hat 2' (NV, Nye County, entity Candela Renewables, LLC, solar, 400 MW), cancelled or indefinitely postponed. Matched on part of the name and county and capacity. The inventory records the plant's status only; it says nothing about the opposition or its effect."
137,strong,,S26P-4154,con_2d35230faf,NV,Clark County,Searchlight Wind Project,wind,200,blocked_unverified,outcome_label_only,eia:58988:canceled_or_postponed,Searchlight Wind,Searchlight Wind Energy LLC,32003,canceled_or_postponed,200,,name and county and capacity,blocked_confirmed,https://www.eia.gov/electricity/data/eia860m/,,"EIA-860M August 2026: plant ID 58988 'Searchlight Wind' (NV, Clark County, entity Searchlight Wind Energy LLC, wind, 200 MW), cancelled or indefinitely postponed. Matched on name and county and capacity. The inventory records the plant's status only; it says nothing about the opposition or its effect."
138,strong,,S26P-4160,con_81b69c18cb,NY,Tompkins County,Black Oak Wind Farm,wind,16,blocked_unverified,outcome_label_only,eia:59813:canceled_or_postponed,Black Oak Wind Farm,Black Oak Wind Farm LLC,36109,canceled_or_postponed,16.1,,name and county and capacity,blocked_confirmed,https://www.eia.gov/electricity/data/eia860m/,,"EIA-860M August 2026: plant ID 59813 'Black Oak Wind Farm' (NY, Tompkins County, entity Black Oak Wind Farm LLC, wind, 16.1 MW), cancelled or indefinitely postponed. Matched on name and county and capacity. The inventory records the plant's status only; it says nothing about the opposition or its effect."
139,strong,,S26P-4177,con_2f72288132,NY,Herkimer County,Hardscrabble Wind Power LLC,wind,74,advanced_unverified,outcome_label_only,eia:57287:operating;uswtdb:NY:57287,Hardscrabble Wind Power LLC,Avangrid Power LLC,36043,operating,74,2011,name and county and capacity,advanced_confirmed,https://www.eia.gov/electricity/data/eia860m/,2011-01,"EIA-860M August 2026: plant ID 57287 'Hardscrabble Wind Power LLC' (NY, Herkimer County, entity Avangrid Power LLC, wind, 74 MW), operating, since 1/2011. Status (OP) Operating. USWTDB v9.1 (2026-09-28): entry 57287 'Hardscrabble' (NY, Herkimer County, wind, 74 MW), operating, since 2011. Matched on name and county and capacity. The inventory records the plant's status only; it says nothing about the opposition or its effect."
140,strong,,S26P-4202,con_2c16b74f26,OH,Allen County; Auglaize County,Birch Solar Project,solar,300,blocked_unverified,outcome_label_only,eia:66054:canceled_or_postponed,Birch Solar (OH),"Lightsource Renewable Energy Asset Management, LLC",39003,canceled_or_postponed,300,,name and county and capacity,blocked_confirmed,https://www.eia.gov/electricity/data/eia860m/,,"EIA-860M August 2026: plant ID 66054 'Birch Solar (OH)' (OH, Allen County, entity Lightsource Renewable Energy Asset Management, LLC, solar, 300 MW), cancelled or indefinitely postponed. Matched on name and county and capacity. The inventory records the plant's status only; it says nothing about the opposition or its effect."
141,strong,,S26P-4222,con_74592f9013,OH,Pickaway County,Scioto Farms Solar,solar,110,blocked_unverified,outcome_label_only,eia:66702:canceled_or_postponed,Scioto Farms Solar,"Scioto Farms Solar Project, LLC",39129,canceled_or_postponed,110,,name and county and capacity,blocked_confirmed,https://www.eia.gov/electricity/data/eia860m/,,"EIA-860M August 2026: plant ID 66702 'Scioto Farms Solar' (OH, Pickaway County, entity Scioto Farms Solar Project, LLC, solar, 110 MW), cancelled or indefinitely postponed. Matched on name and county and capacity. The inventory records the plant's status only; it says nothing about the opposition or its effect."
142,strong,,S26P-4261,con_f7fd9b6bfe,RI,Washington County,Block Island Wind Farm,wind,30,advanced_unverified,outcome_label_only,eia:58035:operating;uswtdb:RI:58035,Block Island Wind Farm,Deepwater Wind Block Island LLC,,operating,30,2016,name and county and capacity,advanced_confirmed,https://www.eia.gov/electricity/data/eia860m/,2016-12,"EIA-860M August 2026: plant ID 58035 'Block Island Wind Farm' (RI, Washington County, entity Deepwater Wind Block Island LLC, wind, 30 MW), operating, since 12/2016. Status (OP) Operating. USWTDB v9.1 (2026-09-28): entry 58035 'Block Island' (RI, Washington County, wind, 30 MW), operating, since 2016. Matched on name and county and capacity. The inventory records the plant's status only; it says nothing about the opposition or its effect."
143,strong,,S26P-4309,con_0ce698e51e,VA,Dinwiddie County,Lily Pond Solar,solar,80,blocked_unverified,outcome_label_only,eia:64134:canceled_or_postponed,"Lily Pond Solar, LLC","Lily Pond Solar, LLC",51053,canceled_or_postponed,80,,name and county and capacity,blocked_confirmed,https://www.eia.gov/electricity/data/eia860m/,,"EIA-860M August 2026: plant ID 64134 'Lily Pond Solar, LLC' (VA, Dinwiddie County, entity Lily Pond Solar, LLC, solar, 80 MW), cancelled or indefinitely postponed. Matched on name and county and capacity. The inventory records the plant's status only; it says nothing about the opposition or its effect."
144,strong,,S26P-4423,con_355707f0bc,CA,San Bernardino County,Sienna Solar and Storage,solar;battery_storage,525,pending,none,eia:64632:planned,Sienna Solar Farm,"99MT 8me, LLC",06071,planned,400,2028,name and county,,https://www.eia.gov/electricity/data/eia860m/,,"EIA-860M August 2026: plant ID 64632 'Sienna Solar Farm' (CA, San Bernardino County, entity 99MT 8me, LLC, battery_storage;solar, 400 MW), planned, not under construction, expected 12/2028. Status (P) Planned for installation, but regulatory approvals not initiated. Matched on name and county. The inventory records the plant's status only; it says nothing about the opposition or its effect."
145,strong,,S26P-3989,con_e49ec280b8,IN,DeKalb County,Sculpin Solar Project,solar,,blocked_unverified,outcome_label_only,eia:66238:planned,Sculpin Solar,RWE Clean Energy,18033,planned,180,2028,name and county,,https://www.eia.gov/electricity/data/eia860m/,,"EIA-860M August 2026: plant ID 66238 'Sculpin Solar' (IN, DeKalb County, entity RWE Clean Energy, solar, 180 MW), planned, not under construction, expected 12/2028. Status (P) Planned for installation, but regulatory approvals not initiated. Matched on name and county. The inventory records the plant's status only; it says nothing about the opposition or its effect."
146,strong,,S26P-4082,con_1abf6f2024,MI,Marquette County,Superior Solar Project,solar,150,pending,none,eia:69577:planned,"Superior Solar Project, LLC",Invenergy Services LLC,26103,planned,150,2028,name and county and capacity,,https://www.eia.gov/electricity/data/eia860m/,,"EIA-860M August 2026: plant ID 69577 'Superior Solar Project, LLC' (MI, Marquette County, entity Invenergy Services LLC, solar, 150 MW), planned, not under construction, expected 12/2028. Status (P) Planned for installation, but regulatory approvals not initiated. Matched on name and county and capacity. The inventory records the plant's status only; it says nothing about the opposition or its effect."
147,strong,,S26P-4114,con_e61ac5c13e,NE,Burt County,Burt County Wind Farm,wind,,needs_review,none,eia:61511:planned,Burt County Wind,RWE Clean Energy,31021,planned,75,2027,name and county,,https://www.eia.gov/electricity/data/eia860m/,,"EIA-860M August 2026: plant ID 61511 'Burt County Wind' (NE, Burt County, entity RWE Clean Energy, wind, 75 MW), planned, not under construction, expected 7/2027. Status (L) Regulatory approvals pending. Not under construction. Matched on name and county. The inventory records the plant's status only; it says nothing about the opposition or its effect."
148,strong,,S26P-4159,con_ea09f076c0,NY,Niagara County,Bear Ridge Solar Project,solar,88,pending,none,eia:67650:planned,Bear Ridge,Cypress Creek Renewables,36063,planned,93,2028,name and county and capacity,,https://www.eia.gov/electricity/data/eia860m/,,"EIA-860M August 2026: plant ID 67650 'Bear Ridge' (NY, Niagara County, entity Cypress Creek Renewables, solar, 93 MW), planned, not under construction, expected 5/2028. Status (L) Regulatory approvals pending. Not under construction. Matched on name and county and capacity. The inventory records the plant's status only; it says nothing about the opposition or its effect."
149,strong,,S26P-4170,con_18e661cd30,NY,Greene County,Flint Mine Solar,solar,100,pending,none,eia:67090:planned,Flint Mine Solar,"Flint Mine Solar, LLC",36039,planned,100,2028,name and county and capacity,,https://www.eia.gov/electricity/data/eia860m/,,"EIA-860M August 2026: plant ID 67090 'Flint Mine Solar' (NY, Greene County, entity Flint Mine Solar, LLC, solar, 100 MW), planned, not under construction, expected 3/2028. Status (T) Regulatory approvals received. Not under construction. Matched on name and county and capacity. The inventory records the plant's status only; it says nothing about the opposition or its effect."
150,strong,,S26P-4183,con_ee8e7fb71f,NY,Montgomery County,Mill Point Solar I,solar,250,pending,none,eia:64912:planned,Mill Point Solar,Repsol Renewables NA,36057,planned,250,2028,name and county and capacity,,https://www.eia.gov/electricity/data/eia860m/,,"EIA-860M August 2026: plant ID 64912 'Mill Point Solar' (NY, Montgomery County, entity Repsol Renewables NA, solar, 250 MW), planned, not under construction, expected 12/2028. Status (P) Planned for installation, but regulatory approvals not initiated. Matched on name and county and capacity. The inventory records the plant's status only; it says nothing about the opposition or its effect."
151,strong,,S26P-4192,con_7baa688164,NY,St. Lawrence County,Rich Road Solar Project,solar;battery_storage,260,pending,none,eia:68264:planned,Rich Road Solar Energy Center,Rich Road Solar Energy Center,36089,planned,240,2028,name and county and capacity,,https://www.eia.gov/electricity/data/eia860m/,,"EIA-860M August 2026: plant ID 68264 'Rich Road Solar Energy Center' (NY, St Lawrence County, entity Rich Road Solar Energy Center, solar, 240 MW), planned, not under construction, expected 5/2028. Status (L) Regulatory approvals pending. Not under construction. Matched on name and county and capacity. The inventory records the plant's status only; it says nothing about the opposition or its effect."
152,strong,,S26P-4370,con_f9b49fc1b9,NY,Jefferson County,Riverside Solar Project,solar,100,pending,none,eia:67325:planned,Riverside Solar LLC,AES Clean Energy,36045,planned,100,2029,name and county and capacity,,https://www.eia.gov/electricity/data/eia860m/,,"EIA-860M August 2026: plant ID 67325 'Riverside Solar LLC' (NY, St Lawrence County, entity AES Clean Energy, solar, 100 MW), planned, not under construction, expected 7/2029. Status (P) Planned for installation, but regulatory approvals not initiated. Matched on name and county and capacity. The inventory records the plant's status only; it says nothing about the opposition or its effect."
153,strong,,S26P-4194,con_e1b20dbaab,NY,Columbia County,Shepherd's Run Solar Project,solar,60,pending,none,eia:64188:planned,Shepherd's Run Solar,Shepherd's Run Solar,36021,planned,42,2027,name and county,,https://www.eia.gov/electricity/data/eia860m/,,"EIA-860M August 2026: plant ID 64188 'Shepherd's Run Solar' (NY, Columbia County, entity Shepherd's Run Solar, solar, 42 MW), planned, not under construction, expected 11/2027. Status (P) Planned for installation, but regulatory approvals not initiated. Matched on name and county. The inventory records the plant's status only; it says nothing about the opposition or its effect."
154,strong,,S26P-4209,con_666263be94,OH,Fairfield County,Eastern Cottontail Solar,solar,220,pending,none,eia:69108:planned,Eastern Cottontail Solar,"EDF Renewables Development, Inc.",39045,planned,220,2028,name and county and capacity,,https://www.eia.gov/electricity/data/eia860m/,,"EIA-860M August 2026: plant ID 69108 'Eastern Cottontail Solar' (OH, Fairfield County, entity EDF Renewables Development, Inc., solar, 220 MW), planned, not under construction, expected 12/2028. Status (L) Regulatory approvals pending. Not under construction. Matched on name and county and capacity. The inventory records the plant's status only; it says nothing about the opposition or its effect."
155,strong,,S26P-4218,con_f32b3fbff1,OH,Greene County,Kingwood Solar Project,solar,175,pending,none,eia:65425:planned,Kingwood Solar,Vesper Energy Development LLC,39057,planned,175,2027,name and county and capacity,,https://www.eia.gov/electricity/data/eia860m/,,"EIA-860M August 2026: plant ID 65425 'Kingwood Solar' (OH, Greene County, entity Vesper Energy Development LLC, solar, 175 MW), planned, not under construction, expected 12/2027. Status (P) Planned for installation, but regulatory approvals not initiated. Matched on name and county and capacity. The inventory records the plant's status only; it says nothing about the opposition or its effect."
156,strong,,S26P-4386,con_88d5b0c76d,OH,Union County,Richwood Solar,solar;battery_storage,300,blocked_unverified,outcome_label_only,eia:68019:canceled_or_postponed;eia:68019:planned,Richwood Solar and Storage,"Samsung C&T Renewables, LLC",39159,planned,50,2028,name and county and capacity and a different capacity,,https://www.eia.gov/electricity/data/eia860m/,,"EIA-860M August 2026: plant ID 68019 'Richwood Solar and Storage' (OH, Union County, entity Samsung C&T Renewables, LLC, solar, 250 MW), cancelled or indefinitely postponed. EIA-860M August 2026: plant ID 68019 'Richwood Solar and Storage' (OH, Union County, entity Samsung C&T Renewables, LLC, battery_storage, 50 MW), planned, not under construction, expected 12/2028. Status (P) Planned for installation, but regulatory approvals not initiated. Matched on name and county and capacity and a different capacity. The inventory records the plant's status only; it says nothing about the opposition or its effect."
157,strong,,S26P-4416,con_44e4ae29e6,OH,Fulton County,Ritter Station Solar,solar,199,pending,none,eia:68510:planned,Ritter Solar,Repsol Renewables NA,39051,planned,199,2027,name and county and capacity,,https://www.eia.gov/electricity/data/eia860m/,,"EIA-860M August 2026: plant ID 68510 'Ritter Solar' (OH, Fulton County, entity Repsol Renewables NA, solar, 199 MW), planned, not under construction, expected 12/2027. Status (P) Planned for installation, but regulatory approvals not initiated. Matched on name and county and capacity. The inventory records the plant's status only; it says nothing about the opposition or its effect."
158,strong,,S26P-4224,con_c4acc90425,OH,Hancock County,South Branch Solar Farm,solar,130,pending,none,eia:68086:planned,South Branch Solar,"Leeward Asset Management, LLC",39063,planned,115,2027,name and county and capacity,,https://www.eia.gov/electricity/data/eia860m/,,"EIA-860M August 2026: plant ID 68086 'South Branch Solar' (OH, Hancock County, entity Leeward Asset Management, LLC, solar, 115 MW), planned, not under construction, expected 6/2027. Status (L) Regulatory approvals pending. Not under construction. Matched on name and county and capacity. The inventory records the plant's status only; it says nothing about the opposition or its effect."
159,strong,,S26P-4225,con_bce225d473,OH,Stark County,Stark Solar Project,solar,150,blocked_unverified,outcome_label_only,eia:66672:planned,"Stark Solar, LLC","Samsung C&T Renewables, LLC",39151,planned,150,2027,name and county and capacity,,https://www.eia.gov/electricity/data/eia860m/,,"EIA-860M August 2026: plant ID 66672 'Stark Solar, LLC' (OH, Stark County, entity Samsung C&T Renewables, LLC, solar, 150 MW), planned, not under construction, expected 3/2027. Status (P) Planned for installation, but regulatory approvals not initiated. Matched on name and county and capacity. The inventory records the plant's status only; it says nothing about the opposition or its effect."
160,strong,,S26P-4429,con_298165e676,OR,Wasco County,Deschutes Solar and BESS Facility,solar;battery_storage,"5,000",pending,none,eia:68763:planned,Deschutes Solar and BESS,"DECH bn, LLC",41065,planned,2000,2029,name and county,,https://www.eia.gov/electricity/data/eia860m/,,"EIA-860M August 2026: plant ID 68763 'Deschutes Solar and BESS' (OR, Wasco County, entity DECH bn, LLC, battery_storage;solar, 2000 MW), planned, not under construction, expected 11/2029. Status (L) Regulatory approvals pending. Not under construction. Matched on name and county. The inventory records the plant's status only; it says nothing about the opposition or its effect."
161,strong,,S26P-4295,con_ec4c3d512b,VA,Henry County,Axton Solar Project,solar,,blocked_unverified,outcome_label_only,eia:65462:planned,Axton Solar,Vesper Energy Development LLC,51089,planned,201.1,2028,name and county,,https://www.eia.gov/electricity/data/eia860m/,,"EIA-860M August 2026: plant ID 65462 'Axton Solar' (VA, Henry County, entity Vesper Energy Development LLC, solar, 201.1 MW), planned, not under construction, expected 9/2028. Status (L) Regulatory approvals pending. Not under construction. Matched on name and county. The inventory records the plant's status only; it says nothing about the opposition or its effect."
162,strong,,S26P-4297,con_8b6e54c844,VA,Fauquier County,Bealeton Solar Farm,solar,,blocked_unverified,outcome_label_only,eia:70203:planned,Bealeton Solar,"TerraForm Power Operating, LLC",51061,planned,14.2,2027,name and county,,https://www.eia.gov/electricity/data/eia860m/,,"EIA-860M August 2026: plant ID 70203 'Bealeton Solar' (VA, Fauquier County, entity TerraForm Power Operating, LLC, solar, 14.2 MW), planned, not under construction, expected 3/2027. Status (L) Regulatory approvals pending. Not under construction. Matched on name and county. The inventory records the plant's status only; it says nothing about the opposition or its effect."
163,strong,,S26P-4319,con_3a306e5ee0,VA,Amherst County,Piney River Solar Project,solar,50,blocked_unverified,outcome_label_only,eia:65286:planned,Caden Energix Piney River LLC,Caden Energix Piney River LLC,51009,planned,50,2028,part of the name and county and capacity,,https://www.eia.gov/electricity/data/eia860m/,,"EIA-860M August 2026: plant ID 65286 'Caden Energix Piney River LLC' (VA, Amherst County, entity Caden Energix Piney River LLC, solar, 50 MW), planned, not under construction, expected 12/2028. Status (L) Regulatory approvals pending. Not under construction. Matched on part of the name and county and capacity. The inventory records the plant's status only; it says nothing about the opposition or its effect."
164,strong,,S26P-4409,con_6d6ae8b1d3,VA,Isle of Wight County; Surry County,Sycamore Cross Solar,solar,240,blocked_unverified,outcome_label_only,eia:68040:planned,Sycamore Cross Solar,AES Clean Energy,51093,planned,208.2,2029,name and county and capacity,,https://www.eia.gov/electricity/data/eia860m/,,"EIA-860M August 2026: plant ID 68040 'Sycamore Cross Solar' (VA, Isle of Wight County, entity AES Clean Energy, solar, 208.2 MW), planned, not under construction, expected 6/2029. Status (P) Planned for installation, but regulatory approvals not initiated. Matched on name and county and capacity. The inventory records the plant's status only; it says nothing about the opposition or its effect."
165,strong,,S26P-4336,con_49714713c8,VT,Bennington County,Shaftsbury Solar,solar,20,pending,none,eia:64064:planned,Shaftsbury Solar,Freepoint Commodities LLC,50003,planned,20,2028,name and county and capacity,,https://www.eia.gov/electricity/data/eia860m/,,"EIA-860M August 2026: plant ID 64064 'Shaftsbury Solar' (VT, Bennington County, entity Freepoint Commodities LLC, solar, 20 MW), planned, not under construction, expected 12/2028. Status (L) Regulatory approvals pending. Not under construction. Matched on name and county and capacity. The inventory records the plant's status only; it says nothing about the opposition or its effect."
166,strong,,REC-0467,con_b071c2c67c,WA,Klickitat County,Carriger Solar Project,solar,160,pending,none,eia:67653:planned,Carriger,Cypress Creek Renewables,53039,planned,160,2028,name and county and capacity,,https://www.eia.gov/electricity/data/eia860m/,,"EIA-860M August 2026: plant ID 67653 'Carriger' (WA, Klickitat County, entity Cypress Creek Renewables, solar, 160 MW), planned, not under construction, expected 11/2028. Status (L) Regulatory approvals pending. Not under construction. Matched on name and county and capacity. The inventory records the plant's status only; it says nothing about the opposition or its effect."
167,strong,,S26P-4357,con_2a93313d10,WI,Portage County,Vista Sands Solar,solar;battery_storage,1600,pending,none,eia:67551:planned,Vista Sands Solar,Vista Sands Solar LLC,55097,planned,1182,2028,name and county,,https://www.eia.gov/electricity/data/eia860m/,,"EIA-860M August 2026: plant ID 67551 'Vista Sands Solar' (WI, Portage County, entity Vista Sands Solar LLC, solar, 1182 MW), planned, not under construction, expected 12/2028. Status (L) Regulatory approvals pending. Not under construction. Matched on name and county. The inventory records the plant's status only; it says nothing about the opposition or its effect."
168,strong,,S26P-4358,con_0fb65e9a84,WI,Grant County,Whitetail Wind Farm,wind,,pending,none,eia:67379:planned,Whitetail Wind Farm,Invenergy Services LLC,55043,planned,67.2,2027,name and county,,https://www.eia.gov/electricity/data/eia860m/,,"EIA-860M August 2026: plant ID 67379 'Whitetail Wind Farm' (WI, Grant County, entity Invenergy Services LLC, wind, 67.2 MW), planned, not under construction, expected 12/2027. Status (T) Regulatory approvals received. Not under construction. Matched on name and county. The inventory records the plant's status only; it says nothing about the opposition or its effect."
169,strong,,REC-0015,con_21e7d9c759,AR,Carroll County,Nimbus Wind Farm,wind,180,advanced_confirmed,resolution: https://www.eia.gov/electricity/data/eia860m/,eia:68319:under_construction,Nimbus Wind Farm,Nimbus Wind Farm LLC,05015,under_construction,183,2026,name and county and capacity,,https://www.eia.gov/electricity/data/eia860m/,2026-10,"EIA-860M August 2026: plant ID 68319 'Nimbus Wind Farm' (AR, Carroll County, entity Nimbus Wind Farm LLC, wind, 183 MW), under construction, expected 10/2026. Status (TS) Construction complete, but not yet in commercial operation. Matched on name and county and capacity. The inventory records the plant's status only; it says nothing about the opposition or its effect."
170,strong,,REC-0024,con_27bceb8c04,CA,Alameda County,Aramis Solar Project,solar,,advanced_confirmed,resolution: https://www.eia.gov/electricity/data/eia860m/,eia:66678:under_construction,Aramis I Solar Project,"IP Aramis, LLC",06001,under_construction,200,2026,name and county,,https://www.eia.gov/electricity/data/eia860m/,2026-09,"EIA-860M August 2026: plant ID 66678 'Aramis I Solar Project' (CA, Alameda County, entity IP Aramis, LLC, battery_storage;solar, 200 MW), under construction, expected 9/2026. Status (U) Under construction, less than or equal to 50 percent complete. Matched on name and county. The inventory records the plant's status only; it says nothing about the opposition or its effect."
171,strong,,REC-0026,con_c66fdc886b,CA,Riverside County,Blythe Mesa Solar Power Project,solar,465,advanced_confirmed,resolution: https://www.govinfo.gov/content/pkg/FR-2014-08-11/pdf/2014-18973.pdf,eia:65053:operating;uspvdb:404775,Blythe Mesa Solar II,"Intersect USA, LLC",06065,operating,335.6,2022,name and county,,https://www.eia.gov/electricity/data/eia860m/,2022-12,"EIA-860M August 2026: plant ID 65053 'Blythe Mesa Solar II' (CA, Riverside County, entity Intersect USA, LLC, battery_storage;solar, 335.6 MW), operating, since 12/2022. Status (OP) Operating. USPVDB v4.0 (2026-04-14): entry 404775 'Blythe Mesa Solar II' (CA, Riverside County, battery_storage;solar, 223.6 MW), operating, since 2021. Matched on name and county. The inventory records the plant's status only; it says nothing about the opposition or its effect."
172,strong,,REC-0047,con_074d1ff07c,DE,Sussex County,University of Delaware Wind Turbine,wind,,advanced_confirmed,resolution: https://www.eia.gov/electricity/data/eia860m/,eia:57176:operating;uswtdb:DE:57176,University of Delaware Wind Turbine,First State Marine Wind,10005,operating,2,2010,name and county,,https://www.eia.gov/electricity/data/eia860m/,2010-07,"EIA-860M August 2026: plant ID 57176 'University of Delaware Wind Turbine' (DE, Sussex County, entity First State Marine Wind, wind, 2 MW), operating, since 7/2010. Status (OP) Operating. USWTDB v9.1 (2026-09-28): entry 57176 'University of Delaware' (DE, Sussex County, wind, 2 MW), operating, since 2010. Matched on name and county. The inventory records the plant's status only; it says nothing about the opposition or its effect."
173,strong,,REC-0065,con_8e748ebb88,GA,Houston County,SR Robins Solar Farm,solar,"4,700 acres",blocked_confirmed,resolution: https://www.eia.gov/electricity/data/eia860m/,eia:68111:canceled_or_postponed,SR Robins I,"SR Robins I, LLC",13153,canceled_or_postponed,250,,name and county,,https://www.eia.gov/electricity/data/eia860m/,,"EIA-860M August 2026: plant ID 68111 'SR Robins I' (GA, Houston County, entity SR Robins I, LLC, solar, 250 MW), cancelled or indefinitely postponed. Matched on name and county. The inventory records the plant's status only; it says nothing about the opposition or its effect."
174,strong,,REC-0068,con_3f3a4cc8ad,HI,Honolulu County,Kawailoa Wind Farm,wind,69,advanced_confirmed,resolution: https://www.eia.gov/electricity/data/eia860m/,eia:57529:operating;uswtdb:HI:57529,Kawailoa Wind,Kawailoa Wind LLC,15003,operating,69,2012,name and county and capacity,,https://www.eia.gov/electricity/data/eia860m/,2012-11,"EIA-860M August 2026: plant ID 57529 'Kawailoa Wind' (HI, Honolulu County, entity Kawailoa Wind LLC, wind, 69 MW), operating, since 11/2012. Status (OP) Operating. USWTDB v9.1 (2026-09-28): entry 57529 'Kawailoa Wind' (HI, Honolulu County, wind, 69 MW), operating, since 2012. Matched on name and county and capacity. The inventory records the plant's status only; it says nothing about the opposition or its effect."
175,strong,,REC-0069,con_6ceb6b0fd3,HI,Maui County,Paeahu Solar,solar,15,blocked_confirmed,resolution: https://www.eia.gov/electricity/data/eia860m/,eia:62534:canceled_or_postponed,Paeahu Solar Hybrid,Paeahu Solar LLC,15009,canceled_or_postponed,30,,name and county,,https://www.eia.gov/electricity/data/eia860m/,,"EIA-860M August 2026: plant ID 62534 'Paeahu Solar Hybrid' (HI, Maui County, entity Paeahu Solar LLC, battery_storage;solar, 30 MW), cancelled or indefinitely postponed. Matched on name and county. The inventory records the plant's status only; it says nothing about the opposition or its effect."
176,strong,,REC-0085,con_37179879f8,IL,De Witt County,Alta Wind Farm,wind,200,advanced_confirmed,court_ruling: Alta Farms Wind Project II v. DeWitt County,eia:64088:operating;uswtdb:IL:64088,"Alta Farms II Wind Project, LLC","Alta Farms II Wind Project, LLC",17039,operating,200.5,2023,name and county and capacity,,https://www.eia.gov/electricity/data/eia860m/,2023-05,"EIA-860M August 2026: plant ID 64088 'Alta Farms II Wind Project, LLC' (IL, DeWitt County, entity Alta Farms II Wind Project, LLC, wind, 200.5 MW), operating, since 5/2023. Status (OP) Operating. USWTDB v9.1 (2026-09-28): entry 64088 'Alta Farms II' (IL, De Witt County, wind, 200.5 MW), operating, since 2023. Matched on name and county and capacity. The inventory records the plant's status only; it says nothing about the opposition or its effect."
177,strong,,REC-0180,con_07787373eb,MD,Allegany County,Dan’s Mountain Wind Farm,wind,17 * 50 = 850,advanced_confirmed,resolution: https://www.eia.gov/electricity/data/eia860m/,eia:67962:operating;uswtdb:MD:67962,Dans Mountain,"Dans Mountain Wind Force, LLC",24001,operating,54.9,2025,name and county and capacity,,https://www.eia.gov/electricity/data/eia860m/,2025-05,"EIA-860M August 2026: plant ID 67962 'Dans Mountain' (MD, Allegany County, entity Dans Mountain Wind Force, LLC, wind, 54.9 MW), operating, since 5/2025. Status (OP) Operating. USWTDB v9.1 (2026-09-28): entry 67962 'Dan's Mountain Wind' (MD, Allegany County, wind, 54.9 MW), operating, since 2025. Matched on name and county and capacity. The inventory records the plant's status only; it says nothing about the opposition or its effect."
178,strong,,REC-0184,con_345f560f77,MD,Charles County,Ripley Road Solar Project,solar,27.5,advanced_confirmed,resolution: https://www.eia.gov/electricity/data/eia860m/,eia:66203:operating;uspvdb:404960,Ripley,MN8 Energy LLC,24017,operating,27.5,2023,part of the name and county and capacity,,https://www.eia.gov/electricity/data/eia860m/,2023-04,"EIA-860M August 2026: plant ID 66203 'Ripley' (MD, Charles County, entity MN8 Energy LLC, solar, 27.5 MW), operating, since 4/2023. Status (OP) Operating. USPVDB v4.0 (2026-04-14): entry 404960 'Ripley' (MD, Charles County, solar, 27.5 MW), operating, since 2023. Matched on part of the name and county and capacity. The inventory records the plant's status only; it says nothing about the opposition or its effect."
179,strong,,REC-0219,con_9c0f74e6de,MN,Faribault County,Big Blue Wind Farm,wind,36,advanced_confirmed,resolution: https://www.eia.gov/electricity/data/eia860m/,eia:57289:operating;uswtdb:MN:57289,Big Blue,Big Blue Wind Farm LLC (MN),27043,operating,36,2012,name and county and capacity,,https://www.eia.gov/electricity/data/eia860m/,2012-12,"EIA-860M August 2026: plant ID 57289 'Big Blue' (MN, Faribault County, entity Big Blue Wind Farm LLC (MN), wind, 36 MW), operating, since 12/2012. Status (OP) Operating. USWTDB v9.1 (2026-09-28): entry 57289 'Big Blue Wind Farm' (MN, Faribault County, wind, 36 MW), operating, since 2012. Matched on name and county and capacity. The inventory records the plant's status only; it says nothing about the opposition or its effect."
180,strong,,REC-0221,con_89a5b29fd0,MN,Lyon County,Marshall Solar Project,solar,62,advanced_confirmed,resolution: https://www.eia.gov/electricity/data/eia860m/,eia:59875:operating;uspvdb:401356,Marshall Solar Energy Project,Marshall Solar Energy Project,27083,operating,62.3,2017,name and county and capacity,,https://www.eia.gov/electricity/data/eia860m/,2017-01,"EIA-860M August 2026: plant ID 59875 'Marshall Solar Energy Project' (MN, Lyon County, entity Marshall Solar Energy Project, solar, 62.3 MW), operating, since 1/2017. Status (OP) Operating. USPVDB v4.0 (2026-04-14): entry 401356 'Marshall Solar Energy Project' (MN, Lyon County, solar, 62.3 MW), operating, since 2017. Matched on name and county and capacity. The inventory records the plant's status only; it says nothing about the opposition or its effect."
181,strong,,REC-0233,con_472ba8991c,MO,Clinton County; DeKalb County,Osborn Wind Project,wind,200,advanced_confirmed,resolution: https://www.eia.gov/electricity/data/eia860m/,eia:60672:operating;uswtdb:MO:5b791fa4a6;uswtdb:MO:60672,Osborn Wind Energy,Osborn Wind Energy LLC,29063,operating,200.9,2016,name and county and capacity,,https://www.eia.gov/electricity/data/eia860m/,2016-12,"EIA-860M August 2026: plant ID 60672 'Osborn Wind Energy' (MO, DeKalb County, entity Osborn Wind Energy LLC, wind, 200.9 MW), operating, since 12/2016. Status (OP) Operating. USWTDB v9.1 (2026-09-28): entry 5b791fa4a6 'Osborn' (MO, DeKalb County, wind, 200.9 MW), operating, since 2016. USWTDB v9.1 (2026-09-28): entry 60672 'Osborn' (MO, DeKalb County, wind, 200.9 MW), operating, since 2016. Matched on name and county and capacity. The inventory records the plant's status only; it says nothing about the opposition or its effect."
182,strong,,REC-0236,con_ec5c4996a1,MT,Sweet Grass County,Crazy Mountain Wind Project,wind,22 turbines,blocked_confirmed,resolution: https://www.eia.gov/electricity/data/eia860m/,eia:61859:canceled_or_postponed,Crazy Mountain Wind LLC,Pattern Operators LP,30097,canceled_or_postponed,80,,name and county,,https://www.eia.gov/electricity/data/eia860m/,,"EIA-860M August 2026: plant ID 61859 'Crazy Mountain Wind LLC' (MT, Sweet Grass County, entity Pattern Operators LP, wind, 80 MW), cancelled or indefinitely postponed. Matched on name and county. The inventory records the plant's status only; it says nothing about the opposition or its effect."
183,strong,,REC-0329,con_06a622dac1,ND,Stark County,Brady Wind Farm,wind,150,advanced_confirmed,resolution: https://www.eia.gov/electricity/data/eia860m/xls/august_generator2026.xlsx,eia:60355:operating;uswtdb:ND:60355,Brady Wind Energy Center,"Brady Wind, LLC",38089,operating,150,2016,name and county and capacity,,https://www.eia.gov/electricity/data/eia860m/,2016-11,"EIA-860M August 2026: plant ID 60355 'Brady Wind Energy Center' (ND, Stark County, entity Brady Wind, LLC, wind, 150 MW), operating, since 11/2016. Status (OP) Operating. USWTDB v9.1 (2026-09-28): entry 60355 'Brady Wind I' (ND, Stark County, wind, 149.7 MW), operating, since 2016. Matched on name and county and capacity. The inventory records the plant's status only; it says nothing about the opposition or its effect."
184,strong,,REC-0330,con_df1c48a5f9,ND,Burke County,Burke County Wind,wind,200,advanced_confirmed,resolution: https://dailyenergyinsider.com/news/25892-north-dakota-psc-grants-approval-for-northern-divide-wind-project/,eia:61100:operating,"Burke Wind, LLC",Burke Wind LLC,38013,operating,199.4,2020,part of the name and county and capacity,,https://www.eia.gov/electricity/data/eia860m/,2020-12,"EIA-860M August 2026: plant ID 61100 'Burke Wind, LLC' (ND, Burke County, entity Burke Wind LLC, wind, 199.4 MW), operating, since 12/2020. Status (OP) Operating. Matched on part of the name and county and capacity. The inventory records the plant's status only; it says nothing about the opposition or its effect."
185,strong,,REC-0334,con_e5e9792f4b,ND,McLean County,Discovery Wind Farm,wind,,blocked_confirmed,resolution: https://www.eia.gov/electricity/data/eia860m/,eia:65944:canceled_or_postponed,"Discovery Wind, LLC","Discovery Wind, LLC",38055,canceled_or_postponed,400,,name and county,,https://www.eia.gov/electricity/data/eia860m/,,"EIA-860M August 2026: plant ID 65944 'Discovery Wind, LLC' (ND, McLean County, entity Discovery Wind, LLC, wind, 400 MW), cancelled or indefinitely postponed. Matched on name and county. The inventory records the plant's status only; it says nothing about the opposition or its effect."
186,strong,,REC-0335,con_0f6655ef17,ND,Mercer County,Garrison Butte Wind Farm,wind,152,blocked_confirmed,resolution: https://www.inforum.com/business/a-ban-on-wind-farms-this-north-dakota-county-did-it,eia:60066:canceled_or_postponed,"Garrison Butte Wind, LLC","NextEra Energy Garrison Butte Wind, LLC",38057,canceled_or_postponed,150,,name and county and capacity,,https://www.eia.gov/electricity/data/eia860m/,,"EIA-860M August 2026: plant ID 60066 'Garrison Butte Wind, LLC' (ND, Mercer County, entity NextEra Energy Garrison Butte Wind, LLC, wind, 150 MW), cancelled or indefinitely postponed. Matched on name and county and capacity. The inventory records the plant's status only; it says nothing about the opposition or its effect."
187,strong,,REC-0268,con_e9675e5fe6,NH,Hillsborough County,Antrim Wind Project,wind,29,advanced_confirmed,court_ruling: In re Allen (Antrim Wind Energy),eia:59953:operating;uswtdb:NH:59953,Antrim Wind,Antrim Wind Energy LLC,33011,operating,28.8,2019,name and county and capacity,,https://www.eia.gov/electricity/data/eia860m/,2019-12,"EIA-860M August 2026: plant ID 59953 'Antrim Wind' (NH, Hillsborough County, entity Antrim Wind Energy LLC, wind, 28.8 MW), operating, since 12/2019. Status (OP) Operating. USWTDB v9.1 (2026-09-28): entry 59953 'Antrim' (NH, Hillsborough County, wind, 28.8 MW), operating, since 2019. Matched on name and county and capacity. The inventory records the plant's status only; it says nothing about the opposition or its effect."
188,strong,,REC-0270,con_81e9f94eb3,NH,Coos County,Granite Reliable Wind Farm,wind,99,advanced_confirmed,resolution: https://www.eia.gov/electricity/data/eia860m/,eia:58004:operating;uswtdb:NH:58004,Granite Reliable Power,NexteraEnergy,33007,operating,99,2012,name and county and capacity,,https://www.eia.gov/electricity/data/eia860m/,2012-02,"EIA-860M August 2026: plant ID 58004 'Granite Reliable Power' (NH, Coos County, entity NexteraEnergy, wind, 99 MW), operating, since 2/2012. Status (OP) Operating. USWTDB v9.1 (2026-09-28): entry 58004 'Granite Reliable Power' (NH, Coos County, wind, 99 MW), operating, since 2012. Matched on name and county and capacity. The inventory records the plant's status only; it says nothing about the opposition or its effect."
189,strong,,REC-0363,con_f358e3a4c1,OK,Osage County,Osage Wind,wind,84,advanced_confirmed,resolution: https://www.eia.gov/electricity/data/eia860m/,eia:58683:operating;uswtdb:OK:58683,"Osage Wind, LLC","Enel Green Power NA, Inc.",40113,operating,150.4,2015,name and county,,https://www.eia.gov/electricity/data/eia860m/,2015-06,"EIA-860M August 2026: plant ID 58683 'Osage Wind, LLC' (OK, Osage County, entity Enel Green Power NA, Inc., wind, 150.4 MW), operating, since 6/2015. Status (OP) Operating. USWTDB v9.1 (2026-09-28): entry 58683 'Osage Wind' (OK, Osage County, wind, 150.4 MW), operating, since 2015. Matched on name and county. The inventory records the plant's status only; it says nothing about the opposition or its effect."
190,strong,,REC-0364,con_cc2b298081,OK,Garfield County,Skeleton Creek Solar Project,solar;battery_storage,,advanced_confirmed,resolution: https://www.eia.gov/electricity/data/eia860m/,eia:62494:operating,Skeleton Creek Energy Center Hybrid,Skeleton Creek Energy Center,40047,operating,752,2020,name and county,,https://www.eia.gov/electricity/data/eia860m/,2020-12,"EIA-860M August 2026: plant ID 62494 'Skeleton Creek Energy Center Hybrid' (OK, Garfield County, entity Skeleton Creek Energy Center, battery_storage;solar;wind, 752 MW), operating, since 12/2020. Status (OP) Operating. Matched on name and county. The inventory records the plant's status only; it says nothing about the opposition or its effect."
191,strong,,REC-0372,con_68581d6deb,OR,Umatilla County,Nolin Hills Energy Project,solar;wind;battery_storage;transmission,650,advanced_confirmed,resolution: https://www.oregon.gov/energy/facilities/pages/nhw.aspx,eia:60070:planned,Nolin Hills,"Nolin Hills Wind, LLC",41059,planned,600,2027,name and county and capacity,,https://www.eia.gov/electricity/data/eia860m/,,"EIA-860M August 2026: plant ID 60070 'Nolin Hills' (OR, Umatilla County, entity Nolin Hills Wind, LLC, solar;wind, 600 MW), planned, not under construction, expected 12/2027. Status (P) Planned for installation, but regulatory approvals not initiated. Matched on name and county and capacity. The inventory records the plant's status only; it says nothing about the opposition or its effect."
192,strong,,REC-0373,con_068d7bcf0d,OR,Lake County,Obsidian Solar Center,solar,400,advanced_confirmed,resolution: https://www.oregon.gov/energy/facilities/Pages/OSC.aspx,eia:63488:planned,Obsidian Solar Center,Obsidian Solar Center LLC,41037,planned,400,2028,name and county and capacity,,https://www.eia.gov/electricity/data/eia860m/,,"EIA-860M August 2026: plant ID 63488 'Obsidian Solar Center' (OR, Lake County, entity Obsidian Solar Center LLC, solar, 400 MW), planned, not under construction, expected 12/2028. Status (L) Regulatory approvals pending. Not under construction. Matched on name and county and capacity. The inventory records the plant's status only; it says nothing about the opposition or its effect."
193,strong,,REC-0385,con_f1643b94f4,PA,York County,Dover Solar I Project,solar,,advanced_confirmed,resolution: https://www.ydr.com/story/news/2022/06/15/dover-solar-farm-approved-in-25-minutes/65361179007/,eia:68995:planned,Dover Solar (PA),"Dover Solar, LLC (PA)",42133,planned,75,2027,name and county,,https://www.eia.gov/electricity/data/eia860m/,,"EIA-860M August 2026: plant ID 68995 'Dover Solar (PA)' (PA, York County, entity Dover Solar, LLC (PA), solar, 75 MW), planned, not under construction, expected 11/2027. Status (T) Regulatory approvals received. Not under construction. Matched on name and county. The inventory records the plant's status only; it says nothing about the opposition or its effect."
194,strong,,REC-0403,con_af3c599053,SD,Clark County,Crocker Wind Farm,wind,400,advanced_confirmed,resolution: https://www.eia.gov/electricity/data/eia860m/,eia:60505:operating;uswtdb:SD:60505,Crocker Wind Farm,Geronimo Power,46025,operating,200,2019,name and county,,https://www.eia.gov/electricity/data/eia860m/,2019-11,"EIA-860M August 2026: plant ID 60505 'Crocker Wind Farm' (SD, Clark County, entity Geronimo Power, wind, 200 MW), operating, since 11/2019. Status (OP) Operating. USWTDB v9.1 (2026-09-28): entry 60505 'Crocker' (SD, Clark County, wind, 209.4 MW), operating, since 2019. Matched on name and county. The inventory records the plant's status only; it says nothing about the opposition or its effect."
195,strong,,REC-0417,con_37479ca0c8,TN,Shelby County,Graceland Solar Project,solar,150,advanced_confirmed,resolution: https://www.eia.gov/electricity/data/eia860m/,eia:66687:operating,"Graceland Solar, LLC",RWE Clean Energy,47157,operating,150,2026,name and county and capacity,,https://www.eia.gov/electricity/data/eia860m/,2026-05,"EIA-860M August 2026: plant ID 66687 'Graceland Solar, LLC' (TN, Shelby County, entity RWE Clean Energy, solar, 150 MW), operating, since 5/2026. Status (OP) Operating. Matched on name and county and capacity. The inventory records the plant's status only; it says nothing about the opposition or its effect."
196,strong,,REC-0433,con_0b72ea9a87,TX,Clay County,Bluegrove Wind Project,wind,100,blocked_confirmed,resolution: https://www.eia.gov/electricity/data/eia860m/,eia:61400:canceled_or_postponed,Bluegrove Wind,"Bluegrove Wind, LLC",48077,canceled_or_postponed,100,,name and county and capacity,,https://www.eia.gov/electricity/data/eia860m/,,"EIA-860M August 2026: plant ID 61400 'Bluegrove Wind' (TX, Clay County, entity Bluegrove Wind, LLC, wind, 100 MW), cancelled or indefinitely postponed. Matched on name and county and capacity. The inventory records the plant's status only; it says nothing about the opposition or its effect."
197,strong,,REC-0434,con_67691d38f1,TX,Clay County,Byers Wind Project,wind,200,blocked_confirmed,resolution: https://www.eia.gov/electricity/data/eia860m/,eia:61401:canceled_or_postponed,Byers Wind,"Byers Wind, LLC",48077,canceled_or_postponed,200,,name and county and capacity,,https://www.eia.gov/electricity/data/eia860m/,,"EIA-860M August 2026: plant ID 61401 'Byers Wind' (TX, Clay County, entity Byers Wind, LLC, wind, 200 MW), cancelled or indefinitely postponed. Matched on name and county and capacity. The inventory records the plant's status only; it says nothing about the opposition or its effect."
198,strong,,REC-0435,con_036f2cee6b,TX,Nolan County; Taylor County,Horse Hollow Wind Energy Center,wind,735.5,advanced_confirmed,"court_ruling: Rankin v. FPL Energy, LLC",eia:56291:operating;uswtdb:TX:56291;uswtdb:TX:56291;uswtdb:TX:56291;uswtdb:TX:56291,Horse Hollow Wind Energy Center,FPL Energy Horse Hollow LLC,48441,operating,735.5,2005,name and part of the name and county and capacity and a different capacity,,https://www.eia.gov/electricity/data/eia860m/,2005-12,"EIA-860M August 2026: plant ID 56291 'Horse Hollow Wind Energy Center' (TX, Taylor County, entity FPL Energy Horse Hollow LLC, wind, 735.5 MW), operating, since 12/2005. Status (OP) Operating. USWTDB v9.1 (2026-09-28): entry 56291 'Horse Hollow Expansion' (TX, Taylor County, wind, 210 MW), operating, since 2017. USWTDB v9.1 (2026-09-28): entry 56291 'Horse Hollow II' (TX, Nolan County, wind, 299 MW), operating, since 2017. USWTDB v9.1 (2026-09-28): entry 56291 'Horse Hollow III' (TX, Nolan County, wind, 223.5 MW), operating, since 2017. USWTDB v9.1 (2026-09-28): entry 56291 'Horse Hollow Wind Energy Center' (TX, Taylor County, wind, 210 MW), operating, since 2017. Matched on name and part of the name and county and capacity and a different capacity. The inventory records the plant's status only; it says nothing about the opposition or its effect."
199,strong,,REC-0445,con_cdd04634b3,VT,Orleans County,Kingdom Community Wind Project,wind,21 turbines,advanced_confirmed,resolution: https://www.eia.gov/electricity/data/eia860m/,eia:57979:operating;uswtdb:VT:57979,Kingdom Community Wind,Green Mountain Power Corp,50019,operating,65,2012,name and county,,https://www.eia.gov/electricity/data/eia860m/,2012-11,"EIA-860M August 2026: plant ID 57979 'Kingdom Community Wind' (VT, Orleans County, entity Green Mountain Power Corp, wind, 65 MW), operating, since 11/2012. Status (OP) Operating. USWTDB v9.1 (2026-09-28): entry 57979 'Kingdom Community Wind' (VT, Orleans County, wind, 63 MW), operating, since 2012. Matched on name and county. The inventory records the plant's status only; it says nothing about the opposition or its effect."
200,strong,,REC-0474,con_8b154997f9,WV,Grant County,Mount Storm Wind Project,wind,264,advanced_confirmed,resolution: https://www.eia.gov/electricity/data/eia860m/,eia:56495:operating;uswtdb:WV:56495;uswtdb:WV:56495,NedPower Mount Storm,Clearway Energy Operating LLC,54023,operating,264,2008,part of the name and county and capacity,,https://www.eia.gov/electricity/data/eia860m/,2008-03,"EIA-860M August 2026: plant ID 56495 'NedPower Mount Storm' (WV, Grant County, entity Clearway Energy Operating LLC, wind, 264 MW), operating, since 3/2008. Status (OP) Operating. USWTDB v9.1 (2026-09-28): entry 56495 'NedPower Mount Storm, Phase I' (WV, Grant County, wind, 164 MW), operating, since 2008. USWTDB v9.1 (2026-09-28): entry 56495 'NedPower Mount Storm, Phase II' (WV, Grant County, wind, 100 MW), operating, since 2008. Matched on part of the name and county and capacity. The inventory records the plant's status only; it says nothing about the opposition or its effect."
201,strong,,REC-0493,con_16950d2943,WY,Converse County,Pioneer Wind Parks I and II,wind,66 turbines,advanced_confirmed,resolution: https://www.eia.gov/electricity/data/eia860m/,eia:60259:operating;uswtdb:WY:60259,"Pioneer Wind Park, LLC",AES Distributed Energy,56009,operating,80,2016,name and county,,https://www.eia.gov/electricity/data/eia860m/,2016-10,"EIA-860M August 2026: plant ID 60259 'Pioneer Wind Park, LLC' (WY, Converse County, entity AES Distributed Energy, wind, 80 MW), operating, since 10/2016. Status (OP) Operating. USWTDB v9.1 (2026-09-28): entry 60259 'Pioneer Wind Park' (WY, Converse County, wind, 80 MW), operating, since 2016. Matched on name and county. The inventory records the plant's status only; it says nothing about the opposition or its effect."
202,strong,,REC-0494,con_2f8a3e5ff8,WY,Albany County,Rail Tie Wind Project,wind,504,advanced_confirmed,resolution: https://www.federalregister.gov/documents/2022/07/19/2022-15374/rail-tie-wind-project-record-of-decision,eia:64847:planned,Rail Tie Wind,Repsol Renewables NA,56001,planned,504,2029,name and county and capacity,,https://www.eia.gov/electricity/data/eia860m/,,"EIA-860M August 2026: plant ID 64847 'Rail Tie Wind' (WY, Albany County, entity Repsol Renewables NA, wind, 504 MW), planned, not under construction, expected 6/2029. Status (L) Regulatory approvals pending. Not under construction. Matched on name and county and capacity. The inventory records the plant's status only; it says nothing about the opposition or its effect."
203,possible,,S26P-3885,con_99f95a0203,CA,San Bernardino County,Calico Solar Project,solar,663.5,blocked_unverified,outcome_label_only,eia:57416:canceled_or_postponed,K Road Calico Solar,"K Road Calico Solar, LLC",06071,canceled_or_postponed,0,,part of the name and county and a different capacity,blocked_confirmed,https://www.eia.gov/electricity/data/eia860m/,,"EIA-860M August 2026: plant ID 57416 'K Road Calico Solar' (CA, SAN BERNARDINO County, entity K Road Calico Solar, LLC, solar, 0 MW), cancelled or indefinitely postponed. Matched on part of the name and county and a different capacity. The inventory records the plant's status only; it says nothing about the opposition or its effect."
204,possible,,S26P-3900,con_e59748fa98,CA,Kern County,North Sky River Project,wind,162,advanced_unverified,outcome_label_only,eia:50536:operating;eia:50536:retired;uswtdb:CA:50536,Sky River Wind Energy Center,Sky River Wind LLC,06029,operating,60.2,2021,part of the name and county,advanced_confirmed,https://www.eia.gov/electricity/data/eia860m/,2021-09,"EIA-860M August 2026: plant ID 50536 'Sky River Wind Energy Center' (CA, Kern County, entity Sky River Wind LLC, wind, 60.2 MW), operating, since 9/2021. Status (OP) Operating. EIA-860M August 2026: plant ID 50536 'Sky River Wind Energy Center' (CA, Kern County, entity Sky River Wind LLC, wind, 76.9 MW), retired, since 12/2020. USWTDB v9.1 (2026-09-28): entry 50536 'Sky River Repower' (CA, Kern County, wind, 63.3 MW), operating, since 2021. Matched on part of the name and county. The inventory records the plant's status only; it says nothing about the opposition or its effect."
205,possible,,S26P-3900,con_e59748fa98,CA,Kern County,North Sky River Project,wind,162,advanced_unverified,outcome_label_only,uswtdb:CA:72b41c8ad2,Sky River,,06029,operating,0.2,1991,part of the name and county and a different capacity,advanced_confirmed,https://energy.usgs.gov/uswtdb/,1991,"USWTDB v9.1 (2026-09-28): entry 72b41c8ad2 'Sky River' (CA, Kern County, wind, 0.2 MW), operating, since 1991. Matched on part of the name and county and a different capacity. The inventory records the plant's status only; it says nothing about the opposition or its effect."
206,possible,,S26P-3980,con_0703fdd11f,IN,Miami County,Harvest Wind Project,wind,600,blocked_unverified,outcome_label_only,eia:61823:canceled_or_postponed,Harvest Wind Energy Project,"Harvest Wind Energy, LLC",18017,canceled_or_postponed,0,,name and a different capacity,blocked_confirmed,https://www.eia.gov/electricity/data/eia860m/,,"EIA-860M August 2026: plant ID 61823 'Harvest Wind Energy Project' (IN, Cass County, entity Harvest Wind Energy, LLC, wind, 0 MW), cancelled or indefinitely postponed. Matched on name and a different capacity. The inventory records the plant's status only; it says nothing about the opposition or its effect."
207,possible,,S26P-4084,con_88ccd1f8f4,MI,Tuscola County,Tuscola Wind III Energy Center,wind,,advanced_unverified,outcome_label_only,eia:58351:operating;uswtdb:MI:58351,Tuscola Bay Wind,Tuscola Bay Wind LLC,26157,operating,120,2012,part of the name and county,advanced_confirmed,https://www.eia.gov/electricity/data/eia860m/,2012-12,"EIA-860M August 2026: plant ID 58351 'Tuscola Bay Wind' (MI, Tuscola County, entity Tuscola Bay Wind LLC, wind, 120 MW), operating, since 12/2012. Status (OP) Operating. USWTDB v9.1 (2026-09-28): entry 58351 'Tuscola Bay Wind' (MI, Tuscola County, wind, 120 MW), operating, since 2012. Matched on part of the name and county. The inventory records the plant's status only; it says nothing about the opposition or its effect."
208,possible,,S26P-4084,con_88ccd1f8f4,MI,Tuscola County,Tuscola Wind III Energy Center,wind,,advanced_unverified,outcome_label_only,uswtdb:MI:76092914ba,unknown Tuscola County,,26157,operating,,2020,part of the name and county,advanced_confirmed,https://energy.usgs.gov/uswtdb/,2020,"USWTDB v9.1 (2026-09-28): entry 76092914ba 'unknown Tuscola County' (MI, Tuscola County, wind), operating, since 2020. Matched on part of the name and county. The inventory records the plant's status only; it says nothing about the opposition or its effect."
209,possible,,S26P-4195,con_2df51f90da,NY,Suffolk County,South Fork Wind Project,wind,132,advanced_unverified,outcome_label_only,eia:65561:operating,South Fork Wind,Orsted Wind Power North America LLC,,operating,130,2024,name and capacity,advanced_confirmed,https://www.eia.gov/electricity/data/eia860m/,2024-07,"EIA-860M August 2026: plant ID 65561 'South Fork Wind' (NY, Suffolk County, entity Orsted Wind Power North America LLC, wind, 130 MW), operating, since 7/2024. Status (OP) Operating. Matched on name and capacity. The inventory records the plant's status only; it says nothing about the opposition or its effect."
210,possible,,S26P-4389,con_5d1114d5c5,NY,Richmond County,Swiftsure Battery Energy Storage Project,battery_storage,650,blocked_unverified,outcome_label_only,eia:64235:canceled_or_postponed,Swiftsure,Hecate Grid Swiftsure LLC,36085,canceled_or_postponed,121,,name and county and a different capacity,blocked_confirmed,https://www.eia.gov/electricity/data/eia860m/,,"EIA-860M August 2026: plant ID 64235 'Swiftsure' (NY, Richmond County, entity Hecate Grid Swiftsure LLC, battery_storage, 121 MW), cancelled or indefinitely postponed. Matched on name and county and a different capacity. The inventory records the plant's status only; it says nothing about the opposition or its effect."
211,possible,,S26P-3893,con_e459da085b,CA,Los Angeles County,Humidor Battery Energy Storage Project,battery_storage,400,pending,none,eia:65703:planned,Humidor Storage I,Hecate Grid Humidor Storage 1 LLC,06111,planned,300,2029,name,,https://www.eia.gov/electricity/data/eia860m/,,"EIA-860M August 2026: plant ID 65703 'Humidor Storage I' (CA, Los Angeles County, entity Hecate Grid Humidor Storage 1 LLC, battery_storage, 300 MW), planned, not under construction, expected 9/2029. Status (P) Planned for installation, but regulatory approvals not initiated. Matched on name. The inventory records the plant's status only; it says nothing about the opposition or its effect."
212,possible,,S26P-4423,con_355707f0bc,CA,San Bernardino County,Sienna Solar and Storage,solar;battery_storage,525,pending,none,eia:68486:planned,Sienna 2 Solar and Storage Project,44ST 8ME LLC,06071,planned,110,2029,name and county and a different capacity,,https://www.eia.gov/electricity/data/eia860m/,,"EIA-860M August 2026: plant ID 68486 'Sienna 2 Solar and Storage Project' (CA, San Bernardino County, entity 44ST 8ME LLC, battery_storage;solar, 110 MW), planned, not under construction, expected 3/2029. Status (P) Planned for installation, but regulatory approvals not initiated. Matched on name and county and a different capacity. The inventory records the plant's status only; it says nothing about the opposition or its effect."
213,possible,,S26P-4019,con_5cff270095,MA,Barnstable County,Falmouth Wind,wind,,blocked_unverified,outcome_label_only,eia:57654:retired,Town of Falmouth WWTP,Town of Falmouth,25001,retired,3.4,2017,part of the name and county,,https://www.eia.gov/electricity/data/eia860m/,,"EIA-860M August 2026: plant ID 57654 'Town of Falmouth WWTP' (MA, Barnstable County, entity Town of Falmouth, wind, 3.4 MW), retired, since 6/2017. Matched on part of the name and county. The inventory records the plant's status only; it says nothing about the opposition or its effect."
214,possible,,S26P-4151,con_36206c20c8,NV,Clark County,Rough Hat Clark Solar Project,solar,,pending,none,eia:63782:planned,Rough Hat,"Candela Renewables, LLC",32003,planned,400,2027,part of the name and county,,https://www.eia.gov/electricity/data/eia860m/,,"EIA-860M August 2026: plant ID 63782 'Rough Hat' (NV, Clark County, entity Candela Renewables, LLC, solar, 400 MW), planned, not under construction, expected 12/2027. Status (L) Regulatory approvals pending. Not under construction. Matched on part of the name and county. The inventory records the plant's status only; it says nothing about the opposition or its effect."
215,possible,,REC-0387,con_d673e8fdd8,PA,Lawrence,Firefly Solar Project,solar,200,pending,none,eia:67984:planned,Firefly Solar PA,Vesper Energy Development LLC,42073,planned,401.6,2027,part of the name and county,,https://www.eia.gov/electricity/data/eia860m/,,"EIA-860M August 2026: plant ID 67984 'Firefly Solar PA' (PA, Lawrence County, entity Vesper Energy Development LLC, solar, 401.6 MW), planned, not under construction, expected 12/2027. Status (L) Regulatory approvals pending. Not under construction. Matched on part of the name and county. The inventory records the plant's status only; it says nothing about the opposition or its effect."
216,possible,,S26P-4263,con_0dac4ddabf,RI,Providence County,Hope Farm Solar Array,solar,10,pending,none,eia:65060:planned,Hope Solar One,"Hope Solar One, LLC",44007,planned,3.5,2028,name and county and one of 2 plants,,https://www.eia.gov/electricity/data/eia860m/,,"EIA-860M August 2026: plant ID 65060 'Hope Solar One' (RI, Providence County, entity Hope Solar One, LLC, solar, 3.5 MW), planned, not under construction, expected 7/2028. Status (P) Planned for installation, but regulatory approvals not initiated. Matched on name and county and one of 2 plants. The inventory records the plant's status only; it says nothing about the opposition or its effect."
217,possible,,S26P-4268,con_cc198cca55,RI,Newport County,Portsmouth High School Wind Turbine,wind,,advanced_unverified,outcome_label_only,eia:57350:retired,Portsmouth Wind Turbine,Town of Portsmouth,44005,retired,1.5,2016,part of the name and county,,https://www.eia.gov/electricity/data/eia860m/,,"EIA-860M August 2026: plant ID 57350 'Portsmouth Wind Turbine' (RI, Newport County, entity Town of Portsmouth, wind, 1.5 MW), retired, since 3/2016. Matched on part of the name and county. The inventory records the plant's status only; it says nothing about the opposition or its effect."
218,possible,,S26P-4403,con_6367383573,TX,Hardeman County,Lazy U Solar 1,solar,200,pending,none,eia:68357:planned,Lazy U Solar 1,Lazy U Solar 1 LLC,48197,planned,250,2029,name and county and one of 2 plants,,https://www.eia.gov/electricity/data/eia860m/,,"EIA-860M August 2026: plant ID 68357 'Lazy U Solar 1' (TX, Hardeman County, entity Lazy U Solar 1 LLC, solar, 250 MW), planned, not under construction, expected 7/2029. Status (P) Planned for installation, but regulatory approvals not initiated. Matched on name and county and one of 2 plants. The inventory records the plant's status only; it says nothing about the opposition or its effect."
219,possible,,S26P-4403,con_6367383573,TX,Hardeman County,Lazy U Solar 1,solar,200,pending,none,eia:68358:planned,Lazy U Solar 2,Lazy U Solar 2 LLC,48197,planned,250,2029,name and county and one of 2 plants,,https://www.eia.gov/electricity/data/eia860m/,,"EIA-860M August 2026: plant ID 68358 'Lazy U Solar 2' (TX, Hardeman County, entity Lazy U Solar 2 LLC, solar, 250 MW), planned, not under construction, expected 7/2029. Status (P) Planned for installation, but regulatory approvals not initiated. Matched on name and county and one of 2 plants. The inventory records the plant's status only; it says nothing about the opposition or its effect."
220,possible,,S26P-4346,con_7563ceecc2,WA,Yakima County,High Top and Ostrea Solar Project,solar,160,pending,none,eia:65325:planned,High Top Solar,Cypress Creek Renewables,53077,planned,80,2029,part of the name and county,,https://www.eia.gov/electricity/data/eia860m/,,"EIA-860M August 2026: plant ID 65325 'High Top Solar' (WA, Yakima County, entity Cypress Creek Renewables, solar, 80 MW), planned, not under construction, expected 1/2029. Status (T) Regulatory approvals received. Not under construction. Matched on part of the name and county. The inventory records the plant's status only; it says nothing about the opposition or its effect."
221,possible,,REC-0023,con_db31bc839d,CA,Alameda County; Contra Costa County,Altamont Pass Wind Resource Area First-Generation Wind Farms,wind,,advanced_confirmed,resolution: https://www.courtlistener.com/opinion/2247219/center-for-biological-diversity-inc-v-fpl-group-inc/,eia:10581:retired,Altamont Power LLC,Altamont Power LLC,06001,retired,28.7,2004,part of the name and county,,https://www.eia.gov/electricity/data/eia860m/,,"EIA-860M August 2026: plant ID 10581 'Altamont Power LLC' (CA, Alameda County, entity Altamont Power LLC, wind, 28.7 MW), retired, since 12/2004. Matched on part of the name and county. The inventory records the plant's status only; it says nothing about the opposition or its effect."
222,possible,,REC-0025,con_92e4cd9736,CA,Kern County,Aratina Solar Center,solar;battery_storage,1130,advanced_confirmed,resolution: https://www.eia.gov/electricity/data/eia860m/,eia:61167:operating,Aratina Solar Center 1B,91MC 8me LLC,06071,operating,130,2026,part of the name and a different capacity,,https://www.eia.gov/electricity/data/eia860m/,2026-07,"EIA-860M August 2026: plant ID 61167 'Aratina Solar Center 1B' (CA, San Bernardino County, entity 91MC 8me LLC, battery_storage;solar, 130 MW), operating, since 7/2026. Status (OP) Operating. Matched on part of the name and a different capacity. The inventory records the plant's status only; it says nothing about the opposition or its effect."
223,possible,,REC-0025,con_92e4cd9736,CA,Kern County,Aratina Solar Center,solar;battery_storage,1130,advanced_confirmed,resolution: https://www.eia.gov/electricity/data/eia860m/,eia:64215:under_construction,Aratina Solar Center 2,45MG 8me LLC,06029,under_construction,263,2026,name and county and a different capacity,,https://www.eia.gov/electricity/data/eia860m/,2026-12,"EIA-860M August 2026: plant ID 64215 'Aratina Solar Center 2' (CA, Kern County, entity 45MG 8me LLC, battery_storage;solar, 263 MW), under construction, expected 12/2026. Status (V) Under construction, more than 50 percent complete. Matched on name and county and a different capacity. The inventory records the plant's status only; it says nothing about the opposition or its effect."
224,possible,,REC-0025,con_92e4cd9736,CA,Kern County,Aratina Solar Center,solar;battery_storage,1130,advanced_confirmed,resolution: https://www.eia.gov/electricity/data/eia860m/,eia:68661:operating,Aratina Solar Center 1A,64NB 8me LLC,06071,operating,195,2026,part of the name and a different capacity,,https://www.eia.gov/electricity/data/eia860m/,2026-07,"EIA-860M August 2026: plant ID 68661 'Aratina Solar Center 1A' (CA, San Bernardino County, entity 64NB 8me LLC, battery_storage;solar, 195 MW), operating, since 7/2026. Status (OP) Operating. Matched on part of the name and a different capacity. The inventory records the plant's status only; it says nothing about the opposition or its effect."
225,possible,,REC-0026,con_c66fdc886b,CA,Riverside County,Blythe Mesa Solar Power Project,solar,465,advanced_confirmed,resolution: https://www.govinfo.gov/content/pkg/FR-2014-08-11/pdf/2014-18973.pdf,eia:56939:operating;uspvdb:400057,Solar Blythe LLC,NRG Solar Blythe,06065,operating,21,2009,part of the name and county and a different capacity,,https://www.eia.gov/electricity/data/eia860m/,2009-12,"EIA-860M August 2026: plant ID 56939 'Solar Blythe LLC' (CA, Riverside County, entity NRG Solar Blythe, solar, 21 MW), operating, since 12/2009. Status (OP) Operating. USPVDB v4.0 (2026-04-14): entry 400057 'Solar Blythe, LLC' (CA, Riverside County, solar, 21 MW), operating, since 2009. Matched on part of the name and county and a different capacity. The inventory records the plant's status only; it says nothing about the opposition or its effect."
226,possible,,REC-0026,con_c66fdc886b,CA,Riverside County,Blythe Mesa Solar Power Project,solar,465,advanced_confirmed,resolution: https://www.govinfo.gov/content/pkg/FR-2014-08-11/pdf/2014-18973.pdf,eia:60092:operating;uspvdb:401502,"Blythe Solar II, LLC","Blythe Solar II, LLC",06065,operating,246.2,2016,part of the name and county and a different capacity,,https://www.eia.gov/electricity/data/eia860m/,2016-07,"EIA-860M August 2026: plant ID 60092 'Blythe Solar II, LLC' (CA, Riverside County, entity Blythe Solar II, LLC, battery_storage;solar, 246.2 MW), operating, since 7/2016. Status (OP) Operating. USPVDB v4.0 (2026-04-14): entry 401502 'Blythe Solar II, LLC' (CA, Riverside County, battery_storage;solar, 131.2 MW), operating, since 2016. Matched on part of the name and county and a different capacity. The inventory records the plant's status only; it says nothing about the opposition or its effect."
227,possible,,REC-0026,con_c66fdc886b,CA,Riverside County,Blythe Mesa Solar Power Project,solar,465,advanced_confirmed,resolution: https://www.govinfo.gov/content/pkg/FR-2014-08-11/pdf/2014-18973.pdf,eia:60094:operating;uspvdb:401504,"Blythe Solar III, LLC Hybrid","Blythe Solar III, LLC",06065,operating,251.8,2020,part of the name and county and a different capacity,,https://www.eia.gov/electricity/data/eia860m/,2020-05,"EIA-860M August 2026: plant ID 60094 'Blythe Solar III, LLC Hybrid' (CA, Riverside County, entity Blythe Solar III, LLC, battery_storage;solar, 251.8 MW), operating, since 5/2020. Status (OP) Operating. USPVDB v4.0 (2026-04-14): entry 401504 'Blythe Solar III, LLC Hybrid' (CA, Riverside County, battery_storage;solar, 137.4 MW), operating, since 2020. Matched on part of the name and county and a different capacity. The inventory records the plant's status only; it says nothing about the opposition or its effect."
228,possible,,REC-0026,con_c66fdc886b,CA,Riverside County,Blythe Mesa Solar Power Project,solar,465,advanced_confirmed,resolution: https://www.govinfo.gov/content/pkg/FR-2014-08-11/pdf/2014-18973.pdf,eia:60095:operating;uspvdb:404526,"Blythe Solar IV, LLC","Blythe Solar IV, LLC",06065,operating,184.4,2020,part of the name and county and a different capacity,,https://www.eia.gov/electricity/data/eia860m/,2020-11,"EIA-860M August 2026: plant ID 60095 'Blythe Solar IV, LLC' (CA, Riverside County, entity Blythe Solar IV, LLC, battery_storage;solar, 184.4 MW), operating, since 11/2020. Status (OP) Operating. USPVDB v4.0 (2026-04-14): entry 404526 'Blythe Solar IV, LLC' (CA, Riverside County, battery_storage;solar, 137.4 MW), operating, since 2015. Matched on part of the name and county and a different capacity. The inventory records the plant's status only; it says nothing about the opposition or its effect."
229,possible,,REC-0026,con_c66fdc886b,CA,Riverside County,Blythe Mesa Solar Power Project,solar,465,advanced_confirmed,resolution: https://www.govinfo.gov/content/pkg/FR-2014-08-11/pdf/2014-18973.pdf,eia:60558:operating;uspvdb:401795,Solar Blythe 2,NRG Solar Blythe II LLC,06065,operating,20,2017,part of the name and county and a different capacity,,https://www.eia.gov/electricity/data/eia860m/,2017-04,"EIA-860M August 2026: plant ID 60558 'Solar Blythe 2' (CA, Riverside County, entity NRG Solar Blythe II LLC, solar, 20 MW), operating, since 4/2017. Status (OP) Operating. USPVDB v4.0 (2026-04-14): entry 401795 'Solar Blythe 2' (CA, Riverside County, solar, 21 MW), operating, since 2017. Matched on part of the name and county and a different capacity. The inventory records the plant's status only; it says nothing about the opposition or its effect."
230,possible,,REC-0044,con_96ea3bcabe,DE,Kent County,Cedar Creek Solar,solar,100,advanced_confirmed,resolution: https://law.justia.com/cases/delaware/supreme-court/2025/210-2024.html,eia:64543:planned,Cedar Creek Solar,FPS Cedar Creek Solar LLC,10003,planned,114,2028,name and capacity,,https://www.eia.gov/electricity/data/eia860m/,,"EIA-860M August 2026: plant ID 64543 'Cedar Creek Solar' (DE, New Castle County, entity FPS Cedar Creek Solar LLC, solar, 114 MW), planned, not under construction, expected 7/2028. Status (L) Regulatory approvals pending. Not under construction. Matched on name and capacity. The inventory records the plant's status only; it says nothing about the opposition or its effect."
231,possible,,REC-0221,con_89a5b29fd0,MN,Lyon County,Marshall Solar Project,solar,62,advanced_confirmed,resolution: https://www.eia.gov/electricity/data/eia860m/,eia:67545:operating;uspvdb:407045,Marshall Solar Plus LLC,Western Minnesota Mun Pwr Agny,27083,operating,15,2024,part of the name and county and a different capacity,,https://www.eia.gov/electricity/data/eia860m/,2024-12,"EIA-860M August 2026: plant ID 67545 'Marshall Solar Plus LLC' (MN, Lyon County, entity Western Minnesota Mun Pwr Agny, battery_storage;solar, 15 MW), operating, since 12/2024. Status (OP) Operating. USPVDB v4.0 (2026-04-14): entry 407045 'Marshall Solar Plus LLC' (MN, Lyon County, battery_storage;solar, 10 MW), operating, since 2024. Matched on part of the name and county and a different capacity. The inventory records the plant's status only; it says nothing about the opposition or its effect."
232,possible,,REC-0320,con_1952c61a99,NC,Yadkin County,Shady Grove Solar Farm,solar,22,advanced_confirmed,resolution: https://www.yadkinripple.com/news/local/judge-orders-approval-of-smithtown-solar-farm/article_02a6d9e2-6c84-5c43-a5ce-1426e3d15ec2.html,eia:60181:operating;uspvdb:401552,Grove Solar,Sol Systems,37049,operating,5,2019,part of the name and a different capacity,,https://www.eia.gov/electricity/data/eia860m/,2019-12,"EIA-860M August 2026: plant ID 60181 'Grove Solar' (NC, Craven County, entity Sol Systems, solar, 5 MW), operating, since 12/2019. Status (OP) Operating. USPVDB v4.0 (2026-04-14): entry 401552 'Grove Solar' (NC, Craven County, solar, 5 MW), operating, since 2019. Matched on part of the name and a different capacity. The inventory records the plant's status only; it says nothing about the opposition or its effect."
233,possible,,REC-0329,con_06a622dac1,ND,Stark County,Brady Wind Farm,wind,150,advanced_confirmed,resolution: https://www.eia.gov/electricity/data/eia860m/xls/august_generator2026.xlsx,eia:60354:operating;uswtdb:ND:60354,Brady II Wind Energy Center,"Brady Wind II, LLC",38041,operating,150,2016,name and capacity,,https://www.eia.gov/electricity/data/eia860m/,2016-12,"EIA-860M August 2026: plant ID 60354 'Brady II Wind Energy Center' (ND, Stark County, entity Brady Wind II, LLC, wind, 150 MW), operating, since 12/2016. Status (OP) Operating. USWTDB v9.1 (2026-09-28): entry 60354 'Brady Wind II' (ND, Hettinger County, wind, 149 MW), operating, since 2016. Matched on name and capacity. The inventory records the plant's status only; it says nothing about the opposition or its effect."
234,possible,,REC-0281,con_6601f49b6f,NJ,Cape May County; Ocean County,Ocean Wind 1,wind,1100,blocked_confirmed,resolution: https://www.eia.gov/electricity/data/eia860m/,eia:64082:canceled_or_postponed,Ocean Wind,"Ocean Wind, LLC",,canceled_or_postponed,1215,,name and capacity,,https://www.eia.gov/electricity/data/eia860m/,,"EIA-860M August 2026: plant ID 64082 'Ocean Wind' (NJ, , entity Ocean Wind, LLC, wind, 1215 MW), cancelled or indefinitely postponed. Matched on name and capacity. The inventory records the plant's status only; it says nothing about the opposition or its effect."
235,possible,,REC-0281,con_6601f49b6f,NJ,Cape May County; Ocean County,Ocean Wind 1,wind,1100,blocked_confirmed,resolution: https://www.eia.gov/electricity/data/eia860m/,eia:65394:canceled_or_postponed,Ocean Wind II,Orsted North America Inc.,,canceled_or_postponed,1148,,name and capacity,,https://www.eia.gov/electricity/data/eia860m/,,"EIA-860M August 2026: plant ID 65394 'Ocean Wind II' (NJ, , entity Orsted North America Inc., wind, 1148 MW), cancelled or indefinitely postponed. Matched on name and capacity. The inventory records the plant's status only; it says nothing about the opposition or its effect."
236,possible,,REC-0404,con_1bff19d998,SD,Codington County; Grant County,Crowned Ridge Wind Project,wind,,advanced_confirmed,resolution: https://law.justia.com/cases/south-dakota/supreme-court/2022/29334.html,eia:60503:operating;uswtdb:SD:60503,Crowned Ridge Wind Energy Center,"Crowned Ridge Wind, LLC",46051,operating,200.1,2019,name and county and one of 2 plants,,https://www.eia.gov/electricity/data/eia860m/,2019-12,"EIA-860M August 2026: plant ID 60503 'Crowned Ridge Wind Energy Center' (SD, Codington County, entity Crowned Ridge Wind, LLC, wind, 200.1 MW), operating, since 12/2019. Status (OP) Operating. USWTDB v9.1 (2026-09-28): entry 60503 'Crowned Ridge I' (SD, Codington County, wind, 200.1 MW), operating, since 2019. Matched on name and county and one of 2 plants. The inventory records the plant's status only; it says nothing about the opposition or its effect."
237,possible,,REC-0404,con_1bff19d998,SD,Codington County; Grant County,Crowned Ridge Wind Project,wind,,advanced_confirmed,resolution: https://law.justia.com/cases/south-dakota/supreme-court/2022/29334.html,eia:63269:operating;uswtdb:SD:63269,Crowned Ridge Wind II Energy Center,Northern States Power Co - Minnesota,46029,operating,200.6,2020,name and county and one of 2 plants,,https://www.eia.gov/electricity/data/eia860m/,2020-12,"EIA-860M August 2026: plant ID 63269 'Crowned Ridge Wind II Energy Center' (SD, Codington County, entity Northern States Power Co - Minnesota, wind, 200.6 MW), operating, since 12/2020. Status (OP) Operating. USWTDB v9.1 (2026-09-28): entry 63269 'Crowned Ridge II' (SD, Codington County, wind, 200.6 MW), operating, since 2020. Matched on name and county and one of 2 plants. The inventory records the plant's status only; it says nothing about the opposition or its effect."
238,possible,,REC-0473,con_8739010dea,WV,Greenbrier County,Beech Ridge Wind Farm,wind,100,advanced_confirmed,resolution: https://www.eia.gov/electricity/data/eia860m/,eia:57151:operating;uswtdb:WV:57151,Beech Ridge Energy LLC,Invenergy Services LLC,54025,operating,100.5,2010,name and county and capacity and one of 2 plants,,https://www.eia.gov/electricity/data/eia860m/,2010-01,"EIA-860M August 2026: plant ID 57151 'Beech Ridge Energy LLC' (WV, Greenbrier County, entity Invenergy Services LLC, wind, 100.5 MW), operating, since 1/2010. Status (OP) Operating. USWTDB v9.1 (2026-09-28): entry 57151 'Beech Ridge' (WV, Greenbrier County, wind, 100.5 MW), operating, since 2010. Matched on name and county and capacity and one of 2 plants. The inventory records the plant's status only; it says nothing about the opposition or its effect."
239,possible,,REC-0473,con_8739010dea,WV,Greenbrier County,Beech Ridge Wind Farm,wind,100,advanced_confirmed,resolution: https://www.eia.gov/electricity/data/eia860m/,eia:62482:operating;uswtdb:WV:62482,Beech Ridge II Wind Energy Center,Southern Power Co,54025,operating,56.2,2020,name and county and one of 2 plants,,https://www.eia.gov/electricity/data/eia860m/,2020-05,"EIA-860M August 2026: plant ID 62482 'Beech Ridge II Wind Energy Center' (WV, Greenbrier County, entity Southern Power Co, wind, 56.2 MW), operating, since 5/2020. Status (OP) Operating. USWTDB v9.1 (2026-09-28): entry 62482 'Beech Ridge II' (WV, Greenbrier County, wind, 56.2 MW), operating, since 2020. Matched on name and county and one of 2 plants. The inventory records the plant's status only; it says nothing about the opposition or its effect."
