nrel_id,state,jurisdiction,technology,nrel_restriction_type,nrel_severity,nrel_basis,other_instrument,other_source,other_restriction_type,other_severity,decision,ordinance_url
solar:04001,AZ,Apache County,solar,zoning_restriction,2,restricting mechanism (default),sabin:S26R-6258,"Sabin Center, Opposition to Renewable Energy Facilities in t",ban_or_moratorium,4,"conflict: both kept, review",https://www.apachecountyaz.gov/accnt_591117/site_591118/Documents/Utility-Renewable-Energy-Systems.pdf
solar:04015,AZ,Mohave County,solar,setback,2,restricting mechanism (default),sabin:REC-0010,"Sabin Center, Opposition to Renewable Energy Facilities in t",moratorium,4,"conflict: both kept, review",https://www.mohave.gov/media/ll1dxipp/mohave-county-zoning-ordinance.pdf
solar:04017,AZ,Navajo County,solar,zoning_restriction,2,restricting mechanism (default),sabin:S26R-6256,"Sabin Center, Opposition to Renewable Energy Facilities in t",ban_or_moratorium,4,"conflict: both kept, review",https://www.navajocountyaz.gov/DocumentCenter/View/5201/Article-12---Renewable-Energy
solar:04025,AZ,Yavapai County,solar,height_limit,2,restricting mechanism (default),sabin:S26R-6254,"Sabin Center, Opposition to Renewable Energy Facilities in t",setback,2,"conflict: both kept, review",https://www.yavapaiaz.gov/files/sharedassets/public/v/1/meetings/pz/second-draft-zoa-sec-501-and-sec-608-solar-facilities-ordinance-revised-7-28-24.pdf
solar:06021,CA,Glenn County,solar,setback,2,restricting mechanism (default),sabin:S26R-6247,"Sabin Center, Opposition to Renewable Energy Facilities in t",ban_or_moratorium,4,"conflict: both kept, review",https://www.countyofglenn.net/sites/default/files/resources/County_Code_Directory/Title%2015.pdf
solar:06027,CA,Inyo County,solar,size_cap,2,restricting mechanism (default),sabin:S26R-6246,"Sabin Center, Opposition to Renewable Energy Facilities in t",size_cap,2,duplicate: not published again,https://www.inyocounty.us/sites/default/files/2020-04/FinalREGPA33015.pdf
solar:06071,CA,San Bernardino County,solar,setback,2,restricting mechanism (default),sabin:REC-0021,"Sabin Center, Opposition to Renewable Energy Facilities in t",ban,4,"conflict: both kept, review",https://codelibrary.amlegal.com/codes/sanbernardino/latest/sanberncty_ca/0-0-0-172671
solar:06113,CA,Yolo County,solar,setback,2,restricting mechanism (default),sabin:S26R-6238,"Sabin Center, Opposition to Renewable Energy Facilities in t",ban_or_moratorium,4,"conflict: both kept, review",https://codelibrary.amlegal.com/codes/yolocounty/latest/yolo/0-0-0-29890
solar:08061,CO,Kiowa County,solar,setback,3,solar setback 1320 ft,sabin:S26R-6231,"Sabin Center, Opposition to Renewable Energy Facilities in t",setback,2,"conflict: both kept, review",https://kiowacounty-colorado.com/2023-3%20Resolution%20%20Setbacks%20for%20Solar%20Wind%20and%20Transmission.pdf
solar:08063,CO,Kit Carson County,solar,setback,2,restricting mechanism (default),sabin:S26R-6230,"Sabin Center, Opposition to Renewable Energy Facilities in t",setback,2,duplicate: not published again,https://kitcarsoncounty.colorado.gov/sites/kitcarsoncounty/files/documents/21-057_Kit%20Carson%20County%20Land%20Use%20Code%20-%20October%2020%2C%202021%20Final.pdf
solar:08069,CO,Larimer County,solar,size_cap,2,restricting mechanism (default),sabin:S26R-6229,"Sabin Center, Opposition to Renewable Energy Facilities in t",size_cap,2,duplicate: not published again,https://www.larimer.gov/sites/default/files/accessory_solar_facilities.pdf
solar:08087,CO,Morgan County,solar,height_limit,2,restricting mechanism (default),sabin:S26R-6226,"Sabin Center, Opposition to Renewable Energy Facilities in t",setback,2,"conflict: both kept, review",https://morgancounty.colorado.gov/sites/morgancounty/files/documents/Zoning%20Regulations%20-%20September%202024.pdf
solar:08095,CO,Phillips County,solar,moratorium,4,in-force moratorium,sabin:S26R-6225,"Sabin Center, Opposition to Renewable Energy Facilities in t",moratorium,4,duplicate: not published again,https://phillipscounty.colorado.gov/sites/phillipscounty/files/Resolution%202025-09-30-01.pdf
solar:08099,CO,Prowers County,solar,setback,2,restricting mechanism (default),sabin:S26R-6224,"Sabin Center, Opposition to Renewable Energy Facilities in t",setback,2,duplicate: not published again,https://cms1files.revize.com/prowerscounty/Land%20Use%20Regulations%20Amendment%20Resolution.pdf
solar:08113,CO,San Miguel County,solar,setback,2,restricting mechanism (default),sabin:REC-0034,"Sabin Center, Opposition to Renewable Energy Facilities in t",moratorium,4,"conflict: both kept, review",https://protectwrightsmesa.org/images/PDF/091824%20BOCC_Packet_LUCA_Solar_Regulations.pdf
solar:08123,CO,Weld County,solar,height_limit,2,restricting mechanism (default),sabin:S26R-6219,"Sabin Center, Opposition to Renewable Energy Facilities in t",setback,2,"conflict: both kept, review",https://www.weld.gov/files/sharedassets/public/v/13/departments/planning-and-zoning/documents/land-use-applications/1041-sef.pdf
solar:0918042600,CT,Ledyard Town,solar,setback,2,restricting mechanism (default),sabin:S26R-6209,"Sabin Center, Opposition to Renewable Energy Facilities in t",ban_or_moratorium,4,"conflict: both kept, review",https://www.ledyardct.org/DocumentCenter/View/848301/ZONING-REGULATIONS-Effective-September-21-2023
solar:13031,GA,Bulloch County,solar,height_limit,2,restricting mechanism (default),sabin:S26R-6200,"Sabin Center, Opposition to Renewable Energy Facilities in t",setback,2,"conflict: both kept, review",https://bullochcounty.net/wp-content/uploads/2023/06/Appendix-C-Zoning-ADOPTED-4_4_23-002-002.pdf
solar:13081,GA,Crisp County,solar,height_limit,2,restricting mechanism (default),sabin:S26R-6199,"Sabin Center, Opposition to Renewable Energy Facilities in t",ban_or_moratorium,4,"conflict: both kept, review",https://crispcounty.com/planning-zoning-codes/serve/113/1674/Crisp%20County%20Georgia%20Land%20Development%20Code.pdf
solar:13093,GA,Dooly County,solar,size_cap,2,restricting mechanism (default),sabin:S26R-6198,"Sabin Center, Opposition to Renewable Energy Facilities in t",size_cap,2,duplicate: not published again,https://doolycountyga.com/wp-content/uploads/2019/08/2013.08.14-Dooly-County-Zoning-Ordinance-updated-08.02.2019.pdf
solar:13119,GA,Franklin County,solar,height_limit,2,restricting mechanism (default),sabin:REC-0055,"Sabin Center, Opposition to Renewable Energy Facilities in t",ban,4,"conflict: both kept, review",https://www.franklincountyga.gov/sites/g/files/vyhlif6256/f/uploads/franklin_county_udc_amended_3-6-23_1.pdf
solar:13147,GA,Hart County,solar,height_limit,2,restricting mechanism (default),sabin:S26R-6193,"Sabin Center, Opposition to Renewable Energy Facilities in t",setback,2,"conflict: both kept, review",http://www.hartcountyga.gov/documents/agendas/08272024%20Packet.pdf
solar:13149,GA,Heard County,solar,setback,2,restricting mechanism (default),sabin:S26R-6192,"Sabin Center, Opposition to Renewable Energy Facilities in t",setback,2,duplicate: not published again,https://www.heardcountyga.com/Solar%20Ordinance%20Updates%20053024.pdf
solar:13241,GA,Rabun County,solar,setback,2,restricting mechanism (default),sabin:S26R-6188,"Sabin Center, Opposition to Renewable Energy Facilities in t",ban_or_moratorium,4,"conflict: both kept, review",https://www.rabuncounty.ga.gov/media/1461
solar:13279,GA,Toombs County,solar,height_limit,2,restricting mechanism (default),sabin:S26R-6186,"Sabin Center, Opposition to Renewable Energy Facilities in t",setback,2,"conflict: both kept, review",https://toombscountyga.gov/wp-content/uploads/2025/04/Ordinance_SOLAR-ENERGY-GENERATION-ORDINANCE-10.15.2024.pdf
solar:16031,ID,Cassia County,solar,height_limit,2,restricting mechanism (default),sabin:S26R-6181,"Sabin Center, Opposition to Renewable Energy Facilities in t",ban_or_moratorium,4,"conflict: both kept, review",https://www.cassia.gov/media/County%20Code/CountyCode_2023/Title9_Chapter9.pdf
solar:16039,ID,Elmore County,solar,setback,3,solar setback 2500 ft,sabin:S26R-6180,"Sabin Center, Opposition to Renewable Energy Facilities in t",ban_or_moratorium,4,"conflict: both kept, review",https://adacounty.id.gov/developmentservices/wp-content/uploads/sites/37/Elmore-County-Ordinance-solar-specific-use.pdf
solar:16045,ID,Gem County,solar,setback,3,solar setback 2500 ft,sabin:S26R-6179,"Sabin Center, Opposition to Renewable Energy Facilities in t",setback,2,"conflict: both kept, review",https://codelibrary.amlegal.com/codes/gemcountyid/latest/gemcounty_id/0-0-0-2220
solar:16047,ID,Gooding County,solar,height_limit,2,restricting mechanism (default),sabin:S26R-6178,"Sabin Center, Opposition to Renewable Energy Facilities in t",ban_or_moratorium,4,"conflict: both kept, review",https://goodingcounty.org/DocumentCenter/View/2187/Proposed-Draft-Gooding-County-Energy-Project-Ordinance-111424
solar:17005,IL,Bond County,solar,noise_limit,2,restricting mechanism (default),sabin:S26R-6174,"Sabin Center, Opposition to Renewable Energy Facilities in t",ban_or_moratorium,4,"conflict: both kept, review",https://bondcountyil.gov/wp-content/uploads/ZONEORD-AUGUST-16-2022.pdf
solar:17075,IL,Iroquois County,solar,height_limit,2,restricting mechanism (default),sabin:S26R-6168,"Sabin Center, Opposition to Renewable Energy Facilities in t",ban_or_moratorium,4,"conflict: both kept, review",https://iroquoiscountyil.gov/wp-content/uploads/2025/05/Iroquois-CSEF-Final-adopted-May-13-2025.pdf
solar:17111,IL,McHenry County,solar,height_limit,2,restricting mechanism (default),sabin:S26R-6164,"Sabin Center, Opposition to Renewable Energy Facilities in t",ban_or_moratorium,4,"conflict: both kept, review",https://files.amlegal.com/pdffiles/McHenryCounty/O-202304-12-016.pdf
solar:17139,IL,Moultrie County,solar,height_limit,2,restricting mechanism (default),sabin:S26R-6161,"Sabin Center, Opposition to Renewable Energy Facilities in t",ban_or_moratorium,4,"conflict: both kept, review",https://cms9files.revize.com/moultrie//Planning%20and%20Zoning/ordinances/Solar%20Ordinance-05312023135546.pdf
solar:17157,IL,Randolph County,solar,setback,2,restricting mechanism (default),sabin:S26R-6159,"Sabin Center, Opposition to Renewable Energy Facilities in t",setback,2,duplicate: not published again,https://randolphcountyil.gov/wp-content/uploads/County-Ordinances.pdf
solar:17195,IL,Whiteside County,solar,height_limit,2,restricting mechanism (default),sabin:S26R-6155,"Sabin Center, Opposition to Renewable Energy Facilities in t",setback,2,"conflict: both kept, review",https://mcclibraryfunctions.azurewebsites.us/api/ordinanceDownload/11711/831779/pdf
solar:17203,IL,Woodford County,solar,height_limit,2,restricting mechanism (default),sabin:S26R-6154,"Sabin Center, Opposition to Renewable Energy Facilities in t",setback,2,"conflict: both kept, review",https://www.woodford-county.org/DocumentCenter/View/1851/Zoning-Ordinance-March-22-2018pdf
solar:18009,IN,Blackford County,solar,setback,2,restricting mechanism (default),sabin:S26R-6152,"Sabin Center, Opposition to Renewable Energy Facilities in t",ban_or_moratorium,4,"conflict: both kept, review",https://www.blackfordcounty.com/DocumentCenter/View/149
solar:18011,IN,Boone County,solar,setback,3,solar setback 1000 ft,sabin:REC-0087,"Sabin Center, Opposition to Renewable Energy Facilities in t",moratorium,4,"conflict: both kept, review",https://boonecounty.in.gov/wp-content/uploads/2025/12/DRAFT-B-Energy-Overlay-District-Ord-2025-11-26.pdf
solar:18019,IN,Clark County,solar,height_limit,2,restricting mechanism (default),sabin:REC-0088,"Sabin Center, Opposition to Renewable Energy Facilities in t",setback,3,"conflict: both kept, review",https://co.clark.in.us/images/2025/pdf/Clark_County_UDO_Amended_JULY_2025.pdf
solar:18029,IN,Dearborn County,solar,height_limit,2,restricting mechanism (default),mn:in-dearborn-county-2026,"Moratorium Nation (mjbommar/moratorium-data-2026), CC-BY-4.0",moratorium,4,"conflict: both kept, review",https://www.dearborncounty.org/egov/documents/1683582903_34896.pdf
solar:18035,IN,Delaware County,solar,height_limit,2,restricting mechanism (default),sabin:REC-0090,"Sabin Center, Opposition to Renewable Energy Facilities in t",moratorium,4,"conflict: both kept, review",https://www.co.delaware.in.us/egov/documents/1641999699_02093.pdf
solar:18069,IN,Huntington County,solar,setback,3,solar setback 1000 ft,sabin:S26R-6139,"Sabin Center, Opposition to Renewable Energy Facilities in t",setback,2,"conflict: both kept, review",https://www.huntington.in.us/egov/documents/1746551643_36151.pdf
solar:18075,IN,Jay County,solar,height_limit,2,restricting mechanism (default),queue:q_d3c8aa136e,review queue: data-center-map: Jay County (master_opposition,setback,2,"conflict: both kept, review",http://jaycounty.net/images/custom/2020_jay_county_zoning_subdivision_ordinance.pdf
solar:18085,IN,Kosciusko County,solar,setback,2,restricting mechanism (default),sabin:REC-0096,"Sabin Center, Opposition to Renewable Energy Facilities in t",moratorium,4,"conflict: both kept, review",http://www.kosciusko.in.gov/egov/documents/1575995045_25227.pdf
solar:18087,IN,LaGrange County,solar,setback,2,restricting mechanism (default),sabin:S26R-6136,"Sabin Center, Opposition to Renewable Energy Facilities in t",ban_or_moratorium,4,"conflict: both kept, review",https://www.lagrangecounty.org/egov/documents/1666878251_82266.pdf
solar:18107,IN,Montgomery County,solar,height_limit,2,restricting mechanism (default),sabin:REC-0101,"Sabin Center, Opposition to Renewable Energy Facilities in t",setback,2,"conflict: both kept, review",https://www.montgomerycounty.in.gov/egov/documents/1595511416_98588.pdf
solar:18129,IN,Posey County,solar,height_limit,2,restricting mechanism (default),sabin:S26R-6129,"Sabin Center, Opposition to Renewable Energy Facilities in t",ban,4,"conflict: both kept, review",https://www.poseycountyin.gov/wp-content/uploads/2020/03/Solar-and-Wind-Ordinace-for-Unincorporated-Posey-County.pdf
solar:18133,IN,Putnam County,solar,height_limit,2,restricting mechanism (default),mn:in-putnam-county-2025,"Moratorium Nation (mjbommar/moratorium-data-2026), CC-BY-4.0",moratorium,4,"conflict: both kept, review",https://irp.cdn-website.com/238c8e41/files/uploaded/Ordinance%202022-1-4-1%20solar-wind%202022004459.pdf
solar:18141,IN,St. Joseph County,solar,height_limit,2,restricting mechanism (default),sabin:S26R-6126,"Sabin Center, Opposition to Renewable Energy Facilities in t",setback,2,"conflict: both kept, review",https://sjcparks.org/AgendaCenter/ViewFile/ArchivedAgenda/_02182020-377
solar:18147,IN,Spencer County,solar,setback,3,solar setback 1000 ft,sabin:S26R-6125,"Sabin Center, Opposition to Renewable Energy Facilities in t",setback,2,"conflict: both kept, review",https://www.in.gov/counties/spencer/files/ordinances-resolutions/2023-16-Ordinance-Solar-Energy.pdf
solar:19005,IA,Allamakee County,solar,setback,2,restricting mechanism (default),sabin:S26R-6115,"Sabin Center, Opposition to Renewable Energy Facilities in t",size_cap,2,"conflict: both kept, review",https://allamakeecounty.iowa.gov/wp-content/uploads/2025/04/Ord-L-Amendment-15.pdf
solar:19037,IA,Chickasaw County,solar,setback,2,restricting mechanism (default),sabin:S26R-6112,"Sabin Center, Opposition to Renewable Energy Facilities in t",setback,2,duplicate: not published again,https://chickasawcounty.iowa.gov/files/county_ordinances/vi8_utility_scale_solar_installations_681.pdf
solar:19039,IA,Clarke County,solar,size_cap,2,restricting mechanism (default),queue:q_4083158e5e,review queue: data-center-map: Clarke County (master_opposit,moratorium,4,"conflict: both kept, review",https://clarkecounty.iowa.gov/wp-content/uploads/2025/08/updated-wind-ordinance-final-003-JEO-Edits.pdf
solar:19053,IA,Decatur County,solar,moratorium,4,in-force moratorium,sabin:S26R-6109,"Sabin Center, Opposition to Renewable Energy Facilities in t",moratorium,4,duplicate: not published again,https://decaturcountyia.municipalone.com/document/50285
solar:19061,IA,Dubuque County,solar,setback,3,solar setback 1320 ft,sabin:S26R-6107,"Sabin Center, Opposition to Renewable Energy Facilities in t",setback,2,"conflict: both kept, review",https://www.dubuquecountyiowa.gov/DocumentCenter/View/7375/Ch-05---Renewable-Energy-Ordinance-DRAFT-2024-07-29-PDF
solar:19067,IA,Floyd County,solar,moratorium,4,in-force moratorium,sabin:S26R-6105,"Sabin Center, Opposition to Renewable Energy Facilities in t",moratorium,4,duplicate: not published again,https://www.floydcoia.org/DocumentCenter/View/3637/Res-04-25-Moratorium-on-Utility-Scale-Solar-Projects
solar:19073,IA,Greene County,solar,setback,2,restricting mechanism (default),sabin:REC-0111,"Sabin Center, Opposition to Renewable Energy Facilities in t",setback,2,duplicate: not published again,https://www.greenecounty.iowa.gov/files/documents/GreeneCountyCodeofOrdinances1611123206041023PM.pdf
solar:19113,IA,Linn County,solar,setback,2,restricting mechanism (default),queue:q_82dfad9133,review queue: web_research_2026-10-06,setback,2,duplicate: not published again,https://www.cleanenergydistricts.org/wp-content/uploads/2024/03/Linn-County-Utility-Scale-Solar-Siting-Ordinance.pdf
solar:19155,IA,Pottawattamie County,solar,height_limit,2,restricting mechanism (default),sabin:S26R-6080,"Sabin Center, Opposition to Renewable Energy Facilities in t",setback,3,"conflict: both kept, review",https://www.pottcounty-ia.gov/files/planning_and_development/pottawattamie_county_ordinance_202305_91556.pdf
solar:19163,IA,Scott County,solar,setback,3,solar setback 1000 ft,sabin:S26R-6074,"Sabin Center, Opposition to Renewable Energy Facilities in t",ban_or_moratorium,4,"conflict: both kept, review",https://www3.scottcountyiowa.gov/board/pub/code/amendments/22-04_Chapter_06.pdf
solar:19193,IA,Woodbury County,solar,height_limit,2,restricting mechanism (default),sabin:S26R-6067,"Sabin Center, Opposition to Renewable Energy Facilities in t",ban_or_moratorium,4,"conflict: both kept, review",https://www.woodburycountyiowa.gov/files/county_ordinances/77_text_amendments_for_utilityscale_solar_energy_systems_conditional_use_in_general_zoning_district_413.pdf
solar:20013,KS,Brown County,solar,setback,3,solar setback 5280 ft,mn:ks-brown-county-2026,"Moratorium Nation (mjbommar/moratorium-data-2026), CC-BY-4.0",moratorium,4,"conflict: both kept, review",https://kansaspublicnotices.com/KSLegals/2025/32327-2025-12-04_1001.pdf
solar:20045,KS,Douglas County,solar,height_limit,2,restricting mechanism (default),sabin:S26R-6061,"Sabin Center, Opposition to Renewable Energy Facilities in t",setback,2,"conflict: both kept, review",https://www.dgcoks.gov/sites/default/files/2023-10/douglas_county_solar_regulations_final.pdf
solar:20111,KS,Lyon County,solar,height_limit,2,restricting mechanism (default),mn:ks-lyon-county-2026-2,"Moratorium Nation (mjbommar/moratorium-data-2026), CC-BY-4.0",moratorium,4,"conflict: both kept, review",https://www.lyoncountyks.gov/DocumentCenter/View/888/Section-7-Supplemental-District-Regulations-PDF
solar:20145,KS,Pawnee County,solar,height_limit,2,restricting mechanism (default),sabin:REC-0134,"Sabin Center, Opposition to Renewable Energy Facilities in t",moratorium,4,"conflict: both kept, review",https://www.pawneecountykansas.com/DocumentCenter/View/1943/2023-R-010-Solar-Zoning-Regulations
solar:20173,KS,Sedgwick County,solar,height_limit,2,restricting mechanism (default),mn:ks-sedgwick-county-2026-3,"Moratorium Nation (mjbommar/moratorium-data-2026), CC-BY-4.0",moratorium,4,"conflict: both kept, review",https://www.sedgwickcounty.org/media/67284/0822-24-clerk-resolutions-8-16-2024-165-2024-8-16-2024-a-resolution-amen.pdf
solar:20173,KS,Sedgwick County,solar,height_limit,2,restricting mechanism (default),sabin:S26R-6046,"Sabin Center, Opposition to Renewable Energy Facilities in t",moratorium,4,"conflict: both kept, review",https://www.sedgwickcounty.org/media/67284/0822-24-clerk-resolutions-8-16-2024-165-2024-8-16-2024-a-resolution-amen.pdf
solar:20197,KS,Wabaunsee County,solar,moratorium,4,in-force moratorium,sabin:S26R-6044,"Sabin Center, Opposition to Renewable Energy Facilities in t",moratorium,4,duplicate: not published again,https://wbcounty.org/DocumentCenter/View/309/Zoning-Regulations-effective-05082023-PDF
solar:20207,KS,Woodson County,solar,moratorium,4,in-force moratorium,sabin:S26R-6043,"Sabin Center, Opposition to Renewable Energy Facilities in t",moratorium,4,duplicate: not published again,http://woodsoncounty.net/main/images/documents/Commissioners/Resolutions/resolution_25-05.pdf
solar:21021,KY,Boyle County,solar,setback,2,restricting mechanism (default),sabin:REC-0138,"Sabin Center, Opposition to Renewable Energy Facilities in t",ban,4,"conflict: both kept, review",https://eec.ky.gov/Energy/Documents/Boyle%20County%20Solar%20Ordinance.pdf
solar:21027,KY,Breckinridge County,solar,setback,3,solar setback 2000 ft,queue:q_e5bd336a9e,review queue: web_research_2026-10-09,setback,3,duplicate: not published again,https://psc.ky.gov/pscecf/2024-00253/keckert%40fbtlaw.com/03272025052858/032725_NF_Post-Hearing_Brief.pdf
solar:21035,KY,Calloway County,solar,setback,3,solar setback 2000 ft,sabin:S26R-6039,"Sabin Center, Opposition to Renewable Energy Facilities in t",setback,2,"conflict: both kept, review",https://callowaycountyky.gov/wp-content/uploads/2024/03/draft-solar-energy-system-installation.pdf
solar:21145,KY,McCracken County,solar,setback,2,restricting mechanism (default),sabin:S26R-6035,"Sabin Center, Opposition to Renewable Energy Facilities in t",ban_or_moratorium,4,"conflict: both kept, review",https://eec.ky.gov/Energy/Documents/McCracken%20County%20Solar%20Ordinance.pdf
solar:21161,KY,Mason County,solar,height_limit,2,restricting mechanism (default),sabin:REC-0141,"Sabin Center, Opposition to Renewable Energy Facilities in t",setback,2,"conflict: both kept, review",https://eec.ky.gov/Energy/Documents/Mason%20Co%20-%20Maysville.pdf
solar:21163,KY,Meade County,solar,height_limit,2,restricting mechanism (default),sabin:REC-0142,"Sabin Center, Opposition to Renewable Energy Facilities in t",setback,2,"conflict: both kept, review",https://www.meadeky.gov/DocumentCenter/View/384/Meade-County-Fiscal-Court---Ordinance-No-2025-07---Meade-County-Planning-and-Zoning-Ordinance-920-00
solar:21183,KY,Ohio County,solar,setback,3,solar setback 2000 ft,sabin:S26R-6032,"Sabin Center, Opposition to Renewable Energy Facilities in t",setback,2,"conflict: both kept, review",https://eec.ky.gov/Energy/Documents/Ohio%20County%20Solar%20Ordinance.pdf
solar:21219,KY,Todd County,solar,setback,3,solar setback 2000 ft,sabin:S26R-6031,"Sabin Center, Opposition to Renewable Energy Facilities in t",setback,2,"conflict: both kept, review",https://eec.ky.gov/Energy/Documents/Todd%20County%20Solar%20Ordinance.pdf
solar:21221,KY,Trigg County,solar,setback,3,solar setback 2000 ft,sabin:S26R-6030,"Sabin Center, Opposition to Renewable Energy Facilities in t",setback,2,"conflict: both kept, review",https://eec.ky.gov/Energy/Documents/Trigg%20County%20Solar%20Ordinance.pdf
solar:22005,LA,Ascension Parish,solar,height_limit,2,restricting mechanism (default),sabin:S26R-6029,"Sabin Center, Opposition to Renewable Energy Facilities in t",setback,2,"conflict: both kept, review",https://library.municode.com/la/ascension_parish/codes/unified_land_development_code?nodeId=APXIIDECO_17-2020CODIC
solar:22015,LA,Bossier Parish,solar,height_limit,2,restricting mechanism (default),sabin:S26R-6028,"Sabin Center, Opposition to Renewable Energy Facilities in t",setback,2,"conflict: both kept, review",https://www.bossierparishla.gov/docs/default-source/police-jury/recent-ordinances/ordinance-no-4968.pdf?sfvrsn=4fb14ae9_3
solar:22045,LA,Iberia Parish,solar,setback,3,solar setback 2640 ft,sabin:S26R-6026,"Sabin Center, Opposition to Renewable Energy Facilities in t",ban_or_moratorium,4,"conflict: both kept, review",https://iberiaparishgovernment.com/wp-content/uploads/2025-07-5372-Ordinance-Enacting-Chapter-120-Relative-to-Renewable-Energy-Power-Plant-Solar-Energy-Development.pdf
solar:22079,LA,Rapides Parish,solar,height_limit,2,restricting mechanism (default),sabin:S26R-6024,"Sabin Center, Opposition to Renewable Energy Facilities in t",setback,2,"conflict: both kept, review",https://rppj.com/wp-content/uploads/2025/06/June-9-2025-Minutes.pdf
solar:22083,LA,Richland Parish,solar,height_limit,2,restricting mechanism (default),sabin:S26R-6023,"Sabin Center, Opposition to Renewable Energy Facilities in t",setback,2,"conflict: both kept, review","https://www.richlandtoday.com/article/202,public-notices"
solar:22117,LA,Washington Parish,solar,height_limit,2,restricting mechanism (default),sabin:REC-0153,"Sabin Center, Opposition to Renewable Energy Facilities in t",setback,2,"conflict: both kept, review",https://www.wpgov.org/254/Washington-Parish-Development-Ordinance
solar:2301906925,ME,Brewer City,solar,height_limit,2,restricting mechanism (default),sabin:REC-0159,"Sabin Center, Opposition to Renewable Energy Facilities in t",moratorium,4,"conflict: both kept, review",https://brewermaine.gov/wp-content/uploads/2025/02/Land-Use-Code-ARTICLE-4-Performance-Standards-effective-2025.01.19.pdf
solar:24003,MD,Anne Arundel County,solar,size_cap,2,restricting mechanism (default),sabin:REC-0173,"Sabin Center, Opposition to Renewable Energy Facilities in t",ban,4,"conflict: both kept, review",https://www.aacounty.org/sites/default/files/2023-04/FINAL%20Bill%20No%2089-181.pdf
solar:24011,MD,Caroline County,solar,height_limit,2,restricting mechanism (default),sabin:S26R-5986,"Sabin Center, Opposition to Renewable Energy Facilities in t",size_cap,2,"conflict: both kept, review",https://www.mdcounties.org/DocumentCenter/View/2919/Caroline-County-2017-2--Solar-Energy-Systems-Ordinance
solar:24013,MD,Carroll County,solar,height_limit,2,restricting mechanism (default),sabin:REC-0174,"Sabin Center, Opposition to Renewable Energy Facilities in t",setback,2,"conflict: both kept, review",https://www.carrollcountymd.gov/media/zfldptqb/ordinance-no-2024-10-amend-158153-solar.pdf
solar:24015,MD,Cecil County,solar,height_limit,2,restricting mechanism (default),sabin:S26R-5984,"Sabin Center, Opposition to Renewable Energy Facilities in t",size_cap,2,"conflict: both kept, review",https://www.cecilcountymd.gov/DocumentCenter/View/4372/2021-13-PDF
solar:24023,MD,Garrett County,solar,size_cap,2,restricting mechanism (default),sabin:S26R-5983,"Sabin Center, Opposition to Renewable Energy Facilities in t",ban_or_moratorium,4,"conflict: both kept, review",https://www.garrettcountymd.gov/sites/default/files/Resolution%202021%20-%2011%20-%20DCWZ%20Ordinance%20-%20Solar%20Energy.pdf
solar:24025,MD,Harford County,solar,height_limit,2,restricting mechanism (default),sabin:REC-0175,"Sabin Center, Opposition to Renewable Energy Facilities in t",ban_or_moratorium,4,"conflict: both kept, review",https://www.harfordcountymd.gov/DocumentCenter/View/18362/5-10-21-Zoning-Code-Update---Bill-21-01AA
solar:24041,MD,Talbot County,solar,size_cap,2,restricting mechanism (default),sabin:S26R-5980,"Sabin Center, Opposition to Renewable Energy Facilities in t",ban_or_moratorium,4,"conflict: both kept, review","https://talbotcountymd.gov/uploads/File/Council_2022/Bills/Bill%201524%20(Bill%20to%20Amend%20Ch.%20190%20-%20Talbot%20Co.%20Code%20-%20Solar%20Energy%20Systems)%20As%20Amended,%20Enacted,%20and%20Enrolled.pdf"
solar:2500516425,MA,Dartmouth Town,solar,setback,2,restricting mechanism (default),sabin:S26R-5975,"Sabin Center, Opposition to Renewable Energy Facilities in t",ban_or_moratorium,4,"conflict: both kept, review",https://ecode360.com/30836711
solar:2500556060,MA,Raynham Town,solar,setback,2,restricting mechanism (default),sabin:S26R-5976,"Sabin Center, Opposition to Renewable Energy Facilities in t",size_cap,2,"conflict: both kept, review",https://www.town.raynham.ma.us/planning-department/files/zoning-bylaw-article-19
solar:2500974595,MA,Wenham Town,solar,setback,2,restricting mechanism (default),sabin:S26R-5969,"Sabin Center, Opposition to Renewable Energy Facilities in t",setback,2,duplicate: not published again,https://ecode360.com/31433703
solar:2501161905,MA,Shutesbury Town,solar,setback,2,restricting mechanism (default),sabin:REC-0189,"Sabin Center, Opposition to Renewable Energy Facilities in t",ban,4,"conflict: both kept, review",https://www.shutesbury.org/sites/default/files/offices_committees/planning_board/Bylaws-Amendments/TEMP/2022%20Solar%20bylaw%20revision%20-v%2010-4-22%20formatted.pdf
solar:2501379740,MA,Wilbraham Town,solar,height_limit,2,restricting mechanism (default),sabin:S26R-5962,"Sabin Center, Opposition to Renewable Energy Facilities in t",ban_or_moratorium,4,"conflict: both kept, review",https://ma-wilbraham.civicplus.com/DocumentCenter/View/4289/Zoning-Amendment-Exhibit-C-Article-28
solar:2501552560,MA,Pelham Town,solar,setback,2,restricting mechanism (default),sabin:REC-0188,"Sabin Center, Opposition to Renewable Energy Facilities in t",setback,2,duplicate: not published again,https://pelhamma.gov/files/Zoning_chpt_125.pdf
solar:2600535720,MI,Gun Plain Township,solar,setback,2,restricting mechanism (default),sabin:S26R-5955,"Sabin Center, Opposition to Renewable Energy Facilities in t",ban_or_moratorium,4,"conflict: both kept, review",https://www.gunplain.org/wp-content/uploads/ordinance166.pdf
solar:2600555200,MI,Monterey Township,solar,height_limit,2,restricting mechanism (default),sabin:S26R-5956,"Sabin Center, Opposition to Renewable Energy Facilities in t",ban_or_moratorium,4,"conflict: both kept, review",https://montereytownship.org/resources/ordinance_2024.pdf
solar:2601706540,MI,Beaver Township,solar,height_limit,2,restricting mechanism (default),sabin:REC-0201,"Sabin Center, Opposition to Renewable Energy Facilities in t",height_limit,2,duplicate: not published again,https://pinconningjournal.com/sites/default/files/42-1%20Notice%20of%20Ordinance%20Adoption.pdf
solar:2602110580,MI,Bridgman City,solar,height_limit,2,restricting mechanism (default),sabin:S26R-5945,"Sabin Center, Opposition to Renewable Energy Facilities in t",ban_or_moratorium,4,"conflict: both kept, review",https://ecode360.com/46257820
solar:2602147600,MI,Lincoln charter township,solar,height_limit,2,restricting mechanism (default),sabin:S26R-5946,"Sabin Center, Opposition to Renewable Energy Facilities in t",ban_or_moratorium,4,"conflict: both kept, review",https://www.lctberrien.org/AgendaCenter/ViewFile/Item/1600?fileID=482
solar:2602506720,MI,Bedford charter township,solar,height_limit,2,restricting mechanism (default),sabin:REC-0202,"Sabin Center, Opposition to Renewable Energy Facilities in t",ban_or_moratorium,4,"conflict: both kept, review",https://webgen1files.revize.com/bedfordctmi/Bedford%20Zoning%20Ordinance%202024_0828-FORMATTED.pdf
solar:2604929220,MI,Flushing charter township,solar,height_limit,2,restricting mechanism (default),sabin:S26R-5934,"Sabin Center, Opposition to Renewable Energy Facilities in t",size_cap,2,"conflict: both kept, review",https://flushingtownship.com/media/revppgnt/code-of-ordinances-2022.pdf
solar:2605534240,MI,Grant Township,solar,height_limit,2,restricting mechanism (default),sabin:S26R-5931,"Sabin Center, Opposition to Renewable Energy Facilities in t",ban_or_moratorium,4,"conflict: both kept, review",https://grant-grdtraverse.com/wp-content/uploads/2024/11/GTZO-October-2024.pdf
solar:2606742520,MI,Keene Township,solar,height_limit,2,restricting mechanism (default),sabin:S26R-5924,"Sabin Center, Opposition to Renewable Energy Facilities in t",ban_or_moratorium,4,"conflict: both kept, review",https://keenetownshipmi.gov/wp-content/uploads/2025/06/Comm-Solar-Energy-Ord-PC-Res-No.-25-1-14-A-BD-Adopted-2025-1-14.pdf
solar:2606964640,MI,Plainfield Township,solar,height_limit,2,restricting mechanism (default),sabin:S26R-5923,"Sabin Center, Opposition to Renewable Energy Facilities in t",ban_or_moratorium,4,"conflict: both kept, review",https://plainfieldtwpmi.com/wp-content/uploads/zoning/Zoning-Ordinance.pdf
solar:2607717680,MI,Comstock charter township,solar,moratorium,4,in-force moratorium,mn:mi-comstock-charter-township-2026-2,"Moratorium Nation (mjbommar/moratorium-data-2026), CC-BY-4.0",moratorium,4,duplicate: not published again,https://comstockmi.gov/wp-content/uploads/2025/03/Ordinance-552-Moratorium.pdf
solar:2608164660,MI,Plainfield charter township,solar,height_limit,2,restricting mechanism (default),sabin:S26R-5923,"Sabin Center, Opposition to Renewable Energy Facilities in t",ban_or_moratorium,4,"conflict: both kept, review","https://cms7files.revize.com/plainfieldct/Zoning%20Ordinance%20Final%20-%20February%2028,%202023.pdf"
solar:2609162240,MI,Palmyra Township,solar,height_limit,2,restricting mechanism (default),sabin:S26R-5917,"Sabin Center, Opposition to Renewable Energy Facilities in t",setback,2,"conflict: both kept, review",https://img1.wsimg.com/blobby/go/4cd09d8f-8ac3-4181-9d37-fd0ae14b7b94/downloads/d219db24-7a6e-4b5b-b758-256bab0ef06d/11-2020%20Zoning%20Ordinance%20_Amended%2003-11-2025_%20.pdf?ver=1744993364019
solar:2609317920,MI,Conway Township,solar,moratorium,4,in-force moratorium,sabin:REC-0209,"Sabin Center, Opposition to Renewable Energy Facilities in t",moratorium,4,duplicate: not published again,https://conwaytownship.socs.net/vimages/shared/vnews/stories/61782a3d4041b/Ordinance%202023-01%20-%20Solar%20and%20Wind%20Moratorium.pdf
solar:2609331860,MI,Genoa Township,solar,height_limit,2,restricting mechanism (default),sabin:S26R-5911,"Sabin Center, Opposition to Renewable Energy Facilities in t",moratorium,4,"conflict: both kept, review",https://www.genoa.org/contentfiledata/download/46
solar:2611553900,MI,Milan Township,solar,height_limit,2,restricting mechanism (default),sabin:S26R-5901,"Sabin Center, Opposition to Renewable Energy Facilities in t",ban,4,"conflict: both kept, review",https://milantownship.org/wp-content/uploads/2022/03/MTwp-ZONING_ORDINANCE-2008-1-updated-01-31-2022.pdf
solar:2611787880,MI,Winfield Township,solar,height_limit,2,restricting mechanism (default),sabin:S26R-5891,"Sabin Center, Opposition to Renewable Energy Facilities in t",setback,2,"conflict: both kept, review",https://winfieldtownshipmi.gov/wp-content/uploads/2025/09/Winfield-Township_Zoning-Ordinance_-Energy-Facility-September-19-2025_Public-Hearing-Version.pdf
solar:2612186980,MI,White River Township,solar,height_limit,2,restricting mechanism (default),sabin:S26R-5887,"Sabin Center, Opposition to Renewable Energy Facilities in t",moratorium,4,"conflict: both kept, review",https://whiterivertwp.com/wp-content/uploads/2024/09/73-2024%20Resolution%20signed%20%26%20ordinance%2061-2024%20Solar_20240913_164238.pdf
solar:2612334380,MI,Grant Township,solar,height_limit,2,restricting mechanism (default),sabin:S26R-5931,"Sabin Center, Opposition to Renewable Energy Facilities in t",ban_or_moratorium,4,"conflict: both kept, review",https://webgen1files1.revize.com/granttwpofnewaygocntmi/Grant%20Township%20Zoning%20Ordinance%20Aug%202023.pdf
solar:2612508640,MI,Birmingham City,solar,zoning_restriction,2,restricting mechanism (default),sabin:S26R-5884,"Sabin Center, Opposition to Renewable Energy Facilities in t",ban_or_moratorium,4,"conflict: both kept, review",https://online.encodeplus.com/regs/birmingham-mi/doc-viewer.aspx?secid=227
solar:2612575100,MI,South Lyon City,solar,height_limit,2,restricting mechanism (default),sabin:S26R-5885,"Sabin Center, Opposition to Renewable Energy Facilities in t",ban_or_moratorium,4,"conflict: both kept, review",https://cms5.revize.com/revize/southlyon/Zoning%20Ordinance%20FINAL%20with%20hyperlinks.pdf
solar:2612716200,MI,Claybanks Township,solar,height_limit,2,restricting mechanism (default),sabin:S26R-5882,"Sabin Center, Opposition to Renewable Energy Facilities in t",ban_or_moratorium,4,"conflict: both kept, review",https://www.claybankstownship.org/wp-content/uploads/2019/08/Claybanks-Twp.-Ordinace-Book.pdf
solar:2613338100,MI,Highland Township,solar,height_limit,2,restricting mechanism (default),sabin:S26R-5880,"Sabin Center, Opposition to Renewable Energy Facilities in t",setback,2,"conflict: both kept, review",https://cms4files.revize.com/osceolami/Township_Highland/2025%20Zoning%20Ordinance%20of%20Highland%20Township.pdf
solar:2613368440,MI,Richmond Township,solar,height_limit,2,restricting mechanism (default),sabin:S26R-5879,"Sabin Center, Opposition to Renewable Energy Facilities in t",ban_or_moratorium,4,"conflict: both kept, review",https://cms4files.revize.com/osceolami/Township_Richmond/Richmond%20Twp%20-%20Zoning%20-%20Solar%20Energy%20Requiements%202022.pdf
solar:2613901360,MI,Allendale charter township,solar,noise_limit,2,restricting mechanism (default),mn:mi-allendale-township-2026,"Moratorium Nation (mjbommar/moratorium-data-2026), CC-BY-4.0",moratorium,4,"conflict: both kept, review",https://ecode360.com/AL4269/laws/LF2086139.pdf
solar:2614514660,MI,Chapin Township,solar,height_limit,2,restricting mechanism (default),sabin:S26R-5877,"Sabin Center, Opposition to Renewable Energy Facilities in t",setback,2,"conflict: both kept, review",https://www.chapintownship.com/wp-content/uploads/2024/03/Solar-ordinance-amended.pdf
solar:2614515160,MI,Chesaning Township,solar,height_limit,2,restricting mechanism (default),sabin:S26R-5876,"Sabin Center, Opposition to Renewable Energy Facilities in t",size_cap,2,"conflict: both kept, review",https://www.chesaningtwp.org/wp-content/uploads/2022/04/Solar-Panel-Farm-Ordinance-2019-0601-Amendment-to-Zoning-Ordinance.pdf
solar:2614713720,MI,Casco Township,solar,height_limit,2,restricting mechanism (default),mn:mi-casco-township-allegan-county-2026,"Moratorium Nation (mjbommar/moratorium-data-2026), CC-BY-4.0",moratorium,4,"conflict: both kept, review",https://cascostclair.gov/wp-content/uploads/2024/07/04-17-24-Zoning-Ordinance.pdf
solar:2615184440,MI,Watertown Township,solar,height_limit,2,restricting mechanism (default),sabin:S26R-5938,"Sabin Center, Opposition to Renewable Energy Facilities in t",setback,2,"conflict: both kept, review",https://watertowntownship.net/media/uploads/docs/Watertown_Township_Ordinance_2024-5.pdf
solar:27001,MN,Aitkin County,solar,height_limit,2,restricting mechanism (default),sabin:S26R-5859,"Sabin Center, Opposition to Renewable Energy Facilities in t",ban_or_moratorium,4,"conflict: both kept, review",https://www.co.aitkin.mn.us/ordinances/pdf/zoning-ordinance.pdf
solar:27013,MN,Blue Earth County,solar,setback,2,restricting mechanism (default),sabin:S26R-5855,"Sabin Center, Opposition to Renewable Energy Facilities in t",setback,2,duplicate: not published again,https://www.blueearthcountymn.gov/DocumentCenter/View/6727/Solar-Standards-2021-Update
solar:27019,MN,Carver County,solar,setback,2,restricting mechanism (default),sabin:S26R-5853,"Sabin Center, Opposition to Renewable Energy Facilities in t",size_cap,2,"conflict: both kept, review",https://carverco-mn.elaws.us/code/coor_txv_ch152_apps-1_sec152.039
solar:27025,MN,Chisago County,solar,setback,2,restricting mechanism (default),sabin:S26R-5851,"Sabin Center, Opposition to Renewable Energy Facilities in t",ban_or_moratorium,4,"conflict: both kept, review",https://www.chisagocountymn.gov/DocumentCenter/View/4330/Zoning-Ordinance-No-20241218-1-PDF?bidId=
solar:27059,MN,Isanti County,solar,size_cap,2,restricting mechanism (default),sabin:S26R-5846,"Sabin Center, Opposition to Renewable Energy Facilities in t",size_cap,2,duplicate: not published again,https://www.co.isanti.mn.us/DocumentCenter/View/447/Isanti-County-Solar-Energy-Ordinance-PDF
solar:27095,MN,Mille Lacs County,solar,setback,2,restricting mechanism (default),sabin:S26R-5843,"Sabin Center, Opposition to Renewable Energy Facilities in t",size_cap,2,"conflict: both kept, review",https://www.millelacs.mn.gov/DocumentCenter/View/992/Section-12062-Development-Ordinance-PDF
solar:27109,MN,Olmsted County,solar,zoning_restriction,2,restricting mechanism (default),sabin:S26R-5839,"Sabin Center, Opposition to Renewable Energy Facilities in t",ban_or_moratorium,4,"conflict: both kept, review",https://tcpamn.org/wp-content/uploads/2024/06/Olmsted_Solar_Ordinance.pdf
solar:27121,MN,Pope County,solar,height_limit,2,restricting mechanism (default),sabin:S26R-5836,"Sabin Center, Opposition to Renewable Energy Facilities in t",setback,2,"conflict: both kept, review",https://www.popecountymn.gov/wp-content/uploads/2023/06/LUCO-MASTER_Amended-20-June-2023-r.pdf
solar:27149,MN,Stevens County,solar,setback,2,restricting mechanism (default),sabin:S26R-5832,"Sabin Center, Opposition to Renewable Energy Facilities in t",ban_or_moratorium,4,"conflict: both kept, review",http://www.co.stevens.mn.us/DocumentCenter/View/2722/Stevens-County-Zoning-Ordinance-11-17-2020-PDF?bidId=
solar:27155,MN,Traverse County,solar,setback,3,solar setback 1000 ft,sabin:S26R-5829,"Sabin Center, Opposition to Renewable Energy Facilities in t",moratorium,4,"conflict: both kept, review",https://www.co.traverse.mn.us/wp-content/uploads/2025/02/Draft-Solar-and-Battery-Ordinance-02.15.2025.pdf
solar:27157,MN,Wabasha County,solar,setback,2,restricting mechanism (default),sabin:S26R-5828,"Sabin Center, Opposition to Renewable Energy Facilities in t",size_cap,2,"conflict: both kept, review",https://codelibrary.amlegal.com/codes/wabashamn/latest/wabasha_mn/0-0-0-25641
solar:27159,MN,Wadena County,solar,setback,2,restricting mechanism (default),sabin:S26R-5826,"Sabin Center, Opposition to Renewable Energy Facilities in t",ban_or_moratorium,4,"conflict: both kept, review",https://www.co.wadena.mn.us/DocumentCenter/View/3047/Proposed-2020-Zoning-Ordinance---Draft-for-Public-Hearing-
solar:27161,MN,Waseca County,solar,setback,2,restricting mechanism (default),sabin:S26R-5825,"Sabin Center, Opposition to Renewable Energy Facilities in t",setback,2,duplicate: not published again,https://mn-wasecacounty.civicplus.com/DocumentCenter/View/5945
solar:27171,MN,Wright County,solar,size_cap,2,restricting mechanism (default),sabin:REC-0218,"Sabin Center, Opposition to Renewable Energy Facilities in t",size_cap,2,duplicate: not published again,https://www.wrightcountymn.gov/DocumentCenter/View/28142/Ordinance-Amendment-23-1
solar:29037,MO,Cass County,solar,setback,3,solar setback 1000 ft,sabin:S26R-5816,"Sabin Center, Opposition to Renewable Energy Facilities in t",setback,2,"conflict: both kept, review",https://ecode360.com/32504502
solar:29173,MO,Ralls County,solar,setback,2,restricting mechanism (default),sabin:S26R-5812,"Sabin Center, Opposition to Renewable Energy Facilities in t",ban_or_moratorium,4,"conflict: both kept, review",https://rallscountymo.gov/wp-content/uploads/2024/12/RALLS-PZ-ORDINANCE-EFF-JAN-1-2025.pdf
solar:31059,NE,Fillmore County,solar,height_limit,2,restricting mechanism (default),mn:ne-fillmore-county-2026,"Moratorium Nation (mjbommar/moratorium-data-2026), CC-BY-4.0",moratorium,4,"conflict: both kept, review",https://fillmorecountyne.gov/wp-content/uploads/sites/9/2025/08/202500826-Minutes.pdf
solar:31067,NE,Gage County,solar,setback,3,solar setback 2640 ft,sabin:REC-0248,"Sabin Center, Opposition to Renewable Energy Facilities in t",moratorium,4,"conflict: both kept, review",https://gagecountyne.gov/pdfs/6-14-23%20Solar%20Regulations%20FINAL.pdf
solar:31099,NE,Kearney County,solar,setback,3,solar setback 1320 ft,sabin:REC-0252,"Sabin Center, Opposition to Renewable Energy Facilities in t",setback,3,duplicate: not published again,https://kearneycounty.ne.gov/pdfs/planning_zoning/zoning_regulations.pdf
solar:31107,NE,Knox County,solar,moratorium,4,in-force moratorium,sabin:S26R-5782,"Sabin Center, Opposition to Renewable Energy Facilities in t",ban,4,"conflict: both kept, review",https://knoxcountyne.gov/wp-content/uploads/sites/37/2025/08/Resolution-2025-19-June-11-2025-Knox-County-Board-of-Supervisors.pdf
solar:31131,NE,Otoe County,solar,height_limit,2,restricting mechanism (default),sabin:S26R-5777,"Sabin Center, Opposition to Renewable Energy Facilities in t",setback,2,"conflict: both kept, review",https://cms2.revize.com/revize/otoecounty/Documents/Departments/Planning%20Zoning/Otoe%20County%20Zoning_final%20draft.pdf
solar:31137,NE,Phelps County,solar,height_limit,2,restricting mechanism (default),sabin:S26R-5774,"Sabin Center, Opposition to Renewable Energy Facilities in t",ban_or_moratorium,4,"conflict: both kept, review",https://phelpscounty.ne.gov/pdfs/zoning/Phelps%20County%20Final%20Draft%20Zoning%20112622.pdf
solar:32023,NV,Nye County,solar,setback,3,solar setback 1000 ft,sabin:REC-0254,"Sabin Center, Opposition to Renewable Energy Facilities in t",moratorium,4,"conflict: both kept, review",https://www.pahrumpnv.gov/DocumentCenter/View/2405/Item-9-Draft-Solar-Ordinance-BW-240305RA
solar:3300526500,NH,Fitzwilliam Town,solar,height_limit,2,restricting mechanism (default),sabin:S26R-5759,"Sabin Center, Opposition to Renewable Energy Facilities in t",ban_or_moratorium,4,"conflict: both kept, review",https://fitzwilliam-nh.gov/vertical/sites/%7B5152AF08-0D8E-4832-8682-9F3DC8413E4B%7D/uploads/Chapter_148_-_Solar_-_2022_approved.pdf
solar:3300539300,NH,Keene City,solar,height_limit,2,restricting mechanism (default),sabin:S26R-5761,"Sabin Center, Opposition to Renewable Energy Facilities in t",size_cap,2,"conflict: both kept, review",https://keenenh.gov/wp-content/uploads/2025/04/Land-Development-Code_Amended-February-2025.pdf
solar:3601314069,NY,Chautauqua Town,solar,height_limit,2,restricting mechanism (default),mn:ny-town-of-chautauqua-2023,"Moratorium Nation (mjbommar/moratorium-data-2026), CC-BY-4.0",moratorium,4,"conflict: both kept, review",https://ecode360.com/CH1389/laws/LF2209103.pdf
solar:3603723756,NY,Elba Town,solar,height_limit,2,restricting mechanism (default),mn:ny-elba-undated,"Moratorium Nation (mjbommar/moratorium-data-2026), CC-BY-4.0",moratorium,4,"conflict: both kept, review",https://usesusa.org/wp-content/uploads/2023/11/2021_04_01_elba_new_york_amended_solar_energy_law.pdf
solar:3604327199,NY,Frankfort Town,solar,setback,3,solar setback 1000 ft,mn:ny-frankfort-undated,"Moratorium Nation (mjbommar/moratorium-data-2026), CC-BY-4.0",moratorium,2,"conflict: both kept, review",https://ecode360.com/37467866
solar:3604543863,NY,Lyme Town,solar,height_limit,2,restricting mechanism (default),sabin:S26R-5735,"Sabin Center, Opposition to Renewable Energy Facilities in t",moratorium,4,"conflict: both kept, review",https://townoflymeny.gov/wp-content/uploads/2025/08/Lyme-Solar-Law-Rev-1_9-4-25_redline.pdf
solar:3604930796,NY,Greig Town,solar,height_limit,2,restricting mechanism (default),mn:ny-greig-lewis-county-2026,"Moratorium Nation (mjbommar/moratorium-data-2026), CC-BY-4.0",moratorium,4,"conflict: both kept, review",https://lewiscountyny.gov/wp-content/uploads/2025/09/Town-of-Greig-Zoning-Law-Sep-2025-Final.pdf
solar:3604930796,NY,Greig Town,solar,height_limit,2,restricting mechanism (default),sabin:S26R-5733,"Sabin Center, Opposition to Renewable Energy Facilities in t",ban_or_moratorium,4,"conflict: both kept, review",https://lewiscountyny.gov/wp-content/uploads/2025/09/Town-of-Greig-Zoning-Law-Sep-2025-Final.pdf
solar:3604943731,NY,Lowville Town,solar,height_limit,2,restricting mechanism (default),sabin:S26R-5730,"Sabin Center, Opposition to Renewable Energy Facilities in t",size_cap,2,"conflict: both kept, review",https://lewiscountyny.gov/wp-content/uploads/2022/10/Town-of-Lowville-Alternative-Energy-Law.pdf
solar:3604955497,NY,Osceola Town,solar,setback,2,restricting mechanism (default),sabin:S26R-5732,"Sabin Center, Opposition to Renewable Energy Facilities in t",size_cap,2,"conflict: both kept, review",https://lewiscountyny.gov/wp-content/uploads/2024/02/2023-Town-of-Osceola-Zoning-Law.pdf
solar:3604981094,NY,West Turin Town,solar,zoning_restriction,2,restricting mechanism (default),sabin:S26R-5728,"Sabin Center, Opposition to Renewable Energy Facilities in t",ban_or_moratorium,4,"conflict: both kept, review",https://lewiscountyny.gov/wp-content/uploads/2025/10/T-West-Turin-Zoning-25.pdf
solar:3605712122,NY,Canajoharie Town,solar,height_limit,2,restricting mechanism (default),sabin:S26R-5727,"Sabin Center, Opposition to Renewable Energy Facilities in t",moratorium,4,"conflict: both kept, review",https://www.avangrid.com/documents/453723/3564237/Exhibit%2B31_FINAL.pdf/daad6311-e529-1015-7eb7-219442036d9a
solar:3606511858,NY,Camden Town,solar,height_limit,2,restricting mechanism (default),sabin:S26R-5718,"Sabin Center, Opposition to Renewable Energy Facilities in t",setback,2,"conflict: both kept, review",https://ecode360.com/43790402
solar:3606715704,NY,Cicero Town,solar,height_limit,2,restricting mechanism (default),sabin:S26R-5717,"Sabin Center, Opposition to Renewable Energy Facilities in t",ban_or_moratorium,4,"conflict: both kept, review",https://ecode360.com/37935014
solar:3606759036,NY,Pompey Town,solar,setback,2,restricting mechanism (default),sabin:S26R-5714,"Sabin Center, Opposition to Renewable Energy Facilities in t",ban_or_moratorium,4,"conflict: both kept, review",https://cms2.revize.com/revize/schohariecountyny/Documents/Departments/Community%20Development/Planning%20And%20Zoning/Solar/Sample%20Solar%20Ordinances/TownofPompeySolarLocalLaw.pdf
solar:3607555574,NY,Oswego City,solar,setback,2,restricting mechanism (default),mn:ny-oswego-city-2025,"Moratorium Nation (mjbommar/moratorium-data-2026), CC-BY-4.0",moratorium,4,"conflict: both kept, review",https://www.oswegony.gov/government/2019-proposed-zoning-code
solar:3607565618,NY,Schroeppel Town,solar,height_limit,2,restricting mechanism (default),mn:ny-schroeppel-2026,"Moratorium Nation (mjbommar/moratorium-data-2026), CC-BY-4.0",moratorium,4,"conflict: both kept, review",https://ecode360.com/33502790
solar:3608335463,NY,Hoosick Town,solar,height_limit,2,restricting mechanism (default),sabin:S26R-5709,"Sabin Center, Opposition to Renewable Energy Facilities in t",moratorium,4,"conflict: both kept, review",https://core-docs.s3.us-east-1.amazonaws.com/documents/asset/uploaded_file/3739/toh/5370954/Land_Use_Law_of_the_Town_of_Hoosick__Rensselaer_County__New_York.pdf
solar:3609104220,NY,Ballston Town,solar,setback,2,restricting mechanism (default),sabin:S26R-5706,"Sabin Center, Opposition to Renewable Energy Facilities in t",ban_or_moratorium,4,"conflict: both kept, review",https://townofballstonny.gov/DocumentCenter/View/2069/Proposed-Local-Law-5-of-2025-Solar-Updates-PDF
solar:3609116353,NY,Clifton Park Town,solar,height_limit,2,restricting mechanism (default),sabin:REC-0297,"Sabin Center, Opposition to Renewable Energy Facilities in t",moratorium,4,"conflict: both kept, review",https://ecode360.com/6715749
solar:3609329366,NY,Glenville Town,solar,setback,2,restricting mechanism (default),sabin:S26R-5702,"Sabin Center, Opposition to Renewable Energy Facilities in t",moratorium,4,"conflict: both kept, review",https://www.townofglenville.gov/home/files/gecc-solar-attachments
solar:3610104770,NY,Bath Town,solar,height_limit,2,restricting mechanism (default),sabin:S26R-5695,"Sabin Center, Opposition to Renewable Energy Facilities in t",size_cap,2,"conflict: both kept, review",https://ecode360.com/36597338
solar:3610516661,NY,Cochecton Town,solar,height_limit,2,restricting mechanism (default),sabin:S26R-5686,"Sabin Center, Opposition to Renewable Energy Facilities in t",ban_or_moratorium,4,"conflict: both kept, review",https://ecode360.com/26992708
solar:3610544809,NY,Mamakating Town,solar,height_limit,2,restricting mechanism (default),sabin:S26R-5687,"Sabin Center, Opposition to Renewable Energy Facilities in t",size_cap,2,"conflict: both kept, review",https://www.mamakating.gov/DocumentCenter/View/545/1JN5730-Solar-Energy-Systems-LL
solar:3610751121,NY,Nichols Town,solar,height_limit,2,restricting mechanism (default),sabin:S26R-5684,"Sabin Center, Opposition to Renewable Energy Facilities in t",size_cap,2,"conflict: both kept, review",https://ecode360.com/37349126
solar:3610924548,NY,Enfield Town,solar,height_limit,2,restricting mechanism (default),sabin:REC-0302,"Sabin Center, Opposition to Renewable Energy Facilities in t",moratorium,4,"conflict: both kept, review",https://townofenfield.org/wp-content/uploads/2019/09/2019-2-Solar-Law-Addendum-to-Site-Plan-Review-Law.pdf
solar:3611137143,NY,Hurley Town,solar,height_limit,2,restricting mechanism (default),sabin:S26R-5677,"Sabin Center, Opposition to Renewable Energy Facilities in t",ban_or_moratorium,4,"conflict: both kept, review",https://ecode360.com/7703242
solar:3611139738,NY,Kingston Town,solar,height_limit,2,restricting mechanism (default),sabin:S26R-5675,"Sabin Center, Opposition to Renewable Energy Facilities in t",size_cap,2,"conflict: both kept, review",https://ecode360.com/32428686
solar:3611158552,NY,Plattekill Town,solar,height_limit,2,restricting mechanism (default),sabin:S26R-5676,"Sabin Center, Opposition to Renewable Energy Facilities in t",size_cap,2,"conflict: both kept, review",https://ecode360.com/32766079
solar:37003,NC,Alexander County,solar,height_limit,2,restricting mechanism (default),sabin:S26R-5671,"Sabin Center, Opposition to Renewable Energy Facilities in t",ban_or_moratorium,4,"conflict: both kept, review",https://alexandercountync.gov/pdf/land-development-code.pdf
solar:37027,NC,Caldwell County,solar,height_limit,2,restricting mechanism (default),sabin:S26R-5668,"Sabin Center, Opposition to Renewable Energy Facilities in t",size_cap,2,"conflict: both kept, review",https://caldwellcountync.org/DocumentCenter/View/496/Zoning-Ordinance-PDF
solar:37045,NC,Cleveland County,solar,setback,2,restricting mechanism (default),sabin:S26R-5666,"Sabin Center, Opposition to Renewable Energy Facilities in t",ban_or_moratorium,4,"conflict: both kept, review",https://nationalland.com/listing-document/126553/65962c299ff6c.pdf
solar:37053,NC,Currituck County,solar,height_limit,2,restricting mechanism (default),sabin:REC-0310,"Sabin Center, Opposition to Renewable Energy Facilities in t",ban_or_moratorium,4,"conflict: both kept, review",https://www.currituckcountync.gov/wp-content/uploads/UDO.pdf
solar:37089,NC,Henderson County,solar,height_limit,2,restricting mechanism (default),sabin:S26R-5659,"Sabin Center, Opposition to Renewable Energy Facilities in t",ban_or_moratorium,4,"conflict: both kept, review",https://www.hendersoncountync.gov/code-document/article-ii-zoning-district-regulations
solar:37091,NC,Hertford County,solar,height_limit,2,restricting mechanism (default),sabin:S26R-5658,"Sabin Center, Opposition to Renewable Energy Facilities in t",ban_or_moratorium,4,"conflict: both kept, review",https://cms9files.revize.com/hertfordcounty/Draft_Zoning%20Revisions_May2021.pdf
solar:37133,NC,Onslow County,solar,height_limit,2,restricting mechanism (default),sabin:S26R-5653,"Sabin Center, Opposition to Renewable Energy Facilities in t",ban_or_moratorium,4,"conflict: both kept, review",https://www.onslowcountync.gov/DocumentCenter/View/23667/Article-9---Additional-Required-Standards
solar:37139,NC,Pasquotank County,solar,height_limit,2,restricting mechanism (default),mn:nc-pasquotank-county-solar-2026,"Moratorium Nation (mjbommar/moratorium-data-2026), CC-BY-4.0",moratorium,4,"conflict: both kept, review",https://static1.squarespace.com/static/5b0584b6aa49a1a281fb3205/t/611bd2e019a9047a8492ddd1/1629213410065/Zoning%20Ordinance%20adopted%20June%2021%202021.pdf
solar:37139,NC,Pasquotank County,solar,height_limit,2,restricting mechanism (default),sabin:S26R-5651,"Sabin Center, Opposition to Renewable Energy Facilities in t",ban_or_moratorium,4,"conflict: both kept, review",https://static1.squarespace.com/static/5b0584b6aa49a1a281fb3205/t/611bd2e019a9047a8492ddd1/1629213410065/Zoning%20Ordinance%20adopted%20June%2021%202021.pdf
solar:37143,NC,Perquimans County,solar,height_limit,2,restricting mechanism (default),sabin:S26R-5650,"Sabin Center, Opposition to Renewable Energy Facilities in t",ban_or_moratorium,4,"conflict: both kept, review",https://wiseenergy.org/Energy/Timbermill/Perquimans_Zoning_Ordinance.pdf
solar:38011,ND,Bowman County,solar,height_limit,2,restricting mechanism (default),sabin:S26R-5646,"Sabin Center, Opposition to Renewable Energy Facilities in t",setback,2,"conflict: both kept, review",https://bowmannd.com/wp-content/uploads/2024/12/2024-ZONING-ORDINACE.pdf
solar:38053,ND,McKenzie County,solar,setback,3,solar setback 1000 ft,sabin:S26R-5641,"Sabin Center, Opposition to Renewable Energy Facilities in t",setback,2,"conflict: both kept, review",https://storage.googleapis.com/proudcity/mckenziecountynd/2025/10/28d5443a-mckenzie-county-land-development-ordinance_2025.pdf
solar:39029,OH,Columbiana County,solar,zoning_restriction,2,restricting mechanism (default),sabin:REC-0345,"Sabin Center, Opposition to Renewable Energy Facilities in t",ban,4,"conflict: both kept, review",https://codelibrary.amlegal.com/codes/columbiana/latest/columbiana_oh/0-0-0-27065
solar:39057,OH,Greene County,solar,size_cap,2,restricting mechanism (default),sabin:REC-0350,"Sabin Center, Opposition to Renewable Energy Facilities in t",ban,4,"conflict: both kept, review",https://www.greenecountyohio.gov/DocumentCenter/View/7862/Miami-Township-Zoning-Resolution-4-21-25-PDF?bidId=
solar:39103,OH,Medina County,solar,height_limit,2,restricting mechanism (default),sabin:S26R-5611,"Sabin Center, Opposition to Renewable Energy Facilities in t",ban_or_moratorium,4,"conflict: both kept, review",https://codelibrary.amlegal.com/codes/medina/latest/medina_oh/0-0-0-29637
solar:41013,OR,Crook County,solar,setback,2,restricting mechanism (default),mn:or-crook-county-undated,"Moratorium Nation (mjbommar/moratorium-data-2026), CC-BY-4.0",moratorium,2,"conflict: both kept, review",https://www.codepublishing.com/OR/CrookCounty/html/CrookCounty18/CrookCounty18161.html
solar:41015,OR,Curry County,solar,size_cap,2,restricting mechanism (default),sabin:S26R-5599,"Sabin Center, Opposition to Renewable Energy Facilities in t",size_cap,2,duplicate: not published again,https://cms6.revize.com/revize/currycounty/document_center/community%20devlopements/Curry%20County%20Zoning%20Ordinance%20Update%20-%202022.pdf
solar:41053,OR,Polk County,solar,size_cap,2,restricting mechanism (default),sabin:S26R-5598,"Sabin Center, Opposition to Renewable Energy Facilities in t",size_cap,2,duplicate: not published again,https://www.co.polk.or.us/sites/default/files/fileattachments/planning_division/page/3121/chapter_136_2024_update.pdf
solar:41063,OR,Wallowa County,solar,size_cap,2,restricting mechanism (default),sabin:S26R-5596,"Sabin Center, Opposition to Renewable Energy Facilities in t",size_cap,2,duplicate: not published again,https://www.co.wallowa.or.us/media/3006
solar:4200325904,PA,Findlay Township,solar,height_limit,2,restricting mechanism (default),sabin:S26R-5592,"Sabin Center, Opposition to Renewable Energy Facilities in t",ban_or_moratorium,4,"conflict: both kept, review",https://www.findlay.pa.us/DocumentCenter/View/2840/424---Solar-Energy-Facility-041019pdf
solar:4200356384,PA,O'Hara Township,solar,height_limit,2,restricting mechanism (default),sabin:S26R-5587,"Sabin Center, Opposition to Renewable Energy Facilities in t",size_cap,2,"conflict: both kept, review",https://www.ohara.pa.us/sites/g/files/vyhlif6181/f/uploads/zoning_ord_1361.pdf
solar:4200382800,PA,West Deer Township,solar,setback,2,restricting mechanism (default),sabin:S26R-5594,"Sabin Center, Opposition to Renewable Energy Facilities in t",ban_or_moratorium,4,"conflict: both kept, review","https://cms2.revize.com/revize/westdeer/Document%20Center/Agenda%20&%20Minutes/Board%20Of%20Supervisors/2025/Agenda/Public%20Hearing%20-%20Zoning%20Amendments%20July%2016,%202025.pdf"
solar:4200727336,PA,Franklin Township,solar,setback,2,restricting mechanism (default),sabin:S26R-5584,"Sabin Center, Opposition to Renewable Energy Facilities in t",ban_or_moratorium,4,"conflict: both kept, review",https://franklintwpbeavercopa.gov/wp-content/uploads/2025/04/Ordinance-1-2025-Solar-Energy-Ordinance.pdf
solar:4201131352,PA,Greenwich Township,solar,height_limit,2,restricting mechanism (default),sabin:S26R-5580,"Sabin Center, Opposition to Renewable Energy Facilities in t",ban_or_moratorium,4,"conflict: both kept, review",http://www.greenwichtownshippa.org/ordinances/2021-06.pdf
solar:4201148128,PA,Maxatawny Township,solar,setback,2,restricting mechanism (default),sabin:S26R-5577,"Sabin Center, Opposition to Renewable Energy Facilities in t",size_cap,2,"conflict: both kept, review",https://www.maxatawny.org/ordinances/zoning-ordinance-amendment-2024-03.pdf
solar:4201170464,PA,Shoemakersville Borough,solar,zoning_restriction,2,restricting mechanism (default),sabin:S26R-5579,"Sabin Center, Opposition to Renewable Energy Facilities in t",size_cap,2,"conflict: both kept, review",https://shoeyboro.org/wp-content/uploads/2019/05/zoning-ordinance-20190516.pdf
solar:4201302680,PA,Antis Township,solar,height_limit,2,restricting mechanism (default),sabin:S26R-5574,"Sabin Center, Opposition to Renewable Energy Facilities in t",size_cap,2,"conflict: both kept, review",https://files.amlegal.com/pdffiles/AntisTwp/1-2024.pdf
solar:4201705616,PA,Bensalem Township,solar,height_limit,2,restricting mechanism (default),mn:pa-bensalem-township-2026,"Moratorium Nation (mjbommar/moratorium-data-2026), CC-BY-4.0",moratorium,4,"conflict: both kept, review",https://www.buckscounty.gov/DocumentCenter/View/4926/12-BCPC-Meeting-Packet-Dec-2010
solar:4202906544,PA,Birmingham Township,solar,size_cap,2,restricting mechanism (default),sabin:S26R-5561,"Sabin Center, Opposition to Renewable Energy Facilities in t",size_cap,2,duplicate: not published again,https://www.birminghamtownship.org/sites/g/files/vyhlif4161/f/uploads/2020-05.pdf
solar:4202921696,PA,East Pikeland Township,solar,setback,2,restricting mechanism (default),sabin:S26R-5557,"Sabin Center, Opposition to Renewable Energy Facilities in t",ban_or_moratorium,4,"conflict: both kept, review",https://www.chescoplanning.org/uandi/pdf/EastPikelandSolarWindOrdinance.pdf
solar:4202984104,PA,Westtown Township,solar,setback,2,restricting mechanism (default),sabin:S26R-5558,"Sabin Center, Opposition to Renewable Energy Facilities in t",ban_or_moratorium,4,"conflict: both kept, review",https://westtownpa.org/wp-content/uploads/2012/02/Alternative-Renewable-Energy-final-draft-5-8-2013.pdf
solar:4203317840,PA,Curwensville Borough,solar,height_limit,2,restricting mechanism (default),sabin:S26R-5555,"Sabin Center, Opposition to Renewable Energy Facilities in t",ban_or_moratorium,4,"conflict: both kept, review",https://img1.wsimg.com/blobby/go/2ebf1aa9-0e08-4d1a-8fa4-78639a7a6791/downloads/471feea2-5878-4809-bb4a-cd12ba4bb7b9/Ord%20504%20Solar%20and%20Wind%20Energy.pdf?ver=1734631997649
solar:4204315640,PA,Conewago Township,solar,height_limit,2,restricting mechanism (default),sabin:S26R-5553,"Sabin Center, Opposition to Renewable Energy Facilities in t",ban_or_moratorium,4,"conflict: both kept, review",https://conewagotownship.com/wp-content/uploads/2025/10/Ordinance-No.-2022-3-Solar-Energy.pdf
solar:4207354768,PA,North Beaver Township,solar,setback,2,restricting mechanism (default),sabin:REC-0378,"Sabin Center, Opposition to Renewable Energy Facilities in t",ban,4,"conflict: both kept, review",https://www.attorneygeneral.gov/wp-content/uploads/2022/05/North-Beaver-Township-Ordinance.pdf
solar:4212113136,PA,Cherrytree Township,solar,height_limit,2,restricting mechanism (default),sabin:S26R-5537,"Sabin Center, Opposition to Renewable Energy Facilities in t",ban_or_moratorium,4,"conflict: both kept, review",https://www.cherrytreetwp.com/Zoning/08112021-Ord01-2021EntireOrdinanceWEB.pdf
solar:4212175000,PA,Sugarcreek Borough,solar,height_limit,2,restricting mechanism (default),sabin:S26R-5536,"Sabin Center, Opposition to Renewable Energy Facilities in t",size_cap,2,"conflict: both kept, review",https://www.sugarcreekborough.us/documents/ordinance22zoning.pdf
solar:4400374300,RI,Warwick City,solar,height_limit,2,restricting mechanism (default),sabin:REC-0390,"Sabin Center, Opposition to Renewable Energy Facilities in t",moratorium,4,"conflict: both kept, review",https://www.warwickri.gov/sites/g/files/vyhlif12206/f/agendas/solar_ordinance_-_zoning_0.pdf
solar:4400719180,RI,Cranston City,solar,height_limit,2,restricting mechanism (default),sabin:REC-0391,"Sabin Center, Opposition to Renewable Energy Facilities in t",ban_or_moratorium,4,"conflict: both kept, review",https://ecode360.com/CR6930/laws/LF2432248.pdf
solar:45017,SC,Calhoun County,solar,height_limit,2,restricting mechanism (default),sabin:REC-0394,"Sabin Center, Opposition to Renewable Energy Facilities in t",moratorium,4,"conflict: both kept, review",https://des.sc.gov/sites/des/files/media/document/CalhounCounty-Solar.pdf
solar:45017,SC,Calhoun County,solar,height_limit,2,restricting mechanism (default),sabin:REC-0395,"Sabin Center, Opposition to Renewable Energy Facilities in t",setback,2,"conflict: both kept, review",https://des.sc.gov/sites/des/files/media/document/CalhounCounty-Solar.pdf
solar:45037,SC,Edgefield County,solar,height_limit,2,restricting mechanism (default),sabin:S26R-5529,"Sabin Center, Opposition to Renewable Energy Facilities in t",setback,2,"conflict: both kept, review",https://edgefieldcounty.sc.gov/wp-content/uploads/2021/10/24-84-Roger-edit-10.06.21.pdf
solar:45069,SC,Marlboro County,solar,height_limit,2,restricting mechanism (default),sabin:S26R-5528,"Sabin Center, Opposition to Renewable Energy Facilities in t",size_cap,2,"conflict: both kept, review",https://cms2.revize.com/revize/marlborocosc/Ordinances/Ordinance%20818%20-%20Conditions%20for%20Solar%20Energy%20Systems.pdf
solar:46011,SD,Brookings County,solar,height_limit,2,restricting mechanism (default),sabin:S26R-5527,"Sabin Center, Opposition to Renewable Energy Facilities in t",setback,2,"conflict: both kept, review",https://www.brookingscountysd.gov/AgendaCenter/ViewFile/Item/14811?fileID=11840
solar:46097,SD,Miner County,solar,height_limit,2,restricting mechanism (default),sabin:S26R-5523,"Sabin Center, Opposition to Renewable Energy Facilities in t",setback,2,"conflict: both kept, review",https://minercountysd.org/media/miner-county/documents/Miner%20County%20Zoning%20Manual.pdf
solar:46103,SD,Pennington County,solar,moratorium,4,in-force moratorium,mn:sd-pennington-county-2024,"Moratorium Nation (mjbommar/moratorium-data-2026), CC-BY-4.0",moratorium,4,duplicate: not published again,https://pennco.org/index.asp?SEC=3782921E-EB80-4198-B62D-3BB261AA5106
solar:46109,SD,Roberts County,solar,height_limit,2,restricting mechanism (default),sabin:S26R-5521,"Sabin Center, Opposition to Renewable Energy Facilities in t",setback,2,"conflict: both kept, review",https://robertscosd.gov/files/2022/10/Roberts-County-Zoning-Ordinance-042021.pdf
solar:47075,TN,Haywood County,solar,setback,2,restricting mechanism (default),sabin:S26R-5516,"Sabin Center, Opposition to Renewable Energy Facilities in t",setback,2,duplicate: not published again,https://haywoodtn.gov/wp-content/uploads/2024/07/Haywood-County-Zoning-Resolution-July-2024.pdf
solar:49021,UT,Iron County,solar,height_limit,2,restricting mechanism (default),mn:ut-iron-county-2026,"Moratorium Nation (mjbommar/moratorium-data-2026), CC-BY-4.0",moratorium,4,"conflict: both kept, review",https://mcclibraryfunctions.azurewebsites.us/api/ordinanceDownload/16163/447476/pdf?forceDownload=true
solar:49025,UT,Kane County,solar,setback,3,solar setback 2640 ft,sabin:REC-0437,"Sabin Center, Opposition to Renewable Energy Facilities in t",setback,3,duplicate: not published again,https://codelibrary.amlegal.com/codes/kanecountyut/latest/kanecounty_ut/0-0-0-3811
solar:5000764300,VT,Shelburne Town,solar,setback,2,restricting mechanism (default),sabin:S26R-5476,"Sabin Center, Opposition to Renewable Energy Facilities in t",siting_standard,2,"conflict: both kept, review",https://outside.vermont.gov/agency/ACCD/bylaws/Bylaws%20and%20Plans%20Approved/Shelburne_Adopted_SolarScreeningOrdinance_July_2016.pdf
solar:51007,VA,Amelia County,solar,setback,3,solar setback 1000 ft,sabin:S26R-5472,"Sabin Center, Opposition to Renewable Energy Facilities in t",setback,2,"conflict: both kept, review",https://ecode360.com/36748075
solar:51009,VA,Amherst County,solar,height_limit,2,restricting mechanism (default),sabin:REC-0448,"Sabin Center, Opposition to Renewable Energy Facilities in t",ban,4,"conflict: both kept, review",https://www.countyofamherst.com/egov/documents/1712238866_86414.pdf
solar:51033,VA,Caroline County,solar,size_cap,2,restricting mechanism (default),sabin:S26R-5467,"Sabin Center, Opposition to Renewable Energy Facilities in t",size_cap,2,duplicate: not published again,https://co.caroline.va.us/1243/Standards-for-Minor-Solar-Energy-Project
solar:51043,VA,Clarke County,solar,noise_limit,2,restricting mechanism (default),sabin:REC-0453,"Sabin Center, Opposition to Renewable Energy Facilities in t",ban_or_moratorium,4,"conflict: both kept, review",https://www.tranzon.com/otherdocs/clarke_county_zoning_14226.pdf
solar:51047,VA,Culpeper County,solar,height_limit,2,restricting mechanism (default),sabin:REC-0454,"Sabin Center, Opposition to Renewable Energy Facilities in t",size_cap,2,"conflict: both kept, review",https://web.culpepercounty.gov/media/5961
solar:51061,VA,Fauquier County,solar,height_limit,2,restricting mechanism (default),sabin:REC-0455,"Sabin Center, Opposition to Renewable Energy Facilities in t",size_cap,2,"conflict: both kept, review",https://go.boarddocs.com/va/corva/Board.nsf/files/C5RLKY5688A7/$file/Fauquier%20County%20Solar%20Ordinance%20Requirements%20-%20ART_05.pdf
solar:51067,VA,Franklin County,solar,height_limit,2,restricting mechanism (default),sabin:REC-0456,"Sabin Center, Opposition to Renewable Energy Facilities in t",size_cap,2,"conflict: both kept, review",https://www.franklincountyva.gov/DocumentCenter/View/3341/Finalized-Zoning-Amendment-Chapter-25--Solar-Facilities-2022-PDF?bidId=
solar:51071,VA,Giles County,solar,height_limit,2,restricting mechanism (default),sabin:S26R-5461,"Sabin Center, Opposition to Renewable Energy Facilities in t",ban_or_moratorium,4,"conflict: both kept, review",https://virginiasmtnplayground.com/wp-content/uploads/2025/10/Zoning-Ordinance-CURRENT-9-29-95.pdf
solar:51075,VA,Goochland County,solar,height_limit,2,restricting mechanism (default),sabin:S26R-5460,"Sabin Center, Opposition to Renewable Energy Facilities in t",size_cap,2,"conflict: both kept, review",https://www.goochlandva.us/DocumentCenter/View/9224/Draft-Solar-Policy-?bidId=
solar:51077,VA,Grayson County,solar,height_limit,2,restricting mechanism (default),sabin:REC-0457,"Sabin Center, Opposition to Renewable Energy Facilities in t",setback,3,"conflict: both kept, review",https://graysoncountyva.gov/AgendaCenter/ViewFile/Minutes/_06132024-15
solar:51081,VA,Greensville County,solar,size_cap,2,restricting mechanism (default),sabin:REC-0458,"Sabin Center, Opposition to Renewable Energy Facilities in t",size_cap,2,duplicate: not published again,https://www.greensvillecountyva.gov/Documents%20Center/Agenda%20&%20Minutes/Board%20of%20Supervisors/2024/Agenda/Board%20of%20Supervisors%20Agenda%20-%2006032024%20PT%202.pdf?t=202406180929220
solar:51083,VA,Halifax County,solar,size_cap,2,restricting mechanism (default),sabin:REC-0459,"Sabin Center, Opposition to Renewable Energy Facilities in t",setback,3,"conflict: both kept, review",https://halifaxcountyva.gov/DocumentCenter/View/930
solar:51087,VA,Henrico County,solar,height_limit,2,restricting mechanism (default),sabin:S26R-5456,"Sabin Center, Opposition to Renewable Energy Facilities in t",ban_or_moratorium,4,"conflict: both kept, review",https://henrico.gov/pdfs/countyattorney/Chpt024Zoning.pdf
solar:51095,VA,James City County,solar,setback,2,restricting mechanism (default),sabin:REC-0460,"Sabin Center, Opposition to Renewable Energy Facilities in t",ban_or_moratorium,4,"conflict: both kept, review",https://www.jamescitycountyva.gov/DocumentCenter/View/38637/Solar-Policy-PDF
solar:51099,VA,King George County,solar,height_limit,2,restricting mechanism (default),sabin:S26R-5452,"Sabin Center, Opposition to Renewable Energy Facilities in t",size_cap,2,"conflict: both kept, review",https://www.kinggeorgecountyva.gov/DocumentCenter/View/10212/Proposed-Sections-7-7-8-7-7-9-7-7-10-Solarpdf
solar:51101,VA,King William County,solar,height_limit,2,restricting mechanism (default),sabin:S26R-5451,"Sabin Center, Opposition to Renewable Energy Facilities in t",ban_or_moratorium,4,"conflict: both kept, review",https://kwc.gov/DocumentCenter/View/3380/Chapter-86---Zoning--Subdivision-Ordinance
solar:51111,VA,Lunenburg County,solar,height_limit,2,restricting mechanism (default),sabin:S26R-5449,"Sabin Center, Opposition to Renewable Energy Facilities in t",ban,4,"conflict: both kept, review",https://cms5.revize.com/revize/lunenburg/SMOOTH%20VERSION%20OF%20ORDINANCE%20(W-TABLE%20INCLUDED).pdf
solar:51117,VA,Mecklenburg County,solar,height_limit,2,restricting mechanism (default),sabin:S26R-5447,"Sabin Center, Opposition to Renewable Energy Facilities in t",ban,4,"conflict: both kept, review",https://www.mecklenburgva.com/DocumentCenter/View/860/2023-Zoning-Ordinance
solar:51135,VA,Nottoway County,solar,setback,3,solar setback 1200 ft,sabin:S26R-5446,"Sabin Center, Opposition to Renewable Energy Facilities in t",setback,2,"conflict: both kept, review","https://cms8.revize.com/revize/nottowaycountyva/BOS%20Adopted%20Solar%20Ordinance%20April%2017,%202025%20with%20attachments.pdf"
solar:51139,VA,Page County,solar,height_limit,2,restricting mechanism (default),sabin:S26R-5445,"Sabin Center, Opposition to Renewable Energy Facilities in t",setback,2,"conflict: both kept, review",https://www.pagecounty.virginia.gov/DocumentCenter/View/3138/Chapter-134-
solar:51149,VA,Prince George County,solar,height_limit,2,restricting mechanism (default),sabin:S26R-5443,"Sabin Center, Opposition to Renewable Energy Facilities in t",size_cap,2,"conflict: both kept, review",https://www.princegeorgecountyva.gov/planning%20and%20zoning/Solar%20Energy%20Facility%20Siting%20Policy%20-%20adopted%206-10-25.pdf
solar:51171,VA,Shenandoah County,solar,noise_limit,2,restricting mechanism (default),sabin:S26R-5441,"Sabin Center, Opposition to Renewable Energy Facilities in t",size_cap,2,"conflict: both kept, review",https://www.shenandoahcountyva.gov/AgendaCenter/ViewFile/Agenda/_03242022-323
solar:51175,VA,Southampton County,solar,height_limit,2,restricting mechanism (default),sabin:S26R-5439,"Sabin Center, Opposition to Renewable Energy Facilities in t",setback,3,"conflict: both kept, review","https://cms7files1.revize.com/southamptoncountyva/BOS%20Agenda%202022/March%2022,%202022/No.%2015%20-%20Draft%20Ordinance%20-%20Utility%20Scale%20Solar%20Projects.pdf"
solar:51179,VA,Stafford County,solar,setback,2,restricting mechanism (default),sabin:S26R-5438,"Sabin Center, Opposition to Renewable Energy Facilities in t",ban_or_moratorium,4,"conflict: both kept, review",https://staffordcountyva.gov/Planning%20and%20Zoning/O23-01%20Solar.pdf
solar:53025,WA,Grant County,solar,height_limit,2,restricting mechanism (default),sabin:REC-0462,"Sabin Center, Opposition to Renewable Energy Facilities in t",moratorium,4,"conflict: both kept, review",https://www.grantcountywa.gov/DocumentCenter/View/595/Chapter-2308-Performance-and-Use-Specific-Standards-PDF
solar:53039,WA,Klickitat County,solar,height_limit,2,restricting mechanism (default),sabin:REC-0464,"Sabin Center, Opposition to Renewable Energy Facilities in t",setback,2,"conflict: both kept, review",https://library.municode.com/wa/klickitat_county/codes/code_of_ordinances?nodeId=TIT19ZO_CH19.39ENOVZO
solar:53077,WA,Yakima County,solar,height_limit,2,restricting mechanism (default),sabin:REC-0465,"Sabin Center, Opposition to Renewable Energy Facilities in t",moratorium,4,"conflict: both kept, review",https://www.yakimacounty.us/DocumentCenter/View/40615/LRN23-001_Proposed_Solar_Ord_PC_Draft_4_9_25
solar:55059,WI,Kenosha County,solar,height_limit,2,restricting mechanism (default),sabin:S26R-5420,"Sabin Center, Opposition to Renewable Energy Facilities in t",ban_or_moratorium,4,"conflict: both kept, review",https://www.kenoshacountywi.gov/DocumentCenter/View/16146/O6-Zoning-Solar-Energy-Systems
solar:55113,WI,Sawyer County,solar,moratorium,4,in-force moratorium,sabin:S26R-5408,"Sabin Center, Opposition to Renewable Energy Facilities in t",moratorium,4,duplicate: not published again,https://www.sawyercountygov.org/DocumentCenter/View/61333/CLEAN-Solar-Moratorium-Ordinance
solar:56033,WY,Sheridan County,solar,height_limit,2,restricting mechanism (default),sabin:S26R-5402,"Sabin Center, Opposition to Renewable Energy Facilities in t",ban_or_moratorium,4,"conflict: both kept, review",https://www.sheridancountywy.gov/Document%20Center/Departments/Public%20Works'/Building%20In%20the%20County/Solar-Energy-Permit-Rules-Filed-Copy.pdf?t=202305220813320
wind:01003,AL,Baldwin County,wind,setback,3,wind setback 5x height,sabin:REC-0001,"Sabin Center, Opposition to Renewable Energy Facilities in t",ban,4,"conflict: both kept, review",https://alison.legislature.state.al.us/files/pdf/SearchableInstruments/2014RS/PrintFiles/SB12-Eng.pdf
wind:01019,AL,Cherokee County,wind,setback,2,restricting mechanism (default),sabin:REC-0002,"Sabin Center, Opposition to Renewable Energy Facilities in t",setback,2,duplicate: not published again,https://alison.legislature.state.al.us/files/pdf/SearchableInstruments/2014RS/PrintFiles/SB402-Int.pdf
wind:01049,AL,DeKalb County,wind,setback,2,restricting mechanism (default),sabin:REC-0003,"Sabin Center, Opposition to Renewable Energy Facilities in t",setback,2,duplicate: not published again,https://alison.legislature.state.al.us/files/pdf/SearchableInstruments/2015RS/PrintFiles/SB459-Int.pdf
wind:01055,AL,Etowah County,wind,setback,2,restricting mechanism (default),sabin:REC-0004,"Sabin Center, Opposition to Renewable Energy Facilities in t",setback,2,duplicate: not published again,https://alison.legislature.state.al.us/files/pdf/SearchableInstruments/2014RS/PrintFiles/SB403-Int.pdf
wind:02020,AK,Anchorage County,wind,height_limit,3,wind height limit,sabin:S26R-6259,"Sabin Center, Opposition to Renewable Energy Facilities in t",height_limit,3,duplicate: not published again,https://www.muni.org/Departments/Assembly/legislation/2010%20Ordinances/AO2010-050_(S).PDF
wind:04001,AZ,Apache County,wind,setback,2,restricting mechanism (default),sabin:S26R-6258,"Sabin Center, Opposition to Renewable Energy Facilities in t",ban_or_moratorium,4,"conflict: both kept, review",https://www.apachecountyaz.gov/accnt_591117/site_591118/Documents/Utility-Renewable-Energy-Systems.pdf
wind:04017,AZ,Navajo County,wind,setback,3,wind setback 2640 ft / 1.5x height,sabin:S26R-6256,"Sabin Center, Opposition to Renewable Energy Facilities in t",ban_or_moratorium,4,"conflict: both kept, review",https://www.navajocountyaz.gov/DocumentCenter/View/1225/Wind-Ordinance---Ordinance-06-10---Wind-Energy-Generation-Facilities---as-approved-by-BOS---26-OCT-10---Recorded-2010-18699-PDF
wind:06007,CA,Butte County,wind,setback,2,restricting mechanism (default),sabin:S26R-6251,"Sabin Center, Opposition to Renewable Energy Facilities in t",ban_or_moratorium,4,"conflict: both kept, review",https://library.municode.com/ca/butte_county/codes/code_of_ordinances?nodeId=CH24ZO_ARTIVSUUSRE_DIV1SUUSRE_24-162HOOC
wind:06013,CA,Contra Costa County,wind,setback,2,restricting mechanism (default),sabin:S26R-6250,"Sabin Center, Opposition to Renewable Energy Facilities in t",setback,2,duplicate: not published again,https://library.municode.com/ca/contra_costa_county/codes/ordinance_code?nodeId=TIT8ZO_DIV88SPLAUS_CH88-3WIENCOSY_88-3.418PEPPIN
wind:06017,CA,El Dorado County,wind,height_limit,3,wind height limit,sabin:S26R-6248,"Sabin Center, Opposition to Renewable Energy Facilities in t",ban_or_moratorium,4,"conflict: both kept, review",https://library.municode.com/ca/el_dorado_county/codes/code_of_ordinances%20?nodeId=TIT130ZO_ART9MI
wind:06047,CA,Merced County,wind,zoning_restriction,2,restricting mechanism (default),sabin:S26R-6244,"Sabin Center, Opposition to Renewable Energy Facilities in t",ban_or_moratorium,4,"conflict: both kept, review",https://library.municode.com/ca/merced/codes/code_of_ordinances?nodeId=TIT20ZO_PT4PEAD_CH20.70PUNOHE
wind:06053,CA,Monterey County,wind,height_limit,3,wind height limit,sabin:S26R-6243,"Sabin Center, Opposition to Renewable Energy Facilities in t",height_limit,3,duplicate: not published again,http://www2.co.monterey.ca.us/planning/docs/ordinances/Title20/20.64.120%20WIND%20ENERGY.htm
wind:06071,CA,San Bernardino County,wind,height_limit,3,wind height limit,sabin:REC-0021,"Sabin Center, Opposition to Renewable Energy Facilities in t",ban,4,"conflict: both kept, review",https://codelibrary.amlegal.com/codes/sanbernardino/latest/sanberncty_ca/0-0-0-172597
wind:06103,CA,Tehama County,wind,setback,2,restricting mechanism (default),sabin:S26R-6239,"Sabin Center, Opposition to Renewable Energy Facilities in t",ban_or_moratorium,4,"conflict: both kept, review",https://mcclibraryfunctions.azurewebsites.us/api/ordinanceDownload/16653/836361/pdf?forceDownload=true
wind:06113,CA,Yolo County,wind,height_limit,3,wind height limit,sabin:S26R-6237,"Sabin Center, Opposition to Renewable Energy Facilities in t",ban_or_moratorium,4,"conflict: both kept, review",https://codelibrary.amlegal.com/codes/yolocounty/latest/yolo/0-0-0-29767
wind:06115,CA,Yuba County,wind,height_limit,3,wind height limit,sabin:S26R-6236,"Sabin Center, Opposition to Renewable Energy Facilities in t",height_limit,3,duplicate: not published again,https://cms7files.revize.com/yubaca/Planning%20Department%20Documents/2024%20Development%20Code%20Update/Division%20III%202024.pdf
wind:08031,CO,Denver County,wind,height_limit,3,wind height limit,sabin:S26R-6234,"Sabin Center, Opposition to Renewable Energy Facilities in t",height_limit,3,duplicate: not published again,https://www.denvergov.org/content/dam/denvergov/Portals/646/documents/Zoning/DZC/Former_Chapter_59/Former%20Chapter%2059%206.25.10.pdf
wind:08033,CO,Dolores County,wind,size_cap,2,restricting mechanism (default),sabin:S26R-6233,"Sabin Center, Opposition to Renewable Energy Facilities in t",ban_or_moratorium,4,"conflict: both kept, review",https://library.municode.com/co/dolores/codes/code_of_ordinances?nodeId=APXALAUSCO_ART4UECST
wind:08099,CO,Prowers County,wind,setback,2,restricting mechanism (default),sabin:S26R-6224,"Sabin Center, Opposition to Renewable Energy Facilities in t",setback,2,duplicate: not published again,https://cms1files.revize.com/prowerscounty/document_center/LandUse/Zoning%20Regulations%20Final%2012-5-2023.pdf
wind:08123,CO,Weld County,wind,height_limit,3,wind height limit,sabin:S26R-6220,"Sabin Center, Opposition to Renewable Energy Facilities in t",height_limit,3,duplicate: not published again,https://library.municode.com/co/weld_county/codes/charter_and_county_code?nodeId=CH23ZO_ARTIVSUDIREZOPE_DIV6PEREWIGESOENFALEFI5AC5ACSE_S23-4-455SURESTSOENFALEFI5AC5ACSE
wind:0914080070,CT,Waterbury Town,wind,height_limit,3,wind height limit,sabin:S26R-6218,"Sabin Center, Opposition to Renewable Energy Facilities in t",height_limit,3,duplicate: not published again,https://waterburyct.org/filestorage/458/551/941/Zoning-Regulation.06-01-2009.pdf
wind:0914087560,CT,Wolcott Town,wind,height_limit,3,wind height limit,sabin:S26R-6217,"Sabin Center, Opposition to Renewable Energy Facilities in t",height_limit,3,duplicate: not published again,https://portal.ct.gov/-/media/csc/1_dockets-medialibrary/media_do400-499/do494/applicantsubmissions/application20200902/bulk/zoning-regs---wolcott_001.pdf?rev=8db6dde4220e4d51b8a645f8959e120f&hash=F39D204DA663D9D89EF8FFC605DD12D7
wind:0915077830,CT,Union Town,wind,height_limit,3,wind height limit,sabin:S26R-6216,"Sabin Center, Opposition to Renewable Energy Facilities in t",height_limit,3,duplicate: not published again,https://www.unionconnecticut.org/wp-content/uploads/2022/07/TOWN-OF-UNION-ZONING-REGS-Effective-6-1-14.pdf
wind:0916010940,CT,Canaan Town,wind,height_limit,3,wind height limit,sabin:S26R-6215,"Sabin Center, Opposition to Renewable Energy Facilities in t",height_limit,3,duplicate: not published again,https://municipal-documents.s3.amazonaws.com/uploads/canaan-falls-village-ct/planning-zoning-commission/documents/regulations/11633/Adopted%20Regulations%20July%2019%202018.pdf
wind:0916032290,CT,Goshen Town,wind,height_limit,3,wind height limit,sabin:S26R-6213,"Sabin Center, Opposition to Renewable Energy Facilities in t",ban_or_moratorium,4,"conflict: both kept, review",https://www.goshenct.gov/zoning-board-of-appeals/files/zoning-regulations
wind:0916037280,CT,Harwinton Town,wind,ban,4,ban/prohibition,sabin:S26R-6212,"Sabin Center, Opposition to Renewable Energy Facilities in t",height_limit,3,"conflict: both kept, review",https://www.harwinton.gov/731/Zoning-Regulations-PDF
wind:0916079510,CT,Warren Town,wind,height_limit,3,wind height limit,sabin:S26R-6214,"Sabin Center, Opposition to Renewable Energy Facilities in t",height_limit,3,duplicate: not published again,https://www.warrenct.gov/inland-wetlands-conservation/links/zoning-regulations-0
wind:0917034950,CT,Guilford Town,wind,height_limit,3,wind height limit,sabin:S26R-6211,"Sabin Center, Opposition to Renewable Energy Facilities in t",height_limit,3,duplicate: not published again,https://cms5.revize.com/revize/guilfordct/Document_Center/Boards%20&%20Commissions/Planning%20and%20Zoning%20Commission/pzc-approved-regs-9-21-16.pdf
wind:0918015910,CT,Colchester Town,wind,height_limit,3,wind height limit,sabin:S26R-6206,"Sabin Center, Opposition to Renewable Energy Facilities in t",height_limit,3,duplicate: not published again,https://sustainablect.org/about/participating-communities/certification-report?tx_sjcert_certification%5Baction%5D=getDocumentDownloadUri&tx_sjcert_certification%5Bcontroller%5D=Certification&tx_sjcert_certification%5Bdocument%5D=60497&cHash=64ad026f1fba2f973e3e85cb1b29819a
wind:0918033900,CT,Griswold Town,wind,height_limit,3,wind height limit,sabin:S26R-6207,"Sabin Center, Opposition to Renewable Energy Facilities in t",height_limit,3,duplicate: not published again,https://cms8.revize.com/revize/griswoldct/Document%20center/Forms%20&%20Application/Planning%20&%20Zoning%20Regulations/griswold-zoning-regulations-effective-04-01-19.pdf
wind:0918055500,CT,North Stonington Town,wind,height_limit,3,wind height limit,sabin:S26R-6210,"Sabin Center, Opposition to Renewable Energy Facilities in t",height_limit,3,duplicate: not published again,https://portal.ct.gov/-/media/csc/1_dockets-medialibrary/1_media_do500_600/do525/applicantsubmissions/application/bulk/24_-_complete_zoning_regulations_-_7-3-2023_northstonington.pdf
wind:0918062150,CT,Preston Town,wind,height_limit,3,wind height limit,sabin:S26R-6208,"Sabin Center, Opposition to Renewable Energy Facilities in t",height_limit,3,duplicate: not published again,https://www.preston-ct.org/DocumentCenter/View/3393/APPROVED-ZONING-REGULATIONS-March-18-2019rev6-25-20197-23-2019-0-23-2021doc-Repaired
wind:0919063480,CT,Redding Town,wind,height_limit,3,wind height limit,sabin:S26R-6205,"Sabin Center, Opposition to Renewable Energy Facilities in t",height_limit,3,duplicate: not published again,https://townofreddingct.org/wp-content/uploads/2020/08/Redding-Zoning-Regulations-8.18.20.pdf
wind:13095,GA,Dougherty County,wind,setback,2,restricting mechanism (default),sabin:S26R-6197,"Sabin Center, Opposition to Renewable Energy Facilities in t",ban_or_moratorium,4,"conflict: both kept, review",https://library.municode.com/ga/dougherty_county/codes/code_of_ordinances?nodeId=PTIICOOR_CH2-18ZOAIHAFLMA_S2-18-3FLREINRE
wind:16005,ID,Bannock County,wind,setback,2,restricting mechanism (default),sabin:REC-0070,"Sabin Center, Opposition to Renewable Energy Facilities in t",ban,4,"conflict: both kept, review",https://bannockcounty.us/wp-content/uploads/2021/07/current_bannock_county_zoning_ordinance_1998-1_amd_35.pdf
wind:16011,ID,Bingham County,wind,ban,4,ban/prohibition,sabin:REC-0071,"Sabin Center, Opposition to Renewable Energy Facilities in t",noise_limit,2,"conflict: both kept, review",https://www.binghamid.gov/media/Departments/PlanningandDevelopment/BinghamCountyCodeTitle10.pdf
wind:16045,ID,Gem County,wind,setback,2,restricting mechanism (default),sabin:S26R-6179,"Sabin Center, Opposition to Renewable Energy Facilities in t",setback,2,duplicate: not published again,https://codelibrary.amlegal.com/codes/gemcountyid/latest/gemcounty_id/0-0-0-2220
wind:16057,ID,Latah County,wind,setback,2,restricting mechanism (default),sabin:S26R-6177,"Sabin Center, Opposition to Renewable Energy Facilities in t",setback,2,duplicate: not published again,https://codelibrary.amlegal.com/codes/latahcountyid/latest/latahcounty_id/0-0-0-1789
wind:16081,ID,Teton County,wind,height_limit,3,wind height limit,sabin:S26R-6176,"Sabin Center, Opposition to Renewable Energy Facilities in t",height_limit,3,duplicate: not published again,https://tetonrealtyblog.com/wp-content/uploads/2016/07/Title_08_amd_20130909_final.pdf
wind:16083,ID,Twin Falls County,wind,setback,2,restricting mechanism (default),sabin:REC-0073,"Sabin Center, Opposition to Renewable Energy Facilities in t",moratorium,4,"conflict: both kept, review",https://twinfallscounty.org/wp-content/uploads/TFCO-ZONE-CODE-2022.pdf
wind:17021,IL,Christian County,wind,height_limit,3,wind height limit,sabin:REC-0076,"Sabin Center, Opposition to Renewable Energy Facilities in t",setback,2,"conflict: both kept, review",https://www.christiancountyil.gov/wp-content/uploads/Wind-Farm-Ord.pdf
wind:17053,IL,Ford County,wind,height_limit,3,wind height limit,sabin:REC-0078,"Sabin Center, Opposition to Renewable Energy Facilities in t",setback,2,"conflict: both kept, review",https://fordcounty.illinois.gov/wp-content/uploads/2021/09/RES-21-80-REVISED-WIND-ORDINANCE-APPENDIX-A-as-of-SEPT-13-2021.pdf
wind:17075,IL,Iroquois County,wind,setback,2,restricting mechanism (default),sabin:S26R-6169,"Sabin Center, Opposition to Renewable Energy Facilities in t",ban_or_moratorium,4,"conflict: both kept, review",https://iroquoiscountyil.gov/wp-content/uploads/2025/05/Iroquois-CWEF-Final-adopted-May-13-2025.pdf
wind:17091,IL,Kankakee County,wind,setback,2,restricting mechanism (default),sabin:S26R-6167,"Sabin Center, Opposition to Renewable Energy Facilities in t",ban_or_moratorium,4,"conflict: both kept, review",https://library.municode.com/il/kankakee_county/codes/code_of_ordinances?nodeId=PTIILADERE_CH121ZO
wind:17093,IL,Kendall County,wind,height_limit,3,wind height limit,sabin:S26R-6166,"Sabin Center, Opposition to Renewable Energy Facilities in t",ban_or_moratorium,4,"conflict: both kept, review",https://dekalbcounty.org/wp-content/uploads/2018/11/cd-windfarmmoratorium-matrixonwind-solar-ord.pdf
wind:17111,IL,McHenry County,wind,height_limit,3,wind height limit,sabin:S26R-6164,"Sabin Center, Opposition to Renewable Energy Facilities in t",ban_or_moratorium,4,"conflict: both kept, review",https://codelibrary.amlegal.com/codes/mchenryil/latest/mchenry_il/0-0-0-23786
wind:17133,IL,Monroe County,wind,setback,3,wind setback 2640 ft / 1.5x height,sabin:REC-0080,"Sabin Center, Opposition to Renewable Energy Facilities in t",setback,3,duplicate: not published again,https://monroecountyil.gov/wp-content/uploads/2023/08/Wind-Farm-ordinance-draft-submittal-for-planning-commission-2020-11-05.pdf
wind:17139,IL,Moultrie County,wind,setback,2,restricting mechanism (default),sabin:S26R-6162,"Sabin Center, Opposition to Renewable Energy Facilities in t",ban_or_moratorium,4,"conflict: both kept, review",https://cms9files.revize.com/moultrie//Planning%20and%20Zoning/ordinances/Wind%20Ordinance-05312023135444.pdf
wind:17147,IL,Piatt County,wind,setback,2,restricting mechanism (default),sabin:REC-0081,"Sabin Center, Opposition to Renewable Energy Facilities in t",moratorium,4,"conflict: both kept, review",https://www.piatt.gov/zoning/appendix%20a%20over%20500kw%20amended%207-13-22;5-17-23.pdf
wind:17157,IL,Randolph County,wind,setback,3,wind setback 2500 ft / 1000x height,sabin:S26R-6159,"Sabin Center, Opposition to Renewable Energy Facilities in t",ban_or_moratorium,4,"conflict: both kept, review",https://randolphcountyil.gov/wp-content/uploads/Wind-Ordinance.pdf
wind:17167,IL,Sangamon County,wind,setback,2,restricting mechanism (default),sabin:S26R-6158,"Sabin Center, Opposition to Renewable Energy Facilities in t",ban_or_moratorium,4,"conflict: both kept, review",https://sangamondepartments.blob.core.windows.net/dnnfiles/Clerk/County-Board/documents/Res13Special.pdf
wind:17179,IL,Tazewell County,wind,setback,2,restricting mechanism (default),sabin:REC-0082,"Sabin Center, Opposition to Renewable Energy Facilities in t",moratorium,4,"conflict: both kept, review",https://tazewell-il.gov/wp-content/uploads/2024/05/Wind-Farm-Ordinance.pdf
wind:17183,IL,Vermilion County,wind,setback,2,restricting mechanism (default),sabin:S26R-6156,"Sabin Center, Opposition to Renewable Energy Facilities in t",ban_or_moratorium,4,"conflict: both kept, review",https://www.vercounty.org/wp-content/uploads/2023/05/Ordinance-23-0508-Commercial-Wind-Energy-Facility.pdf
wind:17203,IL,Woodford County,wind,setback,2,restricting mechanism (default),sabin:S26R-6154,"Sabin Center, Opposition to Renewable Energy Facilities in t",setback,2,duplicate: not published again,https://woodford-county.org/AgendaCenter/ViewFile/Agenda/_02152023-1370
wind:18009,IN,Blackford County,wind,setback,2,restricting mechanism (default),sabin:S26R-6152,"Sabin Center, Opposition to Renewable Energy Facilities in t",ban_or_moratorium,4,"conflict: both kept, review",https://www.blackfordcounty.com/DocumentCenter/View/149
wind:18017,IN,Cass County,wind,setback,2,restricting mechanism (default),sabin:S26R-6150,"Sabin Center, Opposition to Renewable Energy Facilities in t",setback,2,duplicate: not published again,https://www.in.gov/counties/cass/files/Cass-County-Zoning-Ordinance-2024.pdf
wind:18023,IN,Clinton County,wind,moratorium,4,in-force moratorium,sabin:REC-0089,"Sabin Center, Opposition to Renewable Energy Facilities in t",moratorium,4,duplicate: not published again,https://www.clintonco.com/downloads/apc/ordinances/2015revisedUDO02.05.2020.pdf
wind:18031,IN,Decatur County,wind,moratorium,4,in-force moratorium,sabin:S26R-6148,"Sabin Center, Opposition to Renewable Energy Facilities in t",moratorium,4,duplicate: not published again,https://www.indianaexchange.com/indiana/notices-public-notices/ordinance-no.-2025-1-ordinance/AC1E05B20534d084E1Ua58F5318E
wind:18045,IN,Fountain County,wind,setback,3,wind setback 2640 ft / 5x height,sabin:S26R-6146,"Sabin Center, Opposition to Renewable Energy Facilities in t",setback,2,"conflict: both kept, review",https://www.fountaincounty.net/egov/documents/1688052547_77285.pdf
wind:18057,IN,Hamilton County,wind,height_limit,3,wind height limit,sabin:REC-0092,"Sabin Center, Opposition to Renewable Energy Facilities in t",height_limit,3,duplicate: not published again,https://library.municode.com/in/hamilton_county/codes/unified_development_ordinance?nodeId=UNDEORHACOIN_ART07WIENCOSYWEOVDI_WIENCOSYWEED_3DE
wind:18065,IN,Henry County,wind,setback,2,restricting mechanism (default),sabin:REC-0093,"Sabin Center, Opposition to Renewable Energy Facilities in t",ban_or_moratorium,4,"conflict: both kept, review",http://www.henryco.net/attachments/BBR%20Comments%20as%20of%2011%2015%2017%20HC%20WECS%20Ordinance.pdf
wind:18067,IN,Howard County,wind,setback,2,restricting mechanism (default),sabin:REC-0094,"Sabin Center, Opposition to Renewable Energy Facilities in t",setback,2,duplicate: not published again,https://www.in.gov/counties/howard/files/Zoning-Ordinance-2009-BCCO-21.pdf
wind:18073,IN,Jasper County,wind,height_limit,3,wind height limit,sabin:REC-0095,"Sabin Center, Opposition to Renewable Energy Facilities in t",setback,2,"conflict: both kept, review",https://jasper.county.codes/JCC/20.30.170
wind:18075,IN,Jay County,wind,height_limit,3,wind height limit,queue:q_7a0536c48c,review queue: data-center-map: Jay County (master_opposition,setback,2,"conflict: both kept, review",http://jaycounty.net/images/custom/2020_jay_county_zoning_subdivision_ordinance.pdf
wind:18085,IN,Kosciusko County,wind,ban,4,ban/prohibition,sabin:REC-0096,"Sabin Center, Opposition to Renewable Energy Facilities in t",moratorium,4,"conflict: both kept, review",https://www.kosciusko.in.gov/egov/documents/1642518020_90322.pdf
wind:18099,IN,Marshall County,wind,zoning_restriction,2,restricting mechanism (default),sabin:REC-0099,"Sabin Center, Opposition to Renewable Energy Facilities in t",ban,4,"conflict: both kept, review",https://permits.schneidercorp.com/branding/marshallcountyin/Marshall%20County%20Zoning%20Ordinance%20February%202021.pdf
wind:18103,IN,Miami County,wind,setback,2,restricting mechanism (default),sabin:REC-0100,"Sabin Center, Opposition to Renewable Energy Facilities in t",setback,3,"conflict: both kept, review",https://www.miamicountyin.gov/DocumentCenter/View/841/Wind-Energy-Conversion-Systems-Siting-Ordinance-08-16-2021
wind:18107,IN,Montgomery County,wind,setback,2,restricting mechanism (default),sabin:REC-0101,"Sabin Center, Opposition to Renewable Energy Facilities in t",setback,2,duplicate: not published again,https://www.montgomerycounty.in.gov/egov/documents/1531167489_09379.pdf
wind:18113,IN,Noble County,wind,setback,3,wind setback 3960 ft,sabin:S26R-6130,"Sabin Center, Opposition to Renewable Energy Facilities in t",setback,3,duplicate: not published again,https://www.in.gov/counties/noble/plan-commission/files/2023.05.08-Red-Line-Version_Draft-1-002.pdf
wind:18129,IN,Posey County,wind,setback,2,restricting mechanism (default),sabin:S26R-6129,"Sabin Center, Opposition to Renewable Energy Facilities in t",ban,4,"conflict: both kept, review",https://www.poseycountyin.gov/wp-content/uploads/2020/03/Solar-and-Wind-Ordinace-for-Unincorporated-Posey-County.pdf
wind:18133,IN,Putnam County,wind,setback,2,restricting mechanism (default),mn:in-putnam-county-2025,"Moratorium Nation (mjbommar/moratorium-data-2026), CC-BY-4.0",moratorium,4,"conflict: both kept, review",https://irp.cdn-website.com/238c8e41/files/uploaded/Ordinance%202022-1-4-1%20solar-wind%202022004459.pdf
wind:18139,IN,Rush County,wind,setback,3,wind setback 2640 ft,sabin:S26R-6127,"Sabin Center, Opposition to Renewable Energy Facilities in t",height_limit,3,"conflict: both kept, review",https://rushcounty.in.gov/wp-content/uploads/2022/09/Combine.pdf
wind:18157,IN,Tippecanoe County,wind,noise_limit,2,restricting mechanism (default),sabin:S26R-6124,"Sabin Center, Opposition to Renewable Energy Facilities in t",height_limit,3,"conflict: both kept, review",https://www.tippecanoe.in.gov/DocumentCenter/View/18996/ORD-2010-02-CM-Amend-Co-Code-Wind-Energy-Conversion-Systems
wind:18165,IN,Vermillion County,wind,setback,3,wind setback 10560 ft,sabin:S26R-6122,"Sabin Center, Opposition to Renewable Energy Facilities in t",setback,3,duplicate: not published again,https://www.vermilliongov.us/wp-content/uploads/2021/10/Wind-Energy-Conversion-Systems-Amend-to-Ordin-2021-13.pdf
wind:18169,IN,Wabash County,wind,setback,3,wind setback 3960 ft / 2x height,sabin:S26R-6121,"Sabin Center, Opposition to Renewable Energy Facilities in t",setback,3,duplicate: not published again,https://www.in.gov/counties/wabash/files/ordinance-2017-85-9-wind-energy.pdf
wind:18183,IN,Whitley County,wind,setback,3,wind setback 2640 ft / 6.5x height,sabin:S26R-6118,"Sabin Center, Opposition to Renewable Energy Facilities in t",setback,3,duplicate: not published again,https://www.whitleycounty.in.gov/egov/documents/1679429174_631.pdf
wind:19001,IA,Adair County,wind,size_cap,2,restricting mechanism (default),sabin:REC-0103,"Sabin Center, Opposition to Renewable Energy Facilities in t",size_cap,2,duplicate: not published again,https://adaircounty.iowa.gov/files/county_ordinances/31B_an_amendment_to_ordinance_no_31_ndash_assessment_of_wind_energy_conversion_property_711.pdf
wind:19003,IA,Adams County,wind,setback,2,restricting mechanism (default),sabin:REC-0102,"Sabin Center, Opposition to Renewable Energy Facilities in t",size_cap,2,"conflict: both kept, review",https://adamscounty.iowa.gov/files/county_ordinances/21_zoning_871.pdf
wind:19023,IA,Butler County,wind,height_limit,3,wind height limit,sabin:REC-0104,"Sabin Center, Opposition to Renewable Energy Facilities in t",setback,2,"conflict: both kept, review",https://butlercounty.iowa.gov/images/docs/departments/zoning/ordinances/Butler_County_Zoning_Ordinance_No_28_7-18-23.pdf
wind:19033,IA,Cerro Gordo County,wind,moratorium,4,in-force moratorium,sabin:REC-0105,"Sabin Center, Opposition to Renewable Energy Facilities in t",moratorium,4,duplicate: not published again,https://cerrogordo.gov/files/meeting_assets/windsolarbattery_storage_moratorium_ordinance_draft_2023-05-04_65173.pdf
wind:19045,IA,Clinton County,wind,setback,2,restricting mechanism (default),sabin:REC-0107,"Sabin Center, Opposition to Renewable Energy Facilities in t",moratorium,4,"conflict: both kept, review",https://www.clintoncounty-ia.gov/files/county_ordinances/chapter0_zoning_ordinance.pdf
wind:19049,IA,Dallas County,wind,setback,3,wind setback 2640 ft,sabin:REC-0108,"Sabin Center, Opposition to Renewable Energy Facilities in t",setback,3,duplicate: not published again,http://docs.wind-watch.org/IA-Dallas-Co-ordinance.pdf
wind:19053,IA,Decatur County,wind,moratorium,4,in-force moratorium,sabin:S26R-6109,"Sabin Center, Opposition to Renewable Energy Facilities in t",moratorium,4,duplicate: not published again,https://decaturcountyia.municipalone.com/docview.aspx?docid=50284
wind:19057,IA,Des Moines County,wind,setback,2,restricting mechanism (default),sabin:S26R-6108,"Sabin Center, Opposition to Renewable Energy Facilities in t",setback,2,duplicate: not published again,https://desmoinescounty.iowa.gov/files/county_ordinances/62_wind_energy_conversion_systems_207.pdf
wind:19071,IA,Fremont County,wind,height_limit,3,wind height limit,sabin:S26R-6103,"Sabin Center, Opposition to Renewable Energy Facilities in t",setback,2,"conflict: both kept, review",https://fremontia.socs.net/vimages/shared/vnews/stories/5cad3edf734e1/Wind_Energy_Conversion_Systems_-_Final_Draft.pdf
wind:19075,IA,Grundy County,wind,setback,3,wind setback 5x height,sabin:REC-0112,"Sabin Center, Opposition to Renewable Energy Facilities in t",setback,3,duplicate: not published again,https://www.grundycountyiowa.gov/images/departments/zoning/pdf/Development%20Ordinance%202023.pdf
wind:19083,IA,Hardin County,wind,setback,2,restricting mechanism (default),sabin:REC-0113,"Sabin Center, Opposition to Renewable Energy Facilities in t",moratorium,4,"conflict: both kept, review",https://secure.iowadot.gov/aviation/data_driven/publications/apZoning/IFA%20-%20Hardin%20County.pdf
wind:19093,IA,Ida County,wind,setback,2,restricting mechanism (default),sabin:S26R-6096,"Sabin Center, Opposition to Renewable Energy Facilities in t",ban_or_moratorium,4,"conflict: both kept, review",https://idacounty.iowa.gov/wp-content/uploads/2018/10/Ordinance-27-Wind.pdf
wind:19095,IA,Iowa County,wind,height_limit,3,wind height limit,sabin:S26R-6095,"Sabin Center, Opposition to Renewable Energy Facilities in t",height_limit,3,duplicate: not published again,https://iowacounty.iowa.gov/files/county_ordinances/32_wind_energy_conversion_systems_288.pdf
wind:19123,IA,Mahaska County,wind,setback,3,wind setback 2640 ft / 3x height,sabin:S26R-6090,"Sabin Center, Opposition to Renewable Energy Facilities in t",setback,2,"conflict: both kept, review",https://marketplace.oskaloosaherald.com/oskaloosa-ia/public-notices/mahaska-county-ordinance-54-es/AC1E0369163f4190CArJih6D1623
wind:19131,IA,Mitchell County,wind,height_limit,3,wind height limit,sabin:S26R-6089,"Sabin Center, Opposition to Renewable Energy Facilities in t",height_limit,3,duplicate: not published again,https://mitchellcounty.iowa.gov/wp-content/uploads/Mitchell-Co-C-WECS-BESS-Amendment.pdf
wind:19133,IA,Monona County,wind,setback,3,wind setback 1200 ft / 6x height,sabin:S26R-6088,"Sabin Center, Opposition to Renewable Energy Facilities in t",size_cap,2,"conflict: both kept, review",https://mononacountyiowa.gov/files/environmental_health_zoning/draft_chapter_100_turbine_2025pdf_16267.pdf
wind:19137,IA,Montgomery County,wind,setback,3,wind setback 3200 ft / 6x height,sabin:S26R-6087,"Sabin Center, Opposition to Renewable Energy Facilities in t",moratorium,4,"conflict: both kept, review",https://montgomerycountyia.municipalone.com/docview.aspx?docid=51461
wind:19147,IA,Palo Alto County,wind,setback,3,wind setback 2640 ft,sabin:S26R-6083,"Sabin Center, Opposition to Renewable Energy Facilities in t",setback,3,duplicate: not published again,https://paloaltocounty.iowa.gov/wp-content/uploads/2022/06/Palo-Alto-Wind-6-22-2022-ordinance-amendment-resolution-VFW-600MW-cap-002-1.pdf
wind:19153,IA,Polk County,wind,setback,2,restricting mechanism (default),sabin:S26R-6082,"Sabin Center, Opposition to Renewable Energy Facilities in t",setback,2,duplicate: not published again,https://www.polkcountyiowa.gov/media/bdcba5hh/zoning-ordinance-draft-changes-5-11-23.pdf
wind:19155,IA,Pottawattamie County,wind,height_limit,3,wind height limit,sabin:S26R-6081,"Sabin Center, Opposition to Renewable Energy Facilities in t",height_limit,3,duplicate: not published again,https://www.pottcounty-ia.gov/files/planning_and_development/pottawattamie_county_ordinance_202305_91556.pdf
wind:19159,IA,Ringgold County,wind,setback,3,wind setback 2640 ft,sabin:S26R-6078,"Sabin Center, Opposition to Renewable Energy Facilities in t",setback,3,duplicate: not published again,https://cms8.revize.com/revize/ringgoldia/Wind.pdf
wind:19161,IA,Sac County,wind,setback,2,restricting mechanism (default),sabin:S26R-6076,"Sabin Center, Opposition to Renewable Energy Facilities in t",setback,2,duplicate: not published again,http://www.saccountyiowa.gov/uploads/2/2/6/6/22665450/6_14_045_wind_energy_regulations___definititions.pdf
wind:19163,IA,Scott County,wind,height_limit,3,wind height limit,sabin:S26R-6075,"Sabin Center, Opposition to Renewable Energy Facilities in t",height_limit,3,duplicate: not published again,https://www.scottcountyiowa.net/planning/pub/zoning/ordinance/Scott-County-Zoning-Ordinance.pdf
wind:19169,IA,Story County,wind,setback,2,restricting mechanism (default),sabin:S26R-6071,"Sabin Center, Opposition to Renewable Energy Facilities in t",siting_standard,2,"conflict: both kept, review",https://codelibrary.amlegal.com/codes/storycounty/latest/storycount_ia/0-0-0-3309
wind:19175,IA,Union County,wind,setback,3,wind setback 3281 ft / 7x height,sabin:S26R-6070,"Sabin Center, Opposition to Renewable Energy Facilities in t",setback,3,duplicate: not published again,https://unioncountyiowa.gov/wp-content/uploads/2024/05/Ordinance-73-Wind-Farm-Amendment-for-Future-Projects.pdf
wind:19187,IA,Webster County,wind,setback,2,restricting mechanism (default),sabin:S26R-6069,"Sabin Center, Opposition to Renewable Energy Facilities in t",ban_or_moratorium,4,"conflict: both kept, review",https://www.webstercountyia.gov/document_center/Departments/Board%20of%20Supervisors/Ordinances/Ordinance%202023-04.pdf
wind:19193,IA,Woodbury County,wind,setback,3,wind setback 3280 ft,sabin:S26R-6068,"Sabin Center, Opposition to Renewable Energy Facilities in t",setback,3,duplicate: not published again,https://www.woodburycountyiowa.gov/files/county_ordinances/79_ordinance_amending_portions_of_woodbury_county_ordinance_56_regulating_wind_energy_conversion_systems_261.pdf
wind:19195,IA,Worth County,wind,height_limit,3,wind height limit,sabin:S26R-6066,"Sabin Center, Opposition to Renewable Energy Facilities in t",setback,2,"conflict: both kept, review",https://worthcountyiowa.gov/files/county_ordinances/2022.06.27_wind_ordinance_209.pdf
wind:20021,KS,Cherokee County,wind,moratorium,4,in-force moratorium,queue:q_011039b3ee,review queue: web_research_2026-10-09,moratorium,4,duplicate: not published again,https://cherokeecountyks.gov/main/component/easyfolderlistingpro/?view=download&format=raw&data=eNpFUMsOgjAQ_BWzdyMF42M5etfEswmpsEATSkm3qInx320phFM705nZ2UoUAr-MB4TadBVZyBkzgaC0bIgflSlHTb3jx8VorZiV6cnyJsi8E0YmG408UQjJ8tSMxG4NPVwiFMXEBXSK1l5qCjBBCMchsqqCXFxhEk2WukG6dkr1cHdcJzbd6HwP3qVJKua0WnW0pKV--iorrrdCpNtFmyHQx823oarnbvQZlCVeBgvfSDpcJ8s2bA_5E4Vnz95h6aXoHXfaI_T-PyD__QEWy2hm
wind:20045,KS,Douglas County,wind,setback,2,restricting mechanism (default),sabin:REC-0123,"Sabin Center, Opposition to Renewable Energy Facilities in t",setback,2,duplicate: not published again,https://www.dgcoks.gov/sites/default/files/media/depts/administration/pdf/county-code-chapter-12-zoning-and-land-use-regulations.pdf
wind:20059,KS,Franklin County,wind,setback,2,restricting mechanism (default),sabin:REC-0124,"Sabin Center, Opposition to Renewable Energy Facilities in t",moratorium,4,"conflict: both kept, review",https://www.franklincoks.org/DocumentCenter/View/15163
wind:20079,KS,Harvey County,wind,setback,2,restricting mechanism (default),sabin:REC-0125,"Sabin Center, Opposition to Renewable Energy Facilities in t",moratorium,4,"conflict: both kept, review",https://www.harveycounty.gov/media/Documents/News/Commercial%20Renewable%20Energy%20Project%20Regulations.pdf
wind:20093,KS,Kearny County,wind,height_limit,3,wind height limit,sabin:REC-0127,"Sabin Center, Opposition to Renewable Energy Facilities in t",height_limit,3,duplicate: not published again,https://www.kearnycountykansas.com/building-zoning-permit-info/files/zoning-regulations
wind:20099,KS,Labette County,wind,setback,3,wind setback 6x height,sabin:REC-0128,"Sabin Center, Opposition to Renewable Energy Facilities in t",other,2,"conflict: both kept, review",https://clients.municipalimpact.com/documents/260/Labette_County_Zoning_Regs_FINAL_071224.pdf
wind:20103,KS,Leavenworth County,wind,height_limit,3,wind height limit,sabin:REC-0129,"Sabin Center, Opposition to Renewable Energy Facilities in t",height_limit,3,duplicate: not published again,https://www.leavenworthcounty.gov/Department/Planning%20&%20Zoning/Document%20Center/Regulations/2024.11.18%20Updated%20LVCO%20Zoning%20and%20Subdivison%20Regulations%20-%20Print%20Edition.pdf
wind:20113,KS,McPherson County,wind,setback,2,restricting mechanism (default),sabin:REC-0131,"Sabin Center, Opposition to Renewable Energy Facilities in t",moratorium,4,"conflict: both kept, review",https://www.mcpcity.com/DocumentCenter/View/3353/Resolution-No-2019-15
wind:20121,KS,Miami County,wind,setback,2,restricting mechanism (default),mn:ks-miami-county-2026,"Moratorium Nation (mjbommar/moratorium-data-2026), CC-BY-4.0",moratorium,4,"conflict: both kept, review",https://www.miamicountyks.org/DocumentCenter/View/284/Zoning-Regulations?bidId=
wind:20139,KS,Osage County,wind,zoning_restriction,2,restricting mechanism (default),sabin:REC-0133,"Sabin Center, Opposition to Renewable Energy Facilities in t",ban,4,"conflict: both kept, review",http://kspublicnotices.newzgroup.com/KSLegals/2024/39234-2024-05-23_1003.pdf
wind:20151,KS,Pratt County,wind,setback,2,restricting mechanism (default),sabin:S26R-6048,"Sabin Center, Opposition to Renewable Energy Facilities in t",setback,2,duplicate: not published again,https://docs.wind-watch.org/KS-Pratt-Co-wind-ordinance-2012.pdf
wind:20173,KS,Sedgwick County,wind,zoning_restriction,2,restricting mechanism (default),sabin:S26R-6046,"Sabin Center, Opposition to Renewable Energy Facilities in t",moratorium,4,"conflict: both kept, review",https://www.sedgwickcounty.org/media/67284/0822-24-clerk-resolutions-8-16-2024-165-2024-8-16-2024-a-resolution-amen.pdf
wind:20207,KS,Woodson County,wind,setback,2,restricting mechanism (default),sabin:S26R-6043,"Sabin Center, Opposition to Renewable Energy Facilities in t",moratorium,4,"conflict: both kept, review",https://ks482.cichosting.com/main/images/appraiser/Zoning/Zon_Art_27_Revised_100609.pdf
wind:22017,LA,Caddo Parish,wind,setback,2,restricting mechanism (default),sabin:S26R-6027,"Sabin Center, Opposition to Renewable Energy Facilities in t",siting_standard,2,"conflict: both kept, review",https://library.municode.com/la/caddo_parish/codes/unified_development_code?nodeId=UNIFIED_DEVELOPMENT_CODE_ART6USST
wind:22053,LA,Jefferson Davis Parish,wind,setback,3,wind setback 15840 ft,sabin:REC-0151,"Sabin Center, Opposition to Renewable Energy Facilities in t",setback,3,duplicate: not published again,https://library.municode.com/la/jefferson_davis_parish_police_jury/codes/code_of_ordinances?nodeId=CD_ORD_CH21ZO_ARTVIIIAD_S21-32PU
wind:2301163835,ME,Rome Town,wind,height_limit,3,wind height limit,sabin:S26R-6008,"Sabin Center, Opposition to Renewable Energy Facilities in t",height_limit,3,duplicate: not published again,https://www.romemaine.com/sites/g/files/vyhlif6206/f/uploads/wind_energy_systems_ordinance.pdf
wind:2301717740,ME,Dixfield Town,wind,setback,3,wind setback 4000 ft / 1.5x height,sabin:REC-0167,"Sabin Center, Opposition to Renewable Energy Facilities in t",setback,3,duplicate: not published again,https://docs.wind-watch.org/Dixfield-WEF-Ordinance-for-11-07-2017-003.pdf
wind:2301917950,ME,Dixmont Town,wind,setback,3,wind setback 5280 ft,sabin:S26R-5998,"Sabin Center, Opposition to Renewable Energy Facilities in t",setback,2,"conflict: both kept, review",https://www.townofdixmont.org/vertical/sites/%7B6EAADA9B-2500-4441-A924-7171D5E3F559%7D/uploads/%7B576AA528-4C90-4A93-9C0D-31F9FF751735%7D.PDF
wind:2302726420,ME,Freedom Town,wind,setback,3,wind setback 1 ft / 13x height,sabin:REC-0168,"Sabin Center, Opposition to Renewable Energy Facilities in t",setback,3,duplicate: not published again,https://www.wind-watch.org/documents/town-of-freedom-wind-turbine-ordinance/
wind:2302746790,ME,Montville Town,wind,setback,3,wind setback 5280 ft / 13x height,sabin:S26R-5991,"Sabin Center, Opposition to Renewable Energy Facilities in t",setback,3,duplicate: not published again,https://www.hcpcme.org/environment/energy/WindOrdFinalMontville.pdf
wind:24001,MD,Allegany County,wind,setback,2,restricting mechanism (default),sabin:REC-0172,"Sabin Center, Opposition to Renewable Energy Facilities in t",setback,3,"conflict: both kept, review",https://energy.maryland.gov/documents/AlleganyCountyWindOrdinance.pdf
wind:24009,MD,Calvert County,wind,height_limit,3,wind height limit,sabin:S26R-5987,"Sabin Center, Opposition to Renewable Energy Facilities in t",height_limit,3,duplicate: not published again,https://energy.maryland.gov/documents/CalvertCountySmallWindOrdinance.pdf
wind:24035,MD,Queen Anne's County,wind,zoning_restriction,2,restricting mechanism (default),sabin:S26R-5981,"Sabin Center, Opposition to Renewable Energy Facilities in t",height_limit,3,"conflict: both kept, review",https://www.qac.org/DocumentCenter/View/6045/Wind-Turbine-Review-Guidelines-and-Procedures-PDF
wind:24510,MD,Baltimore City,wind,height_limit,3,wind height limit,sabin:S26R-5978,"Sabin Center, Opposition to Renewable Energy Facilities in t",height_limit,3,duplicate: not published again,https://dnr.maryland.gov/pprp/Documents/BaltimoreCityZoningDocs.pdf
wind:2500522130,MA,Fairhaven Town,wind,height_limit,3,wind height limit,sabin:S26R-5977,"Sabin Center, Opposition to Renewable Energy Facilities in t",height_limit,3,duplicate: not published again,https://fairhaven-ma.gov/wp-content/uploads/2024/04/Ch.-198-Fairhaven-Zoning.pdf
wind:2500556375,MA,Rehoboth Town,wind,height_limit,3,wind height limit,sabin:S26R-5974,"Sabin Center, Opposition to Renewable Energy Facilities in t",height_limit,3,duplicate: not published again,https://www.rehobothma.gov/town-clerk/files/zoning-law-effective-05-28-2019
wind:2500778235,MA,West Tisbury Town,wind,setback,2,restricting mechanism (default),sabin:S26R-5973,"Sabin Center, Opposition to Renewable Energy Facilities in t",ban_or_moratorium,4,"conflict: both kept, review",https://www.westtisbury-ma.gov/home/files/zoning-bylaw-updated-2023
wind:2500901465,MA,Andover Town,wind,height_limit,3,wind height limit,sabin:S26R-5971,"Sabin Center, Opposition to Renewable Energy Facilities in t",height_limit,3,duplicate: not published again,https://andoverma.gov/DocumentCenter/View/10817/Andover-Zoning-Bylaw-32122
wind:2500921850,MA,Essex Town,wind,height_limit,3,wind height limit,sabin:S26R-5970,"Sabin Center, Opposition to Renewable Energy Facilities in t",height_limit,3,duplicate: not published again,https://www.essexma.org/DocumentCenter/View/1045/Essex-Bylaw-PDF
wind:2500927900,MA,Hamilton Town,wind,height_limit,3,wind height limit,sabin:S26R-5968,"Sabin Center, Opposition to Renewable Energy Facilities in t",height_limit,3,duplicate: not published again,https://hamiltonma.gov/wp-content/uploads/2016/12/ZBL-Version-03.17.2025.pdf
wind:2500932310,MA,Ipswich Town,wind,height_limit,3,wind height limit,sabin:S26R-5967,"Sabin Center, Opposition to Renewable Energy Facilities in t",height_limit,3,duplicate: not published again,https://www.ipswichma.gov/DocumentCenter/View/16851/ZBL-10-24-23-FINAL
wind:2500940430,MA,Merrimac Town,wind,size_cap,2,restricting mechanism (default),sabin:S26R-5972,"Sabin Center, Opposition to Renewable Energy Facilities in t",size_cap,2,duplicate: not published again,https://townofmerrimac.com/wp-content/uploads/2023/05/Updated-Zoning-By-Law-3-2024.pdf
wind:2500940710,MA,Methuen Town City,wind,height_limit,3,wind height limit,sabin:S26R-5966,"Sabin Center, Opposition to Renewable Energy Facilities in t",ban_or_moratorium,4,"conflict: both kept, review",https://www.cityofmethuen.net/370/Zoning-Ordinance
wind:2501313660,MA,Chicopee City,wind,moratorium,4,in-force moratorium,sabin:S26R-5963,"Sabin Center, Opposition to Renewable Energy Facilities in t",ban_or_moratorium,4,"conflict: both kept, review",https://www.chicopeema.gov/AgendaCenter/ViewFile/Minutes/_06132017-949
wind:2501376030,MA,Westfield City,wind,height_limit,3,wind height limit,sabin:S26R-5961,"Sabin Center, Opposition to Renewable Energy Facilities in t",height_limit,3,duplicate: not published again,https://cdn.prod.website-files.com/62bf2c80f239f141dccba785/673e307cba58306cb9f1b4f3_Ex%20WE-MB-1%20(Attested%20to%20City%20of%20Westfield%20Zoning%20Ordinance).pdf
wind:26001,MI,Alcona County,wind,setback,2,restricting mechanism (default),sabin:S26R-5957,"Sabin Center, Opposition to Renewable Energy Facilities in t",siting_standard,2,"conflict: both kept, review",https://www.discovernortheastmichigan.org/downloads/complete_alcona_township_zoning_ordinance_adopted_71409.pdf
wind:26005,MI,Allegan County,wind,height_limit,3,wind height limit,sabin:S26R-5954,"Sabin Center, Opposition to Renewable Energy Facilities in t",height_limit,3,duplicate: not published again,https://library.municode.com/mi/laketown_township%2C_(allegan_co.)/codes/code_of_ordinances?nodeId=COOR_CH38ZO_ARTIXWIENCOSY_S38-638STCOCOCO
wind:26015,MI,Barry County,wind,height_limit,3,wind height limit,sabin:S26R-5952,"Sabin Center, Opposition to Renewable Energy Facilities in t",height_limit,3,duplicate: not published again,https://cms5.revize.com/revize/barry/adopted-ordinance-72508-with-maps.pdf
wind:26021,MI,Berrien County,wind,height_limit,3,wind height limit,sabin:S26R-5944,"Sabin Center, Opposition to Renewable Energy Facilities in t",height_limit,3,duplicate: not published again,https://library.municode.com/mi/bertrand_township%2C_(berrien_co.)/codes/code_of_ordinances?nodeId=COOR_CH24ZO_CH11SPLAUS
wind:26037,MI,Clinton County,wind,height_limit,3,wind height limit,sabin:S26R-5940,"Sabin Center, Opposition to Renewable Energy Facilities in t",height_limit,3,duplicate: not published again,https://www.clinton-county.org/Archive.aspx?ADID=11554
wind:26047,MI,Emmet County,wind,height_limit,3,wind height limit,sabin:S26R-5937,"Sabin Center, Opposition to Renewable Energy Facilities in t",height_limit,3,duplicate: not published again,https://cms2.revize.com/revize/emmetcountynew/Documents/Departments/Planning%20And%20Zoning/ZONING%20ORDINANCE%20&%20AMENDMENTS/Emmet%20County%20Zoning%20Ordinance%20updated%202024%20(1).pdf
wind:26051,MI,Gladwin County,wind,height_limit,3,wind height limit,sabin:S26R-5932,"Sabin Center, Opposition to Renewable Energy Facilities in t",height_limit,3,duplicate: not published again,https://gladwincounty-mi.gov/wp-content/uploads/2022/12/2018-32-.-Zoning-Ordinance-Revision.pdf
wind:26063,MI,Huron County,wind,setback,2,restricting mechanism (default),sabin:S26R-5928,"Sabin Center, Opposition to Renewable Energy Facilities in t",moratorium,4,"conflict: both kept, review",http://www.olivertwp.net/wp-content/uploads/2018/09/oliver_twp_zoning_2018.pdf
wind:26077,MI,Kalamazoo County,wind,height_limit,3,wind height limit,sabin:S26R-5921,"Sabin Center, Opposition to Renewable Energy Facilities in t",height_limit,3,duplicate: not published again,https://library.municode.com/mi/richland_township%2C_(kalamazoo_co.)/codes/code_of_ordinances?nodeId=PT300_300.000ZOOREF1-1-2002EFJA12002_S18
wind:26101,MI,Manistee County,wind,height_limit,3,wind height limit,sabin:S26R-5907,"Sabin Center, Opposition to Renewable Energy Facilities in t",height_limit,3,duplicate: not published again,https://manisteecountymi.gov/DocumentCenter/View/1195/Manistee-Township-Zoning-Ordinance-2018-Revised-PDF
wind:26105,MI,Mason County,wind,height_limit,3,wind height limit,sabin:S26R-5905,"Sabin Center, Opposition to Renewable Energy Facilities in t",siting_standard,2,"conflict: both kept, review",https://www.masoncounty.net/userfiles/filemanager/198/
wind:26129,MI,Ogemaw County,wind,setback,2,restricting mechanism (default),sabin:S26R-5881,"Sabin Center, Opposition to Renewable Energy Facilities in t",setback,2,duplicate: not published again,https://www.ocmi.us/wp-content/uploads/Zoning-Ordinance.pdf
wind:26153,MI,Schoolcraft County,wind,setback,3,wind setback 3960 ft,sabin:S26R-5868,"Sabin Center, Opposition to Renewable Energy Facilities in t",height_limit,3,"conflict: both kept, review",https://docs.wind-watch.org/MI-Schoolcraft-Cty-WT-Ordinance.pdf
wind:26155,MI,Shiawassee County,wind,height_limit,3,wind height limit,sabin:S26R-5866,"Sabin Center, Opposition to Renewable Energy Facilities in t",height_limit,3,duplicate: not published again,https://shiawassee.net/wp-content/uploads/2024/01/Ordinance-24-01-01-Renewable-Energy-District-Ordinance-with-Table-Final.pdf
wind:27001,MN,Aitkin County,wind,height_limit,3,wind height limit,sabin:S26R-5858,"Sabin Center, Opposition to Renewable Energy Facilities in t",ban_or_moratorium,4,"conflict: both kept, review",https://www.aitkincountymn.gov/ordinances/pdf/celltowerord.pdf
wind:27003,MN,Anoka County,wind,height_limit,3,wind height limit,sabin:S26R-5857,"Sabin Center, Opposition to Renewable Energy Facilities in t",ban_or_moratorium,4,"conflict: both kept, review",https://library.municode.com/mn/anoka/codes/code_of_ordinances?nodeId=CD_CH78ZO_ARTIXSURE_DIV1GE_S78-556ACBU
wind:27007,MN,Beltrami County,wind,height_limit,3,wind height limit,sabin:S26R-5856,"Sabin Center, Opposition to Renewable Energy Facilities in t",ban_or_moratorium,4,"conflict: both kept, review",https://www.co.beltrami.mn.us/media/rtxf2pbf/ordinance-35-tower.pdf
wind:27017,MN,Carlton County,wind,height_limit,3,wind height limit,sabin:S26R-5854,"Sabin Center, Opposition to Renewable Energy Facilities in t",ban_or_moratorium,4,"conflict: both kept, review",https://www.carltoncountymn.gov/DocumentCenter/View/931/Renewable-Energy-Ordinance-PDF
wind:27019,MN,Carver County,wind,setback,2,restricting mechanism (default),sabin:S26R-5853,"Sabin Center, Opposition to Renewable Energy Facilities in t",size_cap,2,"conflict: both kept, review",https://codelibrary.amlegal.com/codes/carvercounty/latest/carverco_mn/0-0-0-21720
wind:27025,MN,Chisago County,wind,height_limit,3,wind height limit,sabin:S26R-5851,"Sabin Center, Opposition to Renewable Energy Facilities in t",ban_or_moratorium,4,"conflict: both kept, review",https://www.chisagocountymn.gov/DocumentCenter/View/4330/Zoning-Ordinance-No-20241218-1-PDF?bidId=
wind:27031,MN,Cook County,wind,height_limit,3,wind height limit,sabin:S26R-5850,"Sabin Center, Opposition to Renewable Energy Facilities in t",ban_or_moratorium,4,"conflict: both kept, review",https://cms7files1.revize.com/cookcountymn/WECS%20As%20Adopted%202.25.25.pdf
wind:27035,MN,Crow Wing County,wind,zoning_restriction,2,restricting mechanism (default),sabin:S26R-5849,"Sabin Center, Opposition to Renewable Energy Facilities in t",ban_or_moratorium,4,"conflict: both kept, review",https://www.crowwing.gov/DocumentCenter/View/21784
wind:27047,MN,Freeborn County,wind,height_limit,3,wind height limit,sabin:S26R-5848,"Sabin Center, Opposition to Renewable Energy Facilities in t",ban_or_moratorium,4,"conflict: both kept, review",https://www.co.freeborn.mn.us/Archive/ViewFile/Item/96
wind:27079,MN,Le Sueur County,wind,size_cap,2,restricting mechanism (default),sabin:S26R-5845,"Sabin Center, Opposition to Renewable Energy Facilities in t",ban_or_moratorium,4,"conflict: both kept, review",https://www.lesueurcounty.gov/DocumentCenter/View/332/Section-4---Rules-and-Definitions-PDF
wind:27095,MN,Mille Lacs County,wind,size_cap,2,restricting mechanism (default),sabin:S26R-5843,"Sabin Center, Opposition to Renewable Energy Facilities in t",size_cap,2,duplicate: not published again,https://www.millelacs.mn.gov/DocumentCenter/View/2823/Development-Ordinance-PDF
wind:27097,MN,Morrison County,wind,setback,2,restricting mechanism (default),sabin:S26R-5842,"Sabin Center, Opposition to Renewable Energy Facilities in t",ban_or_moratorium,4,"conflict: both kept, review",https://codelibrary.amlegal.com/codes/littlefallsmn/latest/littlefalls_mn/0-0-0-3638
wind:27099,MN,Mower County,wind,height_limit,3,wind height limit,sabin:S26R-5841,"Sabin Center, Opposition to Renewable Energy Facilities in t",ban_or_moratorium,4,"conflict: both kept, review",https://puc.eip.mn.gov/sites/default/files/2024-01/pdfs/07da134f-2ed3-4a09-8981-ba957a6bb6ee.pdf
wind:27103,MN,Nicollet County,wind,setback,3,wind setback 2640 ft,sabin:S26R-5840,"Sabin Center, Opposition to Renewable Energy Facilities in t",ban_or_moratorium,4,"conflict: both kept, review",https://www.co.nicollet.mn.us/DocumentCenter/Home/View/440
wind:27115,MN,Pine County,wind,height_limit,3,wind height limit,sabin:S26R-5838,"Sabin Center, Opposition to Renewable Energy Facilities in t",ban_or_moratorium,4,"conflict: both kept, review",https://cms7files.revize.com/pinecountymn/document_center/Departments/planning%20and%20zoning/2022%20County%20Zoning%20Ordinance.pdf
wind:27121,MN,Pope County,wind,height_limit,3,wind height limit,sabin:S26R-5837,"Sabin Center, Opposition to Renewable Energy Facilities in t",height_limit,3,duplicate: not published again,https://www.popecountymn.gov/wp-content/uploads/2024/08/10.12-Renewable-Energy-Systems-DRAFT-3-July-2024.pdf
wind:27123,MN,Ramsey County,wind,ban,4,ban/prohibition,sabin:S26R-5835,"Sabin Center, Opposition to Renewable Energy Facilities in t",ban_or_moratorium,4,"conflict: both kept, review",https://library.municode.com/mn/ramsey/codes/code_of_ordinances?nodeId=PTIICOOR_CH106ZOCO_ARTIIIGEPEST_S106-332SOENSY
wind:27137,MN,St. Louis County,wind,zoning_restriction,2,restricting mechanism (default),sabin:S26R-5834,"Sabin Center, Opposition to Renewable Energy Facilities in t",ban_or_moratorium,4,"conflict: both kept, review",https://www.stlouiscountymn.gov/Portals/0/Library/Dept/Auditor/County-Board/Ordinance-62-Zoning%20Updated%202020.pdf?ver=c2LK-uo9xyvDMo6QPYdJcQ%3D%3D
wind:27139,MN,Scott County,wind,height_limit,3,wind height limit,sabin:S26R-5833,"Sabin Center, Opposition to Renewable Energy Facilities in t",height_limit,3,duplicate: not published again,https://www.eqb.state.mn.us/sites/eqb/files/Scott%20County_Ordinance.pdf
wind:27149,MN,Stevens County,wind,setback,2,restricting mechanism (default),sabin:S26R-5832,"Sabin Center, Opposition to Renewable Energy Facilities in t",ban_or_moratorium,4,"conflict: both kept, review",https://www.co.stevens.mn.us/DocumentCenter/View/1177
wind:27153,MN,Todd County,wind,height_limit,3,wind height limit,sabin:S26R-5831,"Sabin Center, Opposition to Renewable Energy Facilities in t",height_limit,3,duplicate: not published again,https://www.co.todd.mn.us/sites/default/files/env_land_resources/Land%20Ordinance%2020170103_1.pdf
wind:27157,MN,Wabasha County,wind,setback,3,wind setback 2640 ft,sabin:S26R-5827,"Sabin Center, Opposition to Renewable Energy Facilities in t",ban_or_moratorium,4,"conflict: both kept, review",https://cms9files1.revize.com/wabasha/planning%20and%20zoning/Zoning%20Ordinance/Wind%20Energy%20Ordinance.pdf
wind:27173,MN,Yellow Medicine County,wind,height_limit,3,wind height limit,sabin:S26R-5822,"Sabin Center, Opposition to Renewable Energy Facilities in t",ban_or_moratorium,4,"conflict: both kept, review",https://www.co.ym.mn.gov/vertical/sites/%7B9E2CF57F-0FF6-475F-BE0E-E5C421454DDB%7D/uploads/Section_XVI_-_Renewable_Energy.pdf
wind:28047,MS,Harrison County,wind,height_limit,3,wind height limit,sabin:S26R-5821,"Sabin Center, Opposition to Renewable Energy Facilities in t",height_limit,3,duplicate: not published again,https://cms9files.revize.com/harrison/Harrison%20County%20Zoning%20Ordinance%2012-12-2022.pdf
wind:29019,MO,Boone County,wind,height_limit,3,wind height limit,sabin:REC-0226,"Sabin Center, Opposition to Renewable Energy Facilities in t",height_limit,3,duplicate: not published again,https://www.showmeboone.com/stormwater/documents/2025_zoning_ordinance.pdf
wind:29021,MO,Buchanan County,wind,zoning_restriction,2,restricting mechanism (default),sabin:REC-0227,"Sabin Center, Opposition to Renewable Energy Facilities in t",ban,4,"conflict: both kept, review",https://www.co.buchanan.mo.us/media/Documents/Planning%20Zoning/2019%20ZONING%20ORDERS%20Amended%20and%20Reprinted%202024.pdf
wind:29025,MO,Caldwell County,wind,zoning_restriction,2,restricting mechanism (default),sabin:S26R-5818,"Sabin Center, Opposition to Renewable Energy Facilities in t",ban_or_moratorium,4,"conflict: both kept, review",https://www.caldwellco.missouri.org/wp-content/uploads/2024/05/Solar-and-Wind-Energy-Ordinance-Amendment-04-23-2024.pdf
wind:29037,MO,Cass County,wind,setback,2,restricting mechanism (default),sabin:S26R-5815,"Sabin Center, Opposition to Renewable Energy Facilities in t",setback,2,duplicate: not published again,https://ecode360.com/CA3260/laws/LF1972791.pdf
wind:30049,MT,Lewis and Clark County,wind,height_limit,3,wind height limit,sabin:S26R-5811,"Sabin Center, Opposition to Renewable Energy Facilities in t",height_limit,3,duplicate: not published again,https://www.lccountymt.gov/files/assets/county/community-dev-and-planning/documents/fhuga_zoning_regulations__final__2-14-19__.pdf
wind:31001,NE,Adams County,wind,height_limit,3,wind height limit,sabin:REC-0239,"Sabin Center, Opposition to Renewable Energy Facilities in t",setback,3,"conflict: both kept, review",https://adamscountyne.gov/images/PDFS/PlanningZoning/AdamsCoZoningRegs_thruOct2016.pdf
wind:31003,NE,Antelope County,wind,setback,2,restricting mechanism (default),sabin:S26R-5807,"Sabin Center, Opposition to Renewable Energy Facilities in t",setback,2,duplicate: not published again,https://antelopecounty.nebraska.gov/sites/default/files/doc/Antelope%20County%20Zoning%20Regs_adopted%20041018.pdf
wind:31017,NE,Brown County,wind,setback,3,wind setback 5280 ft,sabin:REC-0240,"Sabin Center, Opposition to Renewable Energy Facilities in t",setback,3,duplicate: not published again,https://browncountyne.gov/wp-content/uploads/2024/09/Zoning-Regulations.pdf
wind:31019,NE,Buffalo County,wind,setback,3,wind setback 15840 ft,sabin:REC-0241,"Sabin Center, Opposition to Renewable Energy Facilities in t",setback,3,duplicate: not published again,https://buffalocounty.ne.gov/files/Zoning/2025/Buffalo%20County%20Zoning%20Regulations%20-%20Updated%203.12.2025%20-%20%20Draft%20of%20Additions%20Revisions.pdf
wind:31027,NE,Cedar County,wind,setback,3,wind setback 10560 ft,sabin:REC-0243,"Sabin Center, Opposition to Renewable Energy Facilities in t",setback,3,duplicate: not published again,https://knoxcountyne.gov/pdfs/planning_zoning/Wind%20Watchers%20Proposed%20Amendments.pdf
wind:31037,NE,Colfax County,wind,setback,3,wind setback 2640 ft / 1.5x height,sabin:S26R-5796,"Sabin Center, Opposition to Renewable Energy Facilities in t",ban_or_moratorium,4,"conflict: both kept, review",https://colfaxcountyne.gov/pdfs/planning_zoning/Zoning_Regulations.pdf
wind:31039,NE,Cuming County,wind,setback,2,restricting mechanism (default),sabin:S26R-5795,"Sabin Center, Opposition to Renewable Energy Facilities in t",ban_or_moratorium,4,"conflict: both kept, review",https://cumingcountyne.gov/wp-content/uploads/2021/06/Zoning-Regulations-Final.pdf
wind:31043,NE,Dakota County,wind,setback,3,wind setback 2700 ft,sabin:REC-0245,"Sabin Center, Opposition to Renewable Energy Facilities in t",setback,3,duplicate: not published again,https://dakotacounty.ne.gov/pdfs/planning_zoning/21C-024%20Planning%20Zoning%20Amended%20Regulations%2026Jul21.pdf
wind:31047,NE,Dawson County,wind,setback,3,wind setback 15840 ft,sabin:REC-0246,"Sabin Center, Opposition to Renewable Energy Facilities in t",setback,3,duplicate: not published again,https://cms8.revize.com/revize/dawnsoncounty/Dawson%20County%20Zoning%20051523.pdf
wind:31053,NE,Dodge County,wind,setback,2,restricting mechanism (default),sabin:S26R-5792,"Sabin Center, Opposition to Renewable Energy Facilities in t",ban_or_moratorium,4,"conflict: both kept, review",https://dodgecounty.nebraska.gov/sites/default/files/doc/Agenda/2023/20230125/20h.pdf
wind:31063,NE,Frontier County,wind,height_limit,3,wind height limit,sabin:S26R-5791,"Sabin Center, Opposition to Renewable Energy Facilities in t",setback,2,"conflict: both kept, review",https://frontiercounty.ne.gov/pdfs/planning_zoning/regulations.pdf
wind:31065,NE,Furnas County,wind,setback,2,restricting mechanism (default),mn:ne-furnas-county-2025,"Moratorium Nation (mjbommar/moratorium-data-2026), CC-BY-4.0",moratorium,4,"conflict: both kept, review",https://furnascounty.ne.gov/pdfs/planning_zoning/zoning_regulations.pdf
wind:31067,NE,Gage County,wind,setback,3,wind setback 5280 ft / 4x height,sabin:REC-0248,"Sabin Center, Opposition to Renewable Energy Facilities in t",moratorium,4,"conflict: both kept, review",https://gagecountyne.gov/pdfs/public_notices/7-22-21%20PROPOSED%20WIND%20REGS%20CHANGES%20FOR%20GAGE%20COUNTY.pdf
wind:31077,NE,Greeley County,wind,noise_limit,2,restricting mechanism (default),sabin:REC-0249,"Sabin Center, Opposition to Renewable Energy Facilities in t",moratorium,4,"conflict: both kept, review",https://greeleycounty.ne.gov/pdfs/planning_zoning/zoning_regulations.pdf
wind:31081,NE,Hamilton County,wind,zoning_restriction,2,restricting mechanism (default),sabin:REC-0250,"Sabin Center, Opposition to Renewable Energy Facilities in t",setback,3,"conflict: both kept, review",https://hamiltoncountyne.gov/wp-content/uploads/2021/04/phillips-zoning-regs.pdf
wind:31087,NE,Hitchcock County,wind,moratorium,4,in-force moratorium,mn:ne-hitchcock-county-undated,"Moratorium Nation (mjbommar/moratorium-data-2026), CC-BY-4.0",moratorium,2,"conflict: both kept, review",https://hitchcockcounty.ne.gov/posting_files/pdfs/board/minutes/2025/20250203_152316_board_minutes.pdf
wind:31095,NE,Jefferson County,wind,setback,3,wind setback 5280 ft,sabin:S26R-5784,"Sabin Center, Opposition to Renewable Energy Facilities in t",setback,3,duplicate: not published again,https://jeffersoncounty.nebraska.gov/sites/default/files/doc/Agenda_Proposed%20Zoning%20Hearing%20Changes%203%209%202023.pdf
wind:31107,NE,Knox County,wind,setback,2,restricting mechanism (default),sabin:S26R-5782,"Sabin Center, Opposition to Renewable Energy Facilities in t",ban,4,"conflict: both kept, review",https://knoxcountyne.gov/pdfs/planning_zoning/Resolution%202025-04.pdf
wind:31109,NE,Lancaster County,wind,noise_limit,3,wind noise limit 35 dBA,sabin:REC-0253,"Sabin Center, Opposition to Renewable Energy Facilities in t",setback,3,"conflict: both kept, review",https://www.lincoln.ne.gov/files/sharedassets/public/planning/development-review/wind/lancozoningregs.pdf
wind:31111,NE,Lincoln County,wind,setback,3,wind setback 1000 ft / 5x height,sabin:S26R-5780,"Sabin Center, Opposition to Renewable Energy Facilities in t",moratorium,4,"conflict: both kept, review",https://lincolncountyne.gov/wp-content/uploads/2020/08/Resolution-No.-2020-08-Amendment-to-Sections-8.07-and-8.08-of-the-Zoning-Regulations.pdf
wind:31115,NE,Loup County,wind,setback,3,wind setback 15840 ft,sabin:S26R-5779,"Sabin Center, Opposition to Renewable Energy Facilities in t",height_limit,3,"conflict: both kept, review",https://loupcounty.nebraska.gov/sites/default/files/doc/TAYLOR%20LOUP%20COUNTY%20ZONING%20_%20SUBDIVISION%20REGULATIONS.pdf
wind:31131,NE,Otoe County,wind,setback,2,restricting mechanism (default),sabin:S26R-5776,"Sabin Center, Opposition to Renewable Energy Facilities in t",ban_or_moratorium,4,"conflict: both kept, review",https://otoecountyne.gov/pdfs/planning_zoning/Wind%20Turbine%202022%20Proposed%20Regulations_.pdf
wind:31135,NE,Perkins County,wind,setback,2,restricting mechanism (default),sabin:S26R-5775,"Sabin Center, Opposition to Renewable Energy Facilities in t",setback,2,duplicate: not published again,https://perkinscounty.ne.gov/pdfs/planning_zoning/zoning_regulations.pdf
wind:31137,NE,Phelps County,wind,setback,2,restricting mechanism (default),sabin:S26R-5774,"Sabin Center, Opposition to Renewable Energy Facilities in t",ban_or_moratorium,4,"conflict: both kept, review",https://phelpscounty.ne.gov/pdfs/zoning/Phelps%20County%20Final%20Draft%20Zoning%20112622.pdf
wind:31139,NE,Pierce County,wind,setback,3,wind setback 2700 ft,sabin:S26R-5773,"Sabin Center, Opposition to Renewable Energy Facilities in t",setback,2,"conflict: both kept, review",https://madisoncountyne.gov/wp-content/uploads/2022/11/Pierce-Adopted-Wind-Energy-Regs.pdf
wind:31157,NE,Scotts Bluff County,wind,setback,3,wind setback 2640 ft / 2.5x height,sabin:S26R-5768,"Sabin Center, Opposition to Renewable Energy Facilities in t",ban,4,"conflict: both kept, review",https://scottsbluffcountyne.gov/wp-content/uploads/sites/4/2024/04/zoning-regulations.pdf
wind:31167,NE,Stanton County,wind,setback,3,wind setback 2700 ft,sabin:S26R-5767,"Sabin Center, Opposition to Renewable Energy Facilities in t",setback,2,"conflict: both kept, review",https://stantoncounty.nebraska.gov/sites/default/files/doc/2017%20Zoning%20Regulations%20approved%20nov%202017%20-%20amended%202023.pdf
wind:31169,NE,Thayer County,wind,setback,3,wind setback 5280 ft / 1.1x height,sabin:S26R-5766,"Sabin Center, Opposition to Renewable Energy Facilities in t",setback,2,"conflict: both kept, review",https://thayercountyne.gov/wp-content/uploads/2025/06/Thayer-County-Zoning-Regulation-signed-2025-Redacted-Version-1.pdf
wind:31171,NE,Thomas County,wind,height_limit,3,wind height limit,sabin:S26R-5765,"Sabin Center, Opposition to Renewable Energy Facilities in t",setback,3,"conflict: both kept, review",https://thomascountyne.gov/pdfs/planning_zoning/zoning%20regulations.pdf
wind:32015,NV,Lander County,wind,height_limit,3,wind height limit,sabin:S26R-5763,"Sabin Center, Opposition to Renewable Energy Facilities in t",ban_or_moratorium,4,"conflict: both kept, review",https://cms1files.revize.com/landercountynv/document_center/Commission/Packets/08_25_11.pdf
wind:32023,NV,Nye County,wind,setback,2,restricting mechanism (default),sabin:REC-0254,"Sabin Center, Opposition to Renewable Energy Facilities in t",moratorium,4,"conflict: both kept, review",https://www.pahrumpnv.gov/DocumentCenter/View/2405/Item-9-Draft-Solar-Ordinance-BW-240305RA
wind:3300582660,NH,Westmoreland Town,wind,ban,4,ban/prohibition,sabin:S26R-5760,"Sabin Center, Opposition to Renewable Energy Facilities in t",ban_or_moratorium,4,"conflict: both kept, review",https://img1.wsimg.com/blobby/go/c493d398-36b9-49b7-be40-6a5c541a4796/downloads/5cb020aa-5fe8-4f06-afa5-f19d5b5ec8ed/ORDINANCE%20BOOK.pdf?ver=1729106847291
wind:3300908980,NH,Canaan Town,wind,height_limit,3,wind height limit,sabin:REC-0267,"Sabin Center, Opposition to Renewable Energy Facilities in t",setback,2,"conflict: both kept, review",https://www.canaannh.gov/DocumentCenter/View/954/Ordinance-for-Large-Wind-Energy-Systems-PDF
wind:3600765112,NY,Sanford Town,wind,setback,2,restricting mechanism (default),sabin:S26R-5753,"Sabin Center, Opposition to Renewable Energy Facilities in t",setback,2,duplicate: not published again,https://docs.wind-watch.org/NY-Sanford-law.pdf
wind:3600925340,NY,Farmersville Town,wind,setback,3,wind setback 3000 ft / 3x height,sabin:REC-0303,"Sabin Center, Opposition to Renewable Energy Facilities in t",setback,3,duplicate: not published again,https://docs.wind-watch.org/Farmersville-law-2020.pdf
wind:3601323976,NY,Ellery Town,wind,moratorium,4,in-force moratorium,mn:ny-ellery-2026,"Moratorium Nation (mjbommar/moratorium-data-2026), CC-BY-4.0",moratorium,4,duplicate: not published again,https://cmm.compassweb.dev/files/70342c1e-2c0e-4011-b986-cc17b2498cfa/view
wind:3601359421,NY,Portland Town,wind,height_limit,3,wind height limit,sabin:S26R-5749,"Sabin Center, Opposition to Renewable Energy Facilities in t",setback,3,"conflict: both kept, review",https://static1.squarespace.com/static/648bc60c3305335b28132299/t/649b050db80cd06dccaebfa3/1687880995466/Town%20of%20Portland%20Zoning%20Ordinance.pdf
wind:3601502781,NY,Ashland Town,wind,height_limit,3,wind height limit,sabin:S26R-5743,"Sabin Center, Opposition to Renewable Energy Facilities in t",ban_or_moratorium,4,"conflict: both kept, review",https://cms5.revize.com/revize/chemungcounty/Town%20of%20Ashland%20Zoning%20Ordinance.pdf
wind:3601506475,NY,Big Flats Town,wind,height_limit,3,wind height limit,sabin:S26R-5744,"Sabin Center, Opposition to Renewable Energy Facilities in t",height_limit,3,duplicate: not published again,https://chemungcountyny.gov/DocumentCenter/View/368/Town-of-Big-Flats-PDF
wind:3601512947,NY,Catlin Town,wind,height_limit,3,wind height limit,sabin:S26R-5745,"Sabin Center, Opposition to Renewable Energy Facilities in t",ban_or_moratorium,4,"conflict: both kept, review",https://www.lincoln.ne.gov/files/sharedassets/public/planning/development-review/wind/working-group-info/catlin-local-law-proposed-draft.pdf
wind:3601569617,NY,Southport Town,wind,height_limit,3,wind height limit,sabin:S26R-5746,"Sabin Center, Opposition to Renewable Energy Facilities in t",height_limit,3,duplicate: not published again,https://www.chemungcountyny.gov/DocumentCenter/View/362/Town-of-Southport-PDF
wind:3601916397,NY,Clinton Town,wind,height_limit,3,wind height limit,sabin:REC-0298,"Sabin Center, Opposition to Renewable Energy Facilities in t",setback,2,"conflict: both kept, review",https://documents.dps.ny.gov/public/Common/ViewDoc.aspx?DocRefId=%7B10C29595-0000-C772-A521-BB4D3EC9D802%7D
wind:3602359773,NY,Preble Town,wind,moratorium,4,in-force moratorium,sabin:S26R-5742,"Sabin Center, Opposition to Renewable Energy Facilities in t",moratorium,4,duplicate: not published again,https://www.preble-ny.org/index.php/government/laws-ordinances/local-laws
wind:3602770662,NY,Stanford Town,wind,moratorium,4,in-force moratorium,mn:ny-stanford-2024,"Moratorium Nation (mjbommar/moratorium-data-2026), CC-BY-4.0",moratorium,4,duplicate: not published again,https://www.townofstanford.org/wp-content/uploads/2024/11/Resolution-of-Adoption-for-LL-2-of-2024-Moratorium.pdf
wind:3603182315,NY,Wilmington Town,wind,height_limit,3,wind height limit,sabin:S26R-5740,"Sabin Center, Opposition to Renewable Energy Facilities in t",ban_or_moratorium,4,"conflict: both kept, review",https://www.townofwilmington.org/wp-content/uploads/2021/08/Zoning-Code.pdf
wind:3604920214,NY,Denmark Town,wind,setback,2,restricting mechanism (default),sabin:S26R-5729,"Sabin Center, Opposition to Renewable Energy Facilities in t",ban_or_moratorium,4,"conflict: both kept, review",https://lewiscountyny.gov/wp-content/uploads/2022/10/Town-of-Denmark-Zoning-Law-December-2019.pdf
wind:3604932358,NY,Harrisburg Town,wind,setback,2,restricting mechanism (default),sabin:S26R-5731,"Sabin Center, Opposition to Renewable Energy Facilities in t",ban_or_moratorium,4,"conflict: both kept, review",https://lewiscountyny.gov/wp-content/uploads/2022/10/Town-of-Harrisburg-Zoning-Law.pdf
wind:3604943731,NY,Lowville Town,wind,setback,2,restricting mechanism (default),sabin:S26R-5730,"Sabin Center, Opposition to Renewable Energy Facilities in t",ban_or_moratorium,4,"conflict: both kept, review",https://lewiscountyny.gov/wp-content/uploads/2022/10/Town-of-Lowville-Alternative-Energy-Law.pdf
wind:3604955497,NY,Osceola Town,wind,setback,3,wind setback 5280 ft,sabin:S26R-5732,"Sabin Center, Opposition to Renewable Energy Facilities in t",setback,2,"conflict: both kept, review",https://lewiscountyny.gov/wp-content/uploads/2024/02/2023-Town-of-Osceola-Zoning-Law.pdf
wind:3604981094,NY,West Turin Town,wind,setback,2,restricting mechanism (default),sabin:S26R-5728,"Sabin Center, Opposition to Renewable Energy Facilities in t",ban_or_moratorium,4,"conflict: both kept, review",https://lewiscountyny.gov/wp-content/uploads/2024/01/Town-of-West-Turin-Zoning-Law-2023-Final-1.pdf
wind:3605726308,NY,Florida Town,wind,setback,3,wind setback 1000 ft / 5x height,sabin:REC-0304,"Sabin Center, Opposition to Renewable Energy Facilities in t",ban,4,"conflict: both kept, review",https://www.townofflorida.com/index.php/document-center/forms/257-draft-amendment-to-wind-turbine-ordinance
wind:3606368330,NY,Somerset Town,wind,ban,4,ban/prohibition,sabin:S26R-5719,"Sabin Center, Opposition to Renewable Energy Facilities in t",ban,4,duplicate: not published again,https://www.aes.com/sites/default/files/2023-04/Appendix%2024-A_Town%20of%20Somerset%20Local%20Law.pdf
wind:3606767521,NY,Skaneateles Town,wind,height_limit,3,wind height limit,sabin:S26R-5716,"Sabin Center, Opposition to Renewable Energy Facilities in t",ban_or_moratorium,4,"conflict: both kept, review",https://www.townofskaneateles.gov/assets/Uploads/TOS-Chapter-148-Zoning4.01.08.2024-.pdf
wind:3607383448,NY,Yates Town,wind,height_limit,3,wind height limit,sabin:S26R-5711,"Sabin Center, Opposition to Renewable Energy Facilities in t",setback,3,"conflict: both kept, review",https://documents.dps.ny.gov/public/Common/ViewDoc.aspx?DocRefId=%7B32C691DC-2639-468F-BF7F-F65DCAAB661E%7D
wind:3607561533,NY,Richland Town,wind,setback,3,wind setback 5280 ft,sabin:S26R-5710,"Sabin Center, Opposition to Renewable Energy Facilities in t",setback,3,duplicate: not published again,https://docs.wind-watch.org/NY-Richland.pdf
wind:3608935595,NY,Hopkinton Town,wind,setback,3,wind setback 5x height,sabin:S26R-5708,"Sabin Center, Opposition to Renewable Energy Facilities in t",setback,3,duplicate: not published again,http://nebula.wsimg.com/3c07cc3539d09e01a8f4e43d74eeb3f7?AccessKeyId=0E59A33F9043321304C0&disposition=0&alloworigin=1
wind:3609546855,NY,Middleburgh Town,wind,zoning_restriction,2,restricting mechanism (default),sabin:S26R-5700,"Sabin Center, Opposition to Renewable Energy Facilities in t",ban,4,"conflict: both kept, review",https://schohariecounty-ny.gov/Documents/Towns/Town%20of%20Middleburgh/Zoning%20Law/zoningLawAmend2022.pdf
wind:3609712914,NY,Catharine Town,wind,height_limit,3,wind height limit,sabin:S26R-5699,"Sabin Center, Opposition to Renewable Energy Facilities in t",height_limit,3,duplicate: not published again,https://townofcatharine.com/wp-content/uploads/2023/05/Draft-2-of-Town-of-Catharine-Zoning-Law.pdf
wind:3609720676,NY,Dix Town,wind,height_limit,3,wind height limit,sabin:S26R-5698,"Sabin Center, Opposition to Renewable Energy Facilities in t",setback,2,"conflict: both kept, review",http://nebula.wsimg.com/0a4bfd02d221e6dc357ec4ffea02b8d4?AccessKeyId=DE0EBD1920E3F441440C&disposition=0&alloworigin=1
wind:3610112991,NY,Caton Town,wind,height_limit,3,wind height limit,sabin:S26R-5693,"Sabin Center, Opposition to Renewable Energy Facilities in t",height_limit,3,duplicate: not published again,https://www.stcplanning.org/wp-content/uploads/2020/08/Caton_Zoning_10_01_13.pdf
wind:3610118267,NY,Corning Town,wind,height_limit,3,wind height limit,sabin:S26R-5694,"Sabin Center, Opposition to Renewable Energy Facilities in t",height_limit,3,duplicate: not published again,https://www.stcplanning.org/wp-content/uploads/2020/08/13_7_9_T.-Corning-Revised-Zoning-OrdinanceFINAL.pdf
wind:3610127551,NY,Fremont Town,wind,height_limit,3,wind height limit,sabin:S26R-5688,"Sabin Center, Opposition to Renewable Energy Facilities in t",noise_limit,2,"conflict: both kept, review",https://www.townoffremontny.com/wp-content/uploads/2023/06/Local-Law-2-of-2018-Rescinding-Local-Law-1-of-2008-2017-Wind-Facilitites.pdf
wind:3610127551,NY,Fremont Town,wind,height_limit,3,wind height limit,sabin:S26R-5697,"Sabin Center, Opposition to Renewable Energy Facilities in t",ban_or_moratorium,4,"conflict: both kept, review",https://www.townoffremontny.com/wp-content/uploads/2023/06/Local-Law-2-of-2018-Rescinding-Local-Law-1-of-2008-2017-Wind-Facilitites.pdf
wind:3610511759,NY,Callicoon Town,wind,ban,4,ban/prohibition,sabin:S26R-5685,"Sabin Center, Opposition to Renewable Energy Facilities in t",ban,4,duplicate: not published again,https://townofcallicoon.org/wp-content/uploads/2022/08/CodeofCallicoon2022.pdf
wind:3610527573,NY,Fremont Town,wind,noise_limit,3,wind noise limit 30 dBA,sabin:S26R-5688,"Sabin Center, Opposition to Renewable Energy Facilities in t",noise_limit,2,"conflict: both kept, review",https://www.fremontny.org/Section%20100%20Town%20Zoning%20Law%20(2016).pdf
wind:3610527573,NY,Fremont Town,wind,noise_limit,3,wind noise limit 30 dBA,sabin:S26R-5697,"Sabin Center, Opposition to Renewable Energy Facilities in t",ban_or_moratorium,4,"conflict: both kept, review",https://www.fremontny.org/Section%20100%20Town%20Zoning%20Law%20(2016).pdf
wind:3610924548,NY,Enfield Town,wind,setback,2,restricting mechanism (default),sabin:REC-0302,"Sabin Center, Opposition to Renewable Energy Facilities in t",moratorium,4,"conflict: both kept, review",https://townofenfield.org/wp-content/uploads/2019/10/2007-3.pdf
wind:3611120247,NY,Denning Town,wind,zoning_restriction,2,restricting mechanism (default),sabin:S26R-5678,"Sabin Center, Opposition to Renewable Energy Facilities in t",ban_or_moratorium,4,"conflict: both kept, review",https://www.denningny.gov/wp-content/uploads/2023/05/TOD-ZONING-LAW-2019.pdf
wind:3612306002,NY,Benton Town,wind,height_limit,3,wind height limit,sabin:S26R-5672,"Sabin Center, Opposition to Renewable Energy Facilities in t",ban_or_moratorium,4,"conflict: both kept, review",https://townofbenton.us/wp-content/uploads/2021/05/Zoning-Codes.pdf
wind:37009,NC,Ashe County,wind,setback,2,restricting mechanism (default),sabin:REC-0307,"Sabin Center, Opposition to Renewable Energy Facilities in t",height_limit,3,"conflict: both kept, review",https://www.wind-watch.org/newsarchive/wp-content/uploads/2007/07/ashecountywindmillordinance-passed.pdf
wind:37031,NC,Carteret County,wind,setback,3,wind setback 5280 ft,sabin:REC-0308,"Sabin Center, Opposition to Renewable Energy Facilities in t",setback,3,duplicate: not published again,https://docs.wind-watch.org/Carteret-Cty-Tall-Structures.pdf
wind:37049,NC,Craven County,wind,height_limit,3,wind height limit,sabin:REC-0309,"Sabin Center, Opposition to Renewable Energy Facilities in t",setback,3,"conflict: both kept, review",https://www.cravencountync.gov/DocumentCenter/View/4209
wind:37053,NC,Currituck County,wind,height_limit,3,wind height limit,sabin:REC-0310,"Sabin Center, Opposition to Renewable Energy Facilities in t",ban_or_moratorium,4,"conflict: both kept, review",https://www.naco.org/sites/default/files/documents/Currituck%20County%20NC%20Wind%20Amendment%20to%20Unified%20Development%20Ordinance.pdf
wind:37055,NC,Dare County,wind,height_limit,3,wind height limit,sabin:S26R-5663,"Sabin Center, Opposition to Renewable Energy Facilities in t",noise_limit,2,"conflict: both kept, review",https://codelibrary.amlegal.com/codes/darecounty/latest/dareco_nc/0-0-0-34853
wind:37073,NC,Gates County,wind,height_limit,3,wind height limit,sabin:S26R-5662,"Sabin Center, Opposition to Renewable Energy Facilities in t",height_limit,3,duplicate: not published again,https://gatescountync.gov/vertical/Sites/%7BC4993D33-7F3A-4388-B179-2EC1739C7E2E%7D/uploads/2021_Gates_County_Ordinances_amended_3.16.2022(1).pdf
wind:37077,NC,Granville County,wind,height_limit,3,wind height limit,sabin:S26R-5661,"Sabin Center, Opposition to Renewable Energy Facilities in t",height_limit,3,duplicate: not published again,https://library.municode.com/nc/granville_county/codes/code_of_ordinances?nodeId=COOR_CH32LADECO_ARTIIIUSRE
wind:37085,NC,Harnett County,wind,height_limit,3,wind height limit,sabin:S26R-5660,"Sabin Center, Opposition to Renewable Energy Facilities in t",height_limit,3,duplicate: not published again,https://www.harnett.org/planning/downloads/official-adopted-udo-amended-2025-may.pdf
wind:37091,NC,Hertford County,wind,height_limit,3,wind height limit,sabin:S26R-5658,"Sabin Center, Opposition to Renewable Energy Facilities in t",ban_or_moratorium,4,"conflict: both kept, review",https://cms9files.revize.com/hertfordcounty/Revised%20Copy%20010625.pdf
wind:37097,NC,Iredell County,wind,height_limit,3,wind height limit,sabin:REC-0312,"Sabin Center, Opposition to Renewable Energy Facilities in t",height_limit,3,duplicate: not published again,https://www.iredellcountync.gov/DocumentCenter/View/422/Chapter-3-Performance-Requirements-PDF
wind:37101,NC,Johnston County,wind,height_limit,3,wind height limit,sabin:S26R-5655,"Sabin Center, Opposition to Renewable Energy Facilities in t",ban_or_moratorium,4,"conflict: both kept, review",https://codelibrary.amlegal.com/codes/johnstoncounty/latest/johnstoncounty_nc/0-0-0-2401
wind:37133,NC,Onslow County,wind,ban,4,ban/prohibition,sabin:S26R-5653,"Sabin Center, Opposition to Renewable Energy Facilities in t",ban_or_moratorium,4,"conflict: both kept, review",https://www.onslowcountync.gov/DocumentCenter/View/23667/Article-9---Additional-Required-Standards
wind:37137,NC,Pamlico County,wind,height_limit,3,wind height limit,sabin:S26R-5652,"Sabin Center, Opposition to Renewable Energy Facilities in t",setback,2,"conflict: both kept, review",https://webgen1files1.revize.com/pamlicocntync/Document/County%20Government/Ordinance/wind-energy-ordinance-revised-to-include-military-and-other-improvements-09-03-13.pdf
wind:37163,NC,Sampson County,wind,height_limit,3,wind height limit,sabin:S26R-5648,"Sabin Center, Opposition to Renewable Energy Facilities in t",height_limit,3,duplicate: not published again,https://www.sampsoncountync.gov/files/sharedassets/public/v/1/documents/planningzoning/zoning-ordinance-current-2-2025.pdf
wind:38003,ND,Barnes County,wind,setback,3,wind setback 2640 ft,sabin:S26R-5647,"Sabin Center, Opposition to Renewable Energy Facilities in t",setback,2,"conflict: both kept, review",https://www.barnescounty.us/wp-content/uploads/2025/02/2024DevelopmentCode.pdf
wind:38011,ND,Bowman County,wind,setback,3,wind setback 2640 ft,sabin:S26R-5646,"Sabin Center, Opposition to Renewable Energy Facilities in t",setback,2,"conflict: both kept, review",https://bowmannd.com/wp-content/uploads/2024/12/2024-ZONING-ORDINACE.pdf
wind:38023,ND,Divide County,wind,setback,2,restricting mechanism (default),sabin:S26R-5645,"Sabin Center, Opposition to Renewable Energy Facilities in t",setback,2,duplicate: not published again,https://cdnsm5-hosted.civiclive.com/UserFiles/Servers/Server_11725438/File/March%202025%20zoning%20ordinance1.pdf
wind:38025,ND,Dunn County,wind,setback,2,restricting mechanism (default),sabin:S26R-5644,"Sabin Center, Opposition to Renewable Energy Facilities in t",setback,2,duplicate: not published again,https://dunncountynd.gov/vertical/sites/%7B565AA8FB-A7E9-4453-8706-895E3925615D%7D/uploads/2022_Dunn_County_Land_Development_Code(1).pdf
wind:38033,ND,Golden Valley County,wind,setback,2,restricting mechanism (default),sabin:S26R-5643,"Sabin Center, Opposition to Renewable Energy Facilities in t",setback,2,duplicate: not published again,https://www.goldenvalleycounty.org/zoning/GVCzoning.pdf
wind:38035,ND,Grand Forks County,wind,height_limit,3,wind height limit,sabin:REC-0323,"Sabin Center, Opposition to Renewable Energy Facilities in t",moratorium,4,"conflict: both kept, review",https://deq.nd.gov/WQ/2_NDPDES_Permits/1_AFO_CAFO/CountyZoning/Grand%20Forks/GrandForks20070725.pdf
wind:38055,ND,McLean County,wind,setback,2,restricting mechanism (default),sabin:REC-0326,"Sabin Center, Opposition to Renewable Energy Facilities in t",setback,2,duplicate: not published again,https://www.mcleancountynd.gov/image/cache/Zoning_Ordinance_-_Revised_5-24-2022.pdf
wind:38095,ND,Towner County,wind,height_limit,3,wind height limit,sabin:S26R-5634,"Sabin Center, Opposition to Renewable Energy Facilities in t",height_limit,3,duplicate: not published again,https://www.deq.nd.gov/WQ/2_NDPDES_Permits/1_AFO_CAFO/CountyZoning/Towner/Towner20070726.pdf
wind:39027,OH,Clinton County,wind,setback,2,restricting mechanism (default),sabin:S26R-5627,"Sabin Center, Opposition to Renewable Energy Facilities in t",ban,4,"conflict: both kept, review",https://co.clinton.oh.us/media/Building%20and%20Zoning/Zoning/Clinton%20County%20Zoning%20Resolution%20rev2024.pdf
wind:39047,OH,Fayette County,wind,zoning_restriction,2,restricting mechanism (default),sabin:REC-0349,"Sabin Center, Opposition to Renewable Energy Facilities in t",ban,4,"conflict: both kept, review",https://www.fayette-co-oh.com/DocumentCenter/View/630/PROPOSED-Solar-and-Wind-Farm-Prohibition-Resolution-1-13-2023-PDF
wind:39057,OH,Greene County,wind,height_limit,3,wind height limit,sabin:REC-0350,"Sabin Center, Opposition to Renewable Energy Facilities in t",ban,4,"conflict: both kept, review",https://www.greenecountyohio.gov/DocumentCenter/View/7861/Jefferson-Township-Zoning-Resolution-09-28-2016-PDF?bidId=
wind:39083,OH,Knox County,wind,setback,2,restricting mechanism (default),sabin:REC-0353,"Sabin Center, Opposition to Renewable Energy Facilities in t",ban,4,"conflict: both kept, review",https://co.knox.oh.us/wp-content/uploads/2024/09/Zoning-Resolution-Hilliar-Township.pdf
wind:39097,OH,Madison County,wind,zoning_restriction,2,restricting mechanism (default),sabin:S26R-5614,"Sabin Center, Opposition to Renewable Energy Facilities in t",ban,4,"conflict: both kept, review",https://madison.oh.gov/document_center/Building%20Zoning/Zoning%20Resolution%20Body%20July%202025%20Final%20Draft.pdf
wind:39103,OH,Medina County,wind,height_limit,3,wind height limit,sabin:S26R-5611,"Sabin Center, Opposition to Renewable Energy Facilities in t",ban_or_moratorium,4,"conflict: both kept, review",https://medinaoh.org/includes/uploads/Planning_docs/Planning_Documents/Planning_and_Zoning_Code_12-26-24.pdf
wind:39123,OH,Ottawa County,wind,setback,2,restricting mechanism (default),sabin:S26R-5610,"Sabin Center, Opposition to Renewable Energy Facilities in t",ban_or_moratorium,4,"conflict: both kept, review",https://www.co.ottawa.oh.us/DocumentCenter/View/596/Harris-Township-Zoning-Resolution-PDF
wind:39137,OH,Putnam County,wind,setback,2,restricting mechanism (default),sabin:S26R-5608,"Sabin Center, Opposition to Renewable Energy Facilities in t",ban,4,"conflict: both kept, review",https://putnamcountyohio.gov/wp-content/uploads/2024/07/Putnam-Co-wind-turbine-regulations.pdf
wind:39175,OH,Wyandot County,wind,zoning_restriction,2,restricting mechanism (default),sabin:S26R-5603,"Sabin Center, Opposition to Renewable Energy Facilities in t",ban,4,"conflict: both kept, review",https://www.co.wyandot.oh.us/DocumentCenter/View/1204/Wind-Solar-Restricting-Resolution
wind:4007192561,OK,Ponca City,wind,height_limit,3,wind height limit,sabin:S26R-5601,"Sabin Center, Opposition to Renewable Energy Facilities in t",height_limit,3,duplicate: not published again,https://www.poncacityok.gov/DocumentCenter/View/14934/Development-Serv-Zoning-Ordinance
wind:41059,OR,Umatilla County,wind,setback,3,wind setback 10560 ft,sabin:REC-0366,"Sabin Center, Opposition to Renewable Energy Facilities in t",setback,2,"conflict: both kept, review",https://www.co.umatilla.or.us/fileadmin/user_upload/BCC/Codes/Umatilla_County_Development_Code_July_17__2024.pdf
wind:41063,OR,Wallowa County,wind,setback,2,restricting mechanism (default),sabin:S26R-5595,"Sabin Center, Opposition to Renewable Energy Facilities in t",ban_or_moratorium,4,"conflict: both kept, review",https://www.co.wallowa.or.us/media/3176
wind:4200329732,PA,Glen Osborne Borough,wind,height_limit,3,wind height limit,sabin:S26R-5590,"Sabin Center, Opposition to Renewable Energy Facilities in t",height_limit,3,duplicate: not published again,https://www.glenosborneborough.org/Zoning%20Ordinance%203-14-12.pdf
wind:4200350528,PA,Monroeville Municipality,wind,noise_limit,3,wind noise limit 15 dBA,sabin:S26R-5588,"Sabin Center, Opposition to Renewable Energy Facilities in t",noise_limit,2,"conflict: both kept, review",https://www.monroeville.pa.us/DocumentCenter/View/213/Ordinance-1443-Section-307-Pages-28-to-33-PDF
wind:4200351744,PA,Mount Oliver Borough,wind,height_limit,3,wind height limit,sabin:S26R-5591,"Sabin Center, Opposition to Renewable Energy Facilities in t",height_limit,3,duplicate: not published again,https://mtoliver.com/wp-content/uploads/2019/03/DRAFT-ZO-Clean-Copy-030719.pdf
wind:4200356384,PA,O'Hara Township,wind,height_limit,3,wind height limit,sabin:S26R-5587,"Sabin Center, Opposition to Renewable Energy Facilities in t",height_limit,3,duplicate: not published again,https://www.ohara.pa.us/sites/g/files/vyhlif6181/f/uploads/zoning_ord_1361.pdf
wind:4200368388,PA,Scott Township,wind,height_limit,3,wind height limit,sabin:S26R-5593,"Sabin Center, Opposition to Renewable Energy Facilities in t",height_limit,3,duplicate: not published again,https://scott-twp.com/wp-content/uploads/2023/10/ZONING-ORDINANCE-2021-rev-V6R.pdf
wind:4200372160,PA,South Fayette Township,wind,height_limit,3,wind height limit,sabin:S26R-5589,"Sabin Center, Opposition to Renewable Energy Facilities in t",ban_or_moratorium,4,"conflict: both kept, review",https://southfayettepa.com/AgendaCenter/ViewFile/Item/10358?fileID=44326
wind:4200732392,PA,Hanover Township,wind,ban,4,ban/prohibition,sabin:S26R-5583,"Sabin Center, Opposition to Renewable Energy Facilities in t",setback,2,"conflict: both kept, review",https://hanovertwp.us/wp-content/uploads/2021/06/ORD-59-Zoning-Ordinance.pdf
wind:4200754072,PA,New Sewickley Township,wind,height_limit,3,wind height limit,sabin:S26R-5585,"Sabin Center, Opposition to Renewable Energy Facilities in t",height_limit,3,duplicate: not published again,https://newsewickley.com/wp-content/uploads/2025/04/Ord-208.pdf
wind:4200983920,PA,West Providence Township,wind,setback,2,restricting mechanism (default),sabin:S26R-5582,"Sabin Center, Opposition to Renewable Energy Facilities in t",setback,2,duplicate: not published again,https://s3.amazonaws.com/windaction23/attachments/1067/WestProvidence.pdf
wind:4201106008,PA,Bethel Township,wind,setback,3,wind setback 5x height,sabin:S26R-5581,"Sabin Center, Opposition to Renewable Energy Facilities in t",ban_or_moratorium,4,"conflict: both kept, review",http://betheltwp.org/wp-content/uploads/2023/02/2011-04-Zoning-Amend.pdf
wind:4201163624,PA,Reading City,wind,height_limit,3,wind height limit,sabin:S26R-5575,"Sabin Center, Opposition to Renewable Energy Facilities in t",height_limit,3,duplicate: not published again,https://codelibrary.amlegal.com/codes/readingpa/latest/reading_pa/0-0-0-25325
wind:4201178280,PA,Union Township,wind,setback,2,restricting mechanism (default),sabin:S26R-5576,"Sabin Center, Opposition to Renewable Energy Facilities in t",ban_or_moratorium,4,"conflict: both kept, review",https://ecode360.com/UN1916/laws/LF1652913.pdf
wind:4201327600,PA,Frankstown Township,wind,setback,2,restricting mechanism (default),sabin:S26R-5573,"Sabin Center, Opposition to Renewable Energy Facilities in t",ban_or_moratorium,4,"conflict: both kept, review",http://frankstowntownship.com/wp-content/uploads/2016/02/FRANKZONEORDFINAL.pdf
wind:4201503400,PA,Athens Township,wind,setback,3,wind setback 5x height,sabin:S26R-5572,"Sabin Center, Opposition to Renewable Energy Facilities in t",setback,2,"conflict: both kept, review",https://www.athenstownship.org/FINAL%20Formatted%20Ordinance_220114.pdf
wind:4201754688,PA,Northampton Township,wind,setback,3,wind setback 5x height,sabin:S26R-5569,"Sabin Center, Opposition to Renewable Energy Facilities in t",height_limit,3,"conflict: both kept, review",https://www.northamptontownship.com/media/1365/code-of-ordinances-northampton-township-full-2-9-16.pdf
wind:4201780952,PA,Warminster Township,wind,height_limit,3,wind height limit,sabin:S26R-5571,"Sabin Center, Opposition to Renewable Energy Facilities in t",ban_or_moratorium,4,"conflict: both kept, review",https://warminstertownship.org/wp-content/uploads/2013/03/zoning_ord_adopted_100109.pdf
wind:4201781048,PA,Warrington Township,wind,setback,3,wind setback 5x height,sabin:S26R-5570,"Sabin Center, Opposition to Renewable Energy Facilities in t",ban_or_moratorium,4,"conflict: both kept, review",https://ecode360.com/WA0807/laws/LF1411093.pdf
wind:4202122144,PA,Ebensburg Borough,wind,setback,2,restricting mechanism (default),sabin:S26R-5567,"Sabin Center, Opposition to Renewable Energy Facilities in t",size_cap,2,"conflict: both kept, review",https://ebensburgpa.com/wp-content/uploads/2020/11/Code-Chapter-20-Zoning.pdf
wind:4202137352,PA,Jackson Township,wind,setback,2,restricting mechanism (default),sabin:S26R-5566,"Sabin Center, Opposition to Renewable Energy Facilities in t",ban_or_moratorium,4,"conflict: both kept, review",https://cambriaplanning.org/wp-content/uploads/2013/04/ordinance-168-final-zoning-ordinance-coalition.pdf
wind:4202179360,PA,Upper Yoder Township,wind,setback,3,wind setback 2000 ft / 5x height,sabin:S26R-5568,"Sabin Center, Opposition to Renewable Energy Facilities in t",ban_or_moratorium,4,"conflict: both kept, review",https://cambriaplanning.org/wp-content/uploads/2020/10/upperyoderzoning2020.pdf
wind:4202715136,PA,College Township,wind,setback,3,wind setback 2500 ft / 5x height,sabin:S26R-5563,"Sabin Center, Opposition to Renewable Energy Facilities in t",setback,2,"conflict: both kept, review",https://ecode360.com/13103813
wind:4202731992,PA,Halfmoon Township,wind,setback,3,wind setback 2500 ft / 5x height,sabin:S26R-5564,"Sabin Center, Opposition to Renewable Energy Facilities in t",ban_or_moratorium,4,"conflict: both kept, review",https://ecode360.com/HA1360/laws/LF1147364.pdf
wind:4202921480,PA,East Marlborough Township,wind,height_limit,3,wind height limit,sabin:S26R-5560,"Sabin Center, Opposition to Renewable Energy Facilities in t",height_limit,3,duplicate: not published again,https://www.eastmarlborough.org/wp-content/uploads/2019-zoning-ordinance.pdf
wind:4202921696,PA,East Pikeland Township,wind,setback,3,wind setback 5x height,sabin:S26R-5557,"Sabin Center, Opposition to Renewable Energy Facilities in t",ban_or_moratorium,4,"conflict: both kept, review",https://www.chescoplanning.org/uandi/pdf/EastPikelandSolarWindOrdinance.pdf
wind:4202979352,PA,Upper Uwchlan Township,wind,zoning_restriction,2,restricting mechanism (default),sabin:S26R-5562,"Sabin Center, Opposition to Renewable Energy Facilities in t",ban_or_moratorium,4,"conflict: both kept, review",https://upperuwchlan-pa.gov/DocumentCenter/View/1711/2023-04-Alternative-Energy-Systems-Ordinance-Amendments-October-16-2023-PDF
wind:4202983464,PA,West Marlborough Township,wind,height_limit,3,wind height limit,sabin:S26R-5556,"Sabin Center, Opposition to Renewable Energy Facilities in t",height_limit,3,duplicate: not published again,https://www.westmarlboroughpa.gov/wp-content/uploads/2023/05/zoning-ordinance.pdf
wind:4202983968,PA,West Sadsbury Township,wind,height_limit,3,wind height limit,sabin:S26R-5559,"Sabin Center, Opposition to Renewable Energy Facilities in t",ban_or_moratorium,4,"conflict: both kept, review",https://www.westsadsburytwp.org/wp-content/uploads/2014/05/Zoning-Ordinance-August-2018.pdf
wind:4204344464,PA,Londonderry Township,wind,height_limit,3,wind height limit,sabin:S26R-5554,"Sabin Center, Opposition to Renewable Energy Facilities in t",ban_or_moratorium,4,"conflict: both kept, review",https://www.londonderrypa.org/pdfs/uploaded/ords/all/Ag%20Zoning%20Amendment%20Ordinance.pdf
wind:4204349040,PA,Middle Paxton Township,wind,setback,2,restricting mechanism (default),sabin:S26R-5551,"Sabin Center, Opposition to Renewable Energy Facilities in t",ban_or_moratorium,4,"conflict: both kept, review",https://www.middlepaxtontwp.org/wp-content/uploads/2022/05/Zoning-Ordinance-orientation-fixed.pdf
wind:4204379216,PA,Upper Paxton Township,wind,setback,2,restricting mechanism (default),sabin:S26R-5552,"Sabin Center, Opposition to Renewable Energy Facilities in t",ban_or_moratorium,4,"conflict: both kept, review",https://www.upperpaxtontwp.org/gencode/Chapter%2027%20-%20Zoning.pdf
wind:4204978312,PA,Union Township,wind,setback,3,wind setback 5x height,sabin:S26R-5576,"Sabin Center, Opposition to Renewable Energy Facilities in t",ban_or_moratorium,4,"conflict: both kept, review",https://unioncitypa.us/pdf/ordinances/union_township_zoning_amended_2024-05-14.pdf?x15111
wind:4206136368,PA,Huntingdon Borough,wind,setback,2,restricting mechanism (default),sabin:S26R-5550,"Sabin Center, Opposition to Renewable Energy Facilities in t",size_cap,2,"conflict: both kept, review",https://huntingdonboro.com/wp-content/uploads/2016/03/Chapter-27-Zoning.pdf
wind:4207537392,PA,Jackson Township,wind,height_limit,3,wind height limit,sabin:S26R-5566,"Sabin Center, Opposition to Renewable Energy Facilities in t",ban_or_moratorium,4,"conflict: both kept, review",https://ecode360.com/27065678
wind:4207706088,PA,Bethlehem City,wind,height_limit,3,wind height limit,sabin:S26R-5547,"Sabin Center, Opposition to Renewable Energy Facilities in t",height_limit,3,duplicate: not published again,https://www.bethlehem-pa.gov/CityOfBethlehem/media/DCED-Media-Library/PlanningZoning/Zoning_Ordinance_22.pdf
wind:4207716056,PA,Coopersburg Borough,wind,height_limit,3,wind height limit,sabin:S26R-5548,"Sabin Center, Opposition to Renewable Energy Facilities in t",ban_or_moratorium,4,"conflict: both kept, review",http://www.coopersburgborough.org/wp-content/uploads/2020/01/FINAL-Zoning-Update-12-2019.pdf
wind:4207746392,PA,Macungie Borough,wind,height_limit,3,wind height limit,sabin:S26R-5546,"Sabin Center, Opposition to Renewable Energy Facilities in t",height_limit,3,duplicate: not published again,https://www.macungie.pa.us/forms/zoning_ordinance.pdf
wind:4207779288,PA,Upper Saucon Township,wind,height_limit,3,wind height limit,sabin:S26R-5545,"Sabin Center, Opposition to Renewable Energy Facilities in t",height_limit,3,duplicate: not published again,https://www.uppersaucon.org/wp-content/uploads/2016/02/ord141-A.pdf
wind:4207932416,PA,Hanover Township,wind,height_limit,3,wind height limit,sabin:S26R-5583,"Sabin Center, Opposition to Renewable Energy Facilities in t",setback,2,"conflict: both kept, review",http://www.hanovertownship.org/pdf/ZoningOrdinance2018.pdf
wind:4208730480,PA,Granville Township,wind,setback,2,restricting mechanism (default),sabin:S26R-5544,"Sabin Center, Opposition to Renewable Energy Facilities in t",setback,2,duplicate: not published again,https://docs.wind-watch.org/Granville-PA-Wind-Turbine-Ordinance.pdf
wind:4209506088,PA,Bethlehem City,wind,height_limit,3,wind height limit,sabin:S26R-5547,"Sabin Center, Opposition to Renewable Energy Facilities in t",height_limit,3,duplicate: not published again,https://www.bethlehem-pa.gov/CityOfBethlehem/media/DCED-Media-Library/PlanningZoning/Zoning_Ordinance_22.pdf
wind:4209911416,PA,Carroll Township,wind,height_limit,3,wind height limit,sabin:S26R-5542,"Sabin Center, Opposition to Renewable Energy Facilities in t",ban_or_moratorium,4,"conflict: both kept, review",https://www.attorneygeneral.gov/wp-content/uploads/2019/07/Carroll-Township-Ordinance.pdf
wind:4209977960,PA,Tuscarora Township,wind,height_limit,3,wind height limit,sabin:S26R-5541,"Sabin Center, Opposition to Renewable Energy Facilities in t",ban_or_moratorium,4,"conflict: both kept, review",http://www.tuscaroratownship.com/wp-content/uploads/Chapter-27-Zoning.pdf
wind:4210711608,PA,Cass Township,wind,setback,2,restricting mechanism (default),sabin:S26R-5538,"Sabin Center, Opposition to Renewable Energy Facilities in t",ban_or_moratorium,4,"conflict: both kept, review",https://www.casstownship.org/images/ordinances/Cass_Zoning_-_Adopted_July_2013.pdf
wind:4210721952,PA,East Union Township,wind,setback,3,wind setback 5x height,sabin:S26R-5540,"Sabin Center, Opposition to Renewable Energy Facilities in t",height_limit,3,"conflict: both kept, review",https://www.eastuniontownship.com/wp-content/uploads/2025/07/Zoning-Ordinance-1-21-21.pdf
wind:4210783792,PA,West Penn Township,wind,height_limit,3,wind height limit,sabin:S26R-5539,"Sabin Center, Opposition to Renewable Energy Facilities in t",ban_or_moratorium,4,"conflict: both kept, review",https://westpenntownship.org/wp-content/uploads/2019/10/doc04358820180128140816.pdf
wind:4213337488,PA,Jackson Township,wind,ban,4,ban/prohibition,sabin:S26R-5566,"Sabin Center, Opposition to Renewable Energy Facilities in t",ban_or_moratorium,4,"conflict: both kept, review",https://ecode360.com/13001571
wind:45031,SC,Darlington County,wind,height_limit,3,wind height limit,sabin:S26R-5530,"Sabin Center, Opposition to Renewable Energy Facilities in t",height_limit,3,duplicate: not published again,https://library.municode.com/sc/darlington_county/codes/code_of_ordinances?nodeId=APXADESTOR_ARTNINETEENREENSY
wind:45069,SC,Marlboro County,wind,size_cap,2,restricting mechanism (default),sabin:S26R-5528,"Sabin Center, Opposition to Renewable Energy Facilities in t",size_cap,2,duplicate: not published again,https://cms2.revize.com/revize/marlborocosc/Ordinances/Ordinance%20818%20-%20Conditions%20for%20Solar%20Energy%20Systems.pdf
wind:46039,SD,Deuel County,wind,setback,2,restricting mechanism (default),sabin:S26R-5526,"Sabin Center, Opposition to Renewable Energy Facilities in t",setback,2,duplicate: not published again,https://puc.sd.gov/commission/dockets/electric/2019/el19-026/appendixp.pdf
wind:46045,SD,Edmunds County,wind,setback,3,wind setback 2640 ft / 1.1x height,sabin:S26R-5525,"Sabin Center, Opposition to Renewable Energy Facilities in t",setback,2,"conflict: both kept, review",https://edmunds.sdcounties.org/files/2024/05/Edmunds-County-Zoning-Ordinance-5-24.pdf
wind:46083,SD,Lincoln County,wind,setback,3,wind setback 2640 ft / 2x height,sabin:REC-0400,"Sabin Center, Opposition to Renewable Energy Facilities in t",setback,3,duplicate: not published again,https://www.lincolncountysd.gov/DocumentCenter/View/796/2009-Revised-Zoning-Ordinance-PDF
wind:46103,SD,Pennington County,wind,setback,3,wind setback 5x height,mn:sd-pennington-county-2024,"Moratorium Nation (mjbommar/moratorium-data-2026), CC-BY-4.0",moratorium,4,"conflict: both kept, review",https://rapairport.com/wp-content/uploads/2021/12/RAP_LUP_Oct2010AppendixF-I.pdf
wind:46119,SD,Sully County,wind,setback,3,wind setback 21120 ft,sabin:S26R-5520,"Sabin Center, Opposition to Renewable Energy Facilities in t",setback,2,"conflict: both kept, review",https://sullycounty.net/media/sullycountynet/Notices/Commission/2022/10.04.2022.pdf
wind:46129,SD,Walworth County,wind,setback,3,wind setback 10560 ft / 2x height,sabin:REC-0402,"Sabin Center, Opposition to Renewable Energy Facilities in t",setback,3,duplicate: not published again,https://walworthco.org/wp-content/uploads/2010/07/Walworth-Co-Zoning-Ordinance-051017-Adopted.pdf
wind:47045,TN,Dyer County,wind,setback,2,restricting mechanism (default),sabin:S26R-5519,"Sabin Center, Opposition to Renewable Energy Facilities in t",setback,2,duplicate: not published again,https://irp.cdn-website.com/564557c6/files/uploaded/Dyer%20County%20Zoning%20Regulations%2004-16-2019%5B1088%5D.pdf
wind:47147,TN,Robertson County,wind,height_limit,3,wind height limit,sabin:S26R-5515,"Sabin Center, Opposition to Renewable Energy Facilities in t",height_limit,3,duplicate: not published again,https://www.robertsoncountytn.gov/departments/planning/Zoning%20Regulations/ZONING%20RESOLUTION-%20REVISED%20%202021.pdf
wind:4806190480,TX,Brownsville City,wind,height_limit,3,wind height limit,sabin:REC-0421,"Sabin Center, Opposition to Renewable Energy Facilities in t",ban_or_moratorium,4,"conflict: both kept, review",https://library.municode.com/tx/brownsville/codes/code_of_ordinances?nodeId=PTIICOOR_CH18BUBURE_ARTXIENCOCO_DIV2WIENSY_S18-750PUSC
wind:4808592360,TX,McKinney City,wind,height_limit,3,wind height limit,sabin:REC-0427,"Sabin Center, Opposition to Renewable Energy Facilities in t",ban,4,"conflict: both kept, review",https://mcclibrary.blob.core.usgovcloudapi.net/codecontent/14250/415104/Chapter%20150%20%E2%80%93%20Unified%20Development%20Code.pdf
wind:4813992570,TX,Midlothian City,wind,height_limit,3,wind height limit,sabin:REC-0428,"Sabin Center, Opposition to Renewable Energy Facilities in t",size_cap,2,"conflict: both kept, review",https://ecode360.com/MI6405/laws/LF2044842.pdf
wind:4818993060,TX,Plainview City,wind,zoning_restriction,2,restricting mechanism (default),sabin:S26R-5501,"Sabin Center, Opposition to Renewable Energy Facilities in t",ban,4,"conflict: both kept, review",https://plainviewtx.org/DocumentCenter/View/2648/Plainview-Zoning-CLEAN-022519
wind:4820391685,TX,Hallsville City,wind,zoning_restriction,2,restricting mechanism (default),sabin:S26R-5499,"Sabin Center, Opposition to Renewable Energy Facilities in t",ban,4,"conflict: both kept, review",https://cityofhallsvilletx.com/wp-content/uploads/2018/02/Ordinance-2016-06-Zoning-Ordinance-web.pdf
wind:4827392035,TX,Kingsville City,wind,height_limit,3,wind height limit,sabin:REC-0426,"Sabin Center, Opposition to Renewable Energy Facilities in t",height_limit,3,duplicate: not published again,https://library.municode.com/tx/kingsville/codes/code_of_ordinances?nodeId=PT2COOR_CHXVLAUS_ART6ZO_WIENCOSYWE_S15-6-194PU
wind:4835590850,TX,Corpus Christi City,wind,setback,2,restricting mechanism (default),sabin:S26R-5496,"Sabin Center, Opposition to Renewable Energy Facilities in t",ban,4,"conflict: both kept, review",https://online.encodeplus.com/regs/corpuschristi-tx/doc-view.aspx?tocid=&print=1
wind:4836392595,TX,Mineral Wells City,wind,noise_limit,2,restricting mechanism (default),sabin:S26R-5495,"Sabin Center, Opposition to Renewable Energy Facilities in t",noise_limit,2,duplicate: not published again,https://library.municode.com/tx/mineral_wells/codes/code_of_ordinances?nodeId=PTIICOOR_APXBZOOR_ART5SPDI_S5-1PLADEDI
wind:4836991410,TX,Friona City,wind,height_limit,3,wind height limit,sabin:S26R-5493,"Sabin Center, Opposition to Renewable Energy Facilities in t",ban_or_moratorium,4,"conflict: both kept, review",https://ecode360.com/41174148
wind:4841193439,TX,San Saba City,wind,ban,4,ban/prohibition,sabin:S26R-5491,"Sabin Center, Opposition to Renewable Energy Facilities in t",ban_or_moratorium,4,"conflict: both kept, review",https://ecode360.com/39989464
wind:4844190010,TX,Abilene City,wind,height_limit,3,wind height limit,sabin:S26R-5487,"Sabin Center, Opposition to Renewable Energy Facilities in t",height_limit,3,duplicate: not published again,https://abilenetx.gov/DocumentCenter/View/3749/Zoning-Districts-PDF
wind:4848594215,TX,Wichita Falls City,wind,ban,4,ban/prohibition,sabin:S26R-5485,"Sabin Center, Opposition to Renewable Energy Facilities in t",ban,4,duplicate: not published again,http://www.wichitafallstx.gov/DocumentCenter/View/4325/Alternative-Energy
wind:4849790445,TX,Bridgeport City,wind,height_limit,3,wind height limit,sabin:S26R-5484,"Sabin Center, Opposition to Renewable Energy Facilities in t",ban_or_moratorium,4,"conflict: both kept, review",https://ecode360.com/38672763
wind:49001,UT,Beaver County,wind,setback,3,wind setback 2640 ft,sabin:S26R-5483,"Sabin Center, Opposition to Renewable Energy Facilities in t",setback,3,duplicate: not published again,https://www.beaver.utah.gov/DocumentView.aspx?DID=176
wind:49013,UT,Duchesne County,wind,setback,2,restricting mechanism (default),sabin:S26R-5482,"Sabin Center, Opposition to Renewable Energy Facilities in t",siting_standard,2,"conflict: both kept, review",https://www.duchesne.utah.gov/wp-content/uploads/2018/05/Zoning-Ordinance-Amendments-2018.pdf
wind:49049,UT,Utah County,wind,height_limit,3,wind height limit,sabin:S26R-5480,"Sabin Center, Opposition to Renewable Energy Facilities in t",ban_or_moratorium,4,"conflict: both kept, review",https://www.utahcounty.gov/apps/WebLink/Dept/COMDEV/LandUseUpdate_7-10-2019.pdf
wind:49057,UT,Weber County,wind,height_limit,3,wind height limit,sabin:S26R-5479,"Sabin Center, Opposition to Renewable Energy Facilities in t",ban_or_moratorium,4,"conflict: both kept, review",https://codelibrary.amlegal.com/codes/southweberut/latest/southweber_ut/0-0-0-6184
wind:5000745250,VT,Milton Town,wind,ban,4,ban/prohibition,sabin:S26R-5477,"Sabin Center, Opposition to Renewable Energy Facilities in t",height_limit,3,"conflict: both kept, review",https://outside.vermont.gov/agency/ACCD/bylaws/Bylaws%20and%20Plans%20Approved/Milton_Adopted_UnifiedDevelopmentRegulations_January_2023.pdf
wind:5002770375,VT,Stockbridge Town,wind,ban,4,ban/prohibition,sabin:S26R-5475,"Sabin Center, Opposition to Renewable Energy Facilities in t",ban_or_moratorium,4,"conflict: both kept, review",https://www.trorc.org/wp-content/uploads/2013/10/sbzon_042111.pdf
wind:5002785975,VT,Woodstock Town,wind,height_limit,3,wind height limit,sabin:S26R-5474,"Sabin Center, Opposition to Renewable Energy Facilities in t",height_limit,3,duplicate: not published again,https://townofwoodstock.org/wp-content/uploads/2020/10/TOWN-Zoning-Regulations-searchable-1.pdf
wind:51087,VA,Henrico County,wind,height_limit,3,wind height limit,sabin:S26R-5456,"Sabin Center, Opposition to Renewable Energy Facilities in t",ban_or_moratorium,4,"conflict: both kept, review",https://henrico.gov/pdfs/countyattorney/Chpt024Zoning.pdf
wind:51173,VA,Smyth County,wind,height_limit,3,wind height limit,sabin:S26R-5440,"Sabin Center, Opposition to Renewable Energy Facilities in t",ban_or_moratorium,4,"conflict: both kept, review",https://library.municode.com/va/smyth_county/codes/code_of_ordinances?nodeId=APXAZOOR_ARTIIIDIRE
wind:51770,VA,Roanoke City,wind,height_limit,3,wind height limit,sabin:S26R-5436,"Sabin Center, Opposition to Renewable Energy Facilities in t",ban_or_moratorium,4,"conflict: both kept, review",https://www.roanokeva.gov/DocumentCenter/View/16551/Proposed-Amendments-to-the-Zoning-Code-Text-Amendments-November-2021
wind:53025,WA,Grant County,wind,moratorium,4,in-force moratorium,sabin:S26R-5434,"Sabin Center, Opposition to Renewable Energy Facilities in t",moratorium,4,duplicate: not published again,https://www.grantcountywa.gov/DocumentCenter/View/12853/Ordinance-25-032-CC---Moratorium-on-Wind-Energy-Conversion-Systems-WECS
wind:53039,WA,Klickitat County,wind,setback,2,restricting mechanism (default),sabin:REC-0464,"Sabin Center, Opposition to Renewable Energy Facilities in t",setback,2,duplicate: not published again,http://www.klickitatcounty.gov/DocumentCenter/View/15693/1-Zoning-Ordinance-Amended-11-21-2023
wind:53047,WA,Okanogan County,wind,setback,2,restricting mechanism (default),sabin:S26R-5430,"Sabin Center, Opposition to Renewable Energy Facilities in t",setback,2,duplicate: not published again,https://www.codepublishing.com/WA/OkanoganCounty/html/OkanoganCounty17/OkanoganCounty17255.html
wind:53049,WA,Pacific County,wind,height_limit,3,wind height limit,sabin:S26R-5429,"Sabin Center, Opposition to Renewable Energy Facilities in t",ban_or_moratorium,4,"conflict: both kept, review",https://www.co.pacific.wa.us/dcd/images/PC/2023.10.05%20Draft%20Zoning%20Ord.%20No.%20194%20-%20Clean%20Version.pdf
wind:53075,WA,Whitman County,wind,setback,2,restricting mechanism (default),sabin:S26R-5428,"Sabin Center, Opposition to Renewable Energy Facilities in t",setback,2,duplicate: not published again,https://library.municode.com/wa/whitman_county/codes/code_of_ordinances?nodeId=TIT19ZOCO_CH19.61COWIENFA
wind:55021,WI,Columbia County,wind,setback,2,restricting mechanism (default),sabin:S26R-5425,"Sabin Center, Opposition to Renewable Energy Facilities in t",setback,3,"conflict: both kept, review",https://www.co.columbia.wi.us/columbiacounty/Portals/3/OrdinanceChapter12Sub100/Chapter12Subchapter100.pdf
wind:55073,WI,Marathon County,wind,setback,3,wind setback 5280 ft / 10x height,sabin:S26R-5416,"Sabin Center, Opposition to Renewable Energy Facilities in t",setback,3,duplicate: not published again,https://www.wpr.org/wp-content/uploads/2024/06/3.-2024-06-20-Summons-and-Complaint.pdf
wind:55113,WI,Sawyer County,wind,height_limit,3,wind height limit,sabin:S26R-5409,"Sabin Center, Opposition to Renewable Energy Facilities in t",ban_or_moratorium,4,"conflict: both kept, review",https://www.sawyercountygov.org/DocumentCenter/View/1984/Wind-Energy-System-Ordinance-12-20-07
wind:55121,WI,Trempealeau County,wind,setback,3,wind setback 5280 ft / 0.5x height,sabin:S26R-5407,"Sabin Center, Opposition to Renewable Energy Facilities in t",noise_limit,2,"conflict: both kept, review",https://docs.wind-watch.org/wind_ordinance_11-28-07-final-draft-_1.pdf
wind:56005,WY,Campbell County,wind,setback,2,restricting mechanism (default),sabin:S26R-5406,"Sabin Center, Opposition to Renewable Energy Facilities in t",setback,2,duplicate: not published again,https://www.campbellcountywy.gov/DocumentCenter/View/22957/Chapter-7_Amendments_April_2024
wind:56011,WY,Crook County,wind,setback,3,wind setback 1000 ft / 5.5x height,sabin:REC-0492,"Sabin Center, Opposition to Renewable Energy Facilities in t",setback,3,duplicate: not published again,https://cms2.revize.com/revize/crookscountynew/elected_officials/commissioners/docs/Proposed_Rules_&_Regs/Proposed%20Wind%20Solar%20Energy%20Facility%20Regulation%202025%203rd%20draft.pdf
wind:56013,WY,Fremont County,wind,setback,3,wind setback 1000 ft / 5.5x height,sabin:S26R-5404,"Sabin Center, Opposition to Renewable Energy Facilities in t",setback,2,"conflict: both kept, review",https://cms9files.revize.com/fremontcounty/Government/Departments/Planning%20Department/Wind%20and%20Solar%20Energy%20Facility/FREMONT%20COUNTY%20WIND%20AND%20SOLAR%20ENERGY%20FACILITY%20SITING%20REGULATIONS.pdf
wind:56015,WY,Goshen County,wind,setback,3,wind setback 5280 ft,sabin:S26R-5403,"Sabin Center, Opposition to Renewable Energy Facilities in t",setback,2,"conflict: both kept, review",https://www.goshensheriff.gov/DocumentCenter/View/1137/Wind-Energy-Siting-regulations-6-2025
wind:56037,WY,Sweetwater County,wind,setback,3,wind setback 2640 ft / 5.5x height,sabin:S26R-5401,"Sabin Center, Opposition to Renewable Energy Facilities in t",setback,2,"conflict: both kept, review",https://cms7files.revize.com/sweetwaterwy24/document_center/Land%20Use/Development%20Codes/2015%20Zoning%20Resolution%20Amended%202.18.25.pdf
wind:56041,WY,Uinta County,wind,setback,3,wind setback 1000 ft / 5.5x height,sabin:S26R-5400,"Sabin Center, Opposition to Renewable Energy Facilities in t",setback,2,"conflict: both kept, review",https://www.uintacountywy.gov/DocumentCenter/View/608/Uinta-County-Land-Use-Resolution-2023
