priority,tier,instrument_id,state,jurisdiction,jurisdiction_type,scope,technologies,status,severity_score,date_enacted_iso,current_end_date_iso,legal_basis,located_url,search_query,flags
1,compiled_flagged,mn:ny-allen-allegany-county-undated,NY,Allen (Allegany County),Town,renewables_only,battery_storage,active,4,,,,,"""Allen (Allegany County)"" New York battery storage moratorium",
2,compiled_flagged,mn:ny-amsterdam-undated,NY,Amsterdam,City,renewables_only,battery_storage;solar,active,4,2025-12-02,2027-01-05,City of Amsterdam moratorium on industrial solar and battery energy storage systems,,"""Amsterdam"" New York battery storage OR solar moratorium",
3,compiled_flagged,mn:ny-benson-2026,NY,Benson,Town,renewables_only,battery_storage,active,4,2026-05,,"Local Law No. 1 of 2026, Establishing a Moratorium on Battery Energy Storage Systems",,"""Benson"" New York battery storage moratorium",
4,compiled_flagged,mn:ny-cameron-2024,NY,Cameron,Town,renewables_only,battery_storage;solar,active,4,2024-10,,Local Law No. 4 of 2024,,"""Cameron"" New York battery storage OR solar moratorium",
5,compiled_flagged,mn:ny-campbell-undated,NY,Campbell,Town,renewables_only,battery_storage,active,4,,,,,"""Campbell"" New York battery storage moratorium",
6,compiled_flagged,mn:ny-collins-undated,NY,Collins,Town,renewables_only,battery_storage,active,4,,,,,"""Collins"" New York battery storage moratorium",
7,compiled_flagged,mn:ny-elba-undated,NY,Elba,Town,renewables_only,battery_storage;solar,active,4,,,"Proposed Local Law No. 1 of 2026 (extending a 12-month moratorium on Tier 3 solar, large battery storage, and other renewable energy facilities)",,"""Elba"" New York battery storage OR solar moratorium",
8,compiled_flagged,mn:ny-ellery-2026,NY,Ellery,Town,renewables_only,battery_storage;solar;wind,active,4,2026-06,,"Town of Ellery moratoriums on commercial solar, wind, and battery energy storage systems",,"""Ellery"" New York battery storage OR solar OR wind moratorium",
9,compiled_flagged,mn:ny-essex-county-undated,NY,Essex County,County,renewables_only,battery_storage,active,4,,,,,"""Essex County"" New York battery storage moratorium",
10,compiled_flagged,mn:ny-freedom-cattaraugus-county-undated,NY,Freedom (Cattaraugus County),Town,renewables_only,battery_storage,active,4,,,,,"""Freedom (Cattaraugus County)"" New York battery storage moratorium",
11,compiled_flagged,mn:ny-gainesville-undated,NY,Gainesville,Town,renewables_only,battery_storage,active,4,,,,,"""Gainesville"" New York battery storage moratorium",
12,compiled_flagged,mn:ny-german-flatts-2025,NY,German Flatts,Town,renewables_only,solar;wind,active,4,2025,,"Town of German Flatts local law (12-month solar & wind moratorium), reviewed by Herkimer County Planning Board 2025-05-19",,"""German Flatts"" New York solar OR wind moratorium",
13,compiled_flagged,mn:ny-greenwood-undated,NY,Greenwood,Town,renewables_only,battery_storage,active,4,,,,,"""Greenwood"" New York battery storage moratorium",
14,compiled_flagged,mn:ny-hartwick-2026,NY,Hartwick,Town,renewables_only,solar,active,4,2026-03-20,,Town of Hartwick local law imposing a six-month moratorium on solar energy systems,,"""Hartwick"" New York solar moratorium",
15,compiled_flagged,mn:ny-huntington-2026,NY,Huntington,Town,renewables_only,battery_storage,active,4,2026-06,,Local Law No. 17-2026 (referred to Suffolk County Planning Commission as file HU-26-04),,"""Huntington"" New York battery storage moratorium",
16,compiled_flagged,mn:ny-prattsburgh-2024,NY,Prattsburgh,Town,renewables_only,battery_storage;solar,active,4,2024,,Town of Prattsburgh proposed local law establishing a six-month moratorium on Industrial Solar Energy Facilities and Battery Energy Storage Facilities (noticed for public hearing October 2024; referred to Steuben County committees per County Legislature resolution),,"""Prattsburgh"" New York battery storage OR solar moratorium",
17,compiled_flagged,mn:ny-rose-2025,NY,Rose,Town,renewables_only,battery_storage;solar,active,4,2025,,Town of Rose proposed moratorium on the construction of large-scale solar farms and battery storage units (referred to Wayne County Planning Board as a GML 239 matter),,"""Rose"" New York battery storage OR solar moratorium",
18,compiled_flagged,mn:ny-stockport-2026,NY,Stockport,Town,renewables_only,battery_storage,active,4,2026-06,,"Local Law 1-2026, Moratorium on Battery Storage Systems, Town of Stockport",,"""Stockport"" New York battery storage moratorium",
19,compiled_flagged,mn:ny-syracuse-2026,NY,Syracuse,City,renewables_only,battery_storage,active,4,2026-02,,Syracuse Common Council ordinance (BESS moratorium),,"""Syracuse"" New York battery storage moratorium",
20,compiled_flagged,mn:ny-virgil-undated,NY,Virgil,Town,renewables_only,battery_storage,active,4,,,,,"""Virgil"" New York battery storage moratorium",
21,compiled_flagged,mn:il-robinson-undated,IL,Robinson,City,renewables_only,solar,extended,4,,,Robinson City Council ordinance/motion extending a moratorium on solar-farm development (specific instrument number not found),,"""Robinson"" Illinois solar moratorium",
22,compiled_flagged,mn:nd-mcintosh-county-2025,ND,McIntosh County,County,renewables_only,solar;wind,extended,4,2025-07,,"McIntosh County Board of County Commissioners motion/action, first enacted July 2025 and extended by vote on 2026-06-01 (instrument/resolution number not located)",,"""McIntosh County"" North Dakota solar OR wind moratorium",
23,compiled_flagged,mn:ny-brasher-2024,NY,Brasher,Town,renewables_only,battery_storage,extended,4,2024,,Town of Brasher moratorium on battery energy storage systems,,"""Brasher"" New York battery storage moratorium",
24,compiled_flagged,mn:ny-corning-undated,NY,Corning,Town,renewables_only,battery_storage,extended,4,,,,,"""Corning"" New York battery storage moratorium",
25,compiled_flagged,mn:ny-glen-cove-2025,NY,Glen Cove,City,renewables_only,battery_storage,extended,4,2025-05-13,,City of Glen Cove moratorium on battery energy storage systems,,"""Glen Cove"" New York battery storage moratorium",
26,compiled_flagged,mn:ny-kent-putnam-county-2024,NY,Kent (Putnam County),Town,renewables_only,battery_storage,extended,4,2024-07-09,,"Local Law Establishing a Land Use Moratorium Prohibiting Lithium Storage Facilities (Introductory Local Law #1), adopted 2024-07-09; extended by a further six-month local law reported March 2025",,"""Kent (Putnam County)"" New York battery storage moratorium",
27,compiled_flagged,mn:ny-north-harmony-2025,NY,North Harmony,Town,renewables_only,battery_storage;solar,extended,4,2025,,Temporary Moratorium on Commercial Solar and Battery Energy Storage Systems in the Town of North Harmony; extended by Local Law 3 of 2025 (Resolution #12 of 2025),,"""North Harmony"" New York battery storage OR solar moratorium",
28,compiled_flagged,mn:ny-oswegatchie-2023,NY,Oswegatchie,Town,renewables_only,battery_storage,extended,4,2023,,"Local Law #2 of 2023, a moratorium on battery energy storage systems in the Town of Oswegatchie; extended by Resolution 155-2024 (six months)",,"""Oswegatchie"" New York battery storage moratorium",
29,compiled_flagged,nrel:wind:06089,CA,Shasta County,County,renewables_only,wind,unknown,4,,,,,"""Shasta County"" California wind ban",
30,compiled_flagged,nrel:wind:0916037280,CT,Harwinton Town,Municipality,renewables_only,wind,unknown,4,,,,,"""Harwinton Town"" Connecticut wind ban",values conflict with sabin:S26R-6212
31,compiled_flagged,nrel:wind:13035,GA,Butts County,County,renewables_only,wind,unknown,4,,,,,"""Butts County"" Georgia wind ban",
32,compiled_flagged,nrel:wind:13173,GA,Lanier County,County,renewables_only,wind,unknown,4,,,,,"""Lanier County"" Georgia wind ban",
33,compiled_flagged,nrel:wind:13207,GA,Monroe County,County,renewables_only,wind,unknown,4,,,,,"""Monroe County"" Georgia wind ban",
34,compiled_flagged,nrel:wind:19067,IA,Floyd County,County,renewables_only,wind,unknown,4,,,,,"""Floyd County"" Iowa wind moratorium",
35,compiled_flagged,nrel:wind:19069,IA,Franklin County,County,renewables_only,wind,unknown,4,,,,,"""Franklin County"" Iowa wind ban",
36,compiled_flagged,nrel:solar:19097,IA,Jackson County,County,renewables_only,solar,unknown,4,,,,,"""Jackson County"" Iowa solar moratorium",
37,compiled_flagged,nrel:wind:16011,ID,Bingham County,County,renewables_only,wind,unknown,4,,,,,"""Bingham County"" Idaho wind ban",values conflict with sabin:REC-0071
38,compiled_flagged,nrel:solar:16063,ID,Lincoln County,County,renewables_only,solar,unknown,4,,,,,"""Lincoln County"" Idaho solar moratorium",
39,compiled_flagged,nrel:wind:16063,ID,Lincoln County,County,renewables_only,wind,unknown,4,,,,,"""Lincoln County"" Idaho wind moratorium",
40,compiled_flagged,nrel:solar:18065,IN,Henry County,County,renewables_only,solar,unknown,4,,,,,"""Henry County"" Indiana solar ban",
41,compiled_flagged,nrel:wind:18085,IN,Kosciusko County,County,renewables_only,wind,unknown,4,,,,,"""Kosciusko County"" Indiana wind ban",values conflict with sabin:REC-0096
42,compiled_flagged,nrel:wind:20087,KS,Jefferson County,County,renewables_only,wind,unknown,4,,,,,"""Jefferson County"" Kansas wind moratorium",
43,compiled_flagged,nrel:wind:20149,KS,Pottawatomie County,County,renewables_only,wind,unknown,4,,,,,"""Pottawatomie County"" Kansas wind moratorium",
44,compiled_flagged,nrel:wind:2501313660,MA,Chicopee City,Municipality,renewables_only,wind,unknown,4,,,,,"""Chicopee City"" Massachusetts wind moratorium",values conflict with sabin:S26R-5963
45,compiled_flagged,nrel:wind:2501114885,MA,Colrain Town,Municipality,renewables_only,wind,unknown,4,,,,,"""Colrain Town"" Massachusetts wind moratorium",
46,compiled_flagged,nrel:wind:2501129650,MA,Heath Town,Municipality,renewables_only,wind,unknown,4,,,,,"""Heath Town"" Massachusetts wind moratorium",
47,compiled_flagged,nrel:wind:2500353050,MA,Peru Town,Municipality,renewables_only,wind,unknown,4,,,,,"""Peru Town"" Massachusetts wind ban",
48,compiled_flagged,nrel:wind:2300301710,ME,Ashland Town,Municipality,renewables_only,wind,unknown,4,,,,,"""Ashland Town"" Maine wind moratorium",
49,compiled_flagged,nrel:wind:2301910670,ME,Carmel Town,Municipality,renewables_only,wind,unknown,4,,,,,"""Carmel Town"" Maine wind ban",
50,compiled_flagged,nrel:wind:2302915920,ME,Cutler Town,Municipality,renewables_only,wind,unknown,4,,,,,"""Cutler Town"" Maine wind moratorium",
51,compiled_flagged,nrel:wind:2301333840,ME,Hope Town,Municipality,renewables_only,wind,unknown,4,,,,,"""Hope Town"" Maine wind ban",
52,compiled_flagged,nrel:wind:2301363660,ME,Rockport Town,Municipality,renewables_only,wind,unknown,4,,,,,"""Rockport Town"" Maine wind ban",
53,compiled_flagged,nrel:wind:2301186515,ME,Winslow Town,Municipality,renewables_only,wind,unknown,4,,,,,"""Winslow Town"" Maine wind ban",
54,compiled_flagged,nrel:wind:26025,MI,Calhoun County,County,renewables_only,wind,unknown,4,,,,,"""Calhoun County"" Michigan wind ban",NREL sample: Maximum Height contradicts; NREL sample: Noise contradicts; NREL sample: Prohibitions contradicts
55,compiled_flagged,nrel:wind:26039,MI,Crawford County,County,renewables_only,wind,unknown,4,,,,,"""Crawford County"" Michigan wind ban",
56,compiled_flagged,nrel:wind:26069,MI,Iosco County,County,renewables_only,wind,unknown,4,,,,,"""Iosco County"" Michigan wind ban",
57,compiled_flagged,nrel:solar:2612785040,MI,Weare Township,Municipality,renewables_only,solar,unknown,4,,,,,"""Weare Township"" Michigan solar moratorium",
58,compiled_flagged,nrel:wind:26165,MI,Wexford County,County,renewables_only,wind,unknown,4,,,,,"""Wexford County"" Michigan wind ban",
59,compiled_flagged,nrel:wind:27015,MN,Brown County,County,renewables_only,wind,unknown,4,,,,,"""Brown County"" Minnesota wind moratorium",
60,compiled_flagged,nrel:wind:27093,MN,Meeker County,County,renewables_only,wind,unknown,4,,,,,"""Meeker County"" Minnesota wind moratorium",
61,compiled_flagged,nrel:wind:27123,MN,Ramsey County,County,renewables_only,wind,unknown,4,,,,,"""Ramsey County"" Minnesota wind ban",values conflict with sabin:S26R-5835
62,compiled_flagged,nrel:wind:27155,MN,Traverse County,County,renewables_only,wind,unknown,4,,,,,"""Traverse County"" Minnesota wind ban",
63,compiled_flagged,nrel:wind:27171,MN,Wright County,County,renewables_only,wind,unknown,4,,,,,"""Wright County"" Minnesota wind ban",
64,compiled_flagged,nrel:solar:29049,MO,Clinton County,County,renewables_only,solar,unknown,4,,,,,"""Clinton County"" Missouri solar moratorium",
65,compiled_flagged,nrel:wind:37133,NC,Onslow County,County,renewables_only,wind,unknown,4,,,,,"""Onslow County"" North Carolina wind ban",values conflict with sabin:S26R-5653
66,compiled_flagged,nrel:wind:37185,NC,Warren County,County,renewables_only,wind,unknown,4,,,,,"""Warren County"" North Carolina wind ban",
67,compiled_flagged,nrel:wind:37197,NC,Yadkin County,County,renewables_only,wind,unknown,4,,,,,"""Yadkin County"" North Carolina wind ban",
68,compiled_flagged,nrel:wind:31029,NE,Chase County,County,renewables_only,wind,unknown,4,,,,,"""Chase County"" Nebraska wind moratorium",
69,compiled_flagged,nrel:wind:31087,NE,Hitchcock County,County,renewables_only,wind,unknown,4,,,,,"""Hitchcock County"" Nebraska wind moratorium",values conflict with mn:ne-hitchcock-county-undated
70,compiled_flagged,nrel:solar:31107,NE,Knox County,County,renewables_only,solar,unknown,4,,,,,"""Knox County"" Nebraska solar moratorium",values conflict with sabin:S26R-5782
71,compiled_flagged,nrel:solar:31135,NE,Perkins County,County,renewables_only,solar,unknown,4,,,,,"""Perkins County"" Nebraska solar moratorium",
72,compiled_flagged,nrel:wind:3301151940,NH,New Ipswich Town,Municipality,renewables_only,wind,unknown,4,,,,,"""New Ipswich Town"" New Hampshire wind ban",
73,compiled_flagged,nrel:wind:3300582660,NH,Westmoreland Town,Municipality,renewables_only,wind,unknown,4,,,,,"""Westmoreland Town"" New Hampshire wind ban",values conflict with sabin:S26R-5760
74,compiled_flagged,nrel:wind:3603911649,NY,Cairo Town,Municipality,renewables_only,wind,unknown,4,,,,,"""Cairo Town"" New York wind ban",
75,compiled_flagged,nrel:wind:3601515077,NY,Chemung Town,Municipality,renewables_only,wind,unknown,4,,,,,"""Chemung Town"" New York wind moratorium",
76,compiled_flagged,nrel:wind:3605515957,NY,Clarkson Town,Municipality,renewables_only,wind,unknown,4,,,,,"""Clarkson Town"" New York wind ban",
77,compiled_flagged,nrel:solar:3606720478,NY,De Witt Town,Municipality,renewables_only,solar,unknown,4,,,,,"""De Witt Town"" New York solar moratorium",
78,compiled_flagged,nrel:wind:3601321116,NY,Dunkirk Town,Municipality,renewables_only,wind,unknown,4,,,,,"""Dunkirk Town"" New York wind moratorium",
79,compiled_flagged,nrel:solar:3606921699,NY,East Bloomfield Town,Municipality,renewables_only,solar,unknown,4,,,,,"""East Bloomfield Town"" New York solar moratorium",
80,compiled_flagged,nrel:wind:3611522656,NY,Easton Town,Municipality,renewables_only,wind,unknown,4,,,,,"""Easton Town"" New York wind moratorium",
81,compiled_flagged,nrel:solar:3606929531,NY,Gorham Town,Municipality,renewables_only,solar,unknown,4,,,,,"""Gorham Town"" New York solar moratorium",
82,compiled_flagged,nrel:wind:3607129553,NY,Goshen Town,Municipality,renewables_only,wind,unknown,4,,,,,"""Goshen Town"" New York wind ban",
83,compiled_flagged,nrel:solar:3606332490,NY,Hartland Town,Municipality,renewables_only,solar,unknown,4,,,,,"""Hartland Town"" New York solar moratorium",
84,compiled_flagged,nrel:wind:3601137660,NY,Ira Town,Municipality,renewables_only,wind,unknown,4,,,,,"""Ira Town"" New York wind ban",
85,compiled_flagged,nrel:wind:3601347592,NY,Mina Town,Municipality,renewables_only,wind,unknown,4,,,,,"""Mina Town"" New York wind moratorium",
86,compiled_flagged,nrel:wind:3606350232,NY,Newfane Town,Municipality,renewables_only,wind,unknown,4,,,,,"""Newfane Town"" New York wind moratorium",
87,compiled_flagged,nrel:wind:3605354837,NY,Oneida City,Municipality,renewables_only,wind,unknown,4,,,,,"""Oneida City"" New York wind moratorium",
88,compiled_flagged,nrel:solar:3605155508,NY,Ossian Town,Municipality,renewables_only,solar,unknown,4,,,,,"""Ossian Town"" New York solar moratorium",
89,compiled_flagged,nrel:wind:3607960147,NY,Putnam Valley Town,Municipality,renewables_only,wind,unknown,4,,,,,"""Putnam Valley Town"" New York wind moratorium",
90,compiled_flagged,nrel:wind:3601166443,NY,Sennett Town,Municipality,renewables_only,wind,unknown,4,,,,,"""Sennett Town"" New York wind ban",
91,compiled_flagged,nrel:wind:3604370794,NY,Stark Town,Municipality,renewables_only,wind,unknown,4,,,,,"""Stark Town"" New York wind moratorium",
92,compiled_flagged,nrel:wind:3602975000,NY,Tonawanda Town,Municipality,renewables_only,wind,unknown,4,,,,,"""Tonawanda Town"" New York wind ban",
93,compiled_flagged,nrel:wind:3600179851,NY,Westerlo Town,Municipality,renewables_only,wind,unknown,4,,,,,"""Westerlo Town"" New York wind moratorium",
94,compiled_flagged,nrel:wind:3601379950,NY,Westfield Town,Municipality,renewables_only,wind,unknown,4,,,,,"""Westfield Town"" New York wind moratorium",
95,compiled_flagged,nrel:wind:3611581633,NY,Whitehall Town,Municipality,renewables_only,wind,unknown,4,,,,,"""Whitehall Town"" New York wind moratorium",
96,compiled_flagged,nrel:wind:3606382370,NY,Wilson Town,Municipality,renewables_only,wind,unknown,4,,,,,"""Wilson Town"" New York wind ban",
97,compiled_flagged,nrel:wind:39169,OH,Wayne County,County,renewables_only,wind,unknown,4,,,,,"""Wayne County"" Ohio wind ban",
98,compiled_flagged,nrel:wind:41047,OR,Marion County,County,renewables_only,wind,unknown,4,,,,,"""Marion County"" Oregon wind moratorium",
99,compiled_flagged,nrel:wind:4212512704,PA,Charleroi Borough,Municipality,renewables_only,wind,unknown,4,,,,,"""Charleroi Borough"" Pennsylvania wind ban",
100,compiled_flagged,nrel:wind:4208117696,PA,Cummings Township,Municipality,renewables_only,wind,unknown,4,,,,,"""Cummings Township"" Pennsylvania wind ban",
101,compiled_flagged,nrel:wind:4207121344,PA,East Lampeter Township,Municipality,renewables_only,wind,unknown,4,,,,,"""East Lampeter Township"" Pennsylvania wind moratorium",
102,compiled_flagged,nrel:wind:4200732392,PA,Hanover Township,Municipality,renewables_only,wind,unknown,4,,,,,"""Hanover Township"" Pennsylvania wind ban",values conflict with sabin:S26R-5583
103,compiled_flagged,nrel:wind:4208534064,PA,Hermitage City,Municipality,renewables_only,wind,unknown,4,,,,,"""Hermitage City"" Pennsylvania wind ban",
104,compiled_flagged,nrel:wind:4213337488,PA,Jackson Township,Municipality,renewables_only,wind,unknown,4,,,,,"""Jackson Township"" Pennsylvania wind ban",values conflict with sabin:S26R-5566
105,compiled_flagged,nrel:wind:4207554928,PA,North Cornwall Township,Municipality,renewables_only,wind,unknown,4,,,,,"""North Cornwall Township"" Pennsylvania wind ban",
106,compiled_flagged,nrel:wind:4206971872,PA,South Abington Township,Municipality,renewables_only,wind,unknown,4,,,,,"""South Abington Township"" Pennsylvania wind ban",
107,compiled_flagged,nrel:wind:4400914500,RI,Charlestown Town,Municipality,renewables_only,wind,unknown,4,,,,,"""Charlestown Town"" Rhode Island wind ban",
108,compiled_flagged,nrel:wind:4802792030,TX,Killeen City,Municipality,renewables_only,wind,unknown,4,,,,,"""Killeen City"" Texas wind ban",
109,compiled_flagged,nrel:wind:4841193439,TX,San Saba City,Municipality,renewables_only,wind,unknown,4,,,,,"""San Saba City"" Texas wind ban",values conflict with sabin:S26R-5491
110,compiled_flagged,nrel:wind:51077,VA,Grayson County,County,renewables_only,wind,unknown,4,,,,,"""Grayson County"" Virginia wind ban",
111,compiled_flagged,nrel:solar:51141,VA,Patrick County,County,renewables_only,solar,unknown,4,,,,,"""Patrick County"" Virginia solar moratorium",
112,compiled_flagged,nrel:wind:5001903550,VT,Barton Town,Municipality,renewables_only,wind,unknown,4,,,,,"""Barton Town"" Vermont wind ban",
113,compiled_flagged,nrel:wind:5000116000,VT,Cornwall Town,Municipality,renewables_only,wind,unknown,4,,,,,"""Cornwall Town"" Vermont wind ban",
114,compiled_flagged,nrel:wind:5002325825,VT,Fayston Town,Municipality,renewables_only,wind,unknown,4,,,,,"""Fayston Town"" Vermont wind ban",
115,compiled_flagged,nrel:wind:5002543375,VT,Marlboro Town,Municipality,renewables_only,wind,unknown,4,,,,,"""Marlboro Town"" Vermont wind ban",
116,compiled_flagged,nrel:wind:5000745250,VT,Milton Town,Municipality,renewables_only,wind,unknown,4,,,,,"""Milton Town"" Vermont wind ban",values conflict with sabin:S26R-5477
117,compiled_flagged,nrel:wind:5001946450,VT,Morgan Town,Municipality,renewables_only,wind,unknown,4,,,,,"""Morgan Town"" Vermont wind ban",
118,compiled_flagged,nrel:wind:5000162575,VT,Salisbury Town,Municipality,renewables_only,wind,unknown,4,,,,,"""Salisbury Town"" Vermont wind ban",
119,compiled_flagged,nrel:wind:5002165275,VT,Shrewsbury Town,Municipality,renewables_only,wind,unknown,4,,,,,"""Shrewsbury Town"" Vermont wind ban",
120,compiled_flagged,nrel:wind:5002770375,VT,Stockbridge Town,Municipality,renewables_only,wind,unknown,4,,,,,"""Stockbridge Town"" Vermont wind ban",values conflict with sabin:S26R-5475
121,compiled_flagged,nrel:wind:5002182300,VT,West Rutland Town,Municipality,renewables_only,wind,unknown,4,,,,,"""West Rutland Town"" Vermont wind ban",
122,compiled_flagged,nrel:wind:5002584850,VT,Windham Town,Municipality,renewables_only,wind,unknown,4,,,,,"""Windham Town"" Vermont wind ban",
123,compiled_flagged,nrel:wind:55135,WI,Waupaca County,County,renewables_only,wind,unknown,4,,,,,"""Waupaca County"" Wisconsin wind ban",
124,compiled_flagged,nrel:wind:55137,WI,Waushara County,County,renewables_only,wind,unknown,4,,,,,"""Waushara County"" Wisconsin wind moratorium",
125,compiled_flagged,nrel:wind:01003,AL,Baldwin County,County,renewables_only,wind,unknown,3,,,,,"""Baldwin County"" Alabama wind setback",values conflict with sabin:REC-0001
126,compiled_flagged,nrel:wind:04017,AZ,Navajo County,County,renewables_only,wind,unknown,3,,,,,"""Navajo County"" Arizona wind setback",values conflict with sabin:S26R-6256
127,compiled_flagged,nrel:wind:06017,CA,El Dorado County,County,renewables_only,wind,unknown,3,,,,,"""El Dorado County"" California wind height_limit",values conflict with sabin:S26R-6248
128,compiled_flagged,nrel:wind:06029,CA,Kern County,County,renewables_only,wind,unknown,3,,,,,"""Kern County"" California wind height_limit",NREL sample: Property Line (Non-Participating) contradicts
129,compiled_flagged,nrel:wind:06033,CA,Lake County,County,renewables_only,wind,unknown,3,,,,,"""Lake County"" California wind height_limit",
130,compiled_flagged,nrel:wind:06035,CA,Lassen County,County,renewables_only,wind,unknown,3,,,,,"""Lassen County"" California wind height_limit",
131,compiled_flagged,nrel:wind:06065,CA,Riverside County,County,renewables_only,wind,unknown,3,,,,,"""Riverside County"" California wind height_limit",
132,compiled_flagged,nrel:wind:06071,CA,San Bernardino County,County,renewables_only,wind,unknown,3,,,,,"""San Bernardino County"" California wind height_limit",values conflict with sabin:REC-0021
133,compiled_flagged,nrel:wind:06085,CA,Santa Clara County,County,renewables_only,wind,unknown,3,,,,,"""Santa Clara County"" California wind height_limit",
134,compiled_flagged,nrel:wind:06097,CA,Sonoma County,County,renewables_only,wind,unknown,3,,,,,"""Sonoma County"" California wind height_limit",
135,compiled_flagged,nrel:wind:06113,CA,Yolo County,County,renewables_only,wind,unknown,3,,,,,"""Yolo County"" California wind height_limit",values conflict with sabin:S26R-6237
136,compiled_flagged,nrel:solar:08039,CO,Elbert County,County,renewables_only,solar,unknown,3,,,,,"""Elbert County"" Colorado solar setback",
137,compiled_flagged,nrel:wind:08039,CO,Elbert County,County,renewables_only,wind,unknown,3,,,,,"""Elbert County"" Colorado wind height_limit",
138,compiled_flagged,nrel:solar:08061,CO,Kiowa County,County,renewables_only,solar,unknown,3,,,,,"""Kiowa County"" Colorado solar setback",values conflict with sabin:S26R-6231
139,compiled_flagged,nrel:solar:08073,CO,Lincoln County,County,renewables_only,solar,unknown,3,,,,,"""Lincoln County"" Colorado solar setback",
140,compiled_flagged,nrel:solar:08121,CO,Washington County,County,renewables_only,solar,unknown,3,,,,,"""Washington County"" Colorado solar setback",
141,compiled_flagged,nrel:wind:08121,CO,Washington County,County,renewables_only,wind,unknown,3,,,,,"""Washington County"" Colorado wind height_limit",
142,compiled_flagged,nrel:wind:0916032290,CT,Goshen Town,Municipality,renewables_only,wind,unknown,3,,,,,"""Goshen Town"" Connecticut wind height_limit",values conflict with sabin:S26R-6213
143,compiled_flagged,nrel:wind:12057,FL,Hillsborough County,County,renewables_only,wind,unknown,3,,,,,"""Hillsborough County"" Florida wind height_limit",
144,compiled_flagged,nrel:wind:12097,FL,Osceola County,County,renewables_only,wind,unknown,3,,,,,"""Osceola County"" Florida wind height_limit",
145,compiled_flagged,nrel:wind:19009,IA,Audubon County,County,renewables_only,wind,unknown,3,,,,,"""Audubon County"" Iowa wind height_limit",
146,compiled_flagged,nrel:wind:19021,IA,Buena Vista County,County,renewables_only,wind,unknown,3,,,,,"""Buena Vista County"" Iowa wind height_limit",
147,compiled_flagged,nrel:wind:19023,IA,Butler County,County,renewables_only,wind,unknown,3,,,,,"""Butler County"" Iowa wind height_limit",values conflict with sabin:REC-0104
148,compiled_flagged,nrel:wind:19025,IA,Calhoun County,County,renewables_only,wind,unknown,3,,,,,"""Calhoun County"" Iowa wind setback",
149,compiled_flagged,nrel:solar:19031,IA,Cedar County,County,renewables_only,solar,unknown,3,,,,,"""Cedar County"" Iowa solar setback",
150,compiled_flagged,nrel:wind:19039,IA,Clarke County,County,renewables_only,wind,unknown,3,,,,,"""Clarke County"" Iowa wind setback",
151,compiled_flagged,nrel:wind:19059,IA,Dickinson County,County,renewables_only,wind,unknown,3,,,,,"""Dickinson County"" Iowa wind height_limit",
152,compiled_flagged,nrel:solar:19061,IA,Dubuque County,County,renewables_only,solar,unknown,3,,,,,"""Dubuque County"" Iowa solar setback",values conflict with sabin:S26R-6107
153,compiled_flagged,nrel:wind:19063,IA,Emmet County,County,renewables_only,wind,unknown,3,,,,,"""Emmet County"" Iowa wind height_limit",NREL sample: Noise contradicts
154,compiled_flagged,nrel:wind:19073,IA,Greene County,County,renewables_only,wind,unknown,3,,,,,"""Greene County"" Iowa wind height_limit",
155,compiled_flagged,nrel:wind:19101,IA,Jefferson County,County,renewables_only,wind,unknown,3,,,,,"""Jefferson County"" Iowa wind setback",
156,compiled_flagged,nrel:wind:19109,IA,Kossuth County,County,renewables_only,wind,unknown,3,,,,,"""Kossuth County"" Iowa wind height_limit",
157,compiled_flagged,nrel:wind:19119,IA,Lyon County,County,renewables_only,wind,unknown,3,,,,,"""Lyon County"" Iowa wind height_limit",
158,compiled_flagged,nrel:wind:19123,IA,Mahaska County,County,renewables_only,wind,unknown,3,,,,,"""Mahaska County"" Iowa wind setback",values conflict with sabin:S26R-6090
159,compiled_flagged,nrel:wind:19129,IA,Mills County,County,renewables_only,wind,unknown,3,,,,,"""Mills County"" Iowa wind height_limit",
160,compiled_flagged,nrel:wind:19133,IA,Monona County,County,renewables_only,wind,unknown,3,,,,,"""Monona County"" Iowa wind setback",values conflict with sabin:S26R-6088
161,compiled_flagged,nrel:wind:19137,IA,Montgomery County,County,renewables_only,wind,unknown,3,,,,,"""Montgomery County"" Iowa wind setback",values conflict with sabin:S26R-6087
162,compiled_flagged,nrel:wind:19143,IA,Osceola County,County,renewables_only,wind,unknown,3,,,,,"""Osceola County"" Iowa wind height_limit",
163,compiled_flagged,nrel:solar:19163,IA,Scott County,County,renewables_only,solar,unknown,3,,,,,"""Scott County"" Iowa solar setback",values conflict with sabin:S26R-6074
164,compiled_flagged,nrel:solar:19171,IA,Tama County,County,renewables_only,solar,unknown,3,,,,,"""Tama County"" Iowa solar setback",
165,compiled_flagged,nrel:wind:19179,IA,Wapello County,County,renewables_only,wind,unknown,3,,,,,"""Wapello County"" Iowa wind height_limit",
166,compiled_flagged,nrel:wind:19195,IA,Worth County,County,renewables_only,wind,unknown,3,,,,,"""Worth County"" Iowa wind height_limit",values conflict with sabin:S26R-6066
167,compiled_flagged,nrel:solar:16039,ID,Elmore County,County,renewables_only,solar,unknown,3,,,,,"""Elmore County"" Idaho solar setback",values conflict with sabin:S26R-6180
168,compiled_flagged,nrel:solar:16045,ID,Gem County,County,renewables_only,solar,unknown,3,,,,,"""Gem County"" Idaho solar setback",values conflict with sabin:S26R-6179
169,compiled_flagged,nrel:wind:16065,ID,Madison County,County,renewables_only,wind,unknown,3,,,,,"""Madison County"" Idaho wind setback",
170,compiled_flagged,nrel:wind:17009,IL,Brown County,County,renewables_only,wind,unknown,3,,,,,"""Brown County"" Illinois wind height_limit",
171,compiled_flagged,nrel:wind:17019,IL,Champaign County,County,renewables_only,wind,unknown,3,,,,,"""Champaign County"" Illinois wind height_limit",
172,compiled_flagged,nrel:wind:17021,IL,Christian County,County,renewables_only,wind,unknown,3,,,,,"""Christian County"" Illinois wind height_limit",values conflict with sabin:REC-0076
173,compiled_flagged,nrel:wind:17053,IL,Ford County,County,renewables_only,wind,unknown,3,,,,,"""Ford County"" Illinois wind height_limit",values conflict with sabin:REC-0078
174,compiled_flagged,nrel:wind:17063,IL,Grundy County,County,renewables_only,wind,unknown,3,,,,,"""Grundy County"" Illinois wind height_limit",
175,compiled_flagged,nrel:wind:17073,IL,Henry County,County,renewables_only,wind,unknown,3,,,,,"""Henry County"" Illinois wind height_limit",
176,compiled_flagged,nrel:wind:17093,IL,Kendall County,County,renewables_only,wind,unknown,3,,,,,"""Kendall County"" Illinois wind height_limit",values conflict with sabin:S26R-6166
177,compiled_flagged,nrel:wind:17097,IL,Lake County,County,renewables_only,wind,unknown,3,,,,,"""Lake County"" Illinois wind height_limit",
178,compiled_flagged,nrel:wind:17105,IL,Livingston County,County,renewables_only,wind,unknown,3,,,,,"""Livingston County"" Illinois wind height_limit",
179,compiled_flagged,nrel:wind:17115,IL,Macon County,County,renewables_only,wind,unknown,3,,,,,"""Macon County"" Illinois wind height_limit",
180,compiled_flagged,nrel:wind:17111,IL,McHenry County,County,renewables_only,wind,unknown,3,,,,,"""McHenry County"" Illinois wind height_limit",values conflict with sabin:S26R-6164
181,compiled_flagged,nrel:wind:17113,IL,McLean County,County,renewables_only,wind,unknown,3,,,,,"""McLean County"" Illinois wind height_limit",
182,compiled_flagged,nrel:wind:17131,IL,Mercer County,County,renewables_only,wind,unknown,3,,,,,"""Mercer County"" Illinois wind height_limit",
183,compiled_flagged,nrel:wind:17137,IL,Morgan County,County,renewables_only,wind,unknown,3,,,,,"""Morgan County"" Illinois wind height_limit",
184,compiled_flagged,nrel:wind:17141,IL,Ogle County,County,renewables_only,wind,unknown,3,,,,,"""Ogle County"" Illinois wind height_limit",
185,compiled_flagged,nrel:wind:17157,IL,Randolph County,County,renewables_only,wind,unknown,3,,,,,"""Randolph County"" Illinois wind setback",values conflict with sabin:S26R-6159
186,compiled_flagged,nrel:wind:17187,IL,Warren County,County,renewables_only,wind,unknown,3,,,,,"""Warren County"" Illinois wind setback",
187,compiled_flagged,nrel:wind:17197,IL,Will County,County,renewables_only,wind,unknown,3,,,,,"""Will County"" Illinois wind height_limit",
188,compiled_flagged,nrel:solar:18003,IN,Allen County,County,renewables_only,solar,unknown,3,,,,,"""Allen County"" Indiana solar setback",
189,compiled_flagged,nrel:solar:18011,IN,Boone County,County,renewables_only,solar,unknown,3,,,,,"""Boone County"" Indiana solar setback",values conflict with sabin:REC-0087; NREL sample: Maximum Height unverifiable; NREL sample: Maximum Lot Size unverifiable; NREL sample: Noise unverifiable; NREL sample: Property Line (Non-Participating) unverifiable
190,compiled_flagged,nrel:solar:18015,IN,Carroll County,County,renewables_only,solar,unknown,3,,,,,"""Carroll County"" Indiana solar setback",
191,compiled_flagged,nrel:wind:18033,IN,DeKalb County,County,renewables_only,wind,unknown,3,,,,,"""DeKalb County"" Indiana wind noise_limit",
192,compiled_flagged,nrel:solar:18041,IN,Fayette County,County,renewables_only,solar,unknown,3,,,,,"""Fayette County"" Indiana solar setback",
193,compiled_flagged,nrel:wind:18045,IN,Fountain County,County,renewables_only,wind,unknown,3,,,,,"""Fountain County"" Indiana wind setback",values conflict with sabin:S26R-6146
194,compiled_flagged,nrel:wind:18047,IN,Franklin County,County,renewables_only,wind,unknown,3,,,,,"""Franklin County"" Indiana wind height_limit",
195,compiled_flagged,nrel:wind:18051,IN,Gibson County,County,renewables_only,wind,unknown,3,,,,,"""Gibson County"" Indiana wind setback",
196,compiled_flagged,nrel:wind:18063,IN,Hendricks County,County,renewables_only,wind,unknown,3,,,,,"""Hendricks County"" Indiana wind setback",
197,compiled_flagged,nrel:solar:18069,IN,Huntington County,County,renewables_only,solar,unknown,3,,,,,"""Huntington County"" Indiana solar setback",values conflict with sabin:S26R-6139
198,compiled_flagged,nrel:solar:18073,IN,Jasper County,County,renewables_only,solar,unknown,3,,,,,"""Jasper County"" Indiana solar setback",
199,compiled_flagged,nrel:wind:18073,IN,Jasper County,County,renewables_only,wind,unknown,3,,,,,"""Jasper County"" Indiana wind height_limit",values conflict with sabin:REC-0095
200,compiled_flagged,nrel:wind:18075,IN,Jay County,County,renewables_only,wind,unknown,3,,,,,"""Jay County"" Indiana wind height_limit",values conflict with queue:q_7a0536c48c
201,compiled_flagged,nrel:wind:18089,IN,Lake County,County,renewables_only,wind,unknown,3,,,,,"""Lake County"" Indiana wind setback",
202,compiled_flagged,nrel:solar:18139,IN,Rush County,County,renewables_only,solar,unknown,3,,,,,"""Rush County"" Indiana solar setback",
203,compiled_flagged,nrel:wind:18139,IN,Rush County,County,renewables_only,wind,unknown,3,,,,,"""Rush County"" Indiana wind setback",values conflict with sabin:S26R-6127
204,compiled_flagged,nrel:solar:18147,IN,Spencer County,County,renewables_only,solar,unknown,3,,,,,"""Spencer County"" Indiana solar setback",values conflict with sabin:S26R-6125
205,compiled_flagged,nrel:solar:20013,KS,Brown County,County,renewables_only,solar,unknown,3,,,,,"""Brown County"" Kansas solar setback",values conflict with mn:ks-brown-county-2026
206,compiled_flagged,nrel:solar:20015,KS,Butler County,County,renewables_only,solar,unknown,3,,,,,"""Butler County"" Kansas solar setback",
207,compiled_flagged,nrel:wind:20051,KS,Ellis County,County,renewables_only,wind,unknown,3,,,,,"""Ellis County"" Kansas wind height_limit",
208,compiled_flagged,nrel:wind:20057,KS,Ford County,County,renewables_only,wind,unknown,3,,,,,"""Ford County"" Kansas wind height_limit",
209,compiled_flagged,nrel:solar:20085,KS,Jackson County,County,renewables_only,solar,unknown,3,,,,,"""Jackson County"" Kansas solar setback",
210,compiled_flagged,nrel:wind:20099,KS,Labette County,County,renewables_only,wind,unknown,3,,,,,"""Labette County"" Kansas wind setback",values conflict with sabin:REC-0128
211,compiled_flagged,nrel:solar:20169,KS,Saline County,County,renewables_only,solar,unknown,3,,,,,"""Saline County"" Kansas solar setback",
212,compiled_flagged,nrel:solar:21035,KY,Calloway County,County,renewables_only,solar,unknown,3,,,,,"""Calloway County"" Kentucky solar setback",values conflict with sabin:S26R-6039
213,compiled_flagged,nrel:solar:21049,KY,Clark County,County,renewables_only,solar,unknown,3,,,,,"""Clark County"" Kentucky solar setback",
214,compiled_flagged,nrel:wind:21161,KY,Mason County,County,renewables_only,wind,unknown,3,,,,,"""Mason County"" Kentucky wind setback",
215,compiled_flagged,nrel:solar:21167,KY,Mercer County,County,renewables_only,solar,unknown,3,,,,,"""Mercer County"" Kentucky solar setback",
216,compiled_flagged,nrel:solar:21183,KY,Ohio County,County,renewables_only,solar,unknown,3,,,,,"""Ohio County"" Kentucky solar setback",values conflict with sabin:S26R-6032
217,compiled_flagged,nrel:solar:21215,KY,Spencer County,County,renewables_only,solar,unknown,3,,,,,"""Spencer County"" Kentucky solar setback",
218,compiled_flagged,nrel:solar:21219,KY,Todd County,County,renewables_only,solar,unknown,3,,,,,"""Todd County"" Kentucky solar setback",values conflict with sabin:S26R-6031
219,compiled_flagged,nrel:solar:21221,KY,Trigg County,County,renewables_only,solar,unknown,3,,,,,"""Trigg County"" Kentucky solar setback",values conflict with sabin:S26R-6030
220,compiled_flagged,nrel:solar:22045,LA,Iberia Parish,Parish,renewables_only,solar,unknown,3,,,,,"""Iberia Parish"" Louisiana solar setback",values conflict with sabin:S26R-6026
221,compiled_flagged,nrel:wind:22059,LA,LaSalle Parish,Parish,renewables_only,wind,unknown,3,,,,,"""LaSalle Parish"" Louisiana wind height_limit",
222,compiled_flagged,nrel:wind:2500701585,MA,Aquinnah Town,Municipality,renewables_only,wind,unknown,3,,,,,"""Aquinnah Town"" Massachusetts wind height_limit",
223,compiled_flagged,nrel:wind:2502701885,MA,Ashburnham Town,Municipality,renewables_only,wind,unknown,3,,,,,"""Ashburnham Town"" Massachusetts wind height_limit",
224,compiled_flagged,nrel:wind:2501701955,MA,Ashby Town,Municipality,renewables_only,wind,unknown,3,,,,,"""Ashby Town"" Massachusetts wind height_limit",
225,compiled_flagged,nrel:wind:2502702480,MA,Athol Town,Municipality,renewables_only,wind,unknown,3,,,,,"""Athol Town"" Massachusetts wind height_limit",
226,compiled_flagged,nrel:wind:2500304545,MA,Becket Town,Municipality,renewables_only,wind,unknown,3,,,,,"""Becket Town"" Massachusetts wind height_limit",
227,compiled_flagged,nrel:wind:2502706015,MA,Blackstone Town,Municipality,renewables_only,wind,unknown,3,,,,,"""Blackstone Town"" Massachusetts wind height_limit",
228,compiled_flagged,nrel:wind:2502507000,MA,Boston City,Municipality,renewables_only,wind,unknown,3,,,,,"""Boston City"" Massachusetts wind height_limit",
229,compiled_flagged,nrel:wind:2500107175,MA,Bourne Town,Municipality,renewables_only,wind,unknown,3,,,,,"""Bourne Town"" Massachusetts wind noise_limit",
230,compiled_flagged,nrel:wind:2502111315,MA,Canton Town,Municipality,renewables_only,wind,unknown,3,,,,,"""Canton Town"" Massachusetts wind height_limit",
231,compiled_flagged,nrel:wind:2501711525,MA,Carlisle Town,Municipality,renewables_only,wind,unknown,3,,,,,"""Carlisle Town"" Massachusetts wind height_limit",
232,compiled_flagged,nrel:wind:2502513205,MA,Chelsea City,Municipality,renewables_only,wind,unknown,3,,,,,"""Chelsea City"" Massachusetts wind height_limit",
233,compiled_flagged,nrel:wind:2500313345,MA,Cheshire Town,Municipality,renewables_only,wind,unknown,3,,,,,"""Cheshire Town"" Massachusetts wind height_limit",
234,compiled_flagged,nrel:wind:2502114640,MA,Cohasset Town,Municipality,renewables_only,wind,unknown,3,,,,,"""Cohasset Town"" Massachusetts wind height_limit",
235,compiled_flagged,nrel:wind:2500516425,MA,Dartmouth Town,Municipality,renewables_only,wind,unknown,3,,,,,"""Dartmouth Town"" Massachusetts wind height_limit",
236,compiled_flagged,nrel:wind:2502717300,MA,Douglas Town,Municipality,renewables_only,wind,unknown,3,,,,,"""Douglas Town"" Massachusetts wind height_limit",
237,compiled_flagged,nrel:wind:2502117405,MA,Dover Town,Municipality,renewables_only,wind,unknown,3,,,,,"""Dover Town"" Massachusetts wind height_limit",
238,compiled_flagged,nrel:wind:2500119295,MA,Eastham Town,Municipality,renewables_only,wind,unknown,3,,,,,"""Eastham Town"" Massachusetts wind height_limit",
239,compiled_flagged,nrel:wind:2500926150,MA,Gloucester City,Municipality,renewables_only,wind,unknown,3,,,,,"""Gloucester City"" Massachusetts wind height_limit",
240,compiled_flagged,nrel:wind:2502328285,MA,Hanover Town,Municipality,renewables_only,wind,unknown,3,,,,,"""Hanover Town"" Massachusetts wind height_limit",
241,compiled_flagged,nrel:wind:2502333220,MA,Kingston Town,Municipality,renewables_only,wind,unknown,3,,,,,"""Kingston Town"" Massachusetts wind height_limit",
242,compiled_flagged,nrel:wind:2502333920,MA,Lakeville Town,Municipality,renewables_only,wind,unknown,3,,,,,"""Lakeville Town"" Massachusetts wind height_limit",
243,compiled_flagged,nrel:wind:2500334655,MA,Lee Town,Municipality,renewables_only,wind,unknown,3,,,,,"""Lee Town"" Massachusetts wind height_limit",
244,compiled_flagged,nrel:wind:2502734795,MA,Leicester Town,Municipality,renewables_only,wind,unknown,3,,,,,"""Leicester Town"" Massachusetts wind height_limit",
245,compiled_flagged,nrel:wind:2502735075,MA,Leominster City,Municipality,renewables_only,wind,unknown,3,,,,,"""Leominster City"" Massachusetts wind height_limit",
246,compiled_flagged,nrel:wind:2502338540,MA,Marion Town,Municipality,renewables_only,wind,unknown,3,,,,,"""Marion Town"" Massachusetts wind height_limit",
247,compiled_flagged,nrel:wind:2500139100,MA,Mashpee Town,Municipality,renewables_only,wind,unknown,3,,,,,"""Mashpee Town"" Massachusetts wind height_limit",
248,compiled_flagged,nrel:wind:2500940710,MA,Methuen Town City,Municipality,renewables_only,wind,unknown,3,,,,,"""Methuen Town City"" Massachusetts wind height_limit",values conflict with sabin:S26R-5966
249,compiled_flagged,nrel:wind:2502741340,MA,Millbury Town,Municipality,renewables_only,wind,unknown,3,,,,,"""Millbury Town"" Massachusetts wind height_limit",
250,compiled_flagged,nrel:wind:2502141690,MA,Milton Town,Municipality,renewables_only,wind,unknown,3,,,,,"""Milton Town"" Massachusetts wind height_limit",
251,compiled_flagged,nrel:wind:2500344385,MA,New Ashford Town,Municipality,renewables_only,wind,unknown,3,,,,,"""New Ashford Town"" Massachusetts wind height_limit",
252,compiled_flagged,nrel:wind:2500945245,MA,Newburyport City,Municipality,renewables_only,wind,unknown,3,,,,,"""Newburyport City"" Massachusetts wind height_limit",
253,compiled_flagged,nrel:wind:2502753225,MA,Phillipston Town,Municipality,renewables_only,wind,unknown,3,,,,,"""Phillipston Town"" Massachusetts wind height_limit",
254,compiled_flagged,nrel:wind:2502354310,MA,Plymouth Town,Municipality,renewables_only,wind,unknown,3,,,,,"""Plymouth Town"" Massachusetts wind height_limit",
255,compiled_flagged,nrel:wind:2502357775,MA,Rockland Town,Municipality,renewables_only,wind,unknown,3,,,,,"""Rockland Town"" Massachusetts wind height_limit",
256,compiled_flagged,nrel:wind:2502758580,MA,Royalston Town,Municipality,renewables_only,wind,unknown,3,,,,,"""Royalston Town"" Massachusetts wind height_limit",
257,compiled_flagged,nrel:wind:2501358650,MA,Russell Town,Municipality,renewables_only,wind,unknown,3,,,,,"""Russell Town"" Massachusetts wind height_limit",
258,compiled_flagged,nrel:wind:2502758825,MA,Rutland Town,Municipality,renewables_only,wind,unknown,3,,,,,"""Rutland Town"" Massachusetts wind height_limit",
259,compiled_flagged,nrel:wind:2502767385,MA,Sterling Town,Municipality,renewables_only,wind,unknown,3,,,,,"""Sterling Town"" Massachusetts wind height_limit",
260,compiled_flagged,nrel:wind:2500170605,MA,Truro Town,Municipality,renewables_only,wind,unknown,3,,,,,"""Truro Town"" Massachusetts wind height_limit",
261,compiled_flagged,nrel:wind:2501772600,MA,Waltham City,Municipality,renewables_only,wind,unknown,3,,,,,"""Waltham City"" Massachusetts wind height_limit",
262,compiled_flagged,nrel:wind:2501572880,MA,Ware Town,Municipality,renewables_only,wind,unknown,3,,,,,"""Ware Town"" Massachusetts wind height_limit",
263,compiled_flagged,nrel:wind:2502773090,MA,Warren Town,Municipality,renewables_only,wind,unknown,3,,,,,"""Warren Town"" Massachusetts wind setback",
264,compiled_flagged,nrel:wind:2500174385,MA,Wellfleet Town,Municipality,renewables_only,wind,unknown,3,,,,,"""Wellfleet Town"" Massachusetts wind height_limit",
265,compiled_flagged,nrel:wind:2502775400,MA,West Brookfield Town,Municipality,renewables_only,wind,unknown,3,,,,,"""West Brookfield Town"" Massachusetts wind height_limit",
266,compiled_flagged,nrel:wind:2501576380,MA,Westhampton Town,Municipality,renewables_only,wind,unknown,3,,,,,"""Westhampton Town"" Massachusetts wind height_limit",
267,compiled_flagged,nrel:wind:2502780405,MA,Winchendon Town,Municipality,renewables_only,wind,unknown,3,,,,,"""Winchendon Town"" Massachusetts wind height_limit",
268,compiled_flagged,nrel:wind:2502782000,MA,Worcester City,Municipality,renewables_only,wind,unknown,3,,,,,"""Worcester City"" Massachusetts wind height_limit",
269,compiled_flagged,nrel:wind:24017,MD,Charles County,County,renewables_only,wind,unknown,3,,,,,"""Charles County"" Maryland wind height_limit",
270,compiled_flagged,nrel:wind:2301704825,ME,Bethel Town,Municipality,renewables_only,wind,unknown,3,,,,,"""Bethel Town"" Maine wind setback",
271,compiled_flagged,nrel:wind:2300905700,ME,Blue Hill Town,Municipality,renewables_only,wind,unknown,3,,,,,"""Blue Hill Town"" Maine wind height_limit",
272,compiled_flagged,nrel:wind:2300507170,ME,Bridgton Town,Municipality,renewables_only,wind,unknown,3,,,,,"""Bridgton Town"" Maine wind height_limit",
273,compiled_flagged,nrel:wind:2300508430,ME,Brunswick Town,Municipality,renewables_only,wind,unknown,3,,,,,"""Brunswick Town"" Maine wind height_limit",
274,compiled_flagged,nrel:wind:2302509935,ME,Canaan Town,Municipality,renewables_only,wind,unknown,3,,,,,"""Canaan Town"" Maine wind setback",
275,compiled_flagged,nrel:wind:2300510180,ME,Cape Elizabeth Town,Municipality,renewables_only,wind,unknown,3,,,,,"""Cape Elizabeth Town"" Maine wind height_limit",
276,compiled_flagged,nrel:wind:2302912455,ME,Cherryfield Town,Municipality,renewables_only,wind,unknown,3,,,,,"""Cherryfield Town"" Maine wind height_limit",
277,compiled_flagged,nrel:wind:2301913365,ME,Clifton Town,Municipality,renewables_only,wind,unknown,3,,,,,"""Clifton Town"" Maine wind setback",
278,compiled_flagged,nrel:wind:2301315780,ME,Cushing Town,Municipality,renewables_only,wind,unknown,3,,,,,"""Cushing Town"" Maine wind height_limit",
279,compiled_flagged,nrel:wind:2300916935,ME,Dedham Town,Municipality,renewables_only,wind,unknown,3,,,,,"""Dedham Town"" Maine wind height_limit",
280,compiled_flagged,nrel:wind:2301917950,ME,Dixmont Town,Municipality,renewables_only,wind,unknown,3,,,,,"""Dixmont Town"" Maine wind setback",values conflict with sabin:S26R-5998
281,compiled_flagged,nrel:wind:2300919770,ME,Eastbrook Town,Municipality,renewables_only,wind,unknown,3,,,,,"""Eastbrook Town"" Maine wind height_limit",
282,compiled_flagged,nrel:wind:2301729710,ME,Greenwood Town,Municipality,renewables_only,wind,unknown,3,,,,,"""Greenwood Town"" Maine wind height_limit",
283,compiled_flagged,nrel:wind:2301140175,ME,Litchfield Town,Municipality,renewables_only,wind,unknown,3,,,,,"""Litchfield Town"" Maine wind height_limit",NREL sample: Noise contradicts; NREL sample: Property Line (Non-Participating) contradicts; NREL sample: Structures (Non-Participating) contradicts
284,compiled_flagged,nrel:wind:2301147770,ME,Mount Vernon Town,Municipality,renewables_only,wind,unknown,3,,,,,"""Mount Vernon Town"" Maine wind setback",
285,compiled_flagged,nrel:wind:2302549205,ME,New Portland Town,Municipality,renewables_only,wind,unknown,3,,,,,"""New Portland Town"" Maine wind noise_limit",
286,compiled_flagged,nrel:wind:2300955505,ME,Orland Town,Municipality,renewables_only,wind,unknown,3,,,,,"""Orland Town"" Maine wind setback",
287,compiled_flagged,nrel:wind:2300957920,ME,Penobscot Town,Municipality,renewables_only,wind,unknown,3,,,,,"""Penobscot Town"" Maine wind height_limit",
288,compiled_flagged,nrel:wind:2300758445,ME,Phillips Town,Municipality,renewables_only,wind,unknown,3,,,,,"""Phillips Town"" Maine wind noise_limit",
289,compiled_flagged,nrel:wind:2300360825,ME,Presque Isle City,Municipality,renewables_only,wind,unknown,3,,,,,"""Presque Isle City"" Maine wind height_limit",
290,compiled_flagged,nrel:wind:2301775035,ME,Sumner Town,Municipality,renewables_only,wind,unknown,3,,,,,"""Sumner Town"" Maine wind setback",
291,compiled_flagged,nrel:wind:2301376365,ME,Thomaston Town,Municipality,renewables_only,wind,unknown,3,,,,,"""Thomaston Town"" Maine wind height_limit",
292,compiled_flagged,nrel:wind:2302776610,ME,Thorndike Town,Municipality,renewables_only,wind,unknown,3,,,,,"""Thorndike Town"" Maine wind setback",
293,compiled_flagged,nrel:wind:2302777625,ME,Troy Town,Municipality,renewables_only,wind,unknown,3,,,,,"""Troy Town"" Maine wind setback",
294,compiled_flagged,nrel:wind:2301378115,ME,Union Town,Municipality,renewables_only,wind,unknown,3,,,,,"""Union Town"" Maine wind height_limit",
295,compiled_flagged,nrel:wind:2301379130,ME,Vinalhaven Town,Municipality,renewables_only,wind,unknown,3,,,,,"""Vinalhaven Town"" Maine wind height_limit",
296,compiled_flagged,nrel:wind:2301380425,ME,Washington Town,Municipality,renewables_only,wind,unknown,3,,,,,"""Washington Town"" Maine wind height_limit",
297,compiled_flagged,nrel:wind:2302985185,ME,Whiting Town,Municipality,renewables_only,wind,unknown,3,,,,,"""Whiting Town"" Maine wind height_limit",
298,compiled_flagged,nrel:solar:2615125540,MI,Elmer Township,Municipality,renewables_only,solar,unknown,3,,,,,"""Elmer Township"" Michigan solar setback",
299,compiled_flagged,nrel:wind:26079,MI,Kalkaska County,County,renewables_only,wind,unknown,3,,,,,"""Kalkaska County"" Michigan wind height_limit",
300,compiled_flagged,nrel:wind:26087,MI,Lapeer County,County,renewables_only,wind,unknown,3,,,,,"""Lapeer County"" Michigan wind height_limit",
301,compiled_flagged,nrel:wind:26089,MI,Leelanau County,County,renewables_only,wind,unknown,3,,,,,"""Leelanau County"" Michigan wind setback",
302,compiled_flagged,nrel:wind:26103,MI,Marquette County,County,renewables_only,wind,unknown,3,,,,,"""Marquette County"" Michigan wind height_limit",
303,compiled_flagged,nrel:wind:26105,MI,Mason County,County,renewables_only,wind,unknown,3,,,,,"""Mason County"" Michigan wind height_limit",values conflict with sabin:S26R-5905
304,compiled_flagged,nrel:solar:2615155320,MI,Moore Township,Municipality,renewables_only,solar,unknown,3,,,,,"""Moore Township"" Michigan solar setback",
305,compiled_flagged,nrel:wind:26125,MI,Oakland County,County,renewables_only,wind,unknown,3,,,,,"""Oakland County"" Michigan wind height_limit",
306,compiled_flagged,nrel:wind:26137,MI,Otsego County,County,renewables_only,wind,unknown,3,,,,,"""Otsego County"" Michigan wind height_limit",
307,compiled_flagged,nrel:wind:26139,MI,Ottawa County,County,renewables_only,wind,unknown,3,,,,,"""Ottawa County"" Michigan wind height_limit",
308,compiled_flagged,nrel:wind:26141,MI,Presque Isle County,County,renewables_only,wind,unknown,3,,,,,"""Presque Isle County"" Michigan wind height_limit",
309,compiled_flagged,nrel:wind:26153,MI,Schoolcraft County,County,renewables_only,wind,unknown,3,,,,,"""Schoolcraft County"" Michigan wind setback",values conflict with sabin:S26R-5868
310,compiled_flagged,nrel:wind:26161,MI,Washtenaw County,County,renewables_only,wind,unknown,3,,,,,"""Washtenaw County"" Michigan wind height_limit",
311,compiled_flagged,nrel:wind:27001,MN,Aitkin County,County,renewables_only,wind,unknown,3,,,,,"""Aitkin County"" Minnesota wind height_limit",values conflict with sabin:S26R-5858
312,compiled_flagged,nrel:wind:27003,MN,Anoka County,County,renewables_only,wind,unknown,3,,,,,"""Anoka County"" Minnesota wind height_limit",values conflict with sabin:S26R-5857
313,compiled_flagged,nrel:wind:27007,MN,Beltrami County,County,renewables_only,wind,unknown,3,,,,,"""Beltrami County"" Minnesota wind height_limit",values conflict with sabin:S26R-5856
314,compiled_flagged,nrel:wind:27009,MN,Benton County,County,renewables_only,wind,unknown,3,,,,,"""Benton County"" Minnesota wind height_limit",
315,compiled_flagged,nrel:wind:27017,MN,Carlton County,County,renewables_only,wind,unknown,3,,,,,"""Carlton County"" Minnesota wind height_limit",values conflict with sabin:S26R-5854
316,compiled_flagged,nrel:wind:27025,MN,Chisago County,County,renewables_only,wind,unknown,3,,,,,"""Chisago County"" Minnesota wind height_limit",values conflict with sabin:S26R-5851
317,compiled_flagged,nrel:wind:27027,MN,Clay County,County,renewables_only,wind,unknown,3,,,,,"""Clay County"" Minnesota wind height_limit",
318,compiled_flagged,nrel:wind:27031,MN,Cook County,County,renewables_only,wind,unknown,3,,,,,"""Cook County"" Minnesota wind height_limit",values conflict with sabin:S26R-5850
319,compiled_flagged,nrel:wind:27039,MN,Dodge County,County,renewables_only,wind,unknown,3,,,,,"""Dodge County"" Minnesota wind height_limit",
320,compiled_flagged,nrel:wind:27047,MN,Freeborn County,County,renewables_only,wind,unknown,3,,,,,"""Freeborn County"" Minnesota wind height_limit",values conflict with sabin:S26R-5848
321,compiled_flagged,nrel:solar:27081,MN,Lincoln County,County,renewables_only,solar,unknown,3,,,,,"""Lincoln County"" Minnesota solar setback",
322,compiled_flagged,nrel:wind:27099,MN,Mower County,County,renewables_only,wind,unknown,3,,,,,"""Mower County"" Minnesota wind height_limit",values conflict with sabin:S26R-5841
323,compiled_flagged,nrel:wind:27103,MN,Nicollet County,County,renewables_only,wind,unknown,3,,,,,"""Nicollet County"" Minnesota wind setback",values conflict with sabin:S26R-5840
324,compiled_flagged,nrel:wind:27115,MN,Pine County,County,renewables_only,wind,unknown,3,,,,,"""Pine County"" Minnesota wind height_limit",values conflict with sabin:S26R-5838
325,compiled_flagged,nrel:wind:27143,MN,Sibley County,County,renewables_only,wind,unknown,3,,,,,"""Sibley County"" Minnesota wind height_limit",
326,compiled_flagged,nrel:solar:27155,MN,Traverse County,County,renewables_only,solar,unknown,3,,,,,"""Traverse County"" Minnesota solar setback",values conflict with sabin:S26R-5829
327,compiled_flagged,nrel:wind:27157,MN,Wabasha County,County,renewables_only,wind,unknown,3,,,,,"""Wabasha County"" Minnesota wind setback",values conflict with sabin:S26R-5827
328,compiled_flagged,nrel:wind:27167,MN,Wilkin County,County,renewables_only,wind,unknown,3,,,,,"""Wilkin County"" Minnesota wind height_limit",
329,compiled_flagged,nrel:wind:27173,MN,Yellow Medicine County,County,renewables_only,wind,unknown,3,,,,,"""Yellow Medicine County"" Minnesota wind height_limit",values conflict with sabin:S26R-5822
330,compiled_flagged,nrel:solar:29037,MO,Cass County,County,renewables_only,solar,unknown,3,,,,,"""Cass County"" Missouri solar setback",values conflict with sabin:S26R-5816
331,compiled_flagged,nrel:wind:30009,MT,Carbon County,County,renewables_only,wind,unknown,3,,,,,"""Carbon County"" Montana wind height_limit",
332,compiled_flagged,nrel:wind:37049,NC,Craven County,County,renewables_only,wind,unknown,3,,,,,"""Craven County"" North Carolina wind height_limit",values conflict with sabin:REC-0309
333,compiled_flagged,nrel:wind:37053,NC,Currituck County,County,renewables_only,wind,unknown,3,,,,,"""Currituck County"" North Carolina wind height_limit",values conflict with sabin:REC-0310
334,compiled_flagged,nrel:wind:37055,NC,Dare County,County,renewables_only,wind,unknown,3,,,,,"""Dare County"" North Carolina wind height_limit",values conflict with sabin:S26R-5663
335,compiled_flagged,nrel:wind:37091,NC,Hertford County,County,renewables_only,wind,unknown,3,,,,,"""Hertford County"" North Carolina wind height_limit",values conflict with sabin:S26R-5658
336,compiled_flagged,nrel:wind:37099,NC,Jackson County,County,renewables_only,wind,unknown,3,,,,,"""Jackson County"" North Carolina wind height_limit",
337,compiled_flagged,nrel:wind:37101,NC,Johnston County,County,renewables_only,wind,unknown,3,,,,,"""Johnston County"" North Carolina wind height_limit",values conflict with sabin:S26R-5655
338,compiled_flagged,nrel:wind:37137,NC,Pamlico County,County,renewables_only,wind,unknown,3,,,,,"""Pamlico County"" North Carolina wind height_limit",values conflict with sabin:S26R-5652
339,compiled_flagged,nrel:wind:37139,NC,Pasquotank County,County,renewables_only,wind,unknown,3,,,,,"""Pasquotank County"" North Carolina wind height_limit",
340,compiled_flagged,nrel:wind:37143,NC,Perquimans County,County,renewables_only,wind,unknown,3,,,,,"""Perquimans County"" North Carolina wind height_limit",
341,compiled_flagged,nrel:wind:38001,ND,Adams County,County,renewables_only,wind,unknown,3,,,,,"""Adams County"" North Dakota wind setback",
342,compiled_flagged,nrel:wind:38003,ND,Barnes County,County,renewables_only,wind,unknown,3,,,,,"""Barnes County"" North Dakota wind setback",values conflict with sabin:S26R-5647
343,compiled_flagged,nrel:wind:38011,ND,Bowman County,County,renewables_only,wind,unknown,3,,,,,"""Bowman County"" North Dakota wind setback",values conflict with sabin:S26R-5646
344,compiled_flagged,nrel:wind:38013,ND,Burke County,County,renewables_only,wind,unknown,3,,,,,"""Burke County"" North Dakota wind setback",
345,compiled_flagged,nrel:wind:38035,ND,Grand Forks County,County,renewables_only,wind,unknown,3,,,,,"""Grand Forks County"" North Dakota wind height_limit",values conflict with sabin:REC-0323
346,compiled_flagged,nrel:solar:38053,ND,McKenzie County,County,renewables_only,solar,unknown,3,,,,,"""McKenzie County"" North Dakota solar setback",values conflict with sabin:S26R-5641
347,compiled_flagged,nrel:solar:38057,ND,Mercer County,County,renewables_only,solar,unknown,3,,,,,"""Mercer County"" North Dakota solar setback",
348,compiled_flagged,nrel:wind:38061,ND,Mountrail County,County,renewables_only,wind,unknown,3,,,,,"""Mountrail County"" North Dakota wind setback",
349,compiled_flagged,nrel:wind:38069,ND,Pierce County,County,renewables_only,wind,unknown,3,,,,,"""Pierce County"" North Dakota wind height_limit",
350,compiled_flagged,nrel:solar:38077,ND,Richland County,County,renewables_only,solar,unknown,3,,,,,"""Richland County"" North Dakota solar setback",
351,compiled_flagged,nrel:wind:38089,ND,Stark County,County,renewables_only,wind,unknown,3,,,,,"""Stark County"" North Dakota wind setback",
352,compiled_flagged,nrel:wind:38103,ND,Wells County,County,renewables_only,wind,unknown,3,,,,,"""Wells County"" North Dakota wind setback",
353,compiled_flagged,nrel:wind:31001,NE,Adams County,County,renewables_only,wind,unknown,3,,,,,"""Adams County"" Nebraska wind height_limit",values conflict with sabin:REC-0239
354,compiled_flagged,nrel:solar:31031,NE,Cherry County,County,renewables_only,solar,unknown,3,,,,,"""Cherry County"" Nebraska solar setback",
355,compiled_flagged,nrel:wind:31037,NE,Colfax County,County,renewables_only,wind,unknown,3,,,,,"""Colfax County"" Nebraska wind setback",values conflict with sabin:S26R-5796
356,compiled_flagged,nrel:wind:31059,NE,Fillmore County,County,renewables_only,wind,unknown,3,,,,,"""Fillmore County"" Nebraska wind height_limit",
357,compiled_flagged,nrel:wind:31063,NE,Frontier County,County,renewables_only,wind,unknown,3,,,,,"""Frontier County"" Nebraska wind height_limit",values conflict with sabin:S26R-5791
358,compiled_flagged,nrel:solar:31067,NE,Gage County,County,renewables_only,solar,unknown,3,,,,,"""Gage County"" Nebraska solar setback",values conflict with sabin:REC-0248
359,compiled_flagged,nrel:wind:31067,NE,Gage County,County,renewables_only,wind,unknown,3,,,,,"""Gage County"" Nebraska wind setback",values conflict with sabin:REC-0248
360,compiled_flagged,nrel:wind:31093,NE,Howard County,County,renewables_only,wind,unknown,3,,,,,"""Howard County"" Nebraska wind height_limit",
361,compiled_flagged,nrel:wind:31109,NE,Lancaster County,County,renewables_only,wind,unknown,3,,,,,"""Lancaster County"" Nebraska wind noise_limit",values conflict with sabin:REC-0253
362,compiled_flagged,nrel:wind:31111,NE,Lincoln County,County,renewables_only,wind,unknown,3,,,,,"""Lincoln County"" Nebraska wind setback",values conflict with sabin:S26R-5780
363,compiled_flagged,nrel:wind:31115,NE,Loup County,County,renewables_only,wind,unknown,3,,,,,"""Loup County"" Nebraska wind setback",values conflict with sabin:S26R-5779
364,compiled_flagged,nrel:wind:31139,NE,Pierce County,County,renewables_only,wind,unknown,3,,,,,"""Pierce County"" Nebraska wind setback",values conflict with sabin:S26R-5773
365,compiled_flagged,nrel:wind:31149,NE,Rock County,County,renewables_only,wind,unknown,3,,,,,"""Rock County"" Nebraska wind setback",
366,compiled_flagged,nrel:wind:31155,NE,Saunders County,County,renewables_only,wind,unknown,3,,,,,"""Saunders County"" Nebraska wind height_limit",
367,compiled_flagged,nrel:wind:31157,NE,Scotts Bluff County,County,renewables_only,wind,unknown,3,,,,,"""Scotts Bluff County"" Nebraska wind setback",values conflict with sabin:S26R-5768
368,compiled_flagged,nrel:wind:31165,NE,Sioux County,County,renewables_only,wind,unknown,3,,,,,"""Sioux County"" Nebraska wind setback",
369,compiled_flagged,nrel:wind:31167,NE,Stanton County,County,renewables_only,wind,unknown,3,,,,,"""Stanton County"" Nebraska wind setback",values conflict with sabin:S26R-5767
370,compiled_flagged,nrel:wind:31169,NE,Thayer County,County,renewables_only,wind,unknown,3,,,,,"""Thayer County"" Nebraska wind setback",values conflict with sabin:S26R-5766
371,compiled_flagged,nrel:wind:31171,NE,Thomas County,County,renewables_only,wind,unknown,3,,,,,"""Thomas County"" Nebraska wind height_limit",values conflict with sabin:S26R-5765
372,compiled_flagged,nrel:solar:31185,NE,York County,County,renewables_only,solar,unknown,3,,,,,"""York County"" Nebraska solar setback",
373,compiled_flagged,nrel:wind:3301101700,NH,Antrim Town,Municipality,renewables_only,wind,unknown,3,,,,,"""Antrim Town"" New Hampshire wind height_limit",
374,compiled_flagged,nrel:wind:3300908980,NH,Canaan Town,Municipality,renewables_only,wind,unknown,3,,,,,"""Canaan Town"" New Hampshire wind height_limit",values conflict with sabin:REC-0267
375,compiled_flagged,nrel:wind:3301117780,NH,Deering Town,Municipality,renewables_only,wind,unknown,3,,,,,"""Deering Town"" New Hampshire wind height_limit",
376,compiled_flagged,nrel:wind:3301525380,NH,Exeter Town,Municipality,renewables_only,wind,unknown,3,,,,,"""Exeter Town"" New Hampshire wind height_limit",
377,compiled_flagged,nrel:wind:3300932180,NH,Groton Town,Municipality,renewables_only,wind,unknown,3,,,,,"""Groton Town"" New Hampshire wind height_limit",
378,compiled_flagged,nrel:wind:3300958340,NH,Orange Town,Municipality,renewables_only,wind,unknown,3,,,,,"""Orange Town"" New Hampshire wind height_limit",
379,compiled_flagged,nrel:wind:3300763860,NH,Randolph Town,Municipality,renewables_only,wind,unknown,3,,,,,"""Randolph Town"" New Hampshire wind height_limit",
380,compiled_flagged,nrel:wind:3301168820,NH,Sharon Town,Municipality,renewables_only,wind,unknown,3,,,,,"""Sharon Town"" New Hampshire wind height_limit",
381,compiled_flagged,nrel:wind:3301176260,NH,Temple Town,Municipality,renewables_only,wind,unknown,3,,,,,"""Temple Town"" New Hampshire wind height_limit",
382,compiled_flagged,nrel:wind:35047,NM,San Miguel County,County,renewables_only,wind,unknown,3,,,,,"""San Miguel County"" New Mexico wind setback",
383,compiled_flagged,nrel:wind:32005,NV,Douglas County,County,renewables_only,wind,unknown,3,,,,,"""Douglas County"" Nevada wind height_limit",
384,compiled_flagged,nrel:wind:32007,NV,Elko County,County,renewables_only,wind,unknown,3,,,,,"""Elko County"" Nevada wind setback",
385,compiled_flagged,nrel:wind:32015,NV,Lander County,County,renewables_only,wind,unknown,3,,,,,"""Lander County"" Nevada wind height_limit",values conflict with sabin:S26R-5763
386,compiled_flagged,nrel:solar:32019,NV,Lyon County,County,renewables_only,solar,unknown,3,,,,,"""Lyon County"" Nevada solar setback",
387,compiled_flagged,nrel:wind:32019,NV,Lyon County,County,renewables_only,wind,unknown,3,,,,,"""Lyon County"" Nevada wind setback",
388,compiled_flagged,nrel:solar:32023,NV,Nye County,County,renewables_only,solar,unknown,3,,,,,"""Nye County"" Nevada solar setback",values conflict with sabin:REC-0254
389,compiled_flagged,nrel:wind:32031,NV,Washoe County,County,renewables_only,wind,unknown,3,,,,,"""Washoe County"" Nevada wind setback",
390,compiled_flagged,nrel:wind:3603700474,NY,Alabama Town,Municipality,renewables_only,wind,unknown,3,,,,,"""Alabama Town"" New York wind height_limit",
391,compiled_flagged,nrel:wind:3600901297,NY,Allegany Town,Municipality,renewables_only,wind,unknown,3,,,,,"""Allegany Town"" New York wind height_limit",
392,compiled_flagged,nrel:wind:3600302154,NY,Andover Town,Municipality,renewables_only,wind,unknown,3,,,,,"""Andover Town"" New York wind height_limit",
393,compiled_flagged,nrel:wind:3612102418,NY,Arcade Town,Municipality,renewables_only,wind,unknown,3,,,,,"""Arcade Town"" New York wind height_limit",
394,compiled_flagged,nrel:wind:3601302605,NY,Arkwright Town,Municipality,renewables_only,wind,unknown,3,,,,,"""Arkwright Town"" New York wind height_limit",
395,compiled_flagged,nrel:wind:3600902759,NY,Ashford Town,Municipality,renewables_only,wind,unknown,3,,,,,"""Ashford Town"" New York wind height_limit",
396,compiled_flagged,nrel:wind:3601502781,NY,Ashland Town,Municipality,renewables_only,wind,unknown,3,,,,,"""Ashland Town"" New York wind height_limit",values conflict with sabin:S26R-5743
397,compiled_flagged,nrel:wind:3610103342,NY,Avoca Town,Municipality,renewables_only,wind,unknown,3,,,,,"""Avoca Town"" New York wind height_limit",
398,compiled_flagged,nrel:wind:3607304572,NY,Barre Town,Municipality,renewables_only,wind,unknown,3,,,,,"""Barre Town"" New York wind height_limit",
399,compiled_flagged,nrel:wind:3603305716,NY,Bellmont Town,Municipality,renewables_only,wind,unknown,3,,,,,"""Bellmont Town"" New York wind height_limit",
400,compiled_flagged,nrel:wind:3612306002,NY,Benton Town,Municipality,renewables_only,wind,unknown,3,,,,,"""Benton Town"" New York wind height_limit",values conflict with sabin:S26R-5672
401,compiled_flagged,nrel:wind:3608306189,NY,Berlin Town,Municipality,renewables_only,wind,unknown,3,,,,,"""Berlin Town"" New York wind height_limit",NREL sample: Property Line (Non-Participating) contradicts
402,compiled_flagged,nrel:wind:3602907894,NY,Brant Town,Municipality,renewables_only,wind,unknown,3,,,,,"""Brant Town"" New York wind height_limit",
403,compiled_flagged,nrel:wind:3608310275,NY,Brunswick Town,Municipality,renewables_only,wind,unknown,3,,,,,"""Brunswick Town"" New York wind height_limit",
404,compiled_flagged,nrel:wind:3603311165,NY,Burke Town,Municipality,renewables_only,wind,unknown,3,,,,,"""Burke Town"" New York wind height_limit",
405,compiled_flagged,nrel:wind:3603711572,NY,Byron Town,Municipality,renewables_only,wind,unknown,3,,,,,"""Byron Town"" New York wind height_limit",
406,compiled_flagged,nrel:wind:3605111715,NY,Caledonia Town,Municipality,renewables_only,wind,unknown,3,,,,,"""Caledonia Town"" New York wind height_limit",
407,compiled_flagged,nrel:wind:3610111946,NY,Campbell Town,Municipality,renewables_only,wind,unknown,3,,,,,"""Campbell Town"" New York wind height_limit",
408,compiled_flagged,nrel:wind:3600312243,NY,Caneadea Town,Municipality,renewables_only,wind,unknown,3,,,,,"""Caneadea Town"" New York wind height_limit",
409,compiled_flagged,nrel:wind:3601512947,NY,Catlin Town,Municipality,renewables_only,wind,unknown,3,,,,,"""Catlin Town"" New York wind height_limit",values conflict with sabin:S26R-5745
410,compiled_flagged,nrel:wind:3601313860,NY,Charlotte Town,Municipality,renewables_only,wind,unknown,3,,,,,"""Charlotte Town"" New York wind height_limit",
411,compiled_flagged,nrel:wind:3603313992,NY,Chateaugay Town,Municipality,renewables_only,wind,unknown,3,,,,,"""Chateaugay Town"" New York wind height_limit",
412,compiled_flagged,nrel:wind:3602116177,NY,Clermont Town,Municipality,renewables_only,wind,unknown,3,,,,,"""Clermont Town"" New York wind height_limit",
413,compiled_flagged,nrel:wind:3601916397,NY,Clinton Town,Municipality,renewables_only,wind,unknown,3,,,,,"""Clinton Town"" New York wind height_limit",values conflict with sabin:REC-0298
414,compiled_flagged,nrel:wind:3601316595,NY,Clymer Town,Municipality,renewables_only,wind,unknown,3,,,,,"""Clymer Town"" New York wind height_limit",
415,compiled_flagged,nrel:wind:3610119675,NY,Dansville Town,Municipality,renewables_only,wind,unknown,3,,,,,"""Dansville Town"" New York wind height_limit",
416,compiled_flagged,nrel:wind:3603719719,NY,Darien Town,Municipality,renewables_only,wind,unknown,3,,,,,"""Darien Town"" New York wind height_limit",
417,compiled_flagged,nrel:wind:3609720676,NY,Dix Town,Municipality,renewables_only,wind,unknown,3,,,,,"""Dix Town"" New York wind height_limit",values conflict with sabin:S26R-5698
418,compiled_flagged,nrel:wind:3609321006,NY,Duanesburg Town,Municipality,renewables_only,wind,unknown,3,,,,,"""Duanesburg Town"" New York wind height_limit",
419,compiled_flagged,nrel:wind:3605323305,NY,Eaton Town,Municipality,renewables_only,wind,unknown,3,,,,,"""Eaton Town"" New York wind height_limit",
420,compiled_flagged,nrel:wind:3602923415,NY,Eden Town,Municipality,renewables_only,wind,unknown,3,,,,,"""Eden Town"" New York wind height_limit",
421,compiled_flagged,nrel:wind:3608923646,NY,Edwards Town,Municipality,renewables_only,wind,unknown,3,,,,,"""Edwards Town"" New York wind height_limit",NREL sample: Property Line (Non-Participating) contradicts; NREL sample: Structures (Non-Participating) contradicts
422,compiled_flagged,nrel:wind:3601923921,NY,Ellenburg Town,Municipality,renewables_only,wind,unknown,3,,,,,"""Ellenburg Town"" New York wind height_limit",
423,compiled_flagged,nrel:wind:3601324053,NY,Ellington Town,Municipality,renewables_only,wind,unknown,3,,,,,"""Ellington Town"" New York wind height_limit",
424,compiled_flagged,nrel:wind:3605726308,NY,Florida Town,Municipality,renewables_only,wind,unknown,3,,,,,"""Florida Town"" New York wind setback",values conflict with sabin:REC-0304
425,compiled_flagged,nrel:solar:3604327199,NY,Frankfort Town,Municipality,renewables_only,solar,unknown,3,,,,,"""Frankfort Town"" New York solar setback",values conflict with mn:ny-frankfort-undated
426,compiled_flagged,nrel:wind:3603327243,NY,Franklin Town,Municipality,renewables_only,wind,unknown,3,,,,,"""Franklin Town"" New York wind setback",
427,compiled_flagged,nrel:wind:3600927441,NY,Freedom Town,Municipality,renewables_only,wind,unknown,3,,,,,"""Freedom Town"" New York wind height_limit",
428,compiled_flagged,nrel:wind:3610127551,NY,Fremont Town,Municipality,renewables_only,wind,unknown,3,,,,,"""Fremont Town"" New York wind height_limit",values conflict with sabin:S26R-5688; sabin:S26R-5697
429,compiled_flagged,nrel:wind:3610527573,NY,Fremont Town,Municipality,renewables_only,wind,unknown,3,,,,,"""Fremont Town"" New York wind noise_limit",values conflict with sabin:S26R-5688; sabin:S26R-5697
430,compiled_flagged,nrel:wind:3601128673,NY,Genoa Town,Municipality,renewables_only,wind,unknown,3,,,,,"""Genoa Town"" New York wind height_limit",
431,compiled_flagged,nrel:wind:3601328838,NY,Gerry Town,Municipality,renewables_only,wind,unknown,3,,,,,"""Gerry Town"" New York wind height_limit",
432,compiled_flagged,nrel:wind:3606929531,NY,Gorham Town,Municipality,renewables_only,wind,unknown,3,,,,,"""Gorham Town"" New York wind height_limit",
433,compiled_flagged,nrel:wind:3608329674,NY,Grafton Town,Municipality,renewables_only,wind,unknown,3,,,,,"""Grafton Town"" New York wind height_limit",
434,compiled_flagged,nrel:wind:3601731148,NY,Guilford Town,Municipality,renewables_only,wind,unknown,3,,,,,"""Guilford Town"" New York wind height_limit",
435,compiled_flagged,nrel:wind:3603931379,NY,Halcott Town,Municipality,renewables_only,wind,unknown,3,,,,,"""Halcott Town"" New York wind height_limit",
436,compiled_flagged,nrel:wind:3605331720,NY,Hamilton Town,Municipality,renewables_only,wind,unknown,3,,,,,"""Hamilton Town"" New York wind setback",
437,compiled_flagged,nrel:wind:3608931841,NY,Hammond Town,Municipality,renewables_only,wind,unknown,3,,,,,"""Hammond Town"" New York wind setback",
438,compiled_flagged,nrel:wind:3602531951,NY,Hancock Town,Municipality,renewables_only,wind,unknown,3,,,,,"""Hancock Town"" New York wind noise_limit",
439,compiled_flagged,nrel:wind:3601332050,NY,Hanover Town,Municipality,renewables_only,wind,unknown,3,,,,,"""Hanover Town"" New York wind height_limit",
440,compiled_flagged,nrel:wind:3606332490,NY,Hartland Town,Municipality,renewables_only,wind,unknown,3,,,,,"""Hartland Town"" New York wind height_limit",
441,compiled_flagged,nrel:wind:3602935122,NY,Holland Town,Municipality,renewables_only,wind,unknown,3,,,,,"""Holland Town"" New York wind setback",
442,compiled_flagged,nrel:wind:3606935551,NY,Hopewell Town,Municipality,renewables_only,wind,unknown,3,,,,,"""Hopewell Town"" New York wind height_limit",
443,compiled_flagged,nrel:wind:3610135661,NY,Hornby Town,Municipality,renewables_only,wind,unknown,3,,,,,"""Hornby Town"" New York wind height_limit",
444,compiled_flagged,nrel:wind:3611737165,NY,Huron Town,Municipality,renewables_only,wind,unknown,3,,,,,"""Huron Town"" New York wind height_limit",
445,compiled_flagged,nrel:wind:3600337297,NY,Independence Town,Municipality,renewables_only,wind,unknown,3,,,,,"""Independence Town"" New York wind height_limit",
446,compiled_flagged,nrel:wind:3609538440,NY,Jefferson Town,Municipality,renewables_only,wind,unknown,3,,,,,"""Jefferson Town"" New York wind setback",
447,compiled_flagged,nrel:wind:3607339188,NY,Kendall Town,Municipality,renewables_only,wind,unknown,3,,,,,"""Kendall Town"" New York wind height_limit",
448,compiled_flagged,nrel:solar:3602139573,NY,Kinderhook Town,Municipality,renewables_only,solar,unknown,3,,,,,"""Kinderhook Town"" New York solar setback",
449,compiled_flagged,nrel:wind:3610941234,NY,Lansing Town,Municipality,renewables_only,wind,unknown,3,,,,,"""Lansing Town"" New York wind height_limit",
450,compiled_flagged,nrel:wind:3604342664,NY,Litchfield Town,Municipality,renewables_only,wind,unknown,3,,,,,"""Litchfield Town"" New York wind height_limit",
451,compiled_flagged,nrel:wind:3604543544,NY,Lorraine Town,Municipality,renewables_only,wind,unknown,3,,,,,"""Lorraine Town"" New York wind setback",
452,compiled_flagged,nrel:wind:3608943588,NY,Louisville Town,Municipality,renewables_only,wind,unknown,3,,,,,"""Louisville Town"" New York wind height_limit",
453,compiled_flagged,nrel:wind:3604543863,NY,Lyme Town,Municipality,renewables_only,wind,unknown,3,,,,,"""Lyme Town"" New York wind setback",
454,compiled_flagged,nrel:wind:3611744160,NY,Macedon Town,Municipality,renewables_only,wind,unknown,3,,,,,"""Macedon Town"" New York wind height_limit",
455,compiled_flagged,nrel:wind:3600944237,NY,Machias Town,Municipality,renewables_only,wind,unknown,3,,,,,"""Machias Town"" New York wind setback",
456,compiled_flagged,nrel:wind:3608944490,NY,Madrid Town,Municipality,renewables_only,wind,unknown,3,,,,,"""Madrid Town"" New York wind height_limit",
457,compiled_flagged,nrel:wind:3602945601,NY,Marilla Town,Municipality,renewables_only,wind,unknown,3,,,,,"""Marilla Town"" New York wind height_limit",
458,compiled_flagged,nrel:wind:3602546624,NY,Meredith Town,Municipality,renewables_only,wind,unknown,3,,,,,"""Meredith Town"" New York wind height_limit",
459,compiled_flagged,nrel:wind:3604948032,NY,Montague Town,Municipality,renewables_only,wind,unknown,3,,,,,"""Montague Town"" New York wind height_limit",
460,compiled_flagged,nrel:wind:3601749957,NY,New Berlin Town,Municipality,renewables_only,wind,unknown,3,,,,,"""New Berlin Town"" New York wind height_limit",
461,compiled_flagged,nrel:wind:3601753990,NY,Norwich Town,Municipality,renewables_only,wind,unknown,3,,,,,"""Norwich Town"" New York wind height_limit",
462,compiled_flagged,nrel:wind:3603754166,NY,Oakfield Town,Municipality,renewables_only,wind,unknown,3,,,,,"""Oakfield Town"" New York wind height_limit",
463,compiled_flagged,nrel:wind:3612155222,NY,Orangeville Town,Municipality,renewables_only,wind,unknown,3,,,,,"""Orangeville Town"" New York wind height_limit",
464,compiled_flagged,nrel:wind:3604555398,NY,Orleans Town,Municipality,renewables_only,wind,unknown,3,,,,,"""Orleans Town"" New York wind setback",
465,compiled_flagged,nrel:wind:3604955497,NY,Osceola Town,Municipality,renewables_only,wind,unknown,3,,,,,"""Osceola Town"" New York wind setback",values conflict with sabin:S26R-5732
466,compiled_flagged,nrel:wind:3608956374,NY,Parishville Town,Municipality,renewables_only,wind,unknown,3,,,,,"""Parishville Town"" New York wind setback",
467,compiled_flagged,nrel:wind:3603757078,NY,Pembroke Town,Municipality,renewables_only,wind,unknown,3,,,,,"""Pembroke Town"" New York wind height_limit",
468,compiled_flagged,nrel:wind:3605557144,NY,Penfield Town,Municipality,renewables_only,wind,unknown,3,,,,,"""Penfield Town"" New York wind height_limit",
469,compiled_flagged,nrel:wind:3600957298,NY,Perrysburg Town,Municipality,renewables_only,wind,unknown,3,,,,,"""Perrysburg Town"" New York wind height_limit",
470,compiled_flagged,nrel:wind:3600957331,NY,Persia Town,Municipality,renewables_only,wind,unknown,3,,,,,"""Persia Town"" New York wind height_limit",
471,compiled_flagged,nrel:wind:3601358926,NY,Poland Town,Municipality,renewables_only,wind,unknown,3,,,,,"""Poland Town"" New York wind height_limit",
472,compiled_flagged,nrel:wind:3601358981,NY,Pomfret Town,Municipality,renewables_only,wind,unknown,3,,,,,"""Pomfret Town"" New York wind setback",
473,compiled_flagged,nrel:wind:3601359421,NY,Portland Town,Municipality,renewables_only,wind,unknown,3,,,,,"""Portland Town"" New York wind height_limit",values conflict with sabin:S26R-5749
474,compiled_flagged,nrel:wind:3600960587,NY,Randolph Town,Municipality,renewables_only,wind,unknown,3,,,,,"""Randolph Town"" New York wind height_limit",NREL sample: Property Line (Non-Participating) contradicts
475,compiled_flagged,nrel:wind:3607560873,NY,Redfield Town,Municipality,renewables_only,wind,unknown,3,,,,,"""Redfield Town"" New York wind setback",NREL sample: Property Line (Non-Participating) contradicts
476,compiled_flagged,nrel:wind:3609963440,NY,Romulus Town,Municipality,renewables_only,wind,unknown,3,,,,,"""Romulus Town"" New York wind height_limit",
477,compiled_flagged,nrel:wind:3606966289,NY,Seneca Town,Municipality,renewables_only,wind,unknown,3,,,,,"""Seneca Town"" New York wind height_limit",
478,compiled_flagged,nrel:wind:3607366751,NY,Shelby Town,Municipality,renewables_only,wind,unknown,3,,,,,"""Shelby Town"" New York wind height_limit",
479,compiled_flagged,nrel:wind:3612166773,NY,Sheldon Town,Municipality,renewables_only,wind,unknown,3,,,,,"""Sheldon Town"" New York wind height_limit",
480,compiled_flagged,nrel:wind:3606767521,NY,Skaneateles Town,Municipality,renewables_only,wind,unknown,3,,,,,"""Skaneateles Town"" New York wind height_limit",values conflict with sabin:S26R-5716
481,compiled_flagged,nrel:wind:3603770607,NY,Stafford Town,Municipality,renewables_only,wind,unknown,3,,,,,"""Stafford Town"" New York wind noise_limit",
482,compiled_flagged,nrel:wind:3602570629,NY,Stamford Town,Municipality,renewables_only,wind,unknown,3,,,,,"""Stamford Town"" New York wind height_limit",
483,compiled_flagged,nrel:wind:3601371476,NY,Stockton Town,Municipality,renewables_only,wind,unknown,3,,,,,"""Stockton Town"" New York wind height_limit",
484,compiled_flagged,nrel:wind:3605572455,NY,Sweden Town,Municipality,renewables_only,wind,unknown,3,,,,,"""Sweden Town"" New York wind height_limit",
485,compiled_flagged,nrel:wind:3606577123,NY,Vernon Town,Municipality,renewables_only,wind,unknown,3,,,,,"""Vernon Town"" New York wind height_limit",
486,compiled_flagged,nrel:wind:3606577178,NY,Verona Town,Municipality,renewables_only,wind,unknown,3,,,,,"""Verona Town"" New York wind setback",
487,compiled_flagged,nrel:wind:3601377530,NY,Villenova Town,Municipality,renewables_only,wind,unknown,3,,,,,"""Villenova Town"" New York wind height_limit",
488,compiled_flagged,nrel:wind:3602578047,NY,Walton Town,Municipality,renewables_only,wind,unknown,3,,,,,"""Walton Town"" New York wind height_limit",
489,compiled_flagged,nrel:wind:3610181105,NY,West Union Town,Municipality,renewables_only,wind,unknown,3,,,,,"""West Union Town"" New York wind height_limit",
490,compiled_flagged,nrel:wind:3606381380,NY,Wheatfield Town,Municipality,renewables_only,wind,unknown,3,,,,,"""Wheatfield Town"" New York wind height_limit",
491,compiled_flagged,nrel:wind:3603182315,NY,Wilmington Town,Municipality,renewables_only,wind,unknown,3,,,,,"""Wilmington Town"" New York wind height_limit",values conflict with sabin:S26R-5740
492,compiled_flagged,nrel:wind:3604583162,NY,Worth Town,Municipality,renewables_only,wind,unknown,3,,,,,"""Worth Town"" New York wind height_limit",
493,compiled_flagged,nrel:wind:3607383448,NY,Yates Town,Municipality,renewables_only,wind,unknown,3,,,,,"""Yates Town"" New York wind height_limit",values conflict with sabin:S26R-5711
494,compiled_flagged,nrel:wind:39049,OH,Franklin County,County,renewables_only,wind,unknown,3,,,,,"""Franklin County"" Ohio wind height_limit",
495,compiled_flagged,nrel:wind:39057,OH,Greene County,County,renewables_only,wind,unknown,3,,,,,"""Greene County"" Ohio wind height_limit",values conflict with sabin:REC-0350
496,compiled_flagged,nrel:solar:39065,OH,Hardin County,County,renewables_only,solar,unknown,3,,,,,"""Hardin County"" Ohio solar setback",
497,compiled_flagged,nrel:wind:39103,OH,Medina County,County,renewables_only,wind,unknown,3,,,,,"""Medina County"" Ohio wind height_limit",values conflict with sabin:S26R-5611
498,compiled_flagged,nrel:wind:39149,OH,Shelby County,County,renewables_only,wind,unknown,3,,,,,"""Shelby County"" Ohio wind height_limit",
499,compiled_flagged,nrel:wind:39165,OH,Warren County,County,renewables_only,wind,unknown,3,,,,,"""Warren County"" Ohio wind height_limit",
500,compiled_flagged,nrel:wind:4001791040,OK,El Reno City,Municipality,renewables_only,wind,unknown,3,,,,,"""El Reno City"" Oklahoma wind height_limit",
501,compiled_flagged,nrel:wind:4010191924,OK,Muskogee City,Municipality,renewables_only,wind,unknown,3,,,,,"""Muskogee City"" Oklahoma wind height_limit",
502,compiled_flagged,nrel:solar:41001,OR,Baker County,County,renewables_only,solar,unknown,3,,,,,"""Baker County"" Oregon solar setback",
503,compiled_flagged,nrel:wind:41001,OR,Baker County,County,renewables_only,wind,unknown,3,,,,,"""Baker County"" Oregon wind setback",
504,compiled_flagged,nrel:wind:41059,OR,Umatilla County,County,renewables_only,wind,unknown,3,,,,,"""Umatilla County"" Oregon wind setback",values conflict with sabin:REC-0366
505,compiled_flagged,nrel:wind:41065,OR,Wasco County,County,renewables_only,wind,unknown,3,,,,,"""Wasco County"" Oregon wind setback",
506,compiled_flagged,nrel:wind:4209500948,PA,Allen Township,Municipality,renewables_only,wind,unknown,3,,,,,"""Allen Township"" Pennsylvania wind height_limit",
507,compiled_flagged,nrel:wind:4201503400,PA,Athens Township,Municipality,renewables_only,wind,unknown,3,,,,,"""Athens Township"" Pennsylvania wind setback",values conflict with sabin:S26R-5572
508,compiled_flagged,nrel:wind:4202705608,PA,Benner Township,Municipality,renewables_only,wind,unknown,3,,,,,"""Benner Township"" Pennsylvania wind setback",
509,compiled_flagged,nrel:wind:4201106008,PA,Bethel Township,Municipality,renewables_only,wind,unknown,3,,,,,"""Bethel Township"" Pennsylvania wind setback",values conflict with sabin:S26R-5581
510,compiled_flagged,nrel:solar:4207906672,PA,Black Creek Township,Municipality,renewables_only,solar,unknown,3,,,,,"""Black Creek Township"" Pennsylvania solar setback",
511,compiled_flagged,nrel:wind:4207906672,PA,Black Creek Township,Municipality,renewables_only,wind,unknown,3,,,,,"""Black Creek Township"" Pennsylvania wind setback",
512,compiled_flagged,nrel:wind:4212510032,PA,Buffalo Township,Municipality,renewables_only,wind,unknown,3,,,,,"""Buffalo Township"" Pennsylvania wind setback",
513,compiled_flagged,nrel:wind:4209510400,PA,Bushkill Township,Municipality,renewables_only,wind,unknown,3,,,,,"""Bushkill Township"" Pennsylvania wind height_limit",
514,compiled_flagged,nrel:wind:4204111000,PA,Camp Hill Borough,Municipality,renewables_only,wind,unknown,3,,,,,"""Camp Hill Borough"" Pennsylvania wind height_limit",
515,compiled_flagged,nrel:wind:4206911240,PA,Carbondale Township,Municipality,renewables_only,wind,unknown,3,,,,,"""Carbondale Township"" Pennsylvania wind setback",
516,compiled_flagged,nrel:wind:4209911416,PA,Carroll Township,Municipality,renewables_only,wind,unknown,3,,,,,"""Carroll Township"" Pennsylvania wind height_limit",values conflict with sabin:S26R-5542
517,compiled_flagged,nrel:wind:4203511640,PA,Castanea Township,Municipality,renewables_only,wind,unknown,3,,,,,"""Castanea Township"" Pennsylvania wind setback",
518,compiled_flagged,nrel:wind:4211514224,PA,Clifford Township,Municipality,renewables_only,wind,unknown,3,,,,,"""Clifford Township"" Pennsylvania wind setback",
519,compiled_flagged,nrel:wind:4201914320,PA,Clinton Township,Municipality,renewables_only,wind,unknown,3,,,,,"""Clinton Township"" Pennsylvania wind height_limit",
520,compiled_flagged,nrel:wind:4213114360,PA,Clinton Township,Municipality,renewables_only,wind,unknown,3,,,,,"""Clinton Township"" Pennsylvania wind setback",
521,compiled_flagged,nrel:wind:4213314832,PA,Codorus Township,Municipality,renewables_only,wind,unknown,3,,,,,"""Codorus Township"" Pennsylvania wind height_limit",
522,compiled_flagged,nrel:wind:4202715136,PA,College Township,Municipality,renewables_only,wind,unknown,3,,,,,"""College Township"" Pennsylvania wind setback",values conflict with sabin:S26R-5563
523,compiled_flagged,nrel:wind:4204315640,PA,Conewago Township,Municipality,renewables_only,wind,unknown,3,,,,,"""Conewago Township"" Pennsylvania wind height_limit",
524,compiled_flagged,nrel:wind:4207915888,PA,Conyngham Borough,Municipality,renewables_only,wind,unknown,3,,,,,"""Conyngham Borough"" Pennsylvania wind setback",
525,compiled_flagged,nrel:wind:4207716056,PA,Coopersburg Borough,Municipality,renewables_only,wind,unknown,3,,,,,"""Coopersburg Borough"" Pennsylvania wind height_limit",values conflict with sabin:S26R-5548
526,compiled_flagged,nrel:wind:4206916664,PA,Covington Township,Municipality,renewables_only,wind,unknown,3,,,,,"""Covington Township"" Pennsylvania wind height_limit",
527,compiled_flagged,nrel:wind:4201117720,PA,Cumru Township,Municipality,renewables_only,wind,unknown,3,,,,,"""Cumru Township"" Pennsylvania wind height_limit",
528,compiled_flagged,nrel:wind:4203317840,PA,Curwensville Borough,Municipality,renewables_only,wind,unknown,3,,,,,"""Curwensville Borough"" Pennsylvania wind setback",
529,compiled_flagged,nrel:wind:4207918056,PA,Dallas Township,Municipality,renewables_only,wind,unknown,3,,,,,"""Dallas Township"" Pennsylvania wind setback",
530,compiled_flagged,nrel:wind:4207918868,PA,Dennison Township,Municipality,renewables_only,wind,unknown,3,,,,,"""Dennison Township"" Pennsylvania wind height_limit",
531,compiled_flagged,nrel:wind:4204119144,PA,Dickinson Township,Municipality,renewables_only,wind,unknown,3,,,,,"""Dickinson Township"" Pennsylvania wind height_limit",
532,compiled_flagged,nrel:wind:4213319704,PA,Dover Township,Municipality,renewables_only,wind,unknown,3,,,,,"""Dover Township"" Pennsylvania wind height_limit",
533,compiled_flagged,nrel:wind:4200120792,PA,East Berlin Borough,Municipality,renewables_only,wind,unknown,3,,,,,"""East Berlin Borough"" Pennsylvania wind height_limit",
534,compiled_flagged,nrel:wind:4212520808,PA,East Bethlehem Township,Municipality,renewables_only,wind,unknown,3,,,,,"""East Bethlehem Township"" Pennsylvania wind height_limit",
535,compiled_flagged,nrel:wind:4204321208,PA,East Hanover Township,Municipality,renewables_only,wind,unknown,3,,,,,"""East Hanover Township"" Pennsylvania wind height_limit",
536,compiled_flagged,nrel:wind:4202921696,PA,East Pikeland Township,Municipality,renewables_only,wind,unknown,3,,,,,"""East Pikeland Township"" Pennsylvania wind setback",values conflict with sabin:S26R-5557
537,compiled_flagged,nrel:wind:4210721952,PA,East Union Township,Municipality,renewables_only,wind,unknown,3,,,,,"""East Union Township"" Pennsylvania wind setback",values conflict with sabin:S26R-5540
538,compiled_flagged,nrel:wind:4212522016,PA,East Washington Borough,Municipality,renewables_only,wind,unknown,3,,,,,"""East Washington Borough"" Pennsylvania wind height_limit",
539,compiled_flagged,nrel:wind:4207123840,PA,Ephrata Township,Municipality,renewables_only,wind,unknown,3,,,,,"""Ephrata Township"" Pennsylvania wind height_limit",
540,compiled_flagged,nrel:wind:4207924392,PA,Exeter Borough,Municipality,renewables_only,wind,unknown,3,,,,,"""Exeter Borough"" Pennsylvania wind setback",
541,compiled_flagged,nrel:wind:4208124592,PA,Fairfield Township,Municipality,renewables_only,wind,unknown,3,,,,,"""Fairfield Township"" Pennsylvania wind setback",
542,compiled_flagged,nrel:wind:4213324936,PA,Fairview Township,Municipality,renewables_only,wind,unknown,3,,,,,"""Fairview Township"" Pennsylvania wind setback",
543,compiled_flagged,nrel:solar:4207926928,PA,Foster Township,Municipality,renewables_only,solar,unknown,3,,,,,"""Foster Township"" Pennsylvania solar setback",
544,compiled_flagged,nrel:wind:4207926928,PA,Foster Township,Municipality,renewables_only,wind,unknown,3,,,,,"""Foster Township"" Pennsylvania wind height_limit",
545,compiled_flagged,nrel:wind:4205530944,PA,Greene Township,Municipality,renewables_only,wind,unknown,3,,,,,"""Greene Township"" Pennsylvania wind height_limit",
546,compiled_flagged,nrel:wind:4205930952,PA,Greene Township,Municipality,renewables_only,wind,unknown,3,,,,,"""Greene Township"" Pennsylvania wind height_limit",
547,compiled_flagged,nrel:wind:4202731992,PA,Halfmoon Township,Municipality,renewables_only,wind,unknown,3,,,,,"""Halfmoon Township"" Pennsylvania wind setback",values conflict with sabin:S26R-5564
548,compiled_flagged,nrel:solar:4207932416,PA,Hanover Township,Municipality,renewables_only,solar,unknown,3,,,,,"""Hanover Township"" Pennsylvania solar setback",
549,compiled_flagged,nrel:wind:4207932416,PA,Hanover Township,Municipality,renewables_only,wind,unknown,3,,,,,"""Hanover Township"" Pennsylvania wind height_limit",values conflict with sabin:S26R-5583
550,compiled_flagged,nrel:wind:4204932520,PA,Harborcreek Township,Municipality,renewables_only,wind,unknown,3,,,,,"""Harborcreek Township"" Pennsylvania wind setback",
551,compiled_flagged,nrel:wind:4207933000,PA,Harveys Lake Borough,Municipality,renewables_only,wind,unknown,3,,,,,"""Harveys Lake Borough"" Pennsylvania wind setback",
552,compiled_flagged,nrel:wind:4201733224,PA,Haycock Township,Municipality,renewables_only,wind,unknown,3,,,,,"""Haycock Township"" Pennsylvania wind height_limit",
553,compiled_flagged,nrel:solar:4207933376,PA,Hazle Township,Municipality,renewables_only,solar,unknown,3,,,,,"""Hazle Township"" Pennsylvania solar setback",
554,compiled_flagged,nrel:wind:4207933408,PA,Hazleton City,Municipality,renewables_only,wind,unknown,3,,,,,"""Hazleton City"" Pennsylvania wind setback",
555,compiled_flagged,nrel:wind:4207537392,PA,Jackson Township,Municipality,renewables_only,wind,unknown,3,,,,,"""Jackson Township"" Pennsylvania wind height_limit",values conflict with sabin:S26R-5566
556,compiled_flagged,nrel:wind:4206938160,PA,Jessup Borough,Municipality,renewables_only,wind,unknown,3,,,,,"""Jessup Borough"" Pennsylvania wind height_limit",
557,compiled_flagged,nrel:wind:4204942208,PA,LeBoeuf Township,Municipality,renewables_only,wind,unknown,3,,,,,"""LeBoeuf Township"" Pennsylvania wind setback",
558,compiled_flagged,nrel:wind:4207542168,PA,Lebanon City,Municipality,renewables_only,wind,unknown,3,,,,,"""Lebanon City"" Pennsylvania wind height_limit",
559,compiled_flagged,nrel:wind:4207942504,PA,Lehman Township,Municipality,renewables_only,wind,unknown,3,,,,,"""Lehman Township"" Pennsylvania wind setback",
560,compiled_flagged,nrel:wind:4212943232,PA,Ligonier Borough,Municipality,renewables_only,wind,unknown,3,,,,,"""Ligonier Borough"" Pennsylvania wind height_limit",
561,compiled_flagged,nrel:wind:4207143816,PA,Lititz Borough,Municipality,renewables_only,wind,unknown,3,,,,,"""Lititz Borough"" Pennsylvania wind height_limit",
562,compiled_flagged,nrel:wind:4204344464,PA,Londonderry Township,Municipality,renewables_only,wind,unknown,3,,,,,"""Londonderry Township"" Pennsylvania wind height_limit",values conflict with sabin:S26R-5554
563,compiled_flagged,nrel:wind:4213344872,PA,Lower Chanceford Township,Municipality,renewables_only,wind,unknown,3,,,,,"""Lower Chanceford Township"" Pennsylvania wind height_limit",
564,compiled_flagged,nrel:wind:4208145224,PA,Loyalsock Township,Municipality,renewables_only,wind,unknown,3,,,,,"""Loyalsock Township"" Pennsylvania wind setback",
565,compiled_flagged,nrel:wind:4201148128,PA,Maxatawny Township,Municipality,renewables_only,wind,unknown,3,,,,,"""Maxatawny Township"" Pennsylvania wind setback",
566,compiled_flagged,nrel:wind:4204946224,PA,McKean Township,Municipality,renewables_only,wind,unknown,3,,,,,"""McKean Township"" Pennsylvania wind height_limit",
567,compiled_flagged,nrel:wind:4203948360,PA,Meadville City,Municipality,renewables_only,wind,unknown,3,,,,,"""Meadville City"" Pennsylvania wind height_limit",
568,compiled_flagged,nrel:wind:4204148376,PA,Mechanicsburg Borough,Municipality,renewables_only,wind,unknown,3,,,,,"""Mechanicsburg Borough"" Pennsylvania wind height_limit",
569,compiled_flagged,nrel:wind:4204949548,PA,Millcreek Township,Municipality,renewables_only,wind,unknown,3,,,,,"""Millcreek Township"" Pennsylvania wind height_limit",
570,compiled_flagged,nrel:wind:4213350328,PA,Monaghan Township,Municipality,renewables_only,wind,unknown,3,,,,,"""Monaghan Township"" Pennsylvania wind height_limit",
571,compiled_flagged,nrel:wind:4200350528,PA,Monroeville Municipality,Municipality,renewables_only,wind,unknown,3,,,,,"""Monroeville Municipality"" Pennsylvania wind noise_limit",values conflict with sabin:S26R-5588
572,compiled_flagged,nrel:wind:4202953816,PA,New London Township,Municipality,renewables_only,wind,unknown,3,,,,,"""New London Township"" Pennsylvania wind height_limit",
573,compiled_flagged,nrel:wind:4206954136,PA,Newton Township,Municipality,renewables_only,wind,unknown,3,,,,,"""Newton Township"" Pennsylvania wind height_limit",NREL sample: Maximum Height contradicts; NREL sample: Property Line (Non-Participating) contradicts; NREL sample: Structures (Non-Participating) contradicts
574,compiled_flagged,nrel:wind:4201754688,PA,Northampton Township,Municipality,renewables_only,wind,unknown,3,,,,,"""Northampton Township"" Pennsylvania wind setback",values conflict with sabin:S26R-5569
575,compiled_flagged,nrel:wind:4209557672,PA,Palmer Township,Municipality,renewables_only,wind,unknown,3,,,,,"""Palmer Township"" Pennsylvania wind height_limit",
576,compiled_flagged,nrel:wind:4212757736,PA,Palmyra Township,Municipality,renewables_only,wind,unknown,3,,,,,"""Palmyra Township"" Pennsylvania wind height_limit",
577,compiled_flagged,nrel:wind:4202558968,PA,Penn Forest Township,Municipality,renewables_only,wind,unknown,3,,,,,"""Penn Forest Township"" Pennsylvania wind height_limit",
578,compiled_flagged,nrel:wind:4204158824,PA,Penn Township,Municipality,renewables_only,wind,unknown,3,,,,,"""Penn Township"" Pennsylvania wind setback",
579,compiled_flagged,nrel:wind:4207961056,PA,Pittston Township,Municipality,renewables_only,wind,unknown,3,,,,,"""Pittston Township"" Pennsylvania wind setback",
580,compiled_flagged,nrel:wind:4209561088,PA,Plainfield Township,Municipality,renewables_only,wind,unknown,3,,,,,"""Plainfield Township"" Pennsylvania wind height_limit",
581,compiled_flagged,nrel:wind:4207961120,PA,Plains Township,Municipality,renewables_only,wind,unknown,3,,,,,"""Plains Township"" Pennsylvania wind height_limit",
582,compiled_flagged,nrel:wind:4212767488,PA,Salem Township,Municipality,renewables_only,wind,unknown,3,,,,,"""Salem Township"" Pennsylvania wind setback",
583,compiled_flagged,nrel:wind:4208167616,PA,Salladasburg Borough,Municipality,renewables_only,wind,unknown,3,,,,,"""Salladasburg Borough"" Pennsylvania wind setback",
584,compiled_flagged,nrel:wind:4203367792,PA,Sandy Township,Municipality,renewables_only,wind,unknown,3,,,,,"""Sandy Township"" Pennsylvania wind setback",
585,compiled_flagged,nrel:wind:4213370576,PA,Shrewsbury Township,Municipality,renewables_only,wind,unknown,3,,,,,"""Shrewsbury Township"" Pennsylvania wind setback",
586,compiled_flagged,nrel:wind:4204170792,PA,Silver Spring Township,Municipality,renewables_only,wind,unknown,3,,,,,"""Silver Spring Township"" Pennsylvania wind setback",
587,compiled_flagged,nrel:wind:4200372160,PA,South Fayette Township,Municipality,renewables_only,wind,unknown,3,,,,,"""South Fayette Township"" Pennsylvania wind height_limit",values conflict with sabin:S26R-5589
588,compiled_flagged,nrel:solar:4212972256,PA,South Huntingdon Township,Municipality,renewables_only,solar,unknown,3,,,,,"""South Huntingdon Township"" Pennsylvania solar setback",
589,compiled_flagged,nrel:wind:4213372992,PA,Springettsbury Township,Municipality,renewables_only,wind,unknown,3,,,,,"""Springettsbury Township"" Pennsylvania wind setback",
590,compiled_flagged,nrel:solar:4207975832,PA,Swoyersville Borough,Municipality,renewables_only,solar,unknown,3,,,,,"""Swoyersville Borough"" Pennsylvania solar setback",
591,compiled_flagged,nrel:wind:4206976184,PA,Taylor Borough,Municipality,renewables_only,wind,unknown,3,,,,,"""Taylor Borough"" Pennsylvania wind setback",
592,compiled_flagged,nrel:wind:4201177104,PA,Topton Borough,Municipality,renewables_only,wind,unknown,3,,,,,"""Topton Borough"" Pennsylvania wind setback",
593,compiled_flagged,nrel:wind:4209177304,PA,Trappe Borough,Municipality,renewables_only,wind,unknown,3,,,,,"""Trappe Borough"" Pennsylvania wind setback",
594,compiled_flagged,nrel:wind:4209977960,PA,Tuscarora Township,Municipality,renewables_only,wind,unknown,3,,,,,"""Tuscarora Township"" Pennsylvania wind height_limit",values conflict with sabin:S26R-5541
595,compiled_flagged,nrel:solar:4212578432,PA,Union Township,Municipality,renewables_only,solar,unknown,3,,,,,"""Union Township"" Pennsylvania solar setback",
596,compiled_flagged,nrel:wind:4204978312,PA,Union Township,Municipality,renewables_only,wind,unknown,3,,,,,"""Union Township"" Pennsylvania wind setback",values conflict with sabin:S26R-5576
597,compiled_flagged,nrel:wind:4212978656,PA,Unity Township,Municipality,renewables_only,wind,unknown,3,,,,,"""Unity Township"" Pennsylvania wind height_limit",
598,compiled_flagged,nrel:wind:4209179008,PA,Upper Dublin Township,Municipality,renewables_only,wind,unknown,3,,,,,"""Upper Dublin Township"" Pennsylvania wind height_limit",
599,compiled_flagged,nrel:wind:4208179024,PA,Upper Fairfield Township,Municipality,renewables_only,wind,unknown,3,,,,,"""Upper Fairfield Township"" Pennsylvania wind setback",
600,compiled_flagged,nrel:wind:4207179080,PA,Upper Leacock Township,Municipality,renewables_only,wind,unknown,3,,,,,"""Upper Leacock Township"" Pennsylvania wind height_limit",
601,compiled_flagged,nrel:wind:4202179360,PA,Upper Yoder Township,Municipality,renewables_only,wind,unknown,3,,,,,"""Upper Yoder Township"" Pennsylvania wind setback",values conflict with sabin:S26R-5568
602,compiled_flagged,nrel:wind:4210780576,PA,Walker Township,Municipality,renewables_only,wind,unknown,3,,,,,"""Walker Township"" Pennsylvania wind setback",
603,compiled_flagged,nrel:wind:4201780952,PA,Warminster Township,Municipality,renewables_only,wind,unknown,3,,,,,"""Warminster Township"" Pennsylvania wind height_limit",values conflict with sabin:S26R-5571
604,compiled_flagged,nrel:wind:4201781048,PA,Warrington Township,Municipality,renewables_only,wind,unknown,3,,,,,"""Warrington Township"" Pennsylvania wind setback",values conflict with sabin:S26R-5570
605,compiled_flagged,nrel:wind:4206181104,PA,Warriors Mark Township,Municipality,renewables_only,wind,unknown,3,,,,,"""Warriors Mark Township"" Pennsylvania wind setback",
606,compiled_flagged,nrel:wind:4212581328,PA,Washington City,Municipality,renewables_only,wind,unknown,3,,,,,"""Washington City"" Pennsylvania wind height_limit",
607,compiled_flagged,nrel:wind:4208181288,PA,Washington Township,Municipality,renewables_only,wind,unknown,3,,,,,"""Washington Township"" Pennsylvania wind height_limit",NREL sample: Maximum Height contradicts; NREL sample: Prohibitions contradicts
608,compiled_flagged,nrel:wind:4210783792,PA,West Penn Township,Municipality,renewables_only,wind,unknown,3,,,,,"""West Penn Township"" Pennsylvania wind height_limit",values conflict with sabin:S26R-5539
609,compiled_flagged,nrel:wind:4202983968,PA,West Sadsbury Township,Municipality,renewables_only,wind,unknown,3,,,,,"""West Sadsbury Township"" Pennsylvania wind height_limit",values conflict with sabin:S26R-5559
610,compiled_flagged,nrel:wind:4205184344,PA,Wharton Township,Municipality,renewables_only,wind,unknown,3,,,,,"""Wharton Township"" Pennsylvania wind height_limit",
611,compiled_flagged,nrel:wind:4207984552,PA,White Haven Borough,Municipality,renewables_only,wind,unknown,3,,,,,"""White Haven Borough"" Pennsylvania wind height_limit",
612,compiled_flagged,nrel:wind:4400536820,RI,Jamestown Town,Municipality,renewables_only,wind,unknown,3,,,,,"""Jamestown Town"" Rhode Island wind height_limit",
613,compiled_flagged,nrel:wind:4400545460,RI,Middletown Town,Municipality,renewables_only,wind,unknown,3,,,,,"""Middletown Town"" Rhode Island wind height_limit",
614,compiled_flagged,nrel:wind:4400950500,RI,New Shoreham Town,Municipality,renewables_only,wind,unknown,3,,,,,"""New Shoreham Town"" Rhode Island wind height_limit",
615,compiled_flagged,nrel:wind:45021,SC,Cherokee County,County,renewables_only,wind,unknown,3,,,,,"""Cherokee County"" South Carolina wind height_limit",
616,compiled_flagged,nrel:wind:45039,SC,Fairfield County,County,renewables_only,wind,unknown,3,,,,,"""Fairfield County"" South Carolina wind height_limit",
617,compiled_flagged,nrel:wind:46045,SD,Edmunds County,County,renewables_only,wind,unknown,3,,,,,"""Edmunds County"" South Dakota wind setback",values conflict with sabin:S26R-5525
618,compiled_flagged,nrel:wind:46069,SD,Hyde County,County,renewables_only,wind,unknown,3,,,,,"""Hyde County"" South Dakota wind setback",
619,compiled_flagged,nrel:wind:46091,SD,Marshall County,County,renewables_only,wind,unknown,3,,,,,"""Marshall County"" South Dakota wind height_limit",
620,compiled_flagged,nrel:wind:46093,SD,Meade County,County,renewables_only,wind,unknown,3,,,,,"""Meade County"" South Dakota wind setback",
621,compiled_flagged,nrel:wind:46103,SD,Pennington County,County,renewables_only,wind,unknown,3,,,,,"""Pennington County"" South Dakota wind setback",values conflict with mn:sd-pennington-county-2024
622,compiled_flagged,nrel:wind:46119,SD,Sully County,County,renewables_only,wind,unknown,3,,,,,"""Sully County"" South Dakota wind setback",values conflict with sabin:S26R-5520
623,compiled_flagged,nrel:wind:47035,TN,Cumberland County,County,renewables_only,wind,unknown,3,,,,,"""Cumberland County"" Tennessee wind setback",
624,compiled_flagged,nrel:wind:47173,TN,Union County,County,renewables_only,wind,unknown,3,,,,,"""Union County"" Tennessee wind setback",
625,compiled_flagged,nrel:wind:4849790445,TX,Bridgeport City,Municipality,renewables_only,wind,unknown,3,,,,,"""Bridgeport City"" Texas wind height_limit",values conflict with sabin:S26R-5484
626,compiled_flagged,nrel:wind:4806190480,TX,Brownsville City,Municipality,renewables_only,wind,unknown,3,,,,,"""Brownsville City"" Texas wind height_limit",values conflict with sabin:REC-0421
627,compiled_flagged,nrel:wind:4825190750,TX,Cleburne City,Municipality,renewables_only,wind,unknown,3,,,,,"""Cleburne City"" Texas wind height_limit",
628,compiled_flagged,nrel:wind:4836991410,TX,Friona City,Municipality,renewables_only,wind,unknown,3,,,,,"""Friona City"" Texas wind height_limit",values conflict with sabin:S26R-5493
629,compiled_flagged,nrel:wind:4825191625,TX,Grandview City,Municipality,renewables_only,wind,unknown,3,,,,,"""Grandview City"" Texas wind height_limit",
630,compiled_flagged,nrel:wind:4808592360,TX,McKinney City,Municipality,renewables_only,wind,unknown,3,,,,,"""McKinney City"" Texas wind height_limit",values conflict with sabin:REC-0427
631,compiled_flagged,nrel:wind:4813992570,TX,Midlothian City,Municipality,renewables_only,wind,unknown,3,,,,,"""Midlothian City"" Texas wind height_limit",values conflict with sabin:REC-0428
632,compiled_flagged,nrel:wind:4800793295,TX,Rockport City,Municipality,renewables_only,wind,unknown,3,,,,,"""Rockport City"" Texas wind height_limit",
633,compiled_flagged,nrel:wind:49003,UT,Box Elder County,County,renewables_only,wind,unknown,3,,,,,"""Box Elder County"" Utah wind height_limit",
634,compiled_flagged,nrel:wind:49009,UT,Daggett County,County,renewables_only,wind,unknown,3,,,,,"""Daggett County"" Utah wind height_limit",
635,compiled_flagged,nrel:solar:49045,UT,Tooele County,County,renewables_only,solar,unknown,3,,,,,"""Tooele County"" Utah solar setback",
636,compiled_flagged,nrel:wind:49045,UT,Tooele County,County,renewables_only,wind,unknown,3,,,,,"""Tooele County"" Utah wind setback",
637,compiled_flagged,nrel:wind:49049,UT,Utah County,County,renewables_only,wind,unknown,3,,,,,"""Utah County"" Utah wind height_limit",values conflict with sabin:S26R-5480
638,compiled_flagged,nrel:wind:49057,UT,Weber County,County,renewables_only,wind,unknown,3,,,,,"""Weber County"" Utah wind height_limit",values conflict with sabin:S26R-5479
639,compiled_flagged,nrel:solar:51007,VA,Amelia County,County,renewables_only,solar,unknown,3,,,,,"""Amelia County"" Virginia solar setback",values conflict with sabin:S26R-5472
640,compiled_flagged,nrel:wind:51023,VA,Botetourt County,County,renewables_only,wind,unknown,3,,,,,"""Botetourt County"" Virginia wind height_limit",
641,compiled_flagged,nrel:wind:51087,VA,Henrico County,County,renewables_only,wind,unknown,3,,,,,"""Henrico County"" Virginia wind height_limit",values conflict with sabin:S26R-5456
642,compiled_flagged,nrel:solar:51135,VA,Nottoway County,County,renewables_only,solar,unknown,3,,,,,"""Nottoway County"" Virginia solar setback",values conflict with sabin:S26R-5446
643,compiled_flagged,nrel:wind:51770,VA,Roanoke City,Municipality,renewables_only,wind,unknown,3,,,,,"""Roanoke City"" Virginia wind height_limit",values conflict with sabin:S26R-5436
644,compiled_flagged,nrel:wind:51165,VA,Rockingham County,County,renewables_only,wind,unknown,3,,,,,"""Rockingham County"" Virginia wind height_limit",
645,compiled_flagged,nrel:wind:51171,VA,Shenandoah County,County,renewables_only,wind,unknown,3,,,,,"""Shenandoah County"" Virginia wind height_limit",
646,compiled_flagged,nrel:wind:51173,VA,Smyth County,County,renewables_only,wind,unknown,3,,,,,"""Smyth County"" Virginia wind height_limit",values conflict with sabin:S26R-5440
647,compiled_flagged,nrel:solar:51193,VA,Westmoreland County,County,renewables_only,solar,unknown,3,,,,,"""Westmoreland County"" Virginia solar setback",
648,compiled_flagged,nrel:wind:5000100325,VT,Addison Town,Municipality,renewables_only,wind,unknown,3,,,,,"""Addison Town"" Vermont wind height_limit",
649,compiled_flagged,nrel:wind:5002303175,VT,Barre City,Municipality,renewables_only,wind,unknown,3,,,,,"""Barre City"" Vermont wind height_limit",
650,compiled_flagged,nrel:wind:5002305650,VT,Berlin Town,Municipality,renewables_only,wind,unknown,3,,,,,"""Berlin Town"" Vermont wind height_limit",
651,compiled_flagged,nrel:wind:5000911800,VT,Canaan Town,Municipality,renewables_only,wind,unknown,3,,,,,"""Canaan Town"" Vermont wind height_limit",
652,compiled_flagged,nrel:wind:5001329275,VT,Grand Isle Town,Municipality,renewables_only,wind,unknown,3,,,,,"""Grand Isle Town"" Vermont wind height_limit",
653,compiled_flagged,nrel:wind:5001133025,VT,Highgate Town,Municipality,renewables_only,wind,unknown,3,,,,,"""Highgate Town"" Vermont wind height_limit",
654,compiled_flagged,nrel:wind:5002540225,VT,Londonderry Town,Municipality,renewables_only,wind,unknown,3,,,,,"""Londonderry Town"" Vermont wind height_limit",
655,compiled_flagged,nrel:wind:5002346000,VT,Montpelier City,Municipality,renewables_only,wind,unknown,3,,,,,"""Montpelier City"" Vermont wind height_limit",
656,compiled_flagged,nrel:wind:5002346225,VT,Moretown Town,Municipality,renewables_only,wind,unknown,3,,,,,"""Moretown Town"" Vermont wind height_limit",
657,compiled_flagged,nrel:wind:5000153950,VT,Panton Town,Municipality,renewables_only,wind,unknown,3,,,,,"""Panton Town"" Vermont wind setback",
658,compiled_flagged,nrel:wind:5002157250,VT,Proctor Town,Municipality,renewables_only,wind,unknown,3,,,,,"""Proctor Town"" Vermont wind height_limit",
659,compiled_flagged,nrel:wind:5001164600,VT,Sheldon Town,Municipality,renewables_only,wind,unknown,3,,,,,"""Sheldon Town"" Vermont wind height_limit",
660,compiled_flagged,nrel:wind:5001770675,VT,Strafford Town,Municipality,renewables_only,wind,unknown,3,,,,,"""Strafford Town"" Vermont wind height_limit",
661,compiled_flagged,nrel:wind:5002376525,VT,Warren Town,Municipality,renewables_only,wind,unknown,3,,,,,"""Warren Town"" Vermont wind height_limit",
662,compiled_flagged,nrel:wind:5002584700,VT,Wilmington Town,Municipality,renewables_only,wind,unknown,3,,,,,"""Wilmington Town"" Vermont wind height_limit",
663,compiled_flagged,nrel:wind:53005,WA,Benton County,County,renewables_only,wind,unknown,3,,,,,"""Benton County"" Washington wind height_limit",
664,compiled_flagged,nrel:wind:53037,WA,Kittitas County,County,renewables_only,wind,unknown,3,,,,,"""Kittitas County"" Washington wind setback",
665,compiled_flagged,nrel:wind:53049,WA,Pacific County,County,renewables_only,wind,unknown,3,,,,,"""Pacific County"" Washington wind height_limit",values conflict with sabin:S26R-5429
666,compiled_flagged,nrel:wind:55009,WI,Brown County,County,renewables_only,wind,unknown,3,,,,,"""Brown County"" Wisconsin wind setback",
667,compiled_flagged,nrel:wind:55093,WI,Pierce County,County,renewables_only,wind,unknown,3,,,,,"""Pierce County"" Wisconsin wind height_limit",
668,compiled_flagged,nrel:wind:55111,WI,Sauk County,County,renewables_only,wind,unknown,3,,,,,"""Sauk County"" Wisconsin wind noise_limit",
669,compiled_flagged,nrel:wind:55113,WI,Sawyer County,County,renewables_only,wind,unknown,3,,,,,"""Sawyer County"" Wisconsin wind height_limit",values conflict with sabin:S26R-5409
670,compiled_flagged,nrel:wind:55121,WI,Trempealeau County,County,renewables_only,wind,unknown,3,,,,,"""Trempealeau County"" Wisconsin wind setback",values conflict with sabin:S26R-5407
671,compiled_flagged,nrel:wind:54025,WV,Greenbrier County,County,renewables_only,wind,unknown,3,,,,,"""Greenbrier County"" West Virginia wind height_limit",
672,compiled_flagged,nrel:wind:56009,WY,Converse County,County,renewables_only,wind,unknown,3,,,,,"""Converse County"" Wyoming wind setback",
673,compiled_flagged,nrel:wind:56013,WY,Fremont County,County,renewables_only,wind,unknown,3,,,,,"""Fremont County"" Wyoming wind setback",values conflict with sabin:S26R-5404
674,compiled_flagged,nrel:solar:56015,WY,Goshen County,County,renewables_only,solar,unknown,3,,,,,"""Goshen County"" Wyoming solar setback",
675,compiled_flagged,nrel:wind:56015,WY,Goshen County,County,renewables_only,wind,unknown,3,,,,,"""Goshen County"" Wyoming wind setback",values conflict with sabin:S26R-5403
676,compiled_flagged,nrel:wind:56033,WY,Sheridan County,County,renewables_only,wind,unknown,3,,,,,"""Sheridan County"" Wyoming wind setback",
677,compiled_flagged,nrel:solar:56037,WY,Sweetwater County,County,renewables_only,solar,unknown,3,,,,,"""Sweetwater County"" Wyoming solar setback",
678,compiled_flagged,nrel:wind:56041,WY,Uinta County,County,renewables_only,wind,unknown,3,,,,,"""Uinta County"" Wyoming wind setback",values conflict with sabin:S26R-5400
679,compiled_flagged,mn:me-palermo-undated,ME,Palermo,Town,renewables_only,battery_storage,pending,2,,,,,"""Palermo"" Maine battery storage moratorium",
680,compiled_flagged,mn:or-crook-county-undated,OR,Crook County,County,renewables_only,solar,pending,2,,,"Board of County Commissioners motion (2-1 vote, reported ~2026-06-30) directing staff to hold public meetings and prepare moratorium documents; no ordinance number exists because a moratorium had not been adopted as of this pass.",,"""Crook County"" Oregon solar moratorium",
681,compiled_flagged,nrel:solar:04001,AZ,Apache County,County,renewables_only,solar,unknown,2,,,,,"""Apache County"" Arizona solar zoning_restriction",values conflict with sabin:S26R-6258
682,compiled_flagged,nrel:wind:04001,AZ,Apache County,County,renewables_only,wind,unknown,2,,,,,"""Apache County"" Arizona wind setback",values conflict with sabin:S26R-6258
683,compiled_flagged,nrel:solar:04003,AZ,Cochise County,County,renewables_only,solar,unknown,2,,,,,"""Cochise County"" Arizona solar height_limit",
684,compiled_flagged,nrel:wind:04003,AZ,Cochise County,County,renewables_only,wind,unknown,2,,,,,"""Cochise County"" Arizona wind setback",
685,compiled_flagged,nrel:solar:04015,AZ,Mohave County,County,renewables_only,solar,unknown,2,,,,,"""Mohave County"" Arizona solar setback",values conflict with sabin:REC-0010
686,compiled_flagged,nrel:wind:04015,AZ,Mohave County,County,renewables_only,wind,unknown,2,,,,,"""Mohave County"" Arizona wind setback",
687,compiled_flagged,nrel:solar:04017,AZ,Navajo County,County,renewables_only,solar,unknown,2,,,,,"""Navajo County"" Arizona solar zoning_restriction",values conflict with sabin:S26R-6256
688,compiled_flagged,nrel:solar:04025,AZ,Yavapai County,County,renewables_only,solar,unknown,2,,,,,"""Yavapai County"" Arizona solar height_limit",values conflict with sabin:S26R-6254
689,compiled_flagged,nrel:solar:06007,CA,Butte County,County,renewables_only,solar,unknown,2,,,,,"""Butte County"" California solar setback",
690,compiled_flagged,nrel:wind:06007,CA,Butte County,County,renewables_only,wind,unknown,2,,,,,"""Butte County"" California wind setback",values conflict with sabin:S26R-6251
691,compiled_flagged,nrel:solar:06009,CA,Calaveras County,County,renewables_only,solar,unknown,2,,,,,"""Calaveras County"" California solar height_limit",
692,compiled_flagged,nrel:wind:06011,CA,Colusa County,County,renewables_only,wind,unknown,2,,,,,"""Colusa County"" California wind noise_limit",
693,compiled_flagged,nrel:solar:06013,CA,Contra Costa County,County,renewables_only,solar,unknown,2,,,,,"""Contra Costa County"" California solar height_limit",
694,compiled_flagged,nrel:solar:06021,CA,Glenn County,County,renewables_only,solar,unknown,2,,,,,"""Glenn County"" California solar setback",values conflict with sabin:S26R-6247
695,compiled_flagged,nrel:wind:06021,CA,Glenn County,County,renewables_only,wind,unknown,2,,,,,"""Glenn County"" California wind setback",
696,compiled_flagged,nrel:wind:06041,CA,Marin County,County,renewables_only,wind,unknown,2,,,,,"""Marin County"" California wind zoning_restriction",
697,compiled_flagged,nrel:wind:06047,CA,Merced County,County,renewables_only,wind,unknown,2,,,,,"""Merced County"" California wind zoning_restriction",values conflict with sabin:S26R-6244
698,compiled_flagged,nrel:solar:06055,CA,Napa County,County,renewables_only,solar,unknown,2,,,,,"""Napa County"" California solar height_limit",
699,compiled_flagged,nrel:solar:06065,CA,Riverside County,County,renewables_only,solar,unknown,2,,,,,"""Riverside County"" California solar setback",
700,compiled_flagged,nrel:solar:06069,CA,San Benito County,County,renewables_only,solar,unknown,2,,,,,"""San Benito County"" California solar height_limit",
701,compiled_flagged,nrel:solar:06071,CA,San Bernardino County,County,renewables_only,solar,unknown,2,,,,,"""San Bernardino County"" California solar setback",values conflict with sabin:REC-0021
702,compiled_flagged,nrel:solar:06073,CA,San Diego County,County,renewables_only,solar,unknown,2,,,,,"""San Diego County"" California solar setback",
703,compiled_flagged,nrel:wind:06083,CA,Santa Barbara County,County,renewables_only,wind,unknown,2,,,,,"""Santa Barbara County"" California wind setback",
704,compiled_flagged,nrel:solar:06097,CA,Sonoma County,County,renewables_only,solar,unknown,2,,,,,"""Sonoma County"" California solar zoning_restriction",
705,compiled_flagged,nrel:wind:06103,CA,Tehama County,County,renewables_only,wind,unknown,2,,,,,"""Tehama County"" California wind setback",values conflict with sabin:S26R-6239
706,compiled_flagged,nrel:solar:06109,CA,Tuolumne County,County,renewables_only,solar,unknown,2,,,,,"""Tuolumne County"" California solar height_limit",
707,compiled_flagged,nrel:solar:06113,CA,Yolo County,County,renewables_only,solar,unknown,2,,,,,"""Yolo County"" California solar setback",values conflict with sabin:S26R-6238
708,compiled_flagged,nrel:wind:08017,CO,Cheyenne County,County,renewables_only,wind,unknown,2,,,,,"""Cheyenne County"" Colorado wind setback",
709,compiled_flagged,nrel:solar:08019,CO,Clear Creek County,County,renewables_only,solar,unknown,2,,,,,"""Clear Creek County"" Colorado solar setback",
710,compiled_flagged,nrel:wind:08019,CO,Clear Creek County,County,renewables_only,wind,unknown,2,,,,,"""Clear Creek County"" Colorado wind setback",
711,compiled_flagged,nrel:wind:08033,CO,Dolores County,County,renewables_only,wind,unknown,2,,,,,"""Dolores County"" Colorado wind size_cap",values conflict with sabin:S26R-6233
712,compiled_flagged,nrel:solar:08037,CO,Eagle County,County,renewables_only,solar,unknown,2,,,,,"""Eagle County"" Colorado solar height_limit",
713,compiled_flagged,nrel:solar:08041,CO,El Paso County,County,renewables_only,solar,unknown,2,,,,,"""El Paso County"" Colorado solar setback",
714,compiled_flagged,nrel:wind:08041,CO,El Paso County,County,renewables_only,wind,unknown,2,,,,,"""El Paso County"" Colorado wind setback",
715,compiled_flagged,nrel:wind:08061,CO,Kiowa County,County,renewables_only,wind,unknown,2,,,,,"""Kiowa County"" Colorado wind setback",
716,compiled_flagged,nrel:wind:08063,CO,Kit Carson County,County,renewables_only,wind,unknown,2,,,,,"""Kit Carson County"" Colorado wind setback",
717,compiled_flagged,nrel:solar:08065,CO,Lake County,County,renewables_only,solar,unknown,2,,,,,"""Lake County"" Colorado solar height_limit",
718,compiled_flagged,nrel:wind:08071,CO,Las Animas County,County,renewables_only,wind,unknown,2,,,,,"""Las Animas County"" Colorado wind setback",
719,compiled_flagged,nrel:wind:08073,CO,Lincoln County,County,renewables_only,wind,unknown,2,,,,,"""Lincoln County"" Colorado wind setback",
720,compiled_flagged,nrel:solar:08075,CO,Logan County,County,renewables_only,solar,unknown,2,,,,,"""Logan County"" Colorado solar setback",
721,compiled_flagged,nrel:wind:08075,CO,Logan County,County,renewables_only,wind,unknown,2,,,,,"""Logan County"" Colorado wind setback",
722,compiled_flagged,nrel:wind:08083,CO,Montezuma County,County,renewables_only,wind,unknown,2,,,,,"""Montezuma County"" Colorado wind zoning_restriction",
723,compiled_flagged,nrel:solar:08087,CO,Morgan County,County,renewables_only,solar,unknown,2,,,,,"""Morgan County"" Colorado solar height_limit",values conflict with sabin:S26R-6226
724,compiled_flagged,nrel:wind:08087,CO,Morgan County,County,renewables_only,wind,unknown,2,,,,,"""Morgan County"" Colorado wind setback",
725,compiled_flagged,nrel:wind:08095,CO,Phillips County,County,renewables_only,wind,unknown,2,,,,,"""Phillips County"" Colorado wind setback",
726,compiled_flagged,nrel:solar:08101,CO,Pueblo County,County,renewables_only,solar,unknown,2,,,,,"""Pueblo County"" Colorado solar height_limit",
727,compiled_flagged,nrel:wind:08101,CO,Pueblo County,County,renewables_only,wind,unknown,2,,,,,"""Pueblo County"" Colorado wind setback",
728,compiled_flagged,nrel:solar:08107,CO,Routt County,County,renewables_only,solar,unknown,2,,,,,"""Routt County"" Colorado solar height_limit",
729,compiled_flagged,nrel:solar:08113,CO,San Miguel County,County,renewables_only,solar,unknown,2,,,,,"""San Miguel County"" Colorado solar setback",values conflict with sabin:REC-0034
730,compiled_flagged,nrel:wind:08113,CO,San Miguel County,County,renewables_only,wind,unknown,2,,,,,"""San Miguel County"" Colorado wind setback",
731,compiled_flagged,nrel:wind:08115,CO,Sedgwick County,County,renewables_only,wind,unknown,2,,,,,"""Sedgwick County"" Colorado wind setback",
732,compiled_flagged,nrel:solar:08123,CO,Weld County,County,renewables_only,solar,unknown,2,,,,,"""Weld County"" Colorado solar height_limit",values conflict with sabin:S26R-6219
733,compiled_flagged,nrel:wind:0916016050,CT,Colebrook Town,Municipality,renewables_only,wind,unknown,2,,,,,"""Colebrook Town"" Connecticut wind setback",
734,compiled_flagged,nrel:wind:0913022280,CT,East Haddam Town,Municipality,renewables_only,wind,unknown,2,,,,,"""East Haddam Town"" Connecticut wind setback",
735,compiled_flagged,nrel:solar:0918042600,CT,Ledyard Town,Municipality,renewables_only,solar,unknown,2,,,,,"""Ledyard Town"" Connecticut solar setback",values conflict with sabin:S26R-6209
736,compiled_flagged,nrel:solar:0915078600,CT,Voluntown Town,Municipality,renewables_only,solar,unknown,2,,,,,"""Voluntown Town"" Connecticut solar height_limit",
737,compiled_flagged,nrel:wind:12005,FL,Bay County,County,renewables_only,wind,unknown,2,,,,,"""Bay County"" Florida wind setback",
738,compiled_flagged,nrel:solar:12013,FL,Calhoun County,County,renewables_only,solar,unknown,2,,,,,"""Calhoun County"" Florida solar height_limit",
739,compiled_flagged,nrel:solar:12029,FL,Dixie County,County,renewables_only,solar,unknown,2,,,,,"""Dixie County"" Florida solar height_limit",
740,compiled_flagged,nrel:solar:12049,FL,Hardee County,County,renewables_only,solar,unknown,2,,,,,"""Hardee County"" Florida solar height_limit",
741,compiled_flagged,nrel:solar:12051,FL,Hendry County,County,renewables_only,solar,unknown,2,,,,,"""Hendry County"" Florida solar height_limit",
742,compiled_flagged,nrel:solar:12065,FL,Jefferson County,County,renewables_only,solar,unknown,2,,,,,"""Jefferson County"" Florida solar setback",
743,compiled_flagged,nrel:solar:12079,FL,Madison County,County,renewables_only,solar,unknown,2,,,,,"""Madison County"" Florida solar setback",
744,compiled_flagged,nrel:solar:12081,FL,Manatee County,County,renewables_only,solar,unknown,2,,,,,"""Manatee County"" Florida solar height_limit",
745,compiled_flagged,nrel:solar:12085,FL,Martin County,County,renewables_only,solar,unknown,2,,,,,"""Martin County"" Florida solar height_limit",
746,compiled_flagged,nrel:wind:12095,FL,Orange County,County,renewables_only,wind,unknown,2,,,,,"""Orange County"" Florida wind setback",
747,compiled_flagged,nrel:wind:12099,FL,Palm Beach County,County,renewables_only,wind,unknown,2,,,,,"""Palm Beach County"" Florida wind setback",
748,compiled_flagged,nrel:solar:12105,FL,Polk County,County,renewables_only,solar,unknown,2,,,,,"""Polk County"" Florida solar setback",
749,compiled_flagged,nrel:solar:12125,FL,Union County,County,renewables_only,solar,unknown,2,,,,,"""Union County"" Florida solar height_limit",
750,compiled_flagged,nrel:solar:13015,GA,Bartow County,County,renewables_only,solar,unknown,2,,,,,"""Bartow County"" Georgia solar setback",
751,compiled_flagged,nrel:solar:13023,GA,Bleckley County,County,renewables_only,solar,unknown,2,,,,,"""Bleckley County"" Georgia solar setback",
752,compiled_flagged,nrel:solar:13031,GA,Bulloch County,County,renewables_only,solar,unknown,2,,,,,"""Bulloch County"" Georgia solar height_limit",values conflict with sabin:S26R-6200
753,compiled_flagged,nrel:solar:13043,GA,Candler County,County,renewables_only,solar,unknown,2,,,,,"""Candler County"" Georgia solar height_limit",
754,compiled_flagged,nrel:solar:13081,GA,Crisp County,County,renewables_only,solar,unknown,2,,,,,"""Crisp County"" Georgia solar height_limit",values conflict with sabin:S26R-6199
755,compiled_flagged,nrel:solar:13085,GA,Dawson County,County,renewables_only,solar,unknown,2,,,,,"""Dawson County"" Georgia solar height_limit",
756,compiled_flagged,nrel:solar:13087,GA,Decatur County,County,renewables_only,solar,unknown,2,,,,,"""Decatur County"" Georgia solar height_limit",
757,compiled_flagged,nrel:solar:13091,GA,Dodge County,County,renewables_only,solar,unknown,2,,,,,"""Dodge County"" Georgia solar setback",
758,compiled_flagged,nrel:wind:13095,GA,Dougherty County,County,renewables_only,wind,unknown,2,,,,,"""Dougherty County"" Georgia wind setback",values conflict with sabin:S26R-6197
759,compiled_flagged,nrel:solar:13097,GA,Douglas County,County,renewables_only,solar,unknown,2,,,,,"""Douglas County"" Georgia solar height_limit",
760,compiled_flagged,nrel:solar:13107,GA,Emanuel County,County,renewables_only,solar,unknown,2,,,,,"""Emanuel County"" Georgia solar setback",
761,compiled_flagged,nrel:solar:13115,GA,Floyd County,County,renewables_only,solar,unknown,2,,,,,"""Floyd County"" Georgia solar setback",
762,compiled_flagged,nrel:solar:13119,GA,Franklin County,County,renewables_only,solar,unknown,2,,,,,"""Franklin County"" Georgia solar height_limit",values conflict with sabin:REC-0055
763,compiled_flagged,nrel:solar:13131,GA,Grady County,County,renewables_only,solar,unknown,2,,,,,"""Grady County"" Georgia solar height_limit",
764,compiled_flagged,nrel:wind:13143,GA,Haralson County,County,renewables_only,wind,unknown,2,,,,,"""Haralson County"" Georgia wind setback",
765,compiled_flagged,nrel:solar:13145,GA,Harris County,County,renewables_only,solar,unknown,2,,,,,"""Harris County"" Georgia solar height_limit",
766,compiled_flagged,nrel:solar:13147,GA,Hart County,County,renewables_only,solar,unknown,2,,,,,"""Hart County"" Georgia solar height_limit",values conflict with sabin:S26R-6193
767,compiled_flagged,nrel:solar:13153,GA,Houston County,County,renewables_only,solar,unknown,2,,,,,"""Houston County"" Georgia solar setback",
768,compiled_flagged,nrel:solar:13157,GA,Jackson County,County,renewables_only,solar,unknown,2,,,,,"""Jackson County"" Georgia solar height_limit",
769,compiled_flagged,nrel:solar:13211,GA,Morgan County,County,renewables_only,solar,unknown,2,,,,,"""Morgan County"" Georgia solar height_limit",
770,compiled_flagged,nrel:wind:13217,GA,Newton County,County,renewables_only,wind,unknown,2,,,,,"""Newton County"" Georgia wind setback",
771,compiled_flagged,nrel:solar:13219,GA,Oconee County,County,renewables_only,solar,unknown,2,,,,,"""Oconee County"" Georgia solar height_limit",
772,compiled_flagged,nrel:solar:13229,GA,Pierce County,County,renewables_only,solar,unknown,2,,,,,"""Pierce County"" Georgia solar height_limit",
773,compiled_flagged,nrel:wind:13231,GA,Pike County,County,renewables_only,wind,unknown,2,,,,,"""Pike County"" Georgia wind setback",
774,compiled_flagged,nrel:solar:13241,GA,Rabun County,County,renewables_only,solar,unknown,2,,,,,"""Rabun County"" Georgia solar setback",values conflict with sabin:S26R-6188
775,compiled_flagged,nrel:solar:13243,GA,Randolph County,County,renewables_only,solar,unknown,2,,,,,"""Randolph County"" Georgia solar height_limit",
776,compiled_flagged,nrel:solar:13255,GA,Spalding County,County,renewables_only,solar,unknown,2,,,,,"""Spalding County"" Georgia solar setback",
777,compiled_flagged,nrel:solar:13263,GA,Talbot County,County,renewables_only,solar,unknown,2,,,,,"""Talbot County"" Georgia solar setback",
778,compiled_flagged,nrel:solar:13279,GA,Toombs County,County,renewables_only,solar,unknown,2,,,,,"""Toombs County"" Georgia solar height_limit",values conflict with sabin:S26R-6186
779,compiled_flagged,nrel:solar:13285,GA,Troup County,County,renewables_only,solar,unknown,2,,,,,"""Troup County"" Georgia solar setback",
780,compiled_flagged,nrel:solar:13293,GA,Upson County,County,renewables_only,solar,unknown,2,,,,,"""Upson County"" Georgia solar setback",
781,compiled_flagged,nrel:solar:13295,GA,Walker County,County,renewables_only,solar,unknown,2,,,,,"""Walker County"" Georgia solar zoning_restriction",
782,compiled_flagged,nrel:solar:13311,GA,White County,County,renewables_only,solar,unknown,2,,,,,"""White County"" Georgia solar height_limit",
783,compiled_flagged,nrel:solar:19001,IA,Adair County,County,renewables_only,solar,unknown,2,,,,,"""Adair County"" Iowa solar setback",
784,compiled_flagged,nrel:wind:19003,IA,Adams County,County,renewables_only,wind,unknown,2,,,,,"""Adams County"" Iowa wind setback",values conflict with sabin:REC-0102
785,compiled_flagged,nrel:solar:19005,IA,Allamakee County,County,renewables_only,solar,unknown,2,,,,,"""Allamakee County"" Iowa solar setback",values conflict with sabin:S26R-6115
786,compiled_flagged,nrel:wind:19007,IA,Appanoose County,County,renewables_only,wind,unknown,2,,,,,"""Appanoose County"" Iowa wind setback",
787,compiled_flagged,nrel:wind:19013,IA,Black Hawk County,County,renewables_only,wind,unknown,2,,,,,"""Black Hawk County"" Iowa wind noise_limit",
788,compiled_flagged,nrel:solar:19015,IA,Boone County,County,renewables_only,solar,unknown,2,,,,,"""Boone County"" Iowa solar setback",
789,compiled_flagged,nrel:wind:19015,IA,Boone County,County,renewables_only,wind,unknown,2,,,,,"""Boone County"" Iowa wind setback",
790,compiled_flagged,nrel:solar:19017,IA,Bremer County,County,renewables_only,solar,unknown,2,,,,,"""Bremer County"" Iowa solar height_limit",
791,compiled_flagged,nrel:solar:19019,IA,Buchanan County,County,renewables_only,solar,unknown,2,,,,,"""Buchanan County"" Iowa solar setback",
792,compiled_flagged,nrel:wind:19019,IA,Buchanan County,County,renewables_only,wind,unknown,2,,,,,"""Buchanan County"" Iowa wind setback",
793,compiled_flagged,nrel:solar:19023,IA,Butler County,County,renewables_only,solar,unknown,2,,,,,"""Butler County"" Iowa solar height_limit",
794,compiled_flagged,nrel:wind:19027,IA,Carroll County,County,renewables_only,wind,unknown,2,,,,,"""Carroll County"" Iowa wind setback",NREL sample: Property Line (Non-Participating) contradicts; NREL sample: Structures (Non-Participating) contradicts
795,compiled_flagged,nrel:wind:19029,IA,Cass County,County,renewables_only,wind,unknown,2,,,,,"""Cass County"" Iowa wind setback",
796,compiled_flagged,nrel:wind:19031,IA,Cedar County,County,renewables_only,wind,unknown,2,,,,,"""Cedar County"" Iowa wind setback",
797,compiled_flagged,nrel:wind:19035,IA,Cherokee County,County,renewables_only,wind,unknown,2,,,,,"""Cherokee County"" Iowa wind setback",
798,compiled_flagged,nrel:wind:19037,IA,Chickasaw County,County,renewables_only,wind,unknown,2,,,,,"""Chickasaw County"" Iowa wind setback",
799,compiled_flagged,nrel:solar:19039,IA,Clarke County,County,renewables_only,solar,unknown,2,,,,,"""Clarke County"" Iowa solar size_cap",values conflict with queue:q_4083158e5e
800,compiled_flagged,nrel:wind:19043,IA,Clayton County,County,renewables_only,wind,unknown,2,,,,,"""Clayton County"" Iowa wind setback",
801,compiled_flagged,nrel:solar:19045,IA,Clinton County,County,renewables_only,solar,unknown,2,,,,,"""Clinton County"" Iowa solar setback",
802,compiled_flagged,nrel:wind:19045,IA,Clinton County,County,renewables_only,wind,unknown,2,,,,,"""Clinton County"" Iowa wind setback",values conflict with sabin:REC-0107
803,compiled_flagged,nrel:solar:19057,IA,Des Moines County,County,renewables_only,solar,unknown,2,,,,,"""Des Moines County"" Iowa solar height_limit",
804,compiled_flagged,nrel:wind:19061,IA,Dubuque County,County,renewables_only,wind,unknown,2,,,,,"""Dubuque County"" Iowa wind setback",
805,compiled_flagged,nrel:solar:19071,IA,Fremont County,County,renewables_only,solar,unknown,2,,,,,"""Fremont County"" Iowa solar height_limit",
806,compiled_flagged,nrel:solar:19075,IA,Grundy County,County,renewables_only,solar,unknown,2,,,,,"""Grundy County"" Iowa solar setback",
807,compiled_flagged,nrel:wind:19083,IA,Hardin County,County,renewables_only,wind,unknown,2,,,,,"""Hardin County"" Iowa wind setback",values conflict with sabin:REC-0113
808,compiled_flagged,nrel:wind:19091,IA,Humboldt County,County,renewables_only,wind,unknown,2,,,,,"""Humboldt County"" Iowa wind setback",
809,compiled_flagged,nrel:wind:19093,IA,Ida County,County,renewables_only,wind,unknown,2,,,,,"""Ida County"" Iowa wind setback",values conflict with sabin:S26R-6096
810,compiled_flagged,nrel:wind:19099,IA,Jasper County,County,renewables_only,wind,unknown,2,,,,,"""Jasper County"" Iowa wind setback",
811,compiled_flagged,nrel:solar:19103,IA,Johnson County,County,renewables_only,solar,unknown,2,,,,,"""Johnson County"" Iowa solar size_cap",
812,compiled_flagged,nrel:wind:19103,IA,Johnson County,County,renewables_only,wind,unknown,2,,,,,"""Johnson County"" Iowa wind setback",
813,compiled_flagged,nrel:wind:19105,IA,Jones County,County,renewables_only,wind,unknown,2,,,,,"""Jones County"" Iowa wind setback",
814,compiled_flagged,nrel:wind:19111,IA,Lee County,County,renewables_only,wind,unknown,2,,,,,"""Lee County"" Iowa wind setback",
815,compiled_flagged,nrel:wind:19113,IA,Linn County,County,renewables_only,wind,unknown,2,,,,,"""Linn County"" Iowa wind setback",
816,compiled_flagged,nrel:wind:19125,IA,Marion County,County,renewables_only,wind,unknown,2,,,,,"""Marion County"" Iowa wind setback",
817,compiled_flagged,nrel:solar:19129,IA,Mills County,County,renewables_only,solar,unknown,2,,,,,"""Mills County"" Iowa solar height_limit",
818,compiled_flagged,nrel:solar:19137,IA,Montgomery County,County,renewables_only,solar,unknown,2,,,,,"""Montgomery County"" Iowa solar setback",
819,compiled_flagged,nrel:solar:19139,IA,Muscatine County,County,renewables_only,solar,unknown,2,,,,,"""Muscatine County"" Iowa solar zoning_restriction",
820,compiled_flagged,nrel:wind:19139,IA,Muscatine County,County,renewables_only,wind,unknown,2,,,,,"""Muscatine County"" Iowa wind setback",
821,compiled_flagged,nrel:solar:19149,IA,Plymouth County,County,renewables_only,solar,unknown,2,,,,,"""Plymouth County"" Iowa solar zoning_restriction",
822,compiled_flagged,nrel:wind:19149,IA,Plymouth County,County,renewables_only,wind,unknown,2,,,,,"""Plymouth County"" Iowa wind setback",
823,compiled_flagged,nrel:solar:19153,IA,Polk County,County,renewables_only,solar,unknown,2,,,,,"""Polk County"" Iowa solar height_limit",
824,compiled_flagged,nrel:solar:19155,IA,Pottawattamie County,County,renewables_only,solar,unknown,2,,,,,"""Pottawattamie County"" Iowa solar height_limit",values conflict with sabin:S26R-6080
825,compiled_flagged,nrel:wind:19157,IA,Poweshiek County,County,renewables_only,wind,unknown,2,,,,,"""Poweshiek County"" Iowa wind setback",
826,compiled_flagged,nrel:solar:19167,IA,Sioux County,County,renewables_only,solar,unknown,2,,,,,"""Sioux County"" Iowa solar height_limit",
827,compiled_flagged,nrel:wind:19167,IA,Sioux County,County,renewables_only,wind,unknown,2,,,,,"""Sioux County"" Iowa wind setback",
828,compiled_flagged,nrel:solar:19169,IA,Story County,County,renewables_only,solar,unknown,2,,,,,"""Story County"" Iowa solar setback",
829,compiled_flagged,nrel:wind:19169,IA,Story County,County,renewables_only,wind,unknown,2,,,,,"""Story County"" Iowa wind setback",values conflict with sabin:S26R-6071
830,compiled_flagged,nrel:wind:19171,IA,Tama County,County,renewables_only,wind,unknown,2,,,,,"""Tama County"" Iowa wind setback",
831,compiled_flagged,nrel:wind:19173,IA,Taylor County,County,renewables_only,wind,unknown,2,,,,,"""Taylor County"" Iowa wind setback",
832,compiled_flagged,nrel:solar:19175,IA,Union County,County,renewables_only,solar,unknown,2,,,,,"""Union County"" Iowa solar setback",
833,compiled_flagged,nrel:wind:19183,IA,Washington County,County,renewables_only,wind,unknown,2,,,,,"""Washington County"" Iowa wind setback",
834,compiled_flagged,nrel:solar:19187,IA,Webster County,County,renewables_only,solar,unknown,2,,,,,"""Webster County"" Iowa solar setback",
835,compiled_flagged,nrel:wind:19187,IA,Webster County,County,renewables_only,wind,unknown,2,,,,,"""Webster County"" Iowa wind setback",values conflict with sabin:S26R-6069
836,compiled_flagged,nrel:solar:19191,IA,Winneshiek County,County,renewables_only,solar,unknown,2,,,,,"""Winneshiek County"" Iowa solar height_limit",
837,compiled_flagged,nrel:wind:19191,IA,Winneshiek County,County,renewables_only,wind,unknown,2,,,,,"""Winneshiek County"" Iowa wind setback",
838,compiled_flagged,nrel:solar:19193,IA,Woodbury County,County,renewables_only,solar,unknown,2,,,,,"""Woodbury County"" Iowa solar height_limit",values conflict with sabin:S26R-6067
839,compiled_flagged,nrel:wind:19197,IA,Wright County,County,renewables_only,wind,unknown,2,,,,,"""Wright County"" Iowa wind setback",
840,compiled_flagged,nrel:wind:16005,ID,Bannock County,County,renewables_only,wind,unknown,2,,,,,"""Bannock County"" Idaho wind setback",values conflict with sabin:REC-0070
841,compiled_flagged,nrel:solar:16007,ID,Bear Lake County,County,renewables_only,solar,unknown,2,,,,,"""Bear Lake County"" Idaho solar setback",
842,compiled_flagged,nrel:wind:16023,ID,Butte County,County,renewables_only,wind,unknown,2,,,,,"""Butte County"" Idaho wind setback",
843,compiled_flagged,nrel:wind:16025,ID,Camas County,County,renewables_only,wind,unknown,2,,,,,"""Camas County"" Idaho wind setback",
844,compiled_flagged,nrel:solar:16031,ID,Cassia County,County,renewables_only,solar,unknown,2,,,,,"""Cassia County"" Idaho solar height_limit",values conflict with sabin:S26R-6181
845,compiled_flagged,nrel:wind:16033,ID,Clark County,County,renewables_only,wind,unknown,2,,,,,"""Clark County"" Idaho wind setback",
846,compiled_flagged,nrel:solar:16047,ID,Gooding County,County,renewables_only,solar,unknown,2,,,,,"""Gooding County"" Idaho solar height_limit",values conflict with sabin:S26R-6178
847,compiled_flagged,nrel:solar:16051,ID,Jefferson County,County,renewables_only,solar,unknown,2,,,,,"""Jefferson County"" Idaho solar height_limit",
848,compiled_flagged,nrel:wind:16067,ID,Minidoka County,County,renewables_only,wind,unknown,2,,,,,"""Minidoka County"" Idaho wind setback",
849,compiled_flagged,nrel:solar:16073,ID,Owyhee County,County,renewables_only,solar,unknown,2,,,,,"""Owyhee County"" Idaho solar height_limit",
850,compiled_flagged,nrel:wind:16083,ID,Twin Falls County,County,renewables_only,wind,unknown,2,,,,,"""Twin Falls County"" Idaho wind setback",values conflict with sabin:REC-0073
851,compiled_flagged,nrel:solar:17005,IL,Bond County,County,renewables_only,solar,unknown,2,,,,,"""Bond County"" Illinois solar noise_limit",values conflict with sabin:S26R-6174
852,compiled_flagged,nrel:solar:17007,IL,Boone County,County,renewables_only,solar,unknown,2,,,,,"""Boone County"" Illinois solar height_limit",
853,compiled_flagged,nrel:wind:17007,IL,Boone County,County,renewables_only,wind,unknown,2,,,,,"""Boone County"" Illinois wind setback",
854,compiled_flagged,nrel:wind:17011,IL,Bureau County,County,renewables_only,wind,unknown,2,,,,,"""Bureau County"" Illinois wind setback",
855,compiled_flagged,nrel:solar:17015,IL,Carroll County,County,renewables_only,solar,unknown,2,,,,,"""Carroll County"" Illinois solar height_limit",
856,compiled_flagged,nrel:wind:17015,IL,Carroll County,County,renewables_only,wind,unknown,2,,,,,"""Carroll County"" Illinois wind setback",
857,compiled_flagged,nrel:wind:17017,IL,Cass County,County,renewables_only,wind,unknown,2,,,,,"""Cass County"" Illinois wind setback",
858,compiled_flagged,nrel:solar:17019,IL,Champaign County,County,renewables_only,solar,unknown,2,,,,,"""Champaign County"" Illinois solar height_limit",
859,compiled_flagged,nrel:solar:17029,IL,Coles County,County,renewables_only,solar,unknown,2,,,,,"""Coles County"" Illinois solar height_limit",
860,compiled_flagged,nrel:wind:17029,IL,Coles County,County,renewables_only,wind,unknown,2,,,,,"""Coles County"" Illinois wind setback",
861,compiled_flagged,nrel:solar:17033,IL,Crawford County,County,renewables_only,solar,unknown,2,,,,,"""Crawford County"" Illinois solar height_limit",
862,compiled_flagged,nrel:wind:17035,IL,Cumberland County,County,renewables_only,wind,unknown,2,,,,,"""Cumberland County"" Illinois wind siting_standard",
863,compiled_flagged,nrel:solar:17039,IL,De Witt County,County,renewables_only,solar,unknown,2,,,,,"""De Witt County"" Illinois solar size_cap",
864,compiled_flagged,nrel:wind:17039,IL,De Witt County,County,renewables_only,wind,unknown,2,,,,,"""De Witt County"" Illinois wind setback",
865,compiled_flagged,nrel:solar:17037,IL,DeKalb County,County,renewables_only,solar,unknown,2,,,,,"""DeKalb County"" Illinois solar setback",
866,compiled_flagged,nrel:wind:17037,IL,DeKalb County,County,renewables_only,wind,unknown,2,,,,,"""DeKalb County"" Illinois wind setback",
867,compiled_flagged,nrel:solar:17045,IL,Edgar County,County,renewables_only,solar,unknown,2,,,,,"""Edgar County"" Illinois solar height_limit",
868,compiled_flagged,nrel:solar:17049,IL,Effingham County,County,renewables_only,solar,unknown,2,,,,,"""Effingham County"" Illinois solar height_limit",
869,compiled_flagged,nrel:solar:17051,IL,Fayette County,County,renewables_only,solar,unknown,2,,,,,"""Fayette County"" Illinois solar height_limit",
870,compiled_flagged,nrel:wind:17051,IL,Fayette County,County,renewables_only,wind,unknown,2,,,,,"""Fayette County"" Illinois wind setback",
871,compiled_flagged,nrel:solar:17053,IL,Ford County,County,renewables_only,solar,unknown,2,,,,,"""Ford County"" Illinois solar height_limit",
872,compiled_flagged,nrel:solar:17057,IL,Fulton County,County,renewables_only,solar,unknown,2,,,,,"""Fulton County"" Illinois solar height_limit",
873,compiled_flagged,nrel:wind:17057,IL,Fulton County,County,renewables_only,wind,unknown,2,,,,,"""Fulton County"" Illinois wind setback",
874,compiled_flagged,nrel:solar:17063,IL,Grundy County,County,renewables_only,solar,unknown,2,,,,,"""Grundy County"" Illinois solar height_limit",
875,compiled_flagged,nrel:solar:17065,IL,Hamilton County,County,renewables_only,solar,unknown,2,,,,,"""Hamilton County"" Illinois solar height_limit",
876,compiled_flagged,nrel:wind:17065,IL,Hamilton County,County,renewables_only,wind,unknown,2,,,,,"""Hamilton County"" Illinois wind setback",
877,compiled_flagged,nrel:wind:17067,IL,Hancock County,County,renewables_only,wind,unknown,2,,,,,"""Hancock County"" Illinois wind setback",
878,compiled_flagged,nrel:solar:17075,IL,Iroquois County,County,renewables_only,solar,unknown,2,,,,,"""Iroquois County"" Illinois solar height_limit",values conflict with sabin:S26R-6168
879,compiled_flagged,nrel:wind:17075,IL,Iroquois County,County,renewables_only,wind,unknown,2,,,,,"""Iroquois County"" Illinois wind setback",values conflict with sabin:S26R-6169
880,compiled_flagged,nrel:solar:17077,IL,Jackson County,County,renewables_only,solar,unknown,2,,,,,"""Jackson County"" Illinois solar height_limit",
881,compiled_flagged,nrel:solar:17081,IL,Jefferson County,County,renewables_only,solar,unknown,2,,,,,"""Jefferson County"" Illinois solar height_limit",
882,compiled_flagged,nrel:solar:17083,IL,Jersey County,County,renewables_only,solar,unknown,2,,,,,"""Jersey County"" Illinois solar height_limit",
883,compiled_flagged,nrel:wind:17083,IL,Jersey County,County,renewables_only,wind,unknown,2,,,,,"""Jersey County"" Illinois wind setback",
884,compiled_flagged,nrel:solar:17085,IL,Jo Daviess County,County,renewables_only,solar,unknown,2,,,,,"""Jo Daviess County"" Illinois solar height_limit",
885,compiled_flagged,nrel:wind:17085,IL,Jo Daviess County,County,renewables_only,wind,unknown,2,,,,,"""Jo Daviess County"" Illinois wind setback",
886,compiled_flagged,nrel:solar:17089,IL,Kane County,County,renewables_only,solar,unknown,2,,,,,"""Kane County"" Illinois solar height_limit",
887,compiled_flagged,nrel:wind:17089,IL,Kane County,County,renewables_only,wind,unknown,2,,,,,"""Kane County"" Illinois wind setback",
888,compiled_flagged,nrel:wind:17091,IL,Kankakee County,County,renewables_only,wind,unknown,2,,,,,"""Kankakee County"" Illinois wind setback",values conflict with sabin:S26R-6167
889,compiled_flagged,nrel:wind:17095,IL,Knox County,County,renewables_only,wind,unknown,2,,,,,"""Knox County"" Illinois wind setback",
890,compiled_flagged,nrel:wind:17099,IL,LaSalle County,County,renewables_only,wind,unknown,2,,,,,"""LaSalle County"" Illinois wind setback",
891,compiled_flagged,nrel:solar:17097,IL,Lake County,County,renewables_only,solar,unknown,2,,,,,"""Lake County"" Illinois solar height_limit",
892,compiled_flagged,nrel:solar:17103,IL,Lee County,County,renewables_only,solar,unknown,2,,,,,"""Lee County"" Illinois solar height_limit",
893,compiled_flagged,nrel:wind:17103,IL,Lee County,County,renewables_only,wind,unknown,2,,,,,"""Lee County"" Illinois wind setback",
894,compiled_flagged,nrel:solar:17107,IL,Logan County,County,renewables_only,solar,unknown,2,,,,,"""Logan County"" Illinois solar height_limit",
895,compiled_flagged,nrel:wind:17107,IL,Logan County,County,renewables_only,wind,unknown,2,,,,,"""Logan County"" Illinois wind setback",
896,compiled_flagged,nrel:solar:17115,IL,Macon County,County,renewables_only,solar,unknown,2,,,,,"""Macon County"" Illinois solar height_limit",
897,compiled_flagged,nrel:solar:17117,IL,Macoupin County,County,renewables_only,solar,unknown,2,,,,,"""Macoupin County"" Illinois solar height_limit",
898,compiled_flagged,nrel:wind:17117,IL,Macoupin County,County,renewables_only,wind,unknown,2,,,,,"""Macoupin County"" Illinois wind setback",
899,compiled_flagged,nrel:wind:17119,IL,Madison County,County,renewables_only,wind,unknown,2,,,,,"""Madison County"" Illinois wind setback",
900,compiled_flagged,nrel:solar:17123,IL,Marshall County,County,renewables_only,solar,unknown,2,,,,,"""Marshall County"" Illinois solar height_limit",
901,compiled_flagged,nrel:wind:17123,IL,Marshall County,County,renewables_only,wind,unknown,2,,,,,"""Marshall County"" Illinois wind setback",
902,compiled_flagged,nrel:solar:17125,IL,Mason County,County,renewables_only,solar,unknown,2,,,,,"""Mason County"" Illinois solar height_limit",
903,compiled_flagged,nrel:wind:17125,IL,Mason County,County,renewables_only,wind,unknown,2,,,,,"""Mason County"" Illinois wind setback",
904,compiled_flagged,nrel:solar:17111,IL,McHenry County,County,renewables_only,solar,unknown,2,,,,,"""McHenry County"" Illinois solar height_limit",values conflict with sabin:S26R-6164
905,compiled_flagged,nrel:solar:17129,IL,Menard County,County,renewables_only,solar,unknown,2,,,,,"""Menard County"" Illinois solar height_limit",
906,compiled_flagged,nrel:wind:17129,IL,Menard County,County,renewables_only,wind,unknown,2,,,,,"""Menard County"" Illinois wind setback",
907,compiled_flagged,nrel:solar:17135,IL,Montgomery County,County,renewables_only,solar,unknown,2,,,,,"""Montgomery County"" Illinois solar height_limit",
908,compiled_flagged,nrel:wind:17135,IL,Montgomery County,County,renewables_only,wind,unknown,2,,,,,"""Montgomery County"" Illinois wind setback",
909,compiled_flagged,nrel:solar:17137,IL,Morgan County,County,renewables_only,solar,unknown,2,,,,,"""Morgan County"" Illinois solar height_limit",
910,compiled_flagged,nrel:solar:17139,IL,Moultrie County,County,renewables_only,solar,unknown,2,,,,,"""Moultrie County"" Illinois solar height_limit",values conflict with sabin:S26R-6161
911,compiled_flagged,nrel:wind:17139,IL,Moultrie County,County,renewables_only,wind,unknown,2,,,,,"""Moultrie County"" Illinois wind setback",values conflict with sabin:S26R-6162
912,compiled_flagged,nrel:solar:17141,IL,Ogle County,County,renewables_only,solar,unknown,2,,,,,"""Ogle County"" Illinois solar height_limit",
913,compiled_flagged,nrel:solar:17143,IL,Peoria County,County,renewables_only,solar,unknown,2,,,,,"""Peoria County"" Illinois solar height_limit",
914,compiled_flagged,nrel:solar:17145,IL,Perry County,County,renewables_only,solar,unknown,2,,,,,"""Perry County"" Illinois solar height_limit",
915,compiled_flagged,nrel:wind:17145,IL,Perry County,County,renewables_only,wind,unknown,2,,,,,"""Perry County"" Illinois wind noise_limit",
916,compiled_flagged,nrel:solar:17147,IL,Piatt County,County,renewables_only,solar,unknown,2,,,,,"""Piatt County"" Illinois solar height_limit",
917,compiled_flagged,nrel:wind:17147,IL,Piatt County,County,renewables_only,wind,unknown,2,,,,,"""Piatt County"" Illinois wind setback",values conflict with sabin:REC-0081
918,compiled_flagged,nrel:solar:17149,IL,Pike County,County,renewables_only,solar,unknown,2,,,,,"""Pike County"" Illinois solar height_limit",
919,compiled_flagged,nrel:wind:17149,IL,Pike County,County,renewables_only,wind,unknown,2,,,,,"""Pike County"" Illinois wind setback",
920,compiled_flagged,nrel:solar:17159,IL,Richland County,County,renewables_only,solar,unknown,2,,,,,"""Richland County"" Illinois solar height_limit",
921,compiled_flagged,nrel:solar:17161,IL,Rock Island County,County,renewables_only,solar,unknown,2,,,,,"""Rock Island County"" Illinois solar height_limit",
922,compiled_flagged,nrel:wind:17161,IL,Rock Island County,County,renewables_only,wind,unknown,2,,,,,"""Rock Island County"" Illinois wind setback",
923,compiled_flagged,nrel:solar:17167,IL,Sangamon County,County,renewables_only,solar,unknown,2,,,,,"""Sangamon County"" Illinois solar height_limit",
924,compiled_flagged,nrel:wind:17167,IL,Sangamon County,County,renewables_only,wind,unknown,2,,,,,"""Sangamon County"" Illinois wind setback",values conflict with sabin:S26R-6158
925,compiled_flagged,nrel:solar:17169,IL,Schuyler County,County,renewables_only,solar,unknown,2,,,,,"""Schuyler County"" Illinois solar height_limit",
926,compiled_flagged,nrel:wind:17169,IL,Schuyler County,County,renewables_only,wind,unknown,2,,,,,"""Schuyler County"" Illinois wind setback",
927,compiled_flagged,nrel:solar:17171,IL,Scott County,County,renewables_only,solar,unknown,2,,,,,"""Scott County"" Illinois solar height_limit",
928,compiled_flagged,nrel:wind:17171,IL,Scott County,County,renewables_only,wind,unknown,2,,,,,"""Scott County"" Illinois wind setback",
929,compiled_flagged,nrel:solar:17173,IL,Shelby County,County,renewables_only,solar,unknown,2,,,,,"""Shelby County"" Illinois solar setback",
930,compiled_flagged,nrel:wind:17173,IL,Shelby County,County,renewables_only,wind,unknown,2,,,,,"""Shelby County"" Illinois wind setback",
931,compiled_flagged,nrel:wind:17163,IL,St. Clair County,County,renewables_only,wind,unknown,2,,,,,"""St. Clair County"" Illinois wind siting_standard",
932,compiled_flagged,nrel:solar:17177,IL,Stephenson County,County,renewables_only,solar,unknown,2,,,,,"""Stephenson County"" Illinois solar height_limit",
933,compiled_flagged,nrel:solar:17179,IL,Tazewell County,County,renewables_only,solar,unknown,2,,,,,"""Tazewell County"" Illinois solar height_limit",
934,compiled_flagged,nrel:wind:17179,IL,Tazewell County,County,renewables_only,wind,unknown,2,,,,,"""Tazewell County"" Illinois wind setback",values conflict with sabin:REC-0082
935,compiled_flagged,nrel:solar:17183,IL,Vermilion County,County,renewables_only,solar,unknown,2,,,,,"""Vermilion County"" Illinois solar height_limit",
936,compiled_flagged,nrel:wind:17183,IL,Vermilion County,County,renewables_only,wind,unknown,2,,,,,"""Vermilion County"" Illinois wind setback",values conflict with sabin:S26R-6156
937,compiled_flagged,nrel:solar:17189,IL,Washington County,County,renewables_only,solar,unknown,2,,,,,"""Washington County"" Illinois solar height_limit",
938,compiled_flagged,nrel:wind:17189,IL,Washington County,County,renewables_only,wind,unknown,2,,,,,"""Washington County"" Illinois wind setback",
939,compiled_flagged,nrel:solar:17193,IL,White County,County,renewables_only,solar,unknown,2,,,,,"""White County"" Illinois solar height_limit",
940,compiled_flagged,nrel:wind:17193,IL,White County,County,renewables_only,wind,unknown,2,,,,,"""White County"" Illinois wind setback",
941,compiled_flagged,nrel:solar:17195,IL,Whiteside County,County,renewables_only,solar,unknown,2,,,,,"""Whiteside County"" Illinois solar height_limit",values conflict with sabin:S26R-6155
942,compiled_flagged,nrel:solar:17197,IL,Will County,County,renewables_only,solar,unknown,2,,,,,"""Will County"" Illinois solar height_limit",
943,compiled_flagged,nrel:solar:17203,IL,Woodford County,County,renewables_only,solar,unknown,2,,,,,"""Woodford County"" Illinois solar height_limit",values conflict with sabin:S26R-6154
944,compiled_flagged,nrel:solar:18009,IN,Blackford County,County,renewables_only,solar,unknown,2,,,,,"""Blackford County"" Indiana solar setback",values conflict with sabin:S26R-6152
945,compiled_flagged,nrel:wind:18009,IN,Blackford County,County,renewables_only,wind,unknown,2,,,,,"""Blackford County"" Indiana wind setback",values conflict with sabin:S26R-6152
946,compiled_flagged,nrel:wind:18015,IN,Carroll County,County,renewables_only,wind,unknown,2,,,,,"""Carroll County"" Indiana wind setback",
947,compiled_flagged,nrel:solar:18017,IN,Cass County,County,renewables_only,solar,unknown,2,,,,,"""Cass County"" Indiana solar height_limit",
948,compiled_flagged,nrel:solar:18019,IN,Clark County,County,renewables_only,solar,unknown,2,,,,,"""Clark County"" Indiana solar height_limit",values conflict with sabin:REC-0088
949,compiled_flagged,nrel:solar:18023,IN,Clinton County,County,renewables_only,solar,unknown,2,,,,,"""Clinton County"" Indiana solar height_limit",
950,compiled_flagged,nrel:solar:18027,IN,Daviess County,County,renewables_only,solar,unknown,2,,,,,"""Daviess County"" Indiana solar height_limit",
951,compiled_flagged,nrel:solar:18033,IN,DeKalb County,County,renewables_only,solar,unknown,2,,,,,"""DeKalb County"" Indiana solar height_limit",
952,compiled_flagged,nrel:solar:18029,IN,Dearborn County,County,renewables_only,solar,unknown,2,,,,,"""Dearborn County"" Indiana solar height_limit",values conflict with mn:in-dearborn-county-2026
953,compiled_flagged,nrel:wind:18029,IN,Dearborn County,County,renewables_only,wind,unknown,2,,,,,"""Dearborn County"" Indiana wind setback",
954,compiled_flagged,nrel:solar:18035,IN,Delaware County,County,renewables_only,solar,unknown,2,,,,,"""Delaware County"" Indiana solar height_limit",values conflict with sabin:REC-0090
955,compiled_flagged,nrel:wind:18035,IN,Delaware County,County,renewables_only,wind,unknown,2,,,,,"""Delaware County"" Indiana wind setback",
956,compiled_flagged,nrel:solar:18039,IN,Elkhart County,County,renewables_only,solar,unknown,2,,,,,"""Elkhart County"" Indiana solar setback",
957,compiled_flagged,nrel:solar:18051,IN,Gibson County,County,renewables_only,solar,unknown,2,,,,,"""Gibson County"" Indiana solar height_limit",
958,compiled_flagged,nrel:solar:18053,IN,Grant County,County,renewables_only,solar,unknown,2,,,,,"""Grant County"" Indiana solar height_limit",
959,compiled_flagged,nrel:wind:18053,IN,Grant County,County,renewables_only,wind,unknown,2,,,,,"""Grant County"" Indiana wind setback",
960,compiled_flagged,nrel:solar:18059,IN,Hancock County,County,renewables_only,solar,unknown,2,,,,,"""Hancock County"" Indiana solar setback",
961,compiled_flagged,nrel:wind:18059,IN,Hancock County,County,renewables_only,wind,unknown,2,,,,,"""Hancock County"" Indiana wind setback",
962,compiled_flagged,nrel:wind:18065,IN,Henry County,County,renewables_only,wind,unknown,2,,,,,"""Henry County"" Indiana wind setback",values conflict with sabin:REC-0093
963,compiled_flagged,nrel:wind:18069,IN,Huntington County,County,renewables_only,wind,unknown,2,,,,,"""Huntington County"" Indiana wind setback",
964,compiled_flagged,nrel:solar:18075,IN,Jay County,County,renewables_only,solar,unknown,2,,,,,"""Jay County"" Indiana solar height_limit",values conflict with queue:q_d3c8aa136e
965,compiled_flagged,nrel:solar:18077,IN,Jefferson County,County,renewables_only,solar,unknown,2,,,,,"""Jefferson County"" Indiana solar size_cap",
966,compiled_flagged,nrel:solar:18081,IN,Johnson County,County,renewables_only,solar,unknown,2,,,,,"""Johnson County"" Indiana solar height_limit",
967,compiled_flagged,nrel:wind:18081,IN,Johnson County,County,renewables_only,wind,unknown,2,,,,,"""Johnson County"" Indiana wind setback",
968,compiled_flagged,nrel:solar:18085,IN,Kosciusko County,County,renewables_only,solar,unknown,2,,,,,"""Kosciusko County"" Indiana solar setback",values conflict with sabin:REC-0096
969,compiled_flagged,nrel:solar:18087,IN,LaGrange County,County,renewables_only,solar,unknown,2,,,,,"""LaGrange County"" Indiana solar setback",values conflict with sabin:S26R-6136
970,compiled_flagged,nrel:wind:18087,IN,LaGrange County,County,renewables_only,wind,unknown,2,,,,,"""LaGrange County"" Indiana wind setback",
971,compiled_flagged,nrel:solar:18091,IN,LaPorte County,County,renewables_only,solar,unknown,2,,,,,"""LaPorte County"" Indiana solar height_limit",
972,compiled_flagged,nrel:wind:18091,IN,LaPorte County,County,renewables_only,wind,unknown,2,,,,,"""LaPorte County"" Indiana wind setback",
973,compiled_flagged,nrel:solar:18099,IN,Marshall County,County,renewables_only,solar,unknown,2,,,,,"""Marshall County"" Indiana solar height_limit",
974,compiled_flagged,nrel:wind:18099,IN,Marshall County,County,renewables_only,wind,unknown,2,,,,,"""Marshall County"" Indiana wind zoning_restriction",values conflict with sabin:REC-0099
975,compiled_flagged,nrel:solar:18103,IN,Miami County,County,renewables_only,solar,unknown,2,,,,,"""Miami County"" Indiana solar setback",
976,compiled_flagged,nrel:wind:18103,IN,Miami County,County,renewables_only,wind,unknown,2,,,,,"""Miami County"" Indiana wind setback",values conflict with sabin:REC-0100
977,compiled_flagged,nrel:solar:18107,IN,Montgomery County,County,renewables_only,solar,unknown,2,,,,,"""Montgomery County"" Indiana solar height_limit",values conflict with sabin:REC-0101
978,compiled_flagged,nrel:solar:18109,IN,Morgan County,County,renewables_only,solar,unknown,2,,,,,"""Morgan County"" Indiana solar height_limit",
979,compiled_flagged,nrel:wind:18109,IN,Morgan County,County,renewables_only,wind,unknown,2,,,,,"""Morgan County"" Indiana wind setback",
980,compiled_flagged,nrel:solar:18113,IN,Noble County,County,renewables_only,solar,unknown,2,,,,,"""Noble County"" Indiana solar height_limit",
981,compiled_flagged,nrel:solar:18129,IN,Posey County,County,renewables_only,solar,unknown,2,,,,,"""Posey County"" Indiana solar height_limit",values conflict with sabin:S26R-6129
982,compiled_flagged,nrel:wind:18129,IN,Posey County,County,renewables_only,wind,unknown,2,,,,,"""Posey County"" Indiana wind setback",values conflict with sabin:S26R-6129
983,compiled_flagged,nrel:solar:18131,IN,Pulaski County,County,renewables_only,solar,unknown,2,,,,,"""Pulaski County"" Indiana solar height_limit",
984,compiled_flagged,nrel:solar:18133,IN,Putnam County,County,renewables_only,solar,unknown,2,,,,,"""Putnam County"" Indiana solar height_limit",values conflict with mn:in-putnam-county-2025
985,compiled_flagged,nrel:wind:18133,IN,Putnam County,County,renewables_only,wind,unknown,2,,,,,"""Putnam County"" Indiana wind setback",values conflict with mn:in-putnam-county-2025
986,compiled_flagged,nrel:wind:18135,IN,Randolph County,County,renewables_only,wind,unknown,2,,,,,"""Randolph County"" Indiana wind setback",
987,compiled_flagged,nrel:solar:18137,IN,Ripley County,County,renewables_only,solar,unknown,2,,,,,"""Ripley County"" Indiana solar height_limit",
988,compiled_flagged,nrel:solar:18145,IN,Shelby County,County,renewables_only,solar,unknown,2,,,,,"""Shelby County"" Indiana solar height_limit",
989,compiled_flagged,nrel:wind:18147,IN,Spencer County,County,renewables_only,wind,unknown,2,,,,,"""Spencer County"" Indiana wind setback",
990,compiled_flagged,nrel:solar:18141,IN,St. Joseph County,County,renewables_only,solar,unknown,2,,,,,"""St. Joseph County"" Indiana solar height_limit",values conflict with sabin:S26R-6126
991,compiled_flagged,nrel:wind:18141,IN,St. Joseph County,County,renewables_only,wind,unknown,2,,,,,"""St. Joseph County"" Indiana wind setback",
992,compiled_flagged,nrel:solar:18149,IN,Starke County,County,renewables_only,solar,unknown,2,,,,,"""Starke County"" Indiana solar height_limit",
993,compiled_flagged,nrel:solar:18151,IN,Steuben County,County,renewables_only,solar,unknown,2,,,,,"""Steuben County"" Indiana solar height_limit",
994,compiled_flagged,nrel:wind:18151,IN,Steuben County,County,renewables_only,wind,unknown,2,,,,,"""Steuben County"" Indiana wind setback",
995,compiled_flagged,nrel:wind:18157,IN,Tippecanoe County,County,renewables_only,wind,unknown,2,,,,,"""Tippecanoe County"" Indiana wind noise_limit",values conflict with sabin:S26R-6124
996,compiled_flagged,nrel:solar:18163,IN,Vanderburgh County,County,renewables_only,solar,unknown,2,,,,,"""Vanderburgh County"" Indiana solar height_limit",
997,compiled_flagged,nrel:solar:18165,IN,Vermillion County,County,renewables_only,solar,unknown,2,,,,,"""Vermillion County"" Indiana solar setback",
998,compiled_flagged,nrel:solar:18169,IN,Wabash County,County,renewables_only,solar,unknown,2,,,,,"""Wabash County"" Indiana solar height_limit",
999,compiled_flagged,nrel:solar:18171,IN,Warren County,County,renewables_only,solar,unknown,2,,,,,"""Warren County"" Indiana solar height_limit",
1000,compiled_flagged,nrel:wind:18171,IN,Warren County,County,renewables_only,wind,unknown,2,,,,,"""Warren County"" Indiana wind setback",
1001,compiled_flagged,nrel:solar:18179,IN,Wells County,County,renewables_only,solar,unknown,2,,,,,"""Wells County"" Indiana solar height_limit",
1002,compiled_flagged,nrel:solar:18181,IN,White County,County,renewables_only,solar,unknown,2,,,,,"""White County"" Indiana solar height_limit",
1003,compiled_flagged,nrel:wind:18181,IN,White County,County,renewables_only,wind,unknown,2,,,,,"""White County"" Indiana wind setback",
1004,compiled_flagged,nrel:solar:18183,IN,Whitley County,County,renewables_only,solar,unknown,2,,,,,"""Whitley County"" Indiana solar height_limit",
1005,compiled_flagged,nrel:wind:20001,KS,Allen County,County,renewables_only,wind,unknown,2,,,,,"""Allen County"" Kansas wind setback",
1006,compiled_flagged,nrel:wind:20037,KS,Crawford County,County,renewables_only,wind,unknown,2,,,,,"""Crawford County"" Kansas wind setback",
1007,compiled_flagged,nrel:solar:20045,KS,Douglas County,County,renewables_only,solar,unknown,2,,,,,"""Douglas County"" Kansas solar height_limit",values conflict with sabin:S26R-6061
1008,compiled_flagged,nrel:solar:20051,KS,Ellis County,County,renewables_only,solar,unknown,2,,,,,"""Ellis County"" Kansas solar height_limit",
1009,compiled_flagged,nrel:solar:20059,KS,Franklin County,County,renewables_only,solar,unknown,2,,,,,"""Franklin County"" Kansas solar height_limit",
1010,compiled_flagged,nrel:wind:20059,KS,Franklin County,County,renewables_only,wind,unknown,2,,,,,"""Franklin County"" Kansas wind setback",values conflict with sabin:REC-0124
1011,compiled_flagged,nrel:wind:20061,KS,Geary County,County,renewables_only,wind,unknown,2,,,,,"""Geary County"" Kansas wind setback",
1012,compiled_flagged,nrel:wind:20079,KS,Harvey County,County,renewables_only,wind,unknown,2,,,,,"""Harvey County"" Kansas wind setback",values conflict with sabin:REC-0125
1013,compiled_flagged,nrel:solar:20103,KS,Leavenworth County,County,renewables_only,solar,unknown,2,,,,,"""Leavenworth County"" Kansas solar height_limit",
1014,compiled_flagged,nrel:solar:20111,KS,Lyon County,County,renewables_only,solar,unknown,2,,,,,"""Lyon County"" Kansas solar height_limit",values conflict with mn:ks-lyon-county-2026-2
1015,compiled_flagged,nrel:solar:20115,KS,Marion County,County,renewables_only,solar,unknown,2,,,,,"""Marion County"" Kansas solar height_limit",
1016,compiled_flagged,nrel:wind:20115,KS,Marion County,County,renewables_only,wind,unknown,2,,,,,"""Marion County"" Kansas wind setback",
1017,compiled_flagged,nrel:wind:20113,KS,McPherson County,County,renewables_only,wind,unknown,2,,,,,"""McPherson County"" Kansas wind setback",values conflict with sabin:REC-0131
1018,compiled_flagged,nrel:wind:20121,KS,Miami County,County,renewables_only,wind,unknown,2,,,,,"""Miami County"" Kansas wind setback",values conflict with mn:ks-miami-county-2026
1019,compiled_flagged,nrel:wind:20139,KS,Osage County,County,renewables_only,wind,unknown,2,,,,,"""Osage County"" Kansas wind zoning_restriction",values conflict with sabin:REC-0133
1020,compiled_flagged,nrel:solar:20145,KS,Pawnee County,County,renewables_only,solar,unknown,2,,,,,"""Pawnee County"" Kansas solar height_limit",values conflict with sabin:REC-0134
1021,compiled_flagged,nrel:wind:20145,KS,Pawnee County,County,renewables_only,wind,unknown,2,,,,,"""Pawnee County"" Kansas wind setback",
1022,compiled_flagged,nrel:solar:20151,KS,Pratt County,County,renewables_only,solar,unknown,2,,,,,"""Pratt County"" Kansas solar setback",
1023,compiled_flagged,nrel:solar:20155,KS,Reno County,County,renewables_only,solar,unknown,2,,,,,"""Reno County"" Kansas solar height_limit",
1024,compiled_flagged,nrel:wind:20165,KS,Rush County,County,renewables_only,wind,unknown,2,,,,,"""Rush County"" Kansas wind setback",
1025,compiled_flagged,nrel:wind:20169,KS,Saline County,County,renewables_only,wind,unknown,2,,,,,"""Saline County"" Kansas wind setback",
1026,compiled_flagged,nrel:solar:20173,KS,Sedgwick County,County,renewables_only,solar,unknown,2,,,,,"""Sedgwick County"" Kansas solar height_limit",values conflict with mn:ks-sedgwick-county-2026-3; sabin:S26R-6046
1027,compiled_flagged,nrel:wind:20173,KS,Sedgwick County,County,renewables_only,wind,unknown,2,,,,,"""Sedgwick County"" Kansas wind zoning_restriction",values conflict with sabin:S26R-6046
1028,compiled_flagged,nrel:solar:20175,KS,Seward County,County,renewables_only,solar,unknown,2,,,,,"""Seward County"" Kansas solar height_limit",
1029,compiled_flagged,nrel:wind:20175,KS,Seward County,County,renewables_only,wind,unknown,2,,,,,"""Seward County"" Kansas wind setback",
1030,compiled_flagged,nrel:wind:20197,KS,Wabaunsee County,County,renewables_only,wind,unknown,2,,,,,"""Wabaunsee County"" Kansas wind size_cap",NREL sample: Maximum Project Size contradicts; NREL sample: Shadow Flicker contradicts
1031,compiled_flagged,nrel:wind:20207,KS,Woodson County,County,renewables_only,wind,unknown,2,,,,,"""Woodson County"" Kansas wind setback",values conflict with sabin:S26R-6043
1032,compiled_flagged,nrel:solar:21007,KY,Ballard County,County,renewables_only,solar,unknown,2,,,,,"""Ballard County"" Kentucky solar setback",
1033,compiled_flagged,nrel:solar:21015,KY,Boone County,County,renewables_only,solar,unknown,2,,,,,"""Boone County"" Kentucky solar height_limit",
1034,compiled_flagged,nrel:solar:21021,KY,Boyle County,County,renewables_only,solar,unknown,2,,,,,"""Boyle County"" Kentucky solar setback",values conflict with sabin:REC-0138
1035,compiled_flagged,nrel:wind:21021,KY,Boyle County,County,renewables_only,wind,unknown,2,,,,,"""Boyle County"" Kentucky wind setback",
1036,compiled_flagged,nrel:solar:21079,KY,Garrard County,County,renewables_only,solar,unknown,2,,,,,"""Garrard County"" Kentucky solar height_limit",
1037,compiled_flagged,nrel:solar:21097,KY,Harrison County,County,renewables_only,solar,unknown,2,,,,,"""Harrison County"" Kentucky solar height_limit",
1038,compiled_flagged,nrel:solar:21101,KY,Henderson County,County,renewables_only,solar,unknown,2,,,,,"""Henderson County"" Kentucky solar height_limit",
1039,compiled_flagged,nrel:solar:21113,KY,Jessamine County,County,renewables_only,solar,unknown,2,,,,,"""Jessamine County"" Kentucky solar height_limit",
1040,compiled_flagged,nrel:solar:21161,KY,Mason County,County,renewables_only,solar,unknown,2,,,,,"""Mason County"" Kentucky solar height_limit",values conflict with sabin:REC-0141
1041,compiled_flagged,nrel:solar:21145,KY,McCracken County,County,renewables_only,solar,unknown,2,,,,,"""McCracken County"" Kentucky solar setback",values conflict with sabin:S26R-6035
1042,compiled_flagged,nrel:solar:21149,KY,McLean County,County,renewables_only,solar,unknown,2,,,,,"""McLean County"" Kentucky solar height_limit",
1043,compiled_flagged,nrel:solar:21163,KY,Meade County,County,renewables_only,solar,unknown,2,,,,,"""Meade County"" Kentucky solar height_limit",values conflict with sabin:REC-0142
1044,compiled_flagged,nrel:solar:21209,KY,Scott County,County,renewables_only,solar,unknown,2,,,,,"""Scott County"" Kentucky solar height_limit",
1045,compiled_flagged,nrel:solar:21213,KY,Simpson County,County,renewables_only,solar,unknown,2,,,,,"""Simpson County"" Kentucky solar height_limit",
1046,compiled_flagged,nrel:wind:21227,KY,Warren County,County,renewables_only,wind,unknown,2,,,,,"""Warren County"" Kentucky wind setback",
1047,compiled_flagged,nrel:solar:22001,LA,Acadia Parish,Parish,renewables_only,solar,unknown,2,,,,,"""Acadia Parish"" Louisiana solar setback",
1048,compiled_flagged,nrel:solar:22005,LA,Ascension Parish,Parish,renewables_only,solar,unknown,2,,,,,"""Ascension Parish"" Louisiana solar height_limit",values conflict with sabin:S26R-6029
1049,compiled_flagged,nrel:solar:22015,LA,Bossier Parish,Parish,renewables_only,solar,unknown,2,,,,,"""Bossier Parish"" Louisiana solar height_limit",values conflict with sabin:S26R-6028
1050,compiled_flagged,nrel:wind:22017,LA,Caddo Parish,Parish,renewables_only,wind,unknown,2,,,,,"""Caddo Parish"" Louisiana wind setback",values conflict with sabin:S26R-6027
1051,compiled_flagged,nrel:solar:22019,LA,Calcasieu Parish,Parish,renewables_only,solar,unknown,2,,,,,"""Calcasieu Parish"" Louisiana solar height_limit",
1052,compiled_flagged,nrel:solar:22047,LA,Iberville Parish,Parish,renewables_only,solar,unknown,2,,,,,"""Iberville Parish"" Louisiana solar height_limit",
1053,compiled_flagged,nrel:solar:22053,LA,Jefferson Davis Parish,Parish,renewables_only,solar,unknown,2,,,,,"""Jefferson Davis Parish"" Louisiana solar height_limit",
1054,compiled_flagged,nrel:solar:22069,LA,Natchitoches Parish,Parish,renewables_only,solar,unknown,2,,,,,"""Natchitoches Parish"" Louisiana solar height_limit",
1055,compiled_flagged,nrel:solar:22079,LA,Rapides Parish,Parish,renewables_only,solar,unknown,2,,,,,"""Rapides Parish"" Louisiana solar height_limit",values conflict with sabin:S26R-6024
1056,compiled_flagged,nrel:solar:22083,LA,Richland Parish,Parish,renewables_only,solar,unknown,2,,,,,"""Richland Parish"" Louisiana solar height_limit",values conflict with sabin:S26R-6023
1057,compiled_flagged,nrel:solar:22097,LA,St. Landry Parish,Parish,renewables_only,solar,unknown,2,,,,,"""St. Landry Parish"" Louisiana solar setback",
1058,compiled_flagged,nrel:wind:22097,LA,St. Landry Parish,Parish,renewables_only,wind,unknown,2,,,,,"""St. Landry Parish"" Louisiana wind setback",
1059,compiled_flagged,nrel:solar:22101,LA,St. Mary Parish,Parish,renewables_only,solar,unknown,2,,,,,"""St. Mary Parish"" Louisiana solar height_limit",
1060,compiled_flagged,nrel:solar:22103,LA,St. Tammany Parish,Parish,renewables_only,solar,unknown,2,,,,,"""St. Tammany Parish"" Louisiana solar size_cap",
1061,compiled_flagged,nrel:wind:22113,LA,Vermilion Parish,Parish,renewables_only,wind,unknown,2,,,,,"""Vermilion Parish"" Louisiana wind setback",
1062,compiled_flagged,nrel:solar:22117,LA,Washington Parish,Parish,renewables_only,solar,unknown,2,,,,,"""Washington Parish"" Louisiana solar height_limit",values conflict with sabin:REC-0153
1063,compiled_flagged,nrel:wind:22125,LA,West Feliciana Parish,Parish,renewables_only,wind,unknown,2,,,,,"""West Feliciana Parish"" Louisiana wind setback",
1064,compiled_flagged,nrel:solar:2500701585,MA,Aquinnah Town,Municipality,renewables_only,solar,unknown,2,,,,,"""Aquinnah Town"" Massachusetts solar setback",
1065,compiled_flagged,nrel:solar:2502701885,MA,Ashburnham Town,Municipality,renewables_only,solar,unknown,2,,,,,"""Ashburnham Town"" Massachusetts solar setback",
1066,compiled_flagged,nrel:wind:2501102095,MA,Ashfield Town,Municipality,renewables_only,wind,unknown,2,,,,,"""Ashfield Town"" Massachusetts wind siting_standard",
1067,compiled_flagged,nrel:solar:2502702480,MA,Athol Town,Municipality,renewables_only,solar,unknown,2,,,,,"""Athol Town"" Massachusetts solar setback",
1068,compiled_flagged,nrel:solar:2502702760,MA,Auburn Town,Municipality,renewables_only,solar,unknown,2,,,,,"""Auburn Town"" Massachusetts solar height_limit",
1069,compiled_flagged,nrel:solar:2502703740,MA,Barre Town,Municipality,renewables_only,solar,unknown,2,,,,,"""Barre Town"" Massachusetts solar setback",
1070,compiled_flagged,nrel:solar:2501504825,MA,Belchertown Town,Municipality,renewables_only,solar,unknown,2,,,,,"""Belchertown Town"" Massachusetts solar setback",
1071,compiled_flagged,nrel:solar:2502104930,MA,Bellingham Town,Municipality,renewables_only,solar,unknown,2,,,,,"""Bellingham Town"" Massachusetts solar setback",
1072,compiled_flagged,nrel:solar:2500905595,MA,Beverly City,Municipality,renewables_only,solar,unknown,2,,,,,"""Beverly City"" Massachusetts solar height_limit",
1073,compiled_flagged,nrel:solar:2502706365,MA,Bolton Town,Municipality,renewables_only,solar,unknown,2,,,,,"""Bolton Town"" Massachusetts solar size_cap",
1074,compiled_flagged,nrel:solar:2500107175,MA,Bourne Town,Municipality,renewables_only,solar,unknown,2,,,,,"""Bourne Town"" Massachusetts solar setback",
1075,compiled_flagged,nrel:solar:2500107980,MA,Brewster Town,Municipality,renewables_only,solar,unknown,2,,,,,"""Brewster Town"" Massachusetts solar setback",
1076,compiled_flagged,nrel:solar:2502709105,MA,Brookfield Town,Municipality,renewables_only,solar,unknown,2,,,,,"""Brookfield Town"" Massachusetts solar noise_limit",
1077,compiled_flagged,nrel:wind:2501109595,MA,Buckland Town,Municipality,renewables_only,wind,unknown,2,,,,,"""Buckland Town"" Massachusetts wind zoning_restriction",
1078,compiled_flagged,nrel:solar:2502311665,MA,Carver Town,Municipality,renewables_only,solar,unknown,2,,,,,"""Carver Town"" Massachusetts solar setback",
1079,compiled_flagged,nrel:wind:2502311665,MA,Carver Town,Municipality,renewables_only,wind,unknown,2,,,,,"""Carver Town"" Massachusetts wind setback",
1080,compiled_flagged,nrel:solar:2500314010,MA,Clarksburg Town,Municipality,renewables_only,solar,unknown,2,,,,,"""Clarksburg Town"" Massachusetts solar height_limit",
1081,compiled_flagged,nrel:solar:2502114640,MA,Cohasset Town,Municipality,renewables_only,solar,unknown,2,,,,,"""Cohasset Town"" Massachusetts solar height_limit",
1082,compiled_flagged,nrel:wind:2501115200,MA,Conway Town,Municipality,renewables_only,wind,unknown,2,,,,,"""Conway Town"" Massachusetts wind siting_standard",
1083,compiled_flagged,nrel:solar:2500516425,MA,Dartmouth Town,Municipality,renewables_only,solar,unknown,2,,,,,"""Dartmouth Town"" Massachusetts solar setback",values conflict with sabin:S26R-5975
1084,compiled_flagged,nrel:solar:2501116670,MA,Deerfield Town,Municipality,renewables_only,solar,unknown,2,,,,,"""Deerfield Town"" Massachusetts solar height_limit",
1085,compiled_flagged,nrel:solar:2501319645,MA,East Longmeadow Town,Municipality,renewables_only,solar,unknown,2,,,,,"""East Longmeadow Town"" Massachusetts solar height_limit",
1086,compiled_flagged,nrel:solar:2500321360,MA,Egremont Town,Municipality,renewables_only,solar,unknown,2,,,,,"""Egremont Town"" Massachusetts solar height_limit",
1087,compiled_flagged,nrel:solar:2501121780,MA,Erving Town,Municipality,renewables_only,solar,unknown,2,,,,,"""Erving Town"" Massachusetts solar setback",
1088,compiled_flagged,nrel:solar:2500522130,MA,Fairhaven Town,Municipality,renewables_only,solar,unknown,2,,,,,"""Fairhaven Town"" Massachusetts solar setback",
1089,compiled_flagged,nrel:solar:2500123105,MA,Falmouth Town,Municipality,renewables_only,solar,unknown,2,,,,,"""Falmouth Town"" Massachusetts solar setback",
1090,compiled_flagged,nrel:wind:2500123105,MA,Falmouth Town,Municipality,renewables_only,wind,unknown,2,,,,,"""Falmouth Town"" Massachusetts wind size_cap",
1091,compiled_flagged,nrel:solar:2500525240,MA,Freetown Town,Municipality,renewables_only,solar,unknown,2,,,,,"""Freetown Town"" Massachusetts solar setback",
1092,compiled_flagged,nrel:wind:2502725485,MA,Gardner City,Municipality,renewables_only,wind,unknown,2,,,,,"""Gardner City"" Massachusetts wind setback",
1093,compiled_flagged,nrel:solar:2501526535,MA,Granby Town,Municipality,renewables_only,solar,unknown,2,,,,,"""Granby Town"" Massachusetts solar zoning_restriction",
1094,compiled_flagged,nrel:solar:2501527690,MA,Hadley Town,Municipality,renewables_only,solar,unknown,2,,,,,"""Hadley Town"" Massachusetts solar setback",
1095,compiled_flagged,nrel:solar:2501328075,MA,Hampden Town,Municipality,renewables_only,solar,unknown,2,,,,,"""Hampden Town"" Massachusetts solar height_limit",
1096,compiled_flagged,nrel:solar:2500129020,MA,Harwich Town,Municipality,renewables_only,solar,unknown,2,,,,,"""Harwich Town"" Massachusetts solar setback",
1097,compiled_flagged,nrel:wind:2501731085,MA,Hopkinton Town,Municipality,renewables_only,wind,unknown,2,,,,,"""Hopkinton Town"" Massachusetts wind setback",
1098,compiled_flagged,nrel:wind:2501731540,MA,Hudson Town,Municipality,renewables_only,wind,unknown,2,,,,,"""Hudson Town"" Massachusetts wind setback",
1099,compiled_flagged,nrel:solar:2500932310,MA,Ipswich Town,Municipality,renewables_only,solar,unknown,2,,,,,"""Ipswich Town"" Massachusetts solar height_limit",
1100,compiled_flagged,nrel:solar:2502333920,MA,Lakeville Town,Municipality,renewables_only,solar,unknown,2,,,,,"""Lakeville Town"" Massachusetts solar setback",
1101,compiled_flagged,nrel:wind:2500334340,MA,Lanesborough Town,Municipality,renewables_only,wind,unknown,2,,,,,"""Lanesborough Town"" Massachusetts wind setback",
1102,compiled_flagged,nrel:wind:2500937995,MA,Manchester-by-the-Sea Town,Municipality,renewables_only,wind,unknown,2,,,,,"""Manchester-by-the-Sea Town"" Massachusetts wind setback",
1103,compiled_flagged,nrel:solar:2501540990,MA,Middlefield Town,Municipality,renewables_only,solar,unknown,2,,,,,"""Middlefield Town"" Massachusetts solar height_limit",
1104,compiled_flagged,nrel:solar:2502741340,MA,Millbury Town,Municipality,renewables_only,solar,unknown,2,,,,,"""Millbury Town"" Massachusetts solar height_limit",
1105,compiled_flagged,nrel:solar:2502144105,MA,Needham Town,Municipality,renewables_only,solar,unknown,2,,,,,"""Needham Town"" Massachusetts solar height_limit",
1106,compiled_flagged,nrel:solar:2502745105,MA,New Braintree Town,Municipality,renewables_only,solar,unknown,2,,,,,"""New Braintree Town"" Massachusetts solar setback",
1107,compiled_flagged,nrel:solar:2500345420,MA,New Marlborough Town,Municipality,renewables_only,solar,unknown,2,,,,,"""New Marlborough Town"" Massachusetts solar height_limit",
1108,compiled_flagged,nrel:solar:2502146050,MA,Norfolk Town,Municipality,renewables_only,solar,unknown,2,,,,,"""Norfolk Town"" Massachusetts solar setback",
1109,compiled_flagged,nrel:solar:2500346225,MA,North Adams City,Municipality,renewables_only,solar,unknown,2,,,,,"""North Adams City"" Massachusetts solar setback",
1110,compiled_flagged,nrel:solar:2500946365,MA,North Andover Town,Municipality,renewables_only,solar,unknown,2,,,,,"""North Andover Town"" Massachusetts solar height_limit",
1111,compiled_flagged,nrel:solar:2502747135,MA,North Brookfield Town,Municipality,renewables_only,solar,unknown,2,,,,,"""North Brookfield Town"" Massachusetts solar setback",
1112,compiled_flagged,nrel:solar:2501546330,MA,Northampton City,Municipality,renewables_only,solar,unknown,2,,,,,"""Northampton City"" Massachusetts solar height_limit",
1113,compiled_flagged,nrel:solar:2502746925,MA,Northbridge Town,Municipality,renewables_only,solar,unknown,2,,,,,"""Northbridge Town"" Massachusetts solar setback",
1114,compiled_flagged,nrel:solar:2502350145,MA,Norwell Town,Municipality,renewables_only,solar,unknown,2,,,,,"""Norwell Town"" Massachusetts solar height_limit",
1115,compiled_flagged,nrel:wind:2500750390,MA,Oak Bluffs Town,Municipality,renewables_only,wind,unknown,2,,,,,"""Oak Bluffs Town"" Massachusetts wind setback",
1116,compiled_flagged,nrel:solar:2500351580,MA,Otis Town,Municipality,renewables_only,solar,unknown,2,,,,,"""Otis Town"" Massachusetts solar height_limit",
1117,compiled_flagged,nrel:solar:2502354310,MA,Plymouth Town,Municipality,renewables_only,solar,unknown,2,,,,,"""Plymouth Town"" Massachusetts solar setback",
1118,compiled_flagged,nrel:solar:2502354415,MA,Plympton Town,Municipality,renewables_only,solar,unknown,2,,,,,"""Plympton Town"" Massachusetts solar setback",
1119,compiled_flagged,nrel:solar:2500556060,MA,Raynham Town,Municipality,renewables_only,solar,unknown,2,,,,,"""Raynham Town"" Massachusetts solar setback",values conflict with sabin:S26R-5976
1120,compiled_flagged,nrel:solar:2502357775,MA,Rockland Town,Municipality,renewables_only,solar,unknown,2,,,,,"""Rockland Town"" Massachusetts solar setback",
1121,compiled_flagged,nrel:solar:2501158335,MA,Rowe Town,Municipality,renewables_only,solar,unknown,2,,,,,"""Rowe Town"" Massachusetts solar height_limit",
1122,compiled_flagged,nrel:solar:2500958405,MA,Rowley Town,Municipality,renewables_only,solar,unknown,2,,,,,"""Rowley Town"" Massachusetts solar setback",
1123,compiled_flagged,nrel:solar:2502758825,MA,Rutland Town,Municipality,renewables_only,solar,unknown,2,,,,,"""Rutland Town"" Massachusetts solar setback",
1124,compiled_flagged,nrel:solar:2500959245,MA,Salisbury Town,Municipality,renewables_only,solar,unknown,2,,,,,"""Salisbury Town"" Massachusetts solar setback",
1125,compiled_flagged,nrel:solar:2502360330,MA,Scituate Town,Municipality,renewables_only,solar,unknown,2,,,,,"""Scituate Town"" Massachusetts solar setback",
1126,compiled_flagged,nrel:wind:2502360330,MA,Scituate Town,Municipality,renewables_only,wind,unknown,2,,,,,"""Scituate Town"" Massachusetts wind setback",
1127,compiled_flagged,nrel:solar:2500361065,MA,Sheffield Town,Municipality,renewables_only,solar,unknown,2,,,,,"""Sheffield Town"" Massachusetts solar height_limit",
1128,compiled_flagged,nrel:solar:2501761380,MA,Sherborn Town,Municipality,renewables_only,solar,unknown,2,,,,,"""Sherborn Town"" Massachusetts solar setback",
1129,compiled_flagged,nrel:solar:2502761800,MA,Shrewsbury Town,Municipality,renewables_only,solar,unknown,2,,,,,"""Shrewsbury Town"" Massachusetts solar setback",
1130,compiled_flagged,nrel:solar:2501161905,MA,Shutesbury Town,Municipality,renewables_only,solar,unknown,2,,,,,"""Shutesbury Town"" Massachusetts solar setback",values conflict with sabin:REC-0189
1131,compiled_flagged,nrel:wind:2501564145,MA,South Hadley Town,Municipality,renewables_only,wind,unknown,2,,,,,"""South Hadley Town"" Massachusetts wind setback",
1132,compiled_flagged,nrel:solar:2502766105,MA,Spencer Town,Municipality,renewables_only,solar,unknown,2,,,,,"""Spencer Town"" Massachusetts solar height_limit",
1133,compiled_flagged,nrel:solar:2500367595,MA,Stockbridge Town,Municipality,renewables_only,solar,unknown,2,,,,,"""Stockbridge Town"" Massachusetts solar height_limit",
1134,compiled_flagged,nrel:solar:2502768155,MA,Sturbridge Town,Municipality,renewables_only,solar,unknown,2,,,,,"""Sturbridge Town"" Massachusetts solar setback",
1135,compiled_flagged,nrel:solar:2501168400,MA,Sunderland Town,Municipality,renewables_only,solar,unknown,2,,,,,"""Sunderland Town"" Massachusetts solar height_limit",
1136,compiled_flagged,nrel:solar:2500769940,MA,Tisbury Town,Municipality,renewables_only,solar,unknown,2,,,,,"""Tisbury Town"" Massachusetts solar setback",
1137,compiled_flagged,nrel:solar:2500170605,MA,Truro Town,Municipality,renewables_only,solar,unknown,2,,,,,"""Truro Town"" Massachusetts solar setback",
1138,compiled_flagged,nrel:wind:2500371095,MA,Tyringham Town,Municipality,renewables_only,wind,unknown,2,,,,,"""Tyringham Town"" Massachusetts wind zoning_restriction",
1139,compiled_flagged,nrel:solar:2502172495,MA,Walpole Town,Municipality,renewables_only,solar,unknown,2,,,,,"""Walpole Town"" Massachusetts solar height_limit",
1140,compiled_flagged,nrel:solar:2501572880,MA,Ware Town,Municipality,renewables_only,solar,unknown,2,,,,,"""Ware Town"" Massachusetts solar setback",
1141,compiled_flagged,nrel:solar:2502372985,MA,Wareham Town,Municipality,renewables_only,solar,unknown,2,,,,,"""Wareham Town"" Massachusetts solar setback",
1142,compiled_flagged,nrel:solar:2502773895,MA,Webster Town,Municipality,renewables_only,solar,unknown,2,,,,,"""Webster Town"" Massachusetts solar zoning_restriction",
1143,compiled_flagged,nrel:solar:2500174385,MA,Wellfleet Town,Municipality,renewables_only,solar,unknown,2,,,,,"""Wellfleet Town"" Massachusetts solar height_limit",
1144,compiled_flagged,nrel:solar:2502775400,MA,West Brookfield Town,Municipality,renewables_only,solar,unknown,2,,,,,"""West Brookfield Town"" Massachusetts solar setback",NREL sample: Prohibited Use Districts contradicts; NREL sample: Structures (Non-Participating) contradicts
1145,compiled_flagged,nrel:solar:2500977150,MA,West Newbury Town,Municipality,renewables_only,solar,unknown,2,,,,,"""West Newbury Town"" Massachusetts solar height_limit",
1146,compiled_flagged,nrel:solar:2500377990,MA,West Stockbridge Town,Municipality,renewables_only,solar,unknown,2,,,,,"""West Stockbridge Town"" Massachusetts solar height_limit",
1147,compiled_flagged,nrel:wind:2500778235,MA,West Tisbury Town,Municipality,renewables_only,wind,unknown,2,,,,,"""West Tisbury Town"" Massachusetts wind setback",values conflict with sabin:S26R-5973
1148,compiled_flagged,nrel:wind:2502178972,MA,Weymouth Town City,Municipality,renewables_only,wind,unknown,2,,,,,"""Weymouth Town City"" Massachusetts wind noise_limit",
1149,compiled_flagged,nrel:solar:2501179110,MA,Whately Town,Municipality,renewables_only,solar,unknown,2,,,,,"""Whately Town"" Massachusetts solar height_limit",
1150,compiled_flagged,nrel:solar:2501379740,MA,Wilbraham Town,Municipality,renewables_only,solar,unknown,2,,,,,"""Wilbraham Town"" Massachusetts solar height_limit",values conflict with sabin:S26R-5962
1151,compiled_flagged,nrel:wind:2501379740,MA,Wilbraham Town,Municipality,renewables_only,wind,unknown,2,,,,,"""Wilbraham Town"" Massachusetts wind zoning_restriction",
1152,compiled_flagged,nrel:wind:2501780230,MA,Wilmington Town,Municipality,renewables_only,wind,unknown,2,,,,,"""Wilmington Town"" Massachusetts wind setback",
1153,compiled_flagged,nrel:solar:2502780405,MA,Winchendon Town,Municipality,renewables_only,solar,unknown,2,,,,,"""Winchendon Town"" Massachusetts solar noise_limit",
1154,compiled_flagged,nrel:solar:2501781035,MA,Woburn City,Municipality,renewables_only,solar,unknown,2,,,,,"""Woburn City"" Massachusetts solar height_limit",
1155,compiled_flagged,nrel:wind:2501781035,MA,Woburn City,Municipality,renewables_only,wind,unknown,2,,,,,"""Woburn City"" Massachusetts wind setback",
1156,compiled_flagged,nrel:solar:24001,MD,Allegany County,County,renewables_only,solar,unknown,2,,,,,"""Allegany County"" Maryland solar setback",
1157,compiled_flagged,nrel:wind:24001,MD,Allegany County,County,renewables_only,wind,unknown,2,,,,,"""Allegany County"" Maryland wind setback",values conflict with sabin:REC-0172
1158,compiled_flagged,nrel:solar:24003,MD,Anne Arundel County,County,renewables_only,solar,unknown,2,,,,,"""Anne Arundel County"" Maryland solar size_cap",values conflict with sabin:REC-0173
1159,compiled_flagged,nrel:solar:24510,MD,Baltimore City,Municipality,renewables_only,solar,unknown,2,,,,,"""Baltimore City"" Maryland solar height_limit",
1160,compiled_flagged,nrel:solar:24011,MD,Caroline County,County,renewables_only,solar,unknown,2,,,,,"""Caroline County"" Maryland solar height_limit",values conflict with sabin:S26R-5986
1161,compiled_flagged,nrel:solar:24013,MD,Carroll County,County,renewables_only,solar,unknown,2,,,,,"""Carroll County"" Maryland solar height_limit",values conflict with sabin:REC-0174
1162,compiled_flagged,nrel:solar:24015,MD,Cecil County,County,renewables_only,solar,unknown,2,,,,,"""Cecil County"" Maryland solar height_limit",values conflict with sabin:S26R-5984
1163,compiled_flagged,nrel:solar:24019,MD,Dorchester County,County,renewables_only,solar,unknown,2,,,,,"""Dorchester County"" Maryland solar setback",
1164,compiled_flagged,nrel:solar:24021,MD,Frederick County,County,renewables_only,solar,unknown,2,,,,,"""Frederick County"" Maryland solar setback",
1165,compiled_flagged,nrel:solar:24023,MD,Garrett County,County,renewables_only,solar,unknown,2,,,,,"""Garrett County"" Maryland solar size_cap",values conflict with sabin:S26R-5983
1166,compiled_flagged,nrel:wind:24023,MD,Garrett County,County,renewables_only,wind,unknown,2,,,,,"""Garrett County"" Maryland wind setback",
1167,compiled_flagged,nrel:solar:24025,MD,Harford County,County,renewables_only,solar,unknown,2,,,,,"""Harford County"" Maryland solar height_limit",values conflict with sabin:REC-0175
1168,compiled_flagged,nrel:solar:24027,MD,Howard County,County,renewables_only,solar,unknown,2,,,,,"""Howard County"" Maryland solar height_limit",
1169,compiled_flagged,nrel:solar:24029,MD,Kent County,County,renewables_only,solar,unknown,2,,,,,"""Kent County"" Maryland solar height_limit",
1170,compiled_flagged,nrel:solar:24031,MD,Montgomery County,County,renewables_only,solar,unknown,2,,,,,"""Montgomery County"" Maryland solar size_cap",
1171,compiled_flagged,nrel:solar:24035,MD,Queen Anne's County,County,renewables_only,solar,unknown,2,,,,,"""Queen Anne's County"" Maryland solar height_limit",
1172,compiled_flagged,nrel:wind:24035,MD,Queen Anne's County,County,renewables_only,wind,unknown,2,,,,,"""Queen Anne's County"" Maryland wind zoning_restriction",values conflict with sabin:S26R-5981
1173,compiled_flagged,nrel:solar:24039,MD,Somerset County,County,renewables_only,solar,unknown,2,,,,,"""Somerset County"" Maryland solar setback",
1174,compiled_flagged,nrel:solar:24037,MD,St. Mary's County,County,renewables_only,solar,unknown,2,,,,,"""St. Mary's County"" Maryland solar height_limit",
1175,compiled_flagged,nrel:solar:24041,MD,Talbot County,County,renewables_only,solar,unknown,2,,,,,"""Talbot County"" Maryland solar size_cap",values conflict with sabin:S26R-5980
1176,compiled_flagged,nrel:solar:24043,MD,Washington County,County,renewables_only,solar,unknown,2,,,,,"""Washington County"" Maryland solar setback",
1177,compiled_flagged,nrel:solar:24045,MD,Wicomico County,County,renewables_only,solar,unknown,2,,,,,"""Wicomico County"" Maryland solar setback",
1178,compiled_flagged,nrel:wind:2301301465,ME,Appleton Town,Municipality,renewables_only,wind,unknown,2,,,,,"""Appleton Town"" Maine wind setback",
1179,compiled_flagged,nrel:solar:2301902795,ME,Bangor City,Municipality,renewables_only,solar,unknown,2,,,,,"""Bangor City"" Maine solar height_limit",
1180,compiled_flagged,nrel:solar:2302703950,ME,Belfast City,Municipality,renewables_only,solar,unknown,2,,,,,"""Belfast City"" Maine solar height_limit",
1181,compiled_flagged,nrel:wind:2301104020,ME,Belgrade Town,Municipality,renewables_only,wind,unknown,2,,,,,"""Belgrade Town"" Maine wind setback",
1182,compiled_flagged,nrel:solar:2301704825,ME,Bethel Town,Municipality,renewables_only,solar,unknown,2,,,,,"""Bethel Town"" Maine solar height_limit",
1183,compiled_flagged,nrel:solar:2300905700,ME,Blue Hill Town,Municipality,renewables_only,solar,unknown,2,,,,,"""Blue Hill Town"" Maine solar height_limit",
1184,compiled_flagged,nrel:wind:2301506050,ME,Boothbay Town,Municipality,renewables_only,wind,unknown,2,,,,,"""Boothbay Town"" Maine wind setback",
1185,compiled_flagged,nrel:wind:2302306365,ME,Bowdoinham Town,Municipality,renewables_only,wind,unknown,2,,,,,"""Bowdoinham Town"" Maine wind setback",
1186,compiled_flagged,nrel:solar:2301906925,ME,Brewer City,Municipality,renewables_only,solar,unknown,2,,,,,"""Brewer City"" Maine solar height_limit",values conflict with sabin:REC-0159
1187,compiled_flagged,nrel:solar:2301516235,ME,Damariscotta Town,Municipality,renewables_only,solar,unknown,2,,,,,"""Damariscotta Town"" Maine solar height_limit",
1188,compiled_flagged,nrel:wind:2301717250,ME,Denmark Town,Municipality,renewables_only,wind,unknown,2,,,,,"""Denmark Town"" Maine wind size_cap",
1189,compiled_flagged,nrel:solar:2300724775,ME,Farmington Town,Municipality,renewables_only,solar,unknown,2,,,,,"""Farmington Town"" Maine solar setback",
1190,compiled_flagged,nrel:wind:2300724775,ME,Farmington Town,Municipality,renewables_only,wind,unknown,2,,,,,"""Farmington Town"" Maine wind setback",
1191,compiled_flagged,nrel:wind:2300528240,ME,Gorham Town,Municipality,renewables_only,wind,unknown,2,,,,,"""Gorham Town"" Maine wind setback",
1192,compiled_flagged,nrel:solar:2300930970,ME,Hancock Town,Municipality,renewables_only,solar,unknown,2,,,,,"""Hancock Town"" Maine solar setback",
1193,compiled_flagged,nrel:solar:2300335065,ME,Island Falls Town,Municipality,renewables_only,solar,unknown,2,,,,,"""Island Falls Town"" Maine solar height_limit",
1194,compiled_flagged,nrel:solar:2302936010,ME,Jonesport Town,Municipality,renewables_only,solar,unknown,2,,,,,"""Jonesport Town"" Maine solar height_limit",
1195,compiled_flagged,nrel:wind:2300138740,ME,Lewiston City,Municipality,renewables_only,wind,unknown,2,,,,,"""Lewiston City"" Maine wind setback",
1196,compiled_flagged,nrel:solar:2300140035,ME,Lisbon Town,Municipality,renewables_only,solar,unknown,2,,,,,"""Lisbon Town"" Maine solar height_limit",
1197,compiled_flagged,nrel:solar:2302542660,ME,Madison Town,Municipality,renewables_only,solar,unknown,2,,,,,"""Madison Town"" Maine solar height_limit",
1198,compiled_flagged,nrel:wind:2302542660,ME,Madison Town,Municipality,renewables_only,wind,unknown,2,,,,,"""Madison Town"" Maine wind setback",
1199,compiled_flagged,nrel:solar:2300144585,ME,Mechanic Falls Town,Municipality,renewables_only,solar,unknown,2,,,,,"""Mechanic Falls Town"" Maine solar setback",
1200,compiled_flagged,nrel:wind:2301146405,ME,Monmouth Town,Municipality,renewables_only,wind,unknown,2,,,,,"""Monmouth Town"" Maine wind setback",
1201,compiled_flagged,nrel:wind:2302146580,ME,Monson Town,Municipality,renewables_only,wind,unknown,2,,,,,"""Monson Town"" Maine wind setback",
1202,compiled_flagged,nrel:wind:2301749275,ME,Newry Town,Municipality,renewables_only,wind,unknown,2,,,,,"""Newry Town"" Maine wind siting_standard",
1203,compiled_flagged,nrel:solar:2300553860,ME,North Yarmouth Town,Municipality,renewables_only,solar,unknown,2,,,,,"""North Yarmouth Town"" Maine solar setback",
1204,compiled_flagged,nrel:wind:2302752845,ME,Northport Town,Municipality,renewables_only,wind,unknown,2,,,,,"""Northport Town"" Maine wind setback",
1205,compiled_flagged,nrel:solar:2301955680,ME,Orrington Town,Municipality,renewables_only,solar,unknown,2,,,,,"""Orrington Town"" Maine solar size_cap",
1206,compiled_flagged,nrel:solar:2302156765,ME,Parkman Town,Municipality,renewables_only,solar,unknown,2,,,,,"""Parkman Town"" Maine solar height_limit",
1207,compiled_flagged,nrel:wind:2302559005,ME,Pittsfield Town,Municipality,renewables_only,wind,unknown,2,,,,,"""Pittsfield Town"" Maine wind setback",
1208,compiled_flagged,nrel:wind:2301162190,ME,Readfield Town,Municipality,renewables_only,wind,unknown,2,,,,,"""Readfield Town"" Maine wind zoning_restriction",
1209,compiled_flagged,nrel:solar:2301363590,ME,Rockland City,Municipality,renewables_only,solar,unknown,2,,,,,"""Rockland City"" Maine solar setback",
1210,compiled_flagged,nrel:solar:2301764185,ME,Roxbury Town,Municipality,renewables_only,solar,unknown,2,,,,,"""Roxbury Town"" Maine solar height_limit",
1211,compiled_flagged,nrel:wind:2301764290,ME,Rumford Town,Municipality,renewables_only,wind,unknown,2,,,,,"""Rumford Town"" Maine wind setback",
1212,compiled_flagged,nrel:solar:2303164675,ME,Saco City,Municipality,renewables_only,solar,unknown,2,,,,,"""Saco City"" Maine solar setback",
1213,compiled_flagged,nrel:solar:2302766635,ME,Searsport Town,Municipality,renewables_only,solar,unknown,2,,,,,"""Searsport Town"" Maine solar setback",
1214,compiled_flagged,nrel:solar:2302568910,ME,Skowhegan Town,Municipality,renewables_only,solar,unknown,2,,,,,"""Skowhegan Town"" Maine solar height_limit",
1215,compiled_flagged,nrel:wind:2301365130,ME,St. George Town,Municipality,renewables_only,wind,unknown,2,,,,,"""St. George Town"" Maine wind setback",
1216,compiled_flagged,nrel:wind:2302774475,ME,Stockton Springs Town,Municipality,renewables_only,wind,unknown,2,,,,,"""Stockton Springs Town"" Maine wind zoning_restriction",
1217,compiled_flagged,nrel:solar:2302381930,ME,West Bath Town,Municipality,renewables_only,solar,unknown,2,,,,,"""West Bath Town"" Maine solar height_limit",
1218,compiled_flagged,nrel:wind:2300785850,ME,Wilton Town,Municipality,renewables_only,wind,unknown,2,,,,,"""Wilton Town"" Maine wind setback",
1219,compiled_flagged,nrel:solar:2300586025,ME,Windham Town,Municipality,renewables_only,solar,unknown,2,,,,,"""Windham Town"" Maine solar height_limit",
1220,compiled_flagged,nrel:wind:2300986655,ME,Winter Harbor Town,Municipality,renewables_only,wind,unknown,2,,,,,"""Winter Harbor Town"" Maine wind setback",
1221,compiled_flagged,nrel:solar:2302387460,ME,Woolwich Town,Municipality,renewables_only,solar,unknown,2,,,,,"""Woolwich Town"" Maine solar height_limit",
1222,compiled_flagged,nrel:solar:2609100440,MI,Adrian City,Municipality,renewables_only,solar,unknown,2,,,,,"""Adrian City"" Michigan solar height_limit",
1223,compiled_flagged,nrel:solar:2611900940,MI,Albert Township,Municipality,renewables_only,solar,unknown,2,,,,,"""Albert Township"" Michigan solar height_limit",
1224,compiled_flagged,nrel:solar:2602500980,MI,Albion City,Municipality,renewables_only,solar,unknown,2,,,,,"""Albion City"" Michigan solar setback",
1225,compiled_flagged,nrel:wind:26001,MI,Alcona County,County,renewables_only,wind,unknown,2,,,,,"""Alcona County"" Michigan wind setback",values conflict with sabin:S26R-5957
1226,compiled_flagged,nrel:solar:2600501260,MI,Allegan City,Municipality,renewables_only,solar,unknown,2,,,,,"""Allegan City"" Michigan solar setback",
1227,compiled_flagged,nrel:solar:2613901360,MI,Allendale charter township,Municipality,renewables_only,solar,unknown,2,,,,,"""Allendale charter township"" Michigan solar noise_limit",values conflict with mn:mi-allendale-township-2026
1228,compiled_flagged,nrel:solar:2614101480,MI,Allis Township,Municipality,renewables_only,solar,unknown,2,,,,,"""Allis Township"" Michigan solar height_limit",
1229,compiled_flagged,nrel:solar:2615901600,MI,Almena Township,Municipality,renewables_only,solar,unknown,2,,,,,"""Almena Township"" Michigan solar height_limit",
1230,compiled_flagged,nrel:wind:26009,MI,Antrim County,County,renewables_only,wind,unknown,2,,,,,"""Antrim County"" Michigan wind setback",
1231,compiled_flagged,nrel:solar:2615703220,MI,Arbela Township,Municipality,renewables_only,solar,unknown,2,,,,,"""Arbela Township"" Michigan solar height_limit",
1232,compiled_flagged,nrel:solar:2606904920,MI,Baldwin Township,Municipality,renewables_only,solar,unknown,2,,,,,"""Baldwin Township"" Michigan solar height_limit",
1233,compiled_flagged,nrel:solar:2602505920,MI,Battle Creek City,Municipality,renewables_only,solar,unknown,2,,,,,"""Battle Creek City"" Michigan solar height_limit",
1234,compiled_flagged,nrel:solar:2602506720,MI,Bedford charter township,Municipality,renewables_only,solar,unknown,2,,,,,"""Bedford charter township"" Michigan solar height_limit",values conflict with sabin:REC-0202
1235,compiled_flagged,nrel:solar:2611707200,MI,Belvidere Township,Municipality,renewables_only,solar,unknown,2,,,,,"""Belvidere Township"" Michigan solar height_limit",
1236,compiled_flagged,nrel:solar:2603707240,MI,Bengal Township,Municipality,renewables_only,solar,unknown,2,,,,,"""Bengal Township"" Michigan solar height_limit",
1237,compiled_flagged,nrel:solar:2604507440,MI,Benton Township,Municipality,renewables_only,solar,unknown,2,,,,,"""Benton Township"" Michigan solar height_limit",
1238,compiled_flagged,nrel:solar:2602107920,MI,Bertrand Township,Municipality,renewables_only,solar,unknown,2,,,,,"""Bertrand Township"" Michigan solar height_limit",
1239,compiled_flagged,nrel:solar:2605708020,MI,Bethany Township,Municipality,renewables_only,solar,unknown,2,,,,,"""Bethany Township"" Michigan solar height_limit",
1240,compiled_flagged,nrel:solar:2610708320,MI,Big Rapids charter township,Municipality,renewables_only,solar,unknown,2,,,,,"""Big Rapids charter township"" Michigan solar height_limit",
1241,compiled_flagged,nrel:solar:2612508640,MI,Birmingham City,Municipality,renewables_only,solar,unknown,2,,,,,"""Birmingham City"" Michigan solar zoning_restriction",values conflict with sabin:S26R-5884
1242,compiled_flagged,nrel:solar:2612109340,MI,Blue Lake Township,Municipality,renewables_only,solar,unknown,2,,,,,"""Blue Lake Township"" Michigan solar height_limit",
1243,compiled_flagged,nrel:solar:2614509400,MI,Blumfield Township,Municipality,renewables_only,solar,unknown,2,,,,,"""Blumfield Township"" Michigan solar setback",
1244,compiled_flagged,nrel:solar:2614510100,MI,Brant Township,Municipality,renewables_only,solar,unknown,2,,,,,"""Brant Township"" Michigan solar height_limit",
1245,compiled_flagged,nrel:solar:2616110560,MI,Bridgewater Township,Municipality,renewables_only,solar,unknown,2,,,,,"""Bridgewater Township"" Michigan solar setback",
1246,compiled_flagged,nrel:solar:2602110580,MI,Bridgman City,Municipality,renewables_only,solar,unknown,2,,,,,"""Bridgman City"" Michigan solar height_limit",values conflict with sabin:S26R-5945
1247,compiled_flagged,nrel:solar:2615111540,MI,Buel Township,Municipality,renewables_only,solar,unknown,2,,,,,"""Buel Township"" Michigan solar setback",
1248,compiled_flagged,nrel:solar:2614511560,MI,Buena Vista charter township,Municipality,renewables_only,solar,unknown,2,,,,,"""Buena Vista charter township"" Michigan solar height_limit",
1249,compiled_flagged,nrel:solar:2606511640,MI,Bunker Hill Township,Municipality,renewables_only,solar,unknown,2,,,,,"""Bunker Hill Township"" Michigan solar height_limit",
1250,compiled_flagged,nrel:solar:2614713720,MI,Casco Township,Municipality,renewables_only,solar,unknown,2,,,,,"""Casco Township"" Michigan solar height_limit",values conflict with mn:mi-casco-township-allegan-county-2026
1251,compiled_flagged,nrel:solar:2611714000,MI,Cato Township,Municipality,renewables_only,solar,unknown,2,,,,,"""Cato Township"" Michigan solar height_limit",
1252,compiled_flagged,nrel:solar:2612114100,MI,Cedar Creek Township,Municipality,renewables_only,solar,unknown,2,,,,,"""Cedar Creek Township"" Michigan solar height_limit",
1253,compiled_flagged,nrel:solar:2614514660,MI,Chapin Township,Municipality,renewables_only,solar,unknown,2,,,,,"""Chapin Township"" Michigan solar height_limit",values conflict with sabin:S26R-5877
1254,compiled_flagged,nrel:wind:26031,MI,Cheboygan County,County,renewables_only,wind,unknown,2,,,,,"""Cheboygan County"" Michigan wind setback",
1255,compiled_flagged,nrel:solar:2614515160,MI,Chesaning Township,Municipality,renewables_only,solar,unknown,2,,,,,"""Chesaning Township"" Michigan solar height_limit",values conflict with sabin:S26R-5876
1256,compiled_flagged,nrel:solar:2613915300,MI,Chester Township,Municipality,renewables_only,solar,unknown,2,,,,,"""Chester Township"" Michigan solar height_limit",
1257,compiled_flagged,nrel:solar:2602115480,MI,Chikaming Township,Municipality,renewables_only,solar,unknown,2,,,,,"""Chikaming Township"" Michigan solar height_limit",
1258,compiled_flagged,nrel:solar:2614715540,MI,China Township,Municipality,renewables_only,solar,unknown,2,,,,,"""China Township"" Michigan solar height_limit",
1259,compiled_flagged,nrel:solar:2607315580,MI,Chippewa Township,Municipality,renewables_only,solar,unknown,2,,,,,"""Chippewa Township"" Michigan solar height_limit",
1260,compiled_flagged,nrel:solar:2612716200,MI,Claybanks Township,Municipality,renewables_only,solar,unknown,2,,,,,"""Claybanks Township"" Michigan solar height_limit",values conflict with sabin:S26R-5882
1261,compiled_flagged,nrel:solar:2604916260,MI,Clayton charter township,Municipality,renewables_only,solar,unknown,2,,,,,"""Clayton charter township"" Michigan solar setback",
1262,compiled_flagged,nrel:solar:2605116360,MI,Clement Township,Municipality,renewables_only,solar,unknown,2,,,,,"""Clement Township"" Michigan solar setback",
1263,compiled_flagged,nrel:solar:2614716760,MI,Clyde Township,Municipality,renewables_only,solar,unknown,2,,,,,"""Clyde Township"" Michigan solar height_limit",
1264,compiled_flagged,nrel:solar:2611117100,MI,Coleman City,Municipality,renewables_only,solar,unknown,2,,,,,"""Coleman City"" Michigan solar setback",
1265,compiled_flagged,nrel:solar:2607517400,MI,Columbia Township,Municipality,renewables_only,solar,unknown,2,,,,,"""Columbia Township"" Michigan solar zoning_restriction",
1266,compiled_flagged,nrel:solar:2604919900,MI,Davison Township,Municipality,renewables_only,solar,unknown,2,,,,,"""Davison Township"" Michigan solar height_limit",
1267,compiled_flagged,nrel:solar:2615121380,MI,Delaware Township,Municipality,renewables_only,solar,unknown,2,,,,,"""Delaware Township"" Michigan solar setback",
1268,compiled_flagged,nrel:wind:26041,MI,Delta County,County,renewables_only,wind,unknown,2,,,,,"""Delta County"" Michigan wind setback",
1269,compiled_flagged,nrel:solar:2611523400,MI,Dundee Township,Municipality,renewables_only,solar,unknown,2,,,,,"""Dundee Township"" Michigan solar height_limit",
1270,compiled_flagged,nrel:solar:2603723580,MI,Eagle Township,Municipality,renewables_only,solar,unknown,2,,,,,"""Eagle Township"" Michigan solar height_limit",
1271,compiled_flagged,nrel:solar:2612725200,MI,Elbridge Township,Municipality,renewables_only,solar,unknown,2,,,,,"""Elbridge Township"" Michigan solar height_limit",
1272,compiled_flagged,nrel:solar:2604126380,MI,Escanaba Township,Municipality,renewables_only,solar,unknown,2,,,,,"""Escanaba Township"" Michigan solar height_limit",
1273,compiled_flagged,nrel:solar:2611526880,MI,Exeter Township,Municipality,renewables_only,solar,unknown,2,,,,,"""Exeter Township"" Michigan solar height_limit",
1274,compiled_flagged,nrel:solar:2614927540,MI,Fawn River Township,Municipality,renewables_only,solar,unknown,2,,,,,"""Fawn River Township"" Michigan solar height_limit",
1275,compiled_flagged,nrel:solar:2604927780,MI,Fenton charter township,Municipality,renewables_only,solar,unknown,2,,,,,"""Fenton charter township"" Michigan solar height_limit",
1276,compiled_flagged,nrel:solar:2612527880,MI,Ferndale City,Municipality,renewables_only,solar,unknown,2,,,,,"""Ferndale City"" Michigan solar height_limit",
1277,compiled_flagged,nrel:solar:2604929220,MI,Flushing charter township,Municipality,renewables_only,solar,unknown,2,,,,,"""Flushing charter township"" Michigan solar height_limit",values conflict with sabin:S26R-5934
1278,compiled_flagged,nrel:solar:2610329720,MI,Forsyth Township,Municipality,renewables_only,solar,unknown,2,,,,,"""Forsyth Township"" Michigan solar setback",
1279,compiled_flagged,nrel:solar:2615130740,MI,Fremont Township,Municipality,renewables_only,solar,unknown,2,,,,,"""Fremont Township"" Michigan solar height_limit",
1280,compiled_flagged,nrel:solar:2612131020,MI,Fruitport charter township,Municipality,renewables_only,solar,unknown,2,,,,,"""Fruitport charter township"" Michigan solar height_limit",
1281,compiled_flagged,nrel:solar:2613731720,MI,Gaylord City,Municipality,renewables_only,solar,unknown,2,,,,,"""Gaylord City"" Michigan solar height_limit",
1282,compiled_flagged,nrel:solar:2604931800,MI,Genesee charter township,Municipality,renewables_only,solar,unknown,2,,,,,"""Genesee charter township"" Michigan solar height_limit",
1283,compiled_flagged,nrel:solar:2609331860,MI,Genoa Township,Municipality,renewables_only,solar,unknown,2,,,,,"""Genoa Township"" Michigan solar height_limit",values conflict with sabin:S26R-5911
1284,compiled_flagged,nrel:solar:2615732160,MI,Gilford Township,Municipality,renewables_only,solar,unknown,2,,,,,"""Gilford Township"" Michigan solar setback",
1285,compiled_flagged,nrel:solar:2602332280,MI,Girard Township,Municipality,renewables_only,solar,unknown,2,,,,,"""Girard Township"" Michigan solar size_cap",
1286,compiled_flagged,nrel:solar:2612732780,MI,Golden Township,Municipality,renewables_only,solar,unknown,2,,,,,"""Golden Township"" Michigan solar height_limit",
1287,compiled_flagged,nrel:solar:2608732960,MI,Goodland Township,Municipality,renewables_only,solar,unknown,2,,,,,"""Goodland Township"" Michigan solar setback",
1288,compiled_flagged,nrel:solar:2613933360,MI,Grand Haven charter township,Municipality,renewables_only,solar,unknown,2,,,,,"""Grand Haven charter township"" Michigan solar height_limit",
1289,compiled_flagged,nrel:solar:2608134020,MI,Grand Rapids charter township,Municipality,renewables_only,solar,unknown,2,,,,,"""Grand Rapids charter township"" Michigan solar height_limit",
1290,compiled_flagged,nrel:solar:2605534240,MI,Grant Township,Municipality,renewables_only,solar,unknown,2,,,,,"""Grant Township"" Michigan solar height_limit",values conflict with sabin:S26R-5931
1291,compiled_flagged,nrel:solar:2612334380,MI,Grant Township,Municipality,renewables_only,solar,unknown,2,,,,,"""Grant Township"" Michigan solar height_limit",values conflict with sabin:S26R-5931
1292,compiled_flagged,nrel:wind:26057,MI,Gratiot County,County,renewables_only,wind,unknown,2,,,,,"""Gratiot County"" Michigan wind setback",
1293,compiled_flagged,nrel:solar:2614735220,MI,Greenwood Township,Municipality,renewables_only,solar,unknown,2,,,,,"""Greenwood Township"" Michigan solar height_limit",
1294,compiled_flagged,nrel:solar:2600535720,MI,Gun Plain Township,Municipality,renewables_only,solar,unknown,2,,,,,"""Gun Plain Township"" Michigan solar setback",values conflict with sabin:S26R-5955
1295,compiled_flagged,nrel:solar:2600135740,MI,Gustin Township,Municipality,renewables_only,solar,unknown,2,,,,,"""Gustin Township"" Michigan solar height_limit",
1296,compiled_flagged,nrel:solar:2604536200,MI,Hamlin Township,Municipality,renewables_only,solar,unknown,2,,,,,"""Hamlin Township"" Michigan solar height_limit",
1297,compiled_flagged,nrel:solar:2600136880,MI,Harrisville Township,Municipality,renewables_only,solar,unknown,2,,,,,"""Harrisville Township"" Michigan solar height_limit",
1298,compiled_flagged,nrel:solar:2603537340,MI,Hayes Township,Municipality,renewables_only,solar,unknown,2,,,,,"""Hayes Township"" Michigan solar height_limit",
1299,compiled_flagged,nrel:solar:2613737360,MI,Hayes Township,Municipality,renewables_only,solar,unknown,2,,,,,"""Hayes Township"" Michigan solar height_limit",
1300,compiled_flagged,nrel:solar:2607537700,MI,Henrietta Township,Municipality,renewables_only,solar,unknown,2,,,,,"""Henrietta Township"" Michigan solar height_limit",
1301,compiled_flagged,nrel:solar:2613338100,MI,Highland Township,Municipality,renewables_only,solar,unknown,2,,,,,"""Highland Township"" Michigan solar height_limit",values conflict with sabin:S26R-5880
1302,compiled_flagged,nrel:wind:26061,MI,Houghton County,County,renewables_only,wind,unknown,2,,,,,"""Houghton County"" Michigan wind setback",
1303,compiled_flagged,nrel:wind:26063,MI,Huron County,County,renewables_only,wind,unknown,2,,,,,"""Huron County"" Michigan wind setback",values conflict with sabin:S26R-5928
1304,compiled_flagged,nrel:solar:2616340040,MI,Huron charter township,Municipality,renewables_only,solar,unknown,2,,,,,"""Huron charter township"" Michigan solar height_limit",
1305,compiled_flagged,nrel:wind:26065,MI,Ingham County,County,renewables_only,wind,unknown,2,,,,,"""Ingham County"" Michigan wind setback",
1306,compiled_flagged,nrel:wind:26073,MI,Isabella County,County,renewables_only,wind,unknown,2,,,,,"""Isabella County"" Michigan wind setback",
1307,compiled_flagged,nrel:solar:2611141760,MI,Jerome Township,Municipality,renewables_only,solar,unknown,2,,,,,"""Jerome Township"" Michigan solar height_limit",
1308,compiled_flagged,nrel:solar:2601742360,MI,Kawkawlin Township,Municipality,renewables_only,solar,unknown,2,,,,,"""Kawkawlin Township"" Michigan solar height_limit",
1309,compiled_flagged,nrel:solar:2606742520,MI,Keene Township,Municipality,renewables_only,solar,unknown,2,,,,,"""Keene Township"" Michigan solar height_limit",values conflict with sabin:S26R-5924
1310,compiled_flagged,nrel:wind:26083,MI,Keweenaw County,County,renewables_only,wind,unknown,2,,,,,"""Keweenaw County"" Michigan wind setback",
1311,compiled_flagged,nrel:solar:2614543800,MI,Kochville Township,Municipality,renewables_only,solar,unknown,2,,,,,"""Kochville Township"" Michigan solar height_limit",
1312,compiled_flagged,nrel:solar:2614143900,MI,Krakow Township,Municipality,renewables_only,solar,unknown,2,,,,,"""Krakow Township"" Michigan solar height_limit",
1313,compiled_flagged,nrel:solar:2606344300,MI,Lake Township,Municipality,renewables_only,solar,unknown,2,,,,,"""Lake Township"" Michigan solar height_limit",
1314,compiled_flagged,nrel:solar:2608544320,MI,Lake Township,Municipality,renewables_only,solar,unknown,2,,,,,"""Lake Township"" Michigan solar height_limit",
1315,compiled_flagged,nrel:solar:2614544560,MI,Lakefield Township,Municipality,renewables_only,solar,unknown,2,,,,,"""Lakefield Township"" Michigan solar height_limit",
1316,compiled_flagged,nrel:solar:2612145160,MI,Laketon Township,Municipality,renewables_only,solar,unknown,2,,,,,"""Laketon Township"" Michigan solar height_limit",
1317,compiled_flagged,nrel:solar:2611146640,MI,Lee Township,Municipality,renewables_only,solar,unknown,2,,,,,"""Lee Township"" Michigan solar height_limit",
1318,compiled_flagged,nrel:solar:2600546760,MI,Leighton Township,Municipality,renewables_only,solar,unknown,2,,,,,"""Leighton Township"" Michigan solar height_limit",
1319,compiled_flagged,nrel:wind:26091,MI,Lenawee County,County,renewables_only,wind,unknown,2,,,,,"""Lenawee County"" Michigan wind setback",
1320,compiled_flagged,nrel:solar:2606547080,MI,Leroy Township,Municipality,renewables_only,solar,unknown,2,,,,,"""Leroy Township"" Michigan solar size_cap",
1321,compiled_flagged,nrel:solar:2615147300,MI,Lexington Township,Municipality,renewables_only,solar,unknown,2,,,,,"""Lexington Township"" Michigan solar height_limit",
1322,compiled_flagged,nrel:solar:2602147600,MI,Lincoln charter township,Municipality,renewables_only,solar,unknown,2,,,,,"""Lincoln charter township"" Michigan solar height_limit",values conflict with sabin:S26R-5946
1323,compiled_flagged,nrel:wind:26093,MI,Livingston County,County,renewables_only,wind,unknown,2,,,,,"""Livingston County"" Michigan wind setback",
1324,compiled_flagged,nrel:solar:2608149560,MI,Lowell charter township,Municipality,renewables_only,solar,unknown,2,,,,,"""Lowell charter township"" Michigan solar height_limit",
1325,compiled_flagged,nrel:solar:2611549700,MI,Luna Pier City,Municipality,renewables_only,solar,unknown,2,,,,,"""Luna Pier City"" Michigan solar setback",
1326,compiled_flagged,nrel:solar:2614749800,MI,Lynn Township,Municipality,renewables_only,solar,unknown,2,,,,,"""Lynn Township"" Michigan solar setback",
1327,compiled_flagged,nrel:solar:2609150520,MI,Macon Township,Municipality,renewables_only,solar,unknown,2,,,,,"""Macon Township"" Michigan solar height_limit",
1328,compiled_flagged,nrel:solar:2616150680,MI,Manchester Township,Municipality,renewables_only,solar,unknown,2,,,,,"""Manchester Township"" Michigan solar setback",
1329,compiled_flagged,nrel:solar:2610150720,MI,Manistee City,Municipality,renewables_only,solar,unknown,2,,,,,"""Manistee City"" Michigan solar height_limit",
1330,compiled_flagged,nrel:solar:2608751420,MI,Marathon Township,Municipality,renewables_only,solar,unknown,2,,,,,"""Marathon Township"" Michigan solar height_limit",
1331,compiled_flagged,nrel:solar:2602551520,MI,Marengo Township,Municipality,renewables_only,solar,unknown,2,,,,,"""Marengo Township"" Michigan solar height_limit",
1332,compiled_flagged,nrel:solar:2609351640,MI,Marion Township,Municipality,renewables_only,solar,unknown,2,,,,,"""Marion Township"" Michigan solar height_limit",
1333,compiled_flagged,nrel:solar:2610351900,MI,Marquette City,Municipality,renewables_only,solar,unknown,2,,,,,"""Marquette City"" Michigan solar height_limit",
1334,compiled_flagged,nrel:wind:26107,MI,Mecosta County,County,renewables_only,wind,unknown,2,,,,,"""Mecosta County"" Michigan wind setback",
1335,compiled_flagged,nrel:solar:2610752780,MI,Mecosta Township,Municipality,renewables_only,solar,unknown,2,,,,,"""Mecosta Township"" Michigan solar size_cap",
1336,compiled_flagged,nrel:solar:2600153880,MI,Mikado Township,Municipality,renewables_only,solar,unknown,2,,,,,"""Mikado Township"" Michigan solar height_limit",
1337,compiled_flagged,nrel:solar:2611553900,MI,Milan Township,Municipality,renewables_only,solar,unknown,2,,,,,"""Milan Township"" Michigan solar height_limit",values conflict with sabin:S26R-5901
1338,compiled_flagged,nrel:solar:2600154060,MI,Millen Township,Municipality,renewables_only,solar,unknown,2,,,,,"""Millen Township"" Michigan solar setback",
1339,compiled_flagged,nrel:solar:2615154540,MI,Minden Township,Municipality,renewables_only,solar,unknown,2,,,,,"""Minden Township"" Michigan solar setback",
1340,compiled_flagged,nrel:solar:2601754980,MI,Monitor charter township,Municipality,renewables_only,solar,unknown,2,,,,,"""Monitor charter township"" Michigan solar height_limit",
1341,compiled_flagged,nrel:solar:2611755140,MI,Montcalm Township,Municipality,renewables_only,solar,unknown,2,,,,,"""Montcalm Township"" Michigan solar height_limit",
1342,compiled_flagged,nrel:solar:2600555200,MI,Monterey Township,Municipality,renewables_only,solar,unknown,2,,,,,"""Monterey Township"" Michigan solar height_limit",values conflict with sabin:S26R-5956
1343,compiled_flagged,nrel:wind:26119,MI,Montmorency County,County,renewables_only,wind,unknown,2,,,,,"""Montmorency County"" Michigan wind setback",
1344,compiled_flagged,nrel:solar:2612155440,MI,Moorland Township,Municipality,renewables_only,solar,unknown,2,,,,,"""Moorland Township"" Michigan solar height_limit",
1345,compiled_flagged,nrel:solar:2610755600,MI,Morton Township,Municipality,renewables_only,solar,unknown,2,,,,,"""Morton Township"" Michigan solar setback",
1346,compiled_flagged,nrel:solar:2604955980,MI,Mount Morris Township,Municipality,renewables_only,solar,unknown,2,,,,,"""Mount Morris Township"" Michigan solar height_limit",
1347,compiled_flagged,nrel:wind:26121,MI,Muskegon County,County,renewables_only,wind,unknown,2,,,,,"""Muskegon County"" Michigan wind noise_limit",
1348,compiled_flagged,nrel:solar:2612156340,MI,Muskegon charter township,Municipality,renewables_only,solar,unknown,2,,,,,"""Muskegon charter township"" Michigan solar height_limit",
1349,compiled_flagged,nrel:solar:2614756380,MI,Mussey Township,Municipality,renewables_only,solar,unknown,2,,,,,"""Mussey Township"" Michigan solar height_limit",
1350,compiled_flagged,nrel:solar:2612757300,MI,Newfield Township,Municipality,renewables_only,solar,unknown,2,,,,,"""Newfield Township"" Michigan solar setback",
1351,compiled_flagged,nrel:solar:2605758800,MI,North Shade Township,Municipality,renewables_only,solar,unknown,2,,,,,"""North Shade Township"" Michigan solar height_limit",
1352,compiled_flagged,nrel:solar:2604359240,MI,Norway Township,Municipality,renewables_only,solar,unknown,2,,,,,"""Norway Township"" Michigan solar height_limit",
1353,compiled_flagged,nrel:solar:2614959400,MI,Nottawa Township,Municipality,renewables_only,solar,unknown,2,,,,,"""Nottawa Township"" Michigan solar height_limit",
1354,compiled_flagged,nrel:solar:2609360120,MI,Oceola Township,Municipality,renewables_only,solar,unknown,2,,,,,"""Oceola Township"" Michigan solar height_limit",
1355,compiled_flagged,nrel:solar:2606760200,MI,Odessa Township,Municipality,renewables_only,solar,unknown,2,,,,,"""Odessa Township"" Michigan solar height_limit",
1356,compiled_flagged,nrel:solar:2613960460,MI,Olive Township,Municipality,renewables_only,solar,unknown,2,,,,,"""Olive Township"" Michigan solar height_limit",NREL sample: Structures (Non-Participating) contradicts
1357,compiled_flagged,nrel:solar:2606560800,MI,Onondaga Township,Municipality,renewables_only,solar,unknown,2,,,,,"""Onondaga Township"" Michigan solar height_limit",
1358,compiled_flagged,nrel:solar:2608761060,MI,Oregon Township,Municipality,renewables_only,solar,unknown,2,,,,,"""Oregon Township"" Michigan solar height_limit",
1359,compiled_flagged,nrel:solar:2615561960,MI,Owosso charter township,Municipality,renewables_only,solar,unknown,2,,,,,"""Owosso charter township"" Michigan solar height_limit",
1360,compiled_flagged,nrel:solar:2609162240,MI,Palmyra Township,Municipality,renewables_only,solar,unknown,2,,,,,"""Palmyra Township"" Michigan solar height_limit",values conflict with sabin:S26R-5917
1361,compiled_flagged,nrel:solar:2613962460,MI,Park Township,Municipality,renewables_only,solar,unknown,2,,,,,"""Park Township"" Michigan solar height_limit",
1362,compiled_flagged,nrel:solar:2607562760,MI,Parma Township,Municipality,renewables_only,solar,unknown,2,,,,,"""Parma Township"" Michigan solar height_limit",
1363,compiled_flagged,nrel:solar:2602563440,MI,Pennfield charter township,Municipality,renewables_only,solar,unknown,2,,,,,"""Pennfield charter township"" Michigan solar height_limit",
1364,compiled_flagged,nrel:solar:2605764360,MI,Pine River Township,Municipality,renewables_only,solar,unknown,2,,,,,"""Pine River Township"" Michigan solar height_limit",
1365,compiled_flagged,nrel:solar:2616164560,MI,Pittsfield charter township,Municipality,renewables_only,solar,unknown,2,,,,,"""Pittsfield charter township"" Michigan solar height_limit",
1366,compiled_flagged,nrel:solar:2606964640,MI,Plainfield Township,Municipality,renewables_only,solar,unknown,2,,,,,"""Plainfield Township"" Michigan solar height_limit",values conflict with sabin:S26R-5923
1367,compiled_flagged,nrel:solar:2608164660,MI,Plainfield charter township,Municipality,renewables_only,solar,unknown,2,,,,,"""Plainfield charter township"" Michigan solar height_limit",values conflict with sabin:S26R-5923
1368,compiled_flagged,nrel:solar:2612565440,MI,Pontiac City,Municipality,renewables_only,solar,unknown,2,,,,,"""Pontiac City"" Michigan solar setback",
1369,compiled_flagged,nrel:solar:2613965940,MI,Port Sheldon Township,Municipality,renewables_only,solar,unknown,2,,,,,"""Port Sheldon Township"" Michigan solar height_limit",
1370,compiled_flagged,nrel:solar:2611566900,MI,Raisinville Township,Municipality,renewables_only,solar,unknown,2,,,,,"""Raisinville Township"" Michigan solar height_limit",
1371,compiled_flagged,nrel:solar:2607768260,MI,Richland Township,Municipality,renewables_only,solar,unknown,2,,,,,"""Richland Township"" Michigan solar height_limit",
1372,compiled_flagged,nrel:solar:2613368440,MI,Richmond Township,Municipality,renewables_only,solar,unknown,2,,,,,"""Richmond Township"" Michigan solar height_limit",values conflict with sabin:S26R-5879
1373,compiled_flagged,nrel:solar:2616368760,MI,River Rouge City,Municipality,renewables_only,solar,unknown,2,,,,,"""River Rouge City"" Michigan solar height_limit",
1374,compiled_flagged,nrel:solar:2607568920,MI,Rives Township,Municipality,renewables_only,solar,unknown,2,,,,,"""Rives Township"" Michigan solar height_limit",
1375,compiled_flagged,nrel:solar:2614169260,MI,Rogers City,Municipality,renewables_only,solar,unknown,2,,,,,"""Rogers City"" Michigan solar setback",
1376,compiled_flagged,nrel:solar:2614369560,MI,Roscommon Township,Municipality,renewables_only,solar,unknown,2,,,,,"""Roscommon Township"" Michigan solar height_limit",
1377,compiled_flagged,nrel:solar:2614570520,MI,Saginaw City,Municipality,renewables_only,solar,unknown,2,,,,,"""Saginaw City"" Michigan solar height_limit",
1378,compiled_flagged,nrel:solar:2614570540,MI,Saginaw charter township,Municipality,renewables_only,solar,unknown,2,,,,,"""Saginaw charter township"" Michigan solar height_limit",
1379,compiled_flagged,nrel:solar:2616171160,MI,Saline Township,Municipality,renewables_only,solar,unknown,2,,,,,"""Saline Township"" Michigan solar setback",
1380,compiled_flagged,nrel:solar:2615171580,MI,Sanilac Township,Municipality,renewables_only,solar,unknown,2,,,,,"""Sanilac Township"" Michigan solar height_limit",
1381,compiled_flagged,nrel:solar:2612772860,MI,Shelby Township,Municipality,renewables_only,solar,unknown,2,,,,,"""Shelby Township"" Michigan solar height_limit",
1382,compiled_flagged,nrel:solar:2606373160,MI,Sherman Township,Municipality,renewables_only,solar,unknown,2,,,,,"""Sherman Township"" Michigan solar height_limit",
1383,compiled_flagged,nrel:solar:2611773840,MI,Sidney Township,Municipality,renewables_only,solar,unknown,2,,,,,"""Sidney Township"" Michigan solar height_limit",
1384,compiled_flagged,nrel:solar:2612575100,MI,South Lyon City,Municipality,renewables_only,solar,unknown,2,,,,,"""South Lyon City"" Michigan solar height_limit",values conflict with sabin:S26R-5885
1385,compiled_flagged,nrel:solar:2613975840,MI,Spring Lake Township,Municipality,renewables_only,solar,unknown,2,,,,,"""Spring Lake Township"" Michigan solar height_limit",
1386,compiled_flagged,nrel:solar:2616377360,MI,Sumpter Township,Municipality,renewables_only,solar,unknown,2,,,,,"""Sumpter Township"" Michigan solar height_limit",
1387,compiled_flagged,nrel:solar:2616177800,MI,Sylvan Township,Municipality,renewables_only,solar,unknown,2,,,,,"""Sylvan Township"" Michigan solar height_limit",
1388,compiled_flagged,nrel:solar:2614579100,MI,Taymouth Township,Municipality,renewables_only,solar,unknown,2,,,,,"""Taymouth Township"" Michigan solar height_limit",
1389,compiled_flagged,nrel:solar:2604979460,MI,Thetford Township,Municipality,renewables_only,solar,unknown,2,,,,,"""Thetford Township"" Michigan solar height_limit",
1390,compiled_flagged,nrel:solar:2605580340,MI,Traverse City,Municipality,renewables_only,solar,unknown,2,,,,,"""Traverse City"" Michigan solar setback",
1391,compiled_flagged,nrel:solar:2615780940,MI,Tuscola Township,Municipality,renewables_only,solar,unknown,2,,,,,"""Tuscola Township"" Michigan solar height_limit",
1392,compiled_flagged,nrel:solar:2602782580,MI,Volinia Township,Municipality,renewables_only,solar,unknown,2,,,,,"""Volinia Township"" Michigan solar setback",
1393,compiled_flagged,nrel:solar:2615184140,MI,Washington Township,Municipality,renewables_only,solar,unknown,2,,,,,"""Washington Township"" Michigan solar setback",
1394,compiled_flagged,nrel:solar:2607584300,MI,Waterloo Township,Municipality,renewables_only,solar,unknown,2,,,,,"""Waterloo Township"" Michigan solar height_limit",
1395,compiled_flagged,nrel:solar:2615184440,MI,Watertown Township,Municipality,renewables_only,solar,unknown,2,,,,,"""Watertown Township"" Michigan solar height_limit",values conflict with sabin:S26R-5938
1396,compiled_flagged,nrel:solar:2616185100,MI,Webster Township,Municipality,renewables_only,solar,unknown,2,,,,,"""Webster Township"" Michigan solar height_limit",
1397,compiled_flagged,nrel:solar:2615785280,MI,Wells Township,Municipality,renewables_only,solar,unknown,2,,,,,"""Wells Township"" Michigan solar height_limit",
1398,compiled_flagged,nrel:solar:2604786300,MI,West Traverse Township,Municipality,renewables_only,solar,unknown,2,,,,,"""West Traverse Township"" Michigan solar height_limit",
1399,compiled_flagged,nrel:solar:2606586520,MI,Wheatfield Township,Municipality,renewables_only,solar,unknown,2,,,,,"""Wheatfield Township"" Michigan solar setback",
1400,compiled_flagged,nrel:solar:2612186980,MI,White River Township,Municipality,renewables_only,solar,unknown,2,,,,,"""White River Township"" Michigan solar height_limit",values conflict with sabin:S26R-5887
1401,compiled_flagged,nrel:solar:2611586740,MI,Whiteford Township,Municipality,renewables_only,solar,unknown,2,,,,,"""Whiteford Township"" Michigan solar setback",
1402,compiled_flagged,nrel:solar:2601787380,MI,Williams charter township,Municipality,renewables_only,solar,unknown,2,,,,,"""Williams charter township"" Michigan solar height_limit",
1403,compiled_flagged,nrel:solar:2604587840,MI,Windsor charter township,Municipality,renewables_only,solar,unknown,2,,,,,"""Windsor charter township"" Michigan solar height_limit",
1404,compiled_flagged,nrel:solar:2611787880,MI,Winfield Township,Municipality,renewables_only,solar,unknown,2,,,,,"""Winfield Township"" Michigan solar height_limit",values conflict with sabin:S26R-5891
1405,compiled_flagged,nrel:solar:2613988820,MI,Wright Township,Municipality,renewables_only,solar,unknown,2,,,,,"""Wright Township"" Michigan solar height_limit",
1406,compiled_flagged,nrel:solar:2616189160,MI,Ypsilanti charter township,Municipality,renewables_only,solar,unknown,2,,,,,"""Ypsilanti charter township"" Michigan solar height_limit",
1407,compiled_flagged,nrel:solar:27001,MN,Aitkin County,County,renewables_only,solar,unknown,2,,,,,"""Aitkin County"" Minnesota solar height_limit",values conflict with sabin:S26R-5859
1408,compiled_flagged,nrel:solar:27009,MN,Benton County,County,renewables_only,solar,unknown,2,,,,,"""Benton County"" Minnesota solar height_limit",
1409,compiled_flagged,nrel:wind:27013,MN,Blue Earth County,County,renewables_only,wind,unknown,2,,,,,"""Blue Earth County"" Minnesota wind setback",
1410,compiled_flagged,nrel:solar:27017,MN,Carlton County,County,renewables_only,solar,unknown,2,,,,,"""Carlton County"" Minnesota solar setback",
1411,compiled_flagged,nrel:solar:27019,MN,Carver County,County,renewables_only,solar,unknown,2,,,,,"""Carver County"" Minnesota solar setback",values conflict with sabin:S26R-5853
1412,compiled_flagged,nrel:wind:27019,MN,Carver County,County,renewables_only,wind,unknown,2,,,,,"""Carver County"" Minnesota wind setback",values conflict with sabin:S26R-5853
1413,compiled_flagged,nrel:solar:27025,MN,Chisago County,County,renewables_only,solar,unknown,2,,,,,"""Chisago County"" Minnesota solar setback",values conflict with sabin:S26R-5851
1414,compiled_flagged,nrel:solar:27027,MN,Clay County,County,renewables_only,solar,unknown,2,,,,,"""Clay County"" Minnesota solar height_limit",
1415,compiled_flagged,nrel:wind:27035,MN,Crow Wing County,County,renewables_only,wind,unknown,2,,,,,"""Crow Wing County"" Minnesota wind zoning_restriction",values conflict with sabin:S26R-5849
1416,compiled_flagged,nrel:solar:27039,MN,Dodge County,County,renewables_only,solar,unknown,2,,,,,"""Dodge County"" Minnesota solar setback",
1417,compiled_flagged,nrel:wind:27043,MN,Faribault County,County,renewables_only,wind,unknown,2,,,,,"""Faribault County"" Minnesota wind setback",
1418,compiled_flagged,nrel:solar:27049,MN,Goodhue County,County,renewables_only,solar,unknown,2,,,,,"""Goodhue County"" Minnesota solar zoning_restriction",
1419,compiled_flagged,nrel:wind:27049,MN,Goodhue County,County,renewables_only,wind,unknown,2,,,,,"""Goodhue County"" Minnesota wind setback",
1420,compiled_flagged,nrel:solar:27051,MN,Grant County,County,renewables_only,solar,unknown,2,,,,,"""Grant County"" Minnesota solar height_limit",
1421,compiled_flagged,nrel:wind:27051,MN,Grant County,County,renewables_only,wind,unknown,2,,,,,"""Grant County"" Minnesota wind setback",
1422,compiled_flagged,nrel:solar:27063,MN,Jackson County,County,renewables_only,solar,unknown,2,,,,,"""Jackson County"" Minnesota solar setback",
1423,compiled_flagged,nrel:wind:27063,MN,Jackson County,County,renewables_only,wind,unknown,2,,,,,"""Jackson County"" Minnesota wind setback",
1424,compiled_flagged,nrel:solar:27073,MN,Lac qui Parle County,County,renewables_only,solar,unknown,2,,,,,"""Lac qui Parle County"" Minnesota solar setback",
1425,compiled_flagged,nrel:wind:27073,MN,Lac qui Parle County,County,renewables_only,wind,unknown,2,,,,,"""Lac qui Parle County"" Minnesota wind setback",
1426,compiled_flagged,nrel:wind:27079,MN,Le Sueur County,County,renewables_only,wind,unknown,2,,,,,"""Le Sueur County"" Minnesota wind size_cap",values conflict with sabin:S26R-5845
1427,compiled_flagged,nrel:wind:27081,MN,Lincoln County,County,renewables_only,wind,unknown,2,,,,,"""Lincoln County"" Minnesota wind setback",
1428,compiled_flagged,nrel:solar:27091,MN,Martin County,County,renewables_only,solar,unknown,2,,,,,"""Martin County"" Minnesota solar height_limit",
1429,compiled_flagged,nrel:wind:27091,MN,Martin County,County,renewables_only,wind,unknown,2,,,,,"""Martin County"" Minnesota wind setback",
1430,compiled_flagged,nrel:solar:27095,MN,Mille Lacs County,County,renewables_only,solar,unknown,2,,,,,"""Mille Lacs County"" Minnesota solar setback",values conflict with sabin:S26R-5843
1431,compiled_flagged,nrel:wind:27097,MN,Morrison County,County,renewables_only,wind,unknown,2,,,,,"""Morrison County"" Minnesota wind setback",values conflict with sabin:S26R-5842
1432,compiled_flagged,nrel:solar:27101,MN,Murray County,County,renewables_only,solar,unknown,2,,,,,"""Murray County"" Minnesota solar setback",
1433,compiled_flagged,nrel:solar:27105,MN,Nobles County,County,renewables_only,solar,unknown,2,,,,,"""Nobles County"" Minnesota solar setback",
1434,compiled_flagged,nrel:wind:27105,MN,Nobles County,County,renewables_only,wind,unknown,2,,,,,"""Nobles County"" Minnesota wind setback",
1435,compiled_flagged,nrel:wind:27107,MN,Norman County,County,renewables_only,wind,unknown,2,,,,,"""Norman County"" Minnesota wind setback",
1436,compiled_flagged,nrel:solar:27109,MN,Olmsted County,County,renewables_only,solar,unknown,2,,,,,"""Olmsted County"" Minnesota solar zoning_restriction",values conflict with sabin:S26R-5839
1437,compiled_flagged,nrel:wind:27111,MN,Otter Tail County,County,renewables_only,wind,unknown,2,,,,,"""Otter Tail County"" Minnesota wind setback",
1438,compiled_flagged,nrel:solar:27117,MN,Pipestone County,County,renewables_only,solar,unknown,2,,,,,"""Pipestone County"" Minnesota solar setback",
1439,compiled_flagged,nrel:solar:27121,MN,Pope County,County,renewables_only,solar,unknown,2,,,,,"""Pope County"" Minnesota solar height_limit",values conflict with sabin:S26R-5836
1440,compiled_flagged,nrel:solar:27125,MN,Red Lake County,County,renewables_only,solar,unknown,2,,,,,"""Red Lake County"" Minnesota solar setback",
1441,compiled_flagged,nrel:wind:27125,MN,Red Lake County,County,renewables_only,wind,unknown,2,,,,,"""Red Lake County"" Minnesota wind setback",NREL sample: Structures (Non-Participating) contradicts
1442,compiled_flagged,nrel:solar:27127,MN,Redwood County,County,renewables_only,solar,unknown,2,,,,,"""Redwood County"" Minnesota solar height_limit",
1443,compiled_flagged,nrel:wind:27127,MN,Redwood County,County,renewables_only,wind,unknown,2,,,,,"""Redwood County"" Minnesota wind setback",
1444,compiled_flagged,nrel:solar:27129,MN,Renville County,County,renewables_only,solar,unknown,2,,,,,"""Renville County"" Minnesota solar setback",
1445,compiled_flagged,nrel:wind:27129,MN,Renville County,County,renewables_only,wind,unknown,2,,,,,"""Renville County"" Minnesota wind setback",
1446,compiled_flagged,nrel:wind:27133,MN,Rock County,County,renewables_only,wind,unknown,2,,,,,"""Rock County"" Minnesota wind setback",
1447,compiled_flagged,nrel:solar:27141,MN,Sherburne County,County,renewables_only,solar,unknown,2,,,,,"""Sherburne County"" Minnesota solar setback",
1448,compiled_flagged,nrel:wind:27141,MN,Sherburne County,County,renewables_only,wind,unknown,2,,,,,"""Sherburne County"" Minnesota wind setback",
1449,compiled_flagged,nrel:wind:27137,MN,St. Louis County,County,renewables_only,wind,unknown,2,,,,,"""St. Louis County"" Minnesota wind zoning_restriction",values conflict with sabin:S26R-5834
1450,compiled_flagged,nrel:wind:27145,MN,Stearns County,County,renewables_only,wind,unknown,2,,,,,"""Stearns County"" Minnesota wind setback",
1451,compiled_flagged,nrel:wind:27147,MN,Steele County,County,renewables_only,wind,unknown,2,,,,,"""Steele County"" Minnesota wind setback",
1452,compiled_flagged,nrel:solar:27149,MN,Stevens County,County,renewables_only,solar,unknown,2,,,,,"""Stevens County"" Minnesota solar setback",values conflict with sabin:S26R-5832
1453,compiled_flagged,nrel:wind:27149,MN,Stevens County,County,renewables_only,wind,unknown,2,,,,,"""Stevens County"" Minnesota wind setback",values conflict with sabin:S26R-5832
1454,compiled_flagged,nrel:wind:27151,MN,Swift County,County,renewables_only,wind,unknown,2,,,,,"""Swift County"" Minnesota wind setback",
1455,compiled_flagged,nrel:solar:27157,MN,Wabasha County,County,renewables_only,solar,unknown,2,,,,,"""Wabasha County"" Minnesota solar setback",values conflict with sabin:S26R-5828
1456,compiled_flagged,nrel:solar:27159,MN,Wadena County,County,renewables_only,solar,unknown,2,,,,,"""Wadena County"" Minnesota solar setback",values conflict with sabin:S26R-5826
1457,compiled_flagged,nrel:wind:27161,MN,Waseca County,County,renewables_only,wind,unknown,2,,,,,"""Waseca County"" Minnesota wind setback",
1458,compiled_flagged,nrel:wind:27165,MN,Watonwan County,County,renewables_only,wind,unknown,2,,,,,"""Watonwan County"" Minnesota wind setback",
1459,compiled_flagged,nrel:wind:27169,MN,Winona County,County,renewables_only,wind,unknown,2,,,,,"""Winona County"" Minnesota wind setback",
1460,compiled_flagged,nrel:solar:29019,MO,Boone County,County,renewables_only,solar,unknown,2,,,,,"""Boone County"" Missouri solar height_limit",
1461,compiled_flagged,nrel:solar:29021,MO,Buchanan County,County,renewables_only,solar,unknown,2,,,,,"""Buchanan County"" Missouri solar height_limit",
1462,compiled_flagged,nrel:wind:29021,MO,Buchanan County,County,renewables_only,wind,unknown,2,,,,,"""Buchanan County"" Missouri wind zoning_restriction",values conflict with sabin:REC-0227
1463,compiled_flagged,nrel:wind:29025,MO,Caldwell County,County,renewables_only,wind,unknown,2,,,,,"""Caldwell County"" Missouri wind zoning_restriction",values conflict with sabin:S26R-5818
1464,compiled_flagged,nrel:solar:29173,MO,Ralls County,County,renewables_only,solar,unknown,2,,,,,"""Ralls County"" Missouri solar setback",values conflict with sabin:S26R-5812
1465,compiled_flagged,nrel:solar:29219,MO,Warren County,County,renewables_only,solar,unknown,2,,,,,"""Warren County"" Missouri solar setback",
1466,compiled_flagged,nrel:solar:28047,MS,Harrison County,County,renewables_only,solar,unknown,2,,,,,"""Harrison County"" Mississippi solar setback",
1467,compiled_flagged,nrel:solar:28107,MS,Panola County,County,renewables_only,solar,unknown,2,,,,,"""Panola County"" Mississippi solar setback",
1468,compiled_flagged,nrel:solar:28121,MS,Rankin County,County,renewables_only,solar,unknown,2,,,,,"""Rankin County"" Mississippi solar height_limit",
1469,compiled_flagged,nrel:solar:30009,MT,Carbon County,County,renewables_only,solar,unknown,2,,,,,"""Carbon County"" Montana solar noise_limit",
1470,compiled_flagged,nrel:wind:30057,MT,Madison County,County,renewables_only,wind,unknown,2,,,,,"""Madison County"" Montana wind setback",
1471,compiled_flagged,nrel:solar:37003,NC,Alexander County,County,renewables_only,solar,unknown,2,,,,,"""Alexander County"" North Carolina solar height_limit",values conflict with sabin:S26R-5671
1472,compiled_flagged,nrel:solar:37009,NC,Ashe County,County,renewables_only,solar,unknown,2,,,,,"""Ashe County"" North Carolina solar setback",
1473,compiled_flagged,nrel:wind:37009,NC,Ashe County,County,renewables_only,wind,unknown,2,,,,,"""Ashe County"" North Carolina wind setback",values conflict with sabin:REC-0307
1474,compiled_flagged,nrel:solar:37019,NC,Brunswick County,County,renewables_only,solar,unknown,2,,,,,"""Brunswick County"" North Carolina solar height_limit",
1475,compiled_flagged,nrel:solar:37027,NC,Caldwell County,County,renewables_only,solar,unknown,2,,,,,"""Caldwell County"" North Carolina solar height_limit",values conflict with sabin:S26R-5668
1476,compiled_flagged,nrel:solar:37029,NC,Camden County,County,renewables_only,solar,unknown,2,,,,,"""Camden County"" North Carolina solar height_limit",
1477,compiled_flagged,nrel:solar:37035,NC,Catawba County,County,renewables_only,solar,unknown,2,,,,,"""Catawba County"" North Carolina solar setback",
1478,compiled_flagged,nrel:solar:37045,NC,Cleveland County,County,renewables_only,solar,unknown,2,,,,,"""Cleveland County"" North Carolina solar setback",values conflict with sabin:S26R-5666
1479,compiled_flagged,nrel:solar:37047,NC,Columbus County,County,renewables_only,solar,unknown,2,,,,,"""Columbus County"" North Carolina solar height_limit",
1480,compiled_flagged,nrel:solar:37051,NC,Cumberland County,County,renewables_only,solar,unknown,2,,,,,"""Cumberland County"" North Carolina solar height_limit",
1481,compiled_flagged,nrel:solar:37053,NC,Currituck County,County,renewables_only,solar,unknown,2,,,,,"""Currituck County"" North Carolina solar height_limit",values conflict with sabin:REC-0310
1482,compiled_flagged,nrel:solar:37057,NC,Davidson County,County,renewables_only,solar,unknown,2,,,,,"""Davidson County"" North Carolina solar height_limit",
1483,compiled_flagged,nrel:wind:37057,NC,Davidson County,County,renewables_only,wind,unknown,2,,,,,"""Davidson County"" North Carolina wind noise_limit",
1484,compiled_flagged,nrel:solar:37061,NC,Duplin County,County,renewables_only,solar,unknown,2,,,,,"""Duplin County"" North Carolina solar setback",
1485,compiled_flagged,nrel:solar:37065,NC,Edgecombe County,County,renewables_only,solar,unknown,2,,,,,"""Edgecombe County"" North Carolina solar height_limit",
1486,compiled_flagged,nrel:solar:37069,NC,Franklin County,County,renewables_only,solar,unknown,2,,,,,"""Franklin County"" North Carolina solar height_limit",
1487,compiled_flagged,nrel:solar:37073,NC,Gates County,County,renewables_only,solar,unknown,2,,,,,"""Gates County"" North Carolina solar setback",
1488,compiled_flagged,nrel:solar:37079,NC,Greene County,County,renewables_only,solar,unknown,2,,,,,"""Greene County"" North Carolina solar setback",
1489,compiled_flagged,nrel:solar:37083,NC,Halifax County,County,renewables_only,solar,unknown,2,,,,,"""Halifax County"" North Carolina solar height_limit",
1490,compiled_flagged,nrel:solar:37089,NC,Henderson County,County,renewables_only,solar,unknown,2,,,,,"""Henderson County"" North Carolina solar height_limit",values conflict with sabin:S26R-5659
1491,compiled_flagged,nrel:wind:37089,NC,Henderson County,County,renewables_only,wind,unknown,2,,,,,"""Henderson County"" North Carolina wind setback",NREL sample: Noise contradicts; NREL sample: Structures (Non-Participating) contradicts
1492,compiled_flagged,nrel:solar:37091,NC,Hertford County,County,renewables_only,solar,unknown,2,,,,,"""Hertford County"" North Carolina solar height_limit",values conflict with sabin:S26R-5658
1493,compiled_flagged,nrel:wind:37095,NC,Hyde County,County,renewables_only,wind,unknown,2,,,,,"""Hyde County"" North Carolina wind setback",
1494,compiled_flagged,nrel:solar:37097,NC,Iredell County,County,renewables_only,solar,unknown,2,,,,,"""Iredell County"" North Carolina solar setback",
1495,compiled_flagged,nrel:solar:37101,NC,Johnston County,County,renewables_only,solar,unknown,2,,,,,"""Johnston County"" North Carolina solar height_limit",
1496,compiled_flagged,nrel:solar:37115,NC,Madison County,County,renewables_only,solar,unknown,2,,,,,"""Madison County"" North Carolina solar height_limit",
1497,compiled_flagged,nrel:wind:37115,NC,Madison County,County,renewables_only,wind,unknown,2,,,,,"""Madison County"" North Carolina wind setback",
1498,compiled_flagged,nrel:wind:37119,NC,Mecklenburg County,County,renewables_only,wind,unknown,2,,,,,"""Mecklenburg County"" North Carolina wind zoning_restriction",
1499,compiled_flagged,nrel:solar:37123,NC,Montgomery County,County,renewables_only,solar,unknown,2,,,,,"""Montgomery County"" North Carolina solar height_limit",
1500,compiled_flagged,nrel:solar:37125,NC,Moore County,County,renewables_only,solar,unknown,2,,,,,"""Moore County"" North Carolina solar setback",
1501,compiled_flagged,nrel:solar:37131,NC,Northampton County,County,renewables_only,solar,unknown,2,,,,,"""Northampton County"" North Carolina solar setback",
1502,compiled_flagged,nrel:solar:37133,NC,Onslow County,County,renewables_only,solar,unknown,2,,,,,"""Onslow County"" North Carolina solar height_limit",values conflict with sabin:S26R-5653
1503,compiled_flagged,nrel:solar:37137,NC,Pamlico County,County,renewables_only,solar,unknown,2,,,,,"""Pamlico County"" North Carolina solar setback",
1504,compiled_flagged,nrel:solar:37139,NC,Pasquotank County,County,renewables_only,solar,unknown,2,,,,,"""Pasquotank County"" North Carolina solar height_limit",values conflict with mn:nc-pasquotank-county-solar-2026; sabin:S26R-5651
1505,compiled_flagged,nrel:solar:37143,NC,Perquimans County,County,renewables_only,solar,unknown,2,,,,,"""Perquimans County"" North Carolina solar height_limit",values conflict with sabin:S26R-5650
1506,compiled_flagged,nrel:solar:37147,NC,Pitt County,County,renewables_only,solar,unknown,2,,,,,"""Pitt County"" North Carolina solar height_limit",
1507,compiled_flagged,nrel:solar:37149,NC,Polk County,County,renewables_only,solar,unknown,2,,,,,"""Polk County"" North Carolina solar height_limit",
1508,compiled_flagged,nrel:solar:37153,NC,Richmond County,County,renewables_only,solar,unknown,2,,,,,"""Richmond County"" North Carolina solar height_limit",
1509,compiled_flagged,nrel:solar:37157,NC,Rockingham County,County,renewables_only,solar,unknown,2,,,,,"""Rockingham County"" North Carolina solar setback",
1510,compiled_flagged,nrel:solar:37159,NC,Rowan County,County,renewables_only,solar,unknown,2,,,,,"""Rowan County"" North Carolina solar setback",
1511,compiled_flagged,nrel:solar:37163,NC,Sampson County,County,renewables_only,solar,unknown,2,,,,,"""Sampson County"" North Carolina solar height_limit",NREL sample: Property Line (Non-Participating) contradicts
1512,compiled_flagged,nrel:solar:37171,NC,Surry County,County,renewables_only,solar,unknown,2,,,,,"""Surry County"" North Carolina solar height_limit",
1513,compiled_flagged,nrel:wind:37171,NC,Surry County,County,renewables_only,wind,unknown,2,,,,,"""Surry County"" North Carolina wind setback",
1514,compiled_flagged,nrel:solar:37181,NC,Vance County,County,renewables_only,solar,unknown,2,,,,,"""Vance County"" North Carolina solar height_limit",
1515,compiled_flagged,nrel:solar:37185,NC,Warren County,County,renewables_only,solar,unknown,2,,,,,"""Warren County"" North Carolina solar height_limit",
1516,compiled_flagged,nrel:solar:37187,NC,Washington County,County,renewables_only,solar,unknown,2,,,,,"""Washington County"" North Carolina solar setback",
1517,compiled_flagged,nrel:wind:37187,NC,Washington County,County,renewables_only,wind,unknown,2,,,,,"""Washington County"" North Carolina wind setback",
1518,compiled_flagged,nrel:solar:37189,NC,Watauga County,County,renewables_only,solar,unknown,2,,,,,"""Watauga County"" North Carolina solar setback",
1519,compiled_flagged,nrel:solar:37191,NC,Wayne County,County,renewables_only,solar,unknown,2,,,,,"""Wayne County"" North Carolina solar setback",
1520,compiled_flagged,nrel:solar:37197,NC,Yadkin County,County,renewables_only,solar,unknown,2,,,,,"""Yadkin County"" North Carolina solar setback",
1521,compiled_flagged,nrel:solar:38003,ND,Barnes County,County,renewables_only,solar,unknown,2,,,,,"""Barnes County"" North Dakota solar setback",
1522,compiled_flagged,nrel:wind:38007,ND,Billings County,County,renewables_only,wind,unknown,2,,,,,"""Billings County"" North Dakota wind setback",
1523,compiled_flagged,nrel:solar:38011,ND,Bowman County,County,renewables_only,solar,unknown,2,,,,,"""Bowman County"" North Dakota solar height_limit",values conflict with sabin:S26R-5646
1524,compiled_flagged,nrel:wind:38015,ND,Burleigh County,County,renewables_only,wind,unknown,2,,,,,"""Burleigh County"" North Dakota wind setback",
1525,compiled_flagged,nrel:wind:38017,ND,Cass County,County,renewables_only,wind,unknown,2,,,,,"""Cass County"" North Dakota wind setback",
1526,compiled_flagged,nrel:wind:38021,ND,Dickey County,County,renewables_only,wind,unknown,2,,,,,"""Dickey County"" North Dakota wind setback",
1527,compiled_flagged,nrel:solar:38023,ND,Divide County,County,renewables_only,solar,unknown,2,,,,,"""Divide County"" North Dakota solar setback",
1528,compiled_flagged,nrel:wind:38027,ND,Eddy County,County,renewables_only,wind,unknown,2,,,,,"""Eddy County"" North Dakota wind setback",
1529,compiled_flagged,nrel:wind:38037,ND,Grant County,County,renewables_only,wind,unknown,2,,,,,"""Grant County"" North Dakota wind setback",
1530,compiled_flagged,nrel:wind:38039,ND,Griggs County,County,renewables_only,wind,unknown,2,,,,,"""Griggs County"" North Dakota wind setback",
1531,compiled_flagged,nrel:wind:38041,ND,Hettinger County,County,renewables_only,wind,unknown,2,,,,,"""Hettinger County"" North Dakota wind setback",
1532,compiled_flagged,nrel:wind:38045,ND,LaMoure County,County,renewables_only,wind,unknown,2,,,,,"""LaMoure County"" North Dakota wind setback",
1533,compiled_flagged,nrel:wind:38047,ND,Logan County,County,renewables_only,wind,unknown,2,,,,,"""Logan County"" North Dakota wind setback",
1534,compiled_flagged,nrel:wind:38049,ND,McHenry County,County,renewables_only,wind,unknown,2,,,,,"""McHenry County"" North Dakota wind setback",
1535,compiled_flagged,nrel:wind:38057,ND,Mercer County,County,renewables_only,wind,unknown,2,,,,,"""Mercer County"" North Dakota wind setback",
1536,compiled_flagged,nrel:wind:38059,ND,Morton County,County,renewables_only,wind,unknown,2,,,,,"""Morton County"" North Dakota wind setback",
1537,compiled_flagged,nrel:solar:38061,ND,Mountrail County,County,renewables_only,solar,unknown,2,,,,,"""Mountrail County"" North Dakota solar height_limit",
1538,compiled_flagged,nrel:wind:38065,ND,Oliver County,County,renewables_only,wind,unknown,2,,,,,"""Oliver County"" North Dakota wind setback",
1539,compiled_flagged,nrel:wind:38077,ND,Richland County,County,renewables_only,wind,unknown,2,,,,,"""Richland County"" North Dakota wind setback",
1540,compiled_flagged,nrel:wind:38081,ND,Sargent County,County,renewables_only,wind,unknown,2,,,,,"""Sargent County"" North Dakota wind setback",
1541,compiled_flagged,nrel:wind:38083,ND,Sheridan County,County,renewables_only,wind,unknown,2,,,,,"""Sheridan County"" North Dakota wind setback",
1542,compiled_flagged,nrel:wind:38093,ND,Stutsman County,County,renewables_only,wind,unknown,2,,,,,"""Stutsman County"" North Dakota wind setback",
1543,compiled_flagged,nrel:wind:38101,ND,Ward County,County,renewables_only,wind,unknown,2,,,,,"""Ward County"" North Dakota wind setback",
1544,compiled_flagged,nrel:wind:38105,ND,Williams County,County,renewables_only,wind,unknown,2,,,,,"""Williams County"" North Dakota wind setback",
1545,compiled_flagged,nrel:solar:31017,NE,Brown County,County,renewables_only,solar,unknown,2,,,,,"""Brown County"" Nebraska solar height_limit",
1546,compiled_flagged,nrel:solar:31021,NE,Burt County,County,renewables_only,solar,unknown,2,,,,,"""Burt County"" Nebraska solar height_limit",
1547,compiled_flagged,nrel:wind:31031,NE,Cherry County,County,renewables_only,wind,unknown,2,,,,,"""Cherry County"" Nebraska wind setback",
1548,compiled_flagged,nrel:wind:31035,NE,Clay County,County,renewables_only,wind,unknown,2,,,,,"""Clay County"" Nebraska wind setback",
1549,compiled_flagged,nrel:solar:31039,NE,Cuming County,County,renewables_only,solar,unknown,2,,,,,"""Cuming County"" Nebraska solar height_limit",
1550,compiled_flagged,nrel:wind:31039,NE,Cuming County,County,renewables_only,wind,unknown,2,,,,,"""Cuming County"" Nebraska wind setback",values conflict with sabin:S26R-5795
1551,compiled_flagged,nrel:solar:31041,NE,Custer County,County,renewables_only,solar,unknown,2,,,,,"""Custer County"" Nebraska solar height_limit",
1552,compiled_flagged,nrel:wind:31041,NE,Custer County,County,renewables_only,wind,unknown,2,,,,,"""Custer County"" Nebraska wind setback",
1553,compiled_flagged,nrel:solar:31043,NE,Dakota County,County,renewables_only,solar,unknown,2,,,,,"""Dakota County"" Nebraska solar height_limit",
1554,compiled_flagged,nrel:solar:31047,NE,Dawson County,County,renewables_only,solar,unknown,2,,,,,"""Dawson County"" Nebraska solar height_limit",
1555,compiled_flagged,nrel:wind:31049,NE,Deuel County,County,renewables_only,wind,unknown,2,,,,,"""Deuel County"" Nebraska wind setback",
1556,compiled_flagged,nrel:solar:31053,NE,Dodge County,County,renewables_only,solar,unknown,2,,,,,"""Dodge County"" Nebraska solar height_limit",
1557,compiled_flagged,nrel:wind:31053,NE,Dodge County,County,renewables_only,wind,unknown,2,,,,,"""Dodge County"" Nebraska wind setback",values conflict with sabin:S26R-5792; NREL sample: Property Line (Non-Participating) contradicts; NREL sample: Structures (Non-Participating) contradicts
1558,compiled_flagged,nrel:wind:31055,NE,Douglas County,County,renewables_only,wind,unknown,2,,,,,"""Douglas County"" Nebraska wind setback",
1559,compiled_flagged,nrel:solar:31059,NE,Fillmore County,County,renewables_only,solar,unknown,2,,,,,"""Fillmore County"" Nebraska solar height_limit",values conflict with mn:ne-fillmore-county-2026
1560,compiled_flagged,nrel:wind:31065,NE,Furnas County,County,renewables_only,wind,unknown,2,,,,,"""Furnas County"" Nebraska wind setback",values conflict with mn:ne-furnas-county-2025
1561,compiled_flagged,nrel:solar:31071,NE,Garfield County,County,renewables_only,solar,unknown,2,,,,,"""Garfield County"" Nebraska solar height_limit",
1562,compiled_flagged,nrel:wind:31071,NE,Garfield County,County,renewables_only,wind,unknown,2,,,,,"""Garfield County"" Nebraska wind setback",
1563,compiled_flagged,nrel:wind:31077,NE,Greeley County,County,renewables_only,wind,unknown,2,,,,,"""Greeley County"" Nebraska wind noise_limit",values conflict with sabin:REC-0249
1564,compiled_flagged,nrel:wind:31079,NE,Hall County,County,renewables_only,wind,unknown,2,,,,,"""Hall County"" Nebraska wind setback",
1565,compiled_flagged,nrel:solar:31081,NE,Hamilton County,County,renewables_only,solar,unknown,2,,,,,"""Hamilton County"" Nebraska solar height_limit",
1566,compiled_flagged,nrel:wind:31081,NE,Hamilton County,County,renewables_only,wind,unknown,2,,,,,"""Hamilton County"" Nebraska wind zoning_restriction",values conflict with sabin:REC-0250
1567,compiled_flagged,nrel:wind:31085,NE,Hayes County,County,renewables_only,wind,unknown,2,,,,,"""Hayes County"" Nebraska wind setback",
1568,compiled_flagged,nrel:solar:31089,NE,Holt County,County,renewables_only,solar,unknown,2,,,,,"""Holt County"" Nebraska solar height_limit",
1569,compiled_flagged,nrel:solar:31095,NE,Jefferson County,County,renewables_only,solar,unknown,2,,,,,"""Jefferson County"" Nebraska solar height_limit",
1570,compiled_flagged,nrel:wind:31097,NE,Johnson County,County,renewables_only,wind,unknown,2,,,,,"""Johnson County"" Nebraska wind setback",
1571,compiled_flagged,nrel:wind:31099,NE,Kearney County,County,renewables_only,wind,unknown,2,,,,,"""Kearney County"" Nebraska wind setback",
1572,compiled_flagged,nrel:solar:31101,NE,Keith County,County,renewables_only,solar,unknown,2,,,,,"""Keith County"" Nebraska solar setback",
1573,compiled_flagged,nrel:wind:31101,NE,Keith County,County,renewables_only,wind,unknown,2,,,,,"""Keith County"" Nebraska wind setback",
1574,compiled_flagged,nrel:solar:31105,NE,Kimball County,County,renewables_only,solar,unknown,2,,,,,"""Kimball County"" Nebraska solar setback",
1575,compiled_flagged,nrel:wind:31105,NE,Kimball County,County,renewables_only,wind,unknown,2,,,,,"""Kimball County"" Nebraska wind setback",NREL sample: Noise contradicts; NREL sample: Property Line (Non-Participating) contradicts; NREL sample: Structures (Non-Participating) contradicts
1576,compiled_flagged,nrel:wind:31107,NE,Knox County,County,renewables_only,wind,unknown,2,,,,,"""Knox County"" Nebraska wind setback",values conflict with sabin:S26R-5782
1577,compiled_flagged,nrel:solar:31109,NE,Lancaster County,County,renewables_only,solar,unknown,2,,,,,"""Lancaster County"" Nebraska solar setback",
1578,compiled_flagged,nrel:solar:31115,NE,Loup County,County,renewables_only,solar,unknown,2,,,,,"""Loup County"" Nebraska solar height_limit",
1579,compiled_flagged,nrel:solar:31119,NE,Madison County,County,renewables_only,solar,unknown,2,,,,,"""Madison County"" Nebraska solar height_limit",
1580,compiled_flagged,nrel:wind:31119,NE,Madison County,County,renewables_only,wind,unknown,2,,,,,"""Madison County"" Nebraska wind setback",
1581,compiled_flagged,nrel:wind:31121,NE,Merrick County,County,renewables_only,wind,unknown,2,,,,,"""Merrick County"" Nebraska wind setback",
1582,compiled_flagged,nrel:solar:31131,NE,Otoe County,County,renewables_only,solar,unknown,2,,,,,"""Otoe County"" Nebraska solar height_limit",values conflict with sabin:S26R-5777
1583,compiled_flagged,nrel:wind:31131,NE,Otoe County,County,renewables_only,wind,unknown,2,,,,,"""Otoe County"" Nebraska wind setback",values conflict with sabin:S26R-5776
1584,compiled_flagged,nrel:wind:31133,NE,Pawnee County,County,renewables_only,wind,unknown,2,,,,,"""Pawnee County"" Nebraska wind setback",
1585,compiled_flagged,nrel:solar:31137,NE,Phelps County,County,renewables_only,solar,unknown,2,,,,,"""Phelps County"" Nebraska solar height_limit",values conflict with sabin:S26R-5774
1586,compiled_flagged,nrel:wind:31137,NE,Phelps County,County,renewables_only,wind,unknown,2,,,,,"""Phelps County"" Nebraska wind setback",values conflict with sabin:S26R-5774
1587,compiled_flagged,nrel:wind:31143,NE,Polk County,County,renewables_only,wind,unknown,2,,,,,"""Polk County"" Nebraska wind setback",
1588,compiled_flagged,nrel:wind:31145,NE,Red Willow County,County,renewables_only,wind,unknown,2,,,,,"""Red Willow County"" Nebraska wind setback",
1589,compiled_flagged,nrel:solar:31153,NE,Sarpy County,County,renewables_only,solar,unknown,2,,,,,"""Sarpy County"" Nebraska solar height_limit",
1590,compiled_flagged,nrel:solar:31155,NE,Saunders County,County,renewables_only,solar,unknown,2,,,,,"""Saunders County"" Nebraska solar height_limit",
1591,compiled_flagged,nrel:solar:31157,NE,Scotts Bluff County,County,renewables_only,solar,unknown,2,,,,,"""Scotts Bluff County"" Nebraska solar setback",
1592,compiled_flagged,nrel:solar:31169,NE,Thayer County,County,renewables_only,solar,unknown,2,,,,,"""Thayer County"" Nebraska solar height_limit",
1593,compiled_flagged,nrel:solar:31171,NE,Thomas County,County,renewables_only,solar,unknown,2,,,,,"""Thomas County"" Nebraska solar height_limit",
1594,compiled_flagged,nrel:wind:31175,NE,Valley County,County,renewables_only,wind,unknown,2,,,,,"""Valley County"" Nebraska wind setback",
1595,compiled_flagged,nrel:solar:31177,NE,Washington County,County,renewables_only,solar,unknown,2,,,,,"""Washington County"" Nebraska solar height_limit",
1596,compiled_flagged,nrel:wind:31177,NE,Washington County,County,renewables_only,wind,unknown,2,,,,,"""Washington County"" Nebraska wind setback",
1597,compiled_flagged,nrel:solar:31181,NE,Webster County,County,renewables_only,solar,unknown,2,,,,,"""Webster County"" Nebraska solar height_limit",
1598,compiled_flagged,nrel:wind:31181,NE,Webster County,County,renewables_only,wind,unknown,2,,,,,"""Webster County"" Nebraska wind setback",
1599,compiled_flagged,nrel:wind:31185,NE,York County,County,renewables_only,wind,unknown,2,,,,,"""York County"" Nebraska wind setback",
1600,compiled_flagged,nrel:wind:3300900580,NH,Alexandria Town,Municipality,renewables_only,wind,unknown,2,,,,,"""Alexandria Town"" New Hampshire wind zoning_restriction",
1601,compiled_flagged,nrel:solar:3300526500,NH,Fitzwilliam Town,Municipality,renewables_only,solar,unknown,2,,,,,"""Fitzwilliam Town"" New Hampshire solar height_limit",values conflict with sabin:S26R-5759
1602,compiled_flagged,nrel:solar:3300927300,NH,Franconia Town,Municipality,renewables_only,solar,unknown,2,,,,,"""Franconia Town"" New Hampshire solar height_limit",
1603,compiled_flagged,nrel:solar:3301136180,NH,Hillsborough Town,Municipality,renewables_only,solar,unknown,2,,,,,"""Hillsborough Town"" New Hampshire solar size_cap",
1604,compiled_flagged,nrel:wind:3301136180,NH,Hillsborough Town,Municipality,renewables_only,wind,unknown,2,,,,,"""Hillsborough Town"" New Hampshire wind siting_standard",
1605,compiled_flagged,nrel:solar:3300936900,NH,Holderness Town,Municipality,renewables_only,solar,unknown,2,,,,,"""Holderness Town"" New Hampshire solar setback",
1606,compiled_flagged,nrel:solar:3301337540,NH,Hopkinton Town,Municipality,renewables_only,solar,unknown,2,,,,,"""Hopkinton Town"" New Hampshire solar setback",
1607,compiled_flagged,nrel:solar:3300539300,NH,Keene City,Municipality,renewables_only,solar,unknown,2,,,,,"""Keene City"" New Hampshire solar height_limit",values conflict with sabin:S26R-5761
1608,compiled_flagged,nrel:wind:3301551380,NH,Newfields Town,Municipality,renewables_only,wind,unknown,2,,,,,"""Newfields Town"" New Hampshire wind setback",
1609,compiled_flagged,nrel:wind:3301361940,NH,Pittsfield Town,Municipality,renewables_only,wind,unknown,2,,,,,"""Pittsfield Town"" New Hampshire wind setback",
1610,compiled_flagged,nrel:wind:3301962340,NH,Plainfield Town,Municipality,renewables_only,wind,unknown,2,,,,,"""Plainfield Town"" New Hampshire wind noise_limit",
1611,compiled_flagged,nrel:solar:3301566180,NH,Rye Town,Municipality,renewables_only,solar,unknown,2,,,,,"""Rye Town"" New Hampshire solar size_cap",
1612,compiled_flagged,nrel:solar:3301185220,NH,Wilton Town,Municipality,renewables_only,solar,unknown,2,,,,,"""Wilton Town"" New Hampshire solar height_limit",
1613,compiled_flagged,nrel:wind:35027,NM,Lincoln County,County,renewables_only,wind,unknown,2,,,,,"""Lincoln County"" New Mexico wind setback",
1614,compiled_flagged,nrel:solar:35047,NM,San Miguel County,County,renewables_only,solar,unknown,2,,,,,"""San Miguel County"" New Mexico solar setback",
1615,compiled_flagged,nrel:wind:35049,NM,Santa Fe County,County,renewables_only,wind,unknown,2,,,,,"""Santa Fe County"" New Mexico wind noise_limit",
1616,compiled_flagged,nrel:wind:35055,NM,Taos County,County,renewables_only,wind,unknown,2,,,,,"""Taos County"" New Mexico wind setback",
1617,compiled_flagged,nrel:solar:32009,NV,Esmeralda County,County,renewables_only,solar,unknown,2,,,,,"""Esmeralda County"" Nevada solar noise_limit",
1618,compiled_flagged,nrel:solar:32013,NV,Humboldt County,County,renewables_only,solar,unknown,2,,,,,"""Humboldt County"" Nevada solar noise_limit",
1619,compiled_flagged,nrel:solar:32021,NV,Mineral County,County,renewables_only,solar,unknown,2,,,,,"""Mineral County"" Nevada solar noise_limit",
1620,compiled_flagged,nrel:wind:32023,NV,Nye County,County,renewables_only,wind,unknown,2,,,,,"""Nye County"" Nevada wind setback",values conflict with sabin:REC-0254
1621,compiled_flagged,nrel:wind:32027,NV,Pershing County,County,renewables_only,wind,unknown,2,,,,,"""Pershing County"" Nevada wind noise_limit",
1622,compiled_flagged,nrel:wind:32033,NV,White Pine County,County,renewables_only,wind,unknown,2,,,,,"""White Pine County"" Nevada wind noise_limit",
1623,compiled_flagged,nrel:solar:3607301044,NY,Albion Town,Municipality,renewables_only,solar,unknown,2,,,,,"""Albion Town"" New York solar height_limit",
1624,compiled_flagged,nrel:solar:3602901099,NY,Alden Town,Municipality,renewables_only,solar,unknown,2,,,,,"""Alden Town"" New York solar height_limit",
1625,compiled_flagged,nrel:solar:3600901297,NY,Allegany Town,Municipality,renewables_only,solar,unknown,2,,,,,"""Allegany Town"" New York solar height_limit",
1626,compiled_flagged,nrel:solar:3602902000,NY,Amherst Town,Municipality,renewables_only,solar,unknown,2,,,,,"""Amherst Town"" New York solar height_limit",
1627,compiled_flagged,nrel:solar:3611702440,NY,Arcadia Town,Municipality,renewables_only,solar,unknown,2,,,,,"""Arcadia Town"" New York solar height_limit",
1628,compiled_flagged,nrel:wind:3604102572,NY,Arietta Town,Municipality,renewables_only,wind,unknown,2,,,,,"""Arietta Town"" New York wind size_cap",
1629,compiled_flagged,nrel:solar:3600902759,NY,Ashford Town,Municipality,renewables_only,solar,unknown,2,,,,,"""Ashford Town"" New York solar height_limit",
1630,compiled_flagged,nrel:solar:3603902913,NY,Athens Town,Municipality,renewables_only,solar,unknown,2,,,,,"""Athens Town"" New York solar height_limit",
1631,compiled_flagged,nrel:solar:3601103166,NY,Aurelius Town,Municipality,renewables_only,solar,unknown,2,,,,,"""Aurelius Town"" New York solar height_limit",
1632,compiled_flagged,nrel:solar:3602903199,NY,Aurora Town,Municipality,renewables_only,solar,unknown,2,,,,,"""Aurora Town"" New York solar size_cap",
1633,compiled_flagged,nrel:wind:3602903199,NY,Aurora Town,Municipality,renewables_only,wind,unknown,2,,,,,"""Aurora Town"" New York wind zoning_restriction",
1634,compiled_flagged,nrel:solar:3602103287,NY,Austerlitz Town,Municipality,renewables_only,solar,unknown,2,,,,,"""Austerlitz Town"" New York solar zoning_restriction",
1635,compiled_flagged,nrel:solar:3605103364,NY,Avon Town,Municipality,renewables_only,solar,unknown,2,,,,,"""Avon Town"" New York solar zoning_restriction",
1636,compiled_flagged,nrel:solar:3610304000,NY,Babylon Town,Municipality,renewables_only,solar,unknown,2,,,,,"""Babylon Town"" New York solar setback",
1637,compiled_flagged,nrel:solar:3609104220,NY,Ballston Town,Municipality,renewables_only,solar,unknown,2,,,,,"""Ballston Town"" New York solar setback",values conflict with sabin:S26R-5706; NREL sample: Maximum Lot Size contradicts
1638,compiled_flagged,nrel:solar:3603704726,NY,Batavia Town,Municipality,renewables_only,solar,unknown,2,,,,,"""Batavia Town"" New York solar setback",
1639,compiled_flagged,nrel:solar:3610104770,NY,Bath Town,Municipality,renewables_only,solar,unknown,2,,,,,"""Bath Town"" New York solar height_limit",values conflict with sabin:S26R-5695
1640,compiled_flagged,nrel:solar:3602705100,NY,Beacon City,Municipality,renewables_only,solar,unknown,2,,,,,"""Beacon City"" New York solar height_limit",
1641,compiled_flagged,nrel:solar:3603706266,NY,Bethany Town,Municipality,renewables_only,solar,unknown,2,,,,,"""Bethany Town"" New York solar height_limit",
1642,compiled_flagged,nrel:solar:3610506310,NY,Bethel Town,Municipality,renewables_only,solar,unknown,2,,,,,"""Bethel Town"" New York solar height_limit",
1643,compiled_flagged,nrel:solar:3600706607,NY,Binghamton City,Municipality,renewables_only,solar,unknown,2,,,,,"""Binghamton City"" New York solar size_cap",
1644,compiled_flagged,nrel:solar:3600706618,NY,Binghamton Town,Municipality,renewables_only,solar,unknown,2,,,,,"""Binghamton Town"" New York solar height_limit",
1645,compiled_flagged,nrel:solar:3602907454,NY,Boston Town,Municipality,renewables_only,solar,unknown,2,,,,,"""Boston Town"" New York solar height_limit",
1646,compiled_flagged,nrel:solar:3602907894,NY,Brant Town,Municipality,renewables_only,solar,unknown,2,,,,,"""Brant Town"" New York solar size_cap",
1647,compiled_flagged,nrel:solar:3608907938,NY,Brasher Town,Municipality,renewables_only,solar,unknown,2,,,,,"""Brasher Town"" New York solar height_limit",
1648,compiled_flagged,nrel:solar:3610310000,NY,Brookhaven Town,Municipality,renewables_only,solar,unknown,2,,,,,"""Brookhaven Town"" New York solar height_limit",
1649,compiled_flagged,nrel:wind:3602911000,NY,Buffalo City,Municipality,renewables_only,wind,unknown,2,,,,,"""Buffalo City"" New York wind setback",
1650,compiled_flagged,nrel:solar:3605111715,NY,Caledonia Town,Municipality,renewables_only,solar,unknown,2,,,,,"""Caledonia Town"" New York solar height_limit",
1651,compiled_flagged,nrel:solar:3606511858,NY,Camden Town,Municipality,renewables_only,solar,unknown,2,,,,,"""Camden Town"" New York solar height_limit",values conflict with sabin:S26R-5718
1652,compiled_flagged,nrel:wind:3602112056,NY,Canaan Town,Municipality,renewables_only,wind,unknown,2,,,,,"""Canaan Town"" New York wind zoning_restriction",
1653,compiled_flagged,nrel:solar:3605712122,NY,Canajoharie Town,Municipality,renewables_only,solar,unknown,2,,,,,"""Canajoharie Town"" New York solar height_limit",values conflict with sabin:S26R-5727
1654,compiled_flagged,nrel:wind:3610912606,NY,Caroline Town,Municipality,renewables_only,wind,unknown,2,,,,,"""Caroline Town"" New York wind zoning_restriction",
1655,compiled_flagged,nrel:solar:3601112969,NY,Cato Town,Municipality,renewables_only,solar,unknown,2,,,,,"""Cato Town"" New York solar height_limit",
1656,compiled_flagged,nrel:solar:3603913013,NY,Catskill Town,Municipality,renewables_only,solar,unknown,2,,,,,"""Catskill Town"" New York solar height_limit",
1657,compiled_flagged,nrel:solar:3605313156,NY,Cazenovia Town,Municipality,renewables_only,solar,unknown,2,,,,,"""Cazenovia Town"" New York solar height_limit",
1658,compiled_flagged,nrel:wind:3604513717,NY,Champion Town,Municipality,renewables_only,wind,unknown,2,,,,,"""Champion Town"" New York wind setback",
1659,compiled_flagged,nrel:solar:3601913750,NY,Champlain Town,Municipality,renewables_only,solar,unknown,2,,,,,"""Champlain Town"" New York solar height_limit",
1660,compiled_flagged,nrel:solar:3609113926,NY,Charlton Town,Municipality,renewables_only,solar,unknown,2,,,,,"""Charlton Town"" New York solar setback",
1661,compiled_flagged,nrel:solar:3601314069,NY,Chautauqua Town,Municipality,renewables_only,solar,unknown,2,,,,,"""Chautauqua Town"" New York solar height_limit",values conflict with mn:ny-town-of-chautauqua-2023
1662,compiled_flagged,nrel:solar:3601515077,NY,Chemung Town,Municipality,renewables_only,solar,unknown,2,,,,,"""Chemung Town"" New York solar height_limit",
1663,compiled_flagged,nrel:wind:3601315198,NY,Cherry Creek Town,Municipality,renewables_only,wind,unknown,2,,,,,"""Cherry Creek Town"" New York wind setback",
1664,compiled_flagged,nrel:solar:3607715253,NY,Cherry Valley Town,Municipality,renewables_only,solar,unknown,2,,,,,"""Cherry Valley Town"" New York solar height_limit",
1665,compiled_flagged,nrel:solar:3607115308,NY,Chester Town,Municipality,renewables_only,solar,unknown,2,,,,,"""Chester Town"" New York solar height_limit",
1666,compiled_flagged,nrel:solar:3603115330,NY,Chesterfield Town,Municipality,renewables_only,solar,unknown,2,,,,,"""Chesterfield Town"" New York solar height_limit",
1667,compiled_flagged,nrel:solar:3605515462,NY,Chili Town,Municipality,renewables_only,solar,unknown,2,,,,,"""Chili Town"" New York solar height_limit",
1668,compiled_flagged,nrel:solar:3606715704,NY,Cicero Town,Municipality,renewables_only,solar,unknown,2,,,,,"""Cicero Town"" New York solar height_limit",values conflict with sabin:S26R-5717
1669,compiled_flagged,nrel:solar:3605515957,NY,Clarkson Town,Municipality,renewables_only,solar,unknown,2,,,,,"""Clarkson Town"" New York solar setback",
1670,compiled_flagged,nrel:solar:3609116353,NY,Clifton Park Town,Municipality,renewables_only,solar,unknown,2,,,,,"""Clifton Park Town"" New York solar height_limit",values conflict with sabin:REC-0297
1671,compiled_flagged,nrel:solar:3601316595,NY,Clymer Town,Municipality,renewables_only,solar,unknown,2,,,,,"""Clymer Town"" New York solar height_limit",
1672,compiled_flagged,nrel:solar:3609516639,NY,Cobleskill Town,Municipality,renewables_only,solar,unknown,2,,,,,"""Cobleskill Town"" New York solar height_limit",
1673,compiled_flagged,nrel:solar:3610516661,NY,Cochecton Town,Municipality,renewables_only,solar,unknown,2,,,,,"""Cochecton Town"" New York solar height_limit",values conflict with sabin:S26R-5686
1674,compiled_flagged,nrel:solar:3600116694,NY,Coeymans Town,Municipality,renewables_only,solar,unknown,2,,,,,"""Coeymans Town"" New York solar height_limit",
1675,compiled_flagged,nrel:solar:3602917200,NY,Collins Town,Municipality,renewables_only,solar,unknown,2,,,,,"""Collins Town"" New York solar size_cap",
1676,compiled_flagged,nrel:solar:3600117343,NY,Colonie Town,Municipality,renewables_only,solar,unknown,2,,,,,"""Colonie Town"" New York solar height_limit",
1677,compiled_flagged,nrel:solar:3605117618,NY,Conesus Town,Municipality,renewables_only,solar,unknown,2,,,,,"""Conesus Town"" New York solar size_cap",
1678,compiled_flagged,nrel:wind:3600717772,NY,Conklin Town,Municipality,renewables_only,wind,unknown,2,,,,,"""Conklin Town"" New York wind setback",
1679,compiled_flagged,nrel:solar:3607517904,NY,Constantia Town,Municipality,renewables_only,solar,unknown,2,,,,,"""Constantia Town"" New York solar height_limit",
1680,compiled_flagged,nrel:solar:3602118102,NY,Copake Town,Municipality,renewables_only,solar,unknown,2,,,,,"""Copake Town"" New York solar height_limit",
1681,compiled_flagged,nrel:wind:3602118102,NY,Copake Town,Municipality,renewables_only,wind,unknown,2,,,,,"""Copake Town"" New York wind zoning_restriction",
1682,compiled_flagged,nrel:solar:3610118267,NY,Corning Town,Municipality,renewables_only,solar,unknown,2,,,,,"""Corning Town"" New York solar height_limit",
1683,compiled_flagged,nrel:solar:3611918410,NY,Cortlandt Town,Municipality,renewables_only,solar,unknown,2,,,,,"""Cortlandt Town"" New York solar height_limit",
1684,compiled_flagged,nrel:solar:3602318421,NY,Cortlandville Town,Municipality,renewables_only,solar,unknown,2,,,,,"""Cortlandville Town"" New York solar height_limit",
1685,compiled_flagged,nrel:solar:3607118916,NY,Crawford Town,Municipality,renewables_only,solar,unknown,2,,,,,"""Crawford Town"" New York solar height_limit",
1686,compiled_flagged,nrel:solar:3603719719,NY,Darien Town,Municipality,renewables_only,solar,unknown,2,,,,,"""Darien Town"" New York solar size_cap",
1687,compiled_flagged,nrel:solar:3607119961,NY,Deerpark Town,Municipality,renewables_only,solar,unknown,2,,,,,"""Deerpark Town"" New York solar height_limit",
1688,compiled_flagged,nrel:wind:3604920214,NY,Denmark Town,Municipality,renewables_only,wind,unknown,2,,,,,"""Denmark Town"" New York wind setback",values conflict with sabin:S26R-5729
1689,compiled_flagged,nrel:wind:3611120247,NY,Denning Town,Municipality,renewables_only,wind,unknown,2,,,,,"""Denning Town"" New York wind zoning_restriction",values conflict with sabin:S26R-5678
1690,compiled_flagged,nrel:solar:3602720819,NY,Dover Town,Municipality,renewables_only,solar,unknown,2,,,,,"""Dover Town"" New York solar height_limit",
1691,compiled_flagged,nrel:solar:3602721996,NY,East Fishkill Town,Municipality,renewables_only,solar,unknown,2,,,,,"""East Fishkill Town"" New York solar height_limit",
1692,compiled_flagged,nrel:solar:3602923415,NY,Eden Town,Municipality,renewables_only,solar,unknown,2,,,,,"""Eden Town"" New York solar height_limit",
1693,compiled_flagged,nrel:solar:3603723756,NY,Elba Town,Municipality,renewables_only,solar,unknown,2,,,,,"""Elba Town"" New York solar height_limit",values conflict with mn:ny-elba-undated
1694,compiled_flagged,nrel:solar:3601323998,NY,Ellicott Town,Municipality,renewables_only,solar,unknown,2,,,,,"""Ellicott Town"" New York solar height_limit",
1695,compiled_flagged,nrel:solar:3602924130,NY,Elma Town,Municipality,renewables_only,solar,unknown,2,,,,,"""Elma Town"" New York solar height_limit",
1696,compiled_flagged,nrel:solar:3610924548,NY,Enfield Town,Municipality,renewables_only,solar,unknown,2,,,,,"""Enfield Town"" New York solar height_limit",values conflict with sabin:REC-0302
1697,compiled_flagged,nrel:wind:3610924548,NY,Enfield Town,Municipality,renewables_only,wind,unknown,2,,,,,"""Enfield Town"" New York wind setback",values conflict with sabin:REC-0302
1698,compiled_flagged,nrel:solar:3611124691,NY,Esopus Town,Municipality,renewables_only,solar,unknown,2,,,,,"""Esopus Town"" New York solar height_limit",
1699,compiled_flagged,nrel:solar:3602924801,NY,Evans Town,Municipality,renewables_only,solar,unknown,2,,,,,"""Evans Town"" New York solar height_limit",
1700,compiled_flagged,nrel:wind:3601126231,NY,Fleming Town,Municipality,renewables_only,wind,unknown,2,,,,,"""Fleming Town"" New York wind setback",
1701,compiled_flagged,nrel:solar:3601327606,NY,French Creek Town,Municipality,renewables_only,solar,unknown,2,,,,,"""French Creek Town"" New York solar height_limit",
1702,compiled_flagged,nrel:wind:3607327958,NY,Gaines Town,Municipality,renewables_only,wind,unknown,2,,,,,"""Gaines Town"" New York wind setback",
1703,compiled_flagged,nrel:wind:3602128068,NY,Gallatin Town,Municipality,renewables_only,wind,unknown,2,,,,,"""Gallatin Town"" New York wind setback",
1704,compiled_flagged,nrel:solar:3609128112,NY,Galway Town,Municipality,renewables_only,solar,unknown,2,,,,,"""Galway Town"" New York solar height_limit",
1705,compiled_flagged,nrel:solar:3605128629,NY,Geneseo Town,Municipality,renewables_only,solar,unknown,2,,,,,"""Geneseo Town"" New York solar height_limit",
1706,compiled_flagged,nrel:solar:3606928651,NY,Geneva Town,Municipality,renewables_only,solar,unknown,2,,,,,"""Geneva Town"" New York solar height_limit",
1707,compiled_flagged,nrel:wind:3605328695,NY,Georgetown Town,Municipality,renewables_only,wind,unknown,2,,,,,"""Georgetown Town"" New York wind setback",
1708,compiled_flagged,nrel:wind:3605729047,NY,Glen Town,Municipality,renewables_only,wind,unknown,2,,,,,"""Glen Town"" New York wind size_cap",
1709,compiled_flagged,nrel:solar:3609329366,NY,Glenville Town,Municipality,renewables_only,solar,unknown,2,,,,,"""Glenville Town"" New York solar setback",values conflict with sabin:S26R-5702
1710,compiled_flagged,nrel:solar:3607129553,NY,Goshen Town,Municipality,renewables_only,solar,unknown,2,,,,,"""Goshen Town"" New York solar setback",
1711,compiled_flagged,nrel:solar:3608929608,NY,Gouverneur Town,Municipality,renewables_only,solar,unknown,2,,,,,"""Gouverneur Town"" New York solar height_limit",
1712,compiled_flagged,nrel:solar:3602929828,NY,Grand Island Town,Municipality,renewables_only,solar,unknown,2,,,,,"""Grand Island Town"" New York solar height_limit",
1713,compiled_flagged,nrel:solar:3605530290,NY,Greece Town,Municipality,renewables_only,solar,unknown,2,,,,,"""Greece Town"" New York solar setback",
1714,compiled_flagged,nrel:solar:3607130631,NY,Greenville Town,Municipality,renewables_only,solar,unknown,2,,,,,"""Greenville Town"" New York solar height_limit",
1715,compiled_flagged,nrel:solar:3604930796,NY,Greig Town,Municipality,renewables_only,solar,unknown,2,,,,,"""Greig Town"" New York solar height_limit",values conflict with mn:ny-greig-lewis-county-2026; sabin:S26R-5733
1716,compiled_flagged,nrel:wind:3605131016,NY,Groveland Town,Municipality,renewables_only,wind,unknown,2,,,,,"""Groveland Town"" New York wind setback",
1717,compiled_flagged,nrel:solar:3609131269,NY,Hadley Town,Municipality,renewables_only,solar,unknown,2,,,,,"""Hadley Town"" New York solar height_limit",
1718,compiled_flagged,nrel:solar:3608931841,NY,Hammond Town,Municipality,renewables_only,solar,unknown,2,,,,,"""Hammond Town"" New York solar height_limit",
1719,compiled_flagged,nrel:solar:3607131907,NY,Hamptonburgh Town,Municipality,renewables_only,solar,unknown,2,,,,,"""Hamptonburgh Town"" New York solar height_limit",
1720,compiled_flagged,nrel:solar:3601332248,NY,Harmony Town,Municipality,renewables_only,solar,unknown,2,,,,,"""Harmony Town"" New York solar setback",
1721,compiled_flagged,nrel:wind:3601332248,NY,Harmony Town,Municipality,renewables_only,wind,unknown,2,,,,,"""Harmony Town"" New York wind setback",
1722,compiled_flagged,nrel:wind:3604932358,NY,Harrisburg Town,Municipality,renewables_only,wind,unknown,2,,,,,"""Harrisburg Town"" New York wind setback",values conflict with sabin:S26R-5731
1723,compiled_flagged,nrel:solar:3611932413,NY,Harrison Town,Municipality,renewables_only,solar,unknown,2,,,,,"""Harrison Town"" New York solar height_limit",
1724,compiled_flagged,nrel:solar:3610132567,NY,Hartsville Town,Municipality,renewables_only,solar,unknown,2,,,,,"""Hartsville Town"" New York solar height_limit",
1725,compiled_flagged,nrel:solar:3604534055,NY,Henderson Town,Municipality,renewables_only,solar,unknown,2,,,,,"""Henderson Town"" New York solar height_limit",
1726,compiled_flagged,nrel:wind:3604534055,NY,Henderson Town,Municipality,renewables_only,wind,unknown,2,,,,,"""Henderson Town"" New York wind size_cap",
1727,compiled_flagged,nrel:solar:3605534099,NY,Henrietta Town,Municipality,renewables_only,solar,unknown,2,,,,,"""Henrietta Town"" New York solar height_limit",
1728,compiled_flagged,nrel:solar:3602134748,NY,Hillsdale Town,Municipality,renewables_only,solar,unknown,2,,,,,"""Hillsdale Town"" New York solar height_limit",
1729,compiled_flagged,nrel:solar:3602935122,NY,Holland Town,Municipality,renewables_only,solar,unknown,2,,,,,"""Holland Town"" New York solar zoning_restriction",
1730,compiled_flagged,nrel:solar:3608335463,NY,Hoosick Town,Municipality,renewables_only,solar,unknown,2,,,,,"""Hoosick Town"" New York solar height_limit",values conflict with sabin:S26R-5709
1731,compiled_flagged,nrel:solar:3608935595,NY,Hopkinton Town,Municipality,renewables_only,solar,unknown,2,,,,,"""Hopkinton Town"" New York solar height_limit",
1732,compiled_flagged,nrel:solar:3601535705,NY,Horseheads Town,Municipality,renewables_only,solar,unknown,2,,,,,"""Horseheads Town"" New York solar height_limit",
1733,compiled_flagged,nrel:solar:3604535782,NY,Hounsfield Town,Municipality,renewables_only,solar,unknown,2,,,,,"""Hounsfield Town"" New York solar height_limit",
1734,compiled_flagged,nrel:solar:3611137143,NY,Hurley Town,Municipality,renewables_only,solar,unknown,2,,,,,"""Hurley Town"" New York solar height_limit",values conflict with sabin:S26R-5677
1735,compiled_flagged,nrel:solar:3602737209,NY,Hyde Park Town,Municipality,renewables_only,solar,unknown,2,,,,,"""Hyde Park Town"" New York solar height_limit",
1736,compiled_flagged,nrel:solar:3610938088,NY,Ithaca Town,Municipality,renewables_only,solar,unknown,2,,,,,"""Ithaca Town"" New York solar height_limit",NREL sample: Maximum Height unverifiable; NREL sample: Maximum Lot Size unverifiable; NREL sample: Property Line (Non-Participating) unverifiable
1737,compiled_flagged,nrel:solar:3601339507,NY,Kiantone Town,Municipality,renewables_only,solar,unknown,2,,,,,"""Kiantone Town"" New York solar height_limit",
1738,compiled_flagged,nrel:solar:3611539650,NY,Kingsbury Town,Municipality,renewables_only,solar,unknown,2,,,,,"""Kingsbury Town"" New York solar height_limit",
1739,compiled_flagged,nrel:solar:3611139738,NY,Kingston Town,Municipality,renewables_only,solar,unknown,2,,,,,"""Kingston Town"" New York solar height_limit",values conflict with sabin:S26R-5675
1740,compiled_flagged,nrel:solar:3606539804,NY,Kirkland Town,Municipality,renewables_only,solar,unknown,2,,,,,"""Kirkland Town"" New York solar height_limit",
1741,compiled_flagged,nrel:solar:3606740266,NY,LaFayette Town,Municipality,renewables_only,solar,unknown,2,,,,,"""LaFayette Town"" New York solar height_limit",
1742,compiled_flagged,nrel:solar:3602740299,NY,LaGrange Town,Municipality,renewables_only,solar,unknown,2,,,,,"""LaGrange Town"" New York solar height_limit",
1743,compiled_flagged,nrel:solar:3602941146,NY,Lancaster Town,Municipality,renewables_only,solar,unknown,2,,,,,"""Lancaster Town"" New York solar height_limit",
1744,compiled_flagged,nrel:solar:3605341905,NY,Lenox Town,Municipality,renewables_only,solar,unknown,2,,,,,"""Lenox Town"" New York solar height_limit",
1745,compiled_flagged,nrel:solar:3611942136,NY,Lewisboro Town,Municipality,renewables_only,solar,unknown,2,,,,,"""Lewisboro Town"" New York solar height_limit",
1746,compiled_flagged,nrel:solar:3604342752,NY,Little Falls Town,Municipality,renewables_only,solar,unknown,2,,,,,"""Little Falls Town"" New York solar height_limit",
1747,compiled_flagged,nrel:solar:3605142961,NY,Livonia Town,Municipality,renewables_only,solar,unknown,2,,,,,"""Livonia Town"" New York solar height_limit",
1748,compiled_flagged,nrel:solar:3601143071,NY,Locke Town,Municipality,renewables_only,solar,unknown,2,,,,,"""Locke Town"" New York solar setback",
1749,compiled_flagged,nrel:solar:3606343093,NY,Lockport Town,Municipality,renewables_only,solar,unknown,2,,,,,"""Lockport Town"" New York solar height_limit",
1750,compiled_flagged,nrel:wind:3605943335,NY,Long Beach City,Municipality,renewables_only,wind,unknown,2,,,,,"""Long Beach City"" New York wind setback",
1751,compiled_flagged,nrel:solar:3604943731,NY,Lowville Town,Municipality,renewables_only,solar,unknown,2,,,,,"""Lowville Town"" New York solar height_limit",values conflict with sabin:S26R-5730
1752,compiled_flagged,nrel:wind:3604943731,NY,Lowville Town,Municipality,renewables_only,wind,unknown,2,,,,,"""Lowville Town"" New York wind setback",values conflict with sabin:S26R-5730
1753,compiled_flagged,nrel:solar:3604543863,NY,Lyme Town,Municipality,renewables_only,solar,unknown,2,,,,,"""Lyme Town"" New York solar height_limit",values conflict with sabin:S26R-5735
1754,compiled_flagged,nrel:solar:3606744039,NY,Lysander Town,Municipality,renewables_only,solar,unknown,2,,,,,"""Lysander Town"" New York solar height_limit",
1755,compiled_flagged,nrel:wind:3603344721,NY,Malone Town,Municipality,renewables_only,wind,unknown,2,,,,,"""Malone Town"" New York wind setback",
1756,compiled_flagged,nrel:solar:3610544809,NY,Mamakating Town,Municipality,renewables_only,solar,unknown,2,,,,,"""Mamakating Town"" New York solar height_limit",values conflict with sabin:S26R-5687
1757,compiled_flagged,nrel:solar:3606745029,NY,Manlius Town,Municipality,renewables_only,solar,unknown,2,,,,,"""Manlius Town"" New York solar height_limit",
1758,compiled_flagged,nrel:wind:3606745491,NY,Marcellus Town,Municipality,renewables_only,wind,unknown,2,,,,,"""Marcellus Town"" New York wind setback",
1759,compiled_flagged,nrel:solar:3603546217,NY,Mayfield Town,Municipality,renewables_only,solar,unknown,2,,,,,"""Mayfield Town"" New York solar height_limit",
1760,compiled_flagged,nrel:wind:3603546217,NY,Mayfield Town,Municipality,renewables_only,wind,unknown,2,,,,,"""Mayfield Town"" New York wind zoning_restriction",
1761,compiled_flagged,nrel:wind:3609546855,NY,Middleburgh Town,Municipality,renewables_only,wind,unknown,2,,,,,"""Middleburgh Town"" New York wind zoning_restriction",values conflict with sabin:S26R-5700
1762,compiled_flagged,nrel:solar:3607148857,NY,Mount Hope Town,Municipality,renewables_only,solar,unknown,2,,,,,"""Mount Hope Town"" New York solar height_limit",
1763,compiled_flagged,nrel:solar:3611949121,NY,Mount Vernon City,Municipality,renewables_only,solar,unknown,2,,,,,"""Mount Vernon City"" New York solar height_limit",
1764,compiled_flagged,nrel:solar:3601749957,NY,New Berlin Town,Municipality,renewables_only,solar,unknown,2,,,,,"""New Berlin Town"" New York solar height_limit",
1765,compiled_flagged,nrel:solar:3602150452,NY,New Lebanon Town,Municipality,renewables_only,solar,unknown,2,,,,,"""New Lebanon Town"" New York solar setback",
1766,compiled_flagged,nrel:solar:3611950617,NY,New Rochelle City,Municipality,renewables_only,solar,unknown,2,,,,,"""New Rochelle City"" New York solar height_limit",
1767,compiled_flagged,nrel:wind:3611950617,NY,New Rochelle City,Municipality,renewables_only,wind,unknown,2,,,,,"""New Rochelle City"" New York wind size_cap",
1768,compiled_flagged,nrel:solar:3607150848,NY,New Windsor Town,Municipality,renewables_only,solar,unknown,2,,,,,"""New Windsor Town"" New York solar height_limit",
1769,compiled_flagged,nrel:solar:3610749913,NY,Newark Valley Town,Municipality,renewables_only,solar,unknown,2,,,,,"""Newark Valley Town"" New York solar height_limit",
1770,compiled_flagged,nrel:solar:3607150045,NY,Newburgh Town,Municipality,renewables_only,solar,unknown,2,,,,,"""Newburgh Town"" New York solar height_limit",
1771,compiled_flagged,nrel:solar:3606350232,NY,Newfane Town,Municipality,renewables_only,solar,unknown,2,,,,,"""Newfane Town"" New York solar height_limit",
1772,compiled_flagged,nrel:solar:3606351033,NY,Niagara Town,Municipality,renewables_only,solar,unknown,2,,,,,"""Niagara Town"" New York solar height_limit",
1773,compiled_flagged,nrel:solar:3601151198,NY,Niles Town,Municipality,renewables_only,solar,unknown,2,,,,,"""Niles Town"" New York solar height_limit",
1774,compiled_flagged,nrel:solar:3602951803,NY,North Collins Town,Municipality,renewables_only,solar,unknown,2,,,,,"""North Collins Town"" New York solar height_limit",
1775,compiled_flagged,nrel:wind:3602951803,NY,North Collins Town,Municipality,renewables_only,wind,unknown,2,,,,,"""North Collins Town"" New York wind setback",
1776,compiled_flagged,nrel:solar:3605151869,NY,North Dansville Town,Municipality,renewables_only,solar,unknown,2,,,,,"""North Dansville Town"" New York solar height_limit",
1777,compiled_flagged,nrel:solar:3606353682,NY,North Tonawanda City,Municipality,renewables_only,solar,unknown,2,,,,,"""North Tonawanda City"" New York solar height_limit",
1778,compiled_flagged,nrel:solar:3605154089,NY,Nunda Town,Municipality,renewables_only,solar,unknown,2,,,,,"""Nunda Town"" New York solar height_limit",
1779,compiled_flagged,nrel:solar:3611755013,NY,Ontario Town,Municipality,renewables_only,solar,unknown,2,,,,,"""Ontario Town"" New York solar height_limit",
1780,compiled_flagged,nrel:solar:3608755211,NY,Orangetown Town,Municipality,renewables_only,solar,unknown,2,,,,,"""Orangetown Town"" New York solar size_cap",
1781,compiled_flagged,nrel:solar:3602955277,NY,Orchard Park Town,Municipality,renewables_only,solar,unknown,2,,,,,"""Orchard Park Town"" New York solar zoning_restriction",
1782,compiled_flagged,nrel:solar:3604955497,NY,Osceola Town,Municipality,renewables_only,solar,unknown,2,,,,,"""Osceola Town"" New York solar setback",values conflict with sabin:S26R-5732
1783,compiled_flagged,nrel:solar:3607555574,NY,Oswego City,Municipality,renewables_only,solar,unknown,2,,,,,"""Oswego City"" New York solar setback",values conflict with mn:ny-oswego-city-2025
1784,compiled_flagged,nrel:solar:3607755695,NY,Otsego Town,Municipality,renewables_only,solar,unknown,2,,,,,"""Otsego Town"" New York solar height_limit",
1785,compiled_flagged,nrel:solar:3601155871,NY,Owasco Town,Municipality,renewables_only,solar,unknown,2,,,,,"""Owasco Town"" New York solar height_limit",
1786,compiled_flagged,nrel:wind:3601155871,NY,Owasco Town,Municipality,renewables_only,wind,unknown,2,,,,,"""Owasco Town"" New York wind size_cap",
1787,compiled_flagged,nrel:wind:3607556352,NY,Parish Town,Municipality,renewables_only,wind,unknown,2,,,,,"""Parish Town"" New York wind setback",
1788,compiled_flagged,nrel:solar:3606957529,NY,Phelps Town,Municipality,renewables_only,solar,unknown,2,,,,,"""Phelps Town"" New York solar height_limit",
1789,compiled_flagged,nrel:solar:3607957584,NY,Philipstown Town,Municipality,renewables_only,solar,unknown,2,,,,,"""Philipstown Town"" New York solar zoning_restriction",
1790,compiled_flagged,nrel:wind:3604957925,NY,Pinckney Town,Municipality,renewables_only,wind,unknown,2,,,,,"""Pinckney Town"" New York wind setback",
1791,compiled_flagged,nrel:solar:3611158552,NY,Plattekill Town,Municipality,renewables_only,solar,unknown,2,,,,,"""Plattekill Town"" New York solar height_limit",values conflict with sabin:S26R-5676
1792,compiled_flagged,nrel:solar:3601958585,NY,Plattsburgh Town,Municipality,renewables_only,solar,unknown,2,,,,,"""Plattsburgh Town"" New York solar size_cap",
1793,compiled_flagged,nrel:wind:3601958585,NY,Plattsburgh Town,Municipality,renewables_only,wind,unknown,2,,,,,"""Plattsburgh Town"" New York wind zoning_restriction",
1794,compiled_flagged,nrel:solar:3602758695,NY,Pleasant Valley Town,Municipality,renewables_only,solar,unknown,2,,,,,"""Pleasant Valley Town"" New York solar height_limit",
1795,compiled_flagged,nrel:solar:3608358805,NY,Poestenkill Town,Municipality,renewables_only,solar,unknown,2,,,,,"""Poestenkill Town"" New York solar size_cap",
1796,compiled_flagged,nrel:solar:3606759036,NY,Pompey Town,Municipality,renewables_only,solar,unknown,2,,,,,"""Pompey Town"" New York solar setback",values conflict with sabin:S26R-5714
1797,compiled_flagged,nrel:solar:3607159388,NY,Port Jervis City,Municipality,renewables_only,solar,unknown,2,,,,,"""Port Jervis City"" New York solar height_limit",
1798,compiled_flagged,nrel:solar:3608959575,NY,Potsdam Town,Municipality,renewables_only,solar,unknown,2,,,,,"""Potsdam Town"" New York solar height_limit",
1799,compiled_flagged,nrel:solar:3611560092,NY,Putnam Town,Municipality,renewables_only,solar,unknown,2,,,,,"""Putnam Town"" New York solar height_limit",
1800,compiled_flagged,nrel:solar:3608160323,NY,Queens Borough,Municipality,renewables_only,solar,unknown,2,,,,,"""Queens Borough"" New York solar height_limit",
1801,compiled_flagged,nrel:solar:3611360356,NY,Queensbury Town,Municipality,renewables_only,solar,unknown,2,,,,,"""Queensbury Town"" New York solar height_limit",
1802,compiled_flagged,nrel:solar:3600960587,NY,Randolph Town,Municipality,renewables_only,solar,unknown,2,,,,,"""Randolph Town"" New York solar setback",
1803,compiled_flagged,nrel:wind:3609760763,NY,Reading Town,Municipality,renewables_only,wind,unknown,2,,,,,"""Reading Town"" New York wind zoning_restriction",
1804,compiled_flagged,nrel:solar:3602760905,NY,Red Hook Town,Municipality,renewables_only,solar,unknown,2,,,,,"""Red Hook Town"" New York solar height_limit",
1805,compiled_flagged,nrel:solar:3608361148,NY,Rensselaer City,Municipality,renewables_only,solar,unknown,2,,,,,"""Rensselaer City"" New York solar size_cap",NREL sample: Coverage unverifiable; NREL sample: Prohibited Use Districts unverifiable
1806,compiled_flagged,nrel:solar:3601361885,NY,Ripley Town,Municipality,renewables_only,solar,unknown,2,,,,,"""Ripley Town"" New York solar size_cap",
1807,compiled_flagged,nrel:solar:3610361984,NY,Riverhead Town,Municipality,renewables_only,solar,unknown,2,,,,,"""Riverhead Town"" New York solar height_limit",
1808,compiled_flagged,nrel:solar:3609963440,NY,Romulus Town,Municipality,renewables_only,solar,unknown,2,,,,,"""Romulus Town"" New York solar height_limit",
1809,compiled_flagged,nrel:solar:3611163737,NY,Rosendale Town,Municipality,renewables_only,solar,unknown,2,,,,,"""Rosendale Town"" New York solar height_limit",
1810,compiled_flagged,nrel:solar:3609363935,NY,Rotterdam Town,Municipality,renewables_only,solar,unknown,2,,,,,"""Rotterdam Town"" New York solar height_limit",
1811,compiled_flagged,nrel:solar:3606364034,NY,Royalton Town,Municipality,renewables_only,solar,unknown,2,,,,,"""Royalton Town"" New York solar height_limit",
1812,compiled_flagged,nrel:solar:3605564144,NY,Rush Town,Municipality,renewables_only,solar,unknown,2,,,,,"""Rush Town"" New York solar height_limit",
1813,compiled_flagged,nrel:solar:3609165244,NY,Saratoga Town,Municipality,renewables_only,solar,unknown,2,,,,,"""Saratoga Town"" New York solar height_limit",
1814,compiled_flagged,nrel:solar:3602965277,NY,Sardinia Town,Municipality,renewables_only,solar,unknown,2,,,,,"""Sardinia Town"" New York solar setback",
1815,compiled_flagged,nrel:solar:3611165299,NY,Saugerties Town,Municipality,renewables_only,solar,unknown,2,,,,,"""Saugerties Town"" New York solar height_limit",
1816,compiled_flagged,nrel:solar:3608365541,NY,Schodack Town,Municipality,renewables_only,solar,unknown,2,,,,,"""Schodack Town"" New York solar height_limit",
1817,compiled_flagged,nrel:wind:3608365541,NY,Schodack Town,Municipality,renewables_only,wind,unknown,2,,,,,"""Schodack Town"" New York wind setback",
1818,compiled_flagged,nrel:solar:3609565596,NY,Schoharie Town,Municipality,renewables_only,solar,unknown,2,,,,,"""Schoharie Town"" New York solar setback",
1819,compiled_flagged,nrel:solar:3607565618,NY,Schroeppel Town,Municipality,renewables_only,solar,unknown,2,,,,,"""Schroeppel Town"" New York solar height_limit",values conflict with mn:ny-schroeppel-2026
1820,compiled_flagged,nrel:wind:3601165816,NY,Scipio Town,Municipality,renewables_only,wind,unknown,2,,,,,"""Scipio Town"" New York wind setback",
1821,compiled_flagged,nrel:solar:3609966333,NY,Seneca Falls Town,Municipality,renewables_only,solar,unknown,2,,,,,"""Seneca Falls Town"" New York solar height_limit",
1822,compiled_flagged,nrel:solar:3609566641,NY,Sharon Town,Municipality,renewables_only,solar,unknown,2,,,,,"""Sharon Town"" New York solar height_limit",
1823,compiled_flagged,nrel:wind:3609566641,NY,Sharon Town,Municipality,renewables_only,wind,unknown,2,,,,,"""Sharon Town"" New York wind setback",
1824,compiled_flagged,nrel:solar:3607366751,NY,Shelby Town,Municipality,renewables_only,solar,unknown,2,,,,,"""Shelby Town"" New York solar setback",
1825,compiled_flagged,nrel:solar:3602567345,NY,Sidney Town,Municipality,renewables_only,solar,unknown,2,,,,,"""Sidney Town"" New York solar noise_limit",
1826,compiled_flagged,nrel:wind:3602567345,NY,Sidney Town,Municipality,renewables_only,wind,unknown,2,,,,,"""Sidney Town"" New York wind setback",
1827,compiled_flagged,nrel:wind:3601768110,NY,Smyrna Town,Municipality,renewables_only,wind,unknown,2,,,,,"""Smyrna Town"" New York wind setback",
1828,compiled_flagged,nrel:solar:3606368330,NY,Somerset Town,Municipality,renewables_only,solar,unknown,2,,,,,"""Somerset Town"" New York solar height_limit",
1829,compiled_flagged,nrel:solar:3606968660,NY,South Bristol Town,Municipality,renewables_only,solar,unknown,2,,,,,"""South Bristol Town"" New York solar height_limit",
1830,compiled_flagged,nrel:solar:3610368473,NY,Southampton Town,Municipality,renewables_only,solar,unknown,2,,,,,"""Southampton Town"" New York solar setback",
1831,compiled_flagged,nrel:wind:3610368473,NY,Southampton Town,Municipality,renewables_only,wind,unknown,2,,,,,"""Southampton Town"" New York wind setback",
1832,compiled_flagged,nrel:solar:3610369463,NY,Southold Town,Municipality,renewables_only,solar,unknown,2,,,,,"""Southold Town"" New York solar height_limit",
1833,compiled_flagged,nrel:solar:3605170101,NY,Sparta Town,Municipality,renewables_only,solar,unknown,2,,,,,"""Sparta Town"" New York solar height_limit",
1834,compiled_flagged,nrel:solar:3612370816,NY,Starkey Town,Municipality,renewables_only,solar,unknown,2,,,,,"""Starkey Town"" New York solar setback",
1835,compiled_flagged,nrel:wind:3612370816,NY,Starkey Town,Municipality,renewables_only,wind,unknown,2,,,,,"""Starkey Town"" New York wind setback",
1836,compiled_flagged,nrel:wind:3601171146,NY,Sterling Town,Municipality,renewables_only,wind,unknown,2,,,,,"""Sterling Town"" New York wind setback",
1837,compiled_flagged,nrel:wind:3605371399,NY,Stockbridge Town,Municipality,renewables_only,wind,unknown,2,,,,,"""Stockbridge Town"" New York wind setback",
1838,compiled_flagged,nrel:solar:3602171850,NY,Stuyvesant Town,Municipality,renewables_only,solar,unknown,2,,,,,"""Stuyvesant Town"" New York solar height_limit",
1839,compiled_flagged,nrel:wind:3602171850,NY,Stuyvesant Town,Municipality,renewables_only,wind,unknown,2,,,,,"""Stuyvesant Town"" New York wind setback",
1840,compiled_flagged,nrel:solar:3605572455,NY,Sweden Town,Municipality,renewables_only,solar,unknown,2,,,,,"""Sweden Town"" New York solar height_limit",
1841,compiled_flagged,nrel:wind:3604975693,NY,Turin Town,Municipality,renewables_only,wind,unknown,2,,,,,"""Turin Town"" New York wind setback",
1842,compiled_flagged,nrel:solar:3607175781,NY,Tuxedo Town,Municipality,renewables_only,solar,unknown,2,,,,,"""Tuxedo Town"" New York solar height_limit",
1843,compiled_flagged,nrel:solar:3600776056,NY,Union Town,Municipality,renewables_only,solar,unknown,2,,,,,"""Union Town"" New York solar height_limit",
1844,compiled_flagged,nrel:solar:3602776166,NY,Union Vale Town,Municipality,renewables_only,solar,unknown,2,,,,,"""Union Vale Town"" New York solar height_limit",
1845,compiled_flagged,nrel:solar:3606576540,NY,Utica City,Municipality,renewables_only,solar,unknown,2,,,,,"""Utica City"" New York solar height_limit",
1846,compiled_flagged,nrel:wind:3600777255,NY,Vestal Town,Municipality,renewables_only,wind,unknown,2,,,,,"""Vestal Town"" New York wind zoning_restriction",
1847,compiled_flagged,nrel:solar:3606977387,NY,Victor Town,Municipality,renewables_only,solar,unknown,2,,,,,"""Victor Town"" New York solar height_limit",
1848,compiled_flagged,nrel:wind:3606977387,NY,Victor Town,Municipality,renewables_only,wind,unknown,2,,,,,"""Victor Town"" New York wind setback",
1849,compiled_flagged,nrel:solar:3606577486,NY,Vienna Town,Municipality,renewables_only,solar,unknown,2,,,,,"""Vienna Town"" New York solar height_limit",
1850,compiled_flagged,nrel:wind:3606577486,NY,Vienna Town,Municipality,renewables_only,wind,unknown,2,,,,,"""Vienna Town"" New York wind setback",
1851,compiled_flagged,nrel:wind:3602377596,NY,Virgil Town,Municipality,renewables_only,wind,unknown,2,,,,,"""Virgil Town"" New York wind setback",
1852,compiled_flagged,nrel:solar:3607177992,NY,Wallkill Town,Municipality,renewables_only,solar,unknown,2,,,,,"""Wallkill Town"" New York solar height_limit",
1853,compiled_flagged,nrel:solar:3611778102,NY,Walworth Town,Municipality,renewables_only,solar,unknown,2,,,,,"""Walworth Town"" New York solar height_limit",
1854,compiled_flagged,nrel:solar:3602778157,NY,Wappinger Town,Municipality,renewables_only,solar,unknown,2,,,,,"""Wappinger Town"" New York solar height_limit",
1855,compiled_flagged,nrel:solar:3609978564,NY,Waterloo Town,Municipality,renewables_only,solar,unknown,2,,,,,"""Waterloo Town"" New York solar height_limit",
1856,compiled_flagged,nrel:solar:3604578608,NY,Watertown City,Municipality,renewables_only,solar,unknown,2,,,,,"""Watertown City"" New York solar height_limit",
1857,compiled_flagged,nrel:solar:3604578619,NY,Watertown Town,Municipality,renewables_only,solar,unknown,2,,,,,"""Watertown Town"" New York solar noise_limit",
1858,compiled_flagged,nrel:solar:3607178839,NY,Wawayanda Town,Municipality,renewables_only,solar,unknown,2,,,,,"""Wawayanda Town"" New York solar height_limit",
1859,compiled_flagged,nrel:solar:3605578971,NY,Webster Town,Municipality,renewables_only,solar,unknown,2,,,,,"""Webster Town"" New York solar setback",
1860,compiled_flagged,nrel:solar:3604981094,NY,West Turin Town,Municipality,renewables_only,solar,unknown,2,,,,,"""West Turin Town"" New York solar zoning_restriction",values conflict with sabin:S26R-5728
1861,compiled_flagged,nrel:wind:3604981094,NY,West Turin Town,Municipality,renewables_only,wind,unknown,2,,,,,"""West Turin Town"" New York wind setback",values conflict with sabin:S26R-5728
1862,compiled_flagged,nrel:solar:3600179851,NY,Westerlo Town,Municipality,renewables_only,solar,unknown,2,,,,,"""Westerlo Town"" New York solar height_limit",
1863,compiled_flagged,nrel:solar:3606381380,NY,Wheatfield Town,Municipality,renewables_only,solar,unknown,2,,,,,"""Wheatfield Town"" New York solar height_limit",
1864,compiled_flagged,nrel:solar:3611581633,NY,Whitehall Town,Municipality,renewables_only,solar,unknown,2,,,,,"""Whitehall Town"" New York solar height_limit",
1865,compiled_flagged,nrel:solar:3609182403,NY,Wilton Town,Municipality,renewables_only,solar,unknown,2,,,,,"""Wilton Town"" New York solar zoning_restriction",
1866,compiled_flagged,nrel:solar:3607383448,NY,Yates Town,Municipality,renewables_only,solar,unknown,2,,,,,"""Yates Town"" New York solar setback",
1867,compiled_flagged,nrel:solar:3611984077,NY,Yorktown Town,Municipality,renewables_only,solar,unknown,2,,,,,"""Yorktown Town"" New York solar size_cap",
1868,compiled_flagged,nrel:wind:39027,OH,Clinton County,County,renewables_only,wind,unknown,2,,,,,"""Clinton County"" Ohio wind setback",values conflict with sabin:S26R-5627
1869,compiled_flagged,nrel:solar:39029,OH,Columbiana County,County,renewables_only,solar,unknown,2,,,,,"""Columbiana County"" Ohio solar zoning_restriction",values conflict with sabin:REC-0345
1870,compiled_flagged,nrel:solar:39041,OH,Delaware County,County,renewables_only,solar,unknown,2,,,,,"""Delaware County"" Ohio solar setback",
1871,compiled_flagged,nrel:wind:39047,OH,Fayette County,County,renewables_only,wind,unknown,2,,,,,"""Fayette County"" Ohio wind zoning_restriction",values conflict with sabin:REC-0349
1872,compiled_flagged,nrel:solar:39057,OH,Greene County,County,renewables_only,solar,unknown,2,,,,,"""Greene County"" Ohio solar size_cap",values conflict with sabin:REC-0350
1873,compiled_flagged,nrel:solar:39077,OH,Huron County,County,renewables_only,solar,unknown,2,,,,,"""Huron County"" Ohio solar height_limit",
1874,compiled_flagged,nrel:solar:39083,OH,Knox County,County,renewables_only,solar,unknown,2,,,,,"""Knox County"" Ohio solar height_limit",
1875,compiled_flagged,nrel:wind:39083,OH,Knox County,County,renewables_only,wind,unknown,2,,,,,"""Knox County"" Ohio wind setback",values conflict with sabin:REC-0353
1876,compiled_flagged,nrel:solar:39095,OH,Lucas County,County,renewables_only,solar,unknown,2,,,,,"""Lucas County"" Ohio solar height_limit",
1877,compiled_flagged,nrel:wind:39097,OH,Madison County,County,renewables_only,wind,unknown,2,,,,,"""Madison County"" Ohio wind zoning_restriction",values conflict with sabin:S26R-5614
1878,compiled_flagged,nrel:solar:39103,OH,Medina County,County,renewables_only,solar,unknown,2,,,,,"""Medina County"" Ohio solar height_limit",values conflict with sabin:S26R-5611
1879,compiled_flagged,nrel:wind:39117,OH,Morrow County,County,renewables_only,wind,unknown,2,,,,,"""Morrow County"" Ohio wind setback",
1880,compiled_flagged,nrel:wind:39123,OH,Ottawa County,County,renewables_only,wind,unknown,2,,,,,"""Ottawa County"" Ohio wind setback",values conflict with sabin:S26R-5610
1881,compiled_flagged,nrel:solar:39129,OH,Pickaway County,County,renewables_only,solar,unknown,2,,,,,"""Pickaway County"" Ohio solar setback",
1882,compiled_flagged,nrel:wind:39137,OH,Putnam County,County,renewables_only,wind,unknown,2,,,,,"""Putnam County"" Ohio wind setback",values conflict with sabin:S26R-5608
1883,compiled_flagged,nrel:solar:39149,OH,Shelby County,County,renewables_only,solar,unknown,2,,,,,"""Shelby County"" Ohio solar size_cap",
1884,compiled_flagged,nrel:solar:39165,OH,Warren County,County,renewables_only,solar,unknown,2,,,,,"""Warren County"" Ohio solar height_limit",
1885,compiled_flagged,nrel:wind:39175,OH,Wyandot County,County,renewables_only,wind,unknown,2,,,,,"""Wyandot County"" Ohio wind zoning_restriction",values conflict with sabin:S26R-5603
1886,compiled_flagged,nrel:solar:4010191924,OK,Muskogee City,Municipality,renewables_only,solar,unknown,2,,,,,"""Muskogee City"" Oklahoma solar setback",
1887,compiled_flagged,nrel:wind:4010392522,OK,Perry City,Municipality,renewables_only,wind,unknown,2,,,,,"""Perry City"" Oklahoma wind setback",
1888,compiled_flagged,nrel:wind:4014193341,OK,Tipton City,Municipality,renewables_only,wind,unknown,2,,,,,"""Tipton City"" Oklahoma wind setback",
1889,compiled_flagged,nrel:solar:4014393380,OK,Tulsa City,Municipality,renewables_only,solar,unknown,2,,,,,"""Tulsa City"" Oklahoma solar zoning_restriction",
1890,compiled_flagged,nrel:solar:41007,OR,Clatsop County,County,renewables_only,solar,unknown,2,,,,,"""Clatsop County"" Oregon solar size_cap",
1891,compiled_flagged,nrel:solar:41013,OR,Crook County,County,renewables_only,solar,unknown,2,,,,,"""Crook County"" Oregon solar setback",values conflict with mn:or-crook-county-undated
1892,compiled_flagged,nrel:wind:41015,OR,Curry County,County,renewables_only,wind,unknown,2,,,,,"""Curry County"" Oregon wind setback",
1893,compiled_flagged,nrel:wind:41021,OR,Gilliam County,County,renewables_only,wind,unknown,2,,,,,"""Gilliam County"" Oregon wind setback",
1894,compiled_flagged,nrel:wind:41027,OR,Hood River County,County,renewables_only,wind,unknown,2,,,,,"""Hood River County"" Oregon wind zoning_restriction",
1895,compiled_flagged,nrel:solar:41033,OR,Josephine County,County,renewables_only,solar,unknown,2,,,,,"""Josephine County"" Oregon solar size_cap",
1896,compiled_flagged,nrel:solar:41035,OR,Klamath County,County,renewables_only,solar,unknown,2,,,,,"""Klamath County"" Oregon solar setback",
1897,compiled_flagged,nrel:solar:41049,OR,Morrow County,County,renewables_only,solar,unknown,2,,,,,"""Morrow County"" Oregon solar size_cap",
1898,compiled_flagged,nrel:wind:41063,OR,Wallowa County,County,renewables_only,wind,unknown,2,,,,,"""Wallowa County"" Oregon wind setback",values conflict with sabin:S26R-5595
1899,compiled_flagged,nrel:wind:4207100364,PA,Adamstown Borough,Municipality,renewables_only,wind,unknown,2,,,,,"""Adamstown Borough"" Pennsylvania wind setback",
1900,compiled_flagged,nrel:solar:4200700820,PA,Aliquippa City,Municipality,renewables_only,solar,unknown,2,,,,,"""Aliquippa City"" Pennsylvania solar height_limit",
1901,compiled_flagged,nrel:wind:4200700820,PA,Aliquippa City,Municipality,renewables_only,wind,unknown,2,,,,,"""Aliquippa City"" Pennsylvania wind setback",
1902,compiled_flagged,nrel:solar:4212900892,PA,Allegheny Township,Municipality,renewables_only,solar,unknown,2,,,,,"""Allegheny Township"" Pennsylvania solar height_limit",
1903,compiled_flagged,nrel:wind:4207702000,PA,Allentown City,Municipality,renewables_only,wind,unknown,2,,,,,"""Allentown City"" Pennsylvania wind setback",
1904,compiled_flagged,nrel:solar:4201302680,PA,Antis Township,Municipality,renewables_only,solar,unknown,2,,,,,"""Antis Township"" Pennsylvania solar height_limit",values conflict with sabin:S26R-5574
1905,compiled_flagged,nrel:wind:4206902832,PA,Archbald Borough,Municipality,renewables_only,wind,unknown,2,,,,,"""Archbald Borough"" Pennsylvania wind zoning_restriction",
1906,compiled_flagged,nrel:solar:4203904720,PA,Beaver Township,Municipality,renewables_only,solar,unknown,2,,,,,"""Beaver Township"" Pennsylvania solar height_limit",
1907,compiled_flagged,nrel:solar:4201705616,PA,Bensalem Township,Municipality,renewables_only,solar,unknown,2,,,,,"""Bensalem Township"" Pennsylvania solar height_limit",values conflict with mn:pa-bensalem-township-2026
1908,compiled_flagged,nrel:solar:4203705688,PA,Benton Township,Municipality,renewables_only,solar,unknown,2,,,,,"""Benton Township"" Pennsylvania solar height_limit",
1909,compiled_flagged,nrel:wind:4206905696,PA,Benton Township,Municipality,renewables_only,wind,unknown,2,,,,,"""Benton Township"" Pennsylvania wind setback",
1910,compiled_flagged,nrel:solar:4200105880,PA,Berwick Township,Municipality,renewables_only,solar,unknown,2,,,,,"""Berwick Township"" Pennsylvania solar height_limit",
1911,compiled_flagged,nrel:solar:4204506024,PA,Bethel Township,Municipality,renewables_only,solar,unknown,2,,,,,"""Bethel Township"" Pennsylvania solar height_limit",
1912,compiled_flagged,nrel:solar:4205706032,PA,Bethel Township,Municipality,renewables_only,solar,unknown,2,,,,,"""Bethel Township"" Pennsylvania solar setback",
1913,compiled_flagged,nrel:solar:4200106296,PA,Biglerville Borough,Municipality,renewables_only,solar,unknown,2,,,,,"""Biglerville Borough"" Pennsylvania solar height_limit",
1914,compiled_flagged,nrel:solar:4201306872,PA,Blair Township,Municipality,renewables_only,solar,unknown,2,,,,,"""Blair Township"" Pennsylvania solar setback",
1915,compiled_flagged,nrel:wind:4206906928,PA,Blakely Borough,Municipality,renewables_only,wind,unknown,2,,,,,"""Blakely Borough"" Pennsylvania wind setback",
1916,compiled_flagged,nrel:wind:4210307088,PA,Blooming Grove Township,Municipality,renewables_only,wind,unknown,2,,,,,"""Blooming Grove Township"" Pennsylvania wind setback",
1917,compiled_flagged,nrel:wind:4203707128,PA,Bloomsburg Town,Municipality,renewables_only,wind,unknown,2,,,,,"""Bloomsburg Town"" Pennsylvania wind setback",
1918,compiled_flagged,nrel:solar:4201908096,PA,Brady Township,Municipality,renewables_only,solar,unknown,2,,,,,"""Brady Township"" Pennsylvania solar height_limit",
1919,compiled_flagged,nrel:solar:4207108352,PA,Brecknock Township,Municipality,renewables_only,solar,unknown,2,,,,,"""Brecknock Township"" Pennsylvania solar height_limit",
1920,compiled_flagged,nrel:solar:4203708480,PA,Briar Creek Township,Municipality,renewables_only,solar,unknown,2,,,,,"""Briar Creek Township"" Pennsylvania solar height_limit",
1921,compiled_flagged,nrel:solar:4205709568,PA,Brush Creek Township,Municipality,renewables_only,solar,unknown,2,,,,,"""Brush Creek Township"" Pennsylvania solar noise_limit",
1922,compiled_flagged,nrel:solar:4200110456,PA,Butler Township,Municipality,renewables_only,solar,unknown,2,,,,,"""Butler Township"" Pennsylvania solar height_limit",
1923,compiled_flagged,nrel:solar:4201110696,PA,Caernarvon Township,Municipality,renewables_only,solar,unknown,2,,,,,"""Caernarvon Township"" Pennsylvania solar height_limit",
1924,compiled_flagged,nrel:wind:4207110704,PA,Caernarvon Township,Municipality,renewables_only,wind,unknown,2,,,,,"""Caernarvon Township"" Pennsylvania wind setback",
1925,compiled_flagged,nrel:solar:4212510768,PA,California Borough,Municipality,renewables_only,solar,unknown,2,,,,,"""California Borough"" Pennsylvania solar setback",
1926,compiled_flagged,nrel:solar:4202110880,PA,Cambria Township,Municipality,renewables_only,solar,unknown,2,,,,,"""Cambria Township"" Pennsylvania solar height_limit",
1927,compiled_flagged,nrel:wind:4203910904,PA,Cambridge Township,Municipality,renewables_only,wind,unknown,2,,,,,"""Cambridge Township"" Pennsylvania wind size_cap",
1928,compiled_flagged,nrel:solar:4212511152,PA,Canonsburg Borough,Municipality,renewables_only,solar,unknown,2,,,,,"""Canonsburg Borough"" Pennsylvania solar setback",
1929,compiled_flagged,nrel:solar:4206911240,PA,Carbondale Township,Municipality,renewables_only,solar,unknown,2,,,,,"""Carbondale Township"" Pennsylvania solar height_limit",
1930,compiled_flagged,nrel:wind:4200111472,PA,Carroll Valley Borough,Municipality,renewables_only,wind,unknown,2,,,,,"""Carroll Valley Borough"" Pennsylvania wind setback",
1931,compiled_flagged,nrel:wind:4210711608,PA,Cass Township,Municipality,renewables_only,wind,unknown,2,,,,,"""Cass Township"" Pennsylvania wind setback",values conflict with sabin:S26R-5538
1932,compiled_flagged,nrel:solar:4203711744,PA,Catawissa Township,Municipality,renewables_only,solar,unknown,2,,,,,"""Catawissa Township"" Pennsylvania solar noise_limit",
1933,compiled_flagged,nrel:solar:4202912744,PA,Charlestown Township,Municipality,renewables_only,solar,unknown,2,,,,,"""Charlestown Township"" Pennsylvania solar height_limit",
1934,compiled_flagged,nrel:solar:4212113136,PA,Cherrytree Township,Municipality,renewables_only,solar,unknown,2,,,,,"""Cherrytree Township"" Pennsylvania solar height_limit",values conflict with sabin:S26R-5537
1935,compiled_flagged,nrel:wind:4212113136,PA,Cherrytree Township,Municipality,renewables_only,wind,unknown,2,,,,,"""Cherrytree Township"" Pennsylvania wind setback",
1936,compiled_flagged,nrel:wind:4204513208,PA,Chester City,Municipality,renewables_only,wind,unknown,2,,,,,"""Chester City"" Pennsylvania wind setback",
1937,compiled_flagged,nrel:solar:4205913896,PA,Clarksville Borough,Municipality,renewables_only,solar,unknown,2,,,,,"""Clarksville Borough"" Pennsylvania solar height_limit",
1938,compiled_flagged,nrel:wind:4207115056,PA,Colerain Township,Municipality,renewables_only,wind,unknown,2,,,,,"""Colerain Township"" Pennsylvania wind setback",
1939,compiled_flagged,nrel:solar:4202715136,PA,College Township,Municipality,renewables_only,solar,unknown,2,,,,,"""College Township"" Pennsylvania solar setback",
1940,compiled_flagged,nrel:wind:4207115384,PA,Columbia Borough,Municipality,renewables_only,wind,unknown,2,,,,,"""Columbia Borough"" Pennsylvania wind setback",
1941,compiled_flagged,nrel:wind:4202115552,PA,Conemaugh Township,Municipality,renewables_only,wind,unknown,2,,,,,"""Conemaugh Township"" Pennsylvania wind setback",
1942,compiled_flagged,nrel:solar:4204315640,PA,Conewago Township,Municipality,renewables_only,solar,unknown,2,,,,,"""Conewago Township"" Pennsylvania solar height_limit",values conflict with sabin:S26R-5553
1943,compiled_flagged,nrel:solar:4201915808,PA,Connoquenessing Borough,Municipality,renewables_only,solar,unknown,2,,,,,"""Connoquenessing Borough"" Pennsylvania solar height_limit",
1944,compiled_flagged,nrel:wind:4201915808,PA,Connoquenessing Borough,Municipality,renewables_only,wind,unknown,2,,,,,"""Connoquenessing Borough"" Pennsylvania wind setback",
1945,compiled_flagged,nrel:wind:4207115824,PA,Conoy Township,Municipality,renewables_only,wind,unknown,2,,,,,"""Conoy Township"" Pennsylvania wind setback",
1946,compiled_flagged,nrel:solar:4208915960,PA,Coolbaugh Township,Municipality,renewables_only,solar,unknown,2,,,,,"""Coolbaugh Township"" Pennsylvania solar setback",
1947,compiled_flagged,nrel:solar:4206916664,PA,Covington Township,Municipality,renewables_only,solar,unknown,2,,,,,"""Covington Township"" Pennsylvania solar setback",
1948,compiled_flagged,nrel:solar:4201916920,PA,Cranberry Township,Municipality,renewables_only,solar,unknown,2,,,,,"""Cranberry Township"" Pennsylvania solar height_limit",
1949,compiled_flagged,nrel:wind:4212517314,PA,Cross Creek Township,Municipality,renewables_only,wind,unknown,2,,,,,"""Cross Creek Township"" Pennsylvania wind setback",
1950,compiled_flagged,nrel:solar:4200117640,PA,Cumberland Township,Municipality,renewables_only,solar,unknown,2,,,,,"""Cumberland Township"" Pennsylvania solar height_limit",
1951,compiled_flagged,nrel:solar:4201117720,PA,Cumru Township,Municipality,renewables_only,solar,unknown,2,,,,,"""Cumru Township"" Pennsylvania solar height_limit",
1952,compiled_flagged,nrel:solar:4203317840,PA,Curwensville Borough,Municipality,renewables_only,solar,unknown,2,,,,,"""Curwensville Borough"" Pennsylvania solar height_limit",values conflict with sabin:S26R-5555
1953,compiled_flagged,nrel:solar:4203917848,PA,Cussewago Township,Municipality,renewables_only,solar,unknown,2,,,,,"""Cussewago Township"" Pennsylvania solar height_limit",
1954,compiled_flagged,nrel:wind:4203917848,PA,Cussewago Township,Municipality,renewables_only,wind,unknown,2,,,,,"""Cussewago Township"" Pennsylvania wind setback",
1955,compiled_flagged,nrel:wind:4207918048,PA,Dallas Borough,Municipality,renewables_only,wind,unknown,2,,,,,"""Dallas Borough"" Pennsylvania wind setback",
1956,compiled_flagged,nrel:solar:4207918056,PA,Dallas Township,Municipality,renewables_only,solar,unknown,2,,,,,"""Dallas Township"" Pennsylvania solar height_limit",
1957,compiled_flagged,nrel:wind:4206918088,PA,Dalton Borough,Municipality,renewables_only,wind,unknown,2,,,,,"""Dalton Borough"" Pennsylvania wind setback",
1958,compiled_flagged,nrel:solar:4212718104,PA,Damascus Township,Municipality,renewables_only,solar,unknown,2,,,,,"""Damascus Township"" Pennsylvania solar setback",
1959,compiled_flagged,nrel:wind:4212718104,PA,Damascus Township,Municipality,renewables_only,wind,unknown,2,,,,,"""Damascus Township"" Pennsylvania wind setback",
1960,compiled_flagged,nrel:wind:4208918736,PA,Delaware Water Gap Borough,Municipality,renewables_only,wind,unknown,2,,,,,"""Delaware Water Gap Borough"" Pennsylvania wind setback",
1961,compiled_flagged,nrel:solar:4204119144,PA,Dickinson Township,Municipality,renewables_only,solar,unknown,2,,,,,"""Dickinson Township"" Pennsylvania solar height_limit",
1962,compiled_flagged,nrel:wind:4206920352,PA,Dunmore Borough,Municipality,renewables_only,wind,unknown,2,,,,,"""Dunmore Borough"" Pennsylvania wind setback",
1963,compiled_flagged,nrel:wind:4207120688,PA,Earl Township,Municipality,renewables_only,wind,unknown,2,,,,,"""Earl Township"" Pennsylvania wind setback",
1964,compiled_flagged,nrel:solar:4207121032,PA,East Donegal Township,Municipality,renewables_only,solar,unknown,2,,,,,"""East Donegal Township"" Pennsylvania solar setback",
1965,compiled_flagged,nrel:wind:4207121032,PA,East Donegal Township,Municipality,renewables_only,wind,unknown,2,,,,,"""East Donegal Township"" Pennsylvania wind setback",
1966,compiled_flagged,nrel:wind:4207121072,PA,East Earl Township,Municipality,renewables_only,wind,unknown,2,,,,,"""East Earl Township"" Pennsylvania wind setback",
1967,compiled_flagged,nrel:solar:4207121344,PA,East Lampeter Township,Municipality,renewables_only,solar,unknown,2,,,,,"""East Lampeter Township"" Pennsylvania solar height_limit",
1968,compiled_flagged,nrel:wind:4204121680,PA,East Pennsboro Township,Municipality,renewables_only,wind,unknown,2,,,,,"""East Pennsboro Township"" Pennsylvania wind setback",
1969,compiled_flagged,nrel:solar:4202921696,PA,East Pikeland Township,Municipality,renewables_only,solar,unknown,2,,,,,"""East Pikeland Township"" Pennsylvania solar setback",values conflict with sabin:S26R-5557
1970,compiled_flagged,nrel:wind:4202122144,PA,Ebensburg Borough,Municipality,renewables_only,wind,unknown,2,,,,,"""Ebensburg Borough"" Pennsylvania wind setback",values conflict with sabin:S26R-5567
1971,compiled_flagged,nrel:solar:4200322520,PA,Edgewood Borough,Municipality,renewables_only,solar,unknown,2,,,,,"""Edgewood Borough"" Pennsylvania solar height_limit",
1972,compiled_flagged,nrel:wind:4200322520,PA,Edgewood Borough,Municipality,renewables_only,wind,unknown,2,,,,,"""Edgewood Borough"" Pennsylvania wind setback",
1973,compiled_flagged,nrel:solar:4200322576,PA,Edgeworth Borough,Municipality,renewables_only,solar,unknown,2,,,,,"""Edgeworth Borough"" Pennsylvania solar setback",
1974,compiled_flagged,nrel:solar:4207123016,PA,Elizabethtown Borough,Municipality,renewables_only,solar,unknown,2,,,,,"""Elizabethtown Borough"" Pennsylvania solar zoning_restriction",
1975,compiled_flagged,nrel:solar:4206923336,PA,Elmhurst Township,Municipality,renewables_only,solar,unknown,2,,,,,"""Elmhurst Township"" Pennsylvania solar height_limit",
1976,compiled_flagged,nrel:wind:4206923336,PA,Elmhurst Township,Municipality,renewables_only,wind,unknown,2,,,,,"""Elmhurst Township"" Pennsylvania wind setback",
1977,compiled_flagged,nrel:solar:4204924000,PA,Erie City,Municipality,renewables_only,solar,unknown,2,,,,,"""Erie City"" Pennsylvania solar height_limit",
1978,compiled_flagged,nrel:wind:4213124488,PA,Factoryville Borough,Municipality,renewables_only,wind,unknown,2,,,,,"""Factoryville Borough"" Pennsylvania wind setback",
1979,compiled_flagged,nrel:solar:4208124592,PA,Fairfield Township,Municipality,renewables_only,solar,unknown,2,,,,,"""Fairfield Township"" Pennsylvania solar height_limit",
1980,compiled_flagged,nrel:wind:4213125128,PA,Falls Township,Municipality,renewables_only,wind,unknown,2,,,,,"""Falls Township"" Pennsylvania wind setback",
1981,compiled_flagged,nrel:wind:4202725624,PA,Ferguson Township,Municipality,renewables_only,wind,unknown,2,,,,,"""Ferguson Township"" Pennsylvania wind setback",
1982,compiled_flagged,nrel:solar:4200325904,PA,Findlay Township,Municipality,renewables_only,solar,unknown,2,,,,,"""Findlay Township"" Pennsylvania solar height_limit",values conflict with sabin:S26R-5592
1983,compiled_flagged,nrel:solar:4203726056,PA,Fishing Creek Township,Municipality,renewables_only,solar,unknown,2,,,,,"""Fishing Creek Township"" Pennsylvania solar setback",
1984,compiled_flagged,nrel:solar:4201926904,PA,Forward Township,Municipality,renewables_only,solar,unknown,2,,,,,"""Forward Township"" Pennsylvania solar height_limit",
1985,compiled_flagged,nrel:solar:4200727336,PA,Franklin Township,Municipality,renewables_only,solar,unknown,2,,,,,"""Franklin Township"" Pennsylvania solar setback",values conflict with sabin:S26R-5584
1986,compiled_flagged,nrel:wind:4201927352,PA,Franklin Township,Municipality,renewables_only,wind,unknown,2,,,,,"""Franklin Township"" Pennsylvania wind setback",
1987,compiled_flagged,nrel:wind:4201327600,PA,Frankstown Township,Municipality,renewables_only,wind,unknown,2,,,,,"""Frankstown Township"" Pennsylvania wind setback",values conflict with sabin:S26R-5573
1988,compiled_flagged,nrel:wind:4213329760,PA,Glen Rock Borough,Municipality,renewables_only,wind,unknown,2,,,,,"""Glen Rock Borough"" Pennsylvania wind setback",
1989,compiled_flagged,nrel:wind:4200329592,PA,Glenfield Borough,Municipality,renewables_only,wind,unknown,2,,,,,"""Glenfield Borough"" Pennsylvania wind setback",
1990,compiled_flagged,nrel:solar:4208730480,PA,Granville Township,Municipality,renewables_only,solar,unknown,2,,,,,"""Granville Township"" Pennsylvania solar height_limit",
1991,compiled_flagged,nrel:solar:4200331256,PA,Green Tree Borough,Municipality,renewables_only,solar,unknown,2,,,,,"""Green Tree Borough"" Pennsylvania solar height_limit",
1992,compiled_flagged,nrel:solar:4200730920,PA,Greene Township,Municipality,renewables_only,solar,unknown,2,,,,,"""Greene Township"" Pennsylvania solar height_limit",
1993,compiled_flagged,nrel:solar:4210330976,PA,Greene Township,Municipality,renewables_only,solar,unknown,2,,,,,"""Greene Township"" Pennsylvania solar setback",
1994,compiled_flagged,nrel:solar:4201331000,PA,Greenfield Township,Municipality,renewables_only,solar,unknown,2,,,,,"""Greenfield Township"" Pennsylvania solar setback",
1995,compiled_flagged,nrel:solar:4201131352,PA,Greenwich Township,Municipality,renewables_only,solar,unknown,2,,,,,"""Greenwich Township"" Pennsylvania solar height_limit",values conflict with sabin:S26R-5580
1996,compiled_flagged,nrel:solar:4203931400,PA,Greenwood Township,Municipality,renewables_only,solar,unknown,2,,,,,"""Greenwood Township"" Pennsylvania solar height_limit",
1997,compiled_flagged,nrel:wind:4208531656,PA,Grove City Borough,Municipality,renewables_only,wind,unknown,2,,,,,"""Grove City Borough"" Pennsylvania wind size_cap",
1998,compiled_flagged,nrel:solar:4202731960,PA,Haines Township,Municipality,renewables_only,solar,unknown,2,,,,,"""Haines Township"" Pennsylvania solar size_cap",
1999,compiled_flagged,nrel:solar:4209532432,PA,Hanover Township,Municipality,renewables_only,solar,unknown,2,,,,,"""Hanover Township"" Pennsylvania solar setback",
2000,compiled_flagged,nrel:solar:4204932520,PA,Harborcreek Township,Municipality,renewables_only,solar,unknown,2,,,,,"""Harborcreek Township"" Pennsylvania solar height_limit",
2001,compiled_flagged,nrel:solar:4201733224,PA,Haycock Township,Municipality,renewables_only,solar,unknown,2,,,,,"""Haycock Township"" Pennsylvania solar height_limit",
2002,compiled_flagged,nrel:wind:4200333312,PA,Haysville Borough,Municipality,renewables_only,wind,unknown,2,,,,,"""Haysville Borough"" Pennsylvania wind setback",
2003,compiled_flagged,nrel:wind:4207933376,PA,Hazle Township,Municipality,renewables_only,wind,unknown,2,,,,,"""Hazle Township"" Pennsylvania wind setback",NREL sample: Noise contradicts; NREL sample: Property Line (Non-Participating) contradicts; NREL sample: Structures (Non-Participating) contradicts
2004,compiled_flagged,nrel:solar:4207933408,PA,Hazleton City,Municipality,renewables_only,solar,unknown,2,,,,,"""Hazleton City"" Pennsylvania solar setback",
2005,compiled_flagged,nrel:wind:4210733584,PA,Hegins Township,Municipality,renewables_only,wind,unknown,2,,,,,"""Hegins Township"" Pennsylvania wind setback",
2006,compiled_flagged,nrel:solar:4213333728,PA,Hellam Township,Municipality,renewables_only,solar,unknown,2,,,,,"""Hellam Township"" Pennsylvania solar height_limit",
2007,compiled_flagged,nrel:solar:4203733760,PA,Hemlock Township,Municipality,renewables_only,solar,unknown,2,,,,,"""Hemlock Township"" Pennsylvania solar noise_limit",
2008,compiled_flagged,nrel:solar:4212933792,PA,Hempfield Township,Municipality,renewables_only,solar,unknown,2,,,,,"""Hempfield Township"" Pennsylvania solar setback",
2009,compiled_flagged,nrel:solar:4200134424,PA,Highland Township,Municipality,renewables_only,solar,unknown,2,,,,,"""Highland Township"" Pennsylvania solar height_limit",
2010,compiled_flagged,nrel:wind:4200134424,PA,Highland Township,Municipality,renewables_only,wind,unknown,2,,,,,"""Highland Township"" Pennsylvania wind setback",
2011,compiled_flagged,nrel:wind:4204135672,PA,Hopewell Township,Municipality,renewables_only,wind,unknown,2,,,,,"""Hopewell Township"" Pennsylvania wind setback",
2012,compiled_flagged,nrel:wind:4212535696,PA,Hopewell Township,Municipality,renewables_only,wind,unknown,2,,,,,"""Hopewell Township"" Pennsylvania wind setback",
2013,compiled_flagged,nrel:wind:4206136368,PA,Huntingdon Borough,Municipality,renewables_only,wind,unknown,2,,,,,"""Huntingdon Borough"" Pennsylvania wind setback",values conflict with sabin:S26R-5550
2014,compiled_flagged,nrel:wind:4202736504,PA,Huston Township,Municipality,renewables_only,wind,unknown,2,,,,,"""Huston Township"" Pennsylvania wind setback",
2015,compiled_flagged,nrel:solar:4200736776,PA,Independence Township,Municipality,renewables_only,solar,unknown,2,,,,,"""Independence Township"" Pennsylvania solar height_limit",
2016,compiled_flagged,nrel:solar:4207537392,PA,Jackson Township,Municipality,renewables_only,solar,unknown,2,,,,,"""Jackson Township"" Pennsylvania solar height_limit",
2017,compiled_flagged,nrel:wind:4202137352,PA,Jackson Township,Municipality,renewables_only,wind,unknown,2,,,,,"""Jackson Township"" Pennsylvania wind setback",values conflict with sabin:S26R-5566
2018,compiled_flagged,nrel:solar:4208537904,PA,Jefferson Township,Municipality,renewables_only,solar,unknown,2,,,,,"""Jefferson Township"" Pennsylvania solar height_limit",
2019,compiled_flagged,nrel:wind:4202538200,PA,Jim Thorpe Borough,Municipality,renewables_only,wind,unknown,2,,,,,"""Jim Thorpe Borough"" Pennsylvania wind setback",
2020,compiled_flagged,nrel:solar:4206138608,PA,Juniata Township,Municipality,renewables_only,solar,unknown,2,,,,,"""Juniata Township"" Pennsylvania solar height_limit",
2021,compiled_flagged,nrel:solar:4202539608,PA,Kidder Township,Municipality,renewables_only,solar,unknown,2,,,,,"""Kidder Township"" Pennsylvania solar setback",
2022,compiled_flagged,nrel:solar:4208540928,PA,Lake Township,Municipality,renewables_only,solar,unknown,2,,,,,"""Lake Township"" Pennsylvania solar setback",
2023,compiled_flagged,nrel:solar:4212740936,PA,Lake Township,Municipality,renewables_only,solar,unknown,2,,,,,"""Lake Township"" Pennsylvania solar setback",
2024,compiled_flagged,nrel:solar:4203541112,PA,Lamar Township,Municipality,renewables_only,solar,unknown,2,,,,,"""Lamar Township"" Pennsylvania solar height_limit",
2025,compiled_flagged,nrel:solar:4209742952,PA,Lewis Township,Municipality,renewables_only,solar,unknown,2,,,,,"""Lewis Township"" Pennsylvania solar setback",
2026,compiled_flagged,nrel:solar:4201344328,PA,Logan Township,Municipality,renewables_only,solar,unknown,2,,,,,"""Logan Township"" Pennsylvania solar height_limit",NREL sample: Coverage unverifiable; NREL sample: Maximum Height unverifiable; NREL sample: Property Line (Non-Participating) unverifiable; NREL sample: Structures (Non-Participating) unverifiable
2027,compiled_flagged,nrel:solar:4201144584,PA,Longswamp Township,Municipality,renewables_only,solar,unknown,2,,,,,"""Longswamp Township"" Pennsylvania solar height_limit",
2028,compiled_flagged,nrel:wind:4201144584,PA,Longswamp Township,Municipality,renewables_only,wind,unknown,2,,,,,"""Longswamp Township"" Pennsylvania wind setback",
2029,compiled_flagged,nrel:solar:4213344872,PA,Lower Chanceford Township,Municipality,renewables_only,solar,unknown,2,,,,,"""Lower Chanceford Township"" Pennsylvania solar setback",
2030,compiled_flagged,nrel:solar:4204144904,PA,Lower Frankford Township,Municipality,renewables_only,solar,unknown,2,,,,,"""Lower Frankford Township"" Pennsylvania solar height_limit",
2031,compiled_flagged,nrel:wind:4204144904,PA,Lower Frankford Township,Municipality,renewables_only,wind,unknown,2,,,,,"""Lower Frankford Township"" Pennsylvania wind siting_standard",
2032,compiled_flagged,nrel:solar:4201144928,PA,Lower Heidelberg Township,Municipality,renewables_only,solar,unknown,2,,,,,"""Lower Heidelberg Township"" Pennsylvania solar setback",
2033,compiled_flagged,nrel:solar:4209545016,PA,Lower Mount Bethel Township,Municipality,renewables_only,solar,unknown,2,,,,,"""Lower Mount Bethel Township"" Pennsylvania solar setback",
2034,compiled_flagged,nrel:solar:4213345152,PA,Lower Windsor Township,Municipality,renewables_only,solar,unknown,2,,,,,"""Lower Windsor Township"" Pennsylvania solar height_limit",
2035,compiled_flagged,nrel:wind:4204345600,PA,Lykens Township,Municipality,renewables_only,wind,unknown,2,,,,,"""Lykens Township"" Pennsylvania wind setback",
2036,compiled_flagged,nrel:solar:4206946480,PA,Madison Township,Municipality,renewables_only,solar,unknown,2,,,,,"""Madison Township"" Pennsylvania solar setback",
2037,compiled_flagged,nrel:wind:4207146992,PA,Manor Township,Municipality,renewables_only,wind,unknown,2,,,,,"""Manor Township"" Pennsylvania wind setback",
2038,compiled_flagged,nrel:solar:4200747432,PA,Marion Township,Municipality,renewables_only,solar,unknown,2,,,,,"""Marion Township"" Pennsylvania solar setback",
2039,compiled_flagged,nrel:solar:4201148128,PA,Maxatawny Township,Municipality,renewables_only,solar,unknown,2,,,,,"""Maxatawny Township"" Pennsylvania solar setback",values conflict with sabin:S26R-5577
2040,compiled_flagged,nrel:solar:4204946224,PA,McKean Township,Municipality,renewables_only,solar,unknown,2,,,,,"""McKean Township"" Pennsylvania solar height_limit",
2041,compiled_flagged,nrel:wind:4204349040,PA,Middle Paxton Township,Municipality,renewables_only,wind,unknown,2,,,,,"""Middle Paxton Township"" Pennsylvania wind setback",values conflict with sabin:S26R-5551
2042,compiled_flagged,nrel:solar:4208949080,PA,Middle Smithfield Township,Municipality,renewables_only,solar,unknown,2,,,,,"""Middle Smithfield Township"" Pennsylvania solar height_limit",
2043,compiled_flagged,nrel:solar:4201949056,PA,Middlesex Township,Municipality,renewables_only,solar,unknown,2,,,,,"""Middlesex Township"" Pennsylvania solar setback",
2044,compiled_flagged,nrel:wind:4201949056,PA,Middlesex Township,Municipality,renewables_only,wind,unknown,2,,,,,"""Middlesex Township"" Pennsylvania wind setback",
2045,compiled_flagged,nrel:solar:4204349128,PA,Middletown Borough,Municipality,renewables_only,solar,unknown,2,,,,,"""Middletown Borough"" Pennsylvania solar height_limit",
2046,compiled_flagged,nrel:solar:4201749120,PA,Middletown Township,Municipality,renewables_only,solar,unknown,2,,,,,"""Middletown Township"" Pennsylvania solar height_limit",
2047,compiled_flagged,nrel:solar:4207149728,PA,Millersville Borough,Municipality,renewables_only,solar,unknown,2,,,,,"""Millersville Borough"" Pennsylvania solar height_limit",
2048,compiled_flagged,nrel:solar:4213350328,PA,Monaghan Township,Municipality,renewables_only,solar,unknown,2,,,,,"""Monaghan Township"" Pennsylvania solar noise_limit",
2049,compiled_flagged,nrel:solar:4204150472,PA,Monroe Township,Municipality,renewables_only,solar,unknown,2,,,,,"""Monroe Township"" Pennsylvania solar height_limit",
2050,compiled_flagged,nrel:wind:4204150472,PA,Monroe Township,Municipality,renewables_only,wind,unknown,2,,,,,"""Monroe Township"" Pennsylvania wind setback",
2051,compiled_flagged,nrel:wind:4211550736,PA,Montrose Borough,Municipality,renewables_only,wind,unknown,2,,,,,"""Montrose Borough"" Pennsylvania wind setback",
2052,compiled_flagged,nrel:wind:4206951208,PA,Moscow Borough,Municipality,renewables_only,wind,unknown,2,,,,,"""Moscow Borough"" Pennsylvania wind setback",
2053,compiled_flagged,nrel:wind:4204151592,PA,Mount Holly Springs Borough,Municipality,renewables_only,wind,unknown,2,,,,,"""Mount Holly Springs Borough"" Pennsylvania wind setback",
2054,compiled_flagged,nrel:solar:4207151656,PA,Mount Joy Borough,Municipality,renewables_only,solar,unknown,2,,,,,"""Mount Joy Borough"" Pennsylvania solar zoning_restriction",
2055,compiled_flagged,nrel:wind:4207151656,PA,Mount Joy Borough,Municipality,renewables_only,wind,unknown,2,,,,,"""Mount Joy Borough"" Pennsylvania wind setback",
2056,compiled_flagged,nrel:solar:4200351744,PA,Mount Oliver Borough,Municipality,renewables_only,solar,unknown,2,,,,,"""Mount Oliver Borough"" Pennsylvania solar height_limit",
2057,compiled_flagged,nrel:solar:4200151776,PA,Mount Pleasant Township,Municipality,renewables_only,solar,unknown,2,,,,,"""Mount Pleasant Township"" Pennsylvania solar height_limit",
2058,compiled_flagged,nrel:solar:4212951888,PA,Mount Pleasant Township,Municipality,renewables_only,solar,unknown,2,,,,,"""Mount Pleasant Township"" Pennsylvania solar setback",
2059,compiled_flagged,nrel:wind:4208951912,PA,Mount Pocono Borough,Municipality,renewables_only,wind,unknown,2,,,,,"""Mount Pocono Borough"" Pennsylvania wind setback",
2060,compiled_flagged,nrel:wind:4213352056,PA,Mount Wolf Borough,Municipality,renewables_only,wind,unknown,2,,,,,"""Mount Wolf Borough"" Pennsylvania wind setback",
2061,compiled_flagged,nrel:wind:4207552488,PA,Myerstown Borough,Municipality,renewables_only,wind,unknown,2,,,,,"""Myerstown Borough"" Pennsylvania wind setback",
2062,compiled_flagged,nrel:solar:4209552808,PA,Nazareth Borough,Municipality,renewables_only,solar,unknown,2,,,,,"""Nazareth Borough"" Pennsylvania solar height_limit",
2063,compiled_flagged,nrel:wind:4207952992,PA,Nescopeck Township,Municipality,renewables_only,wind,unknown,2,,,,,"""Nescopeck Township"" Pennsylvania wind setback",
2064,compiled_flagged,nrel:wind:4204153464,PA,New Cumberland Borough,Municipality,renewables_only,wind,unknown,2,,,,,"""New Cumberland Borough"" Pennsylvania wind setback",
2065,compiled_flagged,nrel:wind:4207153696,PA,New Holland Borough,Municipality,renewables_only,wind,unknown,2,,,,,"""New Holland Borough"" Pennsylvania wind setback",
2066,compiled_flagged,nrel:wind:4211553880,PA,New Milford Borough,Municipality,renewables_only,wind,unknown,2,,,,,"""New Milford Borough"" Pennsylvania wind setback",NREL sample: Noise unverifiable; NREL sample: Property Line (Non-Participating) contradicts; NREL sample: Structures (Non-Participating) contradicts
2067,compiled_flagged,nrel:solar:4207354768,PA,North Beaver Township,Municipality,renewables_only,solar,unknown,2,,,,,"""North Beaver Township"" Pennsylvania solar setback",values conflict with sabin:REC-0378
2068,compiled_flagged,nrel:wind:4213354904,PA,North Codorus Township,Municipality,renewables_only,wind,unknown,2,,,,,"""North Codorus Township"" Pennsylvania wind size_cap",
2069,compiled_flagged,nrel:solar:4207554928,PA,North Cornwall Township,Municipality,renewables_only,solar,unknown,2,,,,,"""North Cornwall Township"" Pennsylvania solar setback",
2070,compiled_flagged,nrel:wind:4200355016,PA,North Fayette Township,Municipality,renewables_only,wind,unknown,2,,,,,"""North Fayette Township"" Pennsylvania wind setback",
2071,compiled_flagged,nrel:solar:4207555160,PA,North Lebanon Township,Municipality,renewables_only,solar,unknown,2,,,,,"""North Lebanon Township"" Pennsylvania solar setback",
2072,compiled_flagged,nrel:solar:4210755192,PA,North Manheim Township,Municipality,renewables_only,solar,unknown,2,,,,,"""North Manheim Township"" Pennsylvania solar height_limit",
2073,compiled_flagged,nrel:wind:4210755192,PA,North Manheim Township,Municipality,renewables_only,wind,unknown,2,,,,,"""North Manheim Township"" Pennsylvania wind setback",
2074,compiled_flagged,nrel:solar:4204155216,PA,North Middleton Township,Municipality,renewables_only,solar,unknown,2,,,,,"""North Middleton Township"" Pennsylvania solar setback",
2075,compiled_flagged,nrel:solar:4204155248,PA,North Newton Township,Municipality,renewables_only,solar,unknown,2,,,,,"""North Newton Township"" Pennsylvania solar setback",
2076,compiled_flagged,nrel:wind:4201555448,PA,North Towanda Township,Municipality,renewables_only,wind,unknown,2,,,,,"""North Towanda Township"" Pennsylvania wind setback",
2077,compiled_flagged,nrel:solar:4209155512,PA,North Wales Borough,Municipality,renewables_only,solar,unknown,2,,,,,"""North Wales Borough"" Pennsylvania solar setback",
2078,compiled_flagged,nrel:solar:4207755576,PA,North Whitehall Township,Municipality,renewables_only,solar,unknown,2,,,,,"""North Whitehall Township"" Pennsylvania solar setback",
2079,compiled_flagged,nrel:solar:4200356384,PA,O'Hara Township,Municipality,renewables_only,solar,unknown,2,,,,,"""O'Hara Township"" Pennsylvania solar height_limit",values conflict with sabin:S26R-5587
2080,compiled_flagged,nrel:solar:4213157408,PA,Overfield Township,Municipality,renewables_only,solar,unknown,2,,,,,"""Overfield Township"" Pennsylvania solar height_limit",
2081,compiled_flagged,nrel:wind:4213157408,PA,Overfield Township,Municipality,renewables_only,wind,unknown,2,,,,,"""Overfield Township"" Pennsylvania wind setback",
2082,compiled_flagged,nrel:solar:4200157472,PA,Oxford Township,Municipality,renewables_only,solar,unknown,2,,,,,"""Oxford Township"" Pennsylvania solar height_limit",
2083,compiled_flagged,nrel:solar:4209557672,PA,Palmer Township,Municipality,renewables_only,solar,unknown,2,,,,,"""Palmer Township"" Pennsylvania solar setback",
2084,compiled_flagged,nrel:solar:4207557720,PA,Palmyra Borough,Municipality,renewables_only,solar,unknown,2,,,,,"""Palmyra Borough"" Pennsylvania solar noise_limit",
2085,compiled_flagged,nrel:wind:4210357728,PA,Palmyra Township,Municipality,renewables_only,wind,unknown,2,,,,,"""Palmyra Township"" Pennsylvania wind setback",
2086,compiled_flagged,nrel:wind:4213357872,PA,Paradise Township,Municipality,renewables_only,wind,unknown,2,,,,,"""Paradise Township"" Pennsylvania wind setback",
2087,compiled_flagged,nrel:wind:4212758480,PA,Paupack Township,Municipality,renewables_only,wind,unknown,2,,,,,"""Paupack Township"" Pennsylvania wind setback",
2088,compiled_flagged,nrel:solar:4204158824,PA,Penn Township,Municipality,renewables_only,solar,unknown,2,,,,,"""Penn Township"" Pennsylvania solar height_limit",
2089,compiled_flagged,nrel:solar:4210958864,PA,Penn Township,Municipality,renewables_only,solar,unknown,2,,,,,"""Penn Township"" Pennsylvania solar setback",
2090,compiled_flagged,nrel:wind:4210958864,PA,Penn Township,Municipality,renewables_only,wind,unknown,2,,,,,"""Penn Township"" Pennsylvania wind setback",
2091,compiled_flagged,nrel:solar:4207159360,PA,Pequea Township,Municipality,renewables_only,solar,unknown,2,,,,,"""Pequea Township"" Pennsylvania solar zoning_restriction",
2092,compiled_flagged,nrel:wind:4207159360,PA,Pequea Township,Municipality,renewables_only,wind,unknown,2,,,,,"""Pequea Township"" Pennsylvania wind zoning_restriction",
2093,compiled_flagged,nrel:solar:4207359488,PA,Perry Township,Municipality,renewables_only,solar,unknown,2,,,,,"""Perry Township"" Pennsylvania solar height_limit",
2094,compiled_flagged,nrel:wind:4201159448,PA,Perry Township,Municipality,renewables_only,wind,unknown,2,,,,,"""Perry Township"" Pennsylvania wind setback",
2095,compiled_flagged,nrel:solar:4209561088,PA,Plainfield Township,Municipality,renewables_only,solar,unknown,2,,,,,"""Plainfield Township"" Pennsylvania solar height_limit",
2096,compiled_flagged,nrel:wind:4200361536,PA,Plum Borough,Municipality,renewables_only,wind,unknown,2,,,,,"""Plum Borough"" Pennsylvania wind setback",
2097,compiled_flagged,nrel:solar:4203562152,PA,Porter Township,Municipality,renewables_only,solar,unknown,2,,,,,"""Porter Township"" Pennsylvania solar size_cap",
2098,compiled_flagged,nrel:wind:4209562264,PA,Portland Borough,Municipality,renewables_only,wind,unknown,2,,,,,"""Portland Borough"" Pennsylvania wind setback",
2099,compiled_flagged,nrel:wind:4207162832,PA,Providence Township,Municipality,renewables_only,wind,unknown,2,,,,,"""Providence Township"" Pennsylvania wind setback",
2100,compiled_flagged,nrel:wind:4205563200,PA,Quincy Township,Municipality,renewables_only,wind,unknown,2,,,,,"""Quincy Township"" Pennsylvania wind setback",
2101,compiled_flagged,nrel:solar:4200163616,PA,Reading Township,Municipality,renewables_only,solar,unknown,2,,,,,"""Reading Township"" Pennsylvania solar height_limit",
2102,compiled_flagged,nrel:solar:4203964600,PA,Richmond Township,Municipality,renewables_only,solar,unknown,2,,,,,"""Richmond Township"" Pennsylvania solar setback",
2103,compiled_flagged,nrel:wind:4206965224,PA,Roaring Brook Township,Municipality,renewables_only,wind,unknown,2,,,,,"""Roaring Brook Township"" Pennsylvania wind setback",
2104,compiled_flagged,nrel:solar:4200365352,PA,Robinson Township,Municipality,renewables_only,solar,unknown,2,,,,,"""Robinson Township"" Pennsylvania solar height_limit",
2105,compiled_flagged,nrel:solar:4209765472,PA,Rockefeller Township,Municipality,renewables_only,solar,unknown,2,,,,,"""Rockefeller Township"" Pennsylvania solar height_limit",
2106,compiled_flagged,nrel:solar:4208966280,PA,Ross Township,Municipality,renewables_only,solar,unknown,2,,,,,"""Ross Township"" Pennsylvania solar setback",
2107,compiled_flagged,nrel:solar:4212966376,PA,Rostraver Township,Municipality,renewables_only,solar,unknown,2,,,,,"""Rostraver Township"" Pennsylvania solar height_limit",
2108,compiled_flagged,nrel:solar:4212767488,PA,Salem Township,Municipality,renewables_only,solar,unknown,2,,,,,"""Salem Township"" Pennsylvania solar setback",
2109,compiled_flagged,nrel:wind:4207767576,PA,Salisbury Township,Municipality,renewables_only,wind,unknown,2,,,,,"""Salisbury Township"" Pennsylvania wind setback",
2110,compiled_flagged,nrel:solar:4206969000,PA,Scranton City,Municipality,renewables_only,solar,unknown,2,,,,,"""Scranton City"" Pennsylvania solar setback",
2111,compiled_flagged,nrel:wind:4213369360,PA,Seven Valleys Borough,Municipality,renewables_only,wind,unknown,2,,,,,"""Seven Valleys Borough"" Pennsylvania wind setback",
2112,compiled_flagged,nrel:solar:4209769608,PA,Shamokin Township,Municipality,renewables_only,solar,unknown,2,,,,,"""Shamokin Township"" Pennsylvania solar height_limit",
2113,compiled_flagged,nrel:solar:4207370080,PA,Shenango Township,Municipality,renewables_only,solar,unknown,2,,,,,"""Shenango Township"" Pennsylvania solar height_limit",
2114,compiled_flagged,nrel:solar:4208570096,PA,Shenango Township,Municipality,renewables_only,solar,unknown,2,,,,,"""Shenango Township"" Pennsylvania solar noise_limit",
2115,compiled_flagged,nrel:wind:4207370080,PA,Shenango Township,Municipality,renewables_only,wind,unknown,2,,,,,"""Shenango Township"" Pennsylvania wind setback",
2116,compiled_flagged,nrel:solar:4201170464,PA,Shoemakersville Borough,Municipality,renewables_only,solar,unknown,2,,,,,"""Shoemakersville Borough"" Pennsylvania solar zoning_restriction",values conflict with sabin:S26R-5579
2117,compiled_flagged,nrel:wind:4210370496,PA,Shohola Township,Municipality,renewables_only,wind,unknown,2,,,,,"""Shohola Township"" Pennsylvania wind setback",
2118,compiled_flagged,nrel:solar:4213370576,PA,Shrewsbury Township,Municipality,renewables_only,solar,unknown,2,,,,,"""Shrewsbury Township"" Pennsylvania solar setback",
2119,compiled_flagged,nrel:solar:4204170792,PA,Silver Spring Township,Municipality,renewables_only,solar,unknown,2,,,,,"""Silver Spring Township"" Pennsylvania solar noise_limit",
2120,compiled_flagged,nrel:wind:4201770744,PA,Silverdale Borough,Municipality,renewables_only,wind,unknown,2,,,,,"""Silverdale Borough"" Pennsylvania wind setback",
2121,compiled_flagged,nrel:wind:4201971192,PA,Slippery Rock Township,Municipality,renewables_only,wind,unknown,2,,,,,"""Slippery Rock Township"" Pennsylvania wind setback",
2122,compiled_flagged,nrel:wind:4201771752,PA,Solebury Township,Municipality,renewables_only,wind,unknown,2,,,,,"""Solebury Township"" Pennsylvania wind setback",
2123,compiled_flagged,nrel:solar:4211171784,PA,Somerset Township,Municipality,renewables_only,solar,unknown,2,,,,,"""Somerset Township"" Pennsylvania solar noise_limit",
2124,compiled_flagged,nrel:solar:4212571792,PA,Somerset Township,Municipality,renewables_only,solar,unknown,2,,,,,"""Somerset Township"" Pennsylvania solar height_limit",
2125,compiled_flagged,nrel:wind:4212571792,PA,Somerset Township,Municipality,renewables_only,wind,unknown,2,,,,,"""Somerset Township"" Pennsylvania wind setback",NREL sample: Noise unverifiable; NREL sample: Property Line (Non-Participating) unverifiable; NREL sample: Structures (Non-Participating) unverifiable
2126,compiled_flagged,nrel:solar:4200372160,PA,South Fayette Township,Municipality,renewables_only,solar,unknown,2,,,,,"""South Fayette Township"" Pennsylvania solar setback",
2127,compiled_flagged,nrel:solar:4207572288,PA,South Lebanon Township,Municipality,renewables_only,solar,unknown,2,,,,,"""South Lebanon Township"" Pennsylvania solar setback",
2128,compiled_flagged,nrel:solar:4207572296,PA,South Londonderry Township,Municipality,renewables_only,solar,unknown,2,,,,,"""South Londonderry Township"" Pennsylvania solar setback",
2129,compiled_flagged,nrel:wind:4207572296,PA,South Londonderry Township,Municipality,renewables_only,wind,unknown,2,,,,,"""South Londonderry Township"" Pennsylvania wind setback",
2130,compiled_flagged,nrel:wind:4204172336,PA,South Middleton Township,Municipality,renewables_only,wind,unknown,2,,,,,"""South Middleton Township"" Pennsylvania wind setback",
2131,compiled_flagged,nrel:solar:4204172384,PA,South Newton Township,Municipality,renewables_only,solar,unknown,2,,,,,"""South Newton Township"" Pennsylvania solar height_limit",
2132,compiled_flagged,nrel:wind:4203972472,PA,South Shenango Township,Municipality,renewables_only,wind,unknown,2,,,,,"""South Shenango Township"" Pennsylvania wind size_cap",
2133,compiled_flagged,nrel:wind:4206972896,PA,Spring Brook Township,Municipality,renewables_only,wind,unknown,2,,,,,"""Spring Brook Township"" Pennsylvania wind setback",
2134,compiled_flagged,nrel:solar:4202772832,PA,Spring Township,Municipality,renewables_only,solar,unknown,2,,,,,"""Spring Township"" Pennsylvania solar height_limit",
2135,compiled_flagged,nrel:solar:4210972856,PA,Spring Township,Municipality,renewables_only,solar,unknown,2,,,,,"""Spring Township"" Pennsylvania solar height_limit",
2136,compiled_flagged,nrel:solar:4208573080,PA,Springfield Township,Municipality,renewables_only,solar,unknown,2,,,,,"""Springfield Township"" Pennsylvania solar height_limit",
2137,compiled_flagged,nrel:solar:4210767224,PA,St. Clair Borough,Municipality,renewables_only,solar,unknown,2,,,,,"""St. Clair Borough"" Pennsylvania solar noise_limit",
2138,compiled_flagged,nrel:solar:4208974880,PA,Stroud Township,Municipality,renewables_only,solar,unknown,2,,,,,"""Stroud Township"" Pennsylvania solar height_limit",
2139,compiled_flagged,nrel:solar:4212175000,PA,Sugarcreek Borough,Municipality,renewables_only,solar,unknown,2,,,,,"""Sugarcreek Borough"" Pennsylvania solar height_limit",values conflict with sabin:S26R-5536
2140,compiled_flagged,nrel:solar:4207975064,PA,Sugarloaf Township,Municipality,renewables_only,solar,unknown,2,,,,,"""Sugarloaf Township"" Pennsylvania solar height_limit",
2141,compiled_flagged,nrel:solar:4203975200,PA,Summit Township,Municipality,renewables_only,solar,unknown,2,,,,,"""Summit Township"" Pennsylvania solar height_limit",
2142,compiled_flagged,nrel:wind:4211575568,PA,Susquehanna Depot Borough,Municipality,renewables_only,wind,unknown,2,,,,,"""Susquehanna Depot Borough"" Pennsylvania wind setback",
2143,compiled_flagged,nrel:solar:4200376104,PA,Tarentum Borough,Municipality,renewables_only,solar,unknown,2,,,,,"""Tarentum Borough"" Pennsylvania solar size_cap",
2144,compiled_flagged,nrel:wind:4206976601,PA,Thornhurst Township,Municipality,renewables_only,wind,unknown,2,,,,,"""Thornhurst Township"" Pennsylvania wind setback",
2145,compiled_flagged,nrel:solar:4201176712,PA,Tilden Township,Municipality,renewables_only,solar,unknown,2,,,,,"""Tilden Township"" Pennsylvania solar height_limit",
2146,compiled_flagged,nrel:solar:4213177784,PA,Tunkhannock Borough,Municipality,renewables_only,solar,unknown,2,,,,,"""Tunkhannock Borough"" Pennsylvania solar height_limit",
2147,compiled_flagged,nrel:wind:4213177784,PA,Tunkhannock Borough,Municipality,renewables_only,wind,unknown,2,,,,,"""Tunkhannock Borough"" Pennsylvania wind setback",
2148,compiled_flagged,nrel:solar:4208977776,PA,Tunkhannock Township,Municipality,renewables_only,solar,unknown,2,,,,,"""Tunkhannock Township"" Pennsylvania solar size_cap",
2149,compiled_flagged,nrel:solar:4200178160,PA,Tyrone Township,Municipality,renewables_only,solar,unknown,2,,,,,"""Tyrone Township"" Pennsylvania solar setback",
2150,compiled_flagged,nrel:solar:4204978448,PA,Union City Borough,Municipality,renewables_only,solar,unknown,2,,,,,"""Union City Borough"" Pennsylvania solar height_limit",
2151,compiled_flagged,nrel:solar:4211578456,PA,Union Dale Borough,Municipality,renewables_only,solar,unknown,2,,,,,"""Union Dale Borough"" Pennsylvania solar height_limit",
2152,compiled_flagged,nrel:solar:4204978312,PA,Union Township,Municipality,renewables_only,solar,unknown,2,,,,,"""Union Township"" Pennsylvania solar setback",
2153,compiled_flagged,nrel:wind:4201178280,PA,Union Township,Municipality,renewables_only,wind,unknown,2,,,,,"""Union Township"" Pennsylvania wind setback",values conflict with sabin:S26R-5576
2154,compiled_flagged,nrel:solar:4212978656,PA,Unity Township,Municipality,renewables_only,solar,unknown,2,,,,,"""Unity Township"" Pennsylvania solar setback",
2155,compiled_flagged,nrel:solar:4209179040,PA,Upper Frederick Township,Municipality,renewables_only,solar,unknown,2,,,,,"""Upper Frederick Township"" Pennsylvania solar height_limit",
2156,compiled_flagged,nrel:solar:4207179080,PA,Upper Leacock Township,Municipality,renewables_only,solar,unknown,2,,,,,"""Upper Leacock Township"" Pennsylvania solar size_cap",
2157,compiled_flagged,nrel:solar:4204179152,PA,Upper Mifflin Township,Municipality,renewables_only,solar,unknown,2,,,,,"""Upper Mifflin Township"" Pennsylvania solar height_limit",
2158,compiled_flagged,nrel:wind:4207779160,PA,Upper Milford Township,Municipality,renewables_only,wind,unknown,2,,,,,"""Upper Milford Township"" Pennsylvania wind setback",
2159,compiled_flagged,nrel:solar:4204379216,PA,Upper Paxton Township,Municipality,renewables_only,solar,unknown,2,,,,,"""Upper Paxton Township"" Pennsylvania solar height_limit",
2160,compiled_flagged,nrel:wind:4204379216,PA,Upper Paxton Township,Municipality,renewables_only,wind,unknown,2,,,,,"""Upper Paxton Township"" Pennsylvania wind setback",values conflict with sabin:S26R-5552
2161,compiled_flagged,nrel:solar:4202979352,PA,Upper Uwchlan Township,Municipality,renewables_only,solar,unknown,2,,,,,"""Upper Uwchlan Township"" Pennsylvania solar height_limit",
2162,compiled_flagged,nrel:wind:4202979352,PA,Upper Uwchlan Township,Municipality,renewables_only,wind,unknown,2,,,,,"""Upper Uwchlan Township"" Pennsylvania wind zoning_restriction",values conflict with sabin:S26R-5562
2163,compiled_flagged,nrel:solar:4202979480,PA,Uwchlan Township,Municipality,renewables_only,solar,unknown,2,,,,,"""Uwchlan Township"" Pennsylvania solar setback",
2164,compiled_flagged,nrel:solar:4204979928,PA,Venango Township,Municipality,renewables_only,solar,unknown,2,,,,,"""Venango Township"" Pennsylvania solar height_limit",
2165,compiled_flagged,nrel:solar:4206181104,PA,Warriors Mark Township,Municipality,renewables_only,solar,unknown,2,,,,,"""Warriors Mark Township"" Pennsylvania solar height_limit",
2166,compiled_flagged,nrel:solar:4201181184,PA,Washington Township,Municipality,renewables_only,solar,unknown,2,,,,,"""Washington Township"" Pennsylvania solar noise_limit",
2167,compiled_flagged,nrel:solar:4204981224,PA,Washington Township,Municipality,renewables_only,solar,unknown,2,,,,,"""Washington Township"" Pennsylvania solar height_limit",
2168,compiled_flagged,nrel:solar:4205581240,PA,Washington Township,Municipality,renewables_only,solar,unknown,2,,,,,"""Washington Township"" Pennsylvania solar setback",
2169,compiled_flagged,nrel:solar:4206581264,PA,Washington Township,Municipality,renewables_only,solar,unknown,2,,,,,"""Washington Township"" Pennsylvania solar setback",
2170,compiled_flagged,nrel:solar:4208181288,PA,Washington Township,Municipality,renewables_only,solar,unknown,2,,,,,"""Washington Township"" Pennsylvania solar height_limit",
2171,compiled_flagged,nrel:wind:4206581264,PA,Washington Township,Municipality,renewables_only,wind,unknown,2,,,,,"""Washington Township"" Pennsylvania wind setback",
2172,compiled_flagged,nrel:wind:4204981760,PA,Wayne Township,Municipality,renewables_only,wind,unknown,2,,,,,"""Wayne Township"" Pennsylvania wind setback",
2173,compiled_flagged,nrel:solar:4205581824,PA,Waynesboro Borough,Municipality,renewables_only,solar,unknown,2,,,,,"""Waynesboro Borough"" Pennsylvania solar height_limit",
2174,compiled_flagged,nrel:solar:4201182296,PA,Wernersville Borough,Municipality,renewables_only,solar,unknown,2,,,,,"""Wernersville Borough"" Pennsylvania solar setback",
2175,compiled_flagged,nrel:solar:4200382800,PA,West Deer Township,Municipality,renewables_only,solar,unknown,2,,,,,"""West Deer Township"" Pennsylvania solar setback",values conflict with sabin:S26R-5594
2176,compiled_flagged,nrel:solar:4202983080,PA,West Goshen Township,Municipality,renewables_only,solar,unknown,2,,,,,"""West Goshen Township"" Pennsylvania solar height_limit",
2177,compiled_flagged,nrel:solar:4203983480,PA,West Mead Township,Municipality,renewables_only,solar,unknown,2,,,,,"""West Mead Township"" Pennsylvania solar height_limit",
2178,compiled_flagged,nrel:solar:4210783792,PA,West Penn Township,Municipality,renewables_only,solar,unknown,2,,,,,"""West Penn Township"" Pennsylvania solar height_limit",
2179,compiled_flagged,nrel:solar:4201183928,PA,West Reading Borough,Municipality,renewables_only,solar,unknown,2,,,,,"""West Reading Borough"" Pennsylvania solar zoning_restriction",
2180,compiled_flagged,nrel:wind:4200384144,PA,West View Borough,Municipality,renewables_only,wind,unknown,2,,,,,"""West View Borough"" Pennsylvania wind setback",
2181,compiled_flagged,nrel:solar:4202984104,PA,Westtown Township,Municipality,renewables_only,solar,unknown,2,,,,,"""Westtown Township"" Pennsylvania solar setback",values conflict with sabin:S26R-5558
2182,compiled_flagged,nrel:solar:4206384472,PA,White Township,Municipality,renewables_only,solar,unknown,2,,,,,"""White Township"" Pennsylvania solar height_limit",
2183,compiled_flagged,nrel:solar:4209184624,PA,Whitemarsh Township,Municipality,renewables_only,solar,unknown,2,,,,,"""Whitemarsh Township"" Pennsylvania solar setback",NREL sample: Property Line (Non-Participating) unverifiable
2184,compiled_flagged,nrel:solar:4209585256,PA,Williams Township,Municipality,renewables_only,solar,unknown,2,,,,,"""Williams Township"" Pennsylvania solar height_limit",
2185,compiled_flagged,nrel:solar:4202985352,PA,Willistown Township,Municipality,renewables_only,solar,unknown,2,,,,,"""Willistown Township"" Pennsylvania solar setback",
2186,compiled_flagged,nrel:wind:4213385728,PA,Windsor Borough,Municipality,renewables_only,wind,unknown,2,,,,,"""Windsor Borough"" Pennsylvania wind setback",
2187,compiled_flagged,nrel:solar:4213385736,PA,Windsor Township,Municipality,renewables_only,solar,unknown,2,,,,,"""Windsor Township"" Pennsylvania solar height_limit",
2188,compiled_flagged,nrel:solar:4208185984,PA,Wolf Township,Municipality,renewables_only,solar,unknown,2,,,,,"""Wolf Township"" Pennsylvania solar height_limit",
2189,compiled_flagged,nrel:wind:4203986168,PA,Woodcock Township,Municipality,renewables_only,wind,unknown,2,,,,,"""Woodcock Township"" Pennsylvania wind size_cap",
2190,compiled_flagged,nrel:wind:4202786544,PA,Worth Township,Municipality,renewables_only,wind,unknown,2,,,,,"""Worth Township"" Pennsylvania wind setback",
2191,compiled_flagged,nrel:wind:4213386640,PA,Wrightsville Borough,Municipality,renewables_only,wind,unknown,2,,,,,"""Wrightsville Borough"" Pennsylvania wind setback",
2192,compiled_flagged,nrel:wind:4201586912,PA,Wysox Township,Municipality,renewables_only,wind,unknown,2,,,,,"""Wysox Township"" Pennsylvania wind setback",
2193,compiled_flagged,nrel:solar:4400711800,RI,Burrillville Town,Municipality,renewables_only,solar,unknown,2,,,,,"""Burrillville Town"" Rhode Island solar height_limit",
2194,compiled_flagged,nrel:solar:4400318640,RI,Coventry Town,Municipality,renewables_only,solar,unknown,2,,,,,"""Coventry Town"" Rhode Island solar height_limit",
2195,compiled_flagged,nrel:solar:4400719180,RI,Cranston City,Municipality,renewables_only,solar,unknown,2,,,,,"""Cranston City"" Rhode Island solar height_limit",values conflict with sabin:REC-0391
2196,compiled_flagged,nrel:solar:4400720080,RI,Cumberland Town,Municipality,renewables_only,solar,unknown,2,,,,,"""Cumberland Town"" Rhode Island solar height_limit",
2197,compiled_flagged,nrel:solar:4400322240,RI,East Greenwich Town,Municipality,renewables_only,solar,unknown,2,,,,,"""East Greenwich Town"" Rhode Island solar setback",
2198,compiled_flagged,nrel:solar:4400722960,RI,East Providence City,Municipality,renewables_only,solar,unknown,2,,,,,"""East Providence City"" Rhode Island solar height_limit",
2199,compiled_flagged,nrel:solar:4400730340,RI,Glocester Town,Municipality,renewables_only,solar,unknown,2,,,,,"""Glocester Town"" Rhode Island solar height_limit",
2200,compiled_flagged,nrel:solar:4400536820,RI,Jamestown Town,Municipality,renewables_only,solar,unknown,2,,,,,"""Jamestown Town"" Rhode Island solar setback",
2201,compiled_flagged,nrel:wind:4400741500,RI,Lincoln Town,Municipality,renewables_only,wind,unknown,2,,,,,"""Lincoln Town"" Rhode Island wind setback",
2202,compiled_flagged,nrel:solar:4400542400,RI,Little Compton Town,Municipality,renewables_only,solar,unknown,2,,,,,"""Little Compton Town"" Rhode Island solar height_limit",
2203,compiled_flagged,nrel:solar:4400545460,RI,Middletown Town,Municipality,renewables_only,solar,unknown,2,,,,,"""Middletown Town"" Rhode Island solar height_limit",
2204,compiled_flagged,nrel:solar:4400752480,RI,North Smithfield Town,Municipality,renewables_only,solar,unknown,2,,,,,"""North Smithfield Town"" Rhode Island solar height_limit",NREL sample: Maximum Height unverifiable; NREL sample: Noise unverifiable; NREL sample: Property Line (Non-Participating) unverifiable
2205,compiled_flagged,nrel:solar:4400557880,RI,Portsmouth Town,Municipality,renewables_only,solar,unknown,2,,,,,"""Portsmouth Town"" Rhode Island solar height_limit",
2206,compiled_flagged,nrel:wind:4400759000,RI,Providence City,Municipality,renewables_only,wind,unknown,2,,,,,"""Providence City"" Rhode Island wind setback",
2207,compiled_flagged,nrel:solar:4400764220,RI,Scituate Town,Municipality,renewables_only,solar,unknown,2,,,,,"""Scituate Town"" Rhode Island solar height_limit",
2208,compiled_flagged,nrel:solar:4400374300,RI,Warwick City,Municipality,renewables_only,solar,unknown,2,,,,,"""Warwick City"" Rhode Island solar height_limit",values conflict with sabin:REC-0390
2209,compiled_flagged,nrel:solar:4400377720,RI,West Greenwich Town,Municipality,renewables_only,solar,unknown,2,,,,,"""West Greenwich Town"" Rhode Island solar height_limit",
2210,compiled_flagged,nrel:solar:4400780780,RI,Woonsocket City,Municipality,renewables_only,solar,unknown,2,,,,,"""Woonsocket City"" Rhode Island solar setback",
2211,compiled_flagged,nrel:solar:45001,SC,Abbeville County,County,renewables_only,solar,unknown,2,,,,,"""Abbeville County"" South Carolina solar height_limit",
2212,compiled_flagged,nrel:solar:45011,SC,Barnwell County,County,renewables_only,solar,unknown,2,,,,,"""Barnwell County"" South Carolina solar height_limit",
2213,compiled_flagged,nrel:solar:45017,SC,Calhoun County,County,renewables_only,solar,unknown,2,,,,,"""Calhoun County"" South Carolina solar height_limit",values conflict with sabin:REC-0394; sabin:REC-0395
2214,compiled_flagged,nrel:solar:45023,SC,Chester County,County,renewables_only,solar,unknown,2,,,,,"""Chester County"" South Carolina solar height_limit",
2215,compiled_flagged,nrel:solar:45029,SC,Colleton County,County,renewables_only,solar,unknown,2,,,,,"""Colleton County"" South Carolina solar height_limit",
2216,compiled_flagged,nrel:solar:45031,SC,Darlington County,County,renewables_only,solar,unknown,2,,,,,"""Darlington County"" South Carolina solar size_cap",
2217,compiled_flagged,nrel:solar:45037,SC,Edgefield County,County,renewables_only,solar,unknown,2,,,,,"""Edgefield County"" South Carolina solar height_limit",values conflict with sabin:S26R-5529
2218,compiled_flagged,nrel:solar:45039,SC,Fairfield County,County,renewables_only,solar,unknown,2,,,,,"""Fairfield County"" South Carolina solar height_limit",
2219,compiled_flagged,nrel:solar:45041,SC,Florence County,County,renewables_only,solar,unknown,2,,,,,"""Florence County"" South Carolina solar height_limit",
2220,compiled_flagged,nrel:solar:45053,SC,Jasper County,County,renewables_only,solar,unknown,2,,,,,"""Jasper County"" South Carolina solar height_limit",
2221,compiled_flagged,nrel:solar:45069,SC,Marlboro County,County,renewables_only,solar,unknown,2,,,,,"""Marlboro County"" South Carolina solar height_limit",values conflict with sabin:S26R-5528
2222,compiled_flagged,nrel:solar:45071,SC,Newberry County,County,renewables_only,solar,unknown,2,,,,,"""Newberry County"" South Carolina solar height_limit",
2223,compiled_flagged,nrel:solar:45073,SC,Oconee County,County,renewables_only,solar,unknown,2,,,,,"""Oconee County"" South Carolina solar height_limit",
2224,compiled_flagged,nrel:solar:45079,SC,Richland County,County,renewables_only,solar,unknown,2,,,,,"""Richland County"" South Carolina solar height_limit",
2225,compiled_flagged,nrel:solar:45089,SC,Williamsburg County,County,renewables_only,solar,unknown,2,,,,,"""Williamsburg County"" South Carolina solar height_limit",
2226,compiled_flagged,nrel:solar:45091,SC,York County,County,renewables_only,solar,unknown,2,,,,,"""York County"" South Carolina solar height_limit",
2227,compiled_flagged,nrel:wind:46005,SD,Beadle County,County,renewables_only,wind,unknown,2,,,,,"""Beadle County"" South Dakota wind setback",
2228,compiled_flagged,nrel:wind:46009,SD,Bon Homme County,County,renewables_only,wind,unknown,2,,,,,"""Bon Homme County"" South Dakota wind setback",
2229,compiled_flagged,nrel:solar:46011,SD,Brookings County,County,renewables_only,solar,unknown,2,,,,,"""Brookings County"" South Dakota solar height_limit",values conflict with sabin:S26R-5527
2230,compiled_flagged,nrel:wind:46013,SD,Brown County,County,renewables_only,wind,unknown,2,,,,,"""Brown County"" South Dakota wind setback",
2231,compiled_flagged,nrel:wind:46023,SD,Charles Mix County,County,renewables_only,wind,unknown,2,,,,,"""Charles Mix County"" South Dakota wind setback",
2232,compiled_flagged,nrel:wind:46027,SD,Clay County,County,renewables_only,wind,unknown,2,,,,,"""Clay County"" South Dakota wind setback",
2233,compiled_flagged,nrel:wind:46029,SD,Codington County,County,renewables_only,wind,unknown,2,,,,,"""Codington County"" South Dakota wind setback",
2234,compiled_flagged,nrel:wind:46037,SD,Day County,County,renewables_only,wind,unknown,2,,,,,"""Day County"" South Dakota wind setback",
2235,compiled_flagged,nrel:solar:46051,SD,Grant County,County,renewables_only,solar,unknown,2,,,,,"""Grant County"" South Dakota solar height_limit",
2236,compiled_flagged,nrel:wind:46051,SD,Grant County,County,renewables_only,wind,unknown,2,,,,,"""Grant County"" South Dakota wind setback",
2237,compiled_flagged,nrel:wind:46057,SD,Hamlin County,County,renewables_only,wind,unknown,2,,,,,"""Hamlin County"" South Dakota wind setback",
2238,compiled_flagged,nrel:wind:46059,SD,Hand County,County,renewables_only,wind,unknown,2,,,,,"""Hand County"" South Dakota wind setback",
2239,compiled_flagged,nrel:wind:46079,SD,Lake County,County,renewables_only,wind,unknown,2,,,,,"""Lake County"" South Dakota wind setback",
2240,compiled_flagged,nrel:wind:46081,SD,Lawrence County,County,renewables_only,wind,unknown,2,,,,,"""Lawrence County"" South Dakota wind setback",
2241,compiled_flagged,nrel:wind:46087,SD,McCook County,County,renewables_only,wind,unknown,2,,,,,"""McCook County"" South Dakota wind setback",
2242,compiled_flagged,nrel:wind:46089,SD,McPherson County,County,renewables_only,wind,unknown,2,,,,,"""McPherson County"" South Dakota wind setback",
2243,compiled_flagged,nrel:solar:46097,SD,Miner County,County,renewables_only,solar,unknown,2,,,,,"""Miner County"" South Dakota solar height_limit",values conflict with sabin:S26R-5523
2244,compiled_flagged,nrel:wind:46097,SD,Miner County,County,renewables_only,wind,unknown,2,,,,,"""Miner County"" South Dakota wind setback",
2245,compiled_flagged,nrel:wind:46099,SD,Minnehaha County,County,renewables_only,wind,unknown,2,,,,,"""Minnehaha County"" South Dakota wind setback",
2246,compiled_flagged,nrel:wind:46101,SD,Moody County,County,renewables_only,wind,unknown,2,,,,,"""Moody County"" South Dakota wind setback",
2247,compiled_flagged,nrel:solar:46109,SD,Roberts County,County,renewables_only,solar,unknown,2,,,,,"""Roberts County"" South Dakota solar height_limit",values conflict with sabin:S26R-5521
2248,compiled_flagged,nrel:wind:46109,SD,Roberts County,County,renewables_only,wind,unknown,2,,,,,"""Roberts County"" South Dakota wind setback",
2249,compiled_flagged,nrel:wind:46115,SD,Spink County,County,renewables_only,wind,unknown,2,,,,,"""Spink County"" South Dakota wind setback",
2250,compiled_flagged,nrel:wind:46127,SD,Union County,County,renewables_only,wind,unknown,2,,,,,"""Union County"" South Dakota wind setback",
2251,compiled_flagged,nrel:wind:46135,SD,Yankton County,County,renewables_only,wind,unknown,2,,,,,"""Yankton County"" South Dakota wind setback",
2252,compiled_flagged,nrel:solar:47045,TN,Dyer County,County,renewables_only,solar,unknown,2,,,,,"""Dyer County"" Tennessee solar setback",
2253,compiled_flagged,nrel:solar:47059,TN,Greene County,County,renewables_only,solar,unknown,2,,,,,"""Greene County"" Tennessee solar setback",
2254,compiled_flagged,nrel:solar:47069,TN,Hardeman County,County,renewables_only,solar,unknown,2,,,,,"""Hardeman County"" Tennessee solar height_limit",
2255,compiled_flagged,nrel:solar:47089,TN,Jefferson County,County,renewables_only,solar,unknown,2,,,,,"""Jefferson County"" Tennessee solar setback",
2256,compiled_flagged,nrel:wind:47089,TN,Jefferson County,County,renewables_only,wind,unknown,2,,,,,"""Jefferson County"" Tennessee wind setback",
2257,compiled_flagged,nrel:solar:47167,TN,Tipton County,County,renewables_only,solar,unknown,2,,,,,"""Tipton County"" Tennessee solar setback",
2258,compiled_flagged,nrel:wind:47167,TN,Tipton County,County,renewables_only,wind,unknown,2,,,,,"""Tipton County"" Tennessee wind setback",
2259,compiled_flagged,nrel:wind:47179,TN,Washington County,County,renewables_only,wind,unknown,2,,,,,"""Washington County"" Tennessee wind setback",
2260,compiled_flagged,nrel:wind:4835590850,TX,Corpus Christi City,Municipality,renewables_only,wind,unknown,2,,,,,"""Corpus Christi City"" Texas wind setback",values conflict with sabin:S26R-5496
2261,compiled_flagged,nrel:wind:4834191090,TX,Dumas City,Municipality,renewables_only,wind,unknown,2,,,,,"""Dumas City"" Texas wind setback",
2262,compiled_flagged,nrel:solar:4827392035,TX,Kingsville City,Municipality,renewables_only,solar,unknown,2,,,,,"""Kingsville City"" Texas solar setback",
2263,compiled_flagged,nrel:wind:4811592105,TX,Lamesa City,Municipality,renewables_only,wind,unknown,2,,,,,"""Lamesa City"" Texas wind setback",
2264,compiled_flagged,nrel:solar:4828192130,TX,Lampasas City,Municipality,renewables_only,solar,unknown,2,,,,,"""Lampasas City"" Texas solar height_limit",
2265,compiled_flagged,nrel:wind:4821992180,TX,Levelland City,Municipality,renewables_only,wind,unknown,2,,,,,"""Levelland City"" Texas wind setback",
2266,compiled_flagged,nrel:solar:4813992570,TX,Midlothian City,Municipality,renewables_only,solar,unknown,2,,,,,"""Midlothian City"" Texas solar height_limit",
2267,compiled_flagged,nrel:wind:4813592875,TX,Odessa City,Municipality,renewables_only,wind,unknown,2,,,,,"""Odessa City"" Texas wind setback",
2268,compiled_flagged,nrel:wind:4817992955,TX,Pampa City,Municipality,renewables_only,wind,unknown,2,,,,,"""Pampa City"" Texas wind setback",
2269,compiled_flagged,nrel:wind:4818993060,TX,Plainview City,Municipality,renewables_only,wind,unknown,2,,,,,"""Plainview City"" Texas wind zoning_restriction",values conflict with sabin:S26R-5501
2270,compiled_flagged,nrel:solar:4840593415,TX,San Augustine City,Municipality,renewables_only,solar,unknown,2,,,,,"""San Augustine City"" Texas solar size_cap",
2271,compiled_flagged,nrel:solar:4818793500,TX,Seguin City,Municipality,renewables_only,solar,unknown,2,,,,,"""Seguin City"" Texas solar size_cap",
2272,compiled_flagged,nrel:solar:49013,UT,Duchesne County,County,renewables_only,solar,unknown,2,,,,,"""Duchesne County"" Utah solar height_limit",
2273,compiled_flagged,nrel:wind:49013,UT,Duchesne County,County,renewables_only,wind,unknown,2,,,,,"""Duchesne County"" Utah wind setback",values conflict with sabin:S26R-5482
2274,compiled_flagged,nrel:solar:49021,UT,Iron County,County,renewables_only,solar,unknown,2,,,,,"""Iron County"" Utah solar height_limit",values conflict with mn:ut-iron-county-2026
2275,compiled_flagged,nrel:wind:49021,UT,Iron County,County,renewables_only,wind,unknown,2,,,,,"""Iron County"" Utah wind setback",
2276,compiled_flagged,nrel:wind:49055,UT,Wayne County,County,renewables_only,wind,unknown,2,,,,,"""Wayne County"" Utah wind noise_limit",
2277,compiled_flagged,nrel:solar:51009,VA,Amherst County,County,renewables_only,solar,unknown,2,,,,,"""Amherst County"" Virginia solar height_limit",values conflict with sabin:REC-0448
2278,compiled_flagged,nrel:solar:51011,VA,Appomattox County,County,renewables_only,solar,unknown,2,,,,,"""Appomattox County"" Virginia solar setback",
2279,compiled_flagged,nrel:wind:51021,VA,Bland County,County,renewables_only,wind,unknown,2,,,,,"""Bland County"" Virginia wind setback",
2280,compiled_flagged,nrel:solar:51037,VA,Charlotte County,County,renewables_only,solar,unknown,2,,,,,"""Charlotte County"" Virginia solar height_limit",
2281,compiled_flagged,nrel:solar:51043,VA,Clarke County,County,renewables_only,solar,unknown,2,,,,,"""Clarke County"" Virginia solar noise_limit",values conflict with sabin:REC-0453
2282,compiled_flagged,nrel:solar:51045,VA,Craig County,County,renewables_only,solar,unknown,2,,,,,"""Craig County"" Virginia solar height_limit",
2283,compiled_flagged,nrel:solar:51047,VA,Culpeper County,County,renewables_only,solar,unknown,2,,,,,"""Culpeper County"" Virginia solar height_limit",values conflict with sabin:REC-0454
2284,compiled_flagged,nrel:solar:51049,VA,Cumberland County,County,renewables_only,solar,unknown,2,,,,,"""Cumberland County"" Virginia solar height_limit",
2285,compiled_flagged,nrel:wind:51049,VA,Cumberland County,County,renewables_only,wind,unknown,2,,,,,"""Cumberland County"" Virginia wind setback",
2286,compiled_flagged,nrel:solar:51053,VA,Dinwiddie County,County,renewables_only,solar,unknown,2,,,,,"""Dinwiddie County"" Virginia solar height_limit",
2287,compiled_flagged,nrel:solar:51061,VA,Fauquier County,County,renewables_only,solar,unknown,2,,,,,"""Fauquier County"" Virginia solar height_limit",values conflict with sabin:REC-0455
2288,compiled_flagged,nrel:solar:51067,VA,Franklin County,County,renewables_only,solar,unknown,2,,,,,"""Franklin County"" Virginia solar height_limit",values conflict with sabin:REC-0456
2289,compiled_flagged,nrel:solar:51071,VA,Giles County,County,renewables_only,solar,unknown,2,,,,,"""Giles County"" Virginia solar height_limit",values conflict with sabin:S26R-5461
2290,compiled_flagged,nrel:wind:51071,VA,Giles County,County,renewables_only,wind,unknown,2,,,,,"""Giles County"" Virginia wind zoning_restriction",
2291,compiled_flagged,nrel:solar:51075,VA,Goochland County,County,renewables_only,solar,unknown,2,,,,,"""Goochland County"" Virginia solar height_limit",values conflict with sabin:S26R-5460
2292,compiled_flagged,nrel:solar:51077,VA,Grayson County,County,renewables_only,solar,unknown,2,,,,,"""Grayson County"" Virginia solar height_limit",values conflict with sabin:REC-0457
2293,compiled_flagged,nrel:solar:51079,VA,Greene County,County,renewables_only,solar,unknown,2,,,,,"""Greene County"" Virginia solar height_limit",
2294,compiled_flagged,nrel:solar:51083,VA,Halifax County,County,renewables_only,solar,unknown,2,,,,,"""Halifax County"" Virginia solar size_cap",values conflict with sabin:REC-0459
2295,compiled_flagged,nrel:solar:51085,VA,Hanover County,County,renewables_only,solar,unknown,2,,,,,"""Hanover County"" Virginia solar height_limit",
2296,compiled_flagged,nrel:solar:51087,VA,Henrico County,County,renewables_only,solar,unknown,2,,,,,"""Henrico County"" Virginia solar height_limit",values conflict with sabin:S26R-5456
2297,compiled_flagged,nrel:solar:51095,VA,James City County,County,renewables_only,solar,unknown,2,,,,,"""James City County"" Virginia solar setback",values conflict with sabin:REC-0460
2298,compiled_flagged,nrel:solar:51099,VA,King George County,County,renewables_only,solar,unknown,2,,,,,"""King George County"" Virginia solar height_limit",values conflict with sabin:S26R-5452
2299,compiled_flagged,nrel:solar:51101,VA,King William County,County,renewables_only,solar,unknown,2,,,,,"""King William County"" Virginia solar height_limit",values conflict with sabin:S26R-5451
2300,compiled_flagged,nrel:solar:51107,VA,Loudoun County,County,renewables_only,solar,unknown,2,,,,,"""Loudoun County"" Virginia solar height_limit",
2301,compiled_flagged,nrel:solar:51111,VA,Lunenburg County,County,renewables_only,solar,unknown,2,,,,,"""Lunenburg County"" Virginia solar height_limit",values conflict with sabin:S26R-5449
2302,compiled_flagged,nrel:solar:51117,VA,Mecklenburg County,County,renewables_only,solar,unknown,2,,,,,"""Mecklenburg County"" Virginia solar height_limit",values conflict with sabin:S26R-5447
2303,compiled_flagged,nrel:solar:51119,VA,Middlesex County,County,renewables_only,solar,unknown,2,,,,,"""Middlesex County"" Virginia solar height_limit",
2304,compiled_flagged,nrel:solar:51125,VA,Nelson County,County,renewables_only,solar,unknown,2,,,,,"""Nelson County"" Virginia solar height_limit",
2305,compiled_flagged,nrel:solar:51131,VA,Northampton County,County,renewables_only,solar,unknown,2,,,,,"""Northampton County"" Virginia solar height_limit",
2306,compiled_flagged,nrel:wind:51131,VA,Northampton County,County,renewables_only,wind,unknown,2,,,,,"""Northampton County"" Virginia wind setback",
2307,compiled_flagged,nrel:solar:51133,VA,Northumberland County,County,renewables_only,solar,unknown,2,,,,,"""Northumberland County"" Virginia solar setback",
2308,compiled_flagged,nrel:solar:51139,VA,Page County,County,renewables_only,solar,unknown,2,,,,,"""Page County"" Virginia solar height_limit",values conflict with sabin:S26R-5445
2309,compiled_flagged,nrel:solar:51149,VA,Prince George County,County,renewables_only,solar,unknown,2,,,,,"""Prince George County"" Virginia solar height_limit",values conflict with sabin:S26R-5443
2310,compiled_flagged,nrel:solar:51155,VA,Pulaski County,County,renewables_only,solar,unknown,2,,,,,"""Pulaski County"" Virginia solar height_limit",
2311,compiled_flagged,nrel:wind:51155,VA,Pulaski County,County,renewables_only,wind,unknown,2,,,,,"""Pulaski County"" Virginia wind setback",
2312,compiled_flagged,nrel:solar:51159,VA,Richmond County,County,renewables_only,solar,unknown,2,,,,,"""Richmond County"" Virginia solar noise_limit",
2313,compiled_flagged,nrel:wind:51161,VA,Roanoke County,County,renewables_only,wind,unknown,2,,,,,"""Roanoke County"" Virginia wind setback",
2314,compiled_flagged,nrel:solar:51169,VA,Scott County,County,renewables_only,solar,unknown,2,,,,,"""Scott County"" Virginia solar height_limit",
2315,compiled_flagged,nrel:solar:51171,VA,Shenandoah County,County,renewables_only,solar,unknown,2,,,,,"""Shenandoah County"" Virginia solar noise_limit",values conflict with sabin:S26R-5441
2316,compiled_flagged,nrel:solar:51173,VA,Smyth County,County,renewables_only,solar,unknown,2,,,,,"""Smyth County"" Virginia solar height_limit",
2317,compiled_flagged,nrel:solar:51175,VA,Southampton County,County,renewables_only,solar,unknown,2,,,,,"""Southampton County"" Virginia solar height_limit",values conflict with sabin:S26R-5439
2318,compiled_flagged,nrel:solar:51179,VA,Stafford County,County,renewables_only,solar,unknown,2,,,,,"""Stafford County"" Virginia solar setback",values conflict with sabin:S26R-5438
2319,compiled_flagged,nrel:solar:51181,VA,Surry County,County,renewables_only,solar,unknown,2,,,,,"""Surry County"" Virginia solar height_limit",
2320,compiled_flagged,nrel:solar:51183,VA,Sussex County,County,renewables_only,solar,unknown,2,,,,,"""Sussex County"" Virginia solar height_limit",
2321,compiled_flagged,nrel:solar:51185,VA,Tazewell County,County,renewables_only,solar,unknown,2,,,,,"""Tazewell County"" Virginia solar height_limit",
2322,compiled_flagged,nrel:wind:51185,VA,Tazewell County,County,renewables_only,wind,unknown,2,,,,,"""Tazewell County"" Virginia wind zoning_restriction",
2323,compiled_flagged,nrel:solar:51191,VA,Washington County,County,renewables_only,solar,unknown,2,,,,,"""Washington County"" Virginia solar height_limit",
2324,compiled_flagged,nrel:solar:5000100325,VT,Addison Town,Municipality,renewables_only,solar,unknown,2,,,,,"""Addison Town"" Vermont solar setback",
2325,compiled_flagged,nrel:wind:5000109025,VT,Bristol Town,Municipality,renewables_only,wind,unknown,2,,,,,"""Bristol Town"" Vermont wind setback",
2326,compiled_flagged,nrel:wind:5002318550,VT,Duxbury Town,Municipality,renewables_only,wind,unknown,2,,,,,"""Duxbury Town"" Vermont wind setback",
2327,compiled_flagged,nrel:wind:5001124050,VT,Enosburgh Town,Municipality,renewables_only,wind,unknown,2,,,,,"""Enosburgh Town"" Vermont wind setback",
2328,compiled_flagged,nrel:wind:5000126300,VT,Ferrisburgh Town,Municipality,renewables_only,wind,unknown,2,,,,,"""Ferrisburgh Town"" Vermont wind setback",
2329,compiled_flagged,nrel:wind:5000327962,VT,Glastenbury Town,Municipality,renewables_only,wind,unknown,2,,,,,"""Glastenbury Town"" Vermont wind setback",
2330,compiled_flagged,nrel:wind:5000139325,VT,Leicester Town,Municipality,renewables_only,wind,unknown,2,,,,,"""Leicester Town"" Vermont wind setback",
2331,compiled_flagged,nrel:wind:5000342850,VT,Manchester Town,Municipality,renewables_only,wind,unknown,2,,,,,"""Manchester Town"" Vermont wind zoning_restriction",
2332,compiled_flagged,nrel:wind:5002144125,VT,Mendon Town,Municipality,renewables_only,wind,unknown,2,,,,,"""Mendon Town"" Vermont wind zoning_restriction",
2333,compiled_flagged,nrel:wind:5002756350,VT,Pomfret Town,Municipality,renewables_only,wind,unknown,2,,,,,"""Pomfret Town"" Vermont wind setback",
2334,compiled_flagged,nrel:solar:5002161300,VT,Rutland Town,Municipality,renewables_only,solar,unknown,2,,,,,"""Rutland Town"" Vermont solar setback",
2335,compiled_flagged,nrel:solar:5000764300,VT,Shelburne Town,Municipality,renewables_only,solar,unknown,2,,,,,"""Shelburne Town"" Vermont solar setback",values conflict with sabin:S26R-5476
2336,compiled_flagged,nrel:wind:5000562200,VT,St. Johnsbury Town,Municipality,renewables_only,wind,unknown,2,,,,,"""St. Johnsbury Town"" Vermont wind zoning_restriction",
2337,compiled_flagged,nrel:solar:5000174650,VT,Vergennes City,Municipality,renewables_only,solar,unknown,2,,,,,"""Vergennes City"" Vermont solar zoning_restriction",
2338,compiled_flagged,nrel:wind:5002576225,VT,Wardsboro Town,Municipality,renewables_only,wind,unknown,2,,,,,"""Wardsboro Town"" Vermont wind setback",
2339,compiled_flagged,nrel:wind:5002777500,VT,Weathersfield Town,Municipality,renewables_only,wind,unknown,2,,,,,"""Weathersfield Town"" Vermont wind setback",
2340,compiled_flagged,nrel:wind:5001980200,VT,Westfield Town,Municipality,renewables_only,wind,unknown,2,,,,,"""Westfield Town"" Vermont wind setback",
2341,compiled_flagged,nrel:wind:5000183275,VT,Weybridge Town,Municipality,renewables_only,wind,unknown,2,,,,,"""Weybridge Town"" Vermont wind setback",
2342,compiled_flagged,nrel:wind:5000385675,VT,Woodford Town,Municipality,renewables_only,wind,unknown,2,,,,,"""Woodford Town"" Vermont wind setback",
2343,compiled_flagged,nrel:solar:53001,WA,Adams County,County,renewables_only,solar,unknown,2,,,,,"""Adams County"" Washington solar height_limit",
2344,compiled_flagged,nrel:wind:53001,WA,Adams County,County,renewables_only,wind,unknown,2,,,,,"""Adams County"" Washington wind setback",
2345,compiled_flagged,nrel:solar:53005,WA,Benton County,County,renewables_only,solar,unknown,2,,,,,"""Benton County"" Washington solar height_limit",
2346,compiled_flagged,nrel:wind:53013,WA,Columbia County,County,renewables_only,wind,unknown,2,,,,,"""Columbia County"" Washington wind setback",
2347,compiled_flagged,nrel:wind:53023,WA,Garfield County,County,renewables_only,wind,unknown,2,,,,,"""Garfield County"" Washington wind setback",
2348,compiled_flagged,nrel:solar:53025,WA,Grant County,County,renewables_only,solar,unknown,2,,,,,"""Grant County"" Washington solar height_limit",values conflict with sabin:REC-0462
2349,compiled_flagged,nrel:solar:53037,WA,Kittitas County,County,renewables_only,solar,unknown,2,,,,,"""Kittitas County"" Washington solar height_limit",
2350,compiled_flagged,nrel:solar:53039,WA,Klickitat County,County,renewables_only,solar,unknown,2,,,,,"""Klickitat County"" Washington solar height_limit",values conflict with sabin:REC-0464
2351,compiled_flagged,nrel:solar:53043,WA,Lincoln County,County,renewables_only,solar,unknown,2,,,,,"""Lincoln County"" Washington solar height_limit",
2352,compiled_flagged,nrel:wind:53043,WA,Lincoln County,County,renewables_only,wind,unknown,2,,,,,"""Lincoln County"" Washington wind setback",
2353,compiled_flagged,nrel:solar:53047,WA,Okanogan County,County,renewables_only,solar,unknown,2,,,,,"""Okanogan County"" Washington solar height_limit",
2354,compiled_flagged,nrel:wind:53073,WA,Whatcom County,County,renewables_only,wind,unknown,2,,,,,"""Whatcom County"" Washington wind setback",
2355,compiled_flagged,nrel:solar:53077,WA,Yakima County,County,renewables_only,solar,unknown,2,,,,,"""Yakima County"" Washington solar height_limit",values conflict with sabin:REC-0465
2356,compiled_flagged,nrel:solar:55011,WI,Buffalo County,County,renewables_only,solar,unknown,2,,,,,"""Buffalo County"" Wisconsin solar height_limit",
2357,compiled_flagged,nrel:wind:55011,WI,Buffalo County,County,renewables_only,wind,unknown,2,,,,,"""Buffalo County"" Wisconsin wind setback",
2358,compiled_flagged,nrel:solar:55021,WI,Columbia County,County,renewables_only,solar,unknown,2,,,,,"""Columbia County"" Wisconsin solar height_limit",
2359,compiled_flagged,nrel:wind:55021,WI,Columbia County,County,renewables_only,wind,unknown,2,,,,,"""Columbia County"" Wisconsin wind setback",values conflict with sabin:S26R-5425
2360,compiled_flagged,nrel:wind:55043,WI,Grant County,County,renewables_only,wind,unknown,2,,,,,"""Grant County"" Wisconsin wind setback",
2361,compiled_flagged,nrel:solar:55045,WI,Green County,County,renewables_only,solar,unknown,2,,,,,"""Green County"" Wisconsin solar height_limit",
2362,compiled_flagged,nrel:wind:55045,WI,Green County,County,renewables_only,wind,unknown,2,,,,,"""Green County"" Wisconsin wind setback",
2363,compiled_flagged,nrel:wind:55053,WI,Jackson County,County,renewables_only,wind,unknown,2,,,,,"""Jackson County"" Wisconsin wind setback",
2364,compiled_flagged,nrel:wind:55055,WI,Jefferson County,County,renewables_only,wind,unknown,2,,,,,"""Jefferson County"" Wisconsin wind setback",
2365,compiled_flagged,nrel:solar:55059,WI,Kenosha County,County,renewables_only,solar,unknown,2,,,,,"""Kenosha County"" Wisconsin solar height_limit",values conflict with sabin:S26R-5420
2366,compiled_flagged,nrel:solar:55065,WI,Lafayette County,County,renewables_only,solar,unknown,2,,,,,"""Lafayette County"" Wisconsin solar setback",
2367,compiled_flagged,nrel:solar:55071,WI,Manitowoc County,County,renewables_only,solar,unknown,2,,,,,"""Manitowoc County"" Wisconsin solar setback",
2368,compiled_flagged,nrel:solar:55077,WI,Marquette County,County,renewables_only,solar,unknown,2,,,,,"""Marquette County"" Wisconsin solar setback",
2369,compiled_flagged,nrel:wind:55081,WI,Monroe County,County,renewables_only,wind,unknown,2,,,,,"""Monroe County"" Wisconsin wind setback",
2370,compiled_flagged,nrel:solar:55093,WI,Pierce County,County,renewables_only,solar,unknown,2,,,,,"""Pierce County"" Wisconsin solar height_limit",
2371,compiled_flagged,nrel:wind:55095,WI,Polk County,County,renewables_only,wind,unknown,2,,,,,"""Polk County"" Wisconsin wind setback",
2372,compiled_flagged,nrel:wind:55097,WI,Portage County,County,renewables_only,wind,unknown,2,,,,,"""Portage County"" Wisconsin wind setback",
2373,compiled_flagged,nrel:wind:55101,WI,Racine County,County,renewables_only,wind,unknown,2,,,,,"""Racine County"" Wisconsin wind setback",
2374,compiled_flagged,nrel:solar:55111,WI,Sauk County,County,renewables_only,solar,unknown,2,,,,,"""Sauk County"" Wisconsin solar height_limit",
2375,compiled_flagged,nrel:wind:55127,WI,Walworth County,County,renewables_only,wind,unknown,2,,,,,"""Walworth County"" Wisconsin wind setback",
2376,compiled_flagged,nrel:solar:55137,WI,Waushara County,County,renewables_only,solar,unknown,2,,,,,"""Waushara County"" Wisconsin solar setback",
2377,compiled_flagged,nrel:wind:55139,WI,Winnebago County,County,renewables_only,wind,unknown,2,,,,,"""Winnebago County"" Wisconsin wind setback",
2378,compiled_flagged,nrel:solar:56001,WY,Albany County,County,renewables_only,solar,unknown,2,,,,,"""Albany County"" Wyoming solar setback",
2379,compiled_flagged,nrel:wind:56001,WY,Albany County,County,renewables_only,wind,unknown,2,,,,,"""Albany County"" Wyoming wind setback",
2380,compiled_flagged,nrel:solar:56009,WY,Converse County,County,renewables_only,solar,unknown,2,,,,,"""Converse County"" Wyoming solar setback",
2381,compiled_flagged,nrel:solar:56013,WY,Fremont County,County,renewables_only,solar,unknown,2,,,,,"""Fremont County"" Wyoming solar height_limit",
2382,compiled_flagged,nrel:wind:56017,WY,Hot Springs County,County,renewables_only,wind,unknown,2,,,,,"""Hot Springs County"" Wyoming wind size_cap",
2383,compiled_flagged,nrel:wind:56021,WY,Laramie County,County,renewables_only,wind,unknown,2,,,,,"""Laramie County"" Wyoming wind setback",
2384,compiled_flagged,nrel:wind:56023,WY,Lincoln County,County,renewables_only,wind,unknown,2,,,,,"""Lincoln County"" Wyoming wind setback",
2385,compiled_flagged,nrel:solar:56025,WY,Natrona County,County,renewables_only,solar,unknown,2,,,,,"""Natrona County"" Wyoming solar height_limit",
2386,compiled_flagged,nrel:wind:56025,WY,Natrona County,County,renewables_only,wind,unknown,2,,,,,"""Natrona County"" Wyoming wind setback",
2387,compiled_flagged,nrel:solar:56029,WY,Park County,County,renewables_only,solar,unknown,2,,,,,"""Park County"" Wyoming solar height_limit",
2388,compiled_flagged,nrel:wind:56029,WY,Park County,County,renewables_only,wind,unknown,2,,,,,"""Park County"" Wyoming wind setback",
2389,compiled_flagged,nrel:solar:56031,WY,Platte County,County,renewables_only,solar,unknown,2,,,,,"""Platte County"" Wyoming solar height_limit",
2390,compiled_flagged,nrel:wind:56031,WY,Platte County,County,renewables_only,wind,unknown,2,,,,,"""Platte County"" Wyoming wind setback",
2391,compiled_flagged,nrel:solar:56033,WY,Sheridan County,County,renewables_only,solar,unknown,2,,,,,"""Sheridan County"" Wyoming solar height_limit",values conflict with sabin:S26R-5402
2392,compiled_flagged,nrel:solar:56035,WY,Sublette County,County,renewables_only,solar,unknown,2,,,,,"""Sublette County"" Wyoming solar setback",
2393,compiled_flagged,mn:al-fort-payne-2026,AL,Fort Payne,City,multi_sector_data_centers,battery_storage,active,4,2026-06-16,,City Council ordinance/resolution (instrument number not located),,"""Fort Payne"" Alabama battery storage moratorium",
2394,compiled_flagged,mn:ia-madison-county-2026,IA,Madison County,County,multi_sector_data_centers,battery_storage,active,4,2026-05-26,,"Two Board of Supervisors ordinances (data centers; battery storage systems) adopted 2026-05-26 with second and third readings waived, per KCCI; ordinance numbers not published in the coverage reviewed",,"""Madison County"" Iowa battery storage moratorium",
2395,compiled_flagged,mn:nc-city-of-wilson-2026,NC,City of Wilson,City,multi_sector_data_centers,battery_storage,active,4,2026-05-21,2027-05-21,City Council moratorium ordinance; ordinance number not located in reviewed sources,,"""City of Wilson"" North Carolina battery storage moratorium",
2396,compiled_flagged,mn:ny-perth-fulton-county-2024,NY,Perth (Fulton County),Town,multi_sector_data_centers,battery_storage;solar;wind,active,4,2024,,"Local Law No. 23 of 2024 (original, commercial solar); extended by Local Law #3 of 2025 (Resolution #66, introduced 2025-05-08); further extended/broadened to cover battery and wind per Leader Herald coverage",,"""Perth (Fulton County)"" New York battery storage OR solar OR wind moratorium",
2397,compiled_flagged,mn:tn-anderson-county-2026,TN,Anderson County,County,multi_sector_data_centers,battery_storage,active,4,2026-06-15,,County Commission moratorium on future data centers; the adopted instrument was not located in the county's online materials,,"""Anderson County"" Tennessee battery storage moratorium",
2398,compiled_flagged,mn:ma-leominster-undated,MA,Leominster,City,multi_sector_data_centers,battery_storage,pending,2,,,"City Council petitions for a one-year-equivalent moratorium (through July 31, 2027) on data centers and battery energy storage facilities; would also require Mayor Dean Mazzarella's approval before taking effect. Petition instrument number not confirmed in sources reviewed.",,"""Leominster"" Massachusetts battery storage moratorium",
2399,compiled_flagged,mn:mi-howard-charter-township-cass-county-undated,MI,Howard Charter Township (Cass County),Township,multi_sector_data_centers,battery_storage,pending,2,,,Proposed Resolution 2026-10; proposed Ordinance No. 237 (non-zoning temporary moratorium on data centers and battery energy storage systems); proposed Ordinance No. 238 (zoning ordinance amendment adding Chapter 22 temporary moratorium on data centers),,"""Howard Charter Township (Cass County)"" Michigan battery storage moratorium",
2400,compiled_flagged,mn:ne-hitchcock-county-undated,NE,Hitchcock County,County,multi_sector_data_centers,battery_storage;solar;wind,pending,2,,,"Proposed Resolution 26-18 (not yet adopted as of 2026-09-21), described in the Sept. 8, 2026 agenda as superseding 'Resolution 2025-8'",,"""Hitchcock County"" Nebraska battery storage OR solar OR wind moratorium",
2401,compiled_flagged,mn:tn-roane-county-undated,TN,Roane County,County,multi_sector_data_centers,battery_storage,pending,2,,,"Roane County Commission resolution requesting a Regional Planning Commission recommendation on a temporary moratorium on zoning requests, permits, and site plans for data centers, battery energy storage, and cryptocurrency mining facilities",,"""Roane County"" Tennessee battery storage moratorium",
2402,compiled_record,mn:ks-sedgwick-county-2026-2,KS,Sedgwick County,County,renewables_only,battery_storage,active,4,2026-03-11,,"Resolution No. 049-2026, interim development control suspending BESS Conditional Use applications",,"""Sedgwick County"" Kansas battery storage moratorium",
2403,compiled_record,mn:ks-sedgwick-county-2026-3,KS,Sedgwick County,County,renewables_only,solar,active,4,2026-06-17,,"Resolution No. 120-2026, interim development control suspending large-scale solar applications",,"""Sedgwick County"" Kansas solar moratorium",
2404,compiled_record,mn:ky-henderson-county-2025,KY,Henderson County,County,renewables_only,wind,active,4,2025-10-28,,Fiscal Court ordinance amendment on wind energy conversion systems (WECS) applications; superseded an original one-year moratorium adopted around July 2025,,"""Henderson County"" Kentucky wind moratorium",
2405,compiled_record,mn:la-iberville-parish-2026,LA,Iberville Parish,Parish,renewables_only,battery_storage,active,4,2026-07-15,,Iberville Parish Council moratorium ordinance on battery energy storage systems,,"""Iberville Parish"" Louisiana battery storage moratorium",
2406,compiled_record,mn:ma-chesterfield-2026,MA,Chesterfield,Town,renewables_only,battery_storage,active,4,2026-06-24,,Chesterfield Special Town Meeting warrant article adopting a temporary moratorium on construction of battery energy storage systems (BESS); specific article/bylaw number not located in sources reviewed,,"""Chesterfield"" Massachusetts battery storage moratorium",
2407,compiled_record,mn:ma-westfield-2026-2,MA,Westfield,City,renewables_only,battery_storage,active,4,2026-02-05,,"Municipal Code Section 5-31, Interim Restriction for Battery Energy Storage Systems",,"""Westfield"" Massachusetts battery storage moratorium",
2408,compiled_record,mn:mi-comstock-charter-township-2026-2,MI,Comstock Charter Township,Township,renewables_only,solar;wind,active,4,2026-03-16,,"Charter Township of Comstock (Kalamazoo County) Ordinance No. 566, An Ordinance to Enact a Temporary Moratorium on Principal Use Solar and Wind Renewable Energy Facilities",,"""Comstock Charter Township"" Michigan solar OR wind moratorium",
2409,compiled_record,mn:mi-gun-plain-charter-township-2026,MI,Gun Plain Charter Township,Township,renewables_only,battery_storage,active,4,2026-08-06,2026-12-21,"Gun Plain Charter Township Ordinance No. 196, temporary moratorium on future BESS applications (preceded by Resolution 2026-9)",,"""Gun Plain Charter Township"" Michigan battery storage moratorium",
2410,compiled_record,mn:mi-kalamazoo-township-2026-2,MI,Kalamazoo Township,Township,renewables_only,battery_storage,active,4,2026-07-27,,"Charter Township of Kalamazoo Ordinance No. 646, temporary moratorium on battery energy storage facilities",,"""Kalamazoo Township"" Michigan battery storage moratorium",
2411,compiled_record,mn:mi-oshtemo-charter-township-2026-2,MI,Oshtemo Charter Township,Township,renewables_only,solar,active,4,2026-08-11,,"Oshtemo Charter Township Ordinance No. 695, an ordinance imposing a moratorium on Solar Energy Development for Principal-Use SES, Principal-Use (Large) SES, and Principal-Use (Small) SES, adopted at the August 11, 2026 Township Board meeting (second reading; first reading July 28, 2026), published August 20, 2026",,"""Oshtemo Charter Township"" Michigan solar moratorium",
2412,compiled_record,mn:ne-fillmore-county-2026,NE,Fillmore County,County,renewables_only,solar,active,4,2026-06-23,,Resolution No. 2026-08 (Fillmore County Board of Supervisors),,"""Fillmore County"" Nebraska solar moratorium",
2413,compiled_record,mn:ny-arietta-2026,NY,Arietta,Town,renewables_only,battery_storage,active,4,2026-06-15,,"Local Law No. 01 of 2026, Establishing a Moratorium on Battery Energy Storage Systems (Resolution 26-06-30)",,"""Arietta"" New York battery storage moratorium",
2414,compiled_record,mn:ny-busti-2024,NY,Busti,Town,renewables_only,battery_storage,active,4,2024,,Local Law 3 of 2026 (extending prior commercial BESS moratorium),,"""Busti"" New York battery storage moratorium",
2415,compiled_record,mn:ny-camillus-2026,NY,Camillus,Town,renewables_only,battery_storage,active,4,2026-03-10,,"Town of Camillus Local Law No. A-2026, a twelve-month moratorium on all battery energy storage systems (Tier 1 and Tier 2)",,"""Camillus"" New York battery storage moratorium",
2416,compiled_record,mn:ny-denmark-lewis-county-2026,NY,Denmark (Lewis County),Town,renewables_only,battery_storage;solar,active,4,2026-02-03,,"Town of Denmark Local Law No. 1 of 2026, establishing a twelve-month moratorium on commercial solar energy systems, battery energy storage systems (BESS), and compressed air energy storage systems (CAESS)",,"""Denmark (Lewis County)"" New York battery storage OR solar moratorium",
2417,compiled_record,mn:ny-greig-lewis-county-2026,NY,Greig (Lewis County),Town,renewables_only,battery_storage;solar;wind,active,4,2026-01,,"Town of Greig Local Law 2026-01, a moratorium on commercial renewable energy systems (solar, wind energy primary systems, battery energy storage systems, and compressed air energy storage systems)",,"""Greig (Lewis County)"" New York battery storage OR solar OR wind moratorium",
2418,compiled_record,mn:ny-hempstead-2025,NY,Hempstead,Town,renewables_only,battery_storage,active,4,2025-03,,"Town Code Chapter 101B; most recent extension Local Law No. 75-2026 (Resolution No. 801-2026), adopted 2026-09-09",,"""Hempstead"" New York battery storage moratorium",
2419,compiled_record,mn:ny-salem-2025,NY,Salem,Town,renewables_only,battery_storage,active,4,2025-10-08,,Local Law #1 of 2025,,"""Salem"" New York battery storage moratorium",
2420,compiled_record,mn:ny-spafford-2026,NY,Spafford,Town,renewables_only,battery_storage,active,4,2026-05-14,,"Local Law No. 1-2026 (Resolution 46-2026), a town-wide 12-month moratorium on the siting, placement, installation, construction, modification or enlargement of battery energy storage systems",,"""Spafford"" New York battery storage moratorium",
2421,compiled_record,mn:ny-ticonderoga-2026,NY,Ticonderoga,Town,renewables_only,battery_storage,active,4,2026-05,,"Town of Ticonderoga Local Law No. __ of 2026, a moratorium on locating battery energy storage systems (Tier 2/Tier 3 BESS)",,"""Ticonderoga"" New York battery storage moratorium",
2422,compiled_record,mn:ny-town-of-chautauqua-2023,NY,Town of Chautauqua,Town,renewables_only,battery_storage;solar;wind,active,4,2023,,Local Law No. 4 of 2026 (extending the moratorium on Battery Energy Storage Systems; companion Local Laws 3 and 5 of 2026 extend wind and commercial solar moratoria),,"""Town of Chautauqua"" New York battery storage OR solar OR wind moratorium",
2423,compiled_record,mn:ny-town-of-lewis-lewis-county-2026,NY,Town of Lewis (Lewis County),Town,renewables_only,battery_storage;solar;wind,active,4,2026-03-16,,"Town of Lewis local law imposing a moratorium on the acceptance or approval of applications for permits authorizing solar energy systems, battery energy storage systems, and wind power generating facilities",,"""Town of Lewis (Lewis County)"" New York battery storage OR solar OR wind moratorium",
2424,compiled_record,mn:ny-town-of-northampton-2026,NY,Town of Northampton,Town,renewables_only,battery_storage,active,4,2026-03,,"Local Law No. 01 of 2026, the Town of Northampton Battery Energy Storage Moratorium",,"""Town of Northampton"" New York battery storage moratorium",
2425,compiled_record,mn:ny-victory-2024,NY,Victory,Town,renewables_only,battery_storage,active,4,2024-10-14,,"Local Law #2 of 2024, as extended by a June 2025 local law",,"""Victory"" New York battery storage moratorium",
2426,compiled_record,mn:ny-west-bloomfield-2024,NY,West Bloomfield,Town,renewables_only,battery_storage;solar,active,4,2024-09-11,,Local Law No. 1 of 2026 (extending Local Law No. 4 of 2024 as extended by Local Law No. 3 of 2025),,"""West Bloomfield"" New York battery storage OR solar moratorium",
2427,compiled_record,mn:wa-bonney-lake-2026,WA,Bonney Lake,City,renewables_only,battery_storage,active,4,2026-04-14,,Ordinance 1754 (agenda bill AB26-33),,"""Bonney Lake"" Washington battery storage moratorium",
2428,compiled_record,mn:wa-duvall-2026,WA,Duvall,City,renewables_only,battery_storage,active,4,2026-06-02,,"Duvall Ordinance No. 1353, adopted 2026-06-02 (signed 2026-06-03), establishing a temporary moratorium on BESS facility applications under RCW 35A.63.220/36.70A.390; public hearing held 2026-07-07",,"""Duvall"" Washington battery storage moratorium",
2429,compiled_record,mn:wa-north-bend-2026,WA,North Bend,City,renewables_only,battery_storage,active,4,2026-05-19,,"North Bend City Council ordinance, adopted 2026-05-19, enacting a 12-month moratorium on acceptance/processing/approval of BESS-related land development applications",,"""North Bend"" Washington battery storage moratorium",
2430,compiled_record,mn:wa-puyallup-2026,WA,Puyallup,City,renewables_only,battery_storage,active,4,2026-06,,City Council ordinance (number not found in coverage reviewed),,"""Puyallup"" Washington battery storage moratorium",
2431,compiled_record,mn:wa-snoqualmie-2026,WA,Snoqualmie,City,renewables_only,battery_storage,active,4,2026-05-26,,"Snoqualmie Ordinance No. 1322, adopted 2026-05-26, establishing a 12-month moratorium on acceptance/processing/approval of land use and building permit applications for new BESS facilities, with a required public hearing within 60 days",,"""Snoqualmie"" Washington battery storage moratorium",
2432,compiled_record,mn:ca-morro-bay-2025,CA,Morro Bay,City,renewables_only,battery_storage,extended,4,2025-01-28,,"Urgency Ordinance No. 668, extended by Urgency Ordinance No. 670, prohibiting grid-scale BESS application acceptance/approval/operation within city limits",,"""Morro Bay"" California battery storage moratorium",
2433,compiled_record,mn:ia-audubon-county-2025,IA,Audubon County,County,renewables_only,battery_storage,extended,4,2025-08-12,2027-05-01,Resolution 2025-46 (2025-08-12); extended by Resolution 2026-25 (2026-05-05),,"""Audubon County"" Iowa battery storage moratorium",
2434,compiled_record,mn:ia-emmet-county-2025,IA,Emmet County,County,renewables_only,battery_storage;solar,extended,4,2025-01-28,,"Resolution 25-05 (2025-01-28), 'Temporary Moratorium on the Construction of USSES and BESS in the Unincorporated Areas of Emmet County, Iowa'; continued by Resolutions 25-36, 26-13 and 26-28",,"""Emmet County"" Iowa battery storage OR solar moratorium",
2435,compiled_record,mn:ia-floyd-county-2023,IA,Floyd County,County,renewables_only,battery_storage,extended,4,2023-11,2026-12-29,Original November 2023 wind/BESS moratorium; Res #04-26 (2026-01-20) extending the BESS moratorium to 2026-08-04; Board action of 2026-09-15 extending it through 2026-12-29,,"""Floyd County"" Iowa battery storage moratorium",
2436,compiled_record,mn:ia-jackson-county-2024-2,IA,Jackson County,County,renewables_only,battery_storage,extended,4,2024-01-02,,Resolution #1004-01-02-2024 (original); extended by Resolution #1063-09-10-2024 (to 2025-06-30) and Resolution #1157-12-23-2025 (to 2027-08-31),,"""Jackson County"" Iowa battery storage moratorium",
2437,compiled_record,mn:me-albion-2024,ME,Albion,Town,renewables_only,battery_storage;wind,extended,4,2024-11-25,,"Moratorium Ordinance on Grid-Level Battery Energy Storage Systems, Grid-Level Substations and Grid-Scale Wind Energy Projects",,"""Albion"" Maine battery storage OR wind moratorium",
2438,compiled_record,mn:mi-huron-county-solar-and-battery-storage-2026,MI,Huron County (solar and battery storage),County,renewables_only,battery_storage;solar,extended,4,2026-05-12,2026-12-29,"Board of Commissioners resolution imposing a 3-month moratorium on special use permits for Utility Scale Solar Energy Facilities and Battery Energy Storage Systems (May 12, 2026 agenda, Legislative item 2); extension resolutions of 2026-08-11, early September 2026 and 2026-09-22",,"""Huron County (solar and battery storage)"" Michigan battery storage OR solar moratorium",
2439,compiled_record,mn:ny-aurora-erie-county-2025,NY,Aurora (Erie County),Town,renewables_only,battery_storage,extended,4,2025-05-27,,"Town of Aurora Local Law 5-2025, a six-month moratorium on new applications for battery energy storage systems",,"""Aurora (Erie County)"" New York battery storage moratorium",
2440,compiled_record,mn:ny-babylon-2024,NY,Babylon,Town,renewables_only,battery_storage,extended,4,2024-06-05,,"Town of Babylon 2026 Moratorium Law on Battery Energy Storage System Facilities (Local Law No. 2 of 2026, extending Local Law 11 of 2024)",,"""Babylon"" New York battery storage moratorium",
2441,compiled_record,mn:ny-bedford-2024,NY,Bedford,Town,renewables_only,battery_storage,extended,4,2024-08-13,,Town of Bedford local law prohibiting review and approval of applications for battery energy storage systems (Local Law No. 1-2025 extending the original 2024-08-13 moratorium),,"""Bedford"" New York battery storage moratorium",
2442,compiled_record,mn:ny-berne-2025,NY,Berne,Town,renewables_only,battery_storage;solar,extended,4,2025-05-06,,Town of Berne moratorium on commercial solar facilities (extended to add battery energy storage systems on 2026-03-11),,"""Berne"" New York battery storage OR solar moratorium",
2443,compiled_record,mn:ny-boston-erie-county-2024,NY,Boston (Erie County),Town,renewables_only,battery_storage,extended,4,2024,,"Town of Boston Local Law No. 2-2024, a six-month moratorium prohibiting review and approval of battery energy storage system applications",,"""Boston (Erie County)"" New York battery storage moratorium",
2444,compiled_record,mn:ny-byron-2026,NY,Byron,Town,renewables_only,battery_storage,extended,4,2026-04-09,,Town of Byron local law imposing a temporary moratorium on battery energy storage system facilities (cited as Local Law #3 of 2026 in the 2026-09-09 extension hearing agenda),,"""Byron"" New York battery storage moratorium",
2445,compiled_record,mn:ny-clymer-2024,NY,Clymer,Town,renewables_only,battery_storage,extended,4,2024,,Town of Clymer battery storage moratorium (all-BESS scope),,"""Clymer"" New York battery storage moratorium",
2446,compiled_record,mn:ny-gardiner-2025,NY,Gardiner,Town,renewables_only,battery_storage,extended,4,2025,,Town of Gardiner moratorium on battery energy storage systems,,"""Gardiner"" New York battery storage moratorium",
2447,compiled_record,mn:ny-glenville-2025,NY,Glenville,Town,renewables_only,battery_storage,extended,4,2025-06-18,2026-07-31,Town of Glenville local law (BESS moratorium),,"""Glenville"" New York battery storage moratorium",
2448,compiled_record,mn:ny-hurley-2025,NY,Hurley,Town,renewables_only,battery_storage,extended,4,2025-09-30,,"2025 Battery Energy Storage System Facilities Moratorium Law of the Town of Hurley (proposed local law dated Sept. 30, 2025); extended by Town Board resolution Feb. 10, 2026",,"""Hurley"" New York battery storage moratorium",
2449,compiled_record,mn:ny-mina-2025,NY,Mina,Town,renewables_only,battery_storage,extended,4,2025-05-02,,"Town of Mina 2026 Temporary Moratorium Law on Battery Energy Storage System Facilities, Local Law No. 6 of 2026, replacing Local Law #1-2025 (effective 2025-05-02) and Resolution #30-25 (extension to 2026-05-02)",,"""Mina"" New York battery storage moratorium",
2450,compiled_record,mn:ny-oyster-bay-2024,NY,Oyster Bay,Town,renewables_only,battery_storage,extended,4,2024-04,,Town of Oyster Bay moratorium on battery energy storage systems,,"""Oyster Bay"" New York battery storage moratorium",
2451,compiled_record,mn:ny-peekskill-2025,NY,Peekskill,City,renewables_only,battery_storage,extended,4,2025-03-24,,"Local Law No. 3 of 2025 (original, adopted following the 2025-03-24 hearing; filed 2025-05-05, expired 2025-11-05); further extended by Local Law No. 14 of 2025 (Common Council agenda 2025-11-24)",,"""Peekskill"" New York battery storage moratorium",
2452,compiled_record,mn:ny-southold-2023,NY,Southold,Town,renewables_only,battery_storage,extended,4,2023-01-31,,Town of Southold moratorium on Battery Energy Storage System (BESS) facilities,,"""Southold"" New York battery storage moratorium",
2453,compiled_record,mn:ny-southport-2025,NY,Southport,Town,renewables_only,battery_storage;solar,extended,4,2025-02-11,,"Local Law No. 1 of 2025, A Six-Month Moratorium on Commercial Solar Energy Systems and Commercial Energy Storage Systems within the Town of Southport (enacted 2025-02-11); extended by Local Law No. 4 of 2025 (adopted 2025-10-14)",,"""Southport"" New York battery storage OR solar moratorium",
2454,compiled_record,mn:ny-town-of-dunkirk-chautauqua-county-2025,NY,Town of Dunkirk (Chautauqua County),Town,renewables_only,battery_storage,extended,4,2025-09,,Town of Dunkirk moratorium on battery energy storage systems,,"""Town of Dunkirk (Chautauqua County)"" New York battery storage moratorium",
2455,compiled_record,mn:ny-town-of-sherburne-2026,NY,Town of Sherburne,Town,renewables_only,battery_storage,extended,4,2026-01-14,,"Town Board resolution adopting a 6-month moratorium on the construction of battery storage facilities (Town of Sherburne, no zoning code; local law number not stated in the minutes)",,"""Town of Sherburne"" New York battery storage moratorium",
2456,compiled_record,mn:ny-village-of-mayville-2025,NY,Village of Mayville,Village,renewables_only,battery_storage,extended,4,2025-06,2027-06-30,Village of Mayville local law (BESS moratorium),,"""Village of Mayville"" New York battery storage moratorium",
2457,compiled_record,mn:sd-turner-county-2025,SD,Turner County,County,renewables_only,solar;wind,extended,4,2025-08-26,2027-08-25,"Ordinance #100-25, 'A Temporary Zoning Ordinance Regulating Utility-Scale Alternative Energy in All Turner County Zoning Districts' (adopted 2025-08-26); extended by Ordinance #105-26, 'A Temporary Zoning Ordinance Extending the Moratorium Regulating Utility-Scale Alternative Energy Systems in All Turner County Zoning Districts' (adopted 2026-08-25); SDCL 11-2-10, 7-18A-8",,"""Turner County"" South Dakota solar OR wind moratorium",
2458,compiled_record,mn:wa-black-diamond-2026,WA,Black Diamond,City,renewables_only,battery_storage,extended,4,2026-03-03,2027-03-01,"Black Diamond Ordinance No. 26-1246 (adopted 2026-03-03), adopting interim zoning controls prohibiting battery energy storage systems in all zones (amending BDMC 18.100.710); succeeded an earlier permit-application moratorium (Ordinance No. 24-1205, 2024-02-15, renewed by Ordinance No. 25-1219 in Feb. 2025). Ordinance No. 26-1246 was itself extended a further six months, with an exception for systems of 20 kW or less, by Ordinance No. 26-1258 (public hearing scheduled 2026-10-06)",,"""Black Diamond"" Washington battery storage moratorium",
2459,compiled_record,mn:wa-covington-2024,WA,Covington,City,renewables_only,battery_storage,extended,4,2024-05-14,2026-10-25,"Covington Ordinance No. 07-2024 (2024-05-14, original 12-month BESS moratorium under RCW 35A.63.220/36.70A.390), renewed by Ordinance No. 03-2025, No. 09-2025, and most recently No. 02-2026 (adopted 2026-04-14, six-month renewal with public hearing held the same day)",,"""Covington"" Washington battery storage moratorium",
2460,compiled_record,mn:wa-enumclaw-2025,WA,Enumclaw,City,renewables_only,battery_storage,extended,4,2025-02-24,2027-02-24,"Enumclaw Ordinance No. 2806, adopted on first reading 2025-02-24, imposing a 12-month moratorium on acceptance/processing/approval of BESS facility applications; confirmed via a 2025-04-14 public hearing. Extended 12 additional months from the Feb. 24, 2026 expiration by Ordinance No. 2833, which had its public hearing/first reading 2026-02-09 and was adopted 7-0 on second reading at the March 9, 2026 council meeting (per official minutes; not Feb. 23 as previously recorded, and not 'the same number' -- 2833 is a distinct ordinance number from the original 2806)",,"""Enumclaw"" Washington battery storage moratorium",
2461,compiled_record,mn:wa-kitsap-county-2025,WA,Kitsap County,County,renewables_only,battery_storage,extended,4,2025-06-11,2026-12-07,"Kitsap County Ordinance No. 639-2025 (adopted 2025-06-11, 365-day BESS application moratorium under RCW 36.70.795/36.70A.390), extended 180 days by Ordinance No. 645-2026 (following a public hearing held 2026-05-11)",,"""Kitsap County"" Washington battery storage moratorium",
2462,compiled_record,mn:wa-mount-vernon-2025,WA,Mount Vernon,City,renewables_only,battery_storage,extended,4,2025-05-28,2026-11-27,"Mount Vernon Ordinance No. 3913 (2025-05-28), an emergency moratorium on accepting permits to construct/site/develop grid-scale battery energy storage systems, continued and ratified by Ordinance No. 3915 (2025-07-23) for a maximum of one year from Ordinance 3913's adoption; renewed for a further six months by Ordinance No. 3940, adopted 2026-05-27 (public hearing held the same day), extending the moratorium through approximately 2026-11-27",,"""Mount Vernon"" Washington battery storage moratorium",
2463,compiled_record,mn:ca-morgan-hill-2026,CA,Morgan Hill,City,multi_sector_data_centers,battery_storage,active,4,2026-08-26,,Interim urgency ordinance (Govt. Code 65858) blocking new data center and grid-scale BESS applications,,"""Morgan Hill"" California battery storage moratorium",
2464,compiled_record,mn:ct-morris-2026,CT,Morris,Town,multi_sector_data_centers,battery_storage,active,4,2026-05,,"Town of Morris Planning and Zoning Commission, Zoning Moratorium on Battery Energy Storage Systems and Data Centers",,"""Morris"" Connecticut battery storage moratorium",
2465,compiled_record,mn:ia-adair-county-2026,IA,Adair County,County,multi_sector_data_centers,battery_storage,active,4,2026-03-18,,"Resolution #2026-26, ""Resolution to Establish a Temporary Moratorium on the Construction of Data Centers, High-Density Computing Facilities, and Battery Storage Facilities in the Unincorporated Areas of Adair County, Iowa,"" adopted March 18, 2026 by unanimous 5-0 roll call.",,"""Adair County"" Iowa battery storage moratorium",
2466,compiled_record,mn:ia-dickinson-county-2026,IA,Dickinson County,County,multi_sector_data_centers,battery_storage;solar,active,4,2026-05-12,,"Resolution 2026-8, barring the county from accepting applications or issuing building, use, zoning, or rezoning permits for data centers, bitcoin mining facilities, solar collection and storage facilities, and battery energy storage systems, for six months",,"""Dickinson County"" Iowa battery storage OR solar moratorium",
2467,compiled_record,mn:ia-henry-county-2026,IA,Henry County,County,multi_sector_data_centers,battery_storage,active,4,2026-05-14,,Henry County Board of Supervisors moratorium action of 2026-05-14 (instrument number not published in coverage),,"""Henry County"" Iowa battery storage moratorium",
2468,compiled_record,mn:ia-plymouth-county-2026,IA,Plymouth County,County,multi_sector_data_centers,battery_storage,active,4,2026-06-16,,Board of Supervisors resolution (unanimous) placing a year-long moratorium on permitting large-scale data centers and industrial battery storage facilities; specific resolution number not located in this pass.,,"""Plymouth County"" Iowa battery storage moratorium",
2469,compiled_record,mn:ia-sioux-county-2026,IA,Sioux County,County,multi_sector_data_centers,battery_storage,active,4,2026-06-16,,"Resolution No. 2026-32, prohibiting the Board of Supervisors, Zoning Board, and Board of Adjustment from receiving, reviewing, considering, or approving any Data Center and/or BESS application, to allow time to review Ordinance No. 01",,"""Sioux County"" Iowa battery storage moratorium",
2470,compiled_record,mn:ia-story-county-2025,IA,Story County,County,multi_sector_data_centers,battery_storage,active,4,2025-06-17,2027-03-31,"Resolution #25-97 (adopted 2025-06-17); extended via Resolution #26-36 (adopted 2025-11-25) through 2026-03-31; further extended via Resolution #26-69 (adopted 2026-03-17) through 2027-03-31. The same March 17, 2026 meeting adopted Ordinance No. 330 (third consideration), which permanently regulates battery/energy storage uses, spinning BESS out of the moratorium; the moratorium itself continues to cover digital asset mining, cryptocurrency operations, and data processing centers.",,"""Story County"" Iowa battery storage moratorium",
2471,compiled_record,mn:ia-taylor-county-2026,IA,Taylor County,County,multi_sector_data_centers,battery_storage;solar,active,4,2026-05-07,,"Ordinance #40, ""Taylor County Temporary Development Moratorium Ordinance"" (temporary moratorium on acceptance, processing and approval of applications for data center, solar energy system, battery energy storage system and mineral right development), adopted 2026-07-30 under Iowa Code 331.301, 335.2 and 335.3; preceded by the 2026-05-07 amendment of Resolution 2023-21.",,"""Taylor County"" Iowa battery storage OR solar moratorium",
2472,compiled_record,mn:il-city-of-west-chicago-2026,IL,City of West Chicago,City,multi_sector_data_centers,battery_storage,active,4,2026-07-20,2027-01-16,City of West Chicago Ordinance 26-O-0011,,"""City of West Chicago"" Illinois battery storage moratorium",
2473,compiled_record,mn:il-sterling-2026,IL,Sterling,City,multi_sector_data_centers,battery_storage,active,4,2026-09-08,,City of Sterling ordinance/motion establishing a 180-day moratorium on data center and BESS applications (specific ordinance number not published in sources reviewed),,"""Sterling"" Illinois battery storage moratorium",
2474,compiled_record,mn:in-dearborn-county-2026,IN,Dearborn County,County,multi_sector_data_centers,battery_storage;solar,active,4,2026-02-24,,"Board of Commissioners action on Plan Commission recommendation, effective 2026-02-25; ordinance or resolution number not captured in publicly accessible Dearborn County records (CivicClerk portal renders client-side) as of 2026-04-29",,"""Dearborn County"" Indiana battery storage OR solar moratorium",
2475,compiled_record,mn:in-elkhart-2026,IN,Elkhart,City,multi_sector_data_centers,battery_storage,active,4,2026-08-27,,"Elkhart Common Council ordinance, adopted 9-0 at a special meeting on 2026-08-27, pausing acceptance of new data center and battery energy storage system (BESS) applications",,"""Elkhart"" Indiana battery storage moratorium",
2476,compiled_record,mn:in-huntington-county-2026,IN,Huntington County,County,multi_sector_data_centers,battery_storage,active,4,2026-02-23,,"Ordinance No. 2026-04, ""An Ordinance for the Adoption of a Text Amendment to the Unified Development Ordinance (UDO) for Huntington County to Place a Moratorium on Data Centers, Battery Energy Storage Systems and Carbon Sequestration Projects""",,"""Huntington County"" Indiana battery storage moratorium",
2477,compiled_record,mn:in-putnam-county-2025,IN,Putnam County,County,multi_sector_data_centers,solar;wind,active,4,2025-11-17,,"Ordinance No. 2025-11-17-1 establishing a moratorium on new small modular reactors, data centers, solar energy conservation systems, and wind energy systems",,"""Putnam County"" Indiana solar OR wind moratorium",
2478,compiled_record,mn:ks-brown-county-2026,KS,Brown County,County,multi_sector_data_centers,battery_storage;solar,active,4,2026-03-02,,"Resolution 2026-10 (motion by Chairman Heinen, seconded by Commissioner Pollock, motion carried unanimously per official minutes)",,"""Brown County"" Kansas battery storage OR solar moratorium",
2479,compiled_record,mn:ks-dickinson-county-2026,KS,Dickinson County,County,multi_sector_data_centers,battery_storage;solar;wind,active,4,2026-07-30,2027-07-30,"Resolution # 073026, signed and passed 2026-07-30 by Chairman Kenny Roelofsen and Vice Chair Lynn Peterson, citing K.S.A. 12-741 et seq. and K.S.A. 19-101 et seq. police power; excludes uses already defined/enabled under Article 21 of the county zoning regulations and off-grid, on-site residential/commercial renewable installations.",,"""Dickinson County"" Kansas battery storage OR solar OR wind moratorium",
2480,compiled_record,mn:ks-el-dorado-2026,KS,El Dorado,City,multi_sector_data_centers,battery_storage,active,4,2026-07-13,2026-11-30,"El Dorado City Commission resolution, adopted 4-1 at a special meeting on 2026-07-13 (resolution number not confirmed in sources retrieved), providing an interim moratorium on the development of data centers and battery energy storage systems.",,"""El Dorado"" Kansas battery storage moratorium",
2481,compiled_record,mn:ks-lyon-county-2026-2,KS,Lyon County,County,multi_sector_data_centers,solar,active,4,2026-07-23,,Resolution No. 13-26,,"""Lyon County"" Kansas solar moratorium",
2482,compiled_record,mn:ks-neosho-county-2026,KS,Neosho County,County,multi_sector_data_centers,battery_storage,active,4,2026-05-19,2027-06-01,"Resolution R-26-7, ""Providing for a Temporary Moratorium on the Acceptance of Applications Relating to the Establishment, Operation or Expansion of Data Centers, Nuclear Power Generation Facilities, Hydrogen-Based Energy Facilities, and Battery Energy Storage Systems within the Unincorporated Areas of Neosho County,"" adopted and signed 2026-05-19 by Chairman Gail Klaassen, citing K.S.A. 19-101 et seq. police power.",,"""Neosho County"" Kansas battery storage moratorium",
2483,compiled_record,mn:ks-south-hutchinson-2026,KS,South Hutchinson,City,multi_sector_data_centers,battery_storage,active,4,2026-05-26,,"South Hutchinson City Council ordinance, adopted unanimously at the May 26, 2026 council meeting (ordinance number not confirmed in sources retrieved).",,"""South Hutchinson"" Kansas battery storage moratorium",
2484,compiled_record,mn:ma-gill-2026,MA,Gill,Town,multi_sector_data_centers,battery_storage,active,4,2026-05-04,2027-05-03,"Gill Zoning Bylaws Section 18, Building-Integrated Energy Storage Systems (BESS) and Data Centers, adopted as Article 7 of the May 4, 2026 Annual Town Meeting warrant (Part 1)",,"""Gill"" Massachusetts battery storage moratorium",
2485,compiled_record,mn:me-warren-2026,ME,Warren,Town,multi_sector_data_centers,battery_storage,active,4,2026-07-08,,"Town of Warren Moratorium on Data Center and Data Center Accessory Development, adopted by special town meeting vote 2026-07-08 pursuant to 30-A M.R.S.A. § 4356",,"""Warren"" Maine battery storage moratorium",
2486,compiled_record,mn:mi-allendale-township-2026,MI,Allendale Township,Township,multi_sector_data_centers,battery_storage;solar;wind,active,4,2026-06-08,,"Ordinance 2026-07, under the Michigan Zoning Enabling Act (PA 110 of 2006)",,"""Allendale Township"" Michigan battery storage OR solar OR wind moratorium",
2487,compiled_record,mn:mi-casco-township-allegan-county-2026,MI,Casco Township (Allegan County),Township,multi_sector_data_centers,battery_storage;solar,active,4,2026-04-20,,"Casco Township Board Resolution to Establish a Moratorium on the Issuance of Zoning Permits for Battery Energy Storage Systems, Solar Energy Farms, and Data Centers (adopted 2026-04-20; resolution number illegible in the posted scan)",,"""Casco Township (Allegan County)"" Michigan battery storage OR solar moratorium",
2488,compiled_record,mn:mi-hillsdale-township-hillsdale-county-2026,MI,Hillsdale Township (Hillsdale County),Township,multi_sector_data_centers,battery_storage;solar;wind,active,4,2026-06-09,,"Ordinance No. 2026-06-02, Zoning Ordinance Amendment: Temporary Moratorium Authority, Data Center Temporary Moratorium and Temporary Large Renewable Energy Projects Moratorium (adopted 2026-06-09, effective 2026-07-02), under PA 246 of 1945 and PA 110 of 2006",,"""Hillsdale Township (Hillsdale County)"" Michigan battery storage OR solar OR wind moratorium",
2489,compiled_record,mn:mi-kalamazoo-2026,MI,Kalamazoo,City,multi_sector_data_centers,battery_storage,active,4,2026-08-17,2027-08-16,"City Commission resolution establishing a moratorium on the acceptance and/or processing of applications for Data Centers, Battery Energy Storage Systems, Cryptocurrency Mining Centers, and AI Data Centers (Aug. 17, 2026 agenda item); companion zoning ordinance amendment pending",,"""Kalamazoo"" Michigan battery storage moratorium",
2490,compiled_record,mn:mi-oshtemo-charter-township-2025,MI,Oshtemo Charter Township,Township,multi_sector_data_centers,battery_storage,active,4,2025-11-25,2026-11-25,"(first instrument, November 2025) Oshtemo Charter Township ordinance imposing a one-year moratorium on commercial energy storage system (BESS) development, adopted 5-2 on first reading and unanimously (two absent) on second/final reading at the November 25, 2025 Township Board meeting; specific ordinance number not confirmed despite checking the township's PA233-BESS information page, its Notices archive, news coverage (MLive, Energy-Storage.news), and the encodeplus.com compiled-ordinance viewer (which does show Ordinance No. 688, the later data-center moratorium, and No. 695, the later solar moratorium, but the relevant section for the November 2025 BESS moratorium could not be located by section ID)",,"""Oshtemo Charter Township"" Michigan battery storage moratorium",
2491,compiled_record,mn:mi-portage-2026,MI,Portage,City,multi_sector_data_centers,battery_storage,active,4,2026-02-24,2026-12-31,"City of Portage Ordinances O-2-2026 (Chapter 42 Article 13, Secs. 42-1302/42-1303) and O-3-2026 (Sec. 42-140 zoning temporary moratorium)",,"""Portage"" Michigan battery storage moratorium",
2492,compiled_record,mn:mi-webster-township-2026,MI,Webster Township,Township,multi_sector_data_centers,battery_storage,active,4,2026-04-21,,"Ordinance No. 26-02, Ordinance Establishing Data Center and Battery Energy Storage System Moratorium (Police Power)",,"""Webster Township"" Michigan battery storage moratorium",
2493,compiled_record,mn:mi-zeeland-charter-township-2026,MI,Zeeland Charter Township,Township,multi_sector_data_centers,battery_storage;solar;wind,active,4,2026-09-01,,"Township Board resolution 'A Resolution Enacting Temporary Moratoria on Energy Facilities and Data Centers' adopted 2026-09-01 under Section 3.36 of the Zeeland Charter Township Zoning Ordinance (number blank in the board packet); it repealed and superseded the township's March 3, 2026 moratorium (No. 1027), which has its own row",,"""Zeeland Charter Township"" Michigan battery storage OR solar OR wind moratorium",
2494,compiled_record,mn:mo-cedar-county-2026,MO,Cedar County,County,multi_sector_data_centers,battery_storage;solar;wind,active,4,2026-09-08,,"Cedar County ordinance imposing a 12-month moratorium, adopted by commissioners 2026-09-08, citing (among other authority) RSMo §49.650 and county public-health authority; legal commentators note §49.650 by its terms applies to first-, second-, and fourth-class noncharter counties while Cedar County is third class, raising an open legal question about the ordinance's validity.",,"""Cedar County"" Missouri battery storage OR solar OR wind moratorium",
2495,compiled_record,mn:mo-city-of-independence-2026,MO,City of Independence,City,multi_sector_data_centers,battery_storage,active,4,2026-07-06,,"Resolution No. 7238 (City Council agenda item 26-741), 'A resolution declaring a 180-day moratorium on the processing of applications related to and issuance of city permits or licenses related to the installation or use of data processing and hosting facilities located in the City of Independence, Missouri, for projects or applications not already submitted to, authorized, or approved by the City,' sponsored by Councilmember Stewart and passed 7-0 on 2026-07-06. A companion Resolution No. 7239 (agenda item 26-742) imposed a parallel 180-day moratorium on battery energy storage system (BESS) facilities, also passed 7-0 the same night.",,"""City of Independence"" Missouri battery storage moratorium",
2496,compiled_record,mn:mo-jackson-county-2026,MO,Jackson County,County,multi_sector_data_centers,battery_storage,active,4,2026-06-22,,"Ordinance 6074, introduced 2026-04-06 by Legislator Sean E. Smith (120-day version); a competing 365-day version (Ordinance 6087, sponsored by Legislative Chair Manny Abarca) was also considered in committee as of 2026-06-01. The full County Legislature passed a 180-day moratorium on data-center and Battery Energy Storage System (BESS) land-use applications by an 8-1 vote (one member excused) on 2026-06-22. Per KCTV5, the ordinance then went to County Executive Phil LeVota, who had 10 days to sign or veto; no veto was reported in subsequent coverage found in this pass, but the Executive's signature was not independently confirmed, and the exact ordinance/file number of the version that received final passage (whether an amended Ordinance 6074 or a substitute) was not confirmed from a primary Legistar record, which returned an access error to automated fetch.",,"""Jackson County"" Missouri battery storage moratorium",
2497,compiled_record,mn:mo-stone-county-2026,MO,Stone County,County,multi_sector_data_centers,battery_storage;solar;wind,active,4,2026-06-04,,"Stone County Order and Ordinance enacting a temporary 12-month moratorium, adopted by the County Commission 2026-06-04 pursuant to a Stone County Planning Commission resolution adopted 2026-06-02, under RSMo §§64.800-64.905 (county planning/zoning) and §§64.860 and 64.875.",,"""Stone County"" Missouri battery storage OR solar OR wind moratorium",
2498,compiled_record,mn:mo-webster-county-2026,MO,Webster County,County,multi_sector_data_centers,battery_storage;solar;wind,active,4,2026-06-16,,Order 2026-03,,"""Webster County"" Missouri battery storage OR solar OR wind moratorium",
2499,compiled_record,mn:nc-pasquotank-county-solar-2026,NC,Pasquotank County (solar),County,multi_sector_data_centers,solar,active,4,2026-07-20,,Pasquotank County solar farm moratorium (instrument number not located),,"""Pasquotank County (solar)"" North Carolina solar moratorium",
2500,compiled_record,mn:nd-dunn-county-2026,ND,Dunn County,County,multi_sector_data_centers,battery_storage;solar,active,4,2026-03-18,,"County Commission motion (no numbered resolution issued). Per the signed official March 18, 2026 minutes: ""Planning and Zoning Board would like to put a 12-month moratorium on data centers, solar energy and battery facilities. This would help the board to get the ordinances updated. Motion by Commissioner Pelton, seconded by Commissioner Kleemann to accept the moratorium as presented up to one year."" All members present (Heiser, Olson, Pelton, Dolezal, Kleemann) voted aye. Preceded by a March 10, 2026 Planning & Zoning Board recommendation to the Commission on the same terms.",,"""Dunn County"" North Dakota battery storage OR solar moratorium",
2501,compiled_record,mn:ne-butler-county-2026,NE,Butler County,County,multi_sector_data_centers,battery_storage;solar;wind,active,4,2026-03-16,,"Resolution 2026-07 (Butler County Board of Supervisors), mirroring the Planning Commission's Resolution 2026-04 but striking language that would have excluded projects already under construction",,"""Butler County"" Nebraska battery storage OR solar OR wind moratorium",
2502,compiled_record,mn:ne-mcpherson-county-2026,NE,McPherson County,County,multi_sector_data_centers,battery_storage;solar;wind,active,4,2026-06-10,,"Resolution 2026-11 (McPherson County Board of Commissioners), superseding Resolutions 2025-19, 2025-21, and 2025-25",,"""McPherson County"" Nebraska battery storage OR solar OR wind moratorium",
2503,compiled_record,mn:ny-town-of-orangetown-2026,NY,Town of Orangetown,Town,multi_sector_data_centers,battery_storage,active,4,2026-08-25,,"Town of Orangetown Local Law No. 5 of 2026, adding Article XX to Chapter 43 (Zoning)",,"""Town of Orangetown"" New York battery storage moratorium",
2504,compiled_record,mn:oh-shawnee-township-2026,OH,Shawnee Township,Township,multi_sector_data_centers,battery_storage;solar,active,4,2026-04-13,,Trustee resolution reported by WLIO [CITE primary text not captured],,"""Shawnee Township"" Ohio battery storage OR solar moratorium",
2505,compiled_record,mn:oh-village-of-lordstown-2026,OH,Village of Lordstown,Village,multi_sector_data_centers,battery_storage,active,4,2026-07-06,,"Ordinance No. 38-2026 (emergency), temporary moratorium not to exceed 180 days on new permits and permit applications for business entities utilizing battery energy storage systems (BESS); companion Ordinance No. 37-2026 imposes the same moratorium for small modular reactors (SMRs)",,"""Village of Lordstown"" Ohio battery storage moratorium",
2506,compiled_record,mn:or-city-of-hillsboro-2026,OR,City of Hillsboro,City,multi_sector_data_centers,battery_storage,active,4,2026-07-27,,"Resolution No. 2932, adopted by the Hillsboro City Council at a special meeting on July 27, 2026",,"""City of Hillsboro"" Oregon battery storage moratorium",
2507,compiled_record,mn:pa-adams-township-butler-county-2026,PA,Adams Township (Butler County),Township,multi_sector_data_centers,solar,active,4,2026-07-13,,"Adams Township Board of Supervisors resolution (a follow-up to the June 22, 2026 motion), invoking the municipal curative amendment process under the PA Municipalities Planning Code and declaring the zoning ordinance's exclusion of the six business types 'does not bear a substantial relationship to the public health, safety or morals' of residents, and that a sweeping ban 'cannot pass constitutional muster' and is therefore invalid (specific resolution number not located in sources reviewed).",,"""Adams Township (Butler County)"" Pennsylvania solar moratorium",
2508,compiled_record,mn:pa-bensalem-township-2026,PA,Bensalem Township,Township,multi_sector_data_centers,solar;wind,active,4,2026-06-08,,"Township Council resolution, Municipal Curative Amendment (Pennsylvania Municipalities Planning Code Section 609.2)",,"""Bensalem Township"" Pennsylvania solar OR wind moratorium",
2509,compiled_record,mn:pa-west-mahanoy-township-2026,PA,West Mahanoy Township,Township,multi_sector_data_centers,solar,active,4,2026-09-15,,"West Mahanoy Township Board of Supervisors resolution invoking the municipal curative amendment process under the PA Municipalities Planning Code, declaring the zoning ordinance invalid as it relates to data centers, solar farms, on-site power generation, and related accessory uses (specific resolution number not located in sources reviewed)",,"""West Mahanoy Township"" Pennsylvania solar moratorium",
2510,compiled_record,mn:sc-clarendon-county-2026,SC,Clarendon County,County,multi_sector_data_centers,battery_storage,active,4,2026-09-14,,Ordinance 2026-18 (Clarendon County Council),,"""Clarendon County"" South Carolina battery storage moratorium",
2511,compiled_record,mn:sc-sumter-county-2026,SC,Sumter County,County,multi_sector_data_centers,battery_storage;solar,active,4,2026-08-11,2027-02-07,"Emergency Ordinance 26-1049 (60-day moratorium on BESS, data centers, and solar farms, approved and effective June 23, 2026, since lapsed); superseded by Ordinances 26-1050 (Solar), 26-1051 (BESS), and 26-1052 (Data Centers), each imposing a 180-day moratorium, given second reading July 21, 2026 and unanimous third/final reading August 11, 2026 per the county's posted regular-meeting minutes",,"""Sumter County"" South Carolina battery storage OR solar moratorium",
2512,compiled_record,mn:tn-cocke-county-2026,TN,Cocke County,County,multi_sector_data_centers,battery_storage,active,4,2026-06-15,,"Cocke County Legislative Body resolution imposing a moratorium on ""data center facilities"", defined to include data processing, data mining, cryptocurrency mining, and lithium-ion battery energy storage systems (number not published)",,"""Cocke County"" Tennessee battery storage moratorium",
2513,compiled_record,mn:tx-austin-county-2026,TX,Austin County,County,multi_sector_data_centers,battery_storage,active,4,2026-07-27,,"Order of Austin County, Texas, Regarding Battery Energy Storage Systems and Data Centers Health and Safety Review, adopted by the Commissioners Court on 2026-07-27 under Texas Health and Safety Code section 121.003 and Texas Local Government Code section 352.016, among other authorities. The signed, executed order was located directly on austincounty.com (distinct from the earlier unsigned draft). It suspends county permit, plan-review, and inspection approvals for BESS and data center construction in unincorporated areas until a 'Comprehensive Health and Safety Review' (covering fire/life-safety, cybersecurity/foreign-adversary equipment verification tied to the Lone Star Infrastructure Protection Act and the Governor's Prohibited Technologies List, and an Energy Development Zone siting study) is complete, with the Commissioners Court retaining sole discretion over when that review is finished. It requires County Fire Marshal plan review/approval and an independent third-party engineering evaluation before construction, and authorizes the County's legal counsel to seek injunctive relief against violators.",,"""Austin County"" Texas battery storage moratorium",
2514,compiled_record,mn:ut-iron-county-2026,UT,Iron County,County,multi_sector_data_centers,solar,active,4,2026-05-26,,"Ordinance 2026-13, Iron County Commission",,"""Iron County"" Utah solar moratorium",
2515,compiled_record,mn:ut-milford-2026,UT,Milford,City,multi_sector_data_centers,solar,active,4,2026-06-16,,Ordinance 4-2026,,"""Milford"" Utah solar moratorium",
2516,compiled_record,mn:wa-lincoln-county-2026,WA,Lincoln County,County,multi_sector_data_centers,battery_storage,active,4,2026-09,,Ordinance 26-02,,"""Lincoln County"" Washington battery storage moratorium",
2517,compiled_record,mn:wi-door-county-2026,WI,Door County,County,multi_sector_data_centers,battery_storage,active,4,2026-05-26,,Resolution 2026-41 (Door County Board of Supervisors),,"""Door County"" Wisconsin battery storage moratorium",
2518,compiled_record,mn:wi-monroe-county-2026,WI,Monroe County,County,multi_sector_data_centers,battery_storage,active,4,2026-07-21,,Resolution 07-26-04 (Monroe County Board),,"""Monroe County"" Wisconsin battery storage moratorium",
2519,compiled_record,mn:ca-imperial-2026,CA,Imperial,City,multi_sector_data_centers,battery_storage,extended,4,2026-06-03,2027-05-30,"Interim Urgency Ordinance No. 834, adopted under California Gov. Code section 65858",,"""Imperial"" California battery storage moratorium",
2520,compiled_record,mn:ga-carroll-county-2026,GA,Carroll County,County,multi_sector_data_centers,battery_storage;solar,extended,4,2026-03-03,2026-11-12,"Carroll County Board of Commissioners resolution adopted March 3, 2026, applicable only to unincorporated Carroll County; extension resolution adopted June 3, 2026.",,"""Carroll County"" Georgia battery storage OR solar moratorium",
2521,compiled_record,mn:ga-rockdale-county-undated,GA,Rockdale County,County,multi_sector_data_centers,battery_storage,extended,4,2026-01-13,2026-10-01,"Rockdale County Resolution No. 2026-01 (moratorium on data centers and battery energy storage systems), extended 2026-05-12 and amended by Resolution No. R-2026-24 (adopted 2026-08-25), which exempts the previously approved Treaty Oaks BESS project (FLUM 2025-07 / REZ-2025-13).",,"""Rockdale County"" Georgia battery storage moratorium",
2522,compiled_record,mn:ia-buchanan-county-2026,IA,Buchanan County,County,multi_sector_data_centers,battery_storage,extended,4,2026-01,,"Resolutions 26-62 (data mining), 26-63 (utility-scale battery storage), 26-64 (data storage centers), extending prior 2026 moratoria",,"""Buchanan County"" Iowa battery storage moratorium",
2523,compiled_record,mn:ia-palo-alto-county-2025-2,IA,Palo Alto County,County,multi_sector_data_centers,battery_storage,extended,4,2025-05-13,2027-02-01,"Resolution No. 5-13-2025 (2025-05-13), original BESS moratorium to 2026-04-01; renewed by Resolution No. 2-10-2026 (2026-02-10), 'A Resolution Approving a Temporary Moratorium on Battery Energy Storage Systems,' effective immediately until 2027-02-01 or passage of a BESS ordinance",,"""Palo Alto County"" Iowa battery storage moratorium",
2524,compiled_record,mn:ks-marion-county-2026,KS,Marion County,County,multi_sector_data_centers,battery_storage,extended,4,2026-03-02,2027-06-01,"Resolution No. 2026-12, ""A Resolution Providing for a Temporary Moratorium on the Acceptance of Applications Relating to the Establishment, Operation or Expansion of Data Centers within the Unincorporated Areas of Marion County, Kansas,"" citing K.S.A. 12-741 et seq. and K.S.A. 19-101 et seq. police power; passed and adopted March 2, 2026 (unanimous, 5-0; signed by Chairman Dave Crofoot, attested by County Clerk Ashley Herpich, county seal affixed). Extended one year by Resolution No. 2026-19, ""A Resolution Extending the Temporary Moratorium...,"" passed and adopted May 11, 2026 (unanimous, 5-0).",,"""Marion County"" Kansas battery storage moratorium",
2525,compiled_record,mn:mn-freeborn-county-2025,MN,Freeborn County,County,multi_sector_data_centers,battery_storage,extended,4,2025-08-19,2027-08-19,"Temporary interim zoning ordinance on data centers, adopted by the Freeborn County Board of Commissioners in August 2025 (alongside a parallel moratorium on energy storage systems, due to overlapping grid-infrastructure concerns); extended for a second year (through Aug. 19, 2027) by unanimous County Board resolution on August 18, 2026, under Minnesota Statutes Chapter 394.",,"""Freeborn County"" Minnesota battery storage moratorium",
2526,compiled_record,mn:ne-seward-county-2023,NE,Seward County,County,multi_sector_data_centers,battery_storage;solar;wind,extended,4,2023-08-01,2027-02-25,"Resolution No. 3947 (Seward County Board of Commissioners, adopted 2026-08-25), continuing the moratorium first imposed 2023-08-01 and repeatedly renewed since (cites Neb. Rev. Stat. section 23-114)",,"""Seward County"" Nebraska battery storage OR solar OR wind moratorium",
2527,compiled_record,mn:ma-heath-2026,MA,"Heath (proposal, not enacted as of 2026-04-29)",Town,multi_sector_data_centers,battery_storage,pending,2,,,"Proposed Zoning Bylaw Section 6.11, submitted by Planning Board and recommended by Select Board",,"""Heath (proposal, not enacted as of 2026-04-29)"" Massachusetts battery storage moratorium",
2528,compiled_record,mn:nd-harmony-township-undated,ND,Harmony Township,Township,multi_sector_data_centers,battery_storage;solar;wind,pending,2,,,Not yet enacted. On 2026-09-22 the Township Board unanimously passed a motion (moved by Board Chair Dustin Burchill) to hold a formal public hearing on whether to adopt a two-year moratorium; the specific ordinance language has not been finalized,,"""Harmony Township"" North Dakota battery storage OR solar OR wind moratorium",
2529,compiled_record,mn:wi-vilas-county-undated,WI,Vilas County,County,multi_sector_data_centers,battery_storage;solar,pending,2,,,"Proposed Vilas County ordinance (draft; number not yet assigned per reviewed sources), Zoning & Planning Committee public hearing held 2026-09-23 under Wis. Stat. §§ 59.02(2), 59.03(2)(a), and 59.69",,"""Vilas County"" Wisconsin battery storage OR solar moratorium",
2530,report_citation,sabin:REC-0001,AL,Baldwin County,County,renewables_only,wind,active,4,,,,,"""Baldwin County"" Alabama wind ban",
2531,report_citation,sabin:S26R-6253,AR,Carroll County,County,renewables_only,solar;wind,active,4,,,,,"""Carroll County"" Arkansas solar OR wind moratorium",
2532,report_citation,sabin:S26R-6258,AZ,Apache County,County,renewables_only,solar;wind,active,4,,,,,"""Apache County"" Arizona solar OR wind ban_or_moratorium",
2533,report_citation,sabin:REC-0009,AZ,Coolidge City,Municipality,renewables_only,solar,active,4,,,,,"""Coolidge City"" Arizona solar ban_or_moratorium",
2534,report_citation,sabin:REC-0010,AZ,Mohave County,County,renewables_only,solar,active,4,,,,,"""Mohave County"" Arizona solar moratorium",
2535,report_citation,sabin:S26R-6256,AZ,Navajo County,County,renewables_only,solar;wind,active,4,,,,,"""Navajo County"" Arizona solar OR wind ban_or_moratorium",
2536,report_citation,sabin:S26R-6251,CA,Butte County,County,renewables_only,wind,active,4,,,,,"""Butte County"" California wind ban_or_moratorium",
2537,report_citation,sabin:REC-0018,CA,City of Escondido,Municipality,renewables_only,battery_storage,active,4,,,,,"""City of Escondido"" California battery storage moratorium",
2538,report_citation,sabin:REC-0019,CA,Del Norte,County,renewables_only,wind,active,4,,,,,"""Del Norte"" California wind ban",
2539,report_citation,sabin:S26R-6248,CA,El Dorado County,County,renewables_only,wind,active,4,,,,,"""El Dorado County"" California wind ban_or_moratorium",
2540,report_citation,sabin:S26R-6247,CA,Glenn County,County,renewables_only,solar,active,4,,,,,"""Glenn County"" California solar ban_or_moratorium",
2541,report_citation,sabin:REC-0020,CA,Los Angeles County,County,renewables_only,wind,active,4,,,,,"""Los Angeles County"" California wind ban",
2542,report_citation,sabin:S26R-6244,CA,Merced County,County,renewables_only,wind,active,4,,,,,"""Merced County"" California wind ban_or_moratorium",
2543,report_citation,sabin:REC-0021,CA,San Bernardino County,County,renewables_only,solar;wind,active,4,,,,,"""San Bernardino County"" California solar OR wind ban",
2544,report_citation,sabin:REC-0022,CA,Santa Clara County,County,renewables_only,solar,active,4,,,,,"""Santa Clara County"" California solar ban",
2545,report_citation,sabin:S26R-6239,CA,Tehama County,County,renewables_only,wind,active,4,,,,,"""Tehama County"" California wind ban_or_moratorium",
2546,report_citation,sabin:S26R-6238,CA,Yolo County,County,renewables_only,solar,active,4,,,,,"""Yolo County"" California solar ban_or_moratorium",
2547,report_citation,sabin:S26R-6237,CA,Yolo County,County,renewables_only,wind,active,4,,,,,"""Yolo County"" California wind ban_or_moratorium",
2548,report_citation,sabin:S26R-6233,CO,Dolores County,County,renewables_only,solar;wind,active,4,,,,,"""Dolores County"" Colorado solar OR wind ban_or_moratorium",
2549,report_citation,sabin:REC-0031,CO,Mesa County,County,renewables_only,solar,active,4,,,,,"""Mesa County"" Colorado solar moratorium",
2550,report_citation,sabin:REC-0032,CO,Montrose County,County,renewables_only,solar;wind,active,4,,,,,"""Montrose County"" Colorado solar OR wind moratorium",
2551,report_citation,sabin:S26R-6225,CO,Phillips County,County,renewables_only,battery_storage;solar,active,4,,,,,"""Phillips County"" Colorado battery storage OR solar moratorium",
2552,report_citation,sabin:REC-0034,CO,San Miguel County,County,renewables_only,solar,active,4,,,,,"""San Miguel County"" Colorado solar moratorium",
2553,report_citation,sabin:S26R-6213,CT,Goshen,Municipality,renewables_only,wind,active,4,,,,,"""Goshen"" Connecticut wind ban_or_moratorium",
2554,report_citation,sabin:S26R-6209,CT,Ledyard,Municipality,renewables_only,solar,active,4,,,,,"""Ledyard"" Connecticut solar ban_or_moratorium",
2555,report_citation,sabin:REC-0042,DE,Kent County,County,renewables_only,solar,active,4,,,,,"""Kent County"" Delaware solar moratorium",
2556,report_citation,sabin:REC-0043,DE,Town of Bethany Beach,Municipality,renewables_only,solar,active,4,,,,,"""Town of Bethany Beach"" Delaware solar ban_or_moratorium",
2557,report_citation,sabin:S26R-6199,GA,Crisp County,County,renewables_only,solar,active,4,,,,,"""Crisp County"" Georgia solar ban_or_moratorium",
2558,report_citation,sabin:S26R-6197,GA,Dougherty County,County,renewables_only,wind,active,4,,,,,"""Dougherty County"" Georgia wind ban_or_moratorium",
2559,report_citation,sabin:REC-0055,GA,Franklin County,County,renewables_only,solar;wind,active,4,,,,,"""Franklin County"" Georgia solar OR wind ban",
2560,report_citation,sabin:REC-0058,GA,Jeff Davis County,County,renewables_only,solar,active,4,,,,,"""Jeff Davis County"" Georgia solar ban",
2561,report_citation,sabin:REC-0060,GA,Oglethorpe County,County,renewables_only,solar,active,4,,,,,"""Oglethorpe County"" Georgia solar moratorium",
2562,report_citation,sabin:S26R-6188,GA,Rabun County,County,renewables_only,solar,active,4,,,,,"""Rabun County"" Georgia solar ban_or_moratorium",
2563,report_citation,sabin:REC-0061,GA,Thomas County,County,renewables_only,solar,active,4,,,,,"""Thomas County"" Georgia solar moratorium",
2564,report_citation,sabin:REC-0105,IA,Cerro Gordo County,County,renewables_only,battery_storage;solar;wind,active,4,,,,,"""Cerro Gordo County"" Iowa battery storage OR solar OR wind moratorium",
2565,report_citation,sabin:REC-0106,IA,City of Council Bluffs,Municipality,renewables_only,wind,active,4,,,,,"""City of Council Bluffs"" Iowa wind ban",
2566,report_citation,sabin:REC-0107,IA,Clinton County,County,renewables_only,wind,active,4,,,,,"""Clinton County"" Iowa wind moratorium",
2567,report_citation,sabin:S26R-6109,IA,Decatur County,County,renewables_only,solar;wind,active,4,,,,,"""Decatur County"" Iowa solar OR wind moratorium",
2568,report_citation,sabin:S26R-6105,IA,Floyd County,County,renewables_only,solar,active,4,,,,,"""Floyd County"" Iowa solar moratorium",
2569,report_citation,sabin:REC-0113,IA,Hardin County,County,renewables_only,wind,active,4,,,,,"""Hardin County"" Iowa wind moratorium",
2570,report_citation,sabin:S26R-6099,IA,Henry County,County,renewables_only,solar,active,4,,,,,"""Henry County"" Iowa solar moratorium",
2571,report_citation,sabin:S26R-6096,IA,Ida County,County,renewables_only,wind,active,4,,,,,"""Ida County"" Iowa wind ban_or_moratorium",
2572,report_citation,sabin:REC-0117,IA,Kossuth County,County,renewables_only,solar,active,4,,,,,"""Kossuth County"" Iowa solar ban",
2573,report_citation,sabin:S26R-6087,IA,Montgomery County,County,renewables_only,wind,active,4,,,,,"""Montgomery County"" Iowa wind moratorium",
2574,report_citation,sabin:S26R-6074,IA,Scott County,County,renewables_only,solar,active,4,,,,,"""Scott County"" Iowa solar ban_or_moratorium",
2575,report_citation,sabin:S26R-6069,IA,Webster County,County,renewables_only,wind,active,4,,,,,"""Webster County"" Iowa wind ban_or_moratorium",
2576,report_citation,sabin:S26R-6067,IA,Woodbury County,County,renewables_only,solar,active,4,,,,,"""Woodbury County"" Iowa solar ban_or_moratorium",
2577,report_citation,sabin:S26R-6181,ID,Cassia County,County,renewables_only,solar,active,4,,,,,"""Cassia County"" Idaho solar ban_or_moratorium",
2578,report_citation,sabin:S26R-6180,ID,Elmore County,County,renewables_only,solar;wind,active,4,,,,,"""Elmore County"" Idaho solar OR wind ban_or_moratorium",
2579,report_citation,sabin:S26R-6178,ID,Gooding County,County,renewables_only,solar;wind,active,4,,,,,"""Gooding County"" Idaho solar OR wind ban_or_moratorium",
2580,report_citation,sabin:REC-0073,ID,Twin Falls County,County,renewables_only,solar;wind,active,4,,,,,"""Twin Falls County"" Idaho solar OR wind moratorium",
2581,report_citation,sabin:S26R-6174,IL,Bond County,County,renewables_only,solar,active,4,,,,,"""Bond County"" Illinois solar ban_or_moratorium",
2582,report_citation,sabin:S26R-6171,IL,Effingham County,County,renewables_only,wind,active,4,,,,,"""Effingham County"" Illinois wind ban",
2583,report_citation,sabin:REC-0083,IL,"Effingham County, Village of Teutopolis",County,renewables_only,wind,active,4,,,,,"""Effingham County, Village of Teutopolis"" Illinois wind ban",
2584,report_citation,sabin:S26R-6168,IL,Iroquois County,County,renewables_only,solar,active,4,,,,,"""Iroquois County"" Illinois solar ban_or_moratorium",
2585,report_citation,sabin:S26R-6169,IL,Iroquois County,County,renewables_only,wind,active,4,,,,,"""Iroquois County"" Illinois wind ban_or_moratorium",
2586,report_citation,sabin:S26R-6167,IL,Kankakee County,County,renewables_only,wind,active,4,,,,,"""Kankakee County"" Illinois wind ban_or_moratorium",
2587,report_citation,sabin:S26R-6166,IL,Kendall County,County,renewables_only,solar;wind,active,4,,,,,"""Kendall County"" Illinois solar OR wind ban_or_moratorium",
2588,report_citation,sabin:S26R-6164,IL,McHenry County,County,renewables_only,solar;wind,active,4,,,,,"""McHenry County"" Illinois solar OR wind ban_or_moratorium",
2589,report_citation,sabin:S26R-6161,IL,Moultrie County,County,renewables_only,solar,active,4,,,,,"""Moultrie County"" Illinois solar ban_or_moratorium",
2590,report_citation,sabin:S26R-6162,IL,Moultrie County,County,renewables_only,wind,active,4,,,,,"""Moultrie County"" Illinois wind ban_or_moratorium",
2591,report_citation,sabin:REC-0081,IL,Piatt County,County,renewables_only,wind,active,4,,,,,"""Piatt County"" Illinois wind moratorium",
2592,report_citation,sabin:S26R-6158,IL,Sangamon County,County,renewables_only,wind,active,4,,,,,"""Sangamon County"" Illinois wind ban_or_moratorium",
2593,report_citation,sabin:REC-0082,IL,Tazewell County,County,renewables_only,wind,active,4,,,,,"""Tazewell County"" Illinois wind moratorium",
2594,report_citation,sabin:S26R-6156,IL,Vermilion County,County,renewables_only,wind,active,4,,,,,"""Vermilion County"" Illinois wind ban_or_moratorium",
2595,report_citation,sabin:REC-0086,IN,Allen County,County,renewables_only,wind,active,4,,,,,"""Allen County"" Indiana wind ban",
2596,report_citation,sabin:S26R-6152,IN,Blackford County,County,renewables_only,solar;wind,active,4,,,,,"""Blackford County"" Indiana solar OR wind ban_or_moratorium",
2597,report_citation,sabin:REC-0087,IN,Boone County,County,renewables_only,battery_storage;solar;wind,active,4,,,,,"""Boone County"" Indiana battery storage OR solar OR wind moratorium",
2598,report_citation,sabin:REC-0089,IN,Clinton,County,renewables_only,wind,active,4,,,,,"""Clinton"" Indiana wind moratorium",
2599,report_citation,sabin:S26R-6148,IN,Decatur County,County,renewables_only,solar;wind,active,4,,,,,"""Decatur County"" Indiana solar OR wind moratorium",
2600,report_citation,sabin:REC-0090,IN,Delaware County,County,renewables_only,solar,active,4,,,,,"""Delaware County"" Indiana solar moratorium",
2601,report_citation,sabin:REC-0091,IN,Fulton County,County,renewables_only,wind,active,4,,,,,"""Fulton County"" Indiana wind ban",
2602,report_citation,sabin:S26R-6142,IN,Hamilton County,County,renewables_only,solar,active,4,,,,,"""Hamilton County"" Indiana solar ban",
2603,report_citation,sabin:REC-0093,IN,Henry County,County,renewables_only,wind,active,4,,,,,"""Henry County"" Indiana wind ban_or_moratorium",
2604,report_citation,sabin:REC-0096,IN,Kosciusko County,County,renewables_only,solar;wind,active,4,,,,,"""Kosciusko County"" Indiana solar OR wind moratorium",
2605,report_citation,sabin:S26R-6136,IN,LaGrange County,County,renewables_only,solar,active,4,,,,,"""LaGrange County"" Indiana solar ban_or_moratorium",
2606,report_citation,sabin:REC-0097,IN,Lake County,County,renewables_only,solar,active,4,,,,,"""Lake County"" Indiana solar ban_or_moratorium",
2607,report_citation,sabin:REC-0098,IN,Madison County,County,renewables_only,wind,active,4,,,,,"""Madison County"" Indiana wind moratorium",
2608,report_citation,sabin:REC-0099,IN,Marshall County,County,renewables_only,wind,active,4,,,,,"""Marshall County"" Indiana wind ban",
2609,report_citation,sabin:S26R-6129,IN,Posey County,County,renewables_only,solar;wind,active,4,,,,,"""Posey County"" Indiana solar OR wind ban",
2610,report_citation,sabin:S26R-6128,IN,Pulaski County,County,renewables_only,wind,active,4,,,,,"""Pulaski County"" Indiana wind ban",
2611,report_citation,sabin:S26R-6119,IN,Wells County,County,renewables_only,wind,active,4,,,,,"""Wells County"" Indiana wind ban",
2612,report_citation,sabin:REC-0120,KS,Barton County,County,renewables_only,solar,active,4,,,,,"""Barton County"" Kansas solar moratorium",
2613,report_citation,sabin:REC-0124,KS,Franklin County,County,renewables_only,wind,active,4,,,,,"""Franklin County"" Kansas wind moratorium",
2614,report_citation,sabin:REC-0125,KS,Harvey County,County,renewables_only,solar;wind,active,4,,,,,"""Harvey County"" Kansas solar OR wind moratorium",
2615,report_citation,sabin:REC-0130,KS,Linn County,County,renewables_only,wind,active,4,,,,,"""Linn County"" Kansas wind moratorium",
2616,report_citation,sabin:S26R-6053,KS,McPherson County,County,renewables_only,solar,active,4,,,,,"""McPherson County"" Kansas solar moratorium",
2617,report_citation,sabin:REC-0131,KS,McPherson County,County,renewables_only,wind,active,4,,,,,"""McPherson County"" Kansas wind moratorium",
2618,report_citation,sabin:REC-0133,KS,Osage County,County,renewables_only,solar;wind,active,4,,,,,"""Osage County"" Kansas solar OR wind ban",
2619,report_citation,sabin:REC-0134,KS,Pawnee,County,renewables_only,solar,active,4,,,,,"""Pawnee"" Kansas solar moratorium",
2620,report_citation,sabin:S26R-6049,KS,Pottawatomie County,County,renewables_only,solar,active,4,,,,,"""Pottawatomie County"" Kansas solar moratorium",
2621,report_citation,sabin:REC-0136,KS,Reno County,County,renewables_only,wind,active,4,,,,,"""Reno County"" Kansas wind moratorium",
2622,report_citation,sabin:S26R-6046,KS,Sedgwick County,County,renewables_only,solar;wind,active,4,,,,,"""Sedgwick County"" Kansas solar OR wind moratorium",
2623,report_citation,sabin:S26R-6045,KS,Shawnee County,County,renewables_only,solar;wind,active,4,,,,,"""Shawnee County"" Kansas solar OR wind moratorium",
2624,report_citation,sabin:S26R-6044,KS,Wabaunsee County,County,renewables_only,solar,active,4,,,,,"""Wabaunsee County"" Kansas solar moratorium",
2625,report_citation,sabin:S26R-6043,KS,Woodson County,County,renewables_only,solar;wind,active,4,,,,,"""Woodson County"" Kansas solar OR wind moratorium",
2626,report_citation,sabin:REC-0138,KY,Boyle County,County,renewables_only,solar,active,4,,,,,"""Boyle County"" Kentucky solar ban",
2627,report_citation,sabin:S26R-6035,KY,McCracken County,County,renewables_only,solar,active,4,,,,,"""McCracken County"" Kentucky solar ban_or_moratorium",
2628,report_citation,sabin:S26R-6026,LA,Iberia Parish,County,renewables_only,solar,active,4,,,,,"""Iberia Parish"" Louisiana solar ban_or_moratorium",
2629,report_citation,sabin:S26R-5963,MA,Chicopee,Municipality,renewables_only,wind,active,4,,,,,"""Chicopee"" Massachusetts wind ban_or_moratorium",
2630,report_citation,sabin:REC-0185,MA,City of Waltham,Municipality,renewables_only,solar,active,4,,,,,"""City of Waltham"" Massachusetts solar ban",
2631,report_citation,sabin:S26R-5966,MA,Methuen Town,Municipality,renewables_only,wind,active,4,,,,,"""Methuen Town"" Massachusetts wind ban_or_moratorium",
2632,report_citation,sabin:S26R-6266,MA,Town of Blandford,Municipality,renewables_only,battery_storage;solar,active,4,,,,,"""Town of Blandford"" Massachusetts battery storage OR solar moratorium",
2633,report_citation,sabin:REC-0186,MA,Town of Charlton,Municipality,renewables_only,solar,active,4,,,,,"""Town of Charlton"" Massachusetts solar ban",
2634,report_citation,sabin:S26R-5975,MA,Town of Dartmouth,Municipality,renewables_only,solar,active,4,,,,,"""Town of Dartmouth"" Massachusetts solar ban_or_moratorium",
2635,report_citation,sabin:REC-0187,MA,Town of Northfield,Municipality,renewables_only,battery_storage;solar,active,4,,,,,"""Town of Northfield"" Massachusetts battery storage OR solar moratorium",
2636,report_citation,sabin:REC-0188,MA,Town of Pelham,Municipality,renewables_only,battery_storage;solar,active,4,,,,,"""Town of Pelham"" Massachusetts battery storage OR solar ban",
2637,report_citation,sabin:REC-0189,MA,Town of Shutesbury,Municipality,renewables_only,battery_storage;solar,active,4,,,,,"""Town of Shutesbury"" Massachusetts battery storage OR solar ban",
2638,report_citation,sabin:S26R-5973,MA,West Tisbury,Municipality,renewables_only,wind,active,4,,,,,"""West Tisbury"" Massachusetts wind ban_or_moratorium",
2639,report_citation,sabin:S26R-5962,MA,Wilbraham,Municipality,renewables_only,solar,active,4,,,,,"""Wilbraham"" Massachusetts solar ban_or_moratorium",
2640,report_citation,sabin:REC-0173,MD,Anne Arundel,County,renewables_only,solar;wind,active,4,,,,,"""Anne Arundel"" Maryland solar OR wind ban",
2641,report_citation,sabin:S26R-5983,MD,Garrett County,County,renewables_only,solar,active,4,,,,,"""Garrett County"" Maryland solar ban_or_moratorium",
2642,report_citation,sabin:REC-0175,MD,Harford County,County,renewables_only,solar;wind,active,4,,,,,"""Harford County"" Maryland solar OR wind ban_or_moratorium",
2643,report_citation,sabin:REC-0176,MD,Somerset,County,renewables_only,wind,active,4,,,,,"""Somerset"" Maryland wind ban",
2644,report_citation,sabin:S26R-5980,MD,Talbot County,County,renewables_only,solar,active,4,,,,,"""Talbot County"" Maryland solar ban_or_moratorium",
2645,report_citation,sabin:REC-0177,MD,Worcester County,County,renewables_only,solar;wind,active,4,,,,,"""Worcester County"" Maryland solar OR wind ban_or_moratorium",
2646,report_citation,sabin:REC-0161,ME,Albion,Municipality,renewables_only,solar,active,4,,,,,"""Albion"" Maine solar moratorium",
2647,report_citation,sabin:REC-0159,ME,City of Brewer,Municipality,renewables_only,solar,active,4,,,,,"""City of Brewer"" Maine solar moratorium",
2648,report_citation,sabin:REC-0166,ME,Dexter,Municipality,renewables_only,solar,active,4,,,,,"""Dexter"" Maine solar moratorium",
2649,report_citation,sabin:S26R-6014,ME,Hancock County,County,renewables_only,solar,active,4,,,,,"""Hancock County"" Maine solar moratorium",
2650,report_citation,sabin:REC-0163,ME,Town of Belgrade,Municipality,renewables_only,solar,active,4,,,,,"""Town of Belgrade"" Maine solar moratorium",
2651,report_citation,sabin:REC-0165,ME,Town of Cutler,Municipality,renewables_only,solar,active,4,,,,,"""Town of Cutler"" Maine solar moratorium",
2652,report_citation,sabin:REC-0169,ME,Town of Glenburn,Municipality,renewables_only,solar,active,4,,,,,"""Town of Glenburn"" Maine solar moratorium",
2653,report_citation,sabin:S26R-6007,ME,Town of Lovell,Municipality,renewables_only,solar,active,4,,,,,"""Town of Lovell"" Maine solar moratorium",
2654,report_citation,sabin:S26R-5997,ME,Town of Moscow,Municipality,renewables_only,solar,active,4,,,,,"""Town of Moscow"" Maine solar ban",
2655,report_citation,sabin:S26R-6016,ME,Town of Weld,Municipality,renewables_only,solar,active,4,,,,,"""Town of Weld"" Maine solar moratorium",
2656,report_citation,sabin:REC-0199,MI,Augusta Township,Municipality,renewables_only,solar,active,4,,,,,"""Augusta Township"" Michigan solar moratorium",
2657,report_citation,sabin:REC-0202,MI,Bedford Township,Municipality,renewables_only,solar,active,4,,,,,"""Bedford Township"" Michigan solar ban_or_moratorium",
2658,report_citation,sabin:REC-0203,MI,Berlin Charter Township,Municipality,renewables_only,solar,active,4,,,,,"""Berlin Charter Township"" Michigan solar ban_or_moratorium",
2659,report_citation,sabin:S26R-5884,MI,Birmingham,Municipality,renewables_only,solar,active,4,,,,,"""Birmingham"" Michigan solar ban_or_moratorium",
2660,report_citation,sabin:S26R-5945,MI,Bridgman,Municipality,renewables_only,solar,active,4,,,,,"""Bridgman"" Michigan solar ban_or_moratorium",
2661,report_citation,sabin:S26R-5882,MI,Claybanks Township,Municipality,renewables_only,solar,active,4,,,,,"""Claybanks Township"" Michigan solar ban_or_moratorium",
2662,report_citation,sabin:REC-0207,MI,Clinton County,County,renewables_only,solar,active,4,,,,,"""Clinton County"" Michigan solar moratorium",
2663,report_citation,sabin:REC-0209,MI,Conway Township,Municipality,renewables_only,solar;wind,active,4,,,,,"""Conway Township"" Michigan solar OR wind moratorium",
2664,report_citation,sabin:S26R-5918,MI,Elmwood Township,Municipality,renewables_only,solar,active,4,,,,,"""Elmwood Township"" Michigan solar moratorium",
2665,report_citation,sabin:S26R-5900,MI,Frenchtown Township,Municipality,renewables_only,solar,active,4,,,,,"""Frenchtown Township"" Michigan solar ban_or_moratorium",
2666,report_citation,sabin:S26R-5911,MI,Genoa Township,Municipality,renewables_only,solar,active,4,,,,,"""Genoa Township"" Michigan solar moratorium",
2667,report_citation,sabin:S26R-5931,MI,Grant Township,Municipality,renewables_only,solar,active,4,,,,,"""Grant Township"" Michigan solar ban_or_moratorium",
2668,report_citation,sabin:S26R-5955,MI,Gun Plain,Municipality,renewables_only,solar,active,4,,,,,"""Gun Plain"" Michigan solar ban_or_moratorium",
2669,report_citation,sabin:S26R-5928,MI,Huron County,County,renewables_only,wind,active,4,,,,,"""Huron County"" Michigan wind moratorium",
2670,report_citation,sabin:S26R-5912,MI,Iosco Township,Municipality,renewables_only,solar;wind,active,4,,,,,"""Iosco Township"" Michigan solar OR wind moratorium",
2671,report_citation,sabin:S26R-5924,MI,Keene,Municipality,renewables_only,solar,active,4,,,,,"""Keene"" Michigan solar ban_or_moratorium",
2672,report_citation,sabin:S26R-5904,MI,LaSalle Township,Municipality,renewables_only,solar,active,4,,,,,"""LaSalle Township"" Michigan solar ban",
2673,report_citation,sabin:S26R-5946,MI,Lincoln charter township,Municipality,renewables_only,solar,active,4,,,,,"""Lincoln charter township"" Michigan solar ban_or_moratorium",
2674,report_citation,sabin:S26R-5901,MI,Milan Township,Municipality,renewables_only,solar,active,4,,,,,"""Milan Township"" Michigan solar ban",
2675,report_citation,sabin:S26R-5899,MI,Monroe Charter Township,Municipality,renewables_only,solar,active,4,,,,,"""Monroe Charter Township"" Michigan solar ban_or_moratorium",
2676,report_citation,sabin:S26R-5903,MI,Monroe County,County,renewables_only,battery_storage;solar;wind,active,4,,,,,"""Monroe County"" Michigan battery storage OR solar OR wind ban_or_moratorium",
2677,report_citation,sabin:S26R-5956,MI,Monterey,Municipality,renewables_only,solar,active,4,,,,,"""Monterey"" Michigan solar ban_or_moratorium",
2678,report_citation,sabin:S26R-5936,MI,Montrose City,Municipality,renewables_only,solar,active,4,,,,,"""Montrose City"" Michigan solar ban_or_moratorium",
2679,report_citation,sabin:S26R-5933,MI,Montrose City,Municipality,renewables_only,wind,active,4,,,,,"""Montrose City"" Michigan wind ban",
2680,report_citation,sabin:S26R-5923,MI,Plainfield,Municipality,renewables_only,solar,active,4,,,,,"""Plainfield"" Michigan solar ban_or_moratorium",
2681,report_citation,sabin:S26R-5879,MI,Richmond,Municipality,renewables_only,solar,active,4,,,,,"""Richmond"" Michigan solar ban_or_moratorium",
2682,report_citation,sabin:S26R-5906,MI,Sands Township,Municipality,renewables_only,wind,active,4,,,,,"""Sands Township"" Michigan wind ban_or_moratorium",
2683,report_citation,sabin:S26R-5871,MI,Sanilac Township,Municipality,renewables_only,wind,active,4,,,,,"""Sanilac Township"" Michigan wind ban",
2684,report_citation,sabin:S26R-5885,MI,South Lyon,Municipality,renewables_only,solar,active,4,,,,,"""South Lyon"" Michigan solar ban_or_moratorium",
2685,report_citation,sabin:S26R-5875,MI,St. Clair County,County,renewables_only,solar,active,4,,,,,"""St. Clair County"" Michigan solar ban_or_moratorium",
2686,report_citation,sabin:S26R-5896,MI,Summerfield Township,Municipality,renewables_only,solar,active,4,,,,,"""Summerfield Township"" Michigan solar ban_or_moratorium",
2687,report_citation,sabin:S26R-5914,MI,Tyrone Township,Municipality,renewables_only,battery_storage;solar;wind,active,4,,,,,"""Tyrone Township"" Michigan battery storage OR solar OR wind ban_or_moratorium",
2688,report_citation,sabin:S26R-5887,MI,White River Township,Municipality,renewables_only,solar;wind,active,4,,,,,"""White River Township"" Michigan solar OR wind moratorium",
2689,report_citation,sabin:S26R-5859,MN,Aitkin County,County,renewables_only,solar,active,4,,,,,"""Aitkin County"" Minnesota solar ban_or_moratorium",
2690,report_citation,sabin:S26R-5858,MN,Aitkin County,County,renewables_only,wind,active,4,,,,,"""Aitkin County"" Minnesota wind ban_or_moratorium",
2691,report_citation,sabin:S26R-5857,MN,Anoka County,County,renewables_only,wind,active,4,,,,,"""Anoka County"" Minnesota wind ban_or_moratorium",
2692,report_citation,sabin:S26R-5856,MN,Beltrami County,County,renewables_only,wind,active,4,,,,,"""Beltrami County"" Minnesota wind ban_or_moratorium",
2693,report_citation,sabin:S26R-5854,MN,Carlton County,County,renewables_only,wind,active,4,,,,,"""Carlton County"" Minnesota wind ban_or_moratorium",
2694,report_citation,sabin:REC-0213,MN,Chippewa County,County,renewables_only,solar,active,4,,,,,"""Chippewa County"" Minnesota solar moratorium",
2695,report_citation,sabin:S26R-5851,MN,Chisago County,County,renewables_only,solar;wind,active,4,,,,,"""Chisago County"" Minnesota solar OR wind ban_or_moratorium",
2696,report_citation,sabin:S26R-5850,MN,Cook County,County,renewables_only,wind,active,4,,,,,"""Cook County"" Minnesota wind ban_or_moratorium",
2697,report_citation,sabin:S26R-5849,MN,Crow Wing County,County,renewables_only,solar;wind,active,4,,,,,"""Crow Wing County"" Minnesota solar OR wind ban_or_moratorium",
2698,report_citation,sabin:S26R-5848,MN,Freeborn County,County,renewables_only,wind,active,4,,,,,"""Freeborn County"" Minnesota wind ban_or_moratorium",
2699,report_citation,sabin:S26R-5845,MN,Le Sueur County,County,renewables_only,solar;wind,active,4,,,,,"""Le Sueur County"" Minnesota solar OR wind ban_or_moratorium",
2700,report_citation,sabin:S26R-5842,MN,Morrison County,County,renewables_only,solar;wind,active,4,,,,,"""Morrison County"" Minnesota solar OR wind ban_or_moratorium",
2701,report_citation,sabin:S26R-5841,MN,Mower County,County,renewables_only,solar;wind,active,4,,,,,"""Mower County"" Minnesota solar OR wind ban_or_moratorium",
2702,report_citation,sabin:S26R-5840,MN,Nicollet County,County,renewables_only,wind,active,4,,,,,"""Nicollet County"" Minnesota wind ban_or_moratorium",
2703,report_citation,sabin:S26R-5839,MN,Olmsted County,County,renewables_only,solar,active,4,,,,,"""Olmsted County"" Minnesota solar ban_or_moratorium",
2704,report_citation,sabin:S26R-5838,MN,Pine County,County,renewables_only,wind,active,4,,,,,"""Pine County"" Minnesota wind ban_or_moratorium",
2705,report_citation,sabin:S26R-5835,MN,Ramsey County,County,renewables_only,wind,active,4,,,,,"""Ramsey County"" Minnesota wind ban_or_moratorium",
2706,report_citation,sabin:S26R-5834,MN,St. Louis County,County,renewables_only,solar;wind,active,4,,,,,"""St. Louis County"" Minnesota solar OR wind ban_or_moratorium",
2707,report_citation,sabin:S26R-5832,MN,Stevens County,County,renewables_only,solar;wind,active,4,,,,,"""Stevens County"" Minnesota solar OR wind ban_or_moratorium",
2708,report_citation,sabin:S26R-5829,MN,Traverse County,County,renewables_only,battery_storage;solar,active,4,,,,,"""Traverse County"" Minnesota battery storage OR solar moratorium",
2709,report_citation,sabin:S26R-5827,MN,Wabasha County,County,renewables_only,wind,active,4,,,,,"""Wabasha County"" Minnesota wind ban_or_moratorium",
2710,report_citation,sabin:S26R-5826,MN,Wadena County,County,renewables_only,solar,active,4,,,,,"""Wadena County"" Minnesota solar ban_or_moratorium",
2711,report_citation,sabin:S26R-5822,MN,Yellow Medicine County,County,renewables_only,wind,active,4,,,,,"""Yellow Medicine County"" Minnesota wind ban_or_moratorium",
2712,report_citation,sabin:REC-0227,MO,Buchanan County,County,renewables_only,wind,active,4,,,,,"""Buchanan County"" Missouri wind ban",
2713,report_citation,sabin:S26R-5818,MO,Caldwell County,County,renewables_only,wind,active,4,,,,,"""Caldwell County"" Missouri wind ban_or_moratorium",
2714,report_citation,sabin:REC-0228,MO,City of New Bloomfield,Municipality,renewables_only,solar,active,4,,,,,"""City of New Bloomfield"" Missouri solar ban",
2715,report_citation,sabin:REC-0229,MO,Clinton County,County,renewables_only,wind,active,4,,,,,"""Clinton County"" Missouri wind moratorium",
2716,report_citation,sabin:S26R-5812,MO,Ralls County,County,renewables_only,solar,active,4,,,,,"""Ralls County"" Missouri solar ban_or_moratorium",
2717,report_citation,sabin:S26R-5671,NC,Alexander County,County,renewables_only,solar,active,4,,,,,"""Alexander County"" North Carolina solar ban_or_moratorium",
2718,report_citation,sabin:S26R-5669,NC,Brunswick County,County,renewables_only,wind,active,4,,,,,"""Brunswick County"" North Carolina wind ban_or_moratorium",
2719,report_citation,sabin:S26R-5666,NC,Cleveland County,County,renewables_only,battery_storage;solar,active,4,,,,,"""Cleveland County"" North Carolina battery storage OR solar ban_or_moratorium",
2720,report_citation,sabin:REC-0310,NC,Currituck County,County,renewables_only,solar;wind,active,4,,,,,"""Currituck County"" North Carolina solar OR wind ban_or_moratorium",
2721,report_citation,sabin:S26R-5659,NC,Henderson County,County,renewables_only,solar,active,4,,,,,"""Henderson County"" North Carolina solar ban_or_moratorium",
2722,report_citation,sabin:REC-0311,NC,Herndon,County,renewables_only,solar,active,4,,,,,"""Herndon"" North Carolina solar moratorium",
2723,report_citation,sabin:S26R-5658,NC,Hertford County,County,renewables_only,solar;wind,active,4,,,,,"""Hertford County"" North Carolina solar OR wind ban_or_moratorium",
2724,report_citation,sabin:S26R-5655,NC,Johnston County,County,renewables_only,wind,active,4,,,,,"""Johnston County"" North Carolina wind ban_or_moratorium",
2725,report_citation,sabin:S26R-5653,NC,Onslow County,County,renewables_only,solar;wind,active,4,,,,,"""Onslow County"" North Carolina solar OR wind ban_or_moratorium",
2726,report_citation,sabin:S26R-5651,NC,Pasquotank County,County,renewables_only,solar,active,4,,,,,"""Pasquotank County"" North Carolina solar ban_or_moratorium",
2727,report_citation,sabin:S26R-5650,NC,Perquimans County,County,renewables_only,solar,active,4,,,,,"""Perquimans County"" North Carolina solar ban_or_moratorium",
2728,report_citation,sabin:REC-0322,ND,City of Grand Forks,Municipality,renewables_only,wind,active,4,,,,,"""City of Grand Forks"" North Dakota wind ban",
2729,report_citation,sabin:REC-0323,ND,Grand Forks County,County,renewables_only,wind,active,4,,,,,"""Grand Forks County"" North Dakota wind moratorium",
2730,report_citation,sabin:REC-0325,ND,McLean County,County,renewables_only,solar,active,4,,,,,"""McLean County"" North Dakota solar moratorium",
2731,report_citation,sabin:REC-0324,ND,McLean County,County,renewables_only,wind,active,4,,,,,"""McLean County"" North Dakota wind ban",
2732,report_citation,sabin:S26R-5809,NE,Adams County,County,renewables_only,solar,active,4,,,,,"""Adams County"" Nebraska solar ban",
2733,report_citation,sabin:S26R-5796,NE,Colfax County,County,renewables_only,wind,active,4,,,,,"""Colfax County"" Nebraska wind ban_or_moratorium",
2734,report_citation,sabin:S26R-5795,NE,Cuming County,County,renewables_only,wind,active,4,,,,,"""Cuming County"" Nebraska wind ban_or_moratorium",
2735,report_citation,sabin:S26R-5792,NE,Dodge County,County,renewables_only,wind,active,4,,,,,"""Dodge County"" Nebraska wind ban_or_moratorium",
2736,report_citation,sabin:REC-0248,NE,Gage County,County,renewables_only,solar;wind,active,4,,,,,"""Gage County"" Nebraska solar OR wind moratorium",
2737,report_citation,sabin:REC-0249,NE,Greeley County,County,renewables_only,solar;wind,active,4,,,,,"""Greeley County"" Nebraska solar OR wind moratorium",
2738,report_citation,sabin:S26R-5782,NE,Knox County,County,renewables_only,solar;wind,active,4,,,,,"""Knox County"" Nebraska solar OR wind ban",
2739,report_citation,sabin:S26R-5780,NE,Lincoln County,County,renewables_only,solar;wind,active,4,,,,,"""Lincoln County"" Nebraska solar OR wind moratorium",
2740,report_citation,sabin:S26R-5776,NE,Otoe County,County,renewables_only,wind,active,4,,,,,"""Otoe County"" Nebraska wind ban_or_moratorium",
2741,report_citation,sabin:S26R-5774,NE,Phelps County,County,renewables_only,solar;wind,active,4,,,,,"""Phelps County"" Nebraska solar OR wind ban_or_moratorium",
2742,report_citation,sabin:S26R-5768,NE,Scotts Bluff County,County,renewables_only,wind,active,4,,,,,"""Scotts Bluff County"" Nebraska wind ban",
2743,report_citation,sabin:S26R-5759,NH,Town of Fitzwilliam,Municipality,renewables_only,solar,active,4,,,,,"""Town of Fitzwilliam"" New Hampshire solar ban_or_moratorium",
2744,report_citation,sabin:S26R-5760,NH,Westmoreland,Municipality,renewables_only,wind,active,4,,,,,"""Westmoreland"" New Hampshire wind ban_or_moratorium",
2745,report_citation,sabin:REC-0274,NJ,Atlantic County,Municipality,renewables_only,wind,active,4,,,,,"""Atlantic County"" New Jersey wind moratorium",
2746,report_citation,sabin:REC-0275,NJ,Middletown Township,Municipality,renewables_only,wind,active,4,,,,,"""Middletown Township"" New Jersey wind moratorium",
2747,report_citation,sabin:S26R-5763,NV,Lander County,County,renewables_only,solar;wind,active,4,,,,,"""Lander County"" Nevada solar OR wind ban_or_moratorium",
2748,report_citation,sabin:REC-0254,NV,Nye County,County,renewables_only,solar;wind,active,4,,,,,"""Nye County"" Nevada solar OR wind moratorium",
2749,report_citation,sabin:S26R-5743,NY,Ashland,Municipality,renewables_only,wind,active,4,,,,,"""Ashland"" New York wind ban_or_moratorium",
2750,report_citation,sabin:S26R-5672,NY,Benton,Municipality,renewables_only,wind,active,4,,,,,"""Benton"" New York wind ban_or_moratorium",
2751,report_citation,sabin:S26R-5754,NY,Broome County,County,renewables_only,battery_storage,active,4,,,,,"""Broome County"" New York battery storage moratorium",
2752,report_citation,sabin:S26R-5755,NY,Broome County,County,renewables_only,solar,active,4,,,,,"""Broome County"" New York solar moratorium",
2753,report_citation,sabin:S26R-5685,NY,Callicoon,Municipality,renewables_only,wind,active,4,,,,,"""Callicoon"" New York wind ban",
2754,report_citation,sabin:S26R-5745,NY,Catlin,Municipality,renewables_only,wind,active,4,,,,,"""Catlin"" New York wind ban_or_moratorium",
2755,report_citation,sabin:REC-0293,NY,Chautauqua County,County,renewables_only,wind,active,4,,,,,"""Chautauqua County"" New York wind ban_or_moratorium",
2756,report_citation,sabin:S26R-5717,NY,Cicero,Municipality,renewables_only,solar,active,4,,,,,"""Cicero"" New York solar ban_or_moratorium",
2757,report_citation,sabin:REC-0295,NY,City of Olean,Municipality,renewables_only,solar,active,4,,,,,"""City of Olean"" New York solar moratorium",
2758,report_citation,sabin:S26R-5686,NY,Cochecton,Municipality,renewables_only,solar,active,4,,,,,"""Cochecton"" New York solar ban_or_moratorium",
2759,report_citation,sabin:S26R-5715,NY,DeWitt,Municipality,renewables_only,solar;wind,active,4,,,,,"""DeWitt"" New York solar OR wind ban_or_moratorium",
2760,report_citation,sabin:S26R-5729,NY,Denmark,Municipality,renewables_only,wind,active,4,,,,,"""Denmark"" New York wind ban_or_moratorium",
2761,report_citation,sabin:S26R-5678,NY,Denning,Municipality,renewables_only,wind,active,4,,,,,"""Denning"" New York wind ban_or_moratorium",
2762,report_citation,sabin:REC-0302,NY,Enfield,Municipality,renewables_only,solar;wind,active,4,,,,,"""Enfield"" New York solar OR wind moratorium",
2763,report_citation,sabin:REC-0304,NY,Florida,Municipality,renewables_only,solar;wind,active,4,,,,,"""Florida"" New York solar OR wind ban",
2764,report_citation,sabin:S26R-5697,NY,Fremont,Municipality,renewables_only,wind,active,4,,,,,"""Fremont"" New York wind ban_or_moratorium",
2765,report_citation,sabin:S26R-5738,NY,Fulton County,County,renewables_only,solar,active,4,,,,,"""Fulton County"" New York solar ban",
2766,report_citation,sabin:S26R-5733,NY,Greig,Municipality,renewables_only,solar,active,4,,,,,"""Greig"" New York solar ban_or_moratorium",
2767,report_citation,sabin:S26R-5731,NY,Harrisburg,Municipality,renewables_only,wind,active,4,,,,,"""Harrisburg"" New York wind ban_or_moratorium",
2768,report_citation,sabin:S26R-5677,NY,Hurley,Municipality,renewables_only,solar,active,4,,,,,"""Hurley"" New York solar ban_or_moratorium",
2769,report_citation,sabin:S26R-5673,NY,Jerusalem,Municipality,renewables_only,solar,active,4,,,,,"""Jerusalem"" New York solar ban_or_moratorium",
2770,report_citation,sabin:S26R-5714,NY,Pompey,Municipality,renewables_only,solar,active,4,,,,,"""Pompey"" New York solar ban_or_moratorium",
2771,report_citation,sabin:S26R-5742,NY,Preble,Municipality,renewables_only,wind,active,4,,,,,"""Preble"" New York wind moratorium",
2772,report_citation,sabin:S26R-5716,NY,Skaneateles,Municipality,renewables_only,wind,active,4,,,,,"""Skaneateles"" New York wind ban_or_moratorium",
2773,report_citation,sabin:S26R-5706,NY,Town of Ballston,Municipality,renewables_only,solar,active,4,,,,,"""Town of Ballston"" New York solar ban_or_moratorium",
2774,report_citation,sabin:S26R-5727,NY,Town of Canajoharie,Municipality,renewables_only,solar,active,4,,,,,"""Town of Canajoharie"" New York solar moratorium",
2775,report_citation,sabin:S26R-5734,NY,Town of Clayton,Municipality,renewables_only,wind,active,4,,,,,"""Town of Clayton"" New York wind moratorium",
2776,report_citation,sabin:S26R-5707,NY,Town of Clifton Park,Municipality,renewables_only,battery_storage,active,4,,,,,"""Town of Clifton Park"" New York battery storage moratorium",
2777,report_citation,sabin:REC-0297,NY,Town of Clifton Park,Municipality,renewables_only,solar,active,4,,,,,"""Town of Clifton Park"" New York solar moratorium",
2778,report_citation,sabin:REC-0299,NY,Town of Coxsackie,Municipality,renewables_only,solar,active,4,,,,,"""Town of Coxsackie"" New York solar ban_or_moratorium",
2779,report_citation,sabin:REC-0300,NY,Town of Dryden,Municipality,renewables_only,solar,active,4,,,,,"""Town of Dryden"" New York solar moratorium",
2780,report_citation,sabin:S26R-5703,NY,Town of Duanesburg,Municipality,renewables_only,battery_storage,active,4,,,,,"""Town of Duanesburg"" New York battery storage ban",
2781,report_citation,sabin:REC-0301,NY,Town of Duanesburg,Municipality,renewables_only,solar,active,4,,,,,"""Town of Duanesburg"" New York solar moratorium",
2782,report_citation,sabin:S26R-5726,NY,Town of Florida,Municipality,renewables_only,battery_storage,active,4,,,,,"""Town of Florida"" New York battery storage ban",
2783,report_citation,sabin:S26R-5702,NY,Town of Glenville,Municipality,renewables_only,solar,active,4,,,,,"""Town of Glenville"" New York solar moratorium",
2784,report_citation,sabin:S26R-5709,NY,Town of Hoosick,Municipality,renewables_only,solar;wind,active,4,,,,,"""Town of Hoosick"" New York solar OR wind moratorium",
2785,report_citation,sabin:REC-0294,NY,Town of Johnstown,Municipality,renewables_only,battery_storage;solar,active,4,,,,,"""Town of Johnstown"" New York battery storage OR solar moratorium",
2786,report_citation,sabin:S26R-5735,NY,Town of Lyme,Municipality,renewables_only,battery_storage;solar,active,4,,,,,"""Town of Lyme"" New York battery storage OR solar moratorium",
2787,report_citation,sabin:S26R-5700,NY,Town of Middleburgh,Municipality,renewables_only,solar;wind,active,4,,,,,"""Town of Middleburgh"" New York solar OR wind ban",
2788,report_citation,sabin:S26R-6301,NY,Town of New Castle,Municipality,renewables_only,solar,active,4,,,,,"""Town of New Castle"" New York solar ban_or_moratorium",
2789,report_citation,sabin:S26R-5704,NY,Town of Rotterdam,Municipality,renewables_only,battery_storage,active,4,,,,,"""Town of Rotterdam"" New York battery storage moratorium",
2790,report_citation,sabin:S26R-5719,NY,Town of Somerset,Municipality,renewables_only,wind,active,4,,,,,"""Town of Somerset"" New York wind ban",
2791,report_citation,sabin:S26R-5692,NY,Town of Southampton,Municipality,renewables_only,battery_storage,active,4,,,,,"""Town of Southampton"" New York battery storage moratorium",
2792,report_citation,sabin:S26R-5674,NY,Village of Mount Kisco,Municipality,renewables_only,battery_storage,active,4,,,,,"""Village of Mount Kisco"" New York battery storage ban",
2793,report_citation,sabin:S26R-5728,NY,West Turin,Municipality,renewables_only,solar;wind,active,4,,,,,"""West Turin"" New York solar OR wind ban_or_moratorium",
2794,report_citation,sabin:S26R-5740,NY,Wilmington,Municipality,renewables_only,wind,active,4,,,,,"""Wilmington"" New York wind ban_or_moratorium",
2795,report_citation,sabin:REC-0339,OH,Adams County,County,renewables_only,solar,active,4,,,,,"""Adams County"" Ohio solar ban_or_moratorium",
2796,report_citation,sabin:REC-0340,OH,Allen County,County,renewables_only,solar;wind,active,4,,,,,"""Allen County"" Ohio solar OR wind ban",
2797,report_citation,sabin:REC-0341,OH,Auglaize County,County,renewables_only,solar;wind,active,4,,,,,"""Auglaize County"" Ohio solar OR wind ban_or_moratorium",
2798,report_citation,sabin:REC-0342,OH,Brown County,County,renewables_only,solar;wind,active,4,,,,,"""Brown County"" Ohio solar OR wind ban",
2799,report_citation,sabin:REC-0343,OH,Butler County,County,renewables_only,solar;wind,active,4,,,,,"""Butler County"" Ohio solar OR wind ban_or_moratorium",
2800,report_citation,sabin:S26R-6265,OH,Clark County,County,renewables_only,solar;wind,active,4,,,,,"""Clark County"" Ohio solar OR wind ban",
2801,report_citation,sabin:REC-0344,OH,Clermont County,County,renewables_only,solar;wind,active,4,,,,,"""Clermont County"" Ohio solar OR wind ban",
2802,report_citation,sabin:S26R-5627,OH,Clinton County,County,renewables_only,solar;wind,active,4,,,,,"""Clinton County"" Ohio solar OR wind ban",
2803,report_citation,sabin:REC-0345,OH,Columbiana County,County,renewables_only,solar;wind,active,4,,,,,"""Columbiana County"" Ohio solar OR wind ban",
2804,report_citation,sabin:S26R-5625,OH,Crawford County,County,renewables_only,solar,active,4,,,,,"""Crawford County"" Ohio solar ban",
2805,report_citation,sabin:REC-0346,OH,Crawford County,County,renewables_only,wind,active,4,,,,,"""Crawford County"" Ohio wind ban",
2806,report_citation,sabin:REC-0347,OH,Erie County,County,renewables_only,solar;wind,active,4,,,,,"""Erie County"" Ohio solar OR wind ban",
2807,report_citation,sabin:REC-0348,OH,Fairfield County,County,renewables_only,solar,active,4,,,,,"""Fairfield County"" Ohio solar ban",
2808,report_citation,sabin:REC-0349,OH,Fayette County,County,renewables_only,solar;wind,active,4,,,,,"""Fayette County"" Ohio solar OR wind ban",
2809,report_citation,sabin:S26R-5613,OH,"Green, Austintown, Beaver, Berlin, Canfield, Coitsville, Goshen, Jackson, Milton, Poland, and Springfield Townships",Municipality,renewables_only,solar;wind,active,4,,,,,"""Green, Austintown, Beaver, Berlin, Canfield, Coitsville, Goshen, Jackson, Milton, Poland, and Springfield Townships"" Ohio solar OR wind ban",
2810,report_citation,sabin:REC-0350,OH,Greene County,County,renewables_only,solar;wind,active,4,,,,,"""Greene County"" Ohio solar OR wind ban",
2811,report_citation,sabin:REC-0351,OH,Hancock County,County,renewables_only,solar;wind,active,4,,,,,"""Hancock County"" Ohio solar OR wind ban",
2812,report_citation,sabin:REC-0352,OH,Henry County,County,renewables_only,solar;wind,active,4,,,,,"""Henry County"" Ohio solar OR wind ban_or_moratorium",
2813,report_citation,sabin:REC-0353,OH,Knox County,County,renewables_only,wind,active,4,,,,,"""Knox County"" Ohio wind ban",
2814,report_citation,sabin:REC-0354,OH,Licking County,County,renewables_only,solar;wind,active,4,,,,,"""Licking County"" Ohio solar OR wind ban",
2815,report_citation,sabin:REC-0355,OH,Logan County,County,renewables_only,solar;wind,active,4,,,,,"""Logan County"" Ohio solar OR wind ban",
2816,report_citation,sabin:S26R-5614,OH,Madison County,County,renewables_only,solar;wind,active,4,,,,,"""Madison County"" Ohio solar OR wind ban",
2817,report_citation,sabin:S26R-5612,OH,Marion County,County,renewables_only,solar;wind,active,4,,,,,"""Marion County"" Ohio solar OR wind ban_or_moratorium",
2818,report_citation,sabin:S26R-5611,OH,Medina County,County,renewables_only,solar;wind,active,4,,,,,"""Medina County"" Ohio solar OR wind ban_or_moratorium",
2819,report_citation,sabin:S26R-5610,OH,Ottawa County,County,renewables_only,solar;wind,active,4,,,,,"""Ottawa County"" Ohio solar OR wind ban_or_moratorium",
2820,report_citation,sabin:S26R-5608,OH,Putnam County,County,renewables_only,solar;wind,active,4,,,,,"""Putnam County"" Ohio solar OR wind ban",
2821,report_citation,sabin:S26R-5607,OH,Richland County,County,renewables_only,solar;wind,active,4,,,,,"""Richland County"" Ohio solar OR wind ban",
2822,report_citation,sabin:S26R-5606,OH,Seneca County,County,renewables_only,solar;wind,active,4,,,,,"""Seneca County"" Ohio solar OR wind ban",
2823,report_citation,sabin:S26R-5605,OH,Union County,County,renewables_only,solar,active,4,,,,,"""Union County"" Ohio solar ban",
2824,report_citation,sabin:S26R-5604,OH,Wayne County,County,renewables_only,solar,active,4,,,,,"""Wayne County"" Ohio solar ban",
2825,report_citation,sabin:S26R-5603,OH,Wyandot County,County,renewables_only,solar;wind,active,4,,,,,"""Wyandot County"" Ohio solar OR wind ban",
2826,report_citation,sabin:S26R-5595,OR,Wallowa County,County,renewables_only,wind,active,4,,,,,"""Wallowa County"" Oregon wind ban_or_moratorium",
2827,report_citation,sabin:S26R-5581,PA,Bethel,Municipality,renewables_only,wind,active,4,,,,,"""Bethel"" Pennsylvania wind ban_or_moratorium",
2828,report_citation,sabin:S26R-5542,PA,Carroll,Municipality,renewables_only,wind,active,4,,,,,"""Carroll"" Pennsylvania wind ban_or_moratorium",
2829,report_citation,sabin:S26R-5538,PA,Cass,Municipality,renewables_only,wind,active,4,,,,,"""Cass"" Pennsylvania wind ban_or_moratorium",
2830,report_citation,sabin:S26R-5537,PA,Cherrytree,Municipality,renewables_only,solar,active,4,,,,,"""Cherrytree"" Pennsylvania solar ban_or_moratorium",
2831,report_citation,sabin:S26R-5553,PA,Conewago,Municipality,renewables_only,solar,active,4,,,,,"""Conewago"" Pennsylvania solar ban_or_moratorium",
2832,report_citation,sabin:S26R-5548,PA,Coopersburg,Municipality,renewables_only,solar;wind,active,4,,,,,"""Coopersburg"" Pennsylvania solar OR wind ban_or_moratorium",
2833,report_citation,sabin:S26R-5555,PA,Curwensville,Municipality,renewables_only,solar,active,4,,,,,"""Curwensville"" Pennsylvania solar ban_or_moratorium",
2834,report_citation,sabin:S26R-5557,PA,East Pikeland,Municipality,renewables_only,solar;wind,active,4,,,,,"""East Pikeland"" Pennsylvania solar OR wind ban_or_moratorium",
2835,report_citation,sabin:S26R-5592,PA,Findlay,Municipality,renewables_only,solar,active,4,,,,,"""Findlay"" Pennsylvania solar ban_or_moratorium",
2836,report_citation,sabin:S26R-5584,PA,Franklin,Municipality,renewables_only,solar,active,4,,,,,"""Franklin"" Pennsylvania solar ban_or_moratorium",
2837,report_citation,sabin:S26R-5573,PA,Frankstown,Municipality,renewables_only,wind,active,4,,,,,"""Frankstown"" Pennsylvania wind ban_or_moratorium",
2838,report_citation,sabin:S26R-5580,PA,Greenwich,Municipality,renewables_only,solar,active,4,,,,,"""Greenwich"" Pennsylvania solar ban_or_moratorium",
2839,report_citation,sabin:S26R-5564,PA,Halfmoon,Municipality,renewables_only,wind,active,4,,,,,"""Halfmoon"" Pennsylvania wind ban_or_moratorium",
2840,report_citation,sabin:S26R-5566,PA,Jackson,Municipality,renewables_only,wind,active,4,,,,,"""Jackson"" Pennsylvania wind ban_or_moratorium",
2841,report_citation,sabin:S26R-5586,PA,Kiskiminetas Township,Municipality,renewables_only,solar,active,4,,,,,"""Kiskiminetas Township"" Pennsylvania solar ban_or_moratorium",
2842,report_citation,sabin:S26R-5554,PA,Londonderry,Municipality,renewables_only,solar;wind,active,4,,,,,"""Londonderry"" Pennsylvania solar OR wind ban_or_moratorium",
2843,report_citation,sabin:S26R-5551,PA,Middle Paxton,Municipality,renewables_only,wind,active,4,,,,,"""Middle Paxton"" Pennsylvania wind ban_or_moratorium",
2844,report_citation,sabin:REC-0378,PA,North Beaver Township,Municipality,renewables_only,solar,active,4,,,,,"""North Beaver Township"" Pennsylvania solar ban",
2845,report_citation,sabin:REC-0379,PA,Ralpho Township,Municipality,renewables_only,solar,active,4,,,,,"""Ralpho Township"" Pennsylvania solar ban_or_moratorium",
2846,report_citation,sabin:S26R-5589,PA,South Fayette,Municipality,renewables_only,wind,active,4,,,,,"""South Fayette"" Pennsylvania wind ban_or_moratorium",
2847,report_citation,sabin:S26R-5541,PA,Tuscarora,Municipality,renewables_only,wind,active,4,,,,,"""Tuscarora"" Pennsylvania wind ban_or_moratorium",
2848,report_citation,sabin:S26R-5576,PA,Union,Municipality,renewables_only,wind,active,4,,,,,"""Union"" Pennsylvania wind ban_or_moratorium",
2849,report_citation,sabin:S26R-5552,PA,Upper Paxton,Municipality,renewables_only,wind,active,4,,,,,"""Upper Paxton"" Pennsylvania wind ban_or_moratorium",
2850,report_citation,sabin:S26R-5562,PA,Upper Uwchlan,Municipality,renewables_only,wind,active,4,,,,,"""Upper Uwchlan"" Pennsylvania wind ban_or_moratorium",
2851,report_citation,sabin:S26R-5568,PA,Upper Yoder,Municipality,renewables_only,wind,active,4,,,,,"""Upper Yoder"" Pennsylvania wind ban_or_moratorium",
2852,report_citation,sabin:S26R-5571,PA,Warminster,Municipality,renewables_only,wind,active,4,,,,,"""Warminster"" Pennsylvania wind ban_or_moratorium",
2853,report_citation,sabin:S26R-5570,PA,Warrington,Municipality,renewables_only,wind,active,4,,,,,"""Warrington"" Pennsylvania wind ban_or_moratorium",
2854,report_citation,sabin:S26R-5535,PA,Washington County,County,renewables_only,battery_storage;solar,active,4,,,,,"""Washington County"" Pennsylvania battery storage OR solar ban_or_moratorium",
2855,report_citation,sabin:S26R-5594,PA,West Deer,Municipality,renewables_only,solar,active,4,,,,,"""West Deer"" Pennsylvania solar ban_or_moratorium",
2856,report_citation,sabin:S26R-5539,PA,West Penn,Municipality,renewables_only,wind,active,4,,,,,"""West Penn"" Pennsylvania wind ban_or_moratorium",
2857,report_citation,sabin:S26R-5578,PA,West Reading,Municipality,renewables_only,wind,active,4,,,,,"""West Reading"" Pennsylvania wind ban_or_moratorium",
2858,report_citation,sabin:S26R-5559,PA,West Sadsbury,Municipality,renewables_only,wind,active,4,,,,,"""West Sadsbury"" Pennsylvania wind ban_or_moratorium",
2859,report_citation,sabin:S26R-5558,PA,Westtown,Municipality,renewables_only,solar,active,4,,,,,"""Westtown"" Pennsylvania solar ban_or_moratorium",
2860,report_citation,sabin:REC-0391,RI,City of Cranston,Municipality,renewables_only,solar,active,4,,,,,"""City of Cranston"" Rhode Island solar ban_or_moratorium",
2861,report_citation,sabin:REC-0390,RI,City of Warwick,Municipality,renewables_only,solar,active,4,,,,,"""City of Warwick"" Rhode Island solar moratorium",
2862,report_citation,sabin:REC-0393,RI,Town of North Kingstown,Municipality,renewables_only,wind,active,4,,,,,"""Town of North Kingstown"" Rhode Island wind moratorium",
2863,report_citation,sabin:REC-0394,SC,Calhoun County,County,renewables_only,solar,active,4,,,,,"""Calhoun County"" South Carolina solar moratorium",
2864,report_citation,sabin:REC-0414,TN,Franklin County,County,renewables_only,solar;wind,active,4,,,,,"""Franklin County"" Tennessee solar OR wind ban",
2865,report_citation,sabin:REC-0419,TX,Balch Springs,Municipality,renewables_only,wind,active,4,,,,,"""Balch Springs"" Texas wind ban",
2866,report_citation,sabin:S26R-5484,TX,CIty of Bridgeport,Municipality,renewables_only,wind,active,4,,,,,"""CIty of Bridgeport"" Texas wind ban_or_moratorium",
2867,report_citation,sabin:REC-0420,TX,City of Benbrook,Municipality,renewables_only,wind,active,4,,,,,"""City of Benbrook"" Texas wind ban",
2868,report_citation,sabin:REC-0421,TX,City of Brownsville,Municipality,renewables_only,solar;wind,active,4,,,,,"""City of Brownsville"" Texas solar OR wind ban_or_moratorium",
2869,report_citation,sabin:S26R-5493,TX,City of Friona,Municipality,renewables_only,wind,active,4,,,,,"""City of Friona"" Texas wind ban_or_moratorium",
2870,report_citation,sabin:REC-0427,TX,City of McKinney,Municipality,renewables_only,wind,active,4,,,,,"""City of McKinney"" Texas wind ban",
2871,report_citation,sabin:REC-0429,TX,City of Nolanville,Municipality,renewables_only,wind,active,4,,,,,"""City of Nolanville"" Texas wind ban",
2872,report_citation,sabin:S26R-5491,TX,City of San Saba,Municipality,renewables_only,wind,active,4,,,,,"""City of San Saba"" Texas wind ban_or_moratorium",
2873,report_citation,sabin:S26R-5496,TX,Corpus Christi,Municipality,renewables_only,wind,active,4,,,,,"""Corpus Christi"" Texas wind ban",
2874,report_citation,sabin:S26R-5499,TX,Hallsville,Municipality,renewables_only,wind,active,4,,,,,"""Hallsville"" Texas wind ban",
2875,report_citation,sabin:S26R-5501,TX,Plainview,Municipality,renewables_only,solar;wind,active,4,,,,,"""Plainview"" Texas solar OR wind ban",
2876,report_citation,sabin:S26R-5485,TX,Wichita Falls,Municipality,renewables_only,wind,active,4,,,,,"""Wichita Falls"" Texas wind ban",
2877,report_citation,sabin:S26R-5480,UT,Utah County,County,renewables_only,wind,active,4,,,,,"""Utah County"" Utah wind ban_or_moratorium",
2878,report_citation,sabin:S26R-5479,UT,Weber County,County,renewables_only,wind,active,4,,,,,"""Weber County"" Utah wind ban_or_moratorium",
2879,report_citation,sabin:REC-0447,VA,Accomack County,County,renewables_only,wind,active,4,,,,,"""Accomack County"" Virginia wind ban",
2880,report_citation,sabin:REC-0448,VA,Amherst County,County,renewables_only,solar,active,4,,,,,"""Amherst County"" Virginia solar ban",
2881,report_citation,sabin:S26R-5436,VA,City of Roanoke,Municipality,renewables_only,wind,active,4,,,,,"""City of Roanoke"" Virginia wind ban_or_moratorium",
2882,report_citation,sabin:REC-0453,VA,Clarke County,County,renewables_only,solar,active,4,,,,,"""Clarke County"" Virginia solar ban_or_moratorium",
2883,report_citation,sabin:S26R-5461,VA,Giles County,County,renewables_only,solar,active,4,,,,,"""Giles County"" Virginia solar ban_or_moratorium",
2884,report_citation,sabin:S26R-5456,VA,Henrico County,County,renewables_only,solar;wind,active,4,,,,,"""Henrico County"" Virginia solar OR wind ban_or_moratorium",
2885,report_citation,sabin:REC-0460,VA,James City County,County,renewables_only,solar,active,4,,,,,"""James City County"" Virginia solar ban_or_moratorium",
2886,report_citation,sabin:S26R-5451,VA,King William County,County,renewables_only,battery_storage;solar,active,4,,,,,"""King William County"" Virginia battery storage OR solar ban_or_moratorium",
2887,report_citation,sabin:S26R-5449,VA,Lunenburg County,County,renewables_only,solar,active,4,,,,,"""Lunenburg County"" Virginia solar ban",
2888,report_citation,sabin:S26R-5448,VA,Madison County,County,renewables_only,solar,active,4,,,,,"""Madison County"" Virginia solar ban_or_moratorium",
2889,report_citation,sabin:S26R-5447,VA,Mecklenburg County,County,renewables_only,solar,active,4,,,,,"""Mecklenburg County"" Virginia solar ban",
2890,report_citation,sabin:S26R-5444,VA,Pittsylvania County,County,renewables_only,solar,active,4,,,,,"""Pittsylvania County"" Virginia solar ban",
2891,report_citation,sabin:S26R-5440,VA,Smyth County,County,renewables_only,wind,active,4,,,,,"""Smyth County"" Virginia wind ban_or_moratorium",
2892,report_citation,sabin:S26R-5438,VA,Stafford County,County,renewables_only,solar,active,4,,,,,"""Stafford County"" Virginia solar ban_or_moratorium",
2893,report_citation,sabin:S26R-5478,VT,Caledonia County; Essex County; Orleans County,County,renewables_only,wind,active,4,,,,,"""Caledonia County; Essex County; Orleans County"" Vermont wind ban_or_moratorium",
2894,report_citation,sabin:S26R-5475,VT,Stockbridge,Municipality,renewables_only,wind,active,4,,,,,"""Stockbridge"" Vermont wind ban_or_moratorium",
2895,report_citation,sabin:REC-0462,WA,Grant County,County,renewables_only,solar,active,4,,,,,"""Grant County"" Washington solar moratorium",
2896,report_citation,sabin:S26R-5434,WA,Grant County,County,renewables_only,wind,active,4,,,,,"""Grant County"" Washington wind moratorium",
2897,report_citation,sabin:S26R-5429,WA,Pacific County,County,renewables_only,wind,active,4,,,,,"""Pacific County"" Washington wind ban_or_moratorium",
2898,report_citation,sabin:REC-0465,WA,Yakima County,County,renewables_only,solar,active,4,,,,,"""Yakima County"" Washington solar moratorium",
2899,report_citation,sabin:S26R-5420,WI,Kenosha County,County,renewables_only,solar,active,4,,,,,"""Kenosha County"" Wisconsin solar ban_or_moratorium",
2900,report_citation,sabin:S26R-5408,WI,Sawyer County,County,renewables_only,battery_storage;solar,active,4,,,,,"""Sawyer County"" Wisconsin battery storage OR solar moratorium",
2901,report_citation,sabin:S26R-5409,WI,Sawyer County,County,renewables_only,wind,active,4,,,,,"""Sawyer County"" Wisconsin wind ban_or_moratorium",
2902,report_citation,sabin:REC-0489,WI,Town of Springfield,Municipality,renewables_only,solar,active,4,,,,,"""Town of Springfield"" Wisconsin solar ban_or_moratorium",
2903,report_citation,sabin:REC-0491,WI,Town of Westport,Municipality,renewables_only,solar,active,4,,,,,"""Town of Westport"" Wisconsin solar ban_or_moratorium",
2904,report_citation,sabin:S26R-5402,WY,Sheridan County,County,renewables_only,solar,active,4,,,,,"""Sheridan County"" Wyoming solar ban_or_moratorium",
2905,report_citation,sabin:S26R-6259,AK,Anchorage Municipality,County,renewables_only,wind,active,3,,,,,"""Anchorage Municipality"" Alaska wind height_limit",
2906,report_citation,sabin:S26R-6243,CA,Monterey County,County,renewables_only,wind,active,3,,,,,"""Monterey County"" California wind height_limit",
2907,report_citation,sabin:S26R-6236,CA,Yuba County,County,renewables_only,wind,active,3,,,,,"""Yuba County"" California wind height_limit",
2908,report_citation,sabin:S26R-6234,CO,Denver County,County,renewables_only,wind,active,3,,,,,"""Denver County"" Colorado wind height_limit",
2909,report_citation,sabin:S26R-6220,CO,Weld County,County,renewables_only,wind,active,3,,,,,"""Weld County"" Colorado wind height_limit",
2910,report_citation,sabin:S26R-6215,CT,Canaan,Municipality,renewables_only,wind,active,3,,,,,"""Canaan"" Connecticut wind height_limit",
2911,report_citation,sabin:S26R-6206,CT,Colchester,Municipality,renewables_only,wind,active,3,,,,,"""Colchester"" Connecticut wind height_limit",
2912,report_citation,sabin:S26R-6207,CT,Griswold,Municipality,renewables_only,wind,active,3,,,,,"""Griswold"" Connecticut wind height_limit",
2913,report_citation,sabin:S26R-6211,CT,Guilford,Municipality,renewables_only,wind,active,3,,,,,"""Guilford"" Connecticut wind height_limit",
2914,report_citation,sabin:S26R-6212,CT,Harwinton,Municipality,renewables_only,wind,active,3,,,,,"""Harwinton"" Connecticut wind height_limit",
2915,report_citation,sabin:S26R-6210,CT,North Stonington,Municipality,renewables_only,wind,active,3,,,,,"""North Stonington"" Connecticut wind height_limit",
2916,report_citation,sabin:S26R-6208,CT,Preston,Municipality,renewables_only,wind,active,3,,,,,"""Preston"" Connecticut wind height_limit",
2917,report_citation,sabin:S26R-6205,CT,Redding,Municipality,renewables_only,wind,active,3,,,,,"""Redding"" Connecticut wind height_limit",
2918,report_citation,sabin:S26R-6216,CT,Union,Municipality,renewables_only,wind,active,3,,,,,"""Union"" Connecticut wind height_limit",
2919,report_citation,sabin:S26R-6214,CT,Warren,Municipality,renewables_only,wind,active,3,,,,,"""Warren"" Connecticut wind height_limit",
2920,report_citation,sabin:S26R-6218,CT,Waterbury,Municipality,renewables_only,wind,active,3,,,,,"""Waterbury"" Connecticut wind height_limit",
2921,report_citation,sabin:S26R-6217,CT,Wolcott,Municipality,renewables_only,wind,active,3,,,,,"""Wolcott"" Connecticut wind height_limit",
2922,report_citation,sabin:REC-0066,HI,Honolulu City,Municipality,renewables_only,wind,active,3,,,,,"""Honolulu City"" Hawaii wind setback",
2923,report_citation,sabin:S26R-6185,HI,Honolulu County,County,renewables_only,wind,active,3,,,,,"""Honolulu County"" Hawaii wind setback",
2924,report_citation,sabin:REC-0108,IA,Dallas County,County,renewables_only,wind,active,3,,,,,"""Dallas County"" Iowa wind setback",
2925,report_citation,sabin:REC-0112,IA,Grundy County,County,renewables_only,wind,active,3,,,,,"""Grundy County"" Iowa wind setback",
2926,report_citation,sabin:S26R-6095,IA,Iowa County,County,renewables_only,wind,active,3,,,,,"""Iowa County"" Iowa wind height_limit",
2927,report_citation,sabin:S26R-6089,IA,Mitchell County,County,renewables_only,wind,active,3,,,,,"""Mitchell County"" Iowa wind height_limit",
2928,report_citation,sabin:S26R-6085,IA,Page County,County,renewables_only,wind,active,3,,,,,"""Page County"" Iowa wind height_limit",
2929,report_citation,sabin:S26R-6083,IA,Palo Alto County,County,renewables_only,wind,active,3,,,,,"""Palo Alto County"" Iowa wind setback",
2930,report_citation,sabin:S26R-6080,IA,Pottawattamie County,County,renewables_only,solar,active,3,,,,,"""Pottawattamie County"" Iowa solar setback",
2931,report_citation,sabin:S26R-6081,IA,Pottawattamie County,County,renewables_only,wind,active,3,,,,,"""Pottawattamie County"" Iowa wind height_limit",
2932,report_citation,sabin:S26R-6077,IA,Ringgold County,County,renewables_only,solar,active,3,,,,,"""Ringgold County"" Iowa solar setback",
2933,report_citation,sabin:S26R-6078,IA,Ringgold County,County,renewables_only,wind,active,3,,,,,"""Ringgold County"" Iowa wind setback",
2934,report_citation,sabin:S26R-6075,IA,Scott County,County,renewables_only,wind,active,3,,,,,"""Scott County"" Iowa wind height_limit",
2935,report_citation,sabin:S26R-6070,IA,Union County,County,renewables_only,wind,active,3,,,,,"""Union County"" Iowa wind setback",
2936,report_citation,sabin:S26R-6068,IA,Woodbury County,County,renewables_only,wind,active,3,,,,,"""Woodbury County"" Iowa wind setback",
2937,report_citation,sabin:S26R-6176,ID,Teton County,County,renewables_only,wind,active,3,,,,,"""Teton County"" Idaho wind height_limit",
2938,report_citation,sabin:REC-0080,IL,Monroe County,County,renewables_only,wind,active,3,,,,,"""Monroe County"" Illinois wind setback",
2939,report_citation,sabin:REC-0088,IN,Clark County,County,renewables_only,solar,active,3,,,,,"""Clark County"" Indiana solar setback",
2940,report_citation,sabin:REC-0092,IN,Hamilton County,County,renewables_only,wind,active,3,,,,,"""Hamilton County"" Indiana wind height_limit",
2941,report_citation,sabin:S26R-6134,IN,Madison County,County,renewables_only,solar,active,3,,,,,"""Madison County"" Indiana solar setback",
2942,report_citation,sabin:REC-0100,IN,Miami County,County,renewables_only,wind,active,3,,,,,"""Miami County"" Indiana wind setback",
2943,report_citation,sabin:S26R-6130,IN,Noble County,County,renewables_only,wind,active,3,,,,,"""Noble County"" Indiana wind setback",
2944,report_citation,sabin:S26R-6127,IN,Rush County,County,renewables_only,wind,active,3,,,,,"""Rush County"" Indiana wind height_limit",
2945,report_citation,sabin:S26R-6124,IN,Tippecanoe County,County,renewables_only,wind,active,3,,,,,"""Tippecanoe County"" Indiana wind height_limit",
2946,report_citation,sabin:S26R-6122,IN,Vermillion County,County,renewables_only,wind,active,3,,,,,"""Vermillion County"" Indiana wind setback",
2947,report_citation,sabin:S26R-6121,IN,Wabash County,County,renewables_only,wind,active,3,,,,,"""Wabash County"" Indiana wind setback",
2948,report_citation,sabin:S26R-6120,IN,Wayne County,County,renewables_only,wind,active,3,,,,,"""Wayne County"" Indiana wind height_limit",
2949,report_citation,sabin:S26R-6118,IN,Whitley County,County,renewables_only,wind,active,3,,,,,"""Whitley County"" Indiana wind setback",
2950,report_citation,sabin:REC-0127,KS,Kearny County,County,renewables_only,wind,active,3,,,,,"""Kearny County"" Kansas wind height_limit",
2951,report_citation,sabin:REC-0129,KS,Leavenworth County,County,renewables_only,wind,active,3,,,,,"""Leavenworth County"" Kansas wind height_limit",
2952,report_citation,sabin:REC-0135,KS,Prairie,County,renewables_only,wind,active,3,,,,,"""Prairie"" Kansas wind height_limit",
2953,report_citation,sabin:REC-0139,KY,City of Hopkinsville,Municipality,renewables_only,solar,active,3,,,,,"""City of Hopkinsville"" Kentucky solar setback",
2954,report_citation,sabin:REC-0151,LA,Jefferson Davis Parish,County,renewables_only,wind,active,3,,,,,"""Jefferson Davis Parish"" Louisiana wind setback",
2955,report_citation,sabin:S26R-5971,MA,Andover,Municipality,renewables_only,wind,active,3,,,,,"""Andover"" Massachusetts wind height_limit",
2956,report_citation,sabin:S26R-5970,MA,Essex,Municipality,renewables_only,wind,active,3,,,,,"""Essex"" Massachusetts wind height_limit",
2957,report_citation,sabin:S26R-5977,MA,Fairhaven,Municipality,renewables_only,wind,active,3,,,,,"""Fairhaven"" Massachusetts wind height_limit",
2958,report_citation,sabin:S26R-5968,MA,Hamilton,Municipality,renewables_only,wind,active,3,,,,,"""Hamilton"" Massachusetts wind height_limit",
2959,report_citation,sabin:S26R-5967,MA,Ipswich,Municipality,renewables_only,wind,active,3,,,,,"""Ipswich"" Massachusetts wind height_limit",
2960,report_citation,sabin:S26R-5974,MA,Rehoboth,Municipality,renewables_only,wind,active,3,,,,,"""Rehoboth"" Massachusetts wind height_limit",
2961,report_citation,sabin:S26R-5961,MA,Westfield,Municipality,renewables_only,wind,active,3,,,,,"""Westfield"" Massachusetts wind height_limit",
2962,report_citation,sabin:REC-0172,MD,Allegany County,County,renewables_only,wind,active,3,,,,,"""Allegany County"" Maryland wind setback",
2963,report_citation,sabin:S26R-5987,MD,Calvert County,County,renewables_only,wind,active,3,,,,,"""Calvert County"" Maryland wind height_limit",
2964,report_citation,sabin:S26R-5978,MD,City of Baltimore,Municipality,renewables_only,wind,active,3,,,,,"""City of Baltimore"" Maryland wind height_limit",
2965,report_citation,sabin:S26R-5981,MD,Queen Anne's County,County,renewables_only,wind,active,3,,,,,"""Queen Anne's County"" Maryland wind height_limit",
2966,report_citation,sabin:REC-0167,ME,Town of Dixfield,Municipality,renewables_only,wind,active,3,,,,,"""Town of Dixfield"" Maine wind setback",
2967,report_citation,sabin:S26R-6017,ME,Town of Fort Fairfield,Municipality,renewables_only,wind,active,3,,,,,"""Town of Fort Fairfield"" Maine wind setback",
2968,report_citation,sabin:REC-0168,ME,Town of Freedom,Municipality,renewables_only,wind,active,3,,,,,"""Town of Freedom"" Maine wind setback",
2969,report_citation,sabin:S26R-5991,ME,Town of Montville,Municipality,renewables_only,wind,active,3,,,,,"""Town of Montville"" Maine wind setback",
2970,report_citation,sabin:S26R-6008,ME,Town of Rome,Municipality,renewables_only,wind,active,3,,,,,"""Town of Rome"" Maine wind height_limit",
2971,report_citation,sabin:S26R-6004,ME,Town of Woodstock,Municipality,renewables_only,wind,active,3,,,,,"""Town of Woodstock"" Maine wind setback",
2972,report_citation,sabin:S26R-5954,MI,Allegan County,County,renewables_only,wind,active,3,,,,,"""Allegan County"" Michigan wind height_limit",
2973,report_citation,sabin:S26R-5952,MI,Barry County,County,renewables_only,wind,active,3,,,,,"""Barry County"" Michigan wind height_limit",
2974,report_citation,sabin:REC-0200,MI,Batavia Township,Municipality,renewables_only,wind,active,3,,,,,"""Batavia Township"" Michigan wind height_limit",
2975,report_citation,sabin:S26R-5944,MI,Berrien County,County,renewables_only,wind,active,3,,,,,"""Berrien County"" Michigan wind height_limit",
2976,report_citation,sabin:REC-0206,MI,Claybanks Township,Municipality,renewables_only,wind,active,3,,,,,"""Claybanks Township"" Michigan wind setback",
2977,report_citation,sabin:S26R-5940,MI,Clinton County,County,renewables_only,wind,active,3,,,,,"""Clinton County"" Michigan wind height_limit",
2978,report_citation,sabin:S26R-5894,MI,Douglass Township,Municipality,renewables_only,wind,active,3,,,,,"""Douglass Township"" Michigan wind setback",
2979,report_citation,sabin:S26R-5865,MI,Ellington Township,Municipality,renewables_only,wind,active,3,,,,,"""Ellington Township"" Michigan wind setback",
2980,report_citation,sabin:S26R-5937,MI,Emmet County,County,renewables_only,wind,active,3,,,,,"""Emmet County"" Michigan wind height_limit",
2981,report_citation,sabin:S26R-5949,MI,Garfield Township,Municipality,renewables_only,wind,active,3,,,,,"""Garfield Township"" Michigan wind height_limit",
2982,report_citation,sabin:S26R-5932,MI,Gladwin County,County,renewables_only,wind,active,3,,,,,"""Gladwin County"" Michigan wind height_limit",
2983,report_citation,sabin:S26R-5921,MI,Kalamazoo County,County,renewables_only,wind,active,3,,,,,"""Kalamazoo County"" Michigan wind height_limit",
2984,report_citation,sabin:S26R-5895,MI,LaSalle Township,Municipality,renewables_only,wind,active,3,,,,,"""LaSalle Township"" Michigan wind height_limit",
2985,report_citation,sabin:S26R-5926,MI,Leroy Township,Municipality,renewables_only,wind,active,3,,,,,"""Leroy Township"" Michigan wind height_limit",
2986,report_citation,sabin:S26R-5953,MI,L’Anse Township,Municipality,renewables_only,wind,active,3,,,,,"""L’Anse Township"" Michigan wind height_limit",
2987,report_citation,sabin:S26R-5907,MI,Manistee County,County,renewables_only,wind,active,3,,,,,"""Manistee County"" Michigan wind height_limit",
2988,report_citation,sabin:S26R-5941,MI,Matteson Township,Municipality,renewables_only,wind,active,3,,,,,"""Matteson Township"" Michigan wind setback",
2989,report_citation,sabin:S26R-5862,MI,Novesta Township,Municipality,renewables_only,wind,active,3,,,,,"""Novesta Township"" Michigan wind setback",
2990,report_citation,sabin:S26R-5878,MI,Presque Isle Township,Municipality,renewables_only,wind,active,3,,,,,"""Presque Isle Township"" Michigan wind height_limit",
2991,report_citation,sabin:S26R-5927,MI,Sand Beach Township,Municipality,renewables_only,wind,active,3,,,,,"""Sand Beach Township"" Michigan wind noise_limit",
2992,report_citation,sabin:S26R-5868,MI,Schoolcraft County,County,renewables_only,wind,active,3,,,,,"""Schoolcraft County"" Michigan wind height_limit",
2993,report_citation,sabin:S26R-5943,MI,Sherwood Township,Municipality,renewables_only,wind,active,3,,,,,"""Sherwood Township"" Michigan wind setback",
2994,report_citation,sabin:S26R-5866,MI,Shiawassee County,County,renewables_only,wind,active,3,,,,,"""Shiawassee County"" Michigan wind height_limit",
2995,report_citation,sabin:S26R-5889,MI,Sidney Township,Municipality,renewables_only,wind,active,3,,,,,"""Sidney Township"" Michigan wind setback",
2996,report_citation,sabin:S26R-5925,MI,Stockbridge Township,Municipality,renewables_only,wind,active,3,,,,,"""Stockbridge Township"" Michigan wind height_limit",
2997,report_citation,sabin:S26R-5893,MI,Winfield Township,Municipality,renewables_only,wind,active,3,,,,,"""Winfield Township"" Michigan wind height_limit",
2998,report_citation,sabin:S26R-5837,MN,Pope County,County,renewables_only,wind,active,3,,,,,"""Pope County"" Minnesota wind height_limit",
2999,report_citation,sabin:S26R-5833,MN,Scott County,County,renewables_only,wind,active,3,,,,,"""Scott County"" Minnesota wind height_limit",
3000,report_citation,sabin:S26R-5831,MN,Todd County,County,renewables_only,wind,active,3,,,,,"""Todd County"" Minnesota wind height_limit",
3001,report_citation,sabin:REC-0226,MO,Boone County,County,renewables_only,wind,active,3,,,,,"""Boone County"" Missouri wind height_limit",
3002,report_citation,sabin:S26R-5821,MS,Harrison County,County,renewables_only,wind,active,3,,,,,"""Harrison County"" Mississippi wind height_limit",
3003,report_citation,sabin:S26R-5811,MT,Lewis and Clark County,County,renewables_only,wind,active,3,,,,,"""Lewis and Clark County"" Montana wind height_limit",
3004,report_citation,sabin:REC-0234,MT,Wibaux County,County,renewables_only,wind,active,3,,,,,"""Wibaux County"" Montana wind setback",
3005,report_citation,sabin:REC-0307,NC,Ashe County,County,renewables_only,wind,active,3,,,,,"""Ashe County"" North Carolina wind height_limit",
3006,report_citation,sabin:REC-0308,NC,Carteret County,County,renewables_only,wind,active,3,,,,,"""Carteret County"" North Carolina wind setback",
3007,report_citation,sabin:REC-0309,NC,Craven County,County,renewables_only,wind,active,3,,,,,"""Craven County"" North Carolina wind setback",
3008,report_citation,sabin:S26R-5662,NC,Gates County,County,renewables_only,wind,active,3,,,,,"""Gates County"" North Carolina wind height_limit",
3009,report_citation,sabin:S26R-5661,NC,Granville County,County,renewables_only,wind,active,3,,,,,"""Granville County"" North Carolina wind height_limit",
3010,report_citation,sabin:S26R-5660,NC,Harnett County,County,renewables_only,wind,active,3,,,,,"""Harnett County"" North Carolina wind height_limit",
3011,report_citation,sabin:REC-0312,NC,Iredell County,County,renewables_only,wind,active,3,,,,,"""Iredell County"" North Carolina wind height_limit",
3012,report_citation,sabin:S26R-5648,NC,Sampson County,County,renewables_only,wind,active,3,,,,,"""Sampson County"" North Carolina wind height_limit",
3013,report_citation,sabin:S26R-5636,ND,Sioux County,County,renewables_only,wind,active,3,,,,,"""Sioux County"" North Dakota wind setback",
3014,report_citation,sabin:S26R-5634,ND,Towner County,County,renewables_only,wind,active,3,,,,,"""Towner County"" North Dakota wind height_limit",
3015,report_citation,sabin:REC-0239,NE,Adams County,County,renewables_only,wind,active,3,,,,,"""Adams County"" Nebraska wind setback",
3016,report_citation,sabin:REC-0240,NE,Brown County,County,renewables_only,wind,active,3,,,,,"""Brown County"" Nebraska wind setback",
3017,report_citation,sabin:REC-0241,NE,Buffalo County,County,renewables_only,wind,active,3,,,,,"""Buffalo County"" Nebraska wind setback",
3018,report_citation,sabin:REC-0242,NE,Burt County,County,renewables_only,wind,active,3,,,,,"""Burt County"" Nebraska wind setback",
3019,report_citation,sabin:REC-0243,NE,Cedar County,County,renewables_only,wind,active,3,,,,,"""Cedar County"" Nebraska wind setback",
3020,report_citation,sabin:REC-0245,NE,Dakota County,County,renewables_only,wind,active,3,,,,,"""Dakota County"" Nebraska wind setback",
3021,report_citation,sabin:REC-0246,NE,Dawson County,County,renewables_only,wind,active,3,,,,,"""Dawson County"" Nebraska wind setback",
3022,report_citation,sabin:REC-0250,NE,Hamilton County,County,renewables_only,wind,active,3,,,,,"""Hamilton County"" Nebraska wind setback",
3023,report_citation,sabin:REC-0251,NE,Holt County,County,renewables_only,wind,active,3,,,,,"""Holt County"" Nebraska wind setback",
3024,report_citation,sabin:S26R-5784,NE,Jefferson County,County,renewables_only,wind,active,3,,,,,"""Jefferson County"" Nebraska wind setback",
3025,report_citation,sabin:REC-0252,NE,Kearney County,County,renewables_only,solar,active,3,,,,,"""Kearney County"" Nebraska solar setback",
3026,report_citation,sabin:REC-0253,NE,Lancaster County,County,renewables_only,wind,active,3,,,,,"""Lancaster County"" Nebraska wind setback",
3027,report_citation,sabin:S26R-5779,NE,Loup County,County,renewables_only,wind,active,3,,,,,"""Loup County"" Nebraska wind height_limit",
3028,report_citation,sabin:S26R-5771,NE,Saline County,County,renewables_only,wind,active,3,,,,,"""Saline County"" Nebraska wind setback",
3029,report_citation,sabin:S26R-5765,NE,Thomas County,County,renewables_only,wind,active,3,,,,,"""Thomas County"" Nebraska wind setback",
3030,report_citation,sabin:S26R-5764,NE,Wheeler County,County,renewables_only,wind,active,3,,,,,"""Wheeler County"" Nebraska wind setback",
3031,report_citation,sabin:S26R-5744,NY,Big Flats,Municipality,renewables_only,wind,active,3,,,,,"""Big Flats"" New York wind height_limit",
3032,report_citation,sabin:S26R-5699,NY,Catharine,Municipality,renewables_only,wind,active,3,,,,,"""Catharine"" New York wind height_limit",
3033,report_citation,sabin:S26R-5693,NY,Caton,Municipality,renewables_only,wind,active,3,,,,,"""Caton"" New York wind height_limit",
3034,report_citation,sabin:S26R-5694,NY,Corning,Municipality,renewables_only,wind,active,3,,,,,"""Corning"" New York wind height_limit",
3035,report_citation,sabin:S26R-5746,NY,Southport,Municipality,renewables_only,wind,active,3,,,,,"""Southport"" New York wind height_limit",
3036,report_citation,sabin:REC-0303,NY,Town of Farmersville,Municipality,renewables_only,wind,active,3,,,,,"""Town of Farmersville"" New York wind setback",
3037,report_citation,sabin:S26R-5708,NY,Town of Hopkinton,Municipality,renewables_only,wind,active,3,,,,,"""Town of Hopkinton"" New York wind setback",
3038,report_citation,sabin:S26R-5749,NY,Town of Portland,Municipality,renewables_only,wind,active,3,,,,,"""Town of Portland"" New York wind setback",
3039,report_citation,sabin:S26R-5710,NY,Town of Richland,Municipality,renewables_only,wind,active,3,,,,,"""Town of Richland"" New York wind setback",
3040,report_citation,sabin:S26R-5711,NY,Town of Yates,Municipality,renewables_only,wind,active,3,,,,,"""Town of Yates"" New York wind setback",
3041,report_citation,sabin:REC-0358,OK,Owasso,Municipality,renewables_only,wind,active,3,,,,,"""Owasso"" Oklahoma wind setback",
3042,report_citation,sabin:S26R-5601,OK,Ponca,Municipality,renewables_only,wind,active,3,,,,,"""Ponca"" Oklahoma wind height_limit",
3043,report_citation,sabin:S26R-5547,PA,Bethlehem,Municipality,renewables_only,wind,active,3,,,,,"""Bethlehem"" Pennsylvania wind height_limit",
3044,report_citation,sabin:S26R-5560,PA,East Marlborough,Municipality,renewables_only,wind,active,3,,,,,"""East Marlborough"" Pennsylvania wind height_limit",
3045,report_citation,sabin:S26R-5540,PA,East Union,Municipality,renewables_only,wind,active,3,,,,,"""East Union"" Pennsylvania wind height_limit",
3046,report_citation,sabin:S26R-5590,PA,Glen Osborne,Municipality,renewables_only,wind,active,3,,,,,"""Glen Osborne"" Pennsylvania wind height_limit",
3047,report_citation,sabin:S26R-5546,PA,Macungie,Municipality,renewables_only,wind,active,3,,,,,"""Macungie"" Pennsylvania wind height_limit",
3048,report_citation,sabin:S26R-5591,PA,Mount Oliver,Municipality,renewables_only,wind,active,3,,,,,"""Mount Oliver"" Pennsylvania wind height_limit",
3049,report_citation,sabin:S26R-5585,PA,New Sewickley,Municipality,renewables_only,wind,active,3,,,,,"""New Sewickley"" Pennsylvania wind height_limit",
3050,report_citation,sabin:S26R-5569,PA,Northampton,Municipality,renewables_only,wind,active,3,,,,,"""Northampton"" Pennsylvania wind height_limit",
3051,report_citation,sabin:S26R-5575,PA,Reading,Municipality,renewables_only,wind,active,3,,,,,"""Reading"" Pennsylvania wind height_limit",
3052,report_citation,sabin:S26R-5593,PA,Scott,Municipality,renewables_only,wind,active,3,,,,,"""Scott"" Pennsylvania wind height_limit",
3053,report_citation,sabin:S26R-5545,PA,Upper Saucon,Municipality,renewables_only,wind,active,3,,,,,"""Upper Saucon"" Pennsylvania wind height_limit",
3054,report_citation,sabin:S26R-5556,PA,West Marlborough,Municipality,renewables_only,wind,active,3,,,,,"""West Marlborough"" Pennsylvania wind height_limit",
3055,report_citation,sabin:S26R-5530,SC,Darlington County,County,renewables_only,wind,active,3,,,,,"""Darlington County"" South Carolina wind height_limit",
3056,report_citation,sabin:REC-0399,SD,Letcher Township,Municipality,renewables_only,wind,active,3,,,,,"""Letcher Township"" South Dakota wind setback",
3057,report_citation,sabin:REC-0400,SD,Lincoln County,County,renewables_only,wind,active,3,,,,,"""Lincoln County"" South Dakota wind setback",
3058,report_citation,sabin:REC-0402,SD,Walworth County,County,renewables_only,wind,active,3,,,,,"""Walworth County"" South Dakota wind setback",
3059,report_citation,sabin:S26R-5515,TN,Robertson County,County,renewables_only,wind,active,3,,,,,"""Robertson County"" Tennessee wind height_limit",
3060,report_citation,sabin:REC-0422,TX,Burleson,Municipality,renewables_only,wind,active,3,,,,,"""Burleson"" Texas wind height_limit",
3061,report_citation,sabin:S26R-5487,TX,City of Abilene,Municipality,renewables_only,wind,active,3,,,,,"""City of Abilene"" Texas wind height_limit",
3062,report_citation,sabin:REC-0426,TX,City of Kingsville,Municipality,renewables_only,wind,active,3,,,,,"""City of Kingsville"" Texas wind height_limit",
3063,report_citation,sabin:S26R-5505,TX,City of Ovilla,Municipality,renewables_only,wind,active,3,,,,,"""City of Ovilla"" Texas wind noise_limit",
3064,report_citation,sabin:REC-0430,TX,City of Ovilla,Municipality,renewables_only,wind,active,3,,,,,"""City of Ovilla"" Texas wind noise_limit",
3065,report_citation,sabin:REC-0432,TX,City of Weatherford,Municipality,renewables_only,wind,active,3,,,,,"""City of Weatherford"" Texas wind height_limit",
3066,report_citation,sabin:REC-0424,TX,Garland,Municipality,renewables_only,wind,active,3,,,,,"""Garland"" Texas wind height_limit",
3067,report_citation,sabin:REC-0425,TX,Grand Prairie,Municipality,renewables_only,wind,active,3,,,,,"""Grand Prairie"" Texas wind height_limit",
3068,report_citation,sabin:S26R-5483,UT,Beaver County,County,renewables_only,wind,active,3,,,,,"""Beaver County"" Utah wind setback",
3069,report_citation,sabin:REC-0437,UT,Kane County,County,renewables_only,solar,active,3,,,,,"""Kane County"" Utah solar setback",
3070,report_citation,sabin:REC-0449,VA,Augusta County,County,renewables_only,solar,active,3,,,,,"""Augusta County"" Virginia solar setback",
3071,report_citation,sabin:REC-0457,VA,Grayson County,County,renewables_only,solar,active,3,,,,,"""Grayson County"" Virginia solar setback",
3072,report_citation,sabin:REC-0459,VA,Halifax County,County,renewables_only,solar,active,3,,,,,"""Halifax County"" Virginia solar setback",
3073,report_citation,sabin:S26R-5439,VA,Southampton County,County,renewables_only,solar,active,3,,,,,"""Southampton County"" Virginia solar setback",
3074,report_citation,sabin:S26R-5437,VA,Warren County,County,renewables_only,wind,active,3,,,,,"""Warren County"" Virginia wind height_limit",
3075,report_citation,sabin:S26R-5477,VT,Milton,Municipality,renewables_only,wind,active,3,,,,,"""Milton"" Vermont wind height_limit",
3076,report_citation,sabin:S26R-5474,VT,Woodstock,Municipality,renewables_only,wind,active,3,,,,,"""Woodstock"" Vermont wind height_limit",
3077,report_citation,sabin:S26R-5425,WI,Columbia County,County,renewables_only,wind,active,3,,,,,"""Columbia County"" Wisconsin wind setback",
3078,report_citation,sabin:REC-0482,WI,Green Valley,Municipality,renewables_only,wind,active,3,,,,,"""Green Valley"" Wisconsin wind setback",
3079,report_citation,sabin:REC-0486,WI,Lowville,Municipality,renewables_only,wind,active,3,,,,,"""Lowville"" Wisconsin wind setback",
3080,report_citation,sabin:REC-0476,WI,Manitowoc County,County,renewables_only,wind,active,3,,,,,"""Manitowoc County"" Wisconsin wind setback",
3081,report_citation,sabin:S26R-5416,WI,Marathon County,County,renewables_only,wind,active,3,,,,,"""Marathon County"" Wisconsin wind setback",
3082,report_citation,sabin:REC-0477,WI,Town of Cassel,Municipality,renewables_only,wind,active,3,,,,,"""Town of Cassel"" Wisconsin wind setback",
3083,report_citation,sabin:REC-0478,WI,Town of Cleveland,Municipality,renewables_only,wind,active,3,,,,,"""Town of Cleveland"" Wisconsin wind setback",
3084,report_citation,sabin:REC-0480,WI,Town of Day,Municipality,renewables_only,wind,active,3,,,,,"""Town of Day"" Wisconsin wind setback",
3085,report_citation,sabin:S26R-5413,WI,Town of Eau Pleine,Municipality,renewables_only,wind,active,3,,,,,"""Town of Eau Pleine"" Wisconsin wind setback",
3086,report_citation,sabin:S26R-5414,WI,Town of Frankfort,Municipality,renewables_only,wind,active,3,,,,,"""Town of Frankfort"" Wisconsin wind setback",
3087,report_citation,sabin:REC-0481,WI,Town of Green Grove,Municipality,renewables_only,wind,active,3,,,,,"""Town of Green Grove"" Wisconsin wind setback",
3088,report_citation,sabin:REC-0483,WI,Town of Holton,Municipality,renewables_only,wind,active,3,,,,,"""Town of Holton"" Wisconsin wind setback",
3089,report_citation,sabin:REC-0484,WI,Town of Johnson,Municipality,renewables_only,wind,active,3,,,,,"""Town of Johnson"" Wisconsin wind setback",
3090,report_citation,sabin:REC-0487,WI,Town of Rib Falls,Municipality,renewables_only,wind,active,3,,,,,"""Town of Rib Falls"" Wisconsin wind setback",
3091,report_citation,sabin:REC-0490,WI,Town of Union,Municipality,renewables_only,wind,active,3,,,,,"""Town of Union"" Wisconsin wind setback",
3092,report_citation,sabin:REC-0492,WY,Crook County,County,renewables_only,wind,active,3,,,,,"""Crook County"" Wyoming wind setback",
3093,report_citation,sabin:REC-0002,AL,Cherokee County,County,renewables_only,wind,active,2,,,,,"""Cherokee County"" Alabama wind setback",
3094,report_citation,sabin:REC-0003,AL,DeKalb County,County,renewables_only,wind,active,2,,,,,"""DeKalb County"" Alabama wind setback",
3095,report_citation,sabin:REC-0004,AL,Etowah County,County,renewables_only,wind,active,2,,,,,"""Etowah County"" Alabama wind setback",
3096,report_citation,sabin:S26R-6254,AZ,Yavapai County,County,renewables_only,solar,active,2,,,,,"""Yavapai County"" Arizona solar setback",
3097,report_citation,sabin:S26R-6250,CA,Contra Costa County,County,renewables_only,wind,active,2,,,,,"""Contra Costa County"" California wind setback",
3098,report_citation,sabin:S26R-6246,CA,Inyo County,County,renewables_only,solar,active,2,,,,,"""Inyo County"" California solar size_cap",
3099,report_citation,sabin:S26R-6231,CO,Kiowa County,County,renewables_only,solar,active,2,,,,,"""Kiowa County"" Colorado solar setback",
3100,report_citation,sabin:S26R-6230,CO,Kit Carson County,County,renewables_only,solar,active,2,,,,,"""Kit Carson County"" Colorado solar setback",
3101,report_citation,sabin:S26R-6229,CO,Larimer County,County,renewables_only,solar,active,2,,,,,"""Larimer County"" Colorado solar size_cap",
3102,report_citation,sabin:S26R-6226,CO,Morgan County,County,renewables_only,solar,active,2,,,,,"""Morgan County"" Colorado solar setback",
3103,report_citation,sabin:S26R-6224,CO,Prowers County,County,renewables_only,solar;wind,active,2,,,,,"""Prowers County"" Colorado solar OR wind setback",
3104,report_citation,sabin:S26R-6219,CO,Weld County,County,renewables_only,solar,active,2,,,,,"""Weld County"" Colorado solar setback",
3105,report_citation,sabin:REC-0054,GA,Baldwin County,County,renewables_only,solar,active,2,,,,,"""Baldwin County"" Georgia solar setback",
3106,report_citation,sabin:S26R-6200,GA,Bulloch County,County,renewables_only,solar,active,2,,,,,"""Bulloch County"" Georgia solar setback",
3107,report_citation,sabin:S26R-6198,GA,Dooly County,County,renewables_only,solar,active,2,,,,,"""Dooly County"" Georgia solar size_cap",
3108,report_citation,sabin:REC-0057,GA,Greene County,County,renewables_only,solar,active,2,,,,,"""Greene County"" Georgia solar setback",
3109,report_citation,sabin:S26R-6193,GA,Hart County,County,renewables_only,solar,active,2,,,,,"""Hart County"" Georgia solar setback",
3110,report_citation,sabin:S26R-6192,GA,Heard County,County,renewables_only,solar,active,2,,,,,"""Heard County"" Georgia solar setback",
3111,report_citation,sabin:S26R-6186,GA,Toombs County,County,renewables_only,solar,active,2,,,,,"""Toombs County"" Georgia solar setback",
3112,report_citation,sabin:REC-0103,IA,Adair County,County,renewables_only,wind,active,2,,,,,"""Adair County"" Iowa wind size_cap",
3113,report_citation,sabin:REC-0102,IA,Adams County,County,renewables_only,wind,active,2,,,,,"""Adams County"" Iowa wind size_cap",
3114,report_citation,sabin:S26R-6115,IA,Allamakee County,County,renewables_only,solar,active,2,,,,,"""Allamakee County"" Iowa solar size_cap",
3115,report_citation,sabin:REC-0104,IA,Butler County,County,renewables_only,wind,active,2,,,,,"""Butler County"" Iowa wind setback",
3116,report_citation,sabin:S26R-6112,IA,Chickasaw County,County,renewables_only,solar,active,2,,,,,"""Chickasaw County"" Iowa solar setback",
3117,report_citation,sabin:S26R-6108,IA,Des Moines County,County,renewables_only,wind,active,2,,,,,"""Des Moines County"" Iowa wind setback",
3118,report_citation,sabin:S26R-6107,IA,Dubuque County,County,renewables_only,solar,active,2,,,,,"""Dubuque County"" Iowa solar setback",
3119,report_citation,sabin:S26R-6103,IA,Fremont County,County,renewables_only,wind,active,2,,,,,"""Fremont County"" Iowa wind setback",
3120,report_citation,sabin:REC-0111,IA,Greene County,County,renewables_only,solar,active,2,,,,,"""Greene County"" Iowa solar setback",
3121,report_citation,sabin:S26R-6091,IA,Madison County,County,renewables_only,wind,active,2,,,,,"""Madison County"" Iowa wind setback",
3122,report_citation,sabin:S26R-6090,IA,Mahaska County,County,renewables_only,wind,active,2,,,,,"""Mahaska County"" Iowa wind setback",
3123,report_citation,sabin:S26R-6088,IA,Monona County,County,renewables_only,wind,active,2,,,,,"""Monona County"" Iowa wind size_cap",
3124,report_citation,sabin:S26R-6084,IA,Page County,County,renewables_only,solar,active,2,,,,,"""Page County"" Iowa solar setback",
3125,report_citation,sabin:S26R-6082,IA,Polk County,County,renewables_only,wind,active,2,,,,,"""Polk County"" Iowa wind setback",
3126,report_citation,sabin:S26R-6076,IA,Sac County,County,renewables_only,wind,active,2,,,,,"""Sac County"" Iowa wind setback",
3127,report_citation,sabin:S26R-6071,IA,Story County,County,renewables_only,wind,active,2,,,,,"""Story County"" Iowa wind siting_standard",
3128,report_citation,sabin:S26R-6066,IA,Worth County,County,renewables_only,wind,active,2,,,,,"""Worth County"" Iowa wind setback",
3129,report_citation,queue:q_12cdffb64f,ID,Ada County,County,renewables_only,solar,active,2,,,,,"""Ada County"" Idaho solar zoning_restriction",
3130,report_citation,sabin:REC-0070,ID,Bannock County,County,renewables_only,solar;wind,active,2,,,,,"""Bannock County"" Idaho solar OR wind size_cap",
3131,report_citation,sabin:REC-0071,ID,Bingham County,County,renewables_only,wind,active,2,,,,,"""Bingham County"" Idaho wind noise_limit",
3132,report_citation,sabin:S26R-6179,ID,Gem County,County,renewables_only,solar;wind,active,2,,,,,"""Gem County"" Idaho solar OR wind setback",
3133,report_citation,sabin:S26R-6177,ID,Latah County,County,renewables_only,wind,active,2,,,,,"""Latah County"" Idaho wind setback",
3134,report_citation,sabin:REC-0076,IL,Christian County,County,renewables_only,wind,active,2,,,,,"""Christian County"" Illinois wind setback",
3135,report_citation,sabin:REC-0078,IL,Ford County,County,renewables_only,wind,active,2,,,,,"""Ford County"" Illinois wind setback",
3136,report_citation,sabin:S26R-6159,IL,Randolph County,County,renewables_only,solar;wind,active,2,,,,,"""Randolph County"" Illinois solar OR wind setback",
3137,report_citation,sabin:S26R-6155,IL,Whiteside County,County,renewables_only,solar,active,2,,,,,"""Whiteside County"" Illinois solar setback",
3138,report_citation,sabin:S26R-6154,IL,Woodford County,County,renewables_only,solar;wind,active,2,,,,,"""Woodford County"" Illinois solar OR wind setback",
3139,report_citation,sabin:S26R-6150,IN,Cass County,County,renewables_only,wind,active,2,,,,,"""Cass County"" Indiana wind setback",
3140,report_citation,sabin:S26R-6146,IN,Fountain County,County,renewables_only,wind,active,2,,,,,"""Fountain County"" Indiana wind setback",
3141,report_citation,sabin:S26R-6144,IN,Fulton County,County,renewables_only,solar,active,2,,,,,"""Fulton County"" Indiana solar setback",
3142,report_citation,sabin:REC-0094,IN,Howard County,County,renewables_only,wind,active,2,,,,,"""Howard County"" Indiana wind setback",
3143,report_citation,sabin:S26R-6139,IN,Huntington County,County,renewables_only,solar,active,2,,,,,"""Huntington County"" Indiana solar setback",
3144,report_citation,sabin:REC-0095,IN,Jasper County,County,renewables_only,wind,active,2,,,,,"""Jasper County"" Indiana wind setback",
3145,report_citation,queue:q_f4af916a9c,IN,Jay County,County,renewables_only,battery_storage,active,2,2026-05-11,,,,"""Jay County"" Indiana battery storage setback",
3146,report_citation,queue:q_d3c8aa136e,IN,Jay County,County,renewables_only,solar,active,2,2026-05-11,,,,"""Jay County"" Indiana solar setback",
3147,report_citation,queue:q_7a0536c48c,IN,Jay County,County,renewables_only,wind,active,2,2026-05-11,,,,"""Jay County"" Indiana wind setback",
3148,report_citation,sabin:REC-0101,IN,Montgomery,County,renewables_only,solar;wind,active,2,,,,,"""Montgomery"" Indiana solar OR wind setback",
3149,report_citation,sabin:S26R-6125,IN,Spencer County,County,renewables_only,solar,active,2,,,,,"""Spencer County"" Indiana solar setback",
3150,report_citation,sabin:S26R-6126,IN,St. Joseph County,County,renewables_only,solar,active,2,,,,,"""St. Joseph County"" Indiana solar setback",
3151,report_citation,sabin:S26R-6123,IN,Tipton County,County,renewables_only,wind,active,2,,,,,"""Tipton County"" Indiana wind setback",
3152,report_citation,sabin:S26R-6061,KS,Douglas County,County,renewables_only,solar,active,2,,,,,"""Douglas County"" Kansas solar setback",
3153,report_citation,sabin:REC-0123,KS,Douglas County,County,renewables_only,wind,active,2,,,,,"""Douglas County"" Kansas wind setback",
3154,report_citation,sabin:REC-0126,KS,Johnson County,County,renewables_only,solar,active,2,,,,,"""Johnson County"" Kansas solar size_cap",
3155,report_citation,sabin:REC-0128,KS,Labette,County,renewables_only,wind,active,2,,,,,"""Labette"" Kansas wind other",
3156,report_citation,sabin:S26R-6048,KS,Pratt County,County,renewables_only,wind,active,2,,,,,"""Pratt County"" Kansas wind setback",
3157,report_citation,sabin:S26R-6041,KY,Breckinridge County,County,renewables_only,solar,active,2,,,,,"""Breckinridge County"" Kentucky solar setback",
3158,report_citation,sabin:S26R-6039,KY,Calloway County,County,renewables_only,solar,active,2,,,,,"""Calloway County"" Kentucky solar setback",
3159,report_citation,sabin:REC-0143,KY,City of Villa Hills,Municipality,renewables_only,solar,active,2,,,,,"""City of Villa Hills"" Kentucky solar zoning_restriction",
3160,report_citation,sabin:REC-0140,KY,Lyon County,County,renewables_only,solar,active,2,,,,,"""Lyon County"" Kentucky solar setback",
3161,report_citation,sabin:REC-0141,KY,Mason County,County,renewables_only,solar,active,2,,,,,"""Mason County"" Kentucky solar setback",
3162,report_citation,sabin:REC-0142,KY,Meade County,County,renewables_only,solar,active,2,,,,,"""Meade County"" Kentucky solar setback",
3163,report_citation,sabin:S26R-6032,KY,Ohio County,County,renewables_only,solar,active,2,,,,,"""Ohio County"" Kentucky solar setback",
3164,report_citation,sabin:S26R-6031,KY,Todd County,County,renewables_only,solar,active,2,,,,,"""Todd County"" Kentucky solar setback",
3165,report_citation,sabin:S26R-6030,KY,Trigg County,County,renewables_only,solar,active,2,,,,,"""Trigg County"" Kentucky solar setback",
3166,report_citation,sabin:S26R-6029,LA,Ascension Parish,County,renewables_only,solar,active,2,,,,,"""Ascension Parish"" Louisiana solar setback",
3167,report_citation,sabin:S26R-6028,LA,Bossier Parish,County,renewables_only,solar,active,2,,,,,"""Bossier Parish"" Louisiana solar setback",
3168,report_citation,sabin:S26R-6027,LA,Caddo Parish,County,renewables_only,wind,active,2,,,,,"""Caddo Parish"" Louisiana wind siting_standard",
3169,report_citation,sabin:S26R-6024,LA,Rapides Parish,County,renewables_only,solar,active,2,,,,,"""Rapides Parish"" Louisiana solar setback",
3170,report_citation,sabin:S26R-6023,LA,Richland Parish,County,renewables_only,solar,active,2,,,,,"""Richland Parish"" Louisiana solar setback",
3171,report_citation,sabin:REC-0152,LA,St. James Parish,County,renewables_only,solar,active,2,,,,,"""St. James Parish"" Louisiana solar setback",
3172,report_citation,sabin:REC-0153,LA,Washington Parish,County,renewables_only,solar,active,2,,,,,"""Washington Parish"" Louisiana solar setback",
3173,report_citation,sabin:S26R-5972,MA,Merrimac,Municipality,renewables_only,wind,active,2,,,,,"""Merrimac"" Massachusetts wind size_cap",
3174,report_citation,sabin:S26R-5976,MA,Raynham,Municipality,renewables_only,solar,active,2,,,,,"""Raynham"" Massachusetts solar size_cap",
3175,report_citation,sabin:S26R-5969,MA,Wenham,Municipality,renewables_only,solar,active,2,,,,,"""Wenham"" Massachusetts solar setback",
3176,report_citation,sabin:S26R-5986,MD,Caroline County,County,renewables_only,solar,active,2,,,,,"""Caroline County"" Maryland solar size_cap",
3177,report_citation,sabin:REC-0174,MD,Carroll County,County,renewables_only,solar,active,2,,,,,"""Carroll County"" Maryland solar setback",
3178,report_citation,sabin:S26R-5984,MD,Cecil County,County,renewables_only,solar,active,2,,,,,"""Cecil County"" Maryland solar size_cap",
3179,report_citation,sabin:REC-0158,ME,City of Augusta,Municipality,renewables_only,solar,active,2,,,,,"""City of Augusta"" Maine solar siting_standard",
3180,report_citation,sabin:REC-0162,ME,Town of Athens,Municipality,renewables_only,solar,active,2,,,,,"""Town of Athens"" Maine solar setback",
3181,report_citation,sabin:S26R-6000,ME,Town of Dixmont,Municipality,renewables_only,solar,active,2,,,,,"""Town of Dixmont"" Maine solar size_cap",
3182,report_citation,sabin:S26R-5998,ME,Town of Dixmont,Municipality,renewables_only,wind,active,2,,,,,"""Town of Dixmont"" Maine wind setback",
3183,report_citation,sabin:REC-0170,ME,Town of Greene,Municipality,renewables_only,solar,active,2,,,,,"""Town of Greene"" Maine solar size_cap",
3184,report_citation,sabin:S26R-5994,ME,Town of Moscow,Municipality,renewables_only,wind,active,2,,,,,"""Town of Moscow"" Maine wind setback",
3185,report_citation,sabin:S26R-6006,ME,Town of Otisfield,Municipality,renewables_only,solar,active,2,,,,,"""Town of Otisfield"" Maine solar size_cap",
3186,report_citation,sabin:S26R-6015,ME,Town of Penobscot,Municipality,renewables_only,solar,active,2,,,,,"""Town of Penobscot"" Maine solar size_cap",
3187,report_citation,sabin:S26R-5995,ME,Town of Smithfield,Municipality,renewables_only,solar,active,2,,,,,"""Town of Smithfield"" Maine solar setback",
3188,report_citation,sabin:S26R-6020,ME,Town of Turner,Municipality,renewables_only,solar,active,2,,,,,"""Town of Turner"" Maine solar siting_standard",
3189,report_citation,sabin:REC-0196,MI,Adams Township,Municipality,renewables_only,wind,active,2,,,,,"""Adams Township"" Michigan wind setback",
3190,report_citation,sabin:S26R-5957,MI,Alcona County,County,renewables_only,solar;wind,active,2,,,,,"""Alcona County"" Michigan solar OR wind size_cap",
3191,report_citation,sabin:REC-0197,MI,Almer Township,Municipality,renewables_only,wind,active,2,,,,,"""Almer Township"" Michigan wind setback",
3192,report_citation,sabin:REC-0198,MI,Arcadia Township,Municipality,renewables_only,wind,active,2,,,,,"""Arcadia Township"" Michigan wind setback",
3193,report_citation,sabin:REC-0201,MI,Beaver Township,Municipality,renewables_only,solar;wind,active,2,,,,,"""Beaver Township"" Michigan solar OR wind height_limit",
3194,report_citation,sabin:S26R-5919,MI,Burnside Township,Municipality,renewables_only,wind,active,2,,,,,"""Burnside Township"" Michigan wind setback",
3195,report_citation,sabin:REC-0205,MI,Casnovia Township,Municipality,renewables_only,wind,active,2,,,,,"""Casnovia Township"" Michigan wind setback",
3196,report_citation,sabin:S26R-5877,MI,Chapin,Municipality,renewables_only,solar,active,2,,,,,"""Chapin"" Michigan solar setback",
3197,report_citation,sabin:S26R-5876,MI,Chesaning,Municipality,renewables_only,solar,active,2,,,,,"""Chesaning"" Michigan solar size_cap",
3198,report_citation,sabin:S26R-6288,MI,Douglass Township,Municipality,renewables_only,solar,active,2,,,,,"""Douglass Township"" Michigan solar setback",
3199,report_citation,sabin:S26R-5934,MI,Flushing Township,Municipality,renewables_only,solar,active,2,,,,,"""Flushing Township"" Michigan solar size_cap",
3200,report_citation,sabin:S26R-5948,MI,Garfield Township,Municipality,renewables_only,solar,active,2,,,,,"""Garfield Township"" Michigan solar setback",
3201,report_citation,sabin:S26R-5880,MI,Highland,Municipality,renewables_only,solar,active,2,,,,,"""Highland"" Michigan solar setback",
3202,report_citation,sabin:S26R-5861,MI,Juniata Township,Municipality,renewables_only,wind,active,2,,,,,"""Juniata Township"" Michigan wind setback",
3203,report_citation,sabin:S26R-5890,MI,Maple Valley Township,Municipality,renewables_only,wind,active,2,,,,,"""Maple Valley Township"" Michigan wind setback",
3204,report_citation,sabin:S26R-5905,MI,Mason County,County,renewables_only,wind,active,2,,,,,"""Mason County"" Michigan wind siting_standard",
3205,report_citation,sabin:S26R-5947,MI,Monitor Township,Municipality,renewables_only,wind,active,2,,,,,"""Monitor Township"" Michigan wind setback",
3206,report_citation,sabin:S26R-5902,MI,Monroe County,County,renewables_only,solar,active,2,,,,,"""Monroe County"" Michigan solar size_cap",
3207,report_citation,sabin:S26R-5935,MI,Montrose Township,Municipality,renewables_only,solar,active,2,,,,,"""Montrose Township"" Michigan solar setback",
3208,report_citation,sabin:S26R-5881,MI,Ogemaw County,County,renewables_only,wind,active,2,,,,,"""Ogemaw County"" Michigan wind setback",
3209,report_citation,sabin:S26R-5917,MI,Palmyra Township,Municipality,renewables_only,solar,active,2,,,,,"""Palmyra Township"" Michigan solar setback",
3210,report_citation,sabin:S26R-5888,MI,Pierson Township,Municipality,renewables_only,wind,active,2,,,,,"""Pierson Township"" Michigan wind setback",
3211,report_citation,sabin:S26R-5916,MI,Riga Township,Municipality,renewables_only,wind,active,2,,,,,"""Riga Township"" Michigan wind noise_limit",
3212,report_citation,sabin:S26R-5872,MI,Sanilac County,County,renewables_only,wind,active,2,,,,,"""Sanilac County"" Michigan wind size_cap",
3213,report_citation,sabin:S26R-5873,MI,Sanilac County,County,renewables_only,wind,active,2,,,,,"""Sanilac County"" Michigan wind size_cap",
3214,report_citation,sabin:S26R-5864,MI,Vassar Township,Municipality,renewables_only,wind,active,2,,,,,"""Vassar Township"" Michigan wind setback",
3215,report_citation,sabin:S26R-5938,MI,Watertown Township,Municipality,renewables_only,solar,active,2,,,,,"""Watertown Township"" Michigan solar setback",
3216,report_citation,sabin:S26R-5891,MI,Winfield Township,Municipality,renewables_only,solar,active,2,,,,,"""Winfield Township"" Michigan solar setback",
3217,report_citation,sabin:S26R-5855,MN,Blue Earth County,County,renewables_only,solar,active,2,,,,,"""Blue Earth County"" Minnesota solar setback",
3218,report_citation,sabin:S26R-5853,MN,Carver County,County,renewables_only,solar;wind,active,2,,,,,"""Carver County"" Minnesota solar OR wind size_cap",
3219,report_citation,sabin:REC-0214,MN,City of Minnetrista,Municipality,renewables_only,solar,active,2,,,,,"""City of Minnetrista"" Minnesota solar size_cap",
3220,report_citation,sabin:REC-0215,MN,City of Scandia,Municipality,renewables_only,solar,active,2,,,,,"""City of Scandia"" Minnesota solar setback",
3221,report_citation,sabin:S26R-5846,MN,Isanti County,County,renewables_only,solar,active,2,,,,,"""Isanti County"" Minnesota solar size_cap",
3222,report_citation,sabin:S26R-5843,MN,Mille Lacs County,County,renewables_only,solar;wind,active,2,,,,,"""Mille Lacs County"" Minnesota solar OR wind size_cap",
3223,report_citation,sabin:S26R-5836,MN,Pope County,County,renewables_only,solar;wind,active,2,,,,,"""Pope County"" Minnesota solar OR wind setback",
3224,report_citation,sabin:S26R-5828,MN,Wabasha County,County,renewables_only,solar,active,2,,,,,"""Wabasha County"" Minnesota solar size_cap",
3225,report_citation,sabin:S26R-5825,MN,Waseca County,County,renewables_only,solar,active,2,,,,,"""Waseca County"" Minnesota solar setback",
3226,report_citation,sabin:REC-0218,MN,Wright County,County,renewables_only,solar,active,2,,,,,"""Wright County"" Minnesota solar size_cap",
3227,report_citation,sabin:S26R-5816,MO,Cass County,County,renewables_only,solar,active,2,,,,,"""Cass County"" Missouri solar setback",
3228,report_citation,sabin:S26R-5815,MO,Cass County,County,renewables_only,wind,active,2,,,,,"""Cass County"" Missouri wind setback",
3229,report_citation,sabin:S26R-5668,NC,Caldwell County,County,renewables_only,solar,active,2,,,,,"""Caldwell County"" North Carolina solar size_cap",
3230,report_citation,sabin:S26R-5663,NC,Dare County,County,renewables_only,solar;wind,active,2,,,,,"""Dare County"" North Carolina solar OR wind size_cap",
3231,report_citation,sabin:S26R-5652,NC,Pamlico County,County,renewables_only,wind,active,2,,,,,"""Pamlico County"" North Carolina wind setback",
3232,report_citation,sabin:S26R-5647,ND,Barnes County,County,renewables_only,wind,active,2,,,,,"""Barnes County"" North Dakota wind setback",
3233,report_citation,sabin:S26R-5646,ND,Bowman County,County,renewables_only,solar;wind,active,2,,,,,"""Bowman County"" North Dakota solar OR wind setback",
3234,report_citation,sabin:S26R-5638,ND,Devillo Township,Municipality,renewables_only,wind,active,2,,,,,"""Devillo Township"" North Dakota wind setback",
3235,report_citation,sabin:S26R-5645,ND,Divide County,County,renewables_only,wind,active,2,,,,,"""Divide County"" North Dakota wind setback",
3236,report_citation,sabin:S26R-5644,ND,Dunn County,County,renewables_only,wind,active,2,,,,,"""Dunn County"" North Dakota wind setback",
3237,report_citation,sabin:S26R-5643,ND,Golden Valley County,County,renewables_only,wind,active,2,,,,,"""Golden Valley County"" North Dakota wind setback",
3238,report_citation,sabin:S26R-5641,ND,McKenzie County,County,renewables_only,solar,active,2,,,,,"""McKenzie County"" North Dakota solar setback",
3239,report_citation,sabin:REC-0326,ND,McLean County,County,renewables_only,wind,active,2,,,,,"""McLean County"" North Dakota wind setback",
3240,report_citation,sabin:S26R-5807,NE,Antelope County,County,renewables_only,wind,active,2,,,,,"""Antelope County"" Nebraska wind setback",
3241,report_citation,sabin:REC-0247,NE,Franklin Township,Municipality,renewables_only,wind,active,2,,,,,"""Franklin Township"" Nebraska wind setback",
3242,report_citation,sabin:S26R-5791,NE,Frontier County,County,renewables_only,wind,active,2,,,,,"""Frontier County"" Nebraska wind setback",
3243,report_citation,sabin:S26R-5803,NE,Linwood Township,Municipality,renewables_only,wind,active,2,,,,,"""Linwood Township"" Nebraska wind setback",
3244,report_citation,sabin:S26R-5801,NE,Oak Creek Township,Municipality,renewables_only,wind,active,2,,,,,"""Oak Creek Township"" Nebraska wind setback",
3245,report_citation,sabin:S26R-5777,NE,Otoe County,County,renewables_only,solar,active,2,,,,,"""Otoe County"" Nebraska solar setback",
3246,report_citation,sabin:S26R-5775,NE,Perkins County,County,renewables_only,wind,active,2,,,,,"""Perkins County"" Nebraska wind setback",
3247,report_citation,sabin:S26R-5773,NE,Pierce County,County,renewables_only,wind,active,2,,,,,"""Pierce County"" Nebraska wind setback",
3248,report_citation,sabin:S26R-5772,NE,Red Willow County,County,renewables_only,solar,active,2,,,,,"""Red Willow County"" Nebraska solar setback",
3249,report_citation,sabin:S26R-5802,NE,Richardson Township,Municipality,renewables_only,wind,active,2,,,,,"""Richardson Township"" Nebraska wind setback",
3250,report_citation,sabin:S26R-5798,NE,Savanah Township,Municipality,renewables_only,wind,active,2,,,,,"""Savanah Township"" Nebraska wind setback",
3251,report_citation,sabin:S26R-5799,NE,Skull Creek Township,Municipality,renewables_only,wind,active,2,,,,,"""Skull Creek Township"" Nebraska wind setback",
3252,report_citation,sabin:S26R-5767,NE,Stanton County,County,renewables_only,wind,active,2,,,,,"""Stanton County"" Nebraska wind setback",
3253,report_citation,sabin:S26R-5766,NE,Thayer County,County,renewables_only,wind,active,2,,,,,"""Thayer County"" Nebraska wind setback",
3254,report_citation,sabin:S26R-5761,NH,Keene,Municipality,renewables_only,solar,active,2,,,,,"""Keene"" New Hampshire solar size_cap",
3255,report_citation,sabin:REC-0267,NH,Town of Canaan,Municipality,renewables_only,wind,active,2,,,,,"""Town of Canaan"" New Hampshire wind setback",
3256,report_citation,sabin:S26R-5695,NY,Bath,Municipality,renewables_only,solar,active,2,,,,,"""Bath"" New York solar size_cap",
3257,report_citation,sabin:S26R-5718,NY,Camden,Municipality,renewables_only,solar,active,2,,,,,"""Camden"" New York solar setback",
3258,report_citation,sabin:REC-0298,NY,Clinton,Municipality,renewables_only,wind,active,2,,,,,"""Clinton"" New York wind setback",
3259,report_citation,sabin:S26R-5688,NY,Fremont,Municipality,renewables_only,wind,active,2,,,,,"""Fremont"" New York wind noise_limit",
3260,report_citation,sabin:S26R-5675,NY,Kingston,Municipality,renewables_only,solar,active,2,,,,,"""Kingston"" New York solar size_cap",
3261,report_citation,sabin:S26R-5730,NY,Lowville,Municipality,renewables_only,solar;wind,active,2,,,,,"""Lowville"" New York solar OR wind size_cap",
3262,report_citation,sabin:S26R-5687,NY,Mamakating,Municipality,renewables_only,solar,active,2,,,,,"""Mamakating"" New York solar size_cap",
3263,report_citation,sabin:REC-0296,NY,Niagara,County,renewables_only,solar,active,2,,,,,"""Niagara"" New York solar other",
3264,report_citation,sabin:S26R-5684,NY,Nichols,Municipality,renewables_only,solar,active,2,,,,,"""Nichols"" New York solar size_cap",
3265,report_citation,sabin:S26R-5732,NY,Osceola,Municipality,renewables_only,solar;wind,active,2,,,,,"""Osceola"" New York solar OR wind size_cap",
3266,report_citation,sabin:S26R-5676,NY,Plattekill,Municipality,renewables_only,solar,active,2,,,,,"""Plattekill"" New York solar size_cap",
3267,report_citation,sabin:S26R-5698,NY,Town of Dix,Municipality,renewables_only,wind,active,2,,,,,"""Town of Dix"" New York wind setback",
3268,report_citation,sabin:S26R-5681,NY,Town of Groton,Municipality,renewables_only,solar;wind,active,2,,,,,"""Town of Groton"" New York solar OR wind size_cap",
3269,report_citation,sabin:S26R-5679,NY,Town of Newfield,Municipality,renewables_only,wind,active,2,,,,,"""Town of Newfield"" New York wind setback",
3270,report_citation,sabin:S26R-5753,NY,Town of Sanford,Municipality,renewables_only,wind,active,2,,,,,"""Town of Sanford"" New York wind setback",
3271,report_citation,sabin:S26R-5712,NY,Town of Seneca,Municipality,renewables_only,solar,active,2,,,,,"""Town of Seneca"" New York solar size_cap",
3272,report_citation,sabin:REC-0359,OK,Yukon,Municipality,renewables_only,wind,active,2,,,,,"""Yukon"" Oklahoma wind setback",
3273,report_citation,sabin:S26R-5599,OR,Curry County,County,renewables_only,solar,active,2,,,,,"""Curry County"" Oregon solar size_cap",
3274,report_citation,sabin:S26R-5598,OR,Polk County,County,renewables_only,solar,active,2,,,,,"""Polk County"" Oregon solar size_cap",
3275,report_citation,sabin:REC-0366,OR,Umatilla County,County,renewables_only,wind,active,2,,,,,"""Umatilla County"" Oregon wind setback",
3276,report_citation,sabin:S26R-5596,OR,Wallowa County,County,renewables_only,solar,active,2,,,,,"""Wallowa County"" Oregon solar size_cap",
3277,report_citation,sabin:S26R-5574,PA,Antis Township,Municipality,renewables_only,solar,active,2,,,,,"""Antis Township"" Pennsylvania solar size_cap",
3278,report_citation,sabin:S26R-5572,PA,Athens,Municipality,renewables_only,wind,active,2,,,,,"""Athens"" Pennsylvania wind setback",
3279,report_citation,sabin:S26R-5565,PA,Benner,Municipality,renewables_only,solar,active,2,,,,,"""Benner"" Pennsylvania solar zoning_restriction",
3280,report_citation,sabin:S26R-5561,PA,Birmingham,Municipality,renewables_only,solar;wind,active,2,,,,,"""Birmingham"" Pennsylvania solar OR wind size_cap",
3281,report_citation,sabin:S26R-5563,PA,College,Municipality,renewables_only,wind,active,2,,,,,"""College"" Pennsylvania wind setback",
3282,report_citation,sabin:S26R-5567,PA,Ebensburg,Municipality,renewables_only,wind,active,2,,,,,"""Ebensburg"" Pennsylvania wind size_cap",
3283,report_citation,sabin:S26R-5544,PA,Granville,Municipality,renewables_only,wind,active,2,,,,,"""Granville"" Pennsylvania wind setback",
3284,report_citation,sabin:S26R-5583,PA,Hanover,Municipality,renewables_only,wind,active,2,,,,,"""Hanover"" Pennsylvania wind setback",
3285,report_citation,sabin:S26R-5550,PA,Huntingdon,Municipality,renewables_only,wind,active,2,,,,,"""Huntingdon"" Pennsylvania wind size_cap",
3286,report_citation,sabin:S26R-5577,PA,Maxatawny,Municipality,renewables_only,solar,active,2,,,,,"""Maxatawny"" Pennsylvania solar size_cap",
3287,report_citation,sabin:S26R-5588,PA,Monroeville,Municipality,renewables_only,wind,active,2,,,,,"""Monroeville"" Pennsylvania wind noise_limit",
3288,report_citation,sabin:S26R-5587,PA,O'Hara,Municipality,renewables_only,solar;wind,active,2,,,,,"""O'Hara"" Pennsylvania solar OR wind size_cap",
3289,report_citation,sabin:S26R-5579,PA,Shoemakersville,Municipality,renewables_only,solar,active,2,,,,,"""Shoemakersville"" Pennsylvania solar size_cap",
3290,report_citation,sabin:REC-0380,PA,Smith Township,Municipality,renewables_only,solar,active,2,,,,,"""Smith Township"" Pennsylvania solar setback",
3291,report_citation,sabin:S26R-5536,PA,Sugarcreek,Municipality,renewables_only,solar,active,2,,,,,"""Sugarcreek"" Pennsylvania solar size_cap",
3292,report_citation,sabin:S26R-5582,PA,West Providence,Municipality,renewables_only,wind,active,2,,,,,"""West Providence"" Pennsylvania wind setback",
3293,report_citation,sabin:REC-0395,SC,Calhoun County,County,renewables_only,solar,active,2,,,,,"""Calhoun County"" South Carolina solar setback",
3294,report_citation,sabin:S26R-5529,SC,Edgefield County,County,renewables_only,solar,active,2,,,,,"""Edgefield County"" South Carolina solar setback",
3295,report_citation,sabin:S26R-5528,SC,Marlboro County,County,renewables_only,solar;wind,active,2,,,,,"""Marlboro County"" South Carolina solar OR wind size_cap",
3296,report_citation,sabin:S26R-5527,SD,Brookings County,County,renewables_only,solar,active,2,,,,,"""Brookings County"" South Dakota solar setback",
3297,report_citation,sabin:S26R-5526,SD,Deuel County,County,renewables_only,wind,active,2,,,,,"""Deuel County"" South Dakota wind setback",
3298,report_citation,sabin:S26R-5525,SD,Edmunds County,County,renewables_only,wind,active,2,,,,,"""Edmunds County"" South Dakota wind setback",
3299,report_citation,sabin:REC-0398,SD,Hughes County,County,renewables_only,wind,active,2,,,,,"""Hughes County"" South Dakota wind setback",
3300,report_citation,sabin:REC-0408,SD,Letcher Township,Municipality,renewables_only,wind,active,2,,,,,"""Letcher Township"" South Dakota wind setback",
3301,report_citation,sabin:S26R-5523,SD,Miner County,County,renewables_only,solar,active,2,,,,,"""Miner County"" South Dakota solar setback",
3302,report_citation,sabin:S26R-5521,SD,Roberts County,County,renewables_only,solar,active,2,,,,,"""Roberts County"" South Dakota solar setback",
3303,report_citation,sabin:S26R-5520,SD,Sully County,County,renewables_only,wind,active,2,,,,,"""Sully County"" South Dakota wind setback",
3304,report_citation,sabin:S26R-5519,TN,Dyer County,County,renewables_only,wind,active,2,,,,,"""Dyer County"" Tennessee wind setback",
3305,report_citation,sabin:S26R-5516,TN,Haywood County,County,renewables_only,solar,active,2,,,,,"""Haywood County"" Tennessee solar setback",
3306,report_citation,sabin:REC-0423,TX,City of Denison,Municipality,renewables_only,wind,active,2,,,,,"""City of Denison"" Texas wind zoning_restriction",
3307,report_citation,sabin:REC-0428,TX,City of Midlothian,Municipality,renewables_only,wind,active,2,,,,,"""City of Midlothian"" Texas wind size_cap",
3308,report_citation,sabin:S26R-5495,TX,City of Mineral Wells,Municipality,renewables_only,wind,active,2,,,,,"""City of Mineral Wells"" Texas wind noise_limit",
3309,report_citation,sabin:REC-0431,TX,Waller,Municipality,renewables_only,solar;wind,active,2,,,,,"""Waller"" Texas solar OR wind height_limit",
3310,report_citation,sabin:S26R-5482,UT,Duchesne County,County,renewables_only,wind,active,2,,,,,"""Duchesne County"" Utah wind siting_standard",
3311,report_citation,sabin:S26R-5472,VA,Amelia County,County,renewables_only,solar,active,2,,,,,"""Amelia County"" Virginia solar setback",
3312,report_citation,sabin:REC-0450,VA,Brunswick County,County,renewables_only,solar,active,2,,,,,"""Brunswick County"" Virginia solar size_cap",
3313,report_citation,sabin:REC-0451,VA,Buckingham County,County,renewables_only,solar,active,2,,,,,"""Buckingham County"" Virginia solar size_cap",
3314,report_citation,sabin:S26R-5467,VA,Caroline County,County,renewables_only,solar,active,2,,,,,"""Caroline County"" Virginia solar size_cap",
3315,report_citation,sabin:S26R-5435,VA,City of Suffolk,Municipality,renewables_only,solar,active,2,,,,,"""City of Suffolk"" Virginia solar size_cap",
3316,report_citation,sabin:REC-0454,VA,Culpeper County,County,renewables_only,solar,active,2,,,,,"""Culpeper County"" Virginia solar size_cap",
3317,report_citation,sabin:REC-0455,VA,Fauquier County,County,renewables_only,solar,active,2,,,,,"""Fauquier County"" Virginia solar size_cap",
3318,report_citation,sabin:REC-0456,VA,Franklin County,County,renewables_only,solar,active,2,,,,,"""Franklin County"" Virginia solar size_cap",
3319,report_citation,sabin:S26R-5460,VA,Goochland County,County,renewables_only,solar,active,2,,,,,"""Goochland County"" Virginia solar size_cap",
3320,report_citation,sabin:REC-0458,VA,Greensville County,County,renewables_only,solar,active,2,,,,,"""Greensville County"" Virginia solar size_cap",
3321,report_citation,sabin:S26R-5455,VA,Henry County,County,renewables_only,solar,active,2,,,,,"""Henry County"" Virginia solar size_cap",
3322,report_citation,sabin:S26R-5454,VA,Isle of Wight County,County,renewables_only,solar,active,2,,,,,"""Isle of Wight County"" Virginia solar size_cap",
3323,report_citation,sabin:S26R-5452,VA,King George County,County,renewables_only,solar,active,2,,,,,"""King George County"" Virginia solar size_cap",
3324,report_citation,sabin:REC-0461,VA,Louisa County,County,renewables_only,solar,active,2,,,,,"""Louisa County"" Virginia solar size_cap",
3325,report_citation,sabin:S26R-5446,VA,Nottoway County,County,renewables_only,solar,active,2,,,,,"""Nottoway County"" Virginia solar setback",
3326,report_citation,sabin:S26R-5445,VA,Page County,County,renewables_only,solar,active,2,,,,,"""Page County"" Virginia solar setback",
3327,report_citation,sabin:S26R-5443,VA,Prince George County,County,renewables_only,solar,active,2,,,,,"""Prince George County"" Virginia solar size_cap",
3328,report_citation,sabin:S26R-5442,VA,Rockingham County,County,renewables_only,solar,active,2,,,,,"""Rockingham County"" Virginia solar size_cap",
3329,report_citation,sabin:S26R-5441,VA,Shenandoah County,County,renewables_only,solar,active,2,,,,,"""Shenandoah County"" Virginia solar size_cap",
3330,report_citation,sabin:S26R-5476,VT,Shelburne,Municipality,renewables_only,solar,active,2,,,,,"""Shelburne"" Vermont solar siting_standard",
3331,report_citation,sabin:REC-0464,WA,Klickitat County,County,renewables_only,solar;wind,active,2,,,,,"""Klickitat County"" Washington solar OR wind setback",
3332,report_citation,sabin:S26R-5430,WA,Okanogan County,County,renewables_only,wind,active,2,,,,,"""Okanogan County"" Washington wind setback",
3333,report_citation,sabin:S26R-5428,WA,Whitman County,County,renewables_only,wind,active,2,,,,,"""Whitman County"" Washington wind setback",
3334,report_citation,sabin:REC-0488,WI,Deerfield,Municipality,renewables_only,solar,active,2,,,,,"""Deerfield"" Wisconsin solar setback",
3335,report_citation,sabin:REC-0479,WI,Town of Courtland,Municipality,renewables_only,solar,active,2,,,,,"""Town of Courtland"" Wisconsin solar setback",
3336,report_citation,sabin:S26R-5407,WI,Trempealeau County,County,renewables_only,wind,active,2,,,,,"""Trempealeau County"" Wisconsin wind noise_limit",
3337,report_citation,sabin:S26R-5406,WY,Campbell County,County,renewables_only,wind,active,2,,,,,"""Campbell County"" Wyoming wind setback",
3338,report_citation,sabin:S26R-5404,WY,Fremont County,County,renewables_only,wind,active,2,,,,,"""Fremont County"" Wyoming wind setback",
3339,report_citation,sabin:S26R-5403,WY,Goshen County,County,renewables_only,wind,active,2,,,,,"""Goshen County"" Wyoming wind setback",
3340,report_citation,sabin:S26R-5401,WY,Sweetwater County,County,renewables_only,wind,active,2,,,,,"""Sweetwater County"" Wyoming wind setback",
3341,report_citation,sabin:S26R-5400,WY,Uinta County,County,renewables_only,wind,active,2,,,,,"""Uinta County"" Wyoming wind setback",
3342,report_citation,sabin:REC-0392,RI,Foster,Municipality,renewables_only,wind,pending,2,,,,,"""Foster"" Rhode Island wind ban",
3343,report_citation,sabin:REC-0439,VT,"Caledonia, Essex, Orleans Counties",County,renewables_only,wind,pending,2,,,,,"""Caledonia, Essex, Orleans Counties"" Vermont wind ban",
