rec_id,section,state,name_2025,technology_2025,mechanism_2025,status_2025,match,entry_2026,name_2026,technology_2026,mechanism_2026,status_2026,status_changed,match_basis,candidates_2026,review_decision,reviewer,reviewed_on,review_note
REC-0001,local_restrictions,AL,Baldwin County,wind,"ban/prohibition, setback",in_force,matched,S26R-6263,Baldwin County,wind,ban/prohibition (wind),in_force,,same jurisdiction; mechanism family; year,S26R-6263 Baldwin County (3.00),,,,
REC-0002,local_restrictions,AL,Cherokee County,wind,"noise_limit, setback",in_force,matched,S26R-6262,Cherokee County,wind,"setback (wind), noise limit (wind)",in_force,,same jurisdiction; mechanism family; year,S26R-6262 Cherokee County (3.00),,,,
REC-0003,local_restrictions,AL,DeKalb County,wind,"setback, noise_limit",in_force,matched,S26R-6261,DeKalb County,wind,"setback (wind), noise limit (wind)",in_force,,same jurisdiction; mechanism family,S26R-6261 DeKalb County (2.00),,,,
REC-0004,local_restrictions,AL,Etowah County,wind,"noise_limit, setback",in_force,matched,S26R-6260,Etowah County,wind,"setback (wind), noise limit (wind)",in_force,,same jurisdiction; mechanism family; year,S26R-6260 Etowah County (3.00),,,,
REC-0005,contested_projects,AL,Noccalula Wind Energy Center,wind,,cancelled,matched,S26P-3869,Noccalula Wind Energy Center,wind,,cancelled,,name 1.00; same name; county,S26P-3869 Noccalula Wind Energy Center (3.00),,,,
REC-0006,contested_projects,AL,Origis Energy Solar Farm,solar,,pending,matched,S26P-3870,Origis Energy Solar Farm,solar,,pending,,name 1.00; same name; county,S26P-3870 Origis Energy Solar Farm (3.00),,,,
REC-0007,contested_projects,AL,Shinbone Ridge Wind,wind,,cancelled,matched,S26P-3871,Shinbone Ridge Wind,wind,,cancelled,,name 1.00; same name; county,S26P-3871 Shinbone Ridge Wind (3.00),,,,
REC-0008,contested_projects,AL,Turkey Heaven Mountain Wind,wind,,cancelled,matched,S26P-3872,Turkey Heaven Mountain Wind,wind,,cancelled,,name 1.00; same name; county,S26P-3872 Turkey Heaven Mountain Wind (3.00),,,,
REC-0009,local_restrictions,AZ,Coolidge City,solar,"zoning_restriction,overlay_zone",in_force,matched,S26R-6255,Coolidge City,solar,ban or moratorium (solar),in_force,,same jurisdiction; no mechanism in common; year,S26R-6255 Coolidge City (2.00),,,,
REC-0010,local_restrictions,AZ,Mohave County,,moratorium,lifted,matched,S26R-6257,Mohave County,solar,moratorium (solar),in_force,yes,same jurisdiction; mechanism family; year,S26R-6257 Mohave County (2.00),,,,
REC-0011,contested_projects,AZ,Black Mesa Pumped Storage Project,hydro,,pending,matched,S26P-3875,Black Mesa Pumped Storage Project,storage,,cancelled,yes,name 1.00; same name,S26P-3875 Black Mesa Pumped Storage Project (2.00),,,,
REC-0012,contested_projects,AZ,Prince Road Solar Project,solar,,pending,matched,S26P-3876,Horus Energy AZ 1 LLC’s Prince Road Solar Project,solar,,cancelled,yes,name 1.00; county,S26P-3876 Horus Energy AZ 1 LLC’s Prince Road Solar Project (2.00),,,,
REC-0013,contested_projects,AZ,SunZia Transmission Line,transmission,,pending,matched,S26P-3877,SunZia Transmission Line,transmission,,pending,,name 1.00; same name; county,S26P-3877 SunZia Transmission Line (3.00),,,,
REC-0014,local_restrictions,AR,Madison County,,moratorium,in_force,matched,S26R-6252,Madison County,wind,moratorium (wind),expired,yes,same jurisdiction; mechanism family; year,S26R-6252 Madison County (2.00),,,,
REC-0015,contested_projects,AR,Nimbus Wind Farm,wind,,pending,matched,S26P-3873,Nimbus Wind Farm,wind,,pending,,name 1.00; same name; county,S26P-3873 Nimbus Wind Farm (3.00),,,,
REC-0016,contested_projects,AR,Wind Catcher Energy Connection Project,"wind, transmission",,cancelled,matched,S26P-3874,Wind Catcher Energy Connection Project,wind,,cancelled,,name 1.00; same name; county,S26P-3874 Wind Catcher Energy Connection Project (2.75),,,,
REC-0017,state_level_restrictions,CA,CA (state),"wind,solar,storage",ban/prohibition,in_force,not_in_latest_edition,,,,,,,,,,,,
REC-0018,local_restrictions,CA,Escondido,storage,moratorium,in_force,matched,S26R-6241,City of Escondido,storage,moratorium (storage),in_force,,same jurisdiction; mechanism family; year,S26R-6241 City of Escondido (3.00),,,,
REC-0019,local_restrictions,CA,Del Norte,wind,"ban/prohibition, zoning_restriction",in_force,ambiguous,,,,,,,"only same county, entry at town or township level: a reviewer decides",S26R-6249 Crescent City (2.00),,,,
REC-0020,local_restrictions,CA,Los Angeles,"solar, wind",ban/prohibition,in_force,matched,S26R-6245,Los Angeles County,wind,ban/prohibition (wind),in_force,,same jurisdiction; mechanism family,S26R-6245 Los Angeles County (1.50),,,,
REC-0021,local_restrictions,CA,San Bernardino,"wind, solar",ban/prohibition,in_force,matched,S26R-6242,San Bernardino County,"wind, solar","ban/prohibition (wind), ban/prohibition (solar)",in_force,,same jurisdiction; mechanism family; year,S26R-6242 San Bernardino County (3.00),,,,
REC-0022,local_restrictions,CA,Santa Clara,solar,"ban/prohibition, zoning_restriction",in_force,matched,S26R-6240,Santa Clara County,solar,ban/prohibition (solar),in_force,,same jurisdiction; mechanism family; year,S26R-6240 Santa Clara County (3.00),,,,
REC-0023,contested_projects,CA,Altamont Pass Wind Resource Area First-Generation Wind Farms,wind,,in_force,matched,S26P-3878,Altamont Pass Wind Resource Area First-Generation Wind Farms,wind,,unknown,yes,name 1.00; same name,S26P-3878 Altamont Pass Wind Resource Area First-Generation Wind Farms (2.50),,,,
REC-0024,contested_projects,CA,Aramis Solar Project,solar,,in_force,matched,S26P-3879,Aramis Solar Project,solar,,pending,yes,name 1.00; same name; county,S26P-3879 Aramis Solar Project (3.00),,,,
REC-0025,contested_projects,CA,Aratina Solar Center,"solar, storage",,in_force,matched,S26P-3880,Aratina Solar Center,"solar, storage",,pending,yes,name 1.00; same name; county,S26P-3880 Aratina Solar Center (3.00),,,,
REC-0026,contested_projects,CA,Blythe Mesa Solar Power Project,solar,,in_force,matched,S26P-3881,Blythe Mesa Solar Power Project,solar,,unknown,yes,name 1.00; same name; county,S26P-3881 Blythe Mesa Solar Power Project (3.00),,,,
REC-0027,contested_projects,CA,Boulder Brush Project,"transmission, wind",,in_force,matched,S26P-3882,Boulder Brush Project,transmission,,pending,yes,name 1.00; same name; county,S26P-3882 Boulder Brush Project (2.75),,,,
REC-0028,contested_projects,CA,BW-IDEOL Offshore Wind Project,wind,,in_force,matched,S26P-3883,BW-IDEOL Offshore Wind Project,wind,,cancelled,yes,name 1.00; same name; county,S26P-3883 BW-IDEOL Offshore Wind Project (3.00),,,,
REC-0029,state_level_restrictions,CO,CO (state),"wind,solar",ban/prohibition,in_force,not_in_latest_edition,,,,,,,,,,,,
REC-0030,local_restrictions,CO,Delta County,,moratorium,in_force,matched,S26R-6235,Delta County,"wind, solar","moratorium (wind), moratorium (solar)",expired,yes,same jurisdiction; mechanism family; year,S26R-6235 Delta County (2.00),,,,
REC-0031,local_restrictions,CO,Mesa County,solar,moratorium,lifted,matched,S26R-6228,Mesa County,solar,moratorium (solar),in_force,yes,same jurisdiction; mechanism family; year,S26R-6228 Mesa County (3.00),,,,
REC-0032,local_restrictions,CO,Montrose County,,moratorium,in_force,matched,S26R-6227,Montrose County,"wind, solar","moratorium (wind), moratorium (solar)",in_force,,same jurisdiction; mechanism family; year,S26R-6227 Montrose County (2.00),,,,
REC-0033,local_restrictions,CO,Rio Blanco County,"wind,solar",moratorium,in_force,matched,S26R-6223,Rio Blanco County,"wind, solar","moratorium (wind), moratorium (solar)",expired,yes,same jurisdiction; mechanism family; year,S26R-6223 Rio Blanco County (3.00),,,,
REC-0034,local_restrictions,CO,San Miguel County,solar,moratorium,lifted,matched,S26R-6222,San Miguel County,solar,"moratorium (solar), cap on project size (solar)",in_force,yes,same jurisdiction; mechanism family; year,S26R-6222 San Miguel County (3.00),,,,
REC-0035,local_restrictions,CO,Washington County,"wind,solar",moratorium,lifted,matched,S26R-6221,Washington County,"wind, solar","moratorium (wind), moratorium (solar)",expired,yes,same jurisdiction; mechanism family; year,S26R-6221 Washington County (3.00),,,,
REC-0036,state_level_restrictions,CT,CT (state),"wind,solar",ban/prohibition,in_force,not_in_latest_edition,,,,,,,,,,,,
REC-0037,state_level_restrictions,CT,Public Act No. 17-218,solar,ban/prohibition,in_force,matched,S26R-6286,Connecticut Public Act No. 17-218,solar,ban/prohibition (solar),in_force,,same bill pa17-218; mechanism family; year,S26R-6286 Connecticut Public Act No. 17-218 (3.00),,,,
REC-0038,contested_projects,CT,Denslow Hill Road Solar Project,solar,,pending,matched,S26P-3917,Denslow Hill Road Solar Project,solar,,pending,,name 1.00; same name; county,S26P-3917 Denslow Hill Road Solar Project (3.00),,,,
REC-0039,contested_projects,CT,Ellington Airport Solar Project,solar,,pending,matched,S26P-3918,Ellington Airport Solar Project,solar,,cancelled,yes,name 1.00; same name; county,S26P-3918 Ellington Airport Solar Project (3.00),,,,
REC-0040,contested_projects,CT,Fairfield to Congress Railroad Transmission Line,transmission,,pending,matched,S26P-3919,Fairfield to Congress Railroad Transmission Line,transmission,,pending,,name 1.00; same name; county,S26P-3919 Fairfield to Congress Railroad Transmission Line (3.00),,,,
REC-0041,contested_projects,CT,TRITEC America’s Carter Street Solar Project,solar,,pending,matched,S26P-3922,TRITEC America’s Carter Street Solar Project,solar,,cancelled,yes,name 1.00; same name; county,S26P-3922 TRITEC America’s Carter Street Solar Project (3.00),,,,
REC-0042,local_restrictions,DE,Kent County,solar,"moratorium, ban/prohibition",in_force,matched,S26R-6204,Kent County,solar,moratorium (solar),in_force,,same jurisdiction; mechanism family; year,S26R-6204 Kent County (3.00),,,,
REC-0043,local_restrictions,DE,Town of Bethany Beach,solar,ban/prohibition,in_force,matched,S26R-6202,Town of Bethany Beach,solar,"ban or moratorium (solar), zoning restriction (solar)",in_force,,same jurisdiction; mechanism family,S26R-6202 Town of Bethany Beach (2.00),,,,
REC-0044,contested_projects,DE,Cedar Creek Solar,solar,,pending,matched,S26P-3923,Cedar Creek Solar,solar,,pending,,name 1.00; same name; county,S26P-3923 Cedar Creek Solar (3.00),,,,
REC-0045,contested_projects,DE,Frankford Solar,solar,,cancelled,matched,S26P-3924,Frankford Solar,solar,,cancelled,,name 1.00; same name; county,S26P-3924 Frankford Solar (3.00),,,,
REC-0046,contested_projects,DE,Skipjack Wind Farm Interconnection Facility in Fenwick State Park,wind,,cancelled,matched,S26P-3925,Skipjack Wind Farm Interconnection Facility in Fenwick State Park,wind,,cancelled,,name 1.00; same name; county,S26P-3925 Skipjack Wind Farm Interconnection Facility in Fenwick State Park (3.00),,,,
REC-0047,contested_projects,DE,University of Delaware Wind Turbine,wind,,cancelled,matched,S26P-3926,University of Delaware Wind Turbine,wind,,unknown,yes,name 1.00; same name; county,S26P-3926 University of Delaware Wind Turbine (3.00),,,,
REC-0048,contested_projects,DE,US Wind Substation Project in Dagsboro,wind,,cancelled,matched,S26P-3927,US Wind Substation Project,wind,,pending,yes,name 1.00; county,S26P-3927 US Wind Substation Project (2.00),,,,
REC-0049,state_level_restrictions,FL,2024 Florida Statutes 377.708,wind,ban/prohibition,in_force,not_in_latest_edition,,,,,,,,,,,,
REC-0050,local_restrictions,FL,Alachua County,,,lifted,not_in_latest_edition,,,,,,,,,,,,
REC-0051,local_restrictions,FL,Alachua County,solar,,lifted,not_in_latest_edition,,,,,,,,,,,,
REC-0052,contested_projects,FL,Archer Solar Project,solar,,approved_after_opposition,matched,S26P-3928,Archer Solar Project,solar,,cancelled,yes,name 1.00; same name; county,S26P-3928 Archer Solar Project (3.00),,,,
REC-0053,contested_projects,FL,Sand Bluff Solar Project,solar,,approved_after_opposition,matched,S26P-3929,Sand Bluff Solar Project,solar,,cancelled,yes,name 1.00; same name; county,S26P-3929 Sand Bluff Solar Project (3.00),,,,
REC-0054,local_restrictions,GA,Baldwin County,solar,setback,in_force,matched,S26R-6201,Baldwin County,solar,setback (solar),in_force,,same jurisdiction; mechanism family; year,S26R-6201 Baldwin County (3.00),,,,
REC-0055,local_restrictions,GA,Franklin County,,ban/prohibition,in_force,matched,S26R-6196,Franklin County,"wind, solar","ban/prohibition (wind), ban/prohibition (solar)",in_force,,same jurisdiction; mechanism family; year,S26R-6196 Franklin County (2.00),,,,
REC-0056,local_restrictions,GA,Grady County,solar,moratorium,lifted,matched,S26R-6195,Grady County,solar,moratorium (solar),expired,yes,same jurisdiction; mechanism family; year,S26R-6195 Grady County (3.00),,,,
REC-0057,local_restrictions,GA,Greene County,solar,"setback, visual_impact_rule",in_force,matched,S26R-6194,Greene County,solar,"visual_impact_rule (solar), setback (solar)",in_force,,same jurisdiction; mechanism family; year,S26R-6194 Greene County (3.00),,,,
REC-0058,local_restrictions,GA,Jeff Davis County,solar,ban/prohibition,in_force,matched,S26R-6191,Jeff Davis County,solar,ban/prohibition (solar),in_force,,same jurisdiction; mechanism family; year,S26R-6191 Jeff Davis County (3.00),,,,
REC-0059,local_restrictions,GA,Lee County,solar,moratorium,lifted,matched,S26R-6190,Lee County,solar,moratorium (solar),expired,yes,same jurisdiction; mechanism family; year,S26R-6190 Lee County (3.00),,,,
REC-0060,local_restrictions,GA,Oglethorpe County,solar,moratorium,in_force,matched,S26R-6189,Oglethorpe County,solar,moratorium (solar),in_force,,same jurisdiction; mechanism family; year,S26R-6189 Oglethorpe County (3.00),,,,
REC-0061,local_restrictions,GA,Thomas County,solar,moratorium,in_force,matched,S26R-6187,Thomas County,solar,moratorium (solar),in_force,,same jurisdiction; mechanism family; year,S26R-6187 Thomas County (3.00),,,,
REC-0062,contested_projects,GA,Cubico Solar Farm,solar,,cancelled,matched,S26P-3930,Cubico Solar Farm,solar,,cancelled,,name 1.00; same name; county,S26P-3930 Cubico Solar Farm (3.00),,,,
REC-0063,contested_projects,GA,SA Solar Farm,solar,,pending,matched,S26P-3931,SA Solar,solar,,pending,,name 1.00; county,S26P-3931 SA Solar (2.00),,,,
REC-0064,contested_projects,GA,Silicon Ranch’s Kathleen Solar Project,solar,,cancelled,matched,S26P-3932,Silicon Ranch’s Kathleen Solar Project,solar,,cancelled,,name 1.00; same name; county,S26P-3932 Silicon Ranch’s Kathleen Solar Project (3.00),,,,
REC-0065,contested_projects,GA,SR Robins Solar Farm,solar,,cancelled,matched,S26P-3933,SR Robins Solar Farm,solar,,cancelled,,name 1.00; same name; county,S26P-3933 SR Robins Solar Farm (3.00),,,,
REC-0066,local_restrictions,HI,Honolulu City,wind,"setback, zoning_restriction",in_force,not_in_latest_edition,,,,,,,,,,,,
REC-0067,contested_projects,HI,Kahuku Na Pua Makani Wind Project,wind,,approved_after_opposition,matched,S26P-3934,Kahuku Pua Makani Wind Project,wind,,pending,yes,name 1.00; county,S26P-3934 Kahuku Pua Makani Wind Project (2.00),,,,
REC-0068,contested_projects,HI,Kawailoa Wind Farm,wind,,approved_after_opposition,matched,S26P-3935,Kawailoa Wind Farm,wind,,operational,yes,name 1.00; same name; county,S26P-3935 Kawailoa Wind Farm (3.00),,,,
REC-0069,contested_projects,HI,Paeahu Solar (Maui Meadows),solar,,cancelled,matched,S26P-3936,Paeahu Solar,solar,,cancelled,,name 1.00; county,S26P-3936 Paeahu Solar (2.00),,,,
REC-0070,local_restrictions,ID,Bannock County,"solar, wind, storage","ban/prohibition, moratorium, setback",in_force,matched,S26R-6184,Bannock County,"wind, solar","ban/prohibition (wind), cap on project size (wind), cap on project size (solar)",in_force,,same jurisdiction; mechanism family,S26R-6184 Bannock County (1.67),,,,
REC-0071,local_restrictions,ID,Bingham County,wind,setback,in_force,matched,S26R-6183,Bingham County,wind,noise limit (wind),in_force,,same jurisdiction; no mechanism in common; year,S26R-6183 Bingham County (2.00),,,,
REC-0072,local_restrictions,ID,Bonneville County,wind,"setback, zoning_restriction",in_force,matched,S26R-6182,Bonneville County,wind,ban or moratorium (wind),expired,yes,same jurisdiction; no mechanism in common; year,S26R-6182 Bonneville County (2.00),,,,
REC-0073,local_restrictions,ID,Twin Falls County,"wind, solar","moratorium, zoning_restriction",in_force,matched,S26R-6175,Twin Falls County,"wind, solar","moratorium (wind), moratorium (solar)",in_force,,same jurisdiction; mechanism family; year,S26R-6175 Twin Falls County (3.00),,,,
REC-0074,state_level_restrictions,IL,IL (state),"wind,solar",ban/prohibition,in_force,not_in_latest_edition,,,,,,,,,,,,
REC-0075,state_level_restrictions,IL,Public Law 102-1123,"wind, solar","moratorium, setback, noise_limit, shadow_flicker_limit, zoning_restriction",in_force,not_in_latest_edition,,,,,,,,,,,,
REC-0076,local_restrictions,IL,Christian County,,"setback, shadow_flicker_limit",in_force,matched,S26R-6173,Christian County,wind,"setback (wind), shadow_flicker_limit (wind)",in_force,,same jurisdiction; mechanism family,S26R-6173 Christian County (1.00),,,,
REC-0077,local_restrictions,IL,DeKalb County,wind,"setback, noise_limit, shadow_flicker_limit",in_force,matched,S26R-6172,DeKalb County,wind,"setback (wind), shadow_flicker_limit (wind)",expired,yes,same jurisdiction; mechanism family,S26R-6172 DeKalb County (2.00),,,,
REC-0078,local_restrictions,IL,Ford County,wind,"moratorium, setback",lifted,matched,S26R-6170,Ford County,wind,"setback (wind), noise limit (wind)",in_force,yes,same jurisdiction; mechanism family,S26R-6170 Ford County (2.00),,,,
REC-0079,local_restrictions,IL,Lee County,,moratorium,lifted,matched,S26R-6165,Lee County,"wind, solar, storage","moratorium (wind), moratorium (solar), moratorium (storage)",expired,yes,same jurisdiction; mechanism family,S26R-6165 Lee County (1.00),,,,
REC-0080,local_restrictions,IL,Monroe County,"wind, solar","setback, noise_limit, shadow_flicker_limit",in_force,matched,S26R-6163,Monroe County,wind,"setback (wind), noise limit (wind), shadow_flicker_limit (wind)",in_force,,same jurisdiction; mechanism family,S26R-6163 Monroe County (1.50),,,,
REC-0081,local_restrictions,IL,Piatt County,,moratorium,lifted,matched,S26R-6160,Piatt County,wind,moratorium (wind),in_force,yes,same jurisdiction; mechanism family,S26R-6160 Piatt County (1.00),,,,
REC-0082,local_restrictions,IL,Tazewell County,,moratorium,in_force,matched,S26R-6157,Tazewell County,wind,moratorium (wind),in_force,,same jurisdiction; mechanism family,S26R-6157 Tazewell County (1.00),,,,
REC-0083,local_restrictions,IL,"Effingham County, Village of Teutopolis",wind,ban/prohibition,in_force,not_in_latest_edition,,,,,,,,,,,,
REC-0084,contested_projects,IL,Alexis Solar Project,solar,,cancelled,matched,S26P-3953,Alexis Solar Project,solar,,cancelled,,name 1.00; same name; county,S26P-3953 Alexis Solar Project (3.00),,,,
REC-0085,contested_projects,IL,Alta Wind Farm,wind,,approved_after_opposition,matched,S26P-3954,Alta Wind Farm,wind,,operational,yes,name 1.00; same name,S26P-3954 Alta Wind Farm (2.50),,,,
REC-0086,local_restrictions,IN,Allen,wind,ban/prohibition,in_force,matched,S26R-6153,Allen County,wind,"ban/prohibition (wind), cap on project size (wind), height limit (wind)",in_force,,same jurisdiction; mechanism family; year,S26R-6153 Allen County (3.00),,,,
REC-0087,local_restrictions,IN,Boone,"wind, solar, storage",moratorium,in_force,matched,S26R-6151,Boone County,"wind, solar, storage","moratorium (wind), moratorium (solar), moratorium (storage), cap on project size (solar)",in_force,,same jurisdiction; mechanism family; year,S26R-6151 Boone County (3.00),,,,
REC-0088,local_restrictions,IN,Clark,solar,"setback, cap on area",in_force,matched,S26R-6149,Clark County,solar,"cap on project size (solar), setback (solar)",in_force,,same jurisdiction; mechanism family; year,S26R-6149 Clark County (3.00),,,,
REC-0089,local_restrictions,IN,Clinton,wind,moratorium,in_force,not_in_latest_edition,,,,,,,,,,,,
REC-0090,local_restrictions,IN,Delaware,solar,"moratorium, setback",in_force,matched,S26R-6147,Delaware County,solar,moratorium (solar),in_force,,same jurisdiction; mechanism family; year,S26R-6147 Delaware County (3.00),,,,
REC-0091,local_restrictions,IN,Fulton,wind,ban/prohibition,in_force,matched,S26R-6145,Fulton County,wind,ban/prohibition (wind),in_force,,same jurisdiction; mechanism family; year,S26R-6145 Fulton County (3.00),,,,
REC-0092,local_restrictions,IN,Hamilton,"wind, solar","setback, height limit",in_force,matched,S26R-6143,Hamilton County,wind,height limit (wind),in_force,,same jurisdiction; mechanism family; year,S26R-6143 Hamilton County (2.50); S26R-6142 Hamilton County (1.50),,,,
REC-0093,local_restrictions,IN,Henry,wind,buffer zone,in_force,matched,S26R-6141,Henry County,wind,ban or moratorium (wind),in_force,,same jurisdiction; no mechanism in common; year,S26R-6141 Henry County (2.00),,,,
REC-0094,local_restrictions,IN,Howard,wind,"setback, noise limit",in_force,matched,S26R-6140,Howard County,wind,"setback (wind), noise limit (wind)",in_force,,same jurisdiction; mechanism family; year,S26R-6140 Howard County (3.00),,,,
REC-0095,local_restrictions,IN,Jasper,"wind, solar",setback,in_force,matched,S26R-6138,Jasper County,wind,setback (wind),in_force,,same jurisdiction; mechanism family,S26R-6138 Jasper County (1.50),,,,
REC-0096,local_restrictions,IN,Kosciusko,solar,moratorium,in_force,matched,S26R-6137,Kosciusko County,"wind, solar","moratorium (wind), moratorium (solar), setback (wind), noise limit (wind), shadow_flicker_limit (wind)",in_force,,same jurisdiction; mechanism family; year,S26R-6137 Kosciusko County (2.50),,,,
REC-0097,local_restrictions,IN,Lake,solar,"setback, primary use prohibition",in_force,matched,S26R-6135,Lake County,solar,ban or moratorium (solar),in_force,,same jurisdiction; mechanism family; year,S26R-6135 Lake County (3.00),,,,
REC-0098,local_restrictions,IN,Madison,"wind, solar",moratorium,in_force,matched,S26R-6133,Madison County,wind,moratorium (wind),in_force,,same jurisdiction; mechanism family,S26R-6133 Madison County (1.50); S26R-6134 Madison County (0.50),,,,
REC-0099,local_restrictions,IN,Marshall,wind,ban/prohibition,in_force,matched,S26R-6132,Marshall County,wind,ban/prohibition (wind),in_force,,same jurisdiction; mechanism family; year,S26R-6132 Marshall County (3.00),,,,
REC-0100,local_restrictions,IN,Miami,wind,setback,in_force,matched,S26R-6131,Miami County,wind,setback (wind),in_force,,same jurisdiction; mechanism family; year,S26R-6131 Miami County (3.00),,,,
REC-0101,local_restrictions,IN,Montgomery,"wind, solar",setback,in_force,not_in_latest_edition,,,,,,,,,,,,
REC-0102,local_restrictions,IA,Adams County,wind,"setback, noise_limit",in_force,matched,S26R-6116,Adams County,wind,cap on project size (wind),in_force,,same jurisdiction; no mechanism in common; year,S26R-6116 Adams County (2.00),,,,
REC-0103,local_restrictions,IA,Adair County,wind,ban/prohibition,in_force,matched,S26R-6117,Adair County,wind,cap on project size (wind),in_force,,same jurisdiction; no mechanism in common; year,S26R-6117 Adair County (2.00),,,,
REC-0104,local_restrictions,IA,Butler County,wind,"setback, noise_limit",in_force,matched,S26R-6114,Butler County,wind,"setback (wind), noise limit (wind)",in_force,,same jurisdiction; mechanism family; year,S26R-6114 Butler County (3.00),,,,
REC-0105,local_restrictions,IA,Cerro Gordo County,"wind, solar, storage",moratorium,in_force,matched,S26R-6113,Cerro Gordo County,"wind, solar, storage","moratorium (wind), moratorium (solar), moratorium (storage)",in_force,,same jurisdiction; mechanism family; year,S26R-6113 Cerro Gordo County (3.00),,,,
REC-0106,local_restrictions,IA,Council Bluffs,wind,ban/prohibition,in_force,matched,S26R-6079,City of Council Bluffs,wind,ban/prohibition (wind),in_force,,same jurisdiction; mechanism family; year,S26R-6079 City of Council Bluffs (3.00),,,,
REC-0107,local_restrictions,IA,Clinton County,wind,"moratorium, setback",in_force,matched,S26R-6111,Clinton County,wind,"moratorium (wind), setback (wind)",in_force,,same jurisdiction; mechanism family; year,S26R-6111 Clinton County (3.00),,,,
REC-0108,local_restrictions,IA,Dallas County,wind,"noise_limit, setback",in_force,matched,S26R-6110,Dallas County,wind,"setback (wind), noise limit (wind)",in_force,,same jurisdiction; mechanism family,S26R-6110 Dallas County (2.00),,,,
REC-0109,local_restrictions,IA,Emmet County,wind,moratorium,in_force,matched,S26R-6106,Emmet County,wind,moratorium (wind),expired,yes,same jurisdiction; mechanism family; year,S26R-6106 Emmet County (3.00),,,,
REC-0110,local_restrictions,IA,Floyd County,"wind, storage",moratorium,in_force,matched,S26R-6104,Floyd County,"wind, storage","moratorium (wind), moratorium (storage)",expired,yes,same jurisdiction; mechanism family,S26R-6104 Floyd County (2.00),,,,
REC-0111,local_restrictions,IA,Greene County,solar,moratorium,lifted,matched,S26R-6102,Greene County,solar,"cap on project size (solar), setback (solar)",in_force,yes,same jurisdiction; no mechanism in common; year,S26R-6102 Greene County (2.00),,,,
REC-0112,local_restrictions,IA,Grundy County,wind,"moratorium, setback",in_force,matched,S26R-6101,Grundy County,wind,setback (wind),in_force,,same jurisdiction; mechanism family,S26R-6101 Grundy County (2.00),,,,
REC-0113,local_restrictions,IA,Hardin County,wind,ban/prohibition,in_force,matched,S26R-6100,Hardin County,wind,moratorium (wind),in_force,,same jurisdiction; mechanism family; year,S26R-6100 Hardin County (3.00),,,,
REC-0114,local_restrictions,IA,Henry County,wind,moratorium,in_force,matched,S26R-6098,Henry County,"wind, solar","moratorium (wind), moratorium (solar)",expired,yes,same jurisdiction; mechanism family; year,S26R-6098 Henry County (2.50),,,,
REC-0115,local_restrictions,IA,Humboldt County,"wind, solar, transmission",moratorium,in_force,matched,S26R-6097,Humboldt County,"wind, solar, transmission","moratorium (wind), moratorium (solar), moratorium (transmission)",expired,yes,same jurisdiction; mechanism family; year,S26R-6097 Humboldt County (3.00),,,,
REC-0116,local_restrictions,IA,Johnson County,solar,moratorium,lifted,matched,S26R-6094,Johnson County,solar,moratorium (solar),expired,yes,same jurisdiction; mechanism family; year,S26R-6094 Johnson County (3.00),,,,
REC-0117,local_restrictions,IA,Kossuth County,solar,moratorium,in_force,matched,S26R-6093,Kossuth County,solar,ban/prohibition (solar),in_force,,same jurisdiction; mechanism family; year,S26R-6093 Kossuth County (3.00),,,,
REC-0118,local_restrictions,IA,Linn County,solar,moratorium,lifted,matched,S26R-6092,Linn County,solar,moratorium (solar),expired,yes,same jurisdiction; mechanism family,S26R-6092 Linn County (2.00),,,,
REC-0119,state_level_restrictions,KS,Tallgrass Heartland Wind Moratorium,wind,moratorium,in_force,not_in_latest_edition,,,,,,,,,,,,
REC-0120,local_restrictions,KS,Barton,solar,"moratorium, zoning regulation update",in_force,matched,S26R-6065,Barton County,solar,moratorium (solar),in_force,,same jurisdiction; mechanism family; year,S26R-6065 Barton County (3.00),,,,
REC-0121,local_restrictions,KS,Brown,wind,moratorium,in_force,matched,S26R-6064,Brown County,wind,moratorium (wind),expired,yes,same jurisdiction; mechanism family; year,S26R-6064 Brown County (3.00),,,,
REC-0122,local_restrictions,KS,Cherokee,wind,"setback, noise limit, height restriction",in_force,matched,S26R-6063,Cherokee County,wind,"setback (wind), noise limit (wind), height limit (wind)",in_force,,same jurisdiction; mechanism family,S26R-6063 Cherokee County (2.00),,,,
REC-0123,local_restrictions,KS,Douglas,"wind, solar","moratorium, setback",in_force,matched,S26R-6062,Douglas County,wind,setback (wind),in_force,,same jurisdiction; mechanism family; year,S26R-6062 Douglas County (2.50); S26R-6061 Douglas County (1.50),,,,
REC-0124,local_restrictions,KS,Franklin,wind,moratorium,in_force,matched,S26R-6060,Franklin County,wind,moratorium (wind),in_force,,same jurisdiction; mechanism family; year,S26R-6060 Franklin County (3.00),,,,
REC-0125,local_restrictions,KS,Harvey,"wind, solar","moratorium, zoning regulation update",in_force,matched,S26R-6059,Harvey County,"wind, solar","moratorium (wind), moratorium (solar)",in_force,,same jurisdiction; mechanism family; year,S26R-6059 Harvey County (3.00),,,,
REC-0126,local_restrictions,KS,Johnson,solar,"setback, area limit",in_force,matched,S26R-6058,Johnson County,solar,cap on project size (solar),in_force,,same jurisdiction; mechanism family; year,S26R-6058 Johnson County (3.00),,,,
REC-0127,local_restrictions,KS,Kearny,wind,"setback, height limit",in_force,matched,S26R-6057,Kearny County,wind,"setback (wind), height limit (wind)",in_force,,same jurisdiction; mechanism family; year,S26R-6057 Kearny County (3.00),,,,
REC-0128,local_restrictions,KS,Labette,,refusal to sign agreements,in_force,not_in_latest_edition,,,,,,,,,,,,
REC-0129,local_restrictions,KS,Leavenworth,wind,"setback, height limit",in_force,matched,S26R-6056,Leavenworth County,wind,"setback (wind), height limit (wind)",in_force,,same jurisdiction; mechanism family; year,S26R-6056 Leavenworth County (3.00),,,,
REC-0130,local_restrictions,KS,Linn,wind,ban,in_force,matched,S26R-6055,Linn County,wind,moratorium (wind),in_force,,same jurisdiction; mechanism family,S26R-6055 Linn County (2.00),,,,
REC-0131,local_restrictions,KS,McPherson,"wind, solar",moratorium,in_force,matched,S26R-6052,McPherson County,wind,moratorium (wind),in_force,,same jurisdiction; mechanism family; year,S26R-6052 McPherson County (2.50); S26R-6053 McPherson County (1.50),,,,
REC-0132,local_restrictions,KS,Nemaha,wind,"moratorium, extension",in_force,matched,S26R-6051,Nemaha County,wind,moratorium (wind),expired,yes,same jurisdiction; mechanism family; year,S26R-6051 Nemaha County (3.00),,,,
REC-0133,local_restrictions,KS,Osage,"wind, solar",ban,in_force,matched,S26R-6050,Osage County,"wind, solar","ban/prohibition (wind), ban/prohibition (solar)",in_force,,same jurisdiction; mechanism family; year,S26R-6050 Osage County (3.00),,,,
REC-0134,local_restrictions,KS,Pawnee,solar,"moratorium, extension",in_force,not_in_latest_edition,,,,,,,,,,,,
REC-0135,local_restrictions,KS,Prairie,wind,"setback, height limit with resident permission",in_force,not_in_latest_edition,,,,,,,,,,,,
REC-0136,local_restrictions,KS,Reno,wind,ban,in_force,matched,S26R-6047,Reno County,wind,moratorium (wind),in_force,,same jurisdiction; mechanism family; year,S26R-6047 Reno County (3.00),,,,
REC-0137,state_level_restrictions,KY,House Bill 291 of 2014,wind,setback,in_force,matched,S26R-6282,Kentucky House Bill 291 of 2014,wind,setback (wind),in_force,,same bill hb291; mechanism family; year,S26R-6282 Kentucky House Bill 291 of 2014 (3.00),,,,
REC-0138,local_restrictions,KY,Boyle County,solar,ban/prohibition,in_force,ambiguous,,,,,,,best candidate has no mechanism in common: a reviewer decides,S26R-6042 Boyle County (1.00),,,,
REC-0139,local_restrictions,KY,Hopkinsville,solar,setback,in_force,matched,S26R-6038,City of Hopkinsville,solar,setback (solar),in_force,,same jurisdiction; mechanism family; year,S26R-6038 City of Hopkinsville (3.00),,,,
REC-0140,local_restrictions,KY,Lyon County,solar,setback,in_force,matched,S26R-6036,Lyon County,solar,setback (solar),in_force,,same jurisdiction; mechanism family; year,S26R-6036 Lyon County (3.00),,,,
REC-0141,local_restrictions,KY,Mason County,solar,setback,in_force,matched,S26R-6034,Mason County,solar,setback (solar),in_force,,same jurisdiction; mechanism family,S26R-6034 Mason County (2.00),,,,
REC-0142,local_restrictions,KY,Meade County,solar,setback,in_force,ambiguous,,,,,,,best candidate has no mechanism in common: a reviewer decides,S26R-6033 Meade County (1.00),,,,
REC-0143,local_restrictions,KY,Villa Hills,solar,"ban/prohibition, zoning restriction",in_force,matched,S26R-6037,City of Villa Hills,solar,"zoning restriction (solar), visual_impact_rule (solar)",in_force,,same jurisdiction; mechanism family,S26R-6037 City of Villa Hills (2.00),,,,
REC-0144,contested_projects,KY,Flemingsburg Wind Project,wind,,cancelled,matched,S26P-4004,Flemingsburg Wind Project,wind,,cancelled,,name 1.00; same name,S26P-4004 Flemingsburg Wind Project (2.50),,,,
REC-0145,contested_projects,KY,Geenex Solar Project,solar,,cancelled,matched,S26P-4005,Geenex Solar,solar,,unknown,yes,name 1.00; county,S26P-4005 Geenex Solar (2.00),,,,
REC-0146,contested_projects,KY,Hardin Solar LLC Project,solar,,cancelled,matched,S26P-4006,Hardin Solar LLC,solar,,cancelled,,name 1.00; county,S26P-4006 Hardin Solar LLC (2.00),,,,
REC-0147,contested_projects,KY,Madison County Solar Farm,solar,,approved_after_opposition,matched,S26P-4007,Madison County Solar Farm,solar,,pending,yes,name 1.00; same name; county,S26P-4007 Madison County Solar Farm (3.00),,,,
REC-0148,contested_projects,KY,NextEra’s Mason County Wind Energy Project,wind,,cancelled,matched,S26P-4008,NextEra’s Mason County Wind Energy Project,wind,,cancelled,,name 1.00; same name; county,S26P-4008 NextEra’s Mason County Wind Energy Project (3.00),,,,
REC-0149,contested_projects,KY,Savion’s Mercer County Solar Farm,solar,,cancelled,matched,S26P-4009,Savion’s Mercer County Solar Farm,solar,,cancelled,,name 1.00; same name; county,S26P-4009 Savion’s Mercer County Solar Farm (3.00),,,,
REC-0150,contested_projects,KY,Stonefield Solar Project,solar,,pending,matched,S26P-4010,Stonefield Solar Project,solar,,pending,,name 1.00; same name; county,S26P-4010 Stonefield Solar Project (3.00),,,,
REC-0151,local_restrictions,LA,Jefferson Davis Parish,wind,ban/prohibition,in_force,matched,S26R-6025,Jefferson Davis Parish,wind,setback (wind),in_force,,same jurisdiction; no mechanism in common; year,S26R-6025 Jefferson Davis Parish (2.00),,,,
REC-0152,local_restrictions,LA,St. James Parish,solar,moratorium,pending,matched,S26R-6022,St. James Parish,solar,setback (solar),in_force,yes,same jurisdiction; no mechanism in common; year,S26R-6022 St. James Parish (2.00),,,,
REC-0153,local_restrictions,LA,Washington Parish,solar,"setback, zoning_restriction",in_force,matched,S26R-6021,Washington Parish,solar,setback (solar),in_force,,same jurisdiction; mechanism family,S26R-6021 Washington Parish (2.00),,,,
REC-0154,contested_projects,LA,Cajun Crescent Energy Center,solar,,pending,matched,S26P-4011,Cajun Crescent Energy Center,solar,,cancelled,yes,name 1.00; same name; county,S26P-4011 Cajun Crescent Energy Center (3.00),,,,
REC-0155,contested_projects,LA,St. James Solar,solar,,pending,matched,S26P-4012,St. James Solar,solar,,cancelled,yes,name 1.00; same name; county,S26P-4012 St. James Solar (3.00),,,,
REC-0156,contested_projects,LA,White Castle Solar Farm,solar,,pending,matched,S26P-4013,White Castle Solar Farm,solar,,pending,,name 1.00; same name; county,S26P-4013 White Castle Solar Farm (3.00),,,,
REC-0157,state_level_restrictions,ME,L.D. 1619,"wind, solar","ban/prohibition, moratorium",in_force,matched,S26R-6281,Maine Bill L.D. 1619 of 2021,wind,ban/prohibition (wind),in_force,,same bill ld1619; mechanism family; year,S26R-6281 Maine Bill L.D. 1619 of 2021 (2.50),,,,
REC-0158,local_restrictions,ME,Augusta,solar,moratorium,in_force,matched,S26R-6009,City of Augusta,solar,visual_impact_rule (solar),in_force,,same jurisdiction; no mechanism in common; year,S26R-6009 City of Augusta (2.00),,,,
REC-0159,local_restrictions,ME,Brewer,solar,moratorium,in_force,matched,S26R-6003,City of Brewer,solar,moratorium (solar),in_force,,same jurisdiction; mechanism family; year,S26R-6003 City of Brewer (3.00),,,,
REC-0160,local_restrictions,ME,Ellsworth,solar,moratorium,in_force,matched,S26R-6013,City of Ellsworth,solar,moratorium (solar),expired,yes,same jurisdiction; mechanism family; year,S26R-6013 City of Ellsworth (3.00),,,,
REC-0161,local_restrictions,ME,Albion,"solar, transmission","moratorium, setback",in_force,ambiguous,,,,,,,2 candidates within 0.75 of each other,S26R-6011 Town of Albion (2.50); S26R-6012 Town of Albion (2.50),,,,
REC-0162,local_restrictions,ME,Athens,solar,moratorium,in_force,matched,S26R-5996,Town of Athens,solar,"cap on project size (solar), setback (solar)",in_force,,same jurisdiction; no mechanism in common; year,S26R-5996 Town of Athens (2.00),,,,
REC-0163,local_restrictions,ME,Belgrade,"wind, solar",moratorium,in_force,matched,S26R-6010,Town of Belgrade,solar,"moratorium (solar), cap on project size (solar)",in_force,,same jurisdiction; mechanism family; year,S26R-6010 Town of Belgrade (2.50),,,,
REC-0164,local_restrictions,ME,Corinth,solar,moratorium,in_force,matched,S26R-6002,Town of Corinth,solar,moratorium (solar),expired,yes,same jurisdiction; mechanism family,S26R-6002 Town of Corinth (2.00),,,,
REC-0165,local_restrictions,ME,Cutler,solar,moratorium,in_force,matched,S26R-5989,Town of Cutler,solar,moratorium (solar),in_force,,same jurisdiction; mechanism family; year,S26R-5989 Town of Cutler (3.00),,,,
REC-0166,local_restrictions,ME,Dexter,solar,moratorium,in_force,not_in_latest_edition,,,,,,,,,,,,
REC-0167,local_restrictions,ME,Dixfield,wind,setback,in_force,matched,S26R-6005,Town of Dixfield,wind,setback (wind),in_force,,same jurisdiction; mechanism family,S26R-6005 Town of Dixfield (2.00),,,,
REC-0168,local_restrictions,ME,Freedom,wind,"setback, noise_limit, shadow_flicker_limit",in_force,matched,S26R-5990,Town of Freedom,wind,"setback (wind), noise limit (wind), shadow_flicker_limit (wind)",in_force,,same jurisdiction; mechanism family; year,S26R-5990 Town of Freedom (3.00),,,,
REC-0169,local_restrictions,ME,Glenburn,solar,"moratorium, setback",in_force,matched,S26R-5999,Town of Glenburn,solar,moratorium (solar),in_force,,same jurisdiction; mechanism family; year,S26R-5999 Town of Glenburn (3.00),,,,
REC-0170,local_restrictions,ME,Greene,solar,setback,in_force,matched,S26R-6019,Town of Greene,solar,cap on project size (solar),in_force,,same jurisdiction; no mechanism in common; year,S26R-6019 Town of Greene (2.00),,,,
REC-0171,state_level_restrictions,MD,MD (state),solar,,unknown,not_in_latest_edition,,,,,,,,,,,,
REC-0172,local_restrictions,MD,Allegany,wind,setback,in_force,matched,S26R-5988,Allegany County,wind,setback (wind),in_force,,same jurisdiction; mechanism family; year,S26R-5988 Allegany County (3.00),,,,
REC-0173,local_restrictions,MD,Anne Arundel,"wind, solar",ban/prohibition,in_force,not_in_latest_edition,,,,,,,,,,,,
REC-0174,local_restrictions,MD,Carroll,solar,"moratorium, setback, height restriction, buffer zone",in_force,matched,S26R-5985,Carroll County,solar,"cap on project size (solar), visual_impact_rule (solar), setback (solar)",in_force,,same jurisdiction; mechanism family,S26R-5985 Carroll County (2.00),,,,
REC-0175,local_restrictions,MD,Harford,"solar, wind",land preservation program,in_force,matched,S26R-5982,Harford County,"wind, solar","ban or moratorium (wind), ban or moratorium (solar)",in_force,,same jurisdiction; no mechanism in common; year,S26R-5982 Harford County (2.00),,,,
REC-0176,local_restrictions,MD,Somerset,wind,ban/prohibition,in_force,not_in_latest_edition,,,,,,,,,,,,
REC-0177,local_restrictions,MD,Worcester,wind,ban/prohibition,in_force,matched,S26R-5979,Worcester County,"wind, solar","ban or moratorium (wind), ban or moratorium (solar)",in_force,,same jurisdiction; mechanism family; year,S26R-5979 Worcester County (2.50),,,,
REC-0178,contested_projects,MD,Chaberton Energy Sugarloaf Solar Project,solar,,pending,matched,S26P-4030,Chaberton Energy Sugarloaf Solar Project,solar,,pending,,name 1.00; same name; county,S26P-4030 Chaberton Energy Sugarloaf Solar Project (3.00),,,,
REC-0179,contested_projects,MD,Chaberton Snow Solar Project,solar,,pending,matched,S26P-4031,Chaberton Snow Solar,solar,,pending,,name 1.00; county,S26P-4031 Chaberton Snow Solar (2.00),,,,
REC-0180,contested_projects,MD,Dan’s Mountain Wind Farm,wind,,pending,matched,S26P-4032,Dan’s Mountain Wind Farm,wind,,unknown,yes,name 1.00; same name; county,S26P-4032 Dan’s Mountain Wind Farm (3.00),,,,
REC-0181,contested_projects,MD,Georgetown University’s Charles County Solar Project,solar,,cancelled,matched,S26P-4033,Georgetown University’s Charles County Solar Project,solar,,cancelled,,name 1.00; same name; county,S26P-4033 Georgetown University’s Charles County Solar Project (3.00),,,,
REC-0182,contested_projects,MD,Maryland Piedmont Reliability Project,transmission,,pending,matched,S26P-4035,Maryland Piedmont Reliability Project,transmission,,pending,,name 1.00; same name; county,S26P-4035 Maryland Piedmont Reliability Project (3.00),,,,
REC-0183,contested_projects,MD,Mills Branch Wind and Solar Project,"solar, wind",,cancelled,matched,S26P-4036,Mills Branch Wind and Solar,"solar, wind",,cancelled,,name 1.00; county,S26P-4036 Mills Branch Wind and Solar (2.00),,,,
REC-0184,contested_projects,MD,Ripley Road Solar Project,solar,,cancelled,matched,S26P-4037,Ripley Road Solar Project,solar,,cancelled,,name 1.00; same name; county,S26P-4037 Ripley Road Solar Project (3.00),,,,
REC-0185,local_restrictions,MA,Waltham,solar,ban/prohibition,in_force,matched,S26R-5959,City of Waltham,solar,ban/prohibition (solar),in_force,,same jurisdiction; mechanism family; year,S26R-5959 City of Waltham (3.00),,,,
REC-0186,local_restrictions,MA,Town of Charlton,solar,ban/prohibition,in_force,matched,S26R-5958,Town of Charlton,solar,"ban/prohibition (solar), cap on project size (solar)",in_force,,same jurisdiction; mechanism family; year,S26R-5958 Town of Charlton (3.00),,,,
REC-0187,local_restrictions,MA,Town of Northfield,"solar, storage",moratorium,in_force,not_in_latest_edition,,,,,,,,,,,,
REC-0188,local_restrictions,MA,Town of Pelham,"solar, storage","setback, zoning_restriction",in_force,matched,S26R-5960,Town of Pelham,"solar, storage","ban/prohibition (storage), setback (solar)",in_force,,same jurisdiction; mechanism family; year,S26R-5960 Town of Pelham (3.00),,,,
REC-0189,local_restrictions,MA,Town of Shutesbury,solar,ban/prohibition,in_force,matched,S26R-5964,Town of Shutesbury,"solar, storage","ban/prohibition (solar), ban/prohibition (storage)",in_force,,same jurisdiction; mechanism family,S26R-5964 Town of Shutesbury (1.50),,,,
REC-0190,contested_projects,MA,Amherst Capped Landfill Solar,solar,,cancelled,matched,S26P-4014,Amherst Capped Landfill Solar,solar,,unknown,yes,name 1.00; same name; county,S26P-4014 Amherst Capped Landfill Solar (3.00),,,,
REC-0191,contested_projects,MA,ASD Shutesbury MA Solar LLC,solar,,cancelled,matched,S26P-4015,ASD Shutesbury MA Solar LLC,solar,,cancelled,,name 1.00; same name; county,S26P-4015 ASD Shutesbury MA Solar LLC (3.00); S26P-4025 Shutesbury Solar Project (1.50),,,,
REC-0192,contested_projects,MA,Bullard Farm Solar Plant,solar,,cancelled,matched,S26P-4016,Bullard Farm Solar Plant,solar,,cancelled,,name 1.00; same name; county,S26P-4016 Bullard Farm Solar Plant (3.00),,,,
REC-0193,contested_projects,MA,Cape Wind,wind,,cancelled,matched,S26P-4017,Cape Wind,wind,,cancelled,,name 1.00; same name; county,S26P-4017 Cape Wind (3.00),,,,
REC-0194,contested_projects,MA,Commonwealth Wind,wind,,cancelled,matched,S26P-4024,"New England Wind 2, formerly known as Commonwealth Wind Project and Park City Wind",wind,,pending,yes,name 1.00; county,"S26P-4024 New England Wind 2, formerly known as Commonwealth Wind Project and Park City Wind (2.00)",,,,
REC-0195,state_level_restrictions,MI,MI (state),"wind,solar",ban/prohibition,in_force,not_in_latest_edition,,,,,,,,,,,,
REC-0196,local_restrictions,MI,Adams Township,"wind, solar",moratorium,in_force,matched,S26R-5930,Adams Township,"wind, solar","setback (wind), noise limit (wind)",in_force,,same jurisdiction; no mechanism in common; year,S26R-5930 Adams Township (2.00),,,,
REC-0197,local_restrictions,MI,Almer Township,wind,"setback, noise_limit, shadow_flicker_limit",in_force,matched,S26R-5863,Almer Township,wind,"setback (wind), noise limit (wind), shadow_flicker_limit (wind)",in_force,,same jurisdiction; mechanism family; year,S26R-5863 Almer Township (3.00),,,,
REC-0198,local_restrictions,MI,Arcadia Township,wind,"setback, noise_limit",in_force,matched,S26R-5920,Arcadia Township,wind,"setback (wind), noise limit (wind)",in_force,,same jurisdiction; mechanism family; year,S26R-5920 Arcadia Township (3.00),,,,
REC-0199,local_restrictions,MI,Augusta Township,solar,moratorium,in_force,matched,S26R-5860,Augusta Township,solar,moratorium (solar),in_force,,same jurisdiction; mechanism family; year,S26R-5860 Augusta Township (3.00),,,,
REC-0200,local_restrictions,MI,Batavia Township,wind,height_limit,in_force,matched,S26R-5942,Batavia Township,wind,height limit (wind),in_force,,same jurisdiction; mechanism family; year,S26R-5942 Batavia Township (3.00),,,,
REC-0201,local_restrictions,MI,Beaver Township,"wind, solar","setback, noise_limit, height_limit",in_force,ambiguous,,,,,,,2 candidates within 0.75 of each other,S26R-5950 Beaver Township (2.50); S26R-5951 Beaver Township (2.50),,,,
REC-0202,local_restrictions,MI,Bedford Township,solar,zoning_restriction,in_force,matched,S26R-5898,Bedford Township,solar,ban or moratorium (solar),in_force,,same jurisdiction; no mechanism in common; year,S26R-5898 Bedford Township (2.00),,,,
REC-0203,local_restrictions,MI,Berlin Charter Township,solar,zoning_restriction,in_force,matched,S26R-5897,Berlin Charter Township,solar,ban or moratorium (solar),in_force,,same jurisdiction; no mechanism in common; year,S26R-5897 Berlin Charter Township (2.00),,,,
REC-0204,local_restrictions,MI,Bridgehampton Township,wind,moratorium,lifted,matched,S26R-5869,Bridgehampton Township,wind,moratorium (wind),expired,yes,same jurisdiction; mechanism family,S26R-5869 Bridgehampton Township (2.00),,,,
REC-0205,local_restrictions,MI,Casnovia Township,wind,"setback, noise_limit, shadow_flicker_limit",in_force,matched,S26R-5886,Casnovia Township,wind,"setback (wind), noise limit (wind), shadow_flicker_limit (wind)",in_force,,same jurisdiction; mechanism family; year,S26R-5886 Casnovia Township (3.00),,,,
REC-0206,local_restrictions,MI,Claybanks Township,wind,"setback, noise_limit, height_limit",in_force,matched,S26R-5883,Claybanks Township,wind,"setback (wind), noise limit (wind)",in_force,,same jurisdiction; mechanism family; year,S26R-5883 Claybanks Township (3.00),,,,
REC-0207,local_restrictions,MI,Clinton County,"wind, solar",moratorium,in_force,matched,S26R-5939,Clinton County,solar,moratorium (solar),in_force,,same jurisdiction; mechanism family; year,S26R-5939 Clinton County (2.50); S26R-5940 Clinton County (0.50),,,,
REC-0208,local_restrictions,MI,Cohoctah Township,solar,moratorium,in_force,matched,S26R-5908,Cohoctah Township,solar,moratorium (solar),expired,yes,same jurisdiction; mechanism family; year,S26R-5908 Cohoctah Township (3.00),,,,
REC-0209,local_restrictions,MI,Conway Township,"wind, solar",moratorium,in_force,ambiguous,,,,,,,2 candidates within 0.75 of each other,S26R-5910 Conway Township (2.50); S26R-5913 Conway Township (2.50),,,,
REC-0210,contested_projects,MI,Southwest Michigan Solar Project,solar,,pending,matched,S26P-4079,Southwest Michigan Solar Project,"solar, storage",,pending,,name 1.00; same name; county,S26P-4079 Southwest Michigan Solar Project (2.75),,,,
REC-0211,state_level_restrictions,MN,MN (state),wind,ban/prohibition,in_force,not_in_latest_edition,,,,,,,,,,,,
REC-0212,state_level_restrictions,MN,Minnesota Energy Infrastructure Permiung Act,,preemption,in_force,not_in_latest_edition,,,,,,,,,,,,
REC-0213,local_restrictions,MN,Chippewa,"wind, solar",moratorium,in_force,matched,S26R-5852,Chippewa County,"wind, solar","moratorium (solar), setback (solar)",in_force,,same jurisdiction; mechanism family; year,S26R-5852 Chippewa County (3.00),,,,
REC-0214,local_restrictions,MN,Minnetrista,solar,moratorium,lifted,matched,S26R-5847,City of Minnetrista,solar,cap on project size (solar),in_force,yes,same jurisdiction; no mechanism in common; year,S26R-5847 City of Minnetrista (2.00),,,,
REC-0215,local_restrictions,MN,Scandia,solar,moratorium,in_force,matched,S26R-5824,City of Scandia,solar,setback (solar),in_force,,same jurisdiction; no mechanism in common; year,S26R-5824 City of Scandia (2.00),,,,
REC-0216,local_restrictions,MN,Meeker,"wind, solar",moratorium,in_force,matched,S26R-5844,Meeker County,"wind, solar","moratorium (wind), moratorium (solar)",expired,yes,same jurisdiction; mechanism family; year,S26R-5844 Meeker County (3.00),,,,
REC-0217,local_restrictions,MN,Traverse,wind,moratorium,extended,matched,S26R-5830,Traverse County,wind,moratorium (wind),expired,yes,same jurisdiction; mechanism family; year,S26R-5830 Traverse County (3.00),,,,
REC-0218,local_restrictions,MN,Wright,solar,moratorium,in_force,matched,S26R-5823,Wright County,solar,cap on project size (solar),in_force,,same jurisdiction; no mechanism in common; year,S26R-5823 Wright County (2.00),,,,
REC-0219,contested_projects,MN,Big Blue Wind Farm,wind,,pending,matched,S26P-4086,Big Blue Wind Farm,wind,,operational,yes,name 1.00; same name; county,S26P-4086 Big Blue Wind Farm (3.00),,,,
REC-0220,contested_projects,MN,Hale Township Community Solar Garden,solar,,pending,matched,S26P-4087,Hale Township Community Solar Garden,solar,,pending,,name 1.00; same name; county,S26P-4087 Hale Township Community Solar Garden (3.00),,,,
REC-0221,contested_projects,MN,Marshall Solar Project,solar,,approved,matched,S26P-4088,Marshall Solar Project,solar,,pending,yes,name 1.00; same name; county,S26P-4088 Marshall Solar Project (3.00),,,,
REC-0222,contested_projects,MN,Minnetrista Solar Farm,solar,,cancelled,matched,S26P-6296,Minnetrista Solar Farm,solar,,cancelled,,name 1.00; same name; county,S26P-6296 Minnetrista Solar Farm (3.00),,,,
REC-0223,contested_projects,MN,New Era Wind Farm,wind,,cancelled,matched,S26P-4089,New Era Wind Farm,wind,,cancelled,,name 1.00; same name; county,S26P-4089 New Era Wind Farm (3.00),,,,
REC-0224,contested_projects,MS,Soul City Solar,"solar, storage",,pending,matched,S26P-4094,Soul City Solar,"solar, storage",,pending,,name 1.00; same name; county,S26P-4094 Soul City Solar (3.00),,,,
REC-0225,contested_projects,MS,Minkar Solar Farm,solar,,pending,matched,S26P-4093,Minkar Solar Farm,solar,,pending,,name 1.00; same name; county,S26P-4093 Minkar Solar Farm (3.00),,,,
REC-0226,local_restrictions,MO,Boone County,wind,"ban/prohibition, setback, zoning_restriction",in_force,matched,S26R-5820,Boone County,wind,"setback (wind), height limit (wind)",in_force,,same jurisdiction; mechanism family; year,S26R-5820 Boone County (3.00),,,,
REC-0227,local_restrictions,MO,Buchanan County,wind,ban/prohibition,in_force,matched,S26R-5819,Buchanan County,wind,ban/prohibition (wind),in_force,,same jurisdiction; mechanism family,S26R-5819 Buchanan County (2.00),,,,
REC-0228,local_restrictions,MO,New Bloomfield,solar,ban/prohibition,in_force,matched,S26R-5817,City of New Bloomfield,solar,ban/prohibition (solar),in_force,,same jurisdiction; mechanism family; year,S26R-5817 City of New Bloomfield (3.00),,,,
REC-0229,local_restrictions,MO,Clinton County,wind,moratorium,in_force,matched,S26R-5814,Clinton County,wind,moratorium (wind),in_force,,same jurisdiction; mechanism family; year,S26R-5814 Clinton County (3.00),,,,
REC-0230,local_restrictions,MO,Monroe County,wind,moratorium,in_force,matched,S26R-5813,Monroe County,wind,moratorium (wind),expired,yes,same jurisdiction; mechanism family; year,S26R-5813 Monroe County (3.00),,,,
REC-0231,contested_projects,MO,Grain Belt Express Tiger Connector Expansion,"solar, transmission",,approved_after_opposition,matched,S26P-4090,Grain Belt Express Tiger Connector Expansion,transmission,,pending,yes,name 1.00; same name,S26P-4090 Grain Belt Express Tiger Connector Expansion (2.25),,,,
REC-0232,contested_projects,MO,Guthrie Solar Project,solar,,cancelled,matched,S26P-4091,Guthrie Solar Project,solar,,unknown,yes,name 1.00; same name; county,S26P-4091 Guthrie Solar Project (3.00),,,,
REC-0233,contested_projects,MO,Osborn Wind Project,wind,,pending,matched,S26P-4092,Osborn Wind Project,wind,,pending,,name 1.00; same name,S26P-4092 Osborn Wind Project (2.50),,,,
REC-0234,local_restrictions,MT,Wibaux County,"wind, storage","setback, zoning_restriction",in_force,matched,S26R-5810,Wibaux County,wind,setback (wind),in_force,,same jurisdiction; mechanism family; year,S26R-5810 Wibaux County (2.50),,,,
REC-0235,contested_projects,MT,Basin Creek Solar Project,solar,,pending,matched,S26P-4095,Basin Creek Solar Project,solar,,unknown,yes,name 1.00; same name; county,S26P-4095 Basin Creek Solar Project (3.00),,,,
REC-0236,contested_projects,MT,Crazy Mountain Wind Project,wind,,cancelled,matched,S26P-4096,Crazy Mountain Wind Project,wind,,cancelled,,name 1.00; same name; county,S26P-4096 Crazy Mountain Wind Project (3.00),,,,
REC-0237,contested_projects,MT,Mission Creek Wind Project,wind,,unknown,matched,S26P-4097,Mission Creek Wind Project,wind,,unknown,,name 1.00; same name; county,S26P-4097 Mission Creek Wind Project (3.00),,,,
REC-0238,contested_projects,MT,Valley County Wind Project,wind,,cancelled,matched,S26P-4098,Valley County Wind Project,wind,,cancelled,,name 1.00; same name; county,S26P-4098 Valley County Wind Project (3.00),,,,
REC-0239,local_restrictions,NE,Adams County,wind,"setback, ban/prohibition",in_force,matched,S26R-5808,Adams County,wind,setback (wind),in_force,,same jurisdiction; mechanism family; year,S26R-5808 Adams County (3.00),,,,
REC-0240,local_restrictions,NE,Brown County,"wind, solar",setback,in_force,matched,S26R-5806,Brown County,wind,setback (wind),in_force,,same jurisdiction; mechanism family; year,S26R-5806 Brown County (2.50),,,,
REC-0241,local_restrictions,NE,Buffalo County,wind,setback,in_force,matched,S26R-5805,Buffalo County,wind,setback (wind),in_force,,same jurisdiction; mechanism family; year,S26R-5805 Buffalo County (3.00),,,,
REC-0242,local_restrictions,NE,Burt County,wind,"setback, noise_limit, visual_impact_rule",in_force,matched,S26R-5804,Burt County,wind,"cap on project size (wind), setback (wind), noise limit (wind), shadow_flicker_limit (wind)",in_force,,same jurisdiction; mechanism family; year,S26R-5804 Burt County (3.00),,,,
REC-0243,local_restrictions,NE,Cedar County,wind,setback,in_force,matched,S26R-5797,Cedar County,wind,setback (wind),in_force,,same jurisdiction; mechanism family; year,S26R-5797 Cedar County (3.00),,,,
REC-0244,local_restrictions,NE,Gretna,solar,moratorium,lifted,matched,S26R-5770,City of Gretna,solar,moratorium (solar),expired,yes,same jurisdiction; mechanism family; year,S26R-5770 City of Gretna (3.00),,,,
REC-0245,local_restrictions,NE,Dakota County,wind,"setback, noise_limit",in_force,matched,S26R-5794,Dakota County,wind,setback (wind),in_force,,same jurisdiction; mechanism family; year,S26R-5794 Dakota County (3.00),,,,
REC-0246,local_restrictions,NE,Dawson County,wind,"setback, moratorium",in_force,matched,S26R-5793,Dawson County,wind,"setback (wind), noise limit (wind)",in_force,,same jurisdiction; mechanism family; year,S26R-5793 Dawson County (3.00),,,,
REC-0247,local_restrictions,NE,Franklin Township,wind,setback,in_force,matched,S26R-5800,Franklin Township,wind,setback (wind),in_force,,same jurisdiction; mechanism family; year,S26R-5800 Franklin Township (3.00),,,,
REC-0248,local_restrictions,NE,Gage County,"wind, solar","moratorium, setback",in_force,ambiguous,,,,,,,2 candidates within 0.75 of each other,S26R-5789 Gage County (1.50); S26R-5790 Gage County (1.50),,,,
REC-0249,local_restrictions,NE,Greeley County,"wind, solar",moratorium,in_force,matched,S26R-5788,Greeley County,"wind, solar","moratorium (wind), moratorium (solar)",in_force,,same jurisdiction; mechanism family; year,S26R-5788 Greeley County (3.00),,,,
REC-0250,local_restrictions,NE,Hamilton County,wind,setback,in_force,matched,S26R-5787,Hamilton County,wind,setback (wind),in_force,,same jurisdiction; mechanism family; year,S26R-5787 Hamilton County (3.00),,,,
REC-0251,local_restrictions,NE,Holt County,wind,setback,in_force,matched,S26R-5785,Holt County,wind,setback (wind),in_force,,same jurisdiction; mechanism family; year,S26R-5785 Holt County (3.00),,,,
REC-0252,local_restrictions,NE,Kearney County,solar,setback,in_force,matched,S26R-5783,Kearney County,solar,setback (solar),in_force,,same jurisdiction; mechanism family; year,S26R-5783 Kearney County (3.00),,,,
REC-0253,local_restrictions,NE,Lancaster County,wind,"setback, noise_limit",in_force,matched,S26R-5781,Lancaster County,wind,"setback (wind), noise limit (wind)",in_force,,same jurisdiction; mechanism family; year,S26R-5781 Lancaster County (3.00),,,,
REC-0254,local_restrictions,NV,Nye County,"solar, wind",moratorium,in_force,ambiguous,,,,,,,best candidate has no mechanism in common: a reviewer decides,S26R-5762 Nye County (1.00),,,,
REC-0255,contested_projects,NV,Angora Solar Project,solar,,pending,matched,S26P-4140,Angora Solar Project,solar,,unknown,yes,name 1.00; same name; county,S26P-4140 Angora Solar Project (3.00),,,,
REC-0256,contested_projects,NV,Bajle Born Solar Project,solar,,cancelled,not_in_latest_edition,,,,,,,,,,,,
REC-0257,contested_projects,NV,Beajy Energy Center Project,"solar, storage",,pending,matched,S26P-4142,Beatty Energy Center Project,solar,,pending,,spelling 0.95; county,S26P-4142 Beatty Energy Center Project (1.70),,,,
REC-0258,contested_projects,NV,Bonnie Clare Solar Project,"solar, storage",,pending,matched,S26P-4143,Bonnie Clare Solar Project,solar,,pending,,name 1.00; same name; county,S26P-4143 Bonnie Clare Solar Project (2.75),,,,
REC-0259,contested_projects,NV,Clark County Solar Development,solar,,pending,matched,S26P-4144,Clark County Solar Development,solar,,pending,,name 1.00; same name; county,S26P-4144 Clark County Solar Development (3.00),,,,
REC-0260,contested_projects,NV,Crescent Peak Wind Project,wind,,cancelled,matched,S26P-4145,Crescent Peak Wind Project,wind,,cancelled,,name 1.00; same name; county,S26P-4145 Crescent Peak Wind Project (3.00),,,,
REC-0261,contested_projects,NV,Dixie Valley Geothermal Project,geothermal,,pending,not_in_latest_edition,,,,,,,,,,,,
REC-0262,contested_projects,NV,Esmeralda Seven Solar Project,solar,,pending,matched,S26P-4146,Esmeralda Seven Solar Project,"solar, storage",,cancelled,yes,name 1.00; same name; county,S26P-4146 Esmeralda Seven Solar Project (2.75),,,,
REC-0263,contested_projects,NV,Forest Hills Subdivision Wind Turbine,wind,,cancelled,matched,S26P-4147,Forest Hills Subdivision Wind Turbine,wind,,cancelled,,name 1.00; same name; county,S26P-4147 Forest Hills Subdivision Wind Turbine (3.00),,,,
REC-0264,contested_projects,NV,Gerlach Geothermal ExploraDon Project,geothermal,,pending,not_in_latest_edition,,,,,,,,,,,,
REC-0265,contested_projects,NV,Greenlink West Transmission Project,transmission,,pending,matched,S26P-4148,Greenlink West Transmission Project,transmission,,pending,,name 1.00; same name; county,S26P-4148 Greenlink West Transmission Project (3.00),,,,
REC-0266,state_level_restrictions,NH,NH (state),,ban/prohibition,in_force,not_in_latest_edition,,,,,,,,,,,,
REC-0267,local_restrictions,NH,Town of Canaan,wind,"setback, noise_limit, shadow_flicker_limit",in_force,not_in_latest_edition,,,,,,,,,,,,
REC-0268,contested_projects,NH,Antrim Wind Project,wind,,approved_after_opposition,matched,S26P-4122,Antrim Wind Project,wind,,operational,yes,name 1.00; same name; county,S26P-4122 Antrim Wind Project (3.00),,,,
REC-0269,contested_projects,NH,Franklin Solar Project,solar,,approved_after_opposition,matched,S26P-4123,Franklin Solar Project,solar,,pending,yes,name 1.00; same name; county,S26P-4123 Franklin Solar Project (3.00),,,,
REC-0270,contested_projects,NH,Granite Reliable Wind Farm,wind,,in_force,matched,S26P-4124,Granite Reliable Wind Farm,wind,,operational,yes,name 1.00; same name; county,S26P-4124 Granite Reliable Wind Farm (3.00),,,,
REC-0271,contested_projects,NH,Concord Solar Project,solar,,cancelled,matched,S26P-4125,"West Portsmouth Street, Concord Solar Project",solar,,cancelled,,name 1.00; county,"S26P-4125 West Portsmouth Street, Concord Solar Project (2.00)",,,,
REC-0272,contested_projects,NH,Wild Meadows Wind Farm,wind,,cancelled,matched,S26P-4126,Wild Meadows Wind Farm,wind,,cancelled,,name 1.00; same name,S26P-4126 Wild Meadows Wind Farm (2.50),,,,
REC-0273,state_level_restrictions,NJ,NJ (state),"wind,solar",ban/prohibition,in_force,not_in_latest_edition,,,,,,,,,,,,
REC-0274,local_restrictions,NJ,Atlantic County,wind,moratorium,in_force,not_in_latest_edition,,,,,,,,,,,,
REC-0275,local_restrictions,NJ,Middletown Township,wind,moratorium,in_force,not_in_latest_edition,,,,,,,,,,,,
REC-0276,contested_projects,NJ,Atlantic Shores South Project,wind,,pending,matched,S26P-4127,Atlantic Shores South Project,wind,,cancelled,yes,name 1.00; same name; county,S26P-4127 Atlantic Shores South Project (3.00),,,,
REC-0277,contested_projects,NJ,Bedminster Solar Project,solar,,cancelled,matched,S26P-4128,Bedminster Solar Project,solar,,cancelled,,name 1.00; same name; county,S26P-4128 Bedminster Solar Project (3.00),,,,
REC-0278,contested_projects,NJ,Leading Light Wind Project,wind,,unknown,matched,S26P-4129,Leading Light Wind Project,wind,,pending,yes,name 1.00; same name; county,S26P-4129 Leading Light Wind Project (3.00),,,,
REC-0279,contested_projects,NJ,New York Bight Offshore Wind Area,,,unknown,matched,S26P-4130,New York Bight Offshore Wind Area,wind,,pending,yes,name 1.00; same name; county,S26P-4130 New York Bight Offshore Wind Area (2.50),,,,
REC-0280,contested_projects,NJ,NJ Solar 2000 (Freehold Township),solar,,cancelled,matched,S26P-4131,NJ Solar 2000,solar,,cancelled,,name 1.00; county,S26P-4131 NJ Solar 2000 (2.00),,,,
REC-0281,contested_projects,NJ,Ocean Wind 1,wind,,cancelled,matched,S26P-4132,Ocean Wind 1,wind,,cancelled,,name 1.00; same name,S26P-4132 Ocean Wind 1 (2.50),,,,
REC-0282,contested_projects,NJ,Six Flags Theme Park Solar Project,solar,,unknown,matched,S26P-4133,Six Flags Theme Park Solar Project,solar,,unknown,,name 1.00; same name; county,S26P-4133 Six Flags Theme Park Solar Project (3.00),,,,
REC-0283,state_level_restrictions,NM,NM (state),"wind,solar",ban/prohibition,in_force,not_in_latest_edition,,,,,,,,,,,,
REC-0284,contested_projects,NM,Cenergy’s Two Community Solar Projects,solar,,pending,matched,S26P-4134,Cenergy’s Two Community Solar Projects,solar,,cancelled,yes,name 1.00; same name; county,S26P-4134 Cenergy’s Two Community Solar Projects (3.00); S26P-4137 NextEra’s Two Community Solar Projects (1.67),,,,
REC-0285,contested_projects,NM,Chaves Solar 2 LLC Community Solar Project,solar,,pending,matched,S26P-4135,Chaves Solar 2 LLC Community Solar Project,solar,,pending,,name 1.00; same name; county,S26P-4135 Chaves Solar 2 LLC Community Solar Project (3.00),,,,
REC-0286,contested_projects,NM,Energy Management Inc.’s Community Solar Project,solar,,pending,matched,S26P-4136,Energy Management Inc.’s Community Solar Project,solar,,cancelled,yes,name 1.00; same name; county,S26P-4136 Energy Management Inc.’s Community Solar Project (3.00),,,,
REC-0287,contested_projects,NM,NextEra’s Two Community Solar Projects,solar,,pending,matched,S26P-4137,NextEra’s Two Community Solar Projects,solar,,cancelled,yes,name 1.00; same name; county,S26P-4137 NextEra’s Two Community Solar Projects (3.00); S26P-4134 Cenergy’s Two Community Solar Projects (1.67),,,,
REC-0288,contested_projects,NM,Rancho Viejo Solar Project,"solar, storage",,pending,matched,S26P-4138,Rancho Viejo Solar Project,"solar, storage",,pending,,name 1.00; same name; county,S26P-4138 Rancho Viejo Solar Project (3.00),,,,
REC-0289,contested_projects,NM,South Peak Solar Project,solar,,pending,matched,S26P-4139,South Peak Solar Project,solar,,unknown,yes,name 1.00; same name; county,S26P-4139 South Peak Solar Project (3.00),,,,
REC-0290,state_level_restrictions,NY,NY (state),"wind,solar,storage,transmission,hydro",ban/prohibition,in_force,not_in_latest_edition,,,,,,,,,,,,
REC-0291,state_level_restrictions,NY,Pub. Auth. Law. § 1005(27-a)(b),"solar, wind","ag_land_exclusion, overlay_zone",in_force,not_in_latest_edition,,,,,,,,,,,,
REC-0292,local_restrictions,NY,Cattaraugus,"solar, wind",moratorium,in_force,matched,S26R-5751,Cattaraugus County,"wind, solar","moratorium (wind), moratorium (solar)",expired,yes,same jurisdiction; mechanism family; year,S26R-5751 Cattaraugus County (3.00),,,,
REC-0293,local_restrictions,NY,Chautauqua,wind,"setback, noise_limit",in_force,matched,S26R-5748,Chautauqua County,wind,ban or moratorium (wind),in_force,,same jurisdiction; no mechanism in common; year,S26R-5748 Chautauqua County (2.00),,,,
REC-0294,local_restrictions,NY,Johnstown,solar,ban/prohibition,in_force,matched,S26R-5739,Town of Johnstown,"solar, storage","moratorium (solar), moratorium (storage)",in_force,,same jurisdiction; mechanism family; year,S26R-5739 Town of Johnstown (2.50),,,,
REC-0295,local_restrictions,NY,Olean,solar,moratorium,in_force,matched,S26R-5752,City of Olean,solar,moratorium (solar),in_force,,same jurisdiction; mechanism family; year,S26R-5752 City of Olean (3.00),,,,
REC-0296,local_restrictions,NY,Niagara,solar,extended_producer_responsibility,in_force,ambiguous,,,,,,,"only same county, entry at town or township level: a reviewer decides",S26R-5723 Town of Lockport (1.50); S26R-5720 Town of Porter (1.00); S26R-5722 Town of Hartland (1.00); S26R-5721 Town of Niagara (0.50),,,,
REC-0297,local_restrictions,NY,Clifton Park,solar,moratorium,in_force,matched,S26R-5705,Town of Clifton Park,solar,moratorium (solar),in_force,,same jurisdiction; mechanism family; year,S26R-5705 Town of Clifton Park (3.00),,,,
REC-0298,local_restrictions,NY,Clinton,wind,"setback, noise_limit",in_force,ambiguous,,,,,,,best candidate has no mechanism in common: a reviewer decides,S26R-5741 Town of Clinton (1.00),,,,
REC-0299,local_restrictions,NY,Coxsackie,solar,"setback, noise_limit",in_force,matched,S26R-5737,Town of Coxsackie,solar,ban or moratorium (solar),in_force,,same jurisdiction; no mechanism in common; year,S26R-5737 Town of Coxsackie (2.00),,,,
REC-0300,local_restrictions,NY,Dryden,"solar, wind",moratorium,in_force,matched,S26R-5680,Town of Dryden,solar,moratorium (solar),in_force,,same jurisdiction; mechanism family; year,S26R-5680 Town of Dryden (2.50),,,,
REC-0301,local_restrictions,NY,Duanesburg,solar,moratorium,in_force,matched,S26R-5701,Town of Duanesburg,solar,moratorium (solar),in_force,,same jurisdiction; mechanism family; year,S26R-5701 Town of Duanesburg (3.00),,,,
REC-0302,local_restrictions,NY,Enfield,"wind, solar",moratorium,in_force,ambiguous,,,,,,,2 candidates within 0.75 of each other,S26R-5682 Town of Enfield (2.00); S26R-5683 Town of Enfield (1.50),,,,
REC-0303,local_restrictions,NY,Farmersville,wind,"setback, noise_limit",in_force,matched,S26R-5750,Town of Farmersville,wind,"setback (wind), height limit (wind)",in_force,,same jurisdiction; mechanism family; year,S26R-5750 Town of Farmersville (3.00),,,,
REC-0304,local_restrictions,NY,Florida,"solar, wind",ban/prohibition,in_force,not_in_latest_edition,,,,,,,,,,,,
REC-0305,state_level_restrictions,NC,NC (state),"wind,solar",ban/prohibition,in_force,not_in_latest_edition,,,,,,,,,,,,
REC-0306,state_level_restrictions,NC,HB 589 / SL 2017-192,wind,moratorium,in_force,matched,S26R-6278,North Carolina House Bill 589 / SL 2017-192,wind,moratorium (wind),expired,yes,"same bill hb589, law192; mechanism family; year",S26R-6278 North Carolina House Bill 589 / SL 2017-192 (3.00),,,,
REC-0307,local_restrictions,NC,Ashe,,,in_force,matched,S26R-5670,Ashe County,wind,height limit (wind),in_force,,same jurisdiction,S26R-5670 Ashe County (0.00),,,,
REC-0308,local_restrictions,NC,Carteret,wind,"setback, noise_limit",in_force,matched,S26R-5667,Carteret County,wind,"setback (wind), noise limit (wind), height limit (wind)",in_force,,same jurisdiction; mechanism family; year,S26R-5667 Carteret County (3.00),,,,
REC-0309,local_restrictions,NC,Craven,wind,"setback, noise_limit",in_force,matched,S26R-5665,Craven County,wind,"setback (wind), noise limit (wind), shadow_flicker_limit (wind)",in_force,,same jurisdiction; mechanism family; year,S26R-5665 Craven County (3.00),,,,
REC-0310,local_restrictions,NC,Currituck,solar,moratorium,lifted,matched,S26R-5664,Currituck County,"wind, solar","ban or moratorium (wind), ban or moratorium (solar)",in_force,yes,same jurisdiction; mechanism family,S26R-5664 Currituck County (1.50),,,,
REC-0311,local_restrictions,NC,Herndon,solar,moratorium,in_force,not_in_latest_edition,,,,,,,,,,,,
REC-0312,local_restrictions,NC,Iredell,wind,"height_limit, noise_limit",in_force,matched,S26R-5656,Iredell County,wind,"noise limit (wind), height limit (wind)",in_force,,same jurisdiction; mechanism family; year,S26R-5656 Iredell County (3.00),,,,
REC-0313,local_restrictions,NC,Rowan,solar,moratorium,lifted,matched,S26R-5649,Rowan County,solar,moratorium (solar),expired,yes,same jurisdiction; mechanism family; year,S26R-5649 Rowan County (3.00),,,,
REC-0314,local_restrictions,NC,Woodland,solar,moratorium,in_force,matched,S26R-5654,Town of Woodland,solar,moratorium (solar),expired,yes,same jurisdiction; mechanism family; year,S26R-5654 Town of Woodland (3.00),,,,
REC-0315,contested_projects,NC,Bacon’s Castle Solar Farm,solar,,rejected,matched,S26P-4099,Bacon’s Castle Solar Farm,solar,,cancelled,yes,name 1.00; same name; county,S26P-4099 Bacon’s Castle Solar Farm (3.00),,,,
REC-0316,contested_projects,NC,Birdseye Renewable Energy,solar,,rejected,matched,S26P-4100,Birdseye Renewable Energy,solar,,cancelled,yes,name 1.00; same name; county,S26P-4100 Birdseye Renewable Energy (3.00),,,,
REC-0317,contested_projects,NC,Blackburn Solar Project,solar,,rejected,matched,S26P-4101,Blackburn Solar Project,solar,,cancelled,yes,name 1.00; same name; county,S26P-4101 Blackburn Solar Project (3.00),,,,
REC-0318,contested_projects,NC,China Grove Solar Project,solar,,rejected,matched,S26P-4102,China Grove Solar Project,solar,,cancelled,yes,name 1.00; same name; county,S26P-4102 China Grove Solar Project (3.00),,,,
REC-0319,contested_projects,NC,Coastal Pine Solar Farm,solar,,pending,matched,S26P-4103,Coastal Pine,solar,,unknown,yes,name 1.00; county,S26P-4103 Coastal Pine (2.00),,,,
REC-0320,contested_projects,NC,Shady Grove Solar Farm,solar,,rejected,matched,S26P-4104,Shady Grove Solar Farm,solar,,pending,yes,name 1.00; same name; county,S26P-4104 Shady Grove Solar Farm (3.00),,,,
REC-0321,contested_projects,NC,Woodland Solar Project,solar,,rejected,matched,S26P-4105,Woodland Solar Project,solar,,cancelled,yes,name 1.00; same name; county,S26P-4105 Woodland Solar Project (3.00),,,,
REC-0322,local_restrictions,ND,Grand Forks,wind,ban/prohibition,in_force,matched,S26R-5637,City of Grand Forks,wind,ban/prohibition (wind),in_force,,same jurisdiction; mechanism family,S26R-5637 City of Grand Forks (2.00),,,,
REC-0323,local_restrictions,ND,Grand Forks County,wind,moratorium,in_force,ambiguous,,,,,,,best candidate has no mechanism in common: a reviewer decides,S26R-5642 Grand Forks County (1.00),,,,
REC-0324,local_restrictions,ND,McLean County,"wind, transmission",ban/prohibition,in_force,ambiguous,,,,,,,"S26R-5640 is the best match for 2 2025 records (REC-0324, REC-0325)",S26R-5640 McLean County (2.33),,,,
REC-0325,local_restrictions,ND,McLean County,solar,moratorium,in_force,ambiguous,,,,,,,"S26R-5640 is the best match for 2 2025 records (REC-0324, REC-0325)",S26R-5640 McLean County (2.50),,,,
REC-0326,local_restrictions,ND,McLean County,wind,setback,in_force,not_in_latest_edition,,,,,,,,,,,,
REC-0327,local_restrictions,ND,Mercer County,wind,moratorium,lifted,matched,S26R-5639,Mercer County,wind,moratorium (wind),expired,yes,same jurisdiction; mechanism family; year,S26R-5639 Mercer County (3.00),,,,
REC-0328,local_restrictions,ND,Stark County,wind,moratorium,lifted,matched,S26R-5635,Stark County,wind,setback (wind),expired,yes,same jurisdiction; no mechanism in common; year,S26R-5635 Stark County (2.00),,,,
REC-0329,contested_projects,ND,Brady Wind Farm,wind,,approved_after_opposition,matched,S26P-4106,Brady Wind Farm,wind,,unknown,yes,name 1.00; same name; county,S26P-4106 Brady Wind Farm (3.00),,,,
REC-0330,contested_projects,ND,Burke County Wind Project,wind,,pending,matched,S26P-4107,Burke County Wind,wind,,pending,,name 1.00; county,S26P-4107 Burke County Wind (2.00),,,,
REC-0331,contested_projects,ND,Burleigh-Emmons Wind Farm,wind,,cancelled,matched,S26P-4108,Burleigh-Emmons Wind Farm,wind,,cancelled,,name 1.00; same name; county,S26P-4108 Burleigh-Emmons Wind Farm (3.00),,,,
REC-0332,contested_projects,ND,Charlie Creek Wind Farm,wind,,cancelled,matched,S26P-4109,Charlie Creek Wind Farm,wind,,cancelled,,name 1.00; same name; county,S26P-4109 Charlie Creek Wind Farm (3.00); S26P-4110 Coal Creek Wind Farm (1.38),,,,
REC-0333,contested_projects,ND,Coal Creek Wind Farm,wind,,pending,matched,S26P-4110,Coal Creek Wind Farm,wind,,pending,,name 1.00; same name; county,S26P-4110 Coal Creek Wind Farm (3.00); S26P-4109 Charlie Creek Wind Farm (1.38),,,,
REC-0334,contested_projects,ND,Discovery Wind Farm,wind,,pending,matched,S26P-4111,Discovery Wind Farm,wind,,cancelled,yes,name 1.00; same name; county,S26P-4111 Discovery Wind Farm (3.00),,,,
REC-0335,contested_projects,ND,Garrison Buje Wind Farm,wind,,pending,matched,S26P-4112,Garrison Butte Wind Farm,wind,,cancelled,yes,spelling 0.94; county,S26P-4112 Garrison Butte Wind Farm (1.94),,,,
REC-0336,state_level_restrictions,OH,OH (state),"wind,solar",ban/prohibition,in_force,not_in_latest_edition,,,,,,,,,,,,
REC-0337,state_level_restrictions,OH,H.B. 483 of 2014,wind,setback,in_force,matched,S26R-6275,Ohio House Bill 483 of 2014,wind,setback (wind),in_force,,same bill hb483; mechanism family; year,S26R-6275 Ohio House Bill 483 of 2014 (3.00),,,,
REC-0338,state_level_restrictions,OH,S.B. 52 of 2021,"wind, solar","ban/prohibition, setback",in_force,matched,S26R-6276,Ohio Senate Bill 52 of 2021,"wind, solar","ban/prohibition (wind), ban/prohibition (solar)",in_force,,same bill sb52; mechanism family,S26R-6276 Ohio Senate Bill 52 of 2021 (2.00),,,,
REC-0339,local_restrictions,OH,Adams County,solar,ban/prohibition,in_force,matched,S26R-5633,Adams County,solar,ban or moratorium (solar),in_force,,same jurisdiction; mechanism family; year,S26R-5633 Adams County (3.00),,,,
REC-0340,local_restrictions,OH,Allen County,"wind, solar",ban/prohibition,in_force,matched,S26R-5632,Allen County,"wind, solar","ban/prohibition (wind), ban/prohibition (solar)",in_force,,same jurisdiction; mechanism family; year,S26R-5632 Allen County (3.00),,,,
REC-0341,local_restrictions,OH,Auglaize County,wind,ban/prohibition,in_force,matched,S26R-5631,Auglaize County,"wind, solar","ban or moratorium (wind), ban or moratorium (solar)",in_force,,same jurisdiction; mechanism family; year,S26R-5631 Auglaize County (2.50),,,,
REC-0342,local_restrictions,OH,Brown County,"solar, wind",ban/prohibition,in_force,matched,S26R-5630,Brown County,"wind, solar","ban/prohibition (wind), ban/prohibition (solar)",in_force,,same jurisdiction; mechanism family; year,S26R-5630 Brown County (3.00),,,,
REC-0343,local_restrictions,OH,Butler County,"wind, solar",ban/prohibition,in_force,matched,S26R-5629,Butler County,"wind, solar","ban or moratorium (wind), ban or moratorium (solar)",in_force,,same jurisdiction; mechanism family; year,S26R-5629 Butler County (3.00),,,,
REC-0344,local_restrictions,OH,Clermont County,"wind, solar",ban/prohibition,in_force,ambiguous,,,,,,,"only same county, entry at town or township level: a reviewer decides","S26R-5628 Batavia, Jackson, Monroe, Stonelick, Tate, Washington, and Williamsburg Townships (3.00)",,,,
REC-0345,local_restrictions,OH,Columbiana County,"wind, solar",ban/prohibition,in_force,matched,S26R-5626,Columbiana County,"wind, solar","ban/prohibition (wind), ban/prohibition (solar)",in_force,,same jurisdiction; mechanism family; year,S26R-5626 Columbiana County (3.00),,,,
REC-0346,local_restrictions,OH,Crawford County,wind,ban/prohibition,in_force,matched,S26R-5624,Crawford County,wind,ban/prohibition (wind),in_force,,same jurisdiction; mechanism family; year,S26R-5624 Crawford County (3.00),,,,
REC-0347,local_restrictions,OH,Erie County,"wind, solar",ban/prohibition,in_force,matched,S26R-5623,Erie County,"wind, solar","ban/prohibition (wind), ban/prohibition (solar)",in_force,,same jurisdiction; mechanism family; year,S26R-5623 Erie County (3.00),,,,
REC-0348,local_restrictions,OH,Fairfield County,solar,ban/prohibition,in_force,matched,S26R-5622,Fairfield County,solar,ban/prohibition (solar),in_force,,same jurisdiction; mechanism family; year,S26R-5622 Fairfield County (3.00),,,,
REC-0349,local_restrictions,OH,Fayette County,"wind, solar",ban/prohibition,in_force,matched,S26R-5621,Fayette County,"wind, solar","ban/prohibition (wind), ban/prohibition (solar)",in_force,,same jurisdiction; mechanism family; year,S26R-5621 Fayette County (3.00),,,,
REC-0350,local_restrictions,OH,Greene County,"wind, solar",ban/prohibition,in_force,ambiguous,,,,,,,"only same county, entry at town or township level: a reviewer decides","S26R-5620 Cedarville, Jefferson, Ross, Sugarcreek, and Xenia Townships (3.00)",,,,
REC-0351,local_restrictions,OH,Hancock County,"wind, solar",ban/prohibition,in_force,matched,S26R-5619,Hancock County,"wind, solar","ban/prohibition (wind), ban/prohibition (solar)",in_force,,same jurisdiction; mechanism family; year,S26R-5619 Hancock County (3.00),,,,
REC-0352,local_restrictions,OH,Henry County,"wind, solar",ban/prohibition,in_force,matched,S26R-5618,Henry County,"wind, solar","ban or moratorium (wind), ban or moratorium (solar)",in_force,,same jurisdiction; mechanism family,S26R-5618 Henry County (2.00),,,,
REC-0353,local_restrictions,OH,Knox County,"wind, solar",ban/prohibition,in_force,matched,S26R-5617,Knox County,wind,ban/prohibition (wind),in_force,,same jurisdiction; mechanism family; year,S26R-5617 Knox County (2.50),,,,
REC-0354,local_restrictions,OH,Licking County,"wind, solar",ban/prohibition,in_force,ambiguous,,,,,,,"only same county, entry at town or township level: a reviewer decides","S26R-5616 Hanover, Licking, St. Albans, Union and Washington (3.00)",,,,
REC-0355,local_restrictions,OH,Logan County,"wind, solar",ban/prohibition,in_force,matched,S26R-5615,Logan County,"wind, solar","ban/prohibition (wind), ban/prohibition (solar)",in_force,,same jurisdiction; mechanism family; year,S26R-5615 Logan County (3.00),,,,
REC-0356,state_level_restrictions,OK,OK (state),"wind,solar",ban/prohibition,in_force,not_in_latest_edition,,,,,,,,,,,,
REC-0357,state_level_restrictions,OK,House Bill 2118,wind,setback,in_force,matched,S26R-6274,Oklahoma House Bill 2118 of 2019,wind,setback (wind),in_force,,same bill hb2118; mechanism family; year,S26R-6274 Oklahoma House Bill 2118 of 2019 (3.00),,,,
REC-0358,local_restrictions,OK,Owasso,wind,setback,in_force,ambiguous,,,,,,,best candidate has no mechanism in common: a reviewer decides,S26R-5600 City of Owasso (1.00),,,,
REC-0359,local_restrictions,OK,Yukon,wind,setback,in_force,ambiguous,,,,,,,best candidate has no mechanism in common: a reviewer decides,S26R-5602 City of Yukon (1.00),,,,
REC-0360,contested_projects,OK,Cabin Creek Wind Farm,wind,,pending,matched,S26P-4227,Cabin Creek Wind Farm,wind,,pending,,name 1.00; same name; county,S26P-4227 Cabin Creek Wind Farm (3.00),,,,
REC-0361,contested_projects,OK,Canadian River Wind Project,wind,,cancelled,matched,S26P-4228,Canadian River Wind Project,wind,,cancelled,,name 1.00; same name; county,S26P-4228 Canadian River Wind Project (3.00),,,,
REC-0362,contested_projects,OK,Cedar Run Wind Project,wind,,pending,matched,S26P-4229,Cedar Run Wind Farm,wind,,pending,,name 1.00; county,S26P-4229 Cedar Run Wind Farm (2.00),,,,
REC-0363,contested_projects,OK,Osage Wind,wind,,pending,matched,S26P-4230,Osage Wind,wind,,cancelled,yes,name 1.00; same name; county,S26P-4230 Osage Wind (3.00),,,,
REC-0364,contested_projects,OK,Skeleton Creek Solar Project,"solar, storage",,pending,matched,S26P-4231,Skeleton Creek Solar Project,"solar, storage",,pending,,name 1.00; same name; county,S26P-4231 Skeleton Creek Solar Project (3.00),,,,
REC-0365,state_level_restrictions,OR,Department of Land Conservation and Development Solar Siting Rules,solar,zoning_restriction,in_force,not_in_latest_edition,,,,,,,,,,,,
REC-0366,local_restrictions,OR,Umatilla,,setback,,matched,S26R-5597,Umatilla County,wind,setback (wind),in_force,yes,same jurisdiction; mechanism family,S26R-5597 Umatilla County (1.00),,,,
REC-0367,contested_projects,OR,Beehive Solar Project,solar,,pending,matched,S26P-4233,Beehive Solar Project,solar,,pending,,name 1.00; same name; county,S26P-4233 Beehive Solar Project (3.00),,,,
REC-0368,contested_projects,OR,Boardman-to-Hemingway Transmission Line,,,pending,matched,S26P-4234,Boardman-to-Hemingway Transmission Line,transmission,,pending,,name 1.00; same name; county,S26P-4234 Boardman-to-Hemingway Transmission Line (2.50),,,,
REC-0369,contested_projects,OR,Echanis Wind Farm,wind,,cancelled,matched,S26P-4235,Echanis Wind Farm,wind,,pending,yes,name 1.00; same name; county,S26P-4235 Echanis Wind Farm (3.00),,,,
REC-0370,contested_projects,OR,Mountain Meadow Solar Project,solar,,pending,matched,S26P-4236,Mountain Meadow Solar Project,solar,,pending,,name 1.00; same name; county,S26P-4236 Mountain Meadow Solar Project (3.00),,,,
REC-0371,contested_projects,OR,Muddy Creek Energy Park,solar,,pending,matched,S26P-4237,Muddy Creek Energy Park,solar,,pending,,name 1.00; same name; county,S26P-4237 Muddy Creek Energy Park (3.00),,,,
REC-0372,contested_projects,OR,Nolin Hills Energy Project,"wind, solar, storage",,pending,matched,S26P-4238,Nolin Hills Energy Project,"solar, wind, storage, transmission",,pending,,name 1.00; same name; county,S26P-4238 Nolin Hills Energy Project (2.88),,,,
REC-0373,contested_projects,OR,Obsidian Solar Center,solar,,pending,matched,S26P-4239,Obsidian Solar Center,solar,,pending,,name 1.00; same name; county,S26P-4239 Obsidian Solar Center (3.00),,,,
REC-0374,contested_projects,OR,Origis Energy Solar Project,solar,,pending,matched,S26P-4240,Origis Energy Solar Project,solar,,cancelled,yes,name 1.00; same name; county,S26P-4240 Origis Energy Solar Project (3.00),,,,
REC-0375,contested_projects,OR,Steens Wind,wind,,cancelled,matched,S26P-4241,Steens Wind,wind,,cancelled,,name 1.00; same name; county,S26P-4241 Steens Wind (3.00),,,,
REC-0376,state_level_restrictions,PA,PA (state),"wind,solar",ban/prohibition,in_force,not_in_latest_edition,,,,,,,,,,,,
REC-0377,state_level_restrictions,PA,Pennsylvania Game Commission Moratorium,wind,ban/prohibition,in_force,not_in_latest_edition,,,,,,,,,,,,
REC-0378,local_restrictions,PA,North Beaver Township,solar,ban/prohibition,in_force,matched,S26R-5549,North Beaver Township,solar,ban/prohibition (solar),in_force,,same jurisdiction; mechanism family; year,S26R-5549 North Beaver Township (3.00),,,,
REC-0379,local_restrictions,PA,Ralpho Township,solar,ban/prohibition,in_force,matched,S26R-5543,Ralpho Township,solar,ban or moratorium (solar),in_force,,same jurisdiction; mechanism family; year,S26R-5543 Ralpho Township (3.00),,,,
REC-0380,local_restrictions,PA,Smith Township,solar,"setback, zoning_restriction",in_force,not_in_latest_edition,,,,,,,,,,,,
REC-0381,contested_projects,PA,AtlanDc Wind Project,wind,,in_force,matched,S26P-4244,Atlantic Wind Project,wind,,unknown,yes,spelling 0.93; county,S26P-4244 Atlantic Wind Project (1.93),,,,
REC-0382,contested_projects,PA,Brookfield Solar Energy Center,solar,,pending,matched,S26P-4245,Brookfield Solar Energy Center,solar,,cancelled,yes,name 1.00; same name; county,S26P-4245 Brookfield Solar Energy Center (3.00),,,,
REC-0383,contested_projects,PA,Brookview Solar 1,solar,,pending,matched,S26P-4246,Brookview Solar 1,solar,,cancelled,yes,name 1.00; same name; county,S26P-4246 Brookview Solar 1 (3.00),,,,
REC-0384,contested_projects,PA,Cuffs Run Pumped Storage Project,hydro,,pending,not_in_latest_edition,,,,,,,,,,,,
REC-0385,contested_projects,PA,Dover Solar I Project,solar,,approved_after_opposition,matched,S26P-4247,Dover Solar I Project,solar,,pending,yes,name 1.00; same name; county,S26P-4247 Dover Solar I Project (3.00),,,,
REC-0386,contested_projects,PA,Electric City Solar Initiative,solar,,pending,matched,S26P-4248,Electric City Solar Initiative,solar,,cancelled,yes,name 1.00; same name; county,S26P-4248 Electric City Solar Initiative (3.00),,,,
REC-0387,contested_projects,PA,Firefly Solar Project,solar,,pending,not_in_latest_edition,,,,,,,,,,,,
REC-0388,contested_projects,PA,Greenfield Township Solar Farm,solar,,pending,matched,S26P-4249,Greenfield Township Solar Farm,solar,,cancelled,yes,name 1.00; same name; county,S26P-4249 Greenfield Township Solar Farm (3.00),,,,
REC-0389,state_level_restrictions,RI,"2023-S 0684A, 2023-H 5853A",solar,ban/prohibition,in_force,not_in_latest_edition,,,,,,,,,,,,
REC-0390,local_restrictions,RI,Warwick,,"moratorium, ban/prohibition",in_force,matched,S26R-5534,City of Warwick,solar,moratorium (solar),in_force,,same jurisdiction; mechanism family,S26R-5534 City of Warwick (1.00),,,,
REC-0391,local_restrictions,RI,Cranston,solar,zoning_restriction,in_force,matched,S26R-5533,City of Cranston,solar,ban or moratorium (solar),in_force,,same jurisdiction; no mechanism in common; year,S26R-5533 City of Cranston (2.00),,,,
REC-0392,local_restrictions,RI,Foster,wind,ban/prohibition,pending,not_in_latest_edition,,,,,,,,,,,,
REC-0393,local_restrictions,RI,North Kingstown,wind,"moratorium, ban/prohibition",in_force,matched,S26R-5532,Town of North Kingstown,wind,moratorium (wind),in_force,,same jurisdiction; mechanism family; year,S26R-5532 Town of North Kingstown (3.00),,,,
REC-0394,local_restrictions,SC,Calhoun County,solar,moratorium,in_force,ambiguous,,,,,,,"S26R-5531 is the best match for 2 2025 records (REC-0394, REC-0395)",S26R-5531 Calhoun County (2.00),,,,
REC-0395,local_restrictions,SC,Calhoun County,solar,setback,in_force,ambiguous,,,,,,,"S26R-5531 is the best match for 2 2025 records (REC-0394, REC-0395)",S26R-5531 Calhoun County (3.00),,,,
REC-0396,contested_projects,SC,Gallivants Ferry Solar Project,solar,,cancelled,matched,S26P-4271,Gallivants Ferry Solar Project,solar,,cancelled,,name 1.00; same name; county,S26P-4271 Gallivants Ferry Solar Project (3.00),,,,
REC-0397,contested_projects,SC,Runnymeade Solar Project,solar,,pending,matched,S26P-4273,Runnymeade Solar Project,solar,,pending,,name 1.00; same name; county,S26P-4273 Runnymeade Solar Project (3.00),,,,
REC-0398,local_restrictions,SD,Hughes County,wind,moratorium,in_force,matched,S26R-5524,Hughes County,wind,setback (wind),in_force,,same jurisdiction; no mechanism in common; year,S26R-5524 Hughes County (2.00),,,,
REC-0399,local_restrictions,SD,Letcher Township,wind,setback,in_force,ambiguous,,,,,,,"S26R-6264 is the best match for 2 2025 records (REC-0399, REC-0408)",S26R-6264 Letcher Township (3.00),,,,
REC-0400,local_restrictions,SD,Lincoln County,wind,setback,in_force,not_in_latest_edition,,,,,,,,,,,,
REC-0401,local_restrictions,SD,Pennington County,"wind, solar",moratorium,in_force,matched,S26R-5522,Pennington County,"wind, solar","moratorium (solar), moratorium (wind)",in_force,,same jurisdiction; mechanism family; year,S26R-5522 Pennington County (3.00),,,,
REC-0402,local_restrictions,SD,Walworth County,wind,setback,in_force,not_in_latest_edition,,,,,,,,,,,,
REC-0403,contested_projects,SD,Crocker Wind Farm,wind,,approved_after_opposition,matched,S26P-4274,Crocker Wind Farm,wind,,operational,yes,name 1.00; same name; county,S26P-4274 Crocker Wind Farm (3.00),,,,
REC-0404,contested_projects,SD,Crowned Ridge Wind Project,wind,,pending,matched,S26P-4275,Crowned Ridge Wind Project,wind,,pending,,name 1.00; same name,S26P-4275 Crowned Ridge Wind Project (2.50),,,,
REC-0405,contested_projects,SD,Dakota Power Community Wind Project,wind,,cancelled,matched,S26P-4276,Dakota Power Community Wind Project,wind,,cancelled,,name 1.00; same name; county,S26P-4276 Dakota Power Community Wind Project (3.00),,,,
REC-0406,local_restrictions,SD,Beulah Township,wind,,lifted,not_in_latest_edition,,,,,,,,,,,,
REC-0407,contested_projects,SD,Juhl Energy’s Davison County Wind Project,wind,,lifted,matched,S26P-4278,Juhl Energy’s Davison County Wind Project,wind,,cancelled,yes,name 1.00; same name; county,S26P-4278 Juhl Energy’s Davison County Wind Project (3.00); S26P-4277 Davison County Wind LLC (2.00),,,,
REC-0408,local_restrictions,SD,Letcher Township,wind,setback,in_force,ambiguous,,,,,,,"S26R-6264 is the best match for 2 2025 records (REC-0399, REC-0408)",S26R-6264 Letcher Township (3.00),,,,
REC-0409,contested_projects,SD,National Grid Renewables McCook County Solar Farm,solar,,pending,not_in_latest_edition,,,,,,,,,,,,
REC-0410,contested_projects,SD,Oahe Solar Project,solar,,pending,matched,S26P-4280,Oahe Solar Project,solar,,pending,,name 1.00; same name; county,S26P-4280 Oahe Solar Project (3.00),,,,
REC-0411,state_level_restrictions,TN,TN (state),"wind,solar",ban/prohibition,in_force,not_in_latest_edition,,,,,,,,,,,,
REC-0412,state_level_restrictions,TN,HB 1731 of 2018,wind,"setback, ban/prohibition",in_force,matched,S26R-6269,Tennessee House Bill 1731 of 2018,wind,"setback (wind), noise limit (wind)",in_force,,same bill hb1731; mechanism family; year,S26R-6269 Tennessee House Bill 1731 of 2018 (3.00),,,,
REC-0413,state_level_restrictions,TN,HB 1021/SB 1336,wind,moratorium,in_force,matched,S26R-6268,Tennessee House Bill 1021 of 2017,wind,moratorium (wind),expired,yes,same bill hb1021; mechanism family,S26R-6268 Tennessee House Bill 1021 of 2017 (2.00),,,,
REC-0414,local_restrictions,TN,Franklin County,,,in_force,matched,S26R-5518,Franklin County,"wind, solar","ban/prohibition (solar), ban/prohibition (wind)",in_force,,same jurisdiction; year,S26R-5518 Franklin County (1.00),,,,
REC-0415,local_restrictions,TN,Greene County,,,in_force,matched,S26R-5517,Greene County,solar,moratorium (solar),expired,yes,same jurisdiction; year,S26R-5517 Greene County (1.00),,,,
REC-0416,local_restrictions,TN,Shelby County,solar,,in_force,matched,S26R-5514,Shelby County,solar,moratorium (solar),expired,yes,same jurisdiction; year,S26R-5514 Shelby County (2.00),,,,
REC-0417,contested_projects,TN,Graceland Solar Project,solar,,pending,matched,S26P-4281,Graceland Solar Project,solar,,pending,,name 1.00; same name; county,S26P-4281 Graceland Solar Project (3.00),,,,
REC-0418,state_level_restrictions,TX,TX (state),"wind,solar",ban/prohibition,in_force,not_in_latest_edition,,,,,,,,,,,,
REC-0419,local_restrictions,TX,Balch Springs,wind,"ban/prohibition, setback, noise_limit",in_force,ambiguous,,,,,,,best candidate has no mechanism in common: a reviewer decides,S26R-5509 City of Balch Springs (1.00),,,,
REC-0420,local_restrictions,TX,Benbrook,"wind, solar","ban/prohibition, setback, noise_limit",in_force,matched,S26R-5489,City of Benbrook,wind,"ban/prohibition (wind), noise limit (wind)",in_force,,same jurisdiction; mechanism family,S26R-5489 City of Benbrook (1.50),,,,
REC-0421,local_restrictions,TX,Brownsville,"wind, solar","setback, height_limit",in_force,matched,S26R-5512,City of Brownsville,"wind, solar","ban or moratorium (wind), ban or moratorium (solar), height limit (wind)",in_force,,same jurisdiction; mechanism family,S26R-5512 City of Brownsville (2.00),,,,
REC-0422,local_restrictions,TX,Burleson,wind,"setback, height_limit, noise_limit",in_force,ambiguous,,,,,,,2 candidates within 0.75 of each other,S26R-5488 City of Burleson (3.00); S26R-5498 City of Burleson (3.00),,,,
REC-0423,local_restrictions,TX,Denison,wind,"setback, height_limit",in_force,matched,S26R-5502,City of Denison,wind,zoning restriction (wind),in_force,,same jurisdiction; no mechanism in common; year,S26R-5502 City of Denison (2.00),,,,
REC-0424,local_restrictions,TX,Garland,wind,"setback, height_limit",in_force,ambiguous,,,,,,,3 candidates within 0.75 of each other,S26R-5492 City of Garland (3.00); S26R-5507 City of Garland (3.00); S26R-5510 City of Garland (3.00),,,,
REC-0425,local_restrictions,TX,Grand Prairie,wind,"setback, height_limit",in_force,ambiguous,,,,,,,3 candidates within 0.75 of each other,S26R-5490 City of Grand Prairie (2.00); S26R-5504 City of Grand Prairie (2.00); S26R-5508 City of Grand Prairie (2.00),,,,
REC-0426,local_restrictions,TX,Kingsville,"wind, solar","setback, height_limit",in_force,matched,S26R-5497,City of Kingsville,wind,height limit (wind),in_force,,same jurisdiction; mechanism family; year,S26R-5497 City of Kingsville (2.50),,,,
REC-0427,local_restrictions,TX,McKinney,wind,"setback, height_limit",in_force,matched,S26R-5511,City of McKinney,wind,"ban/prohibition (wind), zoning restriction (wind)",in_force,,same jurisdiction; no mechanism in common; year,S26R-5511 City of McKinney (2.00),,,,
REC-0428,local_restrictions,TX,Midlothian,wind,"setback, height_limit",in_force,matched,S26R-5503,City of Midlothian,wind,"cap on project size (wind), zoning restriction (wind)",in_force,,same jurisdiction; no mechanism in common; year,S26R-5503 City of Midlothian (2.00),,,,
REC-0429,local_restrictions,TX,Nolanville,wind,ban/prohibition,in_force,matched,S26R-5513,City of Nolanville,wind,ban/prohibition (wind),in_force,,same jurisdiction; mechanism family; year,S26R-5513 City of Nolanville (3.00),,,,
REC-0430,local_restrictions,TX,Ovilla,"wind, solar",noise_limit,in_force,matched,S26R-5506,City of Ovilla,wind,noise limit (wind),in_force,,same jurisdiction; mechanism family; year,S26R-5506 City of Ovilla (2.50); S26R-5505 City of Ovilla (1.50),,,,
REC-0431,local_restrictions,TX,Waller,"wind, solar","setback, height_limit",in_force,ambiguous,,,,,,,2 candidates within 0.75 of each other,S26R-5486 City of Waller (2.50); S26R-5500 City of Waller (2.50),,,,
REC-0432,local_restrictions,TX,Weatherford,wind,"setback, height_limit",in_force,matched,S26R-5494,City of Weatherford,wind,"zoning restriction (wind), height limit (wind)",in_force,,same jurisdiction; mechanism family; year,S26R-5494 City of Weatherford (3.00),,,,
REC-0433,contested_projects,TX,Bluegrove Wind Project,wind,,cancelled,matched,S26P-4282,Bluegrove Wind Project,wind,,cancelled,,name 1.00; same name; county,S26P-4282 Bluegrove Wind Project (3.00),,,,
REC-0434,contested_projects,TX,Byers Wind Project,wind,,cancelled,matched,S26P-4283,Byers Wind Project,wind,,cancelled,,name 1.00; same name; county,S26P-4283 Byers Wind Project (3.00),,,,
REC-0435,contested_projects,TX,Horse Hollow Wind Energy Center,wind,,operational,matched,S26P-4286,Horse Hollow Wind Energy Center,wind,,operational,,name 1.00; same name; county,S26P-4286 Horse Hollow Wind Energy Center (3.00),,,,
REC-0436,contested_projects,TX,Mustang Wind Project,wind,,proposed,matched,S26P-4287,Mustang Wind Project,wind,,unknown,yes,name 1.00; same name; county,S26P-4287 Mustang Wind Project (3.00),,,,
REC-0437,local_restrictions,UT,Kane County,solar,setback,in_force,matched,S26R-5481,Kane County,solar,setback (solar),in_force,,same jurisdiction; mechanism family; year,S26R-5481 Kane County (3.00),,,,
REC-0438,state_level_restrictions,VT,VT (state),wind,ban/prohibition,in_force,not_in_latest_edition,,,,,,,,,,,,
REC-0439,local_restrictions,VT,"Caledonia, Essex, Orleans Counties",wind,ban/prohibition,pending,not_in_latest_edition,,,,,,,,,,,,
REC-0440,contested_projects,VT,Apple Hill Solar and Willow Road Solar (f/k/a Chelsea Solar),solar,,pending,matched,S26P-4328,"Apple Hill Solar and Willow Road Solar, f/k/a Chelsea Solar",solar,,cancelled,yes,name 1.00; same name; county,"S26P-4328 Apple Hill Solar and Willow Road Solar, f/k/a Chelsea Solar (3.00)",,,,
REC-0441,local_restrictions,VT,Brandon,solar,,pending,not_in_latest_edition,,,,,,,,,,,,
REC-0442,local_restrictions,VT,"Holland, Town of",wind,,cancelled,not_in_latest_edition,,,,,,,,,,,,
REC-0443,local_restrictions,VT,"Castleton, Town of",wind,,cancelled,not_in_latest_edition,,,,,,,,,,,,
REC-0444,contested_projects,VT,Kidder Hill Wind Project,wind,,cancelled,matched,S26P-4332,Kidder Hill Wind,wind,,cancelled,,name 1.00; county,S26P-4332 Kidder Hill Wind (2.00),,,,
REC-0445,contested_projects,VT,Kingdom Community Wind Project,wind,,approved_after_opposition,matched,S26P-4333,Kingdom Community Wind Project,wind,,unknown,yes,name 1.00; same name; county,S26P-4333 Kingdom Community Wind Project (3.00),,,,
REC-0446,contested_projects,VT,Manchester Solar Project,solar,,cancelled,matched,S26P-4334,Manchester Solar Project,solar,,cancelled,,name 1.00; same name; county,S26P-4334 Manchester Solar Project (3.00),,,,
REC-0447,local_restrictions,VA,Accomack County,"solar, wind","ban/prohibition, setback",in_force,matched,S26R-5473,Accomack County,wind,ban/prohibition (wind),in_force,,same jurisdiction; mechanism family; year,S26R-5473 Accomack County (2.50),,,,
REC-0448,local_restrictions,VA,Amherst County,solar,"setback, cap on acreage",in_force,matched,S26R-5471,Amherst County,solar,"ban/prohibition (solar), cap on project size (solar)",in_force,,same jurisdiction; mechanism family; year,S26R-5471 Amherst County (3.00),,,,
REC-0449,local_restrictions,VA,Augusta County,solar,"setback, cap on acreage",in_force,ambiguous,,,,,,,best candidate has no mechanism in common: a reviewer decides,S26R-5470 Augusta County (1.00),,,,
REC-0450,local_restrictions,VA,Brunswick County,solar,cap on acreage,in_force,matched,S26R-5469,Brunswick County,solar,cap on project size (solar),in_force,,same jurisdiction; mechanism family; year,S26R-5469 Brunswick County (3.00),,,,
REC-0451,local_restrictions,VA,Buckingham County,solar,cap on capacity,in_force,matched,S26R-5468,Buckingham County,solar,cap on project size (solar),in_force,,same jurisdiction; mechanism family; year,S26R-5468 Buckingham County (3.00),,,,
REC-0452,local_restrictions,VA,Charloje County,solar,moratorium,lifted,not_in_latest_edition,,,,,,,,,,,,
REC-0453,local_restrictions,VA,Clarke County,solar,"setback, cap on acreage",in_force,matched,S26R-5465,Clarke County,solar,ban or moratorium (solar),in_force,,same jurisdiction; no mechanism in common; year,S26R-5465 Clarke County (2.00),,,,
REC-0454,local_restrictions,VA,Culpeper County,solar,"cap on acreage, cap on project size",in_force,matched,S26R-5464,Culpeper County,solar,cap on project size (solar),in_force,,same jurisdiction; mechanism family; year,S26R-5464 Culpeper County (3.00),,,,
REC-0455,local_restrictions,VA,Fauquier County,solar,"setback, cap on project area",in_force,matched,S26R-5463,Fauquier County,solar,cap on project size (solar),in_force,,same jurisdiction; mechanism family; year,S26R-5463 Fauquier County (3.00),,,,
REC-0456,local_restrictions,VA,Franklin County,solar,"cap on acreage, setback",in_force,matched,S26R-5462,Franklin County,solar,cap on project size (solar),in_force,,same jurisdiction; mechanism family; year,S26R-5462 Franklin County (3.00),,,,
REC-0457,local_restrictions,VA,Grayson County,"solar, wind","cap on project size, setback",in_force,matched,S26R-5459,Grayson County,solar,setback (solar),in_force,,same jurisdiction; mechanism family; year,S26R-5459 Grayson County (2.50),,,,
REC-0458,local_restrictions,VA,Greensville County,solar,"cap on acreage, cap on project size",in_force,matched,S26R-5458,Greensville County,solar,cap on project size (solar),in_force,,same jurisdiction; mechanism family; year,S26R-5458 Greensville County (3.00),,,,
REC-0459,local_restrictions,VA,Halifax County,solar,"setback, cap on acreage",in_force,matched,S26R-5457,Halifax County,solar,setback (solar),in_force,,same jurisdiction; mechanism family; year,S26R-5457 Halifax County (3.00),,,,
REC-0460,local_restrictions,VA,James City County,solar,pause on new projects,in_force,matched,S26R-5453,James City County,solar,ban or moratorium (solar),in_force,,same jurisdiction; mechanism family; year,S26R-5453 James City County (3.00),,,,
REC-0461,local_restrictions,VA,Louisa County,solar,"cap on acreage, cap on project size",in_force,matched,S26R-5450,Louisa County,solar,cap on project size (solar),in_force,,same jurisdiction; mechanism family; year,S26R-5450 Louisa County (3.00),,,,
REC-0462,local_restrictions,WA,Grant County,solar,moratorium,in_force,matched,S26R-5433,Grant County,solar,moratorium (solar),in_force,,same jurisdiction; mechanism family; year,S26R-5433 Grant County (3.00),,,,
REC-0463,local_restrictions,WA,Kittitas,solar,moratorium,in_force,matched,S26R-5432,Kittitas County,solar,moratorium (solar),expired,yes,same jurisdiction; mechanism family; year,S26R-5432 Kittitas County (3.00),,,,
REC-0464,local_restrictions,WA,Klickitat,solar,"moratorium, setback rules",in_force,matched,S26R-5431,Klickitat County,"wind, solar","setback (wind), setback (solar)",in_force,,same jurisdiction; mechanism family; year,S26R-5431 Klickitat County (2.50),,,,
REC-0465,local_restrictions,WA,Yakima,solar,moratorium,in_force,matched,S26R-5427,Yakima County,solar,moratorium (solar),in_force,,same jurisdiction; mechanism family; year,S26R-5427 Yakima County (3.00),,,,
REC-0466,contested_projects,WA,Badger Mountain Solar Project,solar,,pending,matched,S26P-4341,Badger Mountain Solar Project,solar,,pending,,name 1.00; same name; county,S26P-4341 Badger Mountain Solar Project (3.00),,,,
REC-0467,contested_projects,WA,Carriger Solar Project,solar,,pending,matched,S26P-4342,Carriger Solar Project,solar,,pending,,name 1.00; same name; county,S26P-4342 Carriger Solar Project (3.00),,,,
REC-0468,contested_projects,WA,Columbia Solar Project,solar,,approved_after_opposition,matched,S26P-4343,Columbia Solar Project,solar,,pending,yes,name 1.00; same name; county,S26P-4343 Columbia Solar Project (3.00),,,,
REC-0469,contested_projects,WA,Goldendale Energy Storage Project,storage,,pending,matched,S26P-4344,Goldendale Energy Storage Project,storage,,pending,,name 1.00; same name; county,S26P-4344 Goldendale Energy Storage Project (3.00),,,,
REC-0470,contested_projects,WA,Goldeneye Energy Storage,storage,,pending,matched,S26P-4345,Goldeneye Energy Storage,storage,,pending,,name 1.00; same name; county,S26P-4345 Goldeneye Energy Storage (3.00),,,,
REC-0471,state_level_restrictions,WV,WV (state),wind,ban/prohibition,in_force,not_in_latest_edition,,,,,,,,,,,,
REC-0472,state_level_restrictions,WV,Senate Bill 583 of 2020 (S.B. 583),"wind, solar",,in_force,matched,S26R-6267,West Virginia Senate Bill 583 of 2020,solar,cap on capacity (solar),in_force,,same bill sb583; year,S26R-6267 West Virginia Senate Bill 583 of 2020 (1.50),,,,
REC-0473,contested_projects,WV,Beech Ridge Wind Farm,wind,,pending,matched,S26P-4359,Beech Ridge Wind Farm,wind,,operational,yes,name 1.00; same name; county,S26P-4359 Beech Ridge Wind Farm (3.00),,,,
REC-0474,contested_projects,WV,Mount Storm Wind Project,wind,,in_force,matched,S26P-4360,Mount Storm Wind Project,wind,,operational,yes,name 1.00; same name; county,S26P-4360 Mount Storm Wind Project (3.00),,,,
REC-0475,contested_projects,WV,Tyr Energy Solar Project,solar,,in_force,matched,S26P-4361,Tyr Energy Solar Project,solar,,pending,yes,name 1.00; same name; county,S26P-4361 Tyr Energy Solar Project (3.00),,,,
REC-0476,local_restrictions,WI,Manitowoc County,wind,"setback, noise_limit",in_force,not_in_latest_edition,,,,,,,,,,,,
REC-0477,local_restrictions,WI,Cassel,wind,"noise_limit, setback",in_force,matched,S26R-5411,Town of Cassel,wind,"setback (wind), noise limit (wind)",in_force,,same jurisdiction; mechanism family; year,S26R-5411 Town of Cassel (3.00),,,,
REC-0478,local_restrictions,WI,Cleveland,wind,"noise_limit, setback",in_force,matched,S26R-5415,Town of Cleveland,wind,"setback (wind), noise limit (wind)",in_force,,same jurisdiction; mechanism family; year,S26R-5415 Town of Cleveland (3.00),,,,
REC-0479,local_restrictions,WI,Courtland,solar,"setback, noise_limit",in_force,matched,S26R-5424,Town of Courtland,solar,setback (solar),in_force,,same jurisdiction; mechanism family; year,S26R-5424 Town of Courtland (3.00),,,,
REC-0480,local_restrictions,WI,Day,wind,"noise_limit, setback",in_force,matched,S26R-5412,Town of Day,wind,"setback (wind), noise limit (wind)",in_force,,same jurisdiction; mechanism family; year,S26R-5412 Town of Day (3.00),,,,
REC-0481,local_restrictions,WI,Green Grove,wind,"noise_limit, setback",in_force,matched,S26R-5426,Town of Green Grove,wind,"setback (wind), noise limit (wind)",in_force,,same jurisdiction; mechanism family; year,S26R-5426 Town of Green Grove (3.00),,,,
REC-0482,local_restrictions,WI,Green Valley,wind,"noise_limit, setback",in_force,not_in_latest_edition,,,,,,,,,,,,
REC-0483,local_restrictions,WI,Holton,wind,"noise_limit, setback",in_force,matched,S26R-5417,Town of Holton,wind,"setback (wind), noise limit (wind)",in_force,,same jurisdiction; mechanism family; year,S26R-5417 Town of Holton (3.00),,,,
REC-0484,local_restrictions,WI,Johnson,wind,"noise_limit, setback",in_force,matched,S26R-5418,Town of Johnson,wind,"setback (wind), noise limit (wind)",in_force,,same jurisdiction; mechanism family; year,S26R-5418 Town of Johnson (3.00),,,,
REC-0485,local_restrictions,WI,Lincoln,wind,moratorium,lifted,matched,S26R-5421,Town of Lincoln,wind,moratorium (wind),expired,yes,same jurisdiction; mechanism family; year,S26R-5421 Town of Lincoln (3.00),,,,
REC-0486,local_restrictions,WI,Lowville,wind,"noise_limit, setback",in_force,not_in_latest_edition,,,,,,,,,,,,
REC-0487,local_restrictions,WI,Rib Falls,wind,"noise_limit, setback",in_force,matched,S26R-5419,Town of Rib Falls,wind,"setback (wind), noise limit (wind)",in_force,,same jurisdiction; mechanism family; year,S26R-5419 Town of Rib Falls (3.00),,,,
REC-0488,local_restrictions,WI,Deerfield,solar,"setback, ag_land_exclusion",in_force,not_in_latest_edition,,,,,,,,,,,,
REC-0489,local_restrictions,WI,Springfield,solar,"setback, ag_land_exclusion",in_force,matched,S26R-5422,Town of Springfield,solar,ban or moratorium (solar),in_force,,same jurisdiction; no mechanism in common; year,S26R-5422 Town of Springfield (2.00),,,,
REC-0490,local_restrictions,WI,Union,wind,setback,in_force,matched,S26R-5410,Town of Union,wind,setback (wind),in_force,,same jurisdiction; mechanism family; year,S26R-5410 Town of Union (3.00),,,,
REC-0491,local_restrictions,WI,Westport,solar,"setback, ag_land_exclusion",in_force,matched,S26R-5423,Town of Westport,solar,ban or moratorium (solar),in_force,,same jurisdiction; no mechanism in common; year,S26R-5423 Town of Westport (2.00),,,,
REC-0492,local_restrictions,WY,Crook County,wind,"setback, noise_limit",in_force,matched,S26R-5405,Crook County,wind,"setback (wind), noise limit (wind)",in_force,,same jurisdiction; mechanism family; year,S26R-5405 Crook County (3.00),,,,
REC-0493,contested_projects,WY,Pioneer Wind Parks I and II,wind,,in_force,matched,S26P-4362,Pioneer Wind Parks I and II,wind,,operational,yes,name 1.00; same name; county,S26P-4362 Pioneer Wind Parks I and II (3.00),,,,
REC-0494,contested_projects,WY,Rail Tie Wind Project,wind,,pending,matched,S26P-4363,Rail Tie Wind Project,wind,,pending,,name 1.00; same name; county,S26P-4363 Rail Tie Wind Project (3.00),,,,
REC-0495,contested_projects,WY,Rock Creek Gen-Tie Line,transmission,,pending,matched,S26P-4364,Rock Creek Gen-Tie Line,transmission,,pending,,name 1.00; same name; county,S26P-4364 Rock Creek Gen-Tie Line (3.00),,,,
REC-0496,state_level_restrictions,WY,WY (state),"wind, solar","setback, ban/prohibition",unknown,not_in_latest_edition,,,,,,,,,,,,
REC-0497,state_level_restrictions,NY,NY (state),"wind, solar",ban/prohibition,unknown,not_in_latest_edition,,,,,,,,,,,,
REC-0498,state_level_restrictions,PA,PA (state),solar,ban/prohibition,unknown,not_in_latest_edition,,,,,,,,,,,,
REC-0499,state_level_restrictions,IL,IL (state),"wind, solar","setback, ban/prohibition",unknown,not_in_latest_edition,,,,,,,,,,,,
REC-0500,state_level_restrictions,VA,VA (state),solar,ban/prohibition,unknown,not_in_latest_edition,,,,,,,,,,,,
REC-0501,contested_projects,WY,,"wind, solar",,unknown,not_in_latest_edition,,,,,,,,,,,,
REC-0502,state_level_restrictions,IA,IA (state),wind,ban/prohibition,unknown,not_in_latest_edition,,,,,,,,,,,,
