id,state,project_name,technology,severity_score,description,outcome,finality_evidence,status,has_litigation,opposition_type,county,municipality,event_date_text,capacity_mw,area_acres,long_description,source_record_id,source,source_url,notes,opposition_groups,group_sources,sabin_edition,edition_status,pinned_id,source_kind,source_access,queue_id,source_id,instrument_id,evidence_level,verification,county_fips,county_fips_all,county_fips_method,facility_match,facility_ids,facility_name,facility_status,facility_capacity_mw,facility_year,facility_latitude,facility_longitude,facility_note,facility_conflict,resolution_url,resolution_access,resolution_archived_url,resolution_date
con_f906e5d6eb,IA,Coggon Solar,solar,1,"Clenera Energy's 100 MW, 750-acre Coggon Solar project west of Coggon drew sustained opposition over prime farmland, property values and setbacks. The Planning and Zoning Commission voted 6-1 in late November 2021 to recommend denying the rezoning. After public meetings on Jan. 10, 13 and 18, 2022, the Board of Supervisors approved the third and final reading 2-1 on Jan. 24, 2022 (Walker and Rogers for, Zumbach against). The board removed, 2-1, the 950 ft soft setback and 28 in. panel-height conditions added earlier, and added a vegetative screening buffer within 1,000 ft of occupied residences and a decommissioning estimate without salvage value.",advanced_unverified,outcome_label_only,approved_after_opposition,,public_hearing,Linn County,,2021-11,,,,,review queue: web_research_2026-10-09,https://corridorbusiness.com/linn-supervisors-give-green-light-to-coggon-solar-project/,"Opened 2026-10-09: Corridor Business Journal, published 2022-01-25. Corrected against it: the 950 ft soft setback and the 28 in. panel height were removed, not added (the snippet had them backwards). Bright Future Iowa gathered more than 4,000 signatures supporting the project. Whether the project was built is not in the article. Also located, not read: county release https://www.linncountyiowa.gov/CivicAlerts.aspx?AID=2628 .; promoted automatically from data/review/queue.csv on 2026-10-09: required fields complete, not reviewed by hand",Iowa for Responsible Solar,https://corridorbusiness.com/linn-supervisors-give-green-light-to-coggon-solar-project/,,,con_f906e5d6eb,news,opened,q_67b7708fa1,src_519088ccf1e1,queue:q_67b7708fa1,report_citation,verified,19113,19113,name,strong,eia:68939:under_construction,Coggon Solar LLC,under_construction,100,2027,42.29059,-91.57266,"EIA-860M August 2026: plant ID 68939 'Coggon Solar LLC' (IA, Linn County, entity Clenera DevCo LLC, solar, 100 MW), under construction, expected 12/2027. Status (U) Under construction, less than or equal to 50 percent complete. Matched on name and county. The inventory records the plant's status only; it says nothing about the opposition or its effect.",,,,,
con_b6d7252c8a,KS,Rainbow Springs Solar,solar,2,"Clearway Energy's proposed Rainbow Springs Solar project in Cherokee County, Kansas was stopped for now by the county's December 2025 moratorium on new large-scale energy projects. Clearway said it was disheartened by the decision, which it said stifles economic development and encroaches on property rights, and that it would keep working with the county and partnering landowners to find a way forward.",pending,none,proposed,,,Cherokee County,,2025-12,,,,,review queue: web_research_2026-10-09,https://digital-release.fourstateshomepage.com/news/local/cherokee-countys-moratorium-affects-solar-project-plans/amp/,"Opened 2026-10-09: KSNF, published 2026-01-11. The project's size is not in the article. No opposition group is named.; promoted automatically from data/review/queue.csv on 2026-10-09: required fields complete, not reviewed by hand",,,,,con_b6d7252c8a,news,opened,q_f58162735a,src_fd5251ab33ec,queue:q_f58162735a,report_citation,verified,20021,20021,name,,,,,,,,,,,,,,
con_f6cc30a9f4,AL,Noccalula Wind Energy Center,wind,4,"In August 2014, Pioneer Green Energy, a Texas-based developer, abandoned plans to construct a $160 million wind project comprising 35 to 40 turbines after local residents filed a lawsuit challenging the project and after the state enacted onerous restrictions on wind energy in Etowah County.",blocked_confirmed,resolution: https://www.gadsdentimes.com/story/news/local/2014/08/20/wind-farm-project-dead-leases-with-land-owners-terminated/32100439007/,cancelled,yes,litigation,Etowah County,,2014,35-40 MW,,"In August 2014, Pioneer Green Energy, a Texas-based developer, abandoned plans to construct a $160 million wind project comprising 35 to 40 turbines after local residents filed a lawsuit challenging the project and after the state enacted onerous restrictions on wind energy in Etowah County.",REC-0005,"Sabin Center, Opposition to Renewable Energy Facilities in the United States (Sept. 2026 ed.), via data/renewable_opposition_records_2026-09.csv",https://scholarship.law.columbia.edu/sabin_climate_change/280/,Sabin 2026 entry 3869; litigation venue: State; cancelled 2014; capacity carried from the 2025 edition,,,2026-09,in_latest_edition,con_f6cc30a9f4,,,,src_731207f65d0f,sabin:REC-0005,confirmed,verified,01055,01055,name,,,,,,,,,,,https://www.gadsdentimes.com/story/news/local/2014/08/20/wind-farm-project-dead-leases-with-land-owners-terminated/32100439007/,opened,,2014-08
con_bdcedbbcf1,AL,Origis Energy Solar Farm,solar,2,"Local residents expressed strong opposition to a proposed solar farm at an August 21, 2023 meeting reviewing the possible construction of a 160-MW, 1,000-acre solar panel array.",pending,none,pending,no,"local_residents, media_campaign",Covington County,,2023,160,1000,"Local residents expressed strong opposition to a proposed solar farm at an August 21, 2023 meeting reviewing the possible construction of a 160-MW, 1,000-acre solar panel array. The residents opposed the farm for several reasons, including that the farm would be powering communities “over an hour away” and not their own; that the solar farm might encroach on family properties that have existed for generations; and that potential road runoff might impact their well water supplies. Residents also expressed frustration that surveyors had entered their property without their permission. An online petition created by the group “Concerned Citizens of Covington County Alabama” urged Origis Energy to relocate the project to a more remote or industrial area of Covington County. As of December 31, 2023, the petition had 80 signatures.",REC-0006,"Sabin Center, Opposition to Renewable Energy Facilities in the United States (Sept. 2026 ed.), via data/renewable_opposition_records_2026-09.csv",https://scholarship.law.columbia.edu/sabin_climate_change/280/,Sabin 2026 entry 3870; opposition_type carried from the 2025 edition,,,2026-09,in_latest_edition,con_bdcedbbcf1,,,,src_731207f65d0f,sabin:REC-0006,report_citation,unverified,01039,01039,name,,,,,,,,,,,,,,
con_f1b7d028b5,AL,Shinbone Ridge Wind,wind,4,"In August 2014, Pioneer Green Energy abandoned plans to construct a $40 million wind project comprising 7 to 8 wind turbines in Cherokee County after local residents filed a lawsuit challenging the project and after the state enacted onerous restrictions on wind energy in Cherokee County.",blocked_confirmed,resolution: https://www.gadsdentimes.com/story/news/local/2014/08/20/wind-farm-project-dead-leases-with-land-owners-terminated/32100439007/,cancelled,yes,litigation,Cherokee County,,2014,7-8 MW,,"In August 2014, Pioneer Green Energy abandoned plans to construct a $40 million wind project comprising 7 to 8 wind turbines in Cherokee County after local residents filed a lawsuit challenging the project and after the state enacted onerous restrictions on wind energy in Cherokee County.",REC-0007,"Sabin Center, Opposition to Renewable Energy Facilities in the United States (Sept. 2026 ed.), via data/renewable_opposition_records_2026-09.csv",https://scholarship.law.columbia.edu/sabin_climate_change/280/,Sabin 2026 entry 3871; litigation venue: State; cancelled 2014; capacity carried from the 2025 edition,,,2026-09,in_latest_edition,con_f1b7d028b5,,,,src_731207f65d0f,sabin:REC-0007,confirmed,verified,01019,01019,name,,,,,,,,,,,https://www.gadsdentimes.com/story/news/local/2014/08/20/wind-farm-project-dead-leases-with-land-owners-terminated/32100439007/,opened,,2014-08
con_b34cb303b8,AL,Stockton I and Stockton II Solar,solar,2,"In October 2025, Alabama Power submitted its proposal for two solar projects, the 80-MW Stockton I and the 180-MW Stockton II, to be located on approximately 2,000 acres of land in Stockton.",pending,none,pending,no,,Baldwin County,,2025,260,"2,000","In October 2025, Alabama Power submitted its proposal for two solar projects, the 80-MW Stockton I and the 180-MW Stockton II, to be located on approximately 2,000 acres of land in Stockton. The projects were designed to power a Meta-affiliated data center under construction in Montgomery. Local residents have voiced concerns about the projects, including the impacts on the community’s rural character and wetlands as well as its proximity to the Mobile-Tensaw Delta and the potential environmental risks posed by hurricanes and flooding. The opponents created a Facebook page titled “Stop Solar in Stockton,” where residents have raised concerns about land use, environmental impacts, and the lack of public notice. In December 2025, the Alabama Public Service Commission unanimously approved the projects. Construction is expected to begin in 2026, with commercial operation by the end of 2028.",S26P-4421,"Sabin Center, Opposition to Renewable Energy Facilities in the United States (Sept. 2026 ed.), via data/renewable_opposition_records_2026-09.csv",https://scholarship.law.columbia.edu/sabin_climate_change/280/,Sabin 2026 entry 4421,,,2026-09,in_latest_edition,,,,,src_731207f65d0f,sabin:S26P-4421,report_citation,unverified,01003,01003,name,,,,,,,,,,,,,,
con_b3b739c415,AL,Turkey Heaven Mountain Wind,wind,4,"In October 2015, Native Energy Solutions, an Oklahoma-based developer, announced that it was no longer planning to build a wind project in Cleburne County.",blocked_confirmed,resolution: https://www.annistonstar.com/news/wind-turbine-company-has-no-plans-for-alabama-after-lawsuit-from-cleburne-county-homeowners/article_30289b7e-775c-11e5-a572-f775a9d8f777.html,cancelled,yes,litigation,Cleburne County,,2015,,,"In October 2015, Native Energy Solutions, an Oklahoma-based developer, announced that it was no longer planning to build a wind project in Cleburne County. The project faced opposition from local residents who, in June 2014, filed a lawsuit seeking a permanent injunction that would bar the developer from constructing wind turbines in the County, citing concerns about “wind turbine syndrome” among other things. The developer filed a motion to dismiss, but the motion was denied.",REC-0008,"Sabin Center, Opposition to Renewable Energy Facilities in the United States (Sept. 2026 ed.), via data/renewable_opposition_records_2026-09.csv",https://scholarship.law.columbia.edu/sabin_climate_change/280/,Sabin 2026 entry 3872; litigation venue: State; cancelled 2015,,,2026-09,in_latest_edition,con_b3b739c415,,,,src_731207f65d0f,sabin:REC-0008,confirmed,verified,01029,01029,name,,,,,,,,,,,https://www.annistonstar.com/news/wind-turbine-company-has-no-plans-for-alabama-after-lawsuit-from-cleburne-county-homeowners/article_30289b7e-775c-11e5-a572-f775a9d8f777.html,opened,,2015-10-20
con_21e7d9c759,AR,Nimbus Wind Farm,wind,1,"In 2016, Scout Clean Energy began negotiating contracts with landowners for the 180-MW Nimbus Wind Farm, which would cover 14 square miles of land atop the Ozark Mountains.",advanced_confirmed,resolution: https://www.eia.gov/electricity/data/eia860m/,pending,no,"organized_group, local_residents",Carroll County,,2024,180,5600 acres (14 square miles),"In 2016, Scout Clean Energy began negotiating contracts with landowners for the 180-MW Nimbus Wind Farm, which would cover 14 square miles of land atop the Ozark Mountains. In 2023, a group called Stop Wind Farms was formed to oppose this development and collected over 1,000 verified signatures in opposition, raising concerns about disturbances to the aesthetic value of the Ozark ridgeline and decreased property values. Nevertheless, on September 17, 2024, the Carroll County Quorum Court approved Scout to use county roads for installation, so long as Scout covered the cost for road maintenance around the wind farm. The project is expected to commence construction in 2025.",REC-0015,"Sabin Center, Opposition to Renewable Energy Facilities in the United States (Sept. 2026 ed.), via data/renewable_opposition_records_2026-09.csv",https://scholarship.law.columbia.edu/sabin_climate_change/280/,"Sabin 2026 entry 3873; opposition_type, area carried from the 2025 edition",Stop Wind Farms,https://katv.com/news/local/ozark-mountain-residents-opposing-arkansas-first-wind-farm-project-caroline-rogers-richard-williams-scout-clean-energy-nimbus-wind-turbine-green-energy-green-forrest-carroll-county-nature-natural-state-stop-wind-farms-crittenden-cross-quorum-court-lease,2026-09,in_latest_edition,con_21e7d9c759,,,,src_731207f65d0f,sabin:REC-0015,confirmed,verified,05015,05015,name,strong,eia:68319:under_construction,Nimbus Wind Farm,under_construction,183,2026,36.27118,-93.40682,"EIA-860M August 2026: plant ID 68319 'Nimbus Wind Farm' (AR, Carroll County, entity Nimbus Wind Farm LLC, wind, 183 MW), under construction, expected 10/2026. Status (TS) Construction complete, but not yet in commercial operation. Matched on name and county and capacity. The inventory records the plant's status only; it says nothing about the opposition or its effect.",,https://www.eia.gov/electricity/data/eia860m/,opened,,2026-08
con_6359ae7dee,AR,Wind Catcher Energy Connection Project,wind,4,"In July 2018, American Electric Power abandoned plans to build a $4.5 billion, 2,000-MW wind farm in the Oklahoma panhandle, as well as an associated interstate transmission project that would have delivered electricity to Arkansas and other states.",blocked_confirmed,resolution: https://interchange.puc.texas.gov/Documents/47461_455_989734.PDF,cancelled,no,dark_money_group,Washington County,,2018,2000,,"In July 2018, American Electric Power abandoned plans to build a $4.5 billion, 2,000-MW wind farm in the Oklahoma panhandle, as well as an associated interstate transmission project that would have delivered electricity to Arkansas and other states. In Arkansas, a dark money group called Protect Our Pocketbooks paid for television advertisements claiming that Arkansas would receive no benefits from the project. The developer responded by issuing a statement that Protect Our Pocketbooks was “presenting misleading information to the public, including manipulation of statements by Arkansas Gov. Asa Hutchinson.” The developer further noted that the group “does not reveal the names of its backers or the sources of its substantial funding.” Although the Arkansas Public Service Commission ultimately granted approval for the Arkansas components of the project, the Wind Catcher project was canceled altogether when the Texas Public Service Commission (PSC) denied approval.",REC-0016,"Sabin Center, Opposition to Renewable Energy Facilities in the United States (Sept. 2026 ed.), via data/renewable_opposition_records_2026-09.csv",https://scholarship.law.columbia.edu/sabin_climate_change/280/,Sabin 2026 entry 3874; cancelled 2018; opposition_type carried from the 2025 edition,,,2026-09,in_latest_edition,con_6359ae7dee,,,,src_731207f65d0f,sabin:REC-0016,confirmed,verified,05143,05143,name,,,,,,,,,,,https://interchange.puc.texas.gov/Documents/47461_455_989734.PDF,opened,,2018-08-13
con_3d6de038c4,AZ,Black Mesa Pumped Storage Project,battery_storage,4,"The developer Nature and People First has sought to develop a 6,000-MW, utility-scale pumped storage hydropower project on approximately 400 acres of land.",blocked_confirmed,resolution: https://biologicaldiversity.org/programs/public_lands/rivers/pdfs/20240215-Order-Denying-Preliminary-Permit-Black-Mesa.pdf,cancelled,no,"environmental_group, local_residents",Apache County; Navajo County,,2024,6000,400,"The developer Nature and People First has sought to develop a 6,000-MW, utility-scale pumped storage hydropower project on approximately 400 acres of land. In July 2023, three organizations—Tó Nizhóní Ání, Diné Citizens Against Ruining our Environment, and Center for Biological Diversity—submitted a letter to FERC attaching resolutions against the project from 18 Navajo Nation chapters and agencies. Nearby residents had expressed concerns that the project could damage underground water supplies and sacred lands and that the developer had not sufficiently involved nearby residents. In February 2024, FERC denied applications for a preliminary permit for the project, stating that “[t]he Commission will not issue preliminary permits for projects proposing to use Tribal lands if the Tribes on whose land the project is to be located opposes the permit.”",REC-0011,"Sabin Center, Opposition to Renewable Energy Facilities in the United States (Sept. 2026 ed.), via data/renewable_opposition_records_2026-09.csv",https://scholarship.law.columbia.edu/sabin_climate_change/280/,"Sabin 2026 entry 3875; opposition_type, area carried from the 2025 edition",,,2026-09,in_latest_edition,con_3d6de038c4,,,,src_731207f65d0f,sabin:REC-0011,confirmed,verified,,04001;04017,names,,,,,,,,,,,https://biologicaldiversity.org/programs/public_lands/rivers/pdfs/20240215-Order-Denying-Preliminary-Permit-Black-Mesa.pdf,opened,,2024-02-15
con_f73684b5f6,AZ,Horus Energy AZ 1 LLC’s Prince Road Solar Project,solar,4,"On September 11, 2024, the Cochise County Planning and Zoning Commission voted to deny a special use permit to construct a 75-MW solar farm on 597 acres of land.",blocked_confirmed,resolution: https://www.myheraldreview.com/news/cochise_county/supervisors-say-no-to-appeal-for-permit-to-construct-solar-plant-in-mcneal/article_5f2ab282-96eb-11ef-87c6-73dd2ce6c556.html,cancelled,no,local_residents,Cochise County,,2024,75,597,"On September 11, 2024, the Cochise County Planning and Zoning Commission voted to deny a special use permit to construct a 75-MW solar farm on 597 acres of land. In voting to deny the project, the commission chairwoman stated, “We’ve got too many of these in the county now.”",REC-0012,"Sabin Center, Opposition to Renewable Energy Facilities in the United States (Sept. 2026 ed.), via data/renewable_opposition_records_2026-09.csv",https://scholarship.law.columbia.edu/sabin_climate_change/280/,Sabin 2026 entry 3876; cancelled 2024; opposition_type carried from the 2025 edition,,,2026-09,in_latest_edition,con_f73684b5f6,,,,src_731207f65d0f,sabin:REC-0012,confirmed,verified,04003,04003,name,,,,,,,,,,,https://www.myheraldreview.com/news/cochise_county/supervisors-say-no-to-appeal-for-permit-to-construct-solar-plant-in-mcneal/article_5f2ab282-96eb-11ef-87c6-73dd2ce6c556.html,opened,,2024-10-29
con_36203fc840,AZ,Lava Run Solar,solar,2,"In 2025, Repsol proposed the 450 MW Lava Solar Project to be located on approximately 3,700 acres of public lands in Apache County.",pending,none,pending,no,,Apache County,,2025,450,"3,700","In 2025, Repsol proposed the 450 MW Lava Solar Project to be located on approximately 3,700 acres of public lands in Apache County. The developer has also proposed to construct a 27-mile transmission line that would serve the Lava Run Wind and the Lava Run Solar projects. The project has faced strong opposition from a group called “Stop Lava Run” that was formed with the sole purpose of opposing the Lava Run Solar and Lava Run Wind projects. The group maintains a website encouraging local residents to file public comments in opposition to the project and attend public hearings to raise concerns, including the project’s potential impacts on wildlife and ecosystems, water pollution as well as impacts on hunting, recreation, and tourism. In September 2025, the developer submitted an application for a Certificate of Environmental Compatibility (CEC) to the Arizona Power Plant and Transmission Line Siting Committee (LSC). In October 2025, the LSC, in an 8-2 vote, recommended approval of the CEC. In December 2025, the Arizona Corporate Commission unanimously voted to send the application back to the LSC to more fully address the concerns raised by local residents in opposition to the project.",S26P-4419,"Sabin Center, Opposition to Renewable Energy Facilities in the United States (Sept. 2026 ed.), via data/renewable_opposition_records_2026-09.csv",https://scholarship.law.columbia.edu/sabin_climate_change/280/,Sabin 2026 entry 4419,,,2026-09,in_latest_edition,,,,,src_731207f65d0f,sabin:S26P-4419,report_citation,unverified,04001,04001,name,,,,,,,,,,,,,,
con_d175be6f6e,AZ,Lava Run Wind,wind,2,"In 2025, Repsol proposed the 500 MW Lava Wind Project, comprising  up to 112 wind turbines on approximately 500 acres of public lands in Apache County.",pending,none,pending,no,,Apache County,,2025,500,500,"In 2025, Repsol proposed the 500 MW Lava Wind Project, comprising  up to 112 wind turbines on approximately 500 acres of public lands in Apache County. The developer has also proposed to construct a 27-mile transmission line that would serve the Lava Run Wind and the Lava Run Solar projects. The project has faced strong opposition from a group called “Stop Lava Run” that was formed with the sole purpose of opposing the Lava Run Wind and the Lava Run Solar projects. The group maintains a website encouraging local residents to file public comments in opposition to the project and attend public hearings to raise concerns, including about the project’s potential impacts on wildlife and ecosystems, water pollution as well as impacts on hunting, recreation, and tourism. In September 2025, the developer submitted an application for a Certificate of Environmental Compatibility (CEC) for the project to the Arizona Power Plant and Transmission Line Siting Committee (LSC). In October 2025, the LSC, in an 8-2 vote, recommended approval of the CEC. In December 2025, the Arizona Corporate Commission unanimously voted to send the application back to the LSC to more fully address the concerns raised by local residents in opposition to the project.",S26P-4418,"Sabin Center, Opposition to Renewable Energy Facilities in the United States (Sept. 2026 ed.), via data/renewable_opposition_records_2026-09.csv",https://scholarship.law.columbia.edu/sabin_climate_change/280/,Sabin 2026 entry 4418,,,2026-09,in_latest_edition,,,,,src_731207f65d0f,sabin:S26P-4418,report_citation,unverified,04001,04001,name,,,,,,,,,,,,,,
con_565506a120,AZ,Silver King Energy Center,solar,4,"In 2025, Arevia Power proposed the Silver King Energy Center, a hybrid facility with 800 MW of solar energy generation and 400 MW of thermal energy generation, to be located on approximately 8,122 acres of public lands north of Florence and east of San Tan Valley.",blocked_unverified,outcome_label_only,cancelled,no,,Pinal County,,2026,800,"8,122","In 2025, Arevia Power proposed the Silver King Energy Center, a hybrid facility with 800 MW of solar energy generation and 400 MW of thermal energy generation, to be located on approximately 8,122 acres of public lands north of Florence and east of San Tan Valley. On January 15, 2026, the County Planning and Zoning Commission, in a 4-3 vote, recommended denial of three rezoning applications that would have allowed the project to move forward. On February 18, 2026, the County Board of Supervisors voted unanimously to reject the project rezoning applications. Opponents of the project expressed concerns about the visual impacts of solar panels on the desert landscape, the potential safety implications of locating a large utility-scale facility adjacent to the towns, and the impacts on the future of freeway construction. Supporters of the project noted the project benefits including significant job opportunities during construction, long-term operational jobs, and the substantial tax revenue for Pinal County and for public education, primarily lease payment revenue for the Arizona State University.",S26P-4417,"Sabin Center, Opposition to Renewable Energy Facilities in the United States (Sept. 2026 ed.), via data/renewable_opposition_records_2026-09.csv",https://scholarship.law.columbia.edu/sabin_climate_change/280/,Sabin 2026 entry 4417; cancelled 2026,,,2026-09,in_latest_edition,,,,,src_731207f65d0f,sabin:S26P-4417,report_citation,unverified,04021,04021,name,,,,,,,,,,,,,,
con_f4d1eeaf2d,AZ,SunZia Transmission Line,transmission,3,"The SunZia transmission line is designed to transmit more than 3,600 MW of electricity generated at wind farms in New Mexico.",advanced_confirmed,resolution: https://patternenergy.com/sunzia-comes-online/,pending,yes,litigation,Cochise County,,2026,3600,,"The SunZia transmission line is designed to transmit more than 3,600 MW of electricity generated at wind farms in New Mexico. Its routing in the San Pedro Valley prompted controversy, with the Tohono O’odham, Hopi, Zuni, and San Carlos Apache tribes claiming that the Bureau of Land Management ignored over 15 years of attempts by the tribes to recognize the valley as a culturally significant area. In January 2024, the Tohono O’odham Nation, San Carlos Apache Tribe, Center for Biological Diversity, and Archeology Southwest filed a lawsuit in the U.S. District Court for the District of Arizona, claiming that the review of the project violated the National Environmental Policy Act (NEPA) and the National Historic Preservation Act (NHPA). The lawsuit was dismissed in June 2024 and subsequently appealed to the Ninth Circuit Court of Appeals. In May 2025, the Court of Appeals reversed the district court’s dismissal and remanded the case for further proceedings.  In April 2026, the developer, Pattern Energy, began testing the project as it nears completion. The lawsuit challenging the project remains pending in the U.S. District Court for the District of Arizona.",REC-0013,"Sabin Center, Opposition to Renewable Energy Facilities in the United States (Sept. 2026 ed.), via data/renewable_opposition_records_2026-09.csv",https://scholarship.law.columbia.edu/sabin_climate_change/280/,Sabin 2026 entry 3877; litigation venue: Federal,,,2026-09,in_latest_edition,con_f4d1eeaf2d,,,,src_731207f65d0f,sabin:REC-0013,confirmed,verified,04003,04003,name,,,,,,,,,,,https://patternenergy.com/sunzia-comes-online/,opened,,2026-06-18
con_db31bc839d,CA,Altamont Pass Wind Resource Area First-Generation Wind Farms,wind,3,"In 2004, the Center for Biological Diversity brought a lawsuit against the operators of wind turbines in the Altamont Pass Wind Resource Area in Alameda and Contra Costa Counties, alleging that the “obsolete, first-generation wind turbine generators” being used at the site were killing and injuring birds in violation of the public trust doctrine.",advanced_confirmed,resolution: https://www.courtlistener.com/opinion/2247219/center-for-biological-diversity-inc-v-fpl-group-inc/,unknown,yes,litigation,Alameda County; Contra Costa County,,2004,,,"In 2004, the Center for Biological Diversity brought a lawsuit against the operators of wind turbines in the Altamont Pass Wind Resource Area in Alameda and Contra Costa Counties, alleging that the “obsolete, first-generation wind turbine generators” being used at the site were killing and injuring birds in violation of the public trust doctrine. The lawsuit was dismissed, and the dismissal was upheld on appeal.",REC-0023,"Sabin Center, Opposition to Renewable Energy Facilities in the United States (Sept. 2026 ed.), via data/renewable_opposition_records_2026-09.csv",https://scholarship.law.columbia.edu/sabin_climate_change/280/,Sabin 2026 entry 3878; litigation venue: State,,,2026-09,in_latest_edition,con_db31bc839d,,,,src_731207f65d0f,sabin:REC-0023,confirmed,verified,,06001;06013,names,,,,,,,,,,,https://www.courtlistener.com/opinion/2247219/center-for-biological-diversity-inc-v-fpl-group-inc/,opened,,2008-09-18
con_27bceb8c04,CA,Aramis Solar Project,solar,3,"Opponents of two North Livermore Valley solar projects, Aramis (410 acres) and Sunwalker (70 acres), led by a group called Save North Livermore Valley, argued that the proposed locations of the projects impinge on agriculture, natural wildlife habitat, open space, and visual and scenic resources.",advanced_confirmed,resolution: https://www.eia.gov/electricity/data/eia860m/,pending,yes,litigation,Alameda County,,2023,,410,"Opponents of two North Livermore Valley solar projects, Aramis (410 acres) and Sunwalker (70 acres), led by a group called Save North Livermore Valley, argued that the proposed locations of the projects impinge on agriculture, natural wildlife habitat, open space, and visual and scenic resources. In October 2020, two candidates running for election to the Alameda County Board of Supervisors issued a joint statement urging the board to place a moratorium on solar development on agricultural land. After the East County Board of Zoning Adjustments approved both projects, local groups stated appealed both decisions. By December 2020, three local organizations had filed appeals challenging the approval of the Aramis project. In May 2022, the Alameda County Superior Court upheld the county’s approval of the Aramis project, dismissing a lawsuit by project opponents. In July 2023, Save North Livermore Valley appealed the Superior Court’s decision. California’s First District Court of Appeals denied the appeal in August 2023.",REC-0024,"Sabin Center, Opposition to Renewable Energy Facilities in the United States (Sept. 2026 ed.), via data/renewable_opposition_records_2026-09.csv",https://scholarship.law.columbia.edu/sabin_climate_change/280/,Sabin 2026 entry 3879; litigation venue: State,Save North Livermore Valley,https://www.independentnews.com/news/livermore_news/appeal-to-overturn-aramis-is-rejected/article_de468716-3c4d-11ee-8079-d32866c986ce.html,2026-09,in_latest_edition,con_27bceb8c04,,,,src_731207f65d0f,sabin:REC-0024,confirmed,verified,06001,06001,name,strong,eia:66678:under_construction,Aramis I Solar Project,under_construction,200,2026,37.74968,-121.7661,"EIA-860M August 2026: plant ID 66678 'Aramis I Solar Project' (CA, Alameda County, entity IP Aramis, LLC, battery_storage;solar, 200 MW), under construction, expected 9/2026. Status (U) Under construction, less than or equal to 50 percent complete. Matched on name and county. The inventory records the plant's status only; it says nothing about the opposition or its effect.",,https://www.eia.gov/electricity/data/eia860m/,opened,,2026-08
con_92e4cd9736,CA,Aratina Solar Center,solar;battery_storage,1,"In October 2021, the Kern County Board of Supervisors unanimously approved the Aratina Solar Center, a solar-plus-storage project including 530 MW of solar capacity and 600 MW of battery energy storage capacity.",advanced_confirmed,resolution: https://www.eia.gov/electricity/data/eia860m/,pending,no,organized_group,Kern County,,2021,1130,"4,070 acres (Blythe Mesa Solar Power Project)","In October 2021, the Kern County Board of Supervisors unanimously approved the Aratina Solar Center, a solar-plus-storage project including 530 MW of solar capacity and 600 MW of battery energy storage capacity. Shortly thereafter, local community members organized a petition that received 51,000 signatures. A primary concern driving local opposition to the project is the potential impact on local wildlife and on Joshua Trees. In compliance with the California Western Joshua Tree Conservation Act, the developer received an Incidental Take Permit, which authorized the developer to remove trees with an option to pay a standard mitigation fee rather than complete mitigation fee.",REC-0025,"Sabin Center, Opposition to Renewable Energy Facilities in the United States (Sept. 2026 ed.), via data/renewable_opposition_records_2026-09.csv",https://scholarship.law.columbia.edu/sabin_climate_change/280/,"Sabin 2026 entry 3880; opposition_type, area carried from the 2025 edition",,,2026-09,in_latest_edition,con_92e4cd9736,,,,src_731207f65d0f,sabin:REC-0025,confirmed,verified,06029,06029,name,,,,,,,,,,,https://www.eia.gov/electricity/data/eia860m/,opened,,2026-08
con_c66fdc886b,CA,Blythe Mesa Solar Power Project,solar,3,"The Blythe Mesa Solar Power Project is a 465-MW solar farm built between 2010 and 2020 over 4,070 acres of BLM land by the developer NextEra.",advanced_confirmed,resolution: https://www.govinfo.gov/content/pkg/FR-2014-08-11/pdf/2014-18973.pdf,unknown,yes,litigation,Riverside County,,2015,465,4070,"The Blythe Mesa Solar Power Project is a 465-MW solar farm built between 2010 and 2020 over 4,070 acres of BLM land by the developer NextEra. The Colorado River Indian Tribe (CRIT) sued the Department of Interior in 2014 in the U.S. District Court for the Central District of California, claiming that BLM’s lack of government-to-government consultation violated the NHPA; the lawsuit also included claims under NEPA and the Federal Land Policy and Management Act. The District Court granted summary judgment in favor of the Department of Interior in July 2015.",REC-0026,"Sabin Center, Opposition to Renewable Energy Facilities in the United States (Sept. 2026 ed.), via data/renewable_opposition_records_2026-09.csv",https://scholarship.law.columbia.edu/sabin_climate_change/280/,Sabin 2026 entry 3881; litigation venue: Federal,,,2026-09,in_latest_edition,con_c66fdc886b,,,,src_731207f65d0f,sabin:REC-0026,confirmed,verified,06065,06065,name,strong,eia:65053:operating;uspvdb:404775,Blythe Mesa Solar II,operating,335.6,2022,33.64081,-114.6803,"EIA-860M August 2026: plant ID 65053 'Blythe Mesa Solar II' (CA, Riverside County, entity Intersect USA, LLC, battery_storage;solar, 335.6 MW), operating, since 12/2022. Status (OP) Operating. USPVDB v4.0 (2026-04-14): entry 404775 'Blythe Mesa Solar II' (CA, Riverside County, battery_storage;solar, 223.6 MW), operating, since 2021. Matched on name and county. The inventory records the plant's status only; it says nothing about the opposition or its effect.",,https://www.govinfo.gov/content/pkg/FR-2014-08-11/pdf/2014-18973.pdf,opened,,2014-08-01
con_3e3b105008,CA,Boulder Brush Project,transmission,3,"The Boulder Brush Project is a 320-acre substation and transmission line proposed by Terra-Gen, which would connect to the 60-turbine Campo Wind Project planned for the Campo Indian Reservation.",pending,none,pending,yes,litigation,San Diego County,,2024,,320 acres (Boulder Brush Project),"The Boulder Brush Project is a 320-acre substation and transmission line proposed by Terra-Gen, which would connect to the 60-turbine Campo Wind Project planned for the Campo Indian Reservation. In March 2021, the San Diego County Board of Supervisors unanimously approved the project. Residents consequently formed an organization called Backcountry Against Dumps to challenge the decision. In April 2021, the organization filed a lawsuit claiming that the project violated the California Environmental Quality Act and various planning and zoning regulations. The lawsuit contended that the County’s environmental review of the project did not fully analyze the risks to wildlife and groundwater and the effects of noise disruptions. In March 2024, the Fourth District Court of Appeal vacated the San Diego Superior Court’s dismissal of the lawsuit, instructing the trial court to allow the case to proceed.",REC-0027,"Sabin Center, Opposition to Renewable Energy Facilities in the United States (Sept. 2026 ed.), via data/renewable_opposition_records_2026-09.csv",https://scholarship.law.columbia.edu/sabin_climate_change/280/,Sabin 2026 entry 3882; litigation venue: State; area carried from the 2025 edition,,,2026-09,in_latest_edition,con_3e3b105008,,,,src_731207f65d0f,sabin:REC-0027,report_citation,unverified,06073,06073,name,,,,,,,,,,,,,,
con_ae1193ea01,CA,BW-IDEOL Offshore Wind Project,wind,4,"In 2022, local conservation groups and members of the Northern Chumash Tribe mobilized to oppose the proposed 40-MW BW-IDEOL Vandenberg Space Force Base Pilot offshore wind project off the coast of Santa Barbara County, which would have consisted of four floating turbines.",blocked_confirmed,resolution: https://www.slc.ca.gov/renewable-offshore-wind-energy/offshore-wind-energy-development/applications/,cancelled,no,"organized_group, local_residents",Santa Barbara County,,2023,40,,"In 2022, local conservation groups and members of the Northern Chumash Tribe mobilized to oppose the proposed 40-MW BW-IDEOL Vandenberg Space Force Base Pilot offshore wind project off the coast of Santa Barbara County, which would have consisted of four floating turbines. The project site is in an area the Northern Chumash Tribe have sought to designate as a Chumash Heritage National Marine Sanctuary. The company withdrew its lease application in February 2023.",REC-0028,"Sabin Center, Opposition to Renewable Energy Facilities in the United States (Sept. 2026 ed.), via data/renewable_opposition_records_2026-09.csv",https://scholarship.law.columbia.edu/sabin_climate_change/280/,Sabin 2026 entry 3883; opposition_type carried from the 2025 edition,,,2026-09,in_latest_edition,con_ae1193ea01,,,,src_731207f65d0f,sabin:REC-0028,confirmed,verified,06083,06083,name,,,,,,,,,,,https://www.slc.ca.gov/renewable-offshore-wind-energy/offshore-wind-energy-development/applications/,opened,,2023-02
con_1420851eb0,CA,CADEMO Offshore Wind Project,wind,2,"The proposed 60-MW CADEMO Demonstration offshore wind project, which is planned to include four floating turbines off the coast of Santa Barbara County encountered opposition from local conservation groups and members of the Northern Chumash Tribe in 2022.",pending,none,pending,no,,Santa Barbara County,,2023,60,,"The proposed 60-MW CADEMO Demonstration offshore wind project, which is planned to include four floating turbines off the coast of Santa Barbara County encountered opposition from local conservation groups and members of the Northern Chumash Tribe in 2022. The project site is in an area the Northern Chumash Tribe have sought to designate as a Chumash Heritage National Marine Sanctuary. In November 2023, the developer entered into a community benefits agreement with the Santa Ynez Chumash to resolve opposition to the project.",S26P-3884,"Sabin Center, Opposition to Renewable Energy Facilities in the United States (Sept. 2026 ed.), via data/renewable_opposition_records_2026-09.csv",https://scholarship.law.columbia.edu/sabin_climate_change/280/,Sabin 2026 entry 3884,,,2026-09,in_latest_edition,,,,,src_731207f65d0f,sabin:S26P-3884,report_citation,unverified,06083,06083,name,,,,,,,,,,,,,,
con_99f95a0203,CA,Calico Solar Project,solar,4,"In 2005, Stirling Energy Systems signed a contract with a utility to sell up to 850 MW of energy from a concentrating solar-thermal power plant that would involve 30,000 solar dishes standing up to 40 feet high in the Mohave Desert.",blocked_unverified,outcome_label_only,cancelled,yes,litigation,San Bernardino County,,2013,663.5,,"In 2005, Stirling Energy Systems signed a contract with a utility to sell up to 850 MW of energy from a concentrating solar-thermal power plant that would involve 30,000 solar dishes standing up to 40 feet high in the Mohave Desert. Due to concerns about impacts on the desert tortoise, project plans were reduced to 663.5 MW. In 2012, the Sierra Club, Natural Resources Defense Council, and Defenders of Wildlife filed a lawsuit to stop the project, arguing that the project was “wrong from the start,” due to impacts on wild lands and wildlife. By 2013, the project was dead.",S26P-3885,"Sabin Center, Opposition to Renewable Energy Facilities in the United States (Sept. 2026 ed.), via data/renewable_opposition_records_2026-09.csv",https://scholarship.law.columbia.edu/sabin_climate_change/280/,Sabin 2026 entry 3885; litigation venue: Federal; cancelled 2013,,,2026-09,in_latest_edition,,,,,src_731207f65d0f,sabin:S26P-3885,report_citation,unverified,06071,06071,name,,,,,,,,,,,,,,
con_2006ea65be,CA,Coyote Creek Agrivoltaics Farm,solar;battery_storage,2,"In 2025, D.E. Shaw Renewables proposed the 200-MW Coyote Creek Solar project which will have an additional 100 MW of battery energy storage and incorporate sheep grazing.",pending,none,pending,no,,Sacramento County,,2025,300,"2,700","In 2025, D.E. Shaw Renewables proposed the 200-MW Coyote Creek Solar project which will have an additional 100 MW of battery energy storage and incorporate sheep grazing. The project is to be located on approximately 2,700 acres. In November 2025, the Sacramento Board of Supervisors unanimously approved the project after five hours of debate and testimony from over 150 speakers. Dozens of attendees spoke in opposition and raised concerns about the project’s impact on the region’s native oak tree forests, grasslands, and wetlands. The developer estimated that the project would generate approximately $76 million in tax revenue over the next 20 years and made conservation commitments including at least 1,150 acres of oak woodland, riparian habitat and wildlife corridors.",S26P-4391,"Sabin Center, Opposition to Renewable Energy Facilities in the United States (Sept. 2026 ed.), via data/renewable_opposition_records_2026-09.csv",https://scholarship.law.columbia.edu/sabin_climate_change/280/,Sabin 2026 entry 4391,,,2026-09,in_latest_edition,,,,,src_731207f65d0f,sabin:S26P-4391,report_citation,unverified,06067,06067,name,,,,,,,,,,,,,,
con_9d2d4d4faa,CA,E-Group Solar,solar,2,"In December 2025, E-Group PS proposed the 50-MW E-Group Solar project to be located on 477 acres of land in the City of Twentynine Palms.",pending,none,pending,no,,San Bernardino County,City of Twentynine Palms,2026,50,477,"In December 2025, E-Group PS proposed the 50-MW E-Group Solar project to be located on 477 acres of land in the City of Twentynine Palms. The City enacted a ban on commercial solar facilities, which was preempted by Assembly Bill 205 (AB 205), a state law that went into effect in June 2022. AB 205 allows the developer of a solar project at least 50 MW or more to seek approval from the California Energy Commission (CEC) and bypass any local approval process. The developer opted to seek approval from the City. At a public meeting on February 17, 2026, the City of Twentynine Palms’ Planning Commission considered adopting a resolution recommending the City Council approve a number of amendments to the General and Development Plans to establish the renewable energy land use designation that would allow the construction of the project. During the meeting, 18 of 22 local residents in attendance voiced opposition to the project, citing concerns about potential damage to the city’s vistas, excessive dust caused by grading, and impacts to the quality of life for residents and tourists. The Planning Commission moved to continue the discussion at a future meeting and ultimately decided to transfer its decision-making authority to the City Council. On March 23, 2026, the City Council held a public hearing and after a lengthy public comment session and discussion, it denied the project in a 3-1 vote, with one abstention.",S26P-4422,"Sabin Center, Opposition to Renewable Energy Facilities in the United States (Sept. 2026 ed.), via data/renewable_opposition_records_2026-09.csv",https://scholarship.law.columbia.edu/sabin_climate_change/280/,Sabin 2026 entry 4422,,,2026-09,in_latest_edition,,,,,src_731207f65d0f,sabin:S26P-4422,report_citation,unverified,06071,06071,name,,,,,,,,,,,,,,
con_a08f37750a,CA,Fort Ross Pumped Storage Project,battery_storage,4,"Hydro Green Energy proposed the Fort Ross Pumped Storage Project in September 2022, a project expected to be built about 1.5 miles northwest of the historic Fort Ross.",blocked_unverified,outcome_label_only,cancelled,no,,Sonoma County,,2023,,,"Hydro Green Energy proposed the Fort Ross Pumped Storage Project in September 2022, a project expected to be built about 1.5 miles northwest of the historic Fort Ross. In July 2023, California Senate Majority Leader Mike McGuire stated, “there is no chance a project of this size, with this scope, will ever get approval in such an environmentally sensitive region like the Sonoma Coast. . . . This project will not see the light of day.” Others quickly rallied in opposition to the proposal, including Richard Charter, director of the coastal coordination program for The Ocean Foundation, citing concerns about the project’s scale, impacts to the marine sanctuary, the lack of reliable power transmission in the area, and numerous indigenous archaeological sites in the area. At an August 2023 meeting planned by project advocates to answer community questions, local political and environmental leaders expressed strong opposition to the project. FERC denied Hydro Green Energy’s preliminary permit application in December 2023.",S26P-3886,"Sabin Center, Opposition to Renewable Energy Facilities in the United States (Sept. 2026 ed.), via data/renewable_opposition_records_2026-09.csv",https://scholarship.law.columbia.edu/sabin_climate_change/280/,Sabin 2026 entry 3886; cancelled 2023,,,2026-09,in_latest_edition,,,,,src_731207f65d0f,sabin:S26P-3886,report_citation,unverified,06097,06097,name,,,,,,,,,,,,,,
con_db5831a244,CA,Fountain Wind Project,wind,3,"In October 2021, the Shasta County Board of Supervisors upheld the Shasta County Planning Commission’s rejection of a permit application for the Fountain Wind Project, a 4,500-acre, 200-MW wind farm proposed by Repsol.",pending,none,pending,yes,litigation,Shasta County,,2025,200,"4,500","In October 2021, the Shasta County Board of Supervisors upheld the Shasta County Planning Commission’s rejection of a permit application for the Fountain Wind Project, a 4,500-acre, 200-MW wind farm proposed by Repsol. The project has faced significant opposition from the community and from the Pit River Tribe, whose ancestral homelands are within the project area. In denying the appeal, supervisors emphasized (a) the height and visibility of the turbines and (b) the potential that the presence of turbines could exacerbate the challenge of fighting wildfires. In June 2022, Governor Gavin Newsom signed AB 205 into law, which allowed the developer to revive the application and the California Energy Commission to consider overruling the decision. In November 2023, Shasta County and the Pit River Tribe filed a lawsuit seeking to prevent the Commission from approving the project. The California Attorney General moved for a change of venue, citing possible prejudice against the California Energy Commission in the County. In April 2024, a Shasta County Superior Court judge denied the request for a change of venue but ruled that a judge from another county would preside over the lawsuit. In October 2024, the litigation was stayed. In March 2025, the California Energy Commission’s staff assessment concluded that the benefits of the project did not outweigh its environmental costs. In November 2025, the Executive Director of the California Energy Commission recommended that the state reject the approval of the project. In December 2025, the California Energy Commission unanimously denied approval of the project.",S26P-3887,"Sabin Center, Opposition to Renewable Energy Facilities in the United States (Sept. 2026 ed.), via data/renewable_opposition_records_2026-09.csv",https://scholarship.law.columbia.edu/sabin_climate_change/280/,Sabin 2026 entry 3887; litigation venue: State,,,2026-09,in_latest_edition,,,,,src_731207f65d0f,sabin:S26P-3887,report_citation,unverified,06089,06089,name,,,,,,,,,,,,,,
con_7ce3b818ed,CA,Genesis Solar Energy Project,solar,3,"The Genesis Solar Energy Project is a 250-MW concentrated solar project developed by NextEra on 1,800 acres of land near the town of Blythe in Riverside County, California.",pending,none,pending,yes,litigation,Riverside County,,2012,250,1800,"The Genesis Solar Energy Project is a 250-MW concentrated solar project developed by NextEra on 1,800 acres of land near the town of Blythe in Riverside County, California. In 2010, BLM briefly halted construction on a 125-acre portion of the site that the Colorado River Indian Tribe (CRIT) asserted was a historic crematorium, burial ground, and village for the Mojave Tribes. After the BLM found no conclusive evidence of habitation, human remains, or funerals, BLM allowed construction to resume. This led CRIT to sue NextEra in May 2012 in the U.S. District Court for the Central District of California, seeking to halt construction on the 125-acre portion. The court denied the tribe’s request for an injunction, and construction continued. Many cultural artifacts were destroyed during construction, compelling BLM to order NextEra to pay $3 million for an ethnographic study of the site and scholarship for Indigenous students.",S26P-3888,"Sabin Center, Opposition to Renewable Energy Facilities in the United States (Sept. 2026 ed.), via data/renewable_opposition_records_2026-09.csv",https://scholarship.law.columbia.edu/sabin_climate_change/280/,Sabin 2026 entry 3888; litigation venue: Federal,,,2026-09,in_latest_edition,,,,,src_731207f65d0f,sabin:S26P-3888,report_citation,unverified,06065,06065,name,strong,eia:57394:operating,Genesis Solar Energy Project,operating,250,2013,33.665,-114.9981,"EIA-860M August 2026: plant ID 57394 'Genesis Solar Energy Project' (CA, Riverside County, entity Genesis Solar LLC, solar, 250 MW), operating, since 11/2013. Status (OP) Operating. Matched on name and county and capacity. The inventory records the plant's status only; it says nothing about the opposition or its effect.","outcome pending, but the plant is operating",,,,
con_a1a6ea95bb,CA,Granite Mountain Wind Energy Project,wind,4,"The Granite Mountain Wind Energy Project was a proposed 84-MW, 100-acre project that Renewable Energy Systems would have built on BLM land.",blocked_unverified,outcome_label_only,cancelled,no,,San Bernardino County,,2013,84,100,"The Granite Mountain Wind Energy Project was a proposed 84-MW, 100-acre project that Renewable Energy Systems would have built on BLM land. The Apple Valley town council and nearby rural communities both expressed opposition to the project, based on concerns including impacts to sightlines, property values, and community values. A flyer organized by Lucerne Valley residents expressed similar concerns and encouraged individuals to submit comments against the project to BLM. In August 2013, the developer withdrew its application due to proximity to golden eagle nests.",S26P-3889,"Sabin Center, Opposition to Renewable Energy Facilities in the United States (Sept. 2026 ed.), via data/renewable_opposition_records_2026-09.csv",https://scholarship.law.columbia.edu/sabin_climate_change/280/,Sabin 2026 entry 3889; cancelled 2013,,,2026-09,in_latest_edition,,,,,src_731207f65d0f,sabin:S26P-3889,report_citation,unverified,06071,06071,name,,,,,,,,,,,,,,
con_d111e97df9,CA,Grant Line Solar Project,solar,2,"On September 18, 2022, a local group called Friends of Livermore filed an administrative appeal to overturn Alameda County’s approval of the 12-acre, 2-MW Alameda Grant Line Solar 1 project.",pending,none,pending,no,,Alameda County,City of Livermore,2022,2,12,"On September 18, 2022, a local group called Friends of Livermore filed an administrative appeal to overturn Alameda County’s approval of the 12-acre, 2-MW Alameda Grant Line Solar 1 project. Friends of Livermore asserted that the project violated Alameda County’s “Save Agriculture and Open Lands Initiative,” also known as Measure D. On November 10, 2022, County Board of Supervisors denied the appeal, allowing the project to move forward.",S26P-3890,"Sabin Center, Opposition to Renewable Energy Facilities in the United States (Sept. 2026 ed.), via data/renewable_opposition_records_2026-09.csv",https://scholarship.law.columbia.edu/sabin_climate_change/280/,Sabin 2026 entry 3890,,,2026-09,in_latest_edition,,,,,src_731207f65d0f,sabin:S26P-3890,report_citation,unverified,06001,06001,name,,,,,,,,,,,,,,
con_b8b2bb4b41,CA,Halus Power Wind Turbine,wind,4,"In 2013, a homeowners association filed a lawsuit challenging the City of San Leandro’s approval of a 100-foot wind turbine by turbine manufacturer Halus Power on property owned by Halus Power.",blocked_unverified,outcome_label_only,cancelled,yes,litigation,Alameda County,City of San Leandro,2013,,,"In 2013, a homeowners association filed a lawsuit challenging the City of San Leandro’s approval of a 100-foot wind turbine by turbine manufacturer Halus Power on property owned by Halus Power. The court entered judgment in favor of the homeowners association on finding that the city had violated the California Environmental Quality Act. Halus Power abandoned the project.",S26P-3891,"Sabin Center, Opposition to Renewable Energy Facilities in the United States (Sept. 2026 ed.), via data/renewable_opposition_records_2026-09.csv",https://scholarship.law.columbia.edu/sabin_climate_change/280/,Sabin 2026 entry 3891; litigation venue: State; cancelled 2013,,,2026-09,in_latest_edition,,,,,src_731207f65d0f,sabin:S26P-3891,report_citation,unverified,06001,06001,name,,,,,,,,,,,,,,
con_a4b18d7090,CA,Humboldt Wind Energy Area,wind,2,"In December 2022, the U.S. Bureau of Ocean Energy Management auctioned off leases to develop offshore wind projects in two sites in the 207-square-mile Humboldt Wind Energy Area.",pending,none,pending,no,,Humboldt County,,2024,,,"In December 2022, the U.S. Bureau of Ocean Energy Management auctioned off leases to develop offshore wind projects in two sites in the 207-square-mile Humboldt Wind Energy Area. In March 2024, the Bear River Band of the Rohnerville Rancheria Tribal Council and the Yurok Tribal Council each voted to oppose development along the North Coast, including the Humboldt Wind Energy Area, citing concerns about viewshed impacts to sacred sites and impacts to cultural and natural resources.",S26P-3892,"Sabin Center, Opposition to Renewable Energy Facilities in the United States (Sept. 2026 ed.), via data/renewable_opposition_records_2026-09.csv",https://scholarship.law.columbia.edu/sabin_climate_change/280/,Sabin 2026 entry 3892,,,2026-09,in_latest_edition,,,,,src_731207f65d0f,sabin:S26P-3892,report_citation,unverified,06023,06023,name,,,,,,,,,,,,,,
con_e459da085b,CA,Humidor Battery Energy Storage Project,battery_storage,3,"The Humidor Storage Project, a 12-acre, 300-MW battery storage facility proposed by Hecate Grid, has faced significant pushback from residents of the unincorporated community of Acton in Los Angeles County.",pending,none,pending,yes,litigation,Los Angeles County,,2024,400,12,"The Humidor Storage Project, a 12-acre, 300-MW battery storage facility proposed by Hecate Grid, has faced significant pushback from residents of the unincorporated community of Acton in Los Angeles County. Residents have formed Save Our Rural Town and Acton Takes Action to campaign against the project and have raised concerns about the possibility of leaking chemicals, the threat of facility fires due to the area’s high risk of wildfires, and potential impacts on property values. The Acton Town Council has also opposed the development of battery storage facilities. In 2022, Los Angeles County approved the site plan for the project through an expedited ministerial process. The developer later expanded the project to 400 MW. Opponents of the project organized a petition and created a website, citing concerns about fire risk, environmental impacts, and property values. In September 2023, after an appeal of the county approval was denied, Save Our Rural Town filed a lawsuit seeking an injunction to stop the project.  In April 2024, the same advocacy group submitted comments to the California Energy Commission about the project, and the Acton Town Council submitted a request for the California Energy Commission to conduct an assessment of public safety concerns. In November 2024, Los Angeles County unanimously approved the Humidor storage project.",S26P-3893,"Sabin Center, Opposition to Renewable Energy Facilities in the United States (Sept. 2026 ed.), via data/renewable_opposition_records_2026-09.csv",https://scholarship.law.columbia.edu/sabin_climate_change/280/,"Sabin 2026 entry 3893; litigation venue: Administrative, State",,,2026-09,in_latest_edition,,,,,src_731207f65d0f,sabin:S26P-3893,report_citation,unverified,06037,06037,name,,,,,,,,,,,,,,
con_cb0d940ce2,CA,Jacumba Solar Project,solar,3,"In August 2021, the San Diego County Board of Supervisors unanimously approved a proposed 604-acre solar project in Jacumba.",pending,none,pending,yes,litigation,San Diego County,,2021,,604,"In August 2021, the San Diego County Board of Supervisors unanimously approved a proposed 604-acre solar project in Jacumba. However, in October 2021, the owner of a local hot springs hotel and other community members filed a lawsuit in San Diego Superior Court challenging the project. Opponents of the project have expressed concerns about dust, a decline in tourism, and the heat island effect.",S26P-3894,"Sabin Center, Opposition to Renewable Energy Facilities in the United States (Sept. 2026 ed.), via data/renewable_opposition_records_2026-09.csv",https://scholarship.law.columbia.edu/sabin_climate_change/280/,Sabin 2026 entry 3894; litigation venue: State,,,2026-09,in_latest_edition,,,,,src_731207f65d0f,sabin:S26P-3894,report_citation,unverified,06073,06073,name,strong,eia:60947:operating;uspvdb:402057,Jacumba Solar Farm,operating,20,2017,32.6212,-116.129,"EIA-860M August 2026: plant ID 60947 'Jacumba Solar Farm' (CA, San Diego County, entity Invenergy Services LLC, solar, 20 MW), operating, since 7/2017. Status (OP) Operating. USPVDB v4.0 (2026-04-14): entry 402057 'Jacumba Solar Farm' (CA, San Diego County, solar, 20 MW), operating, since 2017. Matched on name and county. The inventory records the plant's status only; it says nothing about the opposition or its effect.","outcome pending, but the plant is operating",,,,
con_aeefaf09ec,CA,Jawbone Wind Energy,wind,3,"In 2011, a group called Citizens Opposing a Dangerous Environment filed a lawsuit against the Kern County Board of Supervisors, which challenged the county’s environmental impact report certification and approval of a 339-MW wind farm on a 13,535-acre site in the Tehachapi Wind Resource Area.",needs_review,none,unknown,yes,litigation,Kern County,,2011,339,13535,"In 2011, a group called Citizens Opposing a Dangerous Environment filed a lawsuit against the Kern County Board of Supervisors, which challenged the county’s environmental impact report certification and approval of a 339-MW wind farm on a 13,535-acre site in the Tehachapi Wind Resource Area. The lawsuit was dismissed, and the dismissal was upheld on appeal, allowing the project to move forward.",S26P-3895,"Sabin Center, Opposition to Renewable Energy Facilities in the United States (Sept. 2026 ed.), via data/renewable_opposition_records_2026-09.csv",https://scholarship.law.columbia.edu/sabin_climate_change/280/,Sabin 2026 entry 3895; litigation venue: State,,,2026-09,in_latest_edition,,,,,src_731207f65d0f,sabin:S26P-3895,report_citation,unverified,06029,06029,name,,,,,,,,,,,,,,
con_54a869efdc,CA,Morro Bay Wind Area,wind,3,"In February 2024, two commercial fishing organizations filed a lawsuit in San Luis Obispo Superior Court seeking to block state agencies from issuing permits for site surveys for three proposed projects (Atlas Wind, Even Keel Wind, and Golden State Wind) in the 376-square-mile Morro Bay Wind Energy Area.",pending,none,pending,yes,litigation,San Luis Obispo County,,2024,,,"In February 2024, two commercial fishing organizations filed a lawsuit in San Luis Obispo Superior Court seeking to block state agencies from issuing permits for site surveys for three proposed projects (Atlas Wind, Even Keel Wind, and Golden State Wind) in the 376-square-mile Morro Bay Wind Energy Area. The lawsuit named the California Coastal Commission, the State Lands Commission, the developers of three offshore wind projects, and an offshore wind survey company as defendants, and it alleged that issuance of the permits would violate the California Coastal Act and the California Constitution.",S26P-3896,"Sabin Center, Opposition to Renewable Energy Facilities in the United States (Sept. 2026 ed.), via data/renewable_opposition_records_2026-09.csv",https://scholarship.law.columbia.edu/sabin_climate_change/280/,Sabin 2026 entry 3896; litigation venue: State,,,2026-09,in_latest_edition,,,,,src_731207f65d0f,sabin:S26P-3896,report_citation,unverified,06079,06079,name,,,,,,,,,,,,,,
con_7bb40e53c3,CA,Mount Signal Solar Farm,solar,3,"The Mount Signal Solar Farm, also known as the Imperial Valley Solar Project, is an 800-MW solar project built by 8minutenergy in Imperial Valley.",pending,none,pending,yes,litigation,Imperial County,,2011,800,,"The Mount Signal Solar Farm, also known as the Imperial Valley Solar Project, is an 800-MW solar project built by 8minutenergy in Imperial Valley. The project was built in three phases beginning in 2011. In November 2010, a three-day protest against the project occurred, which included members of Desert Survivors, Basin and Range Watch, Solar Done Right, the Quechan Tribe, Cocopah Tribe, Imperial Valley Environmental Justice Task Force, Comite Civico del Valle, Seeley Citizens United, and nearby residents. The project was temporarily paused in December 2010 by a preliminary injunction issued by a judge in the U.S. District Court for the Southern District of California, in response to a lawsuit filed by the Quechan Tribe of the Fort Yuma Indian Reservation. The Quechan Tribe’s lawsuit raised claims under NEPA, the NHPA, and the FLPMA.",S26P-3897,"Sabin Center, Opposition to Renewable Energy Facilities in the United States (Sept. 2026 ed.), via data/renewable_opposition_records_2026-09.csv",https://scholarship.law.columbia.edu/sabin_climate_change/280/,Sabin 2026 entry 3897; litigation venue: Federal,,,2026-09,in_latest_edition,,,,,src_731207f65d0f,sabin:S26P-3897,report_citation,unverified,06025,06025,name,,,,,,,,,,,,,,
con_7c516340ae,CA,Mulqueeney Ranch Wind Repowering Project,wind,3,"In November 2021, the National Audubon Society and local affiliates filed a lawsuit in Alameda County Superior Court challenging the county’s October 2021 approval of a new 80-MW wind project by Brookfield Renewables in the Altamont Pass.",pending,none,pending,yes,litigation,Alameda County,,2024,80,,"In November 2021, the National Audubon Society and local affiliates filed a lawsuit in Alameda County Superior Court challenging the county’s October 2021 approval of a new 80-MW wind project by Brookfield Renewables in the Altamont Pass. The lawsuit alleged insufficient environmental review and failure to adequately assess impacts to birds and bats. The lawsuit was eventually resolved by settlement agreement. In March 2024, the county approved the conditional use permit for the project.",S26P-3898,"Sabin Center, Opposition to Renewable Energy Facilities in the United States (Sept. 2026 ed.), via data/renewable_opposition_records_2026-09.csv",https://scholarship.law.columbia.edu/sabin_climate_change/280/,Sabin 2026 entry 3898; litigation venue: State,,,2026-09,in_latest_edition,,,,,src_731207f65d0f,sabin:S26P-3898,report_citation,unverified,06001,06001,name,strong,eia:70235:under_construction,Mulqueeney Wind Energy,under_construction,80,2026,37.69742,-121.5891,"EIA-860M August 2026: plant ID 70235 'Mulqueeney Wind Energy' (CA, Alameda County, entity Mulqueeney Wind Energy LLC, wind, 80 MW), under construction, expected 10/2026. Status (V) Under construction, more than 50 percent complete. Matched on part of the name and county and capacity. The inventory records the plant's status only; it says nothing about the opposition or its effect.","outcome pending, but the plant is under construction",,,,
con_2accbf3482,CA,Napa Sanitation District Solar Farm,solar,2,"In May 2024, the Napa Planning Commission voted to delay taking action on a proposal to build a 56-acre, 25-MW floating solar farm by Laketricity, at the recommendation of county staff.",pending,none,pending,no,,Napa County,,2024,25,56,"In May 2024, the Napa Planning Commission voted to delay taking action on a proposal to build a 56-acre, 25-MW floating solar farm by Laketricity, at the recommendation of county staff. The delay would allow time for the commission to review the public comments and deliberate on the proposal. Several groups, including California Unions for Reliable Energy, as well as Citizens for Responsible Energy, oppose the project. Opponents have raised concerns about wildfire risks and impacts on biological resources. On the other side, a group called Napa Climate Now supports the project because it would increase the supply of locally-produced renewable energy to the county.",S26P-3899,"Sabin Center, Opposition to Renewable Energy Facilities in the United States (Sept. 2026 ed.), via data/renewable_opposition_records_2026-09.csv",https://scholarship.law.columbia.edu/sabin_climate_change/280/,Sabin 2026 entry 3899,,,2026-09,in_latest_edition,,,,,src_731207f65d0f,sabin:S26P-3899,report_citation,unverified,06055,06055,name,,,,,,,,,,,,,,
con_e59748fa98,CA,North Sky River Project,wind,3,"In October 2012, Defenders of Wildlife, the Center for Biological Diversity, and the Sierra Club filed a lawsuit in federal court to block NextEra’s proposal for a 100-turbine, 300-MW North Sky River Project due to its proximity to California Condor habitat in the Tehachapi Mountains.",advanced_unverified,outcome_label_only,operational,yes,litigation,Kern County,,2012,162,,"In October 2012, Defenders of Wildlife, the Center for Biological Diversity, and the Sierra Club filed a lawsuit in federal court to block NextEra’s proposal for a 100-turbine, 300-MW North Sky River Project due to its proximity to California Condor habitat in the Tehachapi Mountains. The lawsuit was unsuccessful, and the project was allowed to proceed. As completed, the project has a total capacity of 162 MW.",S26P-3900,"Sabin Center, Opposition to Renewable Energy Facilities in the United States (Sept. 2026 ed.), via data/renewable_opposition_records_2026-09.csv",https://scholarship.law.columbia.edu/sabin_climate_change/280/,Sabin 2026 entry 3900; litigation venue: Federal,,,2026-09,in_latest_edition,,,,,src_731207f65d0f,sabin:S26P-3900,report_citation,unverified,06029,06029,name,strong,eia:58154:operating;uswtdb:CA:58154,North Sky River Energy LLC,operating,162,2012,35.34778,-118.1864,"EIA-860M August 2026: plant ID 58154 'North Sky River Energy LLC' (CA, Kern County, entity North Sky River Energy LLC, wind, 162 MW), operating, since 12/2012. Status (OP) Operating. USWTDB v9.1 (2026-09-28): entry 58154 'North Sky River' (CA, Kern County, wind, 162 MW), operating, since 2012. Matched on name and county and capacity. The inventory records the plant's status only; it says nothing about the opposition or its effect.",,,,,
con_3f85f07642,CA,Panoche Valley Solar Farm,solar,2,"In 2010, San Benito County approved a 399-MW solar facility near the town of Hollister.",pending,none,pending,no,,San Benito County,Town of Hollister,2019,130,,"In 2010, San Benito County approved a 399-MW solar facility near the town of Hollister. Shortly thereafter, the Sierra Club, the Santa Clara Valley Audubon Society, and Save Panoche Valley sued the county, alleging that the project endangered key populations of native species. The environmental groups reached a settlement with the developer in 2019, reducing the size of the project to 130 MW, less than one-third of the original plan.",S26P-3901,"Sabin Center, Opposition to Renewable Energy Facilities in the United States (Sept. 2026 ed.), via data/renewable_opposition_records_2026-09.csv",https://scholarship.law.columbia.edu/sabin_climate_change/280/,Sabin 2026 entry 3901,,,2026-09,in_latest_edition,,,,,src_731207f65d0f,sabin:S26P-3901,report_citation,unverified,06069,06069,name,strong,eia:57340:operating;uspvdb:400136,Panoche Valley Solar Farm,operating,140,2018,36.627,-120.879,"EIA-860M August 2026: plant ID 57340 'Panoche Valley Solar Farm' (CA, San Benito County, entity RWE Clean Energy, solar, 140 MW), operating, since 1/2018. Status (OP) Operating. USPVDB v4.0 (2026-04-14): entry 400136 'Panoche Valley Solar Farm' (CA, San Benito County, solar, 140 MW), operating, since 2018. Matched on name and county and capacity. The inventory records the plant's status only; it says nothing about the opposition or its effect.","outcome pending, but the plant is operating",,,,
con_90fe7f3f2a,CA,Seguro Battery Storage Project,battery_storage,2,Plans to construct a 320-MW battery energy storage system on 22.5 acres of private land in the North County region of San Diego encountered local opposition by residents who raised concerns about fire risk and other issues.,pending,none,pending,no,,San Diego County,,2023,320,22.5,"Plans to construct a 320-MW battery energy storage system on 22.5 acres of private land in the North County region of San Diego encountered local opposition by residents who raised concerns about fire risk and other issues. In November 2023, opponents started a change.org petition, which had received approximately 5,000 signatures by the end of 2024.",S26P-3902,"Sabin Center, Opposition to Renewable Energy Facilities in the United States (Sept. 2026 ed.), via data/renewable_opposition_records_2026-09.csv",https://scholarship.law.columbia.edu/sabin_climate_change/280/,Sabin 2026 entry 3902,,,2026-09,in_latest_edition,,,,,src_731207f65d0f,sabin:S26P-3902,report_citation,unverified,06073,06073,name,,,,,,,,,,,,,,
con_19e82c26b0,CA,"Shu’luuk Wind Project, a/k/a Kumeyaay II",wind,4,"In June 2013, the Campo tribe’s General Council voted 44-34 against Invenergy’s proposed Kumeyaay II Project (or Shu’luuk Wind Project).",blocked_unverified,outcome_label_only,cancelled,no,,San Diego County,,2014,250,4000,"In June 2013, the Campo tribe’s General Council voted 44-34 against Invenergy’s proposed Kumeyaay II Project (or Shu’luuk Wind Project).  The project would have generated between 160 MW to 250 MW and included up to 85 wind turbines on 4,000 acres of tribal lands. In February 2014, the Bureau of Indian Affairs cancelled the final Environmental Impact Statement (EIS), effectively ending the project.",S26P-3903,"Sabin Center, Opposition to Renewable Energy Facilities in the United States (Sept. 2026 ed.), via data/renewable_opposition_records_2026-09.csv",https://scholarship.law.columbia.edu/sabin_climate_change/280/,Sabin 2026 entry 3903; cancelled 2014,,,2026-09,in_latest_edition,,,,,src_731207f65d0f,sabin:S26P-3903,report_citation,unverified,06073,06073,name,,,,,,,,,,,,,,
con_355707f0bc,CA,Sienna Solar and Storage,solar;battery_storage,2,"In August 2023, Avantus proposed the Sienna Solar and Storage project, comprising up to 525 MW of solar energy generation and up to 525 MW of battery energy storage to be located on approximately 1,854 acres in Lucerne Valley.",pending,none,pending,no,,San Bernardino County,Lucerne Valley,2026,525,"1,854","In August 2023, Avantus proposed the Sienna Solar and Storage project, comprising up to 525 MW of solar energy generation and up to 525 MW of battery energy storage to be located on approximately 1,854 acres in Lucerne Valley. In October 2025, the San Bernardino County Planning Commission approved a conditional use permit for the project. Opponents of the project, including the Morongo Basin Conservation Association (MBCA), appealed the Commission’s decision to the County Board of Supervisors. The appeal alleged inconsistencies in the information submitted by the developer, including that the plans for the project as approved differ from the original proposal in terms of site location and capacity, raising concerns that the project will have a negative aesthetic impact and create excessive dust, and that the offsite impacts and decommissioning plans had not been properly addressed. On January 27, 2026, the County Board of Supervisors held a public hearing and unanimously voted to deny the appeal and uphold the Planning Commission’s approval of the project.",S26P-4423,"Sabin Center, Opposition to Renewable Energy Facilities in the United States (Sept. 2026 ed.), via data/renewable_opposition_records_2026-09.csv",https://scholarship.law.columbia.edu/sabin_climate_change/280/,Sabin 2026 entry 4423,,,2026-09,in_latest_edition,,,,,src_731207f65d0f,sabin:S26P-4423,report_citation,unverified,06071,06071,name,strong,eia:64632:planned,Sienna Solar Farm,planned,400,2028,34.49366,-116.915,"EIA-860M August 2026: plant ID 64632 'Sienna Solar Farm' (CA, San Bernardino County, entity 99MT 8me, LLC, battery_storage;solar, 400 MW), planned, not under construction, expected 12/2028. Status (P) Planned for installation, but regulatory approvals not initiated. Matched on name and county. The inventory records the plant's status only; it says nothing about the opposition or its effect.",,,,,
con_0c57b822fa,CA,Silurian Valley Solar Development,solar,4,"Iberdrola proposed a 200-MW solar farm in the Silurian Valley in 2014 on about 1,616 acres of BLM land.",blocked_unverified,outcome_label_only,cancelled,no,,San Bernardino County,,2014,200,1616,"Iberdrola proposed a 200-MW solar farm in the Silurian Valley in 2014 on about 1,616 acres of BLM land. The site of the farm was directly between Death Valley National Park and the Mojave National Preserve, which local citizens and the National Parks Conservation Association (NPCA) claimed would reduce habitat connectivity between the two areas. The project faced opposition from environmental groups including the Wilderness Society. BLM denied the permit in November 2014, citing the locations ecological, historical, recreational, and scenic importance.",S26P-3904,"Sabin Center, Opposition to Renewable Energy Facilities in the United States (Sept. 2026 ed.), via data/renewable_opposition_records_2026-09.csv",https://scholarship.law.columbia.edu/sabin_climate_change/280/,"Sabin 2026 entry 3904; cancelled 2014; title names San Bernandino County, county columns name San Bernardino County",,,2026-09,in_latest_edition,,,,,src_731207f65d0f,sabin:S26P-3904,report_citation,unverified,06071,06071,name,,,,,,,,,,,,,,
con_9e88df1f9f,CA,Soda Mountain Solar Project,solar,2,"According to an article published in February 2023, environmental groups, including the National Parks Conservation Association, are opposing plans for the 300-MW Soda Mountain Solar Project in the Mojave Desert, citing potential impacts to bighorn sheep, tortoises, and other wildlife.",pending,none,pending,no,,San Bernardino County,,2023,300,,"According to an article published in February 2023, environmental groups, including the National Parks Conservation Association, are opposing plans for the 300-MW Soda Mountain Solar Project in the Mojave Desert, citing potential impacts to bighorn sheep, tortoises, and other wildlife. The project had lain dormant for years after San Bernardino County in 2016 rejected the project due to potential effects on underground aquifers. However, the California Department of Fish and Wildlife recently announced it was reviewing a revised application.",S26P-3905,"Sabin Center, Opposition to Renewable Energy Facilities in the United States (Sept. 2026 ed.), via data/renewable_opposition_records_2026-09.csv",https://scholarship.law.columbia.edu/sabin_climate_change/280/,Sabin 2026 entry 3905,,,2026-09,in_latest_edition,,,,,src_731207f65d0f,sabin:S26P-3905,report_citation,unverified,06071,06071,name,,,,,,,,,,,,,,
con_78e2b80627,CA,Strauss Wind Energy Project,wind,3,"On November 20, 2019, the Santa Barbara County Planning Commission granted a conditional use permit and variance for construction of the 29-turbine, 5,887-acre Strauss Wind Energy Project.",advanced_unverified,outcome_label_only,operational,yes,litigation,Santa Barbara County,,2024,,5887,"On November 20, 2019, the Santa Barbara County Planning Commission granted a conditional use permit and variance for construction of the 29-turbine, 5,887-acre Strauss Wind Energy Project. Opponents, including Citizens for Responsible Wind Energy, the California Native Plant Society, and two individuals, filed three separate appeals challenging the approval. In January 2020, the Santa Barbara County Board of Supervisors denied the three appeals but added a condition mandating a setback from a home in the area. In March of the same year, the Board of Supervisors also denied an appeal of the design of the project. As of January 2024, the project was operational and producing enough energy to power 40,000 homes.",S26P-3906,"Sabin Center, Opposition to Renewable Energy Facilities in the United States (Sept. 2026 ed.), via data/renewable_opposition_records_2026-09.csv",https://scholarship.law.columbia.edu/sabin_climate_change/280/,Sabin 2026 entry 3906; litigation venue: Administrative,,,2026-09,in_latest_edition,,,,,src_731207f65d0f,sabin:S26P-3906,report_citation,unverified,06083,06083,name,strong,eia:62113:operating;uswtdb:CA:62113,Strauss Wind Farm,operating,95.3,2023,34.57984,-120.5643,"EIA-860M August 2026: plant ID 62113 'Strauss Wind Farm' (CA, Santa Barbara County, entity Strauss Wind LLC, wind, 95.3 MW), operating, since 12/2023. Status (OP) Operating. USWTDB v9.1 (2026-09-28): entry 62113 'Strauss Wind' (CA, Santa Barbara County, wind, 95.2 MW), operating, since 2023. Matched on name and county. The inventory records the plant's status only; it says nothing about the opposition or its effect.",,,,,
con_e0eca2525a,CA,SunWalker Solar Project,solar,4,"As described in a separate entry on the Aramis Solar Project, opponents of two North Livermore Valley solar projects, Aramis (410 acres) and Sunwalker (70 acres), led by a group called Save North Livermore Valley, argued that the proposed locations of the projects impinge on agriculture, natural wildlife habitat, open space, and visual and scenic resources.",blocked_unverified,outcome_label_only,cancelled,yes,litigation,Alameda County,,2021,,70,"As described in a separate entry on the Aramis Solar Project, opponents of two North Livermore Valley solar projects, Aramis (410 acres) and Sunwalker (70 acres), led by a group called Save North Livermore Valley, argued that the proposed locations of the projects impinge on agriculture, natural wildlife habitat, open space, and visual and scenic resources. In October 2020, two candidates running for election to the Alameda County Board of Supervisors issued a joint statement urging the board to place a moratorium on solar development on agricultural land. After the East County Board of Zoning Adjustments approved both projects, local groups appealed those decision. In May 2021, the developer for Sunwalker withdrew its application while the appeal was pending.",S26P-3907,"Sabin Center, Opposition to Renewable Energy Facilities in the United States (Sept. 2026 ed.), via data/renewable_opposition_records_2026-09.csv",https://scholarship.law.columbia.edu/sabin_climate_change/280/,Sabin 2026 entry 3907; litigation venue: State,,,2026-09,in_latest_edition,,,,,src_731207f65d0f,sabin:S26P-3907,report_citation,unverified,06001,06001,name,,,,,,,,,,,,,,
con_7ed568f048,CA,Terra-Gen Wind Project,wind,4,"In late 2019, Terra-Gen Wind applied to the Humboldt County Board of Supervisors to construct 47 wind turbines on the Monument and Bear River ridges near Scotia, enough to meet up to 56% of the county’s electricity load.",blocked_unverified,outcome_label_only,cancelled,no,,Humboldt County,Scotia,2019,,,"In late 2019, Terra-Gen Wind applied to the Humboldt County Board of Supervisors to construct 47 wind turbines on the Monument and Bear River ridges near Scotia, enough to meet up to 56% of the county’s electricity load. The proposal was met with local opposition, including by members of the Wiyot tribe who argued that one of the ridges was a sacred prayer site of the Wiyot. The Board of Supervisors ultimately denied the application.",S26P-3908,"Sabin Center, Opposition to Renewable Energy Facilities in the United States (Sept. 2026 ed.), via data/renewable_opposition_records_2026-09.csv",https://scholarship.law.columbia.edu/sabin_climate_change/280/,Sabin 2026 entry 3908; cancelled 2019,,,2026-09,in_latest_edition,,,,,src_731207f65d0f,sabin:S26P-3908,report_citation,unverified,06023,06023,name,,,,,,,,,,,,,,
con_f5e8bbd668,CA,Walker Ridge Wind Energy Project,wind,4,"In February 2022, the federal Bureau of Land Management denied the application for the Walker Ridge Wind Energy Project, which would have included up to 42 wind turbines on approximately 2,272 acres of BLM-managed public land in the Walker Ridge area of Lake County.",blocked_unverified,outcome_label_only,cancelled,no,,Lake County,,2022,,2272,"In February 2022, the federal Bureau of Land Management denied the application for the Walker Ridge Wind Energy Project, which would have included up to 42 wind turbines on approximately 2,272 acres of BLM-managed public land in the Walker Ridge area of Lake County. The project was opposed by a group called the Protect Walker Ridge Alliance. In denying the application, BLM cited potential resource conflicts and the inadequacy of information submitted by the applicant to address such conflicts.",S26P-3909,"Sabin Center, Opposition to Renewable Energy Facilities in the United States (Sept. 2026 ed.), via data/renewable_opposition_records_2026-09.csv",https://scholarship.law.columbia.edu/sabin_climate_change/280/,Sabin 2026 entry 3909; cancelled 2022,,,2026-09,in_latest_edition,,,,,src_731207f65d0f,sabin:S26P-3909,report_citation,unverified,06033,06033,name,,,,,,,,,,,,,,
con_db0d3d4af8,CO,Hesperus Solar Project,solar,2,"Primergy Solar’s proposal to build a 155-MW solar project with 155 MW of battery storage on 1,900 acres in La Plata County, Colorado has encountered opposition from a local group called Stop Hesperus Solar.",pending,none,pending,no,,La Plata County,,2023,155,1900,"Primergy Solar’s proposal to build a 155-MW solar project with 155 MW of battery storage on 1,900 acres in La Plata County, Colorado has encountered opposition from a local group called Stop Hesperus Solar. Opponents have objected to the placement of panels on agricultural land and argued that the project will cause an irreversible loss of wildlife habitat in a major migration corridor. In January 2023, the La Plata County Planning Department informed Primergy Solar that its application was incomplete, finding that the application did not include a water demand study, among other issues. The company likely will need to resubmit its application for the project.",S26P-3910,"Sabin Center, Opposition to Renewable Energy Facilities in the United States (Sept. 2026 ed.), via data/renewable_opposition_records_2026-09.csv",https://scholarship.law.columbia.edu/sabin_climate_change/280/,Sabin 2026 entry 3910,,,2026-09,in_latest_edition,,,,,src_731207f65d0f,sabin:S26P-3910,report_citation,unverified,08067,08067,name,,,,,,,,,,,,,,
con_ef1537d108,CO,Ivenergy's Pueblo County Solar Project,solar,4,"In December 2018, Pueblo County denied Invenergy’s application to construct a 700-acre, 100-MW solar energy generation facility with 5 MW of battery storage.",blocked_unverified,outcome_label_only,cancelled,no,,Pueblo County,,2018,105,700,"In December 2018, Pueblo County denied Invenergy’s application to construct a 700-acre, 100-MW solar energy generation facility with 5 MW of battery storage. Local residents opposed the project due to concerns about fire risk, property value depreciation, and visual impacts.",S26P-3911,"Sabin Center, Opposition to Renewable Energy Facilities in the United States (Sept. 2026 ed.), via data/renewable_opposition_records_2026-09.csv",https://scholarship.law.columbia.edu/sabin_climate_change/280/,Sabin 2026 entry 3911; cancelled 2018,,,2026-09,in_latest_edition,,,,,src_731207f65d0f,sabin:S26P-3911,report_citation,unverified,08101,08101,name,,,,,,,,,,,,,,
con_a81bac05c0,CO,Montezuma Solar Project,solar,2,"In June 2022, Empire Electric Association (EEA) began construction on a 5-MW solar project in Montezuma, Colorado.",pending,none,pending,no,,Montezuma County,Town of Montezuma,2022,5,,"In June 2022, Empire Electric Association (EEA) began construction on a 5-MW solar project in Montezuma, Colorado. Residents fought the project, citing concerns about impacts to agricultural livelihoods and local wildlife, but they ultimately lost the battle to stop construction. Developers made certain concessions to residents, including setting the project back 50 feet from property lines, building an 8-foot-tall privacy fence around the project, and promising to plant trees when the project is finished.",S26P-3912,"Sabin Center, Opposition to Renewable Energy Facilities in the United States (Sept. 2026 ed.), via data/renewable_opposition_records_2026-09.csv",https://scholarship.law.columbia.edu/sabin_climate_change/280/,Sabin 2026 entry 3912,,,2026-09,in_latest_edition,,,,,src_731207f65d0f,sabin:S26P-3912,report_citation,unverified,08083,08083,name,,,,,,,,,,,,,,
con_e32ef81efa,CO,Pronghorn Solar Park,solar,4,"On June 9, 2022, Pueblo County denied Leeward Renewable Energy’s application to construct a 150-MW solar project on 831 acres of private land near the Comanche power plant.",blocked_unverified,outcome_label_only,cancelled,no,,Pueblo County,,2022,150,831,"On June 9, 2022, Pueblo County denied Leeward Renewable Energy’s application to construct a 150-MW solar project on 831 acres of private land near the Comanche power plant. In denying the application, county commissioners cited pushback from residents and concerns about property values. County planning and development staff had also previously recommended that the application be denied due to impacts on local residents. Residents wearing matching t-shirts with stop signs cheered the decision, asserting that the project would have impeded their views of mountains and wildlife.",S26P-3913,"Sabin Center, Opposition to Renewable Energy Facilities in the United States (Sept. 2026 ed.), via data/renewable_opposition_records_2026-09.csv",https://scholarship.law.columbia.edu/sabin_climate_change/280/,Sabin 2026 entry 3913; cancelled 2022,,,2026-09,in_latest_edition,,,,,src_731207f65d0f,sabin:S26P-3913,report_citation,unverified,08101,08101,name,,,,,,,,,,,,,,
con_77246a00ff,CO,Sundance Solar and Storage Project,solar;battery_storage,2,"Cypress Creek submitted an application for the Sundance Solar and Storage Project, which would include 75 MW of solar energy and 50 MW of battery energy storage, approximately 3.5 miles north of the town of Kiowa.",pending,none,pending,no,,Elbert County,,2025,125,,"Cypress Creek submitted an application for the Sundance Solar and Storage Project, which would include 75 MW of solar energy and 50 MW of battery energy storage, approximately 3.5 miles north of the town of Kiowa. On April 22, 2025, the Elbert County Planning Commission voted 7-2 to deny a special use permit, citing concerns over property values and failure to meet the area’s rural design criteria. On May 14, 2025, with a vote of 2-1, the Board of County Commissioners approved the permit allowing the project to move forward. The project is expected to power approximately 15,000 homes and increase the county revenue from $16,000 to over $9.8 million over the next 40 years. Benefits of the “good neighbor commitment” by the developer include $200,000 in scholarships over the project’s lifespan and an additional $300,000 in community investments during the first three years of construction.",S26P-4376,"Sabin Center, Opposition to Renewable Energy Facilities in the United States (Sept. 2026 ed.), via data/renewable_opposition_records_2026-09.csv",https://scholarship.law.columbia.edu/sabin_climate_change/280/,Sabin 2026 entry 4376,,,2026-09,in_latest_edition,,,,,src_731207f65d0f,sabin:S26P-4376,report_citation,unverified,08039,08039,name,strong,eia:67666:under_construction,Sundance (CO),under_construction,124.9,2026,39.41478,-104.4481,"EIA-860M August 2026: plant ID 67666 'Sundance (CO)' (CO, Elbert County, entity Cypress Creek Renewables, battery_storage;solar, 124.9 MW), under construction, expected 9/2026. Status (U) Under construction, less than or equal to 50 percent complete. Matched on name and county and capacity. The inventory records the plant's status only; it says nothing about the opposition or its effect.","outcome pending, but the plant is under construction",,,,
con_e3e2d67d23,CO,Tessera's Saguache County Solar Thermal Project,solar,4,"In 2011, Tessera Solar withdrew its proposal to construct a 1,526-acre, 145-MW solar thermal facility in Saguache County, Colorado.",blocked_unverified,outcome_label_only,cancelled,no,,Saguache County,,2011,145,1526,"In 2011, Tessera Solar withdrew its proposal to construct a 1,526-acre, 145-MW solar thermal facility in Saguache County, Colorado. The project faced organized opposition from local residents, who complained about noise, wildlife impacts, and the industrial nature of the project.",S26P-3914,"Sabin Center, Opposition to Renewable Energy Facilities in the United States (Sept. 2026 ed.), via data/renewable_opposition_records_2026-09.csv",https://scholarship.law.columbia.edu/sabin_climate_change/280/,Sabin 2026 entry 3914; cancelled 2011,,,2026-09,in_latest_edition,,,,,src_731207f65d0f,sabin:S26P-3914,report_citation,unverified,08109,08109,name,,,,,,,,,,,,,,
con_532051ea65,CO,Wright’s Mesa Solar Project,solar,2,"Over 200 San Miguel community-members gathered on May 16, 2023, to discuss a proposed 110-MW OneEnergy solar farm that would be built over roughly 600 acres of land.",needs_review,none,unknown,no,,San Miguel County,,2024,110,600,"Over 200 San Miguel community-members gathered on May 16, 2023, to discuss a proposed 110-MW OneEnergy solar farm that would be built over roughly 600 acres of land. Many voiced opposition to the project and how it could ecologically and economically impact their community. In response to this opposition, the county passed a moratorium on applications for commercial energy projects (including solar projects) in order to update its zoning code. In September 2024, the San Miguel County Board of Commissioners unanimously adopted new zoning regulations on solar projects, ending the moratorium.",S26P-3915,"Sabin Center, Opposition to Renewable Energy Facilities in the United States (Sept. 2026 ed.), via data/renewable_opposition_records_2026-09.csv",https://scholarship.law.columbia.edu/sabin_climate_change/280/,Sabin 2026 entry 3915,,,2026-09,in_latest_edition,,,,,src_731207f65d0f,sabin:S26P-3915,report_citation,unverified,08113,08113,name,,,,,,,,,,,,,,
con_12fe3b9b18,CT,Connecticut Wind Colebrook Project,wind,3,"In 2011, a community group called FairwindCT filed a lawsuit challenging the Connecticut Siting Council’s approval of BNE Energy’s petition to construct six 1.6-MW wind turbines at two separate sites in the Town of Colebrook.",pending,none,pending,yes,litigation,Litchfield County,,2021,10,,"In 2011, a community group called FairwindCT filed a lawsuit challenging the Connecticut Siting Council’s approval of BNE Energy’s petition to construct six 1.6-MW wind turbines at two separate sites in the Town of Colebrook. The trial court dismissed the lawsuit, and, in 2014, after three years of litigation, the Connecticut Supreme Court upheld the dismissal. On January 9, 2020, BNE Energy submitted a request to the Connecticut Siting Council to modify the approved plan to allow installation of a different type of wind turbine. On March 4, 2020, FairwindCT submitted an objection to the proposed modification, but the Executive Director of the Council ultimately approved the modification request. On June 1, 2020, FairwindCT and abutting landowners filed a petition with the Council for a declaratory ruling to disallow the modification. On December 17, 2020, the Council issued a final decision upholding the modification request. FairwindCT and the abutting landowners appealed to the New Britain Judicial District Superior Court, which, in November 2021, ruled in their favor, vacating the Council’s approval of the requested modification.",S26P-3916,"Sabin Center, Opposition to Renewable Energy Facilities in the United States (Sept. 2026 ed.), via data/renewable_opposition_records_2026-09.csv",https://scholarship.law.columbia.edu/sabin_climate_change/280/,"Sabin 2026 entry 3916; litigation venue: State; title names Lichfield County, county columns name Litchfield County",,,2026-09,in_latest_edition,,,,,src_731207f65d0f,sabin:S26P-3916,report_citation,unverified,,,,,,,,,,,,,,,,,
con_b4dc027582,CT,Denslow Hill Road Solar Project,solar,4,"In August 2024, the Connecticut Siting Council unanimously rejected a plan for a 1.5-MW solar project, citing concerns over the developer’s plans to remove about 7.9 acres of trees.",blocked_confirmed,resolution: https://portal.ct.gov/csc/decisions/petition-lists/petition-list-1500-1999,pending,yes,litigation,New Haven County,,2024,1.5,7.9,"In August 2024, the Connecticut Siting Council unanimously rejected a plan for a 1.5-MW solar project, citing concerns over the developer’s plans to remove about 7.9 acres of trees. In September 2024, the developer filed an appeal to the decision. In the appeal, the developer claimed that the council “exceeded” its authority, arguing that, as the owner of the land, the developer could have cleared the trees without local zoning approval and then submitted the proposal to the Siting Council, which would have had “no basis” for denying it.",REC-0038,"Sabin Center, Opposition to Renewable Energy Facilities in the United States (Sept. 2026 ed.), via data/renewable_opposition_records_2026-09.csv",https://scholarship.law.columbia.edu/sabin_climate_change/280/,"Sabin 2026 entry 3917; litigation venue: Administrative, State; area carried from the 2025 edition",,,2026-09,in_latest_edition,con_b4dc027582,,,,src_731207f65d0f,sabin:REC-0038,confirmed,verified,,,,,,,,,,,,,,https://portal.ct.gov/csc/decisions/petition-lists/petition-list-1500-1999,opened,,2025-08-21
con_6ed1a05d09,CT,Ellington Airport Solar Project,solar,3,"In August 2024, the Connecticut Siting Council denied a petition to build a 4-MW solar facility, citing “uncertainty as to the effects of the proposed facility in air navigation and aviation safety.” Residents cited concerns about the potential impacts of a solar facility on a local parachuting landing site in the immediate vicinity of the proposed solar site.",advanced_confirmed,resolution: https://portal.ct.gov/-/media/csc/3_petitions-medialibrary/petitions_medialibrary/mediapetitionnos1501-1600/pe1589b/decision/pe1589b_do_020526_a.pdf?rev=7b2d89963c8742218e9d308fe7252924&hash=68377B4BD12D4555753E8F5BF8A15F63,cancelled,yes,litigation,Tolland County,,2024,4,,"In August 2024, the Connecticut Siting Council denied a petition to build a 4-MW solar facility, citing “uncertainty as to the effects of the proposed facility in air navigation and aviation safety.” Residents cited concerns about the potential impacts of a solar facility on a local parachuting landing site in the immediate vicinity of the proposed solar site.",REC-0039,"Sabin Center, Opposition to Renewable Energy Facilities in the United States (Sept. 2026 ed.), via data/renewable_opposition_records_2026-09.csv",https://scholarship.law.columbia.edu/sabin_climate_change/280/,Sabin 2026 entry 3918; cancelled 2024; opposition_type carried from the 2025 edition,,,2026-09,in_latest_edition,con_6ed1a05d09,,,,src_731207f65d0f,sabin:REC-0039,confirmed,verified,,,,,,,,,,,,,,https://portal.ct.gov/-/media/csc/3_petitions-medialibrary/petitions_medialibrary/mediapetitionnos1501-1600/pe1589b/decision/pe1589b_do_020526_a.pdf?rev=7b2d89963c8742218e9d308fe7252924&hash=68377B4BD12D4555753E8F5BF8A15F63,opened,,2026-02-05
con_c53c33eb15,CT,Fairfield to Congress Railroad Transmission Line,transmission,4,"The Fairfield to Congress Railroad Transmission Line project proposes to replace transmission lines along the railroad corridor, with the goal of improving reliability and resilience in the regional electric grid.",blocked_confirmed,resolution: https://ctmirror.org/2026/02/05/ct-siting-council-rejects-united-illuminatings-monopole-appeal/,pending,yes,litigation,Fairfield County,,2023,,,"The Fairfield to Congress Railroad Transmission Line project proposes to replace transmission lines along the railroad corridor, with the goal of improving reliability and resilience in the regional electric grid. After the Connecticut Siting Council approved the project, the City of Bridgeport filed an appeal of the decision, citing the “reliable, prohibitive, and substantial evidence introduced opposing the project.”",REC-0040,"Sabin Center, Opposition to Renewable Energy Facilities in the United States (Sept. 2026 ed.), via data/renewable_opposition_records_2026-09.csv",https://scholarship.law.columbia.edu/sabin_climate_change/280/,"Sabin 2026 entry 3919; litigation venue: Administrative, State",,,2026-09,in_latest_edition,con_c53c33eb15,,,,src_731207f65d0f,sabin:REC-0040,confirmed,verified,,,,,,,,,,,,,,https://ctmirror.org/2026/02/05/ct-siting-council-rejects-united-illuminatings-monopole-appeal/,opened,,2026-02-05
con_be43533cdb,CT,Gravel Pit Solar Project,solar,1,"In July 2020, DESRI Holdings L.P. proposed the 120 MW Gravel Pit Solar Project on 737 acres in the Town of East Windsor.",advanced_unverified,outcome_label_only,operational,no,,Hartford County,Town of East Windsor,2026,150,737,"In July 2020, DESRI Holdings L.P. proposed the 120 MW Gravel Pit Solar Project on 737 acres in the Town of East Windsor. On February 25, 2021, the Connecticut Siting Council (CSC) approved the project, which was completed in October 2024. In April 2025, the developer proposed an expansion of the project, which would add 30 MW of solar generation, increasing the project’s total capacity to 150 MW. The expansion proposal garnered strong opposition from local officials and a group called “East Windsor Citizens for Responsible Solar.” The opponents raised concerns over potential adverse impacts to the environment, loss of farmland, and threats to the town’s rural character. A petition opposing the expansion of the project, endorsed by State Senator Saud Anwar, gathered 2,223 signatures on change.org. In May 2025, the CSC voted 5-1 to reopen the application for the expansion. In March 2026, the CSC approved the expansion.",S26P-4377,"Sabin Center, Opposition to Renewable Energy Facilities in the United States (Sept. 2026 ed.), via data/renewable_opposition_records_2026-09.csv",https://scholarship.law.columbia.edu/sabin_climate_change/280/,Sabin 2026 entry 4377,,,2026-09,in_latest_edition,,,,,src_731207f65d0f,sabin:S26P-4377,report_citation,unverified,,09110,place,strong,eia:66268:operating;uspvdb:406824,"Gravel Pit Solar, LLC",operating,120,2025,41.8889,-72.549,"EIA-860M August 2026: plant ID 66268 'Gravel Pit Solar, LLC' (CT, Hartford County, entity Gravel Pit Solar, LLC, solar, 120 MW), operating, since 2/2025. Status (OP) Operating. USPVDB v4.0 (2026-04-14): entry 406824 'Gravel Pit Solar, LLC' (CT, Hartford County, solar, 120 MW), operating, since 2025. Matched on name and county and capacity. The inventory records the plant's status only; it says nothing about the opposition or its effect.",,,,,
con_5ce9f5edfc,CT,Nod Road Solar,solar,2,"In 2025, Lodestar Energy proposed a 4.65-MW, 19-acre solar facility in the Town of Simsbury at the site of a former golf club.",pending,none,pending,no,,Hartford County,Town of Simsbury,2026,4.65,19,"In 2025, Lodestar Energy proposed a 4.65-MW, 19-acre solar facility in the Town of Simsbury at the site of a former golf club. Local residents have raised concerns about the project’s aesthetic and environmental impacts, including how it would affect the view from a popular hiking destination in Farmington Valley. In December 2025, the developer applied to the Connecticut Siting Council for a Certificate of Environmental Compatibility and Public Need. Simsbury’s chief elected official, the First Selectman, filed comments with the Council in which she expressed opposition to the project and stated that a portion of the project falls within a Special Flood Hazard Area and that there are over $300,000 owed in property taxes. In January 2026, State Senator Paul Honig filed a public comment in support of the project. On April 23, 2026, the Council held an evidentiary hearing that was adjourned and is scheduled to be continued on June 9, 2026.",S26P-4424,"Sabin Center, Opposition to Renewable Energy Facilities in the United States (Sept. 2026 ed.), via data/renewable_opposition_records_2026-09.csv",https://scholarship.law.columbia.edu/sabin_climate_change/280/,Sabin 2026 entry 4424,,,2026-09,in_latest_edition,,,,,src_731207f65d0f,sabin:S26P-4424,report_citation,unverified,,09110,place,,,,,,,,,,,,,,
con_cf806f591c,CT,Tobacco Valley Solar Farm,solar,3,"In 2017, the Connecticut Siting Council approved construction of the 156-acre, 26-MW Tobacco Valley Solar Farm, despite opposition from state agencies, local governments, and local residents, who had expressed concerns about impacts to forests and prime farmland.",pending,none,pending,yes,litigation,Hartford County,Simsbury,2018,26,156,"In 2017, the Connecticut Siting Council approved construction of the 156-acre, 26-MW Tobacco Valley Solar Farm, despite opposition from state agencies, local governments, and local residents, who had expressed concerns about impacts to forests and prime farmland. In February 2018, the Town of Simsbury filed an administrative appeal challenging the Connecticut Siting Council’s approval of the project; six neighboring residents filed an appeal four days later. In October 2018, the parties reached a settlement that allowed the project to move forward in exchange for certain concessions from the developer, including enhanced visual screening and an agreement not to remove a certain barn structure.",S26P-3920,"Sabin Center, Opposition to Renewable Energy Facilities in the United States (Sept. 2026 ed.), via data/renewable_opposition_records_2026-09.csv",https://scholarship.law.columbia.edu/sabin_climate_change/280/,Sabin 2026 entry 3920; litigation venue: Administrative,,,2026-09,in_latest_edition,,,,,src_731207f65d0f,sabin:S26P-3920,report_citation,unverified,,09110,place,,,,,,,,,,,,,,
con_061f1152b8,CT,Torrington Solar Project,solar,2,"In September 2024, Lodestar Energy submitted an application to the Connecticut Siting Council for a 3-MW, 54-acre solar facility on Lover’s Lane in Torrington.",pending,none,pending,no,,Litchfield County,,2025,3,54,"In September 2024, Lodestar Energy submitted an application to the Connecticut Siting Council for a 3-MW, 54-acre solar facility on Lover’s Lane in Torrington. On September 23, 2024, the city council of Torrington authorized the city’s mayor to list the city’s objections, titled Petition No. 1638, to the Connecticut Siting Council during the public comment period. [Note: On January 24, 2025, the Connecticut Siting Council issued its final decision approving the project, noting that it met the requisite air and water quality standards to ensure that it would not cause substantial adverse environmental effects.]",S26P-3921,"Sabin Center, Opposition to Renewable Energy Facilities in the United States (Sept. 2026 ed.), via data/renewable_opposition_records_2026-09.csv",https://scholarship.law.columbia.edu/sabin_climate_change/280/,Sabin 2026 entry 3921,,,2026-09,in_latest_edition,,,,,src_731207f65d0f,sabin:S26P-3921,report_citation,unverified,,,,strong,eia:64977:operating;uspvdb:404398,"Torrington Solar One, LLC",operating,2,2021,41.83019,-73.07802,"EIA-860M August 2026: plant ID 64977 'Torrington Solar One, LLC' (CT, Litchfield County, entity DG Connecticut III, LLC, solar, 2 MW), operating, since 3/2021. Status (OP) Operating. USPVDB v4.0 (2026-04-14): entry 404398 'Torrington Solar One, LLC' (CT, Litchfield County, solar, 2 MW), operating, since 2021. Matched on name. The inventory records the plant's status only; it says nothing about the opposition or its effect.","outcome pending, but the plant is operating",,,,
con_f1fc80a098,CT,TRITEC America’s Carter Street Solar Project,solar,4,"In October 2024, the Connecticut Siting Council unanimously rejected an application for a 0.999-MW solar facility in Manchester.",blocked_confirmed,resolution: https://portal.ct.gov/csc/decisions/petition-lists/petition-list-1500-1999,cancelled,yes,litigation,Hartford County,Manchester,2024,.999,7.8,"In October 2024, the Connecticut Siting Council unanimously rejected an application for a 0.999-MW solar facility in Manchester. The project would have been sited on 7.8 acres of forested land in an area zoned for rural residential development. Local opponents raised concerns about the environmental impact of cutting down trees, as well as concerns about the project’s proximity to houses.",REC-0041,"Sabin Center, Opposition to Renewable Energy Facilities in the United States (Sept. 2026 ed.), via data/renewable_opposition_records_2026-09.csv",https://scholarship.law.columbia.edu/sabin_climate_change/280/,Sabin 2026 entry 3922; cancelled 2024; opposition_type carried from the 2025 edition; municipality from the record's text,,,2026-09,in_latest_edition,con_f1fc80a098,,,,src_731207f65d0f,sabin:REC-0041,confirmed,verified,,09110,place,,,,,,,,,,,https://portal.ct.gov/csc/decisions/petition-lists/petition-list-1500-1999,opened,,2024-10-10
con_96ea3bcabe,DE,Cedar Creek Solar,solar,3,"In March 2022, a landowner in Smyrna and a group called Citizens Against Solar Pollution filed a lawsuit in Delaware Chancery Court challenging Kent County’s approval of the proposed 100-MW Cedar Creek Solar project on agricultural land.",advanced_confirmed,resolution: https://law.justia.com/cases/delaware/supreme-court/2025/210-2024.html,pending,yes,litigation,Kent County,,2022,100,,"In March 2022, a landowner in Smyrna and a group called Citizens Against Solar Pollution filed a lawsuit in Delaware Chancery Court challenging Kent County’s approval of the proposed 100-MW Cedar Creek Solar project on agricultural land. The lawsuit alleged that the project would damage the environment, reduce property values, disrupt the rural character of the community, and threaten historical artifacts.",REC-0044,"Sabin Center, Opposition to Renewable Energy Facilities in the United States (Sept. 2026 ed.), via data/renewable_opposition_records_2026-09.csv",https://scholarship.law.columbia.edu/sabin_climate_change/280/,Sabin 2026 entry 3923; litigation venue: State,Citizens Against Solar Pollution,https://townsquaredelaware.com/lawsuit-filed-to-stop-construction-of-smyrna-solar-farm/,2026-09,in_latest_edition,con_96ea3bcabe,,,,src_731207f65d0f,sabin:REC-0044,confirmed,verified,10001,10001,name,,,,,,,,,,,https://law.justia.com/cases/delaware/supreme-court/2025/210-2024.html,opened,,2025-03-10
con_0f3c1beb52,DE,Frankford Solar,solar,4,"In May 2024, the Frankford Town Council voted to deny an application for a 44-acre solar farm proposed by Dukes Farm Limited Partnership, after the town’s Planning & Zoning Committee recommended the application’s denial.",blocked_unverified,outcome_label_only,cancelled,no,local_residents,Sussex County,,2024,,44,"In May 2024, the Frankford Town Council voted to deny an application for a 44-acre solar farm proposed by Dukes Farm Limited Partnership, after the town’s Planning & Zoning Committee recommended the application’s denial. The decision came after a public meeting at which local residents expressed reservations about the project. The application was denied because it did not meet certain criteria in the town’s 2020 Comprehensive Plan, such as criteria for maintaining a “small-town feel.”",REC-0045,"Sabin Center, Opposition to Renewable Energy Facilities in the United States (Sept. 2026 ed.), via data/renewable_opposition_records_2026-09.csv",https://scholarship.law.columbia.edu/sabin_climate_change/280/,Sabin 2026 entry 3924; cancelled 2024; opposition_type carried from the 2025 edition,,,2026-09,in_latest_edition,con_0f3c1beb52,,,,src_731207f65d0f,sabin:REC-0045,report_citation,unverified,10005,10005,name,,,,,,,,,,,,,,
con_0fec93e3ad,DE,Skipjack Wind Farm Interconnection Facility in Fenwick State Park,wind,4,"The Skipjack Wind Farm, a proposed offshore wind project near Ocean City, was originally planned to connect to the grid at a facility in Delaware’s Fenwick Island State Park.",blocked_confirmed,resolution: https://skipjackwind.com/news/2020/07/orsted-announces-pivot-away-from-fenwick-island-state-park,cancelled,no,"environmental_group, local_residents",Sussex County,,2020,,,"The Skipjack Wind Farm, a proposed offshore wind project near Ocean City, was originally planned to connect to the grid at a facility in Delaware’s Fenwick Island State Park. The plan received pushback from the Delaware Chapter of the Surfrider Foundation, who argued that the plan to install transmission infrastructure in a state park was contrary to the mission of the Delaware Division of Parks and Recreation. In 2020, the developer abandoned plans to site the interconnection facility at Fenwick Island State Park.",REC-0046,"Sabin Center, Opposition to Renewable Energy Facilities in the United States (Sept. 2026 ed.), via data/renewable_opposition_records_2026-09.csv",https://scholarship.law.columbia.edu/sabin_climate_change/280/,Sabin 2026 entry 3925; cancelled 2020; opposition_type carried from the 2025 edition,Surfrider Foundation,https://delaware.surfrider.org/campaigns/Reject%20the%20Proposed%20Skipjack%20Wind%20Project%20Cable%20Landing%20Proposal,2026-09,in_latest_edition,con_0fec93e3ad,,,,src_731207f65d0f,sabin:REC-0046,confirmed,verified,10005,10005,name,,,,,,,,,,,https://skipjackwind.com/news/2020/07/orsted-announces-pivot-away-from-fenwick-island-state-park,opened,,2020-07-10
con_074d1ff07c,DE,University of Delaware Wind Turbine,wind,3,"A Lewes resident filed two lawsuits in state and federal court to halt the operation of a wind turbine used for research by the University of Delaware, arguing that backroom dealings led to an expedited approval process.",advanced_confirmed,resolution: https://www.eia.gov/electricity/data/eia860m/,unknown,yes,litigation,Sussex County,City of Lewes,2016,,,"A Lewes resident filed two lawsuits in state and federal court to halt the operation of a wind turbine used for research by the University of Delaware, arguing that backroom dealings led to an expedited approval process. The federal lawsuit was dismissed in January 2015. In the state lawsuit, the Delaware Court of Chancery granted summary judgment against the plaintiff on multiple claims in December 2015, which the Delaware Supreme Court affirmed in August 2016.",REC-0047,"Sabin Center, Opposition to Renewable Energy Facilities in the United States (Sept. 2026 ed.), via data/renewable_opposition_records_2026-09.csv",https://scholarship.law.columbia.edu/sabin_climate_change/280/,"Sabin 2026 entry 3926; litigation venue: Federal, State",,,2026-09,in_latest_edition,con_074d1ff07c,,,,src_731207f65d0f,sabin:REC-0047,confirmed,verified,10005,10005,name,strong,eia:57176:operating;uswtdb:DE:57176,University of Delaware Wind Turbine,operating,2,2010,38.78293,-75.1649,"EIA-860M August 2026: plant ID 57176 'University of Delaware Wind Turbine' (DE, Sussex County, entity First State Marine Wind, wind, 2 MW), operating, since 7/2010. Status (OP) Operating. USWTDB v9.1 (2026-09-28): entry 57176 'University of Delaware' (DE, Sussex County, wind, 2 MW), operating, since 2010. Matched on name and county. The inventory records the plant's status only; it says nothing about the opposition or its effect.",,https://www.eia.gov/electricity/data/eia860m/,opened,,2010-07
con_540a4e1574,DE,US Wind Substation Project,wind,3,"In July 2024, the Sussex County Planning and Zoning Commission unanimously recommended approval of Renewable Redevelopment’s application for a conditional use permit to build a substation in Dagsboro to support US Wind’s offshore wind project.",pending,none,pending,yes,litigation,Sussex County,Town of Dagsboro,2026,250+,140,"In July 2024, the Sussex County Planning and Zoning Commission unanimously recommended approval of Renewable Redevelopment’s application for a conditional use permit to build a substation in Dagsboro to support US Wind’s offshore wind project. The offshore wind project consists of 121 wind turbines and up to four offshore substations. In December 2024, the Sussex County Council, in a 4-1 vote, denied a conditional use permit for the Dagsboro substation citing lack of direct benefits to the residents of Sussex County among the reasons for denial. In June 2025, the state legislature enacted Senate Bill 159, which requires the permitting of an electric substation as an allowed conditional use in a heavy industrial zone under certain conditions, including to support the operation of a renewable energy project of 250 MW or more. The state law was given retroactive effect to August 3, 2023. The law overrides the council’s denial of the project. Sussex County and the Town of Fenwick Island, the municipalities involved in the US Wind project, challenged the law in the Delaware Court of Chancery. In March 2026, the Delaware Court of Chancery upheld the General Assembly’s authority to override Sussex County Council’s denial. In May 2026, the Delaware Supreme Court affirmed the decision by the Court of Chancery upholding the state law and overturning the Council’s denial of the conditional use permit for the Dagsboro substation.",REC-0048,"Sabin Center, Opposition to Renewable Energy Facilities in the United States (Sept. 2026 ed.), via data/renewable_opposition_records_2026-09.csv",https://scholarship.law.columbia.edu/sabin_climate_change/280/,Sabin 2026 entry 3927; litigation venue: State,,,2026-09,in_latest_edition,con_540a4e1574,,,,src_731207f65d0f,sabin:REC-0048,report_citation,unverified,10005,10005,name,,,,,,,,,,,,,,
con_313907c79f,FL,Archer Solar Project,solar,4,"In October 2020, Alachua County commissioners voted to deny a permit for a proposed 75-MW, 643-acre solar project by First Solar and Duke Energy, citing a lack of outreach to the historically Black community where the project was to be located as well as concerns about impacts to property values.",blocked_confirmed,resolution: https://www.gainesville.com/story/news/local/2020/10/07/alachua-county-says-no-solar-power-farm-proposed-near-archer/5897167002/,cancelled,no,"local_residents, organized_group",Alachua County,,2020,75,643,"In October 2020, Alachua County commissioners voted to deny a permit for a proposed 75-MW, 643-acre solar project by First Solar and Duke Energy, citing a lack of outreach to the historically Black community where the project was to be located as well as concerns about impacts to property values.",REC-0052,"Sabin Center, Opposition to Renewable Energy Facilities in the United States (Sept. 2026 ed.), via data/renewable_opposition_records_2026-09.csv",https://scholarship.law.columbia.edu/sabin_climate_change/280/,Sabin 2026 entry 3928; cancelled 2020; opposition_type carried from the 2025 edition,,,2026-09,in_latest_edition,con_313907c79f,,,,src_731207f65d0f,sabin:REC-0052,confirmed,verified,12001,12001,name,,,,,,,,,,,https://www.gainesville.com/story/news/local/2020/10/07/alachua-county-says-no-solar-power-farm-proposed-near-archer/5897167002/,opened,,2020-10-06
con_dbf3969a3f,FL,Sand Bluff Solar Project,solar,4,"In July 2021, Alachua County commissioners voted to disallow the proposed Sand Bluff Solar Project on 600 acres outside of Archer, Florida.",blocked_confirmed,resolution: https://www.gainesville.com/story/news/local/2021/07/07/commissioners-deny-sand-bluff-solar-project-application-outside-archer/7868226002/,cancelled,no,"organized_group, local_residents",Alachua County,,2021,,600,"In July 2021, Alachua County commissioners voted to disallow the proposed Sand Bluff Solar Project on 600 acres outside of Archer, Florida. Opposition against the project had centered on lack of outreach to the historically Black community in which the project was to be sited. The local chapters of the NAACP and of the Sierra Club opposed the project, while the Climate Reality Project and the local chapter of the League of Women Voters supported it.",REC-0053,"Sabin Center, Opposition to Renewable Energy Facilities in the United States (Sept. 2026 ed.), via data/renewable_opposition_records_2026-09.csv",https://scholarship.law.columbia.edu/sabin_climate_change/280/,Sabin 2026 entry 3929; cancelled 2021; opposition_type carried from the 2025 edition,NAACP; Sierra Club,https://www.wcjb.com/2021/04/26/activist-groups-speak-out-against-archer-solar-array-project-alachua-county-plan-board-approves/,2026-09,in_latest_edition,con_dbf3969a3f,,,,src_731207f65d0f,sabin:REC-0053,confirmed,verified,12001,12001,name,,,,,,,,,,,https://www.gainesville.com/story/news/local/2021/07/07/commissioners-deny-sand-bluff-solar-project-application-outside-archer/7868226002/,opened,,2021-07-07
con_3bdea3bf87,GA,Cubico Solar Farm,solar,4,"On May 23, 2022, the Macon-Bibb Planning and Zoning Commission unanimously rejected Cubico Sustainable Investments’ plan for a 780-MW solar farm, finding it was not a good fit for the neighborhood where it was proposed.",blocked_confirmed,resolution: https://www.13wmaz.com/article/news/local/zoning-board-votes-down-780-acre-solar-farm/93-ed30f404-8c79-4612-8a42-55592389c551,cancelled,no,"local_residents, organized_group",Bibb County,,2022,780,,"On May 23, 2022, the Macon-Bibb Planning and Zoning Commission unanimously rejected Cubico Sustainable Investments’ plan for a 780-MW solar farm, finding it was not a good fit for the neighborhood where it was proposed. Opponents raised concerns about harm to wildlife, damage to roads, and the potential for declining property values. In the month before the zoning board meeting, they collected 400 signatures in opposition to the project.",REC-0062,"Sabin Center, Opposition to Renewable Energy Facilities in the United States (Sept. 2026 ed.), via data/renewable_opposition_records_2026-09.csv",https://scholarship.law.columbia.edu/sabin_climate_change/280/,Sabin 2026 entry 3930; cancelled 2022; opposition_type carried from the 2025 edition,,,2026-09,in_latest_edition,con_3bdea3bf87,,,,src_731207f65d0f,sabin:REC-0062,confirmed,verified,13021,13021,name,,,,,,,,,,,https://www.13wmaz.com/article/news/local/zoning-board-votes-down-780-acre-solar-farm/93-ed30f404-8c79-4612-8a42-55592389c551,opened,,2022-05-23
con_a5d57edc8f,GA,SA Solar,solar,1,"In November 2023, the Sumter County Planning & Zoning Board recommended that the county Board of Commissioners deny a conditional use permit for SA Solar’s proposed solar farm amidst concern about potential aesthetic impacts on a nearby church and cemetery.",advanced_confirmed,resolution: https://www.selectsumter.com/fileadmin/Files/WARNER/PDF-Samsung_Solar_Press_Release_2023_final_III.pdf,pending,no,"organized_group, local_residents",Sumter County,,2023,,,"In November 2023, the Sumter County Planning & Zoning Board recommended that the county Board of Commissioners deny a conditional use permit for SA Solar’s proposed solar farm amidst concern about potential aesthetic impacts on a nearby church and cemetery. In December 2023, the Board of Commissioners set aside the Planning and Zoning Board’s recommendation and granted SA Solar a conditional use permit.",REC-0063,"Sabin Center, Opposition to Renewable Energy Facilities in the United States (Sept. 2026 ed.), via data/renewable_opposition_records_2026-09.csv",https://scholarship.law.columbia.edu/sabin_climate_change/280/,Sabin 2026 entry 3931; opposition_type carried from the 2025 edition,,,2026-09,in_latest_edition,con_a5d57edc8f,,,,src_731207f65d0f,sabin:REC-0063,confirmed,verified,13261,13261,name,,,,,,,,,,,https://www.selectsumter.com/fileadmin/Files/WARNER/PDF-Samsung_Solar_Press_Release_2023_final_III.pdf,opened,,2023-12
con_600b80a1c1,GA,Silicon Ranch’s Kathleen Solar Project,solar,4,"On September 3, 2024, the Houston County Commissioners voted to deny a permit to the developer Silicon Ranch to construct a 4,700-acre solar farm in Kathleen.",blocked_confirmed,resolution: https://www.houstoncountyga.gov/minutes/2024-09-03%20Minutes.pdf,cancelled,no,"environmental_group, local_residents",Houston County,,2024,"4,700 acres",4700,"On September 3, 2024, the Houston County Commissioners voted to deny a permit to the developer Silicon Ranch to construct a 4,700-acre solar farm in Kathleen. The proposal faced opposition from local naturalists due to its proximity to the 13,450-acre Oaky Woods Wildlife Management Area, which hosts a regionally significant population of black bears. The County Attorney stated that the developer would need to wait one year to resubmit plans.",REC-0064,"Sabin Center, Opposition to Renewable Energy Facilities in the United States (Sept. 2026 ed.), via data/renewable_opposition_records_2026-09.csv",https://scholarship.law.columbia.edu/sabin_climate_change/280/,"Sabin 2026 entry 3932; cancelled 2024; opposition_type, capacity carried from the 2025 edition",,,2026-09,in_latest_edition,con_600b80a1c1,,,,src_731207f65d0f,sabin:REC-0064,confirmed,verified,13153,13153,name,,,,,,,,,,,https://www.houstoncountyga.gov/minutes/2024-09-03%20Minutes.pdf,opened,,2024-09-03
con_8e748ebb88,GA,SR Robins Solar Farm,solar,4,"The Houston County Board of Commissioners unanimously denied an application for a 4,700-acre project.",blocked_confirmed,resolution: https://www.eia.gov/electricity/data/eia860m/,cancelled,no,"local_residents, organized_group",Houston County,,2024,"4,700 acres",4700,"The Houston County Board of Commissioners unanimously denied an application for a 4,700-acre project. Among the reasons for denial, the Board cited quality of living, property values, and wildlife habitat, particularly bear habitat. At the Board of Zoning Appeals meeting about the project, there was a packed room of residents, and more than 25 people spoke against the project, in contrast to two people who spoke for it.",REC-0065,"Sabin Center, Opposition to Renewable Energy Facilities in the United States (Sept. 2026 ed.), via data/renewable_opposition_records_2026-09.csv",https://scholarship.law.columbia.edu/sabin_climate_change/280/,"Sabin 2026 entry 3933; cancelled 2024; opposition_type, capacity carried from the 2025 edition",,,2026-09,in_latest_edition,con_8e748ebb88,,,,src_731207f65d0f,sabin:REC-0065,confirmed,verified,13153,13153,name,strong,eia:68111:canceled_or_postponed,SR Robins I,canceled_or_postponed,250,,32.4538,-83.58187,"EIA-860M August 2026: plant ID 68111 'SR Robins I' (GA, Houston County, entity SR Robins I, LLC, solar, 250 MW), cancelled or indefinitely postponed. Matched on name and county. The inventory records the plant's status only; it says nothing about the opposition or its effect.",,https://www.eia.gov/electricity/data/eia860m/,opened,,2024-12
con_6a28910852,HI,Kahuku Pua Makani Wind Project,wind,3,Local opposition to the planned 24-MW Na Pua Makani wind project in Kahuku on the North Shore of Oahu reduced the scope of the project from 13-15 turbines to 8 turbines.,pending,none,pending,yes,litigation,Honolulu County,,2022,24,,"Local opposition to the planned 24-MW Na Pua Makani wind project in Kahuku on the North Shore of Oahu reduced the scope of the project from 13-15 turbines to 8 turbines. In 2016, Keep the North Shore Country filed a contested case hearing petition to challenge the developer’s plan for mitigating impacts to endangered species including the Hawaiian Hoary Bat. In 2018, the Board of Land and Natural Resources accepted the developer’s plan and issued an incidental take license for the project. Keep the North Shore Country appealed that decision. In May 2019, the Circuit Court upheld the state agency’s decision to grant the license, and in February 2022, the Supreme Court of Hawaii affirmed on appeal. While this lawsuit was pending, Keep the North Shore Country filed a separate petition challenging the proximity of the turbines to schools and homes under Honolulu’s zoning ordinance, and an organization called Life of the Land filed a motion to block the project’s power purchase agreement. In addition to legal challenges, there were significant protests: in October 2019, approximately 128 protesters were arrested while trying to block wind turbines from being delivered to the construction site.",REC-0067,"Sabin Center, Opposition to Renewable Energy Facilities in the United States (Sept. 2026 ed.), via data/renewable_opposition_records_2026-09.csv",https://scholarship.law.columbia.edu/sabin_climate_change/280/,"Sabin 2026 entry 3934; litigation venue: Administrative, State",,,2026-09,in_latest_edition,con_6a28910852,,,,src_731207f65d0f,sabin:REC-0067,report_citation,unverified,15003,15003,name,,,,,,,,,,,,,,
con_3f3a4cc8ad,HI,Kawailoa Wind Farm,wind,3,"In 2018, the 69-MW Kawailoa Wind Farm, operated by Kawailoa Wind LLC, sought to amend its Habitat Conservation Plan (HCP) and Incidental Take License (ITL) to account for higher-than-anticipated incidental take of the endangered Hawaiian hoary bat.",advanced_confirmed,resolution: https://www.eia.gov/electricity/data/eia860m/,operational,yes,litigation,Honolulu County,,2021,69,,"In 2018, the 69-MW Kawailoa Wind Farm, operated by Kawailoa Wind LLC, sought to amend its Habitat Conservation Plan (HCP) and Incidental Take License (ITL) to account for higher-than-anticipated incidental take of the endangered Hawaiian hoary bat. In 2019, the state Board of Land and Natural Resources (BLNR) approved the proposed amendments. The environmental group Keep the North Shore Country (KNSC), challenged the amendments as being inadequate to address the wind farm’s impacts on wildlife. The BLNR granted KNSC a contested case hearing to formally present their objections. In January 2021, the parties reached a settlement and entered into an agreement in which Kawaiola agreed to fund an enhanced research plan to provide greater protections to endangered species.",REC-0068,"Sabin Center, Opposition to Renewable Energy Facilities in the United States (Sept. 2026 ed.), via data/renewable_opposition_records_2026-09.csv",https://scholarship.law.columbia.edu/sabin_climate_change/280/,Sabin 2026 entry 3935; litigation venue: Administrative,,,2026-09,in_latest_edition,con_3f3a4cc8ad,,,,src_731207f65d0f,sabin:REC-0068,confirmed,verified,15003,15003,name,strong,eia:57529:operating;uswtdb:HI:57529,Kawailoa Wind,operating,69,2012,21.61028,-158.0408,"EIA-860M August 2026: plant ID 57529 'Kawailoa Wind' (HI, Honolulu County, entity Kawailoa Wind LLC, wind, 69 MW), operating, since 11/2012. Status (OP) Operating. USWTDB v9.1 (2026-09-28): entry 57529 'Kawailoa Wind' (HI, Honolulu County, wind, 69 MW), operating, since 2012. Matched on name and county and capacity. The inventory records the plant's status only; it says nothing about the opposition or its effect.",,https://www.eia.gov/electricity/data/eia860m/,opened,,2012-11
con_6ceb6b0fd3,HI,Paeahu Solar,solar,4,"In November 2023, Innergex Energy cancelled development of a 15-MW solar farm planned for Maui Meadows in South Maui.",blocked_confirmed,resolution: https://www.eia.gov/electricity/data/eia860m/,cancelled,no,"environmental_group, local_residents",Maui County,,2023,15,,"In November 2023, Innergex Energy cancelled development of a 15-MW solar farm planned for Maui Meadows in South Maui. The project was originally proposed in 2018 and faced opposition from environmentalists and residents based on concerns about water pollution, flooding, and wildfire risks. The project was also opposed based on concerns about loss of open, scenic land.",REC-0069,"Sabin Center, Opposition to Renewable Energy Facilities in the United States (Sept. 2026 ed.), via data/renewable_opposition_records_2026-09.csv",https://scholarship.law.columbia.edu/sabin_climate_change/280/,Sabin 2026 entry 3936; cancelled 2023; opposition_type carried from the 2025 edition,,,2026-09,in_latest_edition,con_6ceb6b0fd3,,,,src_731207f65d0f,sabin:REC-0069,confirmed,verified,15009,15009,name,strong,eia:62534:canceled_or_postponed,Paeahu Solar Hybrid,canceled_or_postponed,30,,20.68523,-156.4177,"EIA-860M August 2026: plant ID 62534 'Paeahu Solar Hybrid' (HI, Maui County, entity Paeahu Solar LLC, battery_storage;solar, 30 MW), cancelled or indefinitely postponed. Matched on name and county. The inventory records the plant's status only; it says nothing about the opposition or its effect.",,https://www.eia.gov/electricity/data/eia860m/,opened,,2023-11
con_4b3cd8ab97,IA,Arbor Hill Wind Farm,wind,4,"In August 2018, the Madison County Coalition for Scenic Preservation challenged Madison County’s decision to approve this 52-turbine wind farm.",blocked_unverified,outcome_label_only,cancelled,yes,litigation,Madison County,,2022,,,"In August 2018, the Madison County Coalition for Scenic Preservation challenged Madison County’s decision to approve this 52-turbine wind farm. In June 2019 the district court dismissed the case and the plaintiffs appealed; the Iowa Court of Appeals affirmed the lower court in January 2021. However, in December 2020, Madison County adopted an ordinance capping the number of turbines in the county at the current number, effectively preventing the project from proceeding. In January 2021, MidAmerican sued the county, and in March 2022, the parties reached a settlement allowing the company to construct 30 turbines. However, in July 2022, MidAmerican abandoned plans to move forward with the project, due to the reduction in size, among other issues.",S26P-3937,"Sabin Center, Opposition to Renewable Energy Facilities in the United States (Sept. 2026 ed.), via data/renewable_opposition_records_2026-09.csv",https://scholarship.law.columbia.edu/sabin_climate_change/280/,Sabin 2026 entry 3937; litigation venue: State; cancelled 2020,,,2026-09,in_latest_edition,,,,,src_731207f65d0f,sabin:S26P-3937,report_citation,unverified,19121,19121,name,,,,,,,,,,,,,,
con_9df550d5b2,IA,Coggon Solar,solar,3,"Beginning in 2019, the developer of Coggon Solar began public outreach related to an application for a 640-acre, 100-MW solar project in Linn County.",pending,none,pending,yes,litigation,Linn County,,2023,100,640,"Beginning in 2019, the developer of Coggon Solar began public outreach related to an application for a 640-acre, 100-MW solar project in Linn County. After residents voiced opposition to taking farmland out of commission, the Planning & Zoning Commission voted to recommend that the County Board of Supervisors deny the project. In January 2022, the Board voted 2-1 to approve the project. However, a family who lives near the proposed project brought a lawsuit against the board of supervisors, and, in July 2022, the Iowa Utilities Board denied Coggon Solar’s request for a certificate while the lawsuit was ongoing. On or before February 1, 2023, the court dismissed the lawsuit against the board of supervisors, paving the way for the project to move forward.",S26P-3938,"Sabin Center, Opposition to Renewable Energy Facilities in the United States (Sept. 2026 ed.), via data/renewable_opposition_records_2026-09.csv",https://scholarship.law.columbia.edu/sabin_climate_change/280/,Sabin 2026 entry 3938; litigation venue: State,,,2026-09,in_latest_edition,,,,,src_731207f65d0f,sabin:S26P-3938,report_citation,unverified,19113,19113,name,strong,eia:68939:under_construction,Coggon Solar LLC,under_construction,100,2027,42.29059,-91.57266,"EIA-860M August 2026: plant ID 68939 'Coggon Solar LLC' (IA, Linn County, entity Clenera DevCo LLC, solar, 100 MW), under construction, expected 12/2027. Status (U) Under construction, less than or equal to 50 percent complete. Matched on name and county and capacity. The inventory records the plant's status only; it says nothing about the opposition or its effect.","outcome pending, but the plant is under construction",,,,
con_e2cc59f0e7,IA,Duane Arnold Solar Projects I and II,solar,3,"In 2022, Palo-area residents filed a lawsuit opposing the rezoning of land for two industrial-scale solar projects, claiming that the Linn County Board of Supervisors failed to follow county land-use policies and relied on illegal spot zoning to permit a renewable energy project near the decommissioned Duane Arnold nuclear plant.",pending,none,pending,yes,litigation,Linn County,,2023,,,"In 2022, Palo-area residents filed a lawsuit opposing the rezoning of land for two industrial-scale solar projects, claiming that the Linn County Board of Supervisors failed to follow county land-use policies and relied on illegal spot zoning to permit a renewable energy project near the decommissioned Duane Arnold nuclear plant. A judge denied the claims in July 2023, pointing to the fact that the town’s Comprehensive Plan promotes the “protection and enhancement of the health and safety of all Linn County residents through the use of renewable energy.”",S26P-3939,"Sabin Center, Opposition to Renewable Energy Facilities in the United States (Sept. 2026 ed.), via data/renewable_opposition_records_2026-09.csv",https://scholarship.law.columbia.edu/sabin_climate_change/280/,Sabin 2026 entry 3939; litigation venue: State,,,2026-09,in_latest_edition,,,,,src_731207f65d0f,sabin:S26P-3939,report_citation,unverified,19113,19113,name,strong,uspvdb:406463,Duane Arnold Solar I (50 MW),operating,50,2024,42.1083,-91.7906,"USPVDB v4.0 (2026-04-14): entry 406463 'Duane Arnold Solar I (50 MW)' (IA, Linn County, solar, 50 MW), operating, since 2024. Matched on name and county. The inventory records the plant's status only; it says nothing about the opposition or its effect.","outcome pending, but the plant is operating",,,,
con_80f44f0995,IA,Fairbank Wind Farm,wind,4,A 3-turbine wind farm that was approved in 2015 and then constructed was taken down in 2018 following a successful legal challenge by residents.,blocked_unverified,outcome_label_only,cancelled,yes,litigation,Fayette County,,2018,,,"A 3-turbine wind farm that was approved in 2015 and then constructed was taken down in 2018 following a successful legal challenge by residents. On appeal, the Court of Appeals of Iowa affirmed the judgment of the Iowa District Court for Fayette County that wind turbines were not “electrical and natural gas transmission and regulating facilities” within the meaning of the relevant county ordinance and thus a special permit was required for them to be placed on agricultural land.",S26P-3940,"Sabin Center, Opposition to Renewable Energy Facilities in the United States (Sept. 2026 ed.), via data/renewable_opposition_records_2026-09.csv",https://scholarship.law.columbia.edu/sabin_climate_change/280/,Sabin 2026 entry 3940; litigation venue: State; cancelled 2018,,,2026-09,in_latest_edition,,,,,src_731207f65d0f,sabin:S26P-3940,report_citation,unverified,19065,19065,name,,,,,,,,,,,,,,
con_c3a789b368,IA,Mason Wind Project,wind,4,"In August 2015, the Black Hawk County Board of Adjustment unanimously voted to deny a special permit and setback variance for Optimum Renewables’ proposed 3-turbine, 6-MW wind energy project.",blocked_unverified,outcome_label_only,cancelled,yes,litigation,Black Hawk County; Humboldt County; Fayette County,,2018,6,,"In August 2015, the Black Hawk County Board of Adjustment unanimously voted to deny a special permit and setback variance for Optimum Renewables’ proposed 3-turbine, 6-MW wind energy project. The decision effectively ended plans for the project in Black Hawk County, which would have been the county’s first wind farm. Roughly fifty project opponents attended the board’s meeting and expressed concerns about potential impacts to wildlife, livestock, property values, and human health. Optimum then sought to build the project in the neighboring Buchanan County. The project also met local opposition in Buchanan County, where residents expressed concerns about the project’s potential impacts to local livelihoods and voiced skepticism about promises made by project advocates. In August 2015, the Buchanan County Planning and Zoning Commission denied a rezoning application that would have allowed Optimum Renewables to build a wind farm in the county. The project was finally built in Fayette County in 2016. Opposition continued from Fayette residents, including the group Fairbank Citizens Against Industrial Wind Turbines Near Our City, who claimed that the project violated county zoning laws. In November 2016, an Iowa judge held that the project was illegal and void due to zoning violations, issuing an order requiring its removal. In May 2018, the Iowa Supreme Court declined to hear an appeal of the decision, effectively ending the project.",S26P-3941,"Sabin Center, Opposition to Renewable Energy Facilities in the United States (Sept. 2026 ed.), via data/renewable_opposition_records_2026-09.csv",https://scholarship.law.columbia.edu/sabin_climate_change/280/,"Sabin 2026 entry 3941; litigation venue: State; cancelled 2018; title names Black Hawk, Buchanan, and Fayette Counties, county columns name Black Hawk County, Humboldt County, Fayette County",,,2026-09,in_latest_edition,,,,,src_731207f65d0f,sabin:S26P-3941,report_citation,unverified,,19013;19091;19065,names,strong,uswtdb:IA:69686b405b,Mason Wind LLC Fairbank,operating,6,2017,42.64771,-92.019,"USWTDB v9.1 (2026-09-28): entry 69686b405b 'Mason Wind LLC Fairbank' (IA, Fayette County, wind, 6 MW), operating, since 2017. Matched on part of the name and county and capacity. The inventory records the plant's status only; it says nothing about the opposition or its effect.","outcome blocked_unverified, but the plant is operating",,,,
con_8219e87432,IA,Red Rock Wind Energy Center,wind,2,"In October 2023, the Dickinson County Board of Adjustment denied Invenergy a permit to proceed with a proposed 79-turbine wind farm in Dickinson County.",pending,none,pending,no,,Dickinson County,,2024,300,,"In October 2023, the Dickinson County Board of Adjustment denied Invenergy a permit to proceed with a proposed 79-turbine wind farm in Dickinson County. The project will have a total capacity of 300 MW, including two additional phases in Emmet and Clay Counties (see entry on Emmet County). The Board’s 3-day hearing gathered input from those in favor of and opposed to the project, including members of Dickinson County Concerned Citizens, an organization staunchly opposed to the Redrock Wind Energy Center. In April 2024, the developer met with the county to discuss a proposal for a pared down version of the project. In May 2025, after three days of public hearings, the Dickinson County Board of Adjustment voted unanimously to approve the conditional use permit for a revised version of the proposal with 64 wind turbines.",S26P-3942,"Sabin Center, Opposition to Renewable Energy Facilities in the United States (Sept. 2026 ed.), via data/renewable_opposition_records_2026-09.csv",https://scholarship.law.columbia.edu/sabin_climate_change/280/,Sabin 2026 entry 3942,,,2026-09,in_latest_edition,,,,,src_731207f65d0f,sabin:S26P-3942,report_citation,unverified,19059,19059,name,,,,,,,,,,,,,,
con_a2bdfa9563,IA,Red Rock Wind Energy Center,wind,3,"In 2024, Invenergy proposed the Red Rock Wind Energy Center with a total capacity of 300 MW, two be developed in phases on property in Emmet, Dickinson, Clay Counties (see entry on Dickinson County).",pending,none,pending,yes,litigation,Emmet County,,2025,300,,"In 2024, Invenergy proposed the Red Rock Wind Energy Center with a total capacity of 300 MW, two be developed in phases on property in Emmet, Dickinson, Clay Counties (see entry on Dickinson County). In October 2024, the Emmet County Board of Adjustment denied a conditional use permit for the phase of the project in Emmet County. In December 2024, the developer filed a lawsuit against the Board of Adjustment alleging that the denial was in bad faith as the project proposal was not subject to the 2024 moratorium halting the issuance of conditional use permits for wind projects that the county adopted within days of its application. The developer asserts that its permit application complies with the requirements of the 2011 ordinance regulating wind projects in the county. As of November 2025, the developer and the Emmet County Board of Supervisors were negotiating a settlement agreement to resolve the pending lawsuit and approve the conditional use permit for the project, subject to the terms and conditions in the agreement.",S26P-4394,"Sabin Center, Opposition to Renewable Energy Facilities in the United States (Sept. 2026 ed.), via data/renewable_opposition_records_2026-09.csv",https://scholarship.law.columbia.edu/sabin_climate_change/280/,Sabin 2026 entry 4394; litigation venue: State,,,2026-09,in_latest_edition,,,,,src_731207f65d0f,sabin:S26P-4394,report_citation,unverified,19063,19063,name,,,,,,,,,,,,,,
con_8b55fa65cb,IA,Salt Creek Wind,wind,3,"In August 2022, a local resident involved with Tama County Against Turbines Coalition filed a petition for declaratory judgment that the conditional use permits issued by the Tama County Board of Adjustment to Salt Creek Wind were illegal.",needs_review,none,unknown,yes,litigation,Tama County,,2023,,,"In August 2022, a local resident involved with Tama County Against Turbines Coalition filed a petition for declaratory judgment that the conditional use permits issued by the Tama County Board of Adjustment to Salt Creek Wind were illegal. Two months earlier, in June 2022, another member of the same group filed a lawsuit against the board for failing to vote on a moratorium on wind energy and for readopting the existing wind ordinance without following proper procedures. The June 2022 case was dismissed in October 2022. At a public meeting in December 2022, several residents urged the board to adopt a 6-month or 12-month moratorium. In April 2023, Salt Creek Wind, LLC sued Tama County Against Turbines and several of its individual members, claiming that the group had “chastised and bullied the [Board of] Supervisors [to] issue a moratorium on wind energy projects” and had “filed frivolous lawsuits . . . to frustrate . . . contracts between Salt Creek and the local landowners.” Also in April 2023, Southern Natural Resources, LLC (SNR) sued Salt Creek Wind, LLC and associated companies, alleging that the development was in violation of SNR’s exclusive development rights in the area and that the project misappropriated proprietary and trade secret information.",S26P-3943,"Sabin Center, Opposition to Renewable Energy Facilities in the United States (Sept. 2026 ed.), via data/renewable_opposition_records_2026-09.csv",https://scholarship.law.columbia.edu/sabin_climate_change/280/,Sabin 2026 entry 3943; litigation venue: State,,,2026-09,in_latest_edition,,,,,src_731207f65d0f,sabin:S26P-3943,report_citation,unverified,19171,19171,name,strong,eia:69327:operating;uswtdb:IA:69327,Salt Creek Wind,operating,169.4,2025,42.1647,-92.51132,"EIA-860M August 2026: plant ID 69327 'Salt Creek Wind' (IA, Tama County, entity Salt Creek Wind, LLC, wind, 169.4 MW), operating, since 12/2025. Status (OP) Operating. USWTDB v9.1 (2026-09-28): entry 69327 'Salt Creek Wind I' (IA, Tama County, wind, 170 MW), operating, since 2025. Matched on name and county. The inventory records the plant's status only; it says nothing about the opposition or its effect.","outcome needs_review, but the plant is operating",,,,
con_1f19bb7461,IA,Shenandoah Hills Wind Project,wind,3,"In August 2022, the Page County Board of Supervisors approved the 200-MW Shenandoah Hills Wind Farm after 6 months of opposition from residents, who raised concerns about setbacks, noise, lighting, and decommissioning agreements.",advanced_unverified,outcome_label_only,operational,yes,litigation,Page County,,2025,200,,"In August 2022, the Page County Board of Supervisors approved the 200-MW Shenandoah Hills Wind Farm after 6 months of opposition from residents, who raised concerns about setbacks, noise, lighting, and decommissioning agreements. Just over a month after the approval, residents opposed to the project filed a lawsuit against the county and board in state court, which was later removed to federal court. In February 2023, after the developer, Invenergy, informed the Board of Supervisors that it would be removing 3 turbines from the plan, the Page County Zoning Administrator informed the developer that this was a “material change,” which rendered the application “void” and revoked the permit. The developer appealed the Zoning Administrator’s decision to the Page County Board of Adjustment. In March 2023, the Board of Adjustment upheld the revocation of the permit. A week later, the developer filed a lawsuit against the County officials in federal court challenging the revocation. In May 2024, the federal court denied the residents’ state claims which had been rendered moot at the time the permit was revoked. In November 2024, in a 2-1 vote, the Board of Supervisors approved a resolution to enter into a settlement agreement resolving the pending litigation and allowing the developer to proceed with construction of the project. In November 2025, construction of the project was completed, and the facility began operating with a total of 54 wind turbines and a generating capacity of 214 MW.",S26P-3944,"Sabin Center, Opposition to Renewable Energy Facilities in the United States (Sept. 2026 ed.), via data/renewable_opposition_records_2026-09.csv",https://scholarship.law.columbia.edu/sabin_climate_change/280/,"Sabin 2026 entry 3944; litigation venue: Federal, State",,,2026-09,in_latest_edition,,,,,src_731207f65d0f,sabin:S26P-3944,report_citation,unverified,19145,19145,name,strong,eia:68872:operating;uswtdb:IA:68872,Shenandoah Hills Wind Farm,operating,214.3,2025,40.63411,-95.3707,"EIA-860M August 2026: plant ID 68872 'Shenandoah Hills Wind Farm' (IA, Page County, entity MidAmerican Energy Co, wind, 214.3 MW), operating, since 12/2025. Status (OP) Operating. USWTDB v9.1 (2026-09-28): entry 68872 'Shenandoah Hills Wind' (IA, Fremont County, wind, 214.8 MW), operating, since 2025. Matched on name and county and capacity. The inventory records the plant's status only; it says nothing about the opposition or its effect.",,,,,
con_a08570ca0a,IA,Silver Creek Wind Farm,wind,2,"Local residents have expressed opposition to MidAmerican’s proposal to construct a 400-MW, 140-turbine wind farm in northern Mills and southern Pottawattamie counties.",pending,none,pending,no,,Mills County; Pottawattamie County,,2023,400,,"Local residents have expressed opposition to MidAmerican’s proposal to construct a 400-MW, 140-turbine wind farm in northern Mills and southern Pottawattamie counties. As of February 8, 2023, over 1,100 people had joined a private Facebook group called “Say NO to the Silver Creek Wind Farm.”",S26P-3945,"Sabin Center, Opposition to Renewable Energy Facilities in the United States (Sept. 2026 ed.), via data/renewable_opposition_records_2026-09.csv",https://scholarship.law.columbia.edu/sabin_climate_change/280/,Sabin 2026 entry 3945,,,2026-09,in_latest_edition,,,,,src_731207f65d0f,sabin:S26P-3945,report_citation,unverified,,19129;19155,names,,,,,,,,,,,,,,
con_b36104b40d,IA,Siouxland Wind Farm,wind,2,"The viability of MidAmerican Energy’s plans to construct the 90-turbine Siouxland Wind Farm is in doubt due to Woodbury County’s adoption of an ordinance in August 2022 that increased the setback distance from wind turbines to occupied residences from 1,250 feet to 2,500 feet.",pending,none,pending,no,,Woodbury County,,2022,,,"The viability of MidAmerican Energy’s plans to construct the 90-turbine Siouxland Wind Farm is in doubt due to Woodbury County’s adoption of an ordinance in August 2022 that increased the setback distance from wind turbines to occupied residences from 1,250 feet to 2,500 feet. As described above, the ordinance reduced the buildable acres in the county from 177 to 1.7. Opponents of the project cited noise and visual impacts, and over 700 residents signed a petition to increase the setback distance. Opponents of the project are seeking further changes to the ordinances regulating wind turbines, up to and including a ban on wind farms, and have stated that “[MidAmerican] just need[s] to pack up and go somewhere else where it’s more suitable.” MidAmerican is still looking to move forward with this project despite heavy resistance and ordinance changes.",S26P-3946,"Sabin Center, Opposition to Renewable Energy Facilities in the United States (Sept. 2026 ed.), via data/renewable_opposition_records_2026-09.csv",https://scholarship.law.columbia.edu/sabin_climate_change/280/,Sabin 2026 entry 3946,,,2026-09,in_latest_edition,,,,,src_731207f65d0f,sabin:S26P-3946,report_citation,unverified,19193,19193,name,,,,,,,,,,,,,,
con_0f2095738e,IA,Waterworks Prairie Park Solar Project,solar,4,"In April 2020, the City Council of Iowa City unanimously voted against a lease agreement with MidAmerican for a solar project in Waterworks Prairie Park due to concern among local residents about the potential damage to the prairie ecosystem.",blocked_unverified,outcome_label_only,cancelled,no,,Johnson County,,2020,,,"In April 2020, the City Council of Iowa City unanimously voted against a lease agreement with MidAmerican for a solar project in Waterworks Prairie Park due to concern among local residents about the potential damage to the prairie ecosystem.",S26P-3947,"Sabin Center, Opposition to Renewable Energy Facilities in the United States (Sept. 2026 ed.), via data/renewable_opposition_records_2026-09.csv",https://scholarship.law.columbia.edu/sabin_climate_change/280/,Sabin 2026 entry 3947; cancelled 2020,,,2026-09,in_latest_edition,,,,,src_731207f65d0f,sabin:S26P-3947,report_citation,unverified,19103,19103,name,,,,,,,,,,,,,,
con_8f0bd40d9a,ID,Blue Ribbon Energy Project,wind,3,"In 2010, Blue Ribbon Energy applied for a permit to construct 27 wind turbines near Goshen, Idaho.",needs_review,none,unknown,yes,litigation,Bingham County,,2012,,,"In 2010, Blue Ribbon Energy applied for a permit to construct 27 wind turbines near Goshen, Idaho. The Bingham County Planning and Zoning Commission denied the request, citing a lack of sufficient information on the turbines’ proximity to residences. The developer appealed to the Bingham County commissioners, who reversed the denial and granted approval. However, a second phase of the project was rejected in 2012, due to concerns over property values, as well as the purported health and safety risks of wind energy.",S26P-3948,"Sabin Center, Opposition to Renewable Energy Facilities in the United States (Sept. 2026 ed.), via data/renewable_opposition_records_2026-09.csv",https://scholarship.law.columbia.edu/sabin_climate_change/280/,"Sabin 2026 entry 3948; litigation venue: Administrative; title names Binham County, county columns name Bingham County",,,2026-09,in_latest_edition,,,,,src_731207f65d0f,sabin:S26P-3948,report_citation,unverified,16011,16011,name,,,,,,,,,,,,,,
con_f55029c6e6,ID,Harmon Solar Project,solar,2,"Balanced Rock Power’s planned 300-MW, 2,400-acre solar farm is on pause after the Bannock County Public Commission voted to ban large-scale solar developments.",pending,none,pending,no,,Bannock County,,2024,300,2400,"Balanced Rock Power’s planned 300-MW, 2,400-acre solar farm is on pause after the Bannock County Public Commission voted to ban large-scale solar developments. Residents had opposed the Harmon Solar Project and other projects, citing concerns that solar and wind farm developments would negatively impact local wildlife, as well as the natural beauty and the safety of the Marsh Valley.",S26P-3949,"Sabin Center, Opposition to Renewable Energy Facilities in the United States (Sept. 2026 ed.), via data/renewable_opposition_records_2026-09.csv",https://scholarship.law.columbia.edu/sabin_climate_change/280/,Sabin 2026 entry 3949,,,2026-09,in_latest_edition,,,,,src_731207f65d0f,sabin:S26P-3949,report_citation,unverified,16005,16005,name,,,,,,,,,,,,,,
con_78c16d08e1,ID,Lava Ridge Wind Energy Project,wind,2,"The proposed Lava Ridge Wind Energy Project would be the largest wind farm in Idaho, with 400 turbines up to 740 feet tall producing 1,000 MW of electricity on federal land.",pending,none,pending,no,,Jerome County; Lincoln County; Minidoka County,,2025,1000,,"The proposed Lava Ridge Wind Energy Project would be the largest wind farm in Idaho, with 400 turbines up to 740 feet tall producing 1,000 MW of electricity on federal land. However, it has encountered opposition due to its size and proximity to the Minidoka National Historic Site where 13,000 Japanese Americans were imprisoned during the 1940s. In May 2022, the National Trust for Historic Preservation named the Minidoka National Historic Site as one of the eleven most endangered historic places in the country due to the proposed wind farm, which would be visible from the visitor center. In July and August 2022, all three counties in which the project would be located passed resolutions against it. On January 20, 2023, BLM released a draft environmental impact statement in which BLM stated that its two preferred alternatives would consist of a reduced number of turbines (269 or 378 turbines rather than the 400 turbines the developer is seeking to construct), due to concerns raised in the review process. In March 2023, the Idaho House and Idaho Senate each adopted unanimous resolutions opposing the project. In April 2023, the commissioners of the following Idaho counties signed a joint resolution against the project: Cassia, Gooding, Jerome, Lincoln, Minidoka, Washington, and Twin Falls. In August 2023, BLM announced that the lands for the proposed project would be kept open for two more years to allow BLM time to determine if it will authorize the project. In October 2023, an Idaho Congressman introduced a bill to prevent the Secretary of Interior from approving a wind or solar project over state legislative disapproval, which would have the effect of blocking the Lava Ridge project. In December 2024, the Bureau of Land Management issued a record of decision approving the project. [Note: In a presidential memorandum issued on January 20, 2025, President Trump imposed a stop-work order on the project, effectively preventing the project from moving forward.]",S26P-3950,"Sabin Center, Opposition to Renewable Energy Facilities in the United States (Sept. 2026 ed.), via data/renewable_opposition_records_2026-09.csv",https://scholarship.law.columbia.edu/sabin_climate_change/280/,Sabin 2026 entry 3950,,,2026-09,in_latest_edition,,,,,src_731207f65d0f,sabin:S26P-3950,report_citation,unverified,,16053;16063;16067,names,,,,,,,,,,,,,,
con_01c7bb138b,ID,Powers Butte Energy Center Solar Project,solar,4,"In July 2024, the Ada County Board of Commissioners unanimously denied the Powers Butte Energy Center, a 2,385-acre, 250-MW solar farm proposed by a subsidiary of Savion.",blocked_unverified,outcome_label_only,cancelled,no,,Ada County; Canyon County,,2024,250,2385,"In July 2024, the Ada County Board of Commissioners unanimously denied the Powers Butte Energy Center, a 2,385-acre, 250-MW solar farm proposed by a subsidiary of Savion. Residents testifying at the public hearing expressed concerns about disruptions to the community’s rural character and about impacts to agriculture, health, and property values. Residents also formed an organization called Idaho Against Industrial-Scale Solar to fight against the project.",S26P-3951,"Sabin Center, Opposition to Renewable Energy Facilities in the United States (Sept. 2026 ed.), via data/renewable_opposition_records_2026-09.csv",https://scholarship.law.columbia.edu/sabin_climate_change/280/,Sabin 2026 entry 3951; cancelled 2024,,,2026-09,in_latest_edition,,,,,src_731207f65d0f,sabin:S26P-3951,report_citation,unverified,,16001;16027,names,,,,,,,,,,,,,,
con_e7f07ecd73,ID,Ridgeline Wind Energy Project,wind,4,"In 2010, Ridgeline Energy was denied a permit by the Bonneville County Planning and Zoning Commission to construct a 135-MW wind farm on 10,000 acres outside of Idaho Falls.",blocked_unverified,outcome_label_only,cancelled,no,,Bonneville County,City of Idaho Falls,2010,135,10000,"In 2010, Ridgeline Energy was denied a permit by the Bonneville County Planning and Zoning Commission to construct a 135-MW wind farm on 10,000 acres outside of Idaho Falls. The Commission cited fears of impeding residential growth, losing future property tax revenue from residential development, blocking views, and possible impacts to a wildlife management area as reasons for the denial.",S26P-3952,"Sabin Center, Opposition to Renewable Energy Facilities in the United States (Sept. 2026 ed.), via data/renewable_opposition_records_2026-09.csv",https://scholarship.law.columbia.edu/sabin_climate_change/280/,Sabin 2026 entry 3952; cancelled 2010,,,2026-09,in_latest_edition,,,,,src_731207f65d0f,sabin:S26P-3952,report_citation,unverified,16019,16019,name,,,,,,,,,,,,,,
con_6a4ce30639,IL,Alexis Solar Project,solar,1,"Mercer County residents have expressed opposition to a 380-acre solar farm that Birch Creek Energy has proposed for Alexis, Illinois.",advanced_confirmed,resolution: https://www.eia.gov/electricity/data/eia860m/,cancelled,no,local_residents,Mercer County,Village of Alexis,2023,,380,"Mercer County residents have expressed opposition to a 380-acre solar farm that Birch Creek Energy has proposed for Alexis, Illinois. At an October 2023 meeting with the Mercer County Zoning Board, some residents expressed concerns about loss of farmland. Local opposition also focused on concerns about noise and environmental impacts, including impacts to endangered species. The Mercer County Zoning Board denied Birch Creek’s conditional use permit application in November 2023.",REC-0084,"Sabin Center, Opposition to Renewable Energy Facilities in the United States (Sept. 2026 ed.), via data/renewable_opposition_records_2026-09.csv",https://scholarship.law.columbia.edu/sabin_climate_change/280/,Sabin 2026 entry 3953; cancelled 2023; opposition_type carried from the 2025 edition,,,2026-09,in_latest_edition,con_6a4ce30639,,,,src_731207f65d0f,sabin:REC-0084,confirmed,verified,17131,17131,name,,,,,,,,,,,https://www.eia.gov/electricity/data/eia860m/,opened,,2026-08
con_37179879f8,IL,Alta Wind Farm,wind,3,The Alta Wind Farm was approved in July 2020 by the DeWitt County Board despite local opposition.,advanced_confirmed,court_ruling: Alta Farms Wind Project II v. DeWitt County,operational,yes,litigation,De Witt County,,2023,200,,"The Alta Wind Farm was approved in July 2020 by the DeWitt County Board despite local opposition. The 200-MW project had been proposed nearly 10 years before. In October 2020, opponents filed two separate lawsuits to stop the project but dropped both of those lawsuits in March 2021. In July 2021, the DeWitt County Board approved a motion preventing the issuance of new building permits to Enel Green Power for the Alta Wind Farm until the company could prove that its turbines could be curtailed during severe weather events. An Illinois judge then issued a mandamus order holding that the Dewitt County Board lacked legal authority to halt the issuance of building permits. The wind farm proceeded to operation in June 2023.",REC-0085,"Sabin Center, Opposition to Renewable Energy Facilities in the United States (Sept. 2026 ed.), via data/renewable_opposition_records_2026-09.csv",https://scholarship.law.columbia.edu/sabin_climate_change/280/,"Sabin 2026 entry 3954; litigation venue: State; title names DeWitt County, county columns name De Witt County",,,2026-09,in_latest_edition,con_37179879f8,,,,src_731207f65d0f,sabin:REC-0085,confirmed,verified,17039,17039,name,strong,eia:64088:operating;uswtdb:IL:64088,"Alta Farms II Wind Project, LLC",operating,200.5,2023,40.1972,-89.06766,"EIA-860M August 2026: plant ID 64088 'Alta Farms II Wind Project, LLC' (IL, DeWitt County, entity Alta Farms II Wind Project, LLC, wind, 200.5 MW), operating, since 5/2023. Status (OP) Operating. USWTDB v9.1 (2026-09-28): entry 64088 'Alta Farms II' (IL, De Witt County, wind, 200.5 MW), operating, since 2023. Matched on name and county and capacity. The inventory records the plant's status only; it says nothing about the opposition or its effect.",,,,,
con_1d4bec677d,IL,Amp Solar’s Pratt Road Solar Garden,solar,2,"On May 1, 2023, the Sandwich City Council issued a resolution asking the DeKalb County Board to reject plans for a 5-MW, 76-acre solar farm on the periphery of the city.",pending,none,pending,no,,DeKalb County,,2023,5,76,"On May 1, 2023, the Sandwich City Council issued a resolution asking the DeKalb County Board to reject plans for a 5-MW, 76-acre solar farm on the periphery of the city. The resolution stated that the project, if approved, would unduly constrain the city’s growth.",S26P-3955,"Sabin Center, Opposition to Renewable Energy Facilities in the United States (Sept. 2026 ed.), via data/renewable_opposition_records_2026-09.csv",https://scholarship.law.columbia.edu/sabin_climate_change/280/,Sabin 2026 entry 3955,,,2026-09,in_latest_edition,,,,,src_731207f65d0f,sabin:S26P-3955,report_citation,unverified,17037,17037,name,,,,,,,,,,,,,,
con_56411945d9,IL,Belvidere Solar,solar,2,"In January 2025, SunCode LLC proposed the 25.2-MW Belvidere Solar project to be located on approximately 120 acres in Caledonia Township.",pending,none,pending,no,,Boone County,,2025,25.2,120,"In January 2025, SunCode LLC proposed the 25.2-MW Belvidere Solar project to be located on approximately 120 acres in Caledonia Township. In May 2025, the Boone County Zoning Board of Appeals (ZBA) recommended approval of a special use permit for the project, subject to 19 conditions. In July 2025, the Boone County Administration Committee held a public meeting at which several local residents raised concerns over the project’s impact on property value, loss of agricultural land, and visual impacts. The opponents asked for stronger assurances about setbacks, screening, and decommissioning bonds before approval. The Committee recommended denial of the proposal and submitted it to the Boone County Board for a final decision. On July 31, 2025, the Board, in an 8-2 vote, approved the special use permit in accordance with the ZBA recommendation. The developer agreed to donate $50,000 to the local fire department in addition to a previous commitment of investing $100,000 to preserve local farmland.",S26P-4392,"Sabin Center, Opposition to Renewable Energy Facilities in the United States (Sept. 2026 ed.), via data/renewable_opposition_records_2026-09.csv",https://scholarship.law.columbia.edu/sabin_climate_change/280/,Sabin 2026 entry 4392,,,2026-09,in_latest_edition,,,,,src_731207f65d0f,sabin:S26P-4392,report_citation,unverified,17007,17007,name,,,,,,,,,,,,,,
con_852d6e000e,IL,Bundleflower Solar LLC,solar,4,"In February 2023, the City of Pontiac Planning and Zoning Board denied the application of Bundleflower Solar LLP for a rezoning, special-use permit, and variance in order to install a solar farm.",blocked_unverified,outcome_label_only,cancelled,no,,Livingston County,City of Pontiac,2023,,,"In February 2023, the City of Pontiac Planning and Zoning Board denied the application of Bundleflower Solar LLP for a rezoning, special-use permit, and variance in order to install a solar farm. The applicant had requested to decrease the 1,500-foot setback requirement to a 100-foot setback to enable the construction of a 5,568-panel project. Soon after the Board’s decision, Bundleflower withdrew its application for the solar farm.",S26P-3956,"Sabin Center, Opposition to Renewable Energy Facilities in the United States (Sept. 2026 ed.), via data/renewable_opposition_records_2026-09.csv",https://scholarship.law.columbia.edu/sabin_climate_change/280/,Sabin 2026 entry 3956; cancelled 2023,,,2026-09,in_latest_edition,,,,,src_731207f65d0f,sabin:S26P-3956,report_citation,unverified,17105,17105,name,,,,,,,,,,,,,,
con_f586701f99,IL,Ford Ridge Wind Farm,wind,2,"In March 2021, the Ford Ridge Wind Farm received the necessary building permit from Ford County 12 years after approval of the special use permit for the site.",pending,none,pending,no,,Ford County,,2021,,,"In March 2021, the Ford Ridge Wind Farm received the necessary building permit from Ford County 12 years after approval of the special use permit for the site. The project was held up for years due to the Ford County wind moratorium described above.",S26P-3957,"Sabin Center, Opposition to Renewable Energy Facilities in the United States (Sept. 2026 ed.), via data/renewable_opposition_records_2026-09.csv",https://scholarship.law.columbia.edu/sabin_climate_change/280/,Sabin 2026 entry 3957,,,2026-09,in_latest_edition,,,,,src_731207f65d0f,sabin:S26P-3957,report_citation,unverified,17053,17053,name,strong,uswtdb:IL:65350,Ford Ridge,operating,120.4,2022,40.56032,-88.3555,"USWTDB v9.1 (2026-09-28): entry 65350 'Ford Ridge' (IL, Ford County, wind, 120.4 MW), operating, since 2022. Matched on name and county. The inventory records the plant's status only; it says nothing about the opposition or its effect.","outcome pending, but the plant is operating",,,,
con_840276bc68,IL,Goose Creek Wind Project / Prosperity Wind Farm,wind,2,"On February 3, 2023, the Piatt County Zoning Board of Appeals voted against recommending a zoning permit for Apex Clean Energy’s 300-MW, 50-turbine Goose Creek wind project.",pending,none,pending,no,,Piatt County,,2023,300,,"On February 3, 2023, the Piatt County Zoning Board of Appeals voted against recommending a zoning permit for Apex Clean Energy’s 300-MW, 50-turbine Goose Creek wind project. This followed 14 nights of hearings in November and December. Opponents of the project emphasized health issues, shadow flicker, the loss of farmland, and the lack of need for additional energy in the community. In October 2023, citing intervening changes in Illinois law, the Piatt County Board approved the project, which, by then, had been renamed Prosperity Wind Farm.",S26P-3958,"Sabin Center, Opposition to Renewable Energy Facilities in the United States (Sept. 2026 ed.), via data/renewable_opposition_records_2026-09.csv",https://scholarship.law.columbia.edu/sabin_climate_change/280/,Sabin 2026 entry 3958,,,2026-09,in_latest_edition,,,,,src_731207f65d0f,sabin:S26P-3958,report_citation,unverified,17147,17147,name,strong,eia:68193:operating;uswtdb:IL:68193,Prosperity Wind,operating,300,2025,40.18788,-88.58944,"EIA-860M August 2026: plant ID 68193 'Prosperity Wind' (IL, Piatt County, entity Prosperity Wind, LLC, wind, 300 MW), operating, since 1/2025. Status (OP) Operating. USWTDB v9.1 (2026-09-28): entry 68193 'Prosperity Wind (Goose Creek)' (IL, Piatt County, wind, 300 MW), operating, since 2025. Matched on part of the name and county and capacity. The inventory records the plant's status only; it says nothing about the opposition or its effect.","outcome pending, but the plant is operating",,,,
con_3b25daf340,IL,Grain Belt Express,transmission,3,"In 2015, Clean Line Energy proposed a project to build 207 miles of a high-voltage direct current (HVDC) power line between the Mississippi River and Indiana border to transmit clean energy.",pending,none,pending,yes,litigation,Christian County; Clark County; Cumberland County; Greene County; Macoupin County; Montgomery County; Pike County; Scott County; Shelby County,,2024,,,"In 2015, Clean Line Energy proposed a project to build 207 miles of a high-voltage direct current (HVDC) power line between the Mississippi River and Indiana border to transmit clean energy. The Illinois Commerce Commission (ICC) first approved it in 2015. Landowner and agriculture groups called Concerned Citizens and Property Owners, Illinois Agricultural Association, and Landowners Alliance of Central Illinois challenged the approval in state court, and, in 2018, an Illinois appellate court overturned the approval on the grounds that regulators improperly allowed the company to use an expedited review process. The project was eventually taken over in 2020 by Invenergy, but the previous court order still prevented the project from going forward. In 2022, Gov. J.B. Pritzker signed the Climate and Equitable Jobs Act, which enabled construction to proceed despite the court’s ruling. The ICC approved the project for the second time in March 2023, allowing Invenergy to start building the HVDC power line. In August 2023, an Illinois appellate court enacted a stay on implementation of the March 2023 order to decide the project’s constitutionality. In September 2023, the court lifted the stay allowing the developer to continue with planning while the appeal moves forward. In August 2024, the Illinois appellate court reversed the ICC’s March 2023 approval of the project, citing issues with the financing of the project. In November 2024, the state’s Supreme Court granted leave to hear the appeal of the appellate court’s ruling. On July 23, 2025 the U.S. Department of Energy announced the cancellation of a $4.9 billion conditional federal loan guarantee for phase one of the project from Ford County, Kansas to Callaway County, Missouri. In January 2026, the Illinois Supreme Court decided the pending appeal and ruled in favor of the developer, allowing the company to move forward with construction of the project.",S26P-3959,"Sabin Center, Opposition to Renewable Energy Facilities in the United States (Sept. 2026 ed.), via data/renewable_opposition_records_2026-09.csv",https://scholarship.law.columbia.edu/sabin_climate_change/280/,Sabin 2026 entry 3959; litigation venue: State,,,2026-09,in_latest_edition,,,,,src_731207f65d0f,sabin:S26P-3959,report_citation,unverified,,17021;17023;17035;17061;17117;17135;17149;17171;17173,names,,,,,,,,,,,,,,
con_17d7add686,IL,Harvest Ridge Wind Farm,wind,1,"In June 2018, residents of Newman Township voted 86-57 in favor of enacting a zoning ordinance to block the proposed 200-MW Harvest Ridge Wind Farm.",advanced_unverified,outcome_label_only,operational,no,,Douglas County,,2020,200,,"In June 2018, residents of Newman Township voted 86-57 in favor of enacting a zoning ordinance to block the proposed 200-MW Harvest Ridge Wind Farm. The Douglas County Board, however, approved the project.  In July 2020, the project was completed.",S26P-3960,"Sabin Center, Opposition to Renewable Energy Facilities in the United States (Sept. 2026 ed.), via data/renewable_opposition_records_2026-09.csv",https://scholarship.law.columbia.edu/sabin_climate_change/280/,Sabin 2026 entry 3960,,,2026-09,in_latest_edition,,,,,src_731207f65d0f,sabin:S26P-3960,report_citation,unverified,17041,17041,name,strong,eia:61161:operating,Harvest Ridge Wind Farm,operating,202,2020,39.83188,-88.0723,"EIA-860M August 2026: plant ID 61161 'Harvest Ridge Wind Farm' (IL, Douglas County, entity Harvest Ridge Wind Farm, wind, 202 MW), operating, since 7/2020. Status (OP) Operating. Matched on name and county and capacity. The inventory records the plant's status only; it says nothing about the opposition or its effect.",,,,,
con_b0dc065663,IL,HillTopper Wind Farm,wind,1,"Considerable opposition to the construction of a 7,600-acre, 200-MW wind farm in the Mount Pulaski area led the Logan County board to initially deny the application for a conditional use permit in 2015.",advanced_unverified,outcome_label_only,operational,no,,Logan County,,2018,200,7600,"Considerable opposition to the construction of a 7,600-acre, 200-MW wind farm in the Mount Pulaski area led the Logan County board to initially deny the application for a conditional use permit in 2015. The project was eventually approved and was completed in 2018.",S26P-3961,"Sabin Center, Opposition to Renewable Energy Facilities in the United States (Sept. 2026 ed.), via data/renewable_opposition_records_2026-09.csv",https://scholarship.law.columbia.edu/sabin_climate_change/280/,Sabin 2026 entry 3961,,,2026-09,in_latest_edition,,,,,src_731207f65d0f,sabin:S26P-3961,report_citation,unverified,17107,17107,name,strong,eia:61735:operating;uswtdb:IL:61735,Hilltopper Wind Project,operating,185,2018,40.03,-89.381,"EIA-860M August 2026: plant ID 61735 'Hilltopper Wind Project' (IL, Logan County, entity Hilltopper Wind Project, LLC, wind, 185 MW), operating, since 12/2018. Status (OP) Operating. USWTDB v9.1 (2026-09-28): entry 61735 'HillTopper' (IL, Logan County, wind, 185 MW), operating, since 2018. Matched on name and county and capacity. The inventory records the plant's status only; it says nothing about the opposition or its effect.",,,,,
con_b88853886c,IL,Indigo Solar Project,solar,4,"On August 14, 2024, the Rockford City Council voted unanimously to oppose a 5-MW solar farm that would be located on 32 acres of farmland, although city officials expressed doubt that they have the authority to stop the project under state law.",blocked_unverified,outcome_label_only,cancelled,no,,Winnebago County,,2024,5,32,"On August 14, 2024, the Rockford City Council voted unanimously to oppose a 5-MW solar farm that would be located on 32 acres of farmland, although city officials expressed doubt that they have the authority to stop the project under state law. City officials have stated that they would prefer to use the area for residential development.",S26P-3962,"Sabin Center, Opposition to Renewable Energy Facilities in the United States (Sept. 2026 ed.), via data/renewable_opposition_records_2026-09.csv",https://scholarship.law.columbia.edu/sabin_climate_change/280/,Sabin 2026 entry 3962; cancelled 2024,,,2026-09,in_latest_edition,,,,,src_731207f65d0f,sabin:S26P-3962,report_citation,unverified,17201,17201,name,,,,,,,,,,,,,,
con_2a07dab195,IL,New Lenox Township Solar Project,solar,4,Soltage proposed two 5-MW solar facilities on approximately 75 acres in New Lenox Township.,blocked_unverified,outcome_label_only,cancelled,no,,Will County,New Lenox Township,2025,10,75,"Soltage proposed two 5-MW solar facilities on approximately 75 acres in New Lenox Township. On May 15, 2025, the Will County Board rejected the proposal in a 16-5 vote following a petition signed by over 80 residents in opposition. The opposition cited concerns over visual impacts and possible home value decreases. Township officials also indicated that housing development plans were more economically beneficial than the proposed solar development.",S26P-4378,"Sabin Center, Opposition to Renewable Energy Facilities in the United States (Sept. 2026 ed.), via data/renewable_opposition_records_2026-09.csv",https://scholarship.law.columbia.edu/sabin_climate_change/280/,"Sabin 2026 entry 4378; litigation venue: Federal, Administrative",,,2026-09,in_latest_edition,,,,,src_731207f65d0f,sabin:S26P-4378,report_citation,unverified,17197,17197,name,,,,,,,,,,,,,,
con_22d710f3c5,IL,Niyol Wind Farm,wind,1,"In April 2020, the Logan County Planning and Zoning Commission voted 4-2 to table the conditional use permit applications for up to 82 wind turbines after a group called Concerned Citizens for a Safe Logan County expressed concerns regarding population density, sound levels and environmental protection.",advanced_unverified,outcome_label_only,operational,no,,Logan County,,2021,200,,"In April 2020, the Logan County Planning and Zoning Commission voted 4-2 to table the conditional use permit applications for up to 82 wind turbines after a group called Concerned Citizens for a Safe Logan County expressed concerns regarding population density, sound levels and environmental protection.  Despite delays caused by local opponents, the project was ultimately completed in 2021, with 74 wind turbines capable of generating 200 MW.",S26P-3963,"Sabin Center, Opposition to Renewable Energy Facilities in the United States (Sept. 2026 ed.), via data/renewable_opposition_records_2026-09.csv",https://scholarship.law.columbia.edu/sabin_climate_change/280/,Sabin 2026 entry 3963,,,2026-09,in_latest_edition,,,,,src_731207f65d0f,sabin:S26P-3963,report_citation,unverified,17107,17107,name,,,,,,,,,,,,,,
con_7f6b6a690e,IL,Pleasant Ridge Wind Farm,wind,4,"In 2014, Invenergy LLC applied to build a 136-turbine, 250-MW wind energy project in Livingston County, which faced opposition from a local group called United Citizens for Livingston County.",blocked_unverified,outcome_label_only,cancelled,no,,Livingston County,,2015,250,,"In 2014, Invenergy LLC applied to build a 136-turbine, 250-MW wind energy project in Livingston County, which faced opposition from a local group called United Citizens for Livingston County. In July 2015, the Livingston County board denied the developer’s application for a special use permit.",S26P-3964,"Sabin Center, Opposition to Renewable Energy Facilities in the United States (Sept. 2026 ed.), via data/renewable_opposition_records_2026-09.csv",https://scholarship.law.columbia.edu/sabin_climate_change/280/,Sabin 2026 entry 3964,,,2026-09,in_latest_edition,,,,,src_731207f65d0f,sabin:S26P-3964,report_citation,unverified,17105,17105,name,,,,,,,,,,,,,,
con_9a34d226e7,IL,Princeton Technology Park Solar Array,solar,2,"In January 2023, the Princeton City Council voted to table a resolution to allow for the construction of a 7-acre solar array in the city’s Technology Park.",pending,none,pending,no,,Bureau County,City of Princeton,2023,,7,"In January 2023, the Princeton City Council voted to table a resolution to allow for the construction of a 7-acre solar array in the city’s Technology Park. Opponents at a public meeting raised concerns about room for future expansion and impacts on surrounding businesses.",S26P-3965,"Sabin Center, Opposition to Renewable Energy Facilities in the United States (Sept. 2026 ed.), via data/renewable_opposition_records_2026-09.csv",https://scholarship.law.columbia.edu/sabin_climate_change/280/,"Sabin 2026 entry 3965; title names Buerau County, county columns name Bureau County",,,2026-09,in_latest_edition,,,,,src_731207f65d0f,sabin:S26P-3965,report_citation,unverified,17011,17011,name,,,,,,,,,,,,,,
con_cef4cac718,IL,Radford’s Run Wind Farm,wind,3,"In 2015, three dozen landowners filed a lawsuit to halt the 139-turbine, 305-MW Radford’s Run Wind Farm, arguing that the “county did not properly provide statutory notices for a public hearing leading up to the board’s decision or allow them to view the wind farm applications in time for the hearing.” The suit was dismissed in 2016, and the project was ultimately constructed in 2017.",advanced_unverified,outcome_label_only,operational,yes,litigation,Macon County,,2017,305,,"In 2015, three dozen landowners filed a lawsuit to halt the 139-turbine, 305-MW Radford’s Run Wind Farm, arguing that the “county did not properly provide statutory notices for a public hearing leading up to the board’s decision or allow them to view the wind farm applications in time for the hearing.” The suit was dismissed in 2016, and the project was ultimately constructed in 2017.",S26P-6293,"Sabin Center, Opposition to Renewable Energy Facilities in the United States (Sept. 2026 ed.), via data/renewable_opposition_records_2026-09.csv",https://scholarship.law.columbia.edu/sabin_climate_change/280/,Sabin 2026 entry 6293; litigation venue: State,,,2026-09,in_latest_edition,,,,,src_731207f65d0f,sabin:S26P-6293,report_citation,unverified,17115,17115,name,strong,eia:59061:operating;uswtdb:IL:59061,Radfords Run Wind Farm,operating,278,2017,40.01111,-89.04722,"EIA-860M August 2026: plant ID 59061 'Radfords Run Wind Farm' (IL, Dewitt County, entity RWE Clean Energy, wind, 278 MW), operating, since 12/2017. Status (OP) Operating. USWTDB v9.1 (2026-09-28): entry 59061 'Radford's Run' (IL, Macon County, wind, 305.8 MW), operating, since 2017. Matched on name and county and capacity. The inventory records the plant's status only; it says nothing about the opposition or its effect.",,,,,
con_bf8c2e3e89,IL,Shawnee Energy,solar,2,"In 2026, SB Energy proposed the Shawnee Energy Project, a solar energy facility, to be located on private land spanning Massac and Johnson Counties.",pending,none,pending,no,,Massac County; Johnson County,,2026,350,"1,750","In 2026, SB Energy proposed the Shawnee Energy Project, a solar energy facility, to be located on private land spanning Massac and Johnson Counties. The Johnson County Commission granted a special use permit for that County’s portion of the project, which comprises approximately 200 MW of solar generation on 1,100 acres. In February 2026, the developer submitted an application for the special use permit to the Massac County Commission for the remaining portion of the project. On February 24, 2026, the developer hosted a public meeting at the Metropolis Elks Lodge, which was attended by the Massac County Commissioners and approximately 75 local residents. During the meeting, residents opposed to the project questioned why the meeting was not held as a formal public hearing, with a question-and-answer session. The county commissioners rescheduled the meeting. In April 2026, the Massac County Commission held a public hearing on the project at the county courthouse. Opponents of the project raised concerns about loss of farmland, excess of stormwater runoff, and questioned the lifespan of the project and decommissioning plans. The developer stated that the footprint of the Massac County portion of the project had been reduced to 650 acres and its capacity reduced from 300 MW to 150 MW. The project is estimated to produce a total of $20 million of property taxes for Massac County over the next 25 to 35 years and create 450 jobs during construction. As of June 2026, the Massac County Commission was yet to make a decision on whether to approve the project.",S26P-4426,"Sabin Center, Opposition to Renewable Energy Facilities in the United States (Sept. 2026 ed.), via data/renewable_opposition_records_2026-09.csv",https://scholarship.law.columbia.edu/sabin_climate_change/280/,Sabin 2026 entry 4426,,,2026-09,in_latest_edition,,,,,src_731207f65d0f,sabin:S26P-4426,report_citation,unverified,,17127;17087,names,,,,,,,,,,,,,,
con_a8c1372695,IL,SolarStone Partners Solar Farm,solar,4,"In February 2023, the Tazewell County Board unanimously rejected a zoning change that would have allowed SolarStone Partners to establish a solar farm near Illinois Central Christian School.",blocked_unverified,outcome_label_only,cancelled,no,,Tazewell County,,2023,,,"In February 2023, the Tazewell County Board unanimously rejected a zoning change that would have allowed SolarStone Partners to establish a solar farm near Illinois Central Christian School. The board also voted against a zoning change that would have brought a wind farm to the county.",S26P-3966,"Sabin Center, Opposition to Renewable Energy Facilities in the United States (Sept. 2026 ed.), via data/renewable_opposition_records_2026-09.csv",https://scholarship.law.columbia.edu/sabin_climate_change/280/,Sabin 2026 entry 3966; cancelled 2023,,,2026-09,in_latest_edition,,,,,src_731207f65d0f,sabin:S26P-3966,report_citation,unverified,17179,17179,name,,,,,,,,,,,,,,
con_c4ae6b93fe,IL,Top Hat Wind Project,wind,2,"As of November 2022, over 1,000 people had signed a petition opposing plans for the 200-MW, 60-turbine Top Hat Wind Project over concerns about interference with radar.",pending,none,pending,no,,Logan County,,2022,200,,"As of November 2022, over 1,000 people had signed a petition opposing plans for the 200-MW, 60-turbine Top Hat Wind Project over concerns about interference with radar. That same month, however, after the developers entered into an agreement with the National Weather Service to shut off the turbines in case of severe weather, the Logan County Board approved the project. Opponents, including a group called Logan County Residents Against the Top Hat Wind Factory, stated that they were considering filing a lawsuit.",S26P-3967,"Sabin Center, Opposition to Renewable Energy Facilities in the United States (Sept. 2026 ed.), via data/renewable_opposition_records_2026-09.csv",https://scholarship.law.columbia.edu/sabin_climate_change/280/,Sabin 2026 entry 3967,,,2026-09,in_latest_edition,,,,,src_731207f65d0f,sabin:S26P-3967,report_citation,unverified,17107,17107,name,strong,eia:69225:operating;uswtdb:IL:69225,Top Hat Wind,operating,204,2025,40.15362,-89.2225,"EIA-860M August 2026: plant ID 69225 'Top Hat Wind' (IL, Logan County, entity Appalachian Power Co, wind, 204 MW), operating, since 12/2025. Status (OP) Operating. USWTDB v9.1 (2026-09-28): entry 69225 'Top Hat Wind' (IL, Logan County, wind, 204 MW), operating, since 2025. Matched on name and county and capacity. The inventory records the plant's status only; it says nothing about the opposition or its effect.","outcome pending, but the plant is operating",,,,
con_d271b76680,IL,Will County Solar Farm,solar,4,"On September 10, 2024, the Will County Land Use and Development Committee voted unanimously to deny a special use permit to construct a 300-MW solar project on 3,600 acres of land in Custer and Reed townships.",blocked_unverified,outcome_label_only,cancelled,no,,Will County,,2024,300,3600,"On September 10, 2024, the Will County Land Use and Development Committee voted unanimously to deny a special use permit to construct a 300-MW solar project on 3,600 acres of land in Custer and Reed townships. The developer ACCIONA Energia presented plans for the project as early as November 2021. Local residents and officials raised concerns about visual impacts, property value impacts, loss of farmland, decommissioning.",S26P-3968,"Sabin Center, Opposition to Renewable Energy Facilities in the United States (Sept. 2026 ed.), via data/renewable_opposition_records_2026-09.csv",https://scholarship.law.columbia.edu/sabin_climate_change/280/,Sabin 2026 entry 3968; cancelled 2024,,,2026-09,in_latest_edition,,,,,src_731207f65d0f,sabin:S26P-3968,report_citation,unverified,17197,17197,name,,,,,,,,,,,,,,
con_707f11f436,IN,Aypa Solar Project,solar,4,"In September 2024, the Madison City Council voted to deny a rezoning proposal that would have allowed the proposed Aypa Power solar farm to proceed in Madison, Indiana.",blocked_unverified,outcome_label_only,cancelled,no,,Jefferson County,Madison City,2024,,,"In September 2024, the Madison City Council voted to deny a rezoning proposal that would have allowed the proposed Aypa Power solar farm to proceed in Madison, Indiana. Residents expressed concerns about buffer zones and impacts on the environment and wildlife.",S26P-3969,"Sabin Center, Opposition to Renewable Energy Facilities in the United States (Sept. 2026 ed.), via data/renewable_opposition_records_2026-09.csv",https://scholarship.law.columbia.edu/sabin_climate_change/280/,Sabin 2026 entry 3969; cancelled 2024,,,2026-09,in_latest_edition,,,,,src_731207f65d0f,sabin:S26P-3969,report_citation,unverified,18077,18077,name,,,,,,,,,,,,,,
con_98287efe63,IN,Big Blue Ribbon Wind Farm,wind,4,The Henry County Planning Commission rejected a proposal for the Big Blue Ribbon Wind Farm in 2019 amidst community opposition to the project.,blocked_unverified,outcome_label_only,cancelled,no,,Henry County,,2019,,,"The Henry County Planning Commission rejected a proposal for the Big Blue Ribbon Wind Farm in 2019 amidst community opposition to the project. Residents raised concerns about health impacts and property rights, arguing that a 1,500-foot setback from homes was not sufficient.",S26P-3970,"Sabin Center, Opposition to Renewable Energy Facilities in the United States (Sept. 2026 ed.), via data/renewable_opposition_records_2026-09.csv",https://scholarship.law.columbia.edu/sabin_climate_change/280/,Sabin 2026 entry 3970; cancelled 2018,,,2026-09,in_latest_edition,,,,,src_731207f65d0f,sabin:S26P-3970,report_citation,unverified,18065,18065,name,,,,,,,,,,,,,,
con_1b472147af,IN,BrightNight Solar Project,solar,4,"In October 2023, the Clark County Board of Zoning Appeals denied a special exemption permit for a 3,900-acre solar project proposed by developer BrightNight.",blocked_unverified,outcome_label_only,cancelled,no,,Clark County,,2023,,3900,"In October 2023, the Clark County Board of Zoning Appeals denied a special exemption permit for a 3,900-acre solar project proposed by developer BrightNight. The permit was necessary because the project would have been built on agricultural land. Residents opposed the project on the basis of potential impacts to viewsheds. In 2025, the developer re-submitted the application for the project with a modified plan for developing only 1,500 acres and expanding the setbacks from 150 feet to 650 feet. At a public meeting on June 18, 2025 the Clark County Board of Zoning Appeals (BZA) reached a stalemate, voting 2-2 on the application. On August 20, 2025, the project was rejected by the BZA in a 3-2 vote.",S26P-3971,"Sabin Center, Opposition to Renewable Energy Facilities in the United States (Sept. 2026 ed.), via data/renewable_opposition_records_2026-09.csv",https://scholarship.law.columbia.edu/sabin_climate_change/280/,Sabin 2026 entry 3971; cancelled 2023,,,2026-09,in_latest_edition,,,,,src_731207f65d0f,sabin:S26P-3971,report_citation,unverified,18019,18019,name,,,,,,,,,,,,,,
con_6cd4fea06c,IN,Carina Solar,solar,4,"Plans to construct the 100-MW Carina Solar project on 1,880 acres of land under Bartholomew County and City of Columbus jurisdiction encountered opposition from a local group Nonprofit Bartholomew County Citizens Concerned about Commercial Solar Fields (B4CSF).",blocked_unverified,outcome_label_only,cancelled,yes,litigation,Bartholomew County,,2024,100,1880,"Plans to construct the 100-MW Carina Solar project on 1,880 acres of land under Bartholomew County and City of Columbus jurisdiction encountered opposition from a local group Nonprofit Bartholomew County Citizens Concerned about Commercial Solar Fields (B4CSF). In February 2024, the Bartholomew County Board of Zoning Appeals denied a conditional use permit for the 1,100-acre piece the project that would be sited within its jurisdiction. That same month, the City of Columbus Board of Zoning Appeals approved an application for a separate 800 acres piece. The developer filed a lawsuit appealing the county’s denial, while local opponents filed a lawsuit appealing the city’s approval. The Bartholomew Circuit Court consolidated the two lawsuits in June. On July 30, 2024, the developer withdrew its application as part of a stipulation dismissing the litigation",S26P-3972,"Sabin Center, Opposition to Renewable Energy Facilities in the United States (Sept. 2026 ed.), via data/renewable_opposition_records_2026-09.csv",https://scholarship.law.columbia.edu/sabin_climate_change/280/,Sabin 2026 entry 3972; litigation venue: State; cancelled 2024,,,2026-09,in_latest_edition,,,,,src_731207f65d0f,sabin:S26P-3972,report_citation,unverified,18005,18005,name,,,,,,,,,,,,,,
con_6207202382,IN,Cold Spring Solar Farm,solar,4,"In September 2023, following fourteen months of negotiations, the Putnam County Board of Zoning Appeals denied a motion for a special exception to permit the 200-MW Cold Spring Solar Farm in Russell Township.",blocked_unverified,outcome_label_only,cancelled,no,,Putnam County,Russell Township,2023,200,1400,"In September 2023, following fourteen months of negotiations, the Putnam County Board of Zoning Appeals denied a motion for a special exception to permit the 200-MW Cold Spring Solar Farm in Russell Township. The decision was largely based on the project’s planned utilization of 1,400 acres of farmland, and the decision received support from residents seeking to preserve the Township’s rural character.",S26P-3973,"Sabin Center, Opposition to Renewable Energy Facilities in the United States (Sept. 2026 ed.), via data/renewable_opposition_records_2026-09.csv",https://scholarship.law.columbia.edu/sabin_climate_change/280/,Sabin 2026 entry 3973; cancelled 2023,,,2026-09,in_latest_edition,,,,,src_731207f65d0f,sabin:S26P-3973,report_citation,unverified,18133,18133,name,,,,,,,,,,,,,,
con_ab7195b98b,IN,Crossvine Solar Project,solar;battery_storage,2,"In 2023, AES proposed the Crossvine Solar Project, which includes 85 MW of solar energy generation and a 85-MW battery energy storage system (BESS), to be developed on approximately 437 acres of privately owned land south of the City of Huntingburg near the Town of Holland.",pending,none,pending,no,,Dubois County,,2025,170,437,"In 2023, AES proposed the Crossvine Solar Project, which includes 85 MW of solar energy generation and a 85-MW battery energy storage system (BESS), to be developed on approximately 437 acres of privately owned land south of the City of Huntingburg near the Town of Holland. On November 10, 2025, during a Huntingburg City Council public meeting, residents raised concerns about the project, particularly the potential fire risk associated with BESS and the capacity of local emergency responders. The concerned residents collected over 200 signatures in opposition to the project and demanded the Council to impose a moratorium on the construction of the BESS component of the project. The Huntingburg City Mayor also expressed his opposition to large-scale solar development in the area. In response, Council officials indicated they will consult with the city attorney and hold future public meetings to continue the discussions and address the residents’ concerns.",S26P-4393,"Sabin Center, Opposition to Renewable Energy Facilities in the United States (Sept. 2026 ed.), via data/renewable_opposition_records_2026-09.csv",https://scholarship.law.columbia.edu/sabin_climate_change/280/,Sabin 2026 entry 4393,,,2026-09,in_latest_edition,,,,,src_731207f65d0f,sabin:S26P-4393,report_citation,unverified,18037,18037,name,strong,eia:66441:under_construction,Crossvine Solar,under_construction,100,2027,38.26427,-87.00189,"EIA-860M August 2026: plant ID 66441 'Crossvine Solar' (IN, Dubois County, entity Crossvine Solar 1 LLC, solar, 100 MW), under construction, expected 3/2027. Status (U) Under construction, less than or equal to 50 percent complete. Matched on name and county. The inventory records the plant's status only; it says nothing about the opposition or its effect.","outcome pending, but the plant is under construction",,,,
con_a01883c584,IN,Elkhart County Solar Project,solar,2,"In October 2021, Elkhart County commissioners voted against rezoning agricultural land for a 150-MW solar energy project near Millersburg, Indiana.",pending,none,pending,no,,Elkhart County,,2022,150,,"In October 2021, Elkhart County commissioners voted against rezoning agricultural land for a 150-MW solar energy project near Millersburg, Indiana. The project had previously earned the support of the Elkhart County Council, the county Plan Commission, and the Economic Development Corp. However, the commissioners sided with neighbors who opposed the project because of potential decreases in property values and visual impacts. However, in September 19, 2022, Elkhart County approved a zoning change for a revised 100-MW version of the project.",S26P-3974,"Sabin Center, Opposition to Renewable Energy Facilities in the United States (Sept. 2026 ed.), via data/renewable_opposition_records_2026-09.csv",https://scholarship.law.columbia.edu/sabin_climate_change/280/,"Sabin 2026 entry 3974; title names Elkart County, county columns name Elkhart County",,,2026-09,in_latest_edition,,,,,src_731207f65d0f,sabin:S26P-3974,report_citation,unverified,18039,18039,name,strong,eia:66647:operating,Elkhart County Solar Project,operating,100,2026,41.498,-85.69,"EIA-860M August 2026: plant ID 66647 'Elkhart County Solar Project' (IN, Elkhart County, entity Elkhart County Solar Project, LLC, solar, 100 MW), operating, since 3/2026. Status (OP) Operating. Matched on name and county. The inventory records the plant's status only; it says nothing about the opposition or its effect.","outcome pending, but the plant is operating",,,,
con_9d6786ee8a,IN,Emerald Green Solar Farm,solar,3,"On March 30, 2023, nine local residents filed a lawsuit to reverse the Howard County Board of Zoning Appeal’s February 28 decision to grant a special exception permit to ENGIE for the proposed Emerald Green Solar Farm.",pending,none,pending,yes,litigation,Howard County,,2023,200,1800,"On March 30, 2023, nine local residents filed a lawsuit to reverse the Howard County Board of Zoning Appeal’s February 28 decision to grant a special exception permit to ENGIE for the proposed Emerald Green Solar Farm. The 200-MW project would occupy approximately 1,800 acres.",S26P-3975,"Sabin Center, Opposition to Renewable Energy Facilities in the United States (Sept. 2026 ed.), via data/renewable_opposition_records_2026-09.csv",https://scholarship.law.columbia.edu/sabin_climate_change/280/,Sabin 2026 entry 3975; litigation venue: State,,,2026-09,in_latest_edition,,,,,src_731207f65d0f,sabin:S26P-3975,report_citation,unverified,18067,18067,name,,,,,,,,,,,,,,
con_0c5f041cf4,IN,Flat Rock Wind Project,wind,4,"In May 2015, the Rush County Board of Zoning Appeals included in a special exemption permit for the Flat Rock Wind Project the condition that all turbines be set back 2,300 feet from non-participating properties.",blocked_unverified,outcome_label_only,cancelled,yes,litigation,Rush County,,2018,,,"In May 2015, the Rush County Board of Zoning Appeals included in a special exemption permit for the Flat Rock Wind Project the condition that all turbines be set back 2,300 feet from non-participating properties. The setback requirement exceeded the local zoning ordinances’ standard 1,000-foot setback requirement. The applicant challenged the condition in state court, and, in 2017, the Indiana Court of Appeals upheld the Board of Zoning Appeals’ decision. The developer abandoned the project in December 2018, citing delays in obtaining approvals caused by local opposition and zoning disputes.",S26P-3976,"Sabin Center, Opposition to Renewable Energy Facilities in the United States (Sept. 2026 ed.), via data/renewable_opposition_records_2026-09.csv",https://scholarship.law.columbia.edu/sabin_climate_change/280/,Sabin 2026 entry 3976; litigation venue: State; cancelled 2018,,,2026-09,in_latest_edition,,,,,src_731207f65d0f,sabin:S26P-3976,report_citation,unverified,18139,18139,name,,,,,,,,,,,,,,
con_f38d052d45,IN,Gibson Solar Project,solar,2,Averon Energy and Tenaska proposed a 280-MW solar project near the City of Princeton in Gibson County as part of a power purchase agreement.,pending,none,pending,no,,Gibson County,,2021,280,,"Averon Energy and Tenaska proposed a 280-MW solar project near the City of Princeton in Gibson County as part of a power purchase agreement. In November 2021, the Princeton Planning Commission voted against recommending the site plan after a meeting at which residents raised concerns about impacts to housing development and property values. The developers responded that they would revise their proposed site plan to eliminate parcels that caused particular controversy.",S26P-3977,"Sabin Center, Opposition to Renewable Energy Facilities in the United States (Sept. 2026 ed.), via data/renewable_opposition_records_2026-09.csv",https://scholarship.law.columbia.edu/sabin_climate_change/280/,Sabin 2026 entry 3977,,,2026-09,in_latest_edition,,,,,src_731207f65d0f,sabin:S26P-3977,report_citation,unverified,18051,18051,name,strong,eia:68455:operating;uspvdb:407332,Gibson Solar,operating,200,2025,38.31796,-87.53063,"EIA-860M August 2026: plant ID 68455 'Gibson Solar' (IN, Gibson County, entity Gibson Solar, LLC, solar, 200 MW), operating, since 8/2025. Status (OP) Operating. USPVDB v4.0 (2026-04-14): entry 407332 'Gibson Solar' (IN, Gibson County, solar, 200 MW), operating, since 2025. Matched on name and county. The inventory records the plant's status only; it says nothing about the opposition or its effect.","outcome pending, but the plant is operating",,,,
con_a8e998d544,IN,Grandview Solar Project,solar,3,Grandview Solar Project LLC is seeking to develop a 91-MW commercial solar project in Spencer County that would span 37 parcels of land.,pending,none,pending,yes,litigation,Spencer County,,2024,91,,"Grandview Solar Project LLC is seeking to develop a 91-MW commercial solar project in Spencer County that would span 37 parcels of land. In February 2024, a group of over 70 Grandview residents filed a lawsuit against the proposed project seeking declaratory and injunctive relief, claiming that the Town Zoning Administrator lacked jurisdiction to approve the project. In July 2024, an Indiana state court granted summary judgment in favor of the developer, ruling that the project could proceed with construction. Opposition to the project has focused on impacts to farmland.",S26P-3978,"Sabin Center, Opposition to Renewable Energy Facilities in the United States (Sept. 2026 ed.), via data/renewable_opposition_records_2026-09.csv",https://scholarship.law.columbia.edu/sabin_climate_change/280/,Sabin 2026 entry 3978; litigation venue: State,,,2026-09,in_latest_edition,,,,,src_731207f65d0f,sabin:S26P-3978,report_citation,unverified,18147,18147,name,,,,,,,,,,,,,,
con_32271447c2,IN,Hamilton County Wind,wind,4,"In December 2019, the Hamilton County Board of Commissioners rejected plans for a 4-turbine, 11-MW project by Hamilton County Wind.",blocked_unverified,outcome_label_only,cancelled,no,,Hamilton County,,2019,11,,"In December 2019, the Hamilton County Board of Commissioners rejected plans for a 4-turbine, 11-MW project by Hamilton County Wind. In rejecting the plan, one commissioner noted that he believed the company had not met its burden of demonstrating that the wind farm would not pose a threat to human health. At a public hearing earlier in the month, a large crowd of opponents raised concerns including health impacts and property values.",S26P-3979,"Sabin Center, Opposition to Renewable Energy Facilities in the United States (Sept. 2026 ed.), via data/renewable_opposition_records_2026-09.csv",https://scholarship.law.columbia.edu/sabin_climate_change/280/,Sabin 2026 entry 3979; cancelled 2019,,,2026-09,in_latest_edition,,,,,src_731207f65d0f,sabin:S26P-3979,report_citation,unverified,18057,18057,name,,,,,,,,,,,,,,
con_0703fdd11f,IN,Harvest Wind Project,wind,4,"In September 2018, developer RES Americas canceled plans for a 600-MW wind farm in Indiana several months after Miami County increased its setback requirement to 2,000 feet from property lines, roads, public lands, and city limits.",blocked_unverified,outcome_label_only,cancelled,yes,litigation,Miami County,,2018,600,,"In September 2018, developer RES Americas canceled plans for a 600-MW wind farm in Indiana several months after Miami County increased its setback requirement to 2,000 feet from property lines, roads, public lands, and city limits. Residents opposed to the project had collected 900 signatures for a petition requesting a setback of 2,640 feet.",S26P-3980,"Sabin Center, Opposition to Renewable Energy Facilities in the United States (Sept. 2026 ed.), via data/renewable_opposition_records_2026-09.csv",https://scholarship.law.columbia.edu/sabin_climate_change/280/,Sabin 2026 entry 3980; litigation venue: State; cancelled 2018,,,2026-09,in_latest_edition,,,,,src_731207f65d0f,sabin:S26P-3980,report_citation,unverified,18103,18103,name,,,,,,,,,,,,,,
con_dd3dca54fa,IN,Idlewild Solar Project,solar,3,"In November 2024, the Jefferson County Board of Zoning Appeals denied an application for a special exception permit for a proposed 470-MW project. [Local community members opposing the project organized a petition and obtained 400 signatures.",pending,none,pending,yes,litigation,Jefferson County,,2025,470,,"In November 2024, the Jefferson County Board of Zoning Appeals denied an application for a special exception permit for a proposed 470-MW project. [Local community members opposing the project organized a petition and obtained 400 signatures. Residents cited concerns about aesthetics, noise, and impacts on animals. [Note: In January 2025, Idlewild Solar Project filed an appeal of the decision to deny the project.]",S26P-3981,"Sabin Center, Opposition to Renewable Energy Facilities in the United States (Sept. 2026 ed.), via data/renewable_opposition_records_2026-09.csv",https://scholarship.law.columbia.edu/sabin_climate_change/280/,"Sabin 2026 entry 3981; litigation venue: Administrative, State",,,2026-09,in_latest_edition,,,,,src_731207f65d0f,sabin:S26P-3981,report_citation,unverified,18077,18077,name,,,,,,,,,,,,,,
con_51ff1adc85,IN,Jordan Creek Wind Energy Center,wind,1,This 400-MW project in Benton and Warren Counties began commercial operation in December 2020 despite having faced intense local opposition.,advanced_unverified,outcome_label_only,operational,no,,Benton County; Warren County,,2020,400,,"This 400-MW project in Benton and Warren Counties began commercial operation in December 2020 despite having faced intense local opposition. Facebook groups, such as the Warren County Concerned Citizens, opposed the project, and residents circulated a petition calling for enhanced setbacks, which cited noise, vibration, shadow flicker, and the threat of ice being thrown from turbines.",S26P-3982,"Sabin Center, Opposition to Renewable Energy Facilities in the United States (Sept. 2026 ed.), via data/renewable_opposition_records_2026-09.csv",https://scholarship.law.columbia.edu/sabin_climate_change/280/,Sabin 2026 entry 3982,,,2026-09,in_latest_edition,,,,,src_731207f65d0f,sabin:S26P-3982,report_citation,unverified,,18007;18171,names,strong,eia:63389:operating;uswtdb:IN:63389,"Jordan Creek Wind Farm, LLC",operating,398.6,2020,40.38161,-87.39982,"EIA-860M August 2026: plant ID 63389 'Jordan Creek Wind Farm, LLC' (IN, Warren County, entity Jordan Creek Wind Farm, LLC, wind, 398.6 MW), operating, since 12/2020. Status (OP) Operating. USWTDB v9.1 (2026-09-28): entry 63389 'Jordan Creek' (IN, Warren County, wind, 401.9 MW), operating, since 2020. Matched on name and county and capacity. The inventory records the plant's status only; it says nothing about the opposition or its effect.",,,,,
con_c6ead5bc53,IN,Lone Oak Solar,solar,3,"In May 2019, the Madison County Board of Zoning Appeals approved a 120-MW solar project proposed by Invenergy, issuing a special use permit that required construction to be completed.",pending,none,pending,yes,litigation,Madison County,,2019,120,,"In May 2019, the Madison County Board of Zoning Appeals approved a 120-MW solar project proposed by Invenergy, issuing a special use permit that required construction to be completed. Residents filed a civil lawsuit challenging the approval, citing concern about property values and specific members of the Board of Zoning Appeals. The Indiana Court of Appeals upheld the decision of the Madison Circuit Court that there was sufficient evidence to support the approval of the original and secondary special use applications concerning the project. The Indiana Supreme Court declined to take the appeal. However, when the developers requested that Madison County allow additional time to complete construction in light of the pandemic, supply chain issues, and litigation from project opponents, the County refused, and the developer sued.",S26P-3983,"Sabin Center, Opposition to Renewable Energy Facilities in the United States (Sept. 2026 ed.), via data/renewable_opposition_records_2026-09.csv",https://scholarship.law.columbia.edu/sabin_climate_change/280/,Sabin 2026 entry 3983; litigation venue: State,,,2026-09,in_latest_edition,,,,,src_731207f65d0f,sabin:S26P-3983,report_citation,unverified,18095,18095,name,,,,,,,,,,,,,,
con_64db4c3f35,IN,Malden Solar,solar,4,"In August 2023, the Porter County Department of Development & Storm Water Management rejected as incomplete a zoning application for NextEra’s proposed 1,400-acre, 200-MW Malden Solar Project.",blocked_unverified,outcome_label_only,cancelled,no,,Porter County,,2023,200,1400,"In August 2023, the Porter County Department of Development & Storm Water Management rejected as incomplete a zoning application for NextEra’s proposed 1,400-acre, 200-MW Malden Solar Project. The project has faced opposition from a local organization called Citizens Against Malden Solar, which delivered a petition with 2,472 signatures to the Porter County Plan Commission and the Board of County Commissioners in March 2023.",S26P-3984,"Sabin Center, Opposition to Renewable Energy Facilities in the United States (Sept. 2026 ed.), via data/renewable_opposition_records_2026-09.csv",https://scholarship.law.columbia.edu/sabin_climate_change/280/,Sabin 2026 entry 3984; cancelled 2023,,,2026-09,in_latest_edition,,,,,src_731207f65d0f,sabin:S26P-3984,report_citation,unverified,18127,18127,name,,,,,,,,,,,,,,
con_bbc7eb8124,IN,Mammoth Solar Project,solar,3,"Plans for a $1.5 billion, 1,300-MW solar project have encountered opposition from a resident group called Pulaski County Against Solar.",needs_review,none,unknown,yes,litigation,Pulaski County; Starke County,,2024,1300,13000,"Plans for a $1.5 billion, 1,300-MW solar project have encountered opposition from a resident group called Pulaski County Against Solar. Opponents have focused on the amount of agricultural land involved in the 13,000-acre project, which would include 2,600 acres of solar panels. A group of landowners filed a lawsuit to stop the project, alleging that the Pulaski County Board of Zoning Appeals’ decision granting a special exception for the project was improper because the developer’s application was incomplete. On August 24, 2021, the Indiana trial court ruled in favor of the petitioners, and, on September 21, 2022, the Indiana Court of Appeals affirmed. In July 2024, residents proposed a solar moratorium, claiming that the Mammoth project was missing important documents in the permitting process. The Starke County Commission confirmed that the documents were not missing and denied the proposed solar moratorium.",S26P-3985,"Sabin Center, Opposition to Renewable Energy Facilities in the United States (Sept. 2026 ed.), via data/renewable_opposition_records_2026-09.csv",https://scholarship.law.columbia.edu/sabin_climate_change/280/,"Sabin 2026 entry 3985; litigation venue: State; title names Pulaski ad Starke Counties, county columns name Pulaski County, Starke County",,,2026-09,in_latest_edition,,,,,src_731207f65d0f,sabin:S26P-3985,report_citation,unverified,,18131;18149,names,,,,,,,,,,,,,,
con_8f5c395e93,IN,Meadow Forge Project,solar,2,"Community members have expressed opposition to the Meadow Forge solar project in Delaware County, Indiana, citing concerns over visual impacts and loss of tax revenues for local schools.",pending,none,pending,no,,Delaware County,,2022,,,"Community members have expressed opposition to the Meadow Forge solar project in Delaware County, Indiana, citing concerns over visual impacts and loss of tax revenues for local schools. On January 3, 2022, an attorney representing the opposition raised concerns about impacts to property values.",S26P-3986,"Sabin Center, Opposition to Renewable Energy Facilities in the United States (Sept. 2026 ed.), via data/renewable_opposition_records_2026-09.csv",https://scholarship.law.columbia.edu/sabin_climate_change/280/,Sabin 2026 entry 3986,,,2026-09,in_latest_edition,,,,,src_731207f65d0f,sabin:S26P-3986,report_citation,unverified,18035,18035,name,,,,,,,,,,,,,,
con_3599cbabed,IN,Moss Creek Solar,solar,2,"In October 2022, the Pulaski Superior Court ruled that the Pulaski County Board of Zoning Appeals’ approval of Moss Creek Solar’s application for special exception was arbitrary and capricious, due to the inadequacy of its fire safety plan.",pending,none,pending,no,,Pulaski County,,2023,,,"In October 2022, the Pulaski Superior Court ruled that the Pulaski County Board of Zoning Appeals’ approval of Moss Creek Solar’s application for special exception was arbitrary and capricious, due to the inadequacy of its fire safety plan. The Superior Court reversed the Board of Zoning Appeals’ approval of the permit, a decision that was celebrated by local opposition group Pulaski County Against Solar. But in June 2023, the Court of Appeals of Indiana reversed the Superior Court’s decision, holding that the Board’s decision was not arbitrary or capricious.",S26P-3987,"Sabin Center, Opposition to Renewable Energy Facilities in the United States (Sept. 2026 ed.), via data/renewable_opposition_records_2026-09.csv",https://scholarship.law.columbia.edu/sabin_climate_change/280/,"Sabin 2026 entry 3987; title names Pulkaski County, county columns name Pulaski County",,,2026-09,in_latest_edition,,,,,src_731207f65d0f,sabin:S26P-3987,report_citation,unverified,18131,18131,name,,,,,,,,,,,,,,
con_bf0fc6e993,IN,Prairie Breeze Wind Farm,wind,4,Juwi Wind withdrew its proposal to construct a 150-MW wind farm in 2014 in Tipton County after the County’s Zoning Board of Appeals restrictions made it essentially impossible to proceed.,blocked_unverified,outcome_label_only,cancelled,no,,Tipton County,,2014,150,,Juwi Wind withdrew its proposal to construct a 150-MW wind farm in 2014 in Tipton County after the County’s Zoning Board of Appeals restrictions made it essentially impossible to proceed.,S26P-3988,"Sabin Center, Opposition to Renewable Energy Facilities in the United States (Sept. 2026 ed.), via data/renewable_opposition_records_2026-09.csv",https://scholarship.law.columbia.edu/sabin_climate_change/280/,Sabin 2026 entry 3988; cancelled 2014,,,2026-09,in_latest_edition,,,,,src_731207f65d0f,sabin:S26P-3988,report_citation,unverified,18159,18159,name,,,,,,,,,,,,,,
con_e49ec280b8,IN,Sculpin Solar Project,solar,4,"In October 2023, the Dekalb County Commission rejected a resolution that was necessary for EDF Renewables to move forward with the planned Sculpin Solar Project.",blocked_unverified,outcome_label_only,cancelled,no,,DeKalb County,,2023,,,"In October 2023, the Dekalb County Commission rejected a resolution that was necessary for EDF Renewables to move forward with the planned Sculpin Solar Project. A local group called Stop Solar Farms Dekalb County had advocated against the project.",S26P-3989,"Sabin Center, Opposition to Renewable Energy Facilities in the United States (Sept. 2026 ed.), via data/renewable_opposition_records_2026-09.csv",https://scholarship.law.columbia.edu/sabin_climate_change/280/,Sabin 2026 entry 3989; cancelled 2023,,,2026-09,in_latest_edition,,,,,src_731207f65d0f,sabin:S26P-3989,report_citation,unverified,18033,18033,name,strong,eia:66238:planned,Sculpin Solar,planned,180,2028,41.36456,-84.84381,"EIA-860M August 2026: plant ID 66238 'Sculpin Solar' (IN, DeKalb County, entity RWE Clean Energy, solar, 180 MW), planned, not under construction, expected 12/2028. Status (P) Planned for installation, but regulatory approvals not initiated. Matched on name and county. The inventory records the plant's status only; it says nothing about the opposition or its effect.",,,,,
con_b719c5e5a7,IN,Swallowtail Solar Project,solar,4,"On July 22, 2024, the Bartholomew County Board of Zoning Appeals denied a conditional use permit to the 200-MW Swallowtail Solar Project.",blocked_unverified,outcome_label_only,cancelled,no,,Bartholomew County,,2024,200,,"On July 22, 2024, the Bartholomew County Board of Zoning Appeals denied a conditional use permit to the 200-MW Swallowtail Solar Project. The project, proposed by Arevon Energy, would have been sited on agricultural land in Clay and Rock Townships. The decision to deny the project was made in a 3-1 vote at the end of a five-hour public meeting. Board members voting against the project cited concerns about impacts to agricultural land",S26P-3990,"Sabin Center, Opposition to Renewable Energy Facilities in the United States (Sept. 2026 ed.), via data/renewable_opposition_records_2026-09.csv",https://scholarship.law.columbia.edu/sabin_climate_change/280/,Sabin 2026 entry 3990; cancelled 2024,,,2026-09,in_latest_edition,,,,,src_731207f65d0f,sabin:S26P-3990,report_citation,unverified,18005,18005,name,,,,,,,,,,,,,,
con_164001b851,IN,Tamarack Solar Energy Center,solar,4,"On December 9, 2024, the Marshall County Board of Zoning Appeals rejected plans by Invenergy to construct the 150-MW Tamarack Solar Energy Center, which would occupy 1,500 acres of land in Union Township.",blocked_unverified,outcome_label_only,cancelled,no,,Marshall County,,2024,150,1500,"On December 9, 2024, the Marshall County Board of Zoning Appeals rejected plans by Invenergy to construct the 150-MW Tamarack Solar Energy Center, which would occupy 1,500 acres of land in Union Township. Local opponents raised concerns about impacts to community character.",S26P-3991,"Sabin Center, Opposition to Renewable Energy Facilities in the United States (Sept. 2026 ed.), via data/renewable_opposition_records_2026-09.csv",https://scholarship.law.columbia.edu/sabin_climate_change/280/,Sabin 2026 entry 3991; cancelled 2024,,,2026-09,in_latest_edition,,,,,src_731207f65d0f,sabin:S26P-3991,report_citation,unverified,18099,18099,name,,,,,,,,,,,,,,
con_a12a297c85,IN,West Fork Wind Energy Project,wind,4,"In 2015, NextEra proposed a 98-turbine wind farm in Rush, Henry, and Fayette Counties.",blocked_unverified,outcome_label_only,cancelled,no,,Henry County; Fayette County; Rush County,,2019,,,"In 2015, NextEra proposed a 98-turbine wind farm in Rush, Henry, and Fayette Counties. In 2016, the Rush County Board of Zoning Appeals (BZA) imposed onerous requirements on the project, including a 2,640-foot setback requirement from non-participating property lines and a turbine height limit of 200 feet, far shorter than typical commercial wind turbines. By 2019, NextEra had abandoned plans for the Rush and Henry County portions and was considering a smaller 52-turbine project in Fayette County alone.",S26P-3992,"Sabin Center, Opposition to Renewable Energy Facilities in the United States (Sept. 2026 ed.), via data/renewable_opposition_records_2026-09.csv",https://scholarship.law.columbia.edu/sabin_climate_change/280/,Sabin 2026 entry 3992; cancelled 2019,,,2026-09,in_latest_edition,,,,,src_731207f65d0f,sabin:S26P-3992,report_citation,unverified,,18065;18041;18139,names,strong,eia:61214:canceled_or_postponed,West Fork Wind,canceled_or_postponed,150,,39.73018,-85.26772,"EIA-860M August 2026: plant ID 61214 'West Fork Wind' (IN, Fayette County, entity West Fork Wind, LLC, wind, 150 MW), cancelled or indefinitely postponed. Matched on name and county. The inventory records the plant's status only; it says nothing about the opposition or its effect.",,,,,
con_972beb73c8,KS,Acciona Barton County Solar Project,solar,4,"Local community members opposed a proposed 300-MW solar project near Cheyenne Bottoms, the largest inland wetland in the United States.",blocked_unverified,outcome_label_only,cancelled,no,,Barton County,,2024,300,,"Local community members opposed a proposed 300-MW solar project near Cheyenne Bottoms, the largest inland wetland in the United States. Several public hearings attracted large crowds of opposition. The County Commission first approved a moratorium on all commercial-scale solar in May 2023, then in March 2024, the Commission adopted zoning changes that specify a no-build zone within the Cheyenne Bottoms Basin.",S26P-3993,"Sabin Center, Opposition to Renewable Energy Facilities in the United States (Sept. 2026 ed.), via data/renewable_opposition_records_2026-09.csv",https://scholarship.law.columbia.edu/sabin_climate_change/280/,Sabin 2026 entry 3993; cancelled 2023,,,2026-09,in_latest_edition,,,,,src_731207f65d0f,sabin:S26P-3993,report_citation,unverified,20009,20009,name,,,,,,,,,,,,,,
con_84af6f2bb9,KS,Anderson County Wind Farm,wind,4,"In 2015, Calpine Corporation proposed a 200-MW wind project on 30,000 acres on a ridge in Eastern Anderson County.",blocked_unverified,outcome_label_only,cancelled,no,,Anderson County,,2016,200,30000,"In 2015, Calpine Corporation proposed a 200-MW wind project on 30,000 acres on a ridge in Eastern Anderson County. A group called Landowners Against Windmills organized in opposition. The group argued that the county’s zoning director unlawfully allowed Calpine to construct a 328-foot weather monitoring tower without a special use permit, violating public notice requirements. The tower was subsequently destroyed by vandalism at a loss of $200,000. The project was apparently abandoned. As of February 2023, there are no Calpine projects in Kansas or public plans to build in Anderson County.",S26P-3994,"Sabin Center, Opposition to Renewable Energy Facilities in the United States (Sept. 2026 ed.), via data/renewable_opposition_records_2026-09.csv",https://scholarship.law.columbia.edu/sabin_climate_change/280/,Sabin 2026 entry 3994; cancelled 2015,,,2026-09,in_latest_edition,,,,,src_731207f65d0f,sabin:S26P-3994,report_citation,unverified,20003,20003,name,,,,,,,,,,,,,,
con_80b99e0d09,KS,Argyle Creek Wind Project,wind,4,"In January 2017, nearly 60 residents of Sumner County filed a lawsuit to challenge the county’s approval of a conditional use permit for the 60-turbine, 150-MW Argyle Creek Wind Farm.",blocked_unverified,outcome_label_only,cancelled,yes,litigation,Sumner County,,2017,150,,"In January 2017, nearly 60 residents of Sumner County filed a lawsuit to challenge the county’s approval of a conditional use permit for the 60-turbine, 150-MW Argyle Creek Wind Farm. In September 2017, a judge ruled against the Sumner County Commission, thereby blocking the project.",S26P-3995,"Sabin Center, Opposition to Renewable Energy Facilities in the United States (Sept. 2026 ed.), via data/renewable_opposition_records_2026-09.csv",https://scholarship.law.columbia.edu/sabin_climate_change/280/,Sabin 2026 entry 3995; litigation venue: State; cancelled 2017,,,2026-09,in_latest_edition,,,,,src_731207f65d0f,sabin:S26P-3995,report_citation,unverified,20191,20191,name,,,,,,,,,,,,,,
con_51ba4792f7,KS,Auburn Harvest Wind,wind,4,"In October 2022, Osage County Commissioners denied an application from Auburn Harvest Wind to construct a wind farm on 30,000 acres.",blocked_unverified,outcome_label_only,cancelled,no,,Osage County,,2022,,30000,"In October 2022, Osage County Commissioners denied an application from Auburn Harvest Wind to construct a wind farm on 30,000 acres. At a hearing earlier in the month, local residents expressed concerns that the project would permanently alter the landscape and impact wildlife.",S26P-3996,"Sabin Center, Opposition to Renewable Energy Facilities in the United States (Sept. 2026 ed.), via data/renewable_opposition_records_2026-09.csv",https://scholarship.law.columbia.edu/sabin_climate_change/280/,Sabin 2026 entry 3996; cancelled 2022,,,2026-09,in_latest_edition,,,,,src_731207f65d0f,sabin:S26P-3996,report_citation,unverified,20139,20139,name,,,,,,,,,,,,,,
con_ad4a17b858,KS,Chisholm Trail Solar Energy Center,solar,2,"Shortly after the plans for a 103-MW Chisholm Trail Solar Energy Center project was proposed, in September 2023, the County Commission implemented a ban on utility-scale solar development for 6 months.",needs_review,none,unknown,no,,Sedgwick County,,2024,103,,"Shortly after the plans for a 103-MW Chisholm Trail Solar Energy Center project was proposed, in September 2023, the County Commission implemented a ban on utility-scale solar development for 6 months. In August 2024, the Commission implemented changes to its regulations, requiring a conditional use permit for any large-scale solar energy projects exceeding 40 acres.",S26P-3997,"Sabin Center, Opposition to Renewable Energy Facilities in the United States (Sept. 2026 ed.), via data/renewable_opposition_records_2026-09.csv",https://scholarship.law.columbia.edu/sabin_climate_change/280/,Sabin 2026 entry 3997,,,2026-09,in_latest_edition,,,,,src_731207f65d0f,sabin:S26P-3997,report_citation,unverified,20173,20173,name,,,,,,,,,,,,,,
con_7deb2d4a27,KS,Eagle Rock Wind Farm,wind,4,"In March 2005, Spanish company Gamesa began developing a proposal for a 100-MW wind farm in northeast McPherson County.",blocked_unverified,outcome_label_only,cancelled,no,,McPherson County,,2006,100,,"In March 2005, Spanish company Gamesa began developing a proposal for a 100-MW wind farm in northeast McPherson County. In August 2005, the county adopted a 6-month moratorium, which was ultimately extended through August 2006. The project appears to have been abandoned.",S26P-3998,"Sabin Center, Opposition to Renewable Energy Facilities in the United States (Sept. 2026 ed.), via data/renewable_opposition_records_2026-09.csv",https://scholarship.law.columbia.edu/sabin_climate_change/280/,Sabin 2026 entry 3998; cancelled 2006,,,2026-09,in_latest_edition,,,,,src_731207f65d0f,sabin:S26P-3998,report_citation,unverified,20113,20113,name,,,,,,,,,,,,,,
con_10cd18dbbd,KS,Hope Ridge Wind Project,wind,3,The Hope Ridge wind project is a 334-MW wind project.,pending,none,pending,yes,litigation,Dickinson County,,2025,334,,"The Hope Ridge wind project is a 334-MW wind project. Opposition to the wind project led to a civil lawsuit filed by residents against the County Commissioners, who approved the project by a 2-1 vote in November 2024. Residents filed a lawsuit in December 2024, alleging that the decision to approve the conditional use permit “did not follow the law and was unreasonable and unlawful.” [Note: As of January 2025, the litigation was still ongoing.]",S26P-3999,"Sabin Center, Opposition to Renewable Energy Facilities in the United States (Sept. 2026 ed.), via data/renewable_opposition_records_2026-09.csv",https://scholarship.law.columbia.edu/sabin_climate_change/280/,Sabin 2026 entry 3999; litigation venue: State,,,2026-09,in_latest_edition,,,,,src_731207f65d0f,sabin:S26P-3999,report_citation,unverified,20041,20041,name,,,,,,,,,,,,,,
con_a4fdd1c1aa,KS,Jeffrey Solar Project,solar,3,"In 2022, NextEra proposed the 500-MW Jeffrey Solar Project to be developed on approximately 5,000 acres of land in southwest Jackson County.",pending,none,pending,yes,litigation,Jackson County,,2025,500,5000,"In 2022, NextEra proposed the 500-MW Jeffrey Solar Project to be developed on approximately 5,000 acres of land in southwest Jackson County. The project has faced strong local opposition over concerns about its impact on property values and potential to interfere with property usage. In January 2025, a group of local residents opposing the project filed a lawsuit in the Topeka District Court alleging violations of environmental federal statutes and seeking an injunction to stop the project moving forward. In July 2025, the lawsuit was dismissed without prejudice for lack of standing and failure to state a claim.",S26P-4379,"Sabin Center, Opposition to Renewable Energy Facilities in the United States (Sept. 2026 ed.), via data/renewable_opposition_records_2026-09.csv",https://scholarship.law.columbia.edu/sabin_climate_change/280/,Sabin 2026 entry 4379; litigation venue: State,,,2026-09,in_latest_edition,,,,,src_731207f65d0f,sabin:S26P-4379,report_citation,unverified,20085,20085,name,,,,,,,,,,,,,,
con_11f2b2ffd3,KS,Kansas Sky Energy Center Solar Project,solar,3,"In 2023, Evergy proposed the Kansas Sky Energy Center Solar Project, a 159-MW solar farm to be developed on approximately 1,103 acres in Grant Township near Lawrence, Kansas.",pending,none,pending,yes,litigation,Douglas County,,2024,159,1103,"In 2023, Evergy proposed the Kansas Sky Energy Center Solar Project, a 159-MW solar farm to be developed on approximately 1,103 acres in Grant Township near Lawrence, Kansas. The project developer sought a conditional use permit from the Douglas County Planning Commission. The Commission received approximately 50 comments on the project, 30 of which expressed opposition to it. Voices against the project focused on the need to preserve agricultural land. In December 2023, the Douglas County Planning Commission’s review ended in a split 4-4 vote on the permit application. In April 2024, the Commission unanimously voted to approve the conditional use permit. In May 2024, a group of opponents of the project brought a lawsuit in the Douglas County District Court alleging that the approval of the permit conflicts with the County’s comprehensive plan and solar regulations. In December 2024, the District Court Judge issued an injunction preventing any construction on the project until the litigation is resolved. In October 2025, the Douglas County Commissioners voted unanimously to approve five temporary business use permits (TBUs) allowing the developer to conduct environmental testing for the project subject to a number of conditions while the litigation remains pending.",S26P-4000,"Sabin Center, Opposition to Renewable Energy Facilities in the United States (Sept. 2026 ed.), via data/renewable_opposition_records_2026-09.csv",https://scholarship.law.columbia.edu/sabin_climate_change/280/,Sabin 2026 entry 4000; litigation venue: State,,,2026-09,in_latest_edition,,,,,src_731207f65d0f,sabin:S26P-4000,report_citation,unverified,20045,20045,name,,,,,,,,,,,,,,
con_8181c4099f,KS,Leon Wind,wind,4,A proposed 68-turbine project south of Leon was canceled in 2005.,blocked_unverified,outcome_label_only,cancelled,no,,Butler County,,2005,,,A proposed 68-turbine project south of Leon was canceled in 2005. The Butler County Planning Commission unanimously recommended approval of the project but the County Commission rejected it.,S26P-4001,"Sabin Center, Opposition to Renewable Energy Facilities in the United States (Sept. 2026 ed.), via data/renewable_opposition_records_2026-09.csv",https://scholarship.law.columbia.edu/sabin_climate_change/280/,Sabin 2026 entry 4001; cancelled 2005,,,2026-09,in_latest_edition,,,,,src_731207f65d0f,sabin:S26P-4001,report_citation,unverified,20015,20015,name,,,,,,,,,,,,,,
con_caf052ae6c,KS,Neosho Ridge Wind,wind,3,"Plans by Apex Clean Energy to construct a 139-turbine, 300-MW wind farm in Neosho County were met with opposition from residents.",advanced_unverified,outcome_label_only,operational,yes,litigation,Neosho County,,2021,300,,"Plans by Apex Clean Energy to construct a 139-turbine, 300-MW wind farm in Neosho County were met with opposition from residents. Objections to the project included concerns regarding the cost of the project and potential issues with regulating the wind farm due to the lack of a strong zoning ordinance. After Apex Clean Energy received a permit for the project, 45 landowners filed a lawsuit in federal court to stop the project as an anticipatory nuisance. The court denied the developer’s motion for judgment on the pleadings, finding that the plaintiffs adequately alleged a claim of anticipatory nuisance. In June 2020, the parties voluntarily stipulated to dismissal, and the project entered commercial operation in 2021.",S26P-4002,"Sabin Center, Opposition to Renewable Energy Facilities in the United States (Sept. 2026 ed.), via data/renewable_opposition_records_2026-09.csv",https://scholarship.law.columbia.edu/sabin_climate_change/280/,Sabin 2026 entry 4002; litigation venue: Federal; cancelled 2021,,,2026-09,in_latest_edition,,,,,src_731207f65d0f,sabin:S26P-4002,report_citation,unverified,20133,20133,name,strong,eia:62481:operating;uswtdb:KS:62481,Neosho Ridge Wind Energy Center,operating,301,2021,37.48536,-95.37673,"EIA-860M August 2026: plant ID 62481 'Neosho Ridge Wind Energy Center' (KS, Neosho County, entity Empire District Electric Co, wind, 301 MW), operating, since 5/2021. Status (OP) Operating. USWTDB v9.1 (2026-09-28): entry 62481 'Neosho Ridge' (KS, Neosho County, wind, 301 MW), operating, since 2021. Matched on name and county and capacity. The inventory records the plant's status only; it says nothing about the opposition or its effect.",,,,,
con_0f04975fc1,KS,Pretty Prairie Wind Farm,wind,3,"A proposed 80-turbine, 220-MW wind farm by NextEra encountered local opposition in Reno County.",needs_review,none,unknown,yes,litigation,Reno County,,2022,220,,"A proposed 80-turbine, 220-MW wind farm by NextEra encountered local opposition in Reno County. After the Reno County Planning Commission issued a negative recommendation, 233 residents submitted protest petitions, which forced a unanimous vote of the Reno County Commission. In June 2019, the County Commission voted 2-1 in favor of the project, but, without a unanimous vote, the permit could not be issued. In July 2021, the developer filed a lawsuit alleging that the protest petitions were invalid, but in May 2020, the court ruled against the developer. In August 2022, the state appellate court upheld the decision that the protest petitions were legally sufficient to force a unanimous decision.",S26P-4003,"Sabin Center, Opposition to Renewable Energy Facilities in the United States (Sept. 2026 ed.), via data/renewable_opposition_records_2026-09.csv",https://scholarship.law.columbia.edu/sabin_climate_change/280/,Sabin 2026 entry 4003; litigation venue: State,,,2026-09,in_latest_edition,,,,,src_731207f65d0f,sabin:S26P-4003,report_citation,unverified,20155,20155,name,,,,,,,,,,,,,,
con_d4dbbbd76c,KY,Flemingsburg Wind Project,wind,4,"In May 2014, Duke Energy Renewables announced its intent to discontinue pursuing the construction of a wind farm in Mason and Fleming Counties.",blocked_confirmed,resolution: https://www.wmky.org/business/2014-05-10/flemingsburg-wind-project-discontinued,cancelled,no,"local_residents, organized_group",Fleming County; Mason County,,2014,,,"In May 2014, Duke Energy Renewables announced its intent to discontinue pursuing the construction of a wind farm in Mason and Fleming Counties. The project, which would have included 26 to 100 wind turbines, had encountered local opposition, and the developer explained in a letter that it concluded the project had little chance of success.",REC-0144,"Sabin Center, Opposition to Renewable Energy Facilities in the United States (Sept. 2026 ed.), via data/renewable_opposition_records_2026-09.csv",https://scholarship.law.columbia.edu/sabin_climate_change/280/,Sabin 2026 entry 4004; cancelled 2014; opposition_type carried from the 2025 edition,,,2026-09,in_latest_edition,con_d4dbbbd76c,,,,src_731207f65d0f,sabin:REC-0144,confirmed,verified,,21069;21161,names,,,,,,,,,,,https://www.wmky.org/business/2014-05-10/flemingsburg-wind-project-discontinued,opened,,2014-05
con_27db22e033,KY,Geenex Solar,solar,4,"In August 2021, amidst Geenex Solar’s early planning of a large-scale solar project in Clark County, the Clark County Fiscal Court denied two ordinances that would have expanded the places solar farms could be zoned in the county.",blocked_confirmed,resolution: https://www.wkyt.com/2021/08/27/clark-co-tables-massive-solar-farm-project-now/,unknown,no,"organized_group, local_residents",Clark County,,2021,,,"In August 2021, amidst Geenex Solar’s early planning of a large-scale solar project in Clark County, the Clark County Fiscal Court denied two ordinances that would have expanded the places solar farms could be zoned in the county. The Clark Coalition, an anti-solar community group, celebrated the decision as a victory.",REC-0145,"Sabin Center, Opposition to Renewable Energy Facilities in the United States (Sept. 2026 ed.), via data/renewable_opposition_records_2026-09.csv",https://scholarship.law.columbia.edu/sabin_climate_change/280/,Sabin 2026 entry 4005; opposition_type carried from the 2025 edition,,,2026-09,in_latest_edition,con_27db22e033,,,,src_731207f65d0f,sabin:REC-0145,confirmed,verified,21049,21049,name,,,,,,,,,,,https://www.wkyt.com/2021/08/27/clark-co-tables-massive-solar-farm-project-now/,opened,,2021-08-26
con_688bb69672,KY,Hardin Solar LLC,solar,4,"In January 2022, the Hardin County Planning Commission denied a conditional use permit for Hardin Solar LLC.",blocked_confirmed,resolution: https://www.thenewsenterprise.com/news/local/solar-company-appeals-commission-decision-to-deny-permit/article_b6721a17-9e9f-5ed1-8813-e709a47ba46f.html,cancelled,no,"local_residents, organized_group",Hardin County,,2022,,,"In January 2022, the Hardin County Planning Commission denied a conditional use permit for Hardin Solar LLC. Almost 200 Hardin County residents attended the commission meeting, many of them belonging to Hardin County Citizens for Responsible Solar. This group is opposed to industrial solar projects and has claimed credit for the denial of Hardin Solar’s permit.",REC-0146,"Sabin Center, Opposition to Renewable Energy Facilities in the United States (Sept. 2026 ed.), via data/renewable_opposition_records_2026-09.csv",https://scholarship.law.columbia.edu/sabin_climate_change/280/,Sabin 2026 entry 4006; cancelled 2022; opposition_type carried from the 2025 edition,Hardin County Citizens for Responsible Solar,https://www.thenewsenterprise.com/news/local/group-organized-to-fight-industrial-solar/article_5b1022c3-ae9c-5601-82d5-fa18103a42c2.html,2026-09,in_latest_edition,con_688bb69672,,,,src_731207f65d0f,sabin:REC-0146,confirmed,verified,21093,21093,name,,,,,,,,,,,https://www.thenewsenterprise.com/news/local/solar-company-appeals-commission-decision-to-deny-permit/article_b6721a17-9e9f-5ed1-8813-e709a47ba46f.html,opened,,2022-01-18
con_cfc5774b7a,KY,Madison County Solar Farm,solar,1,"Local residents collected 387 signatures for a petition opposing a 100-MW, 1,100-acre solar farm in Madison County on the grounds that it would be an eyesore and harm property values.",advanced_confirmed,resolution: https://psc.ky.gov/pscecf/2020-00219/tosterloh%40sturgillturner.com/07092021050628/AEUG_Madison_Petition_for_Reconsideration_v2_%2801497557xA9D25%29.pdf,pending,no,"local_residents, organized_group",Madison County,,2021,100,1100,"Local residents collected 387 signatures for a petition opposing a 100-MW, 1,100-acre solar farm in Madison County on the grounds that it would be an eyesore and harm property values. However, in December 2020 or January 2021, the Madison County Board of Adjustments approved the project.",REC-0147,"Sabin Center, Opposition to Renewable Energy Facilities in the United States (Sept. 2026 ed.), via data/renewable_opposition_records_2026-09.csv",https://scholarship.law.columbia.edu/sabin_climate_change/280/,Sabin 2026 entry 4007; opposition_type carried from the 2025 edition,,,2026-09,in_latest_edition,con_cfc5774b7a,,,,src_731207f65d0f,sabin:REC-0147,confirmed,verified,21151,21151,name,,,,,,,,,,,https://psc.ky.gov/pscecf/2020-00219/tosterloh%40sturgillturner.com/07092021050628/AEUG_Madison_Petition_for_Reconsideration_v2_%2801497557xA9D25%29.pdf,opened,,2020-12-03
con_d8d3ea6e86,KY,NextEra’s Mason County Wind Energy Project,wind,4,"In May 2014, NextEra Energy Resources submitted a letter to Mason County officials announcing that it was abandoning research on a potential wind project in the county due to state restrictions and anticipated local restrictions, including increased setbacks.",blocked_confirmed,resolution: https://www.maysville-online.com/opinion/110627/nextera-cancels-plans-for-wind-farm-in-mason-county,cancelled,no,"local_residents, organized_group",Mason County,,2014,,,"In May 2014, NextEra Energy Resources submitted a letter to Mason County officials announcing that it was abandoning research on a potential wind project in the county due to state restrictions and anticipated local restrictions, including increased setbacks.",REC-0148,"Sabin Center, Opposition to Renewable Energy Facilities in the United States (Sept. 2026 ed.), via data/renewable_opposition_records_2026-09.csv",https://scholarship.law.columbia.edu/sabin_climate_change/280/,Sabin 2026 entry 4008; cancelled 2014; opposition_type carried from the 2025 edition,,,2026-09,in_latest_edition,con_d8d3ea6e86,,,,src_731207f65d0f,sabin:REC-0148,confirmed,verified,21161,21161,name,,,,,,,,,,,https://www.maysville-online.com/opinion/110627/nextera-cancels-plans-for-wind-farm-in-mason-county,opened,,2014-05
con_d22367e571,KY,Savion’s Mercer County Solar Farm,solar,4,"In October 2020, the Mercer County Fiscal Court denied approval for a 1,200-acre solar project proposed by Savion, overriding the recommendation of the county’s planning and zoning commission.",blocked_unverified,outcome_label_only,cancelled,no,"organized_group, local_residents",Mercer County,,2020,,1200,"In October 2020, the Mercer County Fiscal Court denied approval for a 1,200-acre solar project proposed by Savion, overriding the recommendation of the county’s planning and zoning commission. Opponents organized against the project on a Facebook group called “Preserve Mercer County Farm Land” and spoke at a public meeting in August 2020 of concerns about impacts to property values, visual impacts, local temperature changes, and loss of farmland.",REC-0149,"Sabin Center, Opposition to Renewable Energy Facilities in the United States (Sept. 2026 ed.), via data/renewable_opposition_records_2026-09.csv",https://scholarship.law.columbia.edu/sabin_climate_change/280/,Sabin 2026 entry 4009; cancelled 2020; opposition_type carried from the 2025 edition,,,2026-09,in_latest_edition,con_d22367e571,,,,src_731207f65d0f,sabin:REC-0149,report_citation,unverified,21167,21167,name,,,,,,,,,,,,,,
con_c4b18e3d55,KY,Stonefield Solar Project,solar,3,"In May 2023, the Hardin County Commission denied a request by participating landowners to change the zoning of 1,030-acres from rural residential to industrial to allow for the development of the Stonfield Solar Project.",pending,none,pending,yes,litigation,Hardin County,,2023,,1030,"In May 2023, the Hardin County Commission denied a request by participating landowners to change the zoning of 1,030-acres from rural residential to industrial to allow for the development of the Stonfield Solar Project. The Harden Fiscal Court eventually approved the zoning change in July 2023. Later that month, a citizen’s group called Hardin County Citizens for Responsible Solar filed a lawsuit challenging the permitting of the solar project in a heavy industrial zone, arguing that the project does not qualify as manufacturing and is at odds with the Hardin County Comprehensive Plan. The lawsuit seeks declaratory judgment rescinding the zoning change.",REC-0150,"Sabin Center, Opposition to Renewable Energy Facilities in the United States (Sept. 2026 ed.), via data/renewable_opposition_records_2026-09.csv",https://scholarship.law.columbia.edu/sabin_climate_change/280/,Sabin 2026 entry 4010; litigation venue: State,Hardin County Citizens for Responsible Solar,https://www.thenewsenterprise.com/news/local/group-organized-to-fight-industrial-solar/article_5b1022c3-ae9c-5601-82d5-fa18103a42c2.html,2026-09,in_latest_edition,con_c4b18e3d55,,,,src_731207f65d0f,sabin:REC-0150,report_citation,unverified,21093,21093,name,,,,,,,,,,,,,,
con_a27dc93458,LA,Cajun Crescent Energy Center,solar,4,"In September 2021, local residents of Southeast Calcasieu Parish filed a lawsuit against the parish zoning board and police jury to contest the approval of a 3,400-acre solar farm that would generate 300 to 400 MW.",blocked_confirmed,resolution: https://caselaw.findlaw.com/court/la-court-of-appeal/219220.html,cancelled,yes,litigation,Calcasieu Parish,,2024,400,3400,"In September 2021, local residents of Southeast Calcasieu Parish filed a lawsuit against the parish zoning board and police jury to contest the approval of a 3,400-acre solar farm that would generate 300 to 400 MW. Opponents of the project stated that they have not received sufficient guarantees as to human health and safety, as well as impacts on birds and other wildlife. On November 19, 2024, the Calcasieu Planning and Zoning Board rejected a zoning exception necessary for construction to proceed.",REC-0154,"Sabin Center, Opposition to Renewable Energy Facilities in the United States (Sept. 2026 ed.), via data/renewable_opposition_records_2026-09.csv",https://scholarship.law.columbia.edu/sabin_climate_change/280/,"Sabin 2026 entry 4011; litigation venue: Administrative, State; cancelled 2024",,,2026-09,in_latest_edition,con_a27dc93458,,,,src_731207f65d0f,sabin:REC-0154,confirmed,verified,22019,22019,name,,,,,,,,,,,https://caselaw.findlaw.com/court/la-court-of-appeal/219220.html,opened,,2026-07-15
con_96160cb151,LA,St. James Solar,solar,4,"In June 2024, after more than 2.5 hours of comments at a public meeting, the St. James Parish Council denied by 4-3 vote a land use permit for St. James Solar, a 2,200-acre, 360-MW solar farm proposed by D.E. Shaw Renewable Investments (DESRI).",blocked_confirmed,resolution: https://www.stjamesparishtoday.com/news/denied-no-solar-panel-farm-vacherie,cancelled,no,"local_residents, organized_group",St. James Parish,,2024,360,2200,"In June 2024, after more than 2.5 hours of comments at a public meeting, the St. James Parish Council denied by 4-3 vote a land use permit for St. James Solar, a 2,200-acre, 360-MW solar farm proposed by D.E. Shaw Renewable Investments (DESRI). The Council’s denial followed the St. James Parish Planning Commission’s 8-1 rejection of the project in April 2024. DESRI had agreed to offer a $4.67 million community benefits package and stated that the solar farm would have extensive buffers, fencing, and screening such that it would be virtually invisible and noiseless to passerby. The project, however, would have required a special exception from the agricultural and residential land use designations in the land use plan, which prohibit solar farms, and that exception was denied. DESRI’s original plan for a 3,500-acre version of the project had prompted the Council to enact a moratorium and a new ordinance on solar farms in 2022.",REC-0155,"Sabin Center, Opposition to Renewable Energy Facilities in the United States (Sept. 2026 ed.), via data/renewable_opposition_records_2026-09.csv",https://scholarship.law.columbia.edu/sabin_climate_change/280/,Sabin 2026 entry 4012; cancelled 2024; opposition_type carried from the 2025 edition,,,2026-09,in_latest_edition,con_96160cb151,,,,src_731207f65d0f,sabin:REC-0155,confirmed,verified,22093,22093,name,,,,,,,,,,,https://www.stjamesparishtoday.com/news/denied-no-solar-panel-farm-vacherie,opened,,2024-06-18
con_7249412564,LA,White Castle Solar Farm,solar,4,"Developer NextEra has proposed a 2,057-acre solar project in Iberville and Pointe Coupee Parishes.",blocked_confirmed,resolution: https://www.postsouth.com/story/news/local/2025/08/28/news-local-iberville-parish-government-chris-daigle-nextera-coastal-prairie-solar-project/85856726007/,pending,no,"local_residents, organized_group",Iberville Parish; Pointe Coupee Parish,,2023,,2057,"Developer NextEra has proposed a 2,057-acre solar project in Iberville and Pointe Coupee Parishes. Pointe Coupee Parish residents have generally not opposed the project, but a contingent in Iberville Parish has stood in strong opposition to it. Citing concerns about devalued property, loss of farmland, and impacts to the parishes’ rural atmosphere, project opponents held up signs saying “no solar” and “you’re not wanted here” at a September 2023 parish meeting. Parish President Mitchell Ourso voiced his opposition to the project, saying, “I cannot support this project here in our parish. . . . Before there was industry in our parish, everything was agriculture. This has no economic impact, and I think it can be detrimental for years to come in White Castle.”",REC-0156,"Sabin Center, Opposition to Renewable Energy Facilities in the United States (Sept. 2026 ed.), via data/renewable_opposition_records_2026-09.csv",https://scholarship.law.columbia.edu/sabin_climate_change/280/,"Sabin 2026 entry 4013; title names Iberville and Pointe Coupee Parishes, county columns name Iberville Parish, Pointe Coupee Parish; opposition_type carried from the 2025 edition",,,2026-09,in_latest_edition,con_7249412564,,,,src_731207f65d0f,sabin:REC-0156,confirmed,verified,,22047;22077,names,,,,,,,,,,,https://www.postsouth.com/story/news/local/2025/08/28/news-local-iberville-parish-government-chris-daigle-nextera-coastal-prairie-solar-project/85856726007/,opened,,2025-08
con_db343251b7,MA,Amherst Capped Landfill Solar,solar,3,"In 2011, the Town of Amherst selected SunEdison to build a 2.4-MW solar array on a capped town landfill.",needs_review,none,unknown,yes,litigation,Hampshire County,Town of Amherst,2016,2.4,,"In 2011, the Town of Amherst selected SunEdison to build a 2.4-MW solar array on a capped town landfill. In response, citizens filed a lawsuit against town officials for allegedly violating an agreement with the state that the landfill site must be used for recreational purposes. The lawsuit became moot in February 2012, when the state legislature passed a bill allowing all capped municipal landfills to serve as sites for solar projects. In April 2012, plaintiffs amended the lawsuit to include potential impacts to habitat of the grasshopper sparrow, which is protected under the Massachusetts Endangered Species Act. The lawsuit was dismissed without prejudice in December 2015. However, in July 2016 town officials terminated their contract with SunEdison after learning from the Massachusetts Division of Fisheries and Wildlife that the landfill solar project would likely impact habitat of the grasshopper sparrow.",REC-0190,"Sabin Center, Opposition to Renewable Energy Facilities in the United States (Sept. 2026 ed.), via data/renewable_opposition_records_2026-09.csv",https://scholarship.law.columbia.edu/sabin_climate_change/280/,Sabin 2026 entry 4014; litigation venue: State,,,2026-09,in_latest_edition,con_db343251b7,,,,src_731207f65d0f,sabin:REC-0190,report_citation,unverified,25015,25015,name,,,,,,,,,,,,,,
con_c2099c575a,MA,ASD Shutesbury MA Solar LLC,solar,4,"In November 2021, ASD Shutesbury MA Solar LLC withdrew an application to build an 11-MW solar farm in Amherst as the Town Council considered enacting an 18-month moratorium on large solar arrays.",blocked_unverified,outcome_label_only,cancelled,no,,Hampshire County,Town of Amherst,2021,11,,"In November 2021, ASD Shutesbury MA Solar LLC withdrew an application to build an 11-MW solar farm in Amherst as the Town Council considered enacting an 18-month moratorium on large solar arrays.",REC-0191,"Sabin Center, Opposition to Renewable Energy Facilities in the United States (Sept. 2026 ed.), via data/renewable_opposition_records_2026-09.csv",https://scholarship.law.columbia.edu/sabin_climate_change/280/,Sabin 2026 entry 4015; cancelled 2021,,,2026-09,in_latest_edition,con_c2099c575a,,,,src_731207f65d0f,sabin:REC-0191,report_citation,unverified,25015,25015,name,,,,,,,,,,,,,,
con_7ac9fd0b47,MA,Bullard Farm Solar Plant,solar,4,The Holliston Planning Board unanimously rejected the proposed Bullard Farm Solar Plant in 2012.,blocked_confirmed,resolution: https://patch.com/massachusetts/holliston-hopkinton/bullard-solar-farm-officially-dead-after-planning-board-vote,cancelled,no,,Middlesex County,Town of Holliston,2012,,,The Holliston Planning Board unanimously rejected the proposed Bullard Farm Solar Plant in 2012. A local group called Stop Bullard Farm Power Plant claimed that the solar array would pose risks to the health of area residents due to toxic chemicals in the panels and the output of electromagnetic frequency.,REC-0192,"Sabin Center, Opposition to Renewable Energy Facilities in the United States (Sept. 2026 ed.), via data/renewable_opposition_records_2026-09.csv",https://scholarship.law.columbia.edu/sabin_climate_change/280/,Sabin 2026 entry 4016; cancelled 2012,,,2026-09,in_latest_edition,con_7ac9fd0b47,,,,src_731207f65d0f,sabin:REC-0192,confirmed,verified,25017,25017,name,,,,,,,,,,,https://patch.com/massachusetts/holliston-hopkinton/bullard-solar-farm-officially-dead-after-planning-board-vote,opened,,2012-04-12
con_5107a9a22e,MA,Cape Cod Solar,solar,2,"In 2019, PureSky Energy proposed the Cape Cod Solar project on approximately 83 acres (out of over 200 acres) of a former country club golf course in the Town of Falmouth.",pending,none,pending,no,,Barnstable County,Town of Falmouth,2025,13.5,83,"In 2019, PureSky Energy proposed the Cape Cod Solar project on approximately 83 acres (out of over 200 acres) of a former country club golf course in the Town of Falmouth. The project consists of three solar facilities with battery energy storage systems (BESS) and has a total capacity of up to 13.5 MW. The project has faced opposition from local residents, who have advocated for the preservation of the golf course on the grounds that it is historically significant. A Change.org petition garnered over 3,500 signatures to preserve the nearly 100-year-old golf course. Other opponents have expressed a preference for the development of housing, rather than the solar facility, on the land. In September 2025, the Cape Cod Commission, in a 14-1 vote, approved the conversion of the golf course. In November 2025, the Town approved the site conversion plans which include donating approximately 137 acres to the town to be protected as permanent open space. The solar project will now go before the Falmouth Planning Board for site plan review.",S26P-4395,"Sabin Center, Opposition to Renewable Energy Facilities in the United States (Sept. 2026 ed.), via data/renewable_opposition_records_2026-09.csv",https://scholarship.law.columbia.edu/sabin_climate_change/280/,Sabin 2026 entry 4395,,,2026-09,in_latest_edition,,,,,src_731207f65d0f,sabin:S26P-4395,report_citation,unverified,25001,25001,name,,,,,,,,,,,,,,
con_db91d6c999,MA,Cape Wind,wind,4,"In 2017, after spending $100 million of his own money, the developer of Cape Wind, a proposed 454-MW offshore wind farm, abandoned the project.",blocked_confirmed,court_ruling: Public Employees for Environmental Responsibility v. Hopper,cancelled,yes,litigation,Barnstable County,,2017,454,,"In 2017, after spending $100 million of his own money, the developer of Cape Wind, a proposed 454-MW offshore wind farm, abandoned the project. For years, the project was weighed down by costly legal challenges from groups such as the Alliance to Protect Nantucket Sound. In addition to the Alliance to Protect Nantucket Sound, which was chaired by William Koch, the project faced opposition from fishing groups and Native American tribes. As a result of delays caused by opposition, Cape Wind was unable to meet the construction deadlines set out in power purchase agreements. In 2015, two utilities canceled their contracts with Cape Wind.",REC-0193,"Sabin Center, Opposition to Renewable Energy Facilities in the United States (Sept. 2026 ed.), via data/renewable_opposition_records_2026-09.csv",https://scholarship.law.columbia.edu/sabin_climate_change/280/,Sabin 2026 entry 4017; litigation venue: State; cancelled 2017,Alliance to Protect Nantucket Sound,https://www.wbur.org/news/2010/06/25/cape-wind-lawsuit,2026-09,in_latest_edition,con_db91d6c999,,,,src_731207f65d0f,sabin:REC-0193,confirmed,verified,25001,25001,name,,,,,,,,,,,,,,
con_53f001f2c6,MA,Convergent Energy Braintree,battery_storage,4,"In December 2024, Braintree’s fire chief declined to sign off on Convergent Energy’s 5-MW Battery Energy Storage System proposal, which would have been located 200 feet from a church and 159 feet from the nearest house.",blocked_unverified,outcome_label_only,cancelled,no,,Norfolk County,,2024,5,,"In December 2024, Braintree’s fire chief declined to sign off on Convergent Energy’s 5-MW Battery Energy Storage System proposal, which would have been located 200 feet from a church and 159 feet from the nearest house. In deciding not to support the project, the fire chief stated that the project’s proposed evacuation routes in the event of a battery fire were “insufficient.”",S26P-4018,"Sabin Center, Opposition to Renewable Energy Facilities in the United States (Sept. 2026 ed.), via data/renewable_opposition_records_2026-09.csv",https://scholarship.law.columbia.edu/sabin_climate_change/280/,Sabin 2026 entry 4018; cancelled 2024,,,2026-09,in_latest_edition,,,,,src_731207f65d0f,sabin:S26P-4018,report_citation,unverified,25021,25021,name,,,,,,,,,,,,,,
con_5cff270095,MA,Falmouth Wind,wind,4,"Two turbines known as Falmouth Wind 1 and 2, which were installed in 2010 and 2013, faced opposition from neighbors based in part on concerns about noise and health impacts.",blocked_unverified,outcome_label_only,cancelled,yes,litigation,Barnstable County,Town of Falmouth,2022,,,"Two turbines known as Falmouth Wind 1 and 2, which were installed in 2010 and 2013, faced opposition from neighbors based in part on concerns about noise and health impacts. In March 2013, two residents of the Town of Falmouth filed a complaint with the Falmouth Building Commissioner alleging that two wind turbines were a nuisance. The Building Commissioner denied the request to compel the Town to shut the turbines down. However, in December 2013, after holding a public meeting, the Falmouth Zoning Board of Appeals (ZBA) found that the turbines were a nuisance and overturned the denial. In 2014, the Town of Falmouth, as owner and operator of the turbines, filed a lawsuit in state court against the ZBA, alleging that the ZBA’s decision to shut down the turbines was arbitrary and capricious. The court sided with the ZBA, finding that the wind turbines posed a nuisance and ordering that the turbines be permanently stopped. By October 2022, the Town had demolished the two wind turbines.",S26P-4019,"Sabin Center, Opposition to Renewable Energy Facilities in the United States (Sept. 2026 ed.), via data/renewable_opposition_records_2026-09.csv",https://scholarship.law.columbia.edu/sabin_climate_change/280/,"Sabin 2026 entry 4019; litigation venue: Administrative, State; cancelled 2022",,,2026-09,in_latest_edition,,,,,src_731207f65d0f,sabin:S26P-4019,report_citation,unverified,25001,25001,name,,,,,,,,,,,,,,
con_e5fc646228,MA,Future Generation Wind,wind,3,"In 2016, the Town of Bourne filed suit against Future Generation Wind, claiming that the company was failing to consider the impacts in Bourne of a 4-turbine, 6-MW wind farm it was constructing in the neighboring town of Plymouth.",needs_review,none,unknown,yes,litigation,Barnstable County; Plymouth County,,2020,6,,"In 2016, the Town of Bourne filed suit against Future Generation Wind, claiming that the company was failing to consider the impacts in Bourne of a 4-turbine, 6-MW wind farm it was constructing in the neighboring town of Plymouth. In February 2020, after the wind farm was constructed, the Plymouth Board of Health unanimously voted that it constituted a public nuisance. The Board had received over 360 complaints since the 500-foot turbines began operating in 2016. The Board also voted to take action against Future Generation Wind “in a reasonable amount of time,” though more information on the Board’s actions does not appear to be available.",S26P-4020,"Sabin Center, Opposition to Renewable Energy Facilities in the United States (Sept. 2026 ed.), via data/renewable_opposition_records_2026-09.csv",https://scholarship.law.columbia.edu/sabin_climate_change/280/,Sabin 2026 entry 4020; litigation venue: State,,,2026-09,in_latest_edition,,,,,src_731207f65d0f,sabin:S26P-4020,report_citation,unverified,,25001;25023,names,strong,eia:59622:operating;uswtdb:MA:59622,Future Generation Wind,operating,8,2016,41.77444,-70.61583,"EIA-860M August 2026: plant ID 59622 'Future Generation Wind' (MA, Plymouth County, entity RWE Clean Energy, wind, 8 MW), operating, since 8/2016. Status (OP) Operating. USWTDB v9.1 (2026-09-28): entry 59622 'Future Generation Wind' (MA, Plymouth County, wind, 8 MW), operating, since 2016. Matched on name and county. The inventory records the plant's status only; it says nothing about the opposition or its effect.","outcome needs_review, but the plant is operating",,,,
con_e2a1c5e080,MA,Lexington Solar Project,solar,2,"A group called Waltham Neighbors for Safe Solar is circulating a petition for restrictions on a planned 9-acre, 1-MW solar plant on the Lexington/Waltham border.",pending,none,pending,no,,Middlesex County,Town of Lexington,2023,1,9,"A group called Waltham Neighbors for Safe Solar is circulating a petition for restrictions on a planned 9-acre, 1-MW solar plant on the Lexington/Waltham border. As of February 24, 2023, they have collected 491 signatures for a petition to require 200-foot setbacks from property lines and “[m]aintain any planted trees.”",S26P-4021,"Sabin Center, Opposition to Renewable Energy Facilities in the United States (Sept. 2026 ed.), via data/renewable_opposition_records_2026-09.csv",https://scholarship.law.columbia.edu/sabin_climate_change/280/,Sabin 2026 entry 4021,,,2026-09,in_latest_edition,,,,,src_731207f65d0f,sabin:S26P-4021,report_citation,unverified,25017,25017,name,,,,,,,,,,,,,,
con_462ed76d80,MA,New England Wind 1 Transmission,transmission,3,"In July 2024, residents of Centerville, a village in the Town of Barnstable, filed a civil suit against the Barnstable Town Council seeking injunctive relief to stop the construction of transmission lines for Avangrid’s New England Wind 1 offshore wind project.",pending,none,pending,yes,litigation,Barnstable County,Town of Barnstable,2024,,,"In July 2024, residents of Centerville, a village in the Town of Barnstable, filed a civil suit against the Barnstable Town Council seeking injunctive relief to stop the construction of transmission lines for Avangrid’s New England Wind 1 offshore wind project. The transmission lines, if constructed, would pass underneath the town’s main street. The plaintiff group Save Greater Dowses Beach argued that the Town Council negotiated a side agreement with Avangrid without public input. The case was dismissed in August 2024.",S26P-4022,"Sabin Center, Opposition to Renewable Energy Facilities in the United States (Sept. 2026 ed.), via data/renewable_opposition_records_2026-09.csv",https://scholarship.law.columbia.edu/sabin_climate_change/280/,Sabin 2026 entry 4022; litigation venue: State,,,2026-09,in_latest_edition,,,,,src_731207f65d0f,sabin:S26P-4022,report_citation,unverified,25001,25001,name,,,,,,,,,,,,,,
con_13940fdba9,MA,"New England Wind 2, formerly known as Commonwealth Wind Project and Park City Wind",wind,3,"In 2017, Avangrid began the development of two offshore wind farms south of Martha’s Vineyard – Commonwealth Wind (1,200-MW) and Park City Wind (800-MW).",pending,none,pending,yes,litigation,Barnstable County,,2025,800,,"In 2017, Avangrid began the development of two offshore wind farms south of Martha’s Vineyard – Commonwealth Wind (1,200-MW) and Park City Wind (800-MW). In April 2023, the developer filed a lawsuit against the Edgartown Conservation Commission after the town denied the company’s request to install subsurface transmission cables in town waters (see separate entry for New England Wind 1). Avangrid received a favorable ruling from the court, and in September 2023, the Commission rescinded its denial of the request. At a November 2023 Town public meeting concerning offshore wind, many Barnstable residents opposed plans to bring the cable installation, expressing concerns about disruption to public beaches and roads and impacts from electromagnetic fields. The citizen group Save Greater Dowses Beach formed in opposition to Avangrid’s plans to install the cables. In December 2023, the state Energy Facilities Siting Board voted to permit the landing of underground cables for the projects at Craigville Beach in Barnstable. In April 2024, the Department of the Interior’s Bureau of Ocean Energy Management (BOEM) reviewed and approved the projects, which were combined and rebranded as New England Wind 2. In May 2025, the group ACK for Whales filed a lawsuit in the US District Court for the District of Columbia challenging the project alleging that the BOEM approval process violated several federal environmental laws, including the Marine Mammal Protection Act, the Endangered Species Act, the National Historic Preservation Act, and the Outer Continental Shelf Lands Act. In September 2025, the Department of Interior filed a motion indicating that it is reconsidering its 2024 permit approval for the project. The litigation remains pending.",REC-0194,"Sabin Center, Opposition to Renewable Energy Facilities in the United States (Sept. 2026 ed.), via data/renewable_opposition_records_2026-09.csv",https://scholarship.law.columbia.edu/sabin_climate_change/280/,Sabin 2026 entry 4024; litigation venue: State,,,2026-09,in_latest_edition,con_13940fdba9,,,,src_731207f65d0f,sabin:REC-0194,report_citation,unverified,25001,25001,name,,,,,,,,,,,,,,
con_0fde70e391,MA,Northfield Solar Project,solar,3,"In September 2021, the Northfield Planning Board approved a proposal by BlueWave Solar for a solar energy project that would cover 76 acres on three noncontiguous tracts.",pending,none,pending,yes,litigation,Franklin County,Town of Northfield,2023,,76,"In September 2021, the Northfield Planning Board approved a proposal by BlueWave Solar for a solar energy project that would cover 76 acres on three noncontiguous tracts. In November 2022, an abutter and an organization called “RESTORE: The North Woods” filed an appeal to contest the issuance of permits. The complaint alleged that the project would cause the abutter to “suffer a loss of the rural and agricultural values and aesthetic of the scenic country setting” and harm “prime farmland.” In April 2023, a Franklin County Superior Court judge ruled that the plaintiffs had standing to pursue their claim, allowing the case to proceed to trial. However, the following September, the parties agreed to dismiss the appeal, allowing the project to move forward.",S26P-4023,"Sabin Center, Opposition to Renewable Energy Facilities in the United States (Sept. 2026 ed.), via data/renewable_opposition_records_2026-09.csv",https://scholarship.law.columbia.edu/sabin_climate_change/280/,Sabin 2026 entry 4023; litigation venue: State,,,2026-09,in_latest_edition,,,,,src_731207f65d0f,sabin:S26P-4023,report_citation,unverified,25011,25011,name,,,,,,,,,,,,,,
con_64b3fc4b29,MA,Petersham Solar,solar,3,"In 2021, Sunpin Energy proposed the 4.3-MW Petersham Solar project to be located on approximately 14 acres in Petersham, Worcester County.",pending,none,pending,yes,litigation,Worcester County,Petersham,2025,4.3,14,"In 2021, Sunpin Energy proposed the 4.3-MW Petersham Solar project to be located on approximately 14 acres in Petersham, Worcester County. In November 2021, after four public meetings, the Petersham Zoning Board of Appeals (ZBA) voted 2-1 to approve the developer’s application for a special use permit for the project. However, as a unanimous vote was required, the permit was not issued. The dissenting board member and local residents opposing the project, expressed concern that it would require the cross-cutting of forest in a 14-acre parcel and harm the character of the community. In December 2021, the developer challenged the ZBA’s decision in the Massachusetts Land Court. In August 2023, the Land Court ruled that the ZBA had acted within their authority and the denial was reasonable based on public safety, health, and welfare. The developer subsequently challenged the Land Court’s ruling in the Massachusetts Appeals Court. In July 2025, the Appeals Court reversed, holding that the proposed use was allowed with a special permit, and that the ZBA had exceeded their discretion in denying the permit. The matter is currently on appeal by the ZBA before the Massachusetts Supreme Judicial Court.",S26P-4436,"Sabin Center, Opposition to Renewable Energy Facilities in the United States (Sept. 2026 ed.), via data/renewable_opposition_records_2026-09.csv",https://scholarship.law.columbia.edu/sabin_climate_change/280/,Sabin 2026 entry 4436; litigation venue: State,,,2026-09,in_latest_edition,,,,,src_731207f65d0f,sabin:S26P-4436,report_citation,unverified,25027,25027,name,,,,,,,,,,,,,,
con_f2e9977093,MA,Shutesbury Solar Project,solar,3,"In August 2016, opponents of a proposed 6.2-MW solar farm filed a lawsuit in federal court alleging that the 30-acre site contained Native American burial grounds and that it was a ceremonial landscape.",pending,none,pending,yes,litigation,Franklin County,Town of Shutesbury,2017,6.2,30,"In August 2016, opponents of a proposed 6.2-MW solar farm filed a lawsuit in federal court alleging that the 30-acre site contained Native American burial grounds and that it was a ceremonial landscape. While the developer, Lake Street Development, had already conducted archaeological studies and found no artifacts, opponents argued that additional analysis was necessary. In August 2017, the court dismissed the case on jurisdictional grounds, and the project was allowed to proceed.",S26P-4025,"Sabin Center, Opposition to Renewable Energy Facilities in the United States (Sept. 2026 ed.), via data/renewable_opposition_records_2026-09.csv",https://scholarship.law.columbia.edu/sabin_climate_change/280/,Sabin 2026 entry 4025; litigation venue: Federal,,,2026-09,in_latest_edition,,,,,src_731207f65d0f,sabin:S26P-4025,report_citation,unverified,25011,25011,name,,,,,,,,,,,,,,
con_8f4491971e,MA,"SouthCoast Wind, f/k/a Mayflower Wind, Falmouth Connection",wind,2,"SouthCoast Wind is a proposed 2,400-MW offshore project that would be located 30 miles south of Martha’s Vineyard and 20 miles south of Nantucket.",pending,none,pending,no,,Barnstable County,Town of Nantucket,2025,2400,,"SouthCoast Wind is a proposed 2,400-MW offshore project that would be located 30 miles south of Martha’s Vineyard and 20 miles south of Nantucket. The developer is seeking to connect the project to the grid at two separate sites in Somerset and Falmouth, Massachusetts. The potential landing site in Falmouth, however, has faced local opposition. On December 19, 2022, the Select Board of the Town of Falmouth denied the developer’s request for access to town property to conduct soil testing for suitability of a landing site. In August 2023, SouthCoast Wind petitioned to terminate the project’s power purchase agreements. SouthCoast received new power purchase agreements with Massachusetts and Rhode Island in September 2024. In October 2024, the project received approval from Massachusetts’ Energy Facilities Siting Board for the project’s transmission facilities, along with approvals from the Massachusetts Department of Environmental Protection and Massachusetts Office of Coastal Zone Management. On October 30, 2024, the town of Nantucket’s special legal counsel, Cultural Heritage Partners, submitted a letter to BOEM raising concerns about mitigation measures and emergency response plans for blade failures. [Note: In February 2025, the developer announced that the project could be delayed until 2029 due to uncertainty related to federal policy.]",S26P-4026,"Sabin Center, Opposition to Renewable Energy Facilities in the United States (Sept. 2026 ed.), via data/renewable_opposition_records_2026-09.csv",https://scholarship.law.columbia.edu/sabin_climate_change/280/,Sabin 2026 entry 4026,,,2026-09,in_latest_edition,,,,,src_731207f65d0f,sabin:S26P-4026,report_citation,unverified,25001,25001,name,,,,,,,,,,,,,,
con_6dbd2b0516,MA,Van Deusenville Solar Project,solar,2,"In 2025, Lodestar Energy proposed the 3.5-MW Van Deusenville Solar Project to be located on a 12-acre parcel of land zoned as a residential district in the Town of Great Barrington.",pending,none,pending,no,,Berkshire County,Town of Great Barrington,2025,3.5,12,"In 2025, Lodestar Energy proposed the 3.5-MW Van Deusenville Solar Project to be located on a 12-acre parcel of land zoned as a residential district in the Town of Great Barrington. In November 2025, following a public hearing, the Great Barrington Selectboard voted unanimously to recommend denial of the special permit for the project. Opponents of the project raised concerns over the potential for noise and the impact on the residential character of the neighborhood, and asserted that the project would be better suited for a commercial zone. Supporters of the project asserted the potential for an increase in tax revenues. The project will next be considered by the Planning Board for a final decision on the permit application.",S26P-4396,"Sabin Center, Opposition to Renewable Energy Facilities in the United States (Sept. 2026 ed.), via data/renewable_opposition_records_2026-09.csv",https://scholarship.law.columbia.edu/sabin_climate_change/280/,Sabin 2026 entry 4396,,,2026-09,in_latest_edition,,,,,src_731207f65d0f,sabin:S26P-4396,report_citation,unverified,25003,25003,name,,,,,,,,,,,,,,
con_602230b54d,MA,Vineyard Wind 1,wind,3,"In 2017, Avangrid Renewables proposed a 62-turbine, 800-MW offshore wind project located more than 15 miles of Martha’s Vineyard.",pending,none,pending,yes,litigation,Nantucket County,,2025,800,,"In 2017, Avangrid Renewables proposed a 62-turbine, 800-MW offshore wind project located more than 15 miles of Martha’s Vineyard. The project has faced opposition from fishing industry groups, a solar developer, and a local citizen group called Nantucket Residents Against Turbines (ACKRATS). In 2021 and 2022, these groups filed four separate lawsuits against the project in federal court. All four lawsuits alleged insufficient consideration of potential impacts to right whales, among other claims. The cases include claims under the Endangered Species Act (ESA), National Environmental Policy Act (NEPA), Outer Continental Shelf Lands Act (OCSLA), Clean Water Act (CWA), Marine Mammal Protection Act (MMPA), Administrative Procedure Act (APA), and the Merchant Marine Act of 1920. Between May and October 2023, the U.S. District Court in Massachusetts decided all four cases in favor of Vineyard Wind and the federal government. All four cases were appealed to the First Circuit. In April 2024, the First Circuit affirmed the lower court’s decision in two of the cases: Nantucket Residents Against Turbines v. U.S. Bureau of Energy Management, and Melone v. Coit. In December 2024, the First Circuit affirmed dismissal of two related lawsuits by Responsible Offshore Development Alliance (RODA) and Seafreeze Shoreside. In September 2024, Nantucket Residents Against Turbines filed a petition for certiorari in the U.S. Supreme Court. In January 2025, the certiorari petition was denied. RODA and Seafreeze subsequently filed petitions for certiorari, but those petitions were also denied in May 2025. On December 22, 2025, the Bureau of Ocean Energy Management (BOEM) issued a stop-work order to halt construction of the project for reasons of national security. In January 2026, the developer filed a lawsuit in the U.S. District Court in Massachusetts to enjoin BOEM’s stop-work order. In late January 2026, the federal district judge granted the plaintiff’s request for a preliminary injunction and allowed construction of the project to resume.",S26P-4027,"Sabin Center, Opposition to Renewable Energy Facilities in the United States (Sept. 2026 ed.), via data/renewable_opposition_records_2026-09.csv",https://scholarship.law.columbia.edu/sabin_climate_change/280/,Sabin 2026 entry 4027; litigation venue: Federal,,,2026-09,in_latest_edition,,,,,src_731207f65d0f,sabin:S26P-4027,report_citation,unverified,25019,25019,name,,,,,,,,,,,,,,
con_93f14cda8f,MA,West Bridgewater Solar,solar,4,A local group called East Street Neighborhood Association formed in opposition to a proposed 1.8-MW solar project in West Bridgewater.,blocked_unverified,outcome_label_only,cancelled,no,,Plymouth County,Town of West Bridgewater,2013,1.8,,"A local group called East Street Neighborhood Association formed in opposition to a proposed 1.8-MW solar project in West Bridgewater. Even after the developer downsized the project to 1.5 MW to address aesthetic concerns, the opposition persisted, citing potential impacts to property values. In 2013, the Zoning Board of Appeals rejected the application.",S26P-4028,"Sabin Center, Opposition to Renewable Energy Facilities in the United States (Sept. 2026 ed.), via data/renewable_opposition_records_2026-09.csv",https://scholarship.law.columbia.edu/sabin_climate_change/280/,Sabin 2026 entry 4028; cancelled 2013,,,2026-09,in_latest_edition,,,,,src_731207f65d0f,sabin:S26P-4028,report_citation,unverified,25023,25023,name,strong,eia:60424:operating;uspvdb:401694,West Bridgewater AB CSG,operating,1.7,2017,42.0253,-71.0336,"EIA-860M August 2026: plant ID 60424 'West Bridgewater AB CSG' (MA, Plymouth County, entity MN8 Energy LLC, solar, 1.7 MW), operating, since 6/2017. Status (OP) Operating. USPVDB v4.0 (2026-04-14): entry 401694 'West Bridgewater AB (CSG)' (MA, Plymouth County, solar, 1.7 MW), operating, since 2017. Matched on part of the name and county and capacity. The inventory records the plant's status only; it says nothing about the opposition or its effect.","outcome blocked_unverified, but the plant is operating",,,,
con_4d5f0855f7,MA,West Hill Turbines,wind,2,"In September 2017, residents in the town of Savoy voted against an amendment that would have allowed Minuteman Wind LLC to extend the height of their turbines from 425 to 453 feet.",needs_review,none,unknown,no,,Berkshire County,Town of Savoy,2017,,,"In September 2017, residents in the town of Savoy voted against an amendment that would have allowed Minuteman Wind LLC to extend the height of their turbines from 425 to 453 feet. The 28-foot extension would have increased the energy output by 15%. Savoy residents had expressed frustration with Minuteman Wind and the noise West Hill had created in their community.",S26P-4029,"Sabin Center, Opposition to Renewable Energy Facilities in the United States (Sept. 2026 ed.), via data/renewable_opposition_records_2026-09.csv",https://scholarship.law.columbia.edu/sabin_climate_change/280/,Sabin 2026 entry 4029,,,2026-09,in_latest_edition,,,,,src_731207f65d0f,sabin:S26P-4029,report_citation,unverified,25003,25003,name,,,,,,,,,,,,,,
con_37055186b8,MD,Betterton Halo Solar,solar,2,"In 2025, Halo Betterton, LLC proposed the 5-MW Betterton Halo Solar project to be located on approximately 30 acres of land in the Town of Betterton.",pending,none,pending,no,,Kent County,Town of Betterton,2025,5,30,"In 2025, Halo Betterton, LLC proposed the 5-MW Betterton Halo Solar project to be located on approximately 30 acres of land in the Town of Betterton. In April 2025, the developer applied for the required Certificate of Public Convenience and Necessity (CPCN) from the Maryland Public Service Commission (PSC). In May 2025, the Maryland Department of Natural Resources recommended that the application be deemed administratively complete. In September 2025, the PSC held a public hearing on the project at which town officials expressed their opposition to it, citing concerns about potential impacts to the town’s residential character and public safety risks because the project site would block their designated helicopter landing zone. Nearly two dozen opponents at that hearing also raised concerns over historical preservation, public safety, and impacts on property values. In November 2025, a town community meeting was held at which over 50 local residents and representatives of regional preservation groups, including the Kent Conservation and Preservation Alliance, objected to the project, primarily on the grounds that the proposed project site is restricted to residential use. In December 2025, the PSC stayed the proceedings to review the legal question of whether the proposed project site is zoned for clean energy development.",S26P-4412,"Sabin Center, Opposition to Renewable Energy Facilities in the United States (Sept. 2026 ed.), via data/renewable_opposition_records_2026-09.csv",https://scholarship.law.columbia.edu/sabin_climate_change/280/,Sabin 2026 entry 4412,,,2026-09,in_latest_edition,,,,,src_731207f65d0f,sabin:S26P-4412,report_citation,unverified,24029,24029,name,,,,,,,,,,,,,,
con_cf1a7831d9,MD,Chaberton Energy Sugarloaf Solar Project,solar,1,Chaberton Energy filed an application with the Maryland Public Service Commission for a certificate of public convenience and necessity for a 4-MW community solar project that would be located in Montgomery County’s “Agricultural Reserve” zone.,advanced_confirmed,resolution: https://psc.maryland.gov/online-services/file-a-public-comment/energy-generation-and-transmission-siting-cpcn-cases/,pending,no,"local_residents, organized_group",Montgomery County,,2024,4,,"Chaberton Energy filed an application with the Maryland Public Service Commission for a certificate of public convenience and necessity for a 4-MW community solar project that would be located in Montgomery County’s “Agricultural Reserve” zone. In September 2024, Montgomery County’s Planning Board submitted comments to the Public Service Commission, arguing that the project conflicts with the intent and requirements of the Agricultural Reserve zone, as well as other local requirements. The Planning Board noted that it had received over 140 letters and emails in opposition to the project.",REC-0178,"Sabin Center, Opposition to Renewable Energy Facilities in the United States (Sept. 2026 ed.), via data/renewable_opposition_records_2026-09.csv",https://scholarship.law.columbia.edu/sabin_climate_change/280/,Sabin 2026 entry 4030; opposition_type carried from the 2025 edition,,,2026-09,in_latest_edition,con_cf1a7831d9,,,,src_731207f65d0f,sabin:REC-0178,confirmed,verified,24031,24031,name,,,,,,,,,,,https://psc.maryland.gov/online-services/file-a-public-comment/energy-generation-and-transmission-siting-cpcn-cases/,opened,,2026-03-24
con_3dc865afe3,MD,Chaberton Snow Solar,solar,3,"In May 2024, the Worcester County Commissioners rescinded the denial of a proposal for a 30-acre, 4-MW solar farm proposed by Chaberton Snow Solar LLC, after previously denying the proposal in November 2023.",advanced_confirmed,resolution: https://webpscxb.psc.state.md.us/DMS/case/9714,pending,yes,litigation,Worcester County,,2024,4,30,"In May 2024, the Worcester County Commissioners rescinded the denial of a proposal for a 30-acre, 4-MW solar farm proposed by Chaberton Snow Solar LLC, after previously denying the proposal in November 2023. The rescission, which followed an administrative hearing, officially settled an appeal that the developer had filed in the Worcester County Circuit Court in December 2023. The initial denial drew upon concerns regarding the project’s decommissioning processes, even though the project received a favorable recommendation from the Worcester County Planning Commission, and nobody testified against the project at the public hearing. In rescinding the denial, the Commissioners reiterated these concerns but offered no formal recommendation on the project. The rescission will enable the application for a Certificate of Public Convenience and Necessity with the Maryland Public Service Commission to proceed without a procedural defect in the record.",REC-0179,"Sabin Center, Opposition to Renewable Energy Facilities in the United States (Sept. 2026 ed.), via data/renewable_opposition_records_2026-09.csv",https://scholarship.law.columbia.edu/sabin_climate_change/280/,Sabin 2026 entry 4031; litigation venue: State,,,2026-09,in_latest_edition,con_3dc865afe3,,,,src_731207f65d0f,sabin:REC-0179,confirmed,verified,24047,24047,name,,,,,,,,,,,https://webpscxb.psc.state.md.us/DMS/case/9714,opened,,2024-10-30
con_07787373eb,MD,Dan’s Mountain Wind Farm,wind,3,The proposed 17-turbine Dan’s Mountain Wind Farm in Allegany County has faced opposition since 2008 from local residents who organized a group called Allegany Neighbors and Citizens for Home Owners Rights (ANCHOR) to fight the project.,advanced_confirmed,resolution: https://www.eia.gov/electricity/data/eia860m/,unknown,yes,litigation,Allegany County,,2021,17 * 50 = 850,,"The proposed 17-turbine Dan’s Mountain Wind Farm in Allegany County has faced opposition since 2008 from local residents who organized a group called Allegany Neighbors and Citizens for Home Owners Rights (ANCHOR) to fight the project. In 2019, ANCHOR filed a lawsuit challenging the Allegany County Board of Zoning Appeals approval of the project, and, in August 2021, the Court of Special Appeals upheld the Board’s decision. Opponents of the project also unsuccessfully challenged the Maryland Public Service Commission’s approval of the developer’s request for an exception from the requirement to obtain a Certificate of Public Convenience and Necessity.",REC-0180,"Sabin Center, Opposition to Renewable Energy Facilities in the United States (Sept. 2026 ed.), via data/renewable_opposition_records_2026-09.csv",https://scholarship.law.columbia.edu/sabin_climate_change/280/,"Sabin 2026 entry 4032; litigation venue: Administrative, State; capacity carried from the 2025 edition",Allegany Neighbors and Citizens for Home Owners Rights,https://news.yahoo.com/battle-over-wind-turbines-returns-131800093.html,2026-09,in_latest_edition,con_07787373eb,,,,src_731207f65d0f,sabin:REC-0180,confirmed,verified,24001,24001,name,strong,eia:67962:operating;uswtdb:MD:67962,Dans Mountain,operating,54.9,2025,39.59999,-78.89067,"EIA-860M August 2026: plant ID 67962 'Dans Mountain' (MD, Allegany County, entity Dans Mountain Wind Force, LLC, wind, 54.9 MW), operating, since 5/2025. Status (OP) Operating. USWTDB v9.1 (2026-09-28): entry 67962 'Dan's Mountain Wind' (MD, Allegany County, wind, 54.9 MW), operating, since 2025. Matched on name and county and capacity. The inventory records the plant's status only; it says nothing about the opposition or its effect.",,https://www.eia.gov/electricity/data/eia860m/,opened,,2025-05
con_004efd3b83,MD,Georgetown University’s Charles County Solar Project,solar,4,"After Georgetown University entered into a power purchase agreement with MD Solar 1 to construct a 32.5-MW, 249-acre solar installation that would have required razing approximately 210 acres of trees, local environmental groups raised opposition to the project, citing concerns over species and ecosystem impacts.",blocked_confirmed,resolution: https://marylandmatters.org/2019/08/28/state-environmental-chief-nixes-2-major-solar-projects/,cancelled,no,"environmental_group, local_residents",Charles County,,2019,32.5,249,"After Georgetown University entered into a power purchase agreement with MD Solar 1 to construct a 32.5-MW, 249-acre solar installation that would have required razing approximately 210 acres of trees, local environmental groups raised opposition to the project, citing concerns over species and ecosystem impacts. In August 2019, the Maryland Environment Secretary denied a permit for the project, citing watershed impacts.",REC-0181,"Sabin Center, Opposition to Renewable Energy Facilities in the United States (Sept. 2026 ed.), via data/renewable_opposition_records_2026-09.csv",https://scholarship.law.columbia.edu/sabin_climate_change/280/,Sabin 2026 entry 4033; cancelled 2019; opposition_type carried from the 2025 edition,,,2026-09,in_latest_edition,con_004efd3b83,,,,src_731207f65d0f,sabin:REC-0181,confirmed,verified,24017,24017,name,,,,,,,,,,,https://marylandmatters.org/2019/08/28/state-environmental-chief-nixes-2-major-solar-projects/,opened,,2019-08-28
con_b26d22be76,MD,Maryland Offshore Wind Project a/k/a MarWin a/k/a US Wind,wind,3,"The Maryland Offshore Wind Project, proposed by US Wind, has the potential to generate up to 2,200 MW.",pending,none,pending,yes,litigation,Worcester County,,2025,2200,,"The Maryland Offshore Wind Project, proposed by US Wind, has the potential to generate up to 2,200 MW. The project has encountered opposition from the Ocean City government and the tourism industry due to concerns that visual impacts will harm business. In February 2018, the Ocean City Mayor and Council unanimously approved a resolution against any wind project being sited within 30 miles of the city. The City officials proposed a similar bill in the General Assembly that would have required siting at least 26 miles off the coast, but the Maryland House of Delegates rejected the proposed legislation. In September 2021, after the developer applied for an expansion of the project size, several local elected officials and business leaders expressed concern about turbines ruining beachfront views, jeopardizing tourism, and negatively impacting real estate values and the local economy. In November 2023, Worcester County Commissioners sent a letter to the Army Corps of Engineers urging the Corps to deny a permit for US Wind. In October 2024, Ocean City and other plaintiffs, including Worcester County, various community associations, and the Ocean City Marlin Club, filed a lawsuit in federal court, alleging that the federal government’s approval of the project violated the Administrative Procedure Act, National Environmental Policy Act, Endangered Species Act, Marine Mammal Protection Act, Migratory Bird Treaty Act, Coastal Zone Management Act, Outer Continental Shelf Lands Act, and National Historic Preservation Act. In December 2024, the Bureau of Ocean Energy Management issued its final approval of the project. In January 2025, the Army Corps issued the permit for the project. In July 2025, the federal court ruled on the motions to dismiss the case by the federal defendants and the developer intervenor. While the court dismissed several of the claims, it allowed the claims under the Marine Mammal Protection Act, the Endangered Species Act, and the National Historic Preservation Act to proceed, and reserved judgment on the Outer Continental Shelf Lands Act and the National Environmental Policy Act claims. In September 2025, the Department of Interior filed a motion indicating that it planned to withdraw its approval for the project and alleging that the approval process did not address potential impacts on other offshore uses, such as fishing. The litigation remains pending.",S26P-4034,"Sabin Center, Opposition to Renewable Energy Facilities in the United States (Sept. 2026 ed.), via data/renewable_opposition_records_2026-09.csv",https://scholarship.law.columbia.edu/sabin_climate_change/280/,Sabin 2026 entry 4034; litigation venue: Federal,,,2026-09,in_latest_edition,,,,,src_731207f65d0f,sabin:S26P-4034,report_citation,unverified,24047,24047,name,,,,,,,,,,,,,,
con_472dc0e7e0,MD,Maryland Piedmont Reliability Project,transmission,2,"In 2024, a plan by PSEG to construct a high-voltage transmission line across 70 miles of land in Baltimore, Carroll, and Frederick Counties encountered opposition from local governments in all three counties, as well as the Maryland Farm Bureau and an organization called Stop MPRP, Inc. While the Maryland Public Service Commission will have the authority to make a decision on the project, the opponents are soliciting comments against the project and working to block approval.",pending,none,pending,no,"local_residents, organized_group, state_political",Baltimore County; Carroll County; Frederick County,,2024,,,"In 2024, a plan by PSEG to construct a high-voltage transmission line across 70 miles of land in Baltimore, Carroll, and Frederick Counties encountered opposition from local governments in all three counties, as well as the Maryland Farm Bureau and an organization called Stop MPRP, Inc. While the Maryland Public Service Commission will have the authority to make a decision on the project, the opponents are soliciting comments against the project and working to block approval.",REC-0182,"Sabin Center, Opposition to Renewable Energy Facilities in the United States (Sept. 2026 ed.), via data/renewable_opposition_records_2026-09.csv",https://scholarship.law.columbia.edu/sabin_climate_change/280/,Sabin 2026 entry 4035; opposition_type carried from the 2025 edition,,,2026-09,in_latest_edition,con_472dc0e7e0,,,,src_731207f65d0f,sabin:REC-0182,report_citation,unverified,,24005;24013;24021,names,,,,,,,,,,,,,,
con_aad7177210,MD,Mills Branch Wind and Solar,solar;wind,4,"In April 2015, Apex Clean Energy announced that they were slowing the application process for the prospective 5,000-acre Mill Branch Wind Farm in response to local opposition centered on potential impacts to noise, migratory birds, and property values.",blocked_confirmed,resolution: https://emp.lbl.gov/queues,cancelled,no,"local_residents, organized_group",Kent County,,2017,100,5000,"In April 2015, Apex Clean Energy announced that they were slowing the application process for the prospective 5,000-acre Mill Branch Wind Farm in response to local opposition centered on potential impacts to noise, migratory birds, and property values. The project would have spanned 6 miles and included 25-35 turbines with a total capacity of 100 MW. The developer, Apex Clean Energy, eventually decided to convert the project to a solar energy project. Local opposition continued after this decision, and in January 2017, the Maryland Public Service Commission published a proposed order denying the developer’s application for a Certificate of Public Convenience and Necessity. The developer then requested to withdraw its application, and the request was denied.",REC-0183,"Sabin Center, Opposition to Renewable Energy Facilities in the United States (Sept. 2026 ed.), via data/renewable_opposition_records_2026-09.csv",https://scholarship.law.columbia.edu/sabin_climate_change/280/,Sabin 2026 entry 4036; cancelled 2017; opposition_type carried from the 2025 edition,,,2026-09,in_latest_edition,con_aad7177210,,,,src_731207f65d0f,sabin:REC-0183,confirmed,verified,24029,24029,name,,,,,,,,,,,https://emp.lbl.gov/queues,archived,https://web.archive.org/web/20260515173818/https://emp.lbl.gov/sites/default/files/2026-05/LBNL_Ix_Queue_Data_File_thru2025.xlsx,2017-01-20
con_345f560f77,MD,Ripley Road Solar Project,solar,1,"In July 2017, Origis Energy USA proposed Ripley Road Solar, a 27.5 MW project which would have produced power for the Southern Maryland Electric Cooperative (SMECO).",advanced_confirmed,resolution: https://www.eia.gov/electricity/data/eia860m/,cancelled,no,"local_residents, organized_group",Charles County,,2019,27.5,190,"In July 2017, Origis Energy USA proposed Ripley Road Solar, a 27.5 MW project which would have produced power for the Southern Maryland Electric Cooperative (SMECO). The project generated local opposition because it required clearing 190 acres of forest. Although the Public Service Commission had conditionally approved the project, in August 2019, the Maryland Department of the Environment (MDE) denied the wetlands and waterways permit, finding that the plan failed to provide protection to a nearby stream from potential harm caused by clearing the woodlands.",REC-0184,"Sabin Center, Opposition to Renewable Energy Facilities in the United States (Sept. 2026 ed.), via data/renewable_opposition_records_2026-09.csv",https://scholarship.law.columbia.edu/sabin_climate_change/280/,"Sabin 2026 entry 4037; cancelled 2019; opposition_type, area carried from the 2025 edition",,,2026-09,in_latest_edition,con_345f560f77,,,,src_731207f65d0f,sabin:REC-0184,confirmed,verified,24017,24017,name,strong,eia:66203:operating;uspvdb:404960,Ripley,operating,27.5,2023,38.535,-77.097,"EIA-860M August 2026: plant ID 66203 'Ripley' (MD, Charles County, entity MN8 Energy LLC, solar, 27.5 MW), operating, since 4/2023. Status (OP) Operating. USPVDB v4.0 (2026-04-14): entry 404960 'Ripley' (MD, Charles County, solar, 27.5 MW), operating, since 2023. Matched on part of the name and county and capacity. The inventory records the plant's status only; it says nothing about the opposition or its effect.",,https://www.eia.gov/electricity/data/eia860m/,opened,,2023-04
con_98fac8819a,MD,Shugart Valley Solar Project,solar,4,"In October 2018, Origis Energy USA proposed the 32.5-MW solar project (also known as “MD Solar 1”), which would have generated nearly half of the electricity consumed by Georgetown University.",blocked_unverified,outcome_label_only,cancelled,no,,Charles County,,2019,32.5,,"In October 2018, Origis Energy USA proposed the 32.5-MW solar project (also known as “MD Solar 1”), which would have generated nearly half of the electricity consumed by Georgetown University. The plan drew fierce and widespread opposition because it would have required clearing 210 acres of forest in the Nanjemoy Peninsula. In August 2019, the Maryland Department of the Environment (MDE) denied the nontidal wetlands and waterways permit needed for the project, determining that the proposal was not in compliance with Maryland’s Nontidal Wetlands Protection Act. The project was then cancelled.",S26P-4038,"Sabin Center, Opposition to Renewable Energy Facilities in the United States (Sept. 2026 ed.), via data/renewable_opposition_records_2026-09.csv",https://scholarship.law.columbia.edu/sabin_climate_change/280/,Sabin 2026 entry 4038; cancelled 2019,,,2026-09,in_latest_edition,,,,,src_731207f65d0f,sabin:S26P-4038,report_citation,unverified,24017,24017,name,,,,,,,,,,,,,,
con_a9730b2e5d,MD,Skipjack Wind,wind,2,"Skipjack Wind, a proposed 966-MW offshore wind project near Ocean City, Maryland has encountered opposition from the city government and the tourism industry due to concerns that visual impacts will harm business.",pending,none,pending,no,,Worcester County,Ocean City,2024,966,,"Skipjack Wind, a proposed 966-MW offshore wind project near Ocean City, Maryland has encountered opposition from the city government and the tourism industry due to concerns that visual impacts will harm business. In February 2018, the Mayor and Ocean City Council unanimously approved a resolution against any project being sited within 30 miles of the city, but the Maryland House of Delegates rejected the proposal. The developer of Skipjack Wind nonetheless agreed to move the turbines from 19 miles offshore to 22 miles offshore. In September 2021, after the developer of applied for an expansion, several elected officials and business leaders expressed concern about turbines ruining beachfront views, jeopardizing tourism, and negatively impacting real estate values and the local economy. In January 2024, developer Orsted announced it was pulling out of its agreement with the state of Maryland for financial clean energy credits intended to help fund the offshore wind development but stated that it would “continue to advance Skipjack Wind’s development milestones, including its Construction and Operations Plan.”",S26P-4039,"Sabin Center, Opposition to Renewable Energy Facilities in the United States (Sept. 2026 ed.), via data/renewable_opposition_records_2026-09.csv",https://scholarship.law.columbia.edu/sabin_climate_change/280/,Sabin 2026 entry 4039,,,2026-09,in_latest_edition,,,,,src_731207f65d0f,sabin:S26P-4039,report_citation,unverified,24047,24047,name,,,,,,,,,,,,,,
con_72d2f41f94,MD,Spring Valley Solar Project,solar,2,"In 2024, Spring Valley Solar applied for a certificate of public convenience and necessity from the state Public Service Commission to develop a 2.25-MW Solar Farm on an 80-acre property in Sykesville.",pending,none,pending,no,,Carroll County,Town of Sykesville,2024,2.25,80,"In 2024, Spring Valley Solar applied for a certificate of public convenience and necessity from the state Public Service Commission to develop a 2.25-MW Solar Farm on an 80-acre property in Sykesville. The project has faced opposition from Carroll County Council officials, who previously voted to ban solar on agricultural land. At a public hearing hosted by the PSC in September 2024, council members criticized the development in a public hearing, citing violations of the county’s zoning code.",S26P-4040,"Sabin Center, Opposition to Renewable Energy Facilities in the United States (Sept. 2026 ed.), via data/renewable_opposition_records_2026-09.csv",https://scholarship.law.columbia.edu/sabin_climate_change/280/,Sabin 2026 entry 4040,,,2026-09,in_latest_edition,,,,,src_731207f65d0f,sabin:S26P-4040,report_citation,unverified,24013,24013,name,,,,,,,,,,,,,,
con_5725bee2ed,MD,Washington County Solar Farm,solar,3,"In November 2015, the Washington County Zoning Board granted permission to Perennial Solar LLC to construct a 10-MW solar farm.",pending,none,pending,yes,litigation,Washington County,,2019,10,,"In November 2015, the Washington County Zoning Board granted permission to Perennial Solar LLC to construct a 10-MW solar farm. Local residents filed a petition for judicial review in the Circuit Court of Washington County. While the petition was pending, the developer filed a motion for a determination that the Maryland Public Service Commission has exclusive jurisdiction over project approval and siting. In July 2019, the Maryland Court of Appeals sided with the developer, finding that state law PU § 7-207 preempts local zoning approval for the siting of projects over 2 MW that require a certificate of public convenience and necessity, and it affirmed dismissal of the lawsuit.",S26P-4041,"Sabin Center, Opposition to Renewable Energy Facilities in the United States (Sept. 2026 ed.), via data/renewable_opposition_records_2026-09.csv",https://scholarship.law.columbia.edu/sabin_climate_change/280/,Sabin 2026 entry 4041; litigation venue: State,,,2026-09,in_latest_edition,,,,,src_731207f65d0f,sabin:S26P-4041,report_citation,unverified,24043,24043,name,,,,,,,,,,,,,,
con_37cdafceb7,ME,Aroostook Renewable Gateway Project,transmission,2,"The Aroostook Renewable Gateway Project is a 150-mile, 1,200-MW transmission corridor designed to transmit energy from the proposed 170-turbine King Pine Wind Farm in Aroostook County to consumers in southern Maine and Massachusetts.",pending,none,pending,no,,Waldo County; Kennebec County,"Towns of Albion, Palermo, Unity, and China",2024,1200,,"The Aroostook Renewable Gateway Project is a 150-mile, 1,200-MW transmission corridor designed to transmit energy from the proposed 170-turbine King Pine Wind Farm in Aroostook County to consumers in southern Maine and Massachusetts. LS Power was initially developing the project. In June 2023, Maine adopted a bill approving the project, but the project has been slowed by local opposition and moratoria. Maine residents opposing the project have raised concerns about impacts to property and sightlines, formed a citizen group called Preserve Rural Maine, and obtained legal counsel. In August 2023, in response to this project, the town of Albion imposed a 6-month moratorium on utility lines and corridors, with residents expressing concerns that the project would disrupt farmland and that the project’s electromagnetic fields would disorient bees. Also, in response to the project, in September 2023, the Town of Palermo adopted a transmission line moratorium. In November 2023, the Town of Unity adopted a 180-day moratorium on high-voltage power lines. In December 2023, LS Power announced that it could no longer proceed with the project at the agreed-upon price. In response, the Maine Public Utilities Commission announced that it was terminating its agreement with LS Power and delaying development until it could find another developer for the project. However, in October 2024, the Department of Energy announced a $425 million capacity contract with Avangrid to restart conversations with the Maine PUC on continuing the transmission project. In November 2024, the Town of China’s select board passed a 180-day High-Impact Electric Transmission Line Moratorium Ordinance in response to the project.",S26P-4042,"Sabin Center, Opposition to Renewable Energy Facilities in the United States (Sept. 2026 ed.), via data/renewable_opposition_records_2026-09.csv",https://scholarship.law.columbia.edu/sabin_climate_change/280/,Sabin 2026 entry 4042,,,2026-09,in_latest_edition,,,,,src_731207f65d0f,sabin:S26P-4042,report_citation,unverified,,23027;23011,names,,,,,,,,,,,,,,
con_84489ba61e,ME,Bingham Wind,wind,3,An anti-wind group called Friends of Maine’s Mountains filed a lawsuit against developer SunEdison to stop construction of the 185-MW Bingham Wind project.,needs_review,none,unknown,yes,litigation,Piscataquis County,,2015,185,,"An anti-wind group called Friends of Maine’s Mountains filed a lawsuit against developer SunEdison to stop construction of the 185-MW Bingham Wind project. In 2015, the parties reached a settlement in which SunEdison agreed not to develop projects in exclusion zones covering more than half of the state and to pay up to $2.5 million for conservation projects statewide.",S26P-4043,"Sabin Center, Opposition to Renewable Energy Facilities in the United States (Sept. 2026 ed.), via data/renewable_opposition_records_2026-09.csv",https://scholarship.law.columbia.edu/sabin_climate_change/280/,Sabin 2026 entry 4043; litigation venue: State,,,2026-09,in_latest_edition,,,,,src_731207f65d0f,sabin:S26P-4043,report_citation,unverified,23021,23021,name,,,,,,,,,,,,,,
con_a482f89fc0,ME,Bower’s Mountain Wind Farm,wind,4,"In December 2015, the Maine Supreme Judicial Court affirmed the ruling of the Maine Board of Environmental Protection that rejected SunEdison’s permit for the $100 million Bowers Mountain Wind Farm.",blocked_unverified,outcome_label_only,cancelled,yes,litigation,Penobscot County,,2015,48,,"In December 2015, the Maine Supreme Judicial Court affirmed the ruling of the Maine Board of Environmental Protection that rejected SunEdison’s permit for the $100 million Bowers Mountain Wind Farm. The project would have consisted of 16 turbines generating a total of 48 MW. Local advocacy groups opposed the project due to potential interference with views of nearby lakes. In affirming the Board’s ruling, the Maine Supreme Judicial Court cited the statutory requirement that a wind project not unreasonably compromise views in certain scenic areas.",S26P-4044,"Sabin Center, Opposition to Renewable Energy Facilities in the United States (Sept. 2026 ed.), via data/renewable_opposition_records_2026-09.csv",https://scholarship.law.columbia.edu/sabin_climate_change/280/,Sabin 2026 entry 4044; litigation venue: State; cancelled 2015,,,2026-09,in_latest_edition,,,,,src_731207f65d0f,sabin:S26P-4044,report_citation,unverified,23019,23019,name,strong,eia:57088:canceled_or_postponed,Bowers Wind Project,canceled_or_postponed,48,,45.41444,-68.03806,"EIA-860M August 2026: plant ID 57088 'Bowers Wind Project' (ME, Penobscot County, entity Evergreen Wind, LLC, wind, 48 MW), cancelled or indefinitely postponed. Matched on part of the name and county and capacity. The inventory records the plant's status only; it says nothing about the opposition or its effect.",,,,,
con_2f8fa304b7,ME,Bull Hill Wind Project,wind,3,"In 2011, the local organization Concerned Citizens of Rural Hancock County (CCRHC) intervened in a public evidentiary hearing before the Land Use Regulation Commission (LURC) to challenge developer Blue Sky East, LLC’s request for a permit to build the 19-turbine, 34-MW Bull Hill Wind Project.",pending,none,pending,yes,litigation,Hancock County,,2011,34,,"In 2011, the local organization Concerned Citizens of Rural Hancock County (CCRHC) intervened in a public evidentiary hearing before the Land Use Regulation Commission (LURC) to challenge developer Blue Sky East, LLC’s request for a permit to build the 19-turbine, 34-MW Bull Hill Wind Project. The opponents argued that the wind farm would ruin the landscape and threaten wildlife while generating very little electricity. The LURC approved the project after imposing more stringent noise requirements and requiring a community benefits package of $4,000 per turbine per year.",S26P-4045,"Sabin Center, Opposition to Renewable Energy Facilities in the United States (Sept. 2026 ed.), via data/renewable_opposition_records_2026-09.csv",https://scholarship.law.columbia.edu/sabin_climate_change/280/,Sabin 2026 entry 4045; litigation venue: Administrative,,,2026-09,in_latest_edition,,,,,src_731207f65d0f,sabin:S26P-4045,report_citation,unverified,23009,23009,name,strong,eia:57083:operating;uswtdb:ME:57083,Bull Hill Wind Project,operating,34.5,2012,44.72306,-68.2425,"EIA-860M August 2026: plant ID 57083 'Bull Hill Wind Project' (ME, Hancock County, entity Evergreen Wind, LLC, wind, 34.5 MW), operating, since 10/2012. Status (OP) Operating. USWTDB v9.1 (2026-09-28): entry 57083 'Bull Hill' (ME, Hancock County, wind, 34.2 MW), operating, since 2012. Matched on name and county and capacity. The inventory records the plant's status only; it says nothing about the opposition or its effect.","outcome pending, but the plant is operating",,,,
con_1f641ee426,ME,Fox Islands Wind,wind,3,"In April 2010, a group of neighbors organized as the Fox Islands Wind Neighbors began complaining about noise from the recently completed 4.5-MW Fox Islands Wind project.",needs_review,none,unknown,yes,litigation,Knox County,,2015,4.5,,"In April 2010, a group of neighbors organized as the Fox Islands Wind Neighbors began complaining about noise from the recently completed 4.5-MW Fox Islands Wind project. In November 2010, the Maine Department of Environmental Protection (DEP) commenced enforcement proceedings and instructed Fox Islands Wind to submit a revised operation protocol to address noise issues. In April 2011, DEP accepted the revised protocol and issued a conditional compliance order. In July 2011, Fox Islands Wind Neighbors filed a petition in superior court challenging the order. In May 2015, after four years of litigation, Maine’s Supreme Judicial Court concluded that the order was supported by substantial record evidence and within the agency’s discretion.",S26P-4046,"Sabin Center, Opposition to Renewable Energy Facilities in the United States (Sept. 2026 ed.), via data/renewable_opposition_records_2026-09.csv",https://scholarship.law.columbia.edu/sabin_climate_change/280/,Sabin 2026 entry 4046; litigation venue: State,,,2026-09,in_latest_edition,,,,,src_731207f65d0f,sabin:S26P-4046,report_citation,unverified,23013,23013,name,strong,uswtdb:ME:57354,Fox Islands,operating,4.5,2009,44.09389,-68.8658,"USWTDB v9.1 (2026-09-28): entry 57354 'Fox Islands' (ME, Knox County, wind, 4.5 MW), operating, since 2009. Matched on name and county and capacity. The inventory records the plant's status only; it says nothing about the opposition or its effect.","outcome needs_review, but the plant is operating",,,,
con_ef4de1e1f8,ME,Greene Apple Solar,solar,2,"At a town meeting on June 18, 2022, residents of Greene voted overwhelmingly against a proposal to lease 80 acres of public land to Greene Apple Solar Power as part of a 600-acre, 120-MW solar farm.",pending,none,pending,no,,Androscoggin County,,2022,120,,"At a town meeting on June 18, 2022, residents of Greene voted overwhelmingly against a proposal to lease 80 acres of public land to Greene Apple Solar Power as part of a 600-acre, 120-MW solar farm. Opponents explained that they wanted the town to develop the 80 acres into recreational fields instead. The developer plans to move forward with the parts of the project that will be sited on private land.",S26P-4047,"Sabin Center, Opposition to Renewable Energy Facilities in the United States (Sept. 2026 ed.), via data/renewable_opposition_records_2026-09.csv",https://scholarship.law.columbia.edu/sabin_climate_change/280/,Sabin 2026 entry 4047,,,2026-09,in_latest_edition,,,,,src_731207f65d0f,sabin:S26P-4047,report_citation,unverified,23001,23001,name,,,,,,,,,,,,,,
con_b14316e6f6,ME,Kibby Expansion Wind Power Project,wind,3,"In 2012, Friends of the Boundary Mountains filed a lawsuit in federal court challenging the Army Corps of Engineers’ issuance of a Clean Water Act permit to allow for the installation of a 15-turbine, 45-MW project adjacent to an existing 132-MW project.",needs_review,none,unknown,yes,litigation,Franklin County,,2014,45,,"In 2012, Friends of the Boundary Mountains filed a lawsuit in federal court challenging the Army Corps of Engineers’ issuance of a Clean Water Act permit to allow for the installation of a 15-turbine, 45-MW project adjacent to an existing 132-MW project. In 2014 a federal district court denied the challenge, finding that the Corps’ permitting decision was supported by substantial record evidence.",S26P-4048,"Sabin Center, Opposition to Renewable Energy Facilities in the United States (Sept. 2026 ed.), via data/renewable_opposition_records_2026-09.csv",https://scholarship.law.columbia.edu/sabin_climate_change/280/,Sabin 2026 entry 4048; litigation venue: Federal,,,2026-09,in_latest_edition,,,,,src_731207f65d0f,sabin:S26P-4048,report_citation,unverified,23007,23007,name,,,,,,,,,,,,,,
con_f84197e7e8,ME,Mars Hill Wind,wind,4,"The Maine Supreme Judicial Court dismissed a nuisance lawsuit in 2013 against a wind energy company over its northern Maine wind farm, which the plaintiff argued created a noise so loud he was forced to sleep in a soundproof bunker in his garage.",blocked_unverified,outcome_label_only,cancelled,no,,Aroostook County,,2013,,,"The Maine Supreme Judicial Court dismissed a nuisance lawsuit in 2013 against a wind energy company over its northern Maine wind farm, which the plaintiff argued created a noise so loud he was forced to sleep in a soundproof bunker in his garage. The company previously settled similar claims with 18 other landowners, who filed a lawsuit against the company in 2009.",S26P-4049,"Sabin Center, Opposition to Renewable Energy Facilities in the United States (Sept. 2026 ed.), via data/renewable_opposition_records_2026-09.csv",https://scholarship.law.columbia.edu/sabin_climate_change/280/,Sabin 2026 entry 4049; cancelled 2014,,,2026-09,in_latest_edition,,,,,src_731207f65d0f,sabin:S26P-4049,report_citation,unverified,23003,23003,name,strong,eia:56448:operating;uswtdb:ME:56448,Mars Hill Wind Farm Project,operating,42,2007,46.54422,-67.8111,"EIA-860M August 2026: plant ID 56448 'Mars Hill Wind Farm Project' (ME, Aroostook County, entity Evergreen Wind, LLC, wind, 42 MW), operating, since 3/2007. Status (OP) Operating. USWTDB v9.1 (2026-09-28): entry 56448 'Mars Hill' (ME, Aroostook County, wind, 33 MW), operating, since 2006. Matched on name and county. The inventory records the plant's status only; it says nothing about the opposition or its effect.","outcome blocked_unverified, but the plant is operating",,,,
con_8c2479c496,ME,Monmouth Solar,solar,2,"In December 2020, the Monmouth Select Board voted to place a retroactive solar energy moratorium on the ballot for a vote by town residents.",pending,none,pending,no,,Kennebec County,,2021,4.95,55,"In December 2020, the Monmouth Select Board voted to place a retroactive solar energy moratorium on the ballot for a vote by town residents. If adopted, the measure would have blocked construction of a proposed 4.95-MW solar project on 55 acres of land. In March 2021, the town residents voted against the proposed moratorium, allowing the project to move forward.",S26P-4050,"Sabin Center, Opposition to Renewable Energy Facilities in the United States (Sept. 2026 ed.), via data/renewable_opposition_records_2026-09.csv",https://scholarship.law.columbia.edu/sabin_climate_change/280/,Sabin 2026 entry 4050,,,2026-09,in_latest_edition,,,,,src_731207f65d0f,sabin:S26P-4050,report_citation,unverified,23011,23011,name,strong,eia:65534:operating;uspvdb:404857,Monmouth,operating,5,2022,44.19219,-70.02169,"EIA-860M August 2026: plant ID 65534 'Monmouth' (ME, Kennebec County, entity Maine DG Solar Monmouth, LLC, solar, 5 MW), operating, since 3/2022. Status (OP) Operating. USPVDB v4.0 (2026-04-14): entry 404857 'Monmouth' (ME, Kennebec County, solar, 5 MW), operating, since 2022. Matched on name and county and capacity. The inventory records the plant's status only; it says nothing about the opposition or its effect.","outcome pending, but the plant is operating",,,,
con_c2f0edfb65,ME,New England Aqua Ventus,wind,2,An 11-MW demonstration offshore wind farm to test the feasibility of floating wind turbines was preliminarily approved by the Maine Public Utilities Commission (PUC) in 2014.,needs_review,none,unknown,no,,Knox County,,2019,11,,"An 11-MW demonstration offshore wind farm to test the feasibility of floating wind turbines was preliminarily approved by the Maine Public Utilities Commission (PUC) in 2014. However, in January 2018, amid opposition from towns and fishing groups, the PUC delayed a decision on final approval to provide more time for public comment. The project was eventually awarded a power contract in November 2019 after Governor Mills signed a law that required the PUC to approve the contract.",S26P-4051,"Sabin Center, Opposition to Renewable Energy Facilities in the United States (Sept. 2026 ed.), via data/renewable_opposition_records_2026-09.csv",https://scholarship.law.columbia.edu/sabin_climate_change/280/,Sabin 2026 entry 4051,,,2026-09,in_latest_edition,,,,,src_731207f65d0f,sabin:S26P-4051,report_citation,unverified,23013,23013,name,,,,,,,,,,,,,,
con_25075a752f,ME,New England Clean Energy Connect,transmission,3,"In 2017, Central Maine Power, a subsidiary of Avangrid, proposed the New England Clean Energy Connect (NECEC).",pending,none,pending,yes,litigation,Androscoggin County; Franklin County; Somerset County,,2022,1200,,"In 2017, Central Maine Power, a subsidiary of Avangrid, proposed the New England Clean Energy Connect (NECEC). The project has encountered intense opposition to its plan to construct a 1,200-MW transmission line to bring hydroelectric power from Quebec to the New England power grid. The Maine Department of Environmental Protection (DEP) reviewed the project for more than two years before issuing permits in May 2020. However, opponents pushed for a statewide referendum on the project, and, in November 2021, voted to block the project. In August 2022, the Maine Supreme Judicial Court ruled that Avangrid may proceed with construction if it can prove that it had already engaged in substantial construction before the voters approved a ballot initiative blocking the project. In November 2025, the Maine DEP approved the project. The developer has earmarked approximately 50,000 acres in western Maine for permanent conservation as part of the project.",S26P-4052,"Sabin Center, Opposition to Renewable Energy Facilities in the United States (Sept. 2026 ed.), via data/renewable_opposition_records_2026-09.csv",https://scholarship.law.columbia.edu/sabin_climate_change/280/,Sabin 2026 entry 4052; litigation venue: State,,,2026-09,in_latest_edition,,,,,src_731207f65d0f,sabin:S26P-4052,report_citation,unverified,,23001;23007;23025,names,,,,,,,,,,,,,,
con_b25d14711e,ME,Oakfield Wind,wind,3,"In 2010, the Martha A. Powers Trust filed a lawsuit against the Maine Board of Environmental Protection alleging that the Board erred in finding that noise from the 48-turbine, 150-MW Oakfield Wind project would not generate unreasonable adverse health effects.",advanced_unverified,outcome_label_only,operational,yes,litigation,Aroostook County,,2015,150,,"In 2010, the Martha A. Powers Trust filed a lawsuit against the Maine Board of Environmental Protection alleging that the Board erred in finding that noise from the 48-turbine, 150-MW Oakfield Wind project would not generate unreasonable adverse health effects. The lawsuit was dismissed in 2011. The project was completed in September 2015, approximately eight years after it was first proposed.",S26P-4053,"Sabin Center, Opposition to Renewable Energy Facilities in the United States (Sept. 2026 ed.), via data/renewable_opposition_records_2026-09.csv",https://scholarship.law.columbia.edu/sabin_climate_change/280/,Sabin 2026 entry 4053; litigation venue: State,,,2026-09,in_latest_edition,,,,,src_731207f65d0f,sabin:S26P-4053,report_citation,unverified,23003,23003,name,strong,eia:57002:operating;uswtdb:ME:57002,Oakfield Wind Project,operating,148,2015,46.05806,-68.14722,"EIA-860M August 2026: plant ID 57002 'Oakfield Wind Project' (ME, Aroostook County, entity Onward Energy, wind, 148 MW), operating, since 10/2015. Status (OP) Operating. USWTDB v9.1 (2026-09-28): entry 57002 'Oakfield Wind' (ME, Aroostook County, wind, 147.6 MW), operating, since 2015. Matched on name and county and capacity. The inventory records the plant's status only; it says nothing about the opposition or its effect.",,,,,
con_d072b078d9,ME,Passadumkeag Wind Project,wind,3,"In March 2012, Passadumkeag Windpark LLC, a subsidiary of Quantum Utility Generation, submitted a permit application for the construction of the 14-turbine, 42-MW Passadumkeag wind farm.",needs_review,none,unknown,yes,litigation,Penobscot County,,2014,42,,"In March 2012, Passadumkeag Windpark LLC, a subsidiary of Quantum Utility Generation, submitted a permit application for the construction of the 14-turbine, 42-MW Passadumkeag wind farm. The state Department of Environmental Protection (DEP) held two public meetings at which residents expressed opposition to the project. At the July 2012 meeting, which attracted over 150 attendees, a dozen members of the opposition group, Citizens Task Force on Wind Power, raised concerns over property values, wildlife safety, sound and light nuisance, aesthetics, and impacts on tourism. In November 2012, the DEP denied the permit, citing concerns about the project’s potential impacts on Saponac Pond, a scenic resource. The landowner, Penobscott Forest LLC, and the developer appealed the DEP’s decision to the Maine Board of Environmental Protection (BEP). In March 2013, the BEP voted 5-1 to overturn the DEP’s denial, thus granting the permit and allowing the project to proceed. In 2014, a second opposition group, Passadumkeag Mountain Friends, along with local residents, appealed the BEP’s decision to the Maine Supreme Judicial Court. In October 2014, the Court unanimously affirmed the BEP’s ruling finding that its decision was supported by the evidence and was in accordance with the statutory requirements.",S26P-4054,"Sabin Center, Opposition to Renewable Energy Facilities in the United States (Sept. 2026 ed.), via data/renewable_opposition_records_2026-09.csv",https://scholarship.law.columbia.edu/sabin_climate_change/280/,Sabin 2026 entry 4054; litigation venue: State,,,2026-09,in_latest_edition,,,,,src_731207f65d0f,sabin:S26P-4054,report_citation,unverified,23019,23019,name,strong,uswtdb:ME:59222,Passadumkeag,operating,42.9,2016,45.13197,-68.35098,"USWTDB v9.1 (2026-09-28): entry 59222 'Passadumkeag' (ME, Penobscot County, wind, 42.9 MW), operating, since 2016. Matched on name and county and capacity. The inventory records the plant's status only; it says nothing about the opposition or its effect.","outcome needs_review, but the plant is operating",,,,
con_b816fe8b76,ME,Pulpit Rock Road Solar,solar,2,"A 7-acre, 1-MW solar farm proposed by Allen Solar is facing resistance from the town of Raymond.",pending,none,pending,no,,Cumberland County,,2024,1,7,"A 7-acre, 1-MW solar farm proposed by Allen Solar is facing resistance from the town of Raymond. In December 2023, residents expressed their concerns to the Raymond Planning Board, and in March 2024, residents advocated for a moratorium to the Raymond Select Board. Residents living next to the site stated that they would initiate legal action to halt the project if necessary and have hired an attorney to draft changes to the current ordinances. Opponents have said that they support renewable energy, but argue that such projects do not belong in a residential area, citing concerns about potential negative impacts to the environment, including ecosystems and water sources, and to property values. The developer stated that it has worked to address these concerns and that the project complies with current ordinances and minimizes environmental impact. As of March 2024, the Maine Department of Environmental Protection was reviewing the project to determine whether it meets the requirements for the approval of a permit.",S26P-4055,"Sabin Center, Opposition to Renewable Energy Facilities in the United States (Sept. 2026 ed.), via data/renewable_opposition_records_2026-09.csv",https://scholarship.law.columbia.edu/sabin_climate_change/280/,Sabin 2026 entry 4055,,,2026-09,in_latest_edition,,,,,src_731207f65d0f,sabin:S26P-4055,report_citation,unverified,23005,23005,name,,,,,,,,,,,,,,
con_d94ff6b2aa,ME,Saddleback Ridge Wind Farm,wind,3,"In 2012, the organization Friends of Maine Mountains (“Friends”) filed an appeal with the Maine Supreme Judicial Court challenging the state Board of Environmental Protection (BEP)’s February 18, 2012 final order approving the 34-MW Saddleback Ridge Wind Project.",needs_review,none,unknown,yes,litigation,Franklin County,,2013,34,,"In 2012, the organization Friends of Maine Mountains (“Friends”) filed an appeal with the Maine Supreme Judicial Court challenging the state Board of Environmental Protection (BEP)’s February 18, 2012 final order approving the 34-MW Saddleback Ridge Wind Project. The BEP’s order affirmed the state Department of Environmental Protection (DEP)’s approval of the project. Friends alleged that BEP misapplied the nighttime sound limits and argued that certain provisions of the Maine Wind Energy Act were unconstitutional. In March 2013, the court unanimously vacated the BEP’s decision and remanded for further administrative proceedings. The court found that BEP abused its discretion by allowing 45 dBA of noise during the nighttime after having adopted a nighttime limit of 42 dBA. The court, however, found no merit in Friends’ constitutional challenges to the Maine Wind Energy Act.",S26P-4056,"Sabin Center, Opposition to Renewable Energy Facilities in the United States (Sept. 2026 ed.), via data/renewable_opposition_records_2026-09.csv",https://scholarship.law.columbia.edu/sabin_climate_change/280/,Sabin 2026 entry 4056; litigation venue: State,,,2026-09,in_latest_edition,,,,,src_731207f65d0f,sabin:S26P-4056,report_citation,unverified,23007,23007,name,,,,,,,,,,,,,,
con_8e55b01f33,ME,Somerset Wind,wind,2,"In 2017, local residents, including groups called Saving Maine and the Moosehead Region Futures Committee, organized in opposition to NRG’s proposed 26-turbine, 94-MW Somerset Wind project in Somerset County, Maine.",needs_review,none,unknown,no,,Somerset County,,2017,94,,"In 2017, local residents, including groups called Saving Maine and the Moosehead Region Futures Committee, organized in opposition to NRG’s proposed 26-turbine, 94-MW Somerset Wind project in Somerset County, Maine. Opponents argued the project would have visual impacts and potentially damage the aquifer that feeds into Moosehead Lake. It appears the project was not built; no updates after October 2017 are available.",S26P-4057,"Sabin Center, Opposition to Renewable Energy Facilities in the United States (Sept. 2026 ed.), via data/renewable_opposition_records_2026-09.csv",https://scholarship.law.columbia.edu/sabin_climate_change/280/,Sabin 2026 entry 4057,,,2026-09,in_latest_edition,,,,,src_731207f65d0f,sabin:S26P-4057,report_citation,unverified,23025,23025,name,,,,,,,,,,,,,,
con_db68aaf3cc,MI,45th Parallel Solar,solar,2,"RWE Clean Energy proposed a 200-MW solar farm, called 45th Parallel Solar, to be developed on approximately 1,000 acres of private land in Hayes Township.",pending,none,pending,no,,Otsego County,Hayes Township,2025,200,1000,"RWE Clean Energy proposed a 200-MW solar farm, called 45th Parallel Solar, to be developed on approximately 1,000 acres of private land in Hayes Township. In February 2025, the Otsego County Planning Commission, in a 7-1 vote, approved a special use permit for the project. The developer had submitted a separate proposal to lease additional public land for the project. In May 2025, the Michigan Department of Natural Resources rejected the leasing proposal following mass public criticism from both lawmakers and environmental organizations, citing concerns over deforestation and a lack of transparency. The development of the project continues on the proposed 1,000 acres of private land and commercial operations are estimated to begin in 2027.",S26P-4380,"Sabin Center, Opposition to Renewable Energy Facilities in the United States (Sept. 2026 ed.), via data/renewable_opposition_records_2026-09.csv",https://scholarship.law.columbia.edu/sabin_climate_change/280/,Sabin 2026 entry 4380,,,2026-09,in_latest_edition,,,,,src_731207f65d0f,sabin:S26P-4380,report_citation,unverified,26137,26137,name,,,,,,,,,,,,,,
con_0fb5b6ffc9,MI,Beaver Township Wind Farm,wind,4,"In 2018, DTE Energy canceled plans to develop a wind farm in Beaver Township after the township board “set a sound limit that was so low that it basically would not allow any turbine in any 1-mile by-1 mile section.” Opponents of the project had voiced concerns about impacts to property value and wildlife, as well as physical safety.",blocked_unverified,outcome_label_only,cancelled,no,,Bay County,Beaver Township,2018,,,"In 2018, DTE Energy canceled plans to develop a wind farm in Beaver Township after the township board “set a sound limit that was so low that it basically would not allow any turbine in any 1-mile by-1 mile section.” Opponents of the project had voiced concerns about impacts to property value and wildlife, as well as physical safety.",S26P-4058,"Sabin Center, Opposition to Renewable Energy Facilities in the United States (Sept. 2026 ed.), via data/renewable_opposition_records_2026-09.csv",https://scholarship.law.columbia.edu/sabin_climate_change/280/,Sabin 2026 entry 4058; cancelled 2018,,,2026-09,in_latest_edition,,,,,src_731207f65d0f,sabin:S26P-4058,report_citation,unverified,26017,26017,name,,,,,,,,,,,,,,
con_866caa36a0,MI,Birch Valley Solar,solar,2,"Ranger Power has proposed to construct a 170-MW solar facility called Birch Valley Solar on approximately 1,500 acres of farmland in Arbela Township.",pending,none,pending,no,,Tuscola County,Arbela Township,2025,170,"1,500","Ranger Power has proposed to construct a 170-MW solar facility called Birch Valley Solar on approximately 1,500 acres of farmland in Arbela Township. If completed, the project would net $340,000 annually for the township’s fire, infrastructure, or safety expenses. The proposal also includes a host community agreement requiring the developer to pay the township $2,000 per MW of installed capacity. Despite the anticipated benefits, the project is facing local opposition. Opponents have raised concerns of encroachment on prime farmland and the fact that the project’s scale would exceed the local zoning ordinance’s cap on utility-scale solar development of 4% of total township acreage. In July 2025, the developer submitted an application for a special land use permit. If the Arbela Township Board of Trustees denies the permit, the developer may seek project approval from the Michigan Public Service Commission (MPSC) under the Public Act 233 of 2023, which allows the PSC to preempt certain  local government decisions.",S26P-4366,"Sabin Center, Opposition to Renewable Energy Facilities in the United States (Sept. 2026 ed.), via data/renewable_opposition_records_2026-09.csv",https://scholarship.law.columbia.edu/sabin_climate_change/280/,Sabin 2026 entry 4366,,,2026-09,in_latest_edition,,,,,src_731207f65d0f,sabin:S26P-4366,report_citation,unverified,26157,26157,name,,,,,,,,,,,,,,
con_05b0653fc3,MI,Branch County Wind Farm,wind,2,"DTE Energy began signing leases to construct a wind farm in Batavia, Matteson, Sherwood and Union Townships in 2017, eventually spending $250,000 signing 280 leases on farmland.",needs_review,none,unknown,no,,Branch County,"Batavia, Matteson, Sherwood and Union Townships",2020,,,"DTE Energy began signing leases to construct a wind farm in Batavia, Matteson, Sherwood and Union Townships in 2017, eventually spending $250,000 signing 280 leases on farmland. However, the project faced intense opposition from groups like Concerned Citizens of Branch County. In August 2020, Matteson and Sherwood Townships passed restrictive ordinances, with another restrictive ordinance pending in Batavia, and the company to put the project on hold.",S26P-4059,"Sabin Center, Opposition to Renewable Energy Facilities in the United States (Sept. 2026 ed.), via data/renewable_opposition_records_2026-09.csv",https://scholarship.law.columbia.edu/sabin_climate_change/280/,Sabin 2026 entry 4059,,,2026-09,in_latest_edition,,,,,src_731207f65d0f,sabin:S26P-4059,report_citation,unverified,26023,26023,name,,,,,,,,,,,,,,
con_f88520098c,MI,Confluence Solar Project,solar,2,"Opponents of Ranger Power LLC’s plans for a 200-MW, 1,500-acre solar farm collected over 200 signatures for petition against the development and lobbied the township board for changes to the zoning ordinance that may kill it.",pending,none,pending,no,,Genesee County,,2022,200,1500,"Opponents of Ranger Power LLC’s plans for a 200-MW, 1,500-acre solar farm collected over 200 signatures for petition against the development and lobbied the township board for changes to the zoning ordinance that may kill it. In December 2022, the Flushing Township Board approved an amendment to the township zoning ordinance that may prevent the project by limiting total area of solar panels to 25% of lot area. The planning commission proposed additional changes to the township zoning ordinance to keep out major commercial projects, including setbacks of 500 feet from any dwelling unit and 300 feet from property lines.",S26P-4060,"Sabin Center, Opposition to Renewable Energy Facilities in the United States (Sept. 2026 ed.), via data/renewable_opposition_records_2026-09.csv",https://scholarship.law.columbia.edu/sabin_climate_change/280/,Sabin 2026 entry 4060,,,2026-09,in_latest_edition,,,,,src_731207f65d0f,sabin:S26P-4060,report_citation,unverified,26049,26049,name,,,,,,,,,,,,,,
con_967e24d307,MI,Crescent Wind Farm,wind,1,"A 166-MW wind farm in Wheatland Township of Hillsdale County faced backlash from a group called the Concerned Citizens of Wheatland Township, who spoke against the project at town meetings.",advanced_unverified,outcome_label_only,operational,no,,Hillsdale County,Wheatland Township,2021,166,,"A 166-MW wind farm in Wheatland Township of Hillsdale County faced backlash from a group called the Concerned Citizens of Wheatland Township, who spoke against the project at town meetings. Nonetheless, the township board and the Michigan Public Service Commission approved the project, and it was completed in 2021.",S26P-4061,"Sabin Center, Opposition to Renewable Energy Facilities in the United States (Sept. 2026 ed.), via data/renewable_opposition_records_2026-09.csv",https://scholarship.law.columbia.edu/sabin_climate_change/280/,Sabin 2026 entry 4061,,,2026-09,in_latest_edition,,,,,src_731207f65d0f,sabin:S26P-4061,report_citation,unverified,26059,26059,name,strong,eia:63686:operating;uswtdb:MI:63686,Crescent Wind Park,operating,150,2021,41.935,-84.477,"EIA-860M August 2026: plant ID 63686 'Crescent Wind Park' (MI, Hillsdale County, entity Consumers Energy Co - (MI), wind, 150 MW), operating, since 2/2021. Status (OP) Operating. USWTDB v9.1 (2026-09-28): entry 63686 'Crescent Wind' (MI, Hillsdale County, wind, 166.1 MW), operating, since 2021. Matched on name and county and capacity. The inventory records the plant's status only; it says nothing about the opposition or its effect.",,,,,
con_d553441a0c,MI,Filion Wind Park,wind,4,"In May 2017, the 70-turbine Filion Wind Park was rejected by voters in four Michigan townships through petition drives and referendum votes.",blocked_unverified,outcome_label_only,cancelled,no,,Huron County,,2017,,,"In May 2017, the 70-turbine Filion Wind Park was rejected by voters in four Michigan townships through petition drives and referendum votes. The project had previously received approval from Huron County officials. In an interview, a renewable energy director from DTE Energy claimed that this and a related decision have caused DTE Energy to look elsewhere for future renewable energy projects. The secretary of the Huron County Wind Resistance, a local anti-wind energy group, responded to the news as follows: “All I can say is, the people have spoken. We didn’t persuade them any more than asking them and pleading with them to go to the polls with our big advertising dollars. But, they showed up, and they said, ‘no.’ Victory for the people is what we’re saying.”",S26P-4062,"Sabin Center, Opposition to Renewable Energy Facilities in the United States (Sept. 2026 ed.), via data/renewable_opposition_records_2026-09.csv",https://scholarship.law.columbia.edu/sabin_climate_change/280/,Sabin 2026 entry 4062,,,2026-09,in_latest_edition,,,,,src_731207f65d0f,sabin:S26P-4062,report_citation,unverified,26063,26063,name,,,,,,,,,,,,,,
con_3f841ab5bd,MI,Fowler Farms Wind Farm,wind,3,In January 2013 Clinton County issued Forest Hills Energy a special use permit to operate a wind farm.,needs_review,none,unknown,yes,litigation,Clinton County,"Bengal, Dallas, and Essex Townships",2013,,,"In January 2013 Clinton County issued Forest Hills Energy a special use permit to operate a wind farm. However, while the application was pending, Bengal Township, Dallas Township, and Essex Township enacted wind energy ordinances that were impossible for the developer to meet. The developer sued, and a trial court found the township ordinances unenforceable because they were not properly adopted under the Michigan Zoning Enabling Act and conflicted with the county zoning ordinance; the Michigan Court of Appeals affirmed.",S26P-4063,"Sabin Center, Opposition to Renewable Energy Facilities in the United States (Sept. 2026 ed.), via data/renewable_opposition_records_2026-09.csv",https://scholarship.law.columbia.edu/sabin_climate_change/280/,Sabin 2026 entry 4063; litigation venue: State,,,2026-09,in_latest_edition,,,,,src_731207f65d0f,sabin:S26P-4063,report_citation,unverified,26037,26037,name,,,,,,,,,,,,,,
con_80e6d4a4a8,MI,Goodland Township Solar Project,solar,4,"On June 11, 2022, the Goodland Township Planning Commission voted to deny Orion Renewable Energy’s application for a special land use permit to construct a 100-MW solar farm on up to 1,600 acres of land.",blocked_unverified,outcome_label_only,cancelled,no,,Lapeer County,Goodland Township,2022,100,1600,"On June 11, 2022, the Goodland Township Planning Commission voted to deny Orion Renewable Energy’s application for a special land use permit to construct a 100-MW solar farm on up to 1,600 acres of land. Commissioners said the project would not be in harmony with the township’s existing agricultural and residential uses.",S26P-4064,"Sabin Center, Opposition to Renewable Energy Facilities in the United States (Sept. 2026 ed.), via data/renewable_opposition_records_2026-09.csv",https://scholarship.law.columbia.edu/sabin_climate_change/280/,Sabin 2026 entry 4064; cancelled 2022,,,2026-09,in_latest_edition,,,,,src_731207f65d0f,sabin:S26P-4064,report_citation,unverified,26087,26087,name,,,,,,,,,,,,,,
con_470f600042,MI,Heartland Wind,wind,3,"In April 2022, the Fulton Township Board officially rejected a recommendation from the Fulton Planning Commission to move forward with the Heartland Wind project.",advanced_unverified,outcome_label_only,operational,yes,litigation,Gratiot County,Fulton Township,2024,201,,"In April 2022, the Fulton Township Board officially rejected a recommendation from the Fulton Planning Commission to move forward with the Heartland Wind project. The unanimous vote (4-0) came after a heated four-hour-long town hall meeting. The developer, Invenergy, had intended to construct 12 turbines in Fulton and sued the Township after the Board’s decision, but a judge dismissed the suit. Invenergy continued to move forward with the project despite the Board’s decision, as it had received approval from the five other affected townships. Construction on the wind farm began in April 2023. The 201-MW, 72-turbine project was operational as of January 2024, with capacity to power roughly 80,000 homes.",S26P-4065,"Sabin Center, Opposition to Renewable Energy Facilities in the United States (Sept. 2026 ed.), via data/renewable_opposition_records_2026-09.csv",https://scholarship.law.columbia.edu/sabin_climate_change/280/,Sabin 2026 entry 4065; litigation venue: State,,,2026-09,in_latest_edition,,,,,src_731207f65d0f,sabin:S26P-4065,report_citation,unverified,26057,26057,name,strong,eia:66192:operating;uswtdb:MI:66192,Heartland Farms,operating,200,2024,43.21389,-84.63306,"EIA-860M August 2026: plant ID 66192 'Heartland Farms' (MI, Gratiot County, entity Consumers Energy Co - (MI), wind, 200 MW), operating, since 4/2024. Status (OP) Operating. USWTDB v9.1 (2026-09-28): entry 66192 'Heartland Farms Wind' (MI, Gratiot County, wind, 200.4 MW), operating, since 2023. Matched on name and county and capacity. The inventory records the plant's status only; it says nothing about the opposition or its effect.",,,,,
con_ca5bc80060,MI,Heritage Garden Wind Farm Phase I,wind,3,"In September 2012, Heritage Garden, a 14-turbine, 28-MW wind farm, became operational.",advanced_unverified,outcome_label_only,operational,yes,litigation,Delta County,,2018,28,,"In September 2012, Heritage Garden, a 14-turbine, 28-MW wind farm, became operational. In January 2015, the non-profit Garden Peninsula Foundation and other Delta County residents sued the wind farm developer, Heritage Sustainable Energy LLC, in the federal District Court. The plaintiffs alleged violations of the National Environmental Policy Act (NEPA), the Endangered Species Act (ESA), the Bald and Golden Eagle Protection Act (BGEPA), and the Michigan Environmental Protection Act (MEPA), and they asserted claims for private nuisance, public nuisance, and negligence. In July 2017, the court dismissed the federal claims with prejudice and dismissed the state law claims without prejudice. In December 2017, the Delta County Planning Commission held a special public meeting regarding the developer’s proposal to build an additional 20 wind turbines. The Planning Commission approved the additional 20 turbines and the developer began construction of the expansion in October 2018.",S26P-4066,"Sabin Center, Opposition to Renewable Energy Facilities in the United States (Sept. 2026 ed.), via data/renewable_opposition_records_2026-09.csv",https://scholarship.law.columbia.edu/sabin_climate_change/280/,Sabin 2026 entry 4066; litigation venue: Federal; cancelled 2012,,,2026-09,in_latest_edition,,,,,src_731207f65d0f,sabin:S26P-4066,report_citation,unverified,26041,26041,name,strong,eia:58103:operating;uswtdb:MI:58103,Heritage Garden Wind Farm I LLC,operating,28,2012,45.79556,-86.53389,"EIA-860M August 2026: plant ID 58103 'Heritage Garden Wind Farm I LLC' (MI, Delta County, entity DTE Sustainable Generation, wind, 28 MW), operating, since 9/2012. Status (OP) Operating. USWTDB v9.1 (2026-09-28): entry 58103 'Heritage Garden' (MI, Delta County, wind, 28 MW), operating, since 2012. Matched on name and county and capacity. The inventory records the plant's status only; it says nothing about the opposition or its effect.",,,,,
con_c297174ce5,MI,Huron Wind Energy Center,wind,4,"The Huron Wind Energy Center was a proposed 150-MW, 60-turbine wind farm being developed by NextEra in Sherman and Sigel Townships.",blocked_unverified,outcome_label_only,cancelled,no,,Huron County; Sanilac County,Sherman and Sigel Townships,2017,150,,"The Huron Wind Energy Center was a proposed 150-MW, 60-turbine wind farm being developed by NextEra in Sherman and Sigel Townships. In May 2017, at the same time as Huron County voters rejected the Filion Wind Park through referenda votes, Huron County residents voted against a wind overlay district proposed by NextEra Energy that was necessary to construct the Huron Wind Energy Center in those townships. The project had already been approved by Huron County officials, and the May 2017 voting occurred through referendum.",S26P-4067,"Sabin Center, Opposition to Renewable Energy Facilities in the United States (Sept. 2026 ed.), via data/renewable_opposition_records_2026-09.csv",https://scholarship.law.columbia.edu/sabin_climate_change/280/,Sabin 2026 entry 4067,,,2026-09,in_latest_edition,,,,,src_731207f65d0f,sabin:S26P-4067,report_citation,unverified,,26063;26151,names,,,,,,,,,,,,,,
con_5d3358ac47,MI,Iosco Solar,solar,4,"In 2025, DTE Energy proposed the Iosco Solar project to be located on approximately 1,800 acres of land spanning two districts zoned as agricultural land in Iosco Township.",blocked_unverified,outcome_label_only,cancelled,no,,Livingston County,Iosco Township,2025,,"1,800","In 2025, DTE Energy proposed the Iosco Solar project to be located on approximately 1,800 acres of land spanning two districts zoned as agricultural land in Iosco Township. In June 2025, the Iosco Township Planning Commission recommended approval of two conditional rezoning requests needed for the project to move forward on the site. On December 18, 2025, at a Township Board public meeting, the Board unanimously denied the two rezoning requests. The denial was followed by loud applause and a standing ovation from project opponents, who had raised concerns over government overreach, loss of rural character, decreased property values, loss of farmland, noise, and public safety.",S26P-4414,"Sabin Center, Opposition to Renewable Energy Facilities in the United States (Sept. 2026 ed.), via data/renewable_opposition_records_2026-09.csv",https://scholarship.law.columbia.edu/sabin_climate_change/280/,Sabin 2026 entry 4414; cancelled 2025,,,2026-09,in_latest_edition,,,,,src_731207f65d0f,sabin:S26P-4414,report_citation,unverified,26093,26093,name,,,,,,,,,,,,,,
con_cde6e536c4,MI,Kalamink Wind Project,wind,2,Apex Clean Energy is facing opposition to a proposed 300-MW wind farm in Ingham County where four of the townships in which the project would be sited have adopted or are considering adopting restrictive ordinances.,needs_review,none,unknown,no,,Ingham County,,2022,300,,"Apex Clean Energy is facing opposition to a proposed 300-MW wind farm in Ingham County where four of the townships in which the project would be sited have adopted or are considering adopting restrictive ordinances. Stockbridge Township, for example, limited the height of turbines to 400 feet, shorter the most commercial turbines. Opponents of the project have formed a group called Ingham County Citizens United (ICCU).",S26P-4068,"Sabin Center, Opposition to Renewable Energy Facilities in the United States (Sept. 2026 ed.), via data/renewable_opposition_records_2026-09.csv",https://scholarship.law.columbia.edu/sabin_climate_change/280/,Sabin 2026 entry 4068,,,2026-09,in_latest_edition,,,,,src_731207f65d0f,sabin:S26P-4068,report_citation,unverified,26065,26065,name,,,,,,,,,,,,,,
con_5b0b98fcde,MI,Kenowa Ridge Wind Farm,wind,4,"In December 2019, American Electric Power canceled plans to build 31 wind turbines in two Michigan townships after one of those townships, Casnovia, adopted a restrictive ordinance that requires wind turbines to be set back from property lines by a distance of 4 times turbine height.",blocked_unverified,outcome_label_only,cancelled,yes,litigation,Kent County; Muskegon County,Casnovia Township,2019,,,"In December 2019, American Electric Power canceled plans to build 31 wind turbines in two Michigan townships after one of those townships, Casnovia, adopted a restrictive ordinance that requires wind turbines to be set back from property lines by a distance of 4 times turbine height. Casnovia Township had previously approved a special use permit for the wind farm in April 2019 and was sued by local residents opposed the project; the developer also sued Casnovia Township alleging that the permit included 32 “capricious and arbitrary” conditions that would make it impossible to build the project.",S26P-4069,"Sabin Center, Opposition to Renewable Energy Facilities in the United States (Sept. 2026 ed.), via data/renewable_opposition_records_2026-09.csv",https://scholarship.law.columbia.edu/sabin_climate_change/280/,Sabin 2026 entry 4069; litigation venue: State; cancelled 2019,,,2026-09,in_latest_edition,,,,,src_731207f65d0f,sabin:S26P-4069,report_citation,unverified,,26081;26121,names,,,,,,,,,,,,,,
con_ff460d299d,MI,Lake Winds Energy Park,wind,3,"In April 2013, Mason County residents, supported by Citizens Alliance for Responsible Renewable Energy, filed a lawsuit in Mason County Circuit Court, challenging the Mason County Planning Commission’s approval of Consumers Energy’s 100-MW Lake Winds Energy Park and seeking an injunction to stop the project’s operations.",advanced_unverified,outcome_label_only,operational,yes,litigation,Mason County,,2014,100,,"In April 2013, Mason County residents, supported by Citizens Alliance for Responsible Renewable Energy, filed a lawsuit in Mason County Circuit Court, challenging the Mason County Planning Commission’s approval of Consumers Energy’s 100-MW Lake Winds Energy Park and seeking an injunction to stop the project’s operations. The project, which consists of 56 turbines, had been operational since November 2012. The plaintiffs alleged that noise, vibrations, and flickering light were causing physical harm as well as economic losses. The developer had received 128 complaints within the first year of operation and had faced opposition during construction. In September 2013, the Mason County Planning Commission determined that the wind farm violated the agreed-upon noise standards and ordered Consumers Energy to bring the facility into compliance. In late 2014, the developer reached a confidential settlement that resolved the pending lawsuit.",S26P-4070,"Sabin Center, Opposition to Renewable Energy Facilities in the United States (Sept. 2026 ed.), via data/renewable_opposition_records_2026-09.csv",https://scholarship.law.columbia.edu/sabin_climate_change/280/,Sabin 2026 entry 4070; litigation venue: State; cancelled 2012,,,2026-09,in_latest_edition,,,,,src_731207f65d0f,sabin:S26P-4070,report_citation,unverified,26105,26105,name,strong,eia:57984:operating;uswtdb:MI:57984,Lake Winds Energy Park,operating,100.8,2012,43.87194,-86.33472,"EIA-860M August 2026: plant ID 57984 'Lake Winds Energy Park' (MI, Mason County, entity Consumers Energy Co - (MI), wind, 100.8 MW), operating, since 11/2012. Status (OP) Operating. USWTDB v9.1 (2026-09-28): entry 57984 'Lake Winds' (MI, Mason County, wind, 100.8 MW), operating, since 2012. Matched on name and county and capacity. The inventory records the plant's status only; it says nothing about the opposition or its effect.",,,,,
con_afba391931,MI,Lakeside Solar Project,solar,3,"On February 28, 2023, the developer of a proposed 1,700-acre, 200-MW solar project sued White River Township in U.S. District Court alleging that the township’s moratorium on solar projects is illegal and constitutes a taking.",pending,none,pending,yes,litigation,Muskegon County,White River Township,2023,200,1700,"On February 28, 2023, the developer of a proposed 1,700-acre, 200-MW solar project sued White River Township in U.S. District Court alleging that the township’s moratorium on solar projects is illegal and constitutes a taking. In the lawsuit, the developer alleges that it has worked cooperatively with township officials since 2019, but that relations deteriorated after township officials sent out a public opinion survey, which catalyzed local opposition. At the time of the lawsuit, the developer had already spent $1.6 million on the project.",S26P-4071,"Sabin Center, Opposition to Renewable Energy Facilities in the United States (Sept. 2026 ed.), via data/renewable_opposition_records_2026-09.csv",https://scholarship.law.columbia.edu/sabin_climate_change/280/,Sabin 2026 entry 4071; litigation venue: State,,,2026-09,in_latest_edition,,,,,src_731207f65d0f,sabin:S26P-4071,report_citation,unverified,26121,26121,name,,,,,,,,,,,,,,
con_1656032ce3,MI,Meade Wind Farm,wind,4,"DTE canceled plans to construct a 100-MW wind farm in Meade Township after the project was rejected by residents in a May 2015 referendum, which overturned Meade Township Board’s November 2013 approval of the project.",blocked_unverified,outcome_label_only,cancelled,no,,Huron County,Meade Township,2015,100,,"DTE canceled plans to construct a 100-MW wind farm in Meade Township after the project was rejected by residents in a May 2015 referendum, which overturned Meade Township Board’s November 2013 approval of the project.",S26P-4072,"Sabin Center, Opposition to Renewable Energy Facilities in the United States (Sept. 2026 ed.), via data/renewable_opposition_records_2026-09.csv",https://scholarship.law.columbia.edu/sabin_climate_change/280/,Sabin 2026 entry 4072; cancelled 2015,,,2026-09,in_latest_edition,,,,,src_731207f65d0f,sabin:S26P-4072,report_citation,unverified,26063,26063,name,,,,,,,,,,,,,,
con_afcca71ba8,MI,Michigan Wind 3,wind,3,"In March 2016, several Sanilac County townships acted to delay or prevent the siting of the 68-turbine, 150-MW Michigan Wind 3 project being developed by Exelon.",needs_review,none,unknown,yes,litigation,Sanilac County,Marion Township,2016,150,,"In March 2016, several Sanilac County townships acted to delay or prevent the siting of the 68-turbine, 150-MW Michigan Wind 3 project being developed by Exelon. Marion Township approved a moratorium on wind energy development, which was expected to push the project back at least six months, though the moratorium was later amended to apply only to future permit applications. Marion Township residents stated that they were preparing for legal action if the project was ultimately approved. A Bridgehampton Township council member moved for a wind moratorium at the same time. This proposed moratorium was eventually rejected. Exelon also sued Bridgehampton Township for tabling a public hearing on Exelon’s application for a special land use permit, but a Sanilac County judge ruled against Exelon in May 2016. Bridgehampton then adopted a six-month moratorium on new wind development in November 2016 under a new board supervisor. The project does not appear to have been built.",S26P-4073,"Sabin Center, Opposition to Renewable Energy Facilities in the United States (Sept. 2026 ed.), via data/renewable_opposition_records_2026-09.csv",https://scholarship.law.columbia.edu/sabin_climate_change/280/,Sabin 2026 entry 4073; litigation venue: State,,,2026-09,in_latest_edition,,,,,src_731207f65d0f,sabin:S26P-4073,report_citation,unverified,26151,26151,name,,,,,,,,,,,,,,
con_58c2072fa9,MI,Montcalm Wind Project,wind,2,"In the November 2022 elections, voters in three rural townships in Montcalm County, Michigan voted to reject ordinances that would have allowed construction of a 375-MW, 75-turbine wind farm by Apex Clean Energy.",needs_review,none,unknown,no,,Montcalm County,"Maple Valley, Douglass, and Winfield Townships",2022,375,,"In the November 2022 elections, voters in three rural townships in Montcalm County, Michigan voted to reject ordinances that would have allowed construction of a 375-MW, 75-turbine wind farm by Apex Clean Energy. In those same three townships (Maple Valley, Douglass and Winfield), seven officials were recalled due to support for the project.",S26P-4074,"Sabin Center, Opposition to Renewable Energy Facilities in the United States (Sept. 2026 ed.), via data/renewable_opposition_records_2026-09.csv",https://scholarship.law.columbia.edu/sabin_climate_change/280/,Sabin 2026 entry 4074,,,2026-09,in_latest_edition,,,,,src_731207f65d0f,sabin:S26P-4074,report_citation,unverified,26117,26117,name,,,,,,,,,,,,,,
con_d25c5c670b,MI,Mustang Mile Solar Energy,solar,3,"In 2017, Invenergy proposed the 150-MW Mustang Mile Solar project to be located on approximately 2,777 acres in Macon Township.",pending,none,pending,yes,litigation,Lenawee County,Macon Township,2025,150,"2,777","In 2017, Invenergy proposed the 150-MW Mustang Mile Solar project to be located on approximately 2,777 acres in Macon Township. From 2018 to 2020, the township adopted amendments to its solar ordinance to allow large-scale solar facilities as a special land use. However, in 2021, the Planning Commission recommended denial of a permit for the Mustang Mile Solar project on the basis that it did not meet the required standards for a special land use. The Township Board, in a 3-2 vote, approved issuance of a special use permit for the project, despite the Commission’s findings and recommendation to deny it. In 2021, local opponents of the project filed a lawsuit in the Lenawee Circuit Court challenging the Board’s issuance of the permit. The circuit court affirmed the Board’s decision; in its ruling, the court erroneously stated that the Commission had recommended approval of the permit. The opponents appealed the circuit court’s decision to the Michigan Court of Appeals. In October 2025, the court of appeals vacated the circuit court’s decision reasoning that the lower court’s decision was an error unsupported by the record. The matter was remanded to the Board for further proceedings.",S26P-4397,"Sabin Center, Opposition to Renewable Energy Facilities in the United States (Sept. 2026 ed.), via data/renewable_opposition_records_2026-09.csv",https://scholarship.law.columbia.edu/sabin_climate_change/280/,Sabin 2026 entry 4397; litigation venue: State,,,2026-09,in_latest_edition,,,,,src_731207f65d0f,sabin:S26P-4397,report_citation,unverified,26091,26091,name,,,,,,,,,,,,,,
con_0680cece0f,MI,Pegasus Wind,wind,4,"In June 2019, Pegasus Wind applied for zoning variances to construct 33 wind turbines near a local airport.",blocked_unverified,outcome_label_only,cancelled,yes,litigation,Tuscola County,,2024,,,"In June 2019, Pegasus Wind applied for zoning variances to construct 33 wind turbines near a local airport. The Tuscola Airport Zoning Board of Appeals (AZBA) denied the applications for variances, citing concerns about air traffic safety. The developer appealed the denials to the Tuscola Circuit Court, which reversed the AZBA’s decision. In October 2019, Pegasus Wind submitted applications for 8 additional variances, which the AZBA again denied. Pegasus Wind appealed the denial to the Tuscola Circuit Court, which affirmed the denial. In 2022, the Michigan Court of Appeals reversed the Circuit Court’s decision, finding that denial was improper. However, in April 2024, the Michigan Supreme Court reversed the Court of Appeals’ decision, allowing the AZBA’s denial of the variances to stand.",S26P-4075,"Sabin Center, Opposition to Renewable Energy Facilities in the United States (Sept. 2026 ed.), via data/renewable_opposition_records_2026-09.csv",https://scholarship.law.columbia.edu/sabin_climate_change/280/,"Sabin 2026 entry 4075; litigation venue: Administrative, State; cancelled 2024",,,2026-09,in_latest_edition,,,,,src_731207f65d0f,sabin:S26P-4075,report_citation,unverified,26157,26157,name,strong,eia:61916:operating;uswtdb:MI:61916;uswtdb:MI:61916,Pegasus Wind,operating,178,2019,43.452,-83.50721,"EIA-860M August 2026: plant ID 61916 'Pegasus Wind' (MI, Tuscola County, entity Pegasus Wind, LLC, wind, 178 MW), operating, since 12/2019. Status (OP) Operating. USWTDB v9.1 (2026-09-28): entry 61916 'Pegasus' (MI, Tuscola County, wind, 48.8 MW), operating, since 2019. USWTDB v9.1 (2026-09-28): entry 61916 'Pegasus II' (MI, Tuscola County, wind, 102.5 MW), operating, since 2020. Matched on name and county. The inventory records the plant's status only; it says nothing about the opposition or its effect.","outcome blocked_unverified, but the plant is operating",,,,
con_40013b21d0,MI,Portside Solar,solar,4,"In November 2023, Fort Gratiot Township commissioners unanimously rejected a 900-acre solar project, resulting in applause from residents attending the commissioner meeting.",blocked_unverified,outcome_label_only,cancelled,no,,St. Clair County,Fort Gratiot Township,2023,,900,"In November 2023, Fort Gratiot Township commissioners unanimously rejected a 900-acre solar project, resulting in applause from residents attending the commissioner meeting. At the meeting and in written comments, residents opposed to the Portside Solar project raised concerns pertaining to potential noise, environmental impacts, and impacts to agricultural land.",S26P-4076,"Sabin Center, Opposition to Renewable Energy Facilities in the United States (Sept. 2026 ed.), via data/renewable_opposition_records_2026-09.csv",https://scholarship.law.columbia.edu/sabin_climate_change/280/,Sabin 2026 entry 4076; cancelled 2023,,,2026-09,in_latest_edition,,,,,src_731207f65d0f,sabin:S26P-4076,report_citation,unverified,26147,26147,name,,,,,,,,,,,,,,
con_b217c60cbb,MI,Sandstone Creek Solar Project,solar,4,"In 2016, National Grid Renewables, formerly known as Geronimo Energy, doing business as Sandstone Creek, LLC (“Sandstone”), proposed a 65-MW solar project in Benton Township.",blocked_unverified,outcome_label_only,cancelled,yes,litigation,Eaton County,Benton Township,2019,65,850,"In 2016, National Grid Renewables, formerly known as Geronimo Energy, doing business as Sandstone Creek, LLC (“Sandstone”), proposed a 65-MW solar project in Benton Township. In October 2019, Sandstone acquired permits and property interests in 850 acres of land after the county amended its Land Development Code to facilitate the project. In November 2019, the Benton Township Board of Trustees adopted a resolution in opposition to the project, Solar Farm Resolution 2017-2, which imposed a moratorium on solar permits and zoned the land exclusively for agricultural use. This effectively barred the development. Sandstone sought injunctive relief in state court. The trial court and court of appeals denied the injunction, concluding that the Board of Trustees sufficiently followed the procedures of the Michigan Zoning Enabling Act.",S26P-4077,"Sabin Center, Opposition to Renewable Energy Facilities in the United States (Sept. 2026 ed.), via data/renewable_opposition_records_2026-09.csv",https://scholarship.law.columbia.edu/sabin_climate_change/280/,Sabin 2026 entry 4077; litigation venue: State; cancelled 2019,,,2026-09,in_latest_edition,,,,,src_731207f65d0f,sabin:S26P-4077,report_citation,unverified,26045,26045,name,,,,,,,,,,,,,,
con_1dfcd20b4c,MI,Scandia Wind,wind,4,"In 2009, Scandia Wind began proposing to develop an offshore wind farm consisting of 100 to 200 turbines in Lake Michigan.",blocked_unverified,outcome_label_only,cancelled,no,,Mason County; Muskegon County; Oceana County; Ottawa County,,2009,,,"In 2009, Scandia Wind began proposing to develop an offshore wind farm consisting of 100 to 200 turbines in Lake Michigan. The proposal generated significant opposition. The developer offered to reduce the scale of the project and move it farther offshore and then abandoned the proposal altogether.",S26P-4078,"Sabin Center, Opposition to Renewable Energy Facilities in the United States (Sept. 2026 ed.), via data/renewable_opposition_records_2026-09.csv",https://scholarship.law.columbia.edu/sabin_climate_change/280/,Sabin 2026 entry 4078; cancelled 2009,,,2026-09,in_latest_edition,,,,,src_731207f65d0f,sabin:S26P-4078,report_citation,unverified,,26105;26121;26127;26139,names,,,,,,,,,,,,,,
con_457d2d1d11,MI,Silver Maple Solar,solar,2,"In 2025, RWE proposed the 200-MW Silver Maple Solar project to be located on approximately 1,900 acres of land, spanning non-contiguous areas in Zeeland Charter and Jamestown Townships.",pending,none,pending,no,,Ottawa County,"Jamestown Township, Zeeland Charter Township",2026,200,"1,900","In 2025, RWE proposed the 200-MW Silver Maple Solar project to be located on approximately 1,900 acres of land, spanning non-contiguous areas in Zeeland Charter and Jamestown Townships. The project has faced strong opposition from residents in both townships. At public hearings, local residents have expressed concerns over farmland loss, aesthetics, and environmental harm. In December 2025, over 200 people attended a Zeeland Township Planning Commission public meeting, the majority of which expressed opposition to the project. Opponents have also placed signs stating “Save Family Farms. Stop Solar Takeover” in both townships. The developer is considering seeking approval from the Michigan Public Service Commission and bypassing local permitting given the local opposition. In February 2026, the developer scheduled two public hearings on the project for mid-March 2026.",S26P-4413,"Sabin Center, Opposition to Renewable Energy Facilities in the United States (Sept. 2026 ed.), via data/renewable_opposition_records_2026-09.csv",https://scholarship.law.columbia.edu/sabin_climate_change/280/,Sabin 2026 entry 4413,,,2026-09,in_latest_edition,,,,,src_731207f65d0f,sabin:S26P-4413,report_citation,unverified,26139,26139,name,,,,,,,,,,,,,,
con_66fdd99d13,MI,Southwest Michigan Solar Project,solar;battery_storage,3,"In August 2023, 80% of residents in Decatur Township voted against an ordinance that would have allowed the Southwest Michigan Solar Project to proceed.",pending,none,pending,yes,litigation,Van Buren County,Decatur Township,2023,152,,"In August 2023, 80% of residents in Decatur Township voted against an ordinance that would have allowed the Southwest Michigan Solar Project to proceed.  The project, as planned, would consist of a 100-MW solar energy facility and 52-MW battery energy storage facility. Local residents have expressed concerns about potential impacts to local ecosystems and property values.",REC-0210,"Sabin Center, Opposition to Renewable Energy Facilities in the United States (Sept. 2026 ed.), via data/renewable_opposition_records_2026-09.csv",https://scholarship.law.columbia.edu/sabin_climate_change/280/,Sabin 2026 entry 4079; opposition_type carried from the 2025 edition,,,2026-09,in_latest_edition,con_66fdd99d13,,,,src_731207f65d0f,sabin:REC-0210,report_citation,unverified,26159,26159,name,,,,,,,,,,,,,,
con_f5579282d9,MI,Stoney Corners Wind Farm,wind,3,"In 2012, a family living across the road from the 60-MW Stoney Corners Wind Farm filed a lawsuit in the Missaukee County Circuit Court against Heritage Sustainable Energy, the operator of Stoney Corners, seeking declaratory and injunctive relief.",advanced_unverified,outcome_label_only,operational,yes,litigation,Missaukee County,,2014,60,,"In 2012, a family living across the road from the 60-MW Stoney Corners Wind Farm filed a lawsuit in the Missaukee County Circuit Court against Heritage Sustainable Energy, the operator of Stoney Corners, seeking declaratory and injunctive relief. The parents and their young son, who has an ear condition, alleged numerous health issues as a result of the wind farm construction. In 2014, the parties reached a settlement for an undisclosed amount.",S26P-4080,"Sabin Center, Opposition to Renewable Energy Facilities in the United States (Sept. 2026 ed.), via data/renewable_opposition_records_2026-09.csv",https://scholarship.law.columbia.edu/sabin_climate_change/280/,Sabin 2026 entry 4080; litigation venue: State,,,2026-09,in_latest_edition,,,,,src_731207f65d0f,sabin:S26P-4080,report_citation,unverified,26113,26113,name,strong,eia:57131:operating;uswtdb:MI:57131;uswtdb:MI:57131;uswtdb:MI:57131;uswtdb:MI:57131,Stoney Corners Wind Farm,operating,60,2009,44.19,-85.2983,"EIA-860M August 2026: plant ID 57131 'Stoney Corners Wind Farm' (MI, Missaukee County, entity DTE Sustainable Generation, wind, 60 MW), operating, since 12/2009. Status (OP) Operating. USWTDB v9.1 (2026-09-28): entry 57131 'Stoney Corners' (MI, Missaukee County, wind, 5 MW), operating, since 2008. USWTDB v9.1 (2026-09-28): entry 57131 'Stoney Corners - Repower' (MI, Missaukee County, wind, 14 MW), operating, since 2009. USWTDB v9.1 (2026-09-28): entry 57131 'Stoney Corners II' (MI, Missaukee County, wind, 20.8 MW), operating, since 2010. USWTDB v9.1 (2026-09-28): entry 57131 'Stoney Corners III' (MI, Osceola County, wind, 20.5 MW), operating, since 2011. Matched on name and county and capacity and a different capacity. The inventory records the plant's status only; it says nothing about the opposition or its effect.",,,,,
con_8d6adfd92c,MI,Summit Lake Wind Project,wind,4,"In April 2019, Renewable Energy Systems canceled plans for a proposed 49-turbine wind farm in L’Anse Township, Baraga County.",blocked_unverified,outcome_label_only,cancelled,no,,Baraga County,L’Anse Township,2019,,,"In April 2019, Renewable Energy Systems canceled plans for a proposed 49-turbine wind farm in L’Anse Township, Baraga County. The project faced opposition from a local group called Friends of the Huron Mountains. After the L’Anse Township Board approved an amendment to the zoning ordinance supported by the developer, which would have allowed wind turbines on commercial forest land, opponents forced a referendum to overturn the amendment. The project was abandoned before the referendum was held.",S26P-4081,"Sabin Center, Opposition to Renewable Energy Facilities in the United States (Sept. 2026 ed.), via data/renewable_opposition_records_2026-09.csv",https://scholarship.law.columbia.edu/sabin_climate_change/280/,Sabin 2026 entry 4081; cancelled 2019,,,2026-09,in_latest_edition,,,,,src_731207f65d0f,sabin:S26P-4081,report_citation,unverified,26013,26013,name,strong,eia:61812:canceled_or_postponed,Summit Lake Wind Energy Project,canceled_or_postponed,0,,46.74868,-88.17445,"EIA-860M August 2026: plant ID 61812 'Summit Lake Wind Energy Project' (MI, Baraga County, entity Summit Lake Wind, LLC, wind, 0 MW), cancelled or indefinitely postponed. Matched on name and county. The inventory records the plant's status only; it says nothing about the opposition or its effect.",,,,,
con_1abf6f2024,MI,Superior Solar Project,solar,2,"A petition against an approved solar farm in Sands Township that will generate 150 MW on 1,500 acres of land has obtained over 800 signatures.",pending,none,pending,no,,Marquette County,Sands Township,2020,150,1500,"A petition against an approved solar farm in Sands Township that will generate 150 MW on 1,500 acres of land has obtained over 800 signatures. In October 2020, the board voted unanimously to approve the project. On December 15, 2020, the Sands Township board approved the siting permit.",S26P-4082,"Sabin Center, Opposition to Renewable Energy Facilities in the United States (Sept. 2026 ed.), via data/renewable_opposition_records_2026-09.csv",https://scholarship.law.columbia.edu/sabin_climate_change/280/,Sabin 2026 entry 4082,,,2026-09,in_latest_edition,,,,,src_731207f65d0f,sabin:S26P-4082,report_citation,unverified,26103,26103,name,strong,eia:69577:planned,"Superior Solar Project, LLC",planned,150,2028,46.455,-87.466,"EIA-860M August 2026: plant ID 69577 'Superior Solar Project, LLC' (MI, Marquette County, entity Invenergy Services LLC, solar, 150 MW), planned, not under construction, expected 12/2028. Status (P) Planned for installation, but regulatory approvals not initiated. Matched on name and county and capacity. The inventory records the plant's status only; it says nothing about the opposition or its effect.",,,,,
con_9bf8b850a7,MI,Thorn Lake Solar Project,solar,2,"In April 2022, solar developer AES presented plans for a 20-MW solar project on 159 acres of land in Manchester Township.",pending,none,pending,no,,Washtenaw County,Manchester Township,2022,20,159,"In April 2022, solar developer AES presented plans for a 20-MW solar project on 159 acres of land in Manchester Township. The developer explained that the project would generate $5 million in tax revenue for the township compared to only $400,000 if the panels are not installed on the land. Residents at the meeting spoke out against the project, complaining that it would be an “eyesore” and disrupt the rural tranquility of the community. In July 2022, the township planning commission denied AES’s application for a conditional use permit, and in August 2022, AES appealed the decision to the Washtenaw County Circuit Court. In December 2022, the developer and township entered into a settlement agreement, allowing the project to move forward under certain conditions.",S26P-4083,"Sabin Center, Opposition to Renewable Energy Facilities in the United States (Sept. 2026 ed.), via data/renewable_opposition_records_2026-09.csv",https://scholarship.law.columbia.edu/sabin_climate_change/280/,Sabin 2026 entry 4083,,,2026-09,in_latest_edition,,,,,src_731207f65d0f,sabin:S26P-4083,report_citation,unverified,26161,26161,name,,,,,,,,,,,,,,
con_88ccd1f8f4,MI,Tuscola Wind III Energy Center,wind,3,"In September 2016, a developer seeking to construct 55 wind turbines in Fairgrove, Almer, and Ellington Townships applied for special land use permits in Almer and Ellington Townships.",advanced_unverified,outcome_label_only,operational,yes,litigation,Tuscola County,Almer and Ellington Townships,2019,,,"In September 2016, a developer seeking to construct 55 wind turbines in Fairgrove, Almer, and Ellington Townships applied for special land use permits in Almer and Ellington Townships. In November 2016, in each of those two townships, voters elected four new township board members who were associated with the anti-wind Ellington-Almer Concerned Citizens Group. In Almer Township, the new Board promptly implemented a moratorium on wind applications, and, in January 2017, voted 5 to 1 to deny the application. In Ellington Township, the planning commission developed a new ordinance, and, in May 2018 informed the developer that its application would be subject to the new ordinance. The developer filed federal lawsuits against the two townships where the court largely ruled in favor of the townships. The project was eventually commissioned in 2019 and is now operational.",S26P-4084,"Sabin Center, Opposition to Renewable Energy Facilities in the United States (Sept. 2026 ed.), via data/renewable_opposition_records_2026-09.csv",https://scholarship.law.columbia.edu/sabin_climate_change/280/,Sabin 2026 entry 4084; litigation venue: Federal,,,2026-09,in_latest_edition,,,,,src_731207f65d0f,sabin:S26P-4084,report_citation,unverified,26157,26157,name,strong,eia:58587:operating;uswtdb:MI:58587,Tuscola Wind II LLC,operating,100.3,2013,43.52694,-83.56694,"EIA-860M August 2026: plant ID 58587 'Tuscola Wind II LLC' (MI, Tuscola County, entity Tuscola Wind II LLC, wind, 100.3 MW), operating, since 11/2013. Status (OP) Operating. USWTDB v9.1 (2026-09-28): entry 58587 'Tuscola II' (MI, Tuscola County, wind, 100.3 MW), operating, since 2013. Matched on name and county. The inventory records the plant's status only; it says nothing about the opposition or its effect.",,,,,
con_6446fd1b00,MI,"White Tail Solar Project, a/k/a Railsplitter Solar",solar,3,"The 120-MW White Tail Solar Project consists of two units, Railsplitter 1 and Railsplitter 2, spanning 1,000 acres in Augusta Township and York Township.",pending,none,pending,yes,litigation,Washtenaw County,,2023,120,1000,"The 120-MW White Tail Solar Project consists of two units, Railsplitter 1 and Railsplitter 2, spanning 1,000 acres in Augusta Township and York Township. The project faced local opposition, and the Augusta Township Planning Commission rejected Railsplitter 2 in 2022. The developer filed an appeal. In 2023, the developer and Augusta Township settled the lawsuit through a consent judgment, allowing the project to move forward.",S26P-4085,"Sabin Center, Opposition to Renewable Energy Facilities in the United States (Sept. 2026 ed.), via data/renewable_opposition_records_2026-09.csv",https://scholarship.law.columbia.edu/sabin_climate_change/280/,"Sabin 2026 entry 4085; litigation venue: Administrative, State",,,2026-09,in_latest_edition,,,,,src_731207f65d0f,sabin:S26P-4085,report_citation,unverified,26161,26161,name,strong,eia:67678:operating,White Tail Solar,operating,140,2025,42.12558,-83.65358,"EIA-860M August 2026: plant ID 67678 'White Tail Solar' (MI, Washtenaw County, entity White Tail Solar, LLC, solar, 140 MW), operating, since 11/2025. Status (OP) Operating. Matched on part of the name and county and capacity. The inventory records the plant's status only; it says nothing about the opposition or its effect.","outcome pending, but the plant is operating",,,,
con_9c0f74e6de,MN,Big Blue Wind Farm,wind,1,"This 18-turbine, 36-MW wind farm went online in December 2012.",advanced_confirmed,resolution: https://www.eia.gov/electricity/data/eia860m/,operational,no,residents,Faribault County,,2017,36,,"This 18-turbine, 36-MW wind farm went online in December 2012. After years of complaints about noise, the PUC intervened in 2017 and discovered that the project’s noise protocol had never been approved. Residents then pushed for the farm to be completely shut down, but the Public Utilities Commission instead ordered the developer to address the problems and issued a warning.",REC-0219,"Sabin Center, Opposition to Renewable Energy Facilities in the United States (Sept. 2026 ed.), via data/renewable_opposition_records_2026-09.csv",https://scholarship.law.columbia.edu/sabin_climate_change/280/,Sabin 2026 entry 4086; opposition_type carried from the 2025 edition,,,2026-09,in_latest_edition,con_9c0f74e6de,,,,src_731207f65d0f,sabin:REC-0219,confirmed,verified,27043,27043,name,strong,eia:57289:operating;uswtdb:MN:57289,Big Blue,operating,36,2012,43.61222,-94.19194,"EIA-860M August 2026: plant ID 57289 'Big Blue' (MN, Faribault County, entity Big Blue Wind Farm LLC (MN), wind, 36 MW), operating, since 12/2012. Status (OP) Operating. USWTDB v9.1 (2026-09-28): entry 57289 'Big Blue Wind Farm' (MN, Faribault County, wind, 36 MW), operating, since 2012. Matched on name and county and capacity. The inventory records the plant's status only; it says nothing about the opposition or its effect.",,https://www.eia.gov/electricity/data/eia860m/,opened,,2012-12
con_a70a73ed1c,MN,Gopher State Solar Project,solar,2,"In August 2024, Ranger Power submitted an application to construct the 200-MW Gopher State Solar Project on approximately 1,667 acres in the townships of Kingman, Osceola, and Bird Island.",pending,none,pending,no,,Renville County,"Townships of Kingman, Osceola, and Bird Island",2025,200,"1,667","In August 2024, Ranger Power submitted an application to construct the 200-MW Gopher State Solar Project on approximately 1,667 acres in the townships of Kingman, Osceola, and Bird Island. Opponents of the project, including county officials, have questioned the estimated costs of decommissioning as insufficient. Local residents also raised concerns of potential visual and noise pollution and impacts to property values. In June 2025, an administrative law judge recommended approval of the permit by the Public Utilities Commission (PUC) subject to special conditions as decided by the PUC. If approved, the developer expects construction to begin in the spring of 2027.",S26P-4367,"Sabin Center, Opposition to Renewable Energy Facilities in the United States (Sept. 2026 ed.), via data/renewable_opposition_records_2026-09.csv",https://scholarship.law.columbia.edu/sabin_climate_change/280/,Sabin 2026 entry 4367,,,2026-09,in_latest_edition,,,,,src_731207f65d0f,sabin:S26P-4367,report_citation,unverified,27129,27129,name,,,,,,,,,,,,,,
con_c23172fa21,MN,Hale Township Community Solar Garden,solar,1,The McLeod County Board of Commissioners rejected a proposal for a 3.5-acre solar garden on prime farmland.,advanced_confirmed,resolution: https://www.eia.gov/electricity/data/eia860m/,pending,no,residents,McLeod County,,2021,,3.5,"The McLeod County Board of Commissioners rejected a proposal for a 3.5-acre solar garden on prime farmland. In 2021, the Minnesota Court of Appeals overturned the County Board’s decision. The court found that the Board’s stated concerns about impacts to neighboring property values and prime farmland were arbitrary and capricious and ordered the Board to approve the project.",REC-0220,"Sabin Center, Opposition to Renewable Energy Facilities in the United States (Sept. 2026 ed.), via data/renewable_opposition_records_2026-09.csv",https://scholarship.law.columbia.edu/sabin_climate_change/280/,Sabin 2026 entry 4087; opposition_type carried from the 2025 edition,,,2026-09,in_latest_edition,con_c23172fa21,,,,src_731207f65d0f,sabin:REC-0220,confirmed,verified,27085,27085,name,,,,,,,,,,,https://www.eia.gov/electricity/data/eia860m/,opened,,2022-09
con_3fb3ffabd3,MN,Lemon Hill Solar,solar,2,"In 2025, Ranger Power proposed the 180-MW Lemon Hill Solar project to be located on approximately 1,945 acres of agricultural land outside Viola and Haverhill townships.",pending,none,pending,no,,Olmsted County,Viola and Haverhill Townships,2025,180,"1,945","In 2025, Ranger Power proposed the 180-MW Lemon Hill Solar project to be located on approximately 1,945 acres of agricultural land outside Viola and Haverhill townships. In November 2025, at a Minnesota Public Utilities Commission public meeting, a majority of attendees raised concerns about the potential for soil disturbance from the project and its impacts on water supply and property values, and called for increased setbacks. The permitting process remains pending.",S26P-4399,"Sabin Center, Opposition to Renewable Energy Facilities in the United States (Sept. 2026 ed.), via data/renewable_opposition_records_2026-09.csv",https://scholarship.law.columbia.edu/sabin_climate_change/280/,Sabin 2026 entry 4399,,,2026-09,in_latest_edition,,,,,src_731207f65d0f,sabin:S26P-4399,report_citation,unverified,27109,27109,name,,,,,,,,,,,,,,
con_89a5b29fd0,MN,Marshall Solar Project,solar,1,"This 500-acre, 62-MW solar energy complex in southwestern Minnesota faced opposition from local residents who argued that it would lower property values and disrupt their rural lifestyle.",advanced_confirmed,resolution: https://www.eia.gov/electricity/data/eia860m/,pending,no,residents,Lyon County,,2016,62,500,"This 500-acre, 62-MW solar energy complex in southwestern Minnesota faced opposition from local residents who argued that it would lower property values and disrupt their rural lifestyle. Opponents of the project also complained that the developer had not sought out non-prime farmland for the project. The PUC unanimously approved the project in March 2016.",REC-0221,"Sabin Center, Opposition to Renewable Energy Facilities in the United States (Sept. 2026 ed.), via data/renewable_opposition_records_2026-09.csv",https://scholarship.law.columbia.edu/sabin_climate_change/280/,Sabin 2026 entry 4088; opposition_type carried from the 2025 edition,,,2026-09,in_latest_edition,con_89a5b29fd0,,,,src_731207f65d0f,sabin:REC-0221,confirmed,verified,27083,27083,name,strong,eia:59875:operating;uspvdb:401356,Marshall Solar Energy Project,operating,62.3,2017,44.47531,-95.66901,"EIA-860M August 2026: plant ID 59875 'Marshall Solar Energy Project' (MN, Lyon County, entity Marshall Solar Energy Project, solar, 62.3 MW), operating, since 1/2017. Status (OP) Operating. USPVDB v4.0 (2026-04-14): entry 401356 'Marshall Solar Energy Project' (MN, Lyon County, solar, 62.3 MW), operating, since 2017. Matched on name and county and capacity. The inventory records the plant's status only; it says nothing about the opposition or its effect.",,https://www.eia.gov/electricity/data/eia860m/,opened,,2017-01
con_e63a57b045,MN,Minnetrista Solar Farm,solar,4,A proposed solar energy system on 5-6 acres of vacant land initially earned the Minnetrista Planning Commission’s recommendation for approval in September 2020.,blocked_confirmed,resolution: https://evogov.s3.us-west-2.amazonaws.com/meetings/29/attachments/9133.pdf,cancelled,no,residents,Hennepin County,Minnetrista,2020,,6,"A proposed solar energy system on 5-6 acres of vacant land initially earned the Minnetrista Planning Commission’s recommendation for approval in September 2020. However, after receiving public comment, the city council rejected the project in October 2020 and implemented a moratorium on solar energy projects while it revised its ordinance to make clear that only small accessory-use systems are allowed.",REC-0222,"Sabin Center, Opposition to Renewable Energy Facilities in the United States (Sept. 2026 ed.), via data/renewable_opposition_records_2026-09.csv",https://scholarship.law.columbia.edu/sabin_climate_change/280/,Sabin 2026 entry 6296; cancelled 2020; opposition_type carried from the 2025 edition,,,2026-09,in_latest_edition,con_e63a57b045,,,,src_731207f65d0f,sabin:REC-0222,confirmed,verified,27053,27053,name,,,,,,,,,,,https://evogov.s3.us-west-2.amazonaws.com/meetings/29/attachments/9133.pdf,archived,https://web.archive.org/web/20240616194924id_/https://evogov.s3.us-west-2.amazonaws.com/meetings/29/attachments/9133.pdf,2020-10-19
con_b42fc58d44,MN,Morristown Solar,solar,2,"In 2025, New Leaf Energy proposed the 5-MW Morristown Solar project to be located on approximately 35 acres of agricultural land northeast of Morristown.",pending,none,pending,no,,Rice County,Morristown,2025,5,35,"In 2025, New Leaf Energy proposed the 5-MW Morristown Solar project to be located on approximately 35 acres of agricultural land northeast of Morristown. In November 2025, following a public meeting, the Rice County Planning Commission denied a permit for the project. Opponents of the project included the Morristown Mayor, city councilors, and Minnesota Senator John Jasinski. The opponents voiced concerns about the project, including its potential impact on the future development of the city. The proposal was submitted to the Board of Commissioners for a final decision.",S26P-4398,"Sabin Center, Opposition to Renewable Energy Facilities in the United States (Sept. 2026 ed.), via data/renewable_opposition_records_2026-09.csv",https://scholarship.law.columbia.edu/sabin_climate_change/280/,Sabin 2026 entry 4398,,,2026-09,in_latest_edition,,,,,src_731207f65d0f,sabin:S26P-4398,report_citation,unverified,27131,27131,name,,,,,,,,,,,,,,
con_ed00a6e8c7,MN,New Era Wind Farm,wind,4,"After a drawn-out battle between New Era Wind and Goodhue County residents, the Minnesota Public Utilities Commission voted against further authorization of the New Era Wind Farm in August 2013.",blocked_confirmed,resolution: https://www.mprnews.org/story/2013/09/17/goodhue-wind-farm,cancelled,no,residents,Goodhue County,,2013,,,"After a drawn-out battle between New Era Wind and Goodhue County residents, the Minnesota Public Utilities Commission voted against further authorization of the New Era Wind Farm in August 2013. The MPUC determined that the operation of this wind farm would pose a risk to eagles and other endangered bird species in Goodhue County. New Era Wind announced that it was terminating its plans for the project soon after.",REC-0223,"Sabin Center, Opposition to Renewable Energy Facilities in the United States (Sept. 2026 ed.), via data/renewable_opposition_records_2026-09.csv",https://scholarship.law.columbia.edu/sabin_climate_change/280/,Sabin 2026 entry 4089; cancelled 2013; opposition_type carried from the 2025 edition,,,2026-09,in_latest_edition,con_ed00a6e8c7,,,,src_731207f65d0f,sabin:REC-0223,confirmed,verified,27049,27049,name,,,,,,,,,,,https://www.mprnews.org/story/2013/09/17/goodhue-wind-farm,opened,,2013-09-17
con_fd6e551ffd,MO,Gateway Trails Solar Project,solar,2,"Solis Renewables has proposed a 20-MW solar facility called Gateway Trails Solar Project, to be developed on approximately 112 acres of privately-owned land in Clay County.",pending,none,pending,no,,Clay County,,2025,20,112,"Solis Renewables has proposed a 20-MW solar facility called Gateway Trails Solar Project, to be developed on approximately 112 acres of privately-owned land in Clay County. The project has faced local opposition, with some advocating for housing development over the deployment of renewable energy. A Facebook group called “Missouri Coalition for the Environment” circulated a petition in support of the project. On April 1, 2025, the Planning and Zoning Commission held a public meeting at which opponents of the project raised concerns about the region’s housing shortage, potential impacts to wildlife habitat, decommissioning costs and fire safety. In response to the concerns, the developer is scheduled to submit a revised conditional permit application at the next planning commission meeting in July 2025. The modified proposal would include vegetative screening buffers with no barbed wire, emergency access plans and safety training, and a fully funded decommissioning bond.",S26P-4368,"Sabin Center, Opposition to Renewable Energy Facilities in the United States (Sept. 2026 ed.), via data/renewable_opposition_records_2026-09.csv",https://scholarship.law.columbia.edu/sabin_climate_change/280/,Sabin 2026 entry 4368,,,2026-09,in_latest_edition,,,,,src_731207f65d0f,sabin:S26P-4368,report_citation,unverified,29047,29047,name,,,,,,,,,,,,,,
con_087a407786,MO,Grain Belt Express Tiger Connector Expansion,transmission,3,A Facebook group with 600 followers called “Callaway County Missouri Solar Invasion” organized residents to oppose a 40-mile connector to the 800-mile Grain Belt Express (GBX) transmission line.,advanced_confirmed,resolution: https://efis.psc.mo.gov/Display/EA-2023-0017,pending,yes,litigation,Callaway County; Chariton County,,2024,,,"A Facebook group with 600 followers called “Callaway County Missouri Solar Invasion” organized residents to oppose a 40-mile connector to the 800-mile Grain Belt Express (GBX) transmission line. Opponents of the project raised concerns about visual impacts and loss of farmland caused by the solar projects that the transmission line will support. In October 2022, a coalition of agricultural groups in Missouri issued a joint statement opposing an amendment to GBX’s plan that would include a new transmission line and expanded power capacity. Missouri regulators granted the project final approval in October 2023. In October 2024, the state’s court of appeals ruled that the Chariton County government could not block the construction of the project by refusing permission to cross its county roads. On July 23, 2025 the U.S. Department of Energy announced the cancellation of a $4.9 billion conditional federal loan guarantee for phase one of the project from Ford County, Kansas to Callaway County, Missouri.",REC-0231,"Sabin Center, Opposition to Renewable Energy Facilities in the United States (Sept. 2026 ed.), via data/renewable_opposition_records_2026-09.csv",https://scholarship.law.columbia.edu/sabin_climate_change/280/,Sabin 2026 entry 4090; litigation venue: State,,,2026-09,in_latest_edition,con_087a407786,,,,src_731207f65d0f,sabin:REC-0231,confirmed,verified,,29027;29041,names,,,,,,,,,,,https://efis.psc.mo.gov/Display/EA-2023-0017,opened,,2023-10-12
con_d479ab641e,MO,Guthrie Solar Project,solar,2,"The regulations described above that the City of New Bloomfield adopted on April 27, 2022 rendered plans for the 100-MW, 600-acre Guthrie Solar Project a nuisance.",needs_review,none,unknown,no,"organized_group, local_residents",Callaway County,City of New Bloomfield,2022,100,600,"The regulations described above that the City of New Bloomfield adopted on April 27, 2022 rendered plans for the 100-MW, 600-acre Guthrie Solar Project a nuisance. In particular, the project was planned to be within city limits, and the new rules prohibited any commercial solar project within 1,000 feet of city limits.",REC-0232,"Sabin Center, Opposition to Renewable Energy Facilities in the United States (Sept. 2026 ed.), via data/renewable_opposition_records_2026-09.csv",https://scholarship.law.columbia.edu/sabin_climate_change/280/,Sabin 2026 entry 4091; opposition_type carried from the 2025 edition,,,2026-09,in_latest_edition,con_d479ab641e,,,,src_731207f65d0f,sabin:REC-0232,report_citation,unverified,29027,29027,name,,,,,,,,,,,,,,
con_472ba8991c,MO,Osborn Wind Project,wind,3,"The 200-MW, 97-turbine Osborn Wind Project was proposed in Clinton and DeKalb Counties in 2010.",advanced_confirmed,resolution: https://www.eia.gov/electricity/data/eia860m/,pending,yes,litigation,Clinton County; DeKalb County,,2020,200,,"The 200-MW, 97-turbine Osborn Wind Project was proposed in Clinton and DeKalb Counties in 2010. Local residents founded the Concerned Citizens for the Future of Clinton and DeKalb Counties group to oppose wind development. Following a number of lawsuits, NextEra and the Washington Township Zoning Commission reached a settlement agreement in 2018 that allowed for the construction of up to 24 turbines. The developer dropped a lawsuit against Clinton County in 2020.",REC-0233,"Sabin Center, Opposition to Renewable Energy Facilities in the United States (Sept. 2026 ed.), via data/renewable_opposition_records_2026-09.csv",https://scholarship.law.columbia.edu/sabin_climate_change/280/,Sabin 2026 entry 4092; litigation venue: State,Concerned Citizens for the Future of Clinton and DeKalb Counties,https://www.newstribune.com/news/2016/may/12/residents-fight-wind-farm-dekalb-clinton-counties/,2026-09,in_latest_edition,con_472ba8991c,,,,src_731207f65d0f,sabin:REC-0233,confirmed,verified,,29049;29063,names,strong,eia:60672:operating;uswtdb:MO:5b791fa4a6;uswtdb:MO:60672,Osborn Wind Energy,operating,200.9,2016,39.7477,-94.47348,"EIA-860M August 2026: plant ID 60672 'Osborn Wind Energy' (MO, DeKalb County, entity Osborn Wind Energy LLC, wind, 200.9 MW), operating, since 12/2016. Status (OP) Operating. USWTDB v9.1 (2026-09-28): entry 5b791fa4a6 'Osborn' (MO, DeKalb County, wind, 200.9 MW), operating, since 2016. USWTDB v9.1 (2026-09-28): entry 60672 'Osborn' (MO, DeKalb County, wind, 200.9 MW), operating, since 2016. Matched on name and county and capacity. The inventory records the plant's status only; it says nothing about the opposition or its effect.",,https://www.eia.gov/electricity/data/eia860m/,opened,,2016-12
con_41458a9399,MS,Minkar Solar Farm,solar,2,"In July 2023, Lamar County residents organized a community meeting to express opposition to the proposed 90-MW, 1,700-acre Minkar solar farm.",pending,none,pending,no,"organized_group, local_residents",Lamar County,,2023,90,1700,"In July 2023, Lamar County residents organized a community meeting to express opposition to the proposed 90-MW, 1,700-acre Minkar solar farm. Residents raised concerns about property values impacts, destruction of agricultural land, displacement of wildlife, and more. Two residents created signs, an online petition, and a social media group in opposition to the project; as of February 2024, the petition had 336 signatures. At the time, developer Lighthouse BP was conducting studies of the proposed site and was planning on holding a public meeting. The Lamar County Board of Supervisors will ultimately decide on whether to approve the project.",REC-0225,"Sabin Center, Opposition to Renewable Energy Facilities in the United States (Sept. 2026 ed.), via data/renewable_opposition_records_2026-09.csv",https://scholarship.law.columbia.edu/sabin_climate_change/280/,Sabin 2026 entry 4093; opposition_type carried from the 2025 edition,,,2026-09,in_latest_edition,con_41458a9399,,,,src_731207f65d0f,sabin:REC-0225,report_citation,unverified,28073,28073,name,,,,,,,,,,,,,,
con_dfbf01f1ad,MS,Soul City Solar,solar;battery_storage,3,"In 2021, Apex Clean Energy began acquiring leases for a proposed 6,000-acre, 396-MW solar farm and 70-MW battery storage facility.",advanced_confirmed,resolution: https://www.mississippifreepress.org/hinds-county-solar-farm-approved-over-some-residents-objections/,pending,yes,litigation,Hinds County,,2025,396,6000,"In 2021, Apex Clean Energy began acquiring leases for a proposed 6,000-acre, 396-MW solar farm and 70-MW battery storage facility. Nearby residents organized in opposition to the project, sending a letter to the Hinds County Planning and Zoning Department, along with a Change.org petition with over 1,000 signatures. The Hinds County Planning Commission voted against recommending the project; however, the Hinds County Board of Supervisors approved the project in a 3-2 vote on June 17, 2024. On April 10, 2025, the Circuit Court affirmed the decision of the Hinds County Board of Supervisors. On May 9, 2025, a local opponent appealed the Circuit’s Court decision to the Mississippi Supreme Court. On August 12, 2025, a public hearing on the project was held by the Mississippi Public Service Commission (PSC), which must issue a Certificate of Public Convenience and Necessity for the project before construction can begin. The Commissioners heard testimony from the developer, as well as supporters and opponents of the project. The PSC did not rule on the certificate given that the appeal of the project approval remains pending in the Supreme Court.",REC-0224,"Sabin Center, Opposition to Renewable Energy Facilities in the United States (Sept. 2026 ed.), via data/renewable_opposition_records_2026-09.csv",https://scholarship.law.columbia.edu/sabin_climate_change/280/,Sabin 2026 entry 4094; litigation venue: State,,,2026-09,in_latest_edition,con_dfbf01f1ad,,,,src_731207f65d0f,sabin:REC-0224,confirmed,verified,28049,28049,name,,,,,,,,,,,https://www.mississippifreepress.org/hinds-county-solar-farm-approved-over-some-residents-objections/,opened,,2024-06-17
con_7c6480609a,MT,Basin Creek Solar Project,solar,4,"On July 15, 2021, the Butte-Silver Bow Zoning Board of Adjustment denied a permit to FX Solutions to build the 1,600-acre Basin Creek Solar Project.",blocked_confirmed,resolution: https://mtstandard.com/news/local/judge-upholds-decision-blocking-massive-solar-project-in-south-butte/article_8443092b-fb4f-536b-a196-f005a2abf8a8.html,unknown,yes,litigation,Silver Bow County,,2022,,1600,"On July 15, 2021, the Butte-Silver Bow Zoning Board of Adjustment denied a permit to FX Solutions to build the 1,600-acre Basin Creek Solar Project. In August 2021, FX Solutions appealed the decision. In oral argument on April 2, 2022, lawyers for the Basin Creek Solar project argued that the Zoning Board of Adjustment erred when it denied the special use permit for this solar project, including by focusing only on public opposition and ignoring support for the project.",REC-0235,"Sabin Center, Opposition to Renewable Energy Facilities in the United States (Sept. 2026 ed.), via data/renewable_opposition_records_2026-09.csv",https://scholarship.law.columbia.edu/sabin_climate_change/280/,Sabin 2026 entry 4095; opposition_type carried from the 2025 edition,,,2026-09,in_latest_edition,con_7c6480609a,,,,src_731207f65d0f,sabin:REC-0235,confirmed,verified,30093,30093,name,,,,,,,,,,,https://mtstandard.com/news/local/judge-upholds-decision-blocking-massive-solar-project-in-south-butte/article_8443092b-fb4f-536b-a196-f005a2abf8a8.html,opened,,2022-07-29
con_ec5c4996a1,MT,Crazy Mountain Wind Project,wind,4,Pattern Energy proposed a 22-turbine project in Sweet Grass County.,blocked_confirmed,resolution: https://www.eia.gov/electricity/data/eia860m/,cancelled,yes,litigation,Sweet Grass County,,2019,22 turbines,,"Pattern Energy proposed a 22-turbine project in Sweet Grass County. Four companies that own neighboring land initiated a legal action alleging nuisance. In March 2019, a Montana judge issued a preliminary injunction on construction while the case awaited trial. In July 2019, Pattern asserted in a legal filing that the preliminary injunction made it impossible to obtain the necessary financing to complete the project and satisfy contractual obligations. Pattern further explained that it was compelled to abandon the project.",REC-0236,"Sabin Center, Opposition to Renewable Energy Facilities in the United States (Sept. 2026 ed.), via data/renewable_opposition_records_2026-09.csv",https://scholarship.law.columbia.edu/sabin_climate_change/280/,Sabin 2026 entry 4096; litigation venue: State; cancelled 2019; capacity carried from the 2025 edition,,,2026-09,in_latest_edition,con_ec5c4996a1,,,,src_731207f65d0f,sabin:REC-0236,confirmed,verified,30097,30097,name,strong,eia:61859:canceled_or_postponed,Crazy Mountain Wind LLC,canceled_or_postponed,80,,45.772,-110.206,"EIA-860M August 2026: plant ID 61859 'Crazy Mountain Wind LLC' (MT, Sweet Grass County, entity Pattern Operators LP, wind, 80 MW), cancelled or indefinitely postponed. Matched on name and county. The inventory records the plant's status only; it says nothing about the opposition or its effect.",,https://www.eia.gov/electricity/data/eia860m/,opened,,2019-03
con_151c377188,MT,Mission Creek Wind Project,wind,2,"In 2010, Sagebrush Energy proposed an 11-turbine wind farm east of Livingston, Montana.",needs_review,none,unknown,no,local_residents,Park County,,2010,11 turbines,,"In 2010, Sagebrush Energy proposed an 11-turbine wind farm east of Livingston, Montana. Local residents formed an opposition group, Friends of Mission Creek, to halt the project, citing concerns about impacts to the natural landscape and local populations of golden eagles. The project appears to have stalled shortly thereafter.",REC-0237,"Sabin Center, Opposition to Renewable Energy Facilities in the United States (Sept. 2026 ed.), via data/renewable_opposition_records_2026-09.csv",https://scholarship.law.columbia.edu/sabin_climate_change/280/,"Sabin 2026 entry 4097; opposition_type, capacity carried from the 2025 edition",Friends of Mission Creek,https://www.bozemandailychronicle.com/news/across-southwest-montana-companies-plan-to-ramp-up-the-region-s-wind-industry-it-hasn/article_ce7fb7f6-df2e-11df-8801-001cc4c002e0.html,2026-09,in_latest_edition,con_151c377188,,,,src_731207f65d0f,sabin:REC-0237,report_citation,unverified,30067,30067,name,,,,,,,,,,,,,,
con_bcdb34a15a,MT,Valley County Wind Project,wind,4,"In 2005, GreenHunter Energy proposed a 500-MW wind farm in a remote area north of Glasgow, Montana.",blocked_unverified,outcome_label_only,cancelled,no,"environmental_group, local_residents",Valley County,,2007,500,,"In 2005, GreenHunter Energy proposed a 500-MW wind farm in a remote area north of Glasgow, Montana. In 2007, however, the company abandoned the project after facing opposition from the Montana Wilderness Association, Montana Audubon Society, and the Montana Wilderness Society who raised concerns about impacts on a nearby wilderness area 10 miles away.",REC-0238,"Sabin Center, Opposition to Renewable Energy Facilities in the United States (Sept. 2026 ed.), via data/renewable_opposition_records_2026-09.csv",https://scholarship.law.columbia.edu/sabin_climate_change/280/,Sabin 2026 entry 4098; cancelled 2007; opposition_type carried from the 2025 edition,The Wilderness Society,https://www.minneapolisfed.org/article/2007/blowing-down-a-wind-farm,2026-09,in_latest_edition,con_bcdb34a15a,,,,src_731207f65d0f,sabin:REC-0238,report_citation,unverified,30105,30105,name,,,,,,,,,,,,,,
con_179ec83128,MT,Wibaux Wind Farm,wind;battery_storage,2,"AES’s plans to construct the 235-MW Wibaux Wind Farm, with 50 MW of battery storage, have encountered opposition in the sparsely populated Wibaux County.",pending,none,pending,no,,Wibaux County,,2024,285,,"AES’s plans to construct the 235-MW Wibaux Wind Farm, with 50 MW of battery storage, have encountered opposition in the sparsely populated Wibaux County. In October 2024, as discussed above, the county adopted a restrictive ordinance aimed to block the project.",S26P-4365,"Sabin Center, Opposition to Renewable Energy Facilities in the United States (Sept. 2026 ed.), via data/renewable_opposition_records_2026-09.csv",https://scholarship.law.columbia.edu/sabin_climate_change/280/,Sabin 2026 entry 4365,,,2026-09,in_latest_edition,,,,,src_731207f65d0f,sabin:S26P-4365,report_citation,unverified,30109,30109,name,,,,,,,,,,,,,,
con_517224fe27,NC,Bacon’s Castle Solar Farm,solar,4,"On June 16, 2022, County Supervisors rejected plans for a 20-MW solar farm that would have been situated across the street from a historic 17th century homestead.",blocked_confirmed,resolution: https://www.smithfieldtimes.com/2022/06/20/surry-rejects-bacons-castle-solar-farm/,cancelled,no,local_residents,Surry County,,2022,20,,"On June 16, 2022, County Supervisors rejected plans for a 20-MW solar farm that would have been situated across the street from a historic 17th century homestead. The Surry County Planning Commission previously found that the proposal conflicted with the county’s 2040 Comprehensive Plan due to visual impacts on scenic and cultural resources and the county’s ordinance, which requires that solar projects “avoid important historic, archaeological or cultural sites.” Eight out of the ten residents who spoke about the application at a public hearing advocated against the project.”",REC-0315,"Sabin Center, Opposition to Renewable Energy Facilities in the United States (Sept. 2026 ed.), via data/renewable_opposition_records_2026-09.csv",https://scholarship.law.columbia.edu/sabin_climate_change/280/,Sabin 2026 entry 4099; cancelled 2022; opposition_type carried from the 2025 edition,,,2026-09,in_latest_edition,con_517224fe27,,,,src_731207f65d0f,sabin:REC-0315,confirmed,verified,37171,37171,name,,,,,,,,,,,https://www.smithfieldtimes.com/2022/06/20/surry-rejects-bacons-castle-solar-farm/,opened,,2022-06-16
con_cf9c913b8e,NC,Birdseye Renewable Energy,solar,4,"In November 2021, residents in Rowan County successfully blocked the construction of a 575-acre solar farm after months of opposition.",blocked_confirmed,resolution: https://www.rowancountync.gov/DocumentCenter/View/30103/November-15-2021-Board-of-Commissioners-Regular-Meeting-Minutes-PDF,cancelled,no,local_residents,Rowan County,,2021,575/600,575,"In November 2021, residents in Rowan County successfully blocked the construction of a 575-acre solar farm after months of opposition. The Rowan County Commission voted 4-1 to deny a rezoning request by Birdseye Renewable that would have allowed progress to begin on the solar farm. The commissioners pointed to local community opposition as justification for their votes.",REC-0316,"Sabin Center, Opposition to Renewable Energy Facilities in the United States (Sept. 2026 ed.), via data/renewable_opposition_records_2026-09.csv",https://scholarship.law.columbia.edu/sabin_climate_change/280/,"Sabin 2026 entry 4100; cancelled 2021; opposition_type, capacity carried from the 2025 edition",,,2026-09,in_latest_edition,con_cf9c913b8e,,,,src_731207f65d0f,sabin:REC-0316,confirmed,verified,37159,37159,name,,,,,,,,,,,https://www.rowancountync.gov/DocumentCenter/View/30103/November-15-2021-Board-of-Commissioners-Regular-Meeting-Minutes-PDF,archived,https://web.archive.org/web/20260424061543id_/https://www.rowancountync.gov/DocumentCenter/View/30103/November-15-2021-Board-of-Commissioners-Regular-Meeting-Minutes-PDF,2021-11-15
con_94e4b48dcf,NC,Blackburn Solar Project,solar,4,"On April 18, 2022, county commissioners voted unanimously to reject Duke Energy’s request for rezoning to allow construction of a 58-MW, 600-acre solar project that would offset 50% of Wells Fargo’s electricity usage in the state.",blocked_confirmed,resolution: https://www.catawbacountync.gov/county-services/planning/board-agendas-and-projects/,cancelled,no,local_residents,Catawba County,,2022,58,600,"On April 18, 2022, county commissioners voted unanimously to reject Duke Energy’s request for rezoning to allow construction of a 58-MW, 600-acre solar project that would offset 50% of Wells Fargo’s electricity usage in the state. The county planning board previously recommended approval of the project, but the county decided to reject the project after hearing from five residents spoke out in opposition to it. Opponents argued that the land at issue was better suited for farming. Supporters, including the Chambers for Innovation and Clean Energy, argued that solar panels would increase tax revenues and occupy only a very small portion of land.",REC-0317,"Sabin Center, Opposition to Renewable Energy Facilities in the United States (Sept. 2026 ed.), via data/renewable_opposition_records_2026-09.csv",https://scholarship.law.columbia.edu/sabin_climate_change/280/,Sabin 2026 entry 4101; cancelled 2022; opposition_type carried from the 2025 edition,,,2026-09,in_latest_edition,con_94e4b48dcf,,,,src_731207f65d0f,sabin:REC-0317,confirmed,verified,37035,37035,name,,,,,,,,,,,https://www.catawbacountync.gov/county-services/planning/board-agendas-and-projects/,opened,,2023-09-05
con_8067b81c27,NC,China Grove Solar Project,solar,4,"In 2019, Cooperative Solar LLC, doing business as China Grove Solar LLC proposed a 65-MW solar farm on 428 acres in Salisbury that was primarily zoned for agricultural use.",blocked_confirmed,resolution: https://www.salisburypost.com/2019/10/08/400-acre-solar-farm-plans-withdrawn-in-western-rowan/,cancelled,no,local_residents,Rowan County,City of Salisbury,2019,65,428,"In 2019, Cooperative Solar LLC, doing business as China Grove Solar LLC proposed a 65-MW solar farm on 428 acres in Salisbury that was primarily zoned for agricultural use. A large number of residents strongly opposed the project and raised concerns about potential adverse impacts on property values, the surrounding environment, and wildlife. At a public hearing before the Rowan County Commission on September 16, 2019, the commissioners made clear that they were unlikely to approve the project, and the developer subsequently withdrew its application for a conditional-use permit. During that same hearing, the commissioners also voted to impose a six-month moratorium on ground-mounted solar development across the county.",REC-0318,"Sabin Center, Opposition to Renewable Energy Facilities in the United States (Sept. 2026 ed.), via data/renewable_opposition_records_2026-09.csv",https://scholarship.law.columbia.edu/sabin_climate_change/280/,Sabin 2026 entry 4102; cancelled 2019; opposition_type carried from the 2025 edition,,,2026-09,in_latest_edition,con_8067b81c27,,,,src_731207f65d0f,sabin:REC-0318,confirmed,verified,37159,37159,name,,,,,,,,,,,https://www.salisburypost.com/2019/10/08/400-acre-solar-farm-plans-withdrawn-in-western-rowan/,opened,,2019-10-07
con_adf142430e,NC,Coastal Pine,solar,4,"In December 2022, Coastal Pine Solar filed a lawsuit after its application to build a 2,300-acre solar farm was denied unanimously by county commissioners in September 2022.",blocked_confirmed,resolution: https://caselaw.findlaw.com/court/nc-court-of-appeals/129583.html,unknown,yes,litigation,Pender County,,2022,22,2300,"In December 2022, Coastal Pine Solar filed a lawsuit after its application to build a 2,300-acre solar farm was denied unanimously by county commissioners in September 2022. The company claimed that the commissioners misapplied zoning ordinances based on generalized fears of solar farms. In response, the county filed an affidavit claiming its denial was based on its belief that the transmission line that would be connected to the solar farm could not safely handle the power generated. The county then filed a motion to dismiss, which was denied by the Superior Court. After several conferences between the parties, the court ordered the two sides to enter mediation to settle the dispute. On December 31, 2024, the North Carolina Court of Appeals upheld the county’s rejection of the solar farm, finding that the developer had failed to submit adequate evidence that the project complied with local regulations.",REC-0319,"Sabin Center, Opposition to Renewable Energy Facilities in the United States (Sept. 2026 ed.), via data/renewable_opposition_records_2026-09.csv",https://scholarship.law.columbia.edu/sabin_climate_change/280/,Sabin 2026 entry 4103; litigation venue: State; capacity carried from the 2025 edition,,,2026-09,in_latest_edition,con_adf142430e,,,,src_731207f65d0f,sabin:REC-0319,confirmed,verified,37141,37141,name,,,,,,,,,,,https://caselaw.findlaw.com/court/nc-court-of-appeals/129583.html,opened,,2026-06-17
con_1952c61a99,NC,Shady Grove Solar Farm,solar,3,Yadkin County denied a conditional use permit for the Shady Grove Solar farm in October 2020.,advanced_confirmed,resolution: https://www.yadkinripple.com/news/local/judge-orders-approval-of-smithtown-solar-farm/article_02a6d9e2-6c84-5c43-a5ce-1426e3d15ec2.html,pending,yes,litigation,Yadkin County,,2020,22,285,"Yadkin County denied a conditional use permit for the Shady Grove Solar farm in October 2020. The solar farm, a joint venture between Silver Creek Energy and Pine Gate Renewables, would have produced 22 MW on 285 acres. Opponents testified at an evidentiary hearing about their concerns of flooding from the removal of trees, as well as impacts to water quality and tourism. The developer appealed the decision in November 2020.",REC-0320,"Sabin Center, Opposition to Renewable Energy Facilities in the United States (Sept. 2026 ed.), via data/renewable_opposition_records_2026-09.csv",https://scholarship.law.columbia.edu/sabin_climate_change/280/,"Sabin 2026 entry 4104; litigation venue: Administrative, State",,,2026-09,in_latest_edition,con_1952c61a99,,,,src_731207f65d0f,sabin:REC-0320,confirmed,verified,37197,37197,name,,,,,,,,,,,https://www.yadkinripple.com/news/local/judge-orders-approval-of-smithtown-solar-farm/article_02a6d9e2-6c84-5c43-a5ce-1426e3d15ec2.html,opened,,2021-03
con_96cccfd711,NC,Woodland Solar Project,solar,4,"In 2015, Strata Solar Company asked the Woodland Town Council to rezone a 42-acre farm to allow for construction of a 5-MW solar farm.",blocked_confirmed,resolution: https://www.townofwoodlandnc.com/community/solar-farm-projects/81-solar-farm-projects.html,cancelled,no,local_residents,Northampton County,,2015,5,42,"In 2015, Strata Solar Company asked the Woodland Town Council to rezone a 42-acre farm to allow for construction of a 5-MW solar farm. Residents organized against the project, expressing unfounded fears that the solar project would cause cancer and other impacts. One resident asserted at a Town Council Meeting that the proposed solar farm “would suck up all the energy from the sun and businesses would not come to Woodland.” The Town Council voted against the rezoning and imposed a moratorium on all future solar projects, citing their constituents’ concern of being “completed surrounded by solar farms.”",REC-0321,"Sabin Center, Opposition to Renewable Energy Facilities in the United States (Sept. 2026 ed.), via data/renewable_opposition_records_2026-09.csv",https://scholarship.law.columbia.edu/sabin_climate_change/280/,Sabin 2026 entry 4105; cancelled 2015; opposition_type carried from the 2025 edition,,,2026-09,in_latest_edition,con_96cccfd711,,,,src_731207f65d0f,sabin:REC-0321,confirmed,verified,37131,37131,name,strong,eia:59175:operating;uspvdb:405177,Woodland Solar,operating,5,2016,36.34194,-77.22111,"EIA-860M August 2026: plant ID 59175 'Woodland Solar' (NC, Northampton County, entity Deriva Energy, solar, 5 MW), operating, since 4/2016. Status (OP) Operating. USPVDB v4.0 (2026-04-14): entry 405177 'Woodland Solar' (NC, Northampton County, solar, 5 MW), operating, since 2016. Matched on name and county and capacity. The inventory records the plant's status only; it says nothing about the opposition or its effect.","outcome blocked_confirmed, but the plant is operating",https://www.townofwoodlandnc.com/community/solar-farm-projects/81-solar-farm-projects.html,opened,,2015-12-03
con_06a622dac1,ND,Brady Wind Farm,wind,1,"Dickinson Wind applied for a conditional use permit to construct an 87-turbine, 150-MW facility in Stark County.",advanced_confirmed,resolution: https://www.eia.gov/electricity/data/eia860m/xls/august_generator2026.xlsx,unknown,no,"local_residents, organized_group",Stark County,,2016,150,,"Dickinson Wind applied for a conditional use permit to construct an 87-turbine, 150-MW facility in Stark County. Opponents formed a group called Concerned Citizens of Stark County, who spoke against the project in a March 2016 hearing before the PSC. The PSC approved the project in June 2016.",REC-0329,"Sabin Center, Opposition to Renewable Energy Facilities in the United States (Sept. 2026 ed.), via data/renewable_opposition_records_2026-09.csv",https://scholarship.law.columbia.edu/sabin_climate_change/280/,Sabin 2026 entry 4106; opposition_type carried from the 2025 edition,,,2026-09,in_latest_edition,con_06a622dac1,,,,src_731207f65d0f,sabin:REC-0329,confirmed,verified,38089,38089,name,strong,eia:60355:operating;uswtdb:ND:60355,Brady Wind Energy Center,operating,150,2016,46.64647,-102.7651,"EIA-860M August 2026: plant ID 60355 'Brady Wind Energy Center' (ND, Stark County, entity Brady Wind, LLC, wind, 150 MW), operating, since 11/2016. Status (OP) Operating. USWTDB v9.1 (2026-09-28): entry 60355 'Brady Wind I' (ND, Stark County, wind, 149.7 MW), operating, since 2016. Matched on name and county and capacity. The inventory records the plant's status only; it says nothing about the opposition or its effect.",,https://www.eia.gov/electricity/data/eia860m/xls/august_generator2026.xlsx,opened,,2016-11
con_df1c48a5f9,ND,Burke County Wind,wind,1,"In June 2019, the PSC rejected NextEra’s application to construct the Burke County Wind Project due to proximity to wetlands and potential wildlife impacts, the first time the PSC had rejected a wind farm application.",advanced_confirmed,resolution: https://dailyenergyinsider.com/news/25892-north-dakota-psc-grants-approval-for-northern-divide-wind-project/,pending,no,"local_residents, organized_group",Burke County,,2021,200,,"In June 2019, the PSC rejected NextEra’s application to construct the Burke County Wind Project due to proximity to wetlands and potential wildlife impacts, the first time the PSC had rejected a wind farm application. The project was controversial in the community, where the planning and zoning commission had voted against it before the county commissioners approved it. NextEra submitted a revised application for a 74-turbine, 200-MW wind farm called Northern Divide Wind, which the PSC approved in June 2021.",REC-0330,"Sabin Center, Opposition to Renewable Energy Facilities in the United States (Sept. 2026 ed.), via data/renewable_opposition_records_2026-09.csv",https://scholarship.law.columbia.edu/sabin_climate_change/280/,Sabin 2026 entry 4107; opposition_type carried from the 2025 edition,,,2026-09,in_latest_edition,con_df1c48a5f9,,,,src_731207f65d0f,sabin:REC-0330,confirmed,verified,38013,38013,name,strong,eia:61100:operating,"Burke Wind, LLC",operating,199.4,2020,48.75449,-102.6378,"EIA-860M August 2026: plant ID 61100 'Burke Wind, LLC' (ND, Burke County, entity Burke Wind LLC, wind, 199.4 MW), operating, since 12/2020. Status (OP) Operating. Matched on part of the name and county and capacity. The inventory records the plant's status only; it says nothing about the opposition or its effect.",,https://dailyenergyinsider.com/news/25892-north-dakota-psc-grants-approval-for-northern-divide-wind-project/,opened,,2020-06-12
con_1d4ceab3f3,ND,Burleigh-Emmons Wind Farm,wind,4,PNE Wind proposed a 70-turbine wind farm in Burleigh County near Morton Township.,blocked_confirmed,resolution: https://www.burleigh.gov/media/enkdww3i/2019-minutes.pdf,cancelled,no,"local_residents, organized_group",Burleigh County,,2019,,,"PNE Wind proposed a 70-turbine wind farm in Burleigh County near Morton Township. The issue became highly divisive in the local community, leading to the denial of county land use permits in May 2019, and a vote to recall Burleigh County officials who supported the project in August 2019. Opponents organized an anti-wind organization, North Dakota Visionkeepers, to block the project. The new project owner, Burke Wind, stated in May 2019 that they intended to move the project to elsewhere.",REC-0331,"Sabin Center, Opposition to Renewable Energy Facilities in the United States (Sept. 2026 ed.), via data/renewable_opposition_records_2026-09.csv",https://scholarship.law.columbia.edu/sabin_climate_change/280/,Sabin 2026 entry 4108; cancelled 2019; opposition_type carried from the 2025 edition,,,2026-09,in_latest_edition,con_1d4ceab3f3,,,,src_731207f65d0f,sabin:REC-0331,confirmed,verified,38015,38015,name,,,,,,,,,,,https://www.burleigh.gov/media/enkdww3i/2019-minutes.pdf,opened,,2019-01-07
con_3ecf2f1e51,ND,Charlie Creek Wind Farm,wind,4,"Orion Renewable Energy Ground submitted a zoning application for a 114-turbine, 383-MW project in Billings County.",blocked_confirmed,resolution: https://www.inforum.com/news/wind-farm-application-rejected-by-billings-county-commission,cancelled,no,"local_residents, organized_group",Billings County,,2016,383,,"Orion Renewable Energy Ground submitted a zoning application for a 114-turbine, 383-MW project in Billings County. During a public hearing on the project, local residents expressed concerns over property devaluation, effects on local tourism, and impacts on the visual landscape. In particular, residents expressed concerns about turbine visibility from the Painted Canyon Visitor Center and other parts of Theodore Roosevelt National Park. In November 2016, the Billings County Commission denied the permit.",REC-0332,"Sabin Center, Opposition to Renewable Energy Facilities in the United States (Sept. 2026 ed.), via data/renewable_opposition_records_2026-09.csv",https://scholarship.law.columbia.edu/sabin_climate_change/280/,Sabin 2026 entry 4109; cancelled 2016; opposition_type carried from the 2025 edition,,,2026-09,in_latest_edition,con_3ecf2f1e51,,,,src_731207f65d0f,sabin:REC-0332,confirmed,verified,38007,38007,name,,,,,,,,,,,https://www.inforum.com/news/wind-farm-application-rejected-by-billings-county-commission,opened,,2016-11-15
con_06ca25a8a8,ND,Coal Creek Wind Farm,wind,4,"A developer purchased Coal Creek Station, North Dakota’s largest coal-fired power plant, in 2022, averting its closure, and put plans into place to develop Coal Creek Wind Farm, a 400-MW wind farm in the area.",blocked_confirmed,resolution: https://www.kfyrtv.com/2024/06/18/mclean-county-commissioners-deny-landowners-appeal-proposed-wind-farm/,pending,no,"local_residents, organized_group",McLean County,,2024,400,,"A developer purchased Coal Creek Station, North Dakota’s largest coal-fired power plant, in 2022, averting its closure, and put plans into place to develop Coal Creek Wind Farm, a 400-MW wind farm in the area. Following a prior announcement to close the coal plant in 2020 and develop wind farms to replace the generation, the McLean County government opposed the move and placed a moratorium on new wind farms. In response to the 2022 sale of Coal Creek Station, McLean County leaders have indicated that they would be willing to lift the wind energy moratorium, as long as any development takes place alongside a plan to keep Coal Creek open. McLean County subsequently dropped the restrictions. In April 2024, however, McLean County Commissioners voted unanimously to deny a preliminary project area permit for the proposed Coal Creek Wind Farm. Opponents of the project expressed concerns about impacts to roads, farming operations, a local airport, and wildlife.",REC-0333,"Sabin Center, Opposition to Renewable Energy Facilities in the United States (Sept. 2026 ed.), via data/renewable_opposition_records_2026-09.csv",https://scholarship.law.columbia.edu/sabin_climate_change/280/,Sabin 2026 entry 4110; opposition_type carried from the 2025 edition,,,2026-09,in_latest_edition,con_06ca25a8a8,,,,src_731207f65d0f,sabin:REC-0333,confirmed,verified,38055,38055,name,,,,,,,,,,,https://www.kfyrtv.com/2024/06/18/mclean-county-commissioners-deny-landowners-appeal-proposed-wind-farm/,opened,,2024-06-18
con_e5e9792f4b,ND,Discovery Wind Farm,wind,4,"In April 2024, the McLean County Board of Commissioners denied a zoning permit for the Discovery Wind Farm, a 94-turbine wind farm proposed by Apex Clean Energy.",blocked_confirmed,resolution: https://www.eia.gov/electricity/data/eia860m/,cancelled,yes,litigation,McLean County,,2024,,,"In April 2024, the McLean County Board of Commissioners denied a zoning permit for the Discovery Wind Farm, a 94-turbine wind farm proposed by Apex Clean Energy. The developer and participating landowners appealed the decision, and the McLean County Board of Commissioners denied their appeal in June 2024. Residents speaking at the public hearing expressed divided opinions on the project. Supporters argued that the project would bring economic growth to the community through tax revenue and emphasized property rights of the participating landowners. Opponents argued that the project would harm the community’s roads, wildlife, agriculture, airport, and atmosphere and noted that many of the participating landowners do not live in the county. After listening to testimony, the Commissioners expressed doubt that the project would provide substantial benefits and stated that the meeting produced no additional evidence to support changing their decision.",REC-0334,"Sabin Center, Opposition to Renewable Energy Facilities in the United States (Sept. 2026 ed.), via data/renewable_opposition_records_2026-09.csv",https://scholarship.law.columbia.edu/sabin_climate_change/280/,Sabin 2026 entry 4111; litigation venue: Administrative; cancelled 2024,,,2026-09,in_latest_edition,con_e5e9792f4b,,,,src_731207f65d0f,sabin:REC-0334,confirmed,verified,38055,38055,name,strong,eia:65944:canceled_or_postponed,"Discovery Wind, LLC",canceled_or_postponed,400,,47.44756,-101.107,"EIA-860M August 2026: plant ID 65944 'Discovery Wind, LLC' (ND, McLean County, entity Discovery Wind, LLC, wind, 400 MW), cancelled or indefinitely postponed. Matched on name and county. The inventory records the plant's status only; it says nothing about the opposition or its effect.",,https://www.eia.gov/electricity/data/eia860m/,opened,,2025-02
con_0f6655ef17,ND,Garrison Butte Wind Farm,wind,4,"In 2018, Capital Power proposed a 152-MW wind farm in Mercer County.",blocked_confirmed,resolution: https://www.inforum.com/business/a-ban-on-wind-farms-this-north-dakota-county-did-it,cancelled,no,"local_residents, organized_group",Mercer County,,2020,152,,"In 2018, Capital Power proposed a 152-MW wind farm in Mercer County. At a public hearing about the project, local residents expressed concern over the “attack on coal,” an industry that employs many residents. In May 2020, the Mercer County Commission passed a moratorium on wind development that blocked the project. Supporters of coal spoke out in favor of extending the moratorium at a July 2020 hearing, and a Facebook group called Faces of North Dakota Coal submitted a pro-coal letter to the commission with 500 local signatures.",REC-0335,"Sabin Center, Opposition to Renewable Energy Facilities in the United States (Sept. 2026 ed.), via data/renewable_opposition_records_2026-09.csv",https://scholarship.law.columbia.edu/sabin_climate_change/280/,Sabin 2026 entry 4112; opposition_type carried from the 2025 edition,,,2026-09,in_latest_edition,con_0f6655ef17,,,,src_731207f65d0f,sabin:REC-0335,confirmed,verified,38057,38057,name,strong,eia:60066:canceled_or_postponed,"Garrison Butte Wind, LLC",canceled_or_postponed,150,,47.45322,-101.6487,"EIA-860M August 2026: plant ID 60066 'Garrison Butte Wind, LLC' (ND, Mercer County, entity NextEra Energy Garrison Butte Wind, LLC, wind, 150 MW), cancelled or indefinitely postponed. Matched on name and county and capacity. The inventory records the plant's status only; it says nothing about the opposition or its effect.",,https://www.inforum.com/business/a-ban-on-wind-farms-this-north-dakota-county-did-it,opened,,2020-07-01
con_8c9b540b29,NE,Bluestem Energy Solutions’ Knox County Solar Project,solar,4,"On September 18, 2024, the Knox County Board of Supervisors voted to deny a conditional use permit to Bluestone Energy Solutions to construct a 325-acre solar project.",blocked_unverified,outcome_label_only,cancelled,no,,Knox County,,2024,,325,"On September 18, 2024, the Knox County Board of Supervisors voted to deny a conditional use permit to Bluestone Energy Solutions to construct a 325-acre solar project.",S26P-4113,"Sabin Center, Opposition to Renewable Energy Facilities in the United States (Sept. 2026 ed.), via data/renewable_opposition_records_2026-09.csv",https://scholarship.law.columbia.edu/sabin_climate_change/280/,Sabin 2026 entry 4113; cancelled 2024,,,2026-09,in_latest_edition,,,,,src_731207f65d0f,sabin:S26P-4113,report_citation,unverified,31107,31107,name,,,,,,,,,,,,,,
con_e61ac5c13e,NE,Burt County Wind Farm,wind,2,"New York-based Con Edison’s plans to build an 86-turbine wind farm in Burt County encountered opposition from individuals who organized against the project on a Facebook group called “Burt County, NE Citizens United.” Sometime around 2020, the county adopted the restrictive setbacks described above.",needs_review,none,unknown,no,,Burt County,,2020,,,"New York-based Con Edison’s plans to build an 86-turbine wind farm in Burt County encountered opposition from individuals who organized against the project on a Facebook group called “Burt County, NE Citizens United.” Sometime around 2020, the county adopted the restrictive setbacks described above. There is no news coverage about the project from after 2020, but a tracker on a Nebraska government website states that the facility may come to the county as soon as 2023.",S26P-4114,"Sabin Center, Opposition to Renewable Energy Facilities in the United States (Sept. 2026 ed.), via data/renewable_opposition_records_2026-09.csv",https://scholarship.law.columbia.edu/sabin_climate_change/280/,Sabin 2026 entry 4114,,,2026-09,in_latest_edition,,,,,src_731207f65d0f,sabin:S26P-4114,report_citation,unverified,31021,31021,name,strong,eia:61511:planned,Burt County Wind,planned,75,2027,41.886,-96.345,"EIA-860M August 2026: plant ID 61511 'Burt County Wind' (NE, Burt County, entity RWE Clean Energy, wind, 75 MW), planned, not under construction, expected 7/2027. Status (L) Regulatory approvals pending. Not under construction. Matched on name and county. The inventory records the plant's status only; it says nothing about the opposition or its effect.",,,,,
con_b869a6768d,NE,Cass County Solar,solar,4,"In 2021, NextEra Energy proposed to develop the 1.5-MW Cass County solar project on approximately 2,000 acres of farmland west of Murray.",blocked_unverified,outcome_label_only,cancelled,no,,Cass County,,2025,1.5,2000,"In 2021, NextEra Energy proposed to develop the 1.5-MW Cass County solar project on approximately 2,000 acres of farmland west of Murray. In February 2025, the Cass County Board denied a conditional use permit for the project, citing local opposition to it based on concerns about its impact on property values. The Board also noted that the priority of the county’s development plan is to preserve agriculture.",S26P-4381,"Sabin Center, Opposition to Renewable Energy Facilities in the United States (Sept. 2026 ed.), via data/renewable_opposition_records_2026-09.csv",https://scholarship.law.columbia.edu/sabin_climate_change/280/,Sabin 2026 entry 4381; cancelled 2025,,,2026-09,in_latest_edition,,,,,src_731207f65d0f,sabin:S26P-4381,report_citation,unverified,31025,31025,name,,,,,,,,,,,,,,
con_21e6e0b9aa,NE,Greeley Wind Project,wind,2,"NextEra Energy Resources is developing the 41-turbine, 115-MW Greeley Wind project.",pending,none,pending,no,,Greeley County,,2024,115,,"NextEra Energy Resources is developing the 41-turbine, 115-MW Greeley Wind project. NextEra has planned for the project to begin operations by December 2026, subject to local and state approvals. The Greeley County Board of Commissioners approved a special use permit for NextEra despite the vocal opposition. Opponents voiced health concerns related to noise, vibrations, and shadow flicker generated by the turbines; environmental concerns related to the concrete bases and decommissioning of blades; and economic concerns related to property values and farm income. Local residents voiced opposition on the Facebook group Greeley County Alliance for Wise Energy.",S26P-4115,"Sabin Center, Opposition to Renewable Energy Facilities in the United States (Sept. 2026 ed.), via data/renewable_opposition_records_2026-09.csv",https://scholarship.law.columbia.edu/sabin_climate_change/280/,Sabin 2026 entry 4115,,,2026-09,in_latest_edition,,,,,src_731207f65d0f,sabin:S26P-4115,report_citation,unverified,31077,31077,name,,,,,,,,,,,,,,
con_2279efb258,NE,K-Junction Solar,solar,2,OPPD energy has proposed a 310-MW solar project in York County called K-Junction Solar.,pending,none,pending,no,,York County,,2023,310,,"OPPD energy has proposed a 310-MW solar project in York County called K-Junction Solar. In October 2023, over 100 residents attended a meeting at which many residents expressed concern about the project’s environmental and economic impacts, including impacts on the local agriculture industry, while other residents supported the potential for agrivoltaics and potential positive impacts on the local economy. A Facebook group called “STOP K-Junction Solar” formed in opposition to the project, and in November 2023, a Nebraska resident submitted an op-ed opposing the project to the York News Times.",S26P-4116,"Sabin Center, Opposition to Renewable Energy Facilities in the United States (Sept. 2026 ed.), via data/renewable_opposition_records_2026-09.csv",https://scholarship.law.columbia.edu/sabin_climate_change/280/,Sabin 2026 entry 4116,,,2026-09,in_latest_edition,,,,,src_731207f65d0f,sabin:S26P-4116,report_citation,unverified,31185,31185,name,,,,,,,,,,,,,,
con_9a0d099b1d,NE,Kilgore Wind Farm,wind,3,"In July 2016, the Cherry County Planning Commission formally recommended against granting a conditional land use permit to Bluestem Sandhills to construct the Kilgore Wind Project, which was then planned to be a 30-turbine wind farm in Cherry County.",pending,none,pending,yes,litigation,Cherry County,,2023,,,"In July 2016, the Cherry County Planning Commission formally recommended against granting a conditional land use permit to Bluestem Sandhills to construct the Kilgore Wind Project, which was then planned to be a 30-turbine wind farm in Cherry County. The decision was made at a meeting attended by over 200 individuals that lasted until 2:00 a.m. A local opposition group raised arguments about potential impacts on birds and wetlands. In October 2019, the Cherry County Board granted a conditional use permit to a 19-turbine plan for the project. A group called Preserve the Sandhills LLC, which claimed to have 500 members, filed an appeal challenging the decision in Cherry County District Court the following month. In August 2020, District Judge Kosizek denied a motion to dismiss, allowing the suit to proceed. In June 2020, the Cherry County Board granted a 4-year extension for the completion of the wind turbine project while the suit was pending, which the project opponents claimed was improper. However, the Cherry County District Court held that it did not have jurisdiction to consider objections to the extension, a decision upheld by the Supreme Court of Nebraska in 2021. On February 24, 2023, the Nebraska Supreme Court dismissed appeals from Preserve the Sandhills LLC, paving the way for the project to move forward.",S26P-4117,"Sabin Center, Opposition to Renewable Energy Facilities in the United States (Sept. 2026 ed.), via data/renewable_opposition_records_2026-09.csv",https://scholarship.law.columbia.edu/sabin_climate_change/280/,Sabin 2026 entry 4117; litigation venue: State,,,2026-09,in_latest_edition,,,,,src_731207f65d0f,sabin:S26P-4117,report_citation,unverified,31031,31031,name,,,,,,,,,,,,,,
con_692860e2d2,NE,Milligan 1 Wind Project,wind,3,"In November 2019, a group of Saline County residents sued to block this 99-turbine, 300-MW wind farm, arguing that a conditional use permit issued to the original owner could not be transferred to the new owner.",pending,none,pending,yes,litigation,Saline County,,2021,300,,"In November 2019, a group of Saline County residents sued to block this 99-turbine, 300-MW wind farm, arguing that a conditional use permit issued to the original owner could not be transferred to the new owner. The lawsuit failed to stop the project, which became operational in 2021. In July 2021, The Board of Adjustments, in response to an appeal by a landowner, ordered that wind turbines may not operate above 50 dBa within 1000 feet of the landowner’s property or be subject to a shut down. In a challenge brought by Milligan, a Saline County District Judge granted a temporary injunction until the merits of the case are determined. The litigation is still ongoing.",S26P-4118,"Sabin Center, Opposition to Renewable Energy Facilities in the United States (Sept. 2026 ed.), via data/renewable_opposition_records_2026-09.csv",https://scholarship.law.columbia.edu/sabin_climate_change/280/,Sabin 2026 entry 4118; litigation venue: State,,,2026-09,in_latest_edition,,,,,src_731207f65d0f,sabin:S26P-4118,report_citation,unverified,31151,31151,name,strong,eia:64377:operating;uswtdb:NE:0a06b83499;uswtdb:NE:64377,Milligan 1 Wind Farm,operating,300,2020,40.47862,-97.22057,"EIA-860M August 2026: plant ID 64377 'Milligan 1 Wind Farm' (NE, Saline County, entity Milligan 1 Wind, LLC, wind, 300 MW), operating, since 12/2020. Status (OP) Operating. USWTDB v9.1 (2026-09-28): entry 0a06b83499 'Milligan 1' (NE, Saline County, wind, 162.2 MW), operating, since 2020. USWTDB v9.1 (2026-09-28): entry 64377 'Milligan 1' (NE, Saline County, wind, 162.2 MW), operating, since 2020. Matched on name and county and capacity. The inventory records the plant's status only; it says nothing about the opposition or its effect.","outcome pending, but the plant is operating",,,,
con_e76a2c3d7a,NE,North Fork Wind,wind,3,"In early 2024, a group of people referring to themselves as the “Wind Watchers” organized opposition to a proposed 600-MW commercial wind energy project in Knox County, which had been under development since 2017.",pending,none,pending,yes,litigation,Knox County,,2025,600,,"In early 2024, a group of people referring to themselves as the “Wind Watchers” organized opposition to a proposed 600-MW commercial wind energy project in Knox County, which had been under development since 2017. In May 2024, the Knox County Board of Supervisors voted to increase the setback requirements for wind from 2,000 feet to 6,600 feet from nonparticipating dwellings. North Fork Wind responded by filing a lawsuit in federal court, which alleged, among other claims, that the zoning amendments violated the contracts clause, the equal protection clause of the 14th Amendment and Nebraska Constitution, the due process clause of the 14th Amendment, and the takings clause of the Fifth Amendment and Nebraska Constitution. [Note: In March 2025, the court dismissed all of the claims except the takings claim.]",S26P-4119,"Sabin Center, Opposition to Renewable Energy Facilities in the United States (Sept. 2026 ed.), via data/renewable_opposition_records_2026-09.csv",https://scholarship.law.columbia.edu/sabin_climate_change/280/,Sabin 2026 entry 4119; litigation venue: State,,,2026-09,in_latest_edition,,,,,src_731207f65d0f,sabin:S26P-4119,report_citation,unverified,31107,31107,name,,,,,,,,,,,,,,
con_c674987898,NE,Panama Energy Center,solar,3,"In 2024, NextEra Energy proposed the 304-MW Panama Energy Center to be developed on 2,400 acres of land in Lincoln, Lancaster County.",pending,none,pending,yes,litigation,Lancaster County,Lincoln,2026,304,"2,400","In 2024, NextEra Energy proposed the 304-MW Panama Energy Center to be developed on 2,400 acres of land in Lincoln, Lancaster County. Local residents raised concerns over the project’s impact on the character of the neighborhood and the loss of agricultural land. In January 2025, the project was approved by the Lincoln Planning Commission. In December 2025, project opponents filed a lawsuit in the Nebraska District Court challenging the approval of the project. The district court ruled that the Commission had properly approved the project as it was compatible with the existing permitted land uses. In March 2026, the project opponents appealed the district court ruling to the Nebraska Court of Appeals. The appeal remains pending as of June 2026.",S26P-4439,"Sabin Center, Opposition to Renewable Energy Facilities in the United States (Sept. 2026 ed.), via data/renewable_opposition_records_2026-09.csv",https://scholarship.law.columbia.edu/sabin_climate_change/280/,Sabin 2026 entry 4439; litigation venue: State,,,2026-09,in_latest_edition,,,,,src_731207f65d0f,sabin:S26P-4439,report_citation,unverified,31109,31109,name,,,,,,,,,,,,,,
con_fadc9fbe4a,NE,Platteview Solar Project,solar,2,"In May 2021, the Saunders County Board voted to approve a permit for an 81-MW, 500-acre solar project by Community Energy.",pending,none,pending,no,,Saunders County,,2021,81,500,"In May 2021, the Saunders County Board voted to approve a permit for an 81-MW, 500-acre solar project by Community Energy. Opponents collected 500 signatures against the project, and 45 landowners retained an attorney to consider legal action.",S26P-4120,"Sabin Center, Opposition to Renewable Energy Facilities in the United States (Sept. 2026 ed.), via data/renewable_opposition_records_2026-09.csv",https://scholarship.law.columbia.edu/sabin_climate_change/280/,Sabin 2026 entry 4120,,,2026-09,in_latest_edition,,,,,src_731207f65d0f,sabin:S26P-4120,report_citation,unverified,31155,31155,name,strong,eia:65334:operating;uspvdb:405810,Platteview Solar LLC,operating,81,2024,41.191,-96.37942,"EIA-860M August 2026: plant ID 65334 'Platteview Solar LLC' (NE, Saunders County, entity AES Distributed Energy, solar, 81 MW), operating, since 5/2024. Status (OP) Operating. USPVDB v4.0 (2026-04-14): entry 405810 'Platteview Solar, LLC' (NE, Saunders County, solar, 81 MW), operating, since 2024. Matched on name and county and capacity. The inventory records the plant's status only; it says nothing about the opposition or its effect.","outcome pending, but the plant is operating",,,,
con_c195cc5c34,NE,Salt Creek Solar Project,solar,3,"Ranger Power’s plans to construct a 250-MW solar project on 2,800 acres east of Lincoln encountered opposition from neighbors.",pending,none,pending,yes,litigation,Lancaster County,,2022,250,2800,"Ranger Power’s plans to construct a 250-MW solar project on 2,800 acres east of Lincoln encountered opposition from neighbors. One county commissioner proposed an amendment to prohibit solar panels on a portion of the project within city limits, but the amendment was defeated. In January 2022, a local newspaper reported that four landowners had filed notices of appeal in Lancaster County District Court challenging the Lancaster County Board’s approval of the project. In November 2022, nearly three dozen landowners filed a lawsuit challenging the county’s approval of the project.",S26P-4121,"Sabin Center, Opposition to Renewable Energy Facilities in the United States (Sept. 2026 ed.), via data/renewable_opposition_records_2026-09.csv",https://scholarship.law.columbia.edu/sabin_climate_change/280/,Sabin 2026 entry 4121; litigation venue: State,,,2026-09,in_latest_edition,,,,,src_731207f65d0f,sabin:S26P-4121,report_citation,unverified,31109,31109,name,,,,,,,,,,,,,,
con_e9675e5fe6,NH,Antrim Wind Project,wind,3,"In December 2016, the New Hampshire Site Evaluation Committee approved the 29-MW Antrim wind farm, which would involve 9 wind turbines on a ridge.",advanced_confirmed,court_ruling: In re Allen (Antrim Wind Energy),operational,yes,litigation,Hillsborough County,,2019,29,,"In December 2016, the New Hampshire Site Evaluation Committee approved the 29-MW Antrim wind farm, which would involve 9 wind turbines on a ridge. Project opponents concerned about noise and impacts on wildlife, property values, and scenic views appealed the decision to the New Hampshire Supreme Court. In May 2018, the court ruled against the project opponents on all counts, allowing the project to move forward. The project began commercial operations in 2019.",REC-0268,"Sabin Center, Opposition to Renewable Energy Facilities in the United States (Sept. 2026 ed.), via data/renewable_opposition_records_2026-09.csv",https://scholarship.law.columbia.edu/sabin_climate_change/280/,Sabin 2026 entry 4122; litigation venue: State,,,2026-09,in_latest_edition,con_e9675e5fe6,,,,src_731207f65d0f,sabin:REC-0268,confirmed,verified,33011,33011,name,strong,eia:59953:operating;uswtdb:NH:59953,Antrim Wind,operating,28.8,2019,43.06435,-72.00635,"EIA-860M August 2026: plant ID 59953 'Antrim Wind' (NH, Hillsborough County, entity Antrim Wind Energy LLC, wind, 28.8 MW), operating, since 12/2019. Status (OP) Operating. USWTDB v9.1 (2026-09-28): entry 59953 'Antrim' (NH, Hillsborough County, wind, 28.8 MW), operating, since 2019. Matched on name and county and capacity. The inventory records the plant's status only; it says nothing about the opposition or its effect.",,,,,
con_a3aa6db37a,NH,Franklin Solar Project,solar,3,"In April 2024, the New Hampshire Supreme Court overturned the City of Franklin Planning Board’s denial of a 6-acre, 1-MW solar farm proposed by GSSG New Hampshire.",pending,none,pending,yes,litigation,Merrimack County,,2024,1,6,"In April 2024, the New Hampshire Supreme Court overturned the City of Franklin Planning Board’s denial of a 6-acre, 1-MW solar farm proposed by GSSG New Hampshire. The project met the city’s zoning ordinances but was opposed by residents were concerned about disruptions of the scenery and property values. The court stated that a board cannot deny projects that comply with zoning ordinances based solely on subjective views. The court essentially approved the project by issuing a builder’s remedy which allows a project to proceed if it meets zoning ordinances.",REC-0269,"Sabin Center, Opposition to Renewable Energy Facilities in the United States (Sept. 2026 ed.), via data/renewable_opposition_records_2026-09.csv",https://scholarship.law.columbia.edu/sabin_climate_change/280/,Sabin 2026 entry 4123; litigation venue: State,,,2026-09,in_latest_edition,con_a3aa6db37a,,,,src_731207f65d0f,sabin:REC-0269,report_citation,unverified,33013,33013,name,,,,,,,,,,,,,,
con_81e9f94eb3,NH,Granite Reliable Wind Farm,wind,1,"In 2010, a 99-MW, 33-turbine wind farm near Groveton was proposed.",advanced_confirmed,resolution: https://www.eia.gov/electricity/data/eia860m/,operational,no,environmental_group,Coos County,,2012,99,,"In 2010, a 99-MW, 33-turbine wind farm near Groveton was proposed. The Appalachian Mountain Club raised concerns that the project might impact sensitive high-elevation forest. However, the project was ultimately completed as originally planned in 2012.",REC-0270,"Sabin Center, Opposition to Renewable Energy Facilities in the United States (Sept. 2026 ed.), via data/renewable_opposition_records_2026-09.csv",https://scholarship.law.columbia.edu/sabin_climate_change/280/,Sabin 2026 entry 4124; opposition_type carried from the 2025 edition,Appalachian Mountain Club,https://www.nsenergybusiness.com/news/newssec_to_evaluate_granite_reliable_powers_proposed_wind_energy_project_in_coos_county_oregon_090305/,2026-09,in_latest_edition,con_81e9f94eb3,,,,src_731207f65d0f,sabin:REC-0270,confirmed,verified,33007,33007,name,strong,eia:58004:operating;uswtdb:NH:58004,Granite Reliable Power,operating,99,2012,44.70444,-71.2925,"EIA-860M August 2026: plant ID 58004 'Granite Reliable Power' (NH, Coos County, entity NexteraEnergy, wind, 99 MW), operating, since 2/2012. Status (OP) Operating. USWTDB v9.1 (2026-09-28): entry 58004 'Granite Reliable Power' (NH, Coos County, wind, 99 MW), operating, since 2012. Matched on name and county and capacity. The inventory records the plant's status only; it says nothing about the opposition or its effect.",,https://www.eia.gov/electricity/data/eia860m/,opened,,2012-02
con_93481acf6b,NH,"West Portsmouth Street, Concord Solar Project",solar,4,"In 2018, NextEra Energy’s plans for a 10-MW, 54-acre solar farm in Concord were rejected by the local zoning board because there would be too much “impervious surface” for a residential open-space zoning lot.",blocked_confirmed,resolution: https://www.concordmonitor.com/2018/06/06/concord-nh-west-portsmouth-street-solar-array-18000856/,cancelled,no,local_residents,Merrimack County,City of Concord,2018,10,54,"In 2018, NextEra Energy’s plans for a 10-MW, 54-acre solar farm in Concord were rejected by the local zoning board because there would be too much “impervious surface” for a residential open-space zoning lot. The zoning board denied the developer’s request for rehearing.",REC-0271,"Sabin Center, Opposition to Renewable Energy Facilities in the United States (Sept. 2026 ed.), via data/renewable_opposition_records_2026-09.csv",https://scholarship.law.columbia.edu/sabin_climate_change/280/,Sabin 2026 entry 4125; cancelled 2018; opposition_type carried from the 2025 edition,,,2026-09,in_latest_edition,con_93481acf6b,,,,src_731207f65d0f,sabin:REC-0271,confirmed,verified,33013,33013,name,,,,,,,,,,,https://www.concordmonitor.com/2018/06/06/concord-nh-west-portsmouth-street-solar-array-18000856/,opened,,2018-06-06
con_e41021df0e,NH,Wild Meadows Wind Farm,wind,4,"The proposed 75.9-MW, 23-turbine Wild Meadows Wind Farm was abandoned in 2014.",blocked_confirmed,resolution: https://www.nhpr.org/environment/2014-05-27/developer-pulls-the-plug-on-wind-farm-proposed-for-newfound-lake-area,cancelled,no,"local_residents, state_political",Grafton County; Merrimack County,,2014,75.9,,"The proposed 75.9-MW, 23-turbine Wild Meadows Wind Farm was abandoned in 2014. In a statement the developer blamed “the current political and regulatory climate in New Hampshire.” The project faced opposition from residents and local groups including the Appalachian Mountain Club.",REC-0272,"Sabin Center, Opposition to Renewable Energy Facilities in the United States (Sept. 2026 ed.), via data/renewable_opposition_records_2026-09.csv",https://scholarship.law.columbia.edu/sabin_climate_change/280/,Sabin 2026 entry 4126; cancelled 2014; opposition_type carried from the 2025 edition,,,2026-09,in_latest_edition,con_e41021df0e,,,,src_731207f65d0f,sabin:REC-0272,confirmed,verified,,33009;33013,names,,,,,,,,,,,https://www.nhpr.org/environment/2014-05-27/developer-pulls-the-plug-on-wind-farm-proposed-for-newfound-lake-area,opened,,2014-05-27
con_b5e0b42044,NJ,Atlantic Shores South Project,wind,4,"In July 2023, all of the municipalities of Long Beach Island filed a letter with the New Jersey Department of Environmental Protection (NJDEP) claiming that the 2,800-MW Atlantic Shores project “does not comply with NJDEP’s coastal zone management regulations.” The letter stated that the project should be sited farther offshore to avoid impacts on the state’s coastal resources.",blocked_unverified,outcome_label_only,cancelled,yes,litigation,Ocean County,,2025,2800,,"In July 2023, all of the municipalities of Long Beach Island filed a letter with the New Jersey Department of Environmental Protection (NJDEP) claiming that the 2,800-MW Atlantic Shores project “does not comply with NJDEP’s coastal zone management regulations.” The letter stated that the project should be sited farther offshore to avoid impacts on the state’s coastal resources. In April 2023, Save Long Beach Island filed a lawsuit against the federal government challenging authorizations for Atlantic Shores and other offshore wind projects; that lawsuit was dismissed in February 2024. In August 2023, MOVE ‘EM OUT, a New Jersey nonprofit organization devoted to preserving the state’s beaches, announced its opposition to the Atlantic Shores Project, arguing that the project would have detrimental impact on New Jersey’s southern shoreline ecology. The project, if approved, would build 200 wind turbines 9 miles off New Jersey’s coast. That same August, opposition group Save Long Beach Island Inc. filed a petition to the New Jersey Board of Public Utilities, seeking to have the Board decrease the value of Atlantic Shores’ Offshore Wind Renewable Energy Certificates. The Board denied this petition in December 2023. Also in December 2023, eight municipalities (Long Beach Township, Beach Haven, Ship Bottom, Surf City, Harvey Cedars, Barnegat Light, Brigantine and Ventnor) filed a lawsuit in state court against the New Jersey Department of Environmental Protection, seeking a judgment that the project violates New Jersey coastal regulations. On October 1, 2024, BOEM announced its final approval of the construction and operations plan for the project. [Note: On March 14, 2025, the U.S. Environmental Protection Agency withdrew the air permit that it had previously issued for the project, effectively halting the project. On May 28, 2025, the developer asked the New Jersey Board of Public Utilities to terminate certain agreements, thus killing the project for now.]",REC-0276,"Sabin Center, Opposition to Renewable Energy Facilities in the United States (Sept. 2026 ed.), via data/renewable_opposition_records_2026-09.csv",https://scholarship.law.columbia.edu/sabin_climate_change/280/,"Sabin 2026 entry 4127; litigation venue: Administrative, State; cancelled 2025; capacity carried from the 2025 edition",Save Long Beach Island,https://ocnjsentinel.com/?p=76634,2026-09,in_latest_edition,con_b5e0b42044,,,,src_731207f65d0f,sabin:REC-0276,report_citation,unverified,34029,34029,name,,,,,,,,,,,,,,
con_2058e38b6e,NJ,Bedminster Solar Project,solar,4,"Residents in Bedminster Township mounted organized opposition to a proposed solar array on a historic 132-acre farm, arguing that the proposed location of the project would ruin the rural landscape.",blocked_confirmed,resolution: https://www.newjerseyhills.com/bernardsville_news/news/bedminster-solar-power-plant-proposal-officially-withdrawn/article_b048ae9c-37f9-5c51-a7bc-0182d43886b5.html,cancelled,no,organized_group,Somerset County,Bedminster Township,2016,,132,"Residents in Bedminster Township mounted organized opposition to a proposed solar array on a historic 132-acre farm, arguing that the proposed location of the project would ruin the rural landscape. Opponents voiced concerns about the project on a Facebook page called Stop the Bedminster Solar Power Plant. The solar developer withdrew its proposal in 2016.",REC-0277,"Sabin Center, Opposition to Renewable Energy Facilities in the United States (Sept. 2026 ed.), via data/renewable_opposition_records_2026-09.csv",https://scholarship.law.columbia.edu/sabin_climate_change/280/,Sabin 2026 entry 4128; cancelled 2016; opposition_type carried from the 2025 edition,,,2026-09,in_latest_edition,con_2058e38b6e,,,,src_731207f65d0f,sabin:REC-0277,confirmed,verified,34035,34035,name,,,,,,,,,,,https://www.newjerseyhills.com/bernardsville_news/news/bedminster-solar-power-plant-proposal-officially-withdrawn/article_b048ae9c-37f9-5c51-a7bc-0182d43886b5.html,opened,,2016-03-01
con_1a4c5a893c,NJ,Leading Light Wind Project,wind,4,"In 2022, Invenergy proposed the 2.4-GW Leading Light offshore wind project to be built approximately 35 miles off the coast of New Jersey.",blocked_confirmed,resolution: https://www.utilitydive.com/news/invenergy-offshore-wind-energy-leading-light-wind/805451/,pending,no,local_residents,Salem County,,2024,2400,,"In 2022, Invenergy proposed the 2.4-GW Leading Light offshore wind project to be built approximately 35 miles off the coast of New Jersey. The project required running power cables through the Sea Girt beachfront community. When Governor Murphy visited the community to promote the project, more than 100 people attended to oppose the project, claiming that the project is a health hazard and blocks the Sea Girt beach. In January 2024, the project was awarded an Offshore Wind Renewable Energy Certification (OREC) by the New Jersey Board of Public Utilities. However, in order to move forward, the project required additional permits from the federal government. In November 2025, the developer announced that it was canceling the project because it had been unable to pursue permitting due to the current federal policy on offshore wind.",REC-0278,"Sabin Center, Opposition to Renewable Energy Facilities in the United States (Sept. 2026 ed.), via data/renewable_opposition_records_2026-09.csv",https://scholarship.law.columbia.edu/sabin_climate_change/280/,Sabin 2026 entry 4129; opposition_type carried from the 2025 edition,,,2026-09,in_latest_edition,con_1a4c5a893c,,,,src_731207f65d0f,sabin:REC-0278,confirmed,verified,34033,34033,name,,,,,,,,,,,https://www.utilitydive.com/news/invenergy-offshore-wind-energy-leading-light-wind/805451/,opened,,2025-11-07
con_23b3856e4c,NJ,New York Bight Offshore Wind Area,wind,3,Save Long Beach Island sued the Interior Department’s Bureau of Ocean Energy Management for designating certain areas in the New York Blight as wind energy areas.,advanced_confirmed,resolution: https://www.boem.gov/renewable-energy/state-activities/new-york-bight,pending,yes,litigation,Atlantic County; Cape May County; Monmouth County; Ocean County,,2023,,,"Save Long Beach Island sued the Interior Department’s Bureau of Ocean Energy Management for designating certain areas in the New York Blight as wind energy areas. The group argued that the Interior Department violated the National Environmental Policy Act (NEPA) and the Endangered Species Act (ESA) by failing to consider environmental impacts and consult with other agencies before acting. A federal judge dismissed the lawsuit, finding that it was too early to file a NEPA lawsuit, but allowed plaintiffs to amend and refile their complaint.",REC-0279,"Sabin Center, Opposition to Renewable Energy Facilities in the United States (Sept. 2026 ed.), via data/renewable_opposition_records_2026-09.csv",https://scholarship.law.columbia.edu/sabin_climate_change/280/,Sabin 2026 entry 4130; litigation venue: Federal,Save Long Beach Island,https://electrek.co/?p=220025,2026-09,in_latest_edition,con_23b3856e4c,,,,src_731207f65d0f,sabin:REC-0279,confirmed,verified,,34001;34009;34025;34029,names,,,,,,,,,,,https://www.boem.gov/renewable-energy/state-activities/new-york-bight,opened,,2022-02-23
con_cab65a420e,NJ,NJ Solar 2000,solar,4,"In September 2022, amidst opposition from dozens of residents, the township of Freehold’s Planning Board rejected a request to install solar panels on a portion of farms in the community.",blocked_confirmed,resolution: https://www.yahoo.com/news/freehold-township-rejects-9-000-090705185.html,cancelled,no,local_residents,Monmouth County,Freehold Township,2022,,"9,000 solar panels (approx. 135 acres)","In September 2022, amidst opposition from dozens of residents, the township of Freehold’s Planning Board rejected a request to install solar panels on a portion of farms in the community. The developer, NJ Solar 2000, had intended to install over 9,000 solar panels, which it asserted could have powered over 500 homes in Freehold.",REC-0280,"Sabin Center, Opposition to Renewable Energy Facilities in the United States (Sept. 2026 ed.), via data/renewable_opposition_records_2026-09.csv",https://scholarship.law.columbia.edu/sabin_climate_change/280/,"Sabin 2026 entry 4131; cancelled 2022; opposition_type, area carried from the 2025 edition",,,2026-09,in_latest_edition,con_cab65a420e,,,,src_731207f65d0f,sabin:REC-0280,confirmed,verified,34025,34025,name,,,,,,,,,,,https://www.yahoo.com/news/freehold-township-rejects-9-000-090705185.html,opened,,2022-09-15
con_6601f49b6f,NJ,Ocean Wind 1,wind,4,"The proposed 98-turbine, 1,100-MW Ocean Wind 1 project faced opposition from local governments where transmission would have been sited and from protesters alleging that offshore wind is causing whale deaths.",blocked_confirmed,resolution: https://www.eia.gov/electricity/data/eia860m/,cancelled,yes,litigation,Cape May County; Ocean County,,2024,1100,,"The proposed 98-turbine, 1,100-MW Ocean Wind 1 project faced opposition from local governments where transmission would have been sited and from protesters alleging that offshore wind is causing whale deaths. Local governments twice denied necessary approvals for the onshore components of the project, prompting the state Board of Public Utilities to use its new authority to bypass local approvals—first in September 2022 when it bypassed Ocean City approvals and second in February 2023 when it bypassed Cape May County approvals. Various citizens groups opposed to offshore wind filed lawsuits against the developer Ørsted and the State of New Jersey, challenging the tax subsidies offered to the project and the state’s determination that the project is consistent with state coastal management laws. In July 2023, Ocean City Mayor Jay Gillian and his administration installed anti-wind farm signs at beach entrances located 15 miles from the offshore wind project. In August 2023, a state Superior Court granted a land easement to allow the Ocean Wind 1 project to bring underground power cables onshore in Ocean City, after Ocean City had refused to issue easements on the land near the project. In October 2023, Cape May County and several environmental, fishing, and hospitality organizations filed a lawsuit against the United States Department of the Interior and Bureau of Ocean Energy Management, seeking to reverse approval of the project. The lawsuit included claims under the APA, NEPA, ESA, MMPA, NHPA, OCSLA, CWA, Migratory Bird Treaty Act, Coastal Zone Management Act, and the Rivers and Harbors Act of 1899. Later in October 2023, Ørsted announced that it was ceasing development on Ocean Wind 1, along with a separate project—Ocean Wind 2—citing high inflation, rising interest rates, and supply chain bottlenecks. In December 2024, Cape May County ended its lawsuit on the basis that the project had been canceled.",REC-0281,"Sabin Center, Opposition to Renewable Energy Facilities in the United States (Sept. 2026 ed.), via data/renewable_opposition_records_2026-09.csv",https://scholarship.law.columbia.edu/sabin_climate_change/280/,Sabin 2026 entry 4132; litigation venue: Federal; cancelled 2023,,,2026-09,in_latest_edition,con_6601f49b6f,,,,src_731207f65d0f,sabin:REC-0281,confirmed,verified,,34009;34029,names,,,,,,,,,,,https://www.eia.gov/electricity/data/eia860m/,opened,,2024-01
con_fef5538358,NJ,Six Flags Theme Park Solar Project,solar,3,"In January 2017, several local environmental organizations challenged Jackson Township’s approval of a 21-MW solar array on 67 acres owned by Six Flags Theme Parks, Inc. in Jackson Township.",advanced_confirmed,resolution: https://www.eia.gov/electricity/data/eia860m/,unknown,yes,litigation,Ocean County,Jackson Township,2017,21,67,"In January 2017, several local environmental organizations challenged Jackson Township’s approval of a 21-MW solar array on 67 acres owned by Six Flags Theme Parks, Inc. in Jackson Township. The plaintiffs alleged that municipal ordinances that permitted the solar array were in conflict with Jackson Township’s Master Plan. In June 2017, the Superior Court of New Jersey dismissed the challenge upon finding that the ordinances were substantially consistent with the objectives and goals of the Master Plan. In the opinion, the court noted that the solar array would meet substantially all of the theme park’s energy needs and reduce reliance on carbon-emitting sources of power.",REC-0282,"Sabin Center, Opposition to Renewable Energy Facilities in the United States (Sept. 2026 ed.), via data/renewable_opposition_records_2026-09.csv",https://scholarship.law.columbia.edu/sabin_climate_change/280/,Sabin 2026 entry 4133; litigation venue: State,,,2026-09,in_latest_edition,con_fef5538358,,,,src_731207f65d0f,sabin:REC-0282,confirmed,verified,34029,34029,name,,,,,,,,,,,https://www.eia.gov/electricity/data/eia860m/,opened,,2019-06
con_37ebc8bcf7,NM,Cenergy’s Two Community Solar Projects,solar,4,"On April 6, 2022, the Chaves County Planning and Zoning Commission voted not to recommend permits sought by Cenergy Power for two 5-MW community solar projects based on objections from neighbors.",blocked_confirmed,resolution: https://www.rdrnews.com/news/local/county-commissioners-vote-against-solar-permits/article_eb37a595-0663-5b6b-9300-b1bf4f43e089.html,cancelled,no,local_residents,Chaves County,,2022,5,,"On April 6, 2022, the Chaves County Planning and Zoning Commission voted not to recommend permits sought by Cenergy Power for two 5-MW community solar projects based on objections from neighbors. Local residents expressed concern that the solar projects would cause visual impacts, harm property values, cause runoff into nearby rivers, destroy wildlife habitats, and take away land that should be used for homes or agriculture. On April 14, 2022, the Chaves County Board of Commissioners denied the permit applications.",REC-0284,"Sabin Center, Opposition to Renewable Energy Facilities in the United States (Sept. 2026 ed.), via data/renewable_opposition_records_2026-09.csv",https://scholarship.law.columbia.edu/sabin_climate_change/280/,Sabin 2026 entry 4134; cancelled 2022; opposition_type carried from the 2025 edition,,,2026-09,in_latest_edition,con_37ebc8bcf7,,,,src_731207f65d0f,sabin:REC-0284,confirmed,verified,35005,35005,name,,,,,,,,,,,https://www.rdrnews.com/news/local/county-commissioners-vote-against-solar-permits/article_eb37a595-0663-5b6b-9300-b1bf4f43e089.html,archived,http://web.archive.org/web/20220427032040/https://www.rdrnews.com/news/local/county-commissioners-vote-against-solar-permits/article_eb37a595-0663-5b6b-9300-b1bf4f43e089.html,2022-04-14
con_f313d60354,NM,Chaves Solar 2 LLC Community Solar Project,solar,3,"In October 2021, the Roswell-Chaves County Exterritorial Zoning Commission voted against a permit for a 5-MW community solar garden just west of Roswell, New Mexico.",pending,none,pending,yes,litigation,Chaves County,City of Roswell,2021,5,,"In October 2021, the Roswell-Chaves County Exterritorial Zoning Commission voted against a permit for a 5-MW community solar garden just west of Roswell, New Mexico. The commission had received three protest letters from nearby property owners and comments from three others property owners who opposed the project. Opponents did not want the project near their homes, small farms, and orchards, and expressed concerns about radiation, toxic materials, dust, glare, noise, temperature effects, wildlife effects, and property devaluation. In November 2021, the developer and landowners filed an appeal.",REC-0285,"Sabin Center, Opposition to Renewable Energy Facilities in the United States (Sept. 2026 ed.), via data/renewable_opposition_records_2026-09.csv",https://scholarship.law.columbia.edu/sabin_climate_change/280/,Sabin 2026 entry 4135; litigation venue: State,,,2026-09,in_latest_edition,con_f313d60354,,,,src_731207f65d0f,sabin:REC-0285,report_citation,unverified,35005,35005,name,,,,,,,,,,,,,,
con_243cfbe4c2,NM,Energy Management Inc.’s Community Solar Project,solar,4,"In November 2022, the Roswell-Chaves County Extraterritorial Commission voted against a community solar project proposed by Energy Management Inc. (EMI) after hearing objections from residents.",blocked_confirmed,resolution: https://www.rdrnews.com/news/local/authority-denies-solar-projects-appeals/article_4ee8fb4c-87a5-11ed-aa23-d75ddc5ed789.html,cancelled,no,local_residents,Chaves County,City of Roswell,2022,,,"In November 2022, the Roswell-Chaves County Extraterritorial Commission voted against a community solar project proposed by Energy Management Inc. (EMI) after hearing objections from residents.",REC-0286,"Sabin Center, Opposition to Renewable Energy Facilities in the United States (Sept. 2026 ed.), via data/renewable_opposition_records_2026-09.csv",https://scholarship.law.columbia.edu/sabin_climate_change/280/,Sabin 2026 entry 4136; cancelled 2022; opposition_type carried from the 2025 edition,,,2026-09,in_latest_edition,con_243cfbe4c2,,,,src_731207f65d0f,sabin:REC-0286,confirmed,verified,35005,35005,name,,,,,,,,,,,https://www.rdrnews.com/news/local/authority-denies-solar-projects-appeals/article_4ee8fb4c-87a5-11ed-aa23-d75ddc5ed789.html,archived,http://web.archive.org/web/20230101173701/https://www.rdrnews.com/news/local/authority-denies-solar-projects-appeals/article_4ee8fb4c-87a5-11ed-aa23-d75ddc5ed789.html,2022-12-27
con_d299f5db5e,NM,NextEra’s Two Community Solar Projects,solar,4,"In November 2022, the Roswell-Chaves County Extraterritorial Commission voted against two community solar projects proposed by NextEra, each 5 MW or smaller, after hearing objections from residents.",blocked_unverified,outcome_label_only,cancelled,no,local_residents,Chaves County,City of Roswell,2022,5,,"In November 2022, the Roswell-Chaves County Extraterritorial Commission voted against two community solar projects proposed by NextEra, each 5 MW or smaller, after hearing objections from residents.",REC-0287,"Sabin Center, Opposition to Renewable Energy Facilities in the United States (Sept. 2026 ed.), via data/renewable_opposition_records_2026-09.csv",https://scholarship.law.columbia.edu/sabin_climate_change/280/,Sabin 2026 entry 4137; cancelled 2022; opposition_type carried from the 2025 edition,,,2026-09,in_latest_edition,con_d299f5db5e,,,,src_731207f65d0f,sabin:REC-0287,report_citation,unverified,35005,35005,name,,,,,,,,,,,,,,
con_3e21ac9450,NM,Rancho Viejo Solar Project,solar;battery_storage,3,"The Rancho Viejo Solar Project, a 680-acre, 96-MW solar farm with a 2-acre, 48-MW battery storage facility proposed by AES, has faced resistance from the local community.",advanced_confirmed,resolution: https://www.santafecountynm.gov/uploads/documents/Case_No._24-5200_Order_.pdf,pending,yes,litigation,Santa Fe County,,2024,144,682,"The Rancho Viejo Solar Project, a 680-acre, 96-MW solar farm with a 2-acre, 48-MW battery storage facility proposed by AES, has faced resistance from the local community. Residents have established the Clean Energy Coalition for Santa Fe County and New Mexicans for Responsible Renewable Energy to fight against the project. The latter started an online petition directed at Santa Fe County, asking that officials either deny the project’s conditional use permit application or issue a moratorium and amend county codes before considering the project further. Residents have expressed distrust toward the company and argued that the county has failed to adequately engage the community. A resident submitted in August 2023 a Notice of Violation to Santa Fe County and filed in September 2023 a complaint with the New Mexico Attorney General, alleging that the County’s meetings with AES violated New Mexico’s Open Meetings Act. The County denied the allegations, and the Attorney General responded that no violations occurred. In August 2024, residents attended a county meeting at which AES presented a revised plan that sought to address the community’s concerns. Opponents have stated that the project should not be located near residential areas, due to the risk of fires and environmental contamination. Supporters have stated that the technology has become much safer and emphasized the importance of addressing climate change.",REC-0288,"Sabin Center, Opposition to Renewable Energy Facilities in the United States (Sept. 2026 ed.), via data/renewable_opposition_records_2026-09.csv",https://scholarship.law.columbia.edu/sabin_climate_change/280/,"Sabin 2026 entry 4138; litigation venue: Administrative, State",,,2026-09,in_latest_edition,con_3e21ac9450,,,,src_731207f65d0f,sabin:REC-0288,confirmed,verified,35049,35049,name,,,,,,,,,,,https://www.santafecountynm.gov/uploads/documents/Case_No._24-5200_Order_.pdf,opened,,2025-10-14
con_f5206d70dd,NM,South Peak Solar Project,solar,2,A proposed 97.5-MW project on 620 acres of private land has encountered opposition at contentious public meetings.,needs_review,none,unknown,no,local_residents,Luna County,,2023,97.5,620,"A proposed 97.5-MW project on 620 acres of private land has encountered opposition at contentious public meetings. In January 2023, after hearing from many project opponents, the Luna County Board voted unanimously to postpone a decision on the application.",REC-0289,"Sabin Center, Opposition to Renewable Energy Facilities in the United States (Sept. 2026 ed.), via data/renewable_opposition_records_2026-09.csv",https://scholarship.law.columbia.edu/sabin_climate_change/280/,Sabin 2026 entry 4139; opposition_type carried from the 2025 edition,,,2026-09,in_latest_edition,con_f5206d70dd,,,,src_731207f65d0f,sabin:REC-0289,report_citation,unverified,35029,35029,name,,,,,,,,,,,,,,
con_ddfbb50c84,NV,Angora Solar Project,solar,3,"On March 21, 2023, the Biden Administration announced the creation of a 450,000-acre Avi Kwa Ame National Monument in the Mojave Desert along the border between California and Nevada to protect an area important to certain Native American tribes.",needs_review,none,unknown,yes,"litigation, regulatory denial",Clark County,,2023,400,2000,"On March 21, 2023, the Biden Administration announced the creation of a 450,000-acre Avi Kwa Ame National Monument in the Mojave Desert along the border between California and Nevada to protect an area important to certain Native American tribes. This designation, actively sought by conservation groups, local government officials, and tribal leaders, appears to have derailed plans for the 400-MW Angora Solar Project, which is currently proposed to be built on 2,000 acres within the proposed monument. The developer asked the administration for a carve-out but it was apparently not granted.",REC-0255,"Sabin Center, Opposition to Renewable Energy Facilities in the United States (Sept. 2026 ed.), via data/renewable_opposition_records_2026-09.csv",https://scholarship.law.columbia.edu/sabin_climate_change/280/,Sabin 2026 entry 4140; opposition_type carried from the 2025 edition,,,2026-09,in_latest_edition,con_ddfbb50c84,,,,src_731207f65d0f,sabin:REC-0255,report_citation,unverified,32003,32003,name,,,,,,,,,,,,,,
con_37a3a8f59f,NV,Bajle Born Solar Project,solar,4,Arevia Power withdrew its application to construct the 850-MW Bajle Born Solar project due to opposition from groups like Save Our Mesa.,blocked_confirmed,resolution: https://www.permits.performance.gov/permitting-project/fast-41-covered-projects/battle-born-solar-project,cancelled,yes,"litigation, media campaign",Clark,,July 2021,850 MW,"450,000 acres","In July 2021, Arevia Power withdrew its application to construct the 850-MW BaWle Born Solar project on the Mormon Mesa in the desert north of Las Vegas. The project would have been the largest ever built in the United States and faced opposition from groups such as Save Our Mesa, who raised concerns about visual impacts and tourism impacts.",REC-0256,"Sabin Center, Opposition to Renewable Energy Facilities in the United States (June 2025 ed.), via data/renewable_opposition_records.csv",https://climate.law.columbia.edu/sites/default/files/content/Opposition-Report-June-2025.pdf,,Save Our Mesa,https://knpr.org/knpr/2020-12/overton-logandale-residents-rally-against-massive-solar-project,2025-06,not_in_latest_edition,con_37a3a8f59f,,,,src_90d5b39d9a09,sabin:REC-0256,confirmed,verified,32003,32003,name,,,,,,,,,,,https://www.permits.performance.gov/permitting-project/fast-41-covered-projects/battle-born-solar-project,opened,,2021-07-19
con_c4c440d3b4,NV,Battle Born Solar,solar,4,"In July 2021, Arevia Power withdrew its application to construct the 850-MW Battle Born Solar project on the Mormon Mesa in the desert north of Las Vegas.",blocked_unverified,outcome_label_only,cancelled,no,,Clark County,,2021,850,,"In July 2021, Arevia Power withdrew its application to construct the 850-MW Battle Born Solar project on the Mormon Mesa in the desert north of Las Vegas. The project would have been the largest ever built in the United States and faced opposition from groups such as Save Our Mesa, who raised concerns about visual impacts and tourism impacts.",S26P-4141,"Sabin Center, Opposition to Renewable Energy Facilities in the United States (Sept. 2026 ed.), via data/renewable_opposition_records_2026-09.csv",https://scholarship.law.columbia.edu/sabin_climate_change/280/,Sabin 2026 entry 4141; cancelled 2021,,,2026-09,in_latest_edition,,,,,src_731207f65d0f,sabin:S26P-4141,report_citation,unverified,32003,32003,name,,,,,,,,,,,,,,
con_03ffbab77e,NV,Beatty Energy Center Project,solar,3,"Beatty Energy Center is a proposed solar-plus-storage project that would include 800-MW of solar capacity and up to 800 MW of battery storage capacity on approximately 6,515 acres of federal BLM land in Nye County.",pending,none,pending,yes,"litigation, media campaign",Nye County,,2022,1600,25000,"Beatty Energy Center is a proposed solar-plus-storage project that would include 800-MW of solar capacity and up to 800 MW of battery storage capacity on approximately 6,515 acres of federal BLM land in Nye County. In June 2022, the Bureau of Land Management sided with local opponents of Beatty Energy Center and two other large solar projects (Bonnie Clare Solar and Sawtooth Energy Center Project) near Death Valley National Park by giving them “low priority” permitting status. If approved, the projects would collectively generate 3,300 MW of electricity on up to 25,000 acres of land. The Bureau cited proximity to Death Valley National Park and sensitive habitat for the Mojave Desert tortoise as concerns. The projects are opposed by Nevada-based Basin and Range Watch, which thanked BLM for its decision.",REC-0257,"Sabin Center, Opposition to Renewable Energy Facilities in the United States (Sept. 2026 ed.), via data/renewable_opposition_records_2026-09.csv",https://scholarship.law.columbia.edu/sabin_climate_change/280/,Sabin 2026 entry 4142; opposition_type carried from the 2025 edition,,,2026-09,in_latest_edition,con_03ffbab77e,,,,src_731207f65d0f,sabin:REC-0257,report_citation,unverified,32023,32023,name,,,,,,,,,,,,,,
con_0f68c74823,NV,Bonnie Clare Solar Project,solar,3,"Bonnie Clare Solar Project is a proposed solar-plus-storage project that would include 1,500-MW of solar capacity, 1,000 MW DC-coupled battery storage, and 500 MW of AC-coupled battery storage capacity on approximately 8,274 acres of federal BLM land in Beatty and Nye Counties.",pending,none,pending,yes,"litigation, media campaign",Nye County,,2022,3000,25000,"Bonnie Clare Solar Project is a proposed solar-plus-storage project that would include 1,500-MW of solar capacity, 1,000 MW DC-coupled battery storage, and 500 MW of AC-coupled battery storage capacity on approximately 8,274 acres of federal BLM land in Beatty and Nye Counties. In June 2022, the Bureau of Land Management sided with local opponents of Bonnie Clare Solar Project and two other large solar projects (Beatty Energy Center and Sawtooth Energy Center) near Death Valley National Park by giving them “low priority” permitting status. If approved, the projects would collectively generate 3,300 MW of electricity on up to 25,000 acres of land. The Bureau cited proximity to Death Valley National Park and sensitive habitat for the Mojave Desert tortoise as concerns. The projects are opposed by Nevada-based Basin and Range Watch, which thanked BLM for its decision.",REC-0258,"Sabin Center, Opposition to Renewable Energy Facilities in the United States (Sept. 2026 ed.), via data/renewable_opposition_records_2026-09.csv",https://scholarship.law.columbia.edu/sabin_climate_change/280/,Sabin 2026 entry 4143; opposition_type carried from the 2025 edition,,,2026-09,in_latest_edition,con_0f68c74823,,,,src_731207f65d0f,sabin:REC-0258,report_citation,unverified,32023,32023,name,,,,,,,,,,,,,,
con_e809c1e5b7,NV,Clark County Solar Development,solar,3,"In September 2023, the organization Western Watersheds Projects sued Secretary of the Interior Deb Haaland, the U.S. Fish and Wildlife Service, Bureau of Land Management, and National Park Service over their approval of large-scale solar development in portions of Clark County that is home to the threatened Mojave desert tortoise.",pending,none,pending,yes,litigation,Clark County,,2023,,,"In September 2023, the organization Western Watersheds Projects sued Secretary of the Interior Deb Haaland, the U.S. Fish and Wildlife Service, Bureau of Land Management, and National Park Service over their approval of large-scale solar development in portions of Clark County that is home to the threatened Mojave desert tortoise. The organization seeks relief under the Endangered Species Act and National Environmental Policy Act.",REC-0259,"Sabin Center, Opposition to Renewable Energy Facilities in the United States (Sept. 2026 ed.), via data/renewable_opposition_records_2026-09.csv",https://scholarship.law.columbia.edu/sabin_climate_change/280/,Sabin 2026 entry 4144; litigation venue: Federal,,,2026-09,in_latest_edition,con_e809c1e5b7,,,,src_731207f65d0f,sabin:REC-0259,report_citation,unverified,32003,32003,name,,,,,,,,,,,,,,
con_52e9891bae,NV,Crescent Peak Wind Project,wind,4,"In November 2018, the Bureau of Land Management rejected an application by Eolus Vind of Sweden to construct a 500-MW, 248-turbine wind farm on 32,531 acres of public land in Nevada.",blocked_confirmed,resolution: https://eplanning.blm.gov/Project-Home/?id=8d938b9b-a7f2-f011-8407-001dd803d7d3,cancelled,yes,"litigation, regulatory denial",Clark County,,2018,500,32531,"In November 2018, the Bureau of Land Management rejected an application by Eolus Vind of Sweden to construct a 500-MW, 248-turbine wind farm on 32,531 acres of public land in Nevada. Documents obtained in response to a FOIA request appear to show that Assistant Secretary Joseph Balash decided to terminate the project after conversations with and receiving input from tribal groups, mining groups, fish and wildlife experts, and the military.",REC-0260,"Sabin Center, Opposition to Renewable Energy Facilities in the United States (Sept. 2026 ed.), via data/renewable_opposition_records_2026-09.csv",https://scholarship.law.columbia.edu/sabin_climate_change/280/,Sabin 2026 entry 4145; opposition_type carried from the 2025 edition,,,2026-09,in_latest_edition,con_52e9891bae,,,,src_731207f65d0f,sabin:REC-0260,confirmed,verified,32003,32003,name,,,,,,,,,,,https://eplanning.blm.gov/Project-Home/?id=8d938b9b-a7f2-f011-8407-001dd803d7d3,opened,,
con_57c65794e7,NV,Dixie Valley Geothermal Project,geothermal,3,"Ormat Nevada Inc. was approved to construct two 30-MW geothermal plants on federal land in Dixie Valley, but the project is being challenged by environmental groups.",pending,none,pending,yes,"litigation, regulatory denial",Churchill,,November 2021,60 MW (two 30-MW plants),"4,587 acres","In November 2021, Ormat Nevada Inc. was approved to construct two 30-MW geothermal plants on federal land in Dixie Valley. In December 2022, the U.S. Fish and Wildlife Service listed the Dixie Valley toad as endangered, prompting the Center for Biological Diversity and Fallon Paiute-Shoshone Tribe to sue the Bureau of Land Management over the project’s approval. In July 2023, the U.S. Department of the Interior announced that it would begin a new environmental analysis of the project in light of the Dixie Valley toad being listed as endangered, halting construction of the project until the completion of the environmental review.",REC-0261,"Sabin Center, Opposition to Renewable Energy Facilities in the United States (June 2025 ed.), via data/renewable_opposition_records.csv",https://climate.law.columbia.edu/sites/default/files/content/Opposition-Report-June-2025.pdf,,,,2025-06,not_in_latest_edition,con_57c65794e7,,,,src_90d5b39d9a09,sabin:REC-0261,report_citation,unverified,32001,32001,name,strong,eia:52015:operating,Dixie Valley,operating,70.9,1988,39.9663,-117.8557,"EIA-860M August 2026: plant ID 52015 'Dixie Valley' (NV, Churchill County, entity Ormat Nevada Inc, geothermal, 70.9 MW), operating, since 6/1988. Status (OP) Operating. Matched on part of the name and county and capacity. The inventory records the plant's status only; it says nothing about the opposition or its effect.","outcome pending, but the plant is operating",,,,
con_c09d76bb9a,NV,Esmeralda Seven Solar Project,solar;battery_storage,4,"In 2023, a number of developers including NextEra Energy, Invenergy, ConnectGen, and Arevia, proposed the Esmeralda Seven Solar Project on approximately 62,300 acres of public lands across the western Nevada desert.",blocked_unverified,outcome_label_only,cancelled,yes,"litigation, regulatory denial",Esmeralda County,,2025,6200,62300,"In 2023, a number of developers including NextEra Energy, Invenergy, ConnectGen, and Arevia, proposed the Esmeralda Seven Solar Project on approximately 62,300 acres of public lands across the western Nevada desert. The project would combine 7 separate developments, including solar energy panels and battery storage facilities, for an aggregated total capacity of 6,200 MW. Several local community members expressed strong opposition to the project and expressed concern about its size and the impact on the largely undeveloped desert land. In April 2025, the U.S. Bureau of Land Management (BLM) released the final Environmental Impact Statement (EIS) for the project, and the record of decision on permitting was expected by July 2025. The decision was not issued in June, however. In October 2025, BLM’s online register listed the project as “cancelled” with no further explanation.",REC-0262,"Sabin Center, Opposition to Renewable Energy Facilities in the United States (Sept. 2026 ed.), via data/renewable_opposition_records_2026-09.csv",https://scholarship.law.columbia.edu/sabin_climate_change/280/,Sabin 2026 entry 4146; cancelled 2025; opposition_type carried from the 2025 edition,,,2026-09,in_latest_edition,con_c09d76bb9a,,,,src_731207f65d0f,sabin:REC-0262,report_citation,unverified,32009,32009,name,,,,,,,,,,,,,,
con_132305f98f,NV,Forest Hills Subdivision Wind Turbine,wind,4,"In 2013, the Supreme Court of Nevada upheld a lower court’s permanent injunction preventing the construction of a proposed wind turbine on residential property, holding that the turbine would create a nuisance.",blocked_confirmed,court_ruling: Sowers v. Forest Hills Subdivision,cancelled,yes,litigation,Washoe County,,2013,,,"In 2013, the Supreme Court of Nevada upheld a lower court’s permanent injunction preventing the construction of a proposed wind turbine on residential property, holding that the turbine would create a nuisance.",REC-0263,"Sabin Center, Opposition to Renewable Energy Facilities in the United States (Sept. 2026 ed.), via data/renewable_opposition_records_2026-09.csv",https://scholarship.law.columbia.edu/sabin_climate_change/280/,Sabin 2026 entry 4147; litigation venue: State; cancelled 2013,,,2026-09,in_latest_edition,con_132305f98f,,,,src_731207f65d0f,sabin:REC-0263,confirmed,verified,32031,32031,name,,,,,,,,,,,,,,
con_4c988f1b42,NV,Gerlach Geothermal ExploraDon Project,geothermal,3,The Burning Man Project and Friends of Nevada Wilderness sued the Bureau of Land Management to stop a geothermal exploration project.,pending,none,pending,yes,"litigation, regulatory denial",Washoe,,"January 9, 2023",,,"On January 9, 2023, the Burning Man Project and Friends of Nevada Wilderness filed a lawsuit against the federal Bureau of Land Management to stop a geothermal exploration project. In the lawsuit, the plaintiffs allege that the noise, traffic, light, and drilling from the project would be inconsistent with the Burning Man Project’s use of the area during the annual Burning Man festival. On April 3, 2023, the Paiute Tribe of Nevada, Gerlach Preserves Society, and several local residents joined the lawsuit against the project. That same month, the Washoe County Commission voted to overturn a permit that the county had previously approved in January to allow the company to drill up to 13 test wells.",REC-0264,"Sabin Center, Opposition to Renewable Energy Facilities in the United States (June 2025 ed.), via data/renewable_opposition_records.csv",https://climate.law.columbia.edu/sites/default/files/content/Opposition-Report-June-2025.pdf,,,,2025-06,not_in_latest_edition,con_4c988f1b42,,,,src_90d5b39d9a09,sabin:REC-0264,report_citation,unverified,32031,32031,name,,,,,,,,,,,,,,
con_5b701c8ea7,NV,Greenlink West Transmission Project,transmission,3,"A proposed 470-mile transmission line that would stretch from Las Vegas to Reno and carry up to 4,000 MW of renewable energy is facing opposition from conservation groups.",advanced_confirmed,resolution: https://eplanning.blm.gov/eplanning-ui/project/2017391/510,pending,yes,"litigation, regulatory denial",Clark County; Esmeralda County; Lyon County; Mineral County; Nye County,,2025,4000,,"A proposed 470-mile transmission line that would stretch from Las Vegas to Reno and carry up to 4,000 MW of renewable energy is facing opposition from conservation groups. Opponents of the plan, including the founder of Nevada-based Basin and Range Watch, have raised concerns about a 1.5-mile stretch that crosses through Tule Springs Fossil Beds National Monument, where shallowly buried fossils could be disturbed during construction. In May 2023, the Department of the Interior released a draft environmental impact statement for the project. [Note: The project received federal approval in the first quarter of 2025.]",REC-0265,"Sabin Center, Opposition to Renewable Energy Facilities in the United States (Sept. 2026 ed.), via data/renewable_opposition_records_2026-09.csv",https://scholarship.law.columbia.edu/sabin_climate_change/280/,Sabin 2026 entry 4148; opposition_type carried from the 2025 edition,Basin and Range Watch,https://pvtimes.com/news/federal-review-of-greenlink-west-project-begins-109901/,2026-09,in_latest_edition,con_5b701c8ea7,,,,src_731207f65d0f,sabin:REC-0265,confirmed,verified,,32003;32009;32019;32021;32023,names,,,,,,,,,,,https://eplanning.blm.gov/eplanning-ui/project/2017391/510,opened,,2024-09-08
con_cc2bf1270e,NV,Kulning Wind Energy Project,wind,2,"Developers of the proposed Kulning Wind Energy Project in the Mojave Desert scaled back plans from 9,300 acres to 5,000 acres after BLM in November 2021 designated the project as “low priority” due to proximity to the Wee Thump Joshua Tree Wilderness Area.",pending,none,pending,no,,Clark County,,2021,,5000,"Developers of the proposed Kulning Wind Energy Project in the Mojave Desert scaled back plans from 9,300 acres to 5,000 acres after BLM in November 2021 designated the project as “low priority” due to proximity to the Wee Thump Joshua Tree Wilderness Area. The project has faced opposition from local conservation groups. The Biden Administration’s March 21 announcement designating a new Avi Kwa Ame National Monument encompassing the project area may preclude development plans.",S26P-4149,"Sabin Center, Opposition to Renewable Energy Facilities in the United States (Sept. 2026 ed.), via data/renewable_opposition_records_2026-09.csv",https://scholarship.law.columbia.edu/sabin_climate_change/280/,Sabin 2026 entry 4149,,,2026-09,in_latest_edition,,,,,src_731207f65d0f,sabin:S26P-4149,report_citation,unverified,32003,32003,name,,,,,,,,,,,,,,
con_ae2b8c443f,NV,Pyramid Lake Pumped Storage Project,battery_storage,3,"In March 2024, the Pyramid Lake Paiute Tribe filed a motion to intervene in a Federal Energy Regulatory Commission proceeding involving the Pyramid Lake Pumped Storage Project, a 2,000-MW hydropower project proposed by Premium Energy Holdings.",pending,none,pending,yes,litigation,Lyon County; Storey County; Washoe County,,2024,2000,,"In March 2024, the Pyramid Lake Paiute Tribe filed a motion to intervene in a Federal Energy Regulatory Commission proceeding involving the Pyramid Lake Pumped Storage Project, a 2,000-MW hydropower project proposed by Premium Energy Holdings. In October 2023, the tribe had challenged FERC’s approval of a preliminary permit for the project, which would be located on the tribe’s land. The challenge is based on FERC’s policy of denying permits for projects on tribal lands that lack tribal consent. The tribe, which contends that it was not consulted about the project, has asked FERC to cancel the permit, arguing that the project would harm the tribe’s land, as well as its efforts to protect the Pyramid Lake ecosystem.",S26P-4150,"Sabin Center, Opposition to Renewable Energy Facilities in the United States (Sept. 2026 ed.), via data/renewable_opposition_records_2026-09.csv",https://scholarship.law.columbia.edu/sabin_climate_change/280/,Sabin 2026 entry 4150; litigation venue: Administrative,,,2026-09,in_latest_edition,,,,,src_731207f65d0f,sabin:S26P-4150,report_citation,unverified,,32019;32029;32031,names,,,,,,,,,,,,,,
con_36206c20c8,NV,Rough Hat Clark Solar Project,solar,2,"In June 2022, after the Nye County Commission voted against Rough Hat Nye County Solar, BLM announced that it was commencing environmental review for Rough Hat Clark Solar Project.",pending,none,pending,no,,Clark County,,2025,,,"In June 2022, after the Nye County Commission voted against Rough Hat Nye County Solar, BLM announced that it was commencing environmental review for Rough Hat Clark Solar Project. In January 2024, the BLM released a draft environmental analysis for the project, advancing the approval process for the project. In March 2024, Basin and Range Watch joined others in writing a letter requesting the permitting process be canceled and claiming the project endangers the Desert Tortoise. A Change.org petition amassed 4,710 signatures as of October 2024. In November 2024, BLM released the Final EIS for the Rough Hat Clark Solar Project. [Note: On January 15, 2025, BLM approved the project.]",S26P-4151,"Sabin Center, Opposition to Renewable Energy Facilities in the United States (Sept. 2026 ed.), via data/renewable_opposition_records_2026-09.csv",https://scholarship.law.columbia.edu/sabin_climate_change/280/,Sabin 2026 entry 4151,,,2026-09,in_latest_edition,,,,,src_731207f65d0f,sabin:S26P-4151,report_citation,unverified,32003,32003,name,,,,,,,,,,,,,,
con_bbd76e2b0f,NV,Rough Hat Nye County Solar Project,solar,4,An October 2021 meeting of the Pahrump Public Lands Advisory Committee concerning an application for the 500-MW Rough Hat Nye County Solar Project drew “what very well may have been the biggest turnout the advisory body has ever seen.” Residents opposed to the project cited potential impacts on nearby trails and on the desert ecosystem.,blocked_unverified,outcome_label_only,cancelled,no,,Nye County,,2021,500,2319,"An October 2021 meeting of the Pahrump Public Lands Advisory Committee concerning an application for the 500-MW Rough Hat Nye County Solar Project drew “what very well may have been the biggest turnout the advisory body has ever seen.” Residents opposed to the project cited potential impacts on nearby trails and on the desert ecosystem. Opponents included members of a group called Battle Born Patriots. In December 2021, the developers stated at a public meeting that they had reduced the scope of the project from 3,400 acres to 2,319 acres and that it would be divided into smaller sections to allow continued access to recreational areas. The Nye County Commission voted 5-to-0 against the project that month.",S26P-4152,"Sabin Center, Opposition to Renewable Energy Facilities in the United States (Sept. 2026 ed.), via data/renewable_opposition_records_2026-09.csv",https://scholarship.law.columbia.edu/sabin_climate_change/280/,Sabin 2026 entry 4152,,,2026-09,in_latest_edition,,,,,src_731207f65d0f,sabin:S26P-4152,report_citation,unverified,32023,32023,name,strong,eia:63783:canceled_or_postponed,Rough Hat 2,canceled_or_postponed,400,,36.08897,-115.9036,"EIA-860M August 2026: plant ID 63783 'Rough Hat 2' (NV, Nye County, entity Candela Renewables, LLC, solar, 400 MW), cancelled or indefinitely postponed. Matched on part of the name and county and capacity. The inventory records the plant's status only; it says nothing about the opposition or its effect.",,,,,
con_b83d25379d,NV,Sawtooth Energy Center Project,solar,2,"Sawtooth Energy Center Project is a proposed solar-plus-storage project that would include 1,000-MW of solar capacity and up to 1,000 MW of battery storage capacity on approximately 10,000 acres of federal BLM land in Nye County.",pending,none,pending,no,,Nye County,,2022,,25000,"Sawtooth Energy Center Project is a proposed solar-plus-storage project that would include 1,000-MW of solar capacity and up to 1,000 MW of battery storage capacity on approximately 10,000 acres of federal BLM land in Nye County. In June 2022, the Bureau of Land Management sided with local opponents of Sawtooth Energy Center Project and two other large solar projects (Beatty Energy Center Project and Bonnie Clare Solar Project) near Death Valley National Park by giving them “low priority” permitting status. If approved, the projects would collectively generate 3,300 MW of electricity on up to 25,000 acres of land. The Bureau cited proximity to Death Valley National Park and sensitive habitat for the Mojave Desert tortoise as concerns. The projects are opposed by Nevada-based Basin and Range Watch, which thanked BLM for its decision.",S26P-4153,"Sabin Center, Opposition to Renewable Energy Facilities in the United States (Sept. 2026 ed.), via data/renewable_opposition_records_2026-09.csv",https://scholarship.law.columbia.edu/sabin_climate_change/280/,Sabin 2026 entry 4153,,,2026-09,in_latest_edition,,,,,src_731207f65d0f,sabin:S26P-4153,report_citation,unverified,32023,32023,name,,,,,,,,,,,,,,
con_2d35230faf,NV,Searchlight Wind Project,wind,4,"In November 2015, Judge Miranda Du in the District of Nevada vacated federal permits for the construction of the Searchlight Wind Project on the basis that the Bureau of Land Management and the U.S. Fish and Wildlife Service had inadequately analyzed the potential impacts to federally-protected species.",blocked_unverified,outcome_label_only,cancelled,yes,litigation,Clark County,,2017,200,18949,"In November 2015, Judge Miranda Du in the District of Nevada vacated federal permits for the construction of the Searchlight Wind Project on the basis that the Bureau of Land Management and the U.S. Fish and Wildlife Service had inadequately analyzed the potential impacts to federally-protected species. The decision was upheld on appeal, and the developers decided to abandon the project in 2017. The 200-MW wind development would have consisted of 87 turbines placed across 18,949 acres of land in the Mojave Desert.",S26P-4154,"Sabin Center, Opposition to Renewable Energy Facilities in the United States (Sept. 2026 ed.), via data/renewable_opposition_records_2026-09.csv",https://scholarship.law.columbia.edu/sabin_climate_change/280/,Sabin 2026 entry 4154; litigation venue: Federal; cancelled 2017,,,2026-09,in_latest_edition,,,,,src_731207f65d0f,sabin:S26P-4154,report_citation,unverified,32003,32003,name,strong,eia:58988:canceled_or_postponed,Searchlight Wind,canceled_or_postponed,200,,35.46694,-114.8736,"EIA-860M August 2026: plant ID 58988 'Searchlight Wind' (NV, Clark County, entity Searchlight Wind Energy LLC, wind, 200 MW), cancelled or indefinitely postponed. Matched on name and county and capacity. The inventory records the plant's status only; it says nothing about the opposition or its effect.",,,,,
con_e0fb48d805,NV,Solar Partners VII (Carson City),solar,4,"In July 2021, Solar Partners withdrew its application for an 850-MW solar farm due to negative communications with the Bureau of Land Management.",blocked_unverified,outcome_label_only,cancelled,no,,Carson City,,2021,850,9200,"In July 2021, Solar Partners withdrew its application for an 850-MW solar farm due to negative communications with the Bureau of Land Management. The project, proposed to cover almost 9,200 acres of land in the Moapa Valley, would have been Nevada’s largest renewable energy source. The project faced opposition from environmentalists, tribal communities, local residents, and individuals who utilize the region for recreation; some opposition also focused on potential impacts to a nearby landscape art installation.",S26P-4155,"Sabin Center, Opposition to Renewable Energy Facilities in the United States (Sept. 2026 ed.), via data/renewable_opposition_records_2026-09.csv",https://scholarship.law.columbia.edu/sabin_climate_change/280/,Sabin 2026 entry 4155; cancelled 2021,,,2026-09,in_latest_edition,,,,,src_731207f65d0f,sabin:S26P-4155,report_citation,unverified,32510,32510,name,,,,,,,,,,,,,,
con_6a548e3ff1,NV,Spring Valley Wind Farm,wind,3,"In 2011, the Center for Biological Diversity and Western Watersheds Project filed a lawsuit against the Bureau of Land Management to stop construction of the 66-turbine, 152-MW Spring Valley Wind Farm, Nevada’s first commercial wind project.",pending,none,pending,yes,litigation,White Pine County,,2012,152,,"In 2011, the Center for Biological Diversity and Western Watersheds Project filed a lawsuit against the Bureau of Land Management to stop construction of the 66-turbine, 152-MW Spring Valley Wind Farm, Nevada’s first commercial wind project. The Center for Biological Diversity alleged that BLM’s environmental review was insufficient and stated to the press that the site was too close to a cave where more than 1 million Mexican free-tailed bats roost. The lawsuit was settled in 2012, and construction began within the year.",S26P-4157,"Sabin Center, Opposition to Renewable Energy Facilities in the United States (Sept. 2026 ed.), via data/renewable_opposition_records_2026-09.csv",https://scholarship.law.columbia.edu/sabin_climate_change/280/,Sabin 2026 entry 4157; litigation venue: Federal,,,2026-09,in_latest_edition,,,,,src_731207f65d0f,sabin:S26P-4157,report_citation,unverified,32033,32033,name,strong,eia:57192:operating;uswtdb:NV:57192,Spring Valley Wind Project,operating,150,2012,39.10417,-114.4922,"EIA-860M August 2026: plant ID 57192 'Spring Valley Wind Project' (NV, White Pine County, entity Pattern Operators LP, wind, 150 MW), operating, since 8/2012. Status (OP) Operating. USWTDB v9.1 (2026-09-28): entry 57192 'Spring Valley' (NV, White Pine County, wind, 151.8 MW), operating, since 2012. Matched on name and county and capacity. The inventory records the plant's status only; it says nothing about the opposition or its effect.","outcome pending, but the plant is operating",,,,
con_800af1ed40,NV,Wilson Creek Wind Project,wind,4,"Champlin/GEI Wind Holdings, doing business as Wilson Creek Power Partners, LLC (“Wilson Creek”), proposed a 990-MW wind project with up to 375 wind turbines on approximately 31,000 acres of federal land in the Wilson Creek Range.",blocked_unverified,outcome_label_only,cancelled,no,,Lincoln County,,2012,990,31000,"Champlin/GEI Wind Holdings, doing business as Wilson Creek Power Partners, LLC (“Wilson Creek”), proposed a 990-MW wind project with up to 375 wind turbines on approximately 31,000 acres of federal land in the Wilson Creek Range. In the summer of 2011, BLM held a series of public meetings at which residents raised concerns about impacts on wildlife habitats, and on socio-economic, recreational, and visual resources. In February 2012, Wilson Creek informed the Lincoln County Board of Commissioners that they were no longer working on the project.",S26P-4156,"Sabin Center, Opposition to Renewable Energy Facilities in the United States (Sept. 2026 ed.), via data/renewable_opposition_records_2026-09.csv",https://scholarship.law.columbia.edu/sabin_climate_change/280/,Sabin 2026 entry 4156; cancelled 2012,,,2026-09,in_latest_edition,,,,,src_731207f65d0f,sabin:S26P-4156,report_citation,unverified,32017,32017,name,,,,,,,,,,,,,,
con_d6604dd7ee,NY,Alle-Catt Wind Farm,wind,3,"In November 2021, the Fourth Department of the Appellate Division of the New York Supreme Court affirmed the State Siting Board’s approval of the 340-MW Alle-Catt Wind Farm in Western New York.",pending,none,pending,yes,litigation,Allegany County; Cattaraugus County; Wyoming County,,2021,340,,"In November 2021, the Fourth Department of the Appellate Division of the New York Supreme Court affirmed the State Siting Board’s approval of the 340-MW Alle-Catt Wind Farm in Western New York. The approval had been challenged by a group called the Coalition of Concerned Citizens.",S26P-4158,"Sabin Center, Opposition to Renewable Energy Facilities in the United States (Sept. 2026 ed.), via data/renewable_opposition_records_2026-09.csv",https://scholarship.law.columbia.edu/sabin_climate_change/280/,Sabin 2026 entry 4158; litigation venue: State,,,2026-09,in_latest_edition,,,,,src_731207f65d0f,sabin:S26P-4158,report_citation,unverified,,36003;36009;36121,names,strong,eia:62954:under_construction,Alle-Catt Wind Energy LLC,under_construction,340,2026,42.26204,-78.20154,"EIA-860M August 2026: plant ID 62954 'Alle-Catt Wind Energy LLC' (NY, Allegany County, entity Invenergy Services LLC, wind, 340 MW), under construction, expected 12/2026. Status (V) Under construction, more than 50 percent complete. Matched on name and county and capacity. The inventory records the plant's status only; it says nothing about the opposition or its effect.","outcome pending, but the plant is under construction",,,,
con_349ea98d3c,NY,Bay Breeze Solar Project,solar,2,AES has proposed a 150-MW solar energy facility called Bay Breeze Solar Project to be located outside the Village of Chaumont and within the Town of Lyme in Jefferson County.,pending,none,pending,no,,Jefferson County,Town of Lyme,2024,150,,"AES has proposed a 150-MW solar energy facility called Bay Breeze Solar Project to be located outside the Village of Chaumont and within the Town of Lyme in Jefferson County. A group called “Concerned Citizens for Responsible Solar” was formed to lead the local opposition to this project, as well as the Riverside Solar Project (see separate entry on Riverside Solar), and has raised concerns about property value impacts, fire safety, and impacts to wildlife. In December 2024, the Town of Lyme adopted a 12-month moratorium on all solar energy systems and/or battery energy storage systems, which suspended further work on the project.",S26P-4369,"Sabin Center, Opposition to Renewable Energy Facilities in the United States (Sept. 2026 ed.), via data/renewable_opposition_records_2026-09.csv",https://scholarship.law.columbia.edu/sabin_climate_change/280/,Sabin 2026 entry 4369,,,2026-09,in_latest_edition,,,,,src_731207f65d0f,sabin:S26P-4369,report_citation,unverified,36045,36045,name,,,,,,,,,,,,,,
con_ea09f076c0,NY,Bear Ridge Solar Project,solar,3,Bear Ridge Solar is a project proposed by Cypress Creek Renewables in the towns of Cambria and Pendleton.,pending,none,pending,yes,litigation,Niagara County,Towns of Cambria and Pendleton,2023,88,900,"Bear Ridge Solar is a project proposed by Cypress Creek Renewables in the towns of Cambria and Pendleton. The project was originally planned to be 100 MW, covering 900 acres of land. In February 2023, the Town of Cambria argued before an administrative law judge that the developer’s application was deficient because it did not reference the fact that some of the land at issue was previously zoned for planned development, which, according to town law, would not allow for solar development. A lawyer for a group called Cambria Opposes Industrial Solar also participated in the hearing. The administrative law judge agreed with the Town of Cambria and blocked Cypress Creek from developing solar arrays in the contested areas. In July 2023, Cypress Creek Renewables received a permit from ORES for the project, but without approval to build on the 120 contested acres. As of January 2024, Cypress Creek Renewables believed that everything was in line to build a 88-MW version of the project, with groundbreaking possible before 2025.",S26P-4159,"Sabin Center, Opposition to Renewable Energy Facilities in the United States (Sept. 2026 ed.), via data/renewable_opposition_records_2026-09.csv",https://scholarship.law.columbia.edu/sabin_climate_change/280/,Sabin 2026 entry 4159; litigation venue: Administrative,,,2026-09,in_latest_edition,,,,,src_731207f65d0f,sabin:S26P-4159,report_citation,unverified,36063,36063,name,strong,eia:67650:planned,Bear Ridge,planned,93,2028,43.14244,-78.79106,"EIA-860M August 2026: plant ID 67650 'Bear Ridge' (NY, Niagara County, entity Cypress Creek Renewables, solar, 93 MW), planned, not under construction, expected 5/2028. Status (L) Regulatory approvals pending. Not under construction. Matched on name and county and capacity. The inventory records the plant's status only; it says nothing about the opposition or its effect.",,,,,
con_81b69c18cb,NY,Black Oak Wind Farm,wind,4,"The Black Oak Wind Farm, a proposed 7-turbine, 16-MW project, was first conceived in 2006.",blocked_unverified,outcome_label_only,cancelled,no,,Tompkins County,Town of Enfield,2017,16,,"The Black Oak Wind Farm, a proposed 7-turbine, 16-MW project, was first conceived in 2006. However, in December 2017, the developer canceled the project. The developer blamed the Town of Enfield’s moratorium and other actions, which effectively held up the project for two years and drove the company into bankruptcy.",S26P-4160,"Sabin Center, Opposition to Renewable Energy Facilities in the United States (Sept. 2026 ed.), via data/renewable_opposition_records_2026-09.csv",https://scholarship.law.columbia.edu/sabin_climate_change/280/,Sabin 2026 entry 4160; cancelled 2017,,,2026-09,in_latest_edition,,,,,src_731207f65d0f,sabin:S26P-4160,report_citation,unverified,36109,36109,name,strong,eia:59813:canceled_or_postponed,Black Oak Wind Farm,canceled_or_postponed,16.1,,42.40222,-76.6704,"EIA-860M August 2026: plant ID 59813 'Black Oak Wind Farm' (NY, Tompkins County, entity Black Oak Wind Farm LLC, wind, 16.1 MW), cancelled or indefinitely postponed. Matched on name and county and capacity. The inventory records the plant's status only; it says nothing about the opposition or its effect.",,,,,
con_e69f07cf22,NY,Bliss Solar 1 Project,solar,2,"In June 2019, Bliss Solar 1, LLC, a subsidiary of Borrego, filed an application with the Schoharie Town Board to install a 5-MW solar system and a 2-MW solar system on 41 acres of land just outside the Village of Schoharie.",pending,none,pending,no,,Schoharie County,Village of Schoharie,2022,5,41.55,"In June 2019, Bliss Solar 1, LLC, a subsidiary of Borrego, filed an application with the Schoharie Town Board to install a 5-MW solar system and a 2-MW solar system on 41 acres of land just outside the Village of Schoharie. The proposal was later reduced to just one 5-MW project. In March 2021, the Town Board voted against the project. In June 2021, the developer filed an appeal in state court, alleging that the Board’s decision was arbitrary and capricious. In February 2022, the trial court ruled in favor of the Board, and the developer filed a notice of appeal to the appellate division.",S26P-4161,"Sabin Center, Opposition to Renewable Energy Facilities in the United States (Sept. 2026 ed.), via data/renewable_opposition_records_2026-09.csv",https://scholarship.law.columbia.edu/sabin_climate_change/280/,Sabin 2026 entry 4161,,,2026-09,in_latest_edition,,,,,src_731207f65d0f,sabin:S26P-4161,report_citation,unverified,36095,36095,name,,,,,,,,,,,,,,
con_4b99837cc8,NY,Bluestone Wind Farm,wind,3,"In October 2021, the Third Department of the Appellate Division of the New York Supreme Court denied a petition by Broome County Concerned Residents and others challenging the state Siting Board’s approval of the 125-MW Bluestone Wind Farm in Sanford, New York.",pending,none,pending,yes,litigation,Broome County,Town of Sanford,2021,125,,"In October 2021, the Third Department of the Appellate Division of the New York Supreme Court denied a petition by Broome County Concerned Residents and others challenging the state Siting Board’s approval of the 125-MW Bluestone Wind Farm in Sanford, New York. The petitioners alleged that the Siting Board failed to adequately consider local laws and impacts on locally endangered golden eagles, along with other claims.",S26P-4162,"Sabin Center, Opposition to Renewable Energy Facilities in the United States (Sept. 2026 ed.), via data/renewable_opposition_records_2026-09.csv",https://scholarship.law.columbia.edu/sabin_climate_change/280/,Sabin 2026 entry 4162; litigation venue: State,,,2026-09,in_latest_edition,,,,,src_731207f65d0f,sabin:S26P-4162,report_citation,unverified,36007,36007,name,strong,eia:65496:operating;uswtdb:NY:65496,"Bluestone Wind, LLC",operating,111.8,2023,42.11176,-75.45778,"EIA-860M August 2026: plant ID 65496 'Bluestone Wind, LLC' (NY, Broome County, entity Bluestone Wind, LLC, wind, 111.8 MW), operating, since 10/2023. Status (OP) Operating. USWTDB v9.1 (2026-09-28): entry 65496 'Bluestone Wind' (NY, Broome County, wind, 111.8 MW), operating, since 2023. Matched on name and county and capacity. The inventory records the plant's status only; it says nothing about the opposition or its effect.","outcome pending, but the plant is operating",,,,
con_b238b9afce,NY,Bulls Head Battery Storage Project,battery_storage,4,"In January 2023, New Leaf withdrew its application to build a 20 MWh battery storage facility in Staten Island amid community opposition.",blocked_unverified,outcome_label_only,cancelled,no,,Richmond County,,2023,20,,"In January 2023, New Leaf withdrew its application to build a 20 MWh battery storage facility in Staten Island amid community opposition. Opponents expressed concerns about fire risk and argued that the facility was too close to a church and six local schools.",S26P-4196,"Sabin Center, Opposition to Renewable Energy Facilities in the United States (Sept. 2026 ed.), via data/renewable_opposition_records_2026-09.csv",https://scholarship.law.columbia.edu/sabin_climate_change/280/,Sabin 2026 entry 4196; cancelled 2023,,,2026-09,in_latest_edition,,,,,src_731207f65d0f,sabin:S26P-4196,report_citation,unverified,36085,36085,name,,,,,,,,,,,,,,
con_ebe9351f32,NY,Cape Vincent Wind Project,wind,4,"In 2014, after a 10-year battle to develop a 200- to 285-MW wind project in the Town of Cape Vincent, BP Wind Energy formally withdrew its application.",blocked_unverified,outcome_label_only,cancelled,no,,Jefferson County,Town of Cape Vincent,2014,285,,"In 2014, after a 10-year battle to develop a 200- to 285-MW wind project in the Town of Cape Vincent, BP Wind Energy formally withdrew its application. Seasonal residents opposed the project due to concerns about impacts to property values, while many year-round residents supported the project because of the revenues it would bring.",S26P-4163,"Sabin Center, Opposition to Renewable Energy Facilities in the United States (Sept. 2026 ed.), via data/renewable_opposition_records_2026-09.csv",https://scholarship.law.columbia.edu/sabin_climate_change/280/,Sabin 2026 entry 4163; cancelled 2014,,,2026-09,in_latest_edition,,,,,src_731207f65d0f,sabin:S26P-4163,report_citation,unverified,36045,36045,name,,,,,,,,,,,,,,
con_fa3c242b5d,NY,Carson Power’s Pulvers Corners Solar 1 and 2 Projects,solar,3,"In November 2023, the Town of Pine Plains’ Planning Board unanimously approved permits and site plans for Carson Power’s Pulvers Corners Solar 1 and 2, each of would have a capacity of roughly 5 MW, and which together would take up 42 acres of land on a 172-acre property.",pending,none,pending,yes,litigation,Dutchess County,,2024,5,42,"In November 2023, the Town of Pine Plains’ Planning Board unanimously approved permits and site plans for Carson Power’s Pulvers Corners Solar 1 and 2, each of would have a capacity of roughly 5 MW, and which together would take up 42 acres of land on a 172-acre property. A coalition of neighbors formed an unincorporated association called Preserve Pine Plains to oppose further development of the project. In December 2023, Preserve Pine Plains filed a lawsuit in New York state court challenging the Pine Plains Planning Board’s approval of the project and negative declaration (i.e., finding of no significant adverse environmental impacts). The suit alleges that the board’s environmental review and permitting of the project violated Pine Plains’ zoning laws and State Environmental Quality Review Act (SEQRA), along with the town’s comprehensive plan, which emphasizes the importance of “preserving the community’s rural character and natural beauty.” In June 2024, a state judge dismissed the lawsuit.",S26P-4164,"Sabin Center, Opposition to Renewable Energy Facilities in the United States (Sept. 2026 ed.), via data/renewable_opposition_records_2026-09.csv",https://scholarship.law.columbia.edu/sabin_climate_change/280/,Sabin 2026 entry 4164; litigation venue: State,,,2026-09,in_latest_edition,,,,,src_731207f65d0f,sabin:S26P-4164,report_citation,unverified,36027,36027,name,,,,,,,,,,,,,,
con_47a240f156,NY,Cassadaga Wind Project,wind,3,The group Concerned Citizens of Cassadaga Wind Project intervened in a statewide Siting Board proceeding under Article 10 of the Public Service Law to oppose the 126-MW Cassadaga Wind Farm.,pending,none,pending,yes,litigation,Chautauqua County,Village of Cassadaga,2018,126,,The group Concerned Citizens of Cassadaga Wind Project intervened in a statewide Siting Board proceeding under Article 10 of the Public Service Law to oppose the 126-MW Cassadaga Wind Farm. The project was ultimately approved by the Siting Board in January 2018.,S26P-4165,"Sabin Center, Opposition to Renewable Energy Facilities in the United States (Sept. 2026 ed.), via data/renewable_opposition_records_2026-09.csv",https://scholarship.law.columbia.edu/sabin_climate_change/280/,Sabin 2026 entry 4165; litigation venue: Administrative,,,2026-09,in_latest_edition,,,,,src_731207f65d0f,sabin:S26P-4165,report_citation,unverified,36013,36013,name,strong,eia:58777:operating;uswtdb:NY:58777,Cassadaga Wind Farm,operating,124,2021,42.33833,-79.19556,"EIA-860M August 2026: plant ID 58777 'Cassadaga Wind Farm' (NY, Chautauqua County, entity RWE Clean Energy, wind, 124 MW), operating, since 7/2021. Status (OP) Operating. USWTDB v9.1 (2026-09-28): entry 58777 'Cassadaga' (NY, Chautauqua County, wind, 125.5 MW), operating, since 2021. Matched on name and county and capacity. The inventory records the plant's status only; it says nothing about the opposition or its effect.","outcome pending, but the plant is operating",,,,
con_3f8dd95320,NY,Chapman Road Community Solar,solar,4,"In February 2025, U.S. Light Energy proposed the 5-MW solar project called Chapman Road Community Solar to be developed on approximately 23 acres of a 70-acre parcel in the town of New Hartford.",blocked_unverified,outcome_label_only,cancelled,no,,Oneida County,New Hartford,2025,5,23,"In February 2025, U.S. Light Energy proposed the 5-MW solar project called Chapman Road Community Solar to be developed on approximately 23 acres of a 70-acre parcel in the town of New Hartford. On February 12, 2025, the New Hartford Town Board unanimously rejected the proposal following a public meeting in which local residents voted 125 – 2 against the project, primarily because it was proposed in a residential area.",S26P-4382,"Sabin Center, Opposition to Renewable Energy Facilities in the United States (Sept. 2026 ed.), via data/renewable_opposition_records_2026-09.csv",https://scholarship.law.columbia.edu/sabin_climate_change/280/,Sabin 2026 entry 4382; cancelled 2025,,,2026-09,in_latest_edition,,,,,src_731207f65d0f,sabin:S26P-4382,report_citation,unverified,36065,36065,name,,,,,,,,,,,,,,
con_7b0fdeffbb,NY,Chenango Solar,solar,2,"In September 2025, Cipriani Energy Group proposed a 4.9-MW solar energy facility to be developed on approximately 74 acres in the Town of Chenango.",pending,none,pending,no,,Broome County,Town of Chenango,2025,4.9,74,"In September 2025, Cipriani Energy Group proposed a 4.9-MW solar energy facility to be developed on approximately 74 acres in the Town of Chenango. The proposal includes clearing approximately 22 acres of trees on the hillside near Smith Hill Creek to install the facility. On September 29, 2025, the Town’s Planning Board held a public hearing at which dozens of local residents expressed opposition to the project. The opponents raised concerns about increased risk of flooding due to land clearing, potential damage and loss to surrounding nature, reduction in property values, and disruption as a result of construction activities.",S26P-4383,"Sabin Center, Opposition to Renewable Energy Facilities in the United States (Sept. 2026 ed.), via data/renewable_opposition_records_2026-09.csv",https://scholarship.law.columbia.edu/sabin_climate_change/280/,Sabin 2026 entry 4383,,,2026-09,in_latest_edition,,,,,src_731207f65d0f,sabin:S26P-4383,report_citation,unverified,36007,36007,name,strong,eia:63450:operating;uspvdb:403652,Chenango Solar,operating,4.9,2019,42.19817,-75.92728,"EIA-860M August 2026: plant ID 63450 'Chenango Solar' (NY, Broome County, entity Citizens Enterprises Corporation, solar, 4.9 MW), operating, since 12/2019. Status (OP) Operating. USPVDB v4.0 (2026-04-14): entry 403652 'Chenango Solar' (NY, Broome County, solar, 4.9 MW), operating, since 2019. Matched on name and county and capacity. The inventory records the plant's status only; it says nothing about the opposition or its effect.","outcome pending, but the plant is operating",,,,
con_fd8ac5329d,NY,Columbia Solar,solar,2,"EDF Renewables has proposed a 2,200-acre, 350-MW solar farm in the Town of Columbia.",pending,none,pending,no,,Herkimer County,Town of Columbia,2023,350,2200,"EDF Renewables has proposed a 2,200-acre, 350-MW solar farm in the Town of Columbia. Local residents have put up signs that read “Oppose Columbia Solar.” An organizer for a group called Protect Columbia reported in January 2023 that he was consulting with legal counsel about options to challenge the project.",S26P-4166,"Sabin Center, Opposition to Renewable Energy Facilities in the United States (Sept. 2026 ed.), via data/renewable_opposition_records_2026-09.csv",https://scholarship.law.columbia.edu/sabin_climate_change/280/,Sabin 2026 entry 4166,,,2026-09,in_latest_edition,,,,,src_731207f65d0f,sabin:S26P-4166,report_citation,unverified,36043,36043,name,,,,,,,,,,,,,,
con_d6026df632,NY,Empire Wind 1 and 2,wind,2,"Empire Wind is an offshore wind project proposed by Equinor, which consists of the 810-MW Empire Wind 1 project and the 1,260-MW Empire Wind 2 project.",pending,none,pending,no,,Nassau County; Kings County,,2025,2070,,"Empire Wind is an offshore wind project proposed by Equinor, which consists of the 810-MW Empire Wind 1 project and the 1,260-MW Empire Wind 2 project. The project would be approximately 14 miles from Long Island, New York and 19.5 miles from South Branch, New Jersey at its closest point. Plans for a cable landing for the Empire Wind 2 project on state parkland in Long Island, New York encountered local opposition. The state legislature enacted a bill allowing the alienation of parkland for the project. In October 2023, however, Governor Kathy Hochul vetoed that bill. In her veto message, Governor Hochul stated that “[i]t is incumbent on renewable energy developers to cultivate and maintain strong ties to their host communities.” In February 2024, despite the uncertainty over the site of the cable landing for Empire Wind 2, BOEM approved the Construction and Operations Plan for both Empire Wind 1 and 2. In April 2025, BOEM imposed a stop-work order on the Empire Wind 1 project on the basis that “the project was rushed through by the prior Administration without sufficient analysis or consultation among the relevant agencies as relates to the potential effects from the project.” In May 2025, in the midst of a lawsuit by 18 state attorneys general challenging the Trump Administration’s executive actions with respect to wind energy, the stop-work order was lifted. In July 2025, a coalition of opponents of the Empire Wind project, including Save Long Beach Island, Save the East Coast, and Protect Our Coast LINY, filed a lawsuit in the federal district court for the District of Columbia challenging the federal approvals and seeking to halt construction. In October 2025, the federal court denied the plaintiffs’ motion for preliminary injunction, finding that they failed to demonstrate irreparable harm. On December 22, 2025, the Bureau of Ocean Energy Management (BOEM) issued a second stop-work order to halt the construction of the project for reasons of national security. In January 2026, the developer filed a lawsuit in the US District Court for the District of Columbia to enjoin BOEM’s second stop-work order. In January 2026, the federal district judge granted the plaintiff’s request for a preliminary injunction and allowed construction of the project to resume.",S26P-4167,"Sabin Center, Opposition to Renewable Energy Facilities in the United States (Sept. 2026 ed.), via data/renewable_opposition_records_2026-09.csv",https://scholarship.law.columbia.edu/sabin_climate_change/280/,Sabin 2026 entry 4167,,,2026-09,in_latest_edition,,,,,src_731207f65d0f,sabin:S26P-4167,report_citation,unverified,,36059;36047,names,,,,,,,,,,,,,,
con_4f5282b549,NY,EverPower Wind Farm,wind,4,"In 2014, the Allegany Town Board rejected a proposed 29 turbine wind farm in Cattaraugus County.",blocked_unverified,outcome_label_only,cancelled,yes,litigation,Cattaraugus County,Town of Allegany,2014,,,"In 2014, the Allegany Town Board rejected a proposed 29 turbine wind farm in Cattaraugus County. Local opponents had contested the project for eight years leading up to the decision.",S26P-4168,"Sabin Center, Opposition to Renewable Energy Facilities in the United States (Sept. 2026 ed.), via data/renewable_opposition_records_2026-09.csv",https://scholarship.law.columbia.edu/sabin_climate_change/280/,Sabin 2026 entry 4168; litigation venue: State; cancelled 2014,,,2026-09,in_latest_edition,,,,,src_731207f65d0f,sabin:S26P-4168,report_citation,unverified,36009,36009,name,,,,,,,,,,,,,,
con_d8953793d3,NY,EWT Portland Community Wind,wind,3,"Dutch developer EWT proposed constructing a 7-MW, 7-turbine community wind project in Portland, New York as part of New York State’s Community Distributed Generation Program.",needs_review,none,unknown,yes,litigation,Chautauqua County,Town of Portland,2021,7,,"Dutch developer EWT proposed constructing a 7-MW, 7-turbine community wind project in Portland, New York as part of New York State’s Community Distributed Generation Program. However, in October 2020, the Town of Portland adopted a restrictive wind energy ordinance that threatens the viability of the project. In 2021, the developer filed a lawsuit against the town and a motion for a preliminary injunction; the court denied the motion. The project has not been built.",S26P-4169,"Sabin Center, Opposition to Renewable Energy Facilities in the United States (Sept. 2026 ed.), via data/renewable_opposition_records_2026-09.csv",https://scholarship.law.columbia.edu/sabin_climate_change/280/,Sabin 2026 entry 4169; litigation venue: State,,,2026-09,in_latest_edition,,,,,src_731207f65d0f,sabin:S26P-4169,report_citation,unverified,36013,36013,name,,,,,,,,,,,,,,
con_18e661cd30,NY,Flint Mine Solar,solar,2,A 100-MW solar project proposed in the towns of Coxsackie and Athens in Greene County faced opposition from the Town of Coxsackie.,pending,none,pending,no,,Greene County,Towns of Coxsackie and Athens,2023,100,,"A 100-MW solar project proposed in the towns of Coxsackie and Athens in Greene County faced opposition from the Town of Coxsackie. In 2019, Coxsackie passed an ordinance that would have blocked the project. However, on August 4, 2021, the state Siting Board approved the project over the town’s objection. On March 28, 2023, the Siting Board approved an amendment to the project.",S26P-4170,"Sabin Center, Opposition to Renewable Energy Facilities in the United States (Sept. 2026 ed.), via data/renewable_opposition_records_2026-09.csv",https://scholarship.law.columbia.edu/sabin_climate_change/280/,Sabin 2026 entry 4170,,,2026-09,in_latest_edition,,,,,src_731207f65d0f,sabin:S26P-4170,report_citation,unverified,36039,36039,name,strong,eia:67090:planned,Flint Mine Solar,planned,100,2028,42.31361,-73.84556,"EIA-860M August 2026: plant ID 67090 'Flint Mine Solar' (NY, Greene County, entity Flint Mine Solar, LLC, solar, 100 MW), planned, not under construction, expected 3/2028. Status (T) Regulatory approvals received. Not under construction. Matched on name and county and capacity. The inventory records the plant's status only; it says nothing about the opposition or its effect.",,,,,
con_2f4f9809ca,NY,"Florida Wind 1, LLC Wind Turbine Project",wind,4,"In 2021, New Leaf Energy LLC submitted a proposal to build a single 4.5-MW wind turbine, standing 650 feet tall, on a 135-acre vacant property in the Town of Florida, New York.",blocked_unverified,outcome_label_only,cancelled,no,,Montgomery County,,2024,4.5,135,"In 2021, New Leaf Energy LLC submitted a proposal to build a single 4.5-MW wind turbine, standing 650 feet tall, on a 135-acre vacant property in the Town of Florida, New York. In October 2024, after several years of review, the Florida Planning Board unanimously denied approval. Local opponents had raised concerns about visual impacts, community character, shadow flicker, and noise.",S26P-4171,"Sabin Center, Opposition to Renewable Energy Facilities in the United States (Sept. 2026 ed.), via data/renewable_opposition_records_2026-09.csv",https://scholarship.law.columbia.edu/sabin_climate_change/280/,Sabin 2026 entry 4171; cancelled 2024,,,2026-09,in_latest_edition,,,,,src_731207f65d0f,sabin:S26P-4171,report_citation,unverified,36057,36057,name,,,,,,,,,,,,,,
con_1afa67e789,NY,Freepoint Solar,solar,3,"In September 2021, the Athens Town Board denied a use variance application for the Freepoint Solar project.",pending,none,pending,yes,litigation,Greene County,Town of Athens,2024,,,"In September 2021, the Athens Town Board denied a use variance application for the Freepoint Solar project. The developer filed a lawsuit against the town, claiming that the town incorrectly applied town law in reviewing the use variance application. The Court found in favor of the developer. The developer then applied a second time, at which point the town again denied the use variance on the grounds of “failure to establish the public necessity.” The developer commenced a new lawsuit, and in December 2024, the court again found in favor of the developer.",S26P-4172,"Sabin Center, Opposition to Renewable Energy Facilities in the United States (Sept. 2026 ed.), via data/renewable_opposition_records_2026-09.csv",https://scholarship.law.columbia.edu/sabin_climate_change/280/,"Sabin 2026 entry 4172; litigation venue: State; title names Grenne County, county columns name Greene County",,,2026-09,in_latest_edition,,,,,src_731207f65d0f,sabin:S26P-4172,report_citation,unverified,36039,36039,name,,,,,,,,,,,,,,
con_d633396f06,NY,Galloo Island Wind Project,wind,4,"In February 2019, Apex abandoned plans to construct a 108-MW wind farm on Galloo Island.",blocked_unverified,outcome_label_only,cancelled,no,,Jefferson County,,2019,108,,"In February 2019, Apex abandoned plans to construct a 108-MW wind farm on Galloo Island. The project faced opposition from residents concerned about impacts to property values and a retired wildlife biologist, who raised concerns about the presence of a bald eagle nest near the project site.",S26P-4173,"Sabin Center, Opposition to Renewable Energy Facilities in the United States (Sept. 2026 ed.), via data/renewable_opposition_records_2026-09.csv",https://scholarship.law.columbia.edu/sabin_climate_change/280/,Sabin 2026 entry 4173; cancelled 2019,,,2026-09,in_latest_edition,,,,,src_731207f65d0f,sabin:S26P-4173,report_citation,unverified,36045,36045,name,,,,,,,,,,,,,,
con_8c355c079d,NY,Garnet Energy Center,solar,2,"On October 27, 2022, the state Siting Board approved NextEra’s application to construct a 200-MW solar project that will comprise 900 acres of panels across 2,300 acres of land in the town of Conquest.",pending,none,pending,no,,Cayuga County,Town of Conquest,2023,200,2300,"On October 27, 2022, the state Siting Board approved NextEra’s application to construct a 200-MW solar project that will comprise 900 acres of panels across 2,300 acres of land in the town of Conquest. A local group called the Rural Preservation and Net Conservation Benefit Coalition filed a petition for rehearing, arguing that NextEra’s avian impact studies were inadequate. On February 14, 2023, the request for rehearing was denied, allowing the project to move forward.",S26P-4174,"Sabin Center, Opposition to Renewable Energy Facilities in the United States (Sept. 2026 ed.), via data/renewable_opposition_records_2026-09.csv",https://scholarship.law.columbia.edu/sabin_climate_change/280/,Sabin 2026 entry 4174,,,2026-09,in_latest_edition,,,,,src_731207f65d0f,sabin:S26P-4174,report_citation,unverified,36011,36011,name,,,,,,,,,,,,,,
con_4560096e95,NY,Gate of Heaven Solar Farm,solar,4,"On September 2, 2021, the Mount Pleasant Planning Board voted to deny an application to build a 5.75-MW solar farm in the Gate of Heaven cemetery.",blocked_unverified,outcome_label_only,cancelled,no,,Westchester County,Town of Mount Pleasant,2021,5.75,,"On September 2, 2021, the Mount Pleasant Planning Board voted to deny an application to build a 5.75-MW solar farm in the Gate of Heaven cemetery. Saw Mill River Audubon and the Westchester County Planning Board wrote letters in opposition to the project. In denying the project, Mount Pleasant Planning Board members focused on the number of trees that would need to be cleared and the potential impacts that such tree-clearing could have on mudslides.",S26P-4175,"Sabin Center, Opposition to Renewable Energy Facilities in the United States (Sept. 2026 ed.), via data/renewable_opposition_records_2026-09.csv",https://scholarship.law.columbia.edu/sabin_climate_change/280/,Sabin 2026 entry 4175; cancelled 2021,,,2026-09,in_latest_edition,,,,,src_731207f65d0f,sabin:S26P-4175,report_citation,unverified,36119,36119,name,,,,,,,,,,,,,,
con_7d3c01bcd8,NY,Gravel Road Solar,solar,2,Delaware River Solar is seeking to develop a 128-MW solar energy facility across 675 acres in the town of Tyre.,pending,none,pending,no,,Seneca County,Town of Tyre,2024,128,675,"Delaware River Solar is seeking to develop a 128-MW solar energy facility across 675 acres in the town of Tyre. The project is under the jurisdiction of the New York State Office of Renewable Energy Siting. Leading up to a November 2023 public meeting in Tyre, residents expressed opposition to a 125-MW solar project being developed by Delaware River Solar. Residents have claimed that they have not been allowed a voice in the process and have not been properly informed as to developments. Residents have formed a group called Tyre United to oppose the project. Tyre United has mounted a campaign against the project, primarily consisting of putting up signs and scheduling meetings with local and state representatives. In December 2023, Tyre Supervisor Elizabeth Partee asked Governor Hochul to deny the necessary permit for the project, and in February 2024, Supervisor Partee highlighted concerns about encroachment on farmland and proximity to wildlife refuges in an environmental conservation budget hearing.",S26P-4176,"Sabin Center, Opposition to Renewable Energy Facilities in the United States (Sept. 2026 ed.), via data/renewable_opposition_records_2026-09.csv",https://scholarship.law.columbia.edu/sabin_climate_change/280/,Sabin 2026 entry 4176,,,2026-09,in_latest_edition,,,,,src_731207f65d0f,sabin:S26P-4176,report_citation,unverified,36099,36099,name,,,,,,,,,,,,,,
con_2f72288132,NY,Hardscrabble Wind Power LLC,wind,3,"In November 2012, dozens of Herkimer County residents filed a lawsuit in the Albany County Supreme Court against Iberdola Renewables, the developer of the 74-MW Hardscrabble Wind Power farm, which had been operational since January 2011.",advanced_unverified,outcome_label_only,operational,yes,litigation,Herkimer County,,2018,74,,"In November 2012, dozens of Herkimer County residents filed a lawsuit in the Albany County Supreme Court against Iberdola Renewables, the developer of the 74-MW Hardscrabble Wind Power farm, which had been operational since January 2011. The lawsuit alleged that the 37 turbines were bigger and noisier than described during the planning stage, and alleged health problems, property value impacts, and a significant loss of use and enjoyment of their properties. In August 2018, following years of litigation and motion practice, the lawsuit was settled out of court for an undisclosed amount, and the wind farm remained in operation.",S26P-4177,"Sabin Center, Opposition to Renewable Energy Facilities in the United States (Sept. 2026 ed.), via data/renewable_opposition_records_2026-09.csv",https://scholarship.law.columbia.edu/sabin_climate_change/280/,Sabin 2026 entry 4177; litigation venue: State,,,2026-09,in_latest_edition,,,,,src_731207f65d0f,sabin:S26P-4177,report_citation,unverified,36043,36043,name,strong,eia:57287:operating;uswtdb:NY:57287,Hardscrabble Wind Power LLC,operating,74,2011,43.11222,-74.87889,"EIA-860M August 2026: plant ID 57287 'Hardscrabble Wind Power LLC' (NY, Herkimer County, entity Avangrid Power LLC, wind, 74 MW), operating, since 1/2011. Status (OP) Operating. USWTDB v9.1 (2026-09-28): entry 57287 'Hardscrabble' (NY, Herkimer County, wind, 74 MW), operating, since 2011. Matched on name and county and capacity. The inventory records the plant's status only; it says nothing about the opposition or its effect.",,,,,
con_d2a328bf85,NY,Harrison Project,battery_storage,2,"The Harrison Solar Project is a proposed 5-MW battery energy storage project in Harrison, New York.",pending,none,pending,no,,Westchester County,Town of Harrison,2024,5,,"The Harrison Solar Project is a proposed 5-MW battery energy storage project in Harrison, New York. Local officials raised concerns about potential flooding, visual impacts and decommissioning plans. At a public hearing on the project in April 2024, an overflow crowd of concerned residents voiced opposition to the proposed project.",S26P-4178,"Sabin Center, Opposition to Renewable Energy Facilities in the United States (Sept. 2026 ed.), via data/renewable_opposition_records_2026-09.csv",https://scholarship.law.columbia.edu/sabin_climate_change/280/,Sabin 2026 entry 4178,,,2026-09,in_latest_edition,,,,,src_731207f65d0f,sabin:S26P-4178,report_citation,unverified,36119,36119,name,,,,,,,,,,,,,,
con_cbd49ae0b3,NY,Kirkville Solar,solar,4,"In 2025, New Leaf Energy proposed the 5-MW Kirkville Solar project to be located on approximately 25 acres of land in the Town of Sullivan.",blocked_unverified,outcome_label_only,cancelled,no,,Onondaga County,Town of Sullivan,2025,5,25,"In 2025, New Leaf Energy proposed the 5-MW Kirkville Solar project to be located on approximately 25 acres of land in the Town of Sullivan. A public hearing on the project was scheduled for November 13, 2025, but had to be postponed after close to a hundred local residents (more than could fit in the venue) attended. Although no actual hearing was held at that time, opponents of the proposed facility informally voiced concerns about the project’s impact on flooding, obstruction of views in the area, and public safety. In December 2025, the developer withdrew its application for an area variance permit, citing uncertainty as to whether it would be obtained in time to have the facility operational by December 2027.",S26P-4415,"Sabin Center, Opposition to Renewable Energy Facilities in the United States (Sept. 2026 ed.), via data/renewable_opposition_records_2026-09.csv",https://scholarship.law.columbia.edu/sabin_climate_change/280/,Sabin 2026 entry 4415; cancelled 2025,,,2026-09,in_latest_edition,,,,,src_731207f65d0f,sabin:S26P-4415,report_citation,unverified,36067,36067,name,,,,,,,,,,,,,,
con_85f3765dd5,NY,Lighthouse Wind Project,wind,4,"In January 2018, the Somerset Town Board passed restrictions that would effectively prevent approval and construction of the proposed 201-MW, 70-turbine Lighthouse Wind project, unless the state were to override those restrictions under Article 10 of the New York Public Service Law.",blocked_unverified,outcome_label_only,cancelled,yes,litigation,Niagara County; Orleans County,,2022,201,,"In January 2018, the Somerset Town Board passed restrictions that would effectively prevent approval and construction of the proposed 201-MW, 70-turbine Lighthouse Wind project, unless the state were to override those restrictions under Article 10 of the New York Public Service Law. In September 2022, after eight years of contentious public hearings and lawsuits, the developer formally abandoned the project.",S26P-4179,"Sabin Center, Opposition to Renewable Energy Facilities in the United States (Sept. 2026 ed.), via data/renewable_opposition_records_2026-09.csv",https://scholarship.law.columbia.edu/sabin_climate_change/280/,"Sabin 2026 entry 4179; litigation venue: Administrative, State; cancelled 2022",,,2026-09,in_latest_edition,,,,,src_731207f65d0f,sabin:S26P-4179,report_citation,unverified,,36063;36073,names,,,,,,,,,,,,,,
con_89fccd94e4,NY,Mad River Wind Farm,wind,4,"The proposed 88-turbine, 350-MW Mad River Wind Farm in the Tug Hill region of upstate New York encountered opposition from the Tug Hill Tomorrow Land Trust due to potential ecological impacts.",blocked_unverified,outcome_label_only,cancelled,no,,Jefferson County; Oswego County,,2020,350,,"The proposed 88-turbine, 350-MW Mad River Wind Farm in the Tug Hill region of upstate New York encountered opposition from the Tug Hill Tomorrow Land Trust due to potential ecological impacts. In June 2019, supporters of the project accused the Worth town board of secretly passing a law that severely restricted wind farm construction in April and then claiming the next month that they would table a vote on the law. In December 2020, the developer abandoned the project.",S26P-4180,"Sabin Center, Opposition to Renewable Energy Facilities in the United States (Sept. 2026 ed.), via data/renewable_opposition_records_2026-09.csv",https://scholarship.law.columbia.edu/sabin_climate_change/280/,Sabin 2026 entry 4180; cancelled 2020,,,2026-09,in_latest_edition,,,,,src_731207f65d0f,sabin:S26P-4180,report_citation,unverified,,36045;36075,names,,,,,,,,,,,,,,
con_8348749b15,NY,Madrid Solar Farm,solar,4,"In February 2022, the St. Lawrence County Planning Board rejected a plan for a 4.4-MW solar farm in Madrid, New York, citing concerns that the project would use too much of the county’s prime agricultural land.",blocked_unverified,outcome_label_only,cancelled,no,,St. Lawrence County,Town of Madrid,2022,4.4,,"In February 2022, the St. Lawrence County Planning Board rejected a plan for a 4.4-MW solar farm in Madrid, New York, citing concerns that the project would use too much of the county’s prime agricultural land.",S26P-4181,"Sabin Center, Opposition to Renewable Energy Facilities in the United States (Sept. 2026 ed.), via data/renewable_opposition_records_2026-09.csv",https://scholarship.law.columbia.edu/sabin_climate_change/280/,Sabin 2026 entry 4181; cancelled 2022,,,2026-09,in_latest_edition,,,,,src_731207f65d0f,sabin:S26P-4181,report_citation,unverified,36089,36089,name,,,,,,,,,,,,,,
con_aa78d6d78a,NY,Meade Road Solar Project,solar,2,Plans for a 5-MW solar project on 25 acres of land in in the town of Canton encountered public opposition.,pending,none,pending,no,,St. Lawrence County,Town of Canton,2022,5,25,"Plans for a 5-MW solar project on 25 acres of land in in the town of Canton encountered public opposition. The plan was first proposed in 2020 and not approved until November 2022. In the meantime, the cattle farmer who owns the land where the project will be sited reports that he has lost money due to delays in the planning process.",S26P-4182,"Sabin Center, Opposition to Renewable Energy Facilities in the United States (Sept. 2026 ed.), via data/renewable_opposition_records_2026-09.csv",https://scholarship.law.columbia.edu/sabin_climate_change/280/,Sabin 2026 entry 4182,,,2026-09,in_latest_edition,,,,,src_731207f65d0f,sabin:S26P-4182,report_citation,unverified,36089,36089,name,,,,,,,,,,,,,,
con_ee8e7fb71f,NY,Mill Point Solar I,solar,2,"In February 2024, ConnectGen LLC applied for a permit for Mill Point Solar 1, a proposed 1,040-acre, 250-MW solar project in the town of Glen.",pending,none,pending,no,,Montgomery County,Town of Glen,2026,250,1040,"In February 2024, ConnectGen LLC applied for a permit for Mill Point Solar 1, a proposed 1,040-acre, 250-MW solar project in the town of Glen. The project has faced opposition from local officials, residents, and the organization Glen Families Allied for Responsible Management of Land (GlenFARMLand). The opponents argue the project would destroy large areas of farmland, permanently change the rural landscape, and not deliver benefits to the town. Both GlenFARMLand and the Town of Glen have announced plans to become involved in the state review process. In January 2026, the New York Office of Renewable Energy Siting and Electric Transmission (ORES) issued the final permit for Mill Point Solar 1. Local project opponents voiced their opposition to this decision and vowed to continue to fight the construction of the facility. The project is expected to be operational in 2027.",S26P-4183,"Sabin Center, Opposition to Renewable Energy Facilities in the United States (Sept. 2026 ed.), via data/renewable_opposition_records_2026-09.csv",https://scholarship.law.columbia.edu/sabin_climate_change/280/,Sabin 2026 entry 4183,,,2026-09,in_latest_edition,,,,,src_731207f65d0f,sabin:S26P-4183,report_citation,unverified,36057,36057,name,strong,eia:64912:planned,Mill Point Solar,planned,250,2028,42.9191,-74.34116,"EIA-860M August 2026: plant ID 64912 'Mill Point Solar' (NY, Montgomery County, entity Repsol Renewables NA, solar, 250 MW), planned, not under construction, expected 12/2028. Status (P) Planned for installation, but regulatory approvals not initiated. Matched on name and county and capacity. The inventory records the plant's status only; it says nothing about the opposition or its effect.",,,,,
con_baccea70da,NY,Monticello Hills Wind Project,wind,3,Neighbors of a planned 18.4-MW wind farm in Richfield sued the planning board for approving the project.,needs_review,none,unknown,yes,litigation,Otsego County,Town of Richfield,2015,18.4,,"Neighbors of a planned 18.4-MW wind farm in Richfield sued the planning board for approving the project. A State Supreme Court judge ruled for the plaintiffs, but an appellate court reversed the decision in 2015, allowing the project to move forward. The project apparently was never completed.",S26P-4184,"Sabin Center, Opposition to Renewable Energy Facilities in the United States (Sept. 2026 ed.), via data/renewable_opposition_records_2026-09.csv",https://scholarship.law.columbia.edu/sabin_climate_change/280/,"Sabin 2026 entry 4184; litigation venue: State; title names Ostego County, county columns name Otsego County",,,2026-09,in_latest_edition,,,,,src_731207f65d0f,sabin:S26P-4184,report_citation,unverified,36077,36077,name,,,,,,,,,,,,,,
con_66716bd82f,NY,North Side Energy Center,solar,4,"On August 9, 2022, the state Siting Board denied approval for the 180-MW North Side Energy Center solar farm, the first project rejected by the Siting Board.",blocked_unverified,outcome_label_only,cancelled,no,,St. Lawrence County,,2022,180,,"On August 9, 2022, the state Siting Board denied approval for the 180-MW North Side Energy Center solar farm, the first project rejected by the Siting Board. The Siting Board rejected the application because it “failed to adequately address the significant adverse impacts to freshwater wetlands on the site.” In December 2022, the developer’s request for rehearing was denied. The project attracted opposition from a group called Friends Against Rural Mismanagement (FARM).",S26P-4185,"Sabin Center, Opposition to Renewable Energy Facilities in the United States (Sept. 2026 ed.), via data/renewable_opposition_records_2026-09.csv",https://scholarship.law.columbia.edu/sabin_climate_change/280/,Sabin 2026 entry 4185; cancelled 2022,,,2026-09,in_latest_edition,,,,,src_731207f65d0f,sabin:S26P-4185,report_citation,unverified,36089,36089,name,,,,,,,,,,,,,,
con_318488f268,NY,Oak Hill I and II Community Solar Farms,solar,3,"In December 2019, resident Lynne Bruning and Susan Biggs filed a lawsuit to annul the Town of Duanesburg Planning Board’s approval of two 5-MW solar projects on Oak Hill Road by Eden Renewables.",pending,none,pending,yes,litigation,Schenectady County,Town of Duanesburg,2020,5,,"In December 2019, resident Lynne Bruning and Susan Biggs filed a lawsuit to annul the Town of Duanesburg Planning Board’s approval of two 5-MW solar projects on Oak Hill Road by Eden Renewables. An appellate court ruled in favor of the board in November 2020, upholding the approval of the projects.",S26P-4186,"Sabin Center, Opposition to Renewable Energy Facilities in the United States (Sept. 2026 ed.), via data/renewable_opposition_records_2026-09.csv",https://scholarship.law.columbia.edu/sabin_climate_change/280/,Sabin 2026 entry 4186; litigation venue: State,,,2026-09,in_latest_edition,,,,,src_731207f65d0f,sabin:S26P-4186,report_citation,unverified,36093,36093,name,,,,,,,,,,,,,,
con_a3635ad1f8,NY,Oneida groSolar Project,solar,3,Residents of Oneida sued the city in August 2015 to stop construction of a 2.8-MW solar farm by groSolar on 13 acres of city-owned land.,advanced_unverified,outcome_label_only,operational,yes,litigation,Madison County,City of Oneida,2017,2.8,13,"Residents of Oneida sued the city in August 2015 to stop construction of a 2.8-MW solar farm by groSolar on 13 acres of city-owned land. A Madison County judge rejected the petition as untimely. Nonetheless, the developer worked with the city to find an alternative location. A 1.5-MW project was completed at the new location in December 2017.",S26P-4187,"Sabin Center, Opposition to Renewable Energy Facilities in the United States (Sept. 2026 ed.), via data/renewable_opposition_records_2026-09.csv",https://scholarship.law.columbia.edu/sabin_climate_change/280/,Sabin 2026 entry 4187; litigation venue: State,,,2026-09,in_latest_edition,,,,,src_731207f65d0f,sabin:S26P-4187,report_citation,unverified,36053,36053,name,,,,,,,,,,,,,,
con_9e151f926a,NY,Orangeville Wind Farm,wind,3,An organization called Clear Skies Over Orangeville (CSOO) was formed as early as 2006 to fight the 75-turbine Orangeville Wind Farm when the developer was still buying up leases.,needs_review,none,unknown,yes,litigation,Wyoming County,Town of Orangeville,2022,75,,"An organization called Clear Skies Over Orangeville (CSOO) was formed as early as 2006 to fight the 75-turbine Orangeville Wind Farm when the developer was still buying up leases. CSOO brought two lawsuits against the town in 2010 and 2012 to stop the project. However, a New York State Supreme Court judge dismissed both cases in 2018. Meanwhile, 60 Orangeville residents brought a 40 million nuisance action against the developer Invenergy after the project was completed in 2014. In July 2022, a federal district court denied Invenergy’s motion for summary judgment, allowing the nuisance action to proceed to trial. In September 2022, the parties stipulated to dismissal upon reaching a settlement.",S26P-4188,"Sabin Center, Opposition to Renewable Energy Facilities in the United States (Sept. 2026 ed.), via data/renewable_opposition_records_2026-09.csv",https://scholarship.law.columbia.edu/sabin_climate_change/280/,Sabin 2026 entry 4188; litigation venue: Federal,,,2026-09,in_latest_edition,,,,,src_731207f65d0f,sabin:S26P-4188,report_citation,unverified,36121,36121,name,strong,uswtdb:NY:58088,Orangeville Wind,operating,84.2,2013,42.74616,-78.2406,"USWTDB v9.1 (2026-09-28): entry 58088 'Orangeville Wind' (NY, Wyoming County, wind, 84.2 MW), operating, since 2013. Matched on name and county and capacity. The inventory records the plant's status only; it says nothing about the opposition or its effect.","outcome needs_review, but the plant is operating",,,,
con_39786b2a0b,NY,Oyster Shore Energy Project,battery_storage,2,Oyster Shore Energy Storage project is a proposed 275-MW battery energy storage project.,pending,none,pending,no,,Nassau County,Town of Oyster Bay,2024,275,,"Oyster Shore Energy Storage project is a proposed 275-MW battery energy storage project. In April 2024, the Town of Oyster Bay approved a moratorium on battery energy storage construction, which was extended by 6 months in November 2024. Town officials cited concerns about fires and public safety.",S26P-4189,"Sabin Center, Opposition to Renewable Energy Facilities in the United States (Sept. 2026 ed.), via data/renewable_opposition_records_2026-09.csv",https://scholarship.law.columbia.edu/sabin_climate_change/280/,Sabin 2026 entry 4189,,,2026-09,in_latest_edition,,,,,src_731207f65d0f,sabin:S26P-4189,report_citation,unverified,36059,36059,name,,,,,,,,,,,,,,
con_fe6a4f2a28,NY,Quiogue Solar Project,solar,3,The Quiogue Solar Project is a proposed 2-MW solar array in Westhampton Beach.,pending,none,pending,yes,litigation,Allegany County,Village of Westhampton Beach,2024,2,,"The Quiogue Solar Project is a proposed 2-MW solar array in Westhampton Beach. In April 2024, more than 100 people signed a petition opposing the project and opposing the Village of Westhampton Beach’s approval of the project in February 2024. In August 2024, local residents filed a lawsuit against Westhampton Beach Village to block the proposed solar farm, citing concerns about the facility’s proximity to homes, potential noise, negative impacts to the environment and wildlife.",S26P-4190,"Sabin Center, Opposition to Renewable Energy Facilities in the United States (Sept. 2026 ed.), via data/renewable_opposition_records_2026-09.csv",https://scholarship.law.columbia.edu/sabin_climate_change/280/,"Sabin 2026 entry 4190; litigation venue: State; title names Suffolk County, county columns name Allegany County",,,2026-09,in_latest_edition,,,,,src_731207f65d0f,sabin:S26P-4190,report_citation,unverified,36003,36003,name,,,,,,,,,,,,,,
con_fcb9982674,NY,Raquette Lake Microgrid Battery Project,battery_storage,4,"In February 2024, National Grid and REV Renewables canceled plans to build a 20-MW battery storage microgrid facility in the town of Long Lake.",blocked_unverified,outcome_label_only,cancelled,no,,Hamilton County,Town of Long Lake,2024,20,,"In February 2024, National Grid and REV Renewables canceled plans to build a 20-MW battery storage microgrid facility in the town of Long Lake. The decision followed strong community opposition and the town of Long Lake’s August 2023 decision to impose a 1-year moratorium on battery storage permits. A Change.org petition organized by Raquette Lakers Against Lithium Battery Facility received over 27,000 signatures.",S26P-4191,"Sabin Center, Opposition to Renewable Energy Facilities in the United States (Sept. 2026 ed.), via data/renewable_opposition_records_2026-09.csv",https://scholarship.law.columbia.edu/sabin_climate_change/280/,Sabin 2026 entry 4191; cancelled 2024,,,2026-09,in_latest_edition,,,,,src_731207f65d0f,sabin:S26P-4191,report_citation,unverified,36041,36041,name,,,,,,,,,,,,,,
con_79c3bc047b,NY,Rensselaer Solar,solar,2,"In February 2022, CVE North America proposed the 7 MW Rensselaer Solar Project to be located on 100 acres of private land in the Town of Brunswick.",pending,none,pending,no,,Rensselaer County,Town of Brunswick,2026,7,100,"In February 2022, CVE North America proposed the 7 MW Rensselaer Solar Project to be located on 100 acres of private land in the Town of Brunswick. Local residents opposed to the project have raised concerns about its potential effects on local aesthetics. They have placed road signs around the town stating “no commercial solar farm here.” In September 2025, the developer put the project on hold after local officials requested a study on potential visual impacts of the solar panels. In January 2026, it was reported that the project had been cancelled, but at a February 5, 2026 meeting, the town’s Planning Board Chairman stated that the developer was reviewing the proposal and that the project remained active.",S26P-4428,"Sabin Center, Opposition to Renewable Energy Facilities in the United States (Sept. 2026 ed.), via data/renewable_opposition_records_2026-09.csv",https://scholarship.law.columbia.edu/sabin_climate_change/280/,Sabin 2026 entry 4428,,,2026-09,in_latest_edition,,,,,src_731207f65d0f,sabin:S26P-4428,report_citation,unverified,36083,36083,name,,,,,,,,,,,,,,
con_7baa688164,NY,Rich Road Solar Project,solar;battery_storage,2,The Rich Road Solar project would include 240 MW of solar and 20 MW of battery energy storage.,pending,none,pending,no,,St. Lawrence County,Town of Canton,2024,260,,"The Rich Road Solar project would include 240 MW of solar and 20 MW of battery energy storage.  Local officials in the Town of Canton have expressed concern about fire hazards and public safety, stating that the “only choice [left] is to take them to the state Supreme Court with all the costs on local taxpayers.” In September 2024, the New York State Office of Renewable Energy Siting issued final siting permits for the project.",S26P-4192,"Sabin Center, Opposition to Renewable Energy Facilities in the United States (Sept. 2026 ed.), via data/renewable_opposition_records_2026-09.csv",https://scholarship.law.columbia.edu/sabin_climate_change/280/,Sabin 2026 entry 4192,,,2026-09,in_latest_edition,,,,,src_731207f65d0f,sabin:S26P-4192,report_citation,unverified,36089,36089,name,strong,eia:68264:planned,Rich Road Solar Energy Center,planned,240,2028,44.56752,-75.19654,"EIA-860M August 2026: plant ID 68264 'Rich Road Solar Energy Center' (NY, St Lawrence County, entity Rich Road Solar Energy Center, solar, 240 MW), planned, not under construction, expected 5/2028. Status (L) Regulatory approvals pending. Not under construction. Matched on name and county and capacity. The inventory records the plant's status only; it says nothing about the opposition or its effect.",,,,,
con_d9c5321780,NY,Ridge View Solar Center,solar,2,In 2019 EDF Renewables proposed developing the 350-MW Ridge View Solar Center on 2000 acres in the Town of Hartland.,pending,none,pending,no,,Niagara County,Town of Hartland,2022,350,2000,In 2019 EDF Renewables proposed developing the 350-MW Ridge View Solar Center on 2000 acres in the Town of Hartland. A grassroots movement called Protect Our Rural Communities (PORC) was created to oppose the project lobbying the town board to enact an updated solar law. An October 2022 article reported that opponents initially tried to block the project entirely but have become resigned to the fact that towns have limited authority in light of Executive Law Section 94-c which allows the state to set aside local laws on a case-by-case basis.,S26P-4193,"Sabin Center, Opposition to Renewable Energy Facilities in the United States (Sept. 2026 ed.), via data/renewable_opposition_records_2026-09.csv",https://scholarship.law.columbia.edu/sabin_climate_change/280/,Sabin 2026 entry 4193,,,2026-09,in_latest_edition,,,,,src_731207f65d0f,sabin:S26P-4193,report_citation,unverified,36063,36063,name,,,,,,,,,,,,,,
con_f9b49fc1b9,NY,Riverside Solar Project,solar,2,"AES has proposed to develop the 100-MW Riverside Solar Project on approximately 1,000 acres in the Towns of Lyme and Brownville in Jefferson County.",pending,none,pending,no,,Jefferson County,Towns of Lyme and Brownville,2024,100,"1,000","AES has proposed to develop the 100-MW Riverside Solar Project on approximately 1,000 acres in the Towns of Lyme and Brownville in Jefferson County. In January 2023, the project was approved by the Office of Renewable Energy Siting (ORES). The group “Concerned Citizens for Responsible Solar” was formed to lead the local opposition to this project and the related Bay Breeze Solar Project (see separate entry on Bay Breeze), raising concerns about property value impacts, fire safety, and impacts to wildlife. In December 2024, the Town of Lyme adopted a 12-month moratorium on all solar energy systems and/or battery energy storage systems which suspended further work on the project.",S26P-4370,"Sabin Center, Opposition to Renewable Energy Facilities in the United States (Sept. 2026 ed.), via data/renewable_opposition_records_2026-09.csv",https://scholarship.law.columbia.edu/sabin_climate_change/280/,Sabin 2026 entry 4370,,,2026-09,in_latest_edition,,,,,src_731207f65d0f,sabin:S26P-4370,report_citation,unverified,36045,36045,name,strong,eia:67325:planned,Riverside Solar LLC,planned,100,2029,44.06585,-76.1222,"EIA-860M August 2026: plant ID 67325 'Riverside Solar LLC' (NY, St Lawrence County, entity AES Clean Energy, solar, 100 MW), planned, not under construction, expected 7/2029. Status (P) Planned for installation, but regulatory approvals not initiated. Matched on name and county and capacity. The inventory records the plant's status only; it says nothing about the opposition or its effect.",,,,,
con_839308d89f,NY,Roberts Road Solar,solar,4,"In March 2025, Solar Liberty Energy Systems proposed the 7-MW, 21-acre Roberts Road Solar project in the town of New Hartford.",blocked_unverified,outcome_label_only,cancelled,no,,Oneida County,New Hartford,2025,7,21,"In March 2025, Solar Liberty Energy Systems proposed the 7-MW, 21-acre Roberts Road Solar project in the town of New Hartford. On April 9, 2025, the New Hartford Town Board denied a special use permit for the project, citing community concerns over its visual and auditory impacts and proximity to residential neighborhoods as the basis for the denial.",S26P-4384,"Sabin Center, Opposition to Renewable Energy Facilities in the United States (Sept. 2026 ed.), via data/renewable_opposition_records_2026-09.csv",https://scholarship.law.columbia.edu/sabin_climate_change/280/,Sabin 2026 entry 4384; cancelled 2025,,,2026-09,in_latest_edition,,,,,src_731207f65d0f,sabin:S26P-4384,report_citation,unverified,36065,36065,name,,,,,,,,,,,,,,
con_e1b20dbaab,NY,Shepherd's Run Solar Project,solar,3,"Hecate LLC approached the board of the Town of Copake in 2017 with a proposal for a 40-MW solar project, which the developer later expanded to 60 MW, to be developed across 480 acres.",pending,none,pending,yes,litigation,Columbia County,Town of Copake,2026,60,245,"Hecate LLC approached the board of the Town of Copake in 2017 with a proposal for a 40-MW solar project, which the developer later expanded to 60 MW, to be developed across 480 acres. Due to community opposition, the developer subsequently reduced the size of the project to 245 acres, with solar panels restricted to 81 acres. The developer initially applied for approval of the project by the New York State Siting Board under Article 10 of the Public Service Law but transferred the application to the newly created New York State Office of Renewable Energy Siting (ORES) for expedited review. In June 2021, the town board filed a lawsuit against the state, seeking to have the application transferred back to the Article 10 process and seeking to invalidate new regulations promulgated by ORES to implement the expedited review process. The town’s request for a preliminary injunction and restraining order were denied in September 2021, and the case was dismissed in October 2021. The case went on appeal to the appellate division, which upheld its dismissal in May 2023. ORES granted the developer a draft permit in November 2023. In February 2024, ORES reversed its decision and denied the permit without prejudice because the developer had, by this time, lost control of one of the parcels of land on which project components were to be located and modifications were no longer permitted at this stage in the process. The developer then submitted a modified application for a 42-MW solar energy facility. In November 2025, ORES granted the developer a draft permit. In January 2026, ORES held its final public hearing on the permit application, following two weeks of testimony and earlier public hearings with hundreds of residents in attendance. The majority of those who spoke during the hearings opposed the project, with many raising concerns about its impacts on farmland and public safety. ORES’ final permit decision is anticipated by September 2026.",S26P-4194,"Sabin Center, Opposition to Renewable Energy Facilities in the United States (Sept. 2026 ed.), via data/renewable_opposition_records_2026-09.csv",https://scholarship.law.columbia.edu/sabin_climate_change/280/,Sabin 2026 entry 4194; litigation venue: State,,,2026-09,in_latest_edition,,,,,src_731207f65d0f,sabin:S26P-4194,report_citation,unverified,36021,36021,name,strong,eia:64188:planned,Shepherd's Run Solar,planned,42,2027,42.16141,-73.57453,"EIA-860M August 2026: plant ID 64188 'Shepherd's Run Solar' (NY, Columbia County, entity Shepherd's Run Solar, solar, 42 MW), planned, not under construction, expected 11/2027. Status (P) Planned for installation, but regulatory approvals not initiated. Matched on name and county. The inventory records the plant's status only; it says nothing about the opposition or its effect.",,,,,
con_2df51f90da,NY,South Fork Wind Project,wind,3,"The South Fork Wind project, a 132-MW offshore wind farm developed by Orsted (and previously Eversource), has faced concerted opposition.",advanced_unverified,outcome_label_only,operational,yes,litigation,Suffolk County,Town of East Hampton,2024,132,,"The South Fork Wind project, a 132-MW offshore wind farm developed by Orsted (and previously Eversource), has faced concerted opposition. Although the project has been complete and operational since March 2024, multiple lawsuits are still pending against the project. A group called Citizens for the Preservation of Wainscott opposed the project’s cable landing in filings before the New York Public Service Commission. In January 2021, the same group filed a lawsuit against the East Hampton Town Board for approving an easement for the cable to land on Wainscott Beach and town-owned roads. The Public Service Commission granted the cable a key permit in March 2021. On February 24, 2022, the Supreme Court of New York, Suffolk County, dismissed the lawsuit after determining that extensive environmental review had been undertaken. That same month, a solar developer filed a lawsuit in federal court challenging the federal government’s approval of the offshore wind farm, alleging insufficient review of environmental impacts, including impacts to whales; in March 2022, a second group of plaintiffs filed a separate lawsuit in federal court alleging insufficient consideration of PFAS contamination in connection with burying a cable in Wainscott. In November 2023, the Preservation Society of Newport County and Southeast Lighthouse Foundation each filed lawsuits under NEPA and the NHPA against Secretary Deb Haaland, the Department of the Interior, and the Bureau of Ocean Energy Management over their review and permitting of South Fork Wind. Meanwhile, in April 2023, an anti-offshore wind group called Save Long Beach Island filed a lawsuit in the U.S. District Court for the District of New Jersey, challenging the National Marine Fisheries Service’s pending incidental take authorizations for several offshore wind farms, including the South Fork Wind project. The lawsuit alleged that these projects would disrupt endangered whale populations and that the cumulative impacts of noise pollution were not properly assessed. In February 2024, the court dismissed Save Long Beach Island’s lawsuit without prejudice for lack of standing and because the claims were unripe. In January 2024, another anti-offshore wind group called Green Oceans filed a complaint against BOEM and other federal agencies alleging violations of NEPA and other environmental statutes in deciding to permit South Fork Wind and other projects. In light of the fact that the project has been operational since March 2024, it is unclear what relief would be available to the plaintiffs of the pending lawsuits.",S26P-4195,"Sabin Center, Opposition to Renewable Energy Facilities in the United States (Sept. 2026 ed.), via data/renewable_opposition_records_2026-09.csv",https://scholarship.law.columbia.edu/sabin_climate_change/280/,"Sabin 2026 entry 4195; litigation venue: Federal, State",,,2026-09,in_latest_edition,,,,,src_731207f65d0f,sabin:S26P-4195,report_citation,unverified,36103,36103,name,,,,,,,,,,,,,,
con_fec54e3c1f,NY,St. Albans Battery Energy Storage,battery_storage,2,"In 2025, NineDot Energy proposed a 4.9-MW lithium-ion battery energy storage system (BESS) to be located in the neighborhood of St. Albans in Queens County.",pending,none,pending,no,,Queens County,St. Albans,2025,4.9,,"In 2025, NineDot Energy proposed a 4.9-MW lithium-ion battery energy storage system (BESS) to be located in the neighborhood of St. Albans in Queens County. Local residents have strongly opposed the project and engaged in nearly weekly protests over the past several months. The opponents have raised public safety concerns given the project’s proximity to homes, a hospital, a welding shop that utilizes flammable equipment, and the fact that the project site was previously a gas station with underground gas tanks. In response to the concerns, the developer issued a press statement indicating that they will be cleaning up and improving the location of the former gas station as part of the construction process. In October 2025, local residents testified in opposition to the project at an oversight hearing before the New York City Council Committee on Fire and Emergency Management. At that meeting, the developer explained that safety measures at the site will include: 24/7 heat-sensing cameras connected directly to the Fire Department; internal and third-party facility monitoring; and a site-specific hazard mitigation analysis. The developer also stated that the New York City Fire Department and Department of Buildings have issued all required permits for the project.",S26P-4420,"Sabin Center, Opposition to Renewable Energy Facilities in the United States (Sept. 2026 ed.), via data/renewable_opposition_records_2026-09.csv",https://scholarship.law.columbia.edu/sabin_climate_change/280/,Sabin 2026 entry 4420,,,2026-09,in_latest_edition,,,,,src_731207f65d0f,sabin:S26P-4420,report_citation,unverified,36081,36081,name,,,,,,,,,,,,,,
con_18be77447d,NY,Staten Island Battery Storage Project,battery_storage,2,NineDot is developing a 5.5 MW battery energy storage system (BESS) in the Manor Heights neighborhood in Staten Island.,pending,none,pending,no,,Richmond County,,2025,5.5,,"NineDot is developing a 5.5 MW battery energy storage system (BESS) in the Manor Heights neighborhood in Staten Island. The project has faced local opposition since construction started. In February 2025, opponents launched an online petition that gathered over 1,700 signatures. The Borough President, Vito Fossella, joined the opposition, calling for a BESS moratorium in the area. The facility remains under construction and is expected to be in operation by the end of 2025.",S26P-4371,"Sabin Center, Opposition to Renewable Energy Facilities in the United States (Sept. 2026 ed.), via data/renewable_opposition_records_2026-09.csv",https://scholarship.law.columbia.edu/sabin_climate_change/280/,Sabin 2026 entry 4371,,,2026-09,in_latest_edition,,,,,src_731207f65d0f,sabin:S26P-4371,report_citation,unverified,36085,36085,name,strong,eia:66498:canceled_or_postponed,Staten Island Energy Storage 1 LLC,canceled_or_postponed,5,,40.60983,-74.09003,"EIA-860M August 2026: plant ID 66498 'Staten Island Energy Storage 1 LLC' (NY, Richmond County, entity Convergent Energy and Power LP, battery_storage, 5 MW), cancelled or indefinitely postponed. Matched on name and county and capacity. The inventory records the plant's status only; it says nothing about the opposition or its effect.","outcome pending, but the plant is cancelled or indefinitely postponed",,,,
con_d820d523be,NY,SUN8 PDC Dryden Solar Project,solar,3,"In September 2017, the Willow Glen Cemetery Association and a local horse trainer brought a lawsuit against the Town of Dryden challenging its approval of a solar project adjacent to the cemetery and the horse trainer’s property.",pending,none,pending,yes,litigation,Tompkins County,Town of Dryden,2017,,,"In September 2017, the Willow Glen Cemetery Association and a local horse trainer brought a lawsuit against the Town of Dryden challenging its approval of a solar project adjacent to the cemetery and the horse trainer’s property. In December 2017, the court dismissed both lawsuits, allowing the projects to move forward.",S26P-4197,"Sabin Center, Opposition to Renewable Energy Facilities in the United States (Sept. 2026 ed.), via data/renewable_opposition_records_2026-09.csv",https://scholarship.law.columbia.edu/sabin_climate_change/280/,Sabin 2026 entry 4197; litigation venue: State,,,2026-09,in_latest_edition,,,,,src_731207f65d0f,sabin:S26P-4197,report_citation,unverified,36109,36109,name,,,,,,,,,,,,,,
con_5d1114d5c5,NY,Swiftsure Battery Energy Storage Project,battery_storage,4,"In 2023, Fullmark Energy (formerly known as Hecate Grid) proposed to install a 650-MW battery energy storage system (BESS) in Richmond County.",blocked_unverified,outcome_label_only,cancelled,no,,Richmond County,,2025,650,,"In 2023, Fullmark Energy (formerly known as Hecate Grid) proposed to install a 650-MW battery energy storage system (BESS) in Richmond County. At the time, it was the largest battery storage project to be proposed in New York State. In June 2024, the Public Service Commission issued a permit for the project.However, in August 2025, the developer notified the Department of Public Service that it would not be moving forward with the project. The growing anti-BESS movement, particularly in Richmond County, led by New York City mayoral candidate Curtis Sliwa, was reported to have played a role in the developer’s decision to cancel the project.",S26P-4389,"Sabin Center, Opposition to Renewable Energy Facilities in the United States (Sept. 2026 ed.), via data/renewable_opposition_records_2026-09.csv",https://scholarship.law.columbia.edu/sabin_climate_change/280/,Sabin 2026 entry 4389; cancelled 2025,,,2026-09,in_latest_edition,,,,,src_731207f65d0f,sabin:S26P-4389,report_citation,unverified,36085,36085,name,,,,,,,,,,,,,,
con_81104a412a,NY,Union Energy Center Project,battery_storage,4,The Union Energy Center Project was a proposed 116-MW battery-energy storage project.,blocked_unverified,outcome_label_only,cancelled,no,,Putnam County,Town of Carmel,2025,116,,"The Union Energy Center Project was a proposed 116-MW battery-energy storage project. Hundreds of local community members expressed strong opposition to the project at a Carmel Town Board public hearing in June 2024, citing concerns about fire safety and potential environmental impacts. The Carmel Town Board subsequently enacted a 6-month moratorium on battery storage facilities. [Note: In March 2025, the project developer formally withdrew its project proposal.]",S26P-4198,"Sabin Center, Opposition to Renewable Energy Facilities in the United States (Sept. 2026 ed.), via data/renewable_opposition_records_2026-09.csv",https://scholarship.law.columbia.edu/sabin_climate_change/280/,Sabin 2026 entry 4198; cancelled 2025,,,2026-09,in_latest_edition,,,,,src_731207f65d0f,sabin:S26P-4198,report_citation,unverified,36079,36079,name,,,,,,,,,,,,,,
con_1e5a124f87,NY,Williams Street Solar,solar,4,"In 2019, Solar Liberty Energy Systems proposed the 3.75-MW Williams Street Solar project to be located on approximately 45 acres in the Residential Zoning District in the Town of Dunkirk.",blocked_unverified,outcome_label_only,cancelled,no,,Chautauqua County,Town of Dunkirk,2025,3.75,45,"In 2019, Solar Liberty Energy Systems proposed the 3.75-MW Williams Street Solar project to be located on approximately 45 acres in the Residential Zoning District in the Town of Dunkirk. The Zoning Board granted a variance request, enabling the project to proceed. However, in September 2025, the Town Board rejected, by a 3-1 vote, the project. Board members who voted against the project expressed concern that it would be inconsistent with the residential and agricultural character of the town.",S26P-4385,"Sabin Center, Opposition to Renewable Energy Facilities in the United States (Sept. 2026 ed.), via data/renewable_opposition_records_2026-09.csv",https://scholarship.law.columbia.edu/sabin_climate_change/280/,Sabin 2026 entry 4385; cancelled 2025,,,2026-09,in_latest_edition,,,,,src_731207f65d0f,sabin:S26P-4385,report_citation,unverified,36013,36013,name,,,,,,,,,,,,,,
con_4d377006a4,OH,Alamo Solar I,solar,2,"In June 2021, the Ohio Power Siting Board granted a construction certificate for Alamo Solar I in Gasper and Washington Townships.",pending,none,pending,no,,Preble County,Gasper and Washington Townships,2023,,,"In June 2021, the Ohio Power Siting Board granted a construction certificate for Alamo Solar I in Gasper and Washington Townships. The group Concerned Citizens of Preble County opposed the project and appealed the decision to the Ohio Supreme Court, which upheld the certificate in October 2023.",S26P-4199,"Sabin Center, Opposition to Renewable Energy Facilities in the United States (Sept. 2026 ed.), via data/renewable_opposition_records_2026-09.csv",https://scholarship.law.columbia.edu/sabin_climate_change/280/,Sabin 2026 entry 4199,,,2026-09,in_latest_edition,,,,,src_731207f65d0f,sabin:S26P-4199,report_citation,unverified,39135,39135,name,,,,,,,,,,,,,,
con_69e2d35b18,OH,Alpin Sun Solar Project,solar,4,"In November 2023, Mahoning County commissioners unanimously approved Green Township’s ban on large wind and solar projects in unincorporated parts of the township.",blocked_unverified,outcome_label_only,cancelled,no,,Mahoning County,Green Township,2023,150,,"In November 2023, Mahoning County commissioners unanimously approved Green Township’s ban on large wind and solar projects in unincorporated parts of the township. A public hearing was held in Green Township at the end of October 2023, in which residents were largely supportive of banning wind and solar. The ban had the effect of blocking the planned 150-MW Alpin Sun solar project.",S26P-4200,"Sabin Center, Opposition to Renewable Energy Facilities in the United States (Sept. 2026 ed.), via data/renewable_opposition_records_2026-09.csv",https://scholarship.law.columbia.edu/sabin_climate_change/280/,Sabin 2026 entry 4200; cancelled 2023,,,2026-09,in_latest_edition,,,,,src_731207f65d0f,sabin:S26P-4200,report_citation,unverified,39099,39099,name,,,,,,,,,,,,,,
con_8a40f16b0a,OH,Angelina Solar I,solar,2,"In June 2021, the Ohio Power Siting Board granted a construction certificate for Angelina Solar I in Israel and Dixon Townships.",pending,none,pending,no,,Preble County,Israel and Dixon Townships,2023,,,"In June 2021, the Ohio Power Siting Board granted a construction certificate for Angelina Solar I in Israel and Dixon Townships. The group Concerned Citizens of Preble County opposed the project and appealed the decision to the Ohio Supreme Court, which upheld the certificate in October 2023.",S26P-4201,"Sabin Center, Opposition to Renewable Energy Facilities in the United States (Sept. 2026 ed.), via data/renewable_opposition_records_2026-09.csv",https://scholarship.law.columbia.edu/sabin_climate_change/280/,Sabin 2026 entry 4201,,,2026-09,in_latest_edition,,,,,src_731207f65d0f,sabin:S26P-4201,report_citation,unverified,39135,39135,name,,,,,,,,,,,,,,
con_2c16b74f26,OH,Birch Solar Project,solar,4,"On October 20, 2022, the OPSB rejected an application for the 300-MW Birch Solar Farm, the first time the OPSB ever denied an application for a large solar project.",blocked_unverified,outcome_label_only,cancelled,yes,litigation,Allen County; Auglaize County,,2025,300,2345,"On October 20, 2022, the OPSB rejected an application for the 300-MW Birch Solar Farm, the first time the OPSB ever denied an application for a large solar project. The project would have put solar panels on 1,410 acres out of a total project area of 2,345 acres, the majority of which was then in agricultural use. Because the project met the criteria for grandfathering, it was not subject to county veto under S.B. 52. In rejecting the project, however, the OPSB focused largely on the fact that the two counties and four townships where the project would have been located opposed the project. The Board found that the project satisfied all criteria except the public interest standard and cited “universal opposition from local government and residents” as a “determining component” for failure to meet the public interest standard. The developer appealed the decision to the Ohio Supreme Court, arguing that public opposition does not equate to public interest. [Note: In January 2025, the developer withdrew its appeal to the Ohio Supreme Court due to continued opposition to the project.]",S26P-4202,"Sabin Center, Opposition to Renewable Energy Facilities in the United States (Sept. 2026 ed.), via data/renewable_opposition_records_2026-09.csv",https://scholarship.law.columbia.edu/sabin_climate_change/280/,"Sabin 2026 entry 4202; litigation venue: State; cancelled 2025; title names Allen and Auglazie Counties, county columns name Allen County, Auglaize County",,,2026-09,in_latest_edition,,,,,src_731207f65d0f,sabin:S26P-4202,report_citation,unverified,,39003;39011,names,strong,eia:66054:canceled_or_postponed,Birch Solar (OH),canceled_or_postponed,300,,40.67786,-84.18292,"EIA-860M August 2026: plant ID 66054 'Birch Solar (OH)' (OH, Allen County, entity Lightsource Renewable Energy Asset Management, LLC, solar, 300 MW), cancelled or indefinitely postponed. Matched on name and county and capacity. The inventory records the plant's status only; it says nothing about the opposition or its effect.",,,,,
con_ddc69b564b,OH,Border Basin Solar Farm,solar,2,"In February 2023, the Ohio Power Siting Board approved the 120-MW Border Basin project despite opposition from a local township, county health commissioner, and some area residents.",pending,none,pending,no,,Hancock County,,2023,120,,"In February 2023, the Ohio Power Siting Board approved the 120-MW Border Basin project despite opposition from a local township, county health commissioner, and some area residents. Opposition centered on potential impacts to farmland, draining and water supplies, and property values. Opponents appealed the decision to the Ohio Supreme Court in November 2023, but filed for dismissal of the appeal a week later.",S26P-4203,"Sabin Center, Opposition to Renewable Energy Facilities in the United States (Sept. 2026 ed.), via data/renewable_opposition_records_2026-09.csv",https://scholarship.law.columbia.edu/sabin_climate_change/280/,Sabin 2026 entry 4203,,,2026-09,in_latest_edition,,,,,src_731207f65d0f,sabin:S26P-4203,report_citation,unverified,39063,39063,name,strong,eia:68968:under_construction,Border Basin Solar,under_construction,120,2026,41.10743,-83.5722,"EIA-860M August 2026: plant ID 68968 'Border Basin Solar' (OH, Hancock County, entity Border Basin, LLC, solar, 120 MW), under construction, expected 10/2026. Status (V) Under construction, more than 50 percent complete. Matched on name and county and capacity. The inventory records the plant's status only; it says nothing about the opposition or its effect.","outcome pending, but the plant is under construction",,,,
con_546b7f6878,OH,Carnation Solar,solar,2,"In 2019, National Grid Renewables proposed a 142-MW solar farm on approximately 1,700 acres of privately-owned land in Amanda Township.",pending,none,pending,no,,Fairfield County,Amanda Township,2024,142,1700,"In 2019, National Grid Renewables proposed a 142-MW solar farm on approximately 1,700 acres of privately-owned land in Amanda Township. The development is estimated to provide approximately $25.5 million in tax revenue over 20 years. The project has faced opposition from local residents who formed a website called “This solar thing” and a Facebook page called “Protect Amanda Township” to host and promote opposition to the project. In September 2024, the developer began the application process for a Certificate of Environmental Compatibility and Public Need with the Ohio Power Siting Board (OPSB). In July 2025, the staff of the Ohio Public Utilities Commission recommended denial of the application. In August 2025, the OPSB granted the applicant’s motion for a stay of the proceedings in order to wait for the Ohio Supreme Court to issue a decision in the Kingwood Solar Project, which could be relevant to this proceeding. In October 2024, the OPSB lifted the stay and set an evidentiary hearing for February 9, 2026.",S26P-4204,"Sabin Center, Opposition to Renewable Energy Facilities in the United States (Sept. 2026 ed.), via data/renewable_opposition_records_2026-09.csv",https://scholarship.law.columbia.edu/sabin_climate_change/280/,Sabin 2026 entry 4204,,,2026-09,in_latest_edition,,,,,src_731207f65d0f,sabin:S26P-4204,report_citation,unverified,39045,39045,name,,,,,,,,,,,,,,
con_ee95284fd9,OH,Cepheus Solar,solar,4,"On January 18, 2023, the OPSB rejected the proposed 68-MW Cepheus Energy project, which would have included 649 acres of solar panels.",blocked_unverified,outcome_label_only,cancelled,no,,Defiance County,,2023,68,649,"On January 18, 2023, the OPSB rejected the proposed 68-MW Cepheus Energy project, which would have included 649 acres of solar panels. Because the project met the criteria for grandfathering, it was exempt from county veto under S.B. 52. In rejecting the application, however, the OPSB gave weight to the fact that seven local governments opposed the project.",S26P-4205,"Sabin Center, Opposition to Renewable Energy Facilities in the United States (Sept. 2026 ed.), via data/renewable_opposition_records_2026-09.csv",https://scholarship.law.columbia.edu/sabin_climate_change/280/,Sabin 2026 entry 4205; cancelled 2023,,,2026-09,in_latest_edition,,,,,src_731207f65d0f,sabin:S26P-4205,report_citation,unverified,39039,39039,name,,,,,,,,,,,,,,
con_a88c0fef67,OH,Chestnut Solar,solar,4,"Plans to construct Chestnut Solar, a 404-acre, 68-MW solar farm in Pleasant Township, encountered intense local opposition and were ultimately abandoned.",blocked_unverified,outcome_label_only,cancelled,no,,Marion County,Pleasant Township,2024,68,404,"Plans to construct Chestnut Solar, a 404-acre, 68-MW solar farm in Pleasant Township, encountered intense local opposition and were ultimately abandoned. In February 2023, the Marion County Board of Commissioners issued a resolution in opposition to the Project. In April 2024, the staff of the Ohio Power Siting Board recommended that the Board deny the application, upon finding that the project would not serve the public interest, convenience, and necessity due to “overwhelmingly one-sided” opposition “from the local government agencies and the citizens.” That same month, the Ohio Power Siting Board held a public hearing at which the majority of commenters expressing opposition to the project. Opponents cited concerns about aesthetic impacts, drainage issues, farmland loss, and property values. In May 2024, the developer withdrew its application for the project.",S26P-4206,"Sabin Center, Opposition to Renewable Energy Facilities in the United States (Sept. 2026 ed.), via data/renewable_opposition_records_2026-09.csv",https://scholarship.law.columbia.edu/sabin_climate_change/280/,Sabin 2026 entry 4206; cancelled 2024,,,2026-09,in_latest_edition,,,,,src_731207f65d0f,sabin:S26P-4206,report_citation,unverified,39101,39101,name,,,,,,,,,,,,,,
con_1cad258a1f,OH,Chipmunk Solar,solar,4,"On March 2, 2022, EDF Renewables submitted an application for construction of the 400-MW Chipmunk Solar project on approximately 3,684 acres in Pickaway County.",blocked_unverified,outcome_label_only,cancelled,no,,Pickaway County,,2022,400,3684,"On March 2, 2022, EDF Renewables submitted an application for construction of the 400-MW Chipmunk Solar project on approximately 3,684 acres in Pickaway County. However, on December 22, 2022, the developer withdrew the application amidst intense local opposition. The project would have provided $3.6 million per year in local tax revenue (mostly to fund public schools) and $3 million per year in lease payments to participating landowners.",S26P-4207,"Sabin Center, Opposition to Renewable Energy Facilities in the United States (Sept. 2026 ed.), via data/renewable_opposition_records_2026-09.csv",https://scholarship.law.columbia.edu/sabin_climate_change/280/,Sabin 2026 entry 4207; cancelled 2022,,,2026-09,in_latest_edition,,,,,src_731207f65d0f,sabin:S26P-4207,report_citation,unverified,39129,39129,name,,,,,,,,,,,,,,
con_aa9895edc3,OH,Circleville Solar,solar,2,"On April 12, 2022, the Pickaway County Board of Commissioners adopted a resolution stating opposition to the proposed 70-MW Circleville Solar project.",pending,none,pending,no,,Pickaway County,,2022,70,,"On April 12, 2022, the Pickaway County Board of Commissioners adopted a resolution stating opposition to the proposed 70-MW Circleville Solar project. Because the project met the criteria for grandfathering, it was exempt from county veto under S.B. 52, and the resolution was not binding on the OPSB. Nonetheless, on June 10, 2022, staff of the Ohio Power Siting Board recommended that the project be denied. In November 2022, the Circleville City Council passed a resolution opposing the project and other solar farms in Pickaway County. The application is pending before the OPSB.",S26P-4208,"Sabin Center, Opposition to Renewable Energy Facilities in the United States (Sept. 2026 ed.), via data/renewable_opposition_records_2026-09.csv",https://scholarship.law.columbia.edu/sabin_climate_change/280/,Sabin 2026 entry 4208,,,2026-09,in_latest_edition,,,,,src_731207f65d0f,sabin:S26P-4208,report_citation,unverified,39129,39129,name,,,,,,,,,,,,,,
con_666263be94,OH,Eastern Cottontail Solar,solar,3,"In 2018, Geenex Solar proposed a 220-MW solar energy facility on approximately 1,550 acres of agricultural land in Walnut Township.",pending,none,pending,yes,litigation,Fairfield County,Walnut Township,2025,220,1550,"In 2018, Geenex Solar proposed a 220-MW solar energy facility on approximately 1,550 acres of agricultural land in Walnut Township. EDF Renewables subsequently took over the development, which plans to incorporate sheep grazing to assist with vegetation management and preserve the agricultural use of land. The project has faced opposition from the Walnut Township government and a local group called “Citizens For Fair Fields” (CFFF) which has opposed other solar energy projects in the county. In May 2024, the developer began the application process for a Certificate of Environmental Compatibility and Public Need with the Ohio Power Siting Board (OPSB). CFFF and Walnut Township government intervened in the proceeding in opposition to the project. On August 21, 2025, the OPSB approved the application, allowing the project to move forward. In October 2025, the OPSB denied the opponents motion for rehearing and affirmed the approval of the project. In December 2025, the opponents filed a notice of appeal in the Ohio Supreme Court.",S26P-4209,"Sabin Center, Opposition to Renewable Energy Facilities in the United States (Sept. 2026 ed.), via data/renewable_opposition_records_2026-09.csv",https://scholarship.law.columbia.edu/sabin_climate_change/280/,Sabin 2026 entry 4209; litigation venue: Administrative,,,2026-09,in_latest_edition,,,,,src_731207f65d0f,sabin:S26P-4209,report_citation,unverified,39045,39045,name,strong,eia:69108:planned,Eastern Cottontail Solar,planned,220,2028,39.84417,-82.49453,"EIA-860M August 2026: plant ID 69108 'Eastern Cottontail Solar' (OH, Fairfield County, entity EDF Renewables Development, Inc., solar, 220 MW), planned, not under construction, expected 12/2028. Status (L) Regulatory approvals pending. Not under construction. Matched on name and county and capacity. The inventory records the plant's status only; it says nothing about the opposition or its effect.",,,,,
con_7495cb93d6,OH,Emerson Creek Wind Farm,wind,3,"On January 31, 2019, Firelands Wind LLC submitted an application for a 300-MW wind farm consisting of 71 turbines spaced out across 32,000 acres, with 84.5 acres of built facilities.",pending,none,pending,yes,litigation,Erie County; Huron County,,2023,300,32000,"On January 31, 2019, Firelands Wind LLC submitted an application for a 300-MW wind farm consisting of 71 turbines spaced out across 32,000 acres, with 84.5 acres of built facilities. The proposal encountered opposition from local residents and the Black Swamp Bird Observatory, who intervened in the OPSB proceeding to stop the project. On June 24, 2021, the application received approval from the OPSB. Opponents of the project requested rehearing, which was denied. Opponents then filed an appeal to the Ohio Supreme Court. In July 2023, the court affirmed the approval, finding that Firelands and the OPSB had done enough to mitigate issues presented by the residents and allowing the project to proceed.",S26P-4210,"Sabin Center, Opposition to Renewable Energy Facilities in the United States (Sept. 2026 ed.), via data/renewable_opposition_records_2026-09.csv",https://scholarship.law.columbia.edu/sabin_climate_change/280/,"Sabin 2026 entry 4210; litigation venue: Administrative, State",,,2026-09,in_latest_edition,,,,,src_731207f65d0f,sabin:S26P-4210,report_citation,unverified,,39043;39077,names,,,,,,,,,,,,,,
con_a4c882b5d8,OH,Fountain Point Solar Farm,solar,2,"The proposed Fountain Point Solar Farm, which would spans 3,800 acres in Bokescreek, Rushcreek, and Perry Townships, is currently being considered by the Ohio Power Siting Board.",pending,none,pending,no,,Logan County,"Bokescreek, Rushcreek, and Perry Townships",2022,,3800,"The proposed Fountain Point Solar Farm, which would spans 3,800 acres in Bokescreek, Rushcreek, and Perry Townships, is currently being considered by the Ohio Power Siting Board. The group No Solar in Logan County (Ohio) has opposed the project, and around 100 residents opposed the project at a March 2022 public meeting.",S26P-4211,"Sabin Center, Opposition to Renewable Energy Facilities in the United States (Sept. 2026 ed.), via data/renewable_opposition_records_2026-09.csv",https://scholarship.law.columbia.edu/sabin_climate_change/280/,Sabin 2026 entry 4211,,,2026-09,in_latest_edition,,,,,src_731207f65d0f,sabin:S26P-4211,report_citation,unverified,39091,39091,name,,,,,,,,,,,,,,
con_c085509cbc,OH,Frasier Solar Project,solar,3,"Frasier Solar, an 800-acre, 120-MW solar farm proposed by Open Road Renewables in Knox County has encountered organized opposition.",pending,none,pending,yes,litigation,Knox County,,2024,120,800,"Frasier Solar, an 800-acre, 120-MW solar farm proposed by Open Road Renewables in Knox County has encountered organized opposition. In November 2023, an anonymously funded group called Knox Smart Development (KSD) was formed to oppose the project. KSD has hosted events with speakers from the Heartland Institute and natural gas-associated groups, including the Empowerment Alliance. In December 2023, KSD published an op-ed laying out points in opposition to the project and advising residents on means to oppose it. In January 2024, KSD and a second opposition group called Preserve Knox County (PKC) intervened in a proceeding in front of the Ohio Power Siting Board to oppose the project. The Ohio Environmental Council, the Ohio Chamber of Commerce, the International Brotherhood of Electrical Workers, and a participating landowner intervened in support. In April 2024, the Ohio Power Siting Board held a public hearing which was adjourned after 6.5 hours of testimony, with the OPSB deciding to hold two additional public hearings to accommodate the remaining speakers. At the hearings, opponents raised concerns about loss of farmland and agricultural production, as well as noise and other disruptions surrounding properties, while supporters emphasized property rights, economic benefits, and plans to include sheep grazing as part of the project. In August 2024, the Board held an adjudicatory hearing. On June 26, 2025, the OPSB approved the project, finding that opposition from local government officials was not unanimous and that the project served the public interest. On August 21, 2025, the OPSB denied a motion for rehearing and upheld the approval of the project. In October 2025, the opponents filed a notice of appeal in the Ohio Supreme Court.",S26P-4212,"Sabin Center, Opposition to Renewable Energy Facilities in the United States (Sept. 2026 ed.), via data/renewable_opposition_records_2026-09.csv",https://scholarship.law.columbia.edu/sabin_climate_change/280/,Sabin 2026 entry 4212; litigation venue: Administrative,,,2026-09,in_latest_edition,,,,,src_731207f65d0f,sabin:S26P-4212,report_citation,unverified,39083,39083,name,,,,,,,,,,,,,,
con_5b86fd1934,OH,Grange Solar Grazing Center,solar,4,"On October 11, 2024, Open Road Renewables submitted an application to the Ohio Power Siting Board (OPSB) to construct the 500-MW Grange Solar Grazing Center on approximately 2,600 acres of private farmland.",blocked_unverified,outcome_label_only,cancelled,yes,litigation,Logan County,,2025,500,2600,"On October 11, 2024, Open Road Renewables submitted an application to the Ohio Power Siting Board (OPSB) to construct the 500-MW Grange Solar Grazing Center on approximately 2,600 acres of private farmland. The project included plans to incorporate sheep grazing. However, local residents and local governments mobilized to oppose the project. [Note: In January 2025, a local organization called Indian Lake Advocacy Group intervened in the OPSB proceeding in opposition to the project. In February 2025, Logan County and 5 townships also intervened in opposition to the project. On February 21, 2025, the OPSB Staff recommended denial of the application upon finding that “the opposition has been especially prominent and overwhelmingly one-sided from the local government agencies.” One week later, the developer filed a notice of withdrawal of the application.]",S26P-4213,"Sabin Center, Opposition to Renewable Energy Facilities in the United States (Sept. 2026 ed.), via data/renewable_opposition_records_2026-09.csv",https://scholarship.law.columbia.edu/sabin_climate_change/280/,Sabin 2026 entry 4213; litigation venue: Administrative; cancelled 2025,,,2026-09,in_latest_edition,,,,,src_731207f65d0f,sabin:S26P-4213,report_citation,unverified,39091,39091,name,,,,,,,,,,,,,,
con_9220d499e5,OH,Great Bend Solar,solar,2,"Great Bend Solar, a 376-acre, 48-MW solar farm proposed by Doral LLC, faced significant resistance from the local community in 2024.",pending,none,pending,no,,Meigs County,,2024,48,376,"Great Bend Solar, a 376-acre, 48-MW solar farm proposed by Doral LLC, faced significant resistance from the local community in 2024. Signs reading “No Solar” have been placed around the area of the proposed project. A primary concern cited by opponents is that the company plans on utilizing land that has been recognized as nationally historic farmland. Doral claims that the project would provide over $400,000 of annual tax revenue and economic growth opportunities for the county. However, opponents, including one of the Commissioners, believe that the benefits of the project to the county would be minimal in comparison to the loss of prime farmland, and argue that the project should be relocated to an area without such fertile soil.",S26P-4214,"Sabin Center, Opposition to Renewable Energy Facilities in the United States (Sept. 2026 ed.), via data/renewable_opposition_records_2026-09.csv",https://scholarship.law.columbia.edu/sabin_climate_change/280/,Sabin 2026 entry 4214,,,2026-09,in_latest_edition,,,,,src_731207f65d0f,sabin:S26P-4214,report_citation,unverified,39105,39105,name,strong,eia:67834:operating,Great Bend Solar Project,operating,48,2025,39.00333,-81.77111,"EIA-860M August 2026: plant ID 67834 'Great Bend Solar Project' (OH, Meigs County, entity Great Bend Solar LLC, solar, 48 MW), operating, since 12/2025. Status (OP) Operating. Matched on name and county and capacity. The inventory records the plant's status only; it says nothing about the opposition or its effect.","outcome pending, but the plant is operating",,,,
con_3e361070b3,OH,Hillclimber Solar,solar;battery_storage,2,"In 2025, RWE proposed the Hillclimber Solar project, comprising 116.5 MW of solar energy generation and 40 MW of battery energy storage, to be located on over 900 acres in Urbana Township.",pending,none,pending,no,,Champaign County,Urbana Township,2025,156.5,900,"In 2025, RWE proposed the Hillclimber Solar project, comprising 116.5 MW of solar energy generation and 40 MW of battery energy storage, to be located on over 900 acres in Urbana Township. Although Champaign County has an active ban on new utility-scale solar projects in its townships and unincorporated areas, the project is reportedly exempt because the developer had signed agreements with the regional electric grid operator (PJM) that pre-dated the ban. In September 2025, the developer filed a pre-application notice with the Ohio Power Siting Board (OPSB) for state level approval of the project. At a November 2025 Champaign County public hearing, opponents of the project raised concerns about its potential environmental impacts, changes in viewshed, and a lack of local benefits. The opponents have placed “no solar” lawn and field signs in properties near the area where the project would be sited. The developer had already decreased the size of the project by 200 acres after opposition at the initial public meeting a month prior. The project is estimated to generate roughly $30 million in tax revenue over the project’s lifespan. The permitting process remains pending before the OPSB.",S26P-4400,"Sabin Center, Opposition to Renewable Energy Facilities in the United States (Sept. 2026 ed.), via data/renewable_opposition_records_2026-09.csv",https://scholarship.law.columbia.edu/sabin_climate_change/280/,Sabin 2026 entry 4400,,,2026-09,in_latest_edition,,,,,src_731207f65d0f,sabin:S26P-4400,report_citation,unverified,39021,39021,name,,,,,,,,,,,,,,
con_2f3d272ef3,OH,Honey Creek Wind,wind,4,"On May 5, 2022, the Crawford County Commissioners adopted a resolution pursuant to S.B. 52 prohibiting large wind farms in all unincorporated areas of the county, which effectively barred construction of the 300-MW Honey Creek Wind Farm proposed by Apex Clean Energy.",blocked_unverified,outcome_label_only,cancelled,no,,Crawford County,,2022,300,,"On May 5, 2022, the Crawford County Commissioners adopted a resolution pursuant to S.B. 52 prohibiting large wind farms in all unincorporated areas of the county, which effectively barred construction of the 300-MW Honey Creek Wind Farm proposed by Apex Clean Energy. Apex Clean Energy successfully petitioned to have the project put to a vote in a referendum in November but ultimately lost in the referendum when voters opted to uphold the restrictions.",S26P-4215,"Sabin Center, Opposition to Renewable Energy Facilities in the United States (Sept. 2026 ed.), via data/renewable_opposition_records_2026-09.csv",https://scholarship.law.columbia.edu/sabin_climate_change/280/,Sabin 2026 entry 4215; cancelled 2022,,,2026-09,in_latest_edition,,,,,src_731207f65d0f,sabin:S26P-4215,report_citation,unverified,39033,39033,name,,,,,,,,,,,,,,
con_434f582056,OH,Icebreaker Wind Project,wind,4,"If constructed, the Icebreaker Wind pilot project would be the first freshwater wind farm in the United States.",blocked_unverified,outcome_label_only,cancelled,yes,litigation,Cuyahoga County,,2023,20.7,4.2,"If constructed, the Icebreaker Wind pilot project would be the first freshwater wind farm in the United States. However, the project has been delayed due to litigation. On February 1, 2017, the developer filed an application to build six offshore wind turbines with a total capacity of 20.7 MW on 4.2 acres of submerged land on Lake Erie. On May 21, 2020, the OPSB approved the project. However, the certificate included conditions that the developer claimed would have made the project uneconomical, including a prohibition on operating the turbines at night between March 1 and November 1. The developer sought rehearing to remove the restrictions, and, on October 8, 2020, the OPSB agreed to rescind the restrictions. On December 7, 2021, two residents of the south shore of Lake Erie filed an appeal with the Ohio Supreme Court challenging the OPSB’s elimination of the restriction on operating the turbines at night. On August 10, 2022, affirmed the OPSB’s decision, allowing the project to move forward. In December 2023, DOE terminated its funding for the project after the developer failed to meet performance milestones; the developer thereafter announced the indefinite suspension of the project.",S26P-4216,"Sabin Center, Opposition to Renewable Energy Facilities in the United States (Sept. 2026 ed.), via data/renewable_opposition_records_2026-09.csv",https://scholarship.law.columbia.edu/sabin_climate_change/280/,"Sabin 2026 entry 4216; litigation venue: Administrative, State; cancelled 2023",,,2026-09,in_latest_edition,,,,,src_731207f65d0f,sabin:S26P-4216,report_citation,unverified,39035,39035,name,,,,,,,,,,,,,,
con_309b5aae14,OH,Kensington Solar Project,solar,4,"On October 19, 2021, Liberty Renewables submitted an application for the 135-MW Kensington Solar project to the Ohio Power Siting Board.",blocked_unverified,outcome_label_only,cancelled,no,,Columbiana County,Franklin Township,2024,135,,"On October 19, 2021, Liberty Renewables submitted an application for the 135-MW Kensington Solar project to the Ohio Power Siting Board. The project attracted concerted opposition from local residents, including a group called Franklin Against Kensington Solar, which purportedly had over 400 members. In August 2023, the Columbiana County Board of Commissioners issued a resolution against the solar project. In June 2024, the developer requested a withdrawal of the application it had submitted to the Ohio Power Siting Board, citing “the opposition expressed by the local governmental entities as to the stay, the resolutions previously passed opposing the project, and the request to intervene by the local opposition group opposing the project.”",S26P-4217,"Sabin Center, Opposition to Renewable Energy Facilities in the United States (Sept. 2026 ed.), via data/renewable_opposition_records_2026-09.csv",https://scholarship.law.columbia.edu/sabin_climate_change/280/,Sabin 2026 entry 4217; cancelled 2024,,,2026-09,in_latest_edition,,,,,src_731207f65d0f,sabin:S26P-4217,report_citation,unverified,39029,39029,name,,,,,,,,,,,,,,
con_f32b3fbff1,OH,Kingwood Solar Project,solar,3,"In December 2022, the Ohio Power Siting Board rejected the Kingwood Solar project, a proposed 175-MW solar farm that would have occupied 1,200 acres in Cedarville, Miami, and Xenia townships.",pending,none,pending,yes,litigation,Greene County,"Cedarville, Miami, Xenia",2025,175,1200,"In December 2022, the Ohio Power Siting Board rejected the Kingwood Solar project, a proposed 175-MW solar farm that would have occupied 1,200 acres in Cedarville, Miami, and Xenia townships. The Board found that the project satisfied all criteria except for the public interest standard, citing public opposition as a determining factor for the project’s failure to meet the public interest standard. The developer appealed the Board’s decision to the Ohio Supreme Court, arguing that the Board’s application of the public interest standard was unreasonable. [Note: Oral arguments in the Ohio Supreme Court were held March 2025.]",S26P-4218,"Sabin Center, Opposition to Renewable Energy Facilities in the United States (Sept. 2026 ed.), via data/renewable_opposition_records_2026-09.csv",https://scholarship.law.columbia.edu/sabin_climate_change/280/,Sabin 2026 entry 4218; litigation venue: State,,,2026-09,in_latest_edition,,,,,src_731207f65d0f,sabin:S26P-4218,report_citation,unverified,39057,39057,name,strong,eia:65425:planned,Kingwood Solar,planned,175,2027,39.782,-83.83,"EIA-860M August 2026: plant ID 65425 'Kingwood Solar' (OH, Greene County, entity Vesper Energy Development LLC, solar, 175 MW), planned, not under construction, expected 12/2027. Status (P) Planned for installation, but regulatory approvals not initiated. Matched on name and county and capacity. The inventory records the plant's status only; it says nothing about the opposition or its effect.",,,,,
con_59c0dad62a,OH,Oak Run Solar Project,solar;battery_storage,3,"Savion’s 6,000-acre Oak Run Solar Project, with 800 MW of solar generation capacity and 300 MW of battery storage capacity has faced opposition from local governments.",pending,none,pending,yes,litigation,Madison County,"Deercreek, Monroe, and Somerford Townships",2024,1100,6000,"Savion’s 6,000-acre Oak Run Solar Project, with 800 MW of solar generation capacity and 300 MW of battery storage capacity has faced opposition from local governments. Savion submitted an application for the project to the Ohio Power Siting Board in 2022. The township trustees of Deercreek, Monroe, and Somerford Townships, in which the project would be located, passed resolutions opposing the project and intervened in the OPSB proceeding to oppose the project. Opponents emphasized loss of farmland as an argument against the project. In February 2023, the Madison County Commissioners submitted a letter urging the OPSB to reject the project. In March 2023, the staff of the Ohio Public Utilities Commission recommended approval of the project, and in March 2024, OPSB approved the project, subject to the condition that the project include 4,000 acres of crops and 1,000 sheep. The local government intervenors moved for the OPSB to reconsider its approval, but the OPSB denied their motion in August 2024. In October 2024, Madison County and the three townships appealed the decision to the Ohio Supreme Court.",S26P-4219,"Sabin Center, Opposition to Renewable Energy Facilities in the United States (Sept. 2026 ed.), via data/renewable_opposition_records_2026-09.csv",https://scholarship.law.columbia.edu/sabin_climate_change/280/,"Sabin 2026 entry 4219; litigation venue: Administrative, State",,,2026-09,in_latest_edition,,,,,src_731207f65d0f,sabin:S26P-4219,report_citation,unverified,39097,39097,name,,,,,,,,,,,,,,
con_c5f6fa0044,OH,One Energy Wind,wind,4,"In February 2019, the Findlay Zoning Appeals Board voted 3-1 to deny One Energy’s variance request, which would have allowed for the construction of several 400-foot wind turbines on 37 acres of land in between Crystal and Bigelow.",blocked_unverified,outcome_label_only,cancelled,no,,Hancock County,City of Findlay,2019,,37,"In February 2019, the Findlay Zoning Appeals Board voted 3-1 to deny One Energy’s variance request, which would have allowed for the construction of several 400-foot wind turbines on 37 acres of land in between Crystal and Bigelow. Absent a variance, Findlay zoning laws only permitted wind turbines of up to 100 feet in height. Some residents had opposed the project due to potential visual impacts including shadow flicker, decreased property values, and alleged health impacts.",S26P-4220,"Sabin Center, Opposition to Renewable Energy Facilities in the United States (Sept. 2026 ed.), via data/renewable_opposition_records_2026-09.csv",https://scholarship.law.columbia.edu/sabin_climate_change/280/,Sabin 2026 entry 4220; cancelled 2019,,,2026-09,in_latest_edition,,,,,src_731207f65d0f,sabin:S26P-4220,report_citation,unverified,39063,39063,name,,,,,,,,,,,,,,
con_ef4c554165,OH,Republic Wind Farm,wind,4,"On June 24, 2021, the OPSB denied Apex Clean Energy’s application for the 200-MW Republic Wind Farm in Seneca and Sandusky Counties.",blocked_unverified,outcome_label_only,cancelled,yes,litigation,Sandusky County; Seneca County,,2022,200,,"On June 24, 2021, the OPSB denied Apex Clean Energy’s application for the 200-MW Republic Wind Farm in Seneca and Sandusky Counties. The project met the criteria for grandfathering and therefore was not subject to veto by the county. In denying the application, however, the OPSB noted general opposition from local citizens as well as opposition from the local government entities that intervened in the proceeding. The OPSB denied rehearing on March 17, 2022.",S26P-4221,"Sabin Center, Opposition to Renewable Energy Facilities in the United States (Sept. 2026 ed.), via data/renewable_opposition_records_2026-09.csv",https://scholarship.law.columbia.edu/sabin_climate_change/280/,Sabin 2026 entry 4221; litigation venue: Administrative; cancelled 2022,,,2026-09,in_latest_edition,,,,,src_731207f65d0f,sabin:S26P-4221,report_citation,unverified,,39143;39147,names,,,,,,,,,,,,,,
con_88d5b0c76d,OH,Richwood Solar,solar;battery_storage,4,"In October 2023, Samsung C&T Renewables, LLC proposed Richwood Solar, a 250-MW solar facility with a 50-MW battery energy storage system, to be located on approximately 1,435 acres in Claibourne, Leesburg, and Taylor Townships in Union County.",blocked_unverified,outcome_label_only,cancelled,no,,Union County,"Claibourne, Leesburg, and Taylor Townships",2025,300,1435,"In October 2023, Samsung C&T Renewables, LLC proposed Richwood Solar, a 250-MW solar facility with a 50-MW battery energy storage system, to be located on approximately 1,435 acres in Claibourne, Leesburg, and Taylor Townships in Union County. In January 2024, the developer applied to the Ohio Power Siting Board (OPSB) for a Certificate of Environmental Compatibility and Public Need for the project. A group called “Citizens Against Richwood Solar” and the local governments of Claibourne, Leesburg, and Taylor Townships intervened in the OPSB proceeding in opposition to the project. The Ohio Chamber of Commerce, the Ohio Farm Bureau Federation, and two participating landowners intervened in support of the project. In June 2024, the staff of the Ohio Public Utilities Commission recommended denial of the application. On January 16, 2025 the Ohio Power Siting Board denied the application citing that the proposal failed to serve public interest, primarily because of the opposition by each of the local governments within the project area.",S26P-4386,"Sabin Center, Opposition to Renewable Energy Facilities in the United States (Sept. 2026 ed.), via data/renewable_opposition_records_2026-09.csv",https://scholarship.law.columbia.edu/sabin_climate_change/280/,Sabin 2026 entry 4386; cancelled 2025,,,2026-09,in_latest_edition,,,,,src_731207f65d0f,sabin:S26P-4386,report_citation,unverified,39159,39159,name,strong,eia:68019:canceled_or_postponed;eia:68019:planned,Richwood Solar and Storage,planned,50,2028,40.35318,-83.33117,"EIA-860M August 2026: plant ID 68019 'Richwood Solar and Storage' (OH, Union County, entity Samsung C&T Renewables, LLC, solar, 250 MW), cancelled or indefinitely postponed. EIA-860M August 2026: plant ID 68019 'Richwood Solar and Storage' (OH, Union County, entity Samsung C&T Renewables, LLC, battery_storage, 50 MW), planned, not under construction, expected 12/2028. Status (P) Planned for installation, but regulatory approvals not initiated. Matched on name and county and capacity and a different capacity. The inventory records the plant's status only; it says nothing about the opposition or its effect.",,,,,
con_44e4ae29e6,OH,Ritter Station Solar,solar,2,"In 2025, Repsol Renewables proposed the 199-MW Ritter Station Solar project to be located on approximately 1,700 acres of land in Gorham Township.",pending,none,pending,no,,Fulton County,Gorham Township,2026,199,"1,700","In 2025, Repsol Renewables proposed the 199-MW Ritter Station Solar project to be located on approximately 1,700 acres of land in Gorham Township. In March 2025, the developer filed an application for a certificate of environmental compatibility and public need with the Ohio Power Siting Board (OPSB). On November 13, 2025, after all of the OPSB procedural public meetings and evidentiary hearings had been conducted, the Fulton County Commissioners voted unanimously to oppose construction of the project. On November 20, 2025, in a 7-2 vote, the OPSB approved construction of the project subject to 59 conditions, including agricultural-style perimeter fencing, setbacks of 50 feet from non-participating property lines and 300 feet from non-participating residences, and posting a decommissioning bond. In December 2025, local opponents of the project, who failed to timely intervene in the OPSB proceedings, filed a request for rehearing. In January 2026, the OPSB rejected the request and upheld the project’s approval, noting that the Fulton County’s veto had not been timely filed in the proceedings and that the OPSB properly considered all of the evidence on the record when making its decision.",S26P-4416,"Sabin Center, Opposition to Renewable Energy Facilities in the United States (Sept. 2026 ed.), via data/renewable_opposition_records_2026-09.csv",https://scholarship.law.columbia.edu/sabin_climate_change/280/,Sabin 2026 entry 4416,,,2026-09,in_latest_edition,,,,,src_731207f65d0f,sabin:S26P-4416,report_citation,unverified,39051,39051,name,strong,eia:68510:planned,Ritter Solar,planned,199,2027,41.6949,-84.31682,"EIA-860M August 2026: plant ID 68510 'Ritter Solar' (OH, Fulton County, entity Repsol Renewables NA, solar, 199 MW), planned, not under construction, expected 12/2027. Status (P) Planned for installation, but regulatory approvals not initiated. Matched on name and county and capacity. The inventory records the plant's status only; it says nothing about the opposition or its effect.",,,,,
con_74592f9013,OH,Scioto Farms Solar,solar,4,"On December 13, 2021, Scioto Farms Solar Project LLC submitted an application for a 110-MW solar project in Wayne Township, Pickaway County.",blocked_unverified,outcome_label_only,cancelled,no,,Pickaway County,Wayne Township,2023,110,,"On December 13, 2021, Scioto Farms Solar Project LLC submitted an application for a 110-MW solar project in Wayne Township, Pickaway County. On May 10, 2022, the Staff of the Public Utilities Commission issued a report recommending that the project be denied. Staff noted in the report that the project is grandfathered under S.B. 52. However, in reaching its conclusion that the project would not serve the public interest, convenience, and necessity, Staff noted that the Pickaway County Board of Commissioners had issued a resolution expressing opposition to the project and that Wayne Township had intervened in the OPSB proceeding in opposition to the project. The developer withdrew its application to the Ohio Power Siting Board in December 2023.",S26P-4222,"Sabin Center, Opposition to Renewable Energy Facilities in the United States (Sept. 2026 ed.), via data/renewable_opposition_records_2026-09.csv",https://scholarship.law.columbia.edu/sabin_climate_change/280/,Sabin 2026 entry 4222; cancelled 2023,,,2026-09,in_latest_edition,,,,,src_731207f65d0f,sabin:S26P-4222,report_citation,unverified,39129,39129,name,strong,eia:66702:canceled_or_postponed,Scioto Farms Solar,canceled_or_postponed,110,,39.52519,-83.02103,"EIA-860M August 2026: plant ID 66702 'Scioto Farms Solar' (OH, Pickaway County, entity Scioto Farms Solar Project, LLC, solar, 110 MW), cancelled or indefinitely postponed. Matched on name and county and capacity. The inventory records the plant's status only; it says nothing about the opposition or its effect.",,,,,
con_b6bed8d991,OH,Seneca Wind,wind,4,"In October 2019, developer sPower filed a pre-application letter with the OPSB to propose a 212-MW wind project in Seneca County after having previously withdrawn an application for a very similar project in August 2019.",blocked_unverified,outcome_label_only,cancelled,no,,Seneca County,,2020,212,,"In October 2019, developer sPower filed a pre-application letter with the OPSB to propose a 212-MW wind project in Seneca County after having previously withdrawn an application for a very similar project in August 2019. However, the project faced intense opposition from the Seneca County Anti-Wind Union. In the spring of 2019, Seneca County had adopted a resolution to phase out the county’s alternative energy zone. On October 10, 2019, Seneca County officials clarified that the Seneca Wind would not be grandfathered in. In January 2020, the developer announced that it was not going to proceed with an application.",S26P-4223,"Sabin Center, Opposition to Renewable Energy Facilities in the United States (Sept. 2026 ed.), via data/renewable_opposition_records_2026-09.csv",https://scholarship.law.columbia.edu/sabin_climate_change/280/,Sabin 2026 entry 4223; cancelled 2020,,,2026-09,in_latest_edition,,,,,src_731207f65d0f,sabin:S26P-4223,report_citation,unverified,39147,39147,name,,,,,,,,,,,,,,
con_c4acc90425,OH,South Branch Solar Farm,solar,2,The Ohio Power Siting Board approved the 130-MW South Branch solar project in February 2023.,pending,none,pending,no,,Hancock County,,2023,130,,"The Ohio Power Siting Board approved the 130-MW South Branch solar project in February 2023. Out of 285 submitted comments before the board, 187 were opposed to the project, including comments from a township official and a county public health director. Opposition centered on potential impacts to farmland, draining and water supplies, and property values. After the Ohio Power Siting Board denied a rehearing request, a project opponent filed an appeal to the Ohio Supreme Court in August 2023.",S26P-4224,"Sabin Center, Opposition to Renewable Energy Facilities in the United States (Sept. 2026 ed.), via data/renewable_opposition_records_2026-09.csv",https://scholarship.law.columbia.edu/sabin_climate_change/280/,Sabin 2026 entry 4224,,,2026-09,in_latest_edition,,,,,src_731207f65d0f,sabin:S26P-4224,report_citation,unverified,39063,39063,name,strong,eia:68086:planned,South Branch Solar,planned,115,2027,41.12848,-83.51517,"EIA-860M August 2026: plant ID 68086 'South Branch Solar' (OH, Hancock County, entity Leeward Asset Management, LLC, solar, 115 MW), planned, not under construction, expected 6/2027. Status (L) Regulatory approvals pending. Not under construction. Matched on name and county and capacity. The inventory records the plant's status only; it says nothing about the opposition or its effect.",,,,,
con_bce225d473,OH,Stark Solar Project,solar,4,"In July 2024, the Ohio Power Siting Board recommended rejecting the Stark Solar Project, a proposed 150-MW utility-scale solar farm with a 75-MW battery energy storage system.",blocked_unverified,outcome_label_only,cancelled,no,,Stark County,Washington Township,2025,150,,"In July 2024, the Ohio Power Siting Board recommended rejecting the Stark Solar Project, a proposed 150-MW utility-scale solar farm with a 75-MW battery energy storage system. The Board found that the project would not serve the public interest, citing strong local opposition from both the Stark County Board of Commissioners and Washington Township Trustees. Local opponents raised concerns about impacts to property values and the environment. [Note: The Ohio Power Siting Board rejected the application on April 17, 2025.]",S26P-4225,"Sabin Center, Opposition to Renewable Energy Facilities in the United States (Sept. 2026 ed.), via data/renewable_opposition_records_2026-09.csv",https://scholarship.law.columbia.edu/sabin_climate_change/280/,Sabin 2026 entry 4225; cancelled 2025,,,2026-09,in_latest_edition,,,,,src_731207f65d0f,sabin:S26P-4225,report_citation,unverified,39151,39151,name,strong,eia:66672:planned,"Stark Solar, LLC",planned,150,2027,40.85266,-81.15701,"EIA-860M August 2026: plant ID 66672 'Stark Solar, LLC' (OH, Stark County, entity Samsung C&T Renewables, LLC, solar, 150 MW), planned, not under construction, expected 3/2027. Status (P) Planned for installation, but regulatory approvals not initiated. Matched on name and county and capacity. The inventory records the plant's status only; it says nothing about the opposition or its effect.",,,,,
con_6d4269c691,OH,Yellow Wood Solar,solar,2,"On February 24, 2021, Invenergy proposed the 300-MW Yellow Wood Solar Energy Center.",pending,none,pending,no,,Clinton County,,2022,300,,"On February 24, 2021, Invenergy proposed the 300-MW Yellow Wood Solar Energy Center. However, on September 30, 2021, local residents and businesses opposed to the project intervened in the siting board proceeding. In a press release in May 2022, each of the Clinton County Commissioners expressed opposition to the project. The application is pending before the OPSB.",S26P-4226,"Sabin Center, Opposition to Renewable Energy Facilities in the United States (Sept. 2026 ed.), via data/renewable_opposition_records_2026-09.csv",https://scholarship.law.columbia.edu/sabin_climate_change/280/,Sabin 2026 entry 4226,,,2026-09,in_latest_edition,,,,,src_731207f65d0f,sabin:S26P-4226,report_citation,unverified,39027,39027,name,strong,eia:69963:under_construction,Yellow Wood Solar Energy LLC,under_construction,300,2027,39.27146,-83.7904,"EIA-860M August 2026: plant ID 69963 'Yellow Wood Solar Energy LLC' (OH, Clinton County, entity Invenergy Services LLC, solar, 300 MW), under construction, expected 12/2027. Status (U) Under construction, less than or equal to 50 percent complete. Matched on name and county and capacity. The inventory records the plant's status only; it says nothing about the opposition or its effect.","outcome pending, but the plant is under construction",,,,
con_c5156cfe2a,OK,Cabin Creek Wind Farm,wind,2,"Local community members have organized to oppose the Cabin Creek Wind Farm project, a proposed 300-MW wind project.",pending,none,pending,no,"organized_group, local_residents",Craig County,,2024,300,,"Local community members have organized to oppose the Cabin Creek Wind Farm project, a proposed 300-MW wind project. A citizens group called “Craig County Concerned Citizens” backed a zoning proposition on the ballot in November 2024 aimed at limiting wind farm expansions near homes. The opposition group sited concerns about health, safety, and property rights. The zoning proposition failed to win a majority of votes. The project anticipates beginning construction in 2027, contingent upon securing the necessary permits and approvals.",REC-0360,"Sabin Center, Opposition to Renewable Energy Facilities in the United States (Sept. 2026 ed.), via data/renewable_opposition_records_2026-09.csv",https://scholarship.law.columbia.edu/sabin_climate_change/280/,Sabin 2026 entry 4227; opposition_type carried from the 2025 edition,Craig County Concerned Citizens,https://www.newson6.com/story/672452dee8b932ec3534ce4a/oklahomas-own-in-focus:-craig-county-zoning-proposition-aims-to-restrict-wind-turbine-construction,2026-09,in_latest_edition,con_c5156cfe2a,,,,src_731207f65d0f,sabin:REC-0360,report_citation,unverified,40035,40035,name,,,,,,,,,,,,,,
con_7166906c9b,OK,Canadian River Wind Project,wind,4,"In response to the proposed 300-MW Canadian River wind farm, community members organized protests and advocated for a moratorium on wind farm development in the county.",blocked_confirmed,resolution: https://www.kjrh.com/news/local-news/mcintosh-county-wind-project-canceled,cancelled,no,"organized_group, local_residents",McIntosh County,,2025,300,,"In response to the proposed 300-MW Canadian River wind farm, community members organized protests and advocated for a moratorium on wind farm development in the county. Local opponents expressed concerns over potential impacts on property values, water resources, and tourism. The Muscogee (Creek) Nation supported the efforts against the project, raising concerns about the lack of formal consultation with the tribes. [Note: In January 2025, the project developer announced its decision to terminate the development in response to the local opposition.]",REC-0361,"Sabin Center, Opposition to Renewable Energy Facilities in the United States (Sept. 2026 ed.), via data/renewable_opposition_records_2026-09.csv",https://scholarship.law.columbia.edu/sabin_climate_change/280/,Sabin 2026 entry 4228; cancelled 2025; opposition_type carried from the 2025 edition,,,2026-09,in_latest_edition,con_7166906c9b,,,,src_731207f65d0f,sabin:REC-0361,confirmed,verified,40091,40091,name,,,,,,,,,,,https://www.kjrh.com/news/local-news/mcintosh-county-wind-project-canceled,opened,,2025-01-13
con_685347ee3d,OK,Cedar Run Wind Farm,wind,2,"Local community members have organized to oppose the Cedar Run Wind Project, a proposed 97.5-MW wind farm.",pending,none,pending,no,"organized_group, local_residents",Lincoln County,,2024,97.5,,"Local community members have organized to oppose the Cedar Run Wind Project, a proposed 97.5-MW wind farm. The local opposition group has erected “no wind turbines” signs throughout the county, launched a Facebook group that attracted more than 2,000 members, and erected a website expressing opposition to the project. The project faced a possible moratorium in the county, but the Lincoln County Commissioners ultimately decided not to vote on a moratorium. As of December 2024, the project was still in the early stages of development and was still pending receipt of the necessary permits and approvals.",REC-0362,"Sabin Center, Opposition to Renewable Energy Facilities in the United States (Sept. 2026 ed.), via data/renewable_opposition_records_2026-09.csv",https://scholarship.law.columbia.edu/sabin_climate_change/280/,Sabin 2026 entry 4229; opposition_type carried from the 2025 edition,,,2026-09,in_latest_edition,con_685347ee3d,,,,src_731207f65d0f,sabin:REC-0362,report_citation,unverified,40081,40081,name,,,,,,,,,,,,,,
con_7f792fc53f,OK,Cimarron Link Transmission Line Project,transmission,3,"The 375-mile Cimarron Link Transmission Line proposed by Invenergy has drawn concern and protest from local farmers and landowners, who have raised concerns about diminished property values.",pending,none,pending,yes,litigation,Beaver County; Creek County; Ellis County; Garfield County; Harper County; Kingfisher County; Lincoln County; Logan County; Major County; Payne County; Texas County; Woodward County,,2025,"1,900",,"The 375-mile Cimarron Link Transmission Line proposed by Invenergy has drawn concern and protest from local farmers and landowners, who have raised concerns about diminished property values. The transmission line with approximately 1,900 MW of capacity would carry energy from the Panhandle to a riverside substation in Jenks. The developer has already secured about 600 easement agreements. In November 2024, Cimarron Link brought suit against opposing landowners who had refused to allow surveyors on their land. The lawsuits were dismissed without prejudice on January 13, 2025.",S26P-4372,"Sabin Center, Opposition to Renewable Energy Facilities in the United States (Sept. 2026 ed.), via data/renewable_opposition_records_2026-09.csv",https://scholarship.law.columbia.edu/sabin_climate_change/280/,Sabin 2026 entry 4372; litigation venue: State,,,2026-09,in_latest_edition,,,,,src_731207f65d0f,sabin:S26P-4372,report_citation,unverified,,40007;40037;40045;40047;40059;40073;40081;40083;40093;40119;40139;40153,names,,,,,,,,,,,,,,
con_f358e3a4c1,OK,Osage Wind,wind,3,The Osage Nation has contested a wind farm developed by Enel in Osage County on the basis that the 84-turbine wind farm constitutes a trespass on Osage Nation mineral rights.,advanced_confirmed,resolution: https://www.eia.gov/electricity/data/eia860m/,cancelled,yes,litigation,Osage County,,2023,84,8400,"The Osage Nation has contested a wind farm developed by Enel in Osage County on the basis that the 84-turbine wind farm constitutes a trespass on Osage Nation mineral rights. Beginning in 2014, the federal government and Osage Mineral Council have brought suit against Osage Wind LLC. In 2016, a federal appellate judge held that the Osage Tribe had standing to seek damages for the operation of Osage Wind’s 8,400-acre wind farm and that Enel was unlawfully mining without a mineral permit by gathering and crushing rock to use for the base of its turbines. In January 2019, the U.S. Supreme Court declined to consider an appeal from Osage Wind LLC. The parties were in court again in September 2023, where the Osage Mineral Council and federal government argued that Osage Wind was liable for continued trespass. In December 2023, the District Court for the Northern District of Oklahoma held that Osage Wind was liable for continued trespass and ordered removal of the wind farm.",REC-0363,"Sabin Center, Opposition to Renewable Energy Facilities in the United States (Sept. 2026 ed.), via data/renewable_opposition_records_2026-09.csv",https://scholarship.law.columbia.edu/sabin_climate_change/280/,Sabin 2026 entry 4230; litigation venue: Federal; cancelled 2023; capacity carried from the 2025 edition,,,2026-09,in_latest_edition,con_f358e3a4c1,,,,src_731207f65d0f,sabin:REC-0363,confirmed,verified,40113,40113,name,strong,eia:58683:operating;uswtdb:OK:58683,"Osage Wind, LLC",operating,150.4,2015,36.70694,-96.70028,"EIA-860M August 2026: plant ID 58683 'Osage Wind, LLC' (OK, Osage County, entity Enel Green Power NA, Inc., wind, 150.4 MW), operating, since 6/2015. Status (OP) Operating. USWTDB v9.1 (2026-09-28): entry 58683 'Osage Wind' (OK, Osage County, wind, 150.4 MW), operating, since 2015. Matched on name and county. The inventory records the plant's status only; it says nothing about the opposition or its effect.",,https://www.eia.gov/electricity/data/eia860m/,opened,,2015-06
con_c976efa396,OK,Perisca Solar,solar,4,"In 2021, NextEra Energy Resources proposed the 241-MW Perisca Solar project to be located on approximately 4,650 acres of agriculturally zoned land near the town of Porter in Wagoner County.",blocked_unverified,outcome_label_only,cancelled,no,,Wagoner County,Town of Porter,2025,241,4650,"In 2021, NextEra Energy Resources proposed the 241-MW Perisca Solar project to be located on approximately 4,650 acres of agriculturally zoned land near the town of Porter in Wagoner County. In June 2025, the Board of County Commissioners voted 2-1 to deny a conditional use permit for the project after over two hours of public debate. Opponents of the project voiced concerns about the handling of decommissioned solar panels and the potential for soil and water contamination. Supporters of the project said it could support the state’s growing energy demands and benefit the local community including approximately $31 million dollars in revenue over the lifetime of the project.",S26P-4387,"Sabin Center, Opposition to Renewable Energy Facilities in the United States (Sept. 2026 ed.), via data/renewable_opposition_records_2026-09.csv",https://scholarship.law.columbia.edu/sabin_climate_change/280/,Sabin 2026 entry 4387; cancelled 2025,,,2026-09,in_latest_edition,,,,,src_731207f65d0f,sabin:S26P-4387,report_citation,unverified,40145,40145,name,,,,,,,,,,,,,,
con_cc2b298081,OK,Skeleton Creek Solar Project,solar;battery_storage,1,"On February 27, 2023, the Metropolitan Area Planning Commission denied a petition by NextEra Energy Resources to use 5,277 acres of land for a solar and battery storage facility.",advanced_confirmed,resolution: https://www.eia.gov/electricity/data/eia860m/,pending,no,"organized_group, local_residents",Garfield County,,2023,,5277,"On February 27, 2023, the Metropolitan Area Planning Commission denied a petition by NextEra Energy Resources to use 5,277 acres of land for a solar and battery storage facility. Members of the public expressed concerns about glint and glare, as well as impacts to property values. NextEra has moved forward with the project, and in October 2023, roughly 90-100 people protested the project at a Garfield County Board of County Commissioners meeting.",REC-0364,"Sabin Center, Opposition to Renewable Energy Facilities in the United States (Sept. 2026 ed.), via data/renewable_opposition_records_2026-09.csv",https://scholarship.law.columbia.edu/sabin_climate_change/280/,Sabin 2026 entry 4231; opposition_type carried from the 2025 edition,,,2026-09,in_latest_edition,con_cc2b298081,,,,src_731207f65d0f,sabin:REC-0364,confirmed,verified,40047,40047,name,strong,eia:62494:operating,Skeleton Creek Energy Center Hybrid,operating,752,2020,36.52143,-98.03436,"EIA-860M August 2026: plant ID 62494 'Skeleton Creek Energy Center Hybrid' (OK, Garfield County, entity Skeleton Creek Energy Center, battery_storage;solar;wind, 752 MW), operating, since 12/2020. Status (OP) Operating. Matched on name and county. The inventory records the plant's status only; it says nothing about the opposition or its effect.",,https://www.eia.gov/electricity/data/eia860m/,opened,,2025-12
con_ecf576530f,OK,Wind Catcher Energy Connection Project,wind;transmission,4,"The Wind Catcher Project would have created 2,000 MW of new wind energy generation on the Oklahoma Panhandle and hundreds of miles of new transmission lines to take that energy from Oklahoma to Arkansas, Louisiana, and Texas.",blocked_unverified,outcome_label_only,cancelled,no,,Cimarron County; Texas County,,2018,2000,,"The Wind Catcher Project would have created 2,000 MW of new wind energy generation on the Oklahoma Panhandle and hundreds of miles of new transmission lines to take that energy from Oklahoma to Arkansas, Louisiana, and Texas. It faced opposition from Americans for Prosperity, funded by Charles and formerly David Koch, and the Windfall Coalition, which was co-founded by Harold Hamm, a shale oil developer. The project was canceled in July 2018 shortly after the Texas PUC denied approval for the Texas components of the project, before Oklahoma regulators ever reached a decision.",S26P-4232,"Sabin Center, Opposition to Renewable Energy Facilities in the United States (Sept. 2026 ed.), via data/renewable_opposition_records_2026-09.csv",https://scholarship.law.columbia.edu/sabin_climate_change/280/,Sabin 2026 entry 4232; cancelled 2018,,,2026-09,in_latest_edition,,,,,src_731207f65d0f,sabin:S26P-4232,report_citation,unverified,,40025;40139,names,,,,,,,,,,,,,,
con_497edaf406,OR,Beehive Solar Project,solar,1,"In June 2018, a group called 1,000 Friends of Oregon filed an appeal challenging Clackamas County’s approval of a 73-acre solar project on prime farmland.",advanced_confirmed,resolution: https://capitalpress.com/2018/10/05/settlement-allows-beehive-solar-project-to-go-forward/,pending,no,organized_group,Clackamas County,,2018,73,73,"In June 2018, a group called 1,000 Friends of Oregon filed an appeal challenging Clackamas County’s approval of a 73-acre solar project on prime farmland. The County had found that the project would not preclude commercial agriculture because it would house 100 honeybee colonies on site. Opponents questioned whether the project would truly conserve farmland. In October 2018, the challengers reached a settlement with the developer, allowing the project to move forward.",REC-0367,"Sabin Center, Opposition to Renewable Energy Facilities in the United States (Sept. 2026 ed.), via data/renewable_opposition_records_2026-09.csv",https://scholarship.law.columbia.edu/sabin_climate_change/280/,"Sabin 2026 entry 4233; opposition_type, capacity carried from the 2025 edition","1,000 Friends of Oregon",https://www.oregon.gov/luba/Docs/Opinions/2018/07-18/18060.pdf,2026-09,in_latest_edition,con_497edaf406,,,,src_731207f65d0f,sabin:REC-0367,confirmed,verified,41005,41005,name,,,,,,,,,,,https://capitalpress.com/2018/10/05/settlement-allows-beehive-solar-project-to-go-forward/,opened,,2018-10
con_a8e3b7177a,OR,Boardman-to-Hemingway Transmission Line,transmission,3,"The 290-mile Boardman-to-Hemingway (B2H) transmission line, first proposed in 2007, would deliver up to 1,000 MW of renewable energy across eastern Oregon and southwestern Idaho.",advanced_confirmed,resolution: https://law.justia.com/cases/oregon/supreme-court/2023/s069919.html,pending,yes,litigation,Baker County; Malheur County; Morrow County; Umatilla County; Union County,,2023,2000,,"The 290-mile Boardman-to-Hemingway (B2H) transmission line, first proposed in 2007, would deliver up to 1,000 MW of renewable energy across eastern Oregon and southwestern Idaho. However, a group called the STOP B2H Coalition has filed at least two lawsuits to stop the project. On March 9, 2023, the Oregon Supreme Court ruled against the STOP B2H Coalition in one of those lawsuits, allowing the project to move forward.",REC-0368,"Sabin Center, Opposition to Renewable Energy Facilities in the United States (Sept. 2026 ed.), via data/renewable_opposition_records_2026-09.csv",https://scholarship.law.columbia.edu/sabin_climate_change/280/,Sabin 2026 entry 4234; litigation venue: State,STOP B2H Coalition,https://bakercityherald.com/2020/11/12/state-nation-world-business-and-ag-news,2026-09,in_latest_edition,con_a8e3b7177a,,,,src_731207f65d0f,sabin:REC-0368,confirmed,verified,,41001;41045;41049;41059;41061,names,,,,,,,,,,,https://law.justia.com/cases/oregon/supreme-court/2023/s069919.html,archived,https://web.archive.org/web/20240908100019id_/https://law.justia.com/cases/oregon/supreme-court/2023/s069919.html,2023-03-09
con_298165e676,OR,Deschutes Solar and BESS Facility,solar;battery_storage,2,"In 2025, DECH bn proposed the  Deschutes Solar and Battery Energy Storage System (BESS), with 1,000 MW of solar energy generation and 4,000 MWh of storage capacity to be located on approximately 14,000 acres of private land zoned for Exclusive Farm Use (EFU) about 10 miles southwest of Maupin in Wasco County.",pending,none,pending,no,,Wasco County,,2026,"5,000","14,000","In 2025, DECH bn proposed the  Deschutes Solar and Battery Energy Storage System (BESS), with 1,000 MW of solar energy generation and 4,000 MWh of storage capacity to be located on approximately 14,000 acres of private land zoned for Exclusive Farm Use (EFU) about 10 miles southwest of Maupin in Wasco County. In January 2026, the developer submitted a preliminary Application for a Site Certificate (pASC) to the Oregon Siting Council. In March 2026, the Wasco County Commissioners discussed the application at a public hearing as part of the state-level siting process. Many local residents expressed strong opposition to the project, raising concerns about its impacts on agricultural land, wildfire safety risks, water usage, insufficient setbacks, and unclear plans for development within a portion of the site zoned rural residential. The county staff recommended that all fire district requirements be formalized as conditions of approval. The County Commissioners voted unanimously to adopt the staff’s recommendations and submit them to the Siting Council for review.",S26P-4429,"Sabin Center, Opposition to Renewable Energy Facilities in the United States (Sept. 2026 ed.), via data/renewable_opposition_records_2026-09.csv",https://scholarship.law.columbia.edu/sabin_climate_change/280/,Sabin 2026 entry 4429,,,2026-09,in_latest_edition,,,,,src_731207f65d0f,sabin:S26P-4429,report_citation,unverified,41065,41065,name,strong,eia:68763:planned,Deschutes Solar and BESS,planned,2000,2029,45.157,-121.136,"EIA-860M August 2026: plant ID 68763 'Deschutes Solar and BESS' (OR, Wasco County, entity DECH bn, LLC, battery_storage;solar, 2000 MW), planned, not under construction, expected 11/2029. Status (L) Regulatory approvals pending. Not under construction. Matched on name and county. The inventory records the plant's status only; it says nothing about the opposition or its effect.",,,,,
con_b9a2dc6c7a,OR,Echanis Wind Farm,wind,3,"In 2007, Columbia Energy Partners (“CEP”) proposed Echanis Wind Farm, a 104-MW wind farm to be developed on approximately 10,500 acres of private land.",pending,none,pending,yes,litigation,Harney County,,2011,104,10500,"In 2007, Columbia Energy Partners (“CEP”) proposed Echanis Wind Farm, a 104-MW wind farm to be developed on approximately 10,500 acres of private land. The project met immediate opposition from the Oregon Natural Desert Association (“ONDA”) due to its proximity to the federally-protected Steens Mountain. Despite opposition, Harney County granted a conditional use permit. CEP then proposed two additional 104-MW wind projects with a potential third proposal, which prompted increased public opposition. In 2009 CEP withdrew the additional proposals but obtained approval for its initial project, which required approval from the Bureau of Land Management (BLM) and submission of an Environmental Impact Statement (EIS) because the transmission lines needed to cross over 40 miles of federal lands. Opposition continued throughout the EIS process garnering about 250 public comments. In 2011, BLM approved the project. ONDA and the Audubon Society of Portland challenged the decision in federal district court, which dismissed their lawsuit. In 2016, the opponents appealed the district court’s dismissal to the Ninth Circuit, which partially reversed the dismissal of the lawsuit and remanded BLM’s approval, concluding that the EIS was inadequate. No significant progress has been made on the project since the Ninth Circuit’s decision to reverse and remand.",REC-0369,"Sabin Center, Opposition to Renewable Energy Facilities in the United States (Sept. 2026 ed.), via data/renewable_opposition_records_2026-09.csv",https://scholarship.law.columbia.edu/sabin_climate_change/280/,Sabin 2026 entry 4235; litigation venue: Federal,Oregon Natural Desert Association,https://www.klcc.org/2016-05-26/judges-reject-steens-mountain-wind-project,2026-09,in_latest_edition,con_b9a2dc6c7a,,,,src_731207f65d0f,sabin:REC-0369,report_citation,unverified,41025,41025,name,,,,,,,,,,,,,,
con_be46918102,OR,Mountain Meadow Solar Project,solar,2,"Mountain Meadow Solar, LLC applied to Clackamas County for permission to construct a 10-acre solar farm on a parcel then used for growing Christmas trees.",pending,none,pending,no,local_residents,Clackamas County,,2019,10,10,"Mountain Meadow Solar, LLC applied to Clackamas County for permission to construct a 10-acre solar farm on a parcel then used for growing Christmas trees. After Clackamas County approved the project, five neighbors appealed to the Oregon Land Use Board of Appeals. In April 2019, the board dismissed certain claims and remanded others.",REC-0370,"Sabin Center, Opposition to Renewable Energy Facilities in the United States (Sept. 2026 ed.), via data/renewable_opposition_records_2026-09.csv",https://scholarship.law.columbia.edu/sabin_climate_change/280/,"Sabin 2026 entry 4236; opposition_type, capacity carried from the 2025 edition",,,2026-09,in_latest_edition,con_be46918102,,,,src_731207f65d0f,sabin:REC-0370,report_citation,unverified,41005,41005,name,,,,,,,,,,,,,,
con_f1ba5562af,OR,Muddy Creek Energy Park,solar,2,"The proposed 199-MW Muddy Creek Energy Park solar energy generation facility would encompass 1,588 acres.",pending,none,pending,no,"organized_group, local_residents",Lane County,,2024,199,1588,"The proposed 199-MW Muddy Creek Energy Park solar energy generation facility would encompass 1,588 acres. The project is in the process of a two-year study mandated by the Oregon Department of Fish and Wildlife. After this process, the application will be submitted to Oregon’s Energy Facility Siting Council. However, this project has faced intense local opposition. In particular, Friends of Gap Road has raised concerns about loss of farmland and bird impacts, has led a letter-writing campaign to local officials, built billboards in the community, and spoken against the project at town hall meetings. The group has also advocated for the State legislature to return power to local government.",REC-0371,"Sabin Center, Opposition to Renewable Energy Facilities in the United States (Sept. 2026 ed.), via data/renewable_opposition_records_2026-09.csv",https://scholarship.law.columbia.edu/sabin_climate_change/280/,Sabin 2026 entry 4237; opposition_type carried from the 2025 edition,,,2026-09,in_latest_edition,con_f1ba5562af,,,,src_731207f65d0f,sabin:REC-0371,report_citation,unverified,41039,41039,name,,,,,,,,,,,,,,
con_68581d6deb,OR,Nolin Hills Energy Project,solar;wind;battery_storage;transmission,3,"In September 2017, Capital Power proposed a 350-MW wind project on approximately 45,000 acres in the county’s exclusive farm use zone.",advanced_confirmed,resolution: https://www.oregon.gov/energy/facilities/pages/nhw.aspx,pending,yes,litigation,Umatilla County,,2024,650,48000,"In September 2017, Capital Power proposed a 350-MW wind project on approximately 45,000 acres in the county’s exclusive farm use zone. In November 2020, the project was expanded to include up to 300 MW of solar and storage capacity, as well as a transmission line passing through commercial, industrial and agribusiness zones, on a total of 48,000 acres. In January 2022, the developer filed its application for a site certificate with the Energy Facility Siting Council (EFSC) instead of seeking local land use approval with the county’s Board of Commissioners. In July 2022, the county amended its Development Code to require a 2-mile setback from rural homes. In August 2023, the EFSC unanimously approved the project. The county government challenged the EFSC’s decision in the state’s Supreme Court alleging that the project does not comply with the local setback restrictions. On April 18, 2024, the court affirmed the EFSC’s decision allowing the project to proceed as long as it otherwise complies with the state’s land use goals. The court held that the EFSC has the ultimate decision-making authority over large energy facilities that comply with statewide planning goals. Development of the project is ongoing.",REC-0372,"Sabin Center, Opposition to Renewable Energy Facilities in the United States (Sept. 2026 ed.), via data/renewable_opposition_records_2026-09.csv",https://scholarship.law.columbia.edu/sabin_climate_change/280/,Sabin 2026 entry 4238; litigation venue: State,,,2026-09,in_latest_edition,con_68581d6deb,,,,src_731207f65d0f,sabin:REC-0372,confirmed,verified,41059,41059,name,strong,eia:60070:planned,Nolin Hills,planned,600,2027,45.55455,-119.1143,"EIA-860M August 2026: plant ID 60070 'Nolin Hills' (OR, Umatilla County, entity Nolin Hills Wind, LLC, solar;wind, 600 MW), planned, not under construction, expected 12/2027. Status (P) Planned for installation, but regulatory approvals not initiated. Matched on name and county and capacity. The inventory records the plant's status only; it says nothing about the opposition or its effect.",,https://www.oregon.gov/energy/facilities/pages/nhw.aspx,opened,,2023-07-19
con_068d7bcf0d,OR,Obsidian Solar Center,solar,3,Plans for the 400-MW Obsidian Solar Center in the high desert of Christmas Valley were met with opposition by local residents concerned about dust and impacts to local wildlife.,advanced_confirmed,resolution: https://www.oregon.gov/energy/facilities/Pages/OSC.aspx,pending,yes,litigation,Lake County,,2022,400,1588,"Plans for the 400-MW Obsidian Solar Center in the high desert of Christmas Valley were met with opposition by local residents concerned about dust and impacts to local wildlife. The project was submitted for approval in 2018 with the hope of beginning construction in 2019. However, due to opposition, construction was delayed by several years. Farmers and ranchers opposed to the project initiated a contested case proceeding. In 2022, an administrative law judge sided with the developers, allowing construction to move forward.",REC-0373,"Sabin Center, Opposition to Renewable Energy Facilities in the United States (Sept. 2026 ed.), via data/renewable_opposition_records_2026-09.csv",https://scholarship.law.columbia.edu/sabin_climate_change/280/,Sabin 2026 entry 4239; litigation venue: Administrative; area carried from the 2025 edition,,,2026-09,in_latest_edition,con_068d7bcf0d,,,,src_731207f65d0f,sabin:REC-0373,confirmed,verified,41037,41037,name,strong,eia:63488:planned,Obsidian Solar Center,planned,400,2028,43.31217,-120.8218,"EIA-860M August 2026: plant ID 63488 'Obsidian Solar Center' (OR, Lake County, entity Obsidian Solar Center LLC, solar, 400 MW), planned, not under construction, expected 12/2028. Status (L) Regulatory approvals pending. Not under construction. Matched on name and county and capacity. The inventory records the plant's status only; it says nothing about the opposition or its effect.",,https://www.oregon.gov/energy/facilities/Pages/OSC.aspx,opened,,2022-02-25
con_ba4d87b309,OR,Origis Energy Solar Project,solar,4,"The group 1,000 Friends of Oregon filed an appeal challenging Jackson County’s approval of an 80-acre solar facility on prime farmland outside of Medford.",blocked_confirmed,resolution: https://www.courtlistener.com/opinion/6657003/1000-friends-of-or-v-jackson-cnty/,cancelled,no,"organized_group, local_residents",Jackson County,,2018,80,80,"The group 1,000 Friends of Oregon filed an appeal challenging Jackson County’s approval of an 80-acre solar facility on prime farmland outside of Medford. The state’s Land Use Board of Appeals (LUBA) reversed the decision, siding with the opponents. In June 2018, the Oregon Court of Appeals upheld LUBA’s decision, finding that the project did not meet any exception from the state’s policy of farmland preservation.",REC-0374,"Sabin Center, Opposition to Renewable Energy Facilities in the United States (Sept. 2026 ed.), via data/renewable_opposition_records_2026-09.csv",https://scholarship.law.columbia.edu/sabin_climate_change/280/,"Sabin 2026 entry 4240; cancelled 2018; opposition_type, capacity carried from the 2025 edition","1,000 Friends of Oregon",https://katu.com/news/local/land-use-group-tries-to-stop-oregon-solar-farm,2026-09,in_latest_edition,con_ba4d87b309,,,,src_731207f65d0f,sabin:REC-0374,confirmed,verified,41029,41029,name,,,,,,,,,,,https://www.courtlistener.com/opinion/6657003/1000-friends-of-or-v-jackson-cnty/,opened,,2018-05-31
con_c0061d8d93,OR,Steens Wind,wind,4,"In 2012, the Portland Audubon Society and Oregon Natural Desert Association filed a lawsuit in federal court to challenge the federal government’s approval of a wind farm on Steens Mountain.",blocked_confirmed,court_ruling: Oregon Natural Desert Association v. Jewell,cancelled,yes,litigation,Harney County,,2017,350,48000,"In 2012, the Portland Audubon Society and Oregon Natural Desert Association filed a lawsuit in federal court to challenge the federal government’s approval of a wind farm on Steens Mountain. The lawsuit cited potential impacts to golden eagles, sage grouse, and bighorn sheep. In May 2016, the Ninth Circuit Court of Appeals found that the federal government had failed to adequately consider impacts on the sage grouse. In April 2017, the district court vacated approval of the project.",REC-0375,"Sabin Center, Opposition to Renewable Energy Facilities in the United States (Sept. 2026 ed.), via data/renewable_opposition_records_2026-09.csv",https://scholarship.law.columbia.edu/sabin_climate_change/280/,"Sabin 2026 entry 4241; litigation venue: Federal; cancelled 2017; capacity, area carried from the 2025 edition",Oregon Natural Desert Association; Portland Audubon Society,https://oregonbusiness.com/7227-groups-sue-over-proposed-wind-farm/,2026-09,in_latest_edition,con_c0061d8d93,,,,src_731207f65d0f,sabin:REC-0375,confirmed,verified,41025,41025,name,,,,,,,,,,,,,,
con_c36fd3da06,OR,Summit Ridge Wind,wind,3,"Pattern Energy’s 72-turbine, 194-MW Summit River Wind project was opposed by conservation group Friends of the Columbia Gorge (FOTCG) on the belief that it would harm bald and golden eagle populations and diminish the scenic beauty of the river gorge area.",pending,none,pending,yes,litigation,Wasco County,,2020,194,,"Pattern Energy’s 72-turbine, 194-MW Summit River Wind project was opposed by conservation group Friends of the Columbia Gorge (FOTCG) on the belief that it would harm bald and golden eagle populations and diminish the scenic beauty of the river gorge area. FOTCG filed a lawsuit against the Oregon Energy Facility Siting Council alleging that certain rules the Council relied upon in approving the project were invalid. In 2017, the Oregon Supreme Court sided with FOTCG, invalidating the rules. However, the project later received approval and began construction in August 2020.",S26P-4242,"Sabin Center, Opposition to Renewable Energy Facilities in the United States (Sept. 2026 ed.), via data/renewable_opposition_records_2026-09.csv",https://scholarship.law.columbia.edu/sabin_climate_change/280/,Sabin 2026 entry 4242; litigation venue: State,,,2026-09,in_latest_edition,,,,,src_731207f65d0f,sabin:S26P-4242,report_citation,unverified,41065,41065,name,strong,eia:58894:canceled_or_postponed,Summit Ridge I Wind Farm,canceled_or_postponed,192,,45.45167,-120.9417,"EIA-860M August 2026: plant ID 58894 'Summit Ridge I Wind Farm' (OR, Wasco County, entity Pattern Operators LP, wind, 192 MW), cancelled or indefinitely postponed. Matched on name and county and capacity. The inventory records the plant's status only; it says nothing about the opposition or its effect.","outcome pending, but the plant is cancelled or indefinitely postponed",,,,
con_eea10efc3b,OR,Yamhill Creek Solar Project,solar,4,"In October 2018, the state’s Land Use Board of Appeals upheld Yamhill County’s denial of a permit for a 12-acre solar project on farmland, which the owners of a nearby vineyard had opposed.",blocked_unverified,outcome_label_only,cancelled,no,,Yamhill County,,2018,,12,"In October 2018, the state’s Land Use Board of Appeals upheld Yamhill County’s denial of a permit for a 12-acre solar project on farmland, which the owners of a nearby vineyard had opposed.",S26P-4243,"Sabin Center, Opposition to Renewable Energy Facilities in the United States (Sept. 2026 ed.), via data/renewable_opposition_records_2026-09.csv",https://scholarship.law.columbia.edu/sabin_climate_change/280/,Sabin 2026 entry 4243; cancelled 2018,,,2026-09,in_latest_edition,,,,,src_731207f65d0f,sabin:S26P-4243,report_citation,unverified,41071,41071,name,,,,,,,,,,,,,,
con_deca33e478,PA,Atlantic Wind Project,wind,4,"In 2016, Atlantic Wind submitted a proposal to construct 37 wind turbines in Penn Forest Township on lands owned by the Bethlehem Municipal Authority.",blocked_confirmed,resolution: https://www.tnonline.com/20220903/atlantic-wind-walks-away-from-watershed-plans/,unknown,yes,litigation,Carbon County,Penn Forest Township,2018,28,,"In 2016, Atlantic Wind submitted a proposal to construct 37 wind turbines in Penn Forest Township on lands owned by the Bethlehem Municipal Authority. The 2016 proposal was “deemed approved” when Penn Forest Township defaulted on deadline during the review process. Township residents filed a lawsuit challenging the deemed approval, but the approval was upheld in December 2017 by a Carbon County judge. In 2018, with the litigation on the first application still pending, Atlantic Wind submitted a modified application, this time seeking permission for only 28 turbines located farther from homes.",REC-0381,"Sabin Center, Opposition to Renewable Energy Facilities in the United States (Sept. 2026 ed.), via data/renewable_opposition_records_2026-09.csv",https://scholarship.law.columbia.edu/sabin_climate_change/280/,Sabin 2026 entry 4244; litigation venue: State; capacity carried from the 2025 edition,,,2026-09,in_latest_edition,con_deca33e478,,,,src_731207f65d0f,sabin:REC-0381,confirmed,verified,42025,42025,name,,,,,,,,,,,https://www.tnonline.com/20220903/atlantic-wind-walks-away-from-watershed-plans/,opened,,2022-09
con_06d992079f,PA,Brookfield Solar Energy Center,solar,4,"During a series of 21 public hearings between January 2020 and March 2021, residents protested a 75-MW solar energy project proposed by Brookfield Solar I LLC that would span 1,000 acres across 26 different parcels of land in Mount Joy Township.",blocked_confirmed,resolution: https://stateimpact.npr.org/pennsylvania/2023/12/05/controversial-solar-project-near-gettysburg-loses-in-court-again/,cancelled,yes,litigation,Lancaster County,Mount Joy Township,2022,75,1000,"During a series of 21 public hearings between January 2020 and March 2021, residents protested a 75-MW solar energy project proposed by Brookfield Solar I LLC that would span 1,000 acres across 26 different parcels of land in Mount Joy Township. At one hearing in August 2020, protestors argued that the town supervisor should be fired because he owns a solar lease. In June 2021, Mount Joy Township supervisors rejected the developer’s request for a conditional use permit to build a 391-acre stretch of the project along a major highway. On September 2, 2022, the Court of Common Pleas of Adams County, Pennsylvania upheld the denial of the permit, finding that the developer failed to provide sufficient analysis of adverse impacts on surrounding property owners, including stormwater runoff and glare.",REC-0382,"Sabin Center, Opposition to Renewable Energy Facilities in the United States (Sept. 2026 ed.), via data/renewable_opposition_records_2026-09.csv",https://scholarship.law.columbia.edu/sabin_climate_change/280/,Sabin 2026 entry 4245; litigation venue: State; cancelled 2022,,,2026-09,in_latest_edition,con_06d992079f,,,,src_731207f65d0f,sabin:REC-0382,confirmed,verified,42071,42071,name,,,,,,,,,,,https://stateimpact.npr.org/pennsylvania/2023/12/05/controversial-solar-project-near-gettysburg-loses-in-court-again/,opened,,2023-11-30
con_3ff7839c1e,PA,Brookview Solar 1,solar,4,"In November 2023, the Pennsylvania Commonwealth Court affirmed the denial of a permit for the Brookview Solar 1 project in Mount Joy Township.",blocked_confirmed,resolution: https://law.justia.com/cases/pennsylvania/commonwealth-court/2023/1055-c-d-2022.html,cancelled,no,"local_residents, organized_group",Lancaster County,Mount Joy Township,2023,,,"In November 2023, the Pennsylvania Commonwealth Court affirmed the denial of a permit for the Brookview Solar 1 project in Mount Joy Township. Project neighbors had opposed the development, collecting 950 signatures for a petition against the project.",REC-0383,"Sabin Center, Opposition to Renewable Energy Facilities in the United States (Sept. 2026 ed.), via data/renewable_opposition_records_2026-09.csv",https://scholarship.law.columbia.edu/sabin_climate_change/280/,Sabin 2026 entry 4246; cancelled 2023; opposition_type carried from the 2025 edition,,,2026-09,in_latest_edition,con_3ff7839c1e,,,,src_731207f65d0f,sabin:REC-0383,confirmed,verified,42071,42071,name,,,,,,,,,,,https://law.justia.com/cases/pennsylvania/commonwealth-court/2023/1055-c-d-2022.html,opened,,2023-11-30
con_9bd094fcd8,PA,Cuffs Run Pumped Storage Project,hydro,2,A pumped storage project faced opposition from local groups and environmentalists.,pending,none,pending,,"environmental_group, local_residents",York,,July 2023 - February 2024,,1000,"York Energy Storage LLC plans to construct a 1.8-mile-long dam and flood 580 acres to create a hydroelectric facility designed to feed power into the regional grid. The project is named the Cuffs Run Pumped Storage Project and will have an estimated 1,000-acre footprint. In July 2023, a coalition of 17 nonprofits and local governments, along with Republican State Senator KrisDn Phillips-Hill of York, signed a letter urging federal regulators to reject the preliminary permit application for the project. The letter states that the “proposed project would destroy preserved farms, a regional scenic trail, and forested lands much needed to help protect the ecological health of this landscape and waterway.” In September 2023, FERC rejected the preliminary permit application due to deficiencies in the application; the application was refiled and accepted in February 2024.",REC-0384,"Sabin Center, Opposition to Renewable Energy Facilities in the United States (June 2025 ed.), via data/renewable_opposition_records.csv",https://climate.law.columbia.edu/sites/default/files/content/Opposition-Report-June-2025.pdf,,,,2025-06,not_in_latest_edition,con_9bd094fcd8,,,,src_90d5b39d9a09,sabin:REC-0384,report_citation,unverified,42133,42133,name,,,,,,,,,,,,,,
con_a2a80038c0,PA,Derry Township Solar,solar,2,"In 2025, CVE North America proposed the 4.5-MW Derry Township Solar project to be located on approximately 60 acres of privately owned land in a rural neighborhood near New Alexandria.",pending,none,pending,no,,Westmoreland County,New Alexandria,2025,4.5,60,"In 2025, CVE North America proposed the 4.5-MW Derry Township Solar project to be located on approximately 60 acres of privately owned land in a rural neighborhood near New Alexandria. In September 2025, the township supervisors held a public hearing at which the majority of attendees indicated that they opposed the project. The opponents have started an online petition against the project which highlights concerns about potential soil and groundwater contamination, impacts on wildlife and on the nearby Loyalhanna Creek, and impacts on the character of the community from the project.",S26P-4401,"Sabin Center, Opposition to Renewable Energy Facilities in the United States (Sept. 2026 ed.), via data/renewable_opposition_records_2026-09.csv",https://scholarship.law.columbia.edu/sabin_climate_change/280/,Sabin 2026 entry 4401,,,2026-09,in_latest_edition,,,,,src_731207f65d0f,sabin:S26P-4401,report_citation,unverified,42129,42129,name,,,,,,,,,,,,,,
con_f1643b94f4,PA,Dover Solar I Project,solar,1,Enel Green Power’s plans to construct a 600-acre solar project in Dover Township encountered local opposition.,advanced_confirmed,resolution: https://www.ydr.com/story/news/2022/06/15/dover-solar-farm-approved-in-25-minutes/65361179007/,pending,no,"local_residents, organized_group",York County,Dover Township,2022,,600,Enel Green Power’s plans to construct a 600-acre solar project in Dover Township encountered local opposition. One group called Keep Dover Beautiful started a website to organize opposition against the project. The project was ultimately approved in 2022 after eight meetings.,REC-0385,"Sabin Center, Opposition to Renewable Energy Facilities in the United States (Sept. 2026 ed.), via data/renewable_opposition_records_2026-09.csv",https://scholarship.law.columbia.edu/sabin_climate_change/280/,Sabin 2026 entry 4247; opposition_type carried from the 2025 edition,,,2026-09,in_latest_edition,con_f1643b94f4,,,,src_731207f65d0f,sabin:REC-0385,confirmed,verified,42133,42133,name,strong,eia:68995:planned,Dover Solar (PA),planned,75,2027,40.01169,-76.8234,"EIA-860M August 2026: plant ID 68995 'Dover Solar (PA)' (PA, York County, entity Dover Solar, LLC (PA), solar, 75 MW), planned, not under construction, expected 11/2027. Status (T) Regulatory approvals received. Not under construction. Matched on name and county. The inventory records the plant's status only; it says nothing about the opposition or its effect.",,https://www.ydr.com/story/news/2022/06/15/dover-solar-farm-approved-in-25-minutes/65361179007/,opened,,2022-06
con_49487c0c3f,PA,Electric City Solar Initiative,solar,4,"In February 2023, the Scranton Zoning Board denied zoning approval to ECA Solar for the construction of a solar farm on West Mountain.",blocked_confirmed,resolution: https://www.thetimes-tribune.com/2024/05/12/judge-orders-taylor-zoning-hearing-board-to-approve-solar-farm-near-ransom-road/,cancelled,no,"local_residents, organized_group",Lackawanna County,City of Scranton,2023,,73,"In February 2023, the Scranton Zoning Board denied zoning approval to ECA Solar for the construction of a solar farm on West Mountain. The Massachusetts-based company sought to re-zone 73 acres of land to install over 12,000 solar panels. Some residents had complained that the project would be visually disruptive and would lead to flooding from stormwater runoff.",REC-0386,"Sabin Center, Opposition to Renewable Energy Facilities in the United States (Sept. 2026 ed.), via data/renewable_opposition_records_2026-09.csv",https://scholarship.law.columbia.edu/sabin_climate_change/280/,Sabin 2026 entry 4248; cancelled 2023; opposition_type carried from the 2025 edition,,,2026-09,in_latest_edition,con_49487c0c3f,,,,src_731207f65d0f,sabin:REC-0386,confirmed,verified,42069,42069,name,,,,,,,,,,,https://www.thetimes-tribune.com/2024/05/12/judge-orders-taylor-zoning-hearing-board-to-approve-solar-farm-near-ransom-road/,opened,,2024-04
con_d673e8fdd8,PA,Firefly Solar Project,solar,2,Vesper Energy's Firefly Solar project faced significant local opposition and was ultimately prohibited on agricultural land.,pending,none,pending,,"local_residents, organized_group",Lawrence,North Beaver Township,2021 - 2023,200,2000,"Vesper Energy’s proposal to construct the 200-MW Firefly Solar project on prime farmland in North Beaver Township led to significant pushback, and the township ultimately prohibited solar development on agricultural land in 2021. Vesper continued to attempt to develop the project in Lawrence County.",REC-0387,"Sabin Center, Opposition to Renewable Energy Facilities in the United States (June 2025 ed.), via data/renewable_opposition_records.csv",https://climate.law.columbia.edu/sites/default/files/content/Opposition-Report-June-2025.pdf,,,,2025-06,not_in_latest_edition,con_d673e8fdd8,,,,src_90d5b39d9a09,sabin:REC-0387,report_citation,unverified,42073,42073,name,,,,,,,,,,,,,,
con_1882b23cd4,PA,Greenfield Township Solar Farm,solar,4,New Leaf Energy’s plans to construct a solar project on 23 acres of land zoned for suburban-residential development in Greenfield Township have encountered local opposition.,blocked_confirmed,resolution: https://www.thetimes-tribune.com/2023/02/28/greenfield-twp-zoning-board-denies-solar-farm/,cancelled,no,"local_residents, organized_group",Lackawanna County,Greenfield Township,2023,,23,"New Leaf Energy’s plans to construct a solar project on 23 acres of land zoned for suburban-residential development in Greenfield Township have encountered local opposition. At a hearing in January 2023, residents expressed concerns about runoff and impacts to the environment, property values, and the town’s rural character. In February 2023, the township zoning board rejected the project.",REC-0388,"Sabin Center, Opposition to Renewable Energy Facilities in the United States (Sept. 2026 ed.), via data/renewable_opposition_records_2026-09.csv",https://scholarship.law.columbia.edu/sabin_climate_change/280/,Sabin 2026 entry 4249; cancelled 2023; opposition_type carried from the 2025 edition,,,2026-09,in_latest_edition,con_1882b23cd4,,,,src_731207f65d0f,sabin:REC-0388,confirmed,verified,42069,42069,name,,,,,,,,,,,https://www.thetimes-tribune.com/2023/02/28/greenfield-twp-zoning-board-denies-solar-farm/,opened,,2023-02
con_c12607408c,PA,Iberdrola Energy Wind Project,wind,4,"In June 2016, the Lehighton Water Authority formally denied Iberdrola Energy’s request to construct three wind turbines on Water Authority property in the area surrounding the Lehighton Borough’s drinking water supply.",blocked_unverified,outcome_label_only,cancelled,no,,Carbon County,,2016,100,,"In June 2016, the Lehighton Water Authority formally denied Iberdrola Energy’s request to construct three wind turbines on Water Authority property in the area surrounding the Lehighton Borough’s drinking water supply. These turbines were meant to be part of a larger 100-MW wind energy project. Before the decision, some residents had raised concerns at a zoning meetingabout health, welfare, wildlife, and safety issues.",S26P-4250,"Sabin Center, Opposition to Renewable Energy Facilities in the United States (Sept. 2026 ed.), via data/renewable_opposition_records_2026-09.csv",https://scholarship.law.columbia.edu/sabin_climate_change/280/,Sabin 2026 entry 4250,,,2026-09,in_latest_edition,,,,,src_731207f65d0f,sabin:S26P-4250,report_citation,unverified,42025,42025,name,,,,,,,,,,,,,,
con_67c898c76b,PA,Jefferson Solar,solar,2,"In 2023, Cornerstone Solar proposed the 200-MW Jefferson Solar project to be located on approximately 730 acres in Jefferson Township.",pending,none,pending,no,,Washington County,Jefferson Township,2026,200,730,"In 2023, Cornerstone Solar proposed the 200-MW Jefferson Solar project to be located on approximately 730 acres in Jefferson Township. The project has faced opposition from local residents who have described it as an “eyesore” in their small municipality of 1,300 people and raised concerns about its potential impacts on the community’s rural character. In March 2026, the Jefferson Township Planning Commission recommended denial of a conditional use permit for the project on the basis that a small portion of the project site – less than 10 acres – does not meet the township’s subdivision criteria. The developer stated that the project proposal was subsequently revised to meet the township code. In April 2026, the Environmental Protection Agency (EPA) began excavation and remediation work  to remove barrels of toxic waste from a dump abandoned in the 1970s that partially overlaps with the project site. Opponents of the project have expressed hope that delays caused by the EPA’s cleanup efforts will discourage the developer from continuing with the project.",S26P-4430,"Sabin Center, Opposition to Renewable Energy Facilities in the United States (Sept. 2026 ed.), via data/renewable_opposition_records_2026-09.csv",https://scholarship.law.columbia.edu/sabin_climate_change/280/,Sabin 2026 entry 4430,,,2026-09,in_latest_edition,,,,,src_731207f65d0f,sabin:S26P-4430,report_citation,unverified,42125,42125,name,,,,,,,,,,,,,,
con_e1903d5b37,PA,Laurel Hill Wind,wind,3,"In January 2005, Laurel Hill Wind Energy, LLC applied for a special exception to construct a 69-MW wind energy facility on land primarily within the County’s Resource Protection (RP) Zoning district.",needs_review,none,unknown,yes,litigation,Lycoming County,,2012,69,,"In January 2005, Laurel Hill Wind Energy, LLC applied for a special exception to construct a 69-MW wind energy facility on land primarily within the County’s Resource Protection (RP) Zoning district. The county Zoning Administrator granted the special exception by classifying the project as a “public service use,” prompting a nearby property owner to appeal. After multiple hearings, the Lycoming County Zoning Hearing Board (ZHB) ultimately denied the special exception, citing potential adverse impacts and inconsistencies with the RP’s purpose. Laurel Hill Energy appealed the denial to the Court of Common Pleas. In May 2007, the Court affirmed the ZHB’s denial. In November 2007, the Lycoming County Commissioners amended the zoning ordinance to permit wind energy facilities in certain districts, including the RP. In February 2008, Laurel Hill Energy applied for a zoning permit under the new ordinance, and its application was approved with conditions in May 2008. A month later, two local residents Arthur and Elke Plaxton, filed a substantive validity challenge against the ordinance amendments as invalid, arbitrary and unreasonable. In December 2009, the Commonwealth Court of Pennsylvania found no error in the ZHB’s decision and affirmed the denial of the challenge to the amendments. The project was allowed to proceed and was commissioned in October 2012.",S26P-4251,"Sabin Center, Opposition to Renewable Energy Facilities in the United States (Sept. 2026 ed.), via data/renewable_opposition_records_2026-09.csv",https://scholarship.law.columbia.edu/sabin_climate_change/280/,Sabin 2026 entry 4251; litigation venue: State,,,2026-09,in_latest_edition,,,,,src_731207f65d0f,sabin:S26P-4251,report_citation,unverified,42081,42081,name,strong,eia:57744:operating;uswtdb:PA:57744,Laurel Hill Wind,operating,69,2012,41.5323,-77.0296,"EIA-860M August 2026: plant ID 57744 'Laurel Hill Wind' (PA, Lycoming County, entity Deriva Energy, wind, 69 MW), operating, since 9/2012. Status (OP) Operating. USWTDB v9.1 (2026-09-28): entry 57744 'Laurel Hill' (PA, Lycoming County, wind, 69 MW), operating, since 2012. Matched on name and county and capacity. The inventory records the plant's status only; it says nothing about the opposition or its effect.","outcome needs_review, but the plant is operating",,,,
con_40687005b9,PA,Lebanon Solar Project,solar,3,"In April 2022, the North Annville Township Board of Supervisors denied an application for a conditional use permit for Lebanon Solar I, an 858-acre, 70-MW solar farm proposed by a subsidiary of Enel Green Power.",pending,none,pending,yes,litigation,Lebanon County,North Annville Township,2024,70,858,"In April 2022, the North Annville Township Board of Supervisors denied an application for a conditional use permit for Lebanon Solar I, an 858-acre, 70-MW solar farm proposed by a subsidiary of Enel Green Power. The developer appealed the decision to the Lebanon County Court of Common Pleas, which upheld the denial in January 2024 for failing to meet two conditions related to bonding requirements and stormwater management. In February 2024, the developer appealed the ruling to the Pennsylvania Commonwealth Court. A resident opposed to the project also participated in the proceedings and filed an appeal. At public hearings, opponents expressed concerns about the proposed project’s proximity to their homes and its impact on property values, scenic views, and agriculture. Supporters argued that revenue from the leases would benefit farmers facing financial hardship, allowing them to keep their farms, and that solar arrays would be less permanent and intrusive than the warehouse distribution centers that have appeared in parts of the county.",S26P-4252,"Sabin Center, Opposition to Renewable Energy Facilities in the United States (Sept. 2026 ed.), via data/renewable_opposition_records_2026-09.csv",https://scholarship.law.columbia.edu/sabin_climate_change/280/,Sabin 2026 entry 4252; litigation venue: State,,,2026-09,in_latest_edition,,,,,src_731207f65d0f,sabin:S26P-4252,report_citation,unverified,42075,42075,name,,,,,,,,,,,,,,
con_79b3a1e342,PA,Newton Solar I,solar,3,"In September 2024, the Newton Township Supervisors voted to deny a plan by New Leaf Energy, a subsidiary of Borrego Solar Systems, to build around 12,000 solar panels on 24 acres of an old golf club.",pending,none,pending,yes,litigation,Lackawanna County,Newton Township,2024,,24,"In September 2024, the Newton Township Supervisors voted to deny a plan by New Leaf Energy, a subsidiary of Borrego Solar Systems, to build around 12,000 solar panels on 24 acres of an old golf club. The project faced pushback during public hearings from dozens of local residents regarding harms to public health and welfare. In December 2024, Borrego filed an appeal of the supervisors’ decision.",S26P-4253,"Sabin Center, Opposition to Renewable Energy Facilities in the United States (Sept. 2026 ed.), via data/renewable_opposition_records_2026-09.csv",https://scholarship.law.columbia.edu/sabin_climate_change/280/,"Sabin 2026 entry 4253; litigation venue: Administrative, State",,,2026-09,in_latest_edition,,,,,src_731207f65d0f,sabin:S26P-4253,report_citation,unverified,42069,42069,name,,,,,,,,,,,,,,
con_690810f7fb,PA,Ninemile Run Solar,solar,3,"In December 2024, the Unity Township Zoning Board voted in a 3-2 decision to deny a special exemption necessary for the 34-acre Ninemile Run Solar project to be constructed.",pending,none,pending,yes,litigation,Westmoreland County,Unity Township,2024,,34,"In December 2024, the Unity Township Zoning Board voted in a 3-2 decision to deny a special exemption necessary for the 34-acre Ninemile Run Solar project to be constructed. The project faced heavy opposition from local residents who raised concerns about noise. The developers began appealing the decision in late December.",S26P-4254,"Sabin Center, Opposition to Renewable Energy Facilities in the United States (Sept. 2026 ed.), via data/renewable_opposition_records_2026-09.csv",https://scholarship.law.columbia.edu/sabin_climate_change/280/,"Sabin 2026 entry 4254; litigation venue: Administrative, State",,,2026-09,in_latest_edition,,,,,src_731207f65d0f,sabin:S26P-4254,report_citation,unverified,42129,42129,name,,,,,,,,,,,,,,
con_eba86a4a92,PA,Sunrise Diamond Road Solar Project,solar,4,"On July 31, 2024, the Pine Township Zoning Hearing Board rejected an application for a solar project that would have covered 20 acres in the township’s agricultural conservation zone.",blocked_unverified,outcome_label_only,cancelled,no,,Mercer County,,2024,,20,"On July 31, 2024, the Pine Township Zoning Hearing Board rejected an application for a solar project that would have covered 20 acres in the township’s agricultural conservation zone. Local opponents spoke out against the project at a public meeting that ran for three hours ahead of the vote, raising concerns about impacts to property values.",S26P-4255,"Sabin Center, Opposition to Renewable Energy Facilities in the United States (Sept. 2026 ed.), via data/renewable_opposition_records_2026-09.csv",https://scholarship.law.columbia.edu/sabin_climate_change/280/,Sabin 2026 entry 4255; cancelled 2024,,,2026-09,in_latest_edition,,,,,src_731207f65d0f,sabin:S26P-4255,report_citation,unverified,42085,42085,name,,,,,,,,,,,,,,
con_867fdcd0cd,PA,Susquehanna Solar’s Lehman Township Project,solar,4,"In August 2024, Lehman Township’s Zoning Hearing Board voted unanimously to deny a request from Susquehanna Solar to build a 46-acre solar farm in the municipal agricultural district.",blocked_unverified,outcome_label_only,cancelled,no,,Pike County,Lehman and Smith Townships,2024,,46,"In August 2024, Lehman Township’s Zoning Hearing Board voted unanimously to deny a request from Susquehanna Solar to build a 46-acre solar farm in the municipal agricultural district. Following this decision, Susquehanna Solar canceled the project and decided against appealing the Board’s rejection.",S26P-4256,"Sabin Center, Opposition to Renewable Energy Facilities in the United States (Sept. 2026 ed.), via data/renewable_opposition_records_2026-09.csv",https://scholarship.law.columbia.edu/sabin_climate_change/280/,Sabin 2026 entry 4256; cancelled 2024,,,2026-09,in_latest_edition,,,,,src_731207f65d0f,sabin:S26P-4256,report_citation,unverified,42103,42103,name,,,,,,,,,,,,,,
con_fcb19037cd,PA,Susquehanna Solar’s Nanticoke Solar Project,solar,4,"On August 21, 2024, the Nanticoke city council unanimously denied an application for a 40-acre solar project that would have been sited near a housing development.",blocked_unverified,outcome_label_only,cancelled,no,,Luzerne County,,2024,,40,"On August 21, 2024, the Nanticoke city council unanimously denied an application for a 40-acre solar project that would have been sited near a housing development. The project faced local opposition due to its proximity to residential areas.",S26P-4257,"Sabin Center, Opposition to Renewable Energy Facilities in the United States (Sept. 2026 ed.), via data/renewable_opposition_records_2026-09.csv",https://scholarship.law.columbia.edu/sabin_climate_change/280/,Sabin 2026 entry 4257; cancelled 2024,,,2026-09,in_latest_edition,,,,,src_731207f65d0f,sabin:S26P-4257,report_citation,unverified,42079,42079,name,,,,,,,,,,,,,,
con_6fa695a392,PA,Swiftwater Solar Project,solar,3,"On August 15, 2022, two environmental groups filed an appeal with the Pennsylvania Environmental Hearing Board to challenge Pocono Township’s issuance of a permit to construct an 80-MW solar farm near Swiftwater Creek.",pending,none,pending,yes,litigation,Monroe County,Pocono Township,2022,80,,"On August 15, 2022, two environmental groups filed an appeal with the Pennsylvania Environmental Hearing Board to challenge Pocono Township’s issuance of a permit to construct an 80-MW solar farm near Swiftwater Creek. The groups alleged that deforestation on sloped land at the project site would cause runoff in Swiftwater Creek, one of Pennsylvania’s so called Exceptional Value (EV) streams and a tributary of a river that supplies drinking water to Monroe County residents.",S26P-4258,"Sabin Center, Opposition to Renewable Energy Facilities in the United States (Sept. 2026 ed.), via data/renewable_opposition_records_2026-09.csv",https://scholarship.law.columbia.edu/sabin_climate_change/280/,Sabin 2026 entry 4258; litigation venue: State,,,2026-09,in_latest_edition,,,,,src_731207f65d0f,sabin:S26P-4258,report_citation,unverified,42089,42089,name,,,,,,,,,,,,,,
con_13e0c303ee,PA,TotalEnergies’ Palmyra Township Solar Project,solar,4,"On November 4, 2024, the Palmyra Township Supervisors voted to reject an application by TotalEnergies to construct a 6-MW solar project.",blocked_unverified,outcome_label_only,cancelled,no,,Wayne County,,2024,6,,"On November 4, 2024, the Palmyra Township Supervisors voted to reject an application by TotalEnergies to construct a 6-MW solar project. In denying the project, the supervisors echoed local concerns about visual impacts to the rural residential area, as well as property value impacts.",S26P-4259,"Sabin Center, Opposition to Renewable Energy Facilities in the United States (Sept. 2026 ed.), via data/renewable_opposition_records_2026-09.csv",https://scholarship.law.columbia.edu/sabin_climate_change/280/,Sabin 2026 entry 4259; cancelled 2024,,,2026-09,in_latest_edition,,,,,src_731207f65d0f,sabin:S26P-4259,report_citation,unverified,42127,42127,name,,,,,,,,,,,,,,
con_bc17b29fac,PA,Wilson Solar Project,solar,3,"Wilson Solar is seeking to develop an 80-MW solar project on approximately 1,129 acres of land in Erie County.",pending,none,pending,yes,litigation,Erie County,Venango Township,2024,80,1129,"Wilson Solar is seeking to develop an 80-MW solar project on approximately 1,129 acres of land in Erie County. Local residents have expressed opposition to the project based on concerns about visual and environmental impacts. A petition against the project had received over 280 signatures by December 2023. In November 2023, the Venango Township Planning Commission recommended that Venango Township supervisors reject the conditional use application for the solar farm. The supervisors delayed their planned vote on the proposal until January 2024 in response. In January 2024, the Board voted to deny the application and a rezoning request. In February 2024, Wilson Solar appealed the denial of the conditional use application to the Court of Common Pleas of Erie County and submitted a new conditional use permit to the township. As of September 2024, Venango Supervisors were considering the new application for a downsized project, which was being met by continued resistance from residents.",S26P-4260,"Sabin Center, Opposition to Renewable Energy Facilities in the United States (Sept. 2026 ed.), via data/renewable_opposition_records_2026-09.csv",https://scholarship.law.columbia.edu/sabin_climate_change/280/,Sabin 2026 entry 4260; litigation venue: State,,,2026-09,in_latest_edition,,,,,src_731207f65d0f,sabin:S26P-4260,report_citation,unverified,42049,42049,name,,,,,,,,,,,,,,
con_f7fd9b6bfe,RI,Block Island Wind Farm,wind,3,"The 5-turbine, 30-MW Block Island Wind Farm, completed in the 2016, was the first offshore wind project to be constructed in the United States.",advanced_unverified,outcome_label_only,operational,yes,litigation,Washington County,,2015,30,,"The 5-turbine, 30-MW Block Island Wind Farm, completed in the 2016, was the first offshore wind project to be constructed in the United States. However, the project encountered opposition during the planning and construction stage. In particular, the Rhode Island Manufacturers Association filed a lawsuit in 2015, alleging that National Grid’s deal to purchase power from the wind farm violated federal law and would result in a significant increase to their electric bills. A federal district court found that the statute of limitations had run on the plaintiff’s claim and dismissed the lawsuit.",S26P-4261,"Sabin Center, Opposition to Renewable Energy Facilities in the United States (Sept. 2026 ed.), via data/renewable_opposition_records_2026-09.csv",https://scholarship.law.columbia.edu/sabin_climate_change/280/,Sabin 2026 entry 4261; litigation venue: Federal,,,2026-09,in_latest_edition,,,,,src_731207f65d0f,sabin:S26P-4261,report_citation,unverified,44009,44009,name,strong,eia:58035:operating;uswtdb:RI:58035,Block Island Wind Farm,operating,30,2016,41.11472,-71.52111,"EIA-860M August 2026: plant ID 58035 'Block Island Wind Farm' (RI, Washington County, entity Deepwater Wind Block Island LLC, wind, 30 MW), operating, since 12/2016. Status (OP) Operating. USWTDB v9.1 (2026-09-28): entry 58035 'Block Island' (RI, Washington County, wind, 30 MW), operating, since 2016. Matched on name and county and capacity. The inventory records the plant's status only; it says nothing about the opposition or its effect.",,,,,
con_1acecfc2d0,RI,Green Development’s Town of Johnston Solar Farm,solar,3,"Between October 2021 and November 2021, Green Development submitted applications for a 300-acre, 24-MW solar farm in the Town of Johnston.",pending,none,pending,yes,litigation,Providence County,Town of Johnston,2024,24,300,"Between October 2021 and November 2021, Green Development submitted applications for a 300-acre, 24-MW solar farm in the Town of Johnston. The project encountered opposition from residents who argued that a large-scale solar farm should not be sited in a residential area. Local opponents formed a group called Stop Johnston Solar, and Town Council member Robert Civetti pushed for an ordinance banning solar farms in residential areas. In April 2022, the Zoning Board narrowly rejected the initial proposal, after a public hearing that was reportedly so raucous that officials called several police officers. In June 2022, the developer appealed the Zoning Board’s decision to the Providence County Superior Court. In July 2024, the court found that the Zoning Board had failed to explain its reasoning for rejecting the project and remanded the decision to the Zoning Board “to issue detailed and appropriate written decisions.” Meanwhile, the developer submitted a revised proposal for a 160-acre, 24-MW solar, which the Zoning Board unanimously rejected in January 2024, after a public hearing at which no residents spoke in favor of the project. In March 2024, the developer appealed that decision to the Rhode Island Superior Court.",S26P-4262,"Sabin Center, Opposition to Renewable Energy Facilities in the United States (Sept. 2026 ed.), via data/renewable_opposition_records_2026-09.csv",https://scholarship.law.columbia.edu/sabin_climate_change/280/,Sabin 2026 entry 4262; litigation venue: State,,,2026-09,in_latest_edition,,,,,src_731207f65d0f,sabin:S26P-4262,report_citation,unverified,44007,44007,name,,,,,,,,,,,,,,
con_0dac4ddabf,RI,Hope Farm Solar Array,solar,3,"In 2016, a landowner abutting the site of the proposed 10-MW Hope Farm Solar Array mounted a two-pronged challenge to the project, filing a lawsuit in Superior Court and an administrative appeal of a decision by the City of Cranston’s Plan Commission.",pending,none,pending,yes,litigation,Providence County,,2019,10,,"In 2016, a landowner abutting the site of the proposed 10-MW Hope Farm Solar Array mounted a two-pronged challenge to the project, filing a lawsuit in Superior Court and an administrative appeal of a decision by the City of Cranston’s Plan Commission. The lawsuit alleged that a zoning change allowing commercial-grade solar facilities in a zone that generally disallows industrial uses was unlawful. As of January 2019, the project was under construction.",S26P-4263,"Sabin Center, Opposition to Renewable Energy Facilities in the United States (Sept. 2026 ed.), via data/renewable_opposition_records_2026-09.csv",https://scholarship.law.columbia.edu/sabin_climate_change/280/,Sabin 2026 entry 4263; litigation venue: State,,,2026-09,in_latest_edition,,,,,src_731207f65d0f,sabin:S26P-4263,report_citation,unverified,44007,44007,name,,,,,,,,,,,,,,
con_a8f0c0b16e,RI,Natick Avenue Solar Farm,solar,2,"In January 2022, the City of Cranston’s Plan Commission approved plans for an 8-MW, 30-acre solar farm on Natick Avenue.",pending,none,pending,no,,Providence County,City of Cranston,2022,8,30,"In January 2022, the City of Cranston’s Plan Commission approved plans for an 8-MW, 30-acre solar farm on Natick Avenue. On May 27, 2022, however, the Superior Court vacated the master plan that the Plan Commission had used when granting approval, due to lack of opportunity for public comment on the master plan itself. The decision forced the developer to start over, approximately three years into a multi-step process.",S26P-4264,"Sabin Center, Opposition to Renewable Energy Facilities in the United States (Sept. 2026 ed.), via data/renewable_opposition_records_2026-09.csv",https://scholarship.law.columbia.edu/sabin_climate_change/280/,Sabin 2026 entry 4264,,,2026-09,in_latest_edition,,,,,src_731207f65d0f,sabin:S26P-4264,report_citation,unverified,44007,44007,name,,,,,,,,,,,,,,
con_e504bdc091,RI,North Kingstown Green and Stamp Farm Wind Turbines,wind,4,"Plans to construct two 427-foot turbines in North Kingstown encountered intense opposition, with hundreds showing up at town meetings throughout 2011 to oppose them.",blocked_unverified,outcome_label_only,cancelled,no,,Washington County,Town of North Kingstown,2011,,,"Plans to construct two 427-foot turbines in North Kingstown encountered intense opposition, with hundreds showing up at town meetings throughout 2011 to oppose them. The Town Council initially approved one of the two turbines, North Kingstown Green. However, in January 2011, amidst intense opposition, the Town Council imposed a temporary moratorium on new wind projects. In April 2011, the Town Council revoked a building permit for North Kingstown Green, and in June 2011, the Town Council denied a permit for the other turbine at Stamp Farm. In November 2011, the Town Council banned wind turbines, a prohibition that apparently remains in place today.",S26P-4265,"Sabin Center, Opposition to Renewable Energy Facilities in the United States (Sept. 2026 ed.), via data/renewable_opposition_records_2026-09.csv",https://scholarship.law.columbia.edu/sabin_climate_change/280/,Sabin 2026 entry 4265; cancelled 2011,,,2026-09,in_latest_edition,,,,,src_731207f65d0f,sabin:S26P-4265,report_citation,unverified,44009,44009,name,,,,,,,,,,,,,,
con_1eda9ada27,RI,North Kingstown Solar Project,solar,4,"Turning Point Energy proposed a 32.7-MW solar array that would be spread across 567 acres of vacant, heavily wooded land zoned as “Very Low Density Residential.” In 2018, community members opposed the project at local meetings due to concerns about deforestation and potential harm to wetlands; over 100 residents showed up to attend meetings about the project.",blocked_unverified,outcome_label_only,cancelled,no,,Washington County,,2019,32.7,567,"Turning Point Energy proposed a 32.7-MW solar array that would be spread across 567 acres of vacant, heavily wooded land zoned as “Very Low Density Residential.” In 2018, community members opposed the project at local meetings due to concerns about deforestation and potential harm to wetlands; over 100 residents showed up to attend meetings about the project. By 2019 the project had been canceled.",S26P-4266,"Sabin Center, Opposition to Renewable Energy Facilities in the United States (Sept. 2026 ed.), via data/renewable_opposition_records_2026-09.csv",https://scholarship.law.columbia.edu/sabin_climate_change/280/,Sabin 2026 entry 4266; cancelled 2019,,,2026-09,in_latest_edition,,,,,src_731207f65d0f,sabin:S26P-4266,report_citation,unverified,44009,44009,name,,,,,,,,,,,,,,
con_383e872af4,RI,North Smithfield Wind Turbine,wind,2,"Green Development, a Rhode Island-based wind company, encountered opposition when it submitted plans to build a 462.5-foot wind turbine in North Smithfield.",pending,none,pending,no,,Providence County,,2019,,,"Green Development, a Rhode Island-based wind company, encountered opposition when it submitted plans to build a 462.5-foot wind turbine in North Smithfield. Residents opposed to the project hired an attorney, who spoke on their behalf at a town meeting in April 2019.",S26P-4267,"Sabin Center, Opposition to Renewable Energy Facilities in the United States (Sept. 2026 ed.), via data/renewable_opposition_records_2026-09.csv",https://scholarship.law.columbia.edu/sabin_climate_change/280/,Sabin 2026 entry 4267,,,2026-09,in_latest_edition,,,,,src_731207f65d0f,sabin:S26P-4267,report_citation,unverified,44007,44007,name,,,,,,,,,,,,,,
con_cc198cca55,RI,Portsmouth High School Wind Turbine,wind,3,"In November 2021, eight abutting landowners of Portsmouth High School filed a lawsuit against the Town of Portsmouth alleging that a turbine installed on school property was a nuisance.",advanced_unverified,outcome_label_only,operational,yes,litigation,Newport County,Town of Portsmouth,2022,,,"In November 2021, eight abutting landowners of Portsmouth High School filed a lawsuit against the Town of Portsmouth alleging that a turbine installed on school property was a nuisance. In March 2022, the Newport County Superior Court denied a motion for a preliminary injunction to stop the turbine upon finding that the plaintiffs would suffer no immediate or irreparable harm, as they had already lived with the turbine for over five years, and that the public interest favors operating the turbine.",S26P-4268,"Sabin Center, Opposition to Renewable Energy Facilities in the United States (Sept. 2026 ed.), via data/renewable_opposition_records_2026-09.csv",https://scholarship.law.columbia.edu/sabin_climate_change/280/,Sabin 2026 entry 4268; litigation venue: State,,,2026-09,in_latest_edition,,,,,src_731207f65d0f,sabin:S26P-4268,report_citation,unverified,44005,44005,name,,,,,,,,,,,,,,
con_45f2335480,RI,Revolution Wind,wind,3,"In May 2023, the Rhode Island Coastal Resources Management Council approved a permit for the 704-MW offshore Revolution Wind project being developed by Ørsted and Eversource off the coast of Rhode Island and Connecticut.",pending,none,pending,yes,litigation,Newport County,,2025,704,,"In May 2023, the Rhode Island Coastal Resources Management Council approved a permit for the 704-MW offshore Revolution Wind project being developed by Ørsted and Eversource off the coast of Rhode Island and Connecticut. In October 2023, the group Green Oceans filed a lawsuit in Rhode Island state court challenging the council’s decision; that lawsuit was dismissed in April 2024. In November 2023, the Bureau of Ocean Energy Management (BOEM) approved the construction and operations plan for the project. Meanwhile, also in November 2023, the Preservation Society of Newport County and Southeast Lighthouse Foundation filed two separate lawsuits under the National Environmental Policy Act (NEPA) and the National Historic Preservation Act (NHPA) against then Interior Secretary Deb Haaland, the Department of the Interior (DOI), and BOEM challenging their review and permitting of Revolution Wind. In January 2024, Green Oceans filed a lawsuit in the United States District Court for the District of Columbia challenging the approval of the project and moved twice for a preliminary injunction to stop construction; however, both motions were denied. On August 22, 2025, BOEM issued a stop-work order, halting construction of the project when it was approximately 80% complete. On September 4, 2025, Revolution Wind filed a lawsuit in the US District Court for the District of Columbia challenging the stop-work order. On September 22, 2025, the federal district court granted a preliminary injunction and lifted the stop-work order, allowing the developer to resume construction.On December 22, 2025, the Bureau of Ocean Energy Management (BOEM) issued a second stop-work order to halt the construction of the project for reasons of national security. In January 2026, the developer filed a motion for a preliminary injunction in the pending lawsuit US District Court for the District of Columbia to enjoin BOEM’s second stop-work order. In January 2026, the federal district judge granted the plaintiff’s request for a preliminary injunction and allowed construction of the project to resume.",S26P-4269,"Sabin Center, Opposition to Renewable Energy Facilities in the United States (Sept. 2026 ed.), via data/renewable_opposition_records_2026-09.csv",https://scholarship.law.columbia.edu/sabin_climate_change/280/,"Sabin 2026 entry 4269; litigation venue: Federal, State",,,2026-09,in_latest_edition,,,,,src_731207f65d0f,sabin:S26P-4269,report_citation,unverified,44005,44005,name,,,,,,,,,,,,,,
con_c698bbc591,RI,"SouthCoast Wind, f/k/a Mayflower Wind",wind,3,"On October 4, 2022, the state Energy Facility Siting Board (EFSB) granted a motion allowing the towns of Little Compton and Middletown to intervene in proceedings concerning the proposed SouthCoast offshore project (then called Mayflower Wind).",pending,none,pending,yes,litigation,Bristol County; Newport County,,2025,,,"On October 4, 2022, the state Energy Facility Siting Board (EFSB) granted a motion allowing the towns of Little Compton and Middletown to intervene in proceedings concerning the proposed SouthCoast offshore project (then called Mayflower Wind). Recreational fishermen raised concerns about plans to lay cable on the seafloor and Sakonnet River, arguing that electromagnetic fields could affect fish in the river. In February 2023, the Little Compton Town Council unanimously passed a resolution urging reconsideration of plans to route cables through the Sakonnet River, suggesting that they be routed instead through Westport. In July 2023, the EFSB decided to pause consideration of the transmission line permitting application until SouthCoast Wind provided confirmation of the project’s continued commercial viability and financeability. SouthCoast Wind appealed that decision to the Rhode Island Supreme Court. In January 2024, the Rhode Island Supreme Court denied an appeal by the SouthCoast Wind to overturn the EFSB’s pause on the project. In January 2025, the Bureau of Ocean Energy Management (BOEM) approved the Construction and Operations Plan for the project. In March 2025, the Town and County of Nantucket brought a lawsuit against BOEM in the federal court for the District of Columbia seeking to set aside the approval of the project and halt construction. In November 2025, the federal court granted the defendants’ motion for voluntary remand of the permit and ruled that BOEM can reconsider its permitting decision for the project.",S26P-4270,"Sabin Center, Opposition to Renewable Energy Facilities in the United States (Sept. 2026 ed.), via data/renewable_opposition_records_2026-09.csv",https://scholarship.law.columbia.edu/sabin_climate_change/280/,"Sabin 2026 entry 4270; litigation venue: Administrative, State",,,2026-09,in_latest_edition,,,,,src_731207f65d0f,sabin:S26P-4270,report_citation,unverified,,44001;44005,names,,,,,,,,,,,,,,
con_e209500208,SC,Gallivants Ferry Solar Project,solar,4,"Southern Current, a Charleston-based solar farm developer, submitted a proposal to build a 138-MW, 1,500-acre project near the unincorporated community of Gallivants Ferry in western Horry County.",blocked_unverified,outcome_label_only,cancelled,yes,"litigation, local_residents",Horry County,,2020,138,1500,"Southern Current, a Charleston-based solar farm developer, submitted a proposal to build a 138-MW, 1,500-acre project near the unincorporated community of Gallivants Ferry in western Horry County. During meetings in 2020, members of the County Council raised concerns about leaching of cadmium telluride, questioning what would happen if the solar panels were damaged in a hurricane. County Council members also raised concerns about decommissioning and whether landfills would accept solar panels. Although the developer agreed not to use solar panels that include cadmium telluride, the project was never built.",REC-0396,"Sabin Center, Opposition to Renewable Energy Facilities in the United States (Sept. 2026 ed.), via data/renewable_opposition_records_2026-09.csv",https://scholarship.law.columbia.edu/sabin_climate_change/280/,Sabin 2026 entry 4271; opposition_type carried from the 2025 edition,,,2026-09,in_latest_edition,con_e209500208,,,,src_731207f65d0f,sabin:REC-0396,report_citation,unverified,45051,45051,name,,,,,,,,,,,,,,
con_cabcbf063f,SC,National Grid Renewables McCook County Solar Farm,solar,4,"In February 2023, National Grid Renewables withdrew an application for a solar farm in McCook County amidst significant local opposition to the project.",blocked_unverified,outcome_label_only,cancelled,no,,McCook County,,2023,,,"In February 2023, National Grid Renewables withdrew an application for a solar farm in McCook County amidst significant local opposition to the project. National Grid Renewables then filed a second application. In November 2023, the McCook County Commission delayed a vote on the project after two hours of public testimony in a meeting with over fifty residents. The Commission stated that it needed to further consider impacts on neighborhood characteristics, the environment, and adjacent projects.",S26P-4272,"Sabin Center, Opposition to Renewable Energy Facilities in the United States (Sept. 2026 ed.), via data/renewable_opposition_records_2026-09.csv",https://scholarship.law.columbia.edu/sabin_climate_change/280/,Sabin 2026 entry 4272; cancelled 2023,,,2026-09,in_latest_edition,,,,,src_731207f65d0f,sabin:S26P-4272,report_citation,unverified,,,,,,,,,,,,,,,,,
con_839157a24b,SC,Runnymeade Solar Project,solar,3,"On April 29, 2022, Runnymede LLC submitted an application to build a 2-MW solar system on 44 acres of land zoned for heavy industrial use in the Runnymede subdivision of Sumter City.",advanced_confirmed,resolution: https://www.wistv.com/2022/08/11/homeowners-contend-solar-farm-public-hearing/,pending,yes,litigation,Sumter County,City of Sumter,2022,2,44,"On April 29, 2022, Runnymede LLC submitted an application to build a 2-MW solar system on 44 acres of land zoned for heavy industrial use in the Runnymede subdivision of Sumter City. On May 26, 2022, the local zoning authorities issued a permit. However, on June 27, 2022, the owners of property within the Runnymede subdivision filed an appeal challenging the project. At a meeting on August 10, the Zoning Board of Appeals upheld the permit with three additional conditions, including landscaping requirements.",REC-0397,"Sabin Center, Opposition to Renewable Energy Facilities in the United States (Sept. 2026 ed.), via data/renewable_opposition_records_2026-09.csv",https://scholarship.law.columbia.edu/sabin_climate_change/280/,Sabin 2026 entry 4273; litigation venue: Administrative,,,2026-09,in_latest_edition,con_839157a24b,,,,src_731207f65d0f,sabin:REC-0397,confirmed,verified,45085,45085,name,,,,,,,,,,,https://www.wistv.com/2022/08/11/homeowners-contend-solar-farm-public-hearing/,opened,,2022-08-10
con_fa2ed337ea,SC,White Palmetto,solar,2,"In May 2025, Treaty Oak Clean Energy proposed the 170-MW White Palmetto solar project during a County Board of Zoning Appeals (BZA) public hearing.",pending,none,pending,no,,Sumter County,,2025,170,"1,700","In May 2025, Treaty Oak Clean Energy proposed the 170-MW White Palmetto solar project during a County Board of Zoning Appeals (BZA) public hearing. The project is to be located on approximately 1,700 acres of farmland. A majority of the attendees expressed opposition to the project and raised concerns about the scale of the development and its impacts on the environment and property values. The BZA denied a permit application for the project. In October 2025, a group of local opponents organized a “Landowners Against the Solar Farm” community meeting. The developer is now seeking a certificate of public convenience and necessity at the state level from the South Carolina Public Service Commission (PSC). The permitting process remains pending.",S26P-4402,"Sabin Center, Opposition to Renewable Energy Facilities in the United States (Sept. 2026 ed.), via data/renewable_opposition_records_2026-09.csv",https://scholarship.law.columbia.edu/sabin_climate_change/280/,Sabin 2026 entry 4402,,,2026-09,in_latest_edition,,,,,src_731207f65d0f,sabin:S26P-4402,report_citation,unverified,45085,45085,name,,,,,,,,,,,,,,
con_af3c599053,SD,Crocker Wind Farm,wind,3,"In 2017, Geronimo Energy proposed a 400-MW wind farm in Clark County.",advanced_confirmed,resolution: https://www.eia.gov/electricity/data/eia860m/,operational,yes,litigation,Clark County,,2019,400,,"In 2017, Geronimo Energy proposed a 400-MW wind farm in Clark County. Public hearings on the project featured significant opposition from local residents. The Clark County Commission approved the project but required that turbines be set back 3,960 feet (0.75 miles) from residences, far more than the 1,000 feet required by the county zoning ordinance. Geronimo Energy challenged the setback requirements in court, but the court ruled in favor of the commission. South Dakota’s Public Utilities granted a construction permit in June 2018. The final project, completed in 2019, was 200 MW, half the size originally proposed.",REC-0403,"Sabin Center, Opposition to Renewable Energy Facilities in the United States (Sept. 2026 ed.), via data/renewable_opposition_records_2026-09.csv",https://scholarship.law.columbia.edu/sabin_climate_change/280/,"Sabin 2026 entry 4274; litigation venue: Administrative, State",,,2026-09,in_latest_edition,con_af3c599053,,,,src_731207f65d0f,sabin:REC-0403,confirmed,verified,46025,46025,name,strong,eia:60505:operating;uswtdb:SD:60505,Crocker Wind Farm,operating,200,2019,45.05154,-97.82642,"EIA-860M August 2026: plant ID 60505 'Crocker Wind Farm' (SD, Clark County, entity Geronimo Power, wind, 200 MW), operating, since 11/2019. Status (OP) Operating. USWTDB v9.1 (2026-09-28): entry 60505 'Crocker' (SD, Clark County, wind, 209.4 MW), operating, since 2019. Matched on name and county. The inventory records the plant's status only; it says nothing about the opposition or its effect.",,https://www.eia.gov/electricity/data/eia860m/,opened,,2019-11
con_1bff19d998,SD,Crowned Ridge Wind Project,wind,3,"The Public Utility Commission’s permit for the 132-turbine Crowned Ridge Wind project was appealed by opponents to the South Dakota Supreme Court, which upheld it in 2022.",advanced_confirmed,resolution: https://law.justia.com/cases/south-dakota/supreme-court/2022/29334.html,pending,yes,litigation,Codington County; Grant County,,2023,,,"The Public Utility Commission’s permit for the 132-turbine Crowned Ridge Wind project was appealed by opponents to the South Dakota Supreme Court, which upheld it in 2022. One of the landowners who brought the appeal later filed suit about the noise level from the operating wind farm. In October 2023, that complaint was dismissed after the plaintiff failed to attend a hearing.",REC-0404,"Sabin Center, Opposition to Renewable Energy Facilities in the United States (Sept. 2026 ed.), via data/renewable_opposition_records_2026-09.csv",https://scholarship.law.columbia.edu/sabin_climate_change/280/,Sabin 2026 entry 4275; litigation venue: State,,,2026-09,in_latest_edition,con_1bff19d998,,,,src_731207f65d0f,sabin:REC-0404,confirmed,verified,,46029;46051,names,,,,,,,,,,,https://law.justia.com/cases/south-dakota/supreme-court/2022/29334.html,archived,https://web.archive.org/web/20220925163445id_/https://law.justia.com/cases/south-dakota/supreme-court/2022/29334.html,2022-08-03
con_7d8db66270,SD,Dakota Power Community Wind Project,wind,4,"In 2014, the Dakota Power Community Wind proposed a 1,000-MW wind farm in rural Lincoln County with up to 500 turbines.",blocked_unverified,outcome_label_only,cancelled,no,"organized_group, local_residents",Lincoln County,,2017,1000,,"In 2014, the Dakota Power Community Wind proposed a 1,000-MW wind farm in rural Lincoln County with up to 500 turbines. Local residents organized an opposition group, We-Care SD, to advocate for stricter setbacks. The Lincoln County Board of Commissioners increased the setback requirement from 0.25 miles to 0.5 miles from habitable dwellings. Voters upheld the setbacks in a July 2017 referendum. In November 2017, the developer relinquished 122 easements it had secured for the project, signaling an intent to cancel the project.",REC-0405,"Sabin Center, Opposition to Renewable Energy Facilities in the United States (Sept. 2026 ed.), via data/renewable_opposition_records_2026-09.csv",https://scholarship.law.columbia.edu/sabin_climate_change/280/,Sabin 2026 entry 4276; cancelled 2017; opposition_type carried from the 2025 edition,,,2026-09,in_latest_edition,con_7d8db66270,,,,src_731207f65d0f,sabin:REC-0405,report_citation,unverified,46083,46083,name,,,,,,,,,,,,,,
con_a88144e1e3,SD,Davison County Wind LLC,wind,4,"In April 2018, the Davison County Commissioners unanimously voted to reject a conditional use permit application for the construction of 9 wind turbines in Beulah Township.",blocked_unverified,outcome_label_only,cancelled,no,,Davison County,,2018,,,"In April 2018, the Davison County Commissioners unanimously voted to reject a conditional use permit application for the construction of 9 wind turbines in Beulah Township. It marked the second time in three years that the Commission had rejected a wind energy project. Several Commissioners expressed concern about potential impact on property values, whereas several participating landowners expressed surprise at the amount of opposition to what they saw as a beneficial project.",S26P-4277,"Sabin Center, Opposition to Renewable Energy Facilities in the United States (Sept. 2026 ed.), via data/renewable_opposition_records_2026-09.csv",https://scholarship.law.columbia.edu/sabin_climate_change/280/,Sabin 2026 entry 4277; cancelled 2018,,,2026-09,in_latest_edition,,,,,src_731207f65d0f,sabin:S26P-4277,report_citation,unverified,46035,46035,name,,,,,,,,,,,,,,
con_e84421a7ea,SD,Juhl Energy’s Davison County Wind Project,wind,4,"In February 2016, the Davison County Commission denied a permit for a 9-to-11-turbine wind farm proposed by Juhl Energy.",blocked_confirmed,resolution: https://www.davisoncounty.org/wp-content/uploads/2018/09/Board-of-Adjustment-Minutes-2016.pdf,cancelled,no,local_residents,Davison County,,2016,,,"In February 2016, the Davison County Commission denied a permit for a 9-to-11-turbine wind farm proposed by Juhl Energy. The project faced intense opposition from neighbors due to concerns about property value impacts and quality of life.",REC-0407,"Sabin Center, Opposition to Renewable Energy Facilities in the United States (Sept. 2026 ed.), via data/renewable_opposition_records_2026-09.csv",https://scholarship.law.columbia.edu/sabin_climate_change/280/,Sabin 2026 entry 4278; cancelled 2016; opposition_type carried from the 2025 edition,,,2026-09,in_latest_edition,con_e84421a7ea,,,,src_731207f65d0f,sabin:REC-0407,confirmed,verified,46035,46035,name,,,,,,,,,,,https://www.davisoncounty.org/wp-content/uploads/2018/09/Board-of-Adjustment-Minutes-2016.pdf,opened,,2016-02-09
con_e6955e15ff,SD,Juhl Energy’s Letcher Township Wind Project,wind,4,"In 2016, residents of Letcher Township preemptively mobilized to block Juhl Energy from developing a wind project in the township.",blocked_unverified,outcome_label_only,cancelled,no,,Sanborn County,Letcher Township,2016,,,"In 2016, residents of Letcher Township preemptively mobilized to block Juhl Energy from developing a wind project in the township. Although Juhl Energy had not yet submitted an application, residents were concerned that Juhl Energy would look to Letcher Township after nearby Davison County rejected the company’s application for 9-to-11-turbine wind farm. Out of 77 registered voters in Letcher Township, 50 signed a petition opposing the project. In response to the petition, the Board of Supervisors voted to increase setbacks to 1 mile from dwellings of non-participating homeowners and 1,500 feet from property lines, making the project impossible to site.",S26P-4279,"Sabin Center, Opposition to Renewable Energy Facilities in the United States (Sept. 2026 ed.), via data/renewable_opposition_records_2026-09.csv",https://scholarship.law.columbia.edu/sabin_climate_change/280/,Sabin 2026 entry 4279; cancelled 2016,,,2026-09,in_latest_edition,,,,,src_731207f65d0f,sabin:S26P-4279,report_citation,unverified,46111,46111,name,,,,,,,,,,,,,,
con_d5c9023056,SD,National Grid Renewables McCook County Solar Farm,solar,2,"National Grid Renewables withdrew an application for a solar farm in McCook County due to local opposition, then resubmitted.",pending,none,pending,no,"local_residents, organized_group",McCook County,,February 2023,,,"In February 2023, National Grid Renewables withdrew an application for a solar farm in McCook County amidst significant local opposition. The company then filed a second application. In November 2023, the McCook County Commission delayed a vote on the project after two hours of public testimony in a meeting with over fifty residents. The Commission stated that it needed to further consider impacts on neighborhood characteristics, the environment, and adjacent projects.",REC-0409,"Sabin Center, Opposition to Renewable Energy Facilities in the United States (June 2025 ed.), via data/renewable_opposition_records.csv",https://climate.law.columbia.edu/sites/default/files/content/Opposition-Report-June-2025.pdf,,,,2025-06,not_in_latest_edition,con_d5c9023056,,,,src_90d5b39d9a09,sabin:REC-0409,report_citation,unverified,46087,46087,name,,,,,,,,,,,,,,
con_6cd6b66f87,SD,Oahe Solar Project,solar,4,"Walworth County residents have opposed plans for the 3,200-acre Oahe Solar project, citing concerns about impacts to tourism, water, and fire risk.",blocked_confirmed,resolution: https://dakotafreepress.com/2025/09/11/rhoden-unlike-walworth-county-not-duped-by-fossil-fuel-lobby-into-rejecting-solar-power/,pending,no,"local_residents, organized_group",Walworth County,,2023,,3200,"Walworth County residents have opposed plans for the 3,200-acre Oahe Solar project, citing concerns about impacts to tourism, water, and fire risk. Residents have stated that they are not anti-solar, but that they seek greater protections in the planning process. In response to local concerns, in November 2023, the county increased setback requirements for solar farms to 1 mile from residences and 1,000 feet from property lines.",REC-0410,"Sabin Center, Opposition to Renewable Energy Facilities in the United States (Sept. 2026 ed.), via data/renewable_opposition_records_2026-09.csv",https://scholarship.law.columbia.edu/sabin_climate_change/280/,Sabin 2026 entry 4280; opposition_type carried from the 2025 edition,,,2026-09,in_latest_edition,con_6cd6b66f87,,,,src_731207f65d0f,sabin:REC-0410,confirmed,verified,46129,46129,name,,,,,,,,,,,https://dakotafreepress.com/2025/09/11/rhoden-unlike-walworth-county-not-duped-by-fossil-fuel-lobby-into-rejecting-solar-power/,opened,,2023-11
con_37479ca0c8,TN,Graceland Solar Project,solar,1,"RWE proposed a 150-MW solar farm in Shelby County, intended to provide Meta Platforms Inc.’s data center in Gallatin, Tennessee with 100 MW of power while directing the remaining energy to the Tennessee Valley Authority.",advanced_confirmed,resolution: https://www.eia.gov/electricity/data/eia860m/,pending,no,"local_residents, organized_group",Shelby County,Gallatin City,2024,150,,"RWE proposed a 150-MW solar farm in Shelby County, intended to provide Meta Platforms Inc.’s data center in Gallatin, Tennessee with 100 MW of power while directing the remaining energy to the Tennessee Valley Authority. The Shelby County Board of Commissioners denied the project in February 2024, following vocal opposition to the project from residents during previous Board of Commissioners and Division of Planning and Development meetings. Residents also made a Change.org petition, “No Solar on Agricultural Land in Shelby County,” asking Shelby County to deny the Graceland Solar Project. However, in April 2024, the developer and Shelby County reached a settlement, allowing the project to go forward.",REC-0417,"Sabin Center, Opposition to Renewable Energy Facilities in the United States (Sept. 2026 ed.), via data/renewable_opposition_records_2026-09.csv",https://scholarship.law.columbia.edu/sabin_climate_change/280/,Sabin 2026 entry 4281; opposition_type carried from the 2025 edition,,,2026-09,in_latest_edition,con_37479ca0c8,,,,src_731207f65d0f,sabin:REC-0417,confirmed,verified,47157,47157,name,strong,eia:66687:operating,"Graceland Solar, LLC",operating,150,2026,35.30942,-89.86646,"EIA-860M August 2026: plant ID 66687 'Graceland Solar, LLC' (TN, Shelby County, entity RWE Clean Energy, solar, 150 MW), operating, since 5/2026. Status (OP) Operating. Matched on name and county and capacity. The inventory records the plant's status only; it says nothing about the opposition or its effect.",,https://www.eia.gov/electricity/data/eia860m/,opened,,2026-05
con_0b72ea9a87,TX,Bluegrove Wind Project,wind,4,"John Greer, a Dallas oil investor with a family ranch in Clay County, spearheaded a multiyear fight against the proposed 100-MW Bluegrove wind project.",blocked_confirmed,resolution: https://www.eia.gov/electricity/data/eia860m/,cancelled,no,"organized_group, local_residents",Clay County,,2018,100,,"John Greer, a Dallas oil investor with a family ranch in Clay County, spearheaded a multiyear fight against the proposed 100-MW Bluegrove wind project. Greer helped co-found Clay County Against Wind Farms, which held informational sessions against wind energy in Henrietta, Texas. One meeting sought to recruit the support of fighter pilots stationed at a nearby air force base by focusing on potential interference with radar systems. In June 2018, under pressure from residents and politicians, Innergex Renewable Energy Inc. formally canceled the project.",REC-0433,"Sabin Center, Opposition to Renewable Energy Facilities in the United States (Sept. 2026 ed.), via data/renewable_opposition_records_2026-09.csv",https://scholarship.law.columbia.edu/sabin_climate_change/280/,Sabin 2026 entry 4282; cancelled 2018; opposition_type carried from the 2025 edition,,,2026-09,in_latest_edition,con_0b72ea9a87,,,,src_731207f65d0f,sabin:REC-0433,confirmed,verified,48077,48077,name,strong,eia:61400:canceled_or_postponed,Bluegrove Wind,canceled_or_postponed,100,,33.68583,-98.27261,"EIA-860M August 2026: plant ID 61400 'Bluegrove Wind' (TX, Clay County, entity Bluegrove Wind, LLC, wind, 100 MW), cancelled or indefinitely postponed. Matched on name and county and capacity. The inventory records the plant's status only; it says nothing about the opposition or its effect.",,https://www.eia.gov/electricity/data/eia860m/,opened,,2019-01
con_8810e494df,TX,Buffalo Meadow Energy Center,solar;battery_storage,2,"In 2022, Savion Energy proposed the Buffalo Meadow Energy Center with 200 MW of solar energy generation and 150 MW of battery energy storage, to be constructed within the Franklin Independent School District in Robertson County.",pending,none,pending,no,,Robertson County,,2026,350,,"In 2022, Savion Energy proposed the Buffalo Meadow Energy Center with 200 MW of solar energy generation and 150 MW of battery energy storage, to be constructed within the Franklin Independent School District in Robertson County. In December 2022, the Franklin Board of Trustees approved the Agreement for an Appraised Value Limitation on Qualified Property requested by the developer. In March 2026, the Robertson County Commissioners held a public hearing at the county courthouse to discuss a tax abatement agreement for the project. Local residents packed the room and largely opposed the project, raising concerns about potential impacts on property values, water resources pollution, and fire safety. The County Commissioners have not made a decision on the tax abatement for the project as of June 2026.",S26P-4441,"Sabin Center, Opposition to Renewable Energy Facilities in the United States (Sept. 2026 ed.), via data/renewable_opposition_records_2026-09.csv",https://scholarship.law.columbia.edu/sabin_climate_change/280/,Sabin 2026 entry 4441,,,2026-09,in_latest_edition,,,,,src_731207f65d0f,sabin:S26P-4441,report_citation,unverified,48395,48395,name,,,,,,,,,,,,,,
con_67691d38f1,TX,Byers Wind Project,wind,4,The proposed 200-MW Byers wind project encountered the same obstacles and met the same fate as the Bluegrove Wind Project described in a separate entry.,blocked_confirmed,resolution: https://www.eia.gov/electricity/data/eia860m/,cancelled,no,"organized_group, local_residents",Clay County,,2018,200,,"The proposed 200-MW Byers wind project encountered the same obstacles and met the same fate as the Bluegrove Wind Project described in a separate entry. John Greer, a Dallas oil investor with a family ranch in Clay County, spearheaded a multiyear fight against the project. Greer helped co-found Clay County Against Wind Farms, which held informational sessions against wind energy in Henrietta, Texas. One meeting sought to recruit the support of fighter pilots stationed at a nearby air force base by focusing on potential interference with radar systems. In June 2018, under pressure from residents and politicians, Innergex Renewable Energy Inc. formally canceled the project.",REC-0434,"Sabin Center, Opposition to Renewable Energy Facilities in the United States (Sept. 2026 ed.), via data/renewable_opposition_records_2026-09.csv",https://scholarship.law.columbia.edu/sabin_climate_change/280/,Sabin 2026 entry 4283; cancelled 2018; opposition_type carried from the 2025 edition,,,2026-09,in_latest_edition,con_67691d38f1,,,,src_731207f65d0f,sabin:REC-0434,confirmed,verified,48077,48077,name,strong,eia:61401:canceled_or_postponed,Byers Wind,canceled_or_postponed,200,,33.97681,-98.20521,"EIA-860M August 2026: plant ID 61401 'Byers Wind' (TX, Clay County, entity Byers Wind, LLC, wind, 200 MW), cancelled or indefinitely postponed. Matched on name and county and capacity. The inventory records the plant's status only; it says nothing about the opposition or its effect.",,https://www.eia.gov/electricity/data/eia860m/,opened,,2019-01
con_db39ab01b2,TX,"Fannin-Lamar Wind Farm, a/k/a Big Tussle Wind Ranch",wind,3,"Cielo Wind has offered landowners 25-year leases as part of an anticipated wind farm including 72 wind turbines, each up to 800 feet tall.",pending,none,pending,yes,litigation,Fannin County; Lamar County,,2024,,,"Cielo Wind has offered landowners 25-year leases as part of an anticipated wind farm including 72 wind turbines, each up to 800 feet tall. On or before June 2024, opponents of the project filed a lawsuit under Texas’ public nuisance law in the state’s 336th District Court in Fannin County.",S26P-4284,"Sabin Center, Opposition to Renewable Energy Facilities in the United States (Sept. 2026 ed.), via data/renewable_opposition_records_2026-09.csv",https://scholarship.law.columbia.edu/sabin_climate_change/280/,Sabin 2026 entry 4284; litigation venue: State,,,2026-09,in_latest_edition,,,,,src_731207f65d0f,sabin:S26P-4284,report_citation,unverified,,48147;48277,names,,,,,,,,,,,,,,
con_6e35810a34,TX,Hopkins Energy LLC’s Solar Project,solar,3,"In June 2021, a local resident filed a lawsuit against the French energy company Engie, seeking to halt construction of an 1,850-acre solar project in the unincorporated community of Dike, Texas and to obtain $250,000 in damages, alleging that the project would cause increased runoff onto neighboring properties.",pending,none,pending,yes,litigation,Hopkins County,,2021,,1850,"In June 2021, a local resident filed a lawsuit against the French energy company Engie, seeking to halt construction of an 1,850-acre solar project in the unincorporated community of Dike, Texas and to obtain $250,000 in damages, alleging that the project would cause increased runoff onto neighboring properties. Local opponents have purportedly contemplated the possibility of incorporating Dike as a city to block the project.",S26P-4285,"Sabin Center, Opposition to Renewable Energy Facilities in the United States (Sept. 2026 ed.), via data/renewable_opposition_records_2026-09.csv",https://scholarship.law.columbia.edu/sabin_climate_change/280/,Sabin 2026 entry 4285; litigation venue: State,,,2026-09,in_latest_edition,,,,,src_731207f65d0f,sabin:S26P-4285,report_citation,unverified,48223,48223,name,,,,,,,,,,,,,,
con_036f2cee6b,TX,Horse Hollow Wind Energy Center,wind,3,"In June 2005, a local resident group called Protect Our West Texas Landscape (POWTL) sued developer FPL Energy to prevent the construction of the 735.5-MW Horse Hollow Wind Energy Center.",advanced_confirmed,"court_ruling: Rankin v. FPL Energy, LLC",operational,yes,litigation,Nolan County; Taylor County,,2005,735.5,,"In June 2005, a local resident group called Protect Our West Texas Landscape (POWTL) sued developer FPL Energy to prevent the construction of the 735.5-MW Horse Hollow Wind Energy Center. POWTL alleged that the wind farm would drastically disrupt the local scenery. The court ruled that no law in Texas regulates aesthetics, prompting the plaintiffs to amend the complaint to assert public and private nuisance claims and to seek injunctive relief. In December 2006, a trial jury found against the plaintiffs. The case was dismissed, and the plaintiffs appealed. In August 2008, the Court of Appeals affirmed the judgment of the trial court on all respects except for the allocation of costs and remanded for further determination. While that appeal was pending, the same plaintiffs sued the Taylor County Commissioners, alleging that the tax abatements given to the wind farms in the area were unlawful; that lawsuit, however, was withdrawn within a couple of months for procedural reasons. The Horse Hollow Center has been operational since its commissioning in 2005.",REC-0435,"Sabin Center, Opposition to Renewable Energy Facilities in the United States (Sept. 2026 ed.), via data/renewable_opposition_records_2026-09.csv",https://scholarship.law.columbia.edu/sabin_climate_change/280/,Sabin 2026 entry 4286; litigation venue: State,,,2026-09,in_latest_edition,con_036f2cee6b,,,,src_731207f65d0f,sabin:REC-0435,confirmed,verified,,48353;48441,names,strong,eia:56291:operating;uswtdb:TX:56291;uswtdb:TX:56291;uswtdb:TX:56291;uswtdb:TX:56291,Horse Hollow Wind Energy Center,operating,735.5,2005,32.21402,-100.0571,"EIA-860M August 2026: plant ID 56291 'Horse Hollow Wind Energy Center' (TX, Taylor County, entity FPL Energy Horse Hollow LLC, wind, 735.5 MW), operating, since 12/2005. Status (OP) Operating. USWTDB v9.1 (2026-09-28): entry 56291 'Horse Hollow Expansion' (TX, Taylor County, wind, 210 MW), operating, since 2017. USWTDB v9.1 (2026-09-28): entry 56291 'Horse Hollow II' (TX, Nolan County, wind, 299 MW), operating, since 2017. USWTDB v9.1 (2026-09-28): entry 56291 'Horse Hollow III' (TX, Nolan County, wind, 223.5 MW), operating, since 2017. USWTDB v9.1 (2026-09-28): entry 56291 'Horse Hollow Wind Energy Center' (TX, Taylor County, wind, 210 MW), operating, since 2017. Matched on name and part of the name and county and capacity and a different capacity. The inventory records the plant's status only; it says nothing about the opposition or its effect.",,,,,
con_84e14a7d48,TX,Lane City Wind Project,wind,3,"The Lane City Wind Project is a 203-MW wind energy facility with approximately 59 wind turbines on 14,000 acres of land in Wharton County.",pending,none,pending,yes,litigation,Wharton County,,2025,203,"14,000","The Lane City Wind Project is a 203-MW wind energy facility with approximately 59 wind turbines on 14,000 acres of land in Wharton County. Construction of the project began in the summer of 2024. In February 2025, a local ranch, Blue Creek Real Properties, sued the Department of Treasury and the developer, Lane City Wind, LLC seeking to halt construction and permanently block federal funding for the project. The lawsuit, filed in the United States District Court for the Southern District of Texas, alleges violations of the Endangered Species Act (ESA) and the National Environmental Policy Act (NEPA) due to potential risk to protected birds, including the Bald Eagle and Whooping Crane. In April 2025, the district court denied the defendant developer’s motion to dismiss the case and granted the joint motion to stay proceedings for 60 days. The district court has continued extending the stay, most recently until March 31, 2026.",S26P-4373,"Sabin Center, Opposition to Renewable Energy Facilities in the United States (Sept. 2026 ed.), via data/renewable_opposition_records_2026-09.csv",https://scholarship.law.columbia.edu/sabin_climate_change/280/,Sabin 2026 entry 4373; litigation venue: Federal,,,2026-09,in_latest_edition,,,,,src_731207f65d0f,sabin:S26P-4373,report_citation,unverified,48481,48481,name,strong,eia:67443:operating;uswtdb:TX:67443,Lane City Wind,operating,202.5,2025,29.20973,-96.0296,"EIA-860M August 2026: plant ID 67443 'Lane City Wind' (TX, Wharton County, entity RWE Clean Energy, wind, 202.5 MW), operating, since 10/2025. Status (OP) Operating. USWTDB v9.1 (2026-09-28): entry 67443 'Lane City Wind' (TX, Wharton County, wind, 202.5 MW), operating, since 2025. Matched on name and county and capacity. The inventory records the plant's status only; it says nothing about the opposition or its effect.","outcome pending, but the plant is operating",,,,
con_6367383573,TX,Lazy U Solar 1,solar,2,"In 2023, OCI Energy proposed the 200-MW Lazy U Solar 1 facility to be located on farmland.",pending,none,pending,no,,Hardeman County,,2025,200,,"In 2023, OCI Energy proposed the 200-MW Lazy U Solar 1 facility to be located on farmland. The project has faced local opposition by residents who have voiced concerns over tax subsidies, threats to protected wildlife, and the decommissioning of solar panels. In November 2025, Hardeman County officials approved a tax abatement for the project following a public meeting, despite the voiced opposition. The developer is in the process of relocating protected wildlife from the project site.",S26P-4403,"Sabin Center, Opposition to Renewable Energy Facilities in the United States (Sept. 2026 ed.), via data/renewable_opposition_records_2026-09.csv",https://scholarship.law.columbia.edu/sabin_climate_change/280/,Sabin 2026 entry 4403,,,2026-09,in_latest_edition,,,,,src_731207f65d0f,sabin:S26P-4403,report_citation,unverified,48197,48197,name,,,,,,,,,,,,,,
con_65a8c56898,TX,Mustang Wind Project,wind,2,"Apex Clean Energy proposed a 250-MW wind farm within a 50,000-acre area north of Schulenburg.",needs_review,none,unknown,no,"organized_group, local_residents",Fayette County,,2024,250,50000,"Apex Clean Energy proposed a 250-MW wind farm within a 50,000-acre area north of Schulenburg. The development would include between 40 to 80 turbines, some up to 600 feet tall. Local opponents organized a Facebook page called “Fayette County Texas – Stop The Wind Turbines” and an opposition group called “FayCoSaysNo.” The groups were active at town hall meetings and recruited hundreds of residents to join in opposition. In June 2024, the County Commissioners held a public meeting at which over 140 local residents attended, with 10 speaking in opposition and none speaking in support. The leader of the opposition raised questions about fire safety, negative impacts on livestock and wildlife, and plans for disposal of the turbines. She also raised concerns with red flashing lights, humming sounds and moving shadows from the turbines. On August 8, 2024, the Fayette County Commissioners Court signed a non-binding resolution opposing commercial wind energy development. In October 2024, the developer issued a statement stating that “Fayette County is not a focus at the moment.”",REC-0436,"Sabin Center, Opposition to Renewable Energy Facilities in the United States (Sept. 2026 ed.), via data/renewable_opposition_records_2026-09.csv",https://scholarship.law.columbia.edu/sabin_climate_change/280/,Sabin 2026 entry 4287; opposition_type carried from the 2025 edition,FayCoSaysNo,https://www.fayettecountyrecord.com/news/opposition-mounts-against-wind-energy-project-here,2026-09,in_latest_edition,con_65a8c56898,,,,src_731207f65d0f,sabin:REC-0436,report_citation,unverified,48149,48149,name,,,,,,,,,,,,,,
con_51e3f16106,TX,Oneida 2 Solar,solar,4,"In 2025, Xcel Energy proposed the 254-MW Oneida 2 Solar project to be located on approximately 1,300 acres in the Rolling Hills neighborhood, north of Amarillo in Potter County.",blocked_unverified,outcome_label_only,cancelled,no,,Potter County,,2025,254,"1,300","In 2025, Xcel Energy proposed the 254-MW Oneida 2 Solar project to be located on approximately 1,300 acres in the Rolling Hills neighborhood, north of Amarillo in Potter County. In October 2025, Xcel Energy officially withdrew the proposal after more than 60 complaints were filed with the Texas Public Utility Commission and following a heated community meeting during which opponents of the project raised concerns about flooding, noise, wildlife displacement, and property values.",S26P-4404,"Sabin Center, Opposition to Renewable Energy Facilities in the United States (Sept. 2026 ed.), via data/renewable_opposition_records_2026-09.csv",https://scholarship.law.columbia.edu/sabin_climate_change/280/,Sabin 2026 entry 4404; cancelled 2025,,,2026-09,in_latest_edition,,,,,src_731207f65d0f,sabin:S26P-4404,report_citation,unverified,48375,48375,name,,,,,,,,,,,,,,
con_24daa7136e,TX,Ranchland Wind Project,wind;battery_storage,2,"In May 2020, a group of 365 residents and landowners signed a petition urging county commissioners of Callahan and Eastland Counties to reject requests for tax abatements associated with the proposed Ranchland Wind Project.",pending,none,pending,no,,Callahan County; Eastland County,,2023,354,,"In May 2020, a group of 365 residents and landowners signed a petition urging county commissioners of Callahan and Eastland Counties to reject requests for tax abatements associated with the proposed Ranchland Wind Project. A group called Callahan County Land Owners Against Wind Turbines issued a statement online claiming that developers would be digging into and potentially damaging local aquifers. As of March 2023, the 267-MW wind project and 87-MWdc battery storage system is under construction.",S26P-4288,"Sabin Center, Opposition to Renewable Energy Facilities in the United States (Sept. 2026 ed.), via data/renewable_opposition_records_2026-09.csv",https://scholarship.law.columbia.edu/sabin_climate_change/280/,Sabin 2026 entry 4288,,,2026-09,in_latest_edition,,,,,src_731207f65d0f,sabin:S26P-4288,report_citation,unverified,,48059;48133,names,,,,,,,,,,,,,,
con_19743b49ea,TX,Rio Lago Solar,solar,3,"In 2022, Pine Gate Renewables proposed a 123-MW solar farm on privately-owned land, which was projected to generate over $20 million in tax revenue for the county.",pending,none,pending,yes,litigation,Bandera County,,2024,123,,"In 2022, Pine Gate Renewables proposed a 123-MW solar farm on privately-owned land, which was projected to generate over $20 million in tax revenue for the county. In October 2023, opposing landowners filed a lawsuit in state court alleging environmental damage and contamination on their nearby properties and seeking a temporary restraining order to halt construction. In December 2023, the trial court issued a temporary restraining order pausing several components of the project. In February 2024, the court issued an order temporarily enjoining the developer from clearing trees and preparing the leased land unless the developer complied with specific requirements including developing a stormwater pollution prevention plan and obtaining construction permits approved by the Texas Commission on Environmental Quality. Several disputes over potential violations of the injunction followed. In September 2024, a federal court again temporarily enjoined construction, but construction subsequently resumed.",S26P-4289,"Sabin Center, Opposition to Renewable Energy Facilities in the United States (Sept. 2026 ed.), via data/renewable_opposition_records_2026-09.csv",https://scholarship.law.columbia.edu/sabin_climate_change/280/,"Sabin 2026 entry 4289; litigation venue: Federal, State",,,2026-09,in_latest_edition,,,,,src_731207f65d0f,sabin:S26P-4289,report_citation,unverified,48019,48019,name,strong,eia:68155:under_construction,Rio Lago Solar,under_construction,123,2026,29.75613,-99.09524,"EIA-860M August 2026: plant ID 68155 'Rio Lago Solar' (TX, Bandera County, entity Rio Lago Solar, LLC, solar, 123 MW), under construction, expected 9/2026. Status (TS) Construction complete, but not yet in commercial operation. Matched on name and county and capacity. The inventory records the plant's status only; it says nothing about the opposition or its effect.","outcome pending, but the plant is under construction",,,,
con_4e887bda1e,TX,Solar Proponent LLC,solar,4,"In October 2022, the Elgin Independent School District voted unanimously to reject an application for a 3,000-acre solar farm from Solar Proponent LLC.",blocked_unverified,outcome_label_only,cancelled,no,,Bastrop County,,2022,,3000,"In October 2022, the Elgin Independent School District voted unanimously to reject an application for a 3,000-acre solar farm from Solar Proponent LLC. A local group called Friends of the Land had opposed the project, expressing concern that clearing the land of trees could exacerbate flooding and threaten wildlife.",S26P-4290,"Sabin Center, Opposition to Renewable Energy Facilities in the United States (Sept. 2026 ed.), via data/renewable_opposition_records_2026-09.csv",https://scholarship.law.columbia.edu/sabin_climate_change/280/,Sabin 2026 entry 4290; cancelled 2022,,,2026-09,in_latest_edition,,,,,src_731207f65d0f,sabin:S26P-4290,report_citation,unverified,48021,48021,name,,,,,,,,,,,,,,
con_bfda7ec57b,TX,Stockyard Solar a/k/a Saddle House Solar,solar;battery_storage,3,"Enel Green Power proposed a 210-MW solar farm with a 70-MW battery energy storage site to be developed on approximately 2,350 acres.",pending,none,pending,yes,litigation,Franklin County,,2024,280,2350,"Enel Green Power proposed a 210-MW solar farm with a 70-MW battery energy storage site to be developed on approximately 2,350 acres. The project has faced significant local opposition. More than 1,100 residents signed a petition against any solar projects in the county. Opponents created the website “Citizens for Reasonable Regulation of Renewable Energy” to host blogs and campaigns against solar development in the county. The county commissioners voted to impose a countywide 180-day moratorium on commercial solar development, which was later rescinded, as there were questions as to the county’s authority to adopt and enforce it. At a local school board meeting held on October 6, 2022 to decide whether to provide tax credits to the developer, opponents of the project voiced concerns over fire safety as well as water and soil contamination. In November 2022, although the school board rejected the tax credits, the developer proceeded with the project. In June 2023, two landowners filed a lawsuit in the County District Court seeking an injunction to stop the project. In July 2023, the defendants removed the case to the Texas Federal District Court, and the plaintiffs moved to remand. In March 2024, the Texas Federal District Court denied the motion to remand, dismissed the claims against one defendant, and allowed the remaining claims to be heard in federal court. In December 2025, the Texas Federal District Court granted the plaintiffs’ unopposed motion to dismiss without prejudice.",S26P-4291,"Sabin Center, Opposition to Renewable Energy Facilities in the United States (Sept. 2026 ed.), via data/renewable_opposition_records_2026-09.csv",https://scholarship.law.columbia.edu/sabin_climate_change/280/,"Sabin 2026 entry 4291; litigation venue: Federal, State",,,2026-09,in_latest_edition,,,,,src_731207f65d0f,sabin:S26P-4291,report_citation,unverified,48159,48159,name,,,,,,,,,,,,,,
con_bfb2ebe123,TX,Wind Catcher Energy Connection Project,wind;transmission,4,"The Wind Catcher Energy Connection Project was an interstate energy generation and transmission project that would have involved the construction of a 2,000-MW wind farm in the Oklahoma panhandle and hundreds of miles of interstate transmission lines into Texas and three other states.",blocked_unverified,outcome_label_only,cancelled,no,,Donley County; Gregg County,,2018,2000,,"The Wind Catcher Energy Connection Project was an interstate energy generation and transmission project that would have involved the construction of a 2,000-MW wind farm in the Oklahoma panhandle and hundreds of miles of interstate transmission lines into Texas and three other states. In June 2018, the developer canceled the project after the Texas PUC denied a permit. Texas Industrial Energy Consumers—a trade association whose members included Chevron Phillips Chemical Company, ExxonMobil, and Valero Energy—had challenged the project before the PUC.",S26P-4292,"Sabin Center, Opposition to Renewable Energy Facilities in the United States (Sept. 2026 ed.), via data/renewable_opposition_records_2026-09.csv",https://scholarship.law.columbia.edu/sabin_climate_change/280/,Sabin 2026 entry 4292; cancelled 2018,,,2026-09,in_latest_edition,,,,,src_731207f65d0f,sabin:S26P-4292,report_citation,unverified,,48129;48183,names,,,,,,,,,,,,,,
con_dd617d6622,VA,7 Bridges Solar Project,solar,4,"In 2016, Longroad Energy proposed a 105-MW solar project to be located on approximately 799 acres near Chase City.",blocked_unverified,outcome_label_only,cancelled,no,,Mecklenburg County,,2024,105,799,"In 2016, Longroad Energy proposed a 105-MW solar project to be located on approximately 799 acres near Chase City. In September 2021, the Mecklenburg County Planning Commission unanimously voted against permitting construction of the project as proposed, mainly because of the county’s 500-acre maximum for solar projects. In response, the developer scaled down the project to 80 MW on 500 acres, expanded setbacks from 150 feet to 250 feet (or more), and proactively coordinated with the Virginia Departments of Environmental Quality and Wildlife Resources to add wider buffers from aquatic resources. In August 2024, the Board of Supervisors voted 7 to 2 to reject the developer’s proposed siting agreement despite its pledge to donate $500,000 to Chase City in addition to the anticipated financial benefits to the county",S26P-4293,"Sabin Center, Opposition to Renewable Energy Facilities in the United States (Sept. 2026 ed.), via data/renewable_opposition_records_2026-09.csv",https://scholarship.law.columbia.edu/sabin_climate_change/280/,Sabin 2026 entry 4293; cancelled 2024,,,2026-09,in_latest_edition,,,,,src_731207f65d0f,sabin:S26P-4293,report_citation,unverified,51117,51117,name,,,,,,,,,,,,,,
con_12da44ef51,VA,Almeda Solar Grazing Center,solar,4,"In 2023, Open Road Renewables proposed the 90-MW Almeda Solar Grazing Center (also known as Almeda Solar I) which included an agrivoltaics component to be developed on approximately 941 acres of farmland spanning 14 parcels.",blocked_unverified,outcome_label_only,cancelled,no,,Fauquier County,,2025,90,941,"In 2023, Open Road Renewables proposed the 90-MW Almeda Solar Grazing Center (also known as Almeda Solar I) which included an agrivoltaics component to be developed on approximately 941 acres of farmland spanning 14 parcels. In April 2023, the Fauquier County Planning Commission rejected the proposal on a 4-1 vote citing concerns over the project scale, potential to disrupt or destroy historic resources, and inconsistency with Fauquier’s agrarian character. In 2025, the developer re-submitted a modified version of the proposal for the project to be located on 3 separate parcels of land, plans for 200-foot setbacks with vegetation buffers as well as decommissioning plans. The project would occupy less than 0.4% of the county’s farmland and less than 0.25% of its rural lands and is expected to generate $20 million in local tax revenue. In February 2025, following a public hearing, the Commission unanimously rejected the proposal finding it to be inconsistent with the county’s comprehensive plan. The majority of public comments heard by the Commission were from opponents of the project, who argued that farmland was being targeted and that the project was incompatible with the character of the county, and questioned the developers claims about job creation.",S26P-4390,"Sabin Center, Opposition to Renewable Energy Facilities in the United States (Sept. 2026 ed.), via data/renewable_opposition_records_2026-09.csv",https://scholarship.law.columbia.edu/sabin_climate_change/280/,Sabin 2026 entry 4390; cancelled 2025,,,2026-09,in_latest_edition,,,,,src_731207f65d0f,sabin:S26P-4390,report_citation,unverified,51061,51061,name,,,,,,,,,,,,,,
con_71ee16e8ff,VA,Antlers Road Solar Farm,solar,3,"In December 2022, the County Planning Commission rejected an application for a 90-MW solar farm on private land.",pending,none,pending,yes,litigation,Mecklenburg County,,2023,,1009,"In December 2022, the County Planning Commission rejected an application for a 90-MW solar farm on private land. The project would be developed across 1,000 acres, including approximately 489 acres of prime farmland. In January 2023, the Mecklenburg County Board of Supervisors similarly rejected the application for the project. In reaching their decision, the Board cited the loss of 489 acres of prime farmland as a chief concern. The majority of the local residents in attendance at the Board’s public meeting, including the former County Clerk, spoke against the project raising concerns about potential contamination of nearby creeks and groundwater, impacts on wildlife, and land. On February 8, 2023, the developer, RWE Renewables Americas, LLC, filed a lawsuit challenging the Board’s decision. The lawsuit remains pending in the Mecklenburg Circuit Court. In April 2025, the developer submitted a revised project proposal for review by the County Planning Commission. The revised proposal provided that only 220 acres of prime farmland would be dedicated to the project and more than half of the total 1,000 acres of leased land would be placed in a conservation easement. The Commission rejected the project for a second time, concluding that it was not in compliance with the county plan because it “would destroy prime farmland and threaten the nearby watershed.”",S26P-4294,"Sabin Center, Opposition to Renewable Energy Facilities in the United States (Sept. 2026 ed.), via data/renewable_opposition_records_2026-09.csv",https://scholarship.law.columbia.edu/sabin_climate_change/280/,Sabin 2026 entry 4294; litigation venue: State,,,2026-09,in_latest_edition,,,,,src_731207f65d0f,sabin:S26P-4294,report_citation,unverified,51117,51117,name,,,,,,,,,,,,,,
con_ec4c3d512b,VA,Axton Solar Project,solar,4,"In November 2021, the Henry County Board of Zoning Appeals rejected Axton Solar LLC’s request to add 484 acres to a previously approved 1,203-acre solar project on agricultural land in the unincorporated community of Axton.",blocked_unverified,outcome_label_only,cancelled,no,,Henry County,,2023,,1687,"In November 2021, the Henry County Board of Zoning Appeals rejected Axton Solar LLC’s request to add 484 acres to a previously approved 1,203-acre solar project on agricultural land in the unincorporated community of Axton. The request was denied due to concerns about aesthetic impacts and an ordinance that mandates that no more than 2.5% of the land area within a 5-mile radius may be used by solar. In December 2022, after the developer reduced the total project size to about 1,000 acres, with only 434 acres covered in panels, the Henry County Board of Zoning Appeals approved the project. However, on April 25, 2023, the Henry County Board of Supervisors rejected the project on finding that it would exceed the 2.5% cap by 93 acres.",S26P-4295,"Sabin Center, Opposition to Renewable Energy Facilities in the United States (Sept. 2026 ed.), via data/renewable_opposition_records_2026-09.csv",https://scholarship.law.columbia.edu/sabin_climate_change/280/,Sabin 2026 entry 4295; cancelled 2023,,,2026-09,in_latest_edition,,,,,src_731207f65d0f,sabin:S26P-4295,report_citation,unverified,51089,51089,name,strong,eia:65462:planned,Axton Solar,planned,201.1,2028,36.67168,-79.68606,"EIA-860M August 2026: plant ID 65462 'Axton Solar' (VA, Henry County, entity Vesper Energy Development LLC, solar, 201.1 MW), planned, not under construction, expected 9/2028. Status (L) Regulatory approvals pending. Not under construction. Matched on name and county. The inventory records the plant's status only; it says nothing about the opposition or its effect.",,,,,
con_4f7ef7193c,VA,Bakers Pond Solar Farm,solar,4,"In October 2023, the Prince George County Planning Commission determined that RWE Clean Energy’s proposed 100-MW, 505-acre solar farm was not in substantial accord with the county’s comprehensive plan, as it would exceed the county’s limit for the size of a solar farm.",blocked_unverified,outcome_label_only,cancelled,no,,Prince George County,,2023,100,505,"In October 2023, the Prince George County Planning Commission determined that RWE Clean Energy’s proposed 100-MW, 505-acre solar farm was not in substantial accord with the county’s comprehensive plan, as it would exceed the county’s limit for the size of a solar farm. Some residents have opposed the project, expressing concerns about impacts to farming and hunting.",S26P-4296,"Sabin Center, Opposition to Renewable Energy Facilities in the United States (Sept. 2026 ed.), via data/renewable_opposition_records_2026-09.csv",https://scholarship.law.columbia.edu/sabin_climate_change/280/,Sabin 2026 entry 4296; cancelled 2023,,,2026-09,in_latest_edition,,,,,src_731207f65d0f,sabin:S26P-4296,report_citation,unverified,51149,51149,name,,,,,,,,,,,,,,
con_8b6e54c844,VA,Bealeton Solar Farm,solar,4,"In April 2021, Fauquier County planning officials rejected an application for a 40-acre solar farm in Bealeton.",blocked_unverified,outcome_label_only,cancelled,no,,Fauquier County,,2020,,40,"In April 2021, Fauquier County planning officials rejected an application for a 40-acre solar farm in Bealeton. This application was the first to be considered since Fauquier County passed a restrictive solar development ordinance in October of 2020. Officials rejected the application because the project would have been located on prime farmland, which they claimed was incompatible with the County’s comprehensive plan.",S26P-4297,"Sabin Center, Opposition to Renewable Energy Facilities in the United States (Sept. 2026 ed.), via data/renewable_opposition_records_2026-09.csv",https://scholarship.law.columbia.edu/sabin_climate_change/280/,Sabin 2026 entry 4297; cancelled 2021,,,2026-09,in_latest_edition,,,,,src_731207f65d0f,sabin:S26P-4297,report_citation,unverified,51061,51061,name,strong,eia:70203:planned,Bealeton Solar,planned,14.2,2027,38.55583,-77.77828,"EIA-860M August 2026: plant ID 70203 'Bealeton Solar' (VA, Fauquier County, entity TerraForm Power Operating, LLC, solar, 14.2 MW), planned, not under construction, expected 3/2027. Status (L) Regulatory approvals pending. Not under construction. Matched on name and county. The inventory records the plant's status only; it says nothing about the opposition or its effect.",,,,,
con_2e3bea7d8f,VA,Blackwater Solar Project,solar,4,"A 5,000-acre, 600-MW solar farm proposed by Blackwater Solar LLC has sparked significant objections from local residents.",blocked_unverified,outcome_label_only,cancelled,no,,Sussex County,,2024,600,5000,"A 5,000-acre, 600-MW solar farm proposed by Blackwater Solar LLC has sparked significant objections from local residents. In May 2023, the developer began the application process for a conditional use permit for the project. In March 2024, the Sussex County Board of Supervisors and Planning Commission heard opinions on the project at a public meeting attended by over 300 people, with many opponents raising concerns about erosion, loss of woodlands, damage to wetlands, contamination of runoff, and the risk of battery fires. On June 3, 2024, the Board of Supervisors voted to deny the permits.",S26P-4298,"Sabin Center, Opposition to Renewable Energy Facilities in the United States (Sept. 2026 ed.), via data/renewable_opposition_records_2026-09.csv",https://scholarship.law.columbia.edu/sabin_climate_change/280/,Sabin 2026 entry 4298; cancelled 2024,,,2026-09,in_latest_edition,,,,,src_731207f65d0f,sabin:S26P-4298,report_citation,unverified,51183,51183,name,,,,,,,,,,,,,,
con_0d4ae97113,VA,Caledon Solar,solar,2,"In 2024, Sun Tribe proposed the 22 MW, 215 acre Caledon Solar Project on private land owned by State Senator Richard Stuart who is also the King George County attorney.",pending,none,pending,no,,King George County,,2025,22,215,"In 2024, Sun Tribe proposed the 22 MW, 215 acre Caledon Solar Project on private land owned by State Senator Richard Stuart who is also the King George County attorney. Project opponents, primarily conservationists, have argued that construction of a commercial solar facility would violate a perpetual open-space conservation easement that covers the property held by the Virginia Department of Conservation and Recreation (DCR). Nevertheless, in November 2025, the King George County Board of Supervisors unanimously approved the request for a special exception permit for the project, disregarding the County Planning Commission’s recommendation to deny it. In December 2025, the DCR approved an amendment to the conservation easement, allowing construction of the Project. Opponents allege that Sen. Stuart only received the DCR approval after interventions by political allies, including Governor Glenn Youngkin.",S26P-4432,"Sabin Center, Opposition to Renewable Energy Facilities in the United States (Sept. 2026 ed.), via data/renewable_opposition_records_2026-09.csv",https://scholarship.law.columbia.edu/sabin_climate_change/280/,Sabin 2026 entry 4432,,,2026-09,in_latest_edition,,,,,src_731207f65d0f,sabin:S26P-4432,report_citation,unverified,51099,51099,name,,,,,,,,,,,,,,
con_0221c39a0f,VA,Cape Solar Project,solar,4,The 100-acre Cape Solar project was first proposed in 2018.,blocked_unverified,outcome_label_only,cancelled,no,,Page County,,2022,,100,"The 100-acre Cape Solar project was first proposed in 2018. The project faced intense opposition from Page County Citizens for Responsible Solar, and the Page County Board of Supervisors denied the application. The developer submitted a new application in December 2020. However, in March 2022, the Page County Planning Commission recommended denial of the revised application due to the anticipated loss of agricultural land, visual impacts, and environmental impacts. In June 2022, the Page County Board of Supervisors adopted a restrictive ordinance that limited projects to 30 acres. On August 16, 2022, the developer withdrew the application.",S26P-4299,"Sabin Center, Opposition to Renewable Energy Facilities in the United States (Sept. 2026 ed.), via data/renewable_opposition_records_2026-09.csv",https://scholarship.law.columbia.edu/sabin_climate_change/280/,Sabin 2026 entry 4299; cancelled 2022,,,2026-09,in_latest_edition,,,,,src_731207f65d0f,sabin:S26P-4299,report_citation,unverified,51139,51139,name,,,,,,,,,,,,,,
con_b951928378,VA,Cartersville Solar,solar,4,"In February 2019, Cypress Creek Renewables withdrew its application for a solar project after the Powhatan County Planning Commission recommended denial of the application and the Board of Supervisor denied an appeal of the Planning Commission’s decision to recommend denial.",blocked_unverified,outcome_label_only,cancelled,no,,Powhatan County,,2019,,,"In February 2019, Cypress Creek Renewables withdrew its application for a solar project after the Powhatan County Planning Commission recommended denial of the application and the Board of Supervisor denied an appeal of the Planning Commission’s decision to recommend denial. The project faced intense local opposition in the community.",S26P-4300,"Sabin Center, Opposition to Renewable Energy Facilities in the United States (Sept. 2026 ed.), via data/renewable_opposition_records_2026-09.csv",https://scholarship.law.columbia.edu/sabin_climate_change/280/,Sabin 2026 entry 4300; cancelled 2019,,,2026-09,in_latest_edition,,,,,src_731207f65d0f,sabin:S26P-4300,report_citation,unverified,51145,51145,name,,,,,,,,,,,,,,
con_48df461c97,VA,Carver Solar,solar,4,"On February 23, 2023, the Isle of Wight County Supervisors rejected an application for a 71-MW, 637-acre solar farm between the Village of Zuni and the Town of Windsor.",blocked_unverified,outcome_label_only,cancelled,no,,Isle of Wight County,"Town of Windsor, Village of Zuni",2023,71,637,"On February 23, 2023, the Isle of Wight County Supervisors rejected an application for a 71-MW, 637-acre solar farm between the Village of Zuni and the Town of Windsor. Immediately prior to the vote, opponents spoke out against the project, citing visual impacts of the project and concerns about electromagnetic fields. Five days after the vote, the count planning commission voted to recommend that the county supervisors establish a cap on the cumulative acreage of solar farms at 2% of the county’s prime farmlands.",S26P-4301,"Sabin Center, Opposition to Renewable Energy Facilities in the United States (Sept. 2026 ed.), via data/renewable_opposition_records_2026-09.csv",https://scholarship.law.columbia.edu/sabin_climate_change/280/,Sabin 2026 entry 4301; cancelled 2023,,,2026-09,in_latest_edition,,,,,src_731207f65d0f,sabin:S26P-4301,report_citation,unverified,51093,51093,name,,,,,,,,,,,,,,
con_7b9bb21b72,VA,Coastal Virginia Offshore Wind Project (City of Virginia Beach),wind,3,"In 2020, Dominion Energy proposed the Coastal Virginia Offshore Wind Project, a 2,600-MW offshore wind farm.",pending,none,pending,yes,litigation,Virginia Beach city,City of Virginia Beach,2024,2600,,"In 2020, Dominion Energy proposed the Coastal Virginia Offshore Wind Project, a 2,600-MW offshore wind farm. In March 2024, the Committee for a Constructive Tomorrow, Heartland Institute, and National Legal and Policy Center filed a lawsuit in the U.S. District Court for the District of Columbia to halt the project. The lawsuit alleged that the construction would threaten the endangered North Atlantic right whale and that Dominion had not taken sufficient steps to protect right whales. The lawsuit further alleged that, when it approved the project, the Bureau of Ocean Energy Management (BOEM) failed to consider the cumulative impacts of offshore wind farms on the right whale population in violation of the Endangered Species Act. The plaintiffs moved for a preliminary injunction to halt the project’s construction until the National Marine Fisheries Service issues a new biological opinion. In May 2024, the court denied the request for preliminary injunction, stating that the plaintiffs failed to demonstrate that they would suffer irreparable harm and to account for the extensive measures to protect whales already in place. Separately, residents of Virginia Beach have raised concerns about vibrations, scenic disruptions, and environmental harm from the Coastal Virginia Offshore Wind Project. Dominion has stated that it has provided multiple opportunities for residents to engage with the company and that it is implementing measures to address their concerns. On December 22, 2025, the Bureau of Ocean Energy Management (BOEM) issued a stop-work order to halt the construction of the project for reasons of national security. The next day, on December 23, 2025, the developer filed a lawsuit in the U.S. District Court for the Eastern District of Virginia to enjoin BOEM’s stop-work order. In January 2026, the federal district judge granted the plaintiff’s request for a preliminary injunction and allowed construction of the project to resume.",S26P-4302,"Sabin Center, Opposition to Renewable Energy Facilities in the United States (Sept. 2026 ed.), via data/renewable_opposition_records_2026-09.csv",https://scholarship.law.columbia.edu/sabin_climate_change/280/,Sabin 2026 entry 4302; litigation venue: Federal,,,2026-09,in_latest_edition,,,,,src_731207f65d0f,sabin:S26P-4302,report_citation,unverified,51810,51810,name,,,,,,,,,,,,,,
con_bca993f835,VA,Crawford Road Solar,solar,2,"On March 14, 2023, the Halifax Town Council rejected a request to rezone 86 acres from residential to manufacturing to allow for construction of the 5-MW Crawford Road Solar project.",pending,none,pending,no,,Halifax County,,2023,5,86,"On March 14, 2023, the Halifax Town Council rejected a request to rezone 86 acres from residential to manufacturing to allow for construction of the 5-MW Crawford Road Solar project. The decision followed a public hearing in which opponents raised concerns about impacts on property values and visual impacts. More than 100 town residents purportedly signed a petition opposing the project.",S26P-4303,"Sabin Center, Opposition to Renewable Energy Facilities in the United States (Sept. 2026 ed.), via data/renewable_opposition_records_2026-09.csv",https://scholarship.law.columbia.edu/sabin_climate_change/280/,Sabin 2026 entry 4303,,,2026-09,in_latest_edition,,,,,src_731207f65d0f,sabin:S26P-4303,report_citation,unverified,51083,51083,name,,,,,,,,,,,,,,
con_9718a22434,VA,Cricket Solar,solar,4,"The proposed 1,600-acre Cricket Solar project faced concerted opposition from Citizens for Responsible Solar.",blocked_unverified,outcome_label_only,cancelled,no,,Culpeper County,,2019,,1600,"The proposed 1,600-acre Cricket Solar project faced concerted opposition from Citizens for Responsible Solar. The opponents’ arguments focused, in large part, on stormwater runoff, wetlands impacts, and the proximity of Civil War battle sites. The developer revised its application to address these concerns. However, in the face of continued opposition, the developer withdrew the revised application in August 2019.",S26P-4304,"Sabin Center, Opposition to Renewable Energy Facilities in the United States (Sept. 2026 ed.), via data/renewable_opposition_records_2026-09.csv",https://scholarship.law.columbia.edu/sabin_climate_change/280/,"Sabin 2026 entry 4304; cancelled 2019; title names Culpepper County, county columns name Culpeper County",,,2026-09,in_latest_edition,,,,,src_731207f65d0f,sabin:S26P-4304,report_citation,unverified,51047,51047,name,,,,,,,,,,,,,,
con_901327d338,VA,Cunningham Springs Solar,solar,4,"In March 2024, the Orange County Board of Supervisors unanimously rejected plans for a 17-acre community solar project proposed by RWE Clean Energy, after the planning commission had previously recommended approval.",blocked_unverified,outcome_label_only,cancelled,no,,Orange County,,2024,,17,"In March 2024, the Orange County Board of Supervisors unanimously rejected plans for a 17-acre community solar project proposed by RWE Clean Energy, after the planning commission had previously recommended approval. In voting to deny the project, supervisors raised concerns about visual impacts.",S26P-4305,"Sabin Center, Opposition to Renewable Energy Facilities in the United States (Sept. 2026 ed.), via data/renewable_opposition_records_2026-09.csv",https://scholarship.law.columbia.edu/sabin_climate_change/280/,Sabin 2026 entry 4305; cancelled 2024,,,2026-09,in_latest_edition,,,,,src_731207f65d0f,sabin:S26P-4305,report_citation,unverified,51137,51137,name,,,,,,,,,,,,,,
con_28067d96ce,VA,Deltaville Solar,solar,4,"In 2025, KDC Solar submitted a request to the Middlesex Planning Commission for a Special Exception for a 20-MW solar energy facility it planned to build on approximately 77 acres in Deltaville.",blocked_unverified,outcome_label_only,cancelled,no,,Middlesex County,Deltaville,2025,20,77,"In 2025, KDC Solar submitted a request to the Middlesex Planning Commission for a Special Exception for a 20-MW solar energy facility it planned to build on approximately 77 acres in Deltaville. In April 2025, the Middlesex Planning Commission unanimously recommended denial of the request to the County Board of Supervisors, noting that the project was not in accord with the county’s comprehensive plan. Opponents of the project had garnered over 440 signatures on petition in opposition to the project. Over 100 local residents attended the April public meeting and the majority of those who spoke raised concerns about the project, including the potential for it to decrease property values, cause environmental hazards, and change the rural character of the area. In June 2025, following a four-hour public hearing, the Board of Supervisors’ vote was split, 2-2, and thus the motion to approve the Special Exception for the project failed.",S26P-4408,"Sabin Center, Opposition to Renewable Energy Facilities in the United States (Sept. 2026 ed.), via data/renewable_opposition_records_2026-09.csv",https://scholarship.law.columbia.edu/sabin_climate_change/280/,Sabin 2026 entry 4408; cancelled 2025,,,2026-09,in_latest_edition,,,,,src_731207f65d0f,sabin:S26P-4408,report_citation,unverified,51119,51119,name,,,,,,,,,,,,,,
con_1fbf422cc5,VA,Gabriel Solar Project,solar;battery_storage,4,"Energix Renewables proposed the 80-MW Gabriel Solar Project, which would include a 120-MW battery energy storage component on approximately 539 acres, by far the largest such project proposed in the county.",blocked_unverified,outcome_label_only,cancelled,no,,Prince Edward County,,2025,200,539,"Energix Renewables proposed the 80-MW Gabriel Solar Project, which would include a 120-MW battery energy storage component on approximately 539 acres, by far the largest such project proposed in the county. At a planning commission public hearing in December 2024, landowners who support the project spoke about the short- and long-term benefits of the project, including significant revenue for the county. Residents who opposed the project raised concerns primarily related to fire safety planning and training for local firefighters. In January 2025 the county planning commission recommended approval. In March 2025, the Board of Supervisors rejected the project in a 7-1 vote, citing fire safety concerns and inconsistencies in the application documents.",S26P-4374,"Sabin Center, Opposition to Renewable Energy Facilities in the United States (Sept. 2026 ed.), via data/renewable_opposition_records_2026-09.csv",https://scholarship.law.columbia.edu/sabin_climate_change/280/,Sabin 2026 entry 4374; cancelled 2025,,,2026-09,in_latest_edition,,,,,src_731207f65d0f,sabin:S26P-4374,report_citation,unverified,51147,51147,name,,,,,,,,,,,,,,
con_7bd7d87dec,VA,Hillendale Solar,solar,2,"In September 2023, the Halifax County Planning Commission recommended that a permit for the 102-MW Hillendale Solar project be denied.",needs_review,none,unknown,no,,Halifax County,,2023,102,,"In September 2023, the Halifax County Planning Commission recommended that a permit for the 102-MW Hillendale Solar project be denied. One of the planning commissioners stated that the project would not be a good fit with initiatives meant to preserve the nearby Staunton River. Residents voiced both support and opposition to the project, with some residents questioning the environmental impacts of solar energy.",S26P-4306,"Sabin Center, Opposition to Renewable Energy Facilities in the United States (Sept. 2026 ed.), via data/renewable_opposition_records_2026-09.csv",https://scholarship.law.columbia.edu/sabin_climate_change/280/,Sabin 2026 entry 4306,,,2026-09,in_latest_edition,,,,,src_731207f65d0f,sabin:S26P-4306,report_citation,unverified,51083,51083,name,,,,,,,,,,,,,,
con_3e0f8bb68f,VA,James City County Solar Project,solar,4,"In March 2023, the James City County Board of Supervisors rejected Pivot Energy’s application to develop a 4.75-MW solar farm.",blocked_unverified,outcome_label_only,cancelled,no,,James City County,,2023,4.75,,"In March 2023, the James City County Board of Supervisors rejected Pivot Energy’s application to develop a 4.75-MW solar farm. Opposition to the project—including from the Colonial Soil and Water Conservation District—had centered on impacts to prime farmland. The James City County Planning Commission had recommended approval of the project in November 2022.",S26P-4307,"Sabin Center, Opposition to Renewable Energy Facilities in the United States (Sept. 2026 ed.), via data/renewable_opposition_records_2026-09.csv",https://scholarship.law.columbia.edu/sabin_climate_change/280/,Sabin 2026 entry 4307; cancelled 2023,,,2026-09,in_latest_edition,,,,,src_731207f65d0f,sabin:S26P-4307,report_citation,unverified,51095,51095,name,,,,,,,,,,,,,,
con_576501ded2,VA,Kitty Hawk Wind Project Cable Landing (City of Virginia Beach),wind,2,"The Kitty Hawk Wind Project, a 3,500-MW offshore wind farm proposed by Avangrid Renewables, has encountered significant community resistance around the proposed site of a cable landing.",pending,none,pending,no,,Virginia Beach city,City of Virginia Beach,2024,3500,,"The Kitty Hawk Wind Project, a 3,500-MW offshore wind farm proposed by Avangrid Renewables, has encountered significant community resistance around the proposed site of a cable landing. In 2017, the company secured the rights to develop a lease area off the coast of the Outer Banks. The neighborhood of Sandbridge in Virginia Beach was selected as the site for the project’s cable landing. In November 2023, the City Manager and Mayor informed the developer that the city could not support the landing due to the amount of community pushback. Local opponents include an organization called Protect Sandbridge Beach Coalition, which has met with City Council members and sought an independent assessment of the landing. Opponents have expressed concerns about potential economic impacts, including tourism and property value impacts; environmental impacts, including hindrances on efforts to renourish beaches; and construction-related noise disruptions and road blockages. Many of the opponents claim that they do not oppose offshore wind farms in general but object to the site selection for the landing. In March 2024, the developer provided a new economic impact report to the Council, emphasizing the benefits of the project. As of December 31, 2024, the City had not made a decision to approve the cable landing.",S26P-4308,"Sabin Center, Opposition to Renewable Energy Facilities in the United States (Sept. 2026 ed.), via data/renewable_opposition_records_2026-09.csv",https://scholarship.law.columbia.edu/sabin_climate_change/280/,Sabin 2026 entry 4308,,,2026-09,in_latest_edition,,,,,src_731207f65d0f,sabin:S26P-4308,report_citation,unverified,51810,51810,name,,,,,,,,,,,,,,
con_0ce698e51e,VA,Lily Pond Solar,solar,4,"In October 2021, the Dinwiddie County Board of Supervisors voted against a rezoning agreement that would have allowed for the Lily Pond Solar project to be built.",blocked_unverified,outcome_label_only,cancelled,no,,Dinwiddie County,,2021,80,600,"In October 2021, the Dinwiddie County Board of Supervisors voted against a rezoning agreement that would have allowed for the Lily Pond Solar project to be built. This 80-MW project would have spanned 600 acres of land.",S26P-4309,"Sabin Center, Opposition to Renewable Energy Facilities in the United States (Sept. 2026 ed.), via data/renewable_opposition_records_2026-09.csv",https://scholarship.law.columbia.edu/sabin_climate_change/280/,Sabin 2026 entry 4309; cancelled 2021,,,2026-09,in_latest_edition,,,,,src_731207f65d0f,sabin:S26P-4309,report_citation,unverified,51053,51053,name,strong,eia:64134:canceled_or_postponed,"Lily Pond Solar, LLC",canceled_or_postponed,80,,37.07271,-77.42073,"EIA-860M August 2026: plant ID 64134 'Lily Pond Solar, LLC' (VA, Dinwiddie County, entity Lily Pond Solar, LLC, solar, 80 MW), cancelled or indefinitely postponed. Matched on name and county and capacity. The inventory records the plant's status only; it says nothing about the opposition or its effect.",,,,,
con_e261469cb2,VA,Lone Oak Agrisolar Project,solar,4,"In September 2023, Mecklenburg County commissioners voted against a small-scale agrivoltaic project proposed by RC Revco.",blocked_unverified,outcome_label_only,cancelled,no,,Mecklenburg County,,2023,,,"In September 2023, Mecklenburg County commissioners voted against a small-scale agrivoltaic project proposed by RC Revco. The project would have shared land with sheep grazing and pollinator plants. However, despite testimony about the symbiotic relationship between the land uses, commissioners expressed skepticism as to the viability of the shared use of land.",S26P-4310,"Sabin Center, Opposition to Renewable Energy Facilities in the United States (Sept. 2026 ed.), via data/renewable_opposition_records_2026-09.csv",https://scholarship.law.columbia.edu/sabin_climate_change/280/,Sabin 2026 entry 4310; cancelled 2023,,,2026-09,in_latest_edition,,,,,src_731207f65d0f,sabin:S26P-4310,report_citation,unverified,51117,51117,name,,,,,,,,,,,,,,
con_6bda829f04,VA,Maroon Solar,solar,4,"In 2020, Strata Clean Energy submitted an application for the 149-MW Maroon Solar project but withdrew the application after intense pushback from neighbors and Citizens for Responsible Solar.",blocked_unverified,outcome_label_only,cancelled,no,,Culpeper County,,2023,149,1800,"In 2020, Strata Clean Energy submitted an application for the 149-MW Maroon Solar project but withdrew the application after intense pushback from neighbors and Citizens for Responsible Solar. In 2021, the Culpeper County Board of Supervisors denied a second application for the project. In 2022, Strata submitted a third application. However, in January 2023, the planning commission recommended denial of the project because it was in conflict with the county’s policy of limiting projects to 300 acres; the Maroon Solar project would span across 1,800 acres of agricultural land and include 671 acres of panels. On February 7, 2023, the board of supervisors codified that policy by adopting an ordinance that limited projects to 300 acres. One week later, the developer withdrew its third application for the project.",S26P-4311,"Sabin Center, Opposition to Renewable Energy Facilities in the United States (Sept. 2026 ed.), via data/renewable_opposition_records_2026-09.csv",https://scholarship.law.columbia.edu/sabin_climate_change/280/,Sabin 2026 entry 4311; cancelled 2023,,,2026-09,in_latest_edition,,,,,src_731207f65d0f,sabin:S26P-4311,report_citation,unverified,51047,51047,name,,,,,,,,,,,,,,
con_85c41e7cdf,VA,Monarch Solar Project,solar,4,"In August 2022, the Greensville County Board of Supervisors unanimously denied an application for the proposed Monarch Solar Project, which would have generated 123 MW on 700 acres of land.",blocked_unverified,outcome_label_only,cancelled,no,,Greensville County,,2022,123,700,"In August 2022, the Greensville County Board of Supervisors unanimously denied an application for the proposed Monarch Solar Project, which would have generated 123 MW on 700 acres of land. In rejecting the project, the Board decided that the project was not in substantial accord with the Greensville County Comprehensive Plan, overturning the Planning Commission’s prior determination.",S26P-4312,"Sabin Center, Opposition to Renewable Energy Facilities in the United States (Sept. 2026 ed.), via data/renewable_opposition_records_2026-09.csv",https://scholarship.law.columbia.edu/sabin_climate_change/280/,Sabin 2026 entry 4312; cancelled 2022,,,2026-09,in_latest_edition,,,,,src_731207f65d0f,sabin:S26P-4312,report_citation,unverified,51081,51081,name,,,,,,,,,,,,,,
con_4ca2b3bf61,VA,Mountain Pine Arvonia I and II,solar,2,"Hodson Energy is seeking to develop an 80-MW solar project on 1,065 acres in Buckingham County.",pending,none,pending,no,,Buckingham County,,2024,80,1065,"Hodson Energy is seeking to develop an 80-MW solar project on 1,065 acres in Buckingham County. In November 2023, following a presentation about two potential 80-MW solar arrays, Buckingham residents expressed opposition to the projects. At the opponents’ urging, county commissioners agreed to pause consideration of solar projects until the board of supervisors approved a draft solar ordinance. In February 2024, Buckingham County supervisors approved the project, with conditions including 400-foot residential setbacks and 75-foot wetland setbacks. The project still required state approval before proceeding.",S26P-4313,"Sabin Center, Opposition to Renewable Energy Facilities in the United States (Sept. 2026 ed.), via data/renewable_opposition_records_2026-09.csv",https://scholarship.law.columbia.edu/sabin_climate_change/280/,Sabin 2026 entry 4313,,,2026-09,in_latest_edition,,,,,src_731207f65d0f,sabin:S26P-4313,report_citation,unverified,51029,51029,name,,,,,,,,,,,,,,
con_86fcc0dbaf,VA,New Hope Agrisolar Project,solar,4,"In September 2023, Mecklenburg County commissioners voted against a small-scale agrivoltaic project proposed by RC Revco at the same commissioner meeting in which they voted against the Lone Oak Agrisolar Project.",blocked_unverified,outcome_label_only,cancelled,no,,Mecklenburg County,,2023,,,"In September 2023, Mecklenburg County commissioners voted against a small-scale agrivoltaic project proposed by RC Revco at the same commissioner meeting in which they voted against the Lone Oak Agrisolar Project. The New Hope project would have shared land with tobacco farming, but the commissioners expressed skepticism as to the feasibility of dual use.",S26P-4314,"Sabin Center, Opposition to Renewable Energy Facilities in the United States (Sept. 2026 ed.), via data/renewable_opposition_records_2026-09.csv",https://scholarship.law.columbia.edu/sabin_climate_change/280/,Sabin 2026 entry 4314; cancelled 2023,,,2026-09,in_latest_edition,,,,,src_731207f65d0f,sabin:S26P-4314,report_citation,unverified,51117,51117,name,,,,,,,,,,,,,,
con_8bfc8a478c,VA,North Anna River Solar Project,solar,4,"Strata Clean Energy proposed a 72-MW solar development on approximately 1,500 acres of privately owned land in the Beaverdam District adjacent to Caroline County and the North Anna River.",blocked_unverified,outcome_label_only,cancelled,no,,Hanover County,,2024,72,1500,"Strata Clean Energy proposed a 72-MW solar development on approximately 1,500 acres of privately owned land in the Beaverdam District adjacent to Caroline County and the North Anna River. Approximately 340 acres would be covered by solar panels and 914 acres would be designated as a conservation area throughout the project’s 35-year lifespan. The project included plans to reforest parts of the Beaverdam development and provide 150-foot buffers around the site to dampen any potential sound. The developer held five meetings with the community between April and June of 2024 to address concerns about the size and scope of the project, including concerns over deforestation and the impact to local wildlife. On July 18, 2024, the Hanover County Planning Commission held a public meeting at which more than a dozen local residents opposed the project. The commission denied the application but forwarded the matter to the Board of Supervisors for a final decision. In September 2024, the Board unanimously rejected the project which would have been the largest solar farm in the county.",S26P-4315,"Sabin Center, Opposition to Renewable Energy Facilities in the United States (Sept. 2026 ed.), via data/renewable_opposition_records_2026-09.csv",https://scholarship.law.columbia.edu/sabin_climate_change/280/,Sabin 2026 entry 4315; cancelled 2024,,,2026-09,in_latest_edition,,,,,src_731207f65d0f,sabin:S26P-4315,report_citation,unverified,51085,51085,name,,,,,,,,,,,,,,
con_eee779acf9,VA,North Ridge Solar,solar,4,"In June 2023, the Culpeper County Planning Commission determined that North Ridge Culpeper Solar LLC’s application for a 26-MW, 355-acre solar project was not in compliance with the county’s comprehensive plan.",blocked_unverified,outcome_label_only,cancelled,no,,Culpeper County,,2023,26,355,"In June 2023, the Culpeper County Planning Commission determined that North Ridge Culpeper Solar LLC’s application for a 26-MW, 355-acre solar project was not in compliance with the county’s comprehensive plan. The Board of Supervisors upheld this determination, after which the developer withdrew its application for a conditional use permit. The project had faced opposition from a local organization called Citizens for Responsible Solar, the leader of which had spoken against the project, citing its proximity to another nearby solar farm.",S26P-4316,"Sabin Center, Opposition to Renewable Energy Facilities in the United States (Sept. 2026 ed.), via data/renewable_opposition_records_2026-09.csv",https://scholarship.law.columbia.edu/sabin_climate_change/280/,Sabin 2026 entry 4316; cancelled 2023,,,2026-09,in_latest_edition,,,,,src_731207f65d0f,sabin:S26P-4316,report_citation,unverified,51047,51047,name,,,,,,,,,,,,,,
con_cc5572e483,VA,Old Ridge Road Solar Project,solar,4,The Old Ridge Road project was a planned 3-MW solar facility being developed by New Leaf Solar on 64 acres of land in Prince Edward County.,blocked_unverified,outcome_label_only,cancelled,no,,Prince Edward County,,2024,3,64,"The Old Ridge Road project was a planned 3-MW solar facility being developed by New Leaf Solar on 64 acres of land in Prince Edward County. In January 2024, following a public hearing on the project’s application for a special use permit, the local planning commission unanimously voted not to recommend the project for approval by the Prince Edward County Board of Supervisors. Local opponents at the public hearing had raised concerns that the facility would produce run-off, decrease local property values, and degrade environmental conditions. New Leaf Solar officially withdrew its application for a special use permit in March 2024.",S26P-4317,"Sabin Center, Opposition to Renewable Energy Facilities in the United States (Sept. 2026 ed.), via data/renewable_opposition_records_2026-09.csv",https://scholarship.law.columbia.edu/sabin_climate_change/280/,Sabin 2026 entry 4317; cancelled 2024,,,2026-09,in_latest_edition,,,,,src_731207f65d0f,sabin:S26P-4317,report_citation,unverified,51147,51147,name,,,,,,,,,,,,,,
con_e3b53404d6,VA,Orange Road Solar Farm,solar,4,"The Orange Road Solar Farm was a 5-MW, 22-acre community solar facility proposed by ESA Solar.",blocked_unverified,outcome_label_only,cancelled,no,,Orange County,,2024,5,22,"The Orange Road Solar Farm was a 5-MW, 22-acre community solar facility proposed by ESA Solar. In February 2024, the Orange County Planning Commission voted 4-1 to recommend that the county’s Board of Supervisors deny a special use permit for the project. Leading up to the vote, the owners of Mayhurst—a historic estate that served as a bed and breakfast and wedding venue—leveraged social media to rally opposition to the project, based on concerns about impacts to tourism and agriculture. One commissioner cited the project’s proximity (1,000 feet) to Mayhurst as a basis for the decision to recommend project denial. In March 2024, ESA Solar withdrew its application for the project.",S26P-4318,"Sabin Center, Opposition to Renewable Energy Facilities in the United States (Sept. 2026 ed.), via data/renewable_opposition_records_2026-09.csv",https://scholarship.law.columbia.edu/sabin_climate_change/280/,Sabin 2026 entry 4318; cancelled 2024,,,2026-09,in_latest_edition,,,,,src_731207f65d0f,sabin:S26P-4318,report_citation,unverified,51137,51137,name,,,,,,,,,,,,,,
con_3a306e5ee0,VA,Piney River Solar Project,solar,4,Energix Renewables proposed a 50-MW solar facility on 180 acres in Amherst County.,blocked_unverified,outcome_label_only,cancelled,no,,Amherst County,,2024,50,180,"Energix Renewables proposed a 50-MW solar facility on 180 acres in Amherst County. In September 2023, the Amherst County Planning Commission voted against a permit for the 50-MW Piney River Solar Project—the second such vote against the Piney River Solar Project in six months. Some residents voiced opposition to the project on the basis of potential environmental impacts, while others have supported the project as a means to improve the environment. In February 2024, the Amherst County Board of Supervisors unanimously voted to deny a special exception permit for the project, finding that the project was not substantially in accord with Amherst County’s comprehensive plan for growth and development. According to the developer, the project would have provided an estimated $10 million in tax revenue over a lifespan of 45 years.",S26P-4319,"Sabin Center, Opposition to Renewable Energy Facilities in the United States (Sept. 2026 ed.), via data/renewable_opposition_records_2026-09.csv",https://scholarship.law.columbia.edu/sabin_climate_change/280/,Sabin 2026 entry 4319; cancelled 2024,,,2026-09,in_latest_edition,,,,,src_731207f65d0f,sabin:S26P-4319,report_citation,unverified,51009,51009,name,strong,eia:65286:planned,Caden Energix Piney River LLC,planned,50,2028,37.69682,-79.02306,"EIA-860M August 2026: plant ID 65286 'Caden Energix Piney River LLC' (VA, Amherst County, entity Caden Energix Piney River LLC, solar, 50 MW), planned, not under construction, expected 12/2028. Status (L) Regulatory approvals pending. Not under construction. Matched on part of the name and county and capacity. The inventory records the plant's status only; it says nothing about the opposition or its effect.",,,,,
con_b27d14c49d,VA,Randolph Solar Project,solar,3,Developer SolUnesco proposed an 800-MW solar project in Charlotte County.,pending,none,pending,yes,litigation,Charlotte County,,2022,800,4500,"Developer SolUnesco proposed an 800-MW solar project in Charlotte County. A lawsuit filed on September 28, 2021 alleged that the developer improperly entered into a lease agreement with a landowner who had dementia, circumventing her power of attorney after her power of attorney had rejected the developer’s offer multiple times. In July 2022, the project received necessary permits. Approximately 4,500 acres will be fenced in, and approximately 3,000 acres will be covered with solar panels and other equipment.",S26P-4320,"Sabin Center, Opposition to Renewable Energy Facilities in the United States (Sept. 2026 ed.), via data/renewable_opposition_records_2026-09.csv",https://scholarship.law.columbia.edu/sabin_climate_change/280/,Sabin 2026 entry 4320; litigation venue: State,,,2026-09,in_latest_edition,,,,,src_731207f65d0f,sabin:S26P-4320,report_citation,unverified,51037,51037,name,,,,,,,,,,,,,,
con_d1b10004b0,VA,Rocky Ford Solar Energy Project,solar,2,"In November 2021, the Henry County Board of Zoning Appeals rejected Invenergy’s proposal for the 90-MW Rocky Ford Solar Energy Project at the same meeting as it rejected Axton Solar LLC’s request to add 484 acres to a previously approved project.",pending,none,pending,no,,Henry County,,2021,90,800,"In November 2021, the Henry County Board of Zoning Appeals rejected Invenergy’s proposal for the 90-MW Rocky Ford Solar Energy Project at the same meeting as it rejected Axton Solar LLC’s request to add 484 acres to a previously approved project. As with Axton Solar’s request, Invenergy’s application was denied due to concerns about aesthetic impacts and an ordinance that mandates that no more than 2.5% of the land area within a 5-mile radius may be used by solar. However, after the developer reduced the project size from 800 acres to 378 acres, the county approved the project.",S26P-4321,"Sabin Center, Opposition to Renewable Energy Facilities in the United States (Sept. 2026 ed.), via data/renewable_opposition_records_2026-09.csv",https://scholarship.law.columbia.edu/sabin_climate_change/280/,Sabin 2026 entry 4321,,,2026-09,in_latest_edition,,,,,src_731207f65d0f,sabin:S26P-4321,report_citation,unverified,51089,51089,name,,,,,,,,,,,,,,
con_77cf655ca9,VA,Rocky Forge Wind,wind,3,"On January 26, 2016, the Botetourt County Board of Supervisors voted to permit Apex Clean Energy to construct a 25-turbine, 75-MW project on a mountain ridge in Southwest Virginia.",pending,none,pending,yes,litigation,Botetourt County,,2024,75,,"On January 26, 2016, the Botetourt County Board of Supervisors voted to permit Apex Clean Energy to construct a 25-turbine, 75-MW project on a mountain ridge in Southwest Virginia. However, the project has faced local opposition and construction has been delayed repeatedly. On November 10, 2021, a group called Citizens for Responsible Energy, also known as Virginians for Responsible Energy, filed a lawsuit challenging the project. In 2022, the American Bird Conservancy submitted comments raising concerns about impacts to Golden Eagles. The lawsuit was dismissed in January 2024, and the dismissal was upheld on appeal in September 2024. As of September 2024, Apex was still waiting on a purchase agreement and site plan approval, with construction anticipated to begin in 2025 and to be completed in late 2026.",S26P-4322,"Sabin Center, Opposition to Renewable Energy Facilities in the United States (Sept. 2026 ed.), via data/renewable_opposition_records_2026-09.csv",https://scholarship.law.columbia.edu/sabin_climate_change/280/,Sabin 2026 entry 4322; litigation venue: State,,,2026-09,in_latest_edition,,,,,src_731207f65d0f,sabin:S26P-4322,report_citation,unverified,51023,51023,name,strong,eia:68197:under_construction,Rocky Forge Wind,under_construction,78,2026,37.71083,-79.7196,"EIA-860M August 2026: plant ID 68197 'Rocky Forge Wind' (VA, Botetourt County, entity Rocky Forge Wind, LLC, wind, 78 MW), under construction, expected 9/2026. Status (V) Under construction, more than 50 percent complete. Matched on name and county and capacity. The inventory records the plant's status only; it says nothing about the opposition or its effect.","outcome pending, but the plant is under construction",,,,
con_2eb2674fbc,VA,South Boston Solar G Development,solar,2,"In October 2023, the Halifax County Planning Commission postponed a hearing on the 5-MW South Boston Solar G Development amidst heavy local opposition.",pending,none,pending,no,,Halifax County,,2023,5,,"In October 2023, the Halifax County Planning Commission postponed a hearing on the 5-MW South Boston Solar G Development amidst heavy local opposition. In November 2023, the commission came to a split 3-3 vote on permitting the project, sending the matter to the Halifax County Board of Supervisors, which approved the project in December 2023.",S26P-4323,"Sabin Center, Opposition to Renewable Energy Facilities in the United States (Sept. 2026 ed.), via data/renewable_opposition_records_2026-09.csv",https://scholarship.law.columbia.edu/sabin_climate_change/280/,Sabin 2026 entry 4323,,,2026-09,in_latest_edition,,,,,src_731207f65d0f,sabin:S26P-4323,report_citation,unverified,51083,51083,name,,,,,,,,,,,,,,
con_7d53e55757,VA,Spotsylvania Solar Energy Center,solar,2,"A local group called Concerned Citizens of Spotsylvania County spent several thousand dollars fighting proposed 6,350-acre Spotsylvania Solar Energy Center.",pending,none,pending,no,,Spotsylvania County,,2019,,6350,"A local group called Concerned Citizens of Spotsylvania County spent several thousand dollars fighting proposed 6,350-acre Spotsylvania Solar Energy Center. The opposition group was comprised largely of residents from the wealthy, gated Fawn Lake subdivision. The project ultimately received state and local approvals in 2018 and 2019, despite opposition.",S26P-4324,"Sabin Center, Opposition to Renewable Energy Facilities in the United States (Sept. 2026 ed.), via data/renewable_opposition_records_2026-09.csv",https://scholarship.law.columbia.edu/sabin_climate_change/280/,Sabin 2026 entry 4324,,,2026-09,in_latest_edition,,,,,src_731207f65d0f,sabin:S26P-4324,report_citation,unverified,51177,51177,name,,,,,,,,,,,,,,
con_17a09f31e1,VA,Sunfish Solar,solar,4,"Developer BayWa proposed an 80-MW solar project on approximately 1,000 acres of privately-owned land near the border of Orange and Culpeper counties.",blocked_unverified,outcome_label_only,cancelled,no,,Orange County,,2024,80,1000,"Developer BayWa proposed an 80-MW solar project on approximately 1,000 acres of privately-owned land near the border of Orange and Culpeper counties. In June 2024, the Planning Commission unanimously voted to recommend denial of the proposal. The commission’s public meeting drew a large audience, with 22 local residents giving public comment, the majority in opposition to the project. The opponents spoke about traffic and safety concerns during construction, decommissioning plans, ecological impact, and the county’s rural character. In August 2024, the Board of Supervisors unanimously denied the special use permit upon finding that the project was not in accord with the county’s comprehensive plan. The project was the largest proposal in the county and was projected to generate more than $20 million in new revenue over 25 years, in addition to $2.3 million in wages and benefits and $10.3 million in economic output.",S26P-4325,"Sabin Center, Opposition to Renewable Energy Facilities in the United States (Sept. 2026 ed.), via data/renewable_opposition_records_2026-09.csv",https://scholarship.law.columbia.edu/sabin_climate_change/280/,Sabin 2026 entry 4325; cancelled 2024,,,2026-09,in_latest_edition,,,,,src_731207f65d0f,sabin:S26P-4325,report_citation,unverified,51137,51137,name,,,,,,,,,,,,,,
con_6d6ae8b1d3,VA,Sycamore Cross Solar,solar,4,"AES proposed the 240-MW Sycamore Cross Solar project to be located on approximately 1,070 acres of land in Isle of Wight and Surry Counties.",blocked_unverified,outcome_label_only,cancelled,no,,Isle of Wight County; Surry County,,2025,240,1070,"AES proposed the 240-MW Sycamore Cross Solar project to be located on approximately 1,070 acres of land in Isle of Wight and Surry Counties. In September 2024, the Isle of Wight County Supervisors, in a 3-2 vote, approved the proposal. In February 2025, the Surry County Board of Supervisors unanimously rejected the proposal following oral comments in opposition by community advocates, who expressed concerns that the project would change the community’s farming character.",S26P-4409,"Sabin Center, Opposition to Renewable Energy Facilities in the United States (Sept. 2026 ed.), via data/renewable_opposition_records_2026-09.csv",https://scholarship.law.columbia.edu/sabin_climate_change/280/,Sabin 2026 entry 4409; cancelled 2025,,,2026-09,in_latest_edition,,,,,src_731207f65d0f,sabin:S26P-4409,report_citation,unverified,,51093;51181,names,strong,eia:68040:planned,Sycamore Cross Solar,planned,208.2,2029,37.01743,-76.74399,"EIA-860M August 2026: plant ID 68040 'Sycamore Cross Solar' (VA, Isle of Wight County, entity AES Clean Energy, solar, 208.2 MW), planned, not under construction, expected 6/2029. Status (P) Planned for installation, but regulatory approvals not initiated. Matched on name and county and capacity. The inventory records the plant's status only; it says nothing about the opposition or its effect.",,,,,
con_b723c66f16,VA,White Oak Tree Solar,solar,2,"In November 2023, the Fluvanna County Planning Commission decided to defer a proposal for a 38-MW solar farm on over 400 acres of land in Virginia.",pending,none,pending,no,,Fluvanna County,,2023,38,400,"In November 2023, the Fluvanna County Planning Commission decided to defer a proposal for a 38-MW solar farm on over 400 acres of land in Virginia. Many residents had voiced their opposition to the project at a Commission meeting, expressing concerns about impacts on untouched woods, along with concerns about radiation.",S26P-4326,"Sabin Center, Opposition to Renewable Energy Facilities in the United States (Sept. 2026 ed.), via data/renewable_opposition_records_2026-09.csv",https://scholarship.law.columbia.edu/sabin_climate_change/280/,Sabin 2026 entry 4326,,,2026-09,in_latest_edition,,,,,src_731207f65d0f,sabin:S26P-4326,report_citation,unverified,51065,51065,name,,,,,,,,,,,,,,
con_f4b8101a83,VA,Wolf Hills Solar,solar,4,"In 2022, Catalyst Energy Solar Farm proposed the 262-MW Wolf Hills Solar project to be located on 1,900 acres of land in Abingdon, some of which was zoned for agricultural use.",blocked_unverified,outcome_label_only,cancelled,no,,Washington County,,2024,262,1900,"In 2022, Catalyst Energy Solar Farm proposed the 262-MW Wolf Hills Solar project to be located on 1,900 acres of land in Abingdon, some of which was zoned for agricultural use. The county’s planning commission unanimously denied the developer’s special-exception permit at a public hearing held on June 24, 2024. During the five-hour hearing, with over 300 people in attendance, residents opposing the project repeatedly raised concerns of loss of farmland, despite the developer’s plan to use sheep to manage the vegetation. The developer withdrew its application a week after the commission’s denial of the permit.",S26P-4327,"Sabin Center, Opposition to Renewable Energy Facilities in the United States (Sept. 2026 ed.), via data/renewable_opposition_records_2026-09.csv",https://scholarship.law.columbia.edu/sabin_climate_change/280/,Sabin 2026 entry 4327; cancelled 2024,,,2026-09,in_latest_edition,,,,,src_731207f65d0f,sabin:S26P-4327,report_citation,unverified,51191,51191,name,,,,,,,,,,,,,,
con_5131424f2c,VT,"Apple Hill Solar and Willow Road Solar, f/k/a Chelsea Solar",solar,4,"Allco Renewable Energy’s plans for the 2-MW Apple Hill project and 2-MW Willow Road project in Bennington, Vermont have faced opposition from neighbors for close to a decade.",blocked_confirmed,court_ruling: In re Petition of Apple Hill Solar LLC,cancelled,yes,litigation,Bennington County,,2023,2,,"Allco Renewable Energy’s plans for the 2-MW Apple Hill project and 2-MW Willow Road project in Bennington, Vermont have faced opposition from neighbors for close to a decade. The state Public Utility Commission (PUC) initially approved the Apple Hill project in 2018, but opponents of the project appealed the decision, and the PUC reversed its own decision on remand in May 2020. In addition, in June 2019, the PUC denied a certificate of public good for the Willow Road project, finding that the Willow Road project and the Apple Hill project were in fact a single 4-MW solar plant and therefore ineligible under a state program for solar projects of 2.2 MW or less; the Vermont Supreme Court upheld that determination in January 2020. In June 2020 the PUC issued a temporary restraining order after Vermonters for a Clean Environment filed comments alleging that the developer was clearing trees on the proposed sites and that endangered plant species were being disturbed. On May 16, 2022, the PUC once again denied a permit for Apple Hill solar. In January 2023, the Bennington Planning Commission unanimously recommended against finding that the revised Willow Road (f/k/a Chelsea) solar project was within a preferred site for solar facilities, and in June 2023, the Bennington Select Board rejected the proposal. In July 2023, Allco filed a lawsuit in state court against the town of Bennington seeking to force the town to declare the proposed site a preferred location for solar under the town’s Energy Plan guidelines. This lawsuit was dismissed for lack of jurisdiction, and Allco responded by stating that it would bring the lawsuit in federal court instead. In October 2023, the Vermont Supreme Court affirmed the PUC’s 2020 denial of a certificate of public convenience and necessity. On December 12, 2023, the Vermont Supreme Court denied Allco’s request for reargument. On June 3, 2025, in a special Town of Bennington Select Board meeting, the board voted 5-1 to ratify a settlement agreement in support of the project. The board agreed that the project site is a “preferred area,” not prominently visible on a hillside, does not violate the town plan and does not have “adverse regional impact.”",REC-0440,"Sabin Center, Opposition to Renewable Energy Facilities in the United States (Sept. 2026 ed.), via data/renewable_opposition_records_2026-09.csv",https://scholarship.law.columbia.edu/sabin_climate_change/280/,Sabin 2026 entry 4328; litigation venue: State; cancelled 2023,,,2026-09,in_latest_edition,con_5131424f2c,,,,src_731207f65d0f,sabin:REC-0440,confirmed,verified,50003,50003,name,strong,eia:61037:under_construction,Apple Hill Solar,under_construction,2,2026,42.9077,-73.2041,"EIA-860M August 2026: plant ID 61037 'Apple Hill Solar' (VT, Bennington County, entity Ecos Energy LLC, solar, 2 MW), under construction, expected 12/2026. Status (U) Under construction, less than or equal to 50 percent complete. Matched on part of the name and county and capacity. The inventory records the plant's status only; it says nothing about the opposition or its effect.","outcome blocked_confirmed, but the plant is under construction",,,,
con_4a69fe368b,VT,Babcock Solar Farm,solar,2,"On March 30, 2018, the developer of a proposed 2.2-MW solar project near downtown Brandon wrote a letter to the Vermont Public Utility Commission requesting permission to change the site of the project because of “significant opposition to the project from neighboring property owners and residents due to aesthetic concerns.”",pending,none,pending,no,,Rutland County,,2018,2.2,,"On March 30, 2018, the developer of a proposed 2.2-MW solar project near downtown Brandon wrote a letter to the Vermont Public Utility Commission requesting permission to change the site of the project because of “significant opposition to the project from neighboring property owners and residents due to aesthetic concerns.”",S26P-4329,"Sabin Center, Opposition to Renewable Energy Facilities in the United States (Sept. 2026 ed.), via data/renewable_opposition_records_2026-09.csv",https://scholarship.law.columbia.edu/sabin_climate_change/280/,Sabin 2026 entry 4329,,,2026-09,in_latest_edition,,,,,src_731207f65d0f,sabin:S26P-4329,report_citation,unverified,50021,50021,name,,,,,,,,,,,,,,
con_44a7ecb6f3,VT,Dairy Air Wind Farm,wind,4,"In July 2016, AllEarth Renewables proposed a single 2.2-MW wind turbine on a 450-acre dairy air farm in the Town of Holland, after winning a state contract.",blocked_unverified,outcome_label_only,cancelled,yes,litigation,Orleans County,,2020,2.2,450,"In July 2016, AllEarth Renewables proposed a single 2.2-MW wind turbine on a 450-acre dairy air farm in the Town of Holland, after winning a state contract. The project was stymied by significant delays at the Public Utility Commission (“PUC”). In 2017, Governor Phil Scott set the most stringent decibel limits for wind turbines in the United States: 42 decibels in the daytime and 39 decibels at night, as measured 100 feet from residences nearest to the turbines. In May 2018, the PUC issued a “bifurcation order” splitting the application requirements and further delaying progress. In January 2020, the developer announced that it was dropping plans for the project, blaming the Governor for opposition to wind energy and for appointing opponents of wind energy to the PUC. The Town of Holland actively fought the project, incurring more than $70,000 in legal fees over three years. In March 2020, the PUC dismissed the developer’s petition to build the project. At the time of dismissal, there were no other petitions for so-called major wind projects before the PUC.",S26P-4330,"Sabin Center, Opposition to Renewable Energy Facilities in the United States (Sept. 2026 ed.), via data/renewable_opposition_records_2026-09.csv",https://scholarship.law.columbia.edu/sabin_climate_change/280/,Sabin 2026 entry 4330; litigation venue: State; cancelled 2020,,,2026-09,in_latest_edition,,,,,src_731207f65d0f,sabin:S26P-4330,report_citation,unverified,50019,50019,name,,,,,,,,,,,,,,
con_1263c96f66,VT,Grandpa’s Knob Wind Project,wind,4,"In 2022, the developer of a proposed single-turbine, 1.5-MW wind project abandoned plans amidst opposition in Castleton, Vermont and surrounding towns.",blocked_unverified,outcome_label_only,cancelled,no,,Rutland County,,2022,1.5,,"In 2022, the developer of a proposed single-turbine, 1.5-MW wind project abandoned plans amidst opposition in Castleton, Vermont and surrounding towns. The failure of the single-turbine project followed an unsuccessful 2012 proposal for 20 turbines along the ridgeline at Grandpa’s Knob that the Castleton Select Board unanimously opposed.",S26P-4331,"Sabin Center, Opposition to Renewable Energy Facilities in the United States (Sept. 2026 ed.), via data/renewable_opposition_records_2026-09.csv",https://scholarship.law.columbia.edu/sabin_climate_change/280/,Sabin 2026 entry 4331; cancelled 2022,,,2026-09,in_latest_edition,,,,,src_731207f65d0f,sabin:S26P-4331,report_citation,unverified,50021,50021,name,,,,,,,,,,,,,,
con_a6ade9969c,VT,Kidder Hill Wind,wind,4,"In July 2017, the Vermont Public Utility Commission rejected an application for a certificate of public good for the Kidder Hill Wind project.",blocked_confirmed,resolution: https://www.wcax.com/content/news/Plans-for-Irasburg-wind-project-scuttled-475428413.html,cancelled,yes,litigation,Orleans County,,2018,N/A,,"In July 2017, the Vermont Public Utility Commission rejected an application for a certificate of public good for the Kidder Hill Wind project. In its decision, the Commission stated that the application was incomplete and missing crucial information. In August of the same year, the Commission denied a motion for reconsideration. A local opponent of the project stated: “[t]he basic opposition comes from a place of community . . . . You have to understand the scale of these projects and the scale is not appropriate to put into a residential community.” The developer cancelled the project in 2018.",REC-0444,"Sabin Center, Opposition to Renewable Energy Facilities in the United States (Sept. 2026 ed.), via data/renewable_opposition_records_2026-09.csv",https://scholarship.law.columbia.edu/sabin_climate_change/280/,Sabin 2026 entry 4332; litigation venue: Administrative; cancelled 2018; capacity carried from the 2025 edition,,,2026-09,in_latest_edition,con_a6ade9969c,,,,src_731207f65d0f,sabin:REC-0444,confirmed,verified,50019,50019,name,,,,,,,,,,,https://www.wcax.com/content/news/Plans-for-Irasburg-wind-project-scuttled-475428413.html,opened,,2018-02-28
con_cdd04634b3,VT,Kingdom Community Wind Project,wind,3,"Several individuals joined with Energize Vermont in filing a lawsuit to challenge the issuance of a permit related to stormwater management at the 21-turbine Kingdom Community Wind Project, which was completed in 2012.",advanced_confirmed,resolution: https://www.eia.gov/electricity/data/eia860m/,unknown,yes,litigation,Orleans County,,2013,21 turbines,,"Several individuals joined with Energize Vermont in filing a lawsuit to challenge the issuance of a permit related to stormwater management at the 21-turbine Kingdom Community Wind Project, which was completed in 2012. In 2013 the Vermont Supreme Court found “no clear and convincing error” and affirmed the issuance of the permit.",REC-0445,"Sabin Center, Opposition to Renewable Energy Facilities in the United States (Sept. 2026 ed.), via data/renewable_opposition_records_2026-09.csv",https://scholarship.law.columbia.edu/sabin_climate_change/280/,Sabin 2026 entry 4333; litigation venue: State; capacity carried from the 2025 edition,,,2026-09,in_latest_edition,con_cdd04634b3,,,,src_731207f65d0f,sabin:REC-0445,confirmed,verified,50019,50019,name,strong,eia:57979:operating;uswtdb:VT:57979,Kingdom Community Wind,operating,65,2012,44.74833,-72.42528,"EIA-860M August 2026: plant ID 57979 'Kingdom Community Wind' (VT, Orleans County, entity Green Mountain Power Corp, wind, 65 MW), operating, since 11/2012. Status (OP) Operating. USWTDB v9.1 (2026-09-28): entry 57979 'Kingdom Community Wind' (VT, Orleans County, wind, 63 MW), operating, since 2012. Matched on name and county. The inventory records the plant's status only; it says nothing about the opposition or its effect.",,https://www.eia.gov/electricity/data/eia860m/,opened,,2012-11
con_16f217ad6b,VT,Manchester Solar Project,solar,4,"In September 2021, the Vermont Public Utility Commission denied a certificate to a 500-kilowatt project in Manchester, Vermont, which had been proposed by Manchester-based MHG Solar.",blocked_confirmed,resolution: https://epuc.vermont.gov/?q=downloadfile/533173/149379,cancelled,no,"local_residents, organized_group",Bennington County,,2021,500 kW,,"In September 2021, the Vermont Public Utility Commission denied a certificate to a 500-kilowatt project in Manchester, Vermont, which had been proposed by Manchester-based MHG Solar. The Commission cited aesthetic concerns in its denial and noted that it had received “many public comments in opposition to the project,” primarily focused on aesthetic impacts and flooding concerns.",REC-0446,"Sabin Center, Opposition to Renewable Energy Facilities in the United States (Sept. 2026 ed.), via data/renewable_opposition_records_2026-09.csv",https://scholarship.law.columbia.edu/sabin_climate_change/280/,"Sabin 2026 entry 4334; cancelled 2021; opposition_type, capacity carried from the 2025 edition",,,2026-09,in_latest_edition,con_16f217ad6b,,,,src_731207f65d0f,sabin:REC-0446,confirmed,verified,50003,50003,name,,,,,,,,,,,https://epuc.vermont.gov/?q=downloadfile/533173/149379,opened,,2021-11-19
con_d323358d6b,VT,New Haven Solar Projects,solar,3,"In 2017, the Vermont Supreme Court rejected a nuisance lawsuit by neighbors of two solar projects in New Haven, alleging that the projects had caused their properties to lose value.",pending,none,pending,yes,litigation,Addison County,,2017,,,"In 2017, the Vermont Supreme Court rejected a nuisance lawsuit by neighbors of two solar projects in New Haven, alleging that the projects had caused their properties to lose value. The court concluded that aesthetic harm alone cannot form the basis of a private nuisance claim.",S26P-4335,"Sabin Center, Opposition to Renewable Energy Facilities in the United States (Sept. 2026 ed.), via data/renewable_opposition_records_2026-09.csv",https://scholarship.law.columbia.edu/sabin_climate_change/280/,Sabin 2026 entry 4335; litigation venue: State,,,2026-09,in_latest_edition,,,,,src_731207f65d0f,sabin:S26P-4335,report_citation,unverified,50001,50001,name,,,,,,,,,,,,,,
con_49714713c8,VT,Shaftsbury Solar,solar,2,"The 85-acre, 20-MW Shaftsbury Solar project, proposed by Freepoint Commodities and SunEast Development LLC, has faced significant opposition in Bennington County.",pending,none,pending,no,,Bennington County,,2025,20,85,"The 85-acre, 20-MW Shaftsbury Solar project, proposed by Freepoint Commodities and SunEast Development LLC, has faced significant opposition in Bennington County. Residents of the Town of Shaftsbury have spoken against the project at town meetings, created a website called Stop Shaftsbury Solar, and collected signatures for an online petition against the project. In May 2023, the developer filed a petition for a certificate of public good from the Vermont Public Utility Commission (PUC), with the expectation of beginning construction in 2025 if the permit was approved. Residents of Shaftsbury mobilized in opposition against the project, including by collecting signatures for an online petition. At a town meeting in March 2023, a majority of residents in attendance expressed opposition to the project in a non-binding voice vote raising concerns of loss of farmland, habitat destruction, and increased runoff. In September 2025, the PUC approved the project. Opponents subsequently indicated that they intend to appeal the PUC’s decision to the Vermont Supreme Court.",S26P-4336,"Sabin Center, Opposition to Renewable Energy Facilities in the United States (Sept. 2026 ed.), via data/renewable_opposition_records_2026-09.csv",https://scholarship.law.columbia.edu/sabin_climate_change/280/,Sabin 2026 entry 4336,,,2026-09,in_latest_edition,,,,,src_731207f65d0f,sabin:S26P-4336,report_citation,unverified,50003,50003,name,strong,eia:64064:planned,Shaftsbury Solar,planned,20,2028,42.96463,-73.16841,"EIA-860M August 2026: plant ID 64064 'Shaftsbury Solar' (VT, Bennington County, entity Freepoint Commodities LLC, solar, 20 MW), planned, not under construction, expected 12/2028. Status (L) Regulatory approvals pending. Not under construction. Matched on name and county and capacity. The inventory records the plant's status only; it says nothing about the opposition or its effect.",,,,,
con_990e598019,VT,Stamford Wind Project,wind,4,"In December 2023, Norwich Solar abandoned plans for a 2.2-MW, 500-foot turbine in Stamford, Vermont, which would have been the first utility-scale wind project in the state.",blocked_unverified,outcome_label_only,cancelled,no,,Bennington County,,2023,2.2,,"In December 2023, Norwich Solar abandoned plans for a 2.2-MW, 500-foot turbine in Stamford, Vermont, which would have been the first utility-scale wind project in the state. The project had faced significant opposition from Stamford residents and neighbors.",S26P-4337,"Sabin Center, Opposition to Renewable Energy Facilities in the United States (Sept. 2026 ed.), via data/renewable_opposition_records_2026-09.csv",https://scholarship.law.columbia.edu/sabin_climate_change/280/,Sabin 2026 entry 4337; cancelled 2023,,,2026-09,in_latest_edition,,,,,src_731207f65d0f,sabin:S26P-4337,report_citation,unverified,50003,50003,name,,,,,,,,,,,,,,
con_72cc29f0f3,VT,Stiles Brooks Wind Project,wind,4,"In November 2016, the towns of Windham and Grafton both decided by non-binding referendum votes to reject the Stiles Brooks Wind Project.",blocked_unverified,outcome_label_only,cancelled,no,,Windham County,,2016,,,"In November 2016, the towns of Windham and Grafton both decided by non-binding referendum votes to reject the Stiles Brooks Wind Project. The project was proposed by Iberdrola Renewables, with the intent to construct the largest wind project in the state of Vermont. In Windham, the vote was 181-101 and in Grafton, the vote was 235-158 against the project. Following the votes, the developer announced that it would walk away from the project.",S26P-4338,"Sabin Center, Opposition to Renewable Energy Facilities in the United States (Sept. 2026 ed.), via data/renewable_opposition_records_2026-09.csv",https://scholarship.law.columbia.edu/sabin_climate_change/280/,Sabin 2026 entry 4338; cancelled 2016,,,2026-09,in_latest_edition,,,,,src_731207f65d0f,sabin:S26P-4338,report_citation,unverified,50025,50025,name,,,,,,,,,,,,,,
con_aadaa01c57,VT,Swanton Wind Farm,wind,4,"In late 2015, the towns of Swanton and Fairfield both voted to oppose the Swanton Wind Farm.",blocked_unverified,outcome_label_only,cancelled,no,,Franklin County,,2017,,,"In late 2015, the towns of Swanton and Fairfield both voted to oppose the Swanton Wind Farm. Swanton also voted to spend $10,000 to oppose the project. Town officials stated that residents were concerned about impacts on property values and potential effects of living close to wind farms. In February 2017, the Northwest Regional Planning Commission (NRPC) voted to reject the Swanton Wind Farm proposal. The attorney for the NRPC said that the NRPC Commissioners should not disclose the reason for the rejection.",S26P-4339,"Sabin Center, Opposition to Renewable Energy Facilities in the United States (Sept. 2026 ed.), via data/renewable_opposition_records_2026-09.csv",https://scholarship.law.columbia.edu/sabin_climate_change/280/,Sabin 2026 entry 4339; cancelled 2017,,,2026-09,in_latest_edition,,,,,src_731207f65d0f,sabin:S26P-4339,report_citation,unverified,50011,50011,name,,,,,,,,,,,,,,
con_8a46926dc6,VT,Viridis Solar,solar,2,"A proposal to build the Viridis solar farm, a 300-acre, 50-MW project in the Town of Panton, has faced significant opposition from local residents.",pending,none,pending,no,,Addison County,Town of Panton,2024,50,300,"A proposal to build the Viridis solar farm, a 300-acre, 50-MW project in the Town of Panton, has faced significant opposition from local residents. The developers, Freepoint Commodities and SunEast Development LLC, have been working to develop Viridis Solar and two other projects in Vermont since 2017. In Panton, a group of local residents have formed an organization called “No Mega Solar,” and approximately 300 people had signed paper petitions against the project as of May 2024. Opponents have stated that they are not opposed to solar in general, but they have expressed concerns about the size of the project and impacts on the town’s rural character. Opponents have also emphasized that power generated from the project would not be sold in Vermont.",S26P-4340,"Sabin Center, Opposition to Renewable Energy Facilities in the United States (Sept. 2026 ed.), via data/renewable_opposition_records_2026-09.csv",https://scholarship.law.columbia.edu/sabin_climate_change/280/,Sabin 2026 entry 4340,,,2026-09,in_latest_edition,,,,,src_731207f65d0f,sabin:S26P-4340,report_citation,unverified,50001,50001,name,,,,,,,,,,,,,,
con_995873bc82,WA,Badger Mountain Solar Project,solar,4,"The Badger Mountain Solar Project is a 200-MW solar project proposed by Aurora Solar, LLC, a subsidiary of Avangrid Renewables, LLC.",blocked_confirmed,resolution: https://efsec.wa.gov/facilities/badger-mountain-solar/permits-and-compliance?fid=108&tid=165,pending,no,"indigenous opposition, cultural concerns",Douglas County,,2024,200,,"The Badger Mountain Solar Project is a 200-MW solar project proposed by Aurora Solar, LLC, a subsidiary of Avangrid Renewables, LLC. Wenatchi-P’squosa people indigenous to the area have objected to the planned construction, citing concerns that the project threatens cultural resources including foodways and sacred sites on the mountain. In May 2023, the Confederated Tribes of the Colville Reservation formally registered their opposition to the project. In January 2024, ProPublica and High Country News published the results of an investigation that found that Washington State Department of Natural Resources’ process for assessing cultural resources had been inadequate. In August 2024, the developer announced that it was pausing project planning for 2 to 3 months as it re-evaluated public comments, including from project landowners and affected tribal nations",REC-0466,"Sabin Center, Opposition to Renewable Energy Facilities in the United States (Sept. 2026 ed.), via data/renewable_opposition_records_2026-09.csv",https://scholarship.law.columbia.edu/sabin_climate_change/280/,Sabin 2026 entry 4341; opposition_type carried from the 2025 edition,,,2026-09,in_latest_edition,con_995873bc82,,,,src_731207f65d0f,sabin:REC-0466,confirmed,verified,53017,53017,name,,,,,,,,,,,https://efsec.wa.gov/facilities/badger-mountain-solar/permits-and-compliance?fid=108&tid=165,opened,,
con_b071c2c67c,WA,Carriger Solar Project,solar,2,The proposed 160-MW Carriger Solar Project drew opposition from a group called Citizens Educated About Solar Energy (CEASE).,pending,none,pending,no,"organized_group, disruption",Klickitat County,,2023,160,200,"The proposed 160-MW Carriger Solar Project drew opposition from a group called Citizens Educated About Solar Energy (CEASE). In August 2021, the founder of CEASE was ejected from a public meeting about the project for causing a disruption. On January 10, 2023, the Klickitat County Commission adopted a 6-month moratorium on solar projects in the area where the project has been proposed. In August 2023, the Washington Energy Facility Site Evaluation Council (EFSEC) indicated that it was considering issuing a determination that the project would have “significant impacts” on the environment. Under Washington law, “significance” is defined as a “reasonably likelihood of more than a moderate adverse impact on environmental quality.” EFSEC identified two reasons for the adverse impacts: cultural impacts and visual aesthetics. On cultural impacts, EFSEC emphasized objections from the Yakama Nation centered on impacts to Traditional Cultural Properties (TCPs). The EFSEC also found it unlikely that mitigation efforts to lessen visual impacts would be effective. On June 26, 2025, the EFSEC issued a decision recommending that the Governor approve the project.",REC-0467,"Sabin Center, Opposition to Renewable Energy Facilities in the United States (Sept. 2026 ed.), via data/renewable_opposition_records_2026-09.csv",https://scholarship.law.columbia.edu/sabin_climate_change/280/,"Sabin 2026 entry 4342; opposition_type, area carried from the 2025 edition",,,2026-09,in_latest_edition,con_b071c2c67c,,,,src_731207f65d0f,sabin:REC-0467,report_citation,unverified,53039,53039,name,strong,eia:67653:planned,Carriger,planned,160,2028,45.8777,-120.8865,"EIA-860M August 2026: plant ID 67653 'Carriger' (WA, Klickitat County, entity Cypress Creek Renewables, solar, 160 MW), planned, not under construction, expected 11/2028. Status (L) Regulatory approvals pending. Not under construction. Matched on name and county and capacity. The inventory records the plant's status only; it says nothing about the opposition or its effect.",,,,,
con_05d2969096,WA,Columbia Solar Project,solar,1,"Tuusso Energy applied to the State Energy Facility Site Evaluation Council (EFSEC) for permission to construct a 25-MW, 200-acre solar project across five parcels of private property.",advanced_confirmed,resolution: https://efsec.wa.gov/sites/default/files/2025-05/880-CS_OrdApprovTerm_Transfer.pdf,pending,no,"organized_group, disruption",Kittitas County,,2018,25,200,"Tuusso Energy applied to the State Energy Facility Site Evaluation Council (EFSEC) for permission to construct a 25-MW, 200-acre solar project across five parcels of private property. Neighbors of the site started an organization, Save Our Farms, to advocate against the project. In early 2017, the Kittitas County Commission enacted a temporary moratorium that prohibited major solar projects. In July 2018, the EFSEC overrode the County by voting to approve the project. In October 2018, Governor Inslee gave final approval, allowing the project to move forward.",REC-0468,"Sabin Center, Opposition to Renewable Energy Facilities in the United States (Sept. 2026 ed.), via data/renewable_opposition_records_2026-09.csv",https://scholarship.law.columbia.edu/sabin_climate_change/280/,Sabin 2026 entry 4343; opposition_type carried from the 2025 edition,Save Our Farms,https://www.spokesman.com/stories/2018/apr/27/solar-panels-on-farmland-stir-fight-in-central-was/,2026-09,in_latest_edition,con_05d2969096,,,,src_731207f65d0f,sabin:REC-0468,confirmed,verified,53037,53037,name,,,,,,,,,,,https://efsec.wa.gov/sites/default/files/2025-05/880-CS_OrdApprovTerm_Transfer.pdf,opened,,2021-09-21
con_26c5acfcd9,WA,Goldendale Energy Storage Project,battery_storage,1,The Yakama Nation has been fighting the proposed Goldendale Energy Storage Project on its ancestral land for five years due to concerns that the pumped storage project could destroy tribal cultural property.,advanced_confirmed,resolution: https://elibrary.ferc.gov/eLibrary/docketsheet?docket_number=P-14861&sub_docket=all&dt_from=2025-06-01&dt_to=2026-10-08&chklegadata=false&pageNm=dsearch&date_range=custom&search_type=docket&date_type=issued_date&sub_docket_q=allsub,pending,no,"tribal opposition, cultural concerns",Klickitat County,,2024,1200,680,"The Yakama Nation has been fighting the proposed Goldendale Energy Storage Project on its ancestral land for five years due to concerns that the pumped storage project could destroy tribal cultural property. The project is planned to be constructed on a 680-acre site with the capacity to generate 1,200-MW of energy. On July 28, 2022, 17 of Washington State’s 29 federally recognized tribes sent a letter to Governor Inslee asking that he deny permits for the project. In February 2024, FERC released its final environmental review for the project, recommending the project move forward subject to certain conditions. Tribal nations have argued they were not properly consulted for the project and that the lack of consultation undermined FERC’s review of the project’s cultural impacts.",REC-0469,"Sabin Center, Opposition to Renewable Energy Facilities in the United States (Sept. 2026 ed.), via data/renewable_opposition_records_2026-09.csv",https://scholarship.law.columbia.edu/sabin_climate_change/280/,Sabin 2026 entry 4344; opposition_type carried from the 2025 edition,,,2026-09,in_latest_edition,con_26c5acfcd9,,,,src_731207f65d0f,sabin:REC-0469,confirmed,verified,53039,53039,name,,,,,,,,,,,https://elibrary.ferc.gov/eLibrary/docketsheet?docket_number=P-14861&sub_docket=all&dt_from=2025-06-01&dt_to=2026-10-08&chklegadata=false&pageNm=dsearch&date_range=custom&search_type=docket&date_type=issued_date&sub_docket_q=allsub,opened,,2026-01-22
con_f079e07ee9,WA,Goldeneye Energy Storage,battery_storage,2,"In June 2024, Tenaska submitted a proposal for a 200-MW battery energy storage system to the Energy Facility Site Evaluation Council (EFSEC) rather than seeking approval from Skagit County.",pending,none,pending,no,"local_residents, environmental concerns",Skagit County,,2024,200,16,"In June 2024, Tenaska submitted a proposal for a 200-MW battery energy storage system to the Energy Facility Site Evaluation Council (EFSEC) rather than seeking approval from Skagit County. The project is proposed to be located on approximately 16 acres zoned for agriculture in the outskirts of Sedro-Woolley. At a public hearing held in August 2024, local residents raised concerns of fire and environmental hazards. The Skagit County Commissioners, the Sedro-Woolley mayor and council, and District 39 state legislators all voiced their opposition to the project. In November 2024, the Skagit Board of County Commissioners amended the county development code to prohibit new electrical energy generation and storage on agricultural and resource land. In January 2025, District 39 Senator Keith Wagoner introduced Senate Bill 5283 to prohibit EFSEC from “preempting local laws that forbid the siting of certain storage facilities in critical areas.” In February 2025, EFSEC voted 3-2 that the project proposal was in compliance with the Skagit County development regulations that were in place at the time of application, allowing the proposal to move on to the State Environmental Policy Act review.",REC-0470,"Sabin Center, Opposition to Renewable Energy Facilities in the United States (Sept. 2026 ed.), via data/renewable_opposition_records_2026-09.csv",https://scholarship.law.columbia.edu/sabin_climate_change/280/,Sabin 2026 entry 4345; opposition_type carried from the 2025 edition,,,2026-09,in_latest_edition,con_f079e07ee9,,,,src_731207f65d0f,sabin:REC-0470,report_citation,unverified,53057,53057,name,,,,,,,,,,,,,,
con_60dc3e68f1,WA,Harvest Hills Wind Project,wind,2,"In 2024, Vestas/Steelhead Americas proposed a 200-MW wind farm, comprising 45 turbines to be located in Whitman County.",pending,none,pending,no,,Whitman County,,2026,200,,"In 2024, Vestas/Steelhead Americas proposed a 200-MW wind farm, comprising 45 turbines to be located in Whitman County. A group called “Save the Palouse” was formed in opposition to the project and raised concerns about the potential for negative impacts on the scenery and environment. The opposition group garnered over 3,500 signatures on a petition opposing  the project. In January 2025, the Whitman County Commissioners placed a moratorium on commercial wind projects to allow the County Planning Commission to update the wind ordinance before permitting any new projects. In April 2025, the developer applied to the Energy Facility Site Evaluation Council (EFSEC), the state-level body that would issue a project permit. The approval remains pending with the EFSEC. In January 2026, the Whitman County Commissioners extended the wind moratorium through June 2026.",S26P-4410,"Sabin Center, Opposition to Renewable Energy Facilities in the United States (Sept. 2026 ed.), via data/renewable_opposition_records_2026-09.csv",https://scholarship.law.columbia.edu/sabin_climate_change/280/,Sabin 2026 entry 4410,,,2026-09,in_latest_edition,,,,,src_731207f65d0f,sabin:S26P-4410,report_citation,unverified,53075,53075,name,,,,,,,,,,,,,,
con_7563ceecc2,WA,High Top and Ostrea Solar Project,solar,2,"On April 7, 2022, Cypress Creek Renewables submitted an application to the state EFSEC to construct the High Top and Ostrea Solar Project, which consists of two 80-MW components, High Top Solar and Ostrea Solar, each of which would cover 1,600 acres.",pending,none,pending,no,,Yakima County,,2023,160,1600,"On April 7, 2022, Cypress Creek Renewables submitted an application to the state EFSEC to construct the High Top and Ostrea Solar Project, which consists of two 80-MW components, High Top Solar and Ostrea Solar, each of which would cover 1,600 acres. On July 26, 2022, the county imposed a moratorium on mid- and large-scale solar projects. In November 2022, the county commissioners sent two letters to the EFSEC asking the council to abide by the moratorium and hold off on approving any projects in the county until new local rules are finalized. However, in December 2022, the EFSEC informed the county commissioners that the EFSEC’s guiding laws “do not provide a mechanism to cease review of an [a]pplication . . . in light of a county-enacted moratorium.” In February 2023, the EFSEC approved the application for the project in spite of the county moratorium, sending the application on to Governor Inslee for final approval. On April 17, 2023, Governor Inslee approved the project.",S26P-4346,"Sabin Center, Opposition to Renewable Energy Facilities in the United States (Sept. 2026 ed.), via data/renewable_opposition_records_2026-09.csv",https://scholarship.law.columbia.edu/sabin_climate_change/280/,Sabin 2026 entry 4346,,,2026-09,in_latest_edition,,,,,src_731207f65d0f,sabin:S26P-4346,report_citation,unverified,53077,53077,name,,,,,,,,,,,,,,
con_b0437702f8,WA,Horse Heaven Wind Farm,wind,3,Scout Clean Energy has proposed a 600-MW wind project on 24 miles of ridgeline on the Horse Heaven Hills.,pending,none,pending,yes,litigation,Benton County,,2024,600,,"Scout Clean Energy has proposed a 600-MW wind project on 24 miles of ridgeline on the Horse Heaven Hills. The project has garnered local opposition from groups such as Save Our Ridges, which maintains a website tracking the project. Construction was supposed to be finished by 2022, but the project was still under review as of August 2023. In August 2023, a hearing was scheduled for public comment about the proposed project. In September 2023, the Board of Benton County Commissioners published a resolution formally opposing the project. Opponents of the project have raised concerns about impacts to ferruginous hawks, as well as concerns about the cultural and historical significance of the Horse Heaven Hills to the Confederated Tribes and Bands of the Yakama Nation. The community group Tri-Cities C.A.R.E.S (Community Action for Responsible Environmental Stewardship) has also argued that the project will reduce property values and could obstruct emergency planes or hospitals in the event of wildfires. The state Energy Facility Site Evaluation Council (EFSEC) voted in April 2024 to recommend the Horse Heaven Project for approval over objections from the Yakama Nation. The EFSEC’s recommendation halved the Horse Heaven project’s size due to concerns that the facility would impact local endangered hawk populations. In May 2024, however, Governor Inslee rejected the proposal to halve the size of the project. In September 2024, the EFSEC approved a version of the project with mitigation measures that did not involve reducing the size of the project. Governor Inslee approved this version of the project in October 2024. In November 2024, Benton County, Tri-Cities CARES and the Yakama Nation each filed a separate lawsuit in the Thurston County Superior Court seeking judicial review of the approval by the state and the regulators and alleging irregularities and errors in the environmental impact study process.",S26P-4347,"Sabin Center, Opposition to Renewable Energy Facilities in the United States (Sept. 2026 ed.), via data/renewable_opposition_records_2026-09.csv",https://scholarship.law.columbia.edu/sabin_climate_change/280/,Sabin 2026 entry 4347; litigation venue: State,,,2026-09,in_latest_edition,,,,,src_731207f65d0f,sabin:S26P-4347,report_citation,unverified,53005,53005,name,,,,,,,,,,,,,,
con_e92bc6d5c8,WA,Mount Vernon Energy Storage,battery_storage,2,"In August 2023, NextEra proposed the 200-MW Mount Vernon battery energy storage system on approximately 23 acres of industrial land west of Mount Vernon.",pending,none,pending,no,,Skagit County,,2024,200,23,"In August 2023, NextEra proposed the 200-MW Mount Vernon battery energy storage system on approximately 23 acres of industrial land west of Mount Vernon. The developer applied for a special use permit from the Skagit Board of County Commissioners. A group of opponents who call themselves Stewards of Skagit organized to fight back against the project. In November 2024, the Board amended the county development code to prohibit new electrical energy generation and storage on agricultural and resource land. The restriction does not apply to this project as it would be located in the Bayview Ridge Heavy Industrial zoning district. In December 2024, the Skagit County Planning & Development Services issued a Staff Report recommending approval of the special use permit. In January 2025, the Skagit County Hearing Examiner approved the special use permit for the project. The opposition group Stewards of Skagit appealed the decision to the Skagit Board of County Commissioners. On June 17, 2025, following a June 2, 2025 appeal hearing, the county commissioners upheld the hearing examiner’s approval, allowing the project to move forward as planned.",S26P-4348,"Sabin Center, Opposition to Renewable Energy Facilities in the United States (Sept. 2026 ed.), via data/renewable_opposition_records_2026-09.csv",https://scholarship.law.columbia.edu/sabin_climate_change/280/,Sabin 2026 entry 4348,,,2026-09,in_latest_edition,,,,,src_731207f65d0f,sabin:S26P-4348,report_citation,unverified,53057,53057,name,,,,,,,,,,,,,,
con_b4a9fcdfeb,WA,Whistling Ridge Energy Project,wind,4,"In 2002, SDS Lumber Company, dba Whistling Ridge Energy, LLC (“Whistling Ridge”) proposed the Whistling Ridge Energy Project as a 70-MW wind farm, with up to 85 wind turbines on both public and private land near the City of White Salmon in Klickitat County.",blocked_unverified,outcome_label_only,cancelled,yes,litigation,Klickitat County,,2023,70,,"In 2002, SDS Lumber Company, dba Whistling Ridge Energy, LLC (“Whistling Ridge”) proposed the Whistling Ridge Energy Project as a 70-MW wind farm, with up to 85 wind turbines on both public and private land near the City of White Salmon in Klickitat County. The project faced immediate opposition from local residents, a conservation organization called Friends of the Columbia Gorge (“Friends”), and tourism groups, who raised concerns about poor project design and harm to scenic and wildlife resources. Over 400 public comments were submitted to the Energy Facility Site Evaluation Council (EFSEC), largely by opponents. In 2012, the Washington Department of Natural Resources denied the original project proposals but ultimately authorized a 10-year permit from 2012 to 2022 for up to 35 wind turbines. The Governor accepted the EFSEC’s recommendation and approved the project. In 2013, Friends challenged the approval in state court, which rejected their claims and affirmed the approval. In 2018, Friends filed a challenge in federal court, which also failed. However, the project was on hold until 2023, one year after the permit had expired. Whistling Ridge’s corporate successor, Twin Creeks Timber LLC filed a request to transfer ownership and extend the permit to 2026. However, in 2023, the EFSEC denied the requests, and the project was officially terminated.",S26P-4349,"Sabin Center, Opposition to Renewable Energy Facilities in the United States (Sept. 2026 ed.), via data/renewable_opposition_records_2026-09.csv",https://scholarship.law.columbia.edu/sabin_climate_change/280/,"Sabin 2026 entry 4349; litigation venue: Federal, State; cancelled 2023",,,2026-09,in_latest_edition,,,,,src_731207f65d0f,sabin:S26P-4349,report_citation,unverified,53039,53039,name,,,,,,,,,,,,,,
con_2e46813b3e,WI,Beautiful Hill Wind Farm,wind,4,"Residents expressed concerns regarding “setbacks, low-frequency noise, location, and issues with the process” surrounding this proposed 7-turbine project.",blocked_unverified,outcome_label_only,cancelled,no,,Manitowoc County,,2013,,,"Residents expressed concerns regarding “setbacks, low-frequency noise, location, and issues with the process” surrounding this proposed 7-turbine project. In 2013 the Manitowoc County Board passed a wind ordinance that was as restrictive as state law would allow. It appears the project was not completed.",S26P-4350,"Sabin Center, Opposition to Renewable Energy Facilities in the United States (Sept. 2026 ed.), via data/renewable_opposition_records_2026-09.csv",https://scholarship.law.columbia.edu/sabin_climate_change/280/,Sabin 2026 entry 4350; cancelled 2013,,,2026-09,in_latest_edition,,,,,src_731207f65d0f,sabin:S26P-4350,report_citation,unverified,55071,55071,name,,,,,,,,,,,,,,
con_058276bc0b,WI,Cardinal-Hickory Creek Transmission Line,transmission,3,"The Cardinal-Hickory Creek Transmission Line is a 125-mile, 345-kilovolt transmission line that is planned to stretch from Dubuque County, Iowa to the Town of Middleton, Wisconsin.",advanced_unverified,outcome_label_only,operational,yes,litigation,Grant County,,2024,,,"The Cardinal-Hickory Creek Transmission Line is a 125-mile, 345-kilovolt transmission line that is planned to stretch from Dubuque County, Iowa to the Town of Middleton, Wisconsin. The transmission line is expected to support the interconnection of renewable energy generation in the upper Midwest region. The project has faced significant opposition. In 2021, the National Wildlife Refuge Association, the Driftless Area Land Conservancy, the Wisconsin Wildlife Federation, and the Defenders of Wildlife filed a series of lawsuits in the U.S. District Court for the Western District of Wisconsin. The lawsuits, which were consolidated, challenged the project under NEPA, the National Wildlife Refuge System Improvement Act, the Clean Water Act, and the Endangered Species Act. In November 2021, the federal district court granted a preliminary injunction preventing development of the project that would impact wetlands in southern Wisconsin’s Driftless Area. In January 2022, the federal district court held that federal approval of the project violated NEPA and the Refuge Act. Then, in July 2023, the Seventh Circuit Court of Appeals vacated the preliminary injunction and remanded the case for dismissal. In December 2023, the eastern half of the transmission line entered into service. In March 2024, the Driftless Area Land Conservancy, the National Wildlife Refuge Association, and the Wisconsin Wildlife Federation sued to block a federal land exchange necessary for the line’s crossing of a wildlife refuge along the Mississippi River. The U.S. District Court for the Western District of Wisconsin issued a preliminary injunction suspending federal approvals for the land exchange in March 2024, but in May 2024, the Seventh Circuit reversed the order, holding that the district court had not made the required finding that the movants were “likely to succeed on the merits.” The U.S. Fish & Wildlife Service completed the land exchange in May 2024. The transmission line completed construction and entered into full operation in September 2024, with the federal lawsuit against the project still pending.",S26P-4351,"Sabin Center, Opposition to Renewable Energy Facilities in the United States (Sept. 2026 ed.), via data/renewable_opposition_records_2026-09.csv",https://scholarship.law.columbia.edu/sabin_climate_change/280/,"Sabin 2026 entry 4351; litigation venue: Federal, State",,,2026-09,in_latest_edition,,,,,src_731207f65d0f,sabin:S26P-4351,report_citation,unverified,55043,55043,name,,,,,,,,,,,,,,
con_310792a069,WI,Fox Solar,solar;battery_storage,2,"In July 2025, NextEra Energy proposed a 100-MW solar farm with a 50-MW battery energy storage system (BESS) to be located on approximately 1,148 acres in the Town of Morgan, Oconto County.",pending,none,pending,no,,Oconto County,Town of Morgan,2025,150,"1,148","In July 2025, NextEra Energy proposed a 100-MW solar farm with a 50-MW battery energy storage system (BESS) to be located on approximately 1,148 acres in the Town of Morgan, Oconto County. Although the developer is seeking to have the project permitted at the state level, in October 2025, local government officials held a town hall meeting regarding the project. The majority of residents expressed their opposition to the project. Opponents, including Senator Eric Wimberger and Representative Elijah Behnke, raised concerns of loss of farmland, fire risk from batteries, and the potential future construction of data centers near the project. Representatives of the developer declined to attend the town hall meeting after receiving online threats from surrounding township residents.",S26P-4406,"Sabin Center, Opposition to Renewable Energy Facilities in the United States (Sept. 2026 ed.), via data/renewable_opposition_records_2026-09.csv",https://scholarship.law.columbia.edu/sabin_climate_change/280/,Sabin 2026 entry 4406,,,2026-09,in_latest_edition,,,,,src_731207f65d0f,sabin:S26P-4406,report_citation,unverified,55083,55083,name,,,,,,,,,,,,,,
con_c2f8d6f1c8,WI,High Noon Solar,solar,2,"On March 16, 2023, the Columbia County Board adopted a resolution urging the Public Service Commission to deny the application for High Noon Solar.",needs_review,none,unknown,no,,Columbia County,,2023,300,2000,"On March 16, 2023, the Columbia County Board adopted a resolution urging the Public Service Commission to deny the application for High Noon Solar. The proposed 300-MW project would include approximately 2,000 acres spread out across many separate parcels. In the resolution opposing the project, the county board highlighted concerns about property value impacts and dust. The county board also sent a resolution to state lawmakers asking for more county-level authority over the siting process.",S26P-4352,"Sabin Center, Opposition to Renewable Energy Facilities in the United States (Sept. 2026 ed.), via data/renewable_opposition_records_2026-09.csv",https://scholarship.law.columbia.edu/sabin_climate_change/280/,Sabin 2026 entry 4352,,,2026-09,in_latest_edition,,,,,src_731207f65d0f,sabin:S26P-4352,report_citation,unverified,55021,55021,name,strong,eia:69480:under_construction,High Noon Solar Energy LLC,under_construction,300,2027,43.35326,-89.34738,"EIA-860M August 2026: plant ID 69480 'High Noon Solar Energy LLC' (WI, Columbia County, entity Invenergy Services LLC, solar, 300 MW), under construction, expected 9/2027. Status (U) Under construction, less than or equal to 50 percent complete. Matched on name and county and capacity. The inventory records the plant's status only; it says nothing about the opposition or its effect.","outcome needs_review, but the plant is under construction",,,,
con_483fe58e01,WI,Highland Wind Farm,wind,4,"In 2011, a developer applied for a permit to construct the 102.5-MW Highland Wind Farm.",blocked_unverified,outcome_label_only,cancelled,yes,litigation,St. Croix County,Town of Forest,2021,102.5,,"In 2011, a developer applied for a permit to construct the 102.5-MW Highland Wind Farm. After the PSC granted a permit for the project, the Town of Forest appealed the decision. The trial court dismissed the petition, and the Wisconsin Court of Appeals upheld dismissal in January 2019. In June 2019, the Wisconsin Supreme Court declined to hear the town’s appeal. Nonetheless, in 2021, the developer canceled the project. By that time, the Town of Forest had spent more than $500,000 opposing the project.",S26P-4353,"Sabin Center, Opposition to Renewable Energy Facilities in the United States (Sept. 2026 ed.), via data/renewable_opposition_records_2026-09.csv",https://scholarship.law.columbia.edu/sabin_climate_change/280/,Sabin 2026 entry 4353; litigation venue: State; cancelled 2019,,,2026-09,in_latest_edition,,,,,src_731207f65d0f,sabin:S26P-4353,report_citation,unverified,55109,55109,name,,,,,,,,,,,,,,
con_7235b071dd,WI,Ledge Wind Energy Center Project,wind,4,"In March 2011, Invenergy canceled plans for a 100-turbine, 150-MW wind farm in Brown County, citing regulatory uncertainty at the state level.",blocked_unverified,outcome_label_only,cancelled,no,,Brown County,,2011,150,,"In March 2011, Invenergy canceled plans for a 100-turbine, 150-MW wind farm in Brown County, citing regulatory uncertainty at the state level. At a local level, the project faced opposition from Brown County Citizens for Responsible Wind Energy.",S26P-4354,"Sabin Center, Opposition to Renewable Energy Facilities in the United States (Sept. 2026 ed.), via data/renewable_opposition_records_2026-09.csv",https://scholarship.law.columbia.edu/sabin_climate_change/280/,Sabin 2026 entry 4354; cancelled 2011,,,2026-09,in_latest_edition,,,,,src_731207f65d0f,sabin:S26P-4354,report_citation,unverified,55009,55009,name,,,,,,,,,,,,,,
con_6dbedc3b39,WI,Muddy Creek Solar,solar,2,"In 2025, Geronimo Power proposed the Muddy Creek Solar project, comprising 322 MW of solar energy generation and a 300-MW battery energy storage system (BESS) to be located on approximately 3,782 acres in the Town of Spring Brook.",pending,none,pending,no,,Dunn County,Town of Spring Brook,2026,622,"3,782","In 2025, Geronimo Power proposed the Muddy Creek Solar project, comprising 322 MW of solar energy generation and a 300-MW battery energy storage system (BESS) to be located on approximately 3,782 acres in the Town of Spring Brook. In June 2025, the developer filed an application for a Certificate of Public Convenience and Necessity (CPCN) with the Wisconsin Public Service Commission. On February 19, 2026, the Commission held a public hearing during which local residents voiced opposition to the project, raising concerns about impacts on property values and questioning the developer’s proposed decommissioning plans. Supporters of the project argued that the project would offer financial stability for farmers. A decision by the Commission remains pending as of June 2026.",S26P-4434,"Sabin Center, Opposition to Renewable Energy Facilities in the United States (Sept. 2026 ed.), via data/renewable_opposition_records_2026-09.csv",https://scholarship.law.columbia.edu/sabin_climate_change/280/,Sabin 2026 entry 4434,,,2026-09,in_latest_edition,,,,,src_731207f65d0f,sabin:S26P-4434,report_citation,unverified,55033,55033,name,,,,,,,,,,,,,,
con_2f57e4756a,WI,Sugar River Wind Project,wind,2,"After Green County approved this 65-MW, 24-turbine project, a group of 56 residents opposed to the project petitioned the PSC to overturn the approval.",pending,none,pending,no,,Green County,,2020,65,,"After Green County approved this 65-MW, 24-turbine project, a group of 56 residents opposed to the project petitioned the PSC to overturn the approval. The PSC voted 3-0 to deny the petition in June 2020, allowing the project to move forward.",S26P-4355,"Sabin Center, Opposition to Renewable Energy Facilities in the United States (Sept. 2026 ed.), via data/renewable_opposition_records_2026-09.csv",https://scholarship.law.columbia.edu/sabin_climate_change/280/,Sabin 2026 entry 4355,,,2026-09,in_latest_edition,,,,,src_731207f65d0f,sabin:S26P-4355,report_citation,unverified,55045,55045,name,,,,,,,,,,,,,,
con_3adafeb06a,WI,Uplands Winds,wind,2,"In 2019, Pattern Energy began planning for two 300-MW wind projects with up to 181 turbine sites across three counties.",pending,none,pending,no,,Grant County; Iowa County; Lafayette County,,2024,300,,"In 2019, Pattern Energy began planning for two 300-MW wind projects with up to 181 turbine sites across three counties. The project has faced continued opposition since its early planning stages. Activists created a website called No-uplands.com to post information and organize campaigns against the project. In August 2024, during a public hearing with over 200 local residents in attendance, activists and opponents raised concerns about the project and discouraged landowners from signing land-lease contracts with the developer. The opponents cited health effects from wind turbines as well as land devaluation and wildlife impacts.",S26P-4356,"Sabin Center, Opposition to Renewable Energy Facilities in the United States (Sept. 2026 ed.), via data/renewable_opposition_records_2026-09.csv",https://scholarship.law.columbia.edu/sabin_climate_change/280/,Sabin 2026 entry 4356,,,2026-09,in_latest_edition,,,,,src_731207f65d0f,sabin:S26P-4356,report_citation,unverified,,55043;55049;55065,names,,,,,,,,,,,,,,
con_2a93313d10,WI,Vista Sands Solar,solar;battery_storage,3,"In January 2024, Vista Sands Solar, LLC (Vista Sands), an affiliate of Doral Renewables, proposed Vista Sands Solar, a 1,300-MW solar farm with a 300-MW battery energy storage system which would be the largest solar farm in the state.",pending,none,pending,yes,litigation,Portage County,,2024,1600,9500,"In January 2024, Vista Sands Solar, LLC (Vista Sands), an affiliate of Doral Renewables, proposed Vista Sands Solar, a 1,300-MW solar farm with a 300-MW battery energy storage system which would be the largest solar farm in the state. The project would be located on approximately 9,500 acres of privately-owned agricultural land in the Village of Plover and towns of Grant, Plover and Buena Vista. An alliance of opponents including hunters, birdwatchers and public land advocates opposed the project and raised concerns about impacts to the greater prairie-chicken population, a threatened species. The Wisconsin Wildlife Federation intervened in the regulatory approval process asking the Public Service Commission (PSC) to reduce the project size by 20 to 30 percent to better protect the birds’ habitats. In July 2024 the PSC and the Wisconsin Department of Natural Resources issued a joint final Environmental Impact Statement (EIS) that recommended scaling back the plans by removing 10 of the proposed areas for solar arrays. The agencies had received over 400 comments on their draft EIS. In December 2024, after reviewing the developer’s detailed report of the public health, ecosystem and economic benefits of the project, the PSC unanimously approved the scaled down version of the project and described it as one of the most valuable for the state. The developer agreed to restore up to 7,900 acres of agricultural land in the vicinity of the wildlife area, to seed the area under development with a beneficial wildflower mix, and not to construct within 500 feet of important habitat for the great prairie chicken. Construction is expected to begin in late 2025 and the project is expected to produce enough electricity to power about 200,000 homes.",S26P-4357,"Sabin Center, Opposition to Renewable Energy Facilities in the United States (Sept. 2026 ed.), via data/renewable_opposition_records_2026-09.csv",https://scholarship.law.columbia.edu/sabin_climate_change/280/,Sabin 2026 entry 4357; litigation venue: Administrative,,,2026-09,in_latest_edition,,,,,src_731207f65d0f,sabin:S26P-4357,report_citation,unverified,55097,55097,name,strong,eia:67551:planned,Vista Sands Solar,planned,1182,2028,44.44626,-89.57631,"EIA-860M August 2026: plant ID 67551 'Vista Sands Solar' (WI, Portage County, entity Vista Sands Solar LLC, solar, 1182 MW), planned, not under construction, expected 12/2028. Status (L) Regulatory approvals pending. Not under construction. Matched on name and county. The inventory records the plant's status only; it says nothing about the opposition or its effect.",,,,,
con_0fb65e9a84,WI,Whitetail Wind Farm,wind,3,"In September 2023, twelve opponents appealed the Grant County Conservation, Sanitation and Zoning Committee’s approval of a permit for the 7-turbine Whitetail Wind Farm in southwest Wisconsin.",pending,none,pending,yes,litigation,Grant County,,2023,,,"In September 2023, twelve opponents appealed the Grant County Conservation, Sanitation and Zoning Committee’s approval of a permit for the 7-turbine Whitetail Wind Farm in southwest Wisconsin. Appellants claimed that the permit application was incomplete and missing key information. The appeal was denied in October 2023.",S26P-4358,"Sabin Center, Opposition to Renewable Energy Facilities in the United States (Sept. 2026 ed.), via data/renewable_opposition_records_2026-09.csv",https://scholarship.law.columbia.edu/sabin_climate_change/280/,Sabin 2026 entry 4358; litigation venue: Administrative,,,2026-09,in_latest_edition,,,,,src_731207f65d0f,sabin:S26P-4358,report_citation,unverified,55043,55043,name,strong,eia:67379:planned,Whitetail Wind Farm,planned,67.2,2027,42.95145,-90.4407,"EIA-860M August 2026: plant ID 67379 'Whitetail Wind Farm' (WI, Grant County, entity Invenergy Services LLC, wind, 67.2 MW), planned, not under construction, expected 12/2027. Status (T) Regulatory approvals received. Not under construction. Matched on name and county. The inventory records the plant's status only; it says nothing about the opposition or its effect.",,,,,
con_a7515a6e34,WI,Whitewater Solar,solar,2,"In 2024, Ranger Power proposed the 180-MW Whitewater Solar project to be located on approximately 2,800 acres of farmland.",pending,none,pending,no,,Jefferson County; Walworth County,,2025,180,"2,800","In 2024, Ranger Power proposed the 180-MW Whitewater Solar project to be located on approximately 2,800 acres of farmland. The project site includes land within the City of Whitewater and Town of Cold Spring in Jefferson County, and the Towns of Whitewater and LaGrange in Walworth County. Opponents of the project intervened in the permitting process before the Wisconsin Public Service Commission (PSC) and raised several objections, including the loss of farmland, impacts to the tourist and rural character of the community, and impacts to the nearby Kettle Moraine State Forest. In September 2025, the Wisconsin PSC unanimously approved the project. The opponents requested a second hearing before the Wisconsin PSC. In November 2025, the Wisconsin PSC issued its final decision, affirming its approval finding that the project is in the public interest, it will not have undue adverse impacts on environmental values, and it does not unreasonably interfere with the orderly use of land. The opponents launched an online campaign to raise funds for legal fees to support an appeal challenging the PSC’s decision.",S26P-4407,"Sabin Center, Opposition to Renewable Energy Facilities in the United States (Sept. 2026 ed.), via data/renewable_opposition_records_2026-09.csv",https://scholarship.law.columbia.edu/sabin_climate_change/280/,Sabin 2026 entry 4407,,,2026-09,in_latest_edition,,,,,src_731207f65d0f,sabin:S26P-4407,report_citation,unverified,,55055;55127,names,,,,,,,,,,,,,,
con_8739010dea,WV,Beech Ridge Wind Farm,wind,3,"The Beech Ridge Wind Farm, a 100-MW wind project in Greenbrier County, was met with local opposition when it was proposed in 2005.",advanced_confirmed,resolution: https://www.eia.gov/electricity/data/eia860m/,operational,yes,litigation,Greenbrier County,,2010,100,300,"The Beech Ridge Wind Farm, a 100-MW wind project in Greenbrier County, was met with local opposition when it was proposed in 2005. Opponents including the Animal Welfare Institute and Mountain Communities for Responsible Energy challenged the project before the PSC, and then in federal court. During the pendency of the federal lawsuit, the developer agreed to continue construction on only 40 out of the planned 124 turbines until a decision on the merits. In 2009, a federal district court found flaws in analysis of impacts on the endangered Indiana bat and imposed severe restrictions on the project. The court allowed the developer to complete the 40 turbines under construction but enjoined the operation of those wind turbines at all times except winter, unless the parties could agree otherwise. The project was completed in 2010 with the construction of 67 turbines.",REC-0473,"Sabin Center, Opposition to Renewable Energy Facilities in the United States (Sept. 2026 ed.), via data/renewable_opposition_records_2026-09.csv",https://scholarship.law.columbia.edu/sabin_climate_change/280/,Sabin 2026 entry 4359; litigation venue: Federal; area carried from the 2025 edition,,,2026-09,in_latest_edition,con_8739010dea,,,,src_731207f65d0f,sabin:REC-0473,confirmed,verified,54025,54025,name,,,,,,,,,,,https://www.eia.gov/electricity/data/eia860m/,opened,,2010-01
con_43933af058,WV,Brandonville Solar,solar,2,"In 2025, Enel North America proposed the 100-MW Brandonville Solar project to be located on approximately 1,000 acres between Glade Run and Big Sandy Creek, about one mile north of Brandonville.",pending,none,pending,no,,Preston County,,2026,100,"1,000","In 2025, Enel North America proposed the 100-MW Brandonville Solar project to be located on approximately 1,000 acres between Glade Run and Big Sandy Creek, about one mile north of Brandonville. In October 2025, the West Virginia Public Service Commission (PSC) opened a public comment period on the project. Opponents of the project, including State Delegate George Street, raised concerns about loss of farmland and impacts on property values and wildlife, and noted that, according to the Interconnection Field Study, the actual output of the solar farm is estimated to be about 50 percent less than proposed. In February 2026, the PSC concluded that the project is not contrary to the public interest given its positive economic impact on Preston County and the state of West Virginia, and thus granted the siting certificate. The developer has indicated that construction of the project will begin in December of 2026 and the project will be operational by the end of 2027.",S26P-4405,"Sabin Center, Opposition to Renewable Energy Facilities in the United States (Sept. 2026 ed.), via data/renewable_opposition_records_2026-09.csv",https://scholarship.law.columbia.edu/sabin_climate_change/280/,Sabin 2026 entry 4405,,,2026-09,in_latest_edition,,,,,src_731207f65d0f,sabin:S26P-4405,report_citation,unverified,54077,54077,name,,,,,,,,,,,,,,
con_8b154997f9,WV,Mount Storm Wind Project,wind,3,"In 2005, landowners in Grant County filed a nuisance lawsuit in state court to enjoin the construction and operation of a wind power project planned by Shell WindEnergy, Inc. and NedPower.",advanced_confirmed,resolution: https://www.eia.gov/electricity/data/eia860m/,operational,yes,litigation,Grant County,,2008,264,,"In 2005, landowners in Grant County filed a nuisance lawsuit in state court to enjoin the construction and operation of a wind power project planned by Shell WindEnergy, Inc. and NedPower. The trial court dismissed the action, holding that the state public service commission’s approval of the project deprived the court of jurisdiction to enjoin the project. The West Virginia Supreme Court reversed on appeal in June 2007, finding that the lower court had improperly dismissed the lawsuit and remanding the case back to the lower court for further proceedings. The 264-MW wind farm was completed in 2008, despite the legal challenges.",REC-0474,"Sabin Center, Opposition to Renewable Energy Facilities in the United States (Sept. 2026 ed.), via data/renewable_opposition_records_2026-09.csv",https://scholarship.law.columbia.edu/sabin_climate_change/280/,Sabin 2026 entry 4360; litigation venue: State,,,2026-09,in_latest_edition,con_8b154997f9,,,,src_731207f65d0f,sabin:REC-0474,confirmed,verified,54023,54023,name,strong,eia:56495:operating;uswtdb:WV:56495;uswtdb:WV:56495,NedPower Mount Storm,operating,264,2008,39.2175,-79.2094,"EIA-860M August 2026: plant ID 56495 'NedPower Mount Storm' (WV, Grant County, entity Clearway Energy Operating LLC, wind, 264 MW), operating, since 3/2008. Status (OP) Operating. USWTDB v9.1 (2026-09-28): entry 56495 'NedPower Mount Storm, Phase I' (WV, Grant County, wind, 164 MW), operating, since 2008. USWTDB v9.1 (2026-09-28): entry 56495 'NedPower Mount Storm, Phase II' (WV, Grant County, wind, 100 MW), operating, since 2008. Matched on part of the name and county and capacity. The inventory records the plant's status only; it says nothing about the opposition or its effect.",,https://www.eia.gov/electricity/data/eia860m/,opened,,2008-03
con_75a0e114c2,WV,Tyr Energy Solar Project,solar,1,"Local opposition has arisen regarding the Tyre Solar Project, a 100-MW project on 300 acres on farmland in Mason County.",advanced_confirmed,resolution: https://wvpublic.org/story/energy-environment/psc-approves-100-megawatt-solar-farm-in-mason-county/,pending,no,"local_residents, organized_group",Mason County,,2023,100,300,"Local opposition has arisen regarding the Tyre Solar Project, a 100-MW project on 300 acres on farmland in Mason County. Opposition has focused on impacts to farmland, wildlife, and the local rural character of Mason County, with some residents putting up signs reading “Stop Solar Farms.” In December 2023, the West Virginia Public Service Commission approved Tyr Energy Development Renewables’ plan for the project.",REC-0475,"Sabin Center, Opposition to Renewable Energy Facilities in the United States (Sept. 2026 ed.), via data/renewable_opposition_records_2026-09.csv",https://scholarship.law.columbia.edu/sabin_climate_change/280/,Sabin 2026 entry 4361; opposition_type carried from the 2025 edition,,,2026-09,in_latest_edition,con_75a0e114c2,,,,src_731207f65d0f,sabin:REC-0475,confirmed,verified,54053,54053,name,,,,,,,,,,,https://wvpublic.org/story/energy-environment/psc-approves-100-megawatt-solar-farm-in-mason-county/,opened,,2023-10-27
con_00e5418481,WY,Haystack Solar,solar;battery_storage,4,"EG Haystack Solar LLC proposed the 199-MW Haystack Solar and battery energy storage facility on a 2,000-acre private ranch 30 miles west of Casper.",blocked_unverified,outcome_label_only,cancelled,no,,Natrona County,,2025,199,"2,000","EG Haystack Solar LLC proposed the 199-MW Haystack Solar and battery energy storage facility on a 2,000-acre private ranch 30 miles west of Casper. In February 2025, dozens of area residents spoke out against the project during a 7.5 hour public meeting. The Natrona County Board of Commissioners voted 3-2 to reject the project in the face of heated public opposition.",S26P-4375,"Sabin Center, Opposition to Renewable Energy Facilities in the United States (Sept. 2026 ed.), via data/renewable_opposition_records_2026-09.csv",https://scholarship.law.columbia.edu/sabin_climate_change/280/,Sabin 2026 entry 4375; cancelled 2025,,,2026-09,in_latest_edition,,,,,src_731207f65d0f,sabin:S26P-4375,report_citation,unverified,56025,56025,name,,,,,,,,,,,,,,
con_67b865d0e8,WY,Laramie Range Wind Project,wind,3,"In 2018, Repsol Renewables North America began the development of the 650-MW Laramie Range Wind Project, comprising 170 wind turbines on approximately 56,000 acres 20 miles northwest of Cheyenne.",pending,none,pending,yes,litigation,Laramie County,Cheyenne,2025,650,56000,"In 2018, Repsol Renewables North America began the development of the 650-MW Laramie Range Wind Project, comprising 170 wind turbines on approximately 56,000 acres 20 miles northwest of Cheyenne. The proposal faced strong local opposition, mostly from adjacent non-participating landowners. On September 16, 2025, after several weeks of public hearings, the Board of County Commissioners rejected the project with a 3-1 vote. During the public hearings, opponents of the project raised concerns about threats to wildlife, excessive noise, vibrations becoming a nuisance, obstruction of views and a decrease in property values. In November 2025, the developer sued the Laramie County Board of Commissioners in the Wyoming First Judicial Court challenging the rejection of the project on the basis that the county acted “arbitrarily and capriciously.”",S26P-4388,"Sabin Center, Opposition to Renewable Energy Facilities in the United States (Sept. 2026 ed.), via data/renewable_opposition_records_2026-09.csv",https://scholarship.law.columbia.edu/sabin_climate_change/280/,Sabin 2026 entry 4388; litigation venue: State,,,2026-09,in_latest_edition,,,,,src_731207f65d0f,sabin:S26P-4388,report_citation,unverified,56021,56021,name,,,,,,,,,,,,,,
con_16950d2943,WY,Pioneer Wind Parks I and II,wind,3,"In 2011, Wasatch Wind proposed a 66-turbine wind farm in Converse County.",advanced_confirmed,resolution: https://www.eia.gov/electricity/data/eia860m/,operational,yes,litigation,Converse County,,2016,66 turbines,,"In 2011, Wasatch Wind proposed a 66-turbine wind farm in Converse County. The project was opposed by local residents due to concerns about potential impacts to scenery, recreation, property values, and the Laramie Range wilderness. The opponents formed the Northern Laramie Range Alliance (NLRA) to organize against the project, including by advocating for zoning regulations that would prohibit wind development above an elevation of 6,000 feet; when this failed, the group appealed state and county permitting decisions and eventually took a case to the Wyoming Supreme Court. Although these efforts failed, Converse County did enact slightly stricter wind regulations. Construction was completed in 2016.",REC-0493,"Sabin Center, Opposition to Renewable Energy Facilities in the United States (Sept. 2026 ed.), via data/renewable_opposition_records_2026-09.csv",https://scholarship.law.columbia.edu/sabin_climate_change/280/,"Sabin 2026 entry 4362; litigation venue: Administrative, State; capacity carried from the 2025 edition",Northern Laramie Range Alliance,https://www.wyomingpublicmedia.org/news/2012-12-18/citizens-group-loses-wyo-wind-farm-challenge,2026-09,in_latest_edition,con_16950d2943,,,,src_731207f65d0f,sabin:REC-0493,confirmed,verified,56009,56009,name,strong,eia:60259:operating;uswtdb:WY:60259,"Pioneer Wind Park, LLC",operating,80,2016,42.7282,-105.8668,"EIA-860M August 2026: plant ID 60259 'Pioneer Wind Park, LLC' (WY, Converse County, entity AES Distributed Energy, wind, 80 MW), operating, since 10/2016. Status (OP) Operating. USWTDB v9.1 (2026-09-28): entry 60259 'Pioneer Wind Park' (WY, Converse County, wind, 80 MW), operating, since 2016. Matched on name and county. The inventory records the plant's status only; it says nothing about the opposition or its effect.",,https://www.eia.gov/electricity/data/eia860m/,opened,,2016-10
con_bff147d3f9,WY,Pronghorn Wind and Solar,solar;wind,3,"In 2022, Focus Clean Energy proposed the “Pronghorn H2” project, comprising a roughly 300 MW wind farm and 280 MW solar farm, to power a hydrogen production facility.",pending,none,pending,yes,litigation,Converse County,,2026,580,"40,000","In 2022, Focus Clean Energy proposed the “Pronghorn H2” project, comprising a roughly 300 MW wind farm and 280 MW solar farm, to power a hydrogen production facility. The project is to be located on public and private lands spanning a total of approximately 40,000 acres near Glenrock. The project has faced strong opposition from local ranchers, landowners, and a group called “Taxpayers Against Pronghorn H2 Project.” The opponents have raised concerns over public safety, water use, viewshed impacts, impacts on wildlife migration, and interference with private property rights. In April 2025, the Wyoming State Board of Land Commissioners, in a 4-1 vote, approved a lease for the project. With the same vote, the Board also approved a lease for another project by the same developers in neighboring Niobrara County (see Sidewinder Wind). In July 2025, a local rancher filed a lawsuit in the district court challenging the state approval of the Pronghorn project. In December 2025, the district court ruled that the Board had violated its own rules by approving the lease for the project. In January 2026, the developer revised the project proposal, reducing its size to 30% of the initial footprint and indicating that it would move forward with only the wind and solar facilities and not the hydrogen production component of the project. In February 2026, the Wyoming State Board of Land Commissioners, in a 3-2 vote, rescinded the land lease for the project. Chuck Gray, Wyoming Secretary of State and the only member of the Board of Land Commissioners to initially vote against the proposals, released a statement after the vote celebrating the cancellation of “woke wind leases.”",S26P-4411,"Sabin Center, Opposition to Renewable Energy Facilities in the United States (Sept. 2026 ed.), via data/renewable_opposition_records_2026-09.csv",https://scholarship.law.columbia.edu/sabin_climate_change/280/,Sabin 2026 entry 4411; litigation venue: State,,,2026-09,in_latest_edition,,,,,src_731207f65d0f,sabin:S26P-4411,report_citation,unverified,56009,56009,name,,,,,,,,,,,,,,
con_2f8a3e5ff8,WY,Rail Tie Wind Project,wind,3,"The Rail Tie Wind Project, a 26,000-acre, 504-MW wind farm proposed by ConnectGen (which was acquired by Repsol in March 2024), has experienced delays after becoming embroiled in legal controversies.",advanced_confirmed,resolution: https://www.federalregister.gov/documents/2022/07/19/2022-15374/rail-tie-wind-project-record-of-decision,pending,yes,litigation,Albany County,,2024,504,26000,"The Rail Tie Wind Project, a 26,000-acre, 504-MW wind farm proposed by ConnectGen (which was acquired by Repsol in March 2024), has experienced delays after becoming embroiled in legal controversies. At a meeting in February 2020, residents urged the county planning and zoning commission to place a moratorium on wind development to block the project, citing concerns about the potential for aesthetic changes to the classic western landscape, effects on local wildlife, and the potential for groundwater contamination during the installation of turbine foundations. An attorney representing landowners opposed to the project also lobbied the county to impose aggressive setback requirements that would effectively block wind energy projects. However, neither the moratorium nor the setbacks were implemented. While the State Board of Land Commissioners initially denied the developer’s lease application on 4,800 acres of state land in November 2020, the Board reversed its decision and approved the lease in January 2021. The Albany County Board of Commissioners then granted final approval in July 2021. Local residents and businesses challenged the permit, and, in May 2022, the Albany County district court upheld the permit. Over 45 residents signed onto an appeal to the Wyoming Supreme Court, and the Wyoming Supreme Court affirmed, upholding the permit on April 18, 2023. In December 2023, the Wyoming Department of Environmental Quality’s Industrial Siting Council approved the project, drawing a lawsuit. On December 23, 2024, the Albany County Conservancy and other plaintiffs filed a lawsuit in federal court to stop the project, alleging violations of the NEPA, the National Historic Preservation Act, and the Administrative Procedure Act. The project, if completed, is expected to produce $130 million in tax revenues",REC-0494,"Sabin Center, Opposition to Renewable Energy Facilities in the United States (Sept. 2026 ed.), via data/renewable_opposition_records_2026-09.csv",https://scholarship.law.columbia.edu/sabin_climate_change/280/,"Sabin 2026 entry 4363; litigation venue: Administrative, State",,,2026-09,in_latest_edition,con_2f8a3e5ff8,,,,src_731207f65d0f,sabin:REC-0494,confirmed,verified,56001,56001,name,strong,eia:64847:planned,Rail Tie Wind,planned,504,2029,41.05583,-105.4942,"EIA-860M August 2026: plant ID 64847 'Rail Tie Wind' (WY, Albany County, entity Repsol Renewables NA, wind, 504 MW), planned, not under construction, expected 6/2029. Status (L) Regulatory approvals pending. Not under construction. Matched on name and county and capacity. The inventory records the plant's status only; it says nothing about the opposition or its effect.",,https://www.federalregister.gov/documents/2022/07/19/2022-15374/rail-tie-wind-project-record-of-decision,opened,,2022-07-11
con_552afd0839,WY,Rock Creek Gen-Tie Line,transmission,3,"In July 2023, a conservation group in Wyoming called the Albany County Conservancy challenged the Bureau of Land Management’s approval of a transmission line designed to connect a proposed wind project to interstate transmission lines.",pending,none,pending,yes,litigation,Albany County,,2023,,,"In July 2023, a conservation group in Wyoming called the Albany County Conservancy challenged the Bureau of Land Management’s approval of a transmission line designed to connect a proposed wind project to interstate transmission lines.",REC-0495,"Sabin Center, Opposition to Renewable Energy Facilities in the United States (Sept. 2026 ed.), via data/renewable_opposition_records_2026-09.csv",https://scholarship.law.columbia.edu/sabin_climate_change/280/,Sabin 2026 entry 4364; litigation venue: Federal,Albany County Conservancy,https://cowboystatedaily.com/2023/08/01/lawsuit-claims-blm-excluded-public-with-secret-approval-of-wind-project/,2026-09,in_latest_edition,con_552afd0839,,,,src_731207f65d0f,sabin:REC-0495,report_citation,unverified,56001,56001,name,,,,,,,,,,,,,,
con_6ce5f5f31c,WY,Sidewinder Wind,wind,3,"In 2025, Focus Clean Energy, Acciona, and Nordex Green Hydrogen jointly proposed the 1,000-MW Sidewinder H2 Wind farm on approximately 120,000 acres of private and public land in eastern Wyoming.",pending,none,pending,yes,litigation,Niobrara County,,2026,"1,000","120,000","In 2025, Focus Clean Energy, Acciona, and Nordex Green Hydrogen jointly proposed the 1,000-MW Sidewinder H2 Wind farm on approximately 120,000 acres of private and public land in eastern Wyoming. The project has faced strong opposition from local ranchers, landowners, and a group called “Niobrara County Against Sidewinder” which maintains a website containing information and petitions opposing the project. Concerns about the project primarily relate to over public safety, water use, viewshed impacts, impacts on wildlife migration, and interference with private property rights. In April 2025, the Wyoming Board of Land Commissioners, in a 4-1 vote, approved a lease for the project. In July 2025, a local rancher filed a lawsuit in the district court challenging the state lease approval of another project by the same developers in neighboring Converse County. The district court ruled that the Board had violated its own rules by approving the lease for that project (see entry on Pronghorn Wind). In January 2026, the developers revised both the Sidewinder and the Pronghorn project proposals. In February 2026, the Wyoming State Board of Land Commissioners, in a 3-2 vote, rescinded the land leases for the two projects. Chuck Gray, Wyoming Secretary of State and the only member of the Board of Land Commissioners to initially vote against the proposals, released a statement after the vote celebrating the cancellation of “woke wind leases.”",S26P-4435,"Sabin Center, Opposition to Renewable Energy Facilities in the United States (Sept. 2026 ed.), via data/renewable_opposition_records_2026-09.csv",https://scholarship.law.columbia.edu/sabin_climate_change/280/,Sabin 2026 entry 4435; litigation venue: State,,,2026-09,in_latest_edition,,,,,src_731207f65d0f,sabin:S26P-4435,report_citation,unverified,56027,56027,name,,,,,,,,,,,,,,
