county_fips,state,county,coverage,restrictions_renewables,restrictions_renewables_severe,restrictions_renewables_verified,restrictions_multi_sector,contested_projects,projects_blocked,projects_advanced,projects_pending,projects_matched_to_plant,cases,siting_standard_jurisdictions,negative_check_on
01001,AL,Autauga,none,0,0,0,0,0,0,0,0,0,0,0,
01003,AL,Baldwin,record,2,2,0,0,1,0,0,1,0,0,1,
01005,AL,Barbour,none,0,0,0,0,0,0,0,0,0,0,0,
01007,AL,Bibb,none,0,0,0,0,0,0,0,0,0,0,0,
01009,AL,Blount,none,0,0,0,0,0,0,0,0,0,0,0,
01011,AL,Bullock,none,0,0,0,0,0,0,0,0,0,0,0,
01013,AL,Butler,none,0,0,0,0,0,0,0,0,0,0,0,
01015,AL,Calhoun,none,0,0,0,0,0,0,0,0,0,0,0,
01017,AL,Chambers,none,0,0,0,0,0,0,0,0,0,0,0,
01019,AL,Cherokee,record,1,0,0,0,1,1,0,0,0,0,1,
01021,AL,Chilton,none,0,0,0,0,0,0,0,0,0,0,0,
01023,AL,Choctaw,none,0,0,0,0,0,0,0,0,0,0,0,
01025,AL,Clarke,none,0,0,0,0,0,0,0,0,0,0,0,
01027,AL,Clay,none,0,0,0,0,0,0,0,0,0,0,0,
01029,AL,Cleburne,record,0,0,0,0,1,1,0,0,0,0,0,
01031,AL,Coffee,none,0,0,0,0,0,0,0,0,0,0,0,
01033,AL,Colbert,none,0,0,0,0,0,0,0,0,0,0,0,
01035,AL,Conecuh,none,0,0,0,0,0,0,0,0,0,0,0,
01037,AL,Coosa,none,0,0,0,0,0,0,0,0,0,0,0,
01039,AL,Covington,record,0,0,0,0,1,0,0,1,0,0,0,
01041,AL,Crenshaw,none,0,0,0,0,0,0,0,0,0,0,0,
01043,AL,Cullman,none,0,0,0,0,0,0,0,0,0,0,0,
01045,AL,Dale,none,0,0,0,0,0,0,0,0,0,0,0,
01047,AL,Dallas,none,0,0,0,0,0,0,0,0,0,0,0,
01049,AL,DeKalb,record,1,0,0,1,0,0,0,0,0,0,1,
01051,AL,Elmore,none,0,0,0,0,0,0,0,0,0,0,0,
01053,AL,Escambia,none,0,0,0,0,0,0,0,0,0,0,0,
01055,AL,Etowah,record,1,0,0,0,1,1,0,0,0,0,1,
01057,AL,Fayette,none,0,0,0,0,0,0,0,0,0,0,0,
01059,AL,Franklin,none,0,0,0,0,0,0,0,0,0,0,0,
01061,AL,Geneva,none,0,0,0,0,0,0,0,0,0,0,0,
01063,AL,Greene,none,0,0,0,0,0,0,0,0,0,0,0,
01065,AL,Hale,none,0,0,0,0,0,0,0,0,0,0,0,
01067,AL,Henry,none,0,0,0,0,0,0,0,0,0,0,0,
01069,AL,Houston,none,0,0,0,0,0,0,0,0,0,0,0,
01071,AL,Jackson,none,0,0,0,0,0,0,0,0,0,0,0,
01073,AL,Jefferson,none,0,0,0,0,0,0,0,0,0,0,0,
01075,AL,Lamar,none,0,0,0,0,0,0,0,0,0,0,0,
01077,AL,Lauderdale,none,0,0,0,0,0,0,0,0,0,0,0,
01079,AL,Lawrence,none,0,0,0,0,0,0,0,0,0,0,0,
01081,AL,Lee,none,0,0,0,0,0,0,0,0,0,0,0,
01083,AL,Limestone,none,0,0,0,0,0,0,0,0,0,0,0,
01085,AL,Lowndes,none,0,0,0,0,0,0,0,0,0,0,0,
01087,AL,Macon,none,0,0,0,0,0,0,0,0,0,0,0,
01089,AL,Madison,none,0,0,0,0,0,0,0,0,0,0,0,
01091,AL,Marengo,none,0,0,0,0,0,0,0,0,0,0,0,
01093,AL,Marion,none,0,0,0,0,0,0,0,0,0,0,0,
01095,AL,Marshall,none,0,0,0,0,0,0,0,0,0,0,0,
01097,AL,Mobile,none,0,0,0,0,0,0,0,0,0,0,0,
01099,AL,Monroe,none,0,0,0,0,0,0,0,0,0,0,0,
01101,AL,Montgomery,none,0,0,0,0,0,0,0,0,0,0,0,
01103,AL,Morgan,none,0,0,0,0,0,0,0,0,0,0,0,
01105,AL,Perry,none,0,0,0,0,0,0,0,0,0,0,0,
01107,AL,Pickens,none,0,0,0,0,0,0,0,0,0,0,0,
01109,AL,Pike,none,0,0,0,0,0,0,0,0,0,0,0,
01111,AL,Randolph,none,0,0,0,0,0,0,0,0,0,0,0,
01113,AL,Russell,none,0,0,0,0,0,0,0,0,0,0,0,
01115,AL,St. Clair,none,0,0,0,0,0,0,0,0,0,0,0,
01117,AL,Shelby,none,0,0,0,0,0,0,0,0,0,0,0,
01119,AL,Sumter,none,0,0,0,0,0,0,0,0,0,0,0,
01121,AL,Talladega,none,0,0,0,0,0,0,0,0,0,0,0,
01123,AL,Tallapoosa,none,0,0,0,0,0,0,0,0,0,0,0,
01125,AL,Tuscaloosa,none,0,0,0,0,0,0,0,0,0,0,0,
01127,AL,Walker,none,0,0,0,0,0,0,0,0,0,0,0,
01129,AL,Washington,none,0,0,0,0,0,0,0,0,0,0,0,
01131,AL,Wilcox,none,0,0,0,0,0,0,0,0,0,0,0,
01133,AL,Winston,none,0,0,0,0,0,0,0,0,0,0,0,
02013,AK,Aleutians East,none,0,0,0,0,0,0,0,0,0,0,0,
02016,AK,Aleutians West,none,0,0,0,0,0,0,0,0,0,0,0,
02020,AK,Anchorage,none,0,0,0,0,0,0,0,0,0,0,0,
02050,AK,Bethel,none,0,0,0,0,0,0,0,0,0,0,0,
02060,AK,Bristol Bay,none,0,0,0,0,0,0,0,0,0,0,0,
02063,AK,Chugach,none,0,0,0,0,0,0,0,0,0,0,0,
02066,AK,Copper River,none,0,0,0,0,0,0,0,0,0,0,0,
02068,AK,Denali,none,0,0,0,0,0,0,0,0,0,0,0,
02070,AK,Dillingham,none,0,0,0,0,0,0,0,0,0,0,0,
02090,AK,Fairbanks North Star,none,0,0,0,0,0,0,0,0,0,0,0,
02100,AK,Haines,none,0,0,0,0,0,0,0,0,0,0,0,
02105,AK,Hoonah-Angoon,none,0,0,0,0,0,0,0,0,0,0,0,
02110,AK,Juneau,none,0,0,0,0,0,0,0,0,0,0,0,
02122,AK,Kenai Peninsula,none,0,0,0,0,0,0,0,0,0,0,0,
02130,AK,Ketchikan Gateway,none,0,0,0,0,0,0,0,0,0,0,0,
02150,AK,Kodiak Island,none,0,0,0,0,0,0,0,0,0,0,0,
02158,AK,Kusilvak,none,0,0,0,0,0,0,0,0,0,0,0,
02164,AK,Lake and Peninsula,none,0,0,0,0,0,0,0,0,0,0,0,
02170,AK,Matanuska-Susitna,none,0,0,0,0,0,0,0,0,0,0,0,
02180,AK,Nome,none,0,0,0,0,0,0,0,0,0,0,0,
02185,AK,North Slope,none,0,0,0,0,0,0,0,0,0,0,0,
02188,AK,Northwest Arctic,none,0,0,0,0,0,0,0,0,0,0,0,
02195,AK,Petersburg,none,0,0,0,0,0,0,0,0,0,0,0,
02198,AK,Prince of Wales-Hyder,none,0,0,0,0,0,0,0,0,0,0,0,
02220,AK,Sitka,none,0,0,0,0,0,0,0,0,0,0,0,
02230,AK,Skagway,none,0,0,0,0,0,0,0,0,0,0,0,
02240,AK,Southeast Fairbanks,none,0,0,0,0,0,0,0,0,0,0,0,
02275,AK,Wrangell,none,0,0,0,0,0,0,0,0,0,0,0,
02282,AK,Yakutat,none,0,0,0,0,0,0,0,0,0,0,0,
02290,AK,Yukon-Koyukuk,none,0,0,0,0,0,0,0,0,0,0,0,
04001,AZ,Apache,record,3,1,0,0,3,1,0,2,0,0,2,
04003,AZ,Cochise,record,2,0,0,0,2,1,1,0,0,1,2,
04005,AZ,Coconino,none,0,0,0,0,0,0,0,0,0,0,0,
04007,AZ,Gila,none,0,0,0,0,0,0,0,0,0,0,0,
04009,AZ,Graham,none,0,0,0,0,0,0,0,0,0,0,0,
04011,AZ,Greenlee,none,0,0,0,0,0,0,0,0,0,0,0,
04012,AZ,La Paz,none,0,0,0,0,0,0,0,0,0,0,0,
04013,AZ,Maricopa,record,1,0,1,0,0,0,0,0,0,0,0,
04015,AZ,Mohave,record,3,1,0,0,0,0,0,0,0,0,2,
04017,AZ,Navajo,record,3,2,0,0,1,1,0,0,0,0,2,
04019,AZ,Pima,record,0,0,0,0,0,0,0,0,0,0,1,
04021,AZ,Pinal,record,1,1,0,0,1,1,0,0,0,0,0,
04023,AZ,Santa Cruz,none,0,0,0,0,0,0,0,0,0,0,0,
04025,AZ,Yavapai,record,2,0,0,0,0,0,0,0,0,0,1,
04027,AZ,Yuma,none,0,0,0,0,0,0,0,0,0,0,0,
05001,AR,Arkansas,none,0,0,0,0,0,0,0,0,0,0,0,
05003,AR,Ashley,none,0,0,0,0,0,0,0,0,0,0,0,
05005,AR,Baxter,none,0,0,0,0,0,0,0,0,0,0,0,
05007,AR,Benton,none,0,0,0,0,0,0,0,0,0,0,0,
05009,AR,Boone,none,0,0,0,0,0,0,0,0,0,0,0,
05011,AR,Bradley,none,0,0,0,0,0,0,0,0,0,0,0,
05013,AR,Calhoun,none,0,0,0,0,0,0,0,0,0,0,0,
05015,AR,Carroll,record,1,1,0,0,1,0,1,0,1,0,0,
05017,AR,Chicot,none,0,0,0,0,0,0,0,0,0,0,0,
05019,AR,Clark,none,0,0,0,0,0,0,0,0,0,0,0,
05021,AR,Clay,none,0,0,0,0,0,0,0,0,0,0,0,
05023,AR,Cleburne,none,0,0,0,0,0,0,0,0,0,0,0,
05025,AR,Cleveland,none,0,0,0,0,0,0,0,0,0,0,0,
05027,AR,Columbia,none,0,0,0,0,0,0,0,0,0,0,0,
05029,AR,Conway,none,0,0,0,0,0,0,0,0,0,0,0,
05031,AR,Craighead,none,0,0,0,0,0,0,0,0,0,0,0,
05033,AR,Crawford,none,0,0,0,0,0,0,0,0,0,0,0,
05035,AR,Crittenden,none,0,0,0,0,0,0,0,0,0,0,0,
05037,AR,Cross,none,0,0,0,0,0,0,0,0,0,0,0,
05039,AR,Dallas,none,0,0,0,0,0,0,0,0,0,0,0,
05041,AR,Desha,none,0,0,0,0,0,0,0,0,0,0,0,
05043,AR,Drew,none,0,0,0,0,0,0,0,0,0,0,0,
05045,AR,Faulkner,none,0,0,0,0,0,0,0,0,0,0,0,
05047,AR,Franklin,none,0,0,0,0,0,0,0,0,0,0,0,
05049,AR,Fulton,none,0,0,0,0,0,0,0,0,0,0,0,
05051,AR,Garland,none,0,0,0,0,0,0,0,0,0,0,0,
05053,AR,Grant,none,0,0,0,0,0,0,0,0,0,0,0,
05055,AR,Greene,none,0,0,0,0,0,0,0,0,0,0,0,
05057,AR,Hempstead,none,0,0,0,0,0,0,0,0,0,0,0,
05059,AR,Hot Spring,none,0,0,0,0,0,0,0,0,0,0,0,
05061,AR,Howard,none,0,0,0,0,0,0,0,0,0,0,0,
05063,AR,Independence,none,0,0,0,0,0,0,0,0,0,0,0,
05065,AR,Izard,none,0,0,0,0,0,0,0,0,0,0,0,
05067,AR,Jackson,none,0,0,0,0,0,0,0,0,0,0,0,
05069,AR,Jefferson,none,0,0,0,0,0,0,0,0,0,0,0,
05071,AR,Johnson,none,0,0,0,0,0,0,0,0,0,0,0,
05073,AR,Lafayette,none,0,0,0,0,0,0,0,0,0,0,0,
05075,AR,Lawrence,none,0,0,0,0,0,0,0,0,0,0,0,
05077,AR,Lee,none,0,0,0,0,0,0,0,0,0,0,0,
05079,AR,Lincoln,none,0,0,0,0,0,0,0,0,0,0,0,
05081,AR,Little River,none,0,0,0,0,0,0,0,0,0,0,0,
05083,AR,Logan,none,0,0,0,0,0,0,0,0,0,0,0,
05085,AR,Lonoke,none,0,0,0,0,0,0,0,0,0,0,0,
05087,AR,Madison,none,0,0,0,0,0,0,0,0,0,0,0,
05089,AR,Marion,none,0,0,0,0,0,0,0,0,0,0,0,
05091,AR,Miller,none,0,0,0,0,0,0,0,0,0,0,0,
05093,AR,Mississippi,none,0,0,0,0,0,0,0,0,0,0,0,
05095,AR,Monroe,none,0,0,0,0,0,0,0,0,0,0,0,
05097,AR,Montgomery,none,0,0,0,0,0,0,0,0,0,0,0,
05099,AR,Nevada,none,0,0,0,0,0,0,0,0,0,0,0,
05101,AR,Newton,none,0,0,0,0,0,0,0,0,0,0,0,
05103,AR,Ouachita,none,0,0,0,0,0,0,0,0,0,0,0,
05105,AR,Perry,none,0,0,0,0,0,0,0,0,0,0,0,
05107,AR,Phillips,none,0,0,0,0,0,0,0,0,0,0,0,
05109,AR,Pike,none,0,0,0,0,0,0,0,0,0,0,0,
05111,AR,Poinsett,none,0,0,0,0,0,0,0,0,0,0,0,
05113,AR,Polk,none,0,0,0,0,0,0,0,0,0,0,0,
05115,AR,Pope,none,0,0,0,0,0,0,0,0,0,0,0,
05117,AR,Prairie,none,0,0,0,0,0,0,0,0,0,0,0,
05119,AR,Pulaski,none,0,0,0,0,0,0,0,0,0,0,0,
05121,AR,Randolph,none,0,0,0,0,0,0,0,0,0,0,0,
05123,AR,St. Francis,none,0,0,0,0,0,0,0,0,0,0,0,
05125,AR,Saline,none,0,0,0,0,0,0,0,0,0,0,0,
05127,AR,Scott,none,0,0,0,0,0,0,0,0,0,0,0,
05129,AR,Searcy,none,0,0,0,0,0,0,0,0,0,0,0,
05131,AR,Sebastian,none,0,0,0,0,0,0,0,0,0,0,0,
05133,AR,Sevier,none,0,0,0,0,0,0,0,0,0,0,0,
05135,AR,Sharp,none,0,0,0,0,0,0,0,0,0,0,0,
05137,AR,Stone,none,0,0,0,0,0,0,0,0,0,0,0,
05139,AR,Union,none,0,0,0,0,0,0,0,0,0,0,0,
05141,AR,Van Buren,none,0,0,0,0,0,0,0,0,0,0,0,
05143,AR,Washington,record,0,0,0,0,1,1,0,0,0,0,0,
05145,AR,White,none,0,0,0,0,0,0,0,0,0,0,0,
05147,AR,Woodruff,none,0,0,0,0,0,0,0,0,0,0,0,
05149,AR,Yell,none,0,0,0,0,0,0,0,0,0,0,0,
06001,CA,Alameda,record,0,0,0,0,6,2,2,2,2,1,0,
06003,CA,Alpine,none,0,0,0,0,0,0,0,0,0,0,0,
06005,CA,Amador,none,0,0,0,0,0,0,0,0,0,0,0,
06007,CA,Butte,record,3,1,0,0,0,0,0,0,0,0,2,
06009,CA,Calaveras,record,1,0,0,0,0,0,0,0,0,0,1,
06011,CA,Colusa,record,1,0,0,0,0,0,0,0,0,0,1,
06013,CA,Contra Costa,record,2,0,0,0,1,0,1,0,0,1,2,
06015,CA,Del Norte,record,1,1,0,0,0,0,0,0,0,0,0,
06017,CA,El Dorado,record,2,2,0,0,0,0,0,0,0,0,1,
06019,CA,Fresno,none,0,0,0,0,0,0,0,0,0,0,0,
06021,CA,Glenn,record,3,1,0,0,0,0,0,0,0,0,2,
06023,CA,Humboldt,record,0,0,0,0,2,1,0,1,0,0,0,
06025,CA,Imperial,record,0,0,0,1,1,0,0,1,0,0,0,
06027,CA,Inyo,record,1,0,0,0,0,0,0,0,0,0,1,
06029,CA,Kern,record,1,1,0,0,3,0,2,0,1,0,1,
06031,CA,Kings,none,0,0,0,0,0,0,0,0,0,0,0,
06033,CA,Lake,record,1,1,0,0,1,1,0,0,0,0,1,
06035,CA,Lassen,record,1,1,0,0,0,0,0,0,0,0,1,
06037,CA,Los Angeles,record,1,1,0,0,1,0,0,1,0,0,0,
06039,CA,Madera,none,0,0,0,0,0,0,0,0,0,0,0,
06041,CA,Marin,record,1,0,0,0,0,0,0,0,0,0,1,
06043,CA,Mariposa,none,0,0,0,0,0,0,0,0,0,0,0,
06045,CA,Mendocino,none,0,0,0,0,0,0,0,0,0,0,0,
06047,CA,Merced,record,2,1,0,0,0,0,0,0,0,0,1,
06049,CA,Modoc,none,0,0,0,0,0,0,0,0,0,0,0,
06051,CA,Mono,none,0,0,0,0,0,0,0,0,0,0,0,
06053,CA,Monterey,record,1,1,0,0,0,0,0,0,0,0,1,
06055,CA,Napa,record,1,0,0,0,1,0,0,1,0,0,1,
06057,CA,Nevada,none,0,0,0,0,0,0,0,0,0,0,0,
06059,CA,Orange,record,1,1,1,0,0,0,0,0,0,0,0,
06061,CA,Placer,none,0,0,0,0,0,0,0,0,0,0,0,
06063,CA,Plumas,none,0,0,0,0,0,0,0,0,0,0,0,
06065,CA,Riverside,record,2,1,0,0,2,0,1,1,2,1,2,
06067,CA,Sacramento,record,0,0,0,0,1,0,0,1,0,0,0,
06069,CA,San Benito,record,1,0,0,0,1,0,0,1,1,0,1,
06071,CA,San Bernardino,record,3,2,0,0,6,3,0,3,1,0,2,
06073,CA,San Diego,record,2,1,0,0,4,1,0,3,1,1,1,
06075,CA,San Francisco,none,0,0,0,0,0,0,0,0,0,0,0,
06077,CA,San Joaquin,none,0,0,0,0,0,0,0,0,0,0,0,
06079,CA,San Luis Obispo,record,1,1,0,0,1,0,0,1,0,0,0,
06081,CA,San Mateo,none,0,0,0,0,0,0,0,0,0,0,0,
06083,CA,Santa Barbara,record,1,0,0,0,3,1,1,1,1,0,2,
06085,CA,Santa Clara,record,2,2,0,1,0,0,0,0,0,0,1,
06087,CA,Santa Cruz,none,0,0,0,0,0,0,0,0,0,0,0,
06089,CA,Shasta,record,1,1,0,0,1,0,0,1,0,0,1,
06091,CA,Sierra,none,0,0,0,0,0,0,0,0,0,0,0,
06093,CA,Siskiyou,none,0,0,0,0,0,0,0,0,0,0,0,
06095,CA,Solano,none,0,0,0,0,0,0,0,0,0,0,0,
06097,CA,Sonoma,record,2,1,0,0,1,1,0,0,0,0,2,
06099,CA,Stanislaus,none,0,0,0,0,0,0,0,0,0,0,0,
06101,CA,Sutter,none,0,0,0,0,0,0,0,0,0,0,0,
06103,CA,Tehama,record,2,1,0,0,0,0,0,0,0,0,1,
06105,CA,Trinity,none,0,0,0,0,0,0,0,0,0,0,0,
06107,CA,Tulare,none,0,0,0,0,0,0,0,0,0,0,0,
06109,CA,Tuolumne,record,1,0,0,0,0,0,0,0,0,0,1,
06111,CA,Ventura,none,0,0,0,0,0,0,0,0,0,0,0,
06113,CA,Yolo,record,4,3,0,0,0,0,0,0,0,0,2,
06115,CA,Yuba,record,1,1,0,0,0,0,0,0,0,0,1,
08001,CO,Adams,none,0,0,0,0,0,0,0,0,0,0,0,
08003,CO,Alamosa,none,0,0,0,0,0,0,0,0,0,0,0,
08005,CO,Arapahoe,record,0,0,0,0,0,0,0,0,0,0,1,
08007,CO,Archuleta,none,0,0,0,0,0,0,0,0,0,0,0,
08009,CO,Baca,none,0,0,0,0,0,0,0,0,0,0,0,
08011,CO,Bent,none,0,0,0,0,0,0,0,0,0,0,0,
08013,CO,Boulder,none,0,0,0,0,0,0,0,0,0,0,0,
08014,CO,Broomfield,none,0,0,0,0,0,0,0,0,0,0,0,
08015,CO,Chaffee,none,0,0,0,0,0,0,0,0,0,0,0,
08017,CO,Cheyenne,record,1,0,0,0,0,0,0,0,0,0,2,
08019,CO,Clear Creek,record,2,0,0,0,0,0,0,0,0,0,2,
08021,CO,Conejos,none,0,0,0,0,0,0,0,0,0,0,0,
08023,CO,Costilla,none,0,0,0,0,0,0,0,0,0,0,0,
08025,CO,Crowley,none,0,0,0,0,0,0,0,0,0,0,0,
08027,CO,Custer,none,0,0,0,0,0,0,0,0,0,0,0,
08029,CO,Delta,none,0,0,0,0,0,0,0,0,0,0,0,
08031,CO,Denver,record,1,1,0,0,0,0,0,0,0,0,1,
08033,CO,Dolores,record,2,1,0,0,0,0,0,0,0,0,1,
08035,CO,Douglas,none,0,0,0,0,0,0,0,0,0,0,0,
08037,CO,Eagle,record,1,0,0,0,0,0,0,0,0,0,1,
08039,CO,Elbert,record,2,2,0,0,1,0,0,1,1,0,2,
08041,CO,El Paso,record,2,0,0,0,0,0,0,0,0,0,2,
08043,CO,Fremont,record,0,0,0,0,0,0,0,0,0,0,1,
08045,CO,Garfield,none,0,0,0,0,0,0,0,0,0,0,0,
08047,CO,Gilpin,none,0,0,0,0,0,0,0,0,0,0,0,
08049,CO,Grand,record,1,1,1,0,0,0,0,0,0,0,0,
08051,CO,Gunnison,none,0,0,0,0,0,0,0,0,0,0,0,
08053,CO,Hinsdale,none,0,0,0,0,0,0,0,0,0,0,0,
08055,CO,Huerfano,none,0,0,0,0,0,0,0,0,0,0,0,
08057,CO,Jackson,none,0,0,0,0,0,0,0,0,0,0,0,
08059,CO,Jefferson,none,0,0,0,0,0,0,0,0,0,0,0,
08061,CO,Kiowa,record,3,1,0,0,0,0,0,0,0,0,2,
08063,CO,Kit Carson,record,2,0,0,0,0,0,0,0,0,0,2,
08065,CO,Lake,record,1,0,0,0,0,0,0,0,0,0,1,
08067,CO,La Plata,record,0,0,0,0,1,0,0,1,0,0,0,
08069,CO,Larimer,record,1,0,0,0,0,0,0,0,0,0,1,
08071,CO,Las Animas,record,1,0,0,0,0,0,0,0,0,0,1,
08073,CO,Lincoln,record,2,1,0,0,0,0,0,0,0,0,2,
08075,CO,Logan,record,2,0,0,0,0,0,0,0,0,0,2,
08077,CO,Mesa,record,1,1,0,0,0,0,0,0,0,0,0,
08079,CO,Mineral,none,0,0,0,0,0,0,0,0,0,0,0,
08081,CO,Moffat,none,0,0,0,0,0,0,0,0,0,0,0,
08083,CO,Montezuma,record,1,0,0,0,1,0,0,1,0,0,1,
08085,CO,Montrose,record,1,1,0,0,0,0,0,0,0,0,0,
08087,CO,Morgan,record,3,0,0,0,0,0,0,0,0,0,2,
08089,CO,Otero,none,0,0,0,0,0,0,0,0,0,0,0,
08091,CO,Ouray,none,0,0,0,0,0,0,0,0,0,0,0,
08093,CO,Park,none,0,0,0,0,0,0,0,0,0,0,0,
08095,CO,Phillips,record,2,1,0,0,0,0,0,0,0,0,2,
08097,CO,Pitkin,none,0,0,0,0,0,0,0,0,0,0,0,
08099,CO,Prowers,record,1,0,0,0,0,0,0,0,0,0,2,
08101,CO,Pueblo,record,2,0,0,0,2,2,0,0,0,0,2,
08103,CO,Rio Blanco,none,0,0,0,0,0,0,0,0,0,0,0,
08105,CO,Rio Grande,none,0,0,0,0,0,0,0,0,0,0,0,
08107,CO,Routt,record,1,0,0,0,0,0,0,0,0,0,1,
08109,CO,Saguache,record,0,0,0,0,1,1,0,0,0,0,1,
08111,CO,San Juan,none,0,0,0,0,0,0,0,0,0,0,0,
08113,CO,San Miguel,record,3,1,0,0,1,0,0,0,0,0,2,
08115,CO,Sedgwick,record,1,0,0,0,0,0,0,0,0,0,2,
08117,CO,Summit,none,0,0,0,0,0,0,0,0,0,0,0,
08119,CO,Teller,none,0,0,0,0,0,0,0,0,0,0,0,
08121,CO,Washington,record,2,2,0,0,0,0,0,0,0,0,2,
08123,CO,Weld,record,3,1,0,0,0,0,0,0,0,0,2,
08125,CO,Yuma,none,0,0,0,0,0,0,0,0,0,0,0,
09110,CT,Capitol,record,0,0,0,0,4,1,1,2,1,0,0,
09120,CT,Greater Bridgeport,none,0,0,0,0,0,0,0,0,0,0,0,
09130,CT,Lower Connecticut River Valley,record,1,0,0,0,0,0,0,0,0,0,1,
09140,CT,Naugatuck Valley,record,2,2,0,0,0,0,0,0,0,0,2,
09150,CT,Northeastern Connecticut,record,2,1,0,0,0,0,0,0,0,0,2,
09160,CT,Northwest Hills,record,7,6,0,1,0,0,0,0,0,0,5,
09170,CT,South Central Connecticut,record,1,1,0,0,0,0,0,0,0,0,1,
09180,CT,Southeastern Connecticut,record,6,5,0,0,0,0,0,0,0,0,5,
09190,CT,Western Connecticut,record,2,2,0,0,0,0,0,0,0,0,2,
10001,DE,Kent,record,1,1,0,0,1,0,1,0,0,2,0,
10003,DE,New Castle,none,0,0,0,0,0,0,0,0,0,0,0,
10005,DE,Sussex,record,1,1,0,0,4,2,1,1,1,0,0,
11001,DC,District of Columbia,none,0,0,0,0,0,0,0,0,0,0,0,
12001,FL,Alachua,record,0,0,0,0,2,2,0,0,0,0,0,
12003,FL,Baker,none,0,0,0,0,0,0,0,0,0,0,0,
12005,FL,Bay,record,1,0,0,0,0,0,0,0,0,0,1,
12007,FL,Bradford,none,0,0,0,0,0,0,0,0,0,0,0,
12009,FL,Brevard,none,0,0,0,0,0,0,0,0,0,0,0,
12011,FL,Broward,none,0,0,0,0,0,0,0,0,0,0,0,
12013,FL,Calhoun,record,1,0,0,0,0,0,0,0,0,0,1,
12015,FL,Charlotte,none,0,0,0,0,0,0,0,0,0,0,0,
12017,FL,Citrus,none,0,0,0,0,0,0,0,0,0,0,0,
12019,FL,Clay,none,0,0,0,0,0,0,0,0,0,0,0,
12021,FL,Collier,none,0,0,0,0,0,0,0,0,0,0,0,
12023,FL,Columbia,none,0,0,0,0,0,0,0,0,0,0,0,
12027,FL,DeSoto,none,0,0,0,0,0,0,0,0,0,0,0,
12029,FL,Dixie,record,1,0,0,0,0,0,0,0,0,0,1,
12031,FL,Duval,none,0,0,0,0,0,0,0,0,0,0,0,
12033,FL,Escambia,none,0,0,0,0,0,0,0,0,0,0,0,
12035,FL,Flagler,none,0,0,0,0,0,0,0,0,0,0,0,
12037,FL,Franklin,none,0,0,0,0,0,0,0,0,0,0,0,
12039,FL,Gadsden,none,0,0,0,0,0,0,0,0,0,0,0,
12041,FL,Gilchrist,none,0,0,0,0,0,0,0,0,0,0,0,
12043,FL,Glades,none,0,0,0,0,0,0,0,0,0,0,0,
12045,FL,Gulf,none,0,0,0,0,0,0,0,0,0,0,0,
12047,FL,Hamilton,none,0,0,0,0,0,0,0,0,0,0,0,
12049,FL,Hardee,record,1,0,0,0,0,0,0,0,0,0,1,
12051,FL,Hendry,record,1,0,0,0,0,0,0,0,0,0,1,
12053,FL,Hernando,none,0,0,0,0,0,0,0,0,0,0,0,
12055,FL,Highlands,none,0,0,0,0,0,0,0,0,0,0,0,
12057,FL,Hillsborough,record,1,1,0,0,0,0,0,0,0,0,1,
12059,FL,Holmes,none,0,0,0,0,0,0,0,0,0,0,0,
12061,FL,Indian River,none,0,0,0,0,0,0,0,0,0,0,0,
12063,FL,Jackson,none,0,0,0,0,0,0,0,0,0,0,0,
12065,FL,Jefferson,record,1,0,0,0,0,0,0,0,0,0,1,
12067,FL,Lafayette,none,0,0,0,0,0,0,0,0,0,0,0,
12069,FL,Lake,none,0,0,0,0,0,0,0,0,0,0,0,
12071,FL,Lee,none,0,0,0,0,0,0,0,0,0,0,0,
12073,FL,Leon,none,0,0,0,0,0,0,0,0,0,0,0,
12075,FL,Levy,none,0,0,0,0,0,0,0,0,0,0,0,
12077,FL,Liberty,none,0,0,0,0,0,0,0,0,0,0,0,
12079,FL,Madison,record,1,0,0,0,0,0,0,0,0,0,1,
12081,FL,Manatee,record,1,0,0,0,0,0,0,0,0,0,1,
12083,FL,Marion,none,0,0,0,0,0,0,0,0,0,0,0,
12085,FL,Martin,record,1,0,0,0,0,0,0,0,0,0,1,
12086,FL,Miami-Dade,record,0,0,0,0,0,0,0,0,0,0,1,
12087,FL,Monroe,none,0,0,0,0,0,0,0,0,0,0,0,
12089,FL,Nassau,none,0,0,0,0,0,0,0,0,0,0,0,
12091,FL,Okaloosa,record,0,0,0,0,0,0,0,0,0,0,1,
12093,FL,Okeechobee,none,0,0,0,0,0,0,0,0,0,0,0,
12095,FL,Orange,record,1,0,0,0,0,0,0,0,0,0,1,
12097,FL,Osceola,record,1,1,0,0,0,0,0,0,0,0,1,
12099,FL,Palm Beach,record,1,0,0,0,0,0,0,0,0,0,1,
12101,FL,Pasco,none,0,0,0,0,0,0,0,0,0,0,0,
12103,FL,Pinellas,none,0,0,0,0,0,0,0,0,0,0,0,
12105,FL,Polk,record,1,0,0,0,0,0,0,0,0,0,1,
12107,FL,Putnam,none,0,0,0,0,0,0,0,0,0,0,0,
12109,FL,St. Johns,none,0,0,0,0,0,0,0,0,0,0,0,
12111,FL,St. Lucie,none,0,0,0,0,0,0,0,0,0,0,0,
12113,FL,Santa Rosa,none,0,0,0,0,0,0,0,0,0,0,0,
12115,FL,Sarasota,none,0,0,0,0,0,0,0,0,0,0,0,
12117,FL,Seminole,none,0,0,0,0,0,0,0,0,0,0,0,
12119,FL,Sumter,none,0,0,0,0,0,0,0,0,0,0,0,
12121,FL,Suwannee,none,0,0,0,0,0,0,0,0,0,0,0,
12123,FL,Taylor,none,0,0,0,0,0,0,0,0,0,0,0,
12125,FL,Union,record,1,0,0,0,0,0,0,0,0,0,1,
12127,FL,Volusia,none,0,0,0,0,0,0,0,0,0,0,0,
12129,FL,Wakulla,none,0,0,0,0,0,0,0,0,0,0,0,
12131,FL,Walton,none,0,0,0,0,0,0,0,0,0,0,0,
12133,FL,Washington,none,0,0,0,0,0,0,0,0,0,0,0,
13001,GA,Appling,none,0,0,0,0,0,0,0,0,0,0,0,
13003,GA,Atkinson,none,0,0,0,0,0,0,0,0,0,0,0,
13005,GA,Bacon,none,0,0,0,0,0,0,0,0,0,0,0,
13007,GA,Baker,none,0,0,0,0,0,0,0,0,0,0,0,
13009,GA,Baldwin,record,1,0,0,0,0,0,0,0,0,0,0,
13011,GA,Banks,none,0,0,0,0,0,0,0,0,0,0,0,
13013,GA,Barrow,none,0,0,0,0,0,0,0,0,0,0,0,
13015,GA,Bartow,record,1,0,0,0,0,0,0,0,0,0,1,
13017,GA,Ben Hill,none,0,0,0,0,0,0,0,0,0,0,0,
13019,GA,Berrien,none,0,0,0,0,0,0,0,0,0,0,0,
13021,GA,Bibb,record,0,0,0,0,1,1,0,0,0,0,0,
13023,GA,Bleckley,record,1,0,0,0,0,0,0,0,0,0,1,
13025,GA,Brantley,none,0,0,0,0,0,0,0,0,0,0,0,
13027,GA,Brooks,none,0,0,0,0,0,0,0,0,0,0,0,
13029,GA,Bryan,none,0,0,0,0,0,0,0,0,0,0,0,
13031,GA,Bulloch,record,2,0,0,0,0,0,0,0,0,0,1,
13033,GA,Burke,none,0,0,0,0,0,0,0,0,0,0,0,
13035,GA,Butts,record,1,1,0,0,0,0,0,0,0,0,1,
13037,GA,Calhoun,none,0,0,0,0,0,0,0,0,0,0,0,
13039,GA,Camden,none,0,0,0,0,0,0,0,0,0,0,0,
13043,GA,Candler,record,1,0,0,0,0,0,0,0,0,0,1,
13045,GA,Carroll,record,0,0,0,1,0,0,0,0,0,0,0,
13047,GA,Catoosa,none,0,0,0,0,0,0,0,0,0,0,0,
13049,GA,Charlton,none,0,0,0,0,0,0,0,0,0,0,0,
13051,GA,Chatham,none,0,0,0,0,0,0,0,0,0,0,0,
13053,GA,Chattahoochee,none,0,0,0,0,0,0,0,0,0,0,0,
13055,GA,Chattooga,none,0,0,0,0,0,0,0,0,0,0,0,
13057,GA,Cherokee,none,0,0,0,0,0,0,0,0,0,0,0,
13059,GA,Clarke,none,0,0,0,0,0,0,0,0,0,0,0,
13061,GA,Clay,none,0,0,0,0,0,0,0,0,0,0,0,
13063,GA,Clayton,none,0,0,0,0,0,0,0,0,0,0,0,
13065,GA,Clinch,none,0,0,0,0,0,0,0,0,0,0,0,
13067,GA,Cobb,none,0,0,0,0,0,0,0,0,0,0,0,
13069,GA,Coffee,none,0,0,0,0,0,0,0,0,0,0,0,
13071,GA,Colquitt,none,0,0,0,0,0,0,0,0,0,0,0,
13073,GA,Columbia,none,0,0,0,0,0,0,0,0,0,0,0,
13075,GA,Cook,none,0,0,0,0,0,0,0,0,0,0,0,
13077,GA,Coweta,none,0,0,0,0,0,0,0,0,0,0,0,
13079,GA,Crawford,none,0,0,0,0,0,0,0,0,0,0,0,
13081,GA,Crisp,record,2,1,0,0,0,0,0,0,0,0,1,
13083,GA,Dade,none,0,0,0,0,0,0,0,0,0,0,0,
13085,GA,Dawson,record,1,0,0,0,0,0,0,0,0,0,1,
13087,GA,Decatur,record,1,0,0,0,0,0,0,0,0,0,1,
13089,GA,DeKalb,none,0,0,0,0,0,0,0,0,0,0,0,
13091,GA,Dodge,record,1,0,0,0,0,0,0,0,0,0,1,
13093,GA,Dooly,record,1,0,0,0,0,0,0,0,0,0,1,
13095,GA,Dougherty,record,2,1,0,0,0,0,0,0,0,0,1,
13097,GA,Douglas,record,1,0,0,0,0,0,0,0,0,0,1,
13099,GA,Early,none,0,0,0,0,0,0,0,0,0,0,0,
13101,GA,Echols,none,0,0,0,0,0,0,0,0,0,0,0,
13103,GA,Effingham,none,0,0,0,0,0,0,0,0,0,0,0,
13105,GA,Elbert,none,0,0,0,0,0,0,0,0,0,0,0,
13107,GA,Emanuel,record,1,0,0,0,0,0,0,0,0,0,1,
13109,GA,Evans,none,0,0,0,0,0,0,0,0,0,0,0,
13111,GA,Fannin,none,0,0,0,0,0,0,0,0,0,0,0,
13113,GA,Fayette,none,0,0,0,0,0,0,0,0,0,0,0,
13115,GA,Floyd,record,1,0,0,0,0,0,0,0,0,0,1,
13117,GA,Forsyth,none,0,0,0,0,0,0,0,0,0,0,0,
13119,GA,Franklin,record,2,1,0,0,0,0,0,0,0,0,1,
13121,GA,Fulton,none,0,0,0,0,0,0,0,0,0,0,0,
13123,GA,Gilmer,none,0,0,0,0,0,0,0,0,0,0,0,
13125,GA,Glascock,none,0,0,0,0,0,0,0,0,0,0,0,
13127,GA,Glynn,none,0,0,0,0,0,0,0,0,0,0,0,
13129,GA,Gordon,none,0,0,0,0,0,0,0,0,0,0,0,
13131,GA,Grady,record,1,0,0,0,0,0,0,0,0,0,1,
13133,GA,Greene,record,1,0,0,0,0,0,0,0,0,0,0,
13135,GA,Gwinnett,none,0,0,0,0,0,0,0,0,0,0,0,
13137,GA,Habersham,none,0,0,0,0,0,0,0,0,0,0,0,
13139,GA,Hall,none,0,0,0,0,0,0,0,0,0,0,0,
13141,GA,Hancock,none,0,0,0,0,0,0,0,0,0,0,0,
13143,GA,Haralson,record,1,0,0,0,0,0,0,0,0,0,1,
13145,GA,Harris,record,1,0,0,0,0,0,0,0,0,0,1,
13147,GA,Hart,record,2,0,0,0,0,0,0,0,0,0,1,
13149,GA,Heard,record,1,0,0,0,0,0,0,0,0,0,1,
13151,GA,Henry,none,0,0,0,0,0,0,0,0,0,0,0,
13153,GA,Houston,record,1,0,0,0,2,2,0,0,1,0,1,
13155,GA,Irwin,none,0,0,0,0,0,0,0,0,0,0,0,
13157,GA,Jackson,record,1,0,0,0,0,0,0,0,0,0,1,
13159,GA,Jasper,none,0,0,0,0,0,0,0,0,0,0,0,
13161,GA,Jeff Davis,record,1,1,0,0,0,0,0,0,0,0,0,
13163,GA,Jefferson,none,0,0,0,0,0,0,0,0,0,0,0,
13165,GA,Jenkins,none,0,0,0,0,0,0,0,0,0,0,0,
13167,GA,Johnson,none,0,0,0,0,0,0,0,0,0,0,0,
13169,GA,Jones,none,0,0,0,0,0,0,0,0,0,0,0,
13171,GA,Lamar,none,0,0,0,0,0,0,0,0,0,0,0,
13173,GA,Lanier,record,1,1,0,0,0,0,0,0,0,0,1,
13175,GA,Laurens,none,0,0,0,0,0,0,0,0,0,0,0,
13177,GA,Lee,none,0,0,0,0,0,0,0,0,0,0,0,
13179,GA,Liberty,record,1,0,1,0,0,0,0,0,0,0,1,
13181,GA,Lincoln,none,0,0,0,0,0,0,0,0,0,0,0,
13183,GA,Long,none,0,0,0,0,0,0,0,0,0,0,0,
13185,GA,Lowndes,none,0,0,0,0,0,0,0,0,0,0,0,
13187,GA,Lumpkin,none,0,0,0,0,0,0,0,0,0,0,0,
13189,GA,McDuffie,none,0,0,0,0,0,0,0,0,0,0,0,
13191,GA,McIntosh,none,0,0,0,0,0,0,0,0,0,0,0,
13193,GA,Macon,none,0,0,0,0,0,0,0,0,0,0,0,
13195,GA,Madison,none,0,0,0,0,0,0,0,0,0,0,0,
13197,GA,Marion,none,0,0,0,0,0,0,0,0,0,0,0,
13199,GA,Meriwether,none,0,0,0,0,0,0,0,0,0,0,0,
13201,GA,Miller,none,0,0,0,0,0,0,0,0,0,0,0,
13205,GA,Mitchell,none,0,0,0,0,0,0,0,0,0,0,0,
13207,GA,Monroe,record,1,1,0,0,0,0,0,0,0,0,1,
13209,GA,Montgomery,none,0,0,0,0,0,0,0,0,0,0,0,
13211,GA,Morgan,record,1,0,0,0,0,0,0,0,0,0,1,
13213,GA,Murray,none,0,0,0,0,0,0,0,0,0,0,0,
13215,GA,Muscogee,none,0,0,0,0,0,0,0,0,0,0,0,
13217,GA,Newton,record,1,0,0,0,0,0,0,0,0,0,1,
13219,GA,Oconee,record,1,0,0,0,0,0,0,0,0,0,1,
13221,GA,Oglethorpe,record,1,1,0,0,0,0,0,0,0,0,0,
13223,GA,Paulding,none,0,0,0,0,0,0,0,0,0,0,0,
13225,GA,Peach,none,0,0,0,0,0,0,0,0,0,0,0,
13227,GA,Pickens,none,0,0,0,0,0,0,0,0,0,0,0,
13229,GA,Pierce,record,1,0,0,0,0,0,0,0,0,0,1,
13231,GA,Pike,record,1,0,0,0,0,0,0,0,0,0,1,
13233,GA,Polk,none,0,0,0,0,0,0,0,0,0,0,0,
13235,GA,Pulaski,none,0,0,0,0,0,0,0,0,0,0,0,
13237,GA,Putnam,record,0,0,0,1,0,0,0,0,0,0,0,
13239,GA,Quitman,none,0,0,0,0,0,0,0,0,0,0,0,
13241,GA,Rabun,record,2,1,0,0,0,0,0,0,0,0,1,
13243,GA,Randolph,record,1,0,0,0,0,0,0,0,0,0,1,
13245,GA,Richmond,none,0,0,0,0,0,0,0,0,0,0,0,
13247,GA,Rockdale,record,0,0,0,1,0,0,0,0,0,0,0,
13249,GA,Schley,none,0,0,0,0,0,0,0,0,0,0,0,
13251,GA,Screven,none,0,0,0,0,0,0,0,0,0,0,0,
13253,GA,Seminole,none,0,0,0,0,0,0,0,0,0,0,0,
13255,GA,Spalding,record,1,0,0,0,0,0,0,0,0,0,1,
13257,GA,Stephens,none,0,0,0,0,0,0,0,0,0,0,0,
13259,GA,Stewart,none,0,0,0,0,0,0,0,0,0,0,0,
13261,GA,Sumter,record,0,0,0,0,1,0,1,0,0,0,0,
13263,GA,Talbot,record,1,0,0,0,0,0,0,0,0,0,1,
13265,GA,Taliaferro,none,0,0,0,0,0,0,0,0,0,0,0,
13267,GA,Tattnall,none,0,0,0,0,0,0,0,0,0,0,0,
13269,GA,Taylor,none,0,0,0,0,0,0,0,0,0,0,0,
13271,GA,Telfair,none,0,0,0,0,0,0,0,0,0,0,0,
13273,GA,Terrell,none,0,0,0,0,0,0,0,0,0,0,0,
13275,GA,Thomas,record,1,1,0,0,0,0,0,0,0,0,0,
13277,GA,Tift,none,0,0,0,0,0,0,0,0,0,0,0,
13279,GA,Toombs,record,2,0,0,0,0,0,0,0,0,0,1,
13281,GA,Towns,none,0,0,0,0,0,0,0,0,0,0,0,
13283,GA,Treutlen,none,0,0,0,0,0,0,0,0,0,0,0,
13285,GA,Troup,record,1,0,0,0,0,0,0,0,0,0,1,
13287,GA,Turner,none,0,0,0,0,0,0,0,0,0,0,0,
13289,GA,Twiggs,none,0,0,0,0,0,0,0,0,0,0,0,
13291,GA,Union,none,0,0,0,0,0,0,0,0,0,0,0,
13293,GA,Upson,record,1,0,0,0,0,0,0,0,0,0,1,
13295,GA,Walker,record,1,0,0,0,0,0,0,0,0,0,1,
13297,GA,Walton,none,0,0,0,0,0,0,0,0,0,0,0,
13299,GA,Ware,none,0,0,0,0,0,0,0,0,0,0,0,
13301,GA,Warren,none,0,0,0,0,0,0,0,0,0,0,0,
13303,GA,Washington,none,0,0,0,0,0,0,0,0,0,0,0,
13305,GA,Wayne,none,0,0,0,0,0,0,0,0,0,0,0,
13307,GA,Webster,none,0,0,0,0,0,0,0,0,0,0,0,
13309,GA,Wheeler,none,0,0,0,0,0,0,0,0,0,0,0,
13311,GA,White,record,1,0,0,0,0,0,0,0,0,0,1,
13313,GA,Whitfield,none,0,0,0,0,0,0,0,0,0,0,0,
13315,GA,Wilcox,none,0,0,0,0,0,0,0,0,0,0,0,
13317,GA,Wilkes,none,0,0,0,0,0,0,0,0,0,0,0,
13319,GA,Wilkinson,none,0,0,0,0,0,0,0,0,0,0,0,
13321,GA,Worth,none,0,0,0,0,0,0,0,0,0,0,0,
15001,HI,Hawaii,none,0,0,0,0,0,0,0,0,0,0,0,
15003,HI,Honolulu,record,2,2,0,0,2,0,1,1,1,1,0,
15005,HI,Kalawao,none,0,0,0,0,0,0,0,0,0,0,0,
15007,HI,Kauai,none,0,0,0,0,0,0,0,0,0,0,0,
15009,HI,Maui,record,0,0,0,0,1,1,0,0,1,0,0,
16001,ID,Ada,record,1,0,0,0,1,1,0,0,0,0,1,
16003,ID,Adams,none,0,0,0,0,0,0,0,0,0,0,0,
16005,ID,Bannock,record,2,1,0,0,1,0,0,1,0,0,1,
16007,ID,Bear Lake,record,1,0,0,0,0,0,0,0,0,0,1,
16009,ID,Benewah,none,0,0,0,0,0,0,0,0,0,0,0,
16011,ID,Bingham,record,2,1,0,0,1,0,0,0,0,0,1,
16013,ID,Blaine,none,0,0,0,0,0,0,0,0,0,0,0,
16015,ID,Boise,none,0,0,0,0,0,0,0,0,0,0,0,
16017,ID,Bonner,none,0,0,0,0,0,0,0,0,0,0,0,
16019,ID,Bonneville,record,0,0,0,0,1,1,0,0,0,0,0,
16021,ID,Boundary,none,0,0,0,0,0,0,0,0,0,0,0,
16023,ID,Butte,record,1,0,0,0,0,0,0,0,0,0,1,
16025,ID,Camas,record,1,0,0,0,0,0,0,0,0,0,1,
16027,ID,Canyon,record,0,0,0,0,1,1,0,0,0,0,0,
16029,ID,Caribou,none,0,0,0,0,0,0,0,0,0,0,0,
16031,ID,Cassia,record,2,1,0,0,0,0,0,0,0,0,1,
16033,ID,Clark,record,1,0,0,0,0,0,0,0,0,0,1,
16035,ID,Clearwater,none,0,0,0,0,0,0,0,0,0,0,0,
16037,ID,Custer,none,0,0,0,0,0,0,0,0,0,0,0,
16039,ID,Elmore,record,2,2,0,0,0,0,0,0,0,0,1,
16041,ID,Franklin,none,0,0,0,0,0,0,0,0,0,0,0,
16043,ID,Fremont,none,0,0,0,0,0,0,0,0,0,0,0,
16045,ID,Gem,record,2,1,0,0,0,0,0,0,0,0,2,
16047,ID,Gooding,record,2,1,0,0,0,0,0,0,0,0,1,
16049,ID,Idaho,none,0,0,0,0,0,0,0,0,0,0,0,
16051,ID,Jefferson,record,1,0,0,0,0,0,0,0,0,0,1,
16053,ID,Jerome,record,0,0,0,0,1,0,0,1,0,0,0,
16055,ID,Kootenai,none,0,0,0,0,0,0,0,0,0,0,0,
16057,ID,Latah,record,1,0,0,0,0,0,0,0,0,0,1,
16059,ID,Lemhi,none,0,0,0,0,0,0,0,0,0,0,0,
16061,ID,Lewis,none,0,0,0,0,0,0,0,0,0,0,0,
16063,ID,Lincoln,record,2,2,0,0,1,0,0,1,0,0,2,
16065,ID,Madison,record,1,1,0,0,0,0,0,0,0,0,1,
16067,ID,Minidoka,record,1,0,0,0,1,0,0,1,0,0,1,
16069,ID,Nez Perce,none,0,0,0,0,0,0,0,0,0,0,0,
16071,ID,Oneida,none,0,0,0,0,0,0,0,0,0,0,0,
16073,ID,Owyhee,record,1,0,0,0,0,0,0,0,0,0,1,
16075,ID,Payette,none,0,0,0,0,0,0,0,0,0,0,0,
16077,ID,Power,record,0,0,0,0,0,0,0,0,0,0,1,
16079,ID,Shoshone,none,0,0,0,0,0,0,0,0,0,0,0,
16081,ID,Teton,record,1,1,0,0,0,0,0,0,0,0,1,
16083,ID,Twin Falls,record,2,1,0,0,0,0,0,0,0,0,1,
16085,ID,Valley,none,0,0,0,0,0,0,0,0,0,0,0,
16087,ID,Washington,none,0,0,0,0,0,0,0,0,0,0,0,
17001,IL,Adams,none,0,0,0,0,0,0,0,0,0,0,0,
17003,IL,Alexander,none,0,0,0,0,0,0,0,0,0,0,0,
17005,IL,Bond,record,2,1,0,0,0,0,0,0,0,0,1,
17007,IL,Boone,record,2,0,0,0,1,0,0,1,0,0,2,
17009,IL,Brown,record,1,1,0,0,0,0,0,0,0,0,1,
17011,IL,Bureau,record,1,0,0,0,1,0,0,1,0,0,1,
17013,IL,Calhoun,none,0,0,0,0,0,0,0,0,0,0,0,
17015,IL,Carroll,record,2,0,0,0,0,0,0,0,0,0,2,
17017,IL,Cass,record,1,0,0,0,0,0,0,0,0,0,1,
17019,IL,Champaign,record,2,1,0,0,0,0,0,0,0,0,2,
17021,IL,Christian,record,2,1,0,0,1,0,0,1,0,0,1,
17023,IL,Clark,record,0,0,0,0,1,0,0,1,0,0,0,
17025,IL,Clay,none,0,0,0,0,0,0,0,0,0,0,0,
17027,IL,Clinton,none,0,0,0,0,0,0,0,0,0,0,0,
17029,IL,Coles,record,2,0,0,0,0,0,0,0,0,0,2,
17031,IL,Cook,record,0,0,0,1,0,0,0,0,0,0,0,
17033,IL,Crawford,record,2,1,0,0,0,0,0,0,0,0,1,
17035,IL,Cumberland,record,1,0,0,0,1,0,0,1,0,0,1,
17037,IL,DeKalb,record,2,0,0,0,1,0,0,1,0,0,2,
17039,IL,De Witt,record,2,0,0,0,1,0,1,0,1,1,2,
17041,IL,Douglas,record,0,0,0,0,1,0,1,0,1,0,0,
17043,IL,DuPage,none,0,0,0,0,0,0,0,0,0,0,0,
17045,IL,Edgar,record,1,0,0,0,0,0,0,0,0,0,1,
17047,IL,Edwards,none,0,0,0,0,0,0,0,0,0,0,0,
17049,IL,Effingham,record,3,2,0,0,0,0,0,0,0,0,1,
17051,IL,Fayette,record,2,0,0,0,0,0,0,0,0,0,2,
17053,IL,Ford,record,3,1,0,0,1,0,0,1,1,0,2,
17055,IL,Franklin,none,0,0,0,0,0,0,0,0,0,0,0,
17057,IL,Fulton,record,2,0,0,0,0,0,0,0,0,0,2,
17059,IL,Gallatin,none,0,0,0,0,0,0,0,0,0,0,0,
17061,IL,Greene,record,0,0,0,0,1,0,0,1,0,0,0,
17063,IL,Grundy,record,2,1,0,0,0,0,0,0,0,0,2,
17065,IL,Hamilton,record,2,0,0,0,0,0,0,0,0,0,2,
17067,IL,Hancock,record,1,0,0,0,0,0,0,0,0,0,1,
17069,IL,Hardin,none,0,0,0,0,0,0,0,0,0,0,0,
17071,IL,Henderson,none,0,0,0,0,0,0,0,0,0,0,0,
17073,IL,Henry,record,1,1,0,0,0,0,0,0,0,0,1,
17075,IL,Iroquois,record,4,2,0,0,0,0,0,0,0,0,2,
17077,IL,Jackson,record,1,0,0,0,0,0,0,0,0,0,1,
17079,IL,Jasper,none,0,0,0,0,0,0,0,0,0,0,0,
17081,IL,Jefferson,record,1,0,0,0,0,0,0,0,0,0,1,
17083,IL,Jersey,record,2,0,0,0,0,0,0,0,0,0,2,
17085,IL,Jo Daviess,record,2,0,0,0,0,0,0,0,0,0,2,
17087,IL,Johnson,record,0,0,0,0,1,0,0,1,0,0,0,
17089,IL,Kane,record,2,0,0,0,0,0,0,0,0,0,2,
17091,IL,Kankakee,record,2,1,0,0,0,0,0,0,0,0,1,
17093,IL,Kendall,record,2,2,0,0,0,0,0,0,0,0,1,
17095,IL,Knox,record,1,0,0,0,0,0,0,0,0,0,1,
17097,IL,Lake,record,2,1,0,0,0,0,0,0,0,0,2,
17099,IL,LaSalle,record,2,1,1,0,0,0,0,0,0,0,1,
17101,IL,Lawrence,none,0,0,0,0,0,0,0,0,0,0,0,
17103,IL,Lee,record,3,1,1,0,0,0,0,0,0,0,2,
17105,IL,Livingston,record,1,1,0,0,2,2,0,0,0,0,1,
17107,IL,Logan,record,2,0,0,0,3,0,2,1,2,0,2,
17109,IL,McDonough,none,0,0,0,0,0,0,0,0,0,0,0,
17111,IL,McHenry,record,3,2,0,0,0,0,0,0,0,0,2,
17113,IL,McLean,record,1,1,0,0,0,0,0,0,0,0,1,
17115,IL,Macon,record,2,1,0,0,1,0,1,0,1,0,2,
17117,IL,Macoupin,record,2,0,0,0,1,0,0,1,0,0,2,
17119,IL,Madison,record,1,0,0,0,0,0,0,0,0,0,1,
17121,IL,Marion,none,0,0,0,0,0,0,0,0,0,0,0,
17123,IL,Marshall,record,2,0,0,0,0,0,0,0,0,0,2,
17125,IL,Mason,record,2,0,0,0,0,0,0,0,0,0,2,
17127,IL,Massac,record,0,0,0,0,1,0,0,1,0,0,0,
17129,IL,Menard,record,2,0,0,0,0,0,0,0,0,0,2,
17131,IL,Mercer,record,1,1,0,0,1,0,1,0,0,0,1,
17133,IL,Monroe,record,1,1,0,0,0,0,0,0,0,0,1,
17135,IL,Montgomery,record,2,0,0,0,1,0,0,1,0,0,2,
17137,IL,Morgan,record,2,1,0,0,0,0,0,0,0,0,2,
17139,IL,Moultrie,record,4,2,0,0,0,0,0,0,0,0,2,
17141,IL,Ogle,record,2,1,0,0,0,0,0,0,0,0,2,
17143,IL,Peoria,record,1,0,0,0,0,0,0,0,0,0,2,
17145,IL,Perry,record,2,0,0,0,0,0,0,0,0,0,2,
17147,IL,Piatt,record,3,1,0,0,1,0,0,1,1,0,2,
17149,IL,Pike,record,2,0,0,0,1,0,0,1,0,0,2,
17151,IL,Pope,none,0,0,0,0,0,0,0,0,0,0,0,
17153,IL,Pulaski,none,0,0,0,0,0,0,0,0,0,0,0,
17155,IL,Putnam,none,0,0,0,0,0,0,0,0,0,0,0,
17157,IL,Randolph,record,2,2,0,0,0,0,0,0,0,0,2,
17159,IL,Richland,record,1,0,0,0,0,0,0,0,0,0,1,
17161,IL,Rock Island,record,2,0,0,0,0,0,0,0,0,0,2,
17163,IL,St. Clair,record,2,0,1,0,0,0,0,0,0,0,2,
17165,IL,Saline,none,0,0,0,0,0,0,0,0,0,0,0,
17167,IL,Sangamon,record,3,1,0,0,0,0,0,0,0,0,2,
17169,IL,Schuyler,record,2,0,0,0,0,0,0,0,0,0,2,
17171,IL,Scott,record,2,0,0,0,1,0,0,1,0,0,2,
17173,IL,Shelby,record,2,0,0,0,1,0,0,1,0,0,2,
17175,IL,Stark,none,0,0,0,0,0,0,0,0,0,0,0,
17177,IL,Stephenson,record,1,0,0,0,0,0,0,0,0,0,1,
17179,IL,Tazewell,record,3,1,0,0,1,1,0,0,0,0,2,
17181,IL,Union,none,0,0,0,0,0,0,0,0,0,0,0,
17183,IL,Vermilion,record,3,1,0,0,0,0,0,0,0,0,2,
17185,IL,Wabash,none,0,0,0,0,0,0,0,0,0,0,0,
17187,IL,Warren,record,1,1,0,0,0,0,0,0,0,0,1,
17189,IL,Washington,record,2,0,0,0,0,0,0,0,0,0,2,
17191,IL,Wayne,none,0,0,0,0,0,0,0,0,0,0,0,
17193,IL,White,record,2,0,0,0,0,0,0,0,0,0,2,
17195,IL,Whiteside,record,2,0,0,1,0,0,0,0,0,0,1,
17197,IL,Will,record,2,1,0,0,2,2,0,0,0,0,2,
17199,IL,Williamson,none,0,0,0,0,0,0,0,0,0,0,0,
17201,IL,Winnebago,record,0,0,0,0,1,1,0,0,0,0,0,
17203,IL,Woodford,record,2,0,0,0,0,0,0,0,0,0,2,
18001,IN,Adams,none,0,0,0,0,0,0,0,0,0,0,0,
18003,IN,Allen,record,2,2,0,0,0,0,0,0,0,0,1,
18005,IN,Bartholomew,record,0,0,0,0,2,2,0,0,0,0,1,
18007,IN,Benton,record,0,0,0,0,1,0,1,0,1,0,0,
18009,IN,Blackford,record,3,1,0,0,0,0,0,0,0,0,2,
18011,IN,Boone,record,2,2,0,0,0,0,0,0,0,0,1,
18013,IN,Brown,none,0,0,0,0,0,0,0,0,0,0,0,
18015,IN,Carroll,record,2,1,0,0,0,0,0,0,0,0,2,
18017,IN,Cass,record,2,0,0,0,0,0,0,0,0,0,2,
18019,IN,Clark,record,2,1,0,0,1,1,0,0,0,0,1,
18021,IN,Clay,none,0,0,0,0,0,0,0,0,0,0,0,
18023,IN,Clinton,record,2,1,0,0,0,0,0,0,0,0,2,
18025,IN,Crawford,none,0,0,0,0,0,0,0,0,0,0,0,
18027,IN,Daviess,record,1,0,0,0,0,0,0,0,0,0,1,
18029,IN,Dearborn,record,2,0,0,1,0,0,0,0,0,0,2,
18031,IN,Decatur,record,1,1,0,0,0,0,0,0,0,0,1,
18033,IN,DeKalb,record,2,1,0,0,1,1,0,0,1,0,2,
18035,IN,Delaware,record,3,1,0,0,1,0,0,1,0,0,2,
18037,IN,Dubois,record,0,0,0,0,1,0,0,1,1,0,0,
18039,IN,Elkhart,record,1,0,0,1,1,0,0,1,1,0,1,
18041,IN,Fayette,record,1,1,0,0,1,1,0,0,1,0,1,
18043,IN,Floyd,none,0,0,0,0,0,0,0,0,0,0,0,
18045,IN,Fountain,record,2,1,0,0,0,0,0,0,0,0,1,
18047,IN,Franklin,record,1,1,0,0,0,0,0,0,0,0,1,
18049,IN,Fulton,record,2,1,0,0,0,0,0,0,0,0,0,
18051,IN,Gibson,record,2,1,0,0,1,0,0,1,1,0,2,
18053,IN,Grant,record,2,0,0,0,0,0,0,0,0,0,2,
18055,IN,Greene,none,0,0,0,0,0,0,0,0,0,0,0,
18057,IN,Hamilton,record,2,2,0,0,1,1,0,0,0,0,1,
18059,IN,Hancock,record,2,0,0,0,0,0,0,0,0,0,2,
18061,IN,Harrison,none,0,0,0,0,0,0,0,0,0,0,0,
18063,IN,Hendricks,record,1,1,0,0,0,0,0,0,0,0,1,
18065,IN,Henry,record,3,2,0,0,2,2,0,0,1,0,2,
18067,IN,Howard,record,1,0,0,0,1,0,0,1,0,0,2,
18069,IN,Huntington,record,3,1,0,1,0,0,0,0,0,0,2,
18071,IN,Jackson,none,0,0,0,0,0,0,0,0,0,0,0,
18073,IN,Jasper,record,3,2,0,0,0,0,0,0,0,0,2,
18075,IN,Jay,record,5,1,0,0,0,0,0,0,0,0,2,
18077,IN,Jefferson,record,1,0,0,0,2,1,0,1,0,0,1,
18079,IN,Jennings,none,0,0,0,0,0,0,0,0,0,0,0,
18081,IN,Johnson,record,2,0,0,0,0,0,0,0,0,0,2,
18083,IN,Knox,none,0,0,0,0,0,0,0,0,0,0,0,
18085,IN,Kosciusko,record,3,2,0,0,0,0,0,0,0,0,2,
18087,IN,LaGrange,record,3,1,0,0,0,0,0,0,0,0,2,
18089,IN,Lake,record,2,2,0,0,0,0,0,0,0,0,1,
18091,IN,LaPorte,record,2,0,0,0,0,0,0,0,0,0,2,
18093,IN,Lawrence,none,0,0,0,0,0,0,0,0,0,0,0,
18095,IN,Madison,record,2,2,0,0,1,0,0,1,0,0,1,
18097,IN,Marion,none,0,0,0,0,0,0,0,0,0,0,0,
18099,IN,Marshall,record,3,1,0,0,1,1,0,0,0,0,2,
18101,IN,Martin,none,0,0,0,0,0,0,0,0,0,0,0,
18103,IN,Miami,record,3,1,0,0,1,1,0,0,0,0,2,
18105,IN,Monroe,none,0,0,0,0,0,0,0,0,0,0,0,
18107,IN,Montgomery,record,2,0,0,0,0,0,0,0,0,0,2,
18109,IN,Morgan,record,2,0,0,0,0,0,0,0,0,0,2,
18111,IN,Newton,none,0,0,0,0,0,0,0,0,0,0,0,
18113,IN,Noble,record,2,1,0,0,0,0,0,0,0,0,2,
18115,IN,Ohio,none,0,0,0,0,0,0,0,0,0,0,0,
18117,IN,Orange,none,0,0,0,0,0,0,0,0,0,0,0,
18119,IN,Owen,none,0,0,0,0,0,0,0,0,0,0,0,
18121,IN,Parke,none,0,0,0,0,0,0,0,0,0,0,0,
18123,IN,Perry,none,0,0,0,0,0,0,0,0,0,0,0,
18125,IN,Pike,none,0,0,0,0,0,0,0,0,0,0,0,
18127,IN,Porter,record,1,1,1,0,1,1,0,0,0,0,1,
18129,IN,Posey,record,3,1,0,0,0,0,0,0,0,0,2,
18131,IN,Pulaski,record,2,1,0,0,2,0,0,1,0,0,1,
18133,IN,Putnam,record,2,0,0,1,1,1,0,0,0,0,2,
18135,IN,Randolph,record,1,0,0,0,0,0,0,0,0,0,1,
18137,IN,Ripley,record,1,0,0,0,0,0,0,0,0,0,1,
18139,IN,Rush,record,3,3,0,0,2,2,0,0,1,0,2,
18141,IN,St. Joseph,record,3,0,0,0,0,0,0,0,0,0,2,
18143,IN,Scott,none,0,0,0,0,0,0,0,0,0,0,0,
18145,IN,Shelby,record,1,0,0,0,0,0,0,0,0,0,1,
18147,IN,Spencer,record,3,1,0,0,1,0,0,1,0,0,2,
18149,IN,Starke,record,1,0,0,0,1,0,0,0,0,0,1,
18151,IN,Steuben,record,2,0,0,0,0,0,0,0,0,0,2,
18153,IN,Sullivan,none,0,0,0,0,0,0,0,0,0,0,0,
18155,IN,Switzerland,none,0,0,0,0,0,0,0,0,0,0,0,
18157,IN,Tippecanoe,record,2,1,0,0,0,0,0,0,0,0,1,
18159,IN,Tipton,record,1,0,0,0,1,1,0,0,0,0,0,
18161,IN,Union,none,0,0,0,0,0,0,0,0,0,0,0,
18163,IN,Vanderburgh,record,1,0,0,0,0,0,0,0,0,0,1,
18165,IN,Vermillion,record,2,1,0,0,0,0,0,0,0,0,2,
18167,IN,Vigo,none,0,0,0,0,0,0,0,0,0,0,0,
18169,IN,Wabash,record,2,1,0,0,0,0,0,0,0,0,2,
18171,IN,Warren,record,2,0,0,0,1,0,1,0,1,0,2,
18173,IN,Warrick,none,0,0,0,0,0,0,0,0,0,0,0,
18175,IN,Washington,none,0,0,0,0,0,0,0,0,0,0,0,
18177,IN,Wayne,record,1,1,0,0,0,0,0,0,0,0,0,
18179,IN,Wells,record,2,1,0,0,0,0,0,0,0,0,1,
18181,IN,White,record,2,0,0,0,0,0,0,0,0,0,2,
18183,IN,Whitley,record,2,1,0,0,0,0,0,0,0,0,2,
19001,IA,Adair,record,2,0,0,1,0,0,0,0,0,0,2,
19003,IA,Adams,record,2,0,0,0,0,0,0,0,0,0,1,
19005,IA,Allamakee,record,2,0,0,0,0,0,0,0,0,0,1,
19007,IA,Appanoose,record,1,0,0,0,0,0,0,0,0,0,1,
19009,IA,Audubon,record,2,2,0,0,0,0,0,0,0,0,1,
19011,IA,Benton,none,0,0,0,0,0,0,0,0,0,0,0,
19013,IA,Black Hawk,record,1,0,0,0,1,1,0,0,1,0,1,
19015,IA,Boone,record,2,0,0,0,0,0,0,0,0,0,2,
19017,IA,Bremer,record,1,0,0,0,0,0,0,0,0,0,1,
19019,IA,Buchanan,record,2,0,0,1,0,0,0,0,0,0,2,
19021,IA,Buena Vista,record,1,1,0,0,0,0,0,0,0,0,1,
19023,IA,Butler,record,3,1,0,0,0,0,0,0,0,0,2,
19025,IA,Calhoun,record,1,1,0,0,0,0,0,0,0,0,1,
19027,IA,Carroll,record,1,0,0,0,0,0,0,0,0,0,2,
19029,IA,Cass,record,1,0,0,0,0,0,0,0,0,0,1,
19031,IA,Cedar,record,2,1,0,0,0,0,0,0,0,0,2,
19033,IA,Cerro Gordo,record,1,1,0,0,0,0,0,0,0,0,1,
19035,IA,Cherokee,record,1,0,0,0,0,0,0,0,0,0,1,
19037,IA,Chickasaw,record,2,0,0,0,0,0,0,0,0,0,2,
19039,IA,Clarke,record,3,2,1,0,0,0,0,0,0,0,2,
19041,IA,Clay,none,0,0,0,0,0,0,0,0,0,0,0,
19043,IA,Clayton,record,1,0,0,0,0,0,0,0,0,0,2,
19045,IA,Clinton,record,3,1,0,0,0,0,0,0,0,0,2,
19047,IA,Crawford,none,0,0,0,0,0,0,0,0,0,0,0,
19049,IA,Dallas,record,1,1,0,0,0,0,0,0,0,0,1,
19051,IA,Davis,none,0,0,0,0,0,0,0,0,0,0,0,
19053,IA,Decatur,record,1,1,0,0,0,0,0,0,0,0,2,
19055,IA,Delaware,none,0,0,0,0,0,0,0,0,0,0,0,
19057,IA,Des Moines,record,2,0,0,0,0,0,0,0,0,0,2,
19059,IA,Dickinson,record,1,1,0,1,1,0,0,1,0,0,1,
19061,IA,Dubuque,record,3,1,0,0,0,0,0,0,0,0,2,
19063,IA,Emmet,record,2,2,0,0,1,0,0,1,0,0,1,
19065,IA,Fayette,record,0,0,0,0,2,2,0,0,1,0,0,
19067,IA,Floyd,record,3,3,0,0,0,0,0,0,0,0,2,
19069,IA,Franklin,record,1,1,0,0,0,0,0,0,0,0,1,
19071,IA,Fremont,record,3,1,0,0,0,0,0,0,0,0,2,
19073,IA,Greene,record,2,1,0,0,0,0,0,0,0,0,2,
19075,IA,Grundy,record,2,1,0,0,0,0,0,0,0,0,2,
19077,IA,Guthrie,none,0,0,0,0,0,0,0,0,0,0,0,
19079,IA,Hamilton,none,0,0,0,0,0,0,0,0,0,0,0,
19081,IA,Hancock,none,0,0,0,0,0,0,0,0,0,0,0,
19083,IA,Hardin,record,2,1,0,0,0,0,0,0,0,0,1,
19085,IA,Harrison,none,0,0,0,0,0,0,0,0,0,0,0,
19087,IA,Henry,record,1,1,0,1,0,0,0,0,0,0,0,
19089,IA,Howard,none,0,0,0,0,0,0,0,0,0,0,0,
19091,IA,Humboldt,record,1,0,0,0,1,1,0,0,1,0,1,
19093,IA,Ida,record,2,1,0,0,0,0,0,0,0,0,1,
19095,IA,Iowa,record,1,1,0,0,0,0,0,0,0,0,1,
19097,IA,Jackson,record,2,2,0,0,0,0,0,0,0,0,1,
19099,IA,Jasper,record,1,0,0,0,0,0,0,0,0,0,1,
19101,IA,Jefferson,record,1,1,0,0,0,0,0,0,0,0,1,
19103,IA,Johnson,record,2,0,0,0,1,1,0,0,0,0,2,
19105,IA,Jones,record,1,0,0,0,0,0,0,0,0,0,2,
19107,IA,Keokuk,none,0,0,0,0,0,0,0,0,0,0,0,
19109,IA,Kossuth,record,2,2,0,0,0,0,0,0,0,0,1,
19111,IA,Lee,record,1,0,0,0,0,0,0,0,0,0,1,
19113,IA,Linn,record,2,0,1,0,3,0,1,2,3,0,2,
19115,IA,Louisa,none,0,0,0,0,0,0,0,0,0,0,0,
19117,IA,Lucas,none,0,0,0,0,0,0,0,0,0,0,0,
19119,IA,Lyon,record,1,1,0,0,0,0,0,0,0,0,1,
19121,IA,Madison,record,1,0,0,1,1,1,0,0,0,0,0,
19123,IA,Mahaska,record,2,1,0,0,0,0,0,0,0,0,1,
19125,IA,Marion,record,1,0,0,0,0,0,0,0,0,0,2,
19127,IA,Marshall,none,0,0,0,0,0,0,0,0,0,0,0,
19129,IA,Mills,record,2,1,0,0,1,0,0,1,0,0,2,
19131,IA,Mitchell,record,1,1,0,0,0,0,0,0,0,0,1,
19133,IA,Monona,record,2,1,0,0,0,0,0,0,0,0,2,
19135,IA,Monroe,none,0,0,0,0,0,0,0,0,0,0,0,
19137,IA,Montgomery,record,3,2,0,0,0,0,0,0,0,0,2,
19139,IA,Muscatine,record,2,0,0,0,0,0,0,0,0,0,2,
19141,IA,O'Brien,record,0,0,0,0,0,0,0,0,0,0,1,
19143,IA,Osceola,record,1,1,0,0,0,0,0,0,0,0,1,
19145,IA,Page,record,2,1,0,0,1,0,1,0,1,0,0,
19147,IA,Palo Alto,record,1,1,0,1,0,0,0,0,0,0,1,
19149,IA,Plymouth,record,2,0,0,1,0,0,0,0,0,0,2,
19151,IA,Pocahontas,none,0,0,0,0,0,0,0,0,0,0,0,
19153,IA,Polk,record,2,0,0,0,0,0,0,0,0,0,2,
19155,IA,Pottawattamie,record,4,3,0,0,1,0,0,1,0,0,2,
19157,IA,Poweshiek,record,1,0,0,0,0,0,0,0,0,0,1,
19159,IA,Ringgold,record,2,2,0,0,0,0,0,0,0,0,1,
19161,IA,Sac,record,1,0,0,0,0,0,0,0,0,0,2,
19163,IA,Scott,record,3,3,0,0,0,0,0,0,0,0,2,
19165,IA,Shelby,record,3,3,3,0,0,0,0,0,0,0,0,
19167,IA,Sioux,record,2,0,0,1,0,0,0,0,0,0,2,
19169,IA,Story,record,3,0,0,1,0,0,0,0,0,0,2,
19171,IA,Tama,record,3,2,1,0,1,0,0,0,1,0,2,
19173,IA,Taylor,record,1,0,0,1,0,0,0,0,0,0,1,
19175,IA,Union,record,2,1,0,0,0,0,0,0,0,0,2,
19177,IA,Van Buren,none,0,0,0,0,0,0,0,0,0,0,0,
19179,IA,Wapello,record,1,1,0,0,0,0,0,0,0,0,1,
19181,IA,Warren,none,0,0,0,0,0,0,0,0,0,0,0,
19183,IA,Washington,record,1,0,0,0,0,0,0,0,0,0,1,
19185,IA,Wayne,none,0,0,0,0,0,0,0,0,0,0,0,
19187,IA,Webster,record,3,1,0,0,0,0,0,0,0,0,2,
19189,IA,Winnebago,none,0,0,0,0,0,0,0,0,0,0,0,
19191,IA,Winneshiek,record,2,0,0,0,0,0,0,0,0,0,2,
19193,IA,Woodbury,record,3,2,0,0,1,0,0,1,0,0,2,
19195,IA,Worth,record,2,1,0,0,0,0,0,0,0,0,1,
19197,IA,Wright,record,1,0,0,0,0,0,0,0,0,0,1,
20001,KS,Allen,record,1,0,0,0,0,0,0,0,0,0,1,
20003,KS,Anderson,record,0,0,0,0,1,1,0,0,0,0,0,
20005,KS,Atchison,none,0,0,0,0,0,0,0,0,0,0,0,
20007,KS,Barber,none,0,0,0,0,0,0,0,0,0,0,0,
20009,KS,Barton,record,1,1,0,0,1,1,0,0,0,0,0,
20011,KS,Bourbon,none,0,0,0,0,0,0,0,0,0,0,0,
20013,KS,Brown,record,1,1,0,1,0,0,0,0,0,0,1,
20015,KS,Butler,record,1,1,0,1,1,1,0,0,0,0,1,
20017,KS,Chase,none,0,0,0,0,0,0,0,0,0,0,0,
20019,KS,Chautauqua,none,0,0,0,0,0,0,0,0,0,0,0,
20021,KS,Cherokee,record,1,1,1,1,1,0,0,1,0,0,1,
20023,KS,Cheyenne,none,0,0,0,0,0,0,0,0,0,0,0,
20025,KS,Clark,none,0,0,0,0,0,0,0,0,0,0,0,
20027,KS,Clay,none,0,0,0,0,0,0,0,0,0,0,0,
20029,KS,Cloud,none,0,0,0,0,0,0,0,0,0,0,0,
20031,KS,Coffey,none,0,0,0,0,0,0,0,0,0,0,0,
20033,KS,Comanche,none,0,0,0,0,0,0,0,0,0,0,0,
20035,KS,Cowley,none,0,0,0,0,0,0,0,0,0,0,0,
20037,KS,Crawford,record,1,0,0,0,0,0,0,0,0,0,1,
20039,KS,Decatur,none,0,0,0,0,0,0,0,0,0,0,0,
20041,KS,Dickinson,record,0,0,0,1,1,0,0,1,0,0,0,
20043,KS,Doniphan,none,0,0,0,0,0,0,0,0,0,0,0,
20045,KS,Douglas,record,3,0,0,0,1,0,0,1,0,0,2,
20047,KS,Edwards,none,0,0,0,0,0,0,0,0,0,0,0,
20049,KS,Elk,none,0,0,0,0,0,0,0,0,0,0,0,
20051,KS,Ellis,record,2,1,0,0,0,0,0,0,0,0,2,
20053,KS,Ellsworth,none,0,0,0,0,0,0,0,0,0,0,0,
20055,KS,Finney,none,0,0,0,0,0,0,0,0,0,0,0,
20057,KS,Ford,record,1,1,0,0,0,0,0,0,0,0,1,
20059,KS,Franklin,record,3,1,0,0,0,0,0,0,0,0,2,
20061,KS,Geary,record,1,0,0,0,0,0,0,0,0,0,1,
20063,KS,Gove,none,0,0,0,0,0,0,0,0,0,0,0,
20065,KS,Graham,none,0,0,0,0,0,0,0,0,0,0,0,
20067,KS,Grant,none,0,0,0,0,0,0,0,0,0,0,0,
20069,KS,Gray,none,0,0,0,0,0,0,0,0,0,0,0,
20071,KS,Greeley,none,0,0,0,0,0,0,0,0,0,0,0,
20073,KS,Greenwood,none,0,0,0,0,0,0,0,0,0,0,0,
20075,KS,Hamilton,none,0,0,0,0,0,0,0,0,0,0,0,
20077,KS,Harper,none,0,0,0,0,0,0,0,0,0,0,0,
20079,KS,Harvey,record,2,1,0,0,0,0,0,0,0,0,1,
20081,KS,Haskell,none,0,0,0,0,0,0,0,0,0,0,0,
20083,KS,Hodgeman,none,0,0,0,0,0,0,0,0,0,0,0,
20085,KS,Jackson,record,1,1,0,0,1,0,0,1,0,0,1,
20087,KS,Jefferson,record,1,1,0,0,0,0,0,0,0,0,1,
20089,KS,Jewell,none,0,0,0,0,0,0,0,0,0,0,0,
20091,KS,Johnson,record,1,0,0,0,0,0,0,0,0,0,0,
20093,KS,Kearny,record,1,1,0,0,0,0,0,0,0,0,1,
20095,KS,Kingman,none,0,0,0,0,0,0,0,0,0,0,0,
20097,KS,Kiowa,none,0,0,0,0,0,0,0,0,0,0,0,
20099,KS,Labette,record,2,1,0,0,0,0,0,0,0,0,1,
20101,KS,Lane,none,0,0,0,0,0,0,0,0,0,0,0,
20103,KS,Leavenworth,record,2,1,0,0,0,0,0,0,0,0,2,
20105,KS,Lincoln,none,0,0,0,0,0,0,0,0,0,0,0,
20107,KS,Linn,record,1,1,0,0,0,0,0,0,0,0,1,
20109,KS,Logan,none,0,0,0,0,0,0,0,0,0,0,0,
20111,KS,Lyon,record,1,0,0,1,0,0,0,0,0,0,2,
20113,KS,McPherson,record,3,2,0,0,1,1,0,0,0,0,1,
20115,KS,Marion,record,2,0,0,1,0,0,0,0,0,0,2,
20117,KS,Marshall,none,0,0,0,0,0,0,0,0,0,0,0,
20119,KS,Meade,none,0,0,0,0,0,0,0,0,0,0,0,
20121,KS,Miami,record,1,0,0,0,0,0,0,0,0,0,1,
20123,KS,Mitchell,none,0,0,0,0,0,0,0,0,0,0,0,
20125,KS,Montgomery,none,0,0,0,0,0,0,0,0,0,0,0,
20127,KS,Morris,none,0,0,0,0,0,0,0,0,0,0,0,
20129,KS,Morton,none,0,0,0,0,0,0,0,0,0,0,0,
20131,KS,Nemaha,none,0,0,0,0,0,0,0,0,0,0,0,
20133,KS,Neosho,record,0,0,0,1,1,0,1,0,1,0,0,
20135,KS,Ness,none,0,0,0,0,0,0,0,0,0,0,0,
20137,KS,Norton,none,0,0,0,0,0,0,0,0,0,0,0,
20139,KS,Osage,record,2,1,0,0,1,1,0,0,0,0,1,
20141,KS,Osborne,none,0,0,0,0,0,0,0,0,0,0,0,
20143,KS,Ottawa,none,0,0,0,0,0,0,0,0,0,0,0,
20145,KS,Pawnee,record,3,1,0,0,0,0,0,0,0,0,2,
20147,KS,Phillips,none,0,0,0,0,0,0,0,0,0,0,0,
20149,KS,Pottawatomie,record,2,2,0,0,0,0,0,0,0,0,1,
20151,KS,Pratt,record,2,0,0,0,0,0,0,0,0,0,2,
20153,KS,Rawlins,none,0,0,0,0,0,0,0,0,0,0,0,
20155,KS,Reno,record,2,1,0,1,1,0,0,0,0,0,1,
20157,KS,Republic,none,0,0,0,0,0,0,0,0,0,0,0,
20159,KS,Rice,none,0,0,0,0,0,0,0,0,0,0,0,
20161,KS,Riley,record,0,0,0,1,0,0,0,0,0,0,0,
20163,KS,Rooks,none,0,0,0,0,0,0,0,0,0,0,0,
20165,KS,Rush,record,1,0,0,0,0,0,0,0,0,0,1,
20167,KS,Russell,none,0,0,0,0,0,0,0,0,0,0,0,
20169,KS,Saline,record,2,1,0,0,0,0,0,0,0,0,2,
20171,KS,Scott,none,0,0,0,0,0,0,0,0,0,0,0,
20173,KS,Sedgwick,record,5,3,0,0,1,0,0,0,0,0,2,
20175,KS,Seward,record,2,0,0,0,0,0,0,0,0,0,2,
20177,KS,Shawnee,record,1,1,0,0,0,0,0,0,0,0,0,
20179,KS,Sheridan,none,0,0,0,0,0,0,0,0,0,0,0,
20181,KS,Sherman,none,0,0,0,0,0,0,0,0,0,0,0,
20183,KS,Smith,none,0,0,0,0,0,0,0,0,0,0,0,
20185,KS,Stafford,none,0,0,0,0,0,0,0,0,0,0,0,
20187,KS,Stanton,none,0,0,0,0,0,0,0,0,0,0,0,
20189,KS,Stevens,none,0,0,0,0,0,0,0,0,0,0,0,
20191,KS,Sumner,record,0,0,0,0,1,1,0,0,0,0,0,
20193,KS,Thomas,none,0,0,0,0,0,0,0,0,0,0,0,
20195,KS,Trego,none,0,0,0,0,0,0,0,0,0,0,0,
20197,KS,Wabaunsee,record,2,1,0,0,0,0,0,0,0,0,2,
20199,KS,Wallace,none,0,0,0,0,0,0,0,0,0,0,0,
20201,KS,Washington,none,0,0,0,0,0,0,0,0,0,0,0,
20203,KS,Wichita,none,0,0,0,0,0,0,0,0,0,0,0,
20205,KS,Wilson,none,0,0,0,0,0,0,0,0,0,0,0,
20207,KS,Woodson,record,2,1,0,0,0,0,0,0,0,0,2,
20209,KS,Wyandotte,none,0,0,0,0,0,0,0,0,0,0,0,
21001,KY,Adair,none,0,0,0,0,0,0,0,0,0,0,0,
21003,KY,Allen,none,0,0,0,0,0,0,0,0,0,0,0,
21005,KY,Anderson,none,0,0,0,0,0,0,0,0,0,0,0,
21007,KY,Ballard,record,1,0,0,0,0,0,0,0,0,0,1,
21009,KY,Barren,none,0,0,0,0,0,0,0,0,0,0,0,
21011,KY,Bath,none,0,0,0,0,0,0,0,0,0,0,0,
21013,KY,Bell,none,0,0,0,0,0,0,0,0,0,0,0,
21015,KY,Boone,record,1,0,0,0,0,0,0,0,0,0,1,
21017,KY,Bourbon,none,0,0,0,0,0,0,0,0,0,0,0,
21019,KY,Boyd,none,0,0,0,0,0,0,0,0,0,0,0,
21021,KY,Boyle,record,3,1,0,0,0,0,0,0,0,0,2,
21023,KY,Bracken,none,0,0,0,0,0,0,0,0,0,0,0,
21025,KY,Breathitt,none,0,0,0,0,0,0,0,0,0,0,0,
21027,KY,Breckinridge,record,2,1,1,0,0,0,0,0,0,0,1,
21029,KY,Bullitt,none,0,0,0,0,0,0,0,0,0,0,0,
21031,KY,Butler,none,0,0,0,0,0,0,0,0,0,0,0,
21033,KY,Caldwell,none,0,0,0,0,0,0,0,0,0,0,0,
21035,KY,Calloway,record,2,1,0,0,0,0,0,0,0,0,1,
21037,KY,Campbell,none,0,0,0,0,0,0,0,0,0,0,0,
21039,KY,Carlisle,none,0,0,0,0,0,0,0,0,0,0,0,
21041,KY,Carroll,none,0,0,0,0,0,0,0,0,0,0,0,
21043,KY,Carter,none,0,0,0,0,0,0,0,0,0,0,0,
21045,KY,Casey,none,0,0,0,0,0,0,0,0,0,0,0,
21047,KY,Christian,record,1,1,0,0,0,0,0,0,0,0,0,
21049,KY,Clark,record,1,1,0,0,1,1,0,0,0,0,1,
21051,KY,Clay,none,0,0,0,0,0,0,0,0,0,0,0,
21053,KY,Clinton,none,0,0,0,0,0,0,0,0,0,0,0,
21055,KY,Crittenden,none,0,0,0,0,0,0,0,0,0,0,0,
21057,KY,Cumberland,none,0,0,0,0,0,0,0,0,0,0,0,
21059,KY,Daviess,none,0,0,0,0,0,0,0,0,0,0,0,
21061,KY,Edmonson,none,0,0,0,0,0,0,0,0,0,0,0,
21063,KY,Elliott,none,0,0,0,0,0,0,0,0,0,0,0,
21065,KY,Estill,none,0,0,0,0,0,0,0,0,0,0,0,
21067,KY,Fayette,none,0,0,0,0,0,0,0,0,0,0,0,
21069,KY,Fleming,record,0,0,0,0,1,1,0,0,0,0,0,
21071,KY,Floyd,none,0,0,0,0,0,0,0,0,0,0,0,
21073,KY,Franklin,none,0,0,0,0,0,0,0,0,0,0,0,
21075,KY,Fulton,none,0,0,0,0,0,0,0,0,0,0,0,
21077,KY,Gallatin,none,0,0,0,0,0,0,0,0,0,0,0,
21079,KY,Garrard,record,1,0,0,0,0,0,0,0,0,0,1,
21081,KY,Grant,none,0,0,0,0,0,0,0,0,0,0,0,
21083,KY,Graves,none,0,0,0,0,0,0,0,0,0,0,0,
21085,KY,Grayson,none,0,0,0,0,0,0,0,0,0,0,0,
21087,KY,Green,none,0,0,0,0,0,0,0,0,0,0,0,
21089,KY,Greenup,none,0,0,0,0,0,0,0,0,0,0,0,
21091,KY,Hancock,none,0,0,0,0,0,0,0,0,0,0,0,
21093,KY,Hardin,record,0,0,0,0,2,1,0,1,0,0,0,
21095,KY,Harlan,none,0,0,0,0,0,0,0,0,0,0,0,
21097,KY,Harrison,record,1,0,0,0,0,0,0,0,0,0,1,
21099,KY,Hart,none,0,0,0,0,0,0,0,0,0,0,0,
21101,KY,Henderson,record,2,1,0,0,0,0,0,0,0,0,1,
21103,KY,Henry,none,0,0,0,0,0,0,0,0,0,0,0,
21105,KY,Hickman,none,0,0,0,0,0,0,0,0,0,0,0,
21107,KY,Hopkins,none,0,0,0,0,0,0,0,0,0,0,0,
21109,KY,Jackson,none,0,0,0,0,0,0,0,0,0,0,0,
21111,KY,Jefferson,none,0,0,0,0,0,0,0,0,0,0,0,
21113,KY,Jessamine,record,1,0,0,0,0,0,0,0,0,0,1,
21115,KY,Johnson,none,0,0,0,0,0,0,0,0,0,0,0,
21117,KY,Kenton,record,1,0,0,0,0,0,0,0,0,0,0,
21119,KY,Knott,none,0,0,0,0,0,0,0,0,0,0,0,
21121,KY,Knox,none,0,0,0,0,0,0,0,0,0,0,0,
21123,KY,Larue,none,0,0,0,0,0,0,0,0,0,0,0,
21125,KY,Laurel,none,0,0,0,0,0,0,0,0,0,0,0,
21127,KY,Lawrence,none,0,0,0,0,0,0,0,0,0,0,0,
21129,KY,Lee,none,0,0,0,0,0,0,0,0,0,0,0,
21131,KY,Leslie,none,0,0,0,0,0,0,0,0,0,0,0,
21133,KY,Letcher,none,0,0,0,0,0,0,0,0,0,0,0,
21135,KY,Lewis,none,0,0,0,0,0,0,0,0,0,0,0,
21137,KY,Lincoln,none,0,0,0,0,0,0,0,0,0,0,0,
21139,KY,Livingston,none,0,0,0,0,0,0,0,0,0,0,0,
21141,KY,Logan,none,0,0,0,0,0,0,0,0,0,0,0,
21143,KY,Lyon,record,1,0,0,0,0,0,0,0,0,0,0,
21145,KY,McCracken,record,2,1,0,0,0,0,0,0,0,0,1,
21147,KY,McCreary,none,0,0,0,0,0,0,0,0,0,0,0,
21149,KY,McLean,record,1,0,0,0,0,0,0,0,0,0,1,
21151,KY,Madison,record,0,0,0,0,1,0,1,0,0,0,0,
21153,KY,Magoffin,none,0,0,0,0,0,0,0,0,0,0,0,
21155,KY,Marion,none,0,0,0,0,0,0,0,0,0,0,0,
21157,KY,Marshall,none,0,0,0,0,0,0,0,0,0,0,0,
21159,KY,Martin,none,0,0,0,0,0,0,0,0,0,0,0,
21161,KY,Mason,record,3,1,0,0,2,2,0,0,0,0,2,
21163,KY,Meade,record,2,0,0,0,0,0,0,0,0,0,1,
21165,KY,Menifee,none,0,0,0,0,0,0,0,0,0,0,0,
21167,KY,Mercer,record,1,1,0,0,1,1,0,0,0,0,1,
21169,KY,Metcalfe,none,0,0,0,0,0,0,0,0,0,0,0,
21171,KY,Monroe,none,0,0,0,0,0,0,0,0,0,0,0,
21173,KY,Montgomery,none,0,0,0,0,0,0,0,0,0,0,0,
21175,KY,Morgan,none,0,0,0,0,0,0,0,0,0,0,0,
21177,KY,Muhlenberg,none,0,0,0,0,0,0,0,0,0,0,0,
21179,KY,Nelson,none,0,0,0,0,0,0,0,0,0,0,0,
21181,KY,Nicholas,negative_check,0,0,0,0,0,0,0,0,0,0,0,2026-10-09
21183,KY,Ohio,record,2,1,0,0,0,0,0,0,0,0,1,
21185,KY,Oldham,none,0,0,0,0,0,0,0,0,0,0,0,
21187,KY,Owen,none,0,0,0,0,0,0,0,0,0,0,0,
21189,KY,Owsley,none,0,0,0,0,0,0,0,0,0,0,0,
21191,KY,Pendleton,none,0,0,0,0,0,0,0,0,0,0,0,
21193,KY,Perry,none,0,0,0,0,0,0,0,0,0,0,0,
21195,KY,Pike,none,0,0,0,0,0,0,0,0,0,0,0,
21197,KY,Powell,none,0,0,0,0,0,0,0,0,0,0,0,
21199,KY,Pulaski,none,0,0,0,0,0,0,0,0,0,0,0,
21201,KY,Robertson,none,0,0,0,0,0,0,0,0,0,0,0,
21203,KY,Rockcastle,none,0,0,0,0,0,0,0,0,0,0,0,
21205,KY,Rowan,none,0,0,0,0,0,0,0,0,0,0,0,
21207,KY,Russell,none,0,0,0,0,0,0,0,0,0,0,0,
21209,KY,Scott,record,1,0,0,0,0,0,0,0,0,0,1,
21211,KY,Shelby,none,0,0,0,0,0,0,0,0,0,0,0,
21213,KY,Simpson,record,1,0,0,0,0,0,0,0,0,0,1,
21215,KY,Spencer,record,1,1,0,0,0,0,0,0,0,0,1,
21217,KY,Taylor,none,0,0,0,0,0,0,0,0,0,0,0,
21219,KY,Todd,record,2,1,0,0,0,0,0,0,0,0,1,
21221,KY,Trigg,record,2,1,0,0,0,0,0,0,0,0,1,
21223,KY,Trimble,none,0,0,0,0,0,0,0,0,0,0,0,
21225,KY,Union,none,0,0,0,0,0,0,0,0,0,0,0,
21227,KY,Warren,record,1,0,0,0,0,0,0,0,0,0,1,
21229,KY,Washington,none,0,0,0,0,0,0,0,0,0,0,0,
21231,KY,Wayne,none,0,0,0,0,0,0,0,0,0,0,0,
21233,KY,Webster,none,0,0,0,0,0,0,0,0,0,0,0,
21235,KY,Whitley,none,0,0,0,0,0,0,0,0,0,0,0,
21237,KY,Wolfe,none,0,0,0,0,0,0,0,0,0,0,0,
21239,KY,Woodford,record,0,0,0,0,0,0,0,0,0,0,1,
22001,LA,Acadia,record,1,0,0,0,0,0,0,0,0,0,1,
22003,LA,Allen,none,0,0,0,0,0,0,0,0,0,0,0,
22005,LA,Ascension,record,2,0,0,0,0,0,0,0,0,0,1,
22007,LA,Assumption,none,0,0,0,0,0,0,0,0,0,0,0,
22009,LA,Avoyelles,none,0,0,0,0,0,0,0,0,0,0,0,
22011,LA,Beauregard,none,0,0,0,0,0,0,0,0,0,0,0,
22013,LA,Bienville,none,0,0,0,0,0,0,0,0,0,0,0,
22015,LA,Bossier,record,2,0,0,0,0,0,0,0,0,0,1,
22017,LA,Caddo,record,2,0,0,0,0,0,0,0,0,0,1,
22019,LA,Calcasieu,record,1,0,0,0,1,1,0,0,0,1,1,
22021,LA,Caldwell,none,0,0,0,0,0,0,0,0,0,0,0,
22023,LA,Cameron,none,0,0,0,0,0,0,0,0,0,0,0,
22025,LA,Catahoula,none,0,0,0,0,0,0,0,0,0,0,0,
22027,LA,Claiborne,none,0,0,0,0,0,0,0,0,0,0,0,
22029,LA,Concordia,none,0,0,0,0,0,0,0,0,0,0,0,
22031,LA,De Soto,none,0,0,0,0,0,0,0,0,0,0,0,
22033,LA,East Baton Rouge,none,0,0,0,0,0,0,0,0,0,0,0,
22035,LA,East Carroll,none,0,0,0,0,0,0,0,0,0,0,0,
22037,LA,East Feliciana,none,0,0,0,0,0,0,0,0,0,0,0,
22039,LA,Evangeline,none,0,0,0,0,0,0,0,0,0,0,0,
22041,LA,Franklin,none,0,0,0,0,0,0,0,0,0,0,0,
22043,LA,Grant,none,0,0,0,0,0,0,0,0,0,0,0,
22045,LA,Iberia,record,2,2,0,0,0,0,0,0,0,0,1,
22047,LA,Iberville,record,2,1,0,0,1,1,0,0,0,0,1,
22049,LA,Jackson,none,0,0,0,0,0,0,0,0,0,0,0,
22051,LA,Jefferson,none,0,0,0,0,0,0,0,0,0,0,0,
22053,LA,Jefferson Davis,record,2,1,0,0,0,0,0,0,0,0,2,
22055,LA,Lafayette,none,0,0,0,0,0,0,0,0,0,0,0,
22057,LA,Lafourche,none,0,0,0,0,0,0,0,0,0,0,0,
22059,LA,LaSalle,record,1,1,0,0,0,0,0,0,0,0,1,
22061,LA,Lincoln,none,0,0,0,0,0,0,0,0,0,0,0,
22063,LA,Livingston,none,0,0,0,0,0,0,0,0,0,0,0,
22065,LA,Madison,none,0,0,0,0,0,0,0,0,0,0,0,
22067,LA,Morehouse,none,0,0,0,0,0,0,0,0,0,0,0,
22069,LA,Natchitoches,record,1,0,0,0,0,0,0,0,0,0,1,
22071,LA,Orleans,none,0,0,0,0,0,0,0,0,0,0,0,
22073,LA,Ouachita,none,0,0,0,0,0,0,0,0,0,0,0,
22075,LA,Plaquemines,none,0,0,0,0,0,0,0,0,0,0,0,
22077,LA,Pointe Coupee,record,0,0,0,0,1,1,0,0,0,0,0,
22079,LA,Rapides,record,2,0,0,0,0,0,0,0,0,0,1,
22081,LA,Red River,none,0,0,0,0,0,0,0,0,0,0,0,
22083,LA,Richland,record,2,0,0,0,0,0,0,0,0,0,1,
22085,LA,Sabine,none,0,0,0,0,0,0,0,0,0,0,0,
22087,LA,St. Bernard,none,0,0,0,0,0,0,0,0,0,0,0,
22089,LA,St. Charles,none,0,0,0,0,0,0,0,0,0,0,0,
22091,LA,St. Helena,none,0,0,0,0,0,0,0,0,0,0,0,
22093,LA,St. James,record,1,0,0,0,1,1,0,0,0,0,0,
22095,LA,St. John the Baptist,none,0,0,0,0,0,0,0,0,0,0,0,
22097,LA,St. Landry,record,2,0,0,0,0,0,0,0,0,0,2,
22099,LA,St. Martin,none,0,0,0,0,0,0,0,0,0,0,0,
22101,LA,St. Mary,record,1,0,0,0,0,0,0,0,0,0,1,
22103,LA,St. Tammany,record,1,0,0,0,0,0,0,0,0,0,1,
22105,LA,Tangipahoa,none,0,0,0,0,0,0,0,0,0,0,0,
22107,LA,Tensas,none,0,0,0,0,0,0,0,0,0,0,0,
22109,LA,Terrebonne,none,0,0,0,0,0,0,0,0,0,0,0,
22111,LA,Union,none,0,0,0,0,0,0,0,0,0,0,0,
22113,LA,Vermilion,record,1,0,0,0,0,0,0,0,0,0,1,
22115,LA,Vernon,none,0,0,0,0,0,0,0,0,0,0,0,
22117,LA,Washington,record,2,0,0,0,0,0,0,0,0,0,1,
22119,LA,Webster,none,0,0,0,0,0,0,0,0,0,0,0,
22121,LA,West Baton Rouge,none,0,0,0,0,0,0,0,0,0,0,0,
22123,LA,West Carroll,none,0,0,0,0,0,0,0,0,0,0,0,
22125,LA,West Feliciana,record,1,0,0,0,0,0,0,0,0,0,1,
22127,LA,Winn,none,0,0,0,0,0,0,0,0,0,0,0,
23001,ME,Androscoggin,record,5,0,0,0,2,0,0,2,0,0,3,
23003,ME,Aroostook,record,4,3,0,0,2,1,1,0,2,0,3,
23005,ME,Cumberland,record,6,3,0,0,1,0,0,1,0,0,6,
23007,ME,Franklin,record,5,2,0,0,3,0,0,1,0,0,4,
23009,ME,Hancock,record,10,6,0,0,1,0,0,1,1,0,9,
23011,ME,Kennebec,record,11,7,0,0,2,0,0,2,1,0,7,
23013,ME,Knox,record,10,7,0,1,2,0,0,0,1,0,10,
23015,ME,Lincoln,record,2,0,0,0,0,0,0,0,0,0,2,
23017,ME,Oxford,record,12,6,0,0,0,0,0,0,0,0,9,
23019,ME,Penobscot,record,11,6,0,0,2,1,0,0,2,0,6,
23021,ME,Piscataquis,record,2,0,0,0,1,0,0,0,0,0,2,
23023,ME,Sagadahoc,record,3,0,0,0,0,0,0,0,0,0,3,
23025,ME,Somerset,record,10,3,0,0,2,0,0,1,0,0,6,
23027,ME,Waldo,record,9,4,0,0,1,0,0,1,0,0,8,
23029,ME,Washington,record,5,4,0,0,0,0,0,0,0,0,4,
23031,ME,York,record,1,0,0,0,0,0,0,0,0,0,1,
24001,MD,Allegany,record,3,1,0,0,1,0,1,0,1,2,2,
24003,MD,Anne Arundel,record,2,1,0,0,0,0,0,0,0,0,1,
24005,MD,Baltimore,record,0,0,0,0,1,0,0,1,0,0,0,
24009,MD,Calvert,record,1,1,0,0,0,0,0,0,0,0,2,
24011,MD,Caroline,record,2,0,0,0,0,0,0,0,0,0,1,
24013,MD,Carroll,record,2,0,0,0,2,0,0,2,0,0,1,
24015,MD,Cecil,record,2,0,0,0,0,0,0,0,0,0,1,
24017,MD,Charles,record,1,1,0,0,3,2,1,0,1,0,1,
24019,MD,Dorchester,record,1,0,0,0,0,0,0,0,0,0,1,
24021,MD,Frederick,record,1,0,0,0,1,0,0,1,0,0,1,
24023,MD,Garrett,record,3,1,0,0,0,0,0,0,0,0,2,
24025,MD,Harford,record,2,1,0,0,0,0,0,0,0,0,1,
24027,MD,Howard,record,1,0,0,0,0,0,0,0,0,0,1,
24029,MD,Kent,record,1,0,0,0,2,1,0,1,0,0,1,
24031,MD,Montgomery,record,1,0,0,0,1,0,1,0,0,0,1,
24033,MD,Prince George's,none,0,0,0,0,0,0,0,0,0,0,0,
24035,MD,Queen Anne's,record,3,1,0,0,0,0,0,0,0,0,2,
24037,MD,St. Mary's,record,1,0,0,0,0,0,0,0,0,0,1,
24039,MD,Somerset,record,2,1,0,0,0,0,0,0,0,0,1,
24041,MD,Talbot,record,2,1,0,0,0,0,0,0,0,0,2,
24043,MD,Washington,record,1,0,0,0,1,0,0,1,0,0,1,
24045,MD,Wicomico,record,1,0,0,0,0,0,0,0,0,0,1,
24047,MD,Worcester,record,1,1,0,0,3,0,1,2,0,0,1,
24510,MD,Baltimore,record,2,1,0,0,0,0,0,0,0,0,2,
25001,MA,Barnstable,record,12,5,0,0,7,2,0,4,1,1,13,
25003,MA,Berkshire,record,15,5,0,0,2,0,0,1,0,0,15,
25005,MA,Bristol,record,9,4,0,0,0,0,0,0,0,0,8,
25007,MA,Dukes,record,6,2,0,0,0,0,0,0,0,0,5,
25009,MA,Essex,record,17,8,0,0,0,0,0,0,0,0,17,
25011,MA,Franklin,record,13,4,0,2,2,0,0,2,0,0,11,
25013,MA,Hampden,record,11,7,0,0,0,0,0,0,0,0,7,
25015,MA,Hampshire,record,12,4,1,0,2,1,0,0,0,0,11,
25017,MA,Middlesex,record,10,4,0,0,2,1,0,1,0,0,12,
25019,MA,Nantucket,record,0,0,0,0,1,0,0,1,0,0,0,
25021,MA,Norfolk,record,10,4,0,0,1,1,0,0,0,0,11,
25023,MA,Plymouth,record,16,6,0,0,2,1,0,0,2,0,18,
25025,MA,Suffolk,record,2,2,0,0,0,0,0,0,0,0,2,
25027,MA,Worcester,record,35,16,1,1,1,0,0,1,0,0,34,
26001,MI,Alcona,record,6,0,0,0,0,0,0,0,0,0,5,
26003,MI,Alger,none,0,0,0,0,0,0,0,0,0,0,0,
26005,MI,Allegan,record,8,4,0,1,0,0,0,0,0,0,5,
26007,MI,Alpena,none,0,0,0,0,0,0,0,0,0,0,0,
26009,MI,Antrim,record,2,0,1,0,0,0,0,0,0,0,2,
26011,MI,Arenac,none,0,0,0,0,0,0,0,0,0,0,0,
26013,MI,Baraga,record,1,1,0,0,1,1,0,0,1,0,0,
26015,MI,Barry,record,1,1,0,0,0,0,0,0,0,0,1,
26017,MI,Bay,record,7,2,0,0,1,1,0,0,0,0,4,
26019,MI,Benzie,none,0,0,0,0,0,0,0,0,0,0,0,
26021,MI,Berrien,record,8,3,1,0,0,0,0,0,0,0,6,
26023,MI,Branch,record,4,3,0,0,1,0,0,0,0,0,1,
26025,MI,Calhoun,record,6,1,0,0,0,0,0,0,0,0,6,
26027,MI,Cass,record,1,0,0,1,0,0,0,0,0,0,1,
26029,MI,Charlevoix,none,0,0,0,0,0,0,0,0,0,0,0,
26031,MI,Cheboygan,record,1,0,0,0,0,0,0,0,0,0,1,
26033,MI,Chippewa,none,0,0,0,0,0,0,0,0,0,0,0,
26035,MI,Clare,record,1,0,0,0,0,0,0,0,0,0,1,
26037,MI,Clinton,record,6,3,1,0,1,0,0,0,0,0,4,
26039,MI,Crawford,record,1,1,0,0,0,0,0,0,0,0,1,
26041,MI,Delta,record,2,0,0,0,1,0,1,0,1,0,2,
26043,MI,Dickinson,record,1,0,0,0,0,0,0,0,0,0,1,
26045,MI,Eaton,record,4,0,1,0,1,1,0,0,0,0,4,
26047,MI,Emmet,record,2,1,0,0,0,0,0,0,0,0,2,
26049,MI,Genesee,record,12,3,1,0,1,0,0,1,0,0,8,
26051,MI,Gladwin,record,2,1,0,0,0,0,0,0,0,0,2,
26053,MI,Gogebic,none,0,0,0,0,0,0,0,0,0,0,0,
26055,MI,Grand Traverse,record,3,1,0,0,0,0,0,0,0,0,2,
26057,MI,Gratiot,record,4,0,0,0,1,0,1,0,1,0,4,
26059,MI,Hillsdale,record,0,0,0,2,1,0,1,0,1,0,0,
26061,MI,Houghton,record,2,0,0,0,0,0,0,0,0,0,1,
26063,MI,Huron,record,6,3,0,0,3,3,0,0,0,0,3,
26065,MI,Ingham,record,7,2,0,0,1,0,0,0,0,0,5,
26067,MI,Ionia,record,3,1,0,0,0,0,0,0,0,0,2,
26069,MI,Iosco,record,4,2,0,0,0,0,0,0,0,0,3,
26071,MI,Iron,none,0,0,0,0,0,0,0,0,0,0,0,
26073,MI,Isabella,record,2,0,0,0,0,0,0,0,0,0,2,
26075,MI,Jackson,record,5,0,0,0,0,0,0,0,0,0,5,
26077,MI,Kalamazoo,record,5,4,0,3,0,0,0,0,0,0,5,
26079,MI,Kalkaska,record,1,1,0,0,0,0,0,0,0,0,2,
26081,MI,Kent,record,3,0,0,0,1,1,0,0,0,0,3,
26083,MI,Keweenaw,record,1,0,0,0,0,0,0,0,0,0,1,
26085,MI,Lake,record,1,0,0,0,0,0,0,0,0,0,1,
26087,MI,Lapeer,record,6,1,0,0,1,1,0,0,0,0,4,
26089,MI,Leelanau,record,2,2,0,0,0,0,0,0,0,0,1,
26091,MI,Lenawee,record,6,0,0,0,1,0,0,1,0,0,4,
26093,MI,Livingston,record,7,3,0,0,1,1,0,0,0,0,5,
26095,MI,Luce,none,0,0,0,0,0,0,0,0,0,0,0,
26097,MI,Mackinac,none,0,0,0,0,0,0,0,0,0,0,0,
26099,MI,Macomb,none,0,0,0,0,0,0,0,0,0,0,0,
26101,MI,Manistee,record,2,1,0,0,0,0,0,0,0,0,2,
26103,MI,Marquette,record,4,2,0,0,1,0,0,1,1,0,3,
26105,MI,Mason,record,2,1,0,0,2,1,1,0,1,0,1,
26107,MI,Mecosta,record,4,0,0,0,0,0,0,0,0,0,4,
26109,MI,Menominee,none,0,0,0,0,0,0,0,0,0,0,0,
26111,MI,Midland,record,3,0,0,0,0,0,0,0,0,0,3,
26113,MI,Missaukee,record,0,0,0,0,1,0,1,0,1,0,0,
26115,MI,Monroe,record,16,9,0,0,0,0,0,0,0,0,6,
26117,MI,Montcalm,record,12,3,0,0,1,0,0,0,0,0,5,
26119,MI,Montmorency,record,2,0,0,0,0,0,0,0,0,0,2,
26121,MI,Muskegon,record,10,1,0,0,3,2,0,1,0,0,8,
26123,MI,Newaygo,record,1,0,0,0,0,0,0,0,0,0,1,
26125,MI,Oakland,record,7,3,0,0,0,0,0,0,0,0,5,
26127,MI,Oceana,record,8,3,0,0,1,1,0,0,0,0,6,
26129,MI,Ogemaw,record,1,0,0,0,0,0,0,0,0,0,1,
26131,MI,Ontonagon,none,0,0,0,0,0,0,0,0,0,0,0,
26133,MI,Osceola,record,4,1,0,0,0,0,0,0,0,0,2,
26135,MI,Oscoda,none,0,0,0,0,0,0,0,0,0,0,0,
26137,MI,Otsego,record,3,1,0,0,1,0,0,1,0,0,3,
26139,MI,Ottawa,record,9,1,0,2,2,1,0,1,0,0,9,
26141,MI,Presque Isle,record,5,2,0,0,0,0,0,0,0,0,4,
26143,MI,Roscommon,record,1,0,0,0,0,0,0,0,0,0,1,
26145,MI,Saginaw,record,12,0,0,0,0,0,0,0,0,0,10,
26147,MI,St. Clair,record,7,1,0,0,1,1,0,0,0,0,6,
26149,MI,St. Joseph,record,2,0,0,0,0,0,0,0,0,0,3,
26151,MI,Sanilac,record,13,3,0,0,2,1,0,0,0,0,10,
26153,MI,Schoolcraft,record,2,2,0,0,0,0,0,0,0,0,1,
26155,MI,Shiawassee,record,2,1,0,0,0,0,0,0,0,0,2,
26157,MI,Tuscola,record,9,2,0,0,3,1,1,1,2,0,4,
26159,MI,Van Buren,record,1,0,0,0,1,0,0,1,0,0,1,
26161,MI,Washtenaw,record,9,2,0,1,2,0,0,2,1,0,8,
26163,MI,Wayne,record,3,0,0,0,0,0,0,0,0,0,3,
26165,MI,Wexford,record,1,1,0,0,0,0,0,0,0,0,1,
27001,MN,Aitkin,record,4,3,0,0,0,0,0,0,0,0,2,
27003,MN,Anoka,record,2,2,0,0,0,0,0,0,0,0,1,
27005,MN,Becker,none,0,0,0,0,0,0,0,0,0,0,0,
27007,MN,Beltrami,record,2,2,0,0,0,0,0,0,0,0,1,
27009,MN,Benton,record,2,1,0,0,0,0,0,0,0,0,2,
27011,MN,Big Stone,none,0,0,0,0,0,0,0,0,0,0,0,
27013,MN,Blue Earth,record,2,0,0,0,0,0,0,0,0,0,2,
27015,MN,Brown,record,1,1,0,0,0,0,0,0,0,0,1,
27017,MN,Carlton,record,3,2,0,0,0,0,0,0,0,0,2,
27019,MN,Carver,record,3,0,0,0,0,0,0,0,0,0,2,
27021,MN,Cass,none,0,0,0,0,0,0,0,0,0,0,0,
27023,MN,Chippewa,record,1,1,0,0,0,0,0,0,0,0,0,
27025,MN,Chisago,record,3,2,0,0,0,0,0,0,0,0,2,
27027,MN,Clay,record,2,1,0,0,0,0,0,0,0,0,2,
27029,MN,Clearwater,none,0,0,0,0,0,0,0,0,0,0,0,
27031,MN,Cook,record,2,2,0,0,0,0,0,0,0,0,1,
27033,MN,Cottonwood,none,0,0,0,0,0,0,0,0,0,0,0,
27035,MN,Crow Wing,record,2,1,0,0,0,0,0,0,0,0,1,
27037,MN,Dakota,none,0,0,0,0,0,0,0,0,0,0,0,
27039,MN,Dodge,record,2,1,0,0,0,0,0,0,0,0,2,
27041,MN,Douglas,none,0,0,0,0,0,0,0,0,0,0,0,
27043,MN,Faribault,record,1,0,0,0,1,0,1,0,1,0,1,
27045,MN,Fillmore,none,0,0,0,0,0,0,0,0,0,0,0,
27047,MN,Freeborn,record,2,2,0,1,0,0,0,0,0,0,1,
27049,MN,Goodhue,record,2,0,0,0,1,1,0,0,0,0,2,
27051,MN,Grant,record,2,0,0,0,0,0,0,0,0,0,2,
27053,MN,Hennepin,record,1,0,0,0,1,1,0,0,0,0,0,
27055,MN,Houston,none,0,0,0,0,0,0,0,0,0,0,0,
27057,MN,Hubbard,none,0,0,0,0,0,0,0,0,0,0,0,
27059,MN,Isanti,record,1,0,0,0,0,0,0,0,0,0,1,
27061,MN,Itasca,none,0,0,0,0,0,0,0,0,0,0,0,
27063,MN,Jackson,record,2,0,0,0,0,0,0,0,0,0,2,
27065,MN,Kanabec,none,0,0,0,0,0,0,0,0,0,0,0,
27067,MN,Kandiyohi,none,0,0,0,0,0,0,0,0,0,0,0,
27069,MN,Kittson,none,0,0,0,0,0,0,0,0,0,0,0,
27071,MN,Koochiching,none,0,0,0,0,0,0,0,0,0,0,0,
27073,MN,Lac qui Parle,record,2,0,0,0,0,0,0,0,0,0,2,
27075,MN,Lake,none,0,0,0,0,0,0,0,0,0,0,0,
27077,MN,Lake of the Woods,none,0,0,0,0,0,0,0,0,0,0,0,
27079,MN,Le Sueur,record,2,1,0,0,0,0,0,0,0,0,1,
27081,MN,Lincoln,record,2,1,0,0,0,0,0,0,0,0,2,
27083,MN,Lyon,record,0,0,0,0,1,0,1,0,1,0,0,
27085,MN,McLeod,record,0,0,0,0,1,0,1,0,0,1,0,
27087,MN,Mahnomen,none,0,0,0,0,0,0,0,0,0,0,0,
27089,MN,Marshall,none,0,0,0,0,0,0,0,0,0,0,0,
27091,MN,Martin,record,2,0,0,0,0,0,0,0,0,0,2,
27093,MN,Meeker,record,1,1,0,0,0,0,0,0,0,0,1,
27095,MN,Mille Lacs,record,2,0,0,0,0,0,0,0,0,0,2,
27097,MN,Morrison,record,2,1,0,0,0,0,0,0,0,0,1,
27099,MN,Mower,record,2,2,0,0,0,0,0,0,0,0,1,
27101,MN,Murray,record,1,0,0,0,0,0,0,0,0,0,1,
27103,MN,Nicollet,record,2,2,0,0,0,0,0,0,0,0,1,
27105,MN,Nobles,record,2,0,0,0,0,0,0,0,0,0,2,
27107,MN,Norman,record,1,0,0,0,0,0,0,0,0,0,1,
27109,MN,Olmsted,record,2,1,0,0,1,0,0,1,0,0,1,
27111,MN,Otter Tail,record,1,0,0,0,0,0,0,0,0,0,1,
27113,MN,Pennington,none,0,0,0,0,0,0,0,0,0,0,0,
27115,MN,Pine,record,3,2,1,0,0,0,0,0,0,0,2,
27117,MN,Pipestone,record,1,0,0,0,0,0,0,0,0,0,1,
27119,MN,Polk,none,0,0,0,0,0,0,0,0,0,0,0,
27121,MN,Pope,record,3,2,0,0,0,0,0,0,0,0,2,
27123,MN,Ramsey,record,2,2,0,0,0,0,0,0,0,0,1,
27125,MN,Red Lake,record,2,0,0,0,0,0,0,0,0,0,2,
27127,MN,Redwood,record,2,0,0,0,0,0,0,0,0,0,2,
27129,MN,Renville,record,2,0,0,0,1,0,0,1,0,0,2,
27131,MN,Rice,record,0,0,0,0,1,0,0,1,0,0,0,
27133,MN,Rock,record,1,0,0,0,0,0,0,0,0,0,1,
27135,MN,Roseau,none,0,0,0,0,0,0,0,0,0,0,0,
27137,MN,St. Louis,record,2,1,0,0,0,0,0,0,0,0,1,
27139,MN,Scott,record,1,1,0,0,0,0,0,0,0,0,1,
27141,MN,Sherburne,record,2,0,0,0,0,0,0,0,0,0,2,
27143,MN,Sibley,record,1,1,0,0,0,0,0,0,0,0,1,
27145,MN,Stearns,record,1,0,0,0,0,0,0,0,0,0,1,
27147,MN,Steele,record,1,0,0,0,0,0,0,0,0,0,1,
27149,MN,Stevens,record,3,1,0,0,0,0,0,0,0,0,2,
27151,MN,Swift,record,1,0,0,0,0,0,0,0,0,0,1,
27153,MN,Todd,record,1,1,0,0,0,0,0,0,0,0,1,
27155,MN,Traverse,record,3,3,0,0,0,0,0,0,0,0,2,
27157,MN,Wabasha,record,4,2,0,0,0,0,0,0,0,0,2,
27159,MN,Wadena,record,2,1,0,0,0,0,0,0,0,0,1,
27161,MN,Waseca,record,2,0,0,0,0,0,0,0,0,0,2,
27163,MN,Washington,record,1,0,0,0,0,0,0,0,0,0,0,
27165,MN,Watonwan,record,1,0,0,0,0,0,0,0,0,0,1,
27167,MN,Wilkin,record,1,1,0,0,0,0,0,0,0,0,1,
27169,MN,Winona,record,1,0,0,0,0,0,0,0,0,0,1,
27171,MN,Wright,record,2,1,0,0,0,0,0,0,0,0,2,
27173,MN,Yellow Medicine,record,2,2,0,0,0,0,0,0,0,0,1,
28001,MS,Adams,none,0,0,0,0,0,0,0,0,0,0,0,
28003,MS,Alcorn,none,0,0,0,0,0,0,0,0,0,0,0,
28005,MS,Amite,none,0,0,0,0,0,0,0,0,0,0,0,
28007,MS,Attala,none,0,0,0,0,0,0,0,0,0,0,0,
28009,MS,Benton,none,0,0,0,0,0,0,0,0,0,0,0,
28011,MS,Bolivar,none,0,0,0,0,0,0,0,0,0,0,0,
28013,MS,Calhoun,none,0,0,0,0,0,0,0,0,0,0,0,
28015,MS,Carroll,none,0,0,0,0,0,0,0,0,0,0,0,
28017,MS,Chickasaw,none,0,0,0,0,0,0,0,0,0,0,0,
28019,MS,Choctaw,none,0,0,0,0,0,0,0,0,0,0,0,
28021,MS,Claiborne,none,0,0,0,0,0,0,0,0,0,0,0,
28023,MS,Clarke,none,0,0,0,0,0,0,0,0,0,0,0,
28025,MS,Clay,none,0,0,0,0,0,0,0,0,0,0,0,
28027,MS,Coahoma,none,0,0,0,0,0,0,0,0,0,0,0,
28029,MS,Copiah,none,0,0,0,0,0,0,0,0,0,0,0,
28031,MS,Covington,none,0,0,0,0,0,0,0,0,0,0,0,
28033,MS,DeSoto,none,0,0,0,0,0,0,0,0,0,0,0,
28035,MS,Forrest,none,0,0,0,0,0,0,0,0,0,0,0,
28037,MS,Franklin,none,0,0,0,0,0,0,0,0,0,0,0,
28039,MS,George,none,0,0,0,0,0,0,0,0,0,0,0,
28041,MS,Greene,none,0,0,0,0,0,0,0,0,0,0,0,
28043,MS,Grenada,none,0,0,0,0,0,0,0,0,0,0,0,
28045,MS,Hancock,none,0,0,0,0,0,0,0,0,0,0,0,
28047,MS,Harrison,record,2,1,0,0,0,0,0,0,0,0,2,
28049,MS,Hinds,record,0,0,0,0,1,0,1,0,0,0,0,
28051,MS,Holmes,none,0,0,0,0,0,0,0,0,0,0,0,
28053,MS,Humphreys,none,0,0,0,0,0,0,0,0,0,0,0,
28055,MS,Issaquena,none,0,0,0,0,0,0,0,0,0,0,0,
28057,MS,Itawamba,none,0,0,0,0,0,0,0,0,0,0,0,
28059,MS,Jackson,none,0,0,0,0,0,0,0,0,0,0,0,
28061,MS,Jasper,none,0,0,0,0,0,0,0,0,0,0,0,
28063,MS,Jefferson,none,0,0,0,0,0,0,0,0,0,0,0,
28065,MS,Jefferson Davis,none,0,0,0,0,0,0,0,0,0,0,0,
28067,MS,Jones,none,0,0,0,0,0,0,0,0,0,0,0,
28069,MS,Kemper,none,0,0,0,0,0,0,0,0,0,0,0,
28071,MS,Lafayette,none,0,0,0,0,0,0,0,0,0,0,0,
28073,MS,Lamar,record,0,0,0,0,1,0,0,1,0,0,0,
28075,MS,Lauderdale,none,0,0,0,0,0,0,0,0,0,0,0,
28077,MS,Lawrence,none,0,0,0,0,0,0,0,0,0,0,0,
28079,MS,Leake,none,0,0,0,0,0,0,0,0,0,0,0,
28081,MS,Lee,none,0,0,0,0,0,0,0,0,0,0,0,
28083,MS,Leflore,none,0,0,0,0,0,0,0,0,0,0,0,
28085,MS,Lincoln,none,0,0,0,0,0,0,0,0,0,0,0,
28087,MS,Lowndes,none,0,0,0,0,0,0,0,0,0,0,0,
28089,MS,Madison,none,0,0,0,0,0,0,0,0,0,0,0,
28091,MS,Marion,none,0,0,0,0,0,0,0,0,0,0,0,
28093,MS,Marshall,none,0,0,0,0,0,0,0,0,0,0,0,
28095,MS,Monroe,none,0,0,0,0,0,0,0,0,0,0,0,
28097,MS,Montgomery,none,0,0,0,0,0,0,0,0,0,0,0,
28099,MS,Neshoba,none,0,0,0,0,0,0,0,0,0,0,0,
28101,MS,Newton,none,0,0,0,0,0,0,0,0,0,0,0,
28103,MS,Noxubee,none,0,0,0,0,0,0,0,0,0,0,0,
28105,MS,Oktibbeha,none,0,0,0,0,0,0,0,0,0,0,0,
28107,MS,Panola,record,1,0,0,0,0,0,0,0,0,0,1,
28109,MS,Pearl River,none,0,0,0,0,0,0,0,0,0,0,0,
28111,MS,Perry,none,0,0,0,0,0,0,0,0,0,0,0,
28113,MS,Pike,none,0,0,0,0,0,0,0,0,0,0,0,
28115,MS,Pontotoc,none,0,0,0,0,0,0,0,0,0,0,0,
28117,MS,Prentiss,none,0,0,0,0,0,0,0,0,0,0,0,
28119,MS,Quitman,none,0,0,0,0,0,0,0,0,0,0,0,
28121,MS,Rankin,record,1,0,0,0,0,0,0,0,0,0,1,
28123,MS,Scott,none,0,0,0,0,0,0,0,0,0,0,0,
28125,MS,Sharkey,none,0,0,0,0,0,0,0,0,0,0,0,
28127,MS,Simpson,none,0,0,0,0,0,0,0,0,0,0,0,
28129,MS,Smith,none,0,0,0,0,0,0,0,0,0,0,0,
28131,MS,Stone,none,0,0,0,0,0,0,0,0,0,0,0,
28133,MS,Sunflower,none,0,0,0,0,0,0,0,0,0,0,0,
28135,MS,Tallahatchie,none,0,0,0,0,0,0,0,0,0,0,0,
28137,MS,Tate,none,0,0,0,0,0,0,0,0,0,0,0,
28139,MS,Tippah,none,0,0,0,0,0,0,0,0,0,0,0,
28141,MS,Tishomingo,none,0,0,0,0,0,0,0,0,0,0,0,
28143,MS,Tunica,none,0,0,0,0,0,0,0,0,0,0,0,
28145,MS,Union,none,0,0,0,0,0,0,0,0,0,0,0,
28147,MS,Walthall,none,0,0,0,0,0,0,0,0,0,0,0,
28149,MS,Warren,none,0,0,0,0,0,0,0,0,0,0,0,
28151,MS,Washington,none,0,0,0,0,0,0,0,0,0,0,0,
28153,MS,Wayne,none,0,0,0,0,0,0,0,0,0,0,0,
28155,MS,Webster,none,0,0,0,0,0,0,0,0,0,0,0,
28157,MS,Wilkinson,none,0,0,0,0,0,0,0,0,0,0,0,
28159,MS,Winston,none,0,0,0,0,0,0,0,0,0,0,0,
28161,MS,Yalobusha,none,0,0,0,0,0,0,0,0,0,0,0,
28163,MS,Yazoo,none,0,0,0,0,0,0,0,0,0,0,0,
29001,MO,Adair,none,0,0,0,0,0,0,0,0,0,0,0,
29003,MO,Andrew,none,0,0,0,0,0,0,0,0,0,0,0,
29005,MO,Atchison,none,0,0,0,0,0,0,0,0,0,0,0,
29007,MO,Audrain,none,0,0,0,0,0,0,0,0,0,0,0,
29009,MO,Barry,none,0,0,0,0,0,0,0,0,0,0,0,
29011,MO,Barton,none,0,0,0,0,0,0,0,0,0,0,0,
29013,MO,Bates,none,0,0,0,0,0,0,0,0,0,0,0,
29015,MO,Benton,none,0,0,0,0,0,0,0,0,0,0,0,
29017,MO,Bollinger,none,0,0,0,0,0,0,0,0,0,0,0,
29019,MO,Boone,record,2,1,0,0,0,0,0,0,0,0,2,
29021,MO,Buchanan,record,3,1,0,0,0,0,0,0,0,0,2,
29023,MO,Butler,none,0,0,0,0,0,0,0,0,0,0,0,
29025,MO,Caldwell,record,2,1,0,0,0,0,0,0,0,0,1,
29027,MO,Callaway,record,1,1,0,0,2,0,1,0,0,1,0,
29029,MO,Camden,none,0,0,0,0,0,0,0,0,0,0,0,
29031,MO,Cape Girardeau,none,0,0,0,0,0,0,0,0,0,0,0,
29033,MO,Carroll,none,0,0,0,0,0,0,0,0,0,0,0,
29035,MO,Carter,none,0,0,0,0,0,0,0,0,0,0,0,
29037,MO,Cass,record,3,1,0,0,0,0,0,0,0,0,2,
29039,MO,Cedar,record,0,0,0,1,0,0,0,0,0,0,0,
29041,MO,Chariton,record,0,0,0,0,1,0,1,0,0,1,0,
29043,MO,Christian,none,0,0,0,0,0,0,0,0,0,0,0,
29045,MO,Clark,none,0,0,0,0,0,0,0,0,0,0,0,
29047,MO,Clay,record,0,0,0,0,1,0,0,1,0,0,0,
29049,MO,Clinton,record,2,2,0,0,1,0,1,0,1,0,1,
29051,MO,Cole,none,0,0,0,0,0,0,0,0,0,0,0,
29053,MO,Cooper,none,0,0,0,0,0,0,0,0,0,0,0,
29055,MO,Crawford,none,0,0,0,0,0,0,0,0,0,0,0,
29057,MO,Dade,none,0,0,0,0,0,0,0,0,0,0,0,
29059,MO,Dallas,none,0,0,0,0,0,0,0,0,0,0,0,
29061,MO,Daviess,none,0,0,0,0,0,0,0,0,0,0,0,
29063,MO,DeKalb,record,0,0,0,0,1,0,1,0,1,0,0,
29065,MO,Dent,none,0,0,0,0,0,0,0,0,0,0,0,
29067,MO,Douglas,none,0,0,0,0,0,0,0,0,0,0,0,
29069,MO,Dunklin,none,0,0,0,0,0,0,0,0,0,0,0,
29071,MO,Franklin,none,0,0,0,0,0,0,0,0,0,0,0,
29073,MO,Gasconade,none,0,0,0,0,0,0,0,0,0,0,0,
29075,MO,Gentry,none,0,0,0,0,0,0,0,0,0,0,0,
29077,MO,Greene,none,0,0,0,0,0,0,0,0,0,0,0,
29079,MO,Grundy,none,0,0,0,0,0,0,0,0,0,0,0,
29081,MO,Harrison,none,0,0,0,0,0,0,0,0,0,0,0,
29083,MO,Henry,none,0,0,0,0,0,0,0,0,0,0,0,
29085,MO,Hickory,none,0,0,0,0,0,0,0,0,0,0,0,
29087,MO,Holt,none,0,0,0,0,0,0,0,0,0,0,0,
29089,MO,Howard,none,0,0,0,0,0,0,0,0,0,0,0,
29091,MO,Howell,none,0,0,0,0,0,0,0,0,0,0,0,
29093,MO,Iron,none,0,0,0,0,0,0,0,0,0,0,0,
29095,MO,Jackson,record,0,0,0,2,0,0,0,0,0,0,0,
29097,MO,Jasper,none,0,0,0,0,0,0,0,0,0,0,0,
29099,MO,Jefferson,none,0,0,0,0,0,0,0,0,0,0,0,
29101,MO,Johnson,none,0,0,0,0,0,0,0,0,0,0,0,
29103,MO,Knox,none,0,0,0,0,0,0,0,0,0,0,0,
29105,MO,Laclede,none,0,0,0,0,0,0,0,0,0,0,0,
29107,MO,Lafayette,none,0,0,0,0,0,0,0,0,0,0,0,
29109,MO,Lawrence,none,0,0,0,0,0,0,0,0,0,0,0,
29111,MO,Lewis,none,0,0,0,0,0,0,0,0,0,0,0,
29113,MO,Lincoln,none,0,0,0,0,0,0,0,0,0,0,0,
29115,MO,Linn,none,0,0,0,0,0,0,0,0,0,0,0,
29117,MO,Livingston,none,0,0,0,0,0,0,0,0,0,0,0,
29119,MO,McDonald,none,0,0,0,0,0,0,0,0,0,0,0,
29121,MO,Macon,none,0,0,0,0,0,0,0,0,0,0,0,
29123,MO,Madison,none,0,0,0,0,0,0,0,0,0,0,0,
29125,MO,Maries,none,0,0,0,0,0,0,0,0,0,0,0,
29127,MO,Marion,record,0,0,0,0,0,0,0,0,0,0,1,
29129,MO,Mercer,none,0,0,0,0,0,0,0,0,0,0,0,
29131,MO,Miller,none,0,0,0,0,0,0,0,0,0,0,0,
29133,MO,Mississippi,none,0,0,0,0,0,0,0,0,0,0,0,
29135,MO,Moniteau,none,0,0,0,0,0,0,0,0,0,0,0,
29137,MO,Monroe,none,0,0,0,0,0,0,0,0,0,0,0,
29139,MO,Montgomery,none,0,0,0,0,0,0,0,0,0,0,0,
29141,MO,Morgan,none,0,0,0,0,0,0,0,0,0,0,0,
29143,MO,New Madrid,none,0,0,0,0,0,0,0,0,0,0,0,
29145,MO,Newton,none,0,0,0,0,0,0,0,0,0,0,0,
29147,MO,Nodaway,none,0,0,0,0,0,0,0,0,0,0,0,
29149,MO,Oregon,none,0,0,0,0,0,0,0,0,0,0,0,
29151,MO,Osage,none,0,0,0,0,0,0,0,0,0,0,0,
29153,MO,Ozark,none,0,0,0,0,0,0,0,0,0,0,0,
29155,MO,Pemiscot,none,0,0,0,0,0,0,0,0,0,0,0,
29157,MO,Perry,none,0,0,0,0,0,0,0,0,0,0,0,
29159,MO,Pettis,none,0,0,0,0,0,0,0,0,0,0,0,
29161,MO,Phelps,none,0,0,0,0,0,0,0,0,0,0,0,
29163,MO,Pike,none,0,0,0,0,0,0,0,0,0,0,0,
29165,MO,Platte,none,0,0,0,0,0,0,0,0,0,0,0,
29167,MO,Polk,none,0,0,0,0,0,0,0,0,0,0,0,
29169,MO,Pulaski,none,0,0,0,0,0,0,0,0,0,0,0,
29171,MO,Putnam,none,0,0,0,0,0,0,0,0,0,0,0,
29173,MO,Ralls,record,3,1,1,0,0,0,0,0,0,0,2,
29175,MO,Randolph,none,0,0,0,0,0,0,0,0,0,0,0,
29177,MO,Ray,none,0,0,0,0,0,0,0,0,0,0,0,
29179,MO,Reynolds,none,0,0,0,0,0,0,0,0,0,0,0,
29181,MO,Ripley,none,0,0,0,0,0,0,0,0,0,0,0,
29183,MO,St. Charles,none,0,0,0,0,0,0,0,0,0,0,0,
29185,MO,St. Clair,none,0,0,0,0,0,0,0,0,0,0,0,
29186,MO,Ste. Genevieve,none,0,0,0,0,0,0,0,0,0,0,0,
29187,MO,St. Francois,none,0,0,0,0,0,0,0,0,0,0,0,
29189,MO,St. Louis,none,0,0,0,0,0,0,0,0,0,0,0,
29195,MO,Saline,none,0,0,0,0,0,0,0,0,0,0,0,
29197,MO,Schuyler,none,0,0,0,0,0,0,0,0,0,0,0,
29199,MO,Scotland,none,0,0,0,0,0,0,0,0,0,0,0,
29201,MO,Scott,none,0,0,0,0,0,0,0,0,0,0,0,
29203,MO,Shannon,none,0,0,0,0,0,0,0,0,0,0,0,
29205,MO,Shelby,none,0,0,0,0,0,0,0,0,0,0,0,
29207,MO,Stoddard,none,0,0,0,0,0,0,0,0,0,0,0,
29209,MO,Stone,record,0,0,0,1,0,0,0,0,0,0,0,
29211,MO,Sullivan,none,0,0,0,0,0,0,0,0,0,0,0,
29213,MO,Taney,none,0,0,0,0,0,0,0,0,0,0,0,
29215,MO,Texas,none,0,0,0,0,0,0,0,0,0,0,0,
29217,MO,Vernon,none,0,0,0,0,0,0,0,0,0,0,0,
29219,MO,Warren,record,1,0,0,0,0,0,0,0,0,0,1,
29221,MO,Washington,none,0,0,0,0,0,0,0,0,0,0,0,
29223,MO,Wayne,none,0,0,0,0,0,0,0,0,0,0,0,
29225,MO,Webster,record,0,0,0,1,0,0,0,0,0,0,0,
29227,MO,Worth,none,0,0,0,0,0,0,0,0,0,0,0,
29229,MO,Wright,none,0,0,0,0,0,0,0,0,0,0,0,
29510,MO,St. Louis,none,0,0,0,0,0,0,0,0,0,0,0,
30001,MT,Beaverhead,none,0,0,0,0,0,0,0,0,0,0,0,
30003,MT,Big Horn,none,0,0,0,0,0,0,0,0,0,0,0,
30005,MT,Blaine,none,0,0,0,0,0,0,0,0,0,0,0,
30007,MT,Broadwater,none,0,0,0,0,0,0,0,0,0,0,0,
30009,MT,Carbon,record,2,1,0,0,0,0,0,0,0,0,2,
30011,MT,Carter,none,0,0,0,0,0,0,0,0,0,0,0,
30013,MT,Cascade,none,0,0,0,0,0,0,0,0,0,0,0,
30015,MT,Chouteau,none,0,0,0,0,0,0,0,0,0,0,0,
30017,MT,Custer,none,0,0,0,0,0,0,0,0,0,0,0,
30019,MT,Daniels,none,0,0,0,0,0,0,0,0,0,0,0,
30021,MT,Dawson,none,0,0,0,0,0,0,0,0,0,0,0,
30023,MT,Deer Lodge,none,0,0,0,0,0,0,0,0,0,0,0,
30025,MT,Fallon,none,0,0,0,0,0,0,0,0,0,0,0,
30027,MT,Fergus,none,0,0,0,0,0,0,0,0,0,0,0,
30029,MT,Flathead,none,0,0,0,0,0,0,0,0,0,0,0,
30031,MT,Gallatin,none,0,0,0,0,0,0,0,0,0,0,0,
30033,MT,Garfield,none,0,0,0,0,0,0,0,0,0,0,0,
30035,MT,Glacier,none,0,0,0,0,0,0,0,0,0,0,0,
30037,MT,Golden Valley,none,0,0,0,0,0,0,0,0,0,0,0,
30039,MT,Granite,none,0,0,0,0,0,0,0,0,0,0,0,
30041,MT,Hill,none,0,0,0,0,0,0,0,0,0,0,0,
30043,MT,Jefferson,none,0,0,0,0,0,0,0,0,0,0,0,
30045,MT,Judith Basin,none,0,0,0,0,0,0,0,0,0,0,0,
30047,MT,Lake,none,0,0,0,0,0,0,0,0,0,0,0,
30049,MT,Lewis and Clark,record,1,1,0,0,0,0,0,0,0,0,1,
30051,MT,Liberty,none,0,0,0,0,0,0,0,0,0,0,0,
30053,MT,Lincoln,none,0,0,0,0,0,0,0,0,0,0,0,
30055,MT,McCone,none,0,0,0,0,0,0,0,0,0,0,0,
30057,MT,Madison,record,1,0,0,0,0,0,0,0,0,0,1,
30059,MT,Meagher,none,0,0,0,0,0,0,0,0,0,0,0,
30061,MT,Mineral,none,0,0,0,0,0,0,0,0,0,0,0,
30063,MT,Missoula,none,0,0,0,0,0,0,0,0,0,0,0,
30065,MT,Musselshell,none,0,0,0,0,0,0,0,0,0,0,0,
30067,MT,Park,record,0,0,0,0,1,0,0,0,0,0,0,
30069,MT,Petroleum,none,0,0,0,0,0,0,0,0,0,0,0,
30071,MT,Phillips,none,0,0,0,0,0,0,0,0,0,0,0,
30073,MT,Pondera,none,0,0,0,0,0,0,0,0,0,0,0,
30075,MT,Powder River,none,0,0,0,0,0,0,0,0,0,0,0,
30077,MT,Powell,none,0,0,0,0,0,0,0,0,0,0,0,
30079,MT,Prairie,none,0,0,0,0,0,0,0,0,0,0,0,
30081,MT,Ravalli,none,0,0,0,0,0,0,0,0,0,0,0,
30083,MT,Richland,none,0,0,0,0,0,0,0,0,0,0,0,
30085,MT,Roosevelt,none,0,0,0,0,0,0,0,0,0,0,0,
30087,MT,Rosebud,none,0,0,0,0,0,0,0,0,0,0,0,
30089,MT,Sanders,none,0,0,0,0,0,0,0,0,0,0,0,
30091,MT,Sheridan,none,0,0,0,0,0,0,0,0,0,0,0,
30093,MT,Silver Bow,record,0,0,0,0,1,1,0,0,0,0,0,
30095,MT,Stillwater,none,0,0,0,0,0,0,0,0,0,0,0,
30097,MT,Sweet Grass,record,0,0,0,0,1,1,0,0,1,1,0,
30099,MT,Teton,none,0,0,0,0,0,0,0,0,0,0,0,
30101,MT,Toole,none,0,0,0,0,0,0,0,0,0,0,0,
30103,MT,Treasure,none,0,0,0,0,0,0,0,0,0,0,0,
30105,MT,Valley,record,0,0,0,0,1,1,0,0,0,0,0,
30107,MT,Wheatland,none,0,0,0,0,0,0,0,0,0,0,0,
30109,MT,Wibaux,record,1,1,0,0,1,0,0,1,0,0,0,
30111,MT,Yellowstone,none,0,0,0,0,0,0,0,0,0,0,0,
31001,NE,Adams,record,3,3,0,0,0,0,0,0,0,0,2,
31003,NE,Antelope,record,1,0,0,0,0,0,0,0,0,0,1,
31005,NE,Arthur,none,0,0,0,0,0,0,0,0,0,0,0,
31007,NE,Banner,none,0,0,0,0,0,0,0,0,0,0,0,
31009,NE,Blaine,none,0,0,0,0,0,0,0,0,0,0,0,
31011,NE,Boone,none,0,0,0,0,0,0,0,0,0,0,0,
31013,NE,Box Butte,none,0,0,0,0,0,0,0,0,0,0,0,
31015,NE,Boyd,none,0,0,0,0,0,0,0,0,0,0,0,
31017,NE,Brown,record,2,1,0,0,0,0,0,0,0,0,2,
31019,NE,Buffalo,record,1,1,0,0,0,0,0,0,0,0,1,
31021,NE,Burt,record,2,1,0,0,1,0,0,0,1,0,1,
31023,NE,Butler,record,6,0,0,1,0,0,0,0,0,0,0,
31025,NE,Cass,record,0,0,0,0,1,1,0,0,0,0,0,
31027,NE,Cedar,record,1,1,0,0,0,0,0,0,0,0,1,
31029,NE,Chase,record,1,1,0,0,0,0,0,0,0,0,1,
31031,NE,Cherry,record,2,1,0,0,1,0,0,1,0,0,2,
31033,NE,Cheyenne,none,0,0,0,0,0,0,0,0,0,0,0,
31035,NE,Clay,record,1,0,0,0,0,0,0,0,0,0,1,
31037,NE,Colfax,record,2,2,0,0,0,0,0,0,0,0,1,
31039,NE,Cuming,record,3,1,0,0,0,0,0,0,0,0,2,
31041,NE,Custer,record,2,0,0,0,0,0,0,0,0,0,2,
31043,NE,Dakota,record,2,1,0,0,0,0,0,0,0,0,2,
31045,NE,Dawes,none,0,0,0,0,0,0,0,0,0,0,0,
31047,NE,Dawson,record,2,1,0,0,0,0,0,0,0,0,2,
31049,NE,Deuel,record,1,0,0,0,0,0,0,0,0,0,1,
31051,NE,Dixon,none,0,0,0,0,0,0,0,0,0,0,0,
31053,NE,Dodge,record,3,1,0,0,0,0,0,0,0,0,2,
31055,NE,Douglas,record,1,0,0,0,0,0,0,0,0,0,1,
31057,NE,Dundy,none,0,0,0,0,0,0,0,0,0,0,0,
31059,NE,Fillmore,record,3,2,0,0,0,0,0,0,0,0,2,
31061,NE,Franklin,none,0,0,0,0,0,0,0,0,0,0,0,
31063,NE,Frontier,record,2,1,0,0,0,0,0,0,0,0,1,
31065,NE,Furnas,record,1,0,0,1,0,0,0,0,0,0,1,
31067,NE,Gage,record,3,3,0,0,0,0,0,0,0,0,2,
31069,NE,Garden,none,0,0,0,0,0,0,0,0,0,0,0,
31071,NE,Garfield,record,2,0,0,0,0,0,0,0,0,0,2,
31073,NE,Gosper,none,0,0,0,0,0,0,0,0,0,0,0,
31075,NE,Grant,none,0,0,0,0,0,0,0,0,0,0,0,
31077,NE,Greeley,record,2,1,0,0,1,0,0,1,0,0,1,
31079,NE,Hall,record,1,0,0,0,0,0,0,0,0,0,1,
31081,NE,Hamilton,record,3,1,0,0,0,0,0,0,0,0,2,
31083,NE,Harlan,none,0,0,0,0,0,0,0,0,0,0,0,
31085,NE,Hayes,record,1,0,0,0,0,0,0,0,0,0,1,
31087,NE,Hitchcock,record,1,1,0,1,0,0,0,0,0,0,1,
31089,NE,Holt,record,2,1,0,0,0,0,0,0,0,0,1,
31091,NE,Hooker,none,0,0,0,0,0,0,0,0,0,0,0,
31093,NE,Howard,record,1,1,0,0,0,0,0,0,0,0,1,
31095,NE,Jefferson,record,2,1,0,0,0,0,0,0,0,0,2,
31097,NE,Johnson,record,1,0,0,0,0,0,0,0,0,0,1,
31099,NE,Kearney,record,2,1,0,0,0,0,0,0,0,0,2,
31101,NE,Keith,record,2,0,0,0,0,0,0,0,0,0,2,
31103,NE,Keya Paha,none,0,0,0,0,0,0,0,0,0,0,0,
31105,NE,Kimball,record,2,0,0,0,0,0,0,0,0,0,2,
31107,NE,Knox,record,3,2,0,0,2,1,0,1,0,0,2,
31109,NE,Lancaster,record,3,2,0,0,2,0,0,2,0,0,2,
31111,NE,Lincoln,record,2,2,0,0,0,0,0,0,0,0,1,
31113,NE,Logan,none,0,0,0,0,0,0,0,0,0,0,0,
31115,NE,Loup,record,3,2,0,0,0,0,0,0,0,0,2,
31117,NE,McPherson,record,0,0,0,1,0,0,0,0,0,0,0,
31119,NE,Madison,record,2,0,0,0,0,0,0,0,0,0,2,
31121,NE,Merrick,record,1,0,0,0,0,0,0,0,0,0,1,
31123,NE,Morrill,none,0,0,0,0,0,0,0,0,0,0,0,
31125,NE,Nance,none,0,0,0,0,0,0,0,0,0,0,0,
31127,NE,Nemaha,none,0,0,0,0,0,0,0,0,0,0,0,
31129,NE,Nuckolls,none,0,0,0,0,0,0,0,0,0,0,0,
31131,NE,Otoe,record,4,1,0,0,0,0,0,0,0,0,2,
31133,NE,Pawnee,record,1,0,0,0,0,0,0,0,0,0,1,
31135,NE,Perkins,record,2,1,0,0,0,0,0,0,0,0,2,
31137,NE,Phelps,record,3,1,0,0,0,0,0,0,0,0,2,
31139,NE,Pierce,record,2,1,0,0,0,0,0,0,0,0,1,
31141,NE,Platte,none,0,0,0,0,0,0,0,0,0,0,0,
31143,NE,Polk,record,1,0,0,0,0,0,0,0,0,0,1,
31145,NE,Red Willow,record,2,0,0,0,0,0,0,0,0,0,1,
31147,NE,Richardson,none,0,0,0,0,0,0,0,0,0,0,0,
31149,NE,Rock,record,1,1,0,0,0,0,0,0,0,0,1,
31151,NE,Saline,record,1,1,0,0,1,0,0,1,1,0,0,
31153,NE,Sarpy,record,1,0,0,0,0,0,0,0,0,0,2,
31155,NE,Saunders,record,2,1,0,0,1,0,0,1,1,0,2,
31157,NE,Scotts Bluff,record,3,2,0,0,0,0,0,0,0,0,2,
31159,NE,Seward,record,0,0,0,1,0,0,0,0,0,0,0,
31161,NE,Sheridan,none,0,0,0,0,0,0,0,0,0,0,0,
31163,NE,Sherman,none,0,0,0,0,0,0,0,0,0,0,0,
31165,NE,Sioux,record,1,1,0,0,0,0,0,0,0,0,1,
31167,NE,Stanton,record,2,1,0,0,0,0,0,0,0,0,1,
31169,NE,Thayer,record,3,1,0,0,0,0,0,0,0,0,2,
31171,NE,Thomas,record,3,2,0,0,0,0,0,0,0,0,2,
31173,NE,Thurston,none,0,0,0,0,0,0,0,0,0,0,0,
31175,NE,Valley,record,1,0,0,0,0,0,0,0,0,0,1,
31177,NE,Washington,record,2,0,0,0,0,0,0,0,0,0,2,
31179,NE,Wayne,none,0,0,0,0,0,0,0,0,0,0,0,
31181,NE,Webster,record,2,0,0,0,0,0,0,0,0,0,2,
31183,NE,Wheeler,record,1,1,0,0,0,0,0,0,0,0,0,
31185,NE,York,record,2,1,0,0,1,0,0,1,0,0,2,
32001,NV,Churchill,record,0,0,0,0,1,0,0,1,1,0,0,
32003,NV,Clark,record,0,0,0,0,9,4,1,3,1,2,0,
32005,NV,Douglas,record,1,1,0,0,0,0,0,0,0,0,1,
32007,NV,Elko,record,1,1,0,0,0,0,0,0,0,0,1,
32009,NV,Esmeralda,record,1,0,0,0,2,1,1,0,0,1,1,
32011,NV,Eureka,none,0,0,0,0,0,0,0,0,0,0,0,
32013,NV,Humboldt,record,1,0,0,0,0,0,0,0,0,0,1,
32015,NV,Lander,record,2,2,0,0,0,0,0,0,0,0,1,
32017,NV,Lincoln,record,0,0,0,0,1,1,0,0,0,0,0,
32019,NV,Lyon,record,2,2,0,0,2,0,1,1,0,1,2,
32021,NV,Mineral,record,1,0,0,0,1,0,1,0,0,1,1,
32023,NV,Nye,record,3,2,0,0,5,1,1,3,1,1,2,
32027,NV,Pershing,record,1,0,0,0,0,0,0,0,0,0,1,
32029,NV,Storey,record,0,0,0,0,1,0,0,1,0,0,0,
32031,NV,Washoe,record,1,1,0,0,3,1,0,2,0,2,1,
32033,NV,White Pine,record,1,0,0,0,1,0,0,1,1,0,1,
32510,NV,Carson City,record,0,0,0,0,1,1,0,0,0,0,0,
33001,NH,Belknap,none,0,0,0,0,0,0,0,0,0,0,0,
33003,NH,Carroll,none,0,0,0,0,0,0,0,0,0,0,0,
33005,NH,Cheshire,record,6,3,0,0,0,0,0,0,0,0,3,
33007,NH,Coos,record,1,1,0,0,1,0,1,0,1,0,1,
33009,NH,Grafton,record,7,3,0,0,1,1,0,0,0,0,6,
33011,NH,Hillsborough,record,8,5,0,0,1,0,1,0,1,1,9,
33013,NH,Merrimack,record,2,0,0,0,3,2,0,1,0,1,2,
33015,NH,Rockingham,record,3,1,0,0,0,0,0,0,0,0,4,
33017,NH,Strafford,none,0,0,0,0,0,0,0,0,0,0,0,
33019,NH,Sullivan,record,1,0,0,0,0,0,0,0,0,0,1,
34001,NJ,Atlantic,record,1,1,0,0,1,0,1,0,0,1,0,
34003,NJ,Bergen,none,0,0,0,0,0,0,0,0,0,0,0,
34005,NJ,Burlington,none,0,0,0,0,0,0,0,0,0,0,0,
34007,NJ,Camden,none,0,0,0,0,0,0,0,0,0,0,0,
34009,NJ,Cape May,record,0,0,0,0,2,1,1,0,0,2,0,
34011,NJ,Cumberland,none,0,0,0,0,0,0,0,0,0,0,0,
34013,NJ,Essex,none,0,0,0,0,0,0,0,0,0,0,0,
34015,NJ,Gloucester,none,0,0,0,0,0,0,0,0,0,0,0,
34017,NJ,Hudson,none,0,0,0,0,0,0,0,0,0,0,0,
34019,NJ,Hunterdon,none,0,0,0,0,0,0,0,0,0,0,0,
34021,NJ,Mercer,none,0,0,0,0,0,0,0,0,0,0,0,
34023,NJ,Middlesex,none,0,0,0,0,0,0,0,0,0,0,0,
34025,NJ,Monmouth,record,1,1,0,0,2,1,1,0,0,1,0,
34027,NJ,Morris,none,0,0,0,0,0,0,0,0,0,0,0,
34029,NJ,Ocean,record,0,0,0,0,4,2,2,0,0,3,0,
34031,NJ,Passaic,none,0,0,0,0,0,0,0,0,0,0,0,
34033,NJ,Salem,record,0,0,0,0,1,1,0,0,0,0,0,
34035,NJ,Somerset,record,0,0,0,0,1,1,0,0,0,0,0,
34037,NJ,Sussex,none,0,0,0,0,0,0,0,0,0,0,0,
34039,NJ,Union,none,0,0,0,0,0,0,0,0,0,0,0,
34041,NJ,Warren,none,0,0,0,0,0,0,0,0,0,0,0,
35001,NM,Bernalillo,none,0,0,0,0,0,0,0,0,0,0,0,
35003,NM,Catron,none,0,0,0,0,0,0,0,0,0,0,0,
35005,NM,Chaves,record,0,0,0,0,4,3,0,1,0,0,0,
35006,NM,Cibola,none,0,0,0,0,0,0,0,0,0,0,0,
35007,NM,Colfax,none,0,0,0,0,0,0,0,0,0,0,0,
35009,NM,Curry,none,0,0,0,0,0,0,0,0,0,0,0,
35011,NM,De Baca,none,0,0,0,0,0,0,0,0,0,0,0,
35013,NM,Doña Ana,none,0,0,0,0,0,0,0,0,0,0,0,
35015,NM,Eddy,none,0,0,0,0,0,0,0,0,0,0,0,
35017,NM,Grant,none,0,0,0,0,0,0,0,0,0,0,0,
35019,NM,Guadalupe,none,0,0,0,0,0,0,0,0,0,0,0,
35021,NM,Harding,none,0,0,0,0,0,0,0,0,0,0,0,
35023,NM,Hidalgo,none,0,0,0,0,0,0,0,0,0,0,0,
35025,NM,Lea,none,0,0,0,0,0,0,0,0,0,0,0,
35027,NM,Lincoln,record,1,0,0,0,0,0,0,0,0,0,1,
35028,NM,Los Alamos,none,0,0,0,0,0,0,0,0,0,0,0,
35029,NM,Luna,record,0,0,0,0,1,0,0,0,0,0,0,
35031,NM,McKinley,none,0,0,0,0,0,0,0,0,0,0,0,
35033,NM,Mora,none,0,0,0,0,0,0,0,0,0,0,0,
35035,NM,Otero,none,0,0,0,0,0,0,0,0,0,0,0,
35037,NM,Quay,none,0,0,0,0,0,0,0,0,0,0,0,
35039,NM,Rio Arriba,none,0,0,0,0,0,0,0,0,0,0,0,
35041,NM,Roosevelt,none,0,0,0,0,0,0,0,0,0,0,0,
35043,NM,Sandoval,none,0,0,0,0,0,0,0,0,0,0,0,
35045,NM,San Juan,none,0,0,0,0,0,0,0,0,0,0,0,
35047,NM,San Miguel,record,2,1,0,0,0,0,0,0,0,0,2,
35049,NM,Santa Fe,record,1,0,0,0,1,0,1,0,0,0,1,
35051,NM,Sierra,none,0,0,0,0,0,0,0,0,0,0,0,
35053,NM,Socorro,none,0,0,0,0,0,0,0,0,0,0,0,
35055,NM,Taos,record,1,0,0,0,0,0,0,0,0,0,1,
35057,NM,Torrance,none,0,0,0,0,0,0,0,0,0,0,0,
35059,NM,Union,none,0,0,0,0,0,0,0,0,0,0,0,
35061,NM,Valencia,none,0,0,0,0,0,0,0,0,0,0,0,
36001,NY,Albany,record,6,3,1,0,0,0,0,0,0,0,6,
36003,NY,Allegany,record,4,4,0,0,2,0,0,2,1,0,3,
36005,NY,Bronx,none,0,0,0,0,0,0,0,0,0,0,0,
36007,NY,Broome,record,8,2,0,0,2,0,0,2,2,0,6,
36009,NY,Cattaraugus,record,14,10,1,0,2,1,0,1,1,0,12,
36011,NY,Cayuga,record,13,4,1,0,1,0,0,1,0,0,13,
36013,NY,Chautauqua,record,34,25,1,0,3,1,0,1,1,0,24,
36015,NY,Chemung,record,10,8,0,0,0,0,0,0,0,0,7,
36017,NY,Chenango,record,6,4,0,0,0,0,0,0,0,0,5,
36019,NY,Clinton,record,5,2,0,0,0,0,0,0,0,0,5,
36021,NY,Columbia,record,14,5,2,0,1,0,0,1,1,0,12,
36023,NY,Cortland,record,4,2,0,0,0,0,0,0,0,0,3,
36025,NY,Delaware,record,6,4,0,0,0,0,0,0,0,0,6,
36027,NY,Dutchess,record,11,1,1,0,1,0,0,1,0,0,10,
36029,NY,Erie,record,29,11,3,0,0,0,0,0,0,0,23,
36031,NY,Essex,record,5,4,0,0,0,0,0,0,0,0,2,
36033,NY,Franklin,record,5,4,0,0,0,0,0,0,0,0,5,
36035,NY,Fulton,record,5,3,0,1,0,0,0,0,0,0,2,
36037,NY,Genesee,record,13,9,1,0,0,0,0,0,0,0,10,
36039,NY,Greene,record,6,4,1,0,2,0,0,2,1,0,4,
36041,NY,Hamilton,record,3,2,0,0,1,1,0,0,0,0,1,
36043,NY,Herkimer,record,6,4,1,0,2,0,1,1,1,0,4,
36045,NY,Jefferson,record,14,7,1,0,5,3,0,2,1,0,13,
36047,NY,Kings,record,0,0,0,0,1,0,0,1,0,0,0,
36049,NY,Lewis,record,21,10,0,0,0,0,0,0,0,0,13,
36051,NY,Livingston,record,11,2,0,0,0,0,0,0,0,0,11,
36053,NY,Madison,record,7,3,0,0,1,0,1,0,0,0,7,
36055,NY,Monroe,record,10,3,0,0,0,0,0,0,0,0,10,
36057,NY,Montgomery,record,7,5,0,0,2,1,0,1,1,0,3,
36059,NY,Nassau,record,5,4,1,0,2,0,0,2,0,0,1,
36061,NY,New York,none,0,0,0,0,0,0,0,0,0,0,0,
36063,NY,Niagara,record,14,6,0,0,3,1,0,2,1,0,13,
36065,NY,Oneida,record,8,2,0,0,2,2,0,0,0,0,7,
36067,NY,Onondaga,record,17,11,2,0,1,1,0,0,0,0,9,
36069,NY,Ontario,record,12,6,0,0,0,0,0,0,0,0,12,
36071,NY,Orange,record,15,2,1,0,0,0,0,0,0,0,14,
36073,NY,Orleans,record,10,6,1,0,1,1,0,0,0,0,8,
36075,NY,Oswego,record,7,3,1,1,1,1,0,0,0,0,7,
36077,NY,Otsego,record,5,2,1,0,1,0,0,0,0,0,4,
36079,NY,Putnam,record,3,2,0,0,1,1,0,0,0,0,2,
36081,NY,Queens,record,1,0,0,0,1,0,0,1,0,0,1,
36083,NY,Rensselaer,record,9,4,0,0,1,0,0,1,0,0,8,
36085,NY,Richmond,record,0,0,0,0,3,2,0,1,1,0,0,
36087,NY,Rockland,record,1,0,0,1,0,0,0,0,0,0,1,
36089,NY,St. Lawrence,record,14,9,1,0,4,2,0,2,1,0,11,
36091,NY,Saratoga,record,15,8,4,0,0,0,0,0,0,0,7,
36093,NY,Schenectady,record,7,5,0,0,1,0,0,1,0,0,3,
36095,NY,Schoharie,record,7,2,0,0,1,0,0,1,0,0,6,
36097,NY,Schuyler,record,4,2,0,0,0,0,0,0,0,0,3,
36099,NY,Seneca,record,4,1,0,0,1,0,0,1,0,0,4,
36101,NY,Steuben,record,19,14,1,0,0,0,0,0,0,0,12,
36103,NY,Suffolk,record,12,6,2,0,1,0,1,0,0,0,6,
36105,NY,Sullivan,record,8,3,0,0,0,0,0,0,0,0,5,
36107,NY,Tioga,record,3,0,1,0,0,0,0,0,0,0,2,
36109,NY,Tompkins,record,9,3,0,0,2,1,0,1,1,0,5,
36111,NY,Ulster,record,14,4,1,0,0,0,0,0,0,0,8,
36113,NY,Warren,record,1,0,0,0,0,0,0,0,0,0,2,
36115,NY,Washington,record,6,3,0,0,0,0,0,0,0,0,5,
36117,NY,Wayne,record,6,3,0,0,0,0,0,0,0,0,5,
36119,NY,Westchester,record,14,7,3,0,2,1,0,1,0,0,8,
36121,NY,Wyoming,record,4,4,0,0,2,0,0,1,2,0,3,
36123,NY,Yates,record,5,3,0,0,0,0,0,0,0,0,4,
37001,NC,Alamance,none,0,0,0,0,0,0,0,0,0,0,0,
37003,NC,Alexander,record,2,1,0,0,0,0,0,0,0,0,1,
37005,NC,Alleghany,none,0,0,0,0,0,0,0,0,0,0,0,
37007,NC,Anson,none,0,0,0,0,0,0,0,0,0,0,0,
37009,NC,Ashe,record,3,1,0,0,0,0,0,0,0,0,2,
37011,NC,Avery,none,0,0,0,0,0,0,0,0,0,0,0,
37013,NC,Beaufort,record,0,0,0,0,0,0,0,0,0,0,1,
37015,NC,Bertie,none,0,0,0,0,0,0,0,0,0,0,0,
37017,NC,Bladen,none,0,0,0,0,0,0,0,0,0,0,0,
37019,NC,Brunswick,record,2,1,0,0,0,0,0,0,0,0,1,
37021,NC,Buncombe,none,0,0,0,0,0,0,0,0,0,0,0,
37023,NC,Burke,none,0,0,0,0,0,0,0,0,0,0,0,
37025,NC,Cabarrus,none,0,0,0,0,0,0,0,0,0,0,0,
37027,NC,Caldwell,record,2,0,0,0,0,0,0,0,0,0,1,
37029,NC,Camden,record,1,0,0,0,0,0,0,0,0,0,1,
37031,NC,Carteret,record,1,1,0,0,0,0,0,0,0,0,1,
37033,NC,Caswell,none,0,0,0,0,0,0,0,0,0,0,0,
37035,NC,Catawba,record,1,0,0,0,1,1,0,0,0,0,1,
37037,NC,Chatham,none,0,0,0,0,0,0,0,0,0,0,0,
37039,NC,Cherokee,none,0,0,0,0,0,0,0,0,0,0,0,
37041,NC,Chowan,none,0,0,0,0,0,0,0,0,0,0,0,
37043,NC,Clay,none,0,0,0,0,0,0,0,0,0,0,0,
37045,NC,Cleveland,record,2,1,0,0,0,0,0,0,0,0,1,
37047,NC,Columbus,record,1,0,0,0,0,0,0,0,0,0,1,
37049,NC,Craven,record,2,2,0,0,0,0,0,0,0,0,1,
37051,NC,Cumberland,record,1,0,0,0,0,0,0,0,0,0,1,
37053,NC,Currituck,record,3,2,0,0,0,0,0,0,0,0,2,
37055,NC,Dare,record,2,1,0,0,0,0,0,0,0,0,1,
37057,NC,Davidson,record,2,0,0,0,0,0,0,0,0,0,2,
37059,NC,Davie,none,0,0,0,0,0,0,0,0,0,0,0,
37061,NC,Duplin,record,1,0,0,0,0,0,0,0,0,0,1,
37063,NC,Durham,none,0,0,0,0,0,0,0,0,0,0,0,
37065,NC,Edgecombe,record,1,0,0,0,0,0,0,0,0,0,1,
37067,NC,Forsyth,none,0,0,0,0,0,0,0,0,0,0,0,
37069,NC,Franklin,record,1,0,0,0,0,0,0,0,0,0,1,
37071,NC,Gaston,none,0,0,0,0,0,0,0,0,0,0,0,
37073,NC,Gates,record,2,1,0,0,0,0,0,0,0,0,2,
37075,NC,Graham,none,0,0,0,0,0,0,0,0,0,0,0,
37077,NC,Granville,record,1,1,0,0,0,0,0,0,0,0,1,
37079,NC,Greene,record,1,0,0,0,0,0,0,0,0,0,1,
37081,NC,Guilford,none,0,0,0,0,0,0,0,0,0,0,0,
37083,NC,Halifax,record,1,0,0,0,0,0,0,0,0,0,1,
37085,NC,Harnett,record,1,1,0,0,0,0,0,0,0,0,1,
37087,NC,Haywood,none,0,0,0,0,0,0,0,0,0,0,0,
37089,NC,Henderson,record,3,1,0,0,0,0,0,0,0,0,2,
37091,NC,Hertford,record,4,3,0,0,0,0,0,0,0,0,2,
37093,NC,Hoke,none,0,0,0,0,0,0,0,0,0,0,0,
37095,NC,Hyde,record,1,0,0,0,0,0,0,0,0,0,1,
37097,NC,Iredell,record,2,1,0,0,0,0,0,0,0,0,2,
37099,NC,Jackson,record,1,1,0,0,0,0,0,0,0,0,1,
37101,NC,Johnston,record,3,2,0,0,0,0,0,0,0,0,2,
37103,NC,Jones,none,0,0,0,0,0,0,0,0,0,0,0,
37105,NC,Lee,none,0,0,0,0,0,0,0,0,0,0,0,
37107,NC,Lenoir,none,0,0,0,0,0,0,0,0,0,0,0,
37109,NC,Lincoln,none,0,0,0,0,0,0,0,0,0,0,0,
37111,NC,McDowell,none,0,0,0,0,0,0,0,0,0,0,0,
37113,NC,Macon,none,0,0,0,0,0,0,0,0,0,0,0,
37115,NC,Madison,record,2,0,0,0,0,0,0,0,0,0,2,
37117,NC,Martin,none,0,0,0,0,0,0,0,0,0,0,0,
37119,NC,Mecklenburg,record,1,0,0,0,0,0,0,0,0,0,1,
37121,NC,Mitchell,none,0,0,0,0,0,0,0,0,0,0,0,
37123,NC,Montgomery,record,1,0,0,0,0,0,0,0,0,0,1,
37125,NC,Moore,record,1,0,0,0,0,0,0,0,0,0,1,
37127,NC,Nash,none,0,0,0,0,0,0,0,0,0,0,0,
37129,NC,New Hanover,none,0,0,0,0,0,0,0,0,0,0,0,
37131,NC,Northampton,record,1,0,0,0,1,1,0,0,1,0,1,
37133,NC,Onslow,record,3,2,0,0,0,0,0,0,0,0,2,
37135,NC,Orange,none,0,0,0,0,0,0,0,0,0,0,0,
37137,NC,Pamlico,record,3,1,0,0,0,0,0,0,0,0,2,
37139,NC,Pasquotank,record,3,2,0,1,0,0,0,0,0,0,2,
37141,NC,Pender,record,0,0,0,0,1,1,0,0,0,1,0,
37143,NC,Perquimans,record,3,2,0,0,0,0,0,0,0,0,2,
37145,NC,Person,none,0,0,0,0,0,0,0,0,0,0,0,
37147,NC,Pitt,record,1,0,0,0,0,0,0,0,0,0,1,
37149,NC,Polk,record,1,0,0,0,0,0,0,0,0,0,1,
37151,NC,Randolph,none,0,0,0,0,0,0,0,0,0,0,0,
37153,NC,Richmond,record,1,0,0,0,0,0,0,0,0,0,1,
37155,NC,Robeson,none,0,0,0,0,0,0,0,0,0,0,0,
37157,NC,Rockingham,record,1,0,0,0,0,0,0,0,0,0,1,
37159,NC,Rowan,record,1,0,0,0,2,2,0,0,0,0,1,
37161,NC,Rutherford,none,0,0,0,0,0,0,0,0,0,0,0,
37163,NC,Sampson,record,2,1,0,0,0,0,0,0,0,0,2,
37165,NC,Scotland,none,0,0,0,0,0,0,0,0,0,0,0,
37167,NC,Stanly,none,0,0,0,0,0,0,0,0,0,0,0,
37169,NC,Stokes,record,0,0,0,0,0,0,0,0,0,0,2,
37171,NC,Surry,record,2,0,0,0,1,1,0,0,0,0,2,
37173,NC,Swain,none,0,0,0,0,0,0,0,0,0,0,0,
37175,NC,Transylvania,none,0,0,0,0,0,0,0,0,0,0,0,
37177,NC,Tyrrell,none,0,0,0,0,0,0,0,0,0,0,0,
37179,NC,Union,none,0,0,0,0,0,0,0,0,0,0,0,
37181,NC,Vance,record,1,0,0,0,0,0,0,0,0,0,1,
37183,NC,Wake,none,0,0,0,0,0,0,0,0,0,0,0,
37185,NC,Warren,record,2,1,0,0,0,0,0,0,0,0,2,
37187,NC,Washington,record,2,0,0,0,0,0,0,0,0,0,2,
37189,NC,Watauga,record,1,0,0,0,0,0,0,0,0,0,1,
37191,NC,Wayne,record,1,0,0,0,0,0,0,0,0,0,1,
37193,NC,Wilkes,none,0,0,0,0,0,0,0,0,0,0,0,
37195,NC,Wilson,record,0,0,0,1,0,0,0,0,0,0,0,
37197,NC,Yadkin,record,2,1,0,0,1,0,1,0,0,0,2,
37199,NC,Yancey,none,0,0,0,0,0,0,0,0,0,0,0,
38001,ND,Adams,record,1,1,0,0,0,0,0,0,0,0,1,
38003,ND,Barnes,record,3,1,0,0,0,0,0,0,0,0,2,
38005,ND,Benson,none,0,0,0,0,0,0,0,0,0,0,0,
38007,ND,Billings,record,1,0,0,0,1,1,0,0,0,0,1,
38009,ND,Bottineau,none,0,0,0,0,0,0,0,0,0,0,0,
38011,ND,Bowman,record,3,1,0,0,0,0,0,0,0,0,2,
38013,ND,Burke,record,1,1,0,0,1,0,1,0,1,0,1,
38015,ND,Burleigh,record,1,0,0,0,1,1,0,0,0,0,1,
38017,ND,Cass,record,1,0,0,1,0,0,0,0,0,0,1,
38019,ND,Cavalier,record,0,0,0,0,0,0,0,0,0,0,1,
38021,ND,Dickey,record,1,0,0,0,0,0,0,0,0,0,1,
38023,ND,Divide,record,2,0,0,0,0,0,0,0,0,0,2,
38025,ND,Dunn,record,1,0,0,1,0,0,0,0,0,0,1,
38027,ND,Eddy,record,1,0,0,0,0,0,0,0,0,0,1,
38029,ND,Emmons,none,0,0,0,0,0,0,0,0,0,0,0,
38031,ND,Foster,record,1,0,1,0,0,0,0,0,0,0,1,
38033,ND,Golden Valley,record,1,0,0,0,0,0,0,0,0,0,1,
38035,ND,Grand Forks,record,3,3,0,0,0,0,0,0,0,0,1,
38037,ND,Grant,record,1,0,0,0,0,0,0,0,0,0,1,
38039,ND,Griggs,record,1,0,0,0,0,0,0,0,0,0,1,
38041,ND,Hettinger,record,1,0,0,0,0,0,0,0,0,0,1,
38043,ND,Kidder,none,0,0,0,0,0,0,0,0,0,0,0,
38045,ND,LaMoure,record,1,0,0,0,0,0,0,0,0,0,1,
38047,ND,Logan,record,1,0,0,0,0,0,0,0,0,0,1,
38049,ND,McHenry,record,1,0,0,0,0,0,0,0,0,0,1,
38051,ND,McIntosh,record,1,1,0,0,0,0,0,0,0,0,0,
38053,ND,McKenzie,record,2,1,0,0,0,0,0,0,0,0,1,
38055,ND,McLean,record,3,2,0,0,2,2,0,0,1,0,2,
38057,ND,Mercer,record,2,1,0,0,1,1,0,0,1,0,2,
38059,ND,Morton,record,1,0,0,0,0,0,0,0,0,0,1,
38061,ND,Mountrail,record,2,1,0,0,0,0,0,0,0,0,2,
38063,ND,Nelson,none,0,0,0,0,0,0,0,0,0,0,0,
38065,ND,Oliver,record,1,0,0,0,0,0,0,0,0,0,1,
38067,ND,Pembina,none,0,0,0,0,0,0,0,0,0,0,0,
38069,ND,Pierce,record,1,1,0,0,0,0,0,0,0,0,1,
38071,ND,Ramsey,none,0,0,0,0,0,0,0,0,0,0,0,
38073,ND,Ransom,none,0,0,0,0,0,0,0,0,0,0,0,
38075,ND,Renville,none,0,0,0,0,0,0,0,0,0,0,0,
38077,ND,Richland,record,3,1,0,0,0,0,0,0,0,0,2,
38079,ND,Rolette,none,0,0,0,0,0,0,0,0,0,0,0,
38081,ND,Sargent,record,1,0,0,0,0,0,0,0,0,0,1,
38083,ND,Sheridan,record,1,0,0,0,0,0,0,0,0,0,1,
38085,ND,Sioux,record,1,1,0,0,0,0,0,0,0,0,0,
38087,ND,Slope,none,0,0,0,0,0,0,0,0,0,0,0,
38089,ND,Stark,record,1,1,0,0,1,0,1,0,1,0,1,
38091,ND,Steele,none,0,0,0,0,0,0,0,0,0,0,0,
38093,ND,Stutsman,record,1,0,0,0,0,0,0,0,0,0,1,
38095,ND,Towner,record,1,1,0,0,0,0,0,0,0,0,1,
38097,ND,Traill,none,0,0,0,0,0,0,0,0,0,0,0,
38099,ND,Walsh,none,0,0,0,0,0,0,0,0,0,0,0,
38101,ND,Ward,record,1,0,0,0,0,0,0,0,0,0,1,
38103,ND,Wells,record,1,1,0,0,0,0,0,0,0,0,1,
38105,ND,Williams,record,1,0,0,0,0,0,0,0,0,0,1,
39001,OH,Adams,record,1,1,0,0,0,0,0,0,0,0,0,
39003,OH,Allen,record,1,1,0,0,1,1,0,0,1,0,0,
39005,OH,Ashland,none,0,0,0,0,0,0,0,0,0,0,0,
39007,OH,Ashtabula,none,0,0,0,0,0,0,0,0,0,0,0,
39009,OH,Athens,none,0,0,0,0,0,0,0,0,0,0,0,
39011,OH,Auglaize,record,1,1,0,0,1,1,0,0,1,0,0,
39013,OH,Belmont,none,0,0,0,0,0,0,0,0,0,0,0,
39015,OH,Brown,record,1,1,0,0,0,0,0,0,0,0,0,
39017,OH,Butler,record,1,1,0,0,0,0,0,0,0,0,0,
39019,OH,Carroll,none,0,0,0,0,0,0,0,0,0,0,0,
39021,OH,Champaign,record,0,0,0,0,1,0,0,1,0,0,0,
39023,OH,Clark,record,1,1,0,0,0,0,0,0,0,0,0,
39025,OH,Clermont,record,1,1,0,0,0,0,0,0,0,0,0,
39027,OH,Clinton,record,2,1,0,0,1,0,0,1,1,0,1,
39029,OH,Columbiana,record,2,1,0,0,1,1,0,0,0,0,1,
39031,OH,Coshocton,none,0,0,0,0,0,0,0,0,0,0,0,
39033,OH,Crawford,record,2,2,0,0,1,1,0,0,0,0,0,
39035,OH,Cuyahoga,record,0,0,0,0,1,1,0,0,0,0,1,
39037,OH,Darke,none,0,0,0,0,0,0,0,0,0,0,0,
39039,OH,Defiance,record,0,0,0,0,1,1,0,0,0,0,0,
39041,OH,Delaware,record,1,0,0,0,0,0,0,0,0,0,1,
39043,OH,Erie,record,1,1,0,0,1,0,0,1,0,0,0,
39045,OH,Fairfield,record,1,1,0,0,2,0,0,2,1,0,0,
39047,OH,Fayette,record,2,1,0,0,0,0,0,0,0,0,1,
39049,OH,Franklin,record,1,1,0,0,0,0,0,0,0,0,1,
39051,OH,Fulton,record,0,0,0,1,1,0,0,1,1,0,0,
39053,OH,Gallia,none,0,0,0,0,0,0,0,0,0,0,0,
39055,OH,Geauga,none,0,0,0,0,0,0,0,0,0,0,0,
39057,OH,Greene,record,3,2,0,0,1,0,0,1,1,0,2,
39059,OH,Guernsey,none,0,0,0,0,0,0,0,0,0,0,0,
39061,OH,Hamilton,none,0,0,0,0,0,0,0,0,0,0,0,
39063,OH,Hancock,record,1,1,0,0,3,1,0,2,2,0,0,
39065,OH,Hardin,record,1,1,0,0,0,0,0,0,0,0,1,
39067,OH,Harrison,none,0,0,0,0,0,0,0,0,0,0,0,
39069,OH,Henry,record,1,1,0,0,0,0,0,0,0,0,0,
39071,OH,Highland,none,0,0,0,0,0,0,0,0,0,0,0,
39073,OH,Hocking,none,0,0,0,0,0,0,0,0,0,0,0,
39075,OH,Holmes,none,0,0,0,0,0,0,0,0,0,0,0,
39077,OH,Huron,record,1,0,0,0,1,0,0,1,0,0,1,
39079,OH,Jackson,none,0,0,0,0,0,0,0,0,0,0,0,
39081,OH,Jefferson,none,0,0,0,0,0,0,0,0,0,0,0,
39083,OH,Knox,record,3,1,0,0,1,0,0,1,0,0,2,
39085,OH,Lake,none,0,0,0,0,0,0,0,0,0,0,0,
39087,OH,Lawrence,none,0,0,0,0,0,0,0,0,0,0,0,
39089,OH,Licking,record,1,1,0,0,0,0,0,0,0,0,0,
39091,OH,Logan,record,1,1,0,0,2,1,0,1,0,0,0,
39093,OH,Lorain,none,0,0,0,0,0,0,0,0,0,0,0,
39095,OH,Lucas,record,1,0,0,0,0,0,0,0,0,0,1,
39097,OH,Madison,record,2,1,0,0,1,0,0,1,0,0,1,
39099,OH,Mahoning,record,1,1,0,0,1,1,0,0,0,0,0,
39101,OH,Marion,record,1,1,0,0,1,1,0,0,0,0,0,
39103,OH,Medina,record,3,2,0,0,0,0,0,0,0,0,2,
39105,OH,Meigs,record,0,0,0,0,1,0,0,1,1,0,0,
39107,OH,Mercer,none,0,0,0,0,0,0,0,0,0,0,0,
39109,OH,Miami,none,0,0,0,0,0,0,0,0,0,0,0,
39111,OH,Monroe,none,0,0,0,0,0,0,0,0,0,0,0,
39113,OH,Montgomery,none,0,0,0,0,0,0,0,0,0,0,0,
39115,OH,Morgan,none,0,0,0,0,0,0,0,0,0,0,0,
39117,OH,Morrow,record,1,0,0,0,0,0,0,0,0,0,1,
39119,OH,Muskingum,none,0,0,0,0,0,0,0,0,0,0,0,
39121,OH,Noble,none,0,0,0,0,0,0,0,0,0,0,0,
39123,OH,Ottawa,record,2,1,0,0,0,0,0,0,0,0,1,
39125,OH,Paulding,none,0,0,0,0,0,0,0,0,0,0,0,
39127,OH,Perry,record,0,0,0,1,0,0,0,0,0,0,0,
39129,OH,Pickaway,record,1,0,0,0,3,2,0,1,1,0,1,
39131,OH,Pike,none,0,0,0,0,0,0,0,0,0,0,0,
39133,OH,Portage,none,0,0,0,0,0,0,0,0,0,0,0,
39135,OH,Preble,record,0,0,0,0,2,0,0,2,0,0,0,
39137,OH,Putnam,record,2,1,0,0,0,0,0,0,0,0,1,
39139,OH,Richland,record,1,1,0,0,0,0,0,0,0,0,0,
39141,OH,Ross,none,0,0,0,0,0,0,0,0,0,0,0,
39143,OH,Sandusky,record,0,0,0,0,1,1,0,0,0,0,0,
39145,OH,Scioto,none,0,0,0,0,0,0,0,0,0,0,0,
39147,OH,Seneca,record,1,1,0,0,2,2,0,0,0,0,0,
39149,OH,Shelby,record,2,1,0,0,0,0,0,0,0,0,2,
39151,OH,Stark,record,0,0,0,0,1,1,0,0,1,0,0,
39153,OH,Summit,none,0,0,0,0,0,0,0,0,0,0,0,
39155,OH,Trumbull,record,0,0,0,1,0,0,0,0,0,0,0,
39157,OH,Tuscarawas,none,0,0,0,0,0,0,0,0,0,0,0,
39159,OH,Union,record,1,1,0,0,1,1,0,0,1,0,0,
39161,OH,Van Wert,none,0,0,0,0,0,0,0,0,0,0,0,
39163,OH,Vinton,none,0,0,0,0,0,0,0,0,0,0,0,
39165,OH,Warren,record,2,1,0,0,0,0,0,0,0,0,2,
39167,OH,Washington,none,0,0,0,0,0,0,0,0,0,0,0,
39169,OH,Wayne,record,2,2,0,0,0,0,0,0,0,0,1,
39171,OH,Williams,none,0,0,0,0,0,0,0,0,0,0,0,
39173,OH,Wood,none,0,0,0,0,0,0,0,0,0,0,0,
39175,OH,Wyandot,record,2,1,0,0,0,0,0,0,0,0,1,
40001,OK,Adair,none,0,0,0,0,0,0,0,0,0,0,0,
40003,OK,Alfalfa,none,0,0,0,0,0,0,0,0,0,0,0,
40005,OK,Atoka,none,0,0,0,0,0,0,0,0,0,0,0,
40007,OK,Beaver,record,0,0,0,0,1,0,0,1,0,0,0,
40009,OK,Beckham,none,0,0,0,0,0,0,0,0,0,0,0,
40011,OK,Blaine,none,0,0,0,0,0,0,0,0,0,0,0,
40013,OK,Bryan,none,0,0,0,0,0,0,0,0,0,0,0,
40015,OK,Caddo,none,0,0,0,0,0,0,0,0,0,0,0,
40017,OK,Canadian,record,2,1,0,0,0,0,0,0,0,0,1,
40019,OK,Carter,none,0,0,0,0,0,0,0,0,0,0,0,
40021,OK,Cherokee,none,0,0,0,0,0,0,0,0,0,0,0,
40023,OK,Choctaw,none,0,0,0,0,0,0,0,0,0,0,0,
40025,OK,Cimarron,record,0,0,0,0,1,1,0,0,0,0,0,
40027,OK,Cleveland,none,0,0,0,0,0,0,0,0,0,0,0,
40029,OK,Coal,none,0,0,0,0,0,0,0,0,0,0,0,
40031,OK,Comanche,none,0,0,0,0,0,0,0,0,0,0,0,
40033,OK,Cotton,none,0,0,0,0,0,0,0,0,0,0,0,
40035,OK,Craig,record,0,0,0,0,1,0,0,1,0,0,0,
40037,OK,Creek,record,0,0,0,0,1,0,0,1,0,0,1,
40039,OK,Custer,none,0,0,0,0,0,0,0,0,0,0,0,
40041,OK,Delaware,none,0,0,0,0,0,0,0,0,0,0,0,
40043,OK,Dewey,none,0,0,0,0,0,0,0,0,0,0,0,
40045,OK,Ellis,record,0,0,0,0,1,0,0,1,0,0,0,
40047,OK,Garfield,record,0,0,0,0,2,0,1,1,1,0,0,
40049,OK,Garvin,none,0,0,0,0,0,0,0,0,0,0,0,
40051,OK,Grady,none,0,0,0,0,0,0,0,0,0,0,0,
40053,OK,Grant,none,0,0,0,0,0,0,0,0,0,0,0,
40055,OK,Greer,none,0,0,0,0,0,0,0,0,0,0,0,
40057,OK,Harmon,none,0,0,0,0,0,0,0,0,0,0,0,
40059,OK,Harper,record,0,0,0,0,1,0,0,1,0,0,0,
40061,OK,Haskell,none,0,0,0,0,0,0,0,0,0,0,0,
40063,OK,Hughes,none,0,0,0,0,0,0,0,0,0,0,0,
40065,OK,Jackson,none,0,0,0,0,0,0,0,0,0,0,0,
40067,OK,Jefferson,none,0,0,0,0,0,0,0,0,0,0,0,
40069,OK,Johnston,none,0,0,0,0,0,0,0,0,0,0,0,
40071,OK,Kay,record,1,1,0,0,0,0,0,0,0,0,1,
40073,OK,Kingfisher,record,0,0,0,0,1,0,0,1,0,0,0,
40075,OK,Kiowa,none,0,0,0,0,0,0,0,0,0,0,0,
40077,OK,Latimer,none,0,0,0,0,0,0,0,0,0,0,0,
40079,OK,Le Flore,none,0,0,0,0,0,0,0,0,0,0,0,
40081,OK,Lincoln,record,0,0,0,0,2,0,0,2,0,0,0,
40083,OK,Logan,record,0,0,0,0,1,0,0,1,0,0,0,
40085,OK,Love,none,0,0,0,0,0,0,0,0,0,0,0,
40087,OK,McClain,none,0,0,0,0,0,0,0,0,0,0,0,
40089,OK,McCurtain,none,0,0,0,0,0,0,0,0,0,0,0,
40091,OK,McIntosh,record,0,0,0,0,1,1,0,0,0,0,0,
40093,OK,Major,record,0,0,0,0,1,0,0,1,0,0,0,
40095,OK,Marshall,none,0,0,0,0,0,0,0,0,0,0,0,
40097,OK,Mayes,none,0,0,0,0,0,0,0,0,0,0,0,
40099,OK,Murray,none,0,0,0,0,0,0,0,0,0,0,0,
40101,OK,Muskogee,record,2,1,0,0,0,0,0,0,0,0,2,
40103,OK,Noble,record,1,0,0,0,0,0,0,0,0,0,1,
40105,OK,Nowata,none,0,0,0,0,0,0,0,0,0,0,0,
40107,OK,Okfuskee,none,0,0,0,0,0,0,0,0,0,0,0,
40109,OK,Oklahoma,none,0,0,0,0,0,0,0,0,0,0,0,
40111,OK,Okmulgee,none,0,0,0,0,0,0,0,0,0,0,0,
40113,OK,Osage,record,0,0,0,0,1,0,1,0,1,1,0,
40115,OK,Ottawa,none,0,0,0,0,0,0,0,0,0,0,0,
40117,OK,Pawnee,none,0,0,0,0,0,0,0,0,0,0,0,
40119,OK,Payne,record,0,0,0,0,1,0,0,1,0,0,0,
40121,OK,Pittsburg,none,0,0,0,0,0,0,0,0,0,0,0,
40123,OK,Pontotoc,none,0,0,0,0,0,0,0,0,0,0,0,
40125,OK,Pottawatomie,none,0,0,0,0,0,0,0,0,0,0,0,
40127,OK,Pushmataha,none,0,0,0,0,0,0,0,0,0,0,0,
40129,OK,Roger Mills,none,0,0,0,0,0,0,0,0,0,0,0,
40131,OK,Rogers,none,0,0,0,0,0,0,0,0,0,0,0,
40133,OK,Seminole,none,0,0,0,0,0,0,0,0,0,0,0,
40135,OK,Sequoyah,none,0,0,0,0,0,0,0,0,0,0,0,
40137,OK,Stephens,none,0,0,0,0,0,0,0,0,0,0,0,
40139,OK,Texas,record,0,0,0,0,2,1,0,1,0,0,0,
40141,OK,Tillman,record,1,0,0,0,0,0,0,0,0,0,1,
40143,OK,Tulsa,record,2,1,0,0,0,0,0,0,0,0,1,
40145,OK,Wagoner,record,0,0,0,0,1,1,0,0,0,0,0,
40147,OK,Washington,none,0,0,0,0,0,0,0,0,0,0,0,
40149,OK,Washita,none,0,0,0,0,0,0,0,0,0,0,0,
40151,OK,Woods,none,0,0,0,0,0,0,0,0,0,0,0,
40153,OK,Woodward,record,0,0,0,0,1,0,0,1,0,0,0,
41001,OR,Baker,record,2,2,0,0,1,0,1,0,0,1,2,
41003,OR,Benton,none,0,0,0,0,0,0,0,0,0,0,0,
41005,OR,Clackamas,record,0,0,0,0,2,0,1,1,0,0,0,
41007,OR,Clatsop,record,1,0,0,0,0,0,0,0,0,0,1,
41009,OR,Columbia,none,0,0,0,0,0,0,0,0,0,0,0,
41011,OR,Coos,none,0,0,0,0,0,0,0,0,0,0,0,
41013,OR,Crook,record,3,1,0,0,0,0,0,0,0,0,2,
41015,OR,Curry,record,2,0,0,0,0,0,0,0,0,0,2,
41017,OR,Deschutes,none,0,0,0,0,0,0,0,0,0,0,0,
41019,OR,Douglas,none,0,0,0,0,0,0,0,0,0,0,0,
41021,OR,Gilliam,record,1,0,0,0,0,0,0,0,0,0,1,
41023,OR,Grant,none,0,0,0,0,0,0,0,0,0,0,0,
41025,OR,Harney,record,0,0,0,0,2,1,0,1,0,1,0,
41027,OR,Hood River,record,1,0,0,0,0,0,0,0,0,0,1,
41029,OR,Jackson,record,0,0,0,0,1,1,0,0,0,1,0,
41031,OR,Jefferson,none,0,0,0,0,0,0,0,0,0,0,0,
41033,OR,Josephine,record,1,0,0,0,0,0,0,0,0,0,1,
41035,OR,Klamath,record,1,0,0,0,0,0,0,0,0,0,1,
41037,OR,Lake,record,0,0,0,0,1,0,1,0,1,0,0,
41039,OR,Lane,record,0,0,0,0,1,0,0,1,0,0,0,
41041,OR,Lincoln,none,0,0,0,0,0,0,0,0,0,0,0,
41043,OR,Linn,none,0,0,0,0,0,0,0,0,0,0,0,
41045,OR,Malheur,record,0,0,0,0,1,0,1,0,0,1,0,
41047,OR,Marion,record,1,1,0,0,0,0,0,0,0,0,1,
41049,OR,Morrow,record,1,0,0,0,1,0,1,0,0,1,1,
41051,OR,Multnomah,none,0,0,0,0,0,0,0,0,0,0,0,
41053,OR,Polk,record,1,0,0,0,0,0,0,0,0,0,1,
41055,OR,Sherman,none,0,0,0,0,0,0,0,0,0,0,0,
41057,OR,Tillamook,none,0,0,0,0,0,0,0,0,0,0,0,
41059,OR,Umatilla,record,2,1,0,0,2,0,2,0,1,1,1,
41061,OR,Union,record,0,0,0,0,1,0,1,0,0,1,0,
41063,OR,Wallowa,record,3,1,0,0,0,0,0,0,0,0,2,
41065,OR,Wasco,record,1,1,0,0,2,0,0,2,2,0,1,
41067,OR,Washington,record,0,0,0,1,0,0,0,0,0,0,0,
41069,OR,Wheeler,none,0,0,0,0,0,0,0,0,0,0,0,
41071,OR,Yamhill,record,0,0,0,0,1,1,0,0,0,0,0,
42001,PA,Adams,record,12,1,0,0,0,0,0,0,0,0,12,
42003,PA,Allegheny,record,26,9,0,0,0,0,0,0,0,0,25,
42005,PA,Armstrong,record,1,1,0,0,0,0,0,0,0,0,0,
42007,PA,Beaver,record,10,3,0,0,0,0,0,0,0,0,8,
42009,PA,Bedford,record,1,0,0,0,0,0,0,0,0,0,1,
42011,PA,Berks,record,25,9,0,0,0,0,0,0,0,0,20,
42013,PA,Blair,record,7,1,0,0,0,0,0,0,0,0,5,
42015,PA,Bradford,record,4,1,0,0,0,0,0,0,0,0,3,
42017,PA,Bucks,record,12,7,0,1,0,0,0,0,0,0,10,
42019,PA,Butler,record,10,1,0,1,0,0,0,0,0,0,10,
42021,PA,Cambria,record,8,3,0,0,0,0,0,0,0,0,5,
42023,PA,Cameron,none,0,0,0,0,0,0,0,0,0,0,0,
42025,PA,Carbon,record,3,1,0,0,2,2,0,0,0,0,3,
42027,PA,Centre,record,12,4,0,0,0,0,0,0,0,0,12,
42029,PA,Chester,record,19,11,1,0,0,0,0,0,0,0,15,
42031,PA,Clarion,none,0,0,0,0,0,0,0,0,0,0,0,
42033,PA,Clearfield,record,4,3,0,0,0,0,0,0,0,0,3,
42035,PA,Clinton,record,3,1,0,0,0,0,0,0,0,0,3,
42037,PA,Columbia,record,6,0,0,0,0,0,0,0,0,0,6,
42039,PA,Crawford,record,11,1,0,0,0,0,0,0,0,0,11,
42041,PA,Cumberland,record,21,5,0,0,0,0,0,0,0,0,22,
42043,PA,Dauphin,record,13,7,0,0,0,0,0,0,0,0,9,
42045,PA,Delaware,record,2,0,0,0,0,0,0,0,0,0,2,
42047,PA,Elk,none,0,0,0,0,0,0,0,0,0,0,0,
42049,PA,Erie,record,14,6,1,0,1,0,0,1,0,0,15,
42051,PA,Fayette,record,1,1,0,0,0,0,0,0,0,0,1,
42053,PA,Forest,none,0,0,0,0,0,0,0,0,0,0,0,
42055,PA,Franklin,record,4,1,0,0,0,0,0,0,0,0,5,
42057,PA,Fulton,record,2,0,0,0,0,0,0,0,0,0,2,
42059,PA,Greene,record,2,1,0,0,0,0,0,0,0,0,2,
42061,PA,Huntingdon,record,5,1,0,0,0,0,0,0,0,0,4,
42063,PA,Indiana,record,1,0,0,0,0,0,0,0,0,0,1,
42065,PA,Jefferson,record,2,0,0,0,0,0,0,0,0,0,2,
42067,PA,Juniata,none,0,0,0,0,0,0,0,0,0,0,0,
42069,PA,Lackawanna,record,21,6,0,0,3,2,0,1,0,0,21,
42071,PA,Lancaster,record,25,4,0,0,2,2,0,0,0,0,27,
42073,PA,Lawrence,record,5,1,0,0,1,0,0,1,0,0,4,
42075,PA,Lebanon,record,11,3,0,0,1,0,0,1,0,0,11,
42077,PA,Lehigh,record,9,5,0,0,0,0,0,0,0,0,8,
42079,PA,Luzerne,record,24,18,0,0,1,1,0,0,0,0,25,
42081,PA,Lycoming,record,9,6,0,0,1,0,0,0,1,0,9,
42083,PA,McKean,none,0,0,0,0,0,0,0,0,0,0,0,
42085,PA,Mercer,record,6,1,0,0,1,1,0,0,0,0,6,
42087,PA,Mifflin,record,2,0,0,0,0,0,0,0,0,0,2,
42089,PA,Monroe,record,7,0,0,0,1,0,0,1,0,0,9,
42091,PA,Montgomery,record,5,2,0,0,0,0,0,0,0,0,7,
42093,PA,Montour,none,0,0,0,0,0,0,0,0,0,0,0,
42095,PA,Northampton,record,11,4,0,0,0,0,0,0,0,0,15,
42097,PA,Northumberland,record,4,1,0,0,0,0,0,0,0,0,3,
42099,PA,Perry,record,4,4,0,0,0,0,0,0,0,0,2,
42101,PA,Philadelphia,none,0,0,0,0,0,0,0,0,0,0,0,
42103,PA,Pike,record,4,0,0,0,1,1,0,0,0,0,4,
42105,PA,Potter,none,0,0,0,0,0,0,0,0,0,0,0,
42107,PA,Schuylkill,record,13,6,1,1,0,0,0,0,0,0,11,
42109,PA,Snyder,record,3,0,0,0,0,0,0,0,0,0,3,
42111,PA,Somerset,record,1,0,0,0,0,0,0,0,0,0,1,
42113,PA,Sullivan,none,0,0,0,0,0,0,0,0,0,0,0,
42115,PA,Susquehanna,record,5,1,0,0,0,0,0,0,0,0,6,
42117,PA,Tioga,record,0,0,0,0,0,0,0,0,0,0,1,
42119,PA,Union,none,0,0,0,0,0,0,0,0,0,0,0,
42121,PA,Venango,record,5,1,0,0,0,0,0,0,0,0,3,
42123,PA,Warren,none,0,0,0,0,0,0,0,0,0,0,0,
42125,PA,Washington,record,15,8,1,0,1,0,0,1,0,0,13,
42127,PA,Wayne,record,7,2,0,0,1,1,0,0,0,0,7,
42129,PA,Westmoreland,record,8,3,0,0,2,0,0,2,0,0,9,
42131,PA,Wyoming,record,7,1,0,0,0,0,0,0,0,0,9,
42133,PA,York,record,22,8,1,0,2,0,1,1,1,0,23,
44001,RI,Bristol,record,0,0,0,0,1,0,0,1,0,0,0,
44003,RI,Kent,record,5,1,0,0,0,0,0,0,0,0,4,
44005,RI,Newport,record,6,2,0,0,3,0,1,2,0,0,6,
44007,RI,Providence,record,12,1,0,0,4,0,0,4,0,0,10,
44009,RI,Washington,record,3,3,0,0,3,2,1,0,1,0,2,
45001,SC,Abbeville,record,1,0,0,0,0,0,0,0,0,0,1,
45003,SC,Aiken,none,0,0,0,0,0,0,0,0,0,0,0,
45005,SC,Allendale,none,0,0,0,0,0,0,0,0,0,0,0,
45007,SC,Anderson,none,0,0,0,0,0,0,0,0,0,0,0,
45009,SC,Bamberg,none,0,0,0,0,0,0,0,0,0,0,0,
45011,SC,Barnwell,record,1,0,0,0,0,0,0,0,0,0,1,
45013,SC,Beaufort,none,0,0,0,0,0,0,0,0,0,0,0,
45015,SC,Berkeley,none,0,0,0,0,0,0,0,0,0,0,0,
45017,SC,Calhoun,record,3,1,0,0,0,0,0,0,0,0,1,
45019,SC,Charleston,none,0,0,0,0,0,0,0,0,0,0,0,
45021,SC,Cherokee,record,1,1,0,0,0,0,0,0,0,0,1,
45023,SC,Chester,record,1,0,0,0,0,0,0,0,0,0,1,
45025,SC,Chesterfield,none,0,0,0,0,0,0,0,0,0,0,0,
45027,SC,Clarendon,record,0,0,0,1,0,0,0,0,0,0,0,
45029,SC,Colleton,record,1,0,0,0,0,0,0,0,0,0,1,
45031,SC,Darlington,record,2,1,0,0,0,0,0,0,0,0,2,
45033,SC,Dillon,none,0,0,0,0,0,0,0,0,0,0,0,
45035,SC,Dorchester,none,0,0,0,0,0,0,0,0,0,0,0,
45037,SC,Edgefield,record,2,0,0,0,0,0,0,0,0,0,1,
45039,SC,Fairfield,record,2,1,0,0,0,0,0,0,0,0,2,
45041,SC,Florence,record,1,0,0,0,0,0,0,0,0,0,1,
45043,SC,Georgetown,record,0,0,0,0,0,0,0,0,0,0,1,
45045,SC,Greenville,none,0,0,0,0,0,0,0,0,0,0,0,
45047,SC,Greenwood,none,0,0,0,0,0,0,0,0,0,0,0,
45049,SC,Hampton,none,0,0,0,0,0,0,0,0,0,0,0,
45051,SC,Horry,record,0,0,0,0,1,1,0,0,0,0,0,
45053,SC,Jasper,record,1,0,0,0,0,0,0,0,0,0,1,
45055,SC,Kershaw,none,0,0,0,0,0,0,0,0,0,0,0,
45057,SC,Lancaster,none,0,0,0,0,0,0,0,0,0,0,0,
45059,SC,Laurens,none,0,0,0,0,0,0,0,0,0,0,0,
45061,SC,Lee,none,0,0,0,0,0,0,0,0,0,0,0,
45063,SC,Lexington,record,0,0,0,0,0,0,0,0,0,0,1,
45065,SC,McCormick,none,0,0,0,0,0,0,0,0,0,0,0,
45067,SC,Marion,none,0,0,0,0,0,0,0,0,0,0,0,
45069,SC,Marlboro,record,2,0,0,0,0,0,0,0,0,0,2,
45071,SC,Newberry,record,1,0,0,0,0,0,0,0,0,0,1,
45073,SC,Oconee,record,1,0,0,0,0,0,0,0,0,0,1,
45075,SC,Orangeburg,none,0,0,0,0,0,0,0,0,0,0,0,
45077,SC,Pickens,none,0,0,0,0,0,0,0,0,0,0,0,
45079,SC,Richland,record,1,0,0,0,0,0,0,0,0,0,1,
45081,SC,Saluda,none,0,0,0,0,0,0,0,0,0,0,0,
45083,SC,Spartanburg,none,0,0,0,0,0,0,0,0,0,0,0,
45085,SC,Sumter,record,0,0,0,1,2,0,1,1,0,0,0,
45087,SC,Union,none,0,0,0,0,0,0,0,0,0,0,0,
45089,SC,Williamsburg,record,1,0,0,0,0,0,0,0,0,0,1,
45091,SC,York,record,1,0,0,0,0,0,0,0,0,0,1,
46003,SD,Aurora,none,0,0,0,0,0,0,0,0,0,0,0,
46005,SD,Beadle,record,1,0,0,0,0,0,0,0,0,0,1,
46007,SD,Bennett,none,0,0,0,0,0,0,0,0,0,0,0,
46009,SD,Bon Homme,record,1,0,0,0,0,0,0,0,0,0,1,
46011,SD,Brookings,record,2,0,0,0,0,0,0,0,0,0,1,
46013,SD,Brown,record,1,0,0,0,0,0,0,0,0,0,1,
46015,SD,Brule,none,0,0,0,0,0,0,0,0,0,0,0,
46017,SD,Buffalo,none,0,0,0,0,0,0,0,0,0,0,0,
46019,SD,Butte,none,0,0,0,0,0,0,0,0,0,0,0,
46021,SD,Campbell,none,0,0,0,0,0,0,0,0,0,0,0,
46023,SD,Charles Mix,record,1,0,0,0,0,0,0,0,0,0,1,
46025,SD,Clark,record,0,0,0,0,1,0,1,0,1,0,0,
46027,SD,Clay,record,1,0,0,0,0,0,0,0,0,0,1,
46029,SD,Codington,record,1,0,0,0,1,0,1,0,0,1,1,
46031,SD,Corson,none,0,0,0,0,0,0,0,0,0,0,0,
46033,SD,Custer,none,0,0,0,0,0,0,0,0,0,0,0,
46035,SD,Davison,record,0,0,0,0,2,2,0,0,0,0,0,
46037,SD,Day,record,1,0,0,0,0,0,0,0,0,0,1,
46039,SD,Deuel,record,1,0,0,0,0,0,0,0,0,0,1,
46041,SD,Dewey,none,0,0,0,0,0,0,0,0,0,0,0,
46043,SD,Douglas,none,0,0,0,0,0,0,0,0,0,0,0,
46045,SD,Edmunds,record,2,1,0,0,0,0,0,0,0,0,1,
46047,SD,Fall River,none,0,0,0,0,0,0,0,0,0,0,0,
46049,SD,Faulk,none,0,0,0,0,0,0,0,0,0,0,0,
46051,SD,Grant,record,2,0,0,0,1,0,1,0,0,1,2,
46053,SD,Gregory,none,0,0,0,0,0,0,0,0,0,0,0,
46055,SD,Haakon,none,0,0,0,0,0,0,0,0,0,0,0,
46057,SD,Hamlin,record,1,0,0,0,0,0,0,0,0,0,1,
46059,SD,Hand,record,1,0,0,0,0,0,0,0,0,0,1,
46061,SD,Hanson,none,0,0,0,0,0,0,0,0,0,0,0,
46063,SD,Harding,none,0,0,0,0,0,0,0,0,0,0,0,
46065,SD,Hughes,record,1,0,0,0,0,0,0,0,0,0,0,
46067,SD,Hutchinson,none,0,0,0,0,0,0,0,0,0,0,0,
46069,SD,Hyde,record,1,1,0,0,0,0,0,0,0,0,1,
46071,SD,Jackson,none,0,0,0,0,0,0,0,0,0,0,0,
46073,SD,Jerauld,none,0,0,0,0,0,0,0,0,0,0,0,
46075,SD,Jones,none,0,0,0,0,0,0,0,0,0,0,0,
46077,SD,Kingsbury,none,0,0,0,0,0,0,0,0,0,0,0,
46079,SD,Lake,record,1,0,0,0,0,0,0,0,0,0,1,
46081,SD,Lawrence,record,1,0,0,0,0,0,0,0,0,0,1,
46083,SD,Lincoln,record,1,1,0,0,1,1,0,0,0,0,1,
46085,SD,Lyman,none,0,0,0,0,0,0,0,0,0,0,0,
46087,SD,McCook,record,1,0,0,0,1,0,0,1,0,0,1,
46089,SD,McPherson,record,1,0,0,0,0,0,0,0,0,0,1,
46091,SD,Marshall,record,1,1,0,0,0,0,0,0,0,0,1,
46093,SD,Meade,record,1,1,0,0,0,0,0,0,0,0,1,
46095,SD,Mellette,none,0,0,0,0,0,0,0,0,0,0,0,
46097,SD,Miner,record,3,0,0,0,0,0,0,0,0,0,2,
46099,SD,Minnehaha,record,1,0,0,0,0,0,0,0,0,0,1,
46101,SD,Moody,record,1,0,0,0,0,0,0,0,0,0,1,
46102,SD,Oglala Lakota,none,0,0,0,0,0,0,0,0,0,0,0,
46103,SD,Pennington,record,2,2,1,0,0,0,0,0,0,0,2,
46105,SD,Perkins,none,0,0,0,0,0,0,0,0,0,0,0,
46107,SD,Potter,none,0,0,0,0,0,0,0,0,0,0,0,
46109,SD,Roberts,record,3,0,0,0,0,0,0,0,0,0,2,
46111,SD,Sanborn,record,2,1,0,0,1,1,0,0,0,0,0,
46115,SD,Spink,record,1,0,0,0,0,0,0,0,0,0,1,
46117,SD,Stanley,none,0,0,0,0,0,0,0,0,0,0,0,
46119,SD,Sully,record,2,1,0,0,0,0,0,0,0,0,1,
46121,SD,Todd,none,0,0,0,0,0,0,0,0,0,0,0,
46123,SD,Tripp,none,0,0,0,0,0,0,0,0,0,0,0,
46125,SD,Turner,record,1,1,0,0,0,0,0,0,0,0,1,
46127,SD,Union,record,1,0,0,0,0,0,0,0,0,0,1,
46129,SD,Walworth,record,1,1,0,0,1,1,0,0,0,0,1,
46135,SD,Yankton,record,1,0,0,0,0,0,0,0,0,0,1,
46137,SD,Ziebach,none,0,0,0,0,0,0,0,0,0,0,0,
47001,TN,Anderson,record,0,0,0,1,0,0,0,0,0,0,0,
47003,TN,Bedford,none,0,0,0,0,0,0,0,0,0,0,0,
47005,TN,Benton,none,0,0,0,0,0,0,0,0,0,0,0,
47007,TN,Bledsoe,none,0,0,0,0,0,0,0,0,0,0,0,
47009,TN,Blount,none,0,0,0,0,0,0,0,0,0,0,0,
47011,TN,Bradley,none,0,0,0,0,0,0,0,0,0,0,0,
47013,TN,Campbell,none,0,0,0,0,0,0,0,0,0,0,0,
47015,TN,Cannon,none,0,0,0,0,0,0,0,0,0,0,0,
47017,TN,Carroll,none,0,0,0,0,0,0,0,0,0,0,0,
47019,TN,Carter,none,0,0,0,0,0,0,0,0,0,0,0,
47021,TN,Cheatham,none,0,0,0,0,0,0,0,0,0,0,0,
47023,TN,Chester,none,0,0,0,0,0,0,0,0,0,0,0,
47025,TN,Claiborne,none,0,0,0,0,0,0,0,0,0,0,0,
47027,TN,Clay,none,0,0,0,0,0,0,0,0,0,0,0,
47029,TN,Cocke,record,0,0,0,1,0,0,0,0,0,0,0,
47031,TN,Coffee,none,0,0,0,0,0,0,0,0,0,0,0,
47033,TN,Crockett,none,0,0,0,0,0,0,0,0,0,0,0,
47035,TN,Cumberland,record,1,1,0,0,0,0,0,0,0,0,1,
47037,TN,Davidson,none,0,0,0,0,0,0,0,0,0,0,0,
47039,TN,Decatur,none,0,0,0,0,0,0,0,0,0,0,0,
47041,TN,DeKalb,none,0,0,0,0,0,0,0,0,0,0,0,
47043,TN,Dickson,none,0,0,0,0,0,0,0,0,0,0,0,
47045,TN,Dyer,record,2,0,0,0,0,0,0,0,0,0,2,
47047,TN,Fayette,none,0,0,0,0,0,0,0,0,0,0,0,
47049,TN,Fentress,none,0,0,0,0,0,0,0,0,0,0,0,
47051,TN,Franklin,record,1,1,0,0,0,0,0,0,0,0,0,
47053,TN,Gibson,none,0,0,0,0,0,0,0,0,0,0,0,
47055,TN,Giles,none,0,0,0,0,0,0,0,0,0,0,0,
47057,TN,Grainger,none,0,0,0,0,0,0,0,0,0,0,0,
47059,TN,Greene,record,1,0,0,0,0,0,0,0,0,0,1,
47061,TN,Grundy,none,0,0,0,0,0,0,0,0,0,0,0,
47063,TN,Hamblen,none,0,0,0,0,0,0,0,0,0,0,0,
47065,TN,Hamilton,none,0,0,0,0,0,0,0,0,0,0,0,
47067,TN,Hancock,none,0,0,0,0,0,0,0,0,0,0,0,
47069,TN,Hardeman,record,1,0,0,0,0,0,0,0,0,0,1,
47071,TN,Hardin,none,0,0,0,0,0,0,0,0,0,0,0,
47073,TN,Hawkins,none,0,0,0,0,0,0,0,0,0,0,0,
47075,TN,Haywood,record,1,0,0,0,0,0,0,0,0,0,1,
47077,TN,Henderson,none,0,0,0,0,0,0,0,0,0,0,0,
47079,TN,Henry,none,0,0,0,0,0,0,0,0,0,0,0,
47081,TN,Hickman,none,0,0,0,0,0,0,0,0,0,0,0,
47083,TN,Houston,none,0,0,0,0,0,0,0,0,0,0,0,
47085,TN,Humphreys,none,0,0,0,0,0,0,0,0,0,0,0,
47087,TN,Jackson,none,0,0,0,0,0,0,0,0,0,0,0,
47089,TN,Jefferson,record,2,0,0,0,0,0,0,0,0,0,2,
47091,TN,Johnson,none,0,0,0,0,0,0,0,0,0,0,0,
47093,TN,Knox,none,0,0,0,0,0,0,0,0,0,0,0,
47095,TN,Lake,none,0,0,0,0,0,0,0,0,0,0,0,
47097,TN,Lauderdale,none,0,0,0,0,0,0,0,0,0,0,0,
47099,TN,Lawrence,none,0,0,0,0,0,0,0,0,0,0,0,
47101,TN,Lewis,none,0,0,0,0,0,0,0,0,0,0,0,
47103,TN,Lincoln,none,0,0,0,0,0,0,0,0,0,0,0,
47105,TN,Loudon,none,0,0,0,0,0,0,0,0,0,0,0,
47107,TN,McMinn,none,0,0,0,0,0,0,0,0,0,0,0,
47109,TN,McNairy,none,0,0,0,0,0,0,0,0,0,0,0,
47111,TN,Macon,none,0,0,0,0,0,0,0,0,0,0,0,
47113,TN,Madison,none,0,0,0,0,0,0,0,0,0,0,0,
47115,TN,Marion,none,0,0,0,0,0,0,0,0,0,0,0,
47117,TN,Marshall,none,0,0,0,0,0,0,0,0,0,0,0,
47119,TN,Maury,none,0,0,0,0,0,0,0,0,0,0,0,
47121,TN,Meigs,none,0,0,0,0,0,0,0,0,0,0,0,
47123,TN,Monroe,none,0,0,0,0,0,0,0,0,0,0,0,
47125,TN,Montgomery,none,0,0,0,0,0,0,0,0,0,0,0,
47127,TN,Moore,none,0,0,0,0,0,0,0,0,0,0,0,
47129,TN,Morgan,none,0,0,0,0,0,0,0,0,0,0,0,
47131,TN,Obion,none,0,0,0,0,0,0,0,0,0,0,0,
47133,TN,Overton,none,0,0,0,0,0,0,0,0,0,0,0,
47135,TN,Perry,none,0,0,0,0,0,0,0,0,0,0,0,
47137,TN,Pickett,none,0,0,0,0,0,0,0,0,0,0,0,
47139,TN,Polk,none,0,0,0,0,0,0,0,0,0,0,0,
47141,TN,Putnam,none,0,0,0,0,0,0,0,0,0,0,0,
47143,TN,Rhea,none,0,0,0,0,0,0,0,0,0,0,0,
47145,TN,Roane,record,0,0,0,1,0,0,0,0,0,0,0,
47147,TN,Robertson,record,1,1,0,0,0,0,0,0,0,0,1,
47149,TN,Rutherford,none,0,0,0,0,0,0,0,0,0,0,0,
47151,TN,Scott,none,0,0,0,0,0,0,0,0,0,0,0,
47153,TN,Sequatchie,none,0,0,0,0,0,0,0,0,0,0,0,
47155,TN,Sevier,none,0,0,0,0,0,0,0,0,0,0,0,
47157,TN,Shelby,record,0,0,0,0,1,0,1,0,1,0,0,
47159,TN,Smith,none,0,0,0,0,0,0,0,0,0,0,0,
47161,TN,Stewart,none,0,0,0,0,0,0,0,0,0,0,0,
47163,TN,Sullivan,none,0,0,0,0,0,0,0,0,0,0,0,
47165,TN,Sumner,none,0,0,0,0,0,0,0,0,0,0,0,
47167,TN,Tipton,record,2,0,0,0,0,0,0,0,0,0,2,
47169,TN,Trousdale,none,0,0,0,0,0,0,0,0,0,0,0,
47171,TN,Unicoi,none,0,0,0,0,0,0,0,0,0,0,0,
47173,TN,Union,record,1,1,0,0,0,0,0,0,0,0,1,
47175,TN,Van Buren,none,0,0,0,0,0,0,0,0,0,0,0,
47177,TN,Warren,none,0,0,0,0,0,0,0,0,0,0,0,
47179,TN,Washington,record,1,0,0,0,0,0,0,0,0,0,1,
47181,TN,Wayne,none,0,0,0,0,0,0,0,0,0,0,0,
47183,TN,Weakley,none,0,0,0,0,0,0,0,0,0,0,0,
47185,TN,White,none,0,0,0,0,0,0,0,0,0,0,0,
47187,TN,Williamson,none,0,0,0,0,0,0,0,0,0,0,0,
47189,TN,Wilson,none,0,0,0,0,0,0,0,0,0,0,0,
48001,TX,Anderson,none,0,0,0,0,0,0,0,0,0,0,0,
48003,TX,Andrews,none,0,0,0,0,0,0,0,0,0,0,0,
48005,TX,Angelina,none,0,0,0,0,0,0,0,0,0,0,0,
48007,TX,Aransas,record,1,1,0,0,0,0,0,0,0,0,1,
48009,TX,Archer,none,0,0,0,0,0,0,0,0,0,0,0,
48011,TX,Armstrong,none,0,0,0,0,0,0,0,0,0,0,0,
48013,TX,Atascosa,none,0,0,0,0,0,0,0,0,0,0,0,
48015,TX,Austin,record,0,0,0,1,0,0,0,0,0,0,0,
48017,TX,Bailey,none,0,0,0,0,0,0,0,0,0,0,0,
48019,TX,Bandera,record,0,0,0,0,1,0,0,1,1,0,0,
48021,TX,Bastrop,record,0,0,0,0,1,1,0,0,0,0,0,
48023,TX,Baylor,none,0,0,0,0,0,0,0,0,0,0,0,
48025,TX,Bee,none,0,0,0,0,0,0,0,0,0,0,0,
48027,TX,Bell,record,2,2,0,0,0,0,0,0,0,0,1,
48029,TX,Bexar,none,0,0,0,0,0,0,0,0,0,0,0,
48031,TX,Blanco,none,0,0,0,0,0,0,0,0,0,0,0,
48033,TX,Borden,none,0,0,0,0,0,0,0,0,0,0,0,
48035,TX,Bosque,none,0,0,0,0,0,0,0,0,0,0,0,
48037,TX,Bowie,none,0,0,0,0,0,0,0,0,0,0,0,
48039,TX,Brazoria,none,0,0,0,0,0,0,0,0,0,0,0,
48041,TX,Brazos,none,0,0,0,0,0,0,0,0,0,0,0,
48043,TX,Brewster,none,0,0,0,0,0,0,0,0,0,0,0,
48045,TX,Briscoe,none,0,0,0,0,0,0,0,0,0,0,0,
48047,TX,Brooks,none,0,0,0,0,0,0,0,0,0,0,0,
48049,TX,Brown,none,0,0,0,0,0,0,0,0,0,0,0,
48051,TX,Burleson,none,0,0,0,0,0,0,0,0,0,0,0,
48053,TX,Burnet,none,0,0,0,0,0,0,0,0,0,0,0,
48055,TX,Caldwell,none,0,0,0,0,0,0,0,0,0,0,0,
48057,TX,Calhoun,none,0,0,0,0,0,0,0,0,0,0,0,
48059,TX,Callahan,record,0,0,0,0,1,0,0,1,0,0,0,
48061,TX,Cameron,record,2,2,0,0,0,0,0,0,0,0,1,
48063,TX,Camp,none,0,0,0,0,0,0,0,0,0,0,0,
48065,TX,Carson,none,0,0,0,0,0,0,0,0,0,0,0,
48067,TX,Cass,none,0,0,0,0,0,0,0,0,0,0,0,
48069,TX,Castro,none,0,0,0,0,0,0,0,0,0,0,0,
48071,TX,Chambers,none,0,0,0,0,0,0,0,0,0,0,0,
48073,TX,Cherokee,none,0,0,0,0,0,0,0,0,0,0,0,
48075,TX,Childress,none,0,0,0,0,0,0,0,0,0,0,0,
48077,TX,Clay,record,0,0,0,0,2,2,0,0,2,0,0,
48079,TX,Cochran,none,0,0,0,0,0,0,0,0,0,0,0,
48081,TX,Coke,none,0,0,0,0,0,0,0,0,0,0,0,
48083,TX,Coleman,none,0,0,0,0,0,0,0,0,0,0,0,
48085,TX,Collin,record,2,2,0,0,0,0,0,0,0,0,1,
48087,TX,Collingsworth,none,0,0,0,0,0,0,0,0,0,0,0,
48089,TX,Colorado,none,0,0,0,0,0,0,0,0,0,0,0,
48091,TX,Comal,none,0,0,0,0,0,0,0,0,0,0,0,
48093,TX,Comanche,none,0,0,0,0,0,0,0,0,0,0,0,
48095,TX,Concho,none,0,0,0,0,0,0,0,0,0,0,0,
48097,TX,Cooke,none,0,0,0,0,0,0,0,0,0,0,0,
48099,TX,Coryell,none,0,0,0,0,0,0,0,0,0,0,0,
48101,TX,Cottle,none,0,0,0,0,0,0,0,0,0,0,0,
48103,TX,Crane,none,0,0,0,0,0,0,0,0,0,0,0,
48105,TX,Crockett,none,0,0,0,0,0,0,0,0,0,0,0,
48107,TX,Crosby,none,0,0,0,0,0,0,0,0,0,0,0,
48109,TX,Culberson,none,0,0,0,0,0,0,0,0,0,0,0,
48111,TX,Dallam,none,0,0,0,0,0,0,0,0,0,0,0,
48113,TX,Dallas,record,3,3,0,0,0,0,0,0,0,0,0,
48115,TX,Dawson,record,1,0,0,0,0,0,0,0,0,0,1,
48117,TX,Deaf Smith,none,0,0,0,0,0,0,0,0,0,0,0,
48119,TX,Delta,none,0,0,0,0,0,0,0,0,0,0,0,
48121,TX,Denton,none,0,0,0,0,0,0,0,0,0,0,0,
48123,TX,DeWitt,none,0,0,0,0,0,0,0,0,0,0,0,
48125,TX,Dickens,none,0,0,0,0,0,0,0,0,0,0,0,
48127,TX,Dimmit,none,0,0,0,0,0,0,0,0,0,0,0,
48129,TX,Donley,record,0,0,0,0,1,1,0,0,0,0,0,
48131,TX,Duval,none,0,0,0,0,0,0,0,0,0,0,0,
48133,TX,Eastland,record,0,0,0,0,1,0,0,1,0,0,0,
48135,TX,Ector,record,1,0,0,0,0,0,0,0,0,0,1,
48137,TX,Edwards,none,0,0,0,0,0,0,0,0,0,0,0,
48139,TX,Ellis,record,5,3,0,0,0,0,0,0,0,0,2,
48141,TX,El Paso,none,0,0,0,0,0,0,0,0,0,0,0,
48143,TX,Erath,none,0,0,0,0,0,0,0,0,0,0,0,
48145,TX,Falls,none,0,0,0,0,0,0,0,0,0,0,0,
48147,TX,Fannin,record,0,0,0,0,1,0,0,1,0,0,0,
48149,TX,Fayette,record,0,0,0,0,1,0,0,0,0,0,0,
48151,TX,Fisher,none,0,0,0,0,0,0,0,0,0,0,0,
48153,TX,Floyd,none,0,0,0,0,0,0,0,0,0,0,0,
48155,TX,Foard,none,0,0,0,0,0,0,0,0,0,0,0,
48157,TX,Fort Bend,none,0,0,0,0,0,0,0,0,0,0,0,
48159,TX,Franklin,record,0,0,0,0,1,0,0,1,0,0,0,
48161,TX,Freestone,none,0,0,0,0,0,0,0,0,0,0,0,
48163,TX,Frio,none,0,0,0,0,0,0,0,0,0,0,0,
48165,TX,Gaines,none,0,0,0,0,0,0,0,0,0,0,0,
48167,TX,Galveston,none,0,0,0,0,0,0,0,0,0,0,0,
48169,TX,Garza,none,0,0,0,0,0,0,0,0,0,0,0,
48171,TX,Gillespie,none,0,0,0,0,0,0,0,0,0,0,0,
48173,TX,Glasscock,none,0,0,0,0,0,0,0,0,0,0,0,
48175,TX,Goliad,none,0,0,0,0,0,0,0,0,0,0,0,
48177,TX,Gonzales,none,0,0,0,0,0,0,0,0,0,0,0,
48179,TX,Gray,record,1,0,0,0,0,0,0,0,0,0,1,
48181,TX,Grayson,record,1,0,0,0,0,0,0,0,0,0,0,
48183,TX,Gregg,record,0,0,0,0,1,1,0,0,0,0,0,
48185,TX,Grimes,none,0,0,0,0,0,0,0,0,0,0,0,
48187,TX,Guadalupe,record,1,0,0,0,0,0,0,0,0,0,1,
48189,TX,Hale,record,2,1,0,0,0,0,0,0,0,0,1,
48191,TX,Hall,none,0,0,0,0,0,0,0,0,0,0,0,
48193,TX,Hamilton,none,0,0,0,0,0,0,0,0,0,0,0,
48195,TX,Hansford,none,0,0,0,0,0,0,0,0,0,0,0,
48197,TX,Hardeman,record,0,0,0,0,1,0,0,1,0,0,0,
48199,TX,Hardin,none,0,0,0,0,0,0,0,0,0,0,0,
48201,TX,Harris,record,1,1,1,0,0,0,0,0,0,0,0,
48203,TX,Harrison,record,2,1,0,0,0,0,0,0,0,0,1,
48205,TX,Hartley,none,0,0,0,0,0,0,0,0,0,0,0,
48207,TX,Haskell,none,0,0,0,0,0,0,0,0,0,0,0,
48209,TX,Hays,none,0,0,0,0,0,0,0,0,0,0,0,
48211,TX,Hemphill,none,0,0,0,0,0,0,0,0,0,0,0,
48213,TX,Henderson,none,0,0,0,0,0,0,0,0,0,0,0,
48215,TX,Hidalgo,none,0,0,0,0,0,0,0,0,0,0,0,
48217,TX,Hill,none,0,0,0,0,0,0,0,0,0,0,0,
48219,TX,Hockley,record,1,0,0,0,0,0,0,0,0,0,1,
48221,TX,Hood,none,0,0,0,0,0,0,0,0,0,0,0,
48223,TX,Hopkins,record,0,0,0,0,1,0,0,1,0,0,0,
48225,TX,Houston,none,0,0,0,0,0,0,0,0,0,0,0,
48227,TX,Howard,none,0,0,0,0,0,0,0,0,0,0,0,
48229,TX,Hudspeth,none,0,0,0,0,0,0,0,0,0,0,0,
48231,TX,Hunt,none,0,0,0,0,0,0,0,0,0,0,0,
48233,TX,Hutchinson,none,0,0,0,0,0,0,0,0,0,0,0,
48235,TX,Irion,none,0,0,0,0,0,0,0,0,0,0,0,
48237,TX,Jack,none,0,0,0,0,0,0,0,0,0,0,0,
48239,TX,Jackson,none,0,0,0,0,0,0,0,0,0,0,0,
48241,TX,Jasper,none,0,0,0,0,0,0,0,0,0,0,0,
48243,TX,Jeff Davis,none,0,0,0,0,0,0,0,0,0,0,0,
48245,TX,Jefferson,none,0,0,0,0,0,0,0,0,0,0,0,
48247,TX,Jim Hogg,none,0,0,0,0,0,0,0,0,0,0,0,
48249,TX,Jim Wells,none,0,0,0,0,0,0,0,0,0,0,0,
48251,TX,Johnson,record,3,3,0,0,0,0,0,0,0,0,2,
48253,TX,Jones,none,0,0,0,0,0,0,0,0,0,0,0,
48255,TX,Karnes,none,0,0,0,0,0,0,0,0,0,0,0,
48257,TX,Kaufman,none,0,0,0,0,0,0,0,0,0,0,0,
48259,TX,Kendall,none,0,0,0,0,0,0,0,0,0,0,0,
48261,TX,Kenedy,none,0,0,0,0,0,0,0,0,0,0,0,
48263,TX,Kent,none,0,0,0,0,0,0,0,0,0,0,0,
48265,TX,Kerr,none,0,0,0,0,0,0,0,0,0,0,0,
48267,TX,Kimble,none,0,0,0,0,0,0,0,0,0,0,0,
48269,TX,King,none,0,0,0,0,0,0,0,0,0,0,0,
48271,TX,Kinney,none,0,0,0,0,0,0,0,0,0,0,0,
48273,TX,Kleberg,record,2,1,0,0,0,0,0,0,0,0,2,
48275,TX,Knox,none,0,0,0,0,0,0,0,0,0,0,0,
48277,TX,Lamar,record,0,0,0,0,1,0,0,1,0,0,0,
48279,TX,Lamb,none,0,0,0,0,0,0,0,0,0,0,0,
48281,TX,Lampasas,record,1,0,0,0,0,0,0,0,0,0,1,
48283,TX,La Salle,none,0,0,0,0,0,0,0,0,0,0,0,
48285,TX,Lavaca,none,0,0,0,0,0,0,0,0,0,0,0,
48287,TX,Lee,none,0,0,0,0,0,0,0,0,0,0,0,
48289,TX,Leon,none,0,0,0,0,0,0,0,0,0,0,0,
48291,TX,Liberty,none,0,0,0,0,0,0,0,0,0,0,0,
48293,TX,Limestone,none,0,0,0,0,0,0,0,0,0,0,0,
48295,TX,Lipscomb,none,0,0,0,0,0,0,0,0,0,0,0,
48297,TX,Live Oak,none,0,0,0,0,0,0,0,0,0,0,0,
48299,TX,Llano,none,0,0,0,0,0,0,0,0,0,0,0,
48301,TX,Loving,none,0,0,0,0,0,0,0,0,0,0,0,
48303,TX,Lubbock,none,0,0,0,0,0,0,0,0,0,0,0,
48305,TX,Lynn,none,0,0,0,0,0,0,0,0,0,0,0,
48307,TX,McCulloch,none,0,0,0,0,0,0,0,0,0,0,0,
48309,TX,McLennan,none,0,0,0,0,0,0,0,0,0,0,0,
48311,TX,McMullen,none,0,0,0,0,0,0,0,0,0,0,0,
48313,TX,Madison,none,0,0,0,0,0,0,0,0,0,0,0,
48315,TX,Marion,none,0,0,0,0,0,0,0,0,0,0,0,
48317,TX,Martin,none,0,0,0,0,0,0,0,0,0,0,0,
48319,TX,Mason,none,0,0,0,0,0,0,0,0,0,0,0,
48321,TX,Matagorda,none,0,0,0,0,0,0,0,0,0,0,0,
48323,TX,Maverick,none,0,0,0,0,0,0,0,0,0,0,0,
48325,TX,Medina,none,0,0,0,0,0,0,0,0,0,0,0,
48327,TX,Menard,none,0,0,0,0,0,0,0,0,0,0,0,
48329,TX,Midland,none,0,0,0,0,0,0,0,0,0,0,0,
48331,TX,Milam,none,0,0,0,0,0,0,0,0,0,0,0,
48333,TX,Mills,none,0,0,0,0,0,0,0,0,0,0,0,
48335,TX,Mitchell,none,0,0,0,0,0,0,0,0,0,0,0,
48337,TX,Montague,none,0,0,0,0,0,0,0,0,0,0,0,
48339,TX,Montgomery,none,0,0,0,0,0,0,0,0,0,0,0,
48341,TX,Moore,record,1,0,0,0,0,0,0,0,0,0,1,
48343,TX,Morris,none,0,0,0,0,0,0,0,0,0,0,0,
48345,TX,Motley,none,0,0,0,0,0,0,0,0,0,0,0,
48347,TX,Nacogdoches,none,0,0,0,0,0,0,0,0,0,0,0,
48349,TX,Navarro,none,0,0,0,0,0,0,0,0,0,0,0,
48351,TX,Newton,none,0,0,0,0,0,0,0,0,0,0,0,
48353,TX,Nolan,record,0,0,0,0,1,0,1,0,1,1,0,
48355,TX,Nueces,record,2,1,0,0,0,0,0,0,0,0,1,
48357,TX,Ochiltree,none,0,0,0,0,0,0,0,0,0,0,0,
48359,TX,Oldham,none,0,0,0,0,0,0,0,0,0,0,0,
48361,TX,Orange,none,0,0,0,0,0,0,0,0,0,0,0,
48363,TX,Palo Pinto,record,1,0,0,0,0,0,0,0,0,0,1,
48365,TX,Panola,none,0,0,0,0,0,0,0,0,0,0,0,
48367,TX,Parker,record,1,1,0,0,0,0,0,0,0,0,0,
48369,TX,Parmer,record,2,2,0,0,0,0,0,0,0,0,1,
48371,TX,Pecos,none,0,0,0,0,0,0,0,0,0,0,0,
48373,TX,Polk,none,0,0,0,0,0,0,0,0,0,0,0,
48375,TX,Potter,record,0,0,0,0,1,1,0,0,0,0,0,
48377,TX,Presidio,none,0,0,0,0,0,0,0,0,0,0,0,
48379,TX,Rains,none,0,0,0,0,0,0,0,0,0,0,0,
48381,TX,Randall,none,0,0,0,0,0,0,0,0,0,0,0,
48383,TX,Reagan,none,0,0,0,0,0,0,0,0,0,0,0,
48385,TX,Real,none,0,0,0,0,0,0,0,0,0,0,0,
48387,TX,Red River,none,0,0,0,0,0,0,0,0,0,0,0,
48389,TX,Reeves,none,0,0,0,0,0,0,0,0,0,0,0,
48391,TX,Refugio,none,0,0,0,0,0,0,0,0,0,0,0,
48393,TX,Roberts,none,0,0,0,0,0,0,0,0,0,0,0,
48395,TX,Robertson,record,0,0,0,0,1,0,0,1,0,0,0,
48397,TX,Rockwall,none,0,0,0,0,0,0,0,0,0,0,0,
48399,TX,Runnels,none,0,0,0,0,0,0,0,0,0,0,0,
48401,TX,Rusk,none,0,0,0,0,0,0,0,0,0,0,0,
48403,TX,Sabine,none,0,0,0,0,0,0,0,0,0,0,0,
48405,TX,San Augustine,record,1,0,0,0,0,0,0,0,0,0,1,
48407,TX,San Jacinto,none,0,0,0,0,0,0,0,0,0,0,0,
48409,TX,San Patricio,none,0,0,0,0,0,0,0,0,0,0,0,
48411,TX,San Saba,record,2,2,0,0,0,0,0,0,0,0,1,
48413,TX,Schleicher,none,0,0,0,0,0,0,0,0,0,0,0,
48415,TX,Scurry,none,0,0,0,0,0,0,0,0,0,0,0,
48417,TX,Shackelford,none,0,0,0,0,0,0,0,0,0,0,0,
48419,TX,Shelby,none,0,0,0,0,0,0,0,0,0,0,0,
48421,TX,Sherman,none,0,0,0,0,0,0,0,0,0,0,0,
48423,TX,Smith,none,0,0,0,0,0,0,0,0,0,0,0,
48425,TX,Somervell,none,0,0,0,0,0,0,0,0,0,0,0,
48427,TX,Starr,none,0,0,0,0,0,0,0,0,0,0,0,
48429,TX,Stephens,none,0,0,0,0,0,0,0,0,0,0,0,
48431,TX,Sterling,none,0,0,0,0,0,0,0,0,0,0,0,
48433,TX,Stonewall,none,0,0,0,0,0,0,0,0,0,0,0,
48435,TX,Sutton,none,0,0,0,0,0,0,0,0,0,0,0,
48437,TX,Swisher,none,0,0,0,0,0,0,0,0,0,0,0,
48439,TX,Tarrant,record,1,1,0,0,0,0,0,0,0,0,0,
48441,TX,Taylor,record,1,1,0,0,1,0,1,0,1,1,1,
48443,TX,Terrell,none,0,0,0,0,0,0,0,0,0,0,0,
48445,TX,Terry,none,0,0,0,0,0,0,0,0,0,0,0,
48447,TX,Throckmorton,none,0,0,0,0,0,0,0,0,0,0,0,
48449,TX,Titus,none,0,0,0,0,0,0,0,0,0,0,0,
48451,TX,Tom Green,none,0,0,0,0,0,0,0,0,0,0,0,
48453,TX,Travis,none,0,0,0,0,0,0,0,0,0,0,0,
48455,TX,Trinity,none,0,0,0,0,0,0,0,0,0,0,0,
48457,TX,Tyler,none,0,0,0,0,0,0,0,0,0,0,0,
48459,TX,Upshur,none,0,0,0,0,0,0,0,0,0,0,0,
48461,TX,Upton,none,0,0,0,0,0,0,0,0,0,0,0,
48463,TX,Uvalde,none,0,0,0,0,0,0,0,0,0,0,0,
48465,TX,Val Verde,none,0,0,0,0,0,0,0,0,0,0,0,
48467,TX,Van Zandt,none,0,0,0,0,0,0,0,0,0,0,0,
48469,TX,Victoria,none,0,0,0,0,0,0,0,0,0,0,0,
48471,TX,Walker,none,0,0,0,0,0,0,0,0,0,0,0,
48473,TX,Waller,record,1,1,0,0,0,0,0,0,0,0,0,
48475,TX,Ward,none,0,0,0,0,0,0,0,0,0,0,0,
48477,TX,Washington,none,0,0,0,0,0,0,0,0,0,0,0,
48479,TX,Webb,none,0,0,0,0,0,0,0,0,0,0,0,
48481,TX,Wharton,record,0,0,0,0,1,0,0,1,1,0,0,
48483,TX,Wheeler,none,0,0,0,0,0,0,0,0,0,0,0,
48485,TX,Wichita,record,1,1,0,0,0,0,0,0,0,0,1,
48487,TX,Wilbarger,none,0,0,0,0,0,0,0,0,0,0,0,
48489,TX,Willacy,none,0,0,0,0,0,0,0,0,0,0,0,
48491,TX,Williamson,none,0,0,0,0,0,0,0,0,0,0,0,
48493,TX,Wilson,none,0,0,0,0,0,0,0,0,0,0,0,
48495,TX,Winkler,none,0,0,0,0,0,0,0,0,0,0,0,
48497,TX,Wise,record,2,2,0,0,0,0,0,0,0,0,1,
48499,TX,Wood,none,0,0,0,0,0,0,0,0,0,0,0,
48501,TX,Yoakum,none,0,0,0,0,0,0,0,0,0,0,0,
48503,TX,Young,none,0,0,0,0,0,0,0,0,0,0,0,
48505,TX,Zapata,none,0,0,0,0,0,0,0,0,0,0,0,
48507,TX,Zavala,none,0,0,0,0,0,0,0,0,0,0,0,
49001,UT,Beaver,record,1,1,0,1,0,0,0,0,0,0,1,
49003,UT,Box Elder,record,1,1,0,0,0,0,0,0,0,0,1,
49005,UT,Cache,none,0,0,0,0,0,0,0,0,0,0,0,
49007,UT,Carbon,none,0,0,0,0,0,0,0,0,0,0,0,
49009,UT,Daggett,record,1,1,0,0,0,0,0,0,0,0,1,
49011,UT,Davis,none,0,0,0,0,0,0,0,0,0,0,0,
49013,UT,Duchesne,record,3,0,0,0,0,0,0,0,0,0,2,
49015,UT,Emery,none,0,0,0,0,0,0,0,0,0,0,0,
49017,UT,Garfield,none,0,0,0,0,0,0,0,0,0,0,0,
49019,UT,Grand,none,0,0,0,0,0,0,0,0,0,0,0,
49021,UT,Iron,record,2,0,0,1,0,0,0,0,0,0,2,
49023,UT,Juab,none,0,0,0,0,0,0,0,0,0,0,0,
49025,UT,Kane,record,1,1,0,0,0,0,0,0,0,0,1,
49027,UT,Millard,none,0,0,0,0,0,0,0,0,0,0,0,
49029,UT,Morgan,none,0,0,0,0,0,0,0,0,0,0,0,
49031,UT,Piute,none,0,0,0,0,0,0,0,0,0,0,0,
49033,UT,Rich,none,0,0,0,0,0,0,0,0,0,0,0,
49035,UT,Salt Lake,none,0,0,0,0,0,0,0,0,0,0,0,
49037,UT,San Juan,none,0,0,0,0,0,0,0,0,0,0,0,
49039,UT,Sanpete,none,0,0,0,0,0,0,0,0,0,0,0,
49041,UT,Sevier,none,0,0,0,0,0,0,0,0,0,0,0,
49043,UT,Summit,none,0,0,0,0,0,0,0,0,0,0,0,
49045,UT,Tooele,record,2,2,0,0,0,0,0,0,0,0,2,
49047,UT,Uintah,none,0,0,0,0,0,0,0,0,0,0,0,
49049,UT,Utah,record,2,2,0,0,0,0,0,0,0,0,1,
49051,UT,Wasatch,none,0,0,0,0,0,0,0,0,0,0,0,
49053,UT,Washington,none,0,0,0,0,0,0,0,0,0,0,0,
49055,UT,Wayne,record,1,0,0,0,0,0,0,0,0,0,1,
49057,UT,Weber,record,2,2,0,0,0,0,0,0,0,0,1,
50001,VT,Addison,record,10,4,0,0,2,0,0,2,0,0,10,
50003,VT,Bennington,record,3,0,0,0,4,3,0,1,2,1,4,
50005,VT,Caledonia,record,3,1,0,0,0,0,0,0,0,0,1,
50007,VT,Chittenden,record,4,2,0,0,0,0,0,0,0,0,2,
50009,VT,Essex,record,3,2,0,0,0,0,0,0,0,0,1,
50011,VT,Franklin,record,3,2,0,0,1,1,0,0,0,0,3,
50013,VT,Grand Isle,record,1,1,0,0,0,0,0,0,0,0,1,
50015,VT,Lamoille,none,0,0,0,0,0,0,0,0,0,0,0,
50017,VT,Orange,record,1,1,0,0,0,0,0,0,0,0,1,
50019,VT,Orleans,record,5,3,0,0,3,2,1,0,1,0,3,
50021,VT,Rutland,record,5,3,0,0,2,1,0,1,0,0,5,
50023,VT,Washington,record,7,6,0,0,0,0,0,0,0,0,7,
50025,VT,Windham,record,5,4,0,0,1,1,0,0,0,0,5,
50027,VT,Windsor,record,5,3,0,0,0,0,0,0,0,0,5,
51001,VA,Accomack,record,1,1,0,0,0,0,0,0,0,0,1,
51003,VA,Albemarle,none,0,0,0,0,0,0,0,0,0,0,0,
51005,VA,Alleghany,none,0,0,0,0,0,0,0,0,0,0,0,
51007,VA,Amelia,record,2,1,0,0,0,0,0,0,0,0,1,
51009,VA,Amherst,record,2,1,0,0,1,1,0,0,1,0,1,
51011,VA,Appomattox,record,1,0,0,0,0,0,0,0,0,0,1,
51013,VA,Arlington,none,0,0,0,0,0,0,0,0,0,0,0,
51015,VA,Augusta,record,1,1,0,0,0,0,0,0,0,0,0,
51017,VA,Bath,none,0,0,0,0,0,0,0,0,0,0,0,
51019,VA,Bedford,none,0,0,0,0,0,0,0,0,0,0,0,
51021,VA,Bland,record,1,0,0,0,0,0,0,0,0,0,1,
51023,VA,Botetourt,record,1,1,0,0,1,0,0,1,1,0,1,
51025,VA,Brunswick,record,1,0,0,0,0,0,0,0,0,0,0,
51027,VA,Buchanan,none,0,0,0,0,0,0,0,0,0,0,0,
51029,VA,Buckingham,record,1,0,0,0,1,0,0,1,0,0,0,
51031,VA,Campbell,none,0,0,0,0,0,0,0,0,0,0,0,
51033,VA,Caroline,record,1,0,0,0,0,0,0,0,0,0,1,
51035,VA,Carroll,none,0,0,0,0,0,0,0,0,0,0,0,
51036,VA,Charles City,none,0,0,0,0,0,0,0,0,0,0,0,
51037,VA,Charlotte,record,1,0,0,0,1,0,0,1,0,0,1,
51041,VA,Chesterfield,none,0,0,0,0,0,0,0,0,0,0,0,
51043,VA,Clarke,record,2,1,0,0,0,0,0,0,0,0,1,
51045,VA,Craig,record,1,0,0,0,0,0,0,0,0,0,1,
51047,VA,Culpeper,record,2,0,0,0,3,3,0,0,0,0,1,
51049,VA,Cumberland,record,2,0,0,0,0,0,0,0,0,0,2,
51051,VA,Dickenson,none,0,0,0,0,0,0,0,0,0,0,0,
51053,VA,Dinwiddie,record,1,0,0,0,1,1,0,0,1,0,1,
51057,VA,Essex,none,0,0,0,0,0,0,0,0,0,0,0,
51059,VA,Fairfax,none,0,0,0,0,0,0,0,0,0,0,0,
51061,VA,Fauquier,record,2,0,0,0,2,2,0,0,1,0,1,
51063,VA,Floyd,none,0,0,0,0,0,0,0,0,0,0,0,
51065,VA,Fluvanna,record,0,0,0,0,1,0,0,1,0,0,0,
51067,VA,Franklin,record,2,0,0,0,0,0,0,0,0,0,1,
51069,VA,Frederick,none,0,0,0,0,0,0,0,0,0,0,0,
51071,VA,Giles,record,3,1,0,0,0,0,0,0,0,0,2,
51073,VA,Gloucester,none,0,0,0,0,0,0,0,0,0,0,0,
51075,VA,Goochland,record,2,0,0,0,0,0,0,0,0,0,1,
51077,VA,Grayson,record,3,2,0,0,0,0,0,0,0,0,2,
51079,VA,Greene,record,1,0,0,0,0,0,0,0,0,0,1,
51081,VA,Greensville,record,1,0,0,0,1,1,0,0,0,0,1,
51083,VA,Halifax,record,2,1,0,0,3,0,0,2,0,0,1,
51085,VA,Hanover,record,1,0,0,0,1,1,0,0,0,0,1,
51087,VA,Henrico,record,3,2,0,0,0,0,0,0,0,0,2,
51089,VA,Henry,record,1,0,0,0,2,1,0,1,1,0,0,
51091,VA,Highland,none,0,0,0,0,0,0,0,0,0,0,0,
51093,VA,Isle of Wight,record,1,0,0,0,2,2,0,0,1,0,0,
51095,VA,James City,record,2,1,0,0,1,1,0,0,0,0,1,
51097,VA,King and Queen,none,0,0,0,0,0,0,0,0,0,0,0,
51099,VA,King George,record,2,0,0,0,1,0,0,1,0,0,1,
51101,VA,King William,record,2,1,0,0,0,0,0,0,0,0,1,
51103,VA,Lancaster,none,0,0,0,0,0,0,0,0,0,0,0,
51105,VA,Lee,none,0,0,0,0,0,0,0,0,0,0,0,
51107,VA,Loudoun,record,1,0,0,0,0,0,0,0,0,0,1,
51109,VA,Louisa,record,1,0,0,0,0,0,0,0,0,0,0,
51111,VA,Lunenburg,record,2,1,0,0,0,0,0,0,0,0,1,
51113,VA,Madison,record,1,1,0,0,0,0,0,0,0,0,0,
51115,VA,Mathews,none,0,0,0,0,0,0,0,0,0,0,0,
51117,VA,Mecklenburg,record,2,1,0,0,4,3,0,1,0,0,1,
51119,VA,Middlesex,record,1,0,0,0,1,1,0,0,0,0,1,
51121,VA,Montgomery,none,0,0,0,0,0,0,0,0,0,0,0,
51125,VA,Nelson,record,1,0,0,0,0,0,0,0,0,0,1,
51127,VA,New Kent,none,0,0,0,0,0,0,0,0,0,0,0,
51131,VA,Northampton,record,2,0,0,0,0,0,0,0,0,0,2,
51133,VA,Northumberland,record,1,0,0,0,0,0,0,0,0,0,1,
51135,VA,Nottoway,record,2,1,0,0,0,0,0,0,0,0,1,
51137,VA,Orange,record,0,0,0,0,3,3,0,0,0,0,0,
51139,VA,Page,record,2,0,0,0,1,1,0,0,0,0,1,
51141,VA,Patrick,record,1,1,0,0,0,0,0,0,0,0,1,
51143,VA,Pittsylvania,record,1,1,0,0,0,0,0,0,0,0,0,
51145,VA,Powhatan,record,0,0,0,0,1,1,0,0,0,0,0,
51147,VA,Prince Edward,record,0,0,0,0,2,2,0,0,0,0,0,
51149,VA,Prince George,record,2,0,0,0,1,1,0,0,0,0,1,
51153,VA,Prince William,none,0,0,0,0,0,0,0,0,0,0,0,
51155,VA,Pulaski,record,2,0,0,0,0,0,0,0,0,0,2,
51157,VA,Rappahannock,none,0,0,0,0,0,0,0,0,0,0,0,
51159,VA,Richmond,record,1,0,0,0,0,0,0,0,0,0,1,
51161,VA,Roanoke,record,1,0,0,0,0,0,0,0,0,0,1,
51163,VA,Rockbridge,none,0,0,0,0,0,0,0,0,0,0,0,
51165,VA,Rockingham,record,2,1,0,0,0,0,0,0,0,0,1,
51167,VA,Russell,none,0,0,0,0,0,0,0,0,0,0,0,
51169,VA,Scott,record,1,0,0,0,0,0,0,0,0,0,1,
51171,VA,Shenandoah,record,3,1,0,0,0,0,0,0,0,0,2,
51173,VA,Smyth,record,3,2,0,0,0,0,0,0,0,0,2,
51175,VA,Southampton,record,2,1,0,0,0,0,0,0,0,0,1,
51177,VA,Spotsylvania,record,0,0,0,0,1,0,0,1,0,0,0,
51179,VA,Stafford,record,2,1,0,0,0,0,0,0,0,0,1,
51181,VA,Surry,record,1,0,0,0,1,1,0,0,1,0,1,
51183,VA,Sussex,record,1,0,0,0,1,1,0,0,0,0,1,
51185,VA,Tazewell,record,2,0,0,0,0,0,0,0,0,0,2,
51187,VA,Warren,record,1,1,0,0,0,0,0,0,0,0,0,
51191,VA,Washington,record,2,1,1,0,1,1,0,0,0,0,2,
51193,VA,Westmoreland,record,1,1,0,0,0,0,0,0,0,0,1,
51195,VA,Wise,none,0,0,0,0,0,0,0,0,0,0,0,
51197,VA,Wythe,none,0,0,0,0,0,0,0,0,0,0,0,
51199,VA,York,none,0,0,0,0,0,0,0,0,0,0,0,
51510,VA,Alexandria,none,0,0,0,0,0,0,0,0,0,0,0,
51520,VA,Bristol,none,0,0,0,0,0,0,0,0,0,0,0,
51530,VA,Buena Vista,none,0,0,0,0,0,0,0,0,0,0,0,
51540,VA,Charlottesville,none,0,0,0,0,0,0,0,0,0,0,0,
51550,VA,Chesapeake,none,0,0,0,0,0,0,0,0,0,0,0,
51570,VA,Colonial Heights,none,0,0,0,0,0,0,0,0,0,0,0,
51580,VA,Covington,none,0,0,0,0,0,0,0,0,0,0,0,
51590,VA,Danville,none,0,0,0,0,0,0,0,0,0,0,0,
51595,VA,Emporia,none,0,0,0,0,0,0,0,0,0,0,0,
51600,VA,Fairfax,none,0,0,0,0,0,0,0,0,0,0,0,
51610,VA,Falls Church,none,0,0,0,0,0,0,0,0,0,0,0,
51620,VA,Franklin,none,0,0,0,0,0,0,0,0,0,0,0,
51630,VA,Fredericksburg,none,0,0,0,0,0,0,0,0,0,0,0,
51640,VA,Galax,none,0,0,0,0,0,0,0,0,0,0,0,
51650,VA,Hampton,none,0,0,0,0,0,0,0,0,0,0,0,
51660,VA,Harrisonburg,none,0,0,0,0,0,0,0,0,0,0,0,
51670,VA,Hopewell,none,0,0,0,0,0,0,0,0,0,0,0,
51678,VA,Lexington,none,0,0,0,0,0,0,0,0,0,0,0,
51680,VA,Lynchburg,none,0,0,0,0,0,0,0,0,0,0,0,
51683,VA,Manassas,none,0,0,0,0,0,0,0,0,0,0,0,
51685,VA,Manassas Park,none,0,0,0,0,0,0,0,0,0,0,0,
51690,VA,Martinsville,none,0,0,0,0,0,0,0,0,0,0,0,
51700,VA,Newport News,none,0,0,0,0,0,0,0,0,0,0,0,
51710,VA,Norfolk,none,0,0,0,0,0,0,0,0,0,0,0,
51720,VA,Norton,none,0,0,0,0,0,0,0,0,0,0,0,
51730,VA,Petersburg,none,0,0,0,0,0,0,0,0,0,0,0,
51735,VA,Poquoson,none,0,0,0,0,0,0,0,0,0,0,0,
51740,VA,Portsmouth,none,0,0,0,0,0,0,0,0,0,0,0,
51750,VA,Radford,none,0,0,0,0,0,0,0,0,0,0,0,
51760,VA,Richmond,none,0,0,0,0,0,0,0,0,0,0,0,
51770,VA,Roanoke,record,2,2,0,0,0,0,0,0,0,0,1,
51775,VA,Salem,none,0,0,0,0,0,0,0,0,0,0,0,
51790,VA,Staunton,none,0,0,0,0,0,0,0,0,0,0,0,
51800,VA,Suffolk,record,1,0,0,0,0,0,0,0,0,0,0,
51810,VA,Virginia Beach,record,0,0,0,0,2,0,0,2,0,0,0,
51820,VA,Waynesboro,none,0,0,0,0,0,0,0,0,0,0,0,
51830,VA,Williamsburg,none,0,0,0,0,0,0,0,0,0,0,0,
51840,VA,Winchester,none,0,0,0,0,0,0,0,0,0,0,0,
53001,WA,Adams,record,2,0,0,0,0,0,0,0,0,0,2,
53003,WA,Asotin,none,0,0,0,0,0,0,0,0,0,0,0,
53005,WA,Benton,record,2,1,0,0,1,0,0,1,0,0,2,
53007,WA,Chelan,none,0,0,0,0,0,0,0,0,0,0,0,
53009,WA,Clallam,none,0,0,0,0,0,0,0,0,0,0,0,
53011,WA,Clark,none,0,0,0,0,0,0,0,0,0,0,0,
53013,WA,Columbia,record,1,0,0,0,0,0,0,0,0,0,1,
53015,WA,Cowlitz,none,0,0,0,0,0,0,0,0,0,0,0,
53017,WA,Douglas,record,0,0,0,0,1,1,0,0,0,0,1,
53019,WA,Ferry,none,0,0,0,0,0,0,0,0,0,0,0,
53021,WA,Franklin,none,0,0,0,0,0,0,0,0,0,0,0,
53023,WA,Garfield,record,1,0,0,0,0,0,0,0,0,0,1,
53025,WA,Grant,record,3,2,0,0,0,0,0,0,0,0,2,
53027,WA,Grays Harbor,none,0,0,0,0,0,0,0,0,0,0,0,
53029,WA,Island,none,0,0,0,0,0,0,0,0,0,0,0,
53031,WA,Jefferson,none,0,0,0,0,0,0,0,0,0,0,0,
53033,WA,King,record,6,6,0,0,0,0,0,0,0,0,0,
53035,WA,Kitsap,record,1,1,0,0,0,0,0,0,0,0,0,
53037,WA,Kittitas,record,2,1,0,0,1,0,1,0,0,0,2,
53039,WA,Klickitat,record,2,0,0,0,3,1,1,1,1,0,2,
53041,WA,Lewis,none,0,0,0,0,0,0,0,0,0,0,0,
53043,WA,Lincoln,record,2,0,0,1,0,0,0,0,0,0,2,
53045,WA,Mason,none,0,0,0,0,0,0,0,0,0,0,0,
53047,WA,Okanogan,record,2,0,0,0,0,0,0,0,0,0,2,
53049,WA,Pacific,record,2,2,0,0,0,0,0,0,0,0,1,
53051,WA,Pend Oreille,none,0,0,0,0,0,0,0,0,0,0,0,
53053,WA,Pierce,record,2,2,0,0,0,0,0,0,0,0,0,
53055,WA,San Juan,none,0,0,0,0,0,0,0,0,0,0,0,
53057,WA,Skagit,record,1,1,0,0,2,0,0,2,0,0,0,
53059,WA,Skamania,none,0,0,0,0,0,0,0,0,0,0,0,
53061,WA,Snohomish,none,0,0,0,0,0,0,0,0,0,0,0,
53063,WA,Spokane,none,0,0,0,0,0,0,0,0,0,0,0,
53065,WA,Stevens,none,0,0,0,0,0,0,0,0,0,0,0,
53067,WA,Thurston,none,0,0,0,0,0,0,0,0,0,0,0,
53069,WA,Wahkiakum,none,0,0,0,0,0,0,0,0,0,0,0,
53071,WA,Walla Walla,none,0,0,0,0,0,0,0,0,0,0,0,
53073,WA,Whatcom,record,1,0,0,0,0,0,0,0,0,0,1,
53075,WA,Whitman,record,1,0,0,0,1,0,0,1,0,0,1,
53077,WA,Yakima,record,2,1,0,0,1,0,0,1,0,0,1,
54001,WV,Barbour,none,0,0,0,0,0,0,0,0,0,0,0,
54003,WV,Berkeley,none,0,0,0,0,0,0,0,0,0,0,0,
54005,WV,Boone,none,0,0,0,0,0,0,0,0,0,0,0,
54007,WV,Braxton,none,0,0,0,0,0,0,0,0,0,0,0,
54009,WV,Brooke,none,0,0,0,0,0,0,0,0,0,0,0,
54011,WV,Cabell,none,0,0,0,0,0,0,0,0,0,0,0,
54013,WV,Calhoun,none,0,0,0,0,0,0,0,0,0,0,0,
54015,WV,Clay,none,0,0,0,0,0,0,0,0,0,0,0,
54017,WV,Doddridge,none,0,0,0,0,0,0,0,0,0,0,0,
54019,WV,Fayette,none,0,0,0,0,0,0,0,0,0,0,0,
54021,WV,Gilmer,none,0,0,0,0,0,0,0,0,0,0,0,
54023,WV,Grant,record,0,0,0,0,1,0,1,0,1,1,0,
54025,WV,Greenbrier,record,1,1,0,0,1,0,1,0,0,1,1,
54027,WV,Hampshire,none,0,0,0,0,0,0,0,0,0,0,0,
54029,WV,Hancock,none,0,0,0,0,0,0,0,0,0,0,0,
54031,WV,Hardy,none,0,0,0,0,0,0,0,0,0,0,0,
54033,WV,Harrison,none,0,0,0,0,0,0,0,0,0,0,0,
54035,WV,Jackson,none,0,0,0,0,0,0,0,0,0,0,0,
54037,WV,Jefferson,none,0,0,0,0,0,0,0,0,0,0,0,
54039,WV,Kanawha,none,0,0,0,0,0,0,0,0,0,0,0,
54041,WV,Lewis,none,0,0,0,0,0,0,0,0,0,0,0,
54043,WV,Lincoln,none,0,0,0,0,0,0,0,0,0,0,0,
54045,WV,Logan,none,0,0,0,0,0,0,0,0,0,0,0,
54047,WV,McDowell,none,0,0,0,0,0,0,0,0,0,0,0,
54049,WV,Marion,none,0,0,0,0,0,0,0,0,0,0,0,
54051,WV,Marshall,none,0,0,0,0,0,0,0,0,0,0,0,
54053,WV,Mason,record,0,0,0,0,1,0,1,0,0,0,0,
54055,WV,Mercer,none,0,0,0,0,0,0,0,0,0,0,0,
54057,WV,Mineral,none,0,0,0,0,0,0,0,0,0,0,0,
54059,WV,Mingo,none,0,0,0,0,0,0,0,0,0,0,0,
54061,WV,Monongalia,none,0,0,0,0,0,0,0,0,0,0,0,
54063,WV,Monroe,none,0,0,0,0,0,0,0,0,0,0,0,
54065,WV,Morgan,none,0,0,0,0,0,0,0,0,0,0,0,
54067,WV,Nicholas,none,0,0,0,0,0,0,0,0,0,0,0,
54069,WV,Ohio,none,0,0,0,0,0,0,0,0,0,0,0,
54071,WV,Pendleton,none,0,0,0,0,0,0,0,0,0,0,0,
54073,WV,Pleasants,none,0,0,0,0,0,0,0,0,0,0,0,
54075,WV,Pocahontas,none,0,0,0,0,0,0,0,0,0,0,0,
54077,WV,Preston,record,0,0,0,0,1,0,0,1,0,0,0,
54079,WV,Putnam,none,0,0,0,0,0,0,0,0,0,0,0,
54081,WV,Raleigh,none,0,0,0,0,0,0,0,0,0,0,0,
54083,WV,Randolph,none,0,0,0,0,0,0,0,0,0,0,0,
54085,WV,Ritchie,none,0,0,0,0,0,0,0,0,0,0,0,
54087,WV,Roane,none,0,0,0,0,0,0,0,0,0,0,0,
54089,WV,Summers,none,0,0,0,0,0,0,0,0,0,0,0,
54091,WV,Taylor,none,0,0,0,0,0,0,0,0,0,0,0,
54093,WV,Tucker,none,0,0,0,0,0,0,0,0,0,0,0,
54095,WV,Tyler,none,0,0,0,0,0,0,0,0,0,0,0,
54097,WV,Upshur,none,0,0,0,0,0,0,0,0,0,0,0,
54099,WV,Wayne,none,0,0,0,0,0,0,0,0,0,0,0,
54101,WV,Webster,none,0,0,0,0,0,0,0,0,0,0,0,
54103,WV,Wetzel,none,0,0,0,0,0,0,0,0,0,0,0,
54105,WV,Wirt,none,0,0,0,0,0,0,0,0,0,0,0,
54107,WV,Wood,none,0,0,0,0,0,0,0,0,0,0,0,
54109,WV,Wyoming,none,0,0,0,0,0,0,0,0,0,0,0,
55001,WI,Adams,none,0,0,0,0,0,0,0,0,0,0,0,
55003,WI,Ashland,none,0,0,0,0,0,0,0,0,0,0,0,
55005,WI,Barron,none,0,0,0,0,0,0,0,0,0,0,0,
55007,WI,Bayfield,none,0,0,0,0,0,0,0,0,0,0,0,
55009,WI,Brown,record,1,1,0,0,1,1,0,0,0,0,1,
55011,WI,Buffalo,record,2,0,0,0,0,0,0,0,0,0,2,
55013,WI,Burnett,none,0,0,0,0,0,0,0,0,0,0,0,
55015,WI,Calumet,record,0,0,0,0,0,0,0,0,0,0,1,
55017,WI,Chippewa,none,0,0,0,0,0,0,0,0,0,0,0,
55019,WI,Clark,record,1,1,0,0,0,0,0,0,0,0,0,
55021,WI,Columbia,record,5,2,0,0,1,0,0,0,1,0,2,
55023,WI,Crawford,none,0,0,0,0,0,0,0,0,0,0,0,
55025,WI,Dane,record,3,2,0,0,0,0,0,0,0,0,0,
55027,WI,Dodge,none,0,0,0,0,0,0,0,0,0,0,0,
55029,WI,Door,record,0,0,0,1,0,0,0,0,0,0,0,
55031,WI,Douglas,none,0,0,0,0,0,0,0,0,0,0,0,
55033,WI,Dunn,record,0,0,0,0,1,0,0,1,0,0,0,
55035,WI,Eau Claire,none,0,0,0,0,0,0,0,0,0,0,0,
55037,WI,Florence,none,0,0,0,0,0,0,0,0,0,0,0,
55039,WI,Fond du Lac,none,0,0,0,0,0,0,0,0,0,0,0,
55041,WI,Forest,none,0,0,0,0,0,0,0,0,0,0,0,
55043,WI,Grant,record,1,0,0,0,3,0,1,2,1,0,1,
55045,WI,Green,record,2,0,0,0,1,0,0,1,0,0,2,
55047,WI,Green Lake,none,0,0,0,0,0,0,0,0,0,0,0,
55049,WI,Iowa,record,0,0,0,0,1,0,0,1,0,0,0,
55051,WI,Iron,none,0,0,0,0,0,0,0,0,0,0,0,
55053,WI,Jackson,record,1,0,0,0,0,0,0,0,0,0,1,
55055,WI,Jefferson,record,1,0,0,0,1,0,0,1,0,0,1,
55057,WI,Juneau,none,0,0,0,0,0,0,0,0,0,0,0,
55059,WI,Kenosha,record,2,1,0,0,0,0,0,0,0,0,1,
55061,WI,Kewaunee,none,0,0,0,0,0,0,0,0,0,0,0,
55063,WI,La Crosse,record,0,0,0,0,0,0,0,0,0,0,1,
55065,WI,Lafayette,record,1,0,0,0,1,0,0,1,0,0,1,
55067,WI,Langlade,none,0,0,0,0,0,0,0,0,0,0,0,
55069,WI,Lincoln,none,0,0,0,0,0,0,0,0,0,0,0,
55071,WI,Manitowoc,record,2,1,0,0,1,1,0,0,0,0,1,
55073,WI,Marathon,record,10,10,0,0,0,0,0,0,0,0,2,
55075,WI,Marinette,none,0,0,0,0,0,0,0,0,0,0,0,
55077,WI,Marquette,record,1,0,0,0,0,0,0,0,0,0,1,
55078,WI,Menominee,none,0,0,0,0,0,0,0,0,0,0,0,
55079,WI,Milwaukee,none,0,0,0,0,0,0,0,0,0,0,0,
55081,WI,Monroe,record,1,0,0,1,0,0,0,0,0,0,1,
55083,WI,Oconto,record,0,0,0,0,1,0,0,1,0,0,0,
55085,WI,Oneida,none,0,0,0,0,0,0,0,0,0,0,0,
55087,WI,Outagamie,none,0,0,0,0,0,0,0,0,0,0,0,
55089,WI,Ozaukee,none,0,0,0,0,0,0,0,0,0,0,0,
55091,WI,Pepin,none,0,0,0,0,0,0,0,0,0,0,0,
55093,WI,Pierce,record,2,1,0,0,0,0,0,0,0,0,2,
55095,WI,Polk,record,1,0,0,0,0,0,0,0,0,0,1,
55097,WI,Portage,record,1,0,0,0,1,0,0,1,1,0,1,
55099,WI,Price,none,0,0,0,0,0,0,0,0,0,0,0,
55101,WI,Racine,record,1,0,0,0,0,0,0,0,0,0,1,
55103,WI,Richland,none,0,0,0,0,0,0,0,0,0,0,0,
55105,WI,Rock,record,1,1,0,0,0,0,0,0,0,0,0,
55107,WI,Rusk,none,0,0,0,0,0,0,0,0,0,0,0,
55109,WI,St. Croix,record,0,0,0,0,1,1,0,0,0,0,0,
55111,WI,Sauk,record,2,1,0,0,0,0,0,0,0,0,2,
55113,WI,Sawyer,record,3,3,0,0,0,0,0,0,0,0,2,
55115,WI,Shawano,none,0,0,0,0,0,0,0,0,0,0,0,
55117,WI,Sheboygan,none,0,0,0,0,0,0,0,0,0,0,0,
55119,WI,Taylor,none,0,0,0,0,0,0,0,0,0,0,0,
55121,WI,Trempealeau,record,2,1,0,0,0,0,0,0,0,0,1,
55123,WI,Vernon,none,0,0,0,0,0,0,0,0,0,0,0,
55125,WI,Vilas,record,0,0,0,1,0,0,0,0,0,0,0,
55127,WI,Walworth,record,1,0,0,0,1,0,0,1,0,0,1,
55129,WI,Washburn,none,0,0,0,0,0,0,0,0,0,0,0,
55131,WI,Washington,none,0,0,0,0,0,0,0,0,0,0,0,
55133,WI,Waukesha,none,0,0,0,0,0,0,0,0,0,0,0,
55135,WI,Waupaca,record,1,1,0,0,0,0,0,0,0,0,1,
55137,WI,Waushara,record,2,1,0,0,0,0,0,0,0,0,2,
55139,WI,Winnebago,record,1,0,0,0,0,0,0,0,0,0,1,
55141,WI,Wood,none,0,0,0,0,0,0,0,0,0,0,0,
56001,WY,Albany,record,2,0,0,0,2,0,1,1,1,3,2,
56003,WY,Big Horn,none,0,0,0,0,0,0,0,0,0,0,0,
56005,WY,Campbell,record,1,0,0,0,0,0,0,0,0,0,1,
56007,WY,Carbon,none,0,0,0,0,0,0,0,0,0,0,0,
56009,WY,Converse,record,2,1,0,0,2,0,1,1,1,1,2,
56011,WY,Crook,record,1,1,0,0,0,0,0,0,0,0,1,
56013,WY,Fremont,record,3,1,0,0,0,0,0,0,0,0,2,
56015,WY,Goshen,record,3,2,0,0,0,0,0,0,0,0,2,
56017,WY,Hot Springs,record,1,0,0,0,0,0,0,0,0,0,1,
56019,WY,Johnson,none,0,0,0,0,0,0,0,0,0,0,0,
56021,WY,Laramie,record,1,0,0,0,1,0,0,1,0,0,1,
56023,WY,Lincoln,record,1,0,0,0,0,0,0,0,0,0,1,
56025,WY,Natrona,record,2,0,0,0,1,1,0,0,0,0,2,
56027,WY,Niobrara,record,0,0,0,0,1,0,0,1,0,0,0,
56029,WY,Park,record,2,0,0,0,0,0,0,0,0,0,2,
56031,WY,Platte,record,2,0,0,0,0,0,0,0,0,0,2,
56033,WY,Sheridan,record,3,2,0,0,0,0,0,0,0,0,2,
56035,WY,Sublette,record,1,0,0,0,0,0,0,0,0,0,1,
56037,WY,Sweetwater,record,3,2,1,0,0,0,0,0,0,0,2,
56039,WY,Teton,none,0,0,0,0,0,0,0,0,0,0,0,
56041,WY,Uinta,record,2,1,0,0,0,0,0,0,0,0,1,
56043,WY,Washakie,none,0,0,0,0,0,0,0,0,0,0,0,
56045,WY,Weston,none,0,0,0,0,0,0,0,0,0,0,0,
72001,,Adjuntas,none,0,0,0,0,0,0,0,0,0,0,0,
72003,,Aguada,none,0,0,0,0,0,0,0,0,0,0,0,
72005,,Aguadilla,none,0,0,0,0,0,0,0,0,0,0,0,
72007,,Aguas Buenas,none,0,0,0,0,0,0,0,0,0,0,0,
72009,,Aibonito,none,0,0,0,0,0,0,0,0,0,0,0,
72011,,Añasco,none,0,0,0,0,0,0,0,0,0,0,0,
72013,,Arecibo,none,0,0,0,0,0,0,0,0,0,0,0,
72015,,Arroyo,none,0,0,0,0,0,0,0,0,0,0,0,
72017,,Barceloneta,none,0,0,0,0,0,0,0,0,0,0,0,
72019,,Barranquitas,none,0,0,0,0,0,0,0,0,0,0,0,
72021,,Bayamón,none,0,0,0,0,0,0,0,0,0,0,0,
72023,,Cabo Rojo,none,0,0,0,0,0,0,0,0,0,0,0,
72025,,Caguas,none,0,0,0,0,0,0,0,0,0,0,0,
72027,,Camuy,none,0,0,0,0,0,0,0,0,0,0,0,
72029,,Canóvanas,none,0,0,0,0,0,0,0,0,0,0,0,
72031,,Carolina,none,0,0,0,0,0,0,0,0,0,0,0,
72033,,Cataño,none,0,0,0,0,0,0,0,0,0,0,0,
72035,,Cayey,none,0,0,0,0,0,0,0,0,0,0,0,
72037,,Ceiba,none,0,0,0,0,0,0,0,0,0,0,0,
72039,,Ciales,none,0,0,0,0,0,0,0,0,0,0,0,
72041,,Cidra,none,0,0,0,0,0,0,0,0,0,0,0,
72043,,Coamo,none,0,0,0,0,0,0,0,0,0,0,0,
72045,,Comerío,none,0,0,0,0,0,0,0,0,0,0,0,
72047,,Corozal,none,0,0,0,0,0,0,0,0,0,0,0,
72049,,Culebra,none,0,0,0,0,0,0,0,0,0,0,0,
72051,,Dorado,none,0,0,0,0,0,0,0,0,0,0,0,
72053,,Fajardo,none,0,0,0,0,0,0,0,0,0,0,0,
72054,,Florida,none,0,0,0,0,0,0,0,0,0,0,0,
72055,,Guánica,none,0,0,0,0,0,0,0,0,0,0,0,
72057,,Guayama,none,0,0,0,0,0,0,0,0,0,0,0,
72059,,Guayanilla,none,0,0,0,0,0,0,0,0,0,0,0,
72061,,Guaynabo,none,0,0,0,0,0,0,0,0,0,0,0,
72063,,Gurabo,none,0,0,0,0,0,0,0,0,0,0,0,
72065,,Hatillo,none,0,0,0,0,0,0,0,0,0,0,0,
72067,,Hormigueros,none,0,0,0,0,0,0,0,0,0,0,0,
72069,,Humacao,none,0,0,0,0,0,0,0,0,0,0,0,
72071,,Isabela,none,0,0,0,0,0,0,0,0,0,0,0,
72073,,Jayuya,none,0,0,0,0,0,0,0,0,0,0,0,
72075,,Juana Díaz,none,0,0,0,0,0,0,0,0,0,0,0,
72077,,Juncos,none,0,0,0,0,0,0,0,0,0,0,0,
72079,,Lajas,none,0,0,0,0,0,0,0,0,0,0,0,
72081,,Lares,none,0,0,0,0,0,0,0,0,0,0,0,
72083,,Las Marías,none,0,0,0,0,0,0,0,0,0,0,0,
72085,,Las Piedras,none,0,0,0,0,0,0,0,0,0,0,0,
72087,,Loíza,none,0,0,0,0,0,0,0,0,0,0,0,
72089,,Luquillo,none,0,0,0,0,0,0,0,0,0,0,0,
72091,,Manatí,none,0,0,0,0,0,0,0,0,0,0,0,
72093,,Maricao,none,0,0,0,0,0,0,0,0,0,0,0,
72095,,Maunabo,none,0,0,0,0,0,0,0,0,0,0,0,
72097,,Mayagüez,none,0,0,0,0,0,0,0,0,0,0,0,
72099,,Moca,none,0,0,0,0,0,0,0,0,0,0,0,
72101,,Morovis,none,0,0,0,0,0,0,0,0,0,0,0,
72103,,Naguabo,none,0,0,0,0,0,0,0,0,0,0,0,
72105,,Naranjito,none,0,0,0,0,0,0,0,0,0,0,0,
72107,,Orocovis,none,0,0,0,0,0,0,0,0,0,0,0,
72109,,Patillas,none,0,0,0,0,0,0,0,0,0,0,0,
72111,,Peñuelas,none,0,0,0,0,0,0,0,0,0,0,0,
72113,,Ponce,none,0,0,0,0,0,0,0,0,0,0,0,
72115,,Quebradillas,none,0,0,0,0,0,0,0,0,0,0,0,
72117,,Rincón,none,0,0,0,0,0,0,0,0,0,0,0,
72119,,Río Grande,none,0,0,0,0,0,0,0,0,0,0,0,
72121,,Sabana Grande,none,0,0,0,0,0,0,0,0,0,0,0,
72123,,Salinas,none,0,0,0,0,0,0,0,0,0,0,0,
72125,,San Germán,none,0,0,0,0,0,0,0,0,0,0,0,
72127,,San Juan,none,0,0,0,0,0,0,0,0,0,0,0,
72129,,San Lorenzo,none,0,0,0,0,0,0,0,0,0,0,0,
72131,,San Sebastián,none,0,0,0,0,0,0,0,0,0,0,0,
72133,,Santa Isabel,none,0,0,0,0,0,0,0,0,0,0,0,
72135,,Toa Alta,none,0,0,0,0,0,0,0,0,0,0,0,
72137,,Toa Baja,none,0,0,0,0,0,0,0,0,0,0,0,
72139,,Trujillo Alto,none,0,0,0,0,0,0,0,0,0,0,0,
72141,,Utuado,none,0,0,0,0,0,0,0,0,0,0,0,
72143,,Vega Alta,none,0,0,0,0,0,0,0,0,0,0,0,
72145,,Vega Baja,none,0,0,0,0,0,0,0,0,0,0,0,
72147,,Vieques,none,0,0,0,0,0,0,0,0,0,0,0,
72149,,Villalba,none,0,0,0,0,0,0,0,0,0,0,0,
72151,,Yabucoa,none,0,0,0,0,0,0,0,0,0,0,0,
72153,,Yauco,none,0,0,0,0,0,0,0,0,0,0,0,
