canonical_id,canonical_name,variants,n_projects,states,first_seen,last_seen,source_urls
grp_dfcf912b,17 for Peace and Justice,17 for Peace and Justice,1,MD,2025-09-01,2025-09-01,https://foxbaltimore.com/news/local/prince-georges-county-data-centers-zoning-electric-grid-energy-maryland; https://marylandmatters.org/2025/09/17/prince-georges-county-moves-to-put-data-center-development-on-pause/; https://commercialobserver.com/2025/09/data-center-pause-prince-george-maryland/; https://dbknews.com/2025/12/04/prince-georges-county-data-centers/
grp_d7fd1b5e,230+ environmental groups coalition,230+ environmental groups coalition,1,DC,2026-03-25,2026-03-25,https://www.sanders.senate.gov/press-releases/news-sanders-yes-we-need-a-moratorium-on-data-center-construction/; https://www.commondreams.org/news/denver-data-center; https://www.cnbc.com/2026/01/01/ai-data-centers-bernie-sanders-ron-desantis-electricity-prices.html; https://www.foodandwaterwatch.org/2025/12/08/230-groups-call-for-national-moratorium-on-new-data-centers/; https://www.foodandwaterwatch.org/wp-content/uploads/2025/12/National-Data-Center-Moratorium.pdf; https://www.commondreams.org/news/bernie-sanders-data-centers; https://techcrunch.com/2025/12/08/environmental-groups-call-for-halt-to-new-data-center-construction/; https://www.sanders.senate.gov/press-releases/news-sanders-ocasio-cortez-announce-ai-data-center-moratorium-act/; https://thehill.com/policy/technology/5801008-ai-data-center-moratorium-act/; https://www.axios.com/2026/03/25/sanders-aoc-data-center-moratorium-bill; https://www.congress.gov/bill/119th-congress/senate-bill/4214
grp_c3cb4eb0,2871 Community Coalition,2871 Community Coalition,1,TX,2025-01-01,2025-01-01,https://fortworthreport.org/2026/02/11/10b-data-center-hits-wall-after-fort-worth-leaders-cite-resources-land-usage-concerns/; https://www.wfaa.com/article/news/local/tarrant-county/fort-worth-council-delays-proposed-450-acre-data-center-rezoning-vote/287-3ac6b783-f553-47d5-8106-b009d799bec5; https://www.nbcdfw.com/news/local/fort-worth-data-center-zoning-approval/3649273/; https://www.govtech.com/infrastructure/fort-worth-data-center-approved-over-residents-opposition; https://www.keranews.org/environment-nature/2025-10-01/data-center-on-431-acres-in-southeast-fort-worth-moving-forward-amid-environmental-concerns
grp_e22e4ba8,350 Wisconsin,350 Wisconsin,1,WI,2025-12-08,2025-12-08,https://spectrumnews1.com/wi/milwaukee/news/2025/12/09/yorkville--backup-data-center--update; https://biztimes.com/yorkville-puts-up-a-hard-no-on-data-center-talk/; https://wtmj.com/news/2025/12/23/a-look-back-at-wisconsins-year-of-the-data-center/; https://shepherdexpress.com/news/features/the-struggle-against-hyperscale-data-centers-across-wisconsin/; https://www.cnbc.com/2025/11/25/microsoft-ai-data-center-rejection-vs-support.html; https://racinecountyeye.com/2026/02/11/psc-data-center-hearing-oppose/; https://spectrumnews1.com/wi/milwaukee/news/2025/12/05/microsoft-backup-data-center-racine-county
grp_283944b2,50501 Madison,50501 Madison,1,WI,2025-12-08,2025-12-08,https://spectrumnews1.com/wi/milwaukee/news/2025/12/09/yorkville--backup-data-center--update; https://biztimes.com/yorkville-puts-up-a-hard-no-on-data-center-talk/; https://wtmj.com/news/2025/12/23/a-look-back-at-wisconsins-year-of-the-data-center/; https://shepherdexpress.com/news/features/the-struggle-against-hyperscale-data-centers-across-wisconsin/; https://www.cnbc.com/2025/11/25/microsoft-ai-data-center-rejection-vs-support.html; https://racinecountyeye.com/2026/02/11/psc-data-center-hearing-oppose/; https://spectrumnews1.com/wi/milwaukee/news/2025/12/05/microsoft-backup-data-center-racine-county
grp_e6039f9e,7 Directions of Service,7 Directions of Service,1,NC,2026-01-12,2026-01-12,https://ncnewsline.com/2026/03/13/community-groups-sue-over-planned-data-center-in-stokes-county/; https://www.northcarolinahealthnews.org/2026/03/25/nc-communities-push-back-ai-data-centers-project-delta-lawsuit/; https://www.selc.org/press-release/community-groups-residents-file-lawsuit-over-stokes-county-data-center-rezoning/; https://southerncoalition.org/community-groups-residents-file-lawsuit-over-stokes-county-data-center-rezoning/; https://insideclimatenews.org/news/19032026/north-carolina-county-data-center-rezoning-lawsuit/; https://cwfnc.org/stokes/; https://www.theassemblync.com/news/environment/data-center-rezoning-stokes-county/; https://www.wunc.org/2026-03-16/developer-responds-to-lawsuit-challenging-stokes-data-center; https://www.africanelements.org/news/why-walnut-cove-is-suing-to-stop-project-delta-ai-centers/; https://www.wsoctv.com/news/local/nc-neighbors-suing-protect-farmland-rezoning-data-center/4FMVUKUJ7VBAJBV46OBDT75SYU/; https://journalnow.com/news/local/government-politics/article_e3217294-5ef8-4039-881e-8e2fb1818e16.html; https://journalnow.com/news/local/business/development/article_ecd6167b-aac8-4828-81e1-3d50a447416d.html; https://www.wunc.org/2026-03-05/data-center-approval-looms-over-stokes-county-primary-results; https://nclcv.org/cib03162026-data-centers-tipping-point/; https://www.wfmynews2.com/article/news/local/stokes-county-commissioners-reject-data-center-moratorium-project-delta-looms/83-dd17b48a-79f1-442c-a13c-afca1868db37; https://www.wfdd.org/politics-government/2026-07-14/stokes-commission-rejects-six-month-data-center-moratorium
grp_2407a33d,AARP Colorado,AARP Colorado,1,CO,2026-02-01,2026-02-01,https://leg.colorado.gov/bills/HB26-1030; https://coloradonewsline.com/2026/01/21/tax-breaks-for-data-centers-colorado/; https://coloradosun.com/2026/02/23/proposed-data-center-tax-breaks-would-increase-taxes-poor-coloradans-analysis/; https://gazette.com/2026/05/12/colorado-lawmakers-kill-both-major-data-center-bills/
grp_c125c915,Acadia Center,Acadia Center,1,MA,2026-02-24,2026-02-24,https://www.boston.com/news/local-news/2026/04/08/everett-restricts-data-centers-development/; https://www.wbur.org/news/2026/04/06/data-centers-ai-massachusetts-pollution-pushback
grp_2dbfd6c5,Action St. Louis,Action St. Louis,1,MO,2026-04-21,2026-04-21,https://www.stlpr.org/government-politics-issues/2026-03-31/st-louis-mayor-cara-spencer-armory-data-center-zoning; https://www.ksdk.com/article/news/local/mayor-cara-spencer-city-board-postpone-vote-armory-data-center/63-4586cc07-32c7-46ad-a71b-5a92ba7b4323; https://www.change.org/p/no-more-data-centers-in-st-louis; https://www.stlpr.org/government-politics-issues/2026-04-21/data-center-project-near-armory-final-approval-st-louis; https://www.stlmag.com/news/midtown-data-center-armory-board-of-public-service/; https://www.stlouis-mo.gov/government/departments/mayor/news/data-center-permit-approved.cfm
grp_d6534e06,Adair County Residents (ad hoc),Adair County Residents (ad hoc),1,IA,2024-04-24,2024-04-24,https://www.datacenterdynamics.com/en/news/applied-digital-faces-opposition-to-planned-data-center-in-adair-county-iowa/; https://westerniowatoday.com/2024/04/10/adair-county-supervisors-discuss-proposed-data-center-and-set-public-hearing-on-an-ordinance-creating-setbacks/
grp_1c5068e4,Adams County for Responsible Development,Adams County for Responsible Development,2,OH,2026-03-01,2026-03-09,https://www.foodandwaterwatch.org/2026/03/09/monroe-township-oh-unanimously-passes-data-center-moratorium/; https://www.wcpo.com/news/local-news/i-team/adams-county-data-center-gets-federal-permit-as-voters-sign-petitions-to-block-it; https://wysu.org/ohio-news/2026-03-26/proposed-amendment-to-ban-huge-data-centers-in-ohio-can-move-to-next-step; https://local12.com/news/local/brown-county-group-seeks-constitutional-ban-certain-data-centers-petition-petitions-amendment-amend-constitution-ohio-hamilton-county-cincinnati-construction-prohibit-banned-banning-signatrues-mount-orab-mega-site; https://woub.org/2026/03/26/proposed-constitutional-amendment-banning-large-scale-data-centers-statewide-moving-forward/; https://www.statenews.org/government-politics/2026-03-18/group-proposes-constitutional-amendment-to-ban-huge-ai-data-centers-in-ohio; https://www.statenews.org/government-politics/2026-03-26/proposed-amendment-to-ban-huge-data-centers-in-ohio-can-move-to-next-step; https://www.theregister.com/2026/03/18/ohio_datacenter_petition/
grp_9c7bd164,Adams County Residents for Responsible Development,Adams County Residents for Responsible Development,1,OH,2026-02-01,2026-02-01,https://www.wcpo.com/news/local-news/i-team/adams-county-data-center-could-be-one-of-ohios-biggest-power-guzzlers; https://www.peoplesdefender.com/2026/02/12/data-center-debate-emerges-in-adams-county-amid-calls-for-transparency/; https://www.fox19.com/2026/02/19/manchester-residents-voice-concerns-over-potential-data-center-construction/; https://www.wcpo.com/news/local-news/adams-county/adams-county-residents-voice-skepticism-concerns-over-proposed-data-center-projects-at-community-meeting; https://www.wcpo.com/news/local-news/i-team/adams-county-touts-demolished-power-plants-as-the-best-place-for-data-centers; https://www.wcpo.com/news/local-news/i-team/adams-county-data-center-gets-federal-permit-as-voters-sign-petitions-to-block-it
grp_0226012f,Ahwatukee Foothills Residents Against Data Centers,Ahwatukee Foothills Residents Against Data Centers,1,AZ,2026-02-24,2026-02-24,https://www.azfamily.com/2026/02/24/ahwatukee-residents-push-back-approved-1-million-square-foot-data-center/; https://www.ahwatukee.com/news/hobbs-wants-data-center-gifts-axed-in-arizona/article_d641aebc-3c1b-476a-b23c-d8955ba01950.html
grp_ed580f34,Alabama Citizens Against Data Centers,Alabama Citizens Against Data Centers,1,AL,2026-07-13,2026-07-13,https://www.alabamagazette.com/story/2026/07/13/news/doug-jones-tells-data-center-protestors-moratorium-is-the-word/11821.html
grp_81ea65ba,Alabama Rivers Alliance,Alabama Rivers Alliance,2,AL,2026-03-03,2026-07-13,https://www.birminghamal.gov/news/city-birmingham-proposes-temporary-pause-new-data-center-applications; https://birminghamwatch.org/2026/01/13/birmingham-leaders-weigh-180-day-moratorium-on-data-centers-amid-power-and-water-concerns/; https://gaspgroup.org/birmingham-residents-must-stay-engaged-on-the-proposed-data-center/; https://alabamarivers.org/bcc/; https://birminghamwatch.org/2026/03/03/birmingham-council-enacts-temporary-ban-on-large-data-centers/; https://www.birminghamtimes.com/2026/03/birmingham-city-council-imposes-temporary-freeze-on-data-centers/; https://abc3340.com/news/local/birmingham-halts-new-data-center-projects-with-six-month-moratorium-city-of-birmingham-council-public-hearing-data-centers-zoning-land-use-regulations-review-infrastructure-demands-development; https://yellowhammernews.com/permit-filed-for-multibillion-dollar-75-acre-data-center-in-birmingham/; https://www.wbrc.com/2026/03/04/birmingham-city-council-votes-pause-new-data-center-applications-six-months/; https://1819news.com/news/item/data-center-company-nebius-buys-79-acres-in-birmingham-in-90-million-deal; https://insideclimatenews.org/news/25092025/naacp-opposes-massive-alabama-data-center/; https://alabamareflector.com/2025/10/12/bessemer-changes-its-laws-to-accommodate-data-centers-despite-stiff-opposition/; https://naacp.org/articles/naacp-issues-letter-opposing-project-marvel-data-center-alabama-growing-concerns; https://wordinblack.com/2025/09/alabama-data-center-is-hush-hush/; https://www.wbrc.com/2025/11/19/bessemer-city-council-approves-149-billion-data-center-project-despite-transparency-concerns/; https://www.africanelements.org/news/data-centers-environmental-racism-and-the-fight-for-community-power-in-bessemer-alabama/; https://alabamarivers.org/project-marvel/; https://abc3340.com/news/abc-3340-news-iteam/bessemer-rezoning-fight-continues-over-proposed-data-center-court-hearing-complaint-motion-to-dismiss-response-legal-ruling-complaint-amendment-dispute-follow-up; https://www.datacenterdynamics.com/en/news/700-acre-data-center-in-bessemer-alabama-approved-despite-opposition/; https://www.wbrc.com/2026/07/13/environmental-groups-question-nda-tied-proposed-project-marvel-data-center-bessemer/; https://www.wbhm.org/local-news/2026-07-14/document-shows-bessemer-data-center-non-disclosure-agreement-required-officials-to-destroy-records; https://insideclimatenews.org/news/13072026/alabama-data-center-non-disclosure-agreement/; https://www.wbrc.com/2026/07/15/tuberville-reaffirms-data-center-support-says-opposition-driven-by-china/; https://tuscaloosathread.com/alabama-data-center-election-debate/
grp_b0704005,Alaska Public Interest Research Group,Alaska Public Interest Research Group,2,AK,2026-03-27,2026-07-07,https://www.dwt.com/blogs/energy--environmental-law-blog/2026/04/anchorage-adopts-data-center-framework; https://www.adn.com/alaska-news/anchorage/2026/03/27/anchorage-assembly-preemptively-adopts-data-center-regulations/; https://broadbandbreakfast.com/anchorage-blocks-new-data-centers-in-residential-zones/; https://www.adn.com/business-economy/2026/07/07/data-center-critics-flood-alaska-land-managers-with-opposition-to-north-slope-project/; https://alaskabeacon.com/2026/07/06/data-center-critics-flood-alaska-land-managers-with-opposition-to-north-slope-project/
grp_daf12881,Alliance for a Better Utah,Alliance for a Better Utah,1,UT,2026-06-04,2026-06-04,https://www.sltrib.com/news/2026/06/04/lawsuit-mida-box-elder-leaders/; https://utahnewsdispatch.com/2026/06/05/nonprofits-lawsuit-challenges-not-only-stratos-project-but-midas-code/; https://www.nbcnews.com/tech/tech-news/utah-residents-sue-officials-kevin-oleary-data-center-plan-rcna348720; https://www.fox13now.com/news/local-news/box-elder-county/lawsuit-claims-mida-and-box-elder-county-violated-rights-in-data-center-plan; https://kutv.com/news/local/non-profit-sues-mida-utah-lawmakers-for-unconstitutional-box-elder-data-center-plans
grp_b484ceba,Alliance for Affordable Energy,Alliance for Affordable Energy,7,LA,2025-04-04,2026-03-25,https://www.govtech.com/artificial-intelligence/judge-dismisses-challenge-to-metas-louisiana-data-center; https://www.nola.com/news/environment/meta-data-center-ai-louisiana-entergy-facebook/article_3200c9e6-d23c-469a-84a9-c8256551b6af.html; https://www.thecentersquare.com/louisiana/article_8d1be11e-90bf-440b-af95-1f6395b75f27.html; https://lailluminator.com/2025/12/19/electricity-data-centers/; https://www.ksla.com/2025/12/15/commissioner-introduce-proposed-rules-large-electric-loads-amid-data-center-expansion/; https://www.wwno.org/coastal-desk/2025-12-17/in-tense-meeting-louisiana-psc-fast-tracks-pathway-for-large-projects-like-data-centers; https://thelensnola.org/2026/02/18/louisiana-lightning-amendment-ai-data-centers-ratepayer-costs/; https://blog.ucs.org/paul-arbaje/louisiana-regulators-try-to-shut-public-out-of-data-center-policymaking-again/; https://earthjustice.org/press/2026/louisiana-regulators-asked-to-investigate-shady-meta-financing-deal-that-could-leave-households-paying-for-tech-giants-electricity; https://earthjustice.org/wp-content/uploads/2026/01/u-37425-motion-to-investigate-meta-hyperion-data-center-project.pdf; https://www.all4energy.org/wp-content/uploads/2026/01/2026-01-14-U-37425-AAE-UCS-Mtn-for-Investigation.pdf; https://www.rtoinsider.com/123510-earthjustice-change-louisiana-meta-data-center-funding-fishy/; https://ieefa.org/resources/ieefa-submits-testimony-louisiana-public-service-commission; https://earthjustice.org/press/2026/consumer-groups-alarmed-as-louisiana-psc-declines-to-take-up-probe-into-meta-risky-financing-deal; https://lailluminator.com/2026/02/27/no-investigation-of-data-center-ownership-transfer/; https://www.nola.com/news/environment/meta-data-center-louisiana-ai-entergy/article_4c0c0e8c-bf32-4a3c-8021-ae739a0ba912.html; https://www.ucs.org/about/news/louisiana-wont-investigate-risky-meta-data-center-financing; https://finance.yahoo.com/news/louisiana-utility-regulator-denies-request-190254705.html; https://thelensnola.org/2026/04/14/meta-project-evest-louisiana-energy-expansion-costs-entergy/; https://www.wrkf.org/2026-04-14/entergy-wants-to-fast-track-21b-meta-deal-as-psc-commissioner-advocates-sound-alarm; https://san.com/cc/in-race-for-ai-data-centers-regulators-move-to-fast-track-louisiana-gas-plants/; https://thelensnola.org/2026/04/03/meta-entergy-louisiana-power-plants-ai-data-centers-2/; https://fortune.com/2026/02/04/meta-hyperion-ai-data-center-louisiana-expansion/; https://fortune.com/2026/03/26/meta-ai-data-center-hyperion-louisiana/; https://fortune.com/2026/03/27/meta-hyperion-10-gas-power-plants-louisiana-entergy/; https://thelensnola.org/2026/03/30/meta-triples-order-of-gas-fired-power-plants-for-its-ai-campus-in-louisiana/; https://www.datacenterdynamics.com/en/news/meta-purchases-additional-1400-acres-for-hyperion-mega-data-center-expansion/; https://www.enr.com/articles/62766-27b-meta-data-center-pushes-louisiana-toward-massive-power-expansion; https://www.wwno.org/local-regional-news/2025-11-19/construction-on-metas-largest-data-center-brings-600-crash-spike-chaos-to-rural-louisiana; https://www.cbsnews.com/news/meta-ai-data-center-richland-parish-louisiana-energy-costs/; https://www.sierraclub.org/sierra/rural-louisiana-meta-s-new-data-center-promises-growth-what-cost; https://prospect.org/2025/12/22/demands-for-data-center-moratoriums-surge/; https://www.entergy.com/news/entergy-louisiana-receives-lpsc-approval-for-major-infrastructure-investments-to-support-metas-data-center-and-improve-reliability; https://lailluminator.com/2025/08/20/entergy-meta/; https://southernrenewable.org/news-updates/srea-statement-on-settlement-in-louisiana-public-service-commission-docket-regarding-new-meta-data-center; https://lpscpubvalence.lpsc.louisiana.gov/portal/PSC/DocketDetails?docketId=32146; https://www.entergy.com/news/entergy-louisiana-announces-a-new-agreement-with-meta-that-will-deliver-an-additional-2b-in-customer-savings; https://lailluminator.com/2025/11/22/meta-data-center-crashes/; https://veritenews.org/2025/11/20/louisiana-meta-data-center-construction-vehicle-crashes/; https://capitalbnews.org/meta-richland-parish-ai-data-center/; https://thelensnola.org/2026/01/29/meta-datacenter-louisiana-corruption-water-power-utilities/; https://datacenters.atmeta.com/2026/07/deepening-our-investment-in-richland-parish-louisiana/; https://www.datacenterdynamics.com/en/news/meta-expands-data-center-campus-in-richland-parish-louisiana-to-5gw-will-invest-50bn/; https://thehayride.com/2026/07/current-data-center-projects-may-be-exempt-from-louisiana-rule/; https://www.ucs.org/about/news/judge-orders-meta-explain-new-gas-demand-hyperscale-louisiana-data-center; https://www.wrkf.org/2026-07-14/meta-is-investing-40b-more-to-expand-richland-parish-data-center-project; https://www.krvs.org/louisiana-news/2026-07-14/meta-is-investing-40b-more-to-expand-richland-parish-data-center-project; https://thelensnola.org/2026/07/17/meta-data-center-louisiana-churches-faith-racial-inequality/; https://www.baltimoresun.com/2026/07/14/meta-says-it-is-expanding-louisiana-data-center-investment-to-50-billion/; https://electrek.co/2026/07/27/meta-is-backing-10-gas-plants-and-just-quit-a-global-renewables-pledge/; https://therealdeal.com/national/2026/07/27/metas-50b-louisiana-data-center-enriches-landowners/; https://sherwood.news/tech/hyperion/; https://thelensnola.org/2025/09/25/data-centers-spark-fears-of-a-digital-cancer-alley-in-louisiana/
grp_1f4bb1c7,Alliance for Sustainability,Alliance for Sustainability,1,MN,2026-02-20,2026-02-20,https://fmr.org/updates/general-water-legislative-land-use-planning/fmr-endorses-pause-data-centers; https://www.datacenterdynamics.com/en/news/state-wide-data-center-moratorium-set-to-be-proposed-in-minnesota/; https://www.house.mn.gov/sessiondaily/Story/18838; https://www.mncenter.org/op-ed-data-center-proposals-are-moving-faster-policy-minnesota; https://www.mprnews.org/story/2026/02/20/data-center-opponents-call-for-statewide-moratorium-new-regulations; https://www.northernnewsnow.com/video/2026/03/04/minnesota-senator-introduce-data-center-moratorium/; https://www.revisor.mn.gov/bills/94/2025/0/SF/608/?body=senate; https://www.twincities.com/2026/02/18/data-center-opponents-bring-swelling-opposition-to-minnesota-capitol/; https://www.womenspress.com/minnesota-lawmakers-and-activists-call-for-moratorium-on-data-centers/; https://www.startribune.com/what-did-and-did-not-pass-in-the-2026-legislative-session/601843141
grp_b1fb823b,Alliance to Stop the Line,Alliance to Stop the Line,4,PA,2025-08-11,2026-02-24,https://www.alleghenyfront.org/pennsylvania-luzerne-dorrance-data-center-zoning/; https://www.standardspeaker.com/2025/08/17/dorrance-twp-supervisors-look-at-blocking-data-centers-2/; https://www.alleghenyfront.org/pennsylvania-luzern/; https://www.datacenterdynamics.com/en/news/municipal-leaders-debate-data-center-zoning-ordinance-in-dorrance-township-pennsylvania/; https://www.timesleader.com/news/1737209/dorrance-twp-hearing-on-possible-data-center-continued-until-may; https://www.foodandwaterwatch.org/2025/11/18/hazle-township-pa-unanimously-rejects-data-center-campus/; https://www.wvia.org/news/local/2026-02-18/residents-raise-questions-as-developer-describes-hazle-twp-data-center-plans-at-dep-hearing; https://www.datacenterdynamics.com/en/news/northpoint-proposes-15-building-1280-acre-data-center-campus-in-pennsylvania/; https://www.timesleader.com/news/1731917/data-center-zoning-amendment-proposed-for-20-luzerne-county-covered-municipalities; https://www.citizensvoice.com/2026/03/12/luzerne-county-continues-work-on-zoning-plan-for-data-centers/; https://www.wnep.com/article/news/local/luzerne-county/luzerne-county-drafts-zoning-rules-to-manage-potential-data-center-influx-northeastern-central-pennsylvania/523-ca8c448a-ce59-4dd4-aa94-ed206182a395; https://www.timesleader.com/news/1735244/officials-still-revising-proposed-data-center-zoning-ordinance-covering-19-luzerne-county-municipalities; https://www.alliancetostoptheline.org/takeaction; https://www.wnep.com/article/news/local/luzerne-county/luzerne-county-data-centers-ppl-high-volatage-transmission-lines-sugarloaf-project/523-4f0fa26d-302c-4edd-8f95-5a4a2e3369d8; https://fox56.com/news/local/sugarloaf-town-hall-draws-panel-residents-to-strategize-against-proposed-data-centers
grp_e2fef898,Altamaha Riverkeeper,Altamaha Riverkeeper,1,GA,2025-12-01,2025-12-01,https://georgiarecorder.com/2025/12/01/massive-burt-jones-backed-project-among-wave-of-data-centers-proposed-for-georgia/; https://thecurrentga.org/2025/12/01/massive-burt-jones-backed-project-among-wave-of-data-centers-proposed-for-georgia/
grp_c870c25c,Alternatives for Community and Environment,Alternatives for Community and Environment,1,MA,2024-11-01,2024-11-01,https://theshoestring.org/2025/12/30/ai-hallucination-proposed-westfield-data-center-appears-abandoned-by-developers/; https://www.bostonglobe.com/2024/11/20/business/data-center-western-mass/; https://www.datacenterdynamics.com/en/news/data-center-campus-proposed-in-westfield-massachusetts/; https://www.nepm.org/regional-news/2025-08-26/westfield-planning-4m-data-center-with-help-from-state-tax-breaks; https://theshoestring.org/2026/07/02/ban-ban-ban-data-center-discontent-reaches-western-massachusetts/
grp_bbff8649,Amarillo Minority Coalition,Amarillo Minority Coalition,1,TX,2026-02-25,2026-02-25,https://www.sierraclub.org/texas/blog/2025/12/project-matador-trump-ai-data-center-texas; https://spectrumlocalnews.com/tx/austin/news/2025/11/21/fermi-data-center; https://www.myhighplains.com/news/your-local-election-hq/amarillo-ai-data-center-project/fermi-america-pauses-construction-near-amarillo-while-waiting-for-tceq-permits/; https://www.datacenterdynamics.com/en/news/fermi-america-receives-first-natural-gas-turbines-for-up-to-11gw-data-center-campus-in-amarillo-texas/; https://fermiamerica.com/; https://abc7amarillo.com/news/local/amarillo-council-advances-ai-data-center-proposal-amid-water-concerns-fermi-america-city-hall-dr-ken-rainwater-toby-neugebauer-trent-sisemore-les-simpson; https://mediajustice.org/wp-content/uploads/2025/10/Amarillo-Fermi-Data-Center-Fact-Sheet.pdf; https://insideclimatenews.org/news/29012026/developer-calls-gw-ranch-in-pecos-county-texas-the-largest-power-project-in-u-s/; https://www.datacenterdynamics.com/en/news/pacifico-secures-765gw-air-permit-for-gw-ranch-project-in-west-texas/
grp_3b778e1c,American Battlefield Trust,American Battlefield Trust,2,VA,2024-01-12,2026-07-02,https://www.beankinney.com/data-center-infrastructure-under-siege-lessons-from-virginias-digital-gateway-decision/; https://www.princewilliamtimes.com/news/breaking-judge-overturns-prince-william-digital-gateway/article_951d6362-1bbd-416f-89c5-ff322bf49fa8.html; https://www.insidenova.com/news/prince_william/update-second-ruling-voids-digital-gateway-data-center-project-in-prince-william/article_846b8581-c99e-4f00-bb67-512c78952773.html; https://protectpwc.org/2026/04/01/digital-gateway-lawsuit-appellate-court-decision-033126/; http://virginiabusiness.com/virginia-appeals-court-upholds-block-on-prince-william-digital-gateway-project/; https://www.nbcwashington.com/news/local/prince-william-digital-gateway-project-halted-by-virginia-court-of-appeals/4084112/; https://www.constructionowners.com/news/court-halts-digital-gateway-construction-in-virginia; https://protectpwc.org/2026/04/01/pwc-bocs-withdraw-from-the-digital-gateway-lawsuit/; https://wtop.com/prince-william-county/2025/11/digital-gateway-data-center-builders-barred-from-beginning-construction-until-legal-challenge-plays-out/; https://www.princewilliamtimes.com/localnews/supervisors-vote-to-spend-another-400k-to-defend-the-pw-digital-gateway/article_79abd8cb-bf32-5c46-8a7d-ba39bb676c57.html; https://www.pecva.org/resources/press/pec-statement-on-prince-william-digital-gateway-latest-legal-win/; https://virginiaindependentnews.com/infrastructure/data-center-cancellations-pile-up-as-virginians-voice-opposition/; https://www.insidenova.com/headlines/prince-william-s-digital-gateway-data-center-hearings-zero-in-on-public-notice/article_2dc98d69-5a46-4adf-90da-c5042b4a3833.html; https://www.pwcva.gov/news/prince-william-county-launches-interactive-data-center-map-improve-public-access-development; https://www.princewilliamtimes.com/news/report-prince-william-county-has-44-data-centers-15-more-on-the-way/article_f0518174-bd23-49ee-ab92-3b04a0936f16.html; https://www.datacenterfrontier.com/site-selection/article/21437363/prince-william-digital-gateway; https://protectpwc.org/about-us/about-the-coalition-to-protect-pwc/; https://virginiamercury.com/2025/05/21/report-highlights-community-pushback-stalling-64-billion-in-data-center-development-nationwide/; https://virginiamercury.com/briefs/va-court-of-appeals-stops-major-data-center-development-in-prince-william-county/; https://www.bisnow.com/national/news/data-center-community-relations/digital-gateway-plans-may-close-for-good-134038; https://wtop.com/virginia/2026/04/prince-william-co-withdraws-from-digital-gateway-lawsuit-reversing-course-from-2023/; https://northernvirginiamag.com/news/2026/04/15/prince-william-county-withdraws-from-legal-battle-over-massive-data-center-project/; https://www.princewilliamtimes.com/localnews/breaking-prince-william-county-drops-legal-fight-for-pw-digital-gateway/article_e7152a10-cbf9-4a7a-80ef-55fa9e13770b.html; https://www.pecva.org/region/regional-state-national-region/prince-william/massive-digital-gateway-data-center-project-has-been-halted/; https://www.washingtonpost.com/dc-md-va/2026/07/09/developer-virginia-data-center-project-drops-legal-appeal/; https://www.fox5dc.com/news/qts-drops-appeal-ending-plans-massive-prince-william-county-data-center; https://wtop.com/prince-william-county/2026/07/digital-gateway-data-center-project-dies-after-final-developer-withdraws-appeal/
grp_eca3082a,Appalachian Voices,Appalachian Voices,3,VA,2025-04-01,2026-02-25,https://virginiamercury.com/2025/12/25/state-regulators-clear-controversial-chesterfield-peaker-plant/; https://virginiamercury.com/2025/11/25/scc-approves-chesterfield-gas-plant-and-dominion-rate-hike-creates-new-rate-class-for-data-centers/; https://insideclimatenews.org/news/24022026/southern-environmental-law-center-challenges-dominion-gas-plant-approval/; https://www.canarymedia.com/articles/utilities/virginia-dominion-chesterfield-gas-data-center-demand; https://virginiamercury.com/briefs/scc-declines-to-reconsider-chesterfield-gas-plant-approval-advocacy-groups-appeal-air-permit/; https://vcnva.org/denying-balico-data-center-and-gas-plant/; https://www.datacenterdynamics.com/en/news/950-acre-data-center-campus-proposed-in-pittsylvania-county-virginia/; https://wset.com/news/local/pittsylvania-county-updates-plan-to-manage-data-center-growth-after-local-pushback-november-2025; https://cardinalnews.org/2025/04/10/data-centers-can-bring-high-paying-jobs-and-millions-in-tax-revenue-is-that-what-southside-will-get/; https://appvoices.org/2026/03/13/wise-county-maverick-project/; https://cardinalnews.org/2026/02/25/data-center-complex-with-gas-power-plant-planned-for-wise-county/
grp_5ea5a36e,Apple Valley Eco Advocates,Apple Valley Eco Advocates,1,MN,2026-03-18,2026-03-18,https://www.limitless-news.com/local/apple-valley-technology-park-update; https://www.hometownsource.com/sun_thisweek/community/apple_valley/land-use-change-for-data-center-denied-in-apple-valley/article_d8ed4b90-5341-4544-87a1-08417f5b9d57.html
grp_17f3a8db,Appomattox Data Center Watch,Appomattox Data Center Watch,1,VA,2026-03-24,2026-03-24,https://www.wdbj7.com/2026/02/24/appomattox-residents-concerned-about-planned-data-center/; https://wset.com/news/local/3b-data-center-planned-on-452-acres-in-appomattox-county-sparking-community-pushback; https://www.datacenterdynamics.com/en/news/avaio-plans-300mw-data-center-campus-in-appomattox-county-virginia/; https://cardinalnews.org/2024/12/11/appomatox-county-strikes-deal-for-data-center/; https://www.wsls.com/news/local/2026/03/24/data-centers-spark-protests-in-appomattox-county/; https://wset.com/news/local/appomattox-county-residents-press-developers-on-3b-data-center-campus-economic-development-authority-new-jobs-tax-revenue-local-resources-community-march-2026; https://www.wsls.com/news/local/2026/03/25/proposed-appomattox-data-center-promises-jobs-but-sparks-water-usage-fears/
grp_3c5effef,Archbald Neighborhood Association,Archbald Neighborhood Association,2,PA,2026-03-17,2026-04-14,https://www.thetimes-tribune.com/2026/03/09/scranton-to-amend-zoning-to-regulate-data-centers/; https://writing.strisker.com/data-centers-march-19-2026/; https://fox56.com/news/local/olyphant-council-rejects-data-center-zoning-plan-then-opens-180-day-curative-amendment; https://writing.strisker.com/data-centers-daily-notes-april-15-2026/; https://www.thetimes-tribune.com/2026/03/08/olyphant-archbald-to-hold-hearings-on-data-centers/; https://www.thetimes-tribune.com/2026/01/02/olyphant-prepares-data-center-legislation/; https://www.spotlightpa.org/news/2026/03/pennsylvania-data-centers-archbald-ai-evictions-environment/
grp_e2ef2a82,Arizona Center for Law in the Public Interest,Arizona Center for Law in the Public Interest,1,AZ,2025-12-16,2025-12-16,https://www.kgun9.com/news/community-inspired-journalism/marana/maranas-data-center-ordinance; https://azluminaria.org/2026/01/08/marana-arizona-data-center-updates/; https://news.azpm.org/p/news-articles/2026/1/8/227908-marana-town-council-approves-rezoning-for-luckett-road-project-600-acre-hyperscale-data-center/; https://news.azpm.org/p/azpmnews/2026/2/10/228403-marana-residents-submit-petitions-to-put-data-center-project-to-a-vote/; https://www.tucsonspotlight.org/you-didnt-listen-marana-data-center-vote-met-with-outrage/; https://azluminaria.org/2025/12/11/unanimous-vote-in-marana-for-data-center-met-with-boos/; https://nodesertdatacenter.com/; https://www.change.org/p/stop-new-data-centers-in-tucson-protect-our-desert-our-water-our-communities; https://news.azpm.org/p/newsheadlines/2026/2/18/228535-marana-rejects-data-center-referendum-petitions/; https://news.azpm.org/p/newsheadlines/2026/2/27/228668-marana-residents-sue-town-over-rejected-data-center-referendum-petitions/; https://azluminaria.org/2025/08/06/tucson-city-council-rejects-project-blue-amid-intense-community-pressure/; https://azluminaria.org/2025/07/21/the-project-blue-data-center-sprang-up-fast-so-did-the-organizing/; https://www.earthisland.org/journal/index.php/articles/entry/how-one-arizona-city-blocked-a-data-center/; https://azluminaria.org/2025/08/27/project-blue-data-center-pima-county-beale-infrastructure-tep/; https://www.kjzz.org/fronteras-desk/2026-02-20/mayes-asks-court-to-vacate-corporation-commission-approval-of-tucson-data-center-project-blue; https://news.azpm.org/p/azpmnews/2025/6/17/225239-pima-county-approves-36-billion-data-center-project-near-fairgrounds/; https://azluminaria.org/2025/09/17/project-blue-data-center-pushes-ahead-in-pima-county-promising-new-low-water-cooling-tech/; https://azfreenews.com/2025/12/pima-county-moves-forward-with-rejected-data-center/; https://runonclimate.org/stories/a-very-bad-deal-how-local-organizing-halted-a-massive-data-center-development-for-nownbsp; https://linktr.ee/nodesertdatacenter; https://news.azpm.org/p/azpmnews/2026/1/14/227982-activists-file-to-sue-pima-county-over-project-blue-approval-process/; https://news.azpm.org/s/102339-pima-county-approves-project-blue-data-center-agreement/; https://azluminaria.org/2026/01/14/project-blue-opponents-sue-pima-county-over-alleged-open-meeting-law-violations/; https://news.azpm.org/p/news-articles/2026/2/18/228535-marana-rejects-data-center-referendum-petitions/; https://www.tucsonsentinel.com/local/report/020626_data_center_referendum/data-center-opponents-submit-signatures-voter-referendum-marana; https://www.tucsonsentinel.com/local/report/021826_data_referendum_fails/marana-rejects-referendums-against-data-center-center-rezoning/; https://news.azpm.org/p/azpmnews/2026/2/27/228668-marana-residents-sue-town-over-rejected-data-center-referendum-petitions/; https://www.datacenterdynamics.com/en/news/beale-infrastructure-plans-second-data-center-campus-outside-tucson-arizona-and-two-outside-tulsa-oklahoma/; https://news.azpm.org/p/azpmnews/2025/12/12/227629-marana-planning-commission-backs-rezoning-for-600-acre-data-center-project/; https://www.kold.com/2025/08/19/pima-county-explores-zoning-amendments-data-centers/
grp_9562d080,Arizona Chapter of 7x24 Exchange (industry opposition to restrictions),Arizona Chapter of 7x24 Exchange (industry opposition to restrictions),1,AZ,2025-07-08,2025-07-08,https://www.kjzz.org/business/2025-07-14/mesa-city-council-approves-new-data-center-zoning-rules; https://www.12news.com/article/news/local/valley/new-data-center-regulations-approved-by-mesa-leaders-arizona/75-db14238c-61cd-4f89-9cfa-f7759baa5cf3; https://www.themesatribune.com/news/despite-opposition-mesa-board-oks-big-data-center/article_1ef491b0-4b8c-11ef-8b1a-cb99887dca3d.html; https://www.datacenterdynamics.com/en/news/mesa-planning-officials-recommend-approval-for-cyrusone-and-pacific-proving-data-center-campuses/
grp_43cb7c3d,Arkansas Grass Roots United,Arkansas Grass Roots United,3,AR,2025-06-01,2026-03-14,https://arkansasadvocate.com/2025/12/12/fear-of-missing-out-on-data-center-boom-leads-arkansas-officials-to-ignore-hard-questions/; https://constructionreviewonline.com/construction-projects/google-plans-10-billion-data-center-campus-in-west-memphis-arkansas/; https://www.arkansasedc.com/news-events/newsroom/detail/2025/10/02/google-locating-new-data-center-in-west-memphis--arkansas-with-multi-billion-dollar-investment; https://arkansasadvocate.com/2025/07/30/two-arkansas-cities-chase-data-center-gold-but-might-be-competing-against-each-other/; https://katv.com/news/local/ai-ready-data-center-coming-to-little-rock-6-billion-investment-largest-in-state-history; https://acorninternational.org/arkansas-grassroots-united/; https://www.change.org/p/halt-construction-of-ai-data-center-in-little-rock-ar; https://www.thv11.com/article/news/local/new-6-billion-data-center-coming-little-rock/91-b9d829d5-5d78-431a-be6d-9433da379967; https://arktimes.com/arkansas-blog/2026/03/16/pulaski-county-residents-commit-to-organizing-against-data-centers; https://arkansasadvocate.com/briefs/central-arkansas-to-get-6-billion-data-center/; https://talkbusiness.net/2026/02/hyperscale-data-centers-come-to-arkansas/
grp_3a05ee66,Avocado Heights/Industry Hills Community Alliance,Avocado Heights/Industry Hills Community Alliance,1,CA,2025-01-15,2025-01-15,https://investigatela.org/2026/03/02/city-of-industry-discussed-data-center-sites-months-before-zoning-vote/; https://www.sgvtribune.com/2026/02/27/could-puente-hills-mall-become-a-data-center-city-developer-are-discussing-it/; https://www.sgvtribune.com/2026/01/28/a-city-of-industry-plan-for-a-massive-energy-storage-facility-takes-step-forward-amid-pushback-on-data-centers/; https://lapublicpress.org/2026/01/a-data-center-boom-is-coming-to-the-san-gabriel-valley-residents-had-no-idea/
grp_d986a6ea,AW-CRAP,AW-CRAP,1,OH,2026-02-02,2026-02-02,https://www.toledoblade.com/local/suburbs/2026/02/03/maumee-becomes-latest-northwest-ohio-community-to-pass-data-center-moratorium/stories/20260203114; https://www.13abc.com/2026/02/19/northwest-ohio-communities-grapple-with-data-center-developments-possible-plans/; https://www.statenews.org/section/the-ohio-newsroom/2026-02-26/ohio-towns-are-pushing-back-against-data-centers-to-varying-degrees-of-success; https://www.change.org/p/stop-data-centers-from-being-built-in-maumee-monclova-waterville-whitehouse-areas
grp_3080db8d,Backcountry Hunters and Anglers (Alaska chapter),Backcountry Hunters and Anglers (Alaska chapter),1,AK,2026-07-07,2026-07-07,https://www.adn.com/business-economy/2026/07/07/data-center-critics-flood-alaska-land-managers-with-opposition-to-north-slope-project/; https://alaskabeacon.com/2026/07/06/data-center-critics-flood-alaska-land-managers-with-opposition-to-north-slope-project/
grp_4ea1e340,Barrington Hills residents (Change.org petition organizers),Barrington Hills residents (Change.org petition organizers),1,IL,2026-01-29,2026-01-29,https://www.shawlocal.com/northwest-herald/news/2026/01/29/2-billion-data-center-proposal-in-barrington-hills-withdrawn/; https://www.datacenterdynamics.com/en/news/brennan-investment-group-withdraws-plans-for-2bn-data-center-outside-chicago-illinois/; https://therealdeal.com/chicago/2026/01/27/brennans-2b-barrington-hills-data-center-scrapped/; https://www.change.org/p/deny-data-centers-in-barrington-hills; https://www.dailyherald.com/20260127/real-estate/2-billion-data-center-proposal-in-barrington-hills-withdrawn/
grp_00fccc76,Basin and Range Watch,Basin and Range Watch,1,NV,2026-01-12,2026-01-12,"https://nevadacurrent.com/2026/01/12/data-centers-greenlink-and-your-electricity-bill/; https://www.basinandrangewatch2.org/transmission-projects/greenlink-west; https://thenevadaindependent.com/article/massive-4-2b-nv-energy-transmission-line-gets-federal-ok; https://www.rtoinsider.com/87009-blm-oks-nv-energy-greenlink-west-line/; https://www.silverstatechronicle.com/article/801,greenlink-north-transmission-project-updates"
grp_f8b16ae8,Beaver County Community Group Against Data Centers,Beaver County Community Group Against Data Centers,1,PA,2026-01-28,2026-01-28,https://www.post-gazette.com/business/tech-news/2026/02/08/beaver-valley-data-centers-shippingport-aligned/stories/202602080033; https://community.triblive.com/news/3990268; https://insideclimatenews.org/news/03032026/pennsylvania-data-center-resistance/; https://www.alleghenyfront.org/pennsylvania-grassroots-resistance-data-centers/
grp_63b3869b,Beaver County Marcellus Awareness Community (BCMAC),Beaver County Marcellus Awareness Community (BCMAC),1,PA,2026-01-28,2026-01-28,https://www.post-gazette.com/business/tech-news/2026/02/08/beaver-valley-data-centers-shippingport-aligned/stories/202602080033; https://community.triblive.com/news/3990268; https://insideclimatenews.org/news/03032026/pennsylvania-data-center-resistance/; https://www.alleghenyfront.org/pennsylvania-grassroots-resistance-data-centers/
grp_68b5717a,Beaver Dam Education on Data Center Group,Beaver Dam Education on Data Center Group,1,WI,2025-12-01,2025-12-01,https://www.alliantenergy.com/news/news-center/2025/11/111225-metabeaverdamannouncement; https://datacenters.atmeta.com/2025/11/hello-beaver-dam/; https://dailydodge.com/data-center-opponents-recruit-common-council-candidates/; https://wedc.org/meta-state-and-local-officials-announce-1-billion-data-center-investment-in-beaver-dam-project/; https://www.wkow.com/news/beaver-dam-city-council-hears-data-center-presentation-community-members-speak-in-opposition/article_f3708e90-225c-4bbc-bfbd-96796d936520.html; https://dailydodge.com/meta-steps-forward-as-beaver-dam-ai-data-center-owner/; https://www.wpr.org/news/lawsuit-expected-energy-demand-meta-data-center-beaver-dam; https://dailydodge.com/meta-addresses-beaver-dam-ai-data-center-questions/; https://wisconsinwatch.org/2026/01/wisconsin-data-center-secrecy-deals-nda-nondisclosure-agreement/; https://midwestadvocates.org/mea-files-lawsuit-to-challenge-secrecy-surrounding-energy-demands-of-metas-beaver-dam-data-center/; https://www.tmj4.com/news/dodge-county/its-really-scary-beaver-dam-residents-raise-water-concerns-about-metas-ai-data-center; https://milwaukeenns.org/2026/02/01/wisconsin-data-center-secrecy-deals-nda-nondisclosure-agreement/; https://www.wisbusiness.com/2026/new-details-revealed-for-metas-beaver-dam-data-center/
grp_dd0236c6,Benton Area Residents Concerned About Data Centers,Benton Area Residents Concerned About Data Centers,1,LA,2026-02-01,2026-02-01,https://www.ktbs.com/news/rezoning-near-benton-raises-questions-about-possible-data-center/article_21b0063d-4fb8-480d-8e2d-9ef652597aa1.html; https://www.opportunitylouisiana.gov/news/amazon-selects-louisiana-for-12-billion-data-center-campuses-in-major-u-s-expansion; https://www.shreveportbossieradvocate.com/news/public-hearing-on-benton-data-center-plan-scheduled-by-bossier-police-jury-here-s-when/article_547eac30-0cd7-41e4-bd13-54ced8d31b91.html; https://www.ksla.com/2026/03/10/amazon-data-center-plan-raises-air-quality-concerns-northwest-louisiana/
grp_bc619a96,Berkeley County Democratic Executive Committee,Berkeley County Democratic Executive Committee,1,WV,2026-02-26,2026-02-26,https://westvirginiawatch.com/2026/02/26/d-c-based-real-estate-firm-investing-4b-for-new-data-center-development-in-berkeley-county-wv/; https://mountainstatespotlight.org/2026/02/25/lawmakers-block-data-center-bills/; https://www.wfmd.com/2026/02/27/4-billion-data-center-planned-for-berkeley-county-west-virginia-sparks-debate/; https://www.datacenterdynamics.com/en/news/penzance-targets-600mw-data-center-campus-in-west-virginia/; https://governor.wv.gov/article/governor-morrisey-announces-4-billion-private-investment-west-virginias-first-high-impact; https://wvmetronews.com/2026/02/26/governor-announces-a-developer-for-big-west-virginia-data-center-spot/; https://www.wvgazettemail.com/news/energy_and_environment/public-comments-unheeded-questions-unanswered-after-penzance-data-center-announced/article_286784d2-28b9-40c7-a732-9b208ca703da.html; https://www.change.org/p/stop-data-centers-in-west-virginia; https://www.journal-news.net/news/business_and_economy/questions-mount-over-impact-of-high-impact-data-center/article_336e9329-8981-5294-b388-5a38b65fecc4.html
grp_8b78ace5,Better Path Coalition,Better Path Coalition,8,PA,2026-01-01,2026-04-15,https://www.post-gazette.com/business/tech-news/2026/02/08/beaver-valley-data-centers-shippingport-aligned/stories/202602080033; https://community.triblive.com/news/3990268; https://insideclimatenews.org/news/03032026/pennsylvania-data-center-resistance/; https://www.alleghenyfront.org/pennsylvania-grassroots-resistance-data-centers/; https://northpennnow.com/news/2026/apr/04/east-rockhill-supervisors-advance-data-center-ordi/; https://centralbucksnews.com/news/2026/mar/31/east-rockhill-supervisors-advance-data-center-ordinance/; https://www.bucksindependence.com/east-rockhill-supervisors-advance-data-center-ordinance/; https://keystonenewsroom.com/2026/04/14/west-rockhill-considers-these-new-data-center-regulations/; https://centralbucksnews.com/news/2026/feb/26/west-rockhill-supervisors-advance-data-center-regulations/; https://www.thereporteronline.com/2026/02/23/west-rockhill-supervisors-advance-data-center-regulations/; https://www.wvia.org/news/local/2026-02-17/lackawanna-county-commissioner-gaughan-asks-shapiro-and-pa-legislature-for-statewide-data-center-moratorium; https://www.thetimes-tribune.com/2026/02/25/local-lawmakers-target-data-centers-back-moratoriums/; https://www.cityandstatepa.com/policy/2026/03/pa-house-committee-advances-data-center-bills/411812/; https://www.change.org/p/hold-data-centers-accountable-for-rising-energy-costs-in-pennsylvania; https://www.spotlightpa.org/news/2026/01/data-centers-pennsylvania-debate-legislature-environment-environment/; https://radio.wpsu.org/2026-04-15/pa-state-house-passes-two-measures-on-data-center-regulation; https://www.wesa.fm/politics-government/2026-04-14/state-house-data-center-regulations; https://www.foodandwaterwatch.org/2026/04/13/pa-house-passes-model-ordinance-to-speed-data-center-development/; https://www.wfmz.com/news/area/pennsylvania/pa-house-passes-bills-to-increase-oversight-of-data-centers-protect-local-communities/article_8b5e7016-095e-4619-a287-916e35ae2662.html; https://www.wesa.fm/politics-government/2026-03-09/lawmakers-bill-data-center-construction; https://buckscountybeacon.com/2026/02/legislation-in-the-state-house-seeks-to-assist-pennsylvania-municipalities-regulate-data-centers-but-who-would-it-actually-help/; https://www.mcall.com/2026/02/26/upper-macungie-zoning-board-data-center/; https://www.wfmz.com/news/local_government/zoning_planning/public-hearing-for-proposed-2-6m-square-foot-data-center-in-upper-macungie-paused-until/article_25031a5b-5a73-4e10-be0b-dc137a20609a.html; https://www.lehighvalleynews.com/business/giant-data-center-proposal-in-upper-macungie-township-is-in-the-works; https://www.wfmz.com/news/area/lehighvalley/lehigh-county/western-lehigh-county/update-upper-macungie-air-products-data-center-discussion-delayed-until-2026/article_3efb655a-3bef-497f-9cc1-fc844aaaafcc.html; https://www.lehighvalleynews.com/business/more-data-required-lvpc-formally-asks-for-more-information-for-proposed-data-center-in-upper-macungie-township; https://www.wfmz.com/news/area/lehighvalley/lehigh-county/western-lehigh-county/air-products-hits-pause-on-2-6m-square-foot-data-center-appeal-in-upper-macungie/article_3efb655a-3bef-497f-9cc1-fc844aaaafcc.html; https://www.mcall.com/2025/11/12/large-data-center-in-the-works-for-former-air-products-site-in-upper-macungie/; https://www.datacenterdynamics.com/en/news/26-million-sq-ft-data-center-campus-proposed-in-pennsylvania/; https://www.lehighvalleynews.com/business/as-data-center-boom-approaches-lehigh-valley-officials-working-to-prepare; https://www.citizensvoice.com/2026/03/02/hollenback-twp-data-center-rezoning-request-heads-to-court/; https://www.timesleader.com/news/1734179/rezoning-request-to-move-to-court-in-hollenback-township; https://fox56.com/news/local/hollenback-township-residents-pack-garage-demand-answers-on-data-center-rezoning-plan; https://www.standardspeaker.com/2026/02/04/claim-hollenback-twp-rural-landowners-offered-175k-per-acre-for-data-center-takeover/; https://www.datacenterdynamics.com/en/news/aws-acquires-talens-nuclear-data-center-campus-in-pennsylvania/; https://www.standardspeaker.com/2026/02/14/family-feud-data-center-proposal-divisive-in-hollenback-twp-pitting-preservation-vs-generational-wealth/; https://www.citizensvoice.com/2026/02/04/claim-hollenback-twp-rural-landowners-offered-175k-per-acre-for-data-center-takeover/; https://www.timesleader.com/news/1733163/hollenback-twp-residents-urge-supervisors-to-protect-resources-amid-data-center-boom; https://www.betterpathcoalition.org/; https://www.datacenterfrontier.com/hyperscale/article/33038288/aws-eyes-960-mw-for-newly-acquired-nuclear-power-data-center-in-pennsylvania; https://www.standardspeaker.com/2026/02/08/proposed-hollenback-twp-zoning-ordinance-allows-for-data-centers-with-conditions/; https://www.change.org/p/oppose-data-centers-in-linfield-and-limerick; https://www.pottsmerc.com/2026/01/12/limerick-eyes-1-4-million-square-foot-data-center-proposal/; https://patch.com/pennsylvania/limerick/amid-uproar-limerick-area-residents-state-approves-data-center-area-land-swap; https://www.datacenterdynamics.com/en/news/14-million-sq-ft-data-center-campus-planned-outside-philadelphia-pennsylvania/; https://www.inquirer.com/real-estate/commercial/limerick-land-deal-pennsylvania-game-commission-20260126.html; https://6abc.com/post/limerick-board-supervisors-vote-send-letter-opposing-land-swap-proposed-data-center/18440961/; https://www.wfmz.com/news/area/southeastern-pa/upper-montgomery-county/massive-new-ai-data-center-proposed-for-limerick-twp/article_27c4563f-3362-4fc1-bb0e-41951a55faf2.html; https://6abc.com/post/proposed-data-center-limerick-pa-draws-questions-environmental-impact-cost/18397568/
grp_98a97288,Bi-State Datacenter Crisis Coalition,Bi-State Datacenter Crisis Coalition,1,NY,2025-10-01,2025-10-01,https://rcbizjournal.com/2025/07/20/orangetown-set-to-review-massive-expansion-of-databanks-orangeburg-data-center/; https://www.databank.com/data-centers/new-york-city/orangeburg-campus/lga3/; https://www.datacenterdynamics.com/en/news/databank-launches-20mw-data-center-in-orangeburg-new-york/; https://www.datacenterdynamics.com/en/news/databank-acquires-34-acres-in-orangeburg-ny-plans-30mw-data-center/; https://datacentercrisis.org/; https://rcbizjournal.com/2025/11/05/orangetown-weighs-second-data-center-on-banks-of-lake-tappan-reservoir/; https://www.foodandwaterwatch.org/2026/07/09/orangetown-planning-board-requires-environmental-impact-study-for-controversial-data-center-expansion-delaying-project-indefinitely/; https://www.wamc.org/2026-07-09/orangetown-planning-board-denies-databanks-request-to-avoid-environmental-review
grp_52f0570b,Big Sky 55+,Big Sky 55+,4,MT,2025-07-31,2026-06-18,https://dailymontanan.com/2026/02/23/eleven-data-center-developers-in-talks-with-northwestern-group-says/; https://earthjustice.org/press/2025/groups-file-complaint-to-stop-northwestern-energy-from-shifting-data-center-costs-to-residential-customers; https://montanafreepress.org/2025/11/18/groups-push-back-on-montanas-data-center-boom/; https://earthjustice.org/press/2026/groups-challenge-montana-psc-order-that-shields-data-center-plans-from-public-view; https://meic.org/data-centers/; https://nbcmontana.com/news/local/proposed-butte-data-center-stirs-debate; https://meic.org/not-so-fast-groups-warn-of-downsides-to-potential-data-centers-in-butte/; https://meic.org/; https://montanafreepress.org/2026/06/18/how-some-montanans-are-taking-data-center-regulation-into-their-own-hands/; https://mlq.ai/news/sabey-data-centers-terminates-606-acre-butte-land-deal-after-rec-silicon-exercises-right-of-first-refusal/; https://www.ktvq.com/news/local-news/proposed-ai-data-center-sparks-debate-in-rural-montana; https://montanafreepress.org/2026/02/12/as-ai-investors-eye-montana-for-new-data-centers-communities-brace-for-water-impacts/
grp_a10ede14,Black Voters Matter Fund,Black Voters Matter Fund,1,GA,2025-09-22,2025-09-22,https://atlanta.capitalbnews.org/black-community-in-south-fulton-fight-georgias-data-center-boom/; https://capitalbnews.org/data-centers-black-communities-south/
grp_8d06c5c6,Black Warrior Riverkeeper,Black Warrior Riverkeeper,2,AL,2026-03-03,2026-08-11,https://www.birminghamal.gov/news/city-birmingham-proposes-temporary-pause-new-data-center-applications; https://birminghamwatch.org/2026/01/13/birmingham-leaders-weigh-180-day-moratorium-on-data-centers-amid-power-and-water-concerns/; https://gaspgroup.org/birmingham-residents-must-stay-engaged-on-the-proposed-data-center/; https://alabamarivers.org/bcc/; https://birminghamwatch.org/2026/03/03/birmingham-council-enacts-temporary-ban-on-large-data-centers/; https://www.birminghamtimes.com/2026/03/birmingham-city-council-imposes-temporary-freeze-on-data-centers/; https://abc3340.com/news/local/birmingham-halts-new-data-center-projects-with-six-month-moratorium-city-of-birmingham-council-public-hearing-data-centers-zoning-land-use-regulations-review-infrastructure-demands-development; https://yellowhammernews.com/permit-filed-for-multibillion-dollar-75-acre-data-center-in-birmingham/; https://www.wbrc.com/2026/03/04/birmingham-city-council-votes-pause-new-data-center-applications-six-months/; https://1819news.com/news/item/data-center-company-nebius-buys-79-acres-in-birmingham-in-90-million-deal; https://tuscaloosathread.com/alabama-data-center-election-debate/
grp_9e772f5f,"Blakely No Data Center Campaign (Bob Cicci & Katie Klein-Cicci, organizers)","Blakely No Data Center Campaign (Bob Cicci & Katie Klein-Cicci, organizers)",1,PA,2025-09-12,2025-09-12,https://fox56.com/news/local/blakely-borough-data-center-plans-scrapped-amid-community-pushback-borough-responds; https://www.thetimes-tribune.com/2025/08/13/blakely-data-center-meeting-draws-large-crowd-opposition/; https://www.thetimes-tribune.com/2025/09/12/data-center-project-withdrawn-in-blakely-days-ahead-of-zoning-hearing/; https://www.thetimes-tribune.com/2025/11/18/blakely-applies-more-than-30-restrictions-to-data-centers/; https://www.wnep.com/article/news/local/lackawanna-county/data-center-developer-withdraws-proposal-for-blakely-construction/523-976b3357-7ae2-4da0-b0f5-55eb44fb7afa; https://www.datacenterdynamics.com/en/news/developers-withdraw-request-for-data-center-in-blakely-pennsylvania/; https://insideclimatenews.org/news/03032026/pennsylvania-data-center-resistance/; https://www.thetimes-tribune.com/2025/12/12/data-center-developer-tied-to-projects-in-archbald-blakely-moves-to-dickson-city/; https://www.change.org/p/stop-data-center-construction-in-lackawanna-county; https://www.thetimes-tribune.com/2025/08/06/convenience-store-developer-proposes-ai-data-centers-in-blakely/; https://www.datacenterdynamics.com/en/news/junkyard-in-pennsylvania-acquired-developer-files-to-develop-data-center-campus/; https://www.bayjournal.com/pennsylvania-localities-feel-data-center-push-and-some-are-pushing-back/article_09db2a10-f46f-48d9-b03c-fd38fff2062c.html
grp_beb8c3c9,Block Project Steel and Project Cardinal,Block Project Steel and Project Cardinal,2,IL,2026-03-11,2026-03-24,https://www.shawlocal.com/kendall-county-now/2026/03/12/yorkville-data-center-approval-comes-after-nearly-6-hour-contentious-city-council-meeting/; https://www.chicagotribune.com/2026/03/13/yorkville-council-oks-1000-acre-data-center-campus/; https://www.datacenterdynamics.com/en/news/two-data-center-campuses-totaling-38-buildings-proposed-in-yorkville-illinois/; https://www.shawlocal.com/kendall-county-now/2026/03/26/nobody-wants-to-live-in-data-center-row-residents-speak-out-after-yorkville-approves-540-acre-data-center/; https://www.shawlocal.com/kendall-county-now/2026/03/23/yorkville-could-approve-2-more-data-center-projects-including-540-acre-project-steel/
grp_9421e647,BOLD Alliance,BOLD Alliance,1,NE,2026-01-16,2026-01-16,https://boldnebraska.org/support-lb-1111-to-regulate-data-centers-in-nebraska/; https://nebraskapublicmedia.org/en/news/news-articles/suspending-young-students-sparks-debate-data-center-proposals-heard/; https://www.datacenterdynamics.com/en/news/meta-to-expand-sarpy-data-center-in-nebraska/; https://boldnebraska.org/testimony-of-bolds-jane-kleeb-on-lb-1111-to-regulate-nebraska-data-centers/; https://unomahanews.com/2026/02/24/nebraska-lawmakers-push-for-data-center-regulation-amid-energy-concerns/; https://nebraskalegislature.gov/bills/view_bill.php?DocumentID=63375
grp_314050b7,Bold Alliance (Bold Nebraska),Bold Alliance (Bold Nebraska),1,NE,2026-01-16,2026-01-16,https://boldnebraska.org/support-lb-1111-to-regulate-data-centers-in-nebraska/; https://nebraskapublicmedia.org/en/news/news-articles/suspending-young-students-sparks-debate-data-center-proposals-heard/; https://www.datacenterdynamics.com/en/news/meta-to-expand-sarpy-data-center-in-nebraska/; https://boldnebraska.org/testimony-of-bolds-jane-kleeb-on-lb-1111-to-regulate-nebraska-data-centers/; https://unomahanews.com/2026/02/24/nebraska-lawmakers-push-for-data-center-regulation-amid-energy-concerns/; https://nebraskalegislature.gov/bills/view_bill.php?DocumentID=63375
grp_6dbb1aa7,Boone County Preservation Group,Boone County Preservation Group,1,IN,2025-08-01,2025-08-01,https://lebanon.in.gov/2026/02/11/meta-makes-lebanon-data-center-announcement-official/; https://www.datacenterdynamics.com/en/news/meta-set-to-develop-1500-acre-data-center-campus-outside-indianapolis-indiana/; https://www.wthr.com/article/news/local/constructions-begins-10-billion-dollar-meta-data-center-campus-leap-district-lebanon-boone-county/531-c85df967-1125-4606-b7cd-2323e7efc019; https://indianacapitalchronicle.com/2026/02/11/details-on-long-expected-meta-data-center-campus-unveiled/; https://dailyjournal.net/2026/02/12/meta-begins-construction-on-10b-data-center-campus-at-leap-district-in-lebanon/; https://iedc.in.gov/events/news/details/2026/02/11/gov.-braun-breaks-ground-on-10b-meta-data-center-campus-at-leap-district; https://www.wfyi.org/news/articles/indiana-data-center-protest-lebanon-meta; https://commercialobserver.com/2026/02/meta-data-center-lebanon-indiana/
grp_cd57bcf4,Botetourt Data Center Concern Group,Botetourt Data Center Concern Group,1,VA,2025-12-01,2025-12-01,https://www.wdbj7.com/2026/03/26/google-reveals-more-details-about-botetourt-county-data-center-plans/; https://www.wdbj7.com/2026/03/26/google-confirms-development-botetourt-county-data-center-campus/; https://www.datacenterdynamics.com/en/news/google-details-planned-data-center-in-botetourt-county-virginia/; https://www.wsls.com/news/local/2026/03/12/documents-reveal-key-details-of-proposed-google-data-center-project-in-botetourt-county/; https://www.wdbj7.com/2026/02/25/google-data-centers-expected-water-use-made-public/; https://www.wdbj7.com/2026/01/17/botetourt-county-leaders-say-google-data-center-already-generating-revenue-funding-public-safety-schools/; https://cardinalnews.org/2026/04/03/have-questions-about-googles-data-center-project-in-botetourt-county-we-have-some-answers/; https://www.wsls.com/news/local/2026/04/03/residents-divided-as-google-announces-official-data-center-campus-in-botetourt-county/; https://www.wdbj7.com/2026/04/08/residents-raise-concerns-over-proposed-botetourt-county-data-center/; https://www.wdbj7.com/2026/03/31/data-center-transparency-group-responds-google-announcement/; https://wset.com/news/local/foia-records-raise-new-questions-about-water-use-at-proposed-botetourt-county-data-center-july-2026
grp_aff15379,Boulder City Climate Action Group,Boulder City Climate Action Group,1,NV,2026-02-24,2026-02-24,https://www.reviewjournal.com/news/environment/data-centers-will-be-on-the-ballot-in-this-southern-nevada-city-3727498/; https://www.reviewjournal.com/news/environment/proposed-data-center-draws-ire-of-some-boulder-city-residents-3734901/; https://www.bouldercity.com/election-2026-will-boulder-city-voters-permit-data-centers/; https://news.ballotpedia.org/2026/03/24/voters-in-at-least-five-jurisdictions-will-decide-ballot-measures-related-to-data-centers-this-year/; https://www.fox5vegas.com/2026/04/02/boulder-city-residents-oppose-proposed-data-center/; https://www.fox5vegas.com/2026/04/08/boulder-city-residents-push-back-proposed-ai-data-center-developers-first-public-meeting/; https://www.fox5vegas.com/2026/04/10/developers-proposed-boulder-city-ai-data-center-postpone-application/
grp_88c1d5e0,Boxtown Neighborhood Association,Boxtown Neighborhood Association,3,TN,2025-04-25,2025-12-16,https://wreg.com/news/xai-hearing-draws-hundreds-becomes-heated-debate/; https://www.fox13memphis.com/news/rally-decrying-xai-permit-to-be-held-outside-health-department-wednesday/article_1a41789b-fa2a-42b2-93c3-82c071ef07f0.html; https://www.youtube.com/watch?v=3VJT2JeDCyw; https://www.ehn.org/community-pushback-grows-over-musk-backed-supercomputer-in-southwest-memphis; https://tennesseelookout.com/2025/07/07/a-billionaire-an-ai-supercomputer-toxic-emissions-and-a-memphis-community-that-did-nothing-wrong/; https://time.com/7308925/elon-musk-memphis-ai-data-center/; https://www.selc.org/news/resistance-against-elon-musks-xai-facility-in-south-memphis-gets-stronger/; https://insideclimatenews.org/news/17072025/elon-musk-xai-data-center-gas-turbines-memphis/; https://www.actionnews5.com/2026/02/13/selc-plans-sue-xai-over-gas-turbines-mississippi/; https://www.cnbc.com/2026/01/16/musks-xai-faces-tougher-road-expanding-memphis-area-after-epa-update.html; https://www.datacenterdynamics.com/en/news/elon-musks-xai-to-spend-659m-on-new-building-for-memphis-data-center-cluster/; https://naacp.org/articles/naacp-and-advocacy-groups-appeal-permit-xais-south-memphis-data-center-decisions-around; https://www.selc.org/news/xai-built-an-illegal-power-plant-to-power-its-data-center/; https://www.selc.org/press-release/new-images-reveal-elon-musks-xai-datacenter-has-nearly-doubled-its-number-of-polluting-unpermitted-gas-turbines/; https://prismreports.org/2025/06/18/xai-memphis-data-center-pollution/; https://www.actionnews5.com/2025/12/16/shelby-co-air-pollution-control-board-denies-appeal-over-xais-turbine-use-citing-mootness/; https://www.localmemphis.com/video/news/local/boxtown-residents-demand-answers-after-board-allows-xai-air-permit-to-stand/522-12677233-a83c-4f46-8dca-7da765ff39df; https://www.memphisflyer.com/xai-permit-appeal-dismissed
grp_9ae29383,Brandywine TB Southern Region Neighborhood Coalition,Brandywine TB Southern Region Neighborhood Coalition,1,MD,2025-09-01,2025-09-01,https://foxbaltimore.com/news/local/prince-georges-county-data-centers-zoning-electric-grid-energy-maryland; https://marylandmatters.org/2025/09/17/prince-georges-county-moves-to-put-data-center-development-on-pause/; https://commercialobserver.com/2025/09/data-center-pause-prince-george-maryland/; https://dbknews.com/2025/12/04/prince-georges-county-data-centers/
grp_b8753a57,Bren Pointe HOA,Bren Pointe HOA,1,VA,2024-09-10,2024-09-10,https://www.datacenterfrontier.com/site-selection/article/55139905/northern-virginias-fairfax-county-tightens-data-center-rules; https://www.hklaw.com/en/insights/publications/2024/09/fairfax-county-virginia-approves-updated-zoning-regulations; https://www.fairfaxcounty.gov/planning-development/data-centers; https://www.fairfaxcounty.gov/board-supervisors-approves-new-data-center-zoning-ordinance-amendment; https://sites.google.com/view/savebrenmar/home; https://www.fairfaxtimes.com/articles/fairfax_county/community-rallies-against-county-s-data-center-expansion/article_97db5e00-2419-11ef-b7b5-7b7a8975d46f.html; https://rosehillcoalition.org/rose-hill-planning-district/data-centers-in-fairfax-county/; https://annandaletoday.com/community-speaks-out-against-plaza-500-data-center/; https://www.datacenterknowledge.com/management/fairfax-county-residents-push-back-on-data-center-zoning; https://www.datacenterdynamics.com/en/news/starwood-looks-to-buy-county-owned-land-in-fairfax-virginia-for-data-center-development/; https://www.foxessellfaster.com/blog/1668-million-deal-developer-eyes-fairfax-county-police-training-campus-in-chantilly-for-massive-data-center-project/; https://www.alxnow.com/2026/07/27/alexandria-officials-and-residents-push-back-against-planned-fairfax-county-data-center/; https://www.nbcwashington.com/news/local/residents-grill-dominion-energy-over-fairfax-county-data-center-proposal/4135715/
grp_b6e51102,Bristol United: No Data Center,Bristol United: No Data Center,1,IN,2024-09-01,2024-09-01,https://www.datacenterdynamics.com/en/news/locals-voice-concerns-over-upcoming-data-center-in-bristol-indiana/; https://www.abc57.com/news/bristol-data-center-rezoning-approved-despite-heated-opposition; https://www.elkharttruth.com/news/bristol-annexes-land-that-neighbors-fear-will-host-data-center/article_4fe63ad4-f0b0-5ab9-9e5b-03bd73240ce5.html; https://www.953mnc.com/2024/09/10/bristol-residents-oppose-proposed-data-center/; https://www.wvpe.org/wvpe-news/2024-09-20/bristol-approves-controversial-data-center-rezoning
grp_c98c4a3d,Brookings City Council members (tax rebate opposition),Brookings City Council members (tax rebate opposition),1,SD,2026-02-26,2026-02-26,https://www.brookingsregister.com/2026/02/26/brookings-city-council-denies-data-center-tax-incentive/; https://www.mykxlg.com/news/state/brookings-rejects-tax-rebate-for-proposed-data-center/article_333bb788-4bf6-4d95-969e-4ac71b8d99e0.html; https://southdakotasearchlight.com/2026/02/24/a-missing-senator-a-failed-search-and-two-dead-data-center-bills-the-south-dakota-senates-chaotic-day/; https://southdakotasearchlight.com/2026/02/04/data-center-tax-break-proposal-fails-in-south-dakota-legislative-committee/
grp_cc49a0a0,Buckeye Environmental Network,Buckeye Environmental Network,1,OH,2026-03-07,2026-03-07,https://www.limaohio.com/top-stories/2026/03/07/opponents-organize-to-fight-data-centers-permit/; https://www.limaohio.com/top-stories/2026/03/16/google-officially-behind-data-center-project/; https://www.limaohio.com/top-stories/2026/03/12/residents-voice-concerns-over-data-center-at-epa-hearing/
grp_2af9ba1e,Buckeye Residents Against Data Centers,Buckeye Residents Against Data Centers,1,AZ,2024-05-01,2024-05-01,"https://www.datacenterdynamics.com/en/news/tract-announces-18gw-data-center-park-in-phoenix-arizona/; https://therealdeal.com/national/phoenix/2024/05/02/tract-drops-14b-plan-to-build-data-centers-outside-phoenix/; https://www.abc15.com/news/business/14-billion-west-valley-data-center-project-request-withdrawn-after-cities-push-back; https://www.abc15.com/news/region-west-valley/community-concerned-over-major-new-data-center-project; https://www.yourvalley.net/goodyear-independent/stories/developer-pulls-goodyear-area-data-center-application-amid-grassroots-municipal-opposition,506154; https://www.yourvalley.net/stories/goodyear-area-529-acre-ai-data-center-campus-application-draws-opposition-water,484602"
grp_4362ff9f,Buckeye Residents Against Data Centers (ad hoc),Buckeye Residents Against Data Centers (ad hoc),1,AZ,2025-06-01,2025-06-01,https://www.datacenterdynamics.com/en/news/tract-announces-18gw-data-center-park-in-phoenix-arizona/; https://azbigmedia.com/real-estate/2069-acre-parcel-will-become-a20-billion-data-center-park-in-buckeye/
grp_eea0771b,Butte Watchdogs for Social and Environmental Justice,Butte Watchdogs for Social and Environmental Justice,4,MT,2025-11-18,2026-06-18,https://dailymontanan.com/2026/02/23/eleven-data-center-developers-in-talks-with-northwestern-group-says/; https://earthjustice.org/press/2025/groups-file-complaint-to-stop-northwestern-energy-from-shifting-data-center-costs-to-residential-customers; https://montanafreepress.org/2025/11/18/groups-push-back-on-montanas-data-center-boom/; https://earthjustice.org/press/2026/groups-challenge-montana-psc-order-that-shields-data-center-plans-from-public-view; https://meic.org/data-centers/; https://nbcmontana.com/news/local/proposed-butte-data-center-stirs-debate; https://meic.org/not-so-fast-groups-warn-of-downsides-to-potential-data-centers-in-butte/; https://meic.org/; https://montanafreepress.org/2026/06/18/how-some-montanans-are-taking-data-center-regulation-into-their-own-hands/; https://mlq.ai/news/sabey-data-centers-terminates-606-acre-butte-land-deal-after-rec-silicon-exercises-right-of-first-refusal/; https://www.change.org/p/petition-for-transparency-accountability-and-community-protection-regarding-data-center-d7135a15-2195-41e8-b84c-d3acddbfa3c8; https://montanafreepress.org/2026/02/12/as-ai-investors-eye-montana-for-new-data-centers-communities-brace-for-water-impacts/; https://dailymontanan.com/2025/11/18/complaint-calls-for-investigation-of-northwestern-energys-conduct-with-data-centers/
grp_46de0105,Caddo Lake Institute,Caddo Lake Institute,2,LA,2026-02-02,2026-02-25,https://lailluminator.com/2026/02/23/amazon-data-center/; https://www.ktbs.com/community/temporary-caddo-lake-water-restriction-proposal-fails-to-advance/article_e195336c-9f18-400e-b970-473450aa4892.html; https://www.thecentersquare.com/louisiana/article_9b293a27-28ee-49c8-b9b6-86cccb79f3b4.html; https://www.ksla.com/2026/03/10/amazon-data-center-plan-raises-air-quality-concerns-northwest-louisiana/; https://www.ktalnews.com/news/local-news/shreveport-bossier-amazon-data-center-water-concerns/; https://www.enr.com/articles/62581-amazon-to-break-ground-on-12b-louisiana-data-center-network; https://www.ktalnews.com/news/louisiana/mccormick-investigates-shreveport-blanchard-ndas/
grp_0e3027e4,Carroll County Anti-Data Center Coalition,Carroll County Anti-Data Center Coalition,4,GA;MD,2025-10-01,2026-02-01,https://gradickcommunications.com/carroll-county-residents-file-petition-vs-developer-city-of-villa-rica-hope-to-stop-development-of-reported-400-acre-data-center-between-hickory-level-van-wert-road/; https://www.change.org/p/stop-the-hickman-property-data-center-in-villa-rica-ga; https://www.times-georgian.com/news/local/anti-data-center-group-we-will-continue-to-show-up/article_373d4ee8-a4e3-5e07-bac4-17d78cec0742.html; https://www.datacenterdynamics.com/en/news/atlas-files-for-428-acre-technology-and-data-park-outside-atlanta-georgia/; https://baxtel.com/data-center/project-avemore; https://www.change.org/p/stop-data-center-from-being-built-in-carroll-county-georgia; https://embrydevelopmentcorp.com/portfolio/villarica/; https://gradickcommunications.com/developer-pulls-data-center-proposal-at-least-for-now/; https://www.times-georgian.com/news/local/data-center-backlash-comes-to-commission/article_da4b99ba-eba6-592a-98a5-8a02ea390b66.html; https://www.datacenterdynamics.com/en/news/atlas-development-files-for-12-building-data-center-campus-in-temple-georgia/; https://gradickcommunications.com/data-center-planned-for-development-in-carroll-county/; https://www.constructconnect.com/construction-economic-news/georgia-data-center-proposal-4.5-billion-2.2-million-square-feet; https://www.times-georgian.com/news/local/data-center-proposed-for-temple/article_843207fd-622f-5c76-b5b9-0a999e07bff5.html; https://www.bisnow.com/atlanta/news/data-center/developer-pitches-24m-sf-georgia-data-center-campus-129233; https://marylandmatters.org/2026/01/03/data-center-regulations-2026/; https://www.bayjournal.com/news/energy/maryland-counties-to-data-center-industry-slow-down/article_c8362372-9a29-4ef9-925a-c81840390a95.html
grp_6da62be5,Carroll County Land & Legacy Coalition,Carroll County Land & Legacy Coalition,2,GA,2025-10-01,2025-10-01,https://gradickcommunications.com/carroll-county-residents-file-petition-vs-developer-city-of-villa-rica-hope-to-stop-development-of-reported-400-acre-data-center-between-hickory-level-van-wert-road/; https://www.change.org/p/stop-the-hickman-property-data-center-in-villa-rica-ga; https://www.times-georgian.com/news/local/anti-data-center-group-we-will-continue-to-show-up/article_373d4ee8-a4e3-5e07-bac4-17d78cec0742.html; https://www.datacenterdynamics.com/en/news/atlas-files-for-428-acre-technology-and-data-park-outside-atlanta-georgia/; https://baxtel.com/data-center/project-avemore; https://www.change.org/p/stop-data-center-from-being-built-in-carroll-county-georgia; https://embrydevelopmentcorp.com/portfolio/villarica/
grp_38469d84,Castle Rock Township,Castle Rock Township,1,MN,2025-11-07,2025-11-07,https://streets.mn/2025/11/07/deep-dive-the-farmington-push-for-responsible-hyper-scale-data-centers/; https://www.cbsnews.com/minnesota/news/farmington-hyperscale-data-center-pushback/; https://www.startribune.com/farmington-data-center-tract/601173097; https://www.mprnews.org/story/2024/12/11/data-centers-spark-opposition-from-residents-concerns-over-energy-use; https://www.datacenterresponsibility.com/; https://bringmethenews.com/minnesota-news/farmington-residents-file-lawsuit-against-city-to-prevent-5b-data-center-plan; https://www.startribune.com/farmington-mayor-resign-data-center/601577290
grp_f5da7d6c,Cayuga Lake Environmental Action Now,Cayuga Lake Environmental Action Now,1,NY,2026-07-14,2026-07-14,https://www.governor.ny.gov/news/first-statewide-moratorium-new-hyperscale-data-centers-launched-governor-kathy-hochul; https://www.washingtonpost.com/technology/2026/07/14/new-york-becomes-first-state-impose-data-center-moratorium/; https://www.axios.com/2026/07/14/ny-gov-kathy-hochul-data-center-moratorium-executive-order; https://www.cnbc.com/2026/07/15/trump-blasts-new-york-gov-hochul-over-ai-data-center-moratorium.html; https://www.constructiondive.com/news/new-york-data-center-moratorium-contractor-pushback/825222/; https://www.theblock.co/post/408344/new-york-pause-new-data-center-permits-terawulf-falls; https://nystateofpolitics.com/state-of-politics/new-york/politics/2026/07/15/n-y--data-center-moratorium-a--missed-opportunity--for-construction-industry--contractors-association-says; https://esd.ny.gov/communityinvestmentframework; https://www.cornellsun.com/article/2026/07/k9fstjzcajbc; https://rochesterbeacon.com/2026/07/22/data-center-opponents-see-executive-order-as-partial-win/
grp_7f57df07,Cayuga Lake Environmental Action Now (CLEAN),Cayuga Lake Environmental Action Now (CLEAN),3,NY,2025-09-24,2026-06-17,https://ithacavoice.org/2025/11/data-center-company-terawulf-threatens-legal-action-against-lansing-town-board/; https://www.cornellsun.com/article/2025/12/lansing-board-withdraws-ordinance-that-would-have-stalled-terawulf-data-center; https://www.cornellsun.com/article/2025/11/tensions-over-terawulf-data-center-in-tompkins-county-grow-with-threatened-lawsuit; https://tompkinsweekly.com/articles/terawulf-outlines-plans-for-lansing-ai-data-center-as-residents-seek-more-answers/; https://cleancayugalake.org/terawulf/; https://www.weny.com/news/tompkins-co-legislature-passes-resolution-calling-on-nysdec-to-reject-water-withdrawal-permit-for-proposed/article_d0835648-25e5-4bef-825c-4f46e4bfb9b7.html; https://ithacavoice.org/2026/01/local-groups-file-suit-against-terawulf-lansing-zoning-board-over-data-center/; https://www.ithaca.com/news/lansing/flx-strong-clean-file-lawsuit-against-lansing-zba-terawulf-to-block-data-center/article_97b45f0f-c849-497c-9daa-6040f1f1710b.html; https://www.cornellsun.com/article/2026/02/tompkins-county-legislature-calls-on-dec-to-reconsider-water-permit-for-terawulf-data-center; https://ithacavoice.org/2026/02/county-calls-on-state-to-reject-water-permit-for-ai-data-center/; https://www.ithaca.com/news/regional_news/tompkins-county-legislature-urges-state-to-deny-water-permit-for-lansing-data-center/article_1d89f22d-fcd0-43b3-97e2-173e08a483ea.html; https://607newsnow.com/news/258852-court-rules-lawsuit-against-terawulf-lansing-zba-can-move-forward/; https://www.fingerlakes1.com/2026/05/16/new-york-bill-would-halt-new-ai-data-centers-as-cayuga-lake-project-fuels-growing-backlash/; https://ithacavoice.org/2026/06/petition-opposing-lansing-ai-data-center-garners-over-20000-signatures/; https://www.ithaca.com/news/regional_news/terawulf-s-proposed-data-center-faces-local-delays-pushback/article_8949eab1-47fd-46df-87ec-841b76a6527b.html; https://ithacavoice.org/2026/07/lansing-official-who-opposed-data-center-faces-legal-action/; https://www.cornellsun.com/article/2026/07/k9fstjzcajbc
grp_edf09385,CCAN Action Fund,CCAN Action Fund,1,MD,2026-01-26,2026-01-26,https://ccanactionfund.org/frederick-county-residents-gather-an-impressive-21029-valid-signatures-to-put-controversial-data-center-expansion-project-on-the-ballot/; https://www.wypr.org/wypr-news/2026-03-12/frederick-county-group-wants-voters-to-decide-data-center-limits; https://thedailyrecord.com/2026/06/30/frederick-data-center-no-referendum/
grp_380b3fd9,Cedar Bog Nature Preserve (supporters),Cedar Bog Nature Preserve (supporters),1,OH,2026-03-03,2026-03-03,https://www.change.org/p/no-data-centers-in-champaign-county-ohio; https://www.cedarbognp.org/say-no-to-data-centers-please-sign-the-petition/; https://www.peakofohio.com/local-news/champaign-county-commissioners-release-statement-for-clarity-on-proposed-data-center-project/; https://www.urbanacitizen.com/2026/02/18/data-center-plans-revealed-at-city-meeting/; https://www.wosu.org/2026-03-04/urbana-passes-moratorium-on-new-data-centers-leaving-1b-proposal-in-limbo; https://www.springfieldnewssun.com/news/urbana-officials-release-public-notice-with-overview-timeline-of-proposed-data-center/MZ42L743BVE5PCILD3FHAHR5GU/; https://www.springfieldnewssun.com/news/potential-data-center-considered-for-champaign-county/BYYV3EK3ARGZFM4ARE3NPOSEH4/; https://www.urbanacitizen.com/2026/01/23/data-center-interest-confirmed-urbana-officials-address-residents-concerns/; https://wysu.org/ohio-news/2026-03-04/urbana-passes-moratorium-on-new-data-centers-leaving-1b-proposal-in-limbo
grp_a7aeeedc,Center for Biological Diversity,Center for Biological Diversity,2,AL;NV,2026-03-03,2026-05-06,https://www.birminghamal.gov/news/city-birmingham-proposes-temporary-pause-new-data-center-applications; https://birminghamwatch.org/2026/01/13/birmingham-leaders-weigh-180-day-moratorium-on-data-centers-amid-power-and-water-concerns/; https://gaspgroup.org/birmingham-residents-must-stay-engaged-on-the-proposed-data-center/; https://alabamarivers.org/bcc/; https://birminghamwatch.org/2026/03/03/birmingham-council-enacts-temporary-ban-on-large-data-centers/; https://www.birminghamtimes.com/2026/03/birmingham-city-council-imposes-temporary-freeze-on-data-centers/; https://abc3340.com/news/local/birmingham-halts-new-data-center-projects-with-six-month-moratorium-city-of-birmingham-council-public-hearing-data-centers-zoning-land-use-regulations-review-infrastructure-demands-development; https://yellowhammernews.com/permit-filed-for-multibillion-dollar-75-acre-data-center-in-birmingham/; https://www.wbrc.com/2026/03/04/birmingham-city-council-votes-pause-new-data-center-applications-six-months/; https://1819news.com/news/item/data-center-company-nebius-buys-79-acres-in-birmingham-in-90-million-deal; https://www.fox5vegas.com/2026/05/06/developers-proposed-data-center-hold-second-community-meeting-opposition-continues/; https://www.reviewjournal.com/news/environment/data-centers-will-be-on-the-ballot-in-this-southern-nevada-city-3727498/; https://www.reviewjournal.com/news/environment/this-town-is-not-ready-boulder-city-planners-vote-against-data-center-3827400/; https://www.fox5vegas.com/2026/05/21/boulder-city-commission-vote-denies-data-center-application-after-public-pushback/; https://www.fox5vegas.com/2026/07/07/developer-pulls-plan-boulder-city-data-center/; https://lasvegassun.com/news/2026/jul/08/developer-drops-boulder-city-data-center-request-a/; https://lasvegassun.com/news/2026/jul/15/boulder-city-votes-to-fight-blms-ridiculous-data-c/; https://www.fox5vegas.com/2026/07/15/boulder-city-council-votes-appeal-federal-approval-data-center-blm-land/; https://nevadacurrent.com/2026/07/15/boulder-city-council-seeks-to-stop-data-center-on-blm-land/; https://www.bouldercity.com/city-council-unanimously-decides-to-appeal-blm-data-center-decision/; https://www.spokesman.com/stories/2026/jul/19/a-legal-shortcut-greenlit-a-data-center-on-public-/; https://biologicaldiversity.org/w/news/press-releases/appeal-challenges-public-lands-data-center-in-nevada-2026-07-27/; https://www.ktnv.com/news/environmental-groups-file-federal-appeal-against-data-center-planned-just-outside-boulder-city
grp_ce3600fa,Center for Coalfield Justice,Center for Coalfield Justice,4,PA,2025-11-01,2026-03-31,https://www.heraldstandard.com/news/local_news/2026/mar/21/south-strabane-planning-commission-recommends-supervisors-approve-data-center-ordinance/; https://www.observer-reporter.com/news/local_news/2026/apr/02/south-strabane-residents-pack-fire-hall-for-data-center-hearing/; https://www.observer-reporter.com/news/local_news/2026/feb/28/data-center-ordinance-draws-crowd-in-south-strabane/; https://www.southstrabane.com/home/news/data-center-update; https://www.southstrabane.com/sites/g/files/vyhlif1236/f/uploads/sst-_draft_data_center_ordinance_2-4-26.pdf; https://www.farmanddairy.com/news/residents-protest-data-centers-in-washington-county-pa/907467.html; https://insideclimatenews.org/news/03032026/pennsylvania-data-center-resistance/; https://www.publicsource.org/datacenters-pittsburgh-pennsylvania-energy-resistance-environment/; https://www.alleghenyfront.org/washington-county-data-center-development/; https://writing.strisker.com/data-centers-weekly-briefing-march-30-april-3-2026/; https://www.pennfuture.org/Publication-Data-Center-Model-Ordinance
grp_dee878ac,Center for Economic Accountability,Center for Economic Accountability,1,MS,2025-12-29,2025-12-29,https://economicaccountability.org/2025/12/29/mississippi-data-center-project-named-2025s-worst-economic-development-deal-of-the-year-by-the-center-for-economic-accountability/; https://mississippitoday.org/2025/01/09/meridian-data-center-mississippi-compass-tate-reeves/; https://msindy.org/p/mississippis-data-center-boom-and
grp_3eac7a11,Central Oregon LandWatch,Central Oregon LandWatch,1,OR,2026-02-17,2026-02-17,https://www.opb.org/article/2026/03/03/hillsboro-will-not-get-more-industrial-land-for-high-tech-data-centers/; https://capitalpress.com/2026/03/06/lawmaker-shelves-bill-slating-hillsboro-farmland-for-industrial-development/; https://www.opb.org/article/2026/02/17/oregon-senators-tech-development-hillsboro-farm-group/; https://oregoncapitalchronicle.com/2026/03/02/oregon-would-temporarily-bar-expanded-tax-benefits-for-data-centers-under-changes-to-governors-bill/; https://katu.com/news/local/hillsboro-petition-seeks-pause-data-centers-amid-energy-and-farmland-concerns-washington-county-oregon-city-councilor-kipperlyn-sinclair-jacob-roloff-tammy-carpenter-illsboro-herald-editor-dirk-knudsen-tualatin-riverkeepers-pge; https://hillsboroherald.com/signatures-sought-on-hillsboro-data-center-moratorium-petition-brought-by-kipperlyn-sinclair/
grp_53bcf85d,Chandler Neighbors Against Data Centers,Chandler Neighbors Against Data Centers,1,AZ,2025-12-12,2025-12-12,https://www.phoenixnewtimes.com/news/chandler-city-council-unanimously-kills-sinema-backed-data-center-40628102/; https://www.abc15.com/news/region-southeast-valley/chandler/chandler-data-center-to-get-key-zoning-vote-thursday; https://www.azfamily.com/2025/12/12/chandler-unanimously-votes-against-proposed-ai-data-center/; https://www.12news.com/article/news/local/valley/chandler-arizona-city-council-shoots-down-proposed-ai-data-center/75-7e385023-85da-4f7c-ad2f-91fd43c6c75f; https://www.12news.com/article/news/local/valley/chandler-arizona-residents-rally-against-2-billion-dollar-data-center-city-council-vote-looms/75-fa2c6eed-fdb8-4001-9e5b-dddd72fb308e; https://www.cnn.com/2025/12/10/politics/data-center-arizona-kyrsten-sinema-trump; https://www.axios.com/local/phoenix/2025/12/16/chandler-rejects-sinema-ai-data-center
grp_765e1989,Chapel Creek Neighborhood Association,Chapel Creek Neighborhood Association,1,TX,2025-01-01,2025-01-01,https://fortworthreport.org/2026/02/11/10b-data-center-hits-wall-after-fort-worth-leaders-cite-resources-land-usage-concerns/; https://www.wfaa.com/article/news/local/tarrant-county/fort-worth-council-delays-proposed-450-acre-data-center-rezoning-vote/287-3ac6b783-f553-47d5-8106-b009d799bec5; https://www.nbcdfw.com/news/local/fort-worth-data-center-zoning-approval/3649273/; https://www.govtech.com/infrastructure/fort-worth-data-center-approved-over-residents-opposition; https://www.keranews.org/environment-nature/2025-10-01/data-center-on-431-acres-in-southeast-fort-worth-moving-forward-amid-environmental-concerns
grp_960b89b6,Charles Citizens First,Charles Citizens First,1,VA,2025-08-01,2025-08-01,https://www.wric.com/news/local-news/charles-city-county/residents-celebrate-data-center-withdrawal/; https://www.datacenterdynamics.com/en/news/diode-files-for-515-acre-data-center-park-outside-richmond-virginia/; https://virginiabusiness.com/data-center-campus-planned-for-charles-city-county/
grp_c6f710d4,Charlotte's Party for Socialism and Liberation,Charlotte's Party for Socialism and Liberation,1,NC,2026-04-23,2026-04-23,https://www.wfae.org/energy-environment/2026-04-23/east-charlotte-residents-protest-data-center-development-during-rezoning-hearing; https://www.wbtv.com/2026/05/11/charlotte-city-council-finally-debate-data-centers-freeze/; https://www.axios.com/local/charlotte/2026/05/11/data-center-moratorium-city-council-ai-150; https://www.wbtv.com/2026/05/12/charlotte-city-council-votes-hold-public-meeting-data-center-moratorium/
grp_0b78e9c9,Chattanooga Residents Against Jailhouse Data Center (ad hoc),Chattanooga Residents Against Jailhouse Data Center (ad hoc),1,TN,2026-01-01,2026-01-01,https://newschannel9.com/news/local/residents-rally-against-proposed-ai-data-center-inside-old-hamilton-county-jail; https://www.timesfreepress.com/news/2026/feb/07/hamilton-county-residents-artists-concerned-about/; https://www.timesfreepress.com/news/2026/mar/18/hamilton-county-commission-approves-jailhouse/; https://www.timesfreepress.com/news/2026/mar/11/hamilton-county-officials-draw-up-lease-for/; https://www.wdef.com/residents-petition-against-proposed-data-center-in-jailhouse-studios/
grp_fda9dc9f,Chesapeake Climate Action Network,Chesapeake Climate Action Network,1,WV,2026-01-01,2026-01-01,https://mountainstatespotlight.org/2026/02/25/lawmakers-block-data-center-bills/; https://mountainstatespotlight.org/2025/12/14/data-center-pushback-lawmakers-respond/; https://peoplesaction.org/wvcag-organizes-against-west-virginia-data-centers/; https://virginiamercury.com/2026/02/20/halfway-through-the-2026-legislative-session-theres-still-no-consensus-on-data-center-bills/; https://www.vpm.org/generalassembly/2026-01-16/2026-data-center-bills-thomas-hb155-mcauliff-hb503-pjm-dominion-energy; https://virginiamercury.com/2026/02/24/senators-propose-phasing-out-data-center-tax-credit-house-budget-keeps-it/; https://www.change.org/p/stop-data-centers-in-west-virginia; https://westvirginiawatch.com/2026/04/01/west-virginia-needs-a-data-center-moratorium-to-safeguard-our-future/; https://wvmetronews.com/2026/04/07/the-data-center-development-dilemma/
grp_cdb6f13f,Chesapeake Climate Action Network (CCAN),Chesapeake Climate Action Network (CCAN),1,VA,2025-11-19,2025-11-19,https://citizenportal.ai/articles/7011680/Fluvanna-County/Virginia/Fluvanna-supervisors-ask-planning-commission-for-clearer-plan-on-Technology-Zone-and-moratorium-options; https://fluvannareview.com/2025/11/commission-backs-data-center-restrictions/
grp_97250511,Chesterfield NAACP,Chesterfield NAACP,1,VA,2025-11-25,2025-11-25,https://virginiamercury.com/2025/12/25/state-regulators-clear-controversial-chesterfield-peaker-plant/; https://virginiamercury.com/2025/11/25/scc-approves-chesterfield-gas-plant-and-dominion-rate-hike-creates-new-rate-class-for-data-centers/; https://insideclimatenews.org/news/24022026/southern-environmental-law-center-challenges-dominion-gas-plant-approval/; https://www.canarymedia.com/articles/utilities/virginia-dominion-chesterfield-gas-data-center-demand; https://virginiamercury.com/briefs/scc-declines-to-reconsider-chesterfield-gas-plant-approval-advocacy-groups-appeal-air-permit/
grp_2cb57a96,Citizen Action of New York,Citizen Action of New York,1,NY,2026-02-06,2026-02-06,https://www.commondreams.org/news/ny-data-center-moratorium; https://www.nysenate.gov/legislation/bills/2025/S9144; https://legiscan.com/NY/text/A10141/2025; https://www.nysenate.gov/legislation/bills/2025/S8540; https://www.nysenate.gov/legislation/bills/2025/S6394/amendment/A; https://techcrunch.com/2026/02/07/new-york-lawmakers-propose-a-three-year-pause-on-new-data-centers/; https://www.foodandwaterwatch.org/2026/02/06/ny-legislators-introduce-strongest-data-center-moratorium-bill-in-the-country/; https://www.foodandwaterwatch.org/2026/03/02/100-new-york-groups-call-for-passage-of-data-center-moratorium-bill/; https://www.nixonpeabody.com/insights/alerts/2026/02/11/new-york-state-proposes-sweeping-data-center-moratorium-and-regulatory-review-s9144
grp_db6c834b,Citizens Action Coalition,Citizens Action Coalition,16,IN,2024-06-01,2026-04-20,https://lebanon.in.gov/2026/02/11/meta-makes-lebanon-data-center-announcement-official/; https://www.datacenterdynamics.com/en/news/meta-set-to-develop-1500-acre-data-center-campus-outside-indianapolis-indiana/; https://www.wthr.com/article/news/local/constructions-begins-10-billion-dollar-meta-data-center-campus-leap-district-lebanon-boone-county/531-c85df967-1125-4606-b7cd-2323e7efc019; https://indianacapitalchronicle.com/2026/02/11/details-on-long-expected-meta-data-center-campus-unveiled/; https://dailyjournal.net/2026/02/12/meta-begins-construction-on-10b-data-center-campus-at-leap-district-in-lebanon/; https://iedc.in.gov/events/news/details/2026/02/11/gov.-braun-breaks-ground-on-10b-meta-data-center-campus-at-leap-district; https://www.wfyi.org/news/articles/indiana-data-center-protest-lebanon-meta; https://commercialobserver.com/2026/02/meta-data-center-lebanon-indiana/; https://www.wvxu.org/environment/2026-02-25/dearborn-county-moratorium-solar-farms-data-center; https://www.eaglecountryonline.com/news/local-news/dearborn-co-commissioners-approve-one-year-moratorium-on-solar-farms/; https://www.wcpo.com/news/local-news/finding-solutions/you-have-your-moratorium-what-comes-after-critical-vote-on-solar-farms-data-centers-in-dearborn-county; https://www.eaglecountryonline.com/news/local-news/franklin-co-commissioners-place-year-long-moratorium-on-data-centers/; https://wrbiradio.com/fc-commissioners-ok-data-center-moratorium-extension/; https://www.ibj.com/articles/3-counties-put-moratoriums-on-data-center-projects; https://www.brookvilleindiana.com/story/2026/01/07/news/data-center-introduced/1057.html; https://wrbiradio.com/crowd-packs-meeting-on-data-center/; https://www.change.org/p/prevent-data-centers-from-establishing-in-kokomo-indiana; https://www.wrtv.com/news/local-news/in-your-community/north-side-indy/kokomo-residents-say-no-to-proposed-ai-data-center-plan-in-howard-county; https://www.kokomotribune.com/news/local_news/residents-challenge-kokomo-plan-commission-on-rezoning/article_1645c32a-92cc-4d4e-8569-421e6b7bb270.html; https://www.wishtv.com/news/indiana-news/kokomo-council-considers-annexation/; https://www.utilitydive.com/news/nisource-nipsco-amazon-data-centers-indiana/806396/; https://nwitimes.com/news/local/lake/hobart/article_94ce3879-bb99-4c9b-ab72-47e0d24342b8.html; https://hobartdatacenters.org/; https://nwitimes.com/news/local/article_f87dfc22-1792-43d2-abd8-5f4d4edce372.html; https://www.nbcchicago.com/news/local/indiana-residents-push-back-against-proposal-to-build-2-data-centers-in-hobart/3848075/; https://www.aboutamazon.com/news/company-news/amazon-15-billion-indiana-data-centers; https://www.change.org/p/stop-data-centers-in-hobart-indiana-protect-our-community; https://www.chicagotribune.com/2025/11/24/amazon-15b-data-center-campuses-nwi/; https://www.chicagotribune.com/2025/11/25/hobart-confirmed-amazon-data-center-site/; https://www.change.org/p/stop-data-center-developments-in-northwest-indiana; https://www.insideindianabusiness.com/articles/another-potential-data-center-entering-lake-county; https://www.chicagotribune.com/2025/12/19/lake-county-plan-commission-mulls-data-center-proposal-near-lowell/; https://indianapublicradio.org/news/2026/03/at-a-pivotal-moment-for-data-centers-indiana-lawmakers-take-little-action/; https://www.ipm.org/news/2026-02-04/house-bill-could-provide-benefit-to-communities-that-host-data-centers; https://indianaeconomicdigest.net/Content/Default/Top-Story/Article/Indiana-House-Bill-1333-would-give-local-governments-slice-of-data-centers-tax-break/-3/5309/120948; https://www.wfyi.org/news/articles/data-center-legislation-indiana-general-assembly-2026; https://www.indianasenaterepublicans.com/statement-from-state-sen-eric-koch-on-house-bill-1333; https://www.wboi.org/2026-03-02/at-a-pivotal-moment-for-data-centers-indiana-lawmakers-take-little-action; https://www.govtech.com/products/residents-push-indiana-community-toward-halt-on-data-centers; https://mirrorindy.org/data-center-legislation-indiana-general-assembly-2026/; https://www.wbiw.com/2026/02/18/the-peoples-hearing-hoosiers-gather-to-confront-data-center-expansion-and-utility-hikes/; https://www.wthr.com/article/news/local/you-have-to-be-accountable-to-us-people-lead-data-center-hearing-after-state-legislature-fails-to-hoosier-action/531-732599ee-ea7b-4d20-8ace-de0785425182; https://www.datacenterwatch.org/report; https://dailyjournal.net/2025/11/24/3-counties-put-moratoriums-on-data-center-projects/; https://www.inkfreenews.com/2025/11/26/three-indiana-counties-pass-data-center-moratoriums/; https://www.giant.fm/marshall-county/news/local-news/marshall-county-commissioners-move-to-ban-industrial-solar-farms-and-data-centers/; https://www.citact.org/about; https://www.insideindianabusiness.com/articles/3-counties-put-moratoriums-on-data-center-projects; https://www.wsbt.com/news/local/marshall-county-approves-permanent-ban-on-data-centers-effective-immediately-data-centers-solar-farms-industrial-size-projects-development-county-council-regulations-counties-experts-industries-marshall-county-indiana; https://www.wndu.com/2026/04/20/marshall-county-commissioners-ban-data-centers-limit-solar-projects/; https://www.953mnc.com/2026/04/21/marshall-county-approves-permanent-ban-on-data-centers/; https://www.change.org/p/oppose-rezoning-for-data-center-expansion-in-monrovia; https://protectmorgancounty.org/; https://www.wboi.org/government/2025-09-30/despite-resident-protests-morgan-county-plan-commission-gives-favorable-recommendation-for-data-center-re-zone; https://www.wthr.com/article/news/local/google-announces-new-550-acre-data-center-campus-in-morgan-county-mooresville-indiana/531-0157e288-481d-41b1-8ead-36202861a993; https://www.wrtv.com/news/local-news/morgan-county/construction-intensifies-on-googles-morgan-county-data-center-site; https://dailyjournal.net/2025/10/22/google-reveals-itself-as-developer-behind-500-acre-morgan-county-data-center-campus/; https://dailyjournal.net/2025/10/17/aes-indiana-plans-1200-megawatt-substation-for-morgan-county-data-center/; https://www.wfyi.org/news/articles/indiana-data-centers-google-communities-fight-back-winning; https://mirrorindy.org/aes-data-center-southside-monrovia-citizens-action-coalition/; https://www.change.org/p/stop-the-data-center-monrovia; https://www.datacenterdynamics.com/en/news/google-behind-390-acre-data-center-development-in-morgan-county-indiana/; https://www.datacenterdynamics.com/en/news/application-for-13bn-data-center-in-chesterton-indiana-withdrawn/; https://www.nwitimes.com/news/local/business/brassie-golf-course-provident-realty-advisors-data-center/article_f3650940-19d5-11ef-a122-d76b20ae0b48.html; https://www.nwitimes.com/news/local/jenny-hansen-chesterton-data-center-provident-realty-advisors/article_74c63836-1d16-11ef-87f9-fbc5e91dccff.html; https://www.foxcarolina.com/2026/02/12/threat-our-community-canton-halts-data-center-construction-with-one-year-moratorium/; https://nclocal.org/2026/02/12/town-of-canton-blocks-any-potential-data-center-for-one-year/; https://www.nwitimes.com/news/local/business/chesterton-data-center-provident-realty-advisors/article_cfa2c0e8-27e4-11ef-82c9-13d5c84f02ce.html; https://www.chicagotribune.com/2024/06/16/different-receptions-for-1-billion-investments-data-center-proposals-welcomed-in-laporte-but-not-in-chesterton/; https://www.inkfreenews.com/2025/05/05/data-center-wave-stalls-as-indiana-communities-push-back/; https://www.change.org/p/stop-chesterton-data-center-campus; https://www.insideindianabusiness.com/articles/chesterton-data-center-project-withdrawn; https://www.nwitimes.com/news/local/business/data-center-provident-realty-advisors-chesterton/article_da2f9234-1f42-11ef-b4ef-f35b554f7907.html; https://www.chicagotribune.com/2024/08/06/burns-harbor-residents-blast-data-center-plan-plan-commission-meeting-on-sept-9-for-discussion/; https://www.datacenterdynamics.com/en/news/provident-realty-proposes-seven-building-campus-in-burns-harbor-indiana/; https://www.chicagotribune.com/2025/02/02/texas-firm-yet-to-make-move-on-burns-harbor-data-center-proposal/; https://www.nwitimes.com/news/local/nwi-burns-harbor-data-center/article_b835a314-7b61-11ef-9626-2bd80bf9f2ca.html; https://www.chestertontribune.com/articles/burns-harbor-residents-say-no-way-to-data-center/; https://www.nwitimes.com/news/local/article_b835a314-7b61-11ef-9626-2bd80bf9f2ca.html; https://indianaeconomicdigest.net/MobileContent/Most-Recent/Sunday/Article/Burns-Harbor-Plan-Commission-postpones-vote-on-controversial-data-center-rezone-amid-public-outcry/31/134/117105; https://www.chicagotribune.com/2024/08/03/developer-eyes-burns-harbor-for-data-center-project/; https://wsbt.com/news/local/st-joseph-county-council-denies-rezoning-of-land-for-data-center-votes-7-2-marathon-meeting-hours-long-public-opinion-13-billion-dollar-project-amazon-new-carlisle-approval-process-plan-commission-st-joseph-county-indiana; https://www.datacenterdynamics.com/en/news/st-joseph-county-leaders-approve-11bn-amazon-data-center-in-indiana/; https://baxtel.com/data-center/amazon-new-carlisle-i-dc1; https://www.abc57.com/news/local-groups-advocate-against-third-data-center-in-st-joseph-county; https://www.wndu.com/2025/12/10/st-joseph-county-council-meets-vote-data-center-proposal-new-carlisle/; https://www.citact.org/ai-data-centers; https://www.datacenterdynamics.com/en/news/councilwoman-claims-family-was-swatted-as-planning-permission-denied-for-12bn-data-center-near-new-carlisle-indiana/; https://nwitimes.com/news/local/article_508bddc3-c842-4e1e-82b4-5c88a5db44d3.html; https://www.wndu.com/2025/12/05/starke-county-planning-commission-approves-one-year-data-center-moratorium/; https://www.change.org/p/oppose-the-construction-of-a-data-center-in-starke-county; https://wkvi.com/2025/12/starke-county-plan-commission-unanimously-recommend-a-moratorium-on-data-centers/; https://www.inkfreenews.com/2025/12/08/starke-county-considers-data-center-moratorium/; https://wsbt.com/news/local/data-center-new-plans-email-leak-screenshots-abei-energy-meeting-community-discussion-planning-commission-board-starke-county-indiana; https://www.inkfreenews.com/2025/11/13/starke-county-officials-to-discuss-proposed-data-center-project/; https://wkvi.com/2025/11/starke-county-commissioners-discuss-data-centers-with-citizens/; https://wsbt.com/news/local/starke-county-board-of-commissioners-approve-12-month-ban-on-data-center-projects; https://wkvi.com/2026/07/starke-county-planning-commission-begins-exploring-possible-countywide-data-center-ban/; https://www.insideindianabusiness.com/articles/tensions-rise-as-white-county-rezones-for-possible-data-center
grp_7cafbf80,Citizens Action Coalition Indiana,Citizens Action Coalition Indiana,1,IN,2026-02-24,2026-02-24,https://www.wboi.org/2026-03-02/at-a-pivotal-moment-for-data-centers-indiana-lawmakers-take-little-action; https://www.wfyi.org/news/articles/data-center-legislation-indiana-general-assembly-2026; https://www.govtech.com/products/residents-push-indiana-community-toward-halt-on-data-centers; https://mirrorindy.org/data-center-legislation-indiana-general-assembly-2026/; https://www.wfyi.org/news/articles/indiana-data-center-protest-lebanon-meta; https://www.wbiw.com/2026/02/18/the-peoples-hearing-hoosiers-gather-to-confront-data-center-expansion-and-utility-hikes/; https://www.wthr.com/article/news/local/you-have-to-be-accountable-to-us-people-lead-data-center-hearing-after-state-legislature-fails-to-hoosier-action/531-732599ee-ea7b-4d20-8ace-de0785425182
grp_c30a0e4d,Citizens Action Coalition of Indiana,Citizens Action Coalition of Indiana,2,IN,2025-10-01,2026-03-02,https://www.chronicle-tribune.com/news/commissioners-pass-data-center-moratorium/article_a55a569b-62b5-578c-912e-f183d461f1b9.html; https://stateline.org/2026/03/06/temporarily-banning-data-centers-draws-more-interest-from-state-local-officials/; https://www.govtech.com/products/residents-push-indiana-community-toward-halt-on-data-centers; https://www.change.org/p/stop-the-construction-of-a-data-center-in-plainfield-indiana; https://www.wrtv.com/news/local-news/plainfield-could-be-home-to-the-next-data-center; https://www.datacenterdynamics.com/en/news/radiusdc-looks-to-build-two-data-centers-outside-indianapolis-indiana/; https://www.townofplainfield.com/2023/Radius-Data-Center--Allpoints-18; https://newswire.telecomramblings.com/2026/01/radiusdc-expands-its-footprint-with-edge-colocation-campus-in-indianapolis-in/; https://www.datacenterdynamics.com/en/news/radiusdc-announces-24mw-data-center-campus-outside-indianapolis-indiana/; https://baxtel.com/data-center/radiusdc-plainfield-campus
grp_bdbb9df6,Citizens Against a Dundee Data Center,Citizens Against a Dundee Data Center,1,MI,2025-10-02,2025-10-02,https://bluewaterhealthyliving.com/news/local-news/michigan/where-does-dundee-township-stand-on-the-proposed-data-center/; https://www.13abc.com/2025/10/08/data-center-dundee-takes-step-back-developers-plan-educate-public/; https://www.wkar.org/wkar-news/2026-02-27/michigan-data-center-tracker-moratoria-legislation-and-grid-impact; https://www.datacenterdynamics.com/en/news/cloverleaf-drops-initial-plans-for-michigan-data-center-council-votes-to-block-water-supply/; https://ironwooddatacenter.com/; https://www.change.org/p/prevent-the-construction-of-a-data-center-in-dundee-mi; https://www.wtol.com/article/news/local/village-of-dundee-michigan-officials-end-talks-on-data-center-after-public-pushback/512-03d03eb6-f350-4e2f-bd74-f16bf8d11a4c; https://www.michiganpublic.org/economy/2025-10-23/behind-the-data-center-pushback-in-michigan; https://bridgemi.com/michigan-environment-watch/at-least-19-michigan-towns-pause-data-centers-no-one-knows-if-itll-work/
grp_e2c0dea4,Citizens Against Over Development in Lyon County,Citizens Against Over Development in Lyon County,1,NV,2025-11-01,2025-11-01,https://www.change.org/p/will-we-lose-our-water-petition-to-disapprove-of-data-centers; https://nevadacurrent.com/2026/02/09/data-center-water-power-needs-regulatory-challenges-strain-rural-communities/; https://www.tract.com/news/tract-expands-its-greater-reno-portfolio-closing-on-1060-acres-in-silver-springs-nevada-following-successful-rezoning-and-development-agreement-with-lyon-county/; https://www.datacenterdynamics.com/en/news/tract-acquires-1000-acres-in-nevada-for-16gw-data-center-park/; https://www.datacenterdynamics.com/en/news/land-rezoning-approved-for-data-center-in-lyon-county-nevada/; https://www.carsonnow.org/11/25/2025/blm-reports-new-policy-limits-public-involvement-on-development-lyon-hears-update-on-massive-victory-district; https://www.change.org/p/citizens-against-over-development-in-lyon-county-nv; https://thisisreno.com/2026/02/nevada-data-centers-growth/
grp_d202a83d,Citizens Concerned About Wolf Hollow,Citizens Concerned About Wolf Hollow,1,TX,2024-10-04,2024-10-04,https://earthjustice.org/press/2024/granbury-residents-sue-local-bitcoin-mine-over-health-threatening-noise-pollution; https://www.texastribune.org/2025/10/09/texas-hood-county-crypto-noise-incorporate-city/; https://www.keranews.org/news/2025-10-30/hood-county-mitchell-bend-election-incorporate-bitcoin-mine-marathon; https://earthjustice.org/press/2025/granbury-residents-demand-answers-from-maras-bitcoin-mine-as-lawsuit-over-noise-nuisance-continues
grp_a3c8c63d,Citizens for Fauquier County,Citizens for Fauquier County,5,VA,2024-07-15,2026-07-16,https://www.fauquiernow.com/news/developer-withdraws-plans-for-catlett-station-data-center-project/article_29d5165e-4385-11ef-ad9e-db32dab80435.html; https://www.fauquier.com/news/developer-withdraws-application-to-rezone-for-catlett-data-centers/article_d0b1a26e-436f-11ef-a9b2-d71f39f9e76e.html; https://www.fauquier.com/news/town-council-votes-to-ban-data-centers-from-warrenton/article_0f58d64e-f89e-4dbd-8825-c06e65f1a4b7.html; https://www.datacenterwatch.org/report; https://www.citizensforfauquier.org/data-centers-overview; https://www.citizensforfauquier.org/; https://www.pecva.org/region/fauquier/gigaland/; https://protectfauquier.com/; https://virginiamercury.com/2025/05/21/report-highlights-community-pushback-stalling-64-billion-in-data-center-development-nationwide/; https://www.fauquiernow.com/news/warrenton-town-council-pushes-back-against-data-centers-amends-zoning-ordinance/article_67ce814a-e880-4c95-8099-bac067988a25.html; https://www.datacenterdynamics.com/en/news/plans-for-800mw-gigaland-data-center-campus-withdrawn-in-fauquier-county-virginia/; https://www.fauquier.com/localnews/gigaland-resubmits-scaled-down-data-center-project/article_86348ee7-cefa-4d0f-b28c-33ced39ae9ff.html; https://www.fauquiernow.com/news/business/fauquier-supervisors-request-dominion-bury-transmission-lines-provide-more-information-on-high-load-clients/article_2f6014f2-27e9-4e17-8343-d5abbfb8da0f.html; https://www.fauquiernow.com/news/fauquier-planning-commission-rejects-dominion-energy-substation-expansion-in-sumerduck/article_001c92e4-5fea-41a5-b85a-cdbbac97e3b1.html; https://www.fauquiernow.com/news/gigaland-developers-withdraw-remington-data-center-application-new-filing-anticipated/article_ea7c2fd1-97a0-416f-9a1b-4e68e72cc496.html; https://www.pecva.org/region/fauquier/gigaland-application-withdrawn-our-communitys-voice-was-heard/; https://www.fauquiernow.com/news/fauquier-planning-commission-recommends-denial-of-gigaland-data-center-project-in-remington/article_0aa8068e-1c6e-437e-917b-6f32d2a6f836.html; https://www.thecooldown.com/green-business/virginia-planning-commission-denies-gigaland-data-center/
grp_e93b8890,Citizens for Fauquier County (CFFC),Citizens for Fauquier County (CFFC),1,VA,2025-07-08,2025-07-08,https://www.fauquier.com/news/town-council-votes-to-ban-data-centers-from-warrenton/article_0f58d64e-f89e-4dbd-8825-c06e65f1a4b7.html; https://www.datacenterwatch.org/report; https://www.citizensforfauquier.org/data-centers-overview; https://www.citizensforfauquier.org/; https://www.pecva.org/region/fauquier/gigaland/; https://protectfauquier.com/; https://virginiamercury.com/2025/05/21/report-highlights-community-pushback-stalling-64-billion-in-data-center-development-nationwide/; https://www.fauquiernow.com/news/warrenton-town-council-pushes-back-against-data-centers-amends-zoning-ordinance/article_67ce814a-e880-4c95-8099-bac067988a25.html
grp_c80a1c81,Citizens for Open Governance,Citizens for Open Governance,1,GA,2026-02-04,2026-02-04,https://augustaceo.com/news/2026/02/citizen-files-lawsuits-over-columbia-county-data-centers/; https://augustatoday.com/2025/04/11/plans-filed-for-massive-8-million-square-foot-data-hub-near-augusta/; https://baxtel.com/data-center/trammel-crow-white-oak-tech-park; https://finance.yahoo.com/news/high-tech-developer-proposes-8-100409179.html; https://hotaugusta.com/2025/10/22/appling-residents-protest-secretive-data-center-plans-amid-rapid-expansion-fears/; https://theaugustapress.com/columbia-county-observer-investigates-the-proposed-data-center/; https://theaugustapress.com/harlem-citizen-follows-legal-action-over-quarry-with-two-more-lawsuits-about-columbia-county-data-center-projects/; https://www.change.org/p/halt-the-construction-of-columbia-county-data-centers-quarry; https://www.change.org/p/halt-the-construction-of-the-meta-data-center-in-appling-ga; https://www.change.org/p/petition-from-csra-residents; https://www.datacenterdynamics.com/en/news/plans-filed-for-8-million-sq-ft-data-center-and-technology-park-outside-augusta-georgia/; https://www.datacenterdynamics.com/en/news/three-proposals-for-data-centers-in-columbia-county-georgia-meet-stiff-opposition/; https://www.govtech.com/products/residents-sue-georgia-county-over-data-center-plans; https://www.wabe.org/data-centers-use-a-lot-of-water-georgia-counties-and-conservationists-are-looking-for-solutions/; https://www.wjbf.com/news/col-co-approves-white-oak-technology-and-pumpkin-center-data-centers-votes-no-on-byrd-farm/; https://www.wjbf.com/news/ive-honestly-been-feeling-a-lot-of-grief-pushback-grows-after-col-co-board-of-commissioners-approve-two-data-centers/; https://www.wrdw.com/2025/11/17/columbia-county-leaders-hold-hearing-proposed-data-center/; https://www.wrdw.com/2026/02/04/columbia-co-passes-one-data-center-others-be-voted/; https://www.wrdw.com/2026/02/26/citizen-files-lawsuits-over-columbia-county-data-centers/; https://www.wsbtv.com/news/local/data-centers-water-secrets-companies-using-ndas-hide-water-usage-georgia/ESYQS4GRDVAM7A6EJUQKGXTPWY/
grp_b0b2d88d,"Citizens for Open Governance, Columbia County Georgia","Citizens for Open Governance, Columbia County Georgia",1,GA,2026-02-04,2026-02-04,https://augustaceo.com/news/2026/02/citizen-files-lawsuits-over-columbia-county-data-centers/; https://augustatoday.com/2025/04/11/plans-filed-for-massive-8-million-square-foot-data-hub-near-augusta/; https://baxtel.com/data-center/trammel-crow-white-oak-tech-park; https://finance.yahoo.com/news/high-tech-developer-proposes-8-100409179.html; https://hotaugusta.com/2025/10/22/appling-residents-protest-secretive-data-center-plans-amid-rapid-expansion-fears/; https://theaugustapress.com/columbia-county-observer-investigates-the-proposed-data-center/; https://theaugustapress.com/harlem-citizen-follows-legal-action-over-quarry-with-two-more-lawsuits-about-columbia-county-data-center-projects/; https://www.change.org/p/halt-the-construction-of-columbia-county-data-centers-quarry; https://www.change.org/p/halt-the-construction-of-the-meta-data-center-in-appling-ga; https://www.change.org/p/petition-from-csra-residents; https://www.datacenterdynamics.com/en/news/plans-filed-for-8-million-sq-ft-data-center-and-technology-park-outside-augusta-georgia/; https://www.datacenterdynamics.com/en/news/three-proposals-for-data-centers-in-columbia-county-georgia-meet-stiff-opposition/; https://www.govtech.com/products/residents-sue-georgia-county-over-data-center-plans; https://www.wabe.org/data-centers-use-a-lot-of-water-georgia-counties-and-conservationists-are-looking-for-solutions/; https://www.wjbf.com/news/col-co-approves-white-oak-technology-and-pumpkin-center-data-centers-votes-no-on-byrd-farm/; https://www.wjbf.com/news/ive-honestly-been-feeling-a-lot-of-grief-pushback-grows-after-col-co-board-of-commissioners-approve-two-data-centers/; https://www.wrdw.com/2025/11/17/columbia-county-leaders-hold-hearing-proposed-data-center/; https://www.wrdw.com/2026/02/04/columbia-co-passes-one-data-center-others-be-voted/; https://www.wrdw.com/2026/02/26/citizen-files-lawsuits-over-columbia-county-data-centers/; https://www.wsbtv.com/news/local/data-centers-water-secrets-companies-using-ndas-hide-water-usage-georgia/ESYQS4GRDVAM7A6EJUQKGXTPWY/
grp_25aee5cd,Citizens for Responsible Development,Citizens for Responsible Development,1,OK,2026-06-17,2026-06-17,https://www.datacenterdynamics.com/en/news/data-center-proposal-in-luther-oklahoma-faces-opposition-prior-to-official-filing/; https://www.okenergytoday.com/2026/01/luther-residents-rally-against-a-proposed-data-center/; https://kfor.com/news/local/luther-community-hosts-meeting-on-power-line-project-and-proposed-data-center/; https://lutherregister.news/2026/03/31/luther-has-more-going-on-than-data-centers/; http://townoflutherok.com/data-center-status-update/; https://writing.strisker.com/data-centers-daily-notes-june-18-2026/
grp_e261d0aa,Citizens for Responsible Economic Development,Citizens for Responsible Economic Development,1,IN,2025-12-10,2025-12-10,https://wsbt.com/news/local/st-joseph-county-council-denies-rezoning-of-land-for-data-center-votes-7-2-marathon-meeting-hours-long-public-opinion-13-billion-dollar-project-amazon-new-carlisle-approval-process-plan-commission-st-joseph-county-indiana; https://www.datacenterdynamics.com/en/news/st-joseph-county-leaders-approve-11bn-amazon-data-center-in-indiana/; https://baxtel.com/data-center/amazon-new-carlisle-i-dc1; https://www.abc57.com/news/local-groups-advocate-against-third-data-center-in-st-joseph-county; https://www.wndu.com/2025/12/10/st-joseph-county-council-meets-vote-data-center-proposal-new-carlisle/; https://www.citact.org/ai-data-centers; https://www.datacenterdynamics.com/en/news/councilwoman-claims-family-was-swatted-as-planning-permission-denied-for-12bn-data-center-near-new-carlisle-indiana/; https://nwitimes.com/news/local/article_508bddc3-c842-4e1e-82b4-5c88a5db44d3.html
grp_8995f807,Citizens for Responsible Economic Development (CRED),Citizens for Responsible Economic Development (CRED),1,IN,2025-12-10,2025-12-10,https://wsbt.com/news/local/st-joseph-county-council-denies-rezoning-of-land-for-data-center-votes-7-2-marathon-meeting-hours-long-public-opinion-13-billion-dollar-project-amazon-new-carlisle-approval-process-plan-commission-st-joseph-county-indiana; https://www.datacenterdynamics.com/en/news/st-joseph-county-leaders-approve-11bn-amazon-data-center-in-indiana/; https://baxtel.com/data-center/amazon-new-carlisle-i-dc1; https://www.abc57.com/news/local-groups-advocate-against-third-data-center-in-st-joseph-county; https://www.wndu.com/2025/12/10/st-joseph-county-council-meets-vote-data-center-proposal-new-carlisle/; https://www.citact.org/ai-data-centers; https://www.datacenterdynamics.com/en/news/councilwoman-claims-family-was-swatted-as-planning-permission-denied-for-12bn-data-center-near-new-carlisle-indiana/; https://nwitimes.com/news/local/article_508bddc3-c842-4e1e-82b4-5c88a5db44d3.html
grp_301cb60f,Citizens for Rural Coweta,Citizens for Rural Coweta,1,GA,2026-06-16,2026-06-16,https://www.gpb.org/news/2025/10/22/wave-of-data-center-ordinances-sweep-through-ga-counties-how-strict-are-they; https://www.datacenterdynamics.com/en/news/project-sail-data-center-newnan-atlanta-georgia/; https://www.desmog.com/2025/08/18/arthur-edge-data-center-lobbyists-project-sail-sargent-coweta-county-georgia/; https://stopsail.com/; https://chattahoochee.org/publications/coweta-county-project-sail-data-center-faq/; https://www.desmog.com/2025/09/10/prologis-project-sail-data-center-charm-offensive-coweta-county-georgia/; https://www.desmog.com/2025/12/15/behind-closed-doors-georgia-county-rewrote-data-center-rules/; https://www.times-herald.com/data_center/public-protests-split-vote-mark-approval-of-data-center-rules/article_324e192d-23e5-4d78-9894-00182e3a9d35.html; https://thecitizen.com/2026/04/10/coweta-commissioners-approve-project-sail-data-center-in-3-2-vote/; https://www.ajc.com/business/2026/04/coweta-votes-to-turn-this-800-acre-forest-into-17b-data-center-campus/; https://www.desmog.com/2026/04/07/how-data-center-developers-staked-their-claim-in-rural-georgia/; https://writing.strisker.com/data-centers-daily-notes-june-18-2026/
grp_f8dc8ab1,Citizens Opposed to Data Centers in Henry County,Citizens Opposed to Data Centers in Henry County,1,GA,2026-01-06,2026-01-06,https://www.atlantanewsfirst.com/2026/01/06/henry-county-commissioners-look-put-guardrails-any-future-data-centers/; https://www.fox5atlanta.com/news/henry-county-weighs-new-rules-data-centers-after-public-hearing; https://www.datacenterdynamics.com/en/news/another-data-center-campus-is-being-planned-outside-atlanta-georgia-hampton-technology-park-owner-llc-has-filed-a-developments-of-regional-impact-dri-application-with-the-georgia-department-of-community-affairs-for-a-new-campus-in-the-city-of-hampto/
grp_7cda0e10,Citizens United for Responsible Growth in Leon County,Citizens United for Responsible Growth in Leon County,1,TX,2025-12-01,2025-12-01,https://www.kbtx.com/2025/12/24/leon-county-bracing-1500-megawatt-data-center/; https://www.kxxv.com/news/local-news/in-your-neighborhood/leon-county-residents-oppose-proposed-1-500-megawatt-data-center-project; https://www.kbtx.com/2026/01/14/leon-county-hosts-town-hall-discuss-future-planned-data-center/; https://www.kxxv.com/news/local-news/in-your-neighborhood/leon-county-residents-hold-meeting-over-proposed-marquez-data-center
grp_005fa7a2,Citizens Utility Board,Citizens Utility Board,1,DC,2025-10-01,2025-10-01,https://www.nrdc.org/bio/tom-rutigliano/building-data-centers-without-breaking-pjm; https://www.nrdc.org/press-releases/rising-demand-data-centers-driving-reliability-cost-concerns; https://www.citizensutilityboard.org/blog/2025/10/23/data-center-concerns-cub-nrdc-experts-warn-pjm-states-could-get-hit-with-forced-blackouts-163b-in-additional-electricity-capacity-costs/
grp_2e121c19,Citizens Utility Board (CUB),Citizens Utility Board (CUB),1,WI,2026-02-11,2026-02-11,https://racinecountyeye.com/2026/02/11/psc-data-center-hearing-oppose/; https://wisconsinexaminer.com/2026/02/12/democratic-lawmakers-propose-data-center-moratorium/; https://spectrumnews1.com/wi/milwaukee/news/2026/02/26/new-poll-shows-partisan-divide--negative-opinion-of-data-centers; https://wisconsinexaminer.com/2026/02/10/wisconsin-public-service-commission-data-center-hearing-draws-public-outcry/; https://racinecountyeye.com/2026/02/10/psc-public-hearings-microsoft-rates/; https://urbanmilwaukee.com/2026/03/02/psc-requires-alliant-energy-to-disclose-data-center-rates/; https://naacp.org/articles/naacp-wisconsin-coalition-oppose-utility-bill-hikes-ai-data-center; https://www.sierraclub.org/press-releases/2026/03/sierra-club-wisconsin-and-partners-applaud-public-service-commission; https://wisconsinrivers.org/data-center-bills/; https://www.cleanwisconsin.org/data-center-secrets/; https://cubwi.org/data-center/; https://psc.wi.gov/Documents/PressReleases/04.24.2026PressRelease.PDF; https://www.renewwisconsin.org/pscs-preliminary-decision-data-centers-will-cover-their-costs/
grp_e7b1e3f4,Citizens Utility Board of Michigan,Citizens Utility Board of Michigan,5,MI,2025-10-31,2026-04-24,https://www.wlns.com/news/michigan/dte-energy-links-data-center-474m-funding-request-to-pause-in-electricity-rate-hikes/; https://www.fox2detroit.com/news/dte-says-will-pause-rate-hike-requests-2-years-citing-increased-revenue-from-data-centers; https://www.cbsnews.com/detroit/news/dte-2-year-pause-rate-hike-requests/; https://www.detroitnews.com/story/business/2026/04/24/dte-to-seek-473m-rate-hike-but-promises-relief-if-data-centers-open/89776997007/; https://www.michigan.gov/ag/news/press-releases/2026/04/28/ag-nessel-to-intervene-in-dte; https://eu.detroitnews.com/story/business/2026/04/29/dte-wants-a-nearly-10-electric-rate-hike-nessel-says-shell-fight-it/89853725007/; https://michiganadvance.com/briefs/as-dte-seeks-474-million-rate-hike-nessel-pledges-to-intervene/; https://planetdetroit.org/2026/04/dte-rate-hike-data-centers/; https://www.michigan.gov/mpsc/commission/news-releases/2025/12/18/mpsc-approves-dte-electric-energy-contracts-for-data-center; https://cubofmichigan.org/blog/mpsc-grants-expedited-approval-for-dte-contracts-with-hyperscale-data-center/; https://www.tdworld.com/utility-business/news/55340640/michigan-regulators-approve-dte-data-center-power-contracts-with-added-ratepayer-protections; https://www.nrdc.org/press-releases/environmental-groups-file-contested-case-hearing-saline-data-center; https://www.sierraclub.org/michigan/blog/2025/12/mpsc-fails-transparency-test-approving-dte-data-center-deal-outside-formal; https://michiganadvance.com/2026/01/09/nessel-and-advocates-seek-rehearing-on-conditional-approval-of-dte-data-center-contracts/; https://planetdetroit.org/2026/01/dte-energy-data-center-contracts/; https://www.thecentersquare.com/michigan/article_bb893282-cfcc-442b-8471-be2256a61905.html; https://themanchestermirror.com/2026/01/05/regulators-approve-dte-contracts-for-saline-township-data-center/; https://bridgemi.com/michigan-environment-watch/michigan-regulators-approve-contract-for-michigans-first-hyperscale-data-center/; https://www.tomshardware.com/tech-industry/artificial-intelligence/openais-stargate-data-center-gets-approval-to-receive-1-4-gigawatts-of-power-in-michigan-some-residents-furious-as-energy-company-is-given-go-ahead-by-regulatory-body-without-hearing-opposition; https://planetdetroit.org/2026/01/dte-agrees-saline-data-center-conditions/; https://www.related-digital.com/news/openai-oracle-and-related-digital-announce-stargate-data-center-site-in-michigan; https://www.wxyz.com/news/data-centers/michigan-public-service-commission-approves-dte-contract-for-saline-township-data-center-project; https://www.michiganpublic.org/economy/2026-04-25/saline-township-data-center-major-construction-underway-financing-secured; https://www.edtechinnovationhub.com/news/openai-and-oracle-commit-to-union-built-stargate-data-center-in-michigan; https://michiganadvance.com/2025/12/18/public-service-commission-approves-dte-data-center-contracts-with-strings-attached/; https://eu.detroitnews.com/story/news/local/michigan/2025/12/18/mpsc-approves-dte-saline-township-data-center-contracts-conditions/87813803007/; https://planetdetroit.org/2025/12/dte-data-center-contracts-approved/
grp_9456473e,Citizens Utility Board of Wisconsin,Citizens Utility Board of Wisconsin,1,WI,2026-02-10,2026-02-10,https://wisconsinexaminer.com/2026/02/10/wisconsin-public-service-commission-data-center-hearing-draws-public-outcry/; https://urbanmilwaukee.com/2026/02/11/wisconsin-psc-public-hearing-on-data-centers-draws-public-outcry/; https://racinecountyeye.com/2026/02/11/psc-data-center-hearing-oppose/
grp_5f8b0e71,City of Buckeye (official opposition),City of Buckeye (official opposition),1,AZ,2024-05-01,2024-05-01,"https://www.datacenterdynamics.com/en/news/tract-announces-18gw-data-center-park-in-phoenix-arizona/; https://therealdeal.com/national/phoenix/2024/05/02/tract-drops-14b-plan-to-build-data-centers-outside-phoenix/; https://www.abc15.com/news/business/14-billion-west-valley-data-center-project-request-withdrawn-after-cities-push-back; https://www.abc15.com/news/region-west-valley/community-concerned-over-major-new-data-center-project; https://www.yourvalley.net/goodyear-independent/stories/developer-pulls-goodyear-area-data-center-application-amid-grassroots-municipal-opposition,506154; https://www.yourvalley.net/stories/goodyear-area-529-acre-ai-data-center-campus-application-draws-opposition-water,484602"
grp_6e620359,City of Goodyear (official opposition),City of Goodyear (official opposition),1,AZ,2024-05-01,2024-05-01,"https://www.datacenterdynamics.com/en/news/tract-announces-18gw-data-center-park-in-phoenix-arizona/; https://therealdeal.com/national/phoenix/2024/05/02/tract-drops-14b-plan-to-build-data-centers-outside-phoenix/; https://www.abc15.com/news/business/14-billion-west-valley-data-center-project-request-withdrawn-after-cities-push-back; https://www.abc15.com/news/region-west-valley/community-concerned-over-major-new-data-center-project; https://www.yourvalley.net/goodyear-independent/stories/developer-pulls-goodyear-area-data-center-application-amid-grassroots-municipal-opposition,506154; https://www.yourvalley.net/stories/goodyear-area-529-acre-ai-data-center-campus-application-draws-opposition-water,484602"
grp_6cace967,CLEAN (Cayuga Lake Environmental Action Now),CLEAN (Cayuga Lake Environmental Action Now),1,NY,2026-03-13,2026-03-13,https://www.fltimes.com/news/seneca-county-board-of-supervisors-to-dec-reject-terawulfs-modified-permit-request/article_cce901b6-e44d-41b6-ae0c-e0f9bf79e1d7.html; https://sustainablefingerlakes.org/2026/03/13/seneca-county-board-of-supervisors-to-dec-reject-terawulfs-modified-permit-request/; https://ithacavoice.org/2026/01/local-groups-file-suit-against-terawulf-lansing-zoning-board-over-data-center/
grp_15353fe6,Clean Air Coalition of Western New York,Clean Air Coalition of Western New York,1,NY,2026-06-16,2026-06-16,https://www.govtech.com/policy/north-tonawanda-n-y-bans-new-crypto-mining-for-2-years; https://www.wivb.com/news/local-news/niagara-county/north-tonawanda/north-tonawanda-implements-2-year-ban-on-crypto-mining-establishments/; https://earthjustice.org/press/2024/victory-new-york-court-rescinds-approval-of-fracked-gas-power-plant-sale-to-cryptocurrency-mining-company-in-north-tonawanda; https://www.gem.wiki/Digihost_Fortistar_Niagara_County_facility; https://www.wgrz.com/article/news/local/north-tonawanda-residents-join-forces-to-rally-against-digihost-bitcoin-mining-project/71-79ff4df5-4553-47de-8502-22c3ea6cddc9; https://www.cacwny.org/campaigns/north-tonawanda/; https://www.wkbw.com/news/local-news/north-tonawanda-homeowners-rallied-outside-city-hall-about-the-digihost-plant; https://www.btpm.org/local/2025-08-12/north-tonawanda-residents-rally-as-crypto-mining-facility-goes-to-court; https://www.wgrz.com/article/tech/science/environment/impacts-north-tonawanda-cryptomines-nuclear-power/71-1f8c0958-4d71-4443-86b6-c30e4df93afc; https://writing.strisker.com/data-centers-daily-notes-june-17-2026/
grp_72eb882c,Clean Energy Columbus,Clean Energy Columbus,1,GA,2026-06-16,2026-06-16,https://www.wrbl.com/top-stories/columbus-city-council-discusses-proposed-5-18-billion-data-center-residents-voice-concern/; https://www.change.org/p/stop-data-center-in-muscogee-county; https://www.datacenterdynamics.com/en/news/5bn-data-center-project-in-the-works-around-columbus-georgia/; https://www.wtvm.com/2026/02/16/columbus-leaders-pursue-5-billion-data-center-project/; https://www.wtvm.com/2026/02/12/proposed-5b-data-center-project-promises-195-new-jobs-columbus-area/; https://www.wtvm.com/2026/03/18/columbus-residents-pack-town-hall-over-proposed-5b-data-center-project-ruby/; https://www.wrbl.com/news/proposed-columbus-data-center-is-drawing-a-vocal-and-motivated-opposition/; https://nowgeorgia.com/thousands-sign-petition-opposing-data-center-in-columbus/; https://nowgeorgia.com/columbus-city-council-to-get-earful-on-data-center-proposal/; https://insideclimatenews.org/news/13042026/georgia-data-center-boom/; https://www.gpb.org/news/2026/06/04/georgia-today-columbus-data-centers-i-285-closure-world-cup-hot-weather
grp_dd0efaa3,Clean Virginia,Clean Virginia,1,VA,2026-02-10,2026-02-10,https://virginiamercury.com/2026/02/10/bill-would-put-more-energy-costs-on-data-centers-slash-residential-customerss-rates/; https://www.vpm.org/news/2026-02-10/louise-lucas-data-center-infrastructure-costs-dominion-energy-apco-scc-pjm-virginia; https://www.pecva.org/region/regional-state-national-region/2026-data-center-reform-legislation/; https://virginiamercury.com/2026/03/17/data-center-bills-dominated-this-years-general-assembly-heres-what-passed/; https://www.vpm.org/generalassembly/2026-04-16/spanberger-general-assembly-levere-bolling-lucas-utility-legislation-dominion; https://introl.com/blog/virginia-data-center-tax-exemption-battle-2026; https://www.multistate.us/insider/2026/3/30/virginia-lawmakers-pass-15-data-center-bills-as-tax-exemption-fight-looms; https://virginiamercury.com/2026/05/15/spanberger-signs-assault-weapons-ban-package-of-criminal-justice-and-energy-bills/; https://cardinalnews.org/2026/05/14/spanberger-will-veto-collective-bargaining-bill-future-of-cannabis-legislation-uncertain/
grp_511461ac,Clean Water for North Carolina,Clean Water for North Carolina,3,NC,2026-01-12,2026-03-25,https://www.northcarolinahealthnews.org/2026/03/25/nc-communities-push-back-ai-data-centers-project-delta-lawsuit/; https://www.wunc.org/environment/2026-04-10/opposition-to-data-centers-is-catching-a-fire-across-north-carolina-spurring-political-challenges; https://www.wunc.org/2026-03-17/lee-county-residents-ask-for-a-data-center-moratorium; https://sandhills.news/2026/01/06/lee-county-nc-fracking-and-data-center/; https://cwfnc.org/nofracklee/; https://www.sanfordherald.com/news/lee-commissioners-adopt-data-center-regulations/article_18d8f60f-25b7-5391-8faa-f6419a63919b.html; https://www.wral.com/news/local/central-north-carolina-data-center-plans-april-2026/; https://ncnewsline.com/2026/03/13/community-groups-sue-over-planned-data-center-in-stokes-county/; https://www.selc.org/press-release/community-groups-residents-file-lawsuit-over-stokes-county-data-center-rezoning/; https://southerncoalition.org/community-groups-residents-file-lawsuit-over-stokes-county-data-center-rezoning/; https://insideclimatenews.org/news/19032026/north-carolina-county-data-center-rezoning-lawsuit/; https://cwfnc.org/stokes/; https://www.theassemblync.com/news/environment/data-center-rezoning-stokes-county/; https://www.wunc.org/2026-03-16/developer-responds-to-lawsuit-challenging-stokes-data-center; https://www.africanelements.org/news/why-walnut-cove-is-suing-to-stop-project-delta-ai-centers/; https://www.wsoctv.com/news/local/nc-neighbors-suing-protect-farmland-rezoning-data-center/4FMVUKUJ7VBAJBV46OBDT75SYU/; https://journalnow.com/news/local/government-politics/article_e3217294-5ef8-4039-881e-8e2fb1818e16.html; https://journalnow.com/news/local/business/development/article_ecd6167b-aac8-4828-81e1-3d50a447416d.html; https://www.wunc.org/2026-03-05/data-center-approval-looms-over-stokes-county-primary-results; https://nclcv.org/cib03162026-data-centers-tipping-point/; https://www.wfmynews2.com/article/news/local/stokes-county-commissioners-reject-data-center-moratorium-project-delta-looms/83-dd17b48a-79f1-442c-a13c-afca1868db37; https://www.wfdd.org/politics-government/2026-07-14/stokes-commission-rejects-six-month-data-center-moratorium
grp_5cf77f2a,Clean Wisconsin,Clean Wisconsin,5,WI,2025-05-22,2026-06-12,https://www.wearegreenbay.com/news/local-news/because-of-community-opposition-village-of-greenleaf-no-longer-considered-for-data-center-project/; https://spectrumnews1.com/wi/milwaukee/news/2026/01/13/data-center-withdraws-plans-to-build-in-brown-county-following-community-pushback-greenleaf-; https://fox11online.com/news/local/company-discontinues-possible-ai-data-center-project-in-greenleaf-after-community-backlash; https://www.thecooldown.com/green-business/greenleaf-wisconsin-residents-oppose-data-center/; https://www.wearegreenbay.com/news/local-news/houston-based-real-estate-developer-responds-to-data-center-proposal-concerns-in-northeast-wisconsin/; https://www.cleanwisconsin.org/take-a-stand-against-unchecked-data-center-development/; https://racinecountyeye.com/2026/02/11/psc-data-center-hearing-oppose/; https://wisconsinexaminer.com/2026/02/12/democratic-lawmakers-propose-data-center-moratorium/; https://spectrumnews1.com/wi/milwaukee/news/2026/02/26/new-poll-shows-partisan-divide--negative-opinion-of-data-centers; https://wisconsinexaminer.com/2026/02/10/wisconsin-public-service-commission-data-center-hearing-draws-public-outcry/; https://racinecountyeye.com/2026/02/10/psc-public-hearings-microsoft-rates/; https://urbanmilwaukee.com/2026/03/02/psc-requires-alliant-energy-to-disclose-data-center-rates/; https://naacp.org/articles/naacp-wisconsin-coalition-oppose-utility-bill-hikes-ai-data-center; https://www.sierraclub.org/press-releases/2026/03/sierra-club-wisconsin-and-partners-applaud-public-service-commission; https://wisconsinrivers.org/data-center-bills/; https://www.cleanwisconsin.org/data-center-secrets/; https://cubwi.org/data-center/; https://psc.wi.gov/Documents/PressReleases/04.24.2026PressRelease.PDF; https://www.renewwisconsin.org/pscs-preliminary-decision-data-centers-will-cover-their-costs/; https://writing.strisker.com/data-centers-daily-notes-april-23-2026/; https://www.jsonline.com/story/communities/north/2026/04/23/dnr-reviews-data-center-backup-diesel-generators-advocates-push-back/89658654007/; https://wisconsinexaminer.com/2026/04/14/residents-plead-with-dnr-to-deny-port-washington-data-center-air-pollution-permit/; https://www.wpr.org/news/port-washington-residents-urge-dnr-to-deny-air-quality-permits-for-data-center; https://urbanmilwaukee.com/2026/04/15/port-washington-residents-urge-dnr-deny-air-quality-permits-for-data-center/; https://racinecountyeye.com/2026/04/14/data-center-dnr-air-pollution/; https://dnr.wisconsin.gov/topic/EIA/Portwashington.html; https://www.gmtoday.com/news_graphic/news/lighthouse-data-center-environmental-impact/article_a7ac3565-8fcb-4760-9955-455eb1bdf551.html; https://biztimes.com/psc-approves-natural-gas-power-plants-planned-in-oak-creek-and-kenosha-county/; https://www.cleanwisconsin.org/psc-approves-plan-to-power-ai-data-center-with-gas-plants-bringing-1200-mw-of-new-dirty-power-to-southeast-wisconsin/; https://www.canarymedia.com/articles/utilities/wepco-gas-data-centers; https://urbanmilwaukee.com/2026/02/11/wisconsin-psc-public-hearing-on-data-centers-draws-public-outcry/
grp_c5e9d275,CleanAIRE NC,CleanAIRE NC,1,NC,2026-01-12,2026-01-12,https://ncnewsline.com/2026/03/13/community-groups-sue-over-planned-data-center-in-stokes-county/; https://www.northcarolinahealthnews.org/2026/03/25/nc-communities-push-back-ai-data-centers-project-delta-lawsuit/; https://www.selc.org/press-release/community-groups-residents-file-lawsuit-over-stokes-county-data-center-rezoning/; https://southerncoalition.org/community-groups-residents-file-lawsuit-over-stokes-county-data-center-rezoning/; https://insideclimatenews.org/news/19032026/north-carolina-county-data-center-rezoning-lawsuit/; https://cwfnc.org/stokes/; https://www.theassemblync.com/news/environment/data-center-rezoning-stokes-county/; https://www.wunc.org/2026-03-16/developer-responds-to-lawsuit-challenging-stokes-data-center; https://www.africanelements.org/news/why-walnut-cove-is-suing-to-stop-project-delta-ai-centers/; https://www.wsoctv.com/news/local/nc-neighbors-suing-protect-farmland-rezoning-data-center/4FMVUKUJ7VBAJBV46OBDT75SYU/; https://journalnow.com/news/local/government-politics/article_e3217294-5ef8-4039-881e-8e2fb1818e16.html; https://journalnow.com/news/local/business/development/article_ecd6167b-aac8-4828-81e1-3d50a447416d.html; https://www.wunc.org/2026-03-05/data-center-approval-looms-over-stokes-county-primary-results; https://nclcv.org/cib03162026-data-centers-tipping-point/; https://www.wfmynews2.com/article/news/local/stokes-county-commissioners-reject-data-center-moratorium-project-delta-looms/83-dd17b48a-79f1-442c-a13c-afca1868db37; https://www.wfdd.org/politics-government/2026-07-14/stokes-commission-rejects-six-month-data-center-moratorium
grp_6b5853e0,Climate Coalition Montgomery County,Climate Coalition Montgomery County,1,MD,2026-02-01,2026-02-01,https://bethesdamagazine.com/2026/02/25/dickerson-data-center-developers-have-right-to-go-forward-elrich-says/; https://bethesdamagazine.com/2026/02/07/moco-residents-air-concerns-about-utility-rates-environmental-impacts-of-data-centers/; https://atmosphere-dc.com/data-centers/dickerson-md/; https://bethesdamagazine.com/2025/12/18/data-center-dickerson-potomac-river-water/
grp_93547422,Climate Revolution Action Network,Climate Revolution Action Network,1,NJ,2026-02-19,2026-02-19,https://www.commondreams.org/news/new-brunswick-ai-data-center; https://www.foodandwaterwatch.org/2026/02/20/new-brunswick-city-council-rejects-data-center/; https://www.thecooldown.com/green-business/new-brunswick-nj-ai-data-center-defeated/; https://patch.com/new-jersey/newbrunswick/new-brunswick-city-council-kills-proposal-build-ai-data-center-100-jersey; https://jerseyvindicator.org/2026/02/21/new-brunswick-rejects-data-center-plan-following-public-backlash/; https://www.datacenterdynamics.com/en/news/proposed-data-center-in-new-brunswick-new-jersey-denied-by-local-authorities/; https://www.dailytargum.com/article/new-brunswick-city-council-cancels-data-center-plans-in-response-to-protest-20260219
grp_4cc9cc62,Climate Revolution Action Network NJ,Climate Revolution Action Network NJ,1,NJ,2026-07-13,2026-07-13,https://www.roi-nj.com/2026/07/14/industry/energy-utilities/neptune-township-becomes-25th-n-j-municipality-to-ban-data-centers/; https://www.insidernj.com/neptune-township-bans-data-centers-and-immigration-detention-facilities/
grp_275b6577,Climate Smart Missoula,Climate Smart Missoula,4,MT,2025-11-18,2026-06-18,https://dailymontanan.com/2026/02/23/eleven-data-center-developers-in-talks-with-northwestern-group-says/; https://earthjustice.org/press/2025/groups-file-complaint-to-stop-northwestern-energy-from-shifting-data-center-costs-to-residential-customers; https://montanafreepress.org/2025/11/18/groups-push-back-on-montanas-data-center-boom/; https://earthjustice.org/press/2026/groups-challenge-montana-psc-order-that-shields-data-center-plans-from-public-view; https://meic.org/data-centers/; https://nbcmontana.com/news/local/proposed-butte-data-center-stirs-debate; https://meic.org/not-so-fast-groups-warn-of-downsides-to-potential-data-centers-in-butte/; https://meic.org/; https://montanafreepress.org/2026/06/18/how-some-montanans-are-taking-data-center-regulation-into-their-own-hands/; https://mlq.ai/news/sabey-data-centers-terminates-606-acre-butte-land-deal-after-rec-silicon-exercises-right-of-first-refusal/; https://www.change.org/p/petition-for-transparency-accountability-and-community-protection-regarding-data-center-d7135a15-2195-41e8-b84c-d3acddbfa3c8; https://montanafreepress.org/2026/02/12/as-ai-investors-eye-montana-for-new-data-centers-communities-brace-for-water-impacts/; https://dailymontanan.com/2025/11/18/complaint-calls-for-investigation-of-northwestern-energys-conduct-with-data-centers/
grp_eeaa7cd4,Climate Solutions,Climate Solutions,2,OR,2025-06-05,2025-12-15,https://www.opb.org/article/2025/12/15/utility-watchdogs-accuse-pge-of-skirting-new-law-meant-to-make-data-centers-pay-for-rising-demand/; https://www.opb.org/article/2025/06/05/oregon-data-centers-cryptocurrency-business-environment-power-electricity/; https://oregoncub.org/news/blog/is-pge-ignoring-oregons-new-data-center-law/3216/; https://oregoncub.org/news/blog/power-act-passes-oregon-house/3121/; https://www.opb.org/article/2026/03/02/data-centers-cut-bill-expanding-oregon-tax-breaks/; https://www.kptv.com/2026/07/07/regulators-approve-pges-29-rate-increase-oregon-data-centers/
grp_cd95771c,Clinton County Indiana-NO DATA CENTERS,Clinton County Indiana-NO DATA CENTERS,1,IN,2025-12-01,2025-12-01,https://www.wthr.com/article/news/local/clinton-county-commissioners-reject-data-center-project-over-growing-concerns-rezoning-plan-proposal/531-30cc9c05-69e5-4fb6-b510-78929ce6751b; https://www.wishtv.com/news/local-news/clinton-county-rejects-data-center/; https://fox59.com/news/more-negative-than-positive-clinton-county-commissioners-reject-data-center-project/; https://www.datacenterdynamics.com/en/news/land-rezoning-proposal-for-300mw-data-center-in-frankfort-indiana-rescinded-by-developer/; https://clintoncountydailynews.com/clinton-county-commissioners-deny-rezoning-request-for-proposed-data-center/
grp_3a89b3ca,Clinton Residents Concerned About Data Centers,Clinton Residents Concerned About Data Centers,1,MS,2026-01-15,2026-01-15,https://www.supertalk.fm/clinton-mayor-looks-to-squash-concerns-over-amazon-data-center-project/; https://www.datacenterdynamics.com/en/news/aws-likely-behind-plans-for-750m-data-center-in-clinton-mississippi/; https://www.wlbt.com/2026/03/04/whos-building-data-center-clinton-records-provide-details/
grp_f45e08f1,Coal City residents (ad hoc),Coal City residents (ad hoc),1,IL,2026-02-01,2026-02-01,https://www.shawlocal.com/morris-herald-news/2026/02/13/open-house-being-held-tuesday-on-potential-data-center-in-coal-city/; https://www.wcsjnews.com/news/local/more-reaction-from-coal-city-data-center-campus-open-house/article_e65b1817-bf8c-4829-a422-644aa85c4a24.html; https://www.nprillinois.org/illinois/2026-03-16/illinois-lawmakers-look-to-regulate-data-centers-as-local-governments-propose-their-own-rules
grp_34c45a46,Coalition Against Data Centers in South Ohio,Coalition Against Data Centers in South Ohio,10,OH,2025-04-01,2026-02-17,https://www.wvxu.org/environment/2025-12-03/developers-data-center-butler-county; https://www.daytondailynews.com/local/life-changing-decision-data-center-growth-fuels-fears-in-local-communities/FQ4JYJCGSVG7TBF7C7A2GR6SVA/; https://www.datacenterdynamics.com/en/news/logistix-gets-planning-commission-approval-for-data-center-project-outside-cincinnati-ohio/; https://local12.com/news/local/plans-1-billion-cincinnati-hamilton-ohio-data-center-advance-despite-environmental-energy-concerns-bills-usage-cost-customers-residents-logistix-property-group-consumption-natural-gas-hydroelectric-solar-wind-generators-technology-hub-tech-computers; https://www.thebcfa.org/ignitebutler/featured-news-articles/p/item/64490/1b-hyperscale-data-center-could-break-ground-in-city-of-hamilton-in-2026; https://www.wcpo.com/hamilton-ohio-data-center-city-council-meeting-october; https://www.alleghenyfront.org/ohio-towns-are-pushing-back-against-data-centers-to-varying-degrees-of-success/; https://www.wyso.org/news/2025-12-02/amazon-proposes-4b-data-center-in-wilmington-seeks-tax-abatement; https://www.wnewsj.com/2026/02/20/blanchester-council-approves-data-center-moratorium-speed-limit-reductions/; https://www.wnewsj.com/2025/12/03/officials-detail-4b-aws-data-center-proposal-infrastructure-plans/; https://www.datacenterdynamics.com/en/news/aws-data-center-project-tabled-in-wilmington-ohio/; https://www.statenews.org/section/the-ohio-newsroom/2026-02-26/ohio-towns-are-pushing-back-against-data-centers-to-varying-degrees-of-success; https://www.wvxu.org/politics/2026-02-06/cincinnati-regulate-data-centers-zoning-code; https://www.wvxu.org/politics/2026-03-06/planning-commission-data-center-regulations; https://www.toledoblade.com/local/suburbs/2026/02/03/maumee-becomes-latest-northwest-ohio-community-to-pass-data-center-moratorium/stories/20260203114; https://www.13abc.com/2026/02/19/northwest-ohio-communities-grapple-with-data-center-developments-possible-plans/; https://www.change.org/p/stop-data-centers-from-being-built-in-maumee-monclova-waterville-whitehouse-areas; https://www.13abc.com/2026/02/10/oregon-council-denies-data-center-extension-project-jeopardy/; https://www.toledoblade.com/local/suburbs/2026/02/20/oregon-s-rejection-of-data-center-extension-overturned-by-law-director/stories/20260220092; https://www.13abc.com/2026/02/03/data-center-developer-asks-six-month-extension-oregon/; https://www.wtol.com/article/news/local/oregon-residents-push-back-proposed-data-center-seek-answers-town-hall/512-41138c04-fee2-4ef3-bc8a-531620f642e6; https://www.wtol.com/article/news/local/oregon-law-director-says-data-center-ordinance-passed-despite-abstention/512-df0cbd9d-4d23-47ce-afed-d228ff493820; https://www.13abc.com/2025/11/20/oregon-data-center-town-hall-draws-supporters-opponents/; https://www.wtol.com/article/news/local/oregon-council-vote-data-center-project-in-doubt/512-dc04843f-e2f2-459f-bec4-4cf6b49e3332; https://oregonohio.org/oregon-industrial-park-information-on-data-centers/; https://capacityinfrastructure.com/oregon-oh/; https://www.toledoblade.com/local/suburbs/2026/02/02/data-center-developer-asks-6-more-months-finalize-oregon-project/stories/20260202100; https://www.signatureassociates.com/oregon-oh-planning-for-big-data-center-as-tech-companies-swarm-region/; https://www.toledoblade.com/local/politics/2026/02/18/monclova-richfield-townships-latest-to-pass-data-center-moratoriums/stories/20260218126; https://www.13abc.com/2025/06/03/residents-pack-richfield-twp-trustee-meeting-oppose-potential-data-center/; https://www.wtol.com/article/news/local/richfield-township-residents-pushback-proposed-rezoning-data-center/512-1d509772-05e2-49bb-8813-68f74e0adf42; https://www.govtech.com/artificial-intelligence/ohio-communities-grapple-with-data-center-approval-decisions; https://www.datacenterdynamics.com/en/news/application-for-data-center-in-preble-county-ohio-withdrawn/; https://www.wdtn.com/news/300-acres-of-farmland-could-be-rezoned-for-new-data-center-near-i-70/; https://signalohio.org/ohio-data-center-boom-faces-political-resistence/; https://www.wosu.org/2026-02-26/ohio-towns-are-pushing-back-against-data-centers-to-varying-degrees-of-success; https://www.datacenterdynamics.com/en/news/300-acres-of-land-in-preble-county-ohio-could-host-data-center-campus/; https://www.change.org/p/prevent-the-construction-of-ai-data-center-in-lordstown; https://spectrumnews1.com/oh/dayton/news/2026/02/24/lordstown-ohio-data-center-lawsuit; https://www.wfmj.com/story/53363329/lordstown-answers-data-center-developers-legal-action-in-ohio-supreme-court; https://www.wfmj.com/story/53248144/developer-takes-fight-over-lordstown-data-center-to-ohio-supreme-court; https://www.wkbn.com/news/local-news/lordstown-news/data-center-developer-taking-lordstown-to-court/; https://www.datacenterdynamics.com/en/news/data-centers-now-banned-in-lordstown-ohio/; https://www.wfmj.com/story/53208675/lordstown-leaders-consider-ban-tonight-on-planned-dollar36b-ai-data-center; https://businessjournaldaily.com/developers-petition-ohio-supreme-court-in-lordstown-data-center-project/; https://www.vindy.com/news/business-news/2025/10/developer-proposes-3-6b-data-center-in-lordstown/; https://www.wfmj.com/story/53109325/lordstown-part-of-mammoth-dollar500-billion-artificial-intelligence-data-center-project; https://www.tribtoday.com/news/local-news/2026/03/lordstown-oks-consultant-for-data-center-discussion/; https://www.wfmj.com/story/53380385/data-center-developer-submits-evidence-in-lawsuit-against-lordstown; https://bgindependentmedia.org/tempers-flare-as-citizens-seek-moratorium-on-any-more-data-centers-in-wood-county/; https://bgindependentmedia.org/meta-data-center-how-it-went-from-economic-development-coup-to-project-local-residents-rue/; https://www.wtol.com/article/news/local/middleton-township-trustees-rezoning-withdrawal-near-meta-data-center/512-5da23a41-89d4-442c-a42b-9bf31ed90e0d; https://rgp.org/regional-growth-partnership-and-jobsohio-welcome-meta-to-northwest-ohio-with-new-800-million-data-center-announcement/; https://bgindependentmedia.org/power-plant-for-meta-data-center-in-wood-county-fast-tracked-approved-with-no-public-hearings/; https://www.datacenterdynamics.com/en/news/meta-to-develop-data-center-campus-outside-toledo-ohio/; https://www.toledoblade.com/business/development/2025/04/09/data-center-middleton-township-meta-facebook-800-million-dollar-ohio-wood-county/stories/20250407109; https://toledofreepress.com/anthony-wayne-news-waterville-approves-6-month-moratorium/; https://toledofreepress.com/waterville-township-passes-12-month-moratorium-on-data-centers/; https://www.toledoblade.com/local/suburbs/2025/12/18/waterville-township-passes-12-month-moratorium-on-data-centers-becomes-region-s/stories/20251218106; https://www.13abc.com/2025/11/18/waterville-township-leaders-clear-up-data-center-confusion/
grp_9361318a,Coalition for Community Centered Data Centers in Southern Maryland,Coalition for Community Centered Data Centers in Southern Maryland,1,MD,2026-03-02,2026-03-02,https://thebaynet.com/charles-county-planning-commission-votes-to-deny-data-center-zoning-amendment/; https://thebaynet.com/planning-commission-delays-action-on-data-center-zoning-in-charles-county/; https://www.somdnews.com/independent/news/local/charles-public-hearing-addresses-data-centers/article_107ec9cc-a8b3-493b-b9fe-14d09bd4c9e9.html; https://thebaynet.com/maryland-groups-join-forces-upcoming-data-center-decisions/; https://strongtownscharco.substack.com/p/reject-zta-25-187-data-centers-we; https://thebaynet.com/charles-countys-morgantown-plant-being-bought-by-data-infrastructure-company/; https://investors.terawulf.com/news-events/press-releases/detail/129/terawulf-expands-digital-and-power-infrastructure-portfolio; https://technical.ly/entrepreneurship/terawulf-maryland-power-plant-acquistion/; https://www.cnbc.com/2025/08/18/terawulf-stock-google-stake-datacenter.html; https://www.coindesk.com/business/2025/10/28/terawulf-stock-surges-22-after-usd9-5b-google-backed-ai-compute-deal-with-fluidstack; https://finance.yahoo.com/technology/ai/articles/ferc-approves-terawulf-purchase-former-142458295.html; https://technical.ly/civics/terawulf-lands-ferc-approval-maryland-power-plant/
grp_77c8fbec,Coalition for Responsible Data Center Development,Coalition for Responsible Data Center Development,4,MN,2025-02-05,2026-03-18,https://www.datacenterdynamics.com/en/news/oppidan-proposes-data-center-campus-in-apple-valley-minnesota/; https://streets.mn/2025/11/07/deep-dive-the-farmington-push-for-responsible-hyper-scale-data-centers/; https://www.cbsnews.com/minnesota/news/farmington-hyperscale-data-center-pushback/; https://www.startribune.com/farmington-data-center-tract/601173097; https://www.mprnews.org/story/2024/12/11/data-centers-spark-opposition-from-residents-concerns-over-energy-use; https://www.datacenterresponsibility.com/; https://bringmethenews.com/minnesota-news/farmington-residents-file-lawsuit-against-city-to-prevent-5b-data-center-plan; https://www.startribune.com/farmington-mayor-resign-data-center/601577290; https://www.kare11.com/article/news/local/eagan-mn-moratorium-data-center/89-a65e44a4-000c-492b-94c7-7d78ea20cc7c; https://oppidan.com/blog/connect-data-centers-powered-by-oppidan-breaks-ground-on-new-data-center-in-eagan; https://www.datacenterdynamics.com/en/news/oppidan-breaks-ground-on-data-center-in-eagan-minnesota/; https://www.startribune.com/eagan-data-center-moratorium/601581237; https://www.fox9.com/news/mn-data-center-cryptocurrency-ban-eagan-approved-feb-17-2026; https://www.limitless-news.com/local/apple-valley-technology-park-update; https://www.hometownsource.com/sun_thisweek/community/apple_valley/land-use-change-for-data-center-denied-in-apple-valley/article_d8ed4b90-5341-4544-87a1-08417f5b9d57.html
grp_ffa556cc,Coalition for Responsible Data Center Planning,Coalition for Responsible Data Center Planning,1,MN,2026-02-20,2026-02-20,https://fmr.org/updates/general-water-legislative-land-use-planning/fmr-endorses-pause-data-centers; https://www.datacenterdynamics.com/en/news/state-wide-data-center-moratorium-set-to-be-proposed-in-minnesota/; https://www.house.mn.gov/sessiondaily/Story/18838; https://www.mncenter.org/op-ed-data-center-proposals-are-moving-faster-policy-minnesota; https://www.mprnews.org/story/2026/02/20/data-center-opponents-call-for-statewide-moratorium-new-regulations; https://www.northernnewsnow.com/video/2026/03/04/minnesota-senator-introduce-data-center-moratorium/; https://www.revisor.mn.gov/bills/94/2025/0/SF/608/?body=senate; https://www.twincities.com/2026/02/18/data-center-opponents-bring-swelling-opposition-to-minnesota-capitol/; https://www.womenspress.com/minnesota-lawmakers-and-activists-call-for-moratorium-on-data-centers/; https://www.startribune.com/what-did-and-did-not-pass-in-the-2026-legislative-session/601843141
grp_e17baa0a,Coalition for Sonoran Desert Protection,Coalition for Sonoran Desert Protection,1,AZ,2025-12-16,2025-12-16,https://www.kgun9.com/news/community-inspired-journalism/marana/maranas-data-center-ordinance; https://azluminaria.org/2026/01/08/marana-arizona-data-center-updates/; https://news.azpm.org/p/news-articles/2026/1/8/227908-marana-town-council-approves-rezoning-for-luckett-road-project-600-acre-hyperscale-data-center/; https://news.azpm.org/p/azpmnews/2026/2/10/228403-marana-residents-submit-petitions-to-put-data-center-project-to-a-vote/; https://www.tucsonspotlight.org/you-didnt-listen-marana-data-center-vote-met-with-outrage/; https://azluminaria.org/2025/12/11/unanimous-vote-in-marana-for-data-center-met-with-boos/; https://nodesertdatacenter.com/; https://www.change.org/p/stop-new-data-centers-in-tucson-protect-our-desert-our-water-our-communities; https://news.azpm.org/p/newsheadlines/2026/2/18/228535-marana-rejects-data-center-referendum-petitions/; https://news.azpm.org/p/newsheadlines/2026/2/27/228668-marana-residents-sue-town-over-rejected-data-center-referendum-petitions/; https://azluminaria.org/2025/08/06/tucson-city-council-rejects-project-blue-amid-intense-community-pressure/; https://azluminaria.org/2025/07/21/the-project-blue-data-center-sprang-up-fast-so-did-the-organizing/; https://www.earthisland.org/journal/index.php/articles/entry/how-one-arizona-city-blocked-a-data-center/; https://azluminaria.org/2025/08/27/project-blue-data-center-pima-county-beale-infrastructure-tep/; https://www.kjzz.org/fronteras-desk/2026-02-20/mayes-asks-court-to-vacate-corporation-commission-approval-of-tucson-data-center-project-blue; https://news.azpm.org/p/azpmnews/2025/6/17/225239-pima-county-approves-36-billion-data-center-project-near-fairgrounds/; https://azluminaria.org/2025/09/17/project-blue-data-center-pushes-ahead-in-pima-county-promising-new-low-water-cooling-tech/; https://azfreenews.com/2025/12/pima-county-moves-forward-with-rejected-data-center/; https://runonclimate.org/stories/a-very-bad-deal-how-local-organizing-halted-a-massive-data-center-development-for-nownbsp; https://linktr.ee/nodesertdatacenter; https://news.azpm.org/p/azpmnews/2026/1/14/227982-activists-file-to-sue-pima-county-over-project-blue-approval-process/; https://news.azpm.org/s/102339-pima-county-approves-project-blue-data-center-agreement/; https://azluminaria.org/2026/01/14/project-blue-opponents-sue-pima-county-over-alleged-open-meeting-law-violations/; https://news.azpm.org/p/news-articles/2026/2/18/228535-marana-rejects-data-center-referendum-petitions/; https://www.tucsonsentinel.com/local/report/020626_data_center_referendum/data-center-opponents-submit-signatures-voter-referendum-marana; https://www.tucsonsentinel.com/local/report/021826_data_referendum_fails/marana-rejects-referendums-against-data-center-center-rezoning/; https://news.azpm.org/p/azpmnews/2026/2/27/228668-marana-residents-sue-town-over-rejected-data-center-referendum-petitions/; https://www.datacenterdynamics.com/en/news/beale-infrastructure-plans-second-data-center-campus-outside-tucson-arizona-and-two-outside-tulsa-oklahoma/; https://news.azpm.org/p/azpmnews/2025/12/12/227629-marana-planning-commission-backs-rezoning-for-600-acre-data-center-project/; https://www.kold.com/2025/08/19/pima-county-explores-zoning-amendments-data-centers/
grp_5ca88571,Coalition for Springfield's Utility Future,Coalition for Springfield's Utility Future,1,IL,2026-02-01,2026-02-01,https://www.wcia.com/news/sangamon-county/sangamon-county-will-not-adopt-6-month-moratorium-on-data-centers/; https://www.illinoistimes.com/news/both-data-center-plans-move-forward/; https://www.illinoistimes.com/news/data-center-opposition/; https://www.nprillinois.org/economy-business/2025-11-04/plans-for-sangamon-county-data-center-raise-hopes-concerns; https://www.wcia.com/news/sangamon-county/hearing-on-proposed-sangamon-co-data-center-brings-hundreds-of-supporters-opposers/; https://www.sierraclub.org/illinois/sangamon-valley/about-us; https://www.illinoistimes.com/news/data-center-project-moves-forward/; https://www.sangamonreporter.com/post/zoning-board-advances-data-center-permit-to-county-board; https://www.foxillinois.com/news/local/county-board-members-to-issue-moratorium-on-data-center-vote/article_f260660f-772f-40d9-9edd-6a3046ae736e.html; https://www.nprillinois.org/sangamon-county/2026-03-23/the-sangamon-county-board-tables-a-vote-on-a-massive-data-center; https://www.nprillinois.org/sangamon-county/2026-04-07/sangamon-county-board-approves-a-controversial-data-center-project; https://broadbandbreakfast.com/sangamon-county-illinois-approves-500m-data-center-after-heated-debate/
grp_4ce43de1,Coalition for the Protection of Pittsylvania County,Coalition for the Protection of Pittsylvania County,1,VA,2026-03-09,2026-03-09,https://cardinalnews.org/2026/03/10/73-billion-project-at-pittsylvania-megasite-would-be-largest-in-southside-history/; https://virginiabusiness.com/berry-hill-megasite-data-center-stack-infrastructure/; https://www.datacenterdynamics.com/en/news/stack-set-to-acquire-site-in-pittsylvania-county-virginia/; https://www.wsls.com/news/local/2026/03/11/new-73-billion-investment-could-revolutionize-pittsylvania-county-but-concerns-over-data-centers-remain/; https://cardinalnews.org/2026/03/11/2050-jobs-at-80500-headed-for-pittsylvania-county-that-could-complicate-data-center-tax-talks-and-vindicate-youngkin/; https://cardinalnews.org/2026/04/22/an-ai-data-center-at-megasite-will-create-2000-permanent-positions-pittsylvania-county-officials-promise/; https://cardinalnews.org/2026/04/21/pittsylvania-county-has-2050-jobs-at-risk-in-data-center-tax-debate-will-a-change-in-law-cause-them-to-disappear/; https://www.wsls.com/news/local/2026/04/21/pittsylvania-county-leaders-confirm-data-centers-are-coming-lay-out-plan/
grp_24369c54,Coalition of Little Rock Neighborhoods,Coalition of Little Rock Neighborhoods,2,AR,2025-10-01,2026-03-14,https://arkansasadvocate.com/2025/12/12/fear-of-missing-out-on-data-center-boom-leads-arkansas-officials-to-ignore-hard-questions/; https://constructionreviewonline.com/construction-projects/google-plans-10-billion-data-center-campus-in-west-memphis-arkansas/; https://www.arkansasedc.com/news-events/newsroom/detail/2025/10/02/google-locating-new-data-center-in-west-memphis--arkansas-with-multi-billion-dollar-investment; https://arktimes.com/arkansas-blog/2026/03/16/pulaski-county-residents-commit-to-organizing-against-data-centers; https://arkansasadvocate.com/briefs/central-arkansas-to-get-6-billion-data-center/; https://talkbusiness.net/2026/02/hyperscale-data-centers-come-to-arkansas/
grp_009ff5e0,Coalition to Protect Cumberland County PA,Coalition to Protect Cumberland County PA,1,PA,2025-09-01,2025-09-01,https://www.abc27.com/local-news/carlisle-west-shore/midstate-township-rejects-controversial-data-center-amendment/; https://insideclimatenews.org/news/15102025/pennsylvania-communities-restrict-data-center-development/; https://pennwatch.org/hampden-township-commissioners-say-yes-to-wawa-no-to-data-center/; https://www.govtech.com/artificial-intelligence/pennsylvania-townships-move-fast-with-data-center-guardrails
grp_05fddb48,Coalition to Protect Decatur County Against AI Data Center,Coalition to Protect Decatur County Against AI Data Center,1,IN,2024-12-01,2024-12-01,https://www.datacenterdynamics.com/en/news/locals-launch-petition-opposing-proposed-550-acre-data-center-campus-in-decatur-county-indiana/; https://wrbiradio.com/anti-ai-data-center-group-organizing-in-decatur-county/; https://fox59.com/news/indynews/decatur-data-center-battle-attracts-statewide-support/; https://baxtel.com/data-center/jumping-bison-greensburg-in
grp_38e759a3,Coalition to Protect Prince William County,Coalition to Protect Prince William County,8,VA,2024-01-12,2026-07-02,https://wtop.com/loudoun-county/2026/03/loudoun-county-will-fight-to-keep-amazon-data-center-off-just-sold-gw-campus-in-ashburn/; https://www.washingtontimes.com/news/2026/mar/3/amazon-data-services-buys-george-washington-universitys-virginia/; https://gwhatchet.com/2026/03/02/gw-sold-virginia-campus-for-427-million-to-amazon-for-data-center-development/; https://www.beankinney.com/data-center-infrastructure-under-siege-lessons-from-virginias-digital-gateway-decision/; https://www.princewilliamtimes.com/news/breaking-judge-overturns-prince-william-digital-gateway/article_951d6362-1bbd-416f-89c5-ff322bf49fa8.html; https://www.insidenova.com/news/prince_william/update-second-ruling-voids-digital-gateway-data-center-project-in-prince-william/article_846b8581-c99e-4f00-bb67-512c78952773.html; https://protectpwc.org/2026/04/01/digital-gateway-lawsuit-appellate-court-decision-033126/; http://virginiabusiness.com/virginia-appeals-court-upholds-block-on-prince-william-digital-gateway-project/; https://www.nbcwashington.com/news/local/prince-william-digital-gateway-project-halted-by-virginia-court-of-appeals/4084112/; https://www.constructionowners.com/news/court-halts-digital-gateway-construction-in-virginia; https://protectpwc.org/2026/04/01/pwc-bocs-withdraw-from-the-digital-gateway-lawsuit/; https://wtop.com/prince-william-county/2025/11/digital-gateway-data-center-builders-barred-from-beginning-construction-until-legal-challenge-plays-out/; https://www.princewilliamtimes.com/localnews/supervisors-vote-to-spend-another-400k-to-defend-the-pw-digital-gateway/article_79abd8cb-bf32-5c46-8a7d-ba39bb676c57.html; https://www.pecva.org/resources/press/pec-statement-on-prince-william-digital-gateway-latest-legal-win/; https://www.datacenterdynamics.com/en/news/prince-william-county-supervisors-shelve-amazon-data-center-proposal-indefinitely/; https://www.insidenova.com/headlines/amazons-ashton-data-center-proposal-near-manassas-deferred-again/article_30eea6ec-cec4-11ef-8243-8b8e46bf17a3.html; https://www.bisnow.com/national/news/data-center/virginia-county-backtracks-on-agreement-with-amazon-for-6b-data-center-campus-122327; https://www.potomaclocal.com/2026/03/04/prince-william-supervisors-move-to-end-by-right-data-centers-in-overlay-district-but-approve-controversial-hornbaker-project-in-4-3-vote/; https://virginiamercury.com/2026/03/17/data-center-bills-dominated-this-years-general-assembly-heres-what-passed/; https://www.insidenova.com/news/prince_william/prince-william-supervisors-approve-hornbaker-road-data-center-outside-overlay-district/article_96af4640-d753-4028-809c-d530ccda36c1.html; https://protectpwc.org/2026/02/28/13682/; https://www.princewilliamtimes.com/localnews/planning-commission-denies-substation-for-data-centers-in-bristow/article_442f4d3b-2bea-42f5-ac48-af6167e1a709.html; https://www.insidenova.com/news/business/prince-william-planning-commission-shuts-down-proposed-novec-substation-in-bristow/article_59a31369-9d53-494b-bee7-c8097c94cf73.html; https://www.fox5dc.com/news/prince-william-county-leaders-shut-down-plan-build-substation-power-data-centers; https://virginiaindependentnews.com/infrastructure/data-center-cancellations-pile-up-as-virginians-voice-opposition/; https://www.insidenova.com/headlines/prince-william-s-digital-gateway-data-center-hearings-zero-in-on-public-notice/article_2dc98d69-5a46-4adf-90da-c5042b4a3833.html; https://www.pwcva.gov/news/prince-william-county-launches-interactive-data-center-map-improve-public-access-development; https://www.princewilliamtimes.com/news/report-prince-william-county-has-44-data-centers-15-more-on-the-way/article_f0518174-bd23-49ee-ab92-3b04a0936f16.html; https://www.datacenterfrontier.com/site-selection/article/21437363/prince-william-digital-gateway; https://protectpwc.org/about-us/about-the-coalition-to-protect-pwc/; https://virginiamercury.com/2025/05/21/report-highlights-community-pushback-stalling-64-billion-in-data-center-development-nationwide/; https://virginiamercury.com/briefs/va-court-of-appeals-stops-major-data-center-development-in-prince-william-county/; https://www.bisnow.com/national/news/data-center-community-relations/digital-gateway-plans-may-close-for-good-134038; https://wtop.com/virginia/2026/04/prince-william-co-withdraws-from-digital-gateway-lawsuit-reversing-course-from-2023/; https://northernvirginiamag.com/news/2026/04/15/prince-william-county-withdraws-from-legal-battle-over-massive-data-center-project/; https://www.princewilliamtimes.com/localnews/breaking-prince-william-county-drops-legal-fight-for-pw-digital-gateway/article_e7152a10-cbf9-4a7a-80ef-55fa9e13770b.html; https://www.pecva.org/region/regional-state-national-region/prince-william/massive-digital-gateway-data-center-project-has-been-halted/; https://www.washingtonpost.com/dc-md-va/2026/07/09/developer-virginia-data-center-project-drops-legal-appeal/; https://www.fox5dc.com/news/qts-drops-appeal-ending-plans-massive-prince-william-county-data-center; https://wtop.com/prince-william-county/2026/07/digital-gateway-data-center-project-dies-after-final-developer-withdraws-appeal/; https://protectpwc.org/2026/02/01/support-hb-1515-tomorrow-temporary-moratorium-data-centers/; https://virginiamercury.com/2026/02/20/halfway-through-the-2026-legislative-session-theres-still-no-consensus-on-data-center-bills/; https://cardinalnews.org/2026/02/03/new-governor-could-see-new-versions-of-old-bills-seeking-to-regulate-the-data-center-industry/
grp_07a67913,Coalition to Save Culpeper,Coalition to Save Culpeper,1,VA,2025-10-28,2025-10-28,https://www.saveculpeper.com/; https://dgtlinfra.com/amazon-data-center-culpeper-virginia/; https://www.insidenova.com/culpeper/data-center-boom-transforms-culpeper/article_751ced36-5b17-11ef-a52c-cf43381926b5.html; https://starexponent.com/localbusinesses/amazon-data-center-materializes-in-stevensburg-now-hiring/article_7365c512-819b-11ef-a52e-3b0a2414e697.html; https://www.pecva.org/region/culpeper/update-on-data-centers-in-culpeper-and-invite-to-upcoming-rooftop-solar-lecture/; https://virginiaindependentnews.com/infrastructure/data-center-cancellations-pile-up-as-virginians-voice-opposition/
grp_bccfef49,Coastal Conservation League,Coastal Conservation League,2,SC,2025-12-18,2026-02-05,https://scdailygazette.com/2025/12/19/gigawatt-data-center-proposal-draws-opposition-from-sc-lowcountry-residents-politicians/; https://scdailygazette.com/2025/12/23/who-will-pay-to-run-the-colleton-county-data-center/; https://abcnews4.com/news/local/colleton-county-erupts-as-residents-clash-with-developers-over-controversial-data-center; https://www.selc.org/press-release/landowners-sue-colleton-county-over-data-center-ordinance/; https://scdailygazette.com/2026/02/05/sc-legislators-denounce-lowcountry-data-center-while-mulling-regulations-for-the-industry/; https://www.live5news.com/2026/02/05/colleton-county-lawmakers-oppose-proposed-data-center-ace-basin/; https://www.live5news.com/2026/01/09/landowners-sue-colleton-county-over-data-center-ordinance/; https://www.selc.org/news/were-suing-to-protect-one-of-the-most-important-conservation-areas-in-the-south-from-data-centers/; https://www.postandcourier.com/rising-waters/data-center-secrecy-water-power-electric-colleton-county/article_5434700a-6506-4115-980f-51cf7440b5fb.html; https://www.change.org/p/stop-the-data-center-from-coming-to-walterboro-sc; https://abcnews4.com/news/local/colleton-county-residents-file-lawsuit-challenging-zoning-ordinance-for-new-data-center-ace-basin; https://www.live5news.com/2025/12/15/9-new-data-centers-proposed-colleton-county/; https://www.live5news.com/2026/07/08/6-month-pause-data-center-developments-colleton-county-lawsuit-paused/
grp_254a7338,Cold Springs Residents Against Rezoning,Cold Springs Residents Against Rezoning,1,NV,2025-05-21,2025-05-21,https://www.nbcnews.com/news/us-news/reno-nevada-data-centers-water-drought-rcna235966; https://thisisreno.com/2025/05/reno-city-council-approves-industrial-development/
grp_1244060f,College Station Residents Against Data Center,College Station Residents Against Data Center,1,TX,2025-09-12,2025-09-12,https://www.kbtx.com/2025/09/12/college-station-city-council-unanimously-rejects-land-sale-ai-data-center/; https://www.datacenterdynamics.com/en/news/college-station-texas-rejects-land-sale-for-data-center/; https://www.datacenterdynamics.com/en/news/600mw-data-center-campus-proposed-in-texas/; https://www.governing.com/infrastructure/texas-towns-push-back-on-data-center-expansion; https://www.kbtx.com/2025/09/07/college-station-city-council-discuss-potential-data-center-midtown-drive-sept-11-meeting/; https://www.kbtx.com/2025/09/09/college-station-residents-push-back-against-sale-land-proposed-midtown-data-center/; https://www.texastribune.org/2026/02/13/texas-data-centers-local-governments-power/; https://www.change.org/p/stop-college-station-land-sale-for-crypto-mine
grp_3c248863,Colorado Fiscal Institute,Colorado Fiscal Institute,1,CO,2026-04-06,2026-04-06,https://www.denvergazette.com/2026/02/27/weld-county-wades-into-data-center-issue/; https://www.weld.gov/Newsroom/2026-News/Weld-County-extends-timeline-for-proposed-data-center-ordinance; https://www.9news.com/article/news/local/colorado-news/ai-data-center-plans-weld-county/73-0fa40d46-73a7-412a-93f3-5272c02b3b47; https://www.datacenterdynamics.com/en/news/global-ai-set-to-develop-data-center-outside-denver-colorado/; https://www.cbsnews.com/colorado/news/data-ai-centers-colorado-globalai-windsor/; https://www.kunc.org/news/2025-12-23/globalai-data-center-company-buys-carestream-property
grp_ec9d12f9,"Columbia County residents (Gregory P. Guido Jr., petitioner)","Columbia County residents (Gregory P. Guido Jr., petitioner)",1,GA,2026-02-25,2026-02-25,https://www.wrdw.com/2026/02/26/citizen-files-lawsuits-over-columbia-county-data-centers/; https://theaugustapress.com/harlem-citizen-follows-legal-action-over-quarry-with-two-more-lawsuits-about-columbia-county-data-center-projects/; https://www.govtech.com/products/residents-sue-georgia-county-over-data-center-plans
grp_59abb521,Columbia Riverkeeper,Columbia Riverkeeper,5,OR;WA,2025-02-05,2026-02-11,https://www.columbiariverkeeper.org/2026/coalition-urges-senators-wyden-and-merkley-to-oppose-public-land-giveaway-for-data-center-water-use/; https://www.opb.org/article/2026/01/15/as-googles-water-demands-grow-the-dalles-aims-to-pull-more-from-mount-hood-forest/; https://fortune.com/longform/google-data-center-the-dalles-oregon-water-dispute/; https://www.opb.org/article/2026/01/23/the-dalles-mayor-data-center-google/; https://www.yoursourceone.com/columbia_basin/report-quincy-at-center-of-debate-over-washington-s-data-centers-clean-energy-future/article_f2b12988-6708-44bd-b1fb-72e8a5e4d43b.html; https://columbiabasinherald.com/news/2025/mar/31/grant-pud-places-limits-on-electrical-demand-from-data-centers/; https://www.govtech.com/artificial-intelligence/grant-county-wash-utility-to-cap-data-center-electricity; https://www.grantpud.org/blog/commission-recap-1-27-2026-rate-increase-approved; https://www.opb.org/article/2026/01/17/quincy-washington-microsoft-data-center/; https://www.npr.org/2025/08/17/nx-s1-5501579/washington-hydropower-data-center-boom-sustainability-climate-change; https://www.propublica.org/article/data-centers-clean-energy-washington-state; https://governor.wa.gov/news/2025/governor-bob-ferguson-signs-executive-order-establishing-data-center-workgroup; https://www.geekwire.com/2025/amid-ai-boom-gov-ferguson-creates-workgroup-to-study-impact-of-data-centers-in-washington-state/; https://www.dwt.com/blogs/energy--environmental-law-blog/2026/03/washington-legislature-delays-data-center-bill; https://washingtonstatestandard.com/2026/03/02/its-lights-out-for-wa-legislatures-effort-to-regulate-data-centers/; https://www.geekwire.com/2026/washington-state-has-embraced-data-centers-but-now-its-looking-to-set-terms-of-engagement/
grp_313a3d68,Concerned Citizens of Montour County,Concerned Citizens of Montour County,5,PA,2026-02-04,2026-03-17,https://www.spotlightpa.org/news/2026/03/data-centers-josh-shapiro-permitting-water-energy-jobs-regulation-environment/; https://insideclimatenews.org/news/06022026/pennsylvania-governor-josh-shapiro-data-center-growth-consumer-protections/; https://radio.wpsu.org/2026-04-15/pa-state-house-passes-two-measures-on-data-center-regulation; https://www.wesa.fm/politics-government/2026-04-14/state-house-data-center-regulations; https://www.foodandwaterwatch.org/2026/04/13/pa-house-passes-model-ordinance-to-speed-data-center-development/; https://www.wfmz.com/news/area/pennsylvania/pa-house-passes-bills-to-increase-oversight-of-data-centers-protect-local-communities/article_8b5e7016-095e-4619-a287-916e35ae2662.html; https://www.wesa.fm/politics-government/2026-03-09/lawmakers-bill-data-center-construction; https://www.cityandstatepa.com/policy/2026/03/pa-house-committee-advances-data-center-bills/411812/; https://buckscountybeacon.com/2026/02/legislation-in-the-state-house-seeks-to-assist-pennsylvania-municipalities-regulate-data-centers-but-who-would-it-actually-help/; https://newtownpanow.com/2026/03/13/governor-wants-to-incentivize-data-centers-to-be-better-neighbors/; https://radio.wpsu.org/2026-03-10/shapiro-wants-to-incentivize-data-centers-to-be-better-neighbors-will-that-work; https://www.citizensvoice.com/2026/03/17/national-developer-spends-300-million-on-land-for-salem-twp-data-centers/; https://nonprofitquarterly.org/a-canary-in-a-coal-mine-amazons-luzerne-county-data-center/; https://www.datacenterdynamics.com/en/news/qts-acquires-1700-acres-of-land-in-pennsylvania-for-data-center-development/; https://fox56.com/news/local/montour-data-center-rezoning-hearing-draws-crowd-raises-concerns; https://fox56.com/news/local/we-dont-want-this-montour-county-residents-push-back-against-rezoning-for-data-centers; https://insideclimatenews.org/news/03032026/pennsylvania-data-center-resistance/; https://insideclimatenews.org/news/11022026/pennsylvania-talen-energy-data-center-rezoning-denied/; https://www.world-nuclear-news.org/articles/new-supply-agreement-expands-talen-amazon-partnership; https://penncapital-star.com/energy-environment/grassroots-resistance-to-data-centers-rises-in-pennsylvania/; https://penncapital-star.com/energy-environment/montour-county-denies-rezoning-plan-that-would-have-allowed-a-data-center/; https://www.datacenterdynamics.com/en/news/proposal-for-800-acre-data-center-in-central-pennsylvania-has-been-denied/; https://www.datacenterdynamics.com/en/news/talen-energy-seeks-to-rezone-land-in-montour-county-pennsylvania-for-data-center-project/; https://www.wnep.com/article/news/local/montour-county/data-center-talen-energy-montour-preserve-rezoning-vote/523-bd9d45bc-58b7-4590-80a1-1d2b30351550
grp_7ae28548,Concerned Citizens of Navarro County,Concerned Citizens of Navarro County,1,TX,2023-10-23,2023-10-23,https://www.greenpeace.org/usa/riot-platforms-the-company-behind-the-most-energy-intensive-bitcoin-mine-in-the-u-s/; https://www.nbcdfw.com/news/local/controversy-surrounds-worlds-largest-bitcoin-mining-operation-to-be-built-near-corsicana/3011474/; https://prospect.org/2025/05/09/2025-05-09-crypto-racket-texas-bitcoin-mining/; https://thenavcochronicle.com/riot-platforms-construction-continues-amid-scrutiny-2/; https://www.dlnews.com/articles/people-culture/bitcoin-miners-megadeal-stumbles-as-texans-sour-on-industry/; https://www.riotplatforms.com/riot-platforms-launches-formal-evaluation-of-potential-ai-hpc-uses-for-remaining-600-mw-of-power-capacity-at-corsicana-facility/
grp_3f7f3484,"Concerned Citizens of Twiggs County (Rob Fricks, attorney)","Concerned Citizens of Twiggs County (Rob Fricks, attorney)",1,GA,2025-10-01,2025-10-01,https://www.gpb.org/news/2025/09/19/rural-twiggs-county-approves-rezoning-for-data-center-city-sized-appetite-for-power; https://www.13wmaz.com/article/news/local/twiggs-county-approves-5-billion-data-center-despite-large-opposition-turnout/93-2e3d70a4-abb3-4fe3-8781-96b47c76d33b; https://www.govtech.com/products/residents-sue-georgia-county-over-data-center-plans; https://maconmelody.com/concerned-twiggs-residents-sue-to-stop-data-center/; https://www.13wmaz.com/article/news/local/twiggs/landowners-file-lawsuit-trying-stop-massive-twiggs-county-data-center/93-17c91f2c-8504-417a-a2d9-2be68d00d8ec; https://wgxa.tv/news/local/twiggs-county-residents-oppose-rezoning-for-data-center-without-impact-study; https://georgiarecorder.com/2026/01/06/data-center-gold-rush-pits-local-officials-hunt-for-new-revenue-against-residents-concerns/; https://twiggsdatacenterwatch.com/; https://twiggsdatacenterwatch.com/petition/
grp_b3e564b3,Concerned Citizens of Waterford and East Lyme (CCWEL),Concerned Citizens of Waterford and East Lyme (CCWEL),1,CT,2024-01-09,2024-01-09,https://www.theday.com/local-news/20240109/siting-council-deals-initial-blow-to-waterford-data-center-project/; https://ctmirror.org/2024/04/19/ct-data-center-nuclear-plant-bill/
grp_f78e7525,Concerned Citizens of Watts Township,Concerned Citizens of Watts Township,1,PA,2026-04-01,2026-04-01,https://www.witf.org/2026/04/02/perry-co-residents-get-delay-in-watts-township-data-center-ordinance/; https://penncapital-star.com/energy-environment/perry-county-community-gets-delay-in-data-center-ordinance/
grp_17cb7099,Concerned Citizens of Young County,Concerned Citizens of Young County,1,TX,2025-10-01,2025-10-01,https://www.grahamleader.com/news/data-center-developer-share-project-information-city-council; https://www.grahamleader.com/news/data-center-parties-draw-local-groups; https://www.grahamleader.com/news/data-center-opposition-hosts-additional-public-outreach; https://www.texastribune.org/2025/10/02/rural-texas-data-centers-water/
grp_6428d826,Concerned Clifton Citizens,Concerned Clifton Citizens,2,PA,2025-08-22,2025-10-01,https://www.thetimes-tribune.com/2026/02/03/judge-tosses-settlement-between-clifton-twp-data-center-developer/; https://www.thetimes-tribune.com/2025/07/10/developer-looks-to-build-30-plus-data-centers-in-north-pocono/; https://www.wvia.org/news/local/2026-01-03/clifton-twp-supervisors-settle-with-data-center-developer-residents-promise-litigation; https://www.change.org/p/stop-data-center-construction-in-lackawanna-county; https://www.wvia.org/news/local/2026-02-17/lackawanna-county-commissioner-gaughan-asks-shapiro-and-pa-legislature-for-statewide-data-center-moratorium; https://www.thetimes-tribune.com/2026/02/25/local-lawmakers-target-data-centers-back-moratoriums/; https://www.thetimes-tribune.com/2026/02/17/gaughan-urges-three-year-state-moratorium-on-data-center-development/; https://www.wnep.com/article/news/local/lackawanna-county/lackawanna-county-residents-oppose-development-of-proposed-data-center-covington-township/523-b0e39051-dc3e-406e-a10d-7b59a62f3ca4; https://nodatacenter.net/; https://www.wvia.org/news/local/2025-08-22/clifton-twp-and-data-center-developer-still-without-agreement-residents-continue-opposition; https://insideclimatenews.org/news/03032026/pennsylvania-data-center-resistance/; https://www.datacenterdynamics.com/en/news/15gw-data-center-campus-proposed-in-pennsylvania/
grp_bd209da3,Confederated Tribes of Warm Springs,Confederated Tribes of Warm Springs,1,OR,2025-12-09,2025-12-09,https://www.columbiariverkeeper.org/2026/coalition-urges-senators-wyden-and-merkley-to-oppose-public-land-giveaway-for-data-center-water-use/; https://www.opb.org/article/2026/01/15/as-googles-water-demands-grow-the-dalles-aims-to-pull-more-from-mount-hood-forest/
grp_af741796,Conservation Colorado,Conservation Colorado,2,CO,2026-01-27,2026-02-12,https://www.cpr.org/2026/02/12/data-centers-renewable-energy-bill/; https://www.denverpost.com/2026/03/01/colorado-data-center-legislation-regulations-incentives/; https://earthjustice.org/press/2026/legislation-introduced-to-ensure-common-sense-guardrails-on-data-centers-in-colorado; https://leg.colorado.gov/bills/SB26-102; https://gazette.com/2026/05/12/colorado-lawmakers-kill-both-major-data-center-bills/; https://www.reporterherald.com/2026/01/26/larimer-county-eyes-30-day-moratorium-on-data-center-permits/; https://1310kfka.com/news/01/larimer-county-hits-pause-on-data-centers-consideration/; https://www.larimer.gov/sites/default/files/recorded-resolution-establish-temporary-moratorium-data-center-facilities-larimer-county-colorado.pdf
grp_a8bb3e76,Conservation Law Foundation,Conservation Law Foundation,1,MA,2024-11-01,2024-11-01,https://theshoestring.org/2025/12/30/ai-hallucination-proposed-westfield-data-center-appears-abandoned-by-developers/; https://www.bostonglobe.com/2024/11/20/business/data-center-western-mass/; https://www.datacenterdynamics.com/en/news/data-center-campus-proposed-in-westfield-massachusetts/; https://www.nepm.org/regional-news/2025-08-26/westfield-planning-4m-data-center-with-help-from-state-tax-breaks; https://theshoestring.org/2026/07/02/ban-ban-ban-data-center-discontent-reaches-western-massachusetts/
grp_9a958627,Conserve Henry County,Conserve Henry County,1,GA,2026-01-06,2026-01-06,https://www.atlantanewsfirst.com/2026/01/06/henry-county-commissioners-look-put-guardrails-any-future-data-centers/; https://www.fox5atlanta.com/news/henry-county-weighs-new-rules-data-centers-after-public-hearing; https://www.datacenterdynamics.com/en/news/another-data-center-campus-is-being-planned-outside-atlanta-georgia-hampton-technology-park-owner-llc-has-filed-a-developments-of-regional-impact-dri-application-with-the-georgia-department-of-community-affairs-for-a-new-campus-in-the-city-of-hampto/
grp_0eb3955a,Crawford County Community in Action,Crawford County Community in Action,1,GA,2026-01-06,2026-01-06,https://www.13wmaz.com/article/news/local/peach-crawford/crawford-county-commissioners-pass-moratorium-on-data-centers/93-3f2eec12-3bb9-4963-aaee-dc7cdc800d14; https://wgxa.tv/news/local/crawford-county-commissioners-pass-180-day-moratorium-on-data-center-applications
grp_cd1cbdaf,Cumberland County Residents Against Data Centers,Cumberland County Residents Against Data Centers,1,NC,2025-11-01,2025-11-01,https://www.change.org/p/stop-data-centers-in-cumberland-county-protect-fayetteville-s-health-and-water; https://www.cityviewnc.com/stories/residents-push-for-clarity-as-data-centers-consider-fayetteville/; https://www.cityviewnc.com/stories/cumberland-county-drafting-its-first-rules-for-data-centers/; https://www.cityviewnc.com/stories/newsletter/%F0%9F%96%A5%EF%B8%8F-data-centers-under-scrutiny-in-cumberland-county/; https://energystoragesolutionsllc.com/; https://www.connectcre.com/stories/energy-storage-solutions-seeking-permit-for-6-4b-data-center/; https://wkml.com/2026/01/29/fayetteville-economic-group-hosts-public-forum-on-data-center-plans-thursday/; https://www.blackridgeresearch.com/blog/latest-list-of-biggest-largest-upcoming-data-centers-north-carolina-united-states-us; https://www.datacenterknowledge.com/build-design/developer-forges-ahead-with-38b-in-nc-data-center-builds; https://www.cumberlandcountync.gov/departments/public-information-group/public-information/news-releases/news-release-full-story/2026/03/10/board-of-commissioners-to-hold-special-meeting-and-public-comment-period-on-proposed-data-centers; https://www.cityviewnc.com/stories/3-commissioners-back-data-center-moratorium-as-public-opposition-intensifies/; https://www.northcarolinahealthnews.org/2026/03/25/nc-communities-push-back-ai-data-centers-project-delta-lawsuit/
grp_1820b942,CURE,CURE,1,MN,2026-02-20,2026-02-20,https://fmr.org/updates/general-water-legislative-land-use-planning/fmr-endorses-pause-data-centers; https://www.datacenterdynamics.com/en/news/state-wide-data-center-moratorium-set-to-be-proposed-in-minnesota/; https://www.house.mn.gov/sessiondaily/Story/18838; https://www.mncenter.org/op-ed-data-center-proposals-are-moving-faster-policy-minnesota; https://www.mprnews.org/story/2026/02/20/data-center-opponents-call-for-statewide-moratorium-new-regulations; https://www.northernnewsnow.com/video/2026/03/04/minnesota-senator-introduce-data-center-moratorium/; https://www.revisor.mn.gov/bills/94/2025/0/SF/608/?body=senate; https://www.twincities.com/2026/02/18/data-center-opponents-bring-swelling-opposition-to-minnesota-capitol/; https://www.womenspress.com/minnesota-lawmakers-and-activists-call-for-moratorium-on-data-centers/; https://www.startribune.com/what-did-and-did-not-pass-in-the-2026-legislative-session/601843141
grp_2430f076,CURE (Clean Up the River Environment),CURE (Clean Up the River Environment),1,MN,2026-02-20,2026-02-20,https://fmr.org/updates/general-water-legislative-land-use-planning/fmr-endorses-pause-data-centers; https://www.datacenterdynamics.com/en/news/state-wide-data-center-moratorium-set-to-be-proposed-in-minnesota/; https://www.house.mn.gov/sessiondaily/Story/18838; https://www.mncenter.org/op-ed-data-center-proposals-are-moving-faster-policy-minnesota; https://www.mprnews.org/story/2026/02/20/data-center-opponents-call-for-statewide-moratorium-new-regulations; https://www.northernnewsnow.com/video/2026/03/04/minnesota-senator-introduce-data-center-moratorium/; https://www.revisor.mn.gov/bills/94/2025/0/SF/608/?body=senate; https://www.twincities.com/2026/02/18/data-center-opponents-bring-swelling-opposition-to-minnesota-capitol/; https://www.womenspress.com/minnesota-lawmakers-and-activists-call-for-moratorium-on-data-centers/; https://www.startribune.com/what-did-and-did-not-pass-in-the-2026-legislative-session/601843141
grp_5a7123f1,CURE MN,CURE MN,1,MN,2025-05-23,2025-05-23,https://www.mprnews.org/story/2025/05/23/amazon-pulls-back-on-plans-for-large-data-center-in-becker; https://www.startribune.com/amazon-must-prove-it-needs-250-diesel-generators-at-becker-data-center-minnesota-utility-regulators-say/601229504; https://www.startribune.com/amazon-suspends-minnesota-data-center-as-lawmakers-plan-to-reduce-big-tech-tax-breaks/601359665; https://www.datacenterdynamics.com/en/news/amazon-buys-350-acre-parcel-in-becker-minnesota-for-data-center/
grp_9690357f,Dakota Rural Action,Dakota Rural Action,2,SD,2026-02-18,2026-02-24,https://legiscan.com/SD/bill/SB232/2026; https://southdakotasearchlight.com/2026/02/18/data-center-restrictions-earn-lawmaker-endorsement-as-fight-continues-over-tax-incentives/; https://www.kotaradio.com/2026/02/19/moratorium-on-hyperscale-data-centers-fails-after-confusing-series-of-votes/; https://www.sdpb.org/politics/2026-02-19/committee-kills-data-center-moratorium-bill; https://kelo.com/2026/02/24/887979/; https://siouxfalls.business/lawmakers-kill-bid-to-entice-data-centers-to-south-dakota-with-tax-exemptions/; https://southdakotasearchlight.com/2026/02/04/data-center-tax-break-proposal-fails-in-south-dakota-legislative-committee/; https://southdakotasearchlight.com/2026/02/24/a-missing-senator-a-failed-search-and-two-dead-data-center-bills-the-south-dakota-senates-chaotic-day/; https://www.sdnewswatch.org/south-dakota-senate-data-center-vote/; https://www.dakotanewsnow.com/2026/03/11/data-center-bill-rights-heads-governor-rhodens-desk/; https://southdakotasearchlight.com/2026/03/05/data-center-regulation-bill-passes-south-dakota-house/
grp_2fb6e383,Dan River Basin Association,Dan River Basin Association,1,NC,2026-01-12,2026-01-12,https://ncnewsline.com/2026/03/13/community-groups-sue-over-planned-data-center-in-stokes-county/; https://www.northcarolinahealthnews.org/2026/03/25/nc-communities-push-back-ai-data-centers-project-delta-lawsuit/; https://www.selc.org/press-release/community-groups-residents-file-lawsuit-over-stokes-county-data-center-rezoning/; https://southerncoalition.org/community-groups-residents-file-lawsuit-over-stokes-county-data-center-rezoning/; https://insideclimatenews.org/news/19032026/north-carolina-county-data-center-rezoning-lawsuit/; https://cwfnc.org/stokes/; https://www.theassemblync.com/news/environment/data-center-rezoning-stokes-county/; https://www.wunc.org/2026-03-16/developer-responds-to-lawsuit-challenging-stokes-data-center; https://www.africanelements.org/news/why-walnut-cove-is-suing-to-stop-project-delta-ai-centers/; https://www.wsoctv.com/news/local/nc-neighbors-suing-protect-farmland-rezoning-data-center/4FMVUKUJ7VBAJBV46OBDT75SYU/; https://journalnow.com/news/local/government-politics/article_e3217294-5ef8-4039-881e-8e2fb1818e16.html; https://journalnow.com/news/local/business/development/article_ecd6167b-aac8-4828-81e1-3d50a447416d.html; https://www.wunc.org/2026-03-05/data-center-approval-looms-over-stokes-county-primary-results; https://nclcv.org/cib03162026-data-centers-tipping-point/; https://www.wfmynews2.com/article/news/local/stokes-county-commissioners-reject-data-center-moratorium-project-delta-looms/83-dd17b48a-79f1-442c-a13c-afca1868db37; https://www.wfdd.org/politics-government/2026-07-14/stokes-commission-rejects-six-month-data-center-moratorium
grp_4c59585d,Data Center Action Coalition,Data Center Action Coalition,1,TX,2026-02-17,2026-02-17,https://www.kut.org/energy-environment/2026-02-26/hays-county-tx-data-centers-water-resources; https://www.tpr.org/news/2026-02-27/with-5-data-centers-on-the-horizon-hays-county-water-advocates-see-the-fight-as-just-beginning; https://www.kut.org/energy-environment/2026-02-18/san-marcos-city-council-blocks-proposed-data-center; https://universitystar.com/34402/news/community-members-hold-meeting-discussing-data-centers/; https://evolveincorporated.com/company-news/cloudburst-and-evolve-break-ground-on-1-2gw-flagship-ai-data-center-campus-incentral-texas; https://www.datacenterdynamics.com/en/news/cloudburst-signs-natural-gas-deal-with-energy-transfer-to-power-texas-data-center/; https://www.ipetitions.com/petition/no-data-centers; https://cbsaustin.com/news/local/hays-county-officials-push-back-on-proposed-ai-data-centers-over-water-concerns; https://universitystar.com/33993/opinions/cloudburst-data-center-exploits-hays-county/; https://spectrumlocalnews.com/tx/austin/news/2026/03/06/data-center-moratoriums; https://www.kvue.com/article/news/local/hays-county/hays-county-judge-industrial-water-aquifer-record-lows/269-6f7f165a-0133-4c65-abcf-2084ecf3cdec; https://therealdeal.com/texas/austin/2026/02/26/hays-county-backs-off-data-center-pause/
grp_bcedaa5a,Data Center Coalition,Data Center Coalition,1,WA,2026-02-11,2026-02-11,https://www.dwt.com/blogs/energy--environmental-law-blog/2026/03/washington-legislature-delays-data-center-bill; https://washingtonstatestandard.com/2026/03/02/its-lights-out-for-wa-legislatures-effort-to-regulate-data-centers/; https://www.geekwire.com/2026/washington-state-has-embraced-data-centers-but-now-its-looking-to-set-terms-of-engagement/
grp_2d35874a,Data Center Reform Coalition,Data Center Reform Coalition,1,WV,2026-01-01,2026-01-01,https://mountainstatespotlight.org/2026/02/25/lawmakers-block-data-center-bills/; https://mountainstatespotlight.org/2025/12/14/data-center-pushback-lawmakers-respond/; https://peoplesaction.org/wvcag-organizes-against-west-virginia-data-centers/; https://virginiamercury.com/2026/02/20/halfway-through-the-2026-legislative-session-theres-still-no-consensus-on-data-center-bills/; https://www.vpm.org/generalassembly/2026-01-16/2026-data-center-bills-thomas-hb155-mcauliff-hb503-pjm-dominion-energy; https://virginiamercury.com/2026/02/24/senators-propose-phasing-out-data-center-tax-credit-house-budget-keeps-it/; https://www.change.org/p/stop-data-centers-in-west-virginia; https://westvirginiawatch.com/2026/04/01/west-virginia-needs-a-data-center-moratorium-to-safeguard-our-future/; https://wvmetronews.com/2026/04/07/the-data-center-development-dilemma/
grp_60502dcb,DE-CLEAR,DE-CLEAR,3,DE,2025-09-29,2026-03-11,"https://spotlightdelaware.org/2026/02/02/data-center-regulation-bill-advances-in-delaware-legislature/; https://legis.delaware.gov/BillDetail/142714; https://baytobaynews.com/stories/delaware-senate-bill-on-data-center-protections-remains-in-limbo,291763; https://www.wdel.com/news/del-legislation-would-address-utility-impact-of-large-scale-electricity-users/article_65cbf8aa-0494-420a-83b0-3b4bd2f8e15b.html; https://www.delawarepublic.org/science-health-tech/2026-02-25/starwood-appeals-denial-of-permit-for-data-center-in-ncc; https://delawarebusinesstimes.com/news/new-castle-data-center-campus/; https://www.sierraclub.org/delaware/data-centers; https://delawarebusinesstimes.com/news/starwood-appeals-coastal-zone-permit-denial/; https://www.delawarepublic.org/show/the-green/2025-10-24/as-delaware-mulls-plans-for-massive-data-center-worries-persist-over-electric-rates; https://spotlightdelaware.org/2025/07/20/proposed-delaware-data-center-energy/; https://spotlightdelaware.org/2026/02/25/delaware-city-data-center-developer-appeals-its-coastal-zone-denial/; https://whyy.org/articles/data-center-delaware-city-energy-water/; https://www.datacenterdynamics.com/en/news/starwood-files-to-develop-12gw-11-building-data-center-campus-in-delaware/; https://whyy.org/articles/delaware-city-data-center-setback-environment/; https://www.delawarepublic.org/politics-government/2026-02-04/dnrec-says-planned-data-center-near-delaware-city-prohibited-under-coastal-zone-act; https://www.sierraclub.org/delaware/proposed-data-center-projects; https://spotlightdelaware.org/2025/08/05/plans-for-de-data-center-submitted-starting-the-clock-on-the-controversial-proposal/; https://spotlightdelaware.org/2026/02/04/delaware-city-data-center-faces-major-setback-after-environmental-denial/; https://spotlightdelaware.org/2026/03/19/new-data-center-regulations-go-into-effect-but-not-for-del-city-proposal/; https://www.delawarepublic.org/politics-government/2026-03-11/new-castle-county-council-unanimously-approves-data-center-regulations-after-hours-long-meeting"
grp_20aff4d6,"DE-CLEAR (Delaware Data Center Coalition for Local, Environmental, and Accountable Regulation)","DE-CLEAR (Delaware Data Center Coalition for Local, Environmental, and Accountable Regulation)",1,DE,2026-02-04,2026-02-04,https://www.delawarepublic.org/science-health-tech/2026-02-25/starwood-appeals-denial-of-permit-for-data-center-in-ncc; https://delawarebusinesstimes.com/news/new-castle-data-center-campus/; https://www.sierraclub.org/delaware/data-centers; https://delawarebusinesstimes.com/news/starwood-appeals-coastal-zone-permit-denial/; https://www.delawarepublic.org/show/the-green/2025-10-24/as-delaware-mulls-plans-for-massive-data-center-worries-persist-over-electric-rates; https://spotlightdelaware.org/2025/07/20/proposed-delaware-data-center-energy/; https://spotlightdelaware.org/2026/02/25/delaware-city-data-center-developer-appeals-its-coastal-zone-denial/; https://whyy.org/articles/data-center-delaware-city-energy-water/; https://www.datacenterdynamics.com/en/news/starwood-files-to-develop-12gw-11-building-data-center-campus-in-delaware/; https://whyy.org/articles/delaware-city-data-center-setback-environment/; https://www.delawarepublic.org/politics-government/2026-02-04/dnrec-says-planned-data-center-near-delaware-city-prohibited-under-coastal-zone-act; https://www.sierraclub.org/delaware/proposed-data-center-projects; https://spotlightdelaware.org/2025/08/05/plans-for-de-data-center-submitted-starting-the-clock-on-the-controversial-proposal/; https://spotlightdelaware.org/2026/02/04/delaware-city-data-center-faces-major-setback-after-environmental-denial/
grp_53435c7c,Decatur Township Civic Council,Decatur Township Civic Council,1,IN,2026-04-20,2026-04-20,https://www.wfyi.org/news/articles/decatur-township-data-center-mdc-vote; https://www.datacenterdynamics.com/en/news/4bn-data-center-in-indianapolis-indiana-gets-go-ahead/; https://mirrorindy.org/decatur-township-data-center-ai-technology-metropolitan-development-commission/; https://www.indystar.com/story/news/local/2026/04/17/decatur-township-residents-file-judicial-review-sabey-data-center/; https://www.wfyi.org/wfyi-news/2026-04-20/decatur-township-residents-sue-to-block-sabey-data-center; https://www.ipm.org/news/2026-04-22/decatur-township-residents-sue-to-block-4b-data-center; https://fox59.com/indiana-news/decatur-township-data-center-fight-continues-as-residents-file-for-judicial-review/; https://www.ibj.com/articles/decatur-township-residents-sue-to-overturn-data-center-approval
grp_5ee85374,Decatur Township Civic League,Decatur Township Civic League,1,IN,2026-04-20,2026-04-20,https://www.wfyi.org/news/articles/decatur-township-data-center-mdc-vote; https://www.datacenterdynamics.com/en/news/4bn-data-center-in-indianapolis-indiana-gets-go-ahead/; https://mirrorindy.org/decatur-township-data-center-ai-technology-metropolitan-development-commission/; https://www.indystar.com/story/news/local/2026/04/17/decatur-township-residents-file-judicial-review-sabey-data-center/; https://www.wfyi.org/wfyi-news/2026-04-20/decatur-township-residents-sue-to-block-sabey-data-center; https://www.ipm.org/news/2026-04-22/decatur-township-residents-sue-to-block-4b-data-center; https://fox59.com/indiana-news/decatur-township-data-center-fight-continues-as-residents-file-for-judicial-review/; https://www.ibj.com/articles/decatur-township-residents-sue-to-overturn-data-center-approval
grp_e3a82e8f,Deep South Center for Environmental Justice,Deep South Center for Environmental Justice,1,LA,2026-01-28,2026-01-28,https://www.fox8live.com/2026/01/29/new-orleans-council-bans-data-center-development/; https://council.nola.gov/news/january-2026/new-orleans-city-council-approves-motions-to-study/; https://www.wwno.org/economy/2026-01-29/new-orleans-city-council-bans-data-center-development-for-a-year-heres-why; https://veritenews.org/2026/01/28/data-centers-ban-new-orleans-council/; https://veritenews.org/2026/03/25/data-centers-new-orleans-east-council/; https://canalstreetbeat.com/new-orleans-city-council-imposes-moratorium-on-data-center-development/; https://dscej.org/2026/01/29/data-center-moratorium/; https://www.nola.com/news/business/new-orleans-east-data-center/article_b7397cf1-85d4-4dbc-8675-1da346539fd2.html
grp_d8165757,Deep South Center for Environmental Justice (DSCEJ),Deep South Center for Environmental Justice (DSCEJ),1,LA,2026-01-28,2026-01-28,https://www.fox8live.com/2026/01/29/new-orleans-council-bans-data-center-development/; https://council.nola.gov/news/january-2026/new-orleans-city-council-approves-motions-to-study/; https://www.wwno.org/economy/2026-01-29/new-orleans-city-council-bans-data-center-development-for-a-year-heres-why; https://veritenews.org/2026/01/28/data-centers-ban-new-orleans-council/; https://veritenews.org/2026/03/25/data-centers-new-orleans-east-council/; https://canalstreetbeat.com/new-orleans-city-council-imposes-moratorium-on-data-center-development/; https://dscej.org/2026/01/29/data-center-moratorium/; https://www.nola.com/news/business/new-orleans-east-data-center/article_b7397cf1-85d4-4dbc-8675-1da346539fd2.html
grp_a0aee9e5,Defending Utah,Defending Utah,1,UT,2026-06-04,2026-06-04,https://www.stgeorgeutah.com/news/hundreds-pack-iron-county-hearing-as-residents-voice-concerns-over-proposed-ai-data-center/article_21d47585-32c8-4f77-9a2d-adc3f5e388d5.html; https://www.ksl.com/article/51463149/planning-commission-considers-ai-data-center-near-cedar-city; https://www.ksl.com/article/51507699/iron-county-planning-commission-approves-conditional-use-permit-for-antelope-data-campus; https://www.sltrib.com/news/2026/06/06/iron-county-planning-commission/; https://www.datacenterdynamics.com/en/news/640-acre-data-center-could-be-built-in-iron-county-utah/
grp_401de575,Delaware Riverkeeper Network,Delaware Riverkeeper Network,2,PA,2025-10-01,2025-11-17,https://montco.today/2025/11/fight-against-conshohocken-data-center/; https://www.change.org/p/no-conshy-or-plymouth-data-centers; https://patch.com/pennsylvania/plymouthwhitemarsh/residents-local-officials-intensely-oppose-conshohocken-data-center; https://morethanthecurve.com/developer-brian-oneill-behind-proposed-data-center-on-steel-plant-property-in-conshohocken/; https://www.timesherald.com/2025/11/19/proposed-plymouth-township-data-center-zoning-application-withdrawn/; https://morethanthecurve.com/oneill-withdraws-zoning-application-for-proposed-data-center-in-conshohocken-during-zoning-hearing-in-plymouth-township/; https://www.inquirer.com/news/pennsylvania/ai-data-center-construction-conshohocken-proposal-withdrawn-20251118.html; https://insideclimatenews.org/news/03032026/pennsylvania-data-center-resistance/; https://www.datacenterdynamics.com/en/news/legal-issues-force-developer-to-withdraw-data-center-proposal-in-plymouth-township-pennsylvania/; https://www.inquirer.com/consumer/technology/ai-center-plan-plymouth-conshohocken-20251003.html; https://www.savepennsylvania.com/petitions; https://whyy.org/articles/conshohocken-pennsylvania-residents-pushback-data-center-proposal/; https://www.change.org/p/stop-re-zoning-and-protect-plymouth-township-s-environment; https://www.datacenterdynamics.com/en/news/planning-agency-of-plymouth-township-pennsylvania-votes-not-to-recommend-data-center-proposal/
grp_a968762e,Delaware Sierra Club,Delaware Sierra Club,3,DE,2025-09-29,2026-03-11,"https://spotlightdelaware.org/2026/02/02/data-center-regulation-bill-advances-in-delaware-legislature/; https://legis.delaware.gov/BillDetail/142714; https://baytobaynews.com/stories/delaware-senate-bill-on-data-center-protections-remains-in-limbo,291763; https://www.wdel.com/news/del-legislation-would-address-utility-impact-of-large-scale-electricity-users/article_65cbf8aa-0494-420a-83b0-3b4bd2f8e15b.html; https://www.delawarepublic.org/science-health-tech/2026-02-25/starwood-appeals-denial-of-permit-for-data-center-in-ncc; https://delawarebusinesstimes.com/news/new-castle-data-center-campus/; https://www.sierraclub.org/delaware/data-centers; https://delawarebusinesstimes.com/news/starwood-appeals-coastal-zone-permit-denial/; https://www.delawarepublic.org/show/the-green/2025-10-24/as-delaware-mulls-plans-for-massive-data-center-worries-persist-over-electric-rates; https://spotlightdelaware.org/2025/07/20/proposed-delaware-data-center-energy/; https://spotlightdelaware.org/2026/02/25/delaware-city-data-center-developer-appeals-its-coastal-zone-denial/; https://whyy.org/articles/data-center-delaware-city-energy-water/; https://www.datacenterdynamics.com/en/news/starwood-files-to-develop-12gw-11-building-data-center-campus-in-delaware/; https://whyy.org/articles/delaware-city-data-center-setback-environment/; https://www.delawarepublic.org/politics-government/2026-02-04/dnrec-says-planned-data-center-near-delaware-city-prohibited-under-coastal-zone-act; https://www.sierraclub.org/delaware/proposed-data-center-projects; https://spotlightdelaware.org/2025/08/05/plans-for-de-data-center-submitted-starting-the-clock-on-the-controversial-proposal/; https://spotlightdelaware.org/2026/02/04/delaware-city-data-center-faces-major-setback-after-environmental-denial/; https://spotlightdelaware.org/2026/03/19/new-data-center-regulations-go-into-effect-but-not-for-del-city-proposal/; https://www.delawarepublic.org/politics-government/2026-03-11/new-castle-county-council-unanimously-approves-data-center-regulations-after-hours-long-meeting"
grp_5f3058bf,DeLuca Preserve Conservation Advocates,DeLuca Preserve Conservation Advocates,1,FL,2024-10-01,2024-10-01,https://www.datacenterdynamics.com/en/news/company-seeks-to-rezone-434-acres-for-data-center-in-osceola-county-florida/; https://floridaphoenix.com/2026/01/01/thirsty-ai-data-center-runs-into-florida-community-opposition-2/; https://flaglerlive.com/data-alliances/
grp_2ef99fbc,Democratic Socialists of America St. Louis,Democratic Socialists of America St. Louis,1,MO,2026-04-21,2026-04-21,https://www.stlpr.org/government-politics-issues/2026-03-31/st-louis-mayor-cara-spencer-armory-data-center-zoning; https://www.ksdk.com/article/news/local/mayor-cara-spencer-city-board-postpone-vote-armory-data-center/63-4586cc07-32c7-46ad-a71b-5a92ba7b4323; https://www.change.org/p/no-more-data-centers-in-st-louis; https://www.stlpr.org/government-politics-issues/2026-04-21/data-center-project-near-armory-final-approval-st-louis; https://www.stlmag.com/news/midtown-data-center-armory-board-of-public-service/; https://www.stlouis-mo.gov/government/departments/mayor/news/data-center-permit-approved.cfm
grp_ac38ce95,Detroit DSA,Detroit DSA,1,MI,2026-04-11,2026-04-11,https://planetdetroit.org/2026/04/michigan-anti-data-center-rallies/; https://www.wilx.com/2026/04/12/rallies-held-across-michigan-oppose-data-center-development/; https://www.fox47news.com/neighborhoods/downtown-old-town-reo-town/michigan-residents-rally-in-lansing-and-across-the-state-to-protest-proposed-data-center-developments
grp_3aa3bbcb,Don't Dump Data in Peculiar,Don't Dump Data in Peculiar,1,MO,2024-10-01,2024-10-01,https://www.kshb.com/news/local-news/peculiar-reverses-zoning-for-data-center-after-cries-from-neighbors; https://www.datacenterdynamics.com/en/news/peculiar-officials-in-missouri-remove-data-centers-from-ordinance-blocking-15bn-diode-project/; https://www.change.org/p/don-t-dump-data-on-peculiar; https://www.datacenterdynamics.com/en/news/peculiar-data-center-faces-opposition-in-missouri/; https://www.diodeventures.com/projects/gptp; https://baxtel.com/data-center/diode-ventures-peculiar-mo
grp_b9724e80,Dorr Township MI - We The People,Dorr Township MI - We The People,1,MI,2026-01-01,2026-01-01,https://wwmt.com/news/local/microsoft-data-center-proposal-protest-processing-information-farm-life-community-dorr-township-allegan-county-west-michigan-infrastructure-development; https://www.wzzm13.com/article/news/local/dorr-township-microsoft-data-center-push-back/69-5e4a1d67-c97d-42c5-8568-37ce6fe69485; https://eu.detroitnews.com/story/news/local/michigan/2026/03/03/microsoft-terminates-nda-non-disclosure-confidentiality-michigan-data-centers/88949102007/; https://www.datacenterdynamics.com/en/news/microsoft-plans-data-centers-in-dorr-and-lowell-townships-applies-for-property-rezoning-in-gaines-townships/; https://www.cnbc.com/2026/01/07/microsoft-behind-controversial-data-center-in-michigan-township.html; https://wwmt.com/news/local/save-pure-michigan-dorr-township-residents-hold-meeting-to-stop-data-center-microsoft-allegan-county-ai-artificial-intelligence-western-michigan; https://wilcoxnewspapers.com/data-center-opposition-continues-in-dorr-township/; https://wwmt.com/news/local/dorr-township-ai-artificial-intelligence-data-center-environmental-water-noise-electricity-residents-protest-meeting-technology-west-michigan
grp_c6941d1b,Dowagiac AI DATA CENTER,Dowagiac AI DATA CENTER,1,MI,2025-12-01,2025-12-01,https://wwmt.com/news/local/cass-county-urges-more-transparency-data-center-development-new-resolution-dowagiac-hyperscale-energy-water-cooling-noise; https://www.abc57.com/news/dowagiac-city-council-denies-a-petition-for-a-moratorium-on-data-center-expansion; https://www.abc57.com/news/dowagiac-city-manager-speaks-on-potential-data-center-expansion-concerns; https://wsbt.com/news/local/dowagiac-residents-hold-anti-data-center-rally-ask-city-leaders-for-moratorium; https://www.wndu.com/2025/12/26/proposed-ai-data-center-expansion-raises-concerns-among-dowagiac-residents/; https://www.wndu.com/2026/04/25/vandalia-holds-town-hall-meeting-discuss-potential-data-center-developers-cass-county/; https://www.wndu.com/2026/07/14/dowagiac-residents-confront-data-center-over-noise-water-concerns-expansion-looms/; https://michiganadvance.com/2026/05/27/federal-class-action-lawsuit-filed-over-dowagiac-data-center-noise/
grp_938b3742,Downriver United 734,Downriver United 734,1,MI,2026-02-01,2026-02-01,https://www.change.org/p/allen-park-residents-only-rejection-of-ai-data-centers-in-allen-park-mi; https://www.datacenterdynamics.com/en/news/data-center-proposal-in-allen-park-michigan-postponed-in-response-to-calls-for-greater-scrutiny/; https://hoodline.com/2026/02/allen-park-neighbors-revolt-over-solstice-data-center-plan/; https://www.change.org/p/non-allen-park-mi-residents-help-keep-ai-data-centers-out-of-wayne-county-cities-listed; https://planetdetroit.org/2026/01/allen-park-data-center-proposal/; https://www.thenewsherald.com/2026/01/06/protest-planned-before-meeting-to-consider-allen-park-data-center/
grp_02cb441e,Driftless Area Data Center Opposition,Driftless Area Data Center Opposition,1,WI,2026-02-09,2026-02-09,https://www.swnews4u.com/local/no-data-center-meeting-held/; https://pbswisconsin.org/news-item/another-billion-dollar-wisconsin-data-center-is-eyed-for-cassville-in-grant-county/; https://wisconsinwatch.org/2026/02/wisconsin-data-center-billion-dollar-grant-county-cassville-utility-energy/; https://wdbqam.com/ixp/682/p/cassville-grant-county-data-center-debate/; https://www.midwestfarmreport.com/2026/03/04/data-centers-in-the-driftless-a-community-conversation/; https://wisconsinwatch.org/2026/04/wisconsin-data-center-driftless-area-new-details-emerge-grant-county-cassville/
grp_2d173e26,Dryden Climate Action Committee,Dryden Climate Action Committee,1,NY,2026-02-19,2026-02-19,https://ithacavoice.org/2026/02/the-town-of-dryden-just-banned-data-centers-heres-why/; https://www.wbng.com/2026/02/23/town-dryden-passes-resolution-ban-construction-data-centers/; https://www.wskg.org/regional-news/2026-02-27/dryden-says-no-to-data-centers-cryptocurrency-mines; https://www.cortlandstandard.com/news/official-dryden-is-first-town-in-ny-to-outlaw-data-centers/article_ad4e8336-307e-430a-88af-fec269f938d1.html; https://www.tompkinsweekly.com/news/dryden-community-speaks-out-against-data-centers-e4f63f86; https://www.datacenterdynamics.com/en/news/cryptominer-terawulf-secures-200mw-lease-with-fluidstack-google-to-take-stake-in-company/; https://investors.terawulf.com/news-events/press-releases/detail/113/terawulf-secures-long-term-ground-lease-at-cayuga-site-to
grp_dc095232,Dundee's Not for Sale,Dundee's Not for Sale,1,MI,2025-10-02,2025-10-02,https://bluewaterhealthyliving.com/news/local-news/michigan/where-does-dundee-township-stand-on-the-proposed-data-center/; https://www.13abc.com/2025/10/08/data-center-dundee-takes-step-back-developers-plan-educate-public/; https://www.wkar.org/wkar-news/2026-02-27/michigan-data-center-tracker-moratoria-legislation-and-grid-impact; https://www.datacenterdynamics.com/en/news/cloverleaf-drops-initial-plans-for-michigan-data-center-council-votes-to-block-water-supply/; https://ironwooddatacenter.com/; https://www.change.org/p/prevent-the-construction-of-a-data-center-in-dundee-mi; https://www.wtol.com/article/news/local/village-of-dundee-michigan-officials-end-talks-on-data-center-after-public-pushback/512-03d03eb6-f350-4e2f-bd74-f16bf8d11a4c; https://www.michiganpublic.org/economy/2025-10-23/behind-the-data-center-pushback-in-michigan; https://bridgemi.com/michigan-environment-watch/at-least-19-michigan-towns-pause-data-centers-no-one-knows-if-itll-work/
grp_bd1e7650,Early County residents (ad hoc),Early County residents (ad hoc),1,GA,2026-03-01,2026-03-01,https://www.datacenterdynamics.com/en/news/qts-targets-two-data-center-campuses-in-georgia/; https://www.earlycountynews.com/articles/qts-data-centers-considers-a-location-in-blakely/
grp_68959d16,Earthjustice,EarthJustice; Earthjustice,17,CO;LA;MI;MS;MT;TN;TX,2024-10-04,2026-06-15,https://leg.colorado.gov/bills/HB26-1030; https://coloradonewsline.com/2026/01/21/tax-breaks-for-data-centers-colorado/; https://coloradosun.com/2026/02/23/proposed-data-center-tax-breaks-would-increase-taxes-poor-coloradans-analysis/; https://gazette.com/2026/05/12/colorado-lawmakers-kill-both-major-data-center-bills/; https://www.cpr.org/2026/02/12/data-centers-renewable-energy-bill/; https://www.denverpost.com/2026/03/01/colorado-data-center-legislation-regulations-incentives/; https://earthjustice.org/press/2026/legislation-introduced-to-ensure-common-sense-guardrails-on-data-centers-in-colorado; https://leg.colorado.gov/bills/SB26-102; https://www.denvergazette.com/2026/02/27/weld-county-wades-into-data-center-issue/; https://www.weld.gov/Newsroom/2026-News/Weld-County-extends-timeline-for-proposed-data-center-ordinance; https://www.9news.com/article/news/local/colorado-news/ai-data-center-plans-weld-county/73-0fa40d46-73a7-412a-93f3-5272c02b3b47; https://www.datacenterdynamics.com/en/news/global-ai-set-to-develop-data-center-outside-denver-colorado/; https://www.cbsnews.com/colorado/news/data-ai-centers-colorado-globalai-windsor/; https://www.kunc.org/news/2025-12-23/globalai-data-center-company-buys-carestream-property; https://earthjustice.org/press/2026/louisiana-regulators-asked-to-investigate-shady-meta-financing-deal-that-could-leave-households-paying-for-tech-giants-electricity; https://earthjustice.org/wp-content/uploads/2026/01/u-37425-motion-to-investigate-meta-hyperion-data-center-project.pdf; https://www.all4energy.org/wp-content/uploads/2026/01/2026-01-14-U-37425-AAE-UCS-Mtn-for-Investigation.pdf; https://www.rtoinsider.com/123510-earthjustice-change-louisiana-meta-data-center-funding-fishy/; https://ieefa.org/resources/ieefa-submits-testimony-louisiana-public-service-commission; https://earthjustice.org/press/2026/consumer-groups-alarmed-as-louisiana-psc-declines-to-take-up-probe-into-meta-risky-financing-deal; https://lailluminator.com/2026/02/27/no-investigation-of-data-center-ownership-transfer/; https://www.nola.com/news/environment/meta-data-center-louisiana-ai-entergy/article_4c0c0e8c-bf32-4a3c-8021-ae739a0ba912.html; https://www.ucs.org/about/news/louisiana-wont-investigate-risky-meta-data-center-financing; https://finance.yahoo.com/news/louisiana-utility-regulator-denies-request-190254705.html; https://thelensnola.org/2026/04/14/meta-project-evest-louisiana-energy-expansion-costs-entergy/; https://www.wrkf.org/2026-04-14/entergy-wants-to-fast-track-21b-meta-deal-as-psc-commissioner-advocates-sound-alarm; https://san.com/cc/in-race-for-ai-data-centers-regulators-move-to-fast-track-louisiana-gas-plants/; https://thelensnola.org/2026/04/03/meta-entergy-louisiana-power-plants-ai-data-centers-2/; https://fortune.com/2026/02/04/meta-hyperion-ai-data-center-louisiana-expansion/; https://fortune.com/2026/03/26/meta-ai-data-center-hyperion-louisiana/; https://fortune.com/2026/03/27/meta-hyperion-10-gas-power-plants-louisiana-entergy/; https://thelensnola.org/2026/03/30/meta-triples-order-of-gas-fired-power-plants-for-its-ai-campus-in-louisiana/; https://www.datacenterdynamics.com/en/news/meta-purchases-additional-1400-acres-for-hyperion-mega-data-center-expansion/; https://www.enr.com/articles/62766-27b-meta-data-center-pushes-louisiana-toward-massive-power-expansion; https://www.wwno.org/local-regional-news/2025-11-19/construction-on-metas-largest-data-center-brings-600-crash-spike-chaos-to-rural-louisiana; https://www.cbsnews.com/news/meta-ai-data-center-richland-parish-louisiana-energy-costs/; https://www.sierraclub.org/sierra/rural-louisiana-meta-s-new-data-center-promises-growth-what-cost; https://prospect.org/2025/12/22/demands-for-data-center-moratoriums-surge/; https://www.entergy.com/news/entergy-louisiana-receives-lpsc-approval-for-major-infrastructure-investments-to-support-metas-data-center-and-improve-reliability; https://lailluminator.com/2025/08/20/entergy-meta/; https://southernrenewable.org/news-updates/srea-statement-on-settlement-in-louisiana-public-service-commission-docket-regarding-new-meta-data-center; https://lpscpubvalence.lpsc.louisiana.gov/portal/PSC/DocketDetails?docketId=32146; https://www.entergy.com/news/entergy-louisiana-announces-a-new-agreement-with-meta-that-will-deliver-an-additional-2b-in-customer-savings; https://lailluminator.com/2025/11/22/meta-data-center-crashes/; https://veritenews.org/2025/11/20/louisiana-meta-data-center-construction-vehicle-crashes/; https://capitalbnews.org/meta-richland-parish-ai-data-center/; https://thelensnola.org/2026/01/29/meta-datacenter-louisiana-corruption-water-power-utilities/; https://datacenters.atmeta.com/2026/07/deepening-our-investment-in-richland-parish-louisiana/; https://www.datacenterdynamics.com/en/news/meta-expands-data-center-campus-in-richland-parish-louisiana-to-5gw-will-invest-50bn/; https://thehayride.com/2026/07/current-data-center-projects-may-be-exempt-from-louisiana-rule/; https://www.ucs.org/about/news/judge-orders-meta-explain-new-gas-demand-hyperscale-louisiana-data-center; https://www.wrkf.org/2026-07-14/meta-is-investing-40b-more-to-expand-richland-parish-data-center-project; https://www.krvs.org/louisiana-news/2026-07-14/meta-is-investing-40b-more-to-expand-richland-parish-data-center-project; https://thelensnola.org/2026/07/17/meta-data-center-louisiana-churches-faith-racial-inequality/; https://www.baltimoresun.com/2026/07/14/meta-says-it-is-expanding-louisiana-data-center-investment-to-50-billion/; https://electrek.co/2026/07/27/meta-is-backing-10-gas-plants-and-just-quit-a-global-renewables-pledge/; https://therealdeal.com/national/2026/07/27/metas-50b-louisiana-data-center-enriches-landowners/; https://sherwood.news/tech/hyperion/; https://thelensnola.org/2025/09/25/data-centers-spark-fears-of-a-digital-cancer-alley-in-louisiana/; https://www.nrdc.org/press-releases/environmental-groups-file-contested-case-hearing-saline-data-center; https://www.sierraclub.org/michigan/blog/2025/12/mpsc-fails-transparency-test-approving-dte-data-center-deal-outside-formal; https://www.mississippifreepress.org/as-musks-xai-data-centers-encroach-on-southaven-north-mississippi-residents-push-back/; https://mississippitoday.org/2026/02/18/xai-southaven-permit-public-resounding-no/; https://www.cnbc.com/2026/02/13/musks-xai-faces-threat-of-naacp-lawsuit-over-pollution-in-mississippi.html; https://safeandsound.info; https://www.nbcnews.com/news/us-news/musks-ai-power-plant-generates-sound-fury-mississippi-rcna258594; https://naacp.org/articles/naacp-selc-earthjustice-threaten-lawsuit-over-xais-unpermitted-gas-turbines-mississippi; https://earthjustice.org/press/2026/naacp-threatens-lawsuit-over-xais-unpermitted-gas-turbines-in-mississippi; https://magnoliatribune.com/2026/01/08/xai-investing-more-than-20-billion-in-southaven-data-center/; https://governorreeves.ms.gov/tech-leader-xai-investing-more-than-20-billion-in-southaven/; https://www.actionnews5.com/2026/01/08/largest-economic-development-history-20-billion-dollar-data-center-coming-southaven/; https://www.datacenterdynamics.com/en/news/xai-confirms-new-data-center-in-mississippi-elon-musk-pledges-20bn-investment-in-state/; https://naacp.org/articles/elon-musks-xai-threatened-lawsuit-over-air-pollution-memphis-data-center-filed-behalf; https://www.actionnews5.com/2026/02/13/selc-plans-sue-xai-over-gas-turbines-mississippi/; https://www.usnews.com/news/top-news/articles/2026-07-14/pollution-from-musks-unpermitted-xai-power-project-hits-hardest-in-black-communities; https://earthjustice.org/press/2026/xai-sued-for-illegal-power-plant; https://www.selc.org/press-release/civil-rights-group-sues-xai-for-illegal-pollution-from-data-center-power-plant/; https://www.wsmv.com/2026/04/14/naacp-sues-xai-alleging-unlawful-operation-gas-turbines-southaven/; https://www.cnbc.com/2026/04/14/elon-musk-xai-memphis-data-centers.html; https://mississippitoday.org/2026/04/15/data-center-turbines-southaven/; https://www.utilitydive.com/news/doj-may-intervene-in-naacp-lawsuit-over-xais-data-center-gas-turbines/820363/; https://earthjustice.org/press/2026/naacp-asks-court-for-emergency-action-to-stop-illegal-air-pollution-from-xais-data-center-power-plant; https://mississippitoday.org/2026/05/25/elon-musk-xai-dater-center-mississippi/; https://www.esgdive.com/news/doj-may-intervene-in-naacp-lawsuit-over-xais-data-center-gas-turbines/820607/; https://www.cnbc.com/2026/06/16/usdepartment-of-justice-calls-for-dismissal-of-naacp-xai-lawsuit-.html; https://www.utilitydive.com/news/doj-intervenes-xai-data-center-gas-turbine-lawsuit/823267/; https://earth.org/trump-administration-seeks-dismissal-of-lawsuit-against-elon-musks-ai-data-center-near-memphis/; https://www.democracynow.org/2026/6/18/abre_conner_naacp; https://qz.com/trump-doj-naacp-xai-clean-air-act-lawsuit-memphis-061726; https://dailymontanan.com/2026/02/23/eleven-data-center-developers-in-talks-with-northwestern-group-says/; https://earthjustice.org/press/2025/groups-file-complaint-to-stop-northwestern-energy-from-shifting-data-center-costs-to-residential-customers; https://montanafreepress.org/2025/11/18/groups-push-back-on-montanas-data-center-boom/; https://earthjustice.org/press/2026/groups-challenge-montana-psc-order-that-shields-data-center-plans-from-public-view; https://dailymontanan.com/2026/03/31/northwestern-doesnt-have-to-turn-over-more-data-center-information-in-merger-case/; https://dailymontanan.com/2026/03/13/public-service-commission-cant-keep-data-center-information-secret-says-group/; https://www.change.org/p/petition-for-transparency-accountability-and-community-protection-regarding-data-center-d7135a15-2195-41e8-b84c-d3acddbfa3c8; https://meic.org/data-centers/; https://montanafreepress.org/2026/02/12/as-ai-investors-eye-montana-for-new-data-centers-communities-brace-for-water-impacts/; https://dailymontanan.com/2025/11/18/complaint-calls-for-investigation-of-northwestern-energys-conduct-with-data-centers/; https://512pixels.net/wp-content/uploads/2025/06/2025.06.17-SELC-Notice-of-Intent-to-Sue-for-Violations-of-the-Clean-Air-Act_with-Enclosures.pdf; https://www.selc.org/press-release/elon-musks-xai-threatened-with-lawsuit-over-air-pollution-from-memphis-data-center/; https://www.ehn.org/community-pushback-grows-over-musk-backed-supercomputer-in-southwest-memphis; https://tennesseelookout.com/2025/07/07/a-billionaire-an-ai-supercomputer-toxic-emissions-and-a-memphis-community-that-did-nothing-wrong/; https://time.com/7308925/elon-musk-memphis-ai-data-center/; https://www.selc.org/news/resistance-against-elon-musks-xai-facility-in-south-memphis-gets-stronger/; https://insideclimatenews.org/news/17072025/elon-musk-xai-data-center-gas-turbines-memphis/; https://www.cnbc.com/2026/01/16/musks-xai-faces-tougher-road-expanding-memphis-area-after-epa-update.html; https://www.datacenterdynamics.com/en/news/elon-musks-xai-to-spend-659m-on-new-building-for-memphis-data-center-cluster/; https://naacp.org/articles/naacp-and-advocacy-groups-appeal-permit-xais-south-memphis-data-center-decisions-around; https://www.selc.org/news/xai-built-an-illegal-power-plant-to-power-its-data-center/; https://www.selc.org/press-release/new-images-reveal-elon-musks-xai-datacenter-has-nearly-doubled-its-number-of-polluting-unpermitted-gas-turbines/; https://prismreports.org/2025/06/18/xai-memphis-data-center-pollution/; https://earthjustice.org/press/2024/granbury-residents-sue-local-bitcoin-mine-over-health-threatening-noise-pollution; https://www.texastribune.org/2025/10/09/texas-hood-county-crypto-noise-incorporate-city/; https://www.keranews.org/news/2025-10-30/hood-county-mitchell-bend-election-incorporate-bitcoin-mine-marathon; https://earthjustice.org/press/2025/granbury-residents-demand-answers-from-maras-bitcoin-mine-as-lawsuit-over-noise-nuisance-continues
grp_75d6aa8f,East Manchester Township Residents Against Data Centers,East Manchester Township Residents Against Data Centers,1,PA,2025-10-14,2025-10-14,https://www.fox43.com/article/news/local/york-county/east-manchester-township-approves-two-new-data-center-ordinances-community-tech-york-county/521-de93d1bf-7139-4092-b5fc-2c61bd715273; https://emanchestertwp.com/overview-of-data-centers-rezoning-public-comments/
grp_f8949589,East New Orleans Neighborhood Advisory Commission,East New Orleans Neighborhood Advisory Commission,1,LA,2026-01-28,2026-01-28,https://www.fox8live.com/2026/01/29/new-orleans-council-bans-data-center-development/; https://council.nola.gov/news/january-2026/new-orleans-city-council-approves-motions-to-study/; https://www.wwno.org/economy/2026-01-29/new-orleans-city-council-bans-data-center-development-for-a-year-heres-why; https://veritenews.org/2026/01/28/data-centers-ban-new-orleans-council/; https://veritenews.org/2026/03/25/data-centers-new-orleans-east-council/; https://canalstreetbeat.com/new-orleans-city-council-imposes-moratorium-on-data-center-development/; https://dscej.org/2026/01/29/data-center-moratorium/; https://www.nola.com/news/business/new-orleans-east-data-center/article_b7397cf1-85d4-4dbc-8675-1da346539fd2.html
grp_0ee73006,East Vincent Advocacy,East Vincent Advocacy,1,PA,2025-10-01,2025-10-01,https://www.inquirer.com/news/pennsylvania/pennhurst-data-center-east-vincent-20260410.html; https://www.datacenterdynamics.com/en/news/plan-to-convert-former-psychiatric-hospital-near-philadelphia-into-data-center-set-to-be-blocked/; https://vista.today/2026/02/recommend-denial-pennhurst-data-center-project/; https://www.inquirer.com/news/pennsylvania/pennhurst-data-center-rejected-east-vincent-20260522.html; https://www.foodandwaterwatch.org/2026/05/22/east-vincent-pa-supervisors-unanimously-reject-data-center-proposal/
grp_fb864bd3,East Vincent Advocacy (EVT Advocacy),East Vincent Advocacy (EVT Advocacy),1,PA,2025-10-01,2025-10-01,https://www.inquirer.com/news/pennsylvania/pennhurst-data-center-east-vincent-20260410.html; https://www.datacenterdynamics.com/en/news/plan-to-convert-former-psychiatric-hospital-near-philadelphia-into-data-center-set-to-be-blocked/; https://vista.today/2026/02/recommend-denial-pennhurst-data-center-project/; https://www.inquirer.com/news/pennsylvania/pennhurst-data-center-rejected-east-vincent-20260522.html; https://www.foodandwaterwatch.org/2026/05/22/east-vincent-pa-supervisors-unanimously-reject-data-center-proposal/
grp_f9c40c0d,Eco-Socialist Green Party of Eastern Missouri,Eco-Socialist Green Party of Eastern Missouri,1,MO,2026-04-21,2026-04-21,https://www.stlpr.org/government-politics-issues/2026-03-31/st-louis-mayor-cara-spencer-armory-data-center-zoning; https://www.ksdk.com/article/news/local/mayor-cara-spencer-city-board-postpone-vote-armory-data-center/63-4586cc07-32c7-46ad-a71b-5a92ba7b4323; https://www.change.org/p/no-more-data-centers-in-st-louis; https://www.stlpr.org/government-politics-issues/2026-04-21/data-center-project-near-armory-final-approval-st-louis; https://www.stlmag.com/news/midtown-data-center-armory-board-of-public-service/; https://www.stlouis-mo.gov/government/departments/mayor/news/data-center-permit-approved.cfm
grp_1a3debe2,Economic Development Responsibility Alliance of Michigan,Economic Development Responsibility Alliance of Michigan,8,MI,2025-06-01,2026-02-26,https://www.wkar.org/wkar-news/2026-02-27/michigan-data-center-tracker-moratoria-legislation-and-grid-impact; https://bridgemi.com/michigan-environment-watch/at-least-19-michigan-towns-pause-data-centers-no-one-knows-if-itll-work/; https://datacenterwatch.substack.com/p/briefing-12192025; https://grist.org/elections/a-michigan-town-hopes-to-stop-a-data-center-with-a-2026-ballot-initiative/; https://planetdetroit.org/2025/12/michigan-ai-data-center-protest/; https://titletrackmichigan.org/datacenters/; https://edraofmi.org/about-edra-mi; https://www.change.org/p/ban-ai-data-centers-in-michigan; https://www.wzzm13.com/article/news/local/cascade-township-board-unanimously-approves-6-month-moratorium-data-center-approvals/69-77ed781c-e14a-4390-b8e4-cbe0234416a7; https://www.fox17online.com/news/local-news/east-grand-rapids-forest-hills-cascade/cascade-township-pauses-data-center-development-for-six-months; https://www.bigrapidsnews.com/news/article/new-ordinance-bans-data-centers-big-rapids-21225421.php; https://www.fox17online.com/news/local-news/holland-zeeland/zeeland-township-approves-data-center-moratorium-as-solar-farm-debate-continues; https://www.wnem.com/2026/01/13/city-saginaw-placing-moratorium-data-centers/; https://www.abc12.com/news/local/saginaw-moratorium-proactively-blocks-data-center-projects/article_7b230f5d-0639-443c-a499-1a5a281bad49.html; https://themanchestermirror.com/2026/02/09/data-center-moratoriums-pile-up-in-michigan-no-one-knows-if-theyll-work/
grp_2b852618,Economic Development Responsibility Alliance of Michigan (EDRA of MI),Economic Development Responsibility Alliance of Michigan (EDRA of MI),6,MI,2026-01-06,2026-02-18,https://www.detroitnews.com/story/news/local/oakland-county/2026/01/21/pontiac-latest-community-to-pass-data-center-moratorium/88286730007/; https://bridgemi.com/michigan-environment-watch/at-least-19-michigan-towns-pause-data-centers-no-one-knows-if-itll-work/; https://www.crainsdetroit.com/real-estate/concord-infrastructure-partners-pitches-data-center-deadline; https://www.wkar.org/wkar-news/2026-02-27/michigan-data-center-tracker-moratoria-legislation-and-grid-impact; https://titletrackmichigan.org/datacenters/; https://www.change.org/p/ban-ai-data-centers-in-michigan; https://planetdetroit.org/2026/03/lawmakers-propose-michigan-data-center-moratorium/; https://www.whmi.com/news/article/city-of-south-lyon-adopts-12-month-moratorium-on-data-center-applications; https://eu.detroitnews.com/story/news/local/michigan/2026/02/16/metro-detroit-communities-scramble-regulate-restrict-data-centers-moratoriums-zoning-limits/88516840007/; https://www.tuscolatoday.com/news/elmwood-acts-on-data-center-moratorium/article_989c5d64-6088-4222-8f1c-e9d099776f71.html; https://edraofmi.org/; https://www.wemu.org/wemu-news/2026-02-17/ann-arbor-township-passes-12-month-moratorium-on-data-centers; https://michiganadvance.com/2025/10/09/a-michigan-town-hopes-to-stop-a-data-center-with-a-2026-ballot-initiative/; https://www.michigandaily.com/news/ann-arbor/stop-the-data-center-organizes-assembly-to-discuss-winter-action-plan/; https://concentratemedia.com/data-centers-in-washtenaw-county-economic-boon-or-environmental-liability/; https://edraofmi.org/ai-data-centers; https://bridgemi.com/michigan-environment-watch/tiny-michigan-town-hopes-to-stop-data-center-with-ballot-initiative/; https://www.wxyz.com/news/data-centers/northville-city-council-unanimously-approves-12-month-data-center-moratorium; https://planetdetroit.org/2026/01/data-center-moratorium-northville/
grp_abf9eb15,Edgecombe Neighbors for Data Center Accountability,Edgecombe Neighbors for Data Center Accountability,2,NC,2025-09-15,2026-07-14,https://www.cbs17.com/news/local-news/tarboro-data-center-project-appeals-rejection-by-town-council-saying-site-would-generate-11-million-per-year-in-revenue/; https://www.datacenterdynamics.com/en/news/developers-to-appeal-data-center-rejection-in-tarboro-north-carolina/; https://www.foxbusiness.com/economy/north-caroilna-residents-fight-back-against-massive-tech-project-potentially-coming-their-town; https://ncejn.org/updates-on-the-fight-against-data-centers-edgecombe-county/; https://mytarborotoday.com/ess-plans-to-file-appeal-of-tarboros-sup-denial-p2853-106.htm; https://sign.moveon.org/petitions/don-t-sell-edgecombe-county-to-big-tech-polluter-interests; https://www.wunc.org/2025-11-25/opposition-mounts-to-proposed-large-data-center-in-edgecombe-county; https://www.datacenterknowledge.com/build-design/developer-forges-ahead-with-38b-in-nc-data-center-builds; https://www.rockymounttelegram.com/news/local/county-oks-amending-ordinance-to-allow-for-a-data-center-at-kingsboro-business-park/article_64e09f70-9b18-48fd-84a9-a6ec6dae950e.html; https://soundrivers.org/kingsboro-data-center-concerns-spark-big-turnout/; https://www.wfae.org/energy-environment/2025-12-02/proposed-edgecombe-county-data-center-draws-criticism-during-county-meeting; https://www.bpr.org/2025-11-25/opposition-mounts-to-proposed-large-data-center-in-edgecombe-county; https://soundrivers.org/riverkeeper-attends-first-edgecombe-co-data-center-advisory-group-meeting/; https://www.wunc.org/environment/2026-04-10/opposition-to-data-centers-is-catching-a-fire-across-north-carolina-spurring-political-challenges; https://www.bisnow.com/national/news/data-center-development/north-carolina-data-center-canceled-as-county-debates-moratorium-135338; https://www.northcarolinahealthnews.org/2026/07/14/rural-nc-data-centers/
grp_25ea37c5,EDRA of MI,EDRA of MI,3,MI,2025-12-19,2026-04-22,https://www.wkar.org/michigans-data-center-divide/2026-04-23/public-speaks-out-against-data-centers-at-house-subcommittee-hearing; https://bridgemi.com/business-watch/overflow-crowd-tells-lansing-lawmakers-stop-secrecy-around-data-centers/; https://wwmt.com/news/state/dozens-speak-out-against-data-centers-michigan-house-committee-hearing-legislation-law-bills-politics-artificial-intelligence; https://www.cbsnews.com/detroit/news/michigan-house-subcommittee-hears-testimony-data-centers/; https://planetdetroit.org/2025/12/salin-township-data-center-wetlands/; https://www.wemu.org/wemu-news/2025-12-19/egle-gets-earful-during-public-hearing-on-saline-township-data-center-wetlands; https://wdet.org/2025/12/17/public-meeting-to-discuss-permits-for-saline-data-center-impact-on-wetlands/; https://planetdetroit.org/2026/02/saline-data-center-air-wetlands-permits/; https://themanchestermirror.com/2026/01/05/regulators-approve-dte-contracts-for-saline-township-data-center/; https://bridgemi.com/michigan-environment-watch/michigan-regulators-approve-contract-for-michigans-first-hyperscale-data-center/; https://www.tomshardware.com/tech-industry/artificial-intelligence/openais-stargate-data-center-gets-approval-to-receive-1-4-gigawatts-of-power-in-michigan-some-residents-furious-as-energy-company-is-given-go-ahead-by-regulatory-body-without-hearing-opposition; https://planetdetroit.org/2026/01/dte-agrees-saline-data-center-conditions/; https://www.related-digital.com/news/openai-oracle-and-related-digital-announce-stargate-data-center-site-in-michigan; https://www.wxyz.com/news/data-centers/michigan-public-service-commission-approves-dte-contract-for-saline-township-data-center-project; https://www.michiganpublic.org/economy/2026-04-25/saline-township-data-center-major-construction-underway-financing-secured; https://www.edtechinnovationhub.com/news/openai-and-oracle-commit-to-union-built-stargate-data-center-in-michigan; https://www.michigan.gov/mpsc/commission/news-releases/2025/12/18/mpsc-approves-dte-electric-energy-contracts-for-data-center; https://michiganadvance.com/2025/12/18/public-service-commission-approves-dte-data-center-contracts-with-strings-attached/; https://eu.detroitnews.com/story/news/local/michigan/2025/12/18/mpsc-approves-dte-saline-township-data-center-contracts-conditions/87813803007/; https://planetdetroit.org/2025/12/dte-data-center-contracts-approved/; https://cubofmichigan.org/blog/mpsc-grants-expedited-approval-for-dte-contracts-with-hyperscale-data-center/
grp_7304927c,El Monte Neighbors United,El Monte Neighbors United,1,CA,2026-03-19,2026-03-19,https://www.sgvtribune.com/2026/03/12/in-el-monte-verbal-altercation-in-city-council-chambers-postpones-debate-on-data-centers-and-sanctuary-law/; https://www.whittierdailynews.com/2026/03/12/in-el-monte-verbal-altercation-in-city-council-chambers-postpones-debate-on-data-centers-and-sanctuary-law/; https://www.sgvtribune.com/2026/03/17/el-monte-city-council-set-to-meet-again-after-verbal-altercation-ended-last-meeting/; https://www.sgvtribune.com/2026/03/19/data-center-moratorium-sanctuary-city-rules-pass-in-el-monte/
grp_ce587bc4,El Paso City Council,El Paso City Council,1,TX,2026-06-18,2026-06-18,https://elpasomatters.org/2026/03/29/meta-data-center-el-paso-10-billion-expansion-water-gas-electricity-usage/; https://www.cnbc.com/2026/03/26/meta-to-spend-10-billion-on-ai-data-center-in-el-paso-1gw-by-2028.html; https://www.texastribune.org/2026/01/26/texas-el-paso-meta-data-center-natural-gas-power-plant/; https://kvia.com/news/2026/04/14/city-of-el-paso-gives-update-on-meta-data-center-project-policy-framework/; https://www.elpasotexas.gov/assets/Press-Releases/2026.04.02-NEWS-RELEASE_City-of-El-Paso-Continues-Community-Engagement-on-Data-Center-Policy-Framework.pdf; https://elpasomatters.org/2026/06/03/el-paso-texas-meta-data-center-tax-breaks-cancel-contract-water-air-pollution/; https://elpasomatters.org/2026/06/18/meta-data-center-el-paso-texas-water-electricity-rates-community-benefit-agreement/; https://kvia.com/news/business-technology/2026/07/07/el-paso-water-reassures-public-on-meta-data-centers-water-usage/; https://kfoxtv.com/news/local/meta-data-center-water-cap-set-at-25m-gallons-a-day-average-pegged-at-480000; https://elpasomatters.org/2026/07/20/meta-data-center-el-paso-texas-policy-framework-rules-city-council/; https://kvia.com/news/business-technology/2026/07/20/el-paso-city-council-approves-data-center-policy-framework/
grp_9e2b19ca,Elbert County Board of Commissioners,Elbert County Board of Commissioners,1,CO,2026-04-10,2026-04-10,https://coloradosun.com/2026/04/15/power-pathway-elbert-el-paso-puc-transmission-electricity/; https://www.9news.com/article/money/consumer/colorado-regulators-elbert-county-approve-xcel-energy-power-pathway/73-a5621c10-1a05-4c91-8b1f-d26ab6f4477f; https://rockymountainvoice.com/2026/04/15/colorado-regulators-override-local-denial-to-advance-renewable-energy-grid/
grp_a8f24849,Elders Climate Action Maryland,Elders Climate Action Maryland,1,MD,2026-02-02,2026-02-02,https://www.foodandwaterwatch.org/2026/02/24/md-advocates-residents-call-for-data-center-moratorium-at-town-hall/; https://www.thebanner.com/economy/growth-development/montgomery-county-data-centers-elrich-moratorium-regulations-GIJORCK4OJHZ7P3QCWFDB75HLE/; https://wtop.com/montgomery-county/2026/02/coming-at-us-way-too-fast-public-comment-on-data-centers-in-montgomery-county/; https://bethesdamagazine.com/2026/02/17/planning-advances-moco-data-center-debate-zta/; https://bethesdamagazine.com/2026/02/25/dickerson-data-center-developers-have-right-to-go-forward-elrich-says/; https://atmosphere-dc.com/data-centers/dickerson-md/
grp_0000c9a5,Ellendale No Eminent Domain group,Ellendale No Eminent Domain group,1,ND,2025-08-01,2025-08-01,https://www.valleynewslive.com/2025/08/28/construction-ellendale-ai-data-center-underway-community-concerns-addressed/; https://northdakotamonitor.com/2025/09/02/controversial-data-center-moves-forward-in-eastern-north-dakota/; https://northdakotamonitor.com/2026/02/27/lawmakers-seek-to-smooth-rift-between-some-infrastructure-developers-landowners/; https://www.datacenterdynamics.com/en/news/applied-digital-signs-250mw-agreement-with-coreweave-for-capacity-at-ellendale-campus-north-dakota/; https://www.inforum.com/news/north-dakota/7-billion-data-center-deal-in-southeast-north-dakota-is-worth-the-growing-pains-residents-say; https://www.datacenterdynamics.com/en/news/applied-digital-secures-5bn-15-year-lease-with-hyperscaler-at-north-dakota-data-center-campus/; https://www.bisnow.com/national/news/data-center-community-relations/local-opposition-data-center-developers-getting-personal-133460; https://www.enr.com/articles/62110-construction-of-3b-data-center-in-north-dakota-spurs-annexation-battle; https://southdakotasearchlight.com/2026/01/30/north-dakota-town-serves-as-an-example-of-the-promise-and-perils-of-data-centers-for-south-dakota/; https://ir.applieddigital.com/news-events/press-releases/detail/123/applied-digital-announces-250mw-ai-data-center-lease-with; https://ir.applieddigital.com/news-events/press-releases/detail/128/applied-digital-finalizes-additional-150mw-lease-with
grp_c19a2d58,Emporia Neighbors United,Emporia Neighbors United,1,KS,2026-07-15,2026-07-15,https://writing.strisker.com/data-centers-daily-notes-july-15-2026/; https://kvoe.com/2026/07/08/data-center-emporia-neighbors-united-submits-nearly-1400-petition-signatures-to-halt-digital-campus/; https://www.wibw.com/2026/07/17/report-lyon-co-commission-drafting-moratorium-data-centers-consideration-next-week/; https://kansasreflector.com/2026/07/19/the-developer-of-a-kansas-data-center-swore-under-oath-he-wasnt-involved-my-town-is-bamboozled/
grp_98fbd2f5,Empowerment Congress of Dona Ana County,Empowerment Congress of Dona Ana County,1,NM,2025-08-27,2025-08-27,https://www.donaana.gov/news_detail_T7_R35.php; https://www.datacenterdynamics.com/en/news/oracle-revealed-as-tenant-of-project-jupiter-data-center-campus-in-new-mexico/; https://www.oracle.com/news/announcement/blog/oracle-advances-american-ai-innovation-in-new-mexico-2026-01-23/; https://sourcenm.com/2026/03/31/nm-state-land-commissioner-rejects-application-for-gas-pipeline-to-power-project-jupiter-data-center/; https://www.krqe.com/news/new-mexico/massive-data-center-project-in-dona-ana-county-facing-one-hurdle/; https://projectjupitertogether.com/; https://www.nmborderplex.com/project-jupiter-approved-a-transformative-leap-for-the-new-mexico-borderplex/; https://www.abqjournal.com/news/doa-ana-county-agrees-to-community-meeting-over-project-jupiter/2998531; https://www.organmountainnews.com/project-jupiter-air-permits-hearing-decision-delayed/; https://truthout.org/articles/secretive-new-mexico-data-center-plan-races-forward-despite-community-pushback/; https://www.datacenterdynamics.com/en/news/groups-sue-to-stall-data-center-project-in-do%C3%B1a-ana-county-new-mexico/; https://kfoxtv.com/news/local/judge-denies-dona-ana-county-bid-to-dismiss-project-jupiter-open-meetings-lawsuit
grp_5f8c8b4f,Empowerment Congress of Doña Ana County,Empowerment Congress of Doña Ana County,1,NM,2026-01-28,2026-01-28,https://www.datacenterdynamics.com/en/news/groups-sue-to-stall-data-center-project-in-do%C3%B1a-ana-county-new-mexico/; https://nmelc.org/2026/02/09/nmelc-files-lawsuit-against-dona-ana-county-commission-for-oma-violations/; https://www.courthousenews.com/nonprofit-sues-to-block-165-billion-openai-data-center-in-rural-new-mexico/; https://www.yahoo.com/news/us/articles/mexico-judge-dismisses-project-jupiter-223024861.html; https://www.abqjournal.com/news/project-jupiter-air-permit-to-be-debated-in-october-hearing/3084513; https://searchlightnm.org/demonstrators-arrested-jobs-promised-at-rowdy-project-jupiter-meeting/; https://www.kob.com/news/top-news/project-jupiter-demonstrators-arrested-at-contentious-meeting/; https://www.abqjournal.com/news/project-jupiter-update-sparks-scuffle-arrests/3091046
grp_d22aca84,Energy Alabama,Energy Alabama,1,AL,2026-03-03,2026-03-03,https://www.birminghamal.gov/news/city-birmingham-proposes-temporary-pause-new-data-center-applications; https://birminghamwatch.org/2026/01/13/birmingham-leaders-weigh-180-day-moratorium-on-data-centers-amid-power-and-water-concerns/; https://gaspgroup.org/birmingham-residents-must-stay-engaged-on-the-proposed-data-center/; https://alabamarivers.org/bcc/; https://birminghamwatch.org/2026/03/03/birmingham-council-enacts-temporary-ban-on-large-data-centers/; https://www.birminghamtimes.com/2026/03/birmingham-city-council-imposes-temporary-freeze-on-data-centers/; https://abc3340.com/news/local/birmingham-halts-new-data-center-projects-with-six-month-moratorium-city-of-birmingham-council-public-hearing-data-centers-zoning-land-use-regulations-review-infrastructure-demands-development; https://yellowhammernews.com/permit-filed-for-multibillion-dollar-75-acre-data-center-in-birmingham/; https://www.wbrc.com/2026/03/04/birmingham-city-council-votes-pause-new-data-center-applications-six-months/; https://1819news.com/news/item/data-center-company-nebius-buys-79-acres-in-birmingham-in-90-million-deal
grp_abc6bc85,Environment Georgia,Environment Georgia,1,GA,2026-03-01,2026-03-01,https://coosavalleynews.com/2026/03/selc-sierra-club-sue-over-permit-for-new-fossil-fuel-units-at-plant-bowen-in-bartow-county/; https://insideclimatenews.org/news/02032026/georgia-regulators-sued-over-plant-bowen-gas-turbines/; https://www.eenews.net/articles/lawsuit-targets-air-permit-amid-georgia-data-center-build-out/; https://www.northwestgeorgianews.com/rome/news/local/new-data-center-proposal-in-bartow-would-require-as-much-power-as-324k-homes/article_05152f0c-ee11-11ef-9470-5b8da755f367.html; https://www.selc.org/press-release/groups-challenge-air-permit-for-massive-methane-gas-and-oil-expansion-at-plant-bowen/; https://www.sierraclub.org/georgia/datacenters; https://www.sierraclub.org/press-releases/2025/10/environmental-groups-urge-georgia-epd-deny-permit-new-methane-gas-units
grp_01e4d6f2,Environment Texas,Environment Texas,1,TX,2025-08-01,2025-08-01,https://www.mysanantonio.com/realestate/article/microsoft-data-centers-castroville-san-antonio-20827271.php; https://www.ksat.com/news/local/2025/10/03/the-impact-of-billion-dollar-data-centers-in-water-stressed-medina-county/; https://www.datacenterdynamics.com/en/news/rowan-digital-to-invest-in-water-conservation-program-in-medina-county-texas/; https://www.newsweek.com/texas-data-center-water-artificial-intelligence-2107500; https://www.kens5.com/article/news/community/texas-san-antonios-data-center-economy-skyline/273-82d28bd3-34c2-48bb-a493-cd24008bc9cc
grp_ac529372,Environmental Coalition of Farmington MN,Environmental Coalition of Farmington MN,1,MN,2025-11-07,2025-11-07,https://streets.mn/2025/11/07/deep-dive-the-farmington-push-for-responsible-hyper-scale-data-centers/; https://www.cbsnews.com/minnesota/news/farmington-hyperscale-data-center-pushback/; https://www.startribune.com/farmington-data-center-tract/601173097; https://www.mprnews.org/story/2024/12/11/data-centers-spark-opposition-from-residents-concerns-over-energy-use; https://www.datacenterresponsibility.com/; https://bringmethenews.com/minnesota-news/farmington-residents-file-lawsuit-against-city-to-prevent-5b-data-center-plan; https://www.startribune.com/farmington-mayor-resign-data-center/601577290
grp_eb2b170f,Environmental Health Project,Environmental Health Project,1,PA,2026-01-28,2026-01-28,https://www.post-gazette.com/business/tech-news/2026/02/08/beaver-valley-data-centers-shippingport-aligned/stories/202602080033; https://community.triblive.com/news/3990268; https://insideclimatenews.org/news/03032026/pennsylvania-data-center-resistance/; https://www.alleghenyfront.org/pennsylvania-grassroots-resistance-data-centers/
grp_19f870d4,Envision Frederick County,Envision Frederick County,2,MD,2025-12-24,2026-03-06,https://www.datacenterdynamics.com/en/news/amazon-to-expand-virginia-cloud-region-into-maryland-develop-data-centers-in-tpgs-quantum-frederick-park/; https://www.wusa9.com/article/news/local/maryland/frederick-county-council-faces-pressure-data-center-regulation-bill/65-eca839b8-7a5b-4268-a12f-cb46ab2c2ba5; https://foxbaltimore.com/news/local/frederick-county-residents-push-referendum-data-center-zoning-plan-passes; https://www.fredericknewspost.com/news/politics_and_government/levels_of_government/county/amazon-sought-to-invest-billions-bring-data-centers-to-frederick-county/article_fad23fd2-1cb5-5bd1-adb2-e20176011de6.html; https://www.datacenterfrontier.com/featured/article/11428096/quantum-loophole-plans-2100-acre-data-center-campus-in-maryland; https://www.datacenterdynamics.com/en/news/aligned-looks-to-develop-three-more-data-centers-at-quantum-frederick-park-in-maryland/; https://www.wypr.org/wypr-news/2026-03-12/frederick-county-group-wants-voters-to-decide-data-center-limits; https://www.wypr.org/wypr-news/2025-12-24/frederick-county-council-passes-map-for-data-center-development; https://www.fredericknewspost.com/news/continuing_coverage/data_centers/pippy-proposes-data-center-moratorium-bill-for-frederick-county/article_a31f3fc5-5c63-5255-9dae-2077932ea181.html; https://www.bayjournal.com/news/energy/maryland-counties-to-data-center-industry-slow-down/article_c8362372-9a29-4ef9-925a-c81840390a95.html; https://ccanactionfund.org/frederick-county-residents-gather-an-impressive-21029-valid-signatures-to-put-controversial-data-center-expansion-project-on-the-ballot/
grp_f97da1d1,Essex Coalition,Essex Coalition,1,IL,2025-11-01,2025-11-01,https://www.thecentersquare.com/illinois/article_05a303b2-1a7c-430a-ab7f-8a7c9ed27437.html; https://www.chicagotribune.com/2026/03/11/frankfort-environmental-advocates-data-centers/
grp_c6f47ee0,Falls Township Residents Against Data Centers,Falls Township Residents Against Data Centers,1,PA,2026-02-20,2026-02-20,https://buckscountybeacon.com/2025/08/not-everyone-is-sold-on-the-benefits-of-amazons-data-center-coming-to-falls-township/; https://insideclimatenews.org/news/03032026/pennsylvania-data-center-resistance/
grp_34654a79,Faulkner County League of Women Voters,Faulkner County League of Women Voters,1,AR,2025-04-01,2025-04-01,https://arktimes.com/arkansas-blog/2025/09/12/conway-residents-grapple-with-incoming-ai-super-data-center-at-town-hall; https://arkansasadvocate.com/2025/12/12/fear-of-missing-out-on-data-center-boom-leads-arkansas-officials-to-ignore-hard-questions/
grp_bf480984,Fauquier County Board of Supervisors,Fauquier County Board of Supervisors,1,VA,2026-02-19,2026-02-19,https://www.29news.com/2026/03/11/fluvanna-county-community-members-push-back-against-proposed-1-billion-transmission-line-project/; https://www.cvilletomorrow.org/valley-link-seeks-community-input-on-proposed-transmission-line-route-through-central-virginia/; https://cardinalnews.org/2026/03/12/massive-power-transmission-line-planned-for-campbell-to-culpeper/; https://www.pecva.org/work/energy-work/transmission/an-electric-super-highway-through-the-piedmont/; https://www.wric.com/news/local-news/neighbors-concerns-valley-link-transmission-line-project/; https://www.29news.com/2026/02/19/1-billion-115-mile-electric-transmission-line-project-planned-parts-central-virginia/; https://www.29news.com/2026/03/25/orange-community-members-pack-board-meeting-oppose-proposed-1-billion-transmission-line/; https://cardinalnews.org/2026/03/26/valley-link-power-transmission-proposal-meets-a-growing-organized-resistance/; https://www.vpm.org/news/2026-03-27/joshua-falls-yeat-valley-link-electric-transmission-pjm-energy-grid; https://www.12onyourside.com/2026/04/07/debate-intensifies-over-valley-link-transmission-project/
grp_e155339c,Fayetteville Freedom for All,Fayetteville Freedom for All,3,GA;NC,2025-11-01,2026-03-18,https://thecitizen.com/2026/03/19/data-center-appeal-withdrawn-in-fayetteville-the-power-of-the-people/; https://www.fox5atlanta.com/news/fayetteville-propose-data-center-withdrawn; https://www.fayetteville-ga.gov/746/Data-Center-Discussion; https://www.change.org/p/stop-data-centers-in-cumberland-county-protect-fayetteville-s-health-and-water; https://www.cityviewnc.com/stories/residents-push-for-clarity-as-data-centers-consider-fayetteville/; https://www.cityviewnc.com/stories/cumberland-county-drafting-its-first-rules-for-data-centers/; https://www.cityviewnc.com/stories/newsletter/%F0%9F%96%A5%EF%B8%8F-data-centers-under-scrutiny-in-cumberland-county/; https://energystoragesolutionsllc.com/; https://www.connectcre.com/stories/energy-storage-solutions-seeking-permit-for-6-4b-data-center/; https://wkml.com/2026/01/29/fayetteville-economic-group-hosts-public-forum-on-data-center-plans-thursday/; https://www.blackridgeresearch.com/blog/latest-list-of-biggest-largest-upcoming-data-centers-north-carolina-united-states-us; https://www.datacenterknowledge.com/build-design/developer-forges-ahead-with-38b-in-nc-data-center-builds; https://www.cumberlandcountync.gov/departments/public-information-group/public-information/news-releases/news-release-full-story/2026/03/10/board-of-commissioners-to-hold-special-meeting-and-public-comment-period-on-proposed-data-centers; https://www.cityviewnc.com/stories/3-commissioners-back-data-center-moratorium-as-public-opposition-intensifies/; https://www.northcarolinahealthnews.org/2026/03/25/nc-communities-push-back-ai-data-centers-project-delta-lawsuit/; https://thecitizen.com/2026/03/16/data-center-decision-comes-thursday-for-fayetteville-council/; https://www.cityviewnc.com/stories/fayetteville-council-clashes-over-who-should-shape-citys-data-center-rules/
grp_db215c42,Fayetteville Residents Against Data Centers,Fayetteville Residents Against Data Centers,1,GA,2026-01-27,2026-01-27,https://thecitizen.com/2026/01/28/fayetteville-planning-commission-denies-data-center/; https://www.fayette-news.net/news/fayetteville-planning-commission-denies-data-center-conceptual-site-plan/article_cecdfd07-7856-4a3e-b354-21648486dd0b.html; https://www.datacenterdynamics.com/en/news/400-acres-to-be-annexed-rezoned-for-data-centers-in-fayetteville-georgia/
grp_401443e5,Fayetteville Rising Against Data Centers,Fayetteville Rising Against Data Centers,1,NC,2025-11-01,2025-11-01,https://www.change.org/p/stop-data-centers-in-cumberland-county-protect-fayetteville-s-health-and-water; https://www.cityviewnc.com/stories/residents-push-for-clarity-as-data-centers-consider-fayetteville/; https://www.cityviewnc.com/stories/cumberland-county-drafting-its-first-rules-for-data-centers/; https://www.cityviewnc.com/stories/newsletter/%F0%9F%96%A5%EF%B8%8F-data-centers-under-scrutiny-in-cumberland-county/; https://energystoragesolutionsllc.com/; https://www.connectcre.com/stories/energy-storage-solutions-seeking-permit-for-6-4b-data-center/; https://wkml.com/2026/01/29/fayetteville-economic-group-hosts-public-forum-on-data-center-plans-thursday/; https://www.blackridgeresearch.com/blog/latest-list-of-biggest-largest-upcoming-data-centers-north-carolina-united-states-us; https://www.datacenterknowledge.com/build-design/developer-forges-ahead-with-38b-in-nc-data-center-builds; https://www.cumberlandcountync.gov/departments/public-information-group/public-information/news-releases/news-release-full-story/2026/03/10/board-of-commissioners-to-hold-special-meeting-and-public-comment-period-on-proposed-data-centers; https://www.cityviewnc.com/stories/3-commissioners-back-data-center-moratorium-as-public-opposition-intensifies/; https://www.northcarolinahealthnews.org/2026/03/25/nc-communities-push-back-ai-data-centers-project-delta-lawsuit/
grp_8532360d,Flip the Switch Berrien County MI,Flip the Switch Berrien County MI,1,MI,2025-11-01,2025-11-01,https://www.datacenterdynamics.com/en/news/3-billion-data-center-project-proposed-in-benton-township-michigan/; https://www.datacenterdynamics.com/en/news/plans-for-3bn-data-center-in-benton-township-michigan-stall/; https://www.wsjm.com/2025/12/04/county-administrator-not-aware-of-any-plans-for-data-centers-in-berrien-county
grp_b93cceb5,Florida Native Plant Society PBC Chapter,Florida Native Plant Society PBC Chapter,1,FL,2026-07-15,2026-07-15,https://www.wlrn.org/government-politics/2025-12-10/project-tango-ai-data-center-palm-beach-county; https://stetnews.org/2025/12/04/massive-data-storage-facility-on-fast-track/; https://www.datacenterdynamics.com/en/news/37-million-sq-ft-data-center-campus-gets-initial-ok-from-officials-in-florida/; https://cbs12.com/news/local/palm-beach-county-moves-forward-with-massive-ai-data-center-despite-neighborhood-pushback-arden-warehouse-toxic-noise-power-plant-wellington-dec-5-2025; https://www.change.org/p/say-no-to-the-construction-of-project-tango-ai-data-center-in-palm-beach-county; https://www.wlrn.org/government-politics/2026-03-03/palm-beach-county-residents-only-want-one-answer-on-data-center-no; https://stetnews.org/2025/12/11/neighborhood-outrage-knocks-data-center-off-fast-track/; https://www.wlrn.org/development/2026-01-12/ai-data-center-palm-beach-county-desantis-trump; https://floridaphoenix.com/2026/01/01/thirsty-ai-data-center-runs-into-florida-community-opposition-2/; https://news.datacenterview.com/p/december-11-2025-pba-s-project-tango-approved; https://www.wptv.com/news/palm-beach-county/arden-residents-rally-against-proposed-1-8-million-square-foot-ai-data-center-near-elementary-school; https://cbs12.com/news/local/project-tango-setback-palm-beach-county-zoning-board-recommends-denial-concerned-residents-environmental-impact-central-park-commerce-center-florida-news; https://cbs12.com/news/local/could-another-data-center-move-forward-at-project-tango-site-lawsuit-raises-new-questions-public-input-hearings-vote-loophole-warehouse-conversion-wpb-logistics-tpa-group-pba-holdings; https://www.wflx.com/2026/07/16/palm-beach-county-commissioners-reject-project-tango-ai-data-center-after-more-than-12-hours-debate/; https://www.wflx.com/2026/07/16/relief-sweeps-through-community-after-palm-beach-county-denies-project-tango-ai-data-center/; https://www.bloomberg.com/news/articles/2026-07-15/ai-backlash-builds-for-project-tango-proposal-near-trump-s-mar-a-lago; https://www.wptv.com/news/region-c-palm-beach-county/loxahatchee-acreage/palm-beach-county-commissioners-reject-project-tango-ai-data-center-after-more-than-12-hours-of-debate; https://www.wlrn.org/government-politics/2026-07-16/project-tango-ai-data-center-palm-beach-rejected
grp_5dc25bf6,FLX Strong,FLX Strong,5,NY,2025-09-24,2026-07-14,https://www.governor.ny.gov/news/first-statewide-moratorium-new-hyperscale-data-centers-launched-governor-kathy-hochul; https://www.washingtonpost.com/technology/2026/07/14/new-york-becomes-first-state-impose-data-center-moratorium/; https://www.axios.com/2026/07/14/ny-gov-kathy-hochul-data-center-moratorium-executive-order; https://www.cnbc.com/2026/07/15/trump-blasts-new-york-gov-hochul-over-ai-data-center-moratorium.html; https://www.constructiondive.com/news/new-york-data-center-moratorium-contractor-pushback/825222/; https://www.theblock.co/post/408344/new-york-pause-new-data-center-permits-terawulf-falls; https://nystateofpolitics.com/state-of-politics/new-york/politics/2026/07/15/n-y--data-center-moratorium-a--missed-opportunity--for-construction-industry--contractors-association-says; https://esd.ny.gov/communityinvestmentframework; https://www.cornellsun.com/article/2026/07/k9fstjzcajbc; https://rochesterbeacon.com/2026/07/22/data-center-opponents-see-executive-order-as-partial-win/; https://www.fltimes.com/news/seneca-county-board-of-supervisors-to-dec-reject-terawulfs-modified-permit-request/article_cce901b6-e44d-41b6-ae0c-e0f9bf79e1d7.html; https://sustainablefingerlakes.org/2026/03/13/seneca-county-board-of-supervisors-to-dec-reject-terawulfs-modified-permit-request/; https://ithacavoice.org/2026/01/local-groups-file-suit-against-terawulf-lansing-zoning-board-over-data-center/; https://ithacavoice.org/2025/11/data-center-company-terawulf-threatens-legal-action-against-lansing-town-board/; https://www.cornellsun.com/article/2025/12/lansing-board-withdraws-ordinance-that-would-have-stalled-terawulf-data-center; https://www.cornellsun.com/article/2025/11/tensions-over-terawulf-data-center-in-tompkins-county-grow-with-threatened-lawsuit; https://tompkinsweekly.com/articles/terawulf-outlines-plans-for-lansing-ai-data-center-as-residents-seek-more-answers/; https://cleancayugalake.org/terawulf/; https://www.weny.com/news/tompkins-co-legislature-passes-resolution-calling-on-nysdec-to-reject-water-withdrawal-permit-for-proposed/article_d0835648-25e5-4bef-825c-4f46e4bfb9b7.html; https://www.ithaca.com/news/lansing/flx-strong-clean-file-lawsuit-against-lansing-zba-terawulf-to-block-data-center/article_97b45f0f-c849-497c-9daa-6040f1f1710b.html; https://www.cornellsun.com/article/2026/02/tompkins-county-legislature-calls-on-dec-to-reconsider-water-permit-for-terawulf-data-center; https://ithacavoice.org/2026/02/county-calls-on-state-to-reject-water-permit-for-ai-data-center/; https://www.ithaca.com/news/regional_news/tompkins-county-legislature-urges-state-to-deny-water-permit-for-lansing-data-center/article_1d89f22d-fcd0-43b3-97e2-173e08a483ea.html; https://607newsnow.com/news/258852-court-rules-lawsuit-against-terawulf-lansing-zba-can-move-forward/; https://www.fingerlakes1.com/2026/05/16/new-york-bill-would-halt-new-ai-data-centers-as-cayuga-lake-project-fuels-growing-backlash/; https://ithacavoice.org/2026/06/petition-opposing-lansing-ai-data-center-garners-over-20000-signatures/; https://www.ithaca.com/news/regional_news/terawulf-s-proposed-data-center-faces-local-delays-pushback/article_8949eab1-47fd-46df-87ec-841b76a6527b.html; https://ithacavoice.org/2026/07/lansing-official-who-opposed-data-center-faces-legal-action/
grp_c9a105ec,Food & Water Watch,Food & Water Watch,10,MD;NJ;NY;OH;PA,2025-09-01,2026-03-12,https://www.foodandwaterwatch.org/2026/02/24/md-advocates-residents-call-for-data-center-moratorium-at-town-hall/; https://www.thebanner.com/economy/growth-development/montgomery-county-data-centers-elrich-moratorium-regulations-GIJORCK4OJHZ7P3QCWFDB75HLE/; https://wtop.com/montgomery-county/2026/02/coming-at-us-way-too-fast-public-comment-on-data-centers-in-montgomery-county/; https://bethesdamagazine.com/2026/02/17/planning-advances-moco-data-center-debate-zta/; https://bethesdamagazine.com/2026/02/25/dickerson-data-center-developers-have-right-to-go-forward-elrich-says/; https://atmosphere-dc.com/data-centers/dickerson-md/; https://www.commondreams.org/news/new-brunswick-ai-data-center; https://www.foodandwaterwatch.org/2026/02/20/new-brunswick-city-council-rejects-data-center/; https://www.thecooldown.com/green-business/new-brunswick-nj-ai-data-center-defeated/; https://patch.com/new-jersey/newbrunswick/new-brunswick-city-council-kills-proposal-build-ai-data-center-100-jersey; https://jerseyvindicator.org/2026/02/21/new-brunswick-rejects-data-center-plan-following-public-backlash/; https://www.datacenterdynamics.com/en/news/proposed-data-center-in-new-brunswick-new-jersey-denied-by-local-authorities/; https://www.dailytargum.com/article/new-brunswick-city-council-cancels-data-center-plans-in-response-to-protest-20260219; https://techcrunch.com/2026/02/07/new-york-lawmakers-propose-a-three-year-pause-on-new-data-centers/; https://www.foodandwaterwatch.org/2026/02/06/ny-legislators-introduce-strongest-data-center-moratorium-bill-in-the-country/; https://www.foodandwaterwatch.org/2026/03/02/100-new-york-groups-call-for-passage-of-data-center-moratorium-bill/; https://www.commondreams.org/news/ny-data-center-moratorium; https://www.news10.com/capitol/new-york-data-center-moratorium/; https://www.nysenate.gov/legislation/bills/2025/S9144; https://legiscan.com/NY/text/A10141/2025; https://www.nysenate.gov/legislation/bills/2025/S8540; https://www.nysenate.gov/legislation/bills/2025/S6394/amendment/A; https://www.nixonpeabody.com/insights/alerts/2026/02/11/new-york-state-proposes-sweeping-data-center-moratorium-and-regulatory-review-s9144; https://www.foodandwaterwatch.org/2026/02/26/sprigg-township-oh-passes-data-center-moratorium/; https://www.statenews.org/section/the-ohio-newsroom/2026-02-26/ohio-towns-are-pushing-back-against-data-centers-to-varying-degrees-of-success; https://www.wcpo.com/news/local-news/i-team/adams-county-data-center-could-be-one-of-ohios-biggest-power-guzzlers; https://www.fox19.com/2026/02/19/manchester-residents-voice-concerns-over-potential-data-center-construction/; https://www.foodandwaterwatch.org/2026/03/09/monroe-township-oh-unanimously-passes-data-center-moratorium/; https://www.wcpo.com/news/local-news/i-team/adams-county-data-center-gets-federal-permit-as-voters-sign-petitions-to-block-it; https://wysu.org/ohio-news/2026-03-26/proposed-amendment-to-ban-huge-data-centers-in-ohio-can-move-to-next-step; https://www.wosu.org/politics-government/2026-03-11/columbus-city-council-to-hold-hearing-on-data-center-growth-in-central-ohio; https://abc6onyourside.com/news/local/columbus-city-council-hearing-spotlights-debate-over-data-center-expansion; https://ohiocapitaljournal.com/2026/03/12/ohioans-are-getting-fed-up-with-data-centers-state-lawmakers-are-starting-to-notice/; https://www.dispatch.com/story/news/local/2026/07/22/columbus-council-pressed-to-hold-data-centers-accountable-or-pass-ban/91010285007/; https://www.abc27.com/local-news/carlisle-west-shore/midstate-township-rejects-controversial-data-center-amendment/; https://insideclimatenews.org/news/15102025/pennsylvania-communities-restrict-data-center-development/; https://pennwatch.org/hampden-township-commissioners-say-yes-to-wawa-no-to-data-center/; https://www.govtech.com/artificial-intelligence/pennsylvania-townships-move-fast-with-data-center-guardrails
grp_67387aed,Food & Water Watch (Eastern PA chapter),Food & Water Watch (Eastern PA chapter),1,PA,2026-02-26,2026-02-26,https://www.inquirer.com/news/pennsylvania/east-whiteland-data-center-zoning-20260401.html; https://6abc.com/post/east-whiteland-twp-residents-oppose-data-center-planners-send-revised-plan-back-review/18698080/
grp_69bb4824,Food and Water Watch,Food and Water Watch,1,PA,2026-02-17,2026-02-17,https://www.wvia.org/news/local/2026-02-17/lackawanna-county-commissioner-gaughan-asks-shapiro-and-pa-legislature-for-statewide-data-center-moratorium; https://www.thetimes-tribune.com/2026/02/25/local-lawmakers-target-data-centers-back-moratoriums/; https://www.cityandstatepa.com/policy/2026/03/pa-house-committee-advances-data-center-bills/411812/; https://www.change.org/p/hold-data-centers-accountable-for-rising-energy-costs-in-pennsylvania; https://insideclimatenews.org/news/03032026/pennsylvania-data-center-resistance/; https://www.spotlightpa.org/news/2026/01/data-centers-pennsylvania-debate-legislature-environment-environment/
grp_3e43a0ca,Forest Grove neighbors (ad hoc),Forest Grove neighbors (ad hoc),1,OR,2024-10-01,2024-10-01,https://hillsboronewstimes.com/2025/08/18/construction-boots-up-on-first-data-center-in-forest-grove/; https://www.cranedc.com/data-centers/oregon-data-center
grp_f5a3befb,Foristell Residents Against Data Centers,Foristell Residents Against Data Centers,1,MO,2026-03-16,2026-03-16,https://www.change.org/p/stop-the-foristell-data-center-project-protect-our-community-s-future; https://www.midriversnewsmagazine.com/news/no-vote-yet-on-data-center-related-annexation-in-foristell/article_65a7a955-43a9-49c5-a59b-e6ec92360987.html; https://www.datacenterdynamics.com/en/news/data-center-proposal-review-in-foristell-missouri-postponed-as-venue-unable-to-accommodate-turnout/; https://www.stltoday.com/news/local/stcharles/article_5f3d9376-c237-425e-960f-7a9a19835e6e.html; https://www.stlmag.com/business/rural-missouri-data-center-battleground/; https://www.stltoday.com/news/local/stcharles/article_f83ef839-a172-4cf5-9a24-3cc446c79919.html; https://www.ksdk.com/article/news/local/companies-eye-foristell-land-potential-data-centers-developers-st-charles-county-warren-county-farmers-agriculture/63-5dcdc2e6-0c60-4b10-9b3b-88e37b5cc54e; https://moundcitymessenger.com/2026/02/20/foristell-residents-express-opposition-to-proposed-data-center/; https://www.midriversnewsmagazine.com/news/decision-on-foristell-land-annexation-coming-next-month/article_12c2f2ba-bc92-463c-a54e-0d22190acbe0.html
grp_a6b0a5bb,FracTracker Alliance,FracTracker Alliance,3,PA,2026-02-04,2026-03-17,https://www.spotlightpa.org/news/2026/03/data-centers-josh-shapiro-permitting-water-energy-jobs-regulation-environment/; https://insideclimatenews.org/news/06022026/pennsylvania-governor-josh-shapiro-data-center-growth-consumer-protections/; https://newtownpanow.com/2026/03/13/governor-wants-to-incentivize-data-centers-to-be-better-neighbors/; https://www.wesa.fm/politics-government/2026-03-09/lawmakers-bill-data-center-construction; https://radio.wpsu.org/2026-03-10/shapiro-wants-to-incentivize-data-centers-to-be-better-neighbors-will-that-work; https://www.citizensvoice.com/2026/03/17/national-developer-spends-300-million-on-land-for-salem-twp-data-centers/; https://nonprofitquarterly.org/a-canary-in-a-coal-mine-amazons-luzerne-county-data-center/; https://www.datacenterdynamics.com/en/news/qts-acquires-1700-acres-of-land-in-pennsylvania-for-data-center-development/
grp_129dd69b,Franklin Citizens for Responsible Development Inc.,Franklin Citizens for Responsible Development; Franklin Citizens for Responsible Development Inc.,2,KY,2026-01-28,2026-04-14,https://www.wkyufm.org/news/2026-01-21/zoning-regulators-table-preliminary-development-plan-for-franklin-data-center; https://www.wbko.com/2026/01/16/data-center-seeks-preliminary-site-development-plan-for-simpson-county/; https://www.wnky.com/city-of-franklin-planning-zoning-commission-tables-data-center-vote-for-4th-time/; https://bgdailynews.com/2026/02/22/simpson-fiscal-court-answers-data-center-lawsuit/; https://www.wkyufm.org/news/2026-02-05/for-a-second-time-franklin-zoning-regulators-table-vote-on-data-center-proposal; https://www.wkyufm.org/news/2026-03-04/feet-to-the-fire-preliminary-plan-for-franklin-data-center-approved; https://www.wsmv.com/2026/01/20/massive-data-center-is-being-pushed-blink-you-miss-us-kentucky-town-locals-are-pushing-back/; https://www.lpm.org/news/2026-01-28/data-center-developer-sues-simpson-county-government-over-land-use-ordinance; https://www.wbko.com/2026/01/28/tenkey-landco-sues-simpson-county-over-data-center-ordinance/; https://www.lpm.org/news/2026-02-09/for-a-second-time-franklin-zoning-regulators-table-vote-on-data-center-proposal; https://www.lpm.org/news/2026-01-21/zoning-regulators-table-preliminary-development-plan-for-southern-kentucky-data-center; https://www.change.org/p/oppose-the-data-center-proposal-for-franklin-kentucky; https://bgdailynews.com/2025/10/22/proposed-data-center-hits-stumbling-block-in-franklin/; https://www.lpm.org/news/2026-03-05/feet-to-the-fire-preliminary-plan-for-franklin-data-center-approved; https://www.wbko.com/2026/01/20/massive-data-center-is-being-pushed-blink-you-miss-us-kentucky-town-locals-are-pushing-back/; https://www.wkyufm.org/news/2026-04-14/second-lawsuit-filed-over-proposed-data-center-in-simpson-county; https://bgdailynews.com/2026/04/15/rulings-to-come-in-data-center-suit/; https://www.franklinfavorite.com/russellville/russellville/news/article_91f3b170-14b7-54a0-a602-9819af557f7c.html; https://bgdailynews.com/2026/05/19/hearings-scheduled-in-franklin-data-center-lawsuits/; https://www.wnky.com/judge-hears-oral-arguments-in-franklin-data-center-lawsuit-takes-motions-under-advisement/
grp_3ffcb01a,Franklin County Rural Coalition,Franklin County Rural Coalition,2,MO,2026-01-20,2026-03-17,https://www.firstalert4.com/2026/03/14/franklin-county-data-center-projects-return-planning-commission-tuesday-with-frustration-about-process/; https://www.ksdk.com/article/news/local/data-center-proposal-sparks-intense-opposition-in-rural-franklin-county/63-1df17e92-1d31-4a96-a64f-b4a10bf99527; https://www.firstalert4.com/2026/03/18/franklin-county-data-center-projects-draw-packed-crowd-opposition-planning-meeting/; https://www.ksdk.com/article/news/local/no-turning-back-neighbors-ecologist-warn-proposed-data-centers-threaten-meramec-river/63-eab3fc47-9e80-4158-b290-b5e9814e1b9b
grp_2fc51678,Franklin Planning and Zoning Commission,Franklin Planning and Zoning Commission,1,KY,2026-01-28,2026-01-28,https://www.wkyufm.org/news/2026-01-21/zoning-regulators-table-preliminary-development-plan-for-franklin-data-center; https://www.wbko.com/2026/01/16/data-center-seeks-preliminary-site-development-plan-for-simpson-county/; https://www.wnky.com/city-of-franklin-planning-zoning-commission-tables-data-center-vote-for-4th-time/; https://bgdailynews.com/2026/02/22/simpson-fiscal-court-answers-data-center-lawsuit/; https://www.wkyufm.org/news/2026-02-05/for-a-second-time-franklin-zoning-regulators-table-vote-on-data-center-proposal; https://www.wkyufm.org/news/2026-03-04/feet-to-the-fire-preliminary-plan-for-franklin-data-center-approved; https://www.wsmv.com/2026/01/20/massive-data-center-is-being-pushed-blink-you-miss-us-kentucky-town-locals-are-pushing-back/; https://www.lpm.org/news/2026-01-28/data-center-developer-sues-simpson-county-government-over-land-use-ordinance; https://www.wbko.com/2026/01/28/tenkey-landco-sues-simpson-county-over-data-center-ordinance/; https://www.lpm.org/news/2026-02-09/for-a-second-time-franklin-zoning-regulators-table-vote-on-data-center-proposal; https://www.lpm.org/news/2026-01-21/zoning-regulators-table-preliminary-development-plan-for-southern-kentucky-data-center; https://www.change.org/p/oppose-the-data-center-proposal-for-franklin-kentucky; https://bgdailynews.com/2025/10/22/proposed-data-center-hits-stumbling-block-in-franklin/; https://www.lpm.org/news/2026-03-05/feet-to-the-fire-preliminary-plan-for-franklin-data-center-approved; https://www.wbko.com/2026/01/20/massive-data-center-is-being-pushed-blink-you-miss-us-kentucky-town-locals-are-pushing-back/
grp_5552cc66,Franklin residents (ad hoc),Franklin residents (ad hoc),1,KY,2026-01-28,2026-01-28,https://www.wkyufm.org/news/2026-01-21/zoning-regulators-table-preliminary-development-plan-for-franklin-data-center; https://www.wbko.com/2026/01/16/data-center-seeks-preliminary-site-development-plan-for-simpson-county/; https://www.wnky.com/city-of-franklin-planning-zoning-commission-tables-data-center-vote-for-4th-time/; https://bgdailynews.com/2026/02/22/simpson-fiscal-court-answers-data-center-lawsuit/; https://www.wkyufm.org/news/2026-02-05/for-a-second-time-franklin-zoning-regulators-table-vote-on-data-center-proposal; https://www.wkyufm.org/news/2026-03-04/feet-to-the-fire-preliminary-plan-for-franklin-data-center-approved; https://www.wsmv.com/2026/01/20/massive-data-center-is-being-pushed-blink-you-miss-us-kentucky-town-locals-are-pushing-back/; https://www.lpm.org/news/2026-01-28/data-center-developer-sues-simpson-county-government-over-land-use-ordinance; https://www.wbko.com/2026/01/28/tenkey-landco-sues-simpson-county-over-data-center-ordinance/; https://www.lpm.org/news/2026-02-09/for-a-second-time-franklin-zoning-regulators-table-vote-on-data-center-proposal; https://www.lpm.org/news/2026-01-21/zoning-regulators-table-preliminary-development-plan-for-southern-kentucky-data-center; https://www.change.org/p/oppose-the-data-center-proposal-for-franklin-kentucky; https://bgdailynews.com/2025/10/22/proposed-data-center-hits-stumbling-block-in-franklin/; https://www.lpm.org/news/2026-03-05/feet-to-the-fire-preliminary-plan-for-franklin-data-center-approved; https://www.wbko.com/2026/01/20/massive-data-center-is-being-pushed-blink-you-miss-us-kentucky-town-locals-are-pushing-back/
grp_cf905c0c,Franklin residents (Jasmine Butt petition organizer),Franklin residents (Jasmine Butt petition organizer),1,KY,2026-01-28,2026-01-28,https://www.wkyufm.org/news/2026-01-21/zoning-regulators-table-preliminary-development-plan-for-franklin-data-center; https://www.wbko.com/2026/01/16/data-center-seeks-preliminary-site-development-plan-for-simpson-county/; https://www.wnky.com/city-of-franklin-planning-zoning-commission-tables-data-center-vote-for-4th-time/; https://bgdailynews.com/2026/02/22/simpson-fiscal-court-answers-data-center-lawsuit/; https://www.wkyufm.org/news/2026-02-05/for-a-second-time-franklin-zoning-regulators-table-vote-on-data-center-proposal; https://www.wkyufm.org/news/2026-03-04/feet-to-the-fire-preliminary-plan-for-franklin-data-center-approved; https://www.wsmv.com/2026/01/20/massive-data-center-is-being-pushed-blink-you-miss-us-kentucky-town-locals-are-pushing-back/; https://www.lpm.org/news/2026-01-28/data-center-developer-sues-simpson-county-government-over-land-use-ordinance; https://www.wbko.com/2026/01/28/tenkey-landco-sues-simpson-county-over-data-center-ordinance/; https://www.lpm.org/news/2026-02-09/for-a-second-time-franklin-zoning-regulators-table-vote-on-data-center-proposal; https://www.lpm.org/news/2026-01-21/zoning-regulators-table-preliminary-development-plan-for-southern-kentucky-data-center; https://www.change.org/p/oppose-the-data-center-proposal-for-franklin-kentucky; https://bgdailynews.com/2025/10/22/proposed-data-center-hits-stumbling-block-in-franklin/; https://www.lpm.org/news/2026-03-05/feet-to-the-fire-preliminary-plan-for-franklin-data-center-approved; https://www.wbko.com/2026/01/20/massive-data-center-is-being-pushed-blink-you-miss-us-kentucky-town-locals-are-pushing-back/
grp_24dd86ed,Frederick County Data Center Referendum Committee,Frederick County Data Center Referendum Committee,3,MD,2025-12-24,2026-03-06,https://www.datacenterdynamics.com/en/news/amazon-to-expand-virginia-cloud-region-into-maryland-develop-data-centers-in-tpgs-quantum-frederick-park/; https://www.wusa9.com/article/news/local/maryland/frederick-county-council-faces-pressure-data-center-regulation-bill/65-eca839b8-7a5b-4268-a12f-cb46ab2c2ba5; https://foxbaltimore.com/news/local/frederick-county-residents-push-referendum-data-center-zoning-plan-passes; https://www.fredericknewspost.com/news/politics_and_government/levels_of_government/county/amazon-sought-to-invest-billions-bring-data-centers-to-frederick-county/article_fad23fd2-1cb5-5bd1-adb2-e20176011de6.html; https://www.datacenterfrontier.com/featured/article/11428096/quantum-loophole-plans-2100-acre-data-center-campus-in-maryland; https://www.datacenterdynamics.com/en/news/aligned-looks-to-develop-three-more-data-centers-at-quantum-frederick-park-in-maryland/; https://www.wypr.org/wypr-news/2026-03-12/frederick-county-group-wants-voters-to-decide-data-center-limits; https://www.wypr.org/wypr-news/2025-12-24/frederick-county-council-passes-map-for-data-center-development; https://ccanactionfund.org/frederick-county-residents-gather-an-impressive-21029-valid-signatures-to-put-controversial-data-center-expansion-project-on-the-ballot/; https://thedailyrecord.com/2026/06/30/frederick-data-center-no-referendum/; https://www.fredericknewspost.com/news/continuing_coverage/data_centers/pippy-proposes-data-center-moratorium-bill-for-frederick-county/article_a31f3fc5-5c63-5255-9dae-2077932ea181.html; https://www.bayjournal.com/news/energy/maryland-counties-to-data-center-industry-slow-down/article_c8362372-9a29-4ef9-925a-c81840390a95.html
grp_553686fb,Fredericksburg residents (Great Oaks Lane neighborhood),Fredericksburg residents (Great Oaks Lane neighborhood),1,VA,2025-12-11,2025-12-11,https://www.fredericksburgfreepress.com/2025/12/11/second-time-not-the-charm-for-proposed-gateway-boulevard-data-center/; https://www.datacenterdynamics.com/en/news/data-center-campus-recommended-for-disapproval-by-fredericksburg-planning-commission/; https://www.potomaclocal.com/2025/12/11/fredericksburg-planning-commission-rejects-1500-gateway-data-center-7-0/
grp_a7eacc14,Friends of Chesterfield,Friends of Chesterfield,1,VA,2025-11-25,2025-11-25,https://virginiamercury.com/2025/12/25/state-regulators-clear-controversial-chesterfield-peaker-plant/; https://virginiamercury.com/2025/11/25/scc-approves-chesterfield-gas-plant-and-dominion-rate-hike-creates-new-rate-class-for-data-centers/; https://insideclimatenews.org/news/24022026/southern-environmental-law-center-challenges-dominion-gas-plant-approval/; https://www.canarymedia.com/articles/utilities/virginia-dominion-chesterfield-gas-data-center-demand; https://virginiamercury.com/briefs/scc-declines-to-reconsider-chesterfield-gas-plant-approval-advocacy-groups-appeal-air-permit/
grp_0d763df4,Friends of Nevada Wilderness,Friends of Nevada Wilderness,1,NV,2026-01-12,2026-01-12,"https://nevadacurrent.com/2026/01/12/data-centers-greenlink-and-your-electricity-bill/; https://www.basinandrangewatch2.org/transmission-projects/greenlink-west; https://thenevadaindependent.com/article/massive-4-2b-nv-energy-transmission-line-gets-federal-ok; https://www.rtoinsider.com/87009-blm-oks-nv-energy-greenlink-west-line/; https://www.silverstatechronicle.com/article/801,greenlink-north-transmission-project-updates"
grp_3b206951,Friends of Tensaw River,Friends of Tensaw River,1,AL,2025-12-02,2025-12-02,https://www.wkrg.com/baldwin-county/people-care-about-these-wetlands-baldwin-county-residents-unite-against-massive-solar-farm-project/; https://alabamareflector.com/2026/02/27/proposed-lower-alabama-solar-project-stuck-in-the-mud/; https://mynbc15.com/news/local/metas-solar-farm-plans-face-opposition-in-baldwin-county; https://www.fox10tv.com/2026/02/05/solar-farm-approved-north-baldwin-county-power-meta-data-center/; https://www.lagniappemobile.com/news/baldwin_county/meta-linked-solar-fields-planned-on-stockton-tract/article_2e3d5c6f-e6a5-4817-a0c3-2c5b281eb1c5.html; https://www.apr.org/news/2026-03-05/who-decides-where-a-baldwin-county-solar-farm-goes; https://www.wkrg.com/baldwin-county/developer-of-massive-stockton-solar-farm-lays-out-plans-for-4500-acre-property/
grp_d9ef38ff,Friends of the Columbia Gorge,Friends of the Columbia Gorge,3,OR,2023-07-01,2026-01-15,https://www.datacenterdynamics.com/en/news/cascade-locks-port-authority-cancels-plans-for-data-center-in-oregon/; https://www.bisnow.com/national/news/data-center/local-opposition-kills-100m-oregon-data-center-119928; https://gorgefriends.org/who-we-are/shutting-down-a-data-center-proposal-in-cascade-locks.html; https://www.portofcascadelocks.gov/july-20-2023-cascade-locks-port-and-roundhouse-inc-jointly-announce-decision-to-discontinue-datacenter-project; https://www.columbiariverkeeper.org/2026/coalition-urges-senators-wyden-and-merkley-to-oppose-public-land-giveaway-for-data-center-water-use/; https://www.opb.org/article/2026/01/15/as-googles-water-demands-grow-the-dalles-aims-to-pull-more-from-mount-hood-forest/; https://fortune.com/longform/google-data-center-the-dalles-oregon-water-dispute/; https://www.opb.org/article/2026/01/23/the-dalles-mayor-data-center-google/
grp_ec22261b,Friends of the Earth,Friends of the Earth,1,PA,2026-02-17,2026-02-17,https://www.wvia.org/news/local/2026-02-17/lackawanna-county-commissioner-gaughan-asks-shapiro-and-pa-legislature-for-statewide-data-center-moratorium; https://www.thetimes-tribune.com/2026/02/25/local-lawmakers-target-data-centers-back-moratoriums/; https://www.cityandstatepa.com/policy/2026/03/pa-house-committee-advances-data-center-bills/411812/; https://www.change.org/p/hold-data-centers-accountable-for-rising-energy-costs-in-pennsylvania; https://insideclimatenews.org/news/03032026/pennsylvania-data-center-resistance/; https://www.spotlightpa.org/news/2026/01/data-centers-pennsylvania-debate-legislature-environment-environment/
grp_dd42d92c,Friends of the Meherrin River,Friends of the Meherrin River,1,VA,2025-03-01,2025-03-01,https://www.sovanow.com/articles/data-center-debates/; https://www.sovanow.com/articles/data-center-expansion-request-put-on-hold-until-january/; https://cardinalnews.org/2026/03/05/some-rural-legislators-worry-that-ending-tax-incentives-for-data-centers-would-also-end-rural-virginias-opportunity-to-cash-in/
grp_27f13459,Friends of the Mississippi River,Friends of the Mississippi River,1,MN,2026-02-20,2026-02-20,https://fmr.org/updates/general-water-legislative-land-use-planning/fmr-endorses-pause-data-centers; https://www.datacenterdynamics.com/en/news/state-wide-data-center-moratorium-set-to-be-proposed-in-minnesota/; https://www.house.mn.gov/sessiondaily/Story/18838; https://www.mncenter.org/op-ed-data-center-proposals-are-moving-faster-policy-minnesota; https://www.mprnews.org/story/2026/02/20/data-center-opponents-call-for-statewide-moratorium-new-regulations; https://www.northernnewsnow.com/video/2026/03/04/minnesota-senator-introduce-data-center-moratorium/; https://www.revisor.mn.gov/bills/94/2025/0/SF/608/?body=senate; https://www.twincities.com/2026/02/18/data-center-opponents-bring-swelling-opposition-to-minnesota-capitol/; https://www.womenspress.com/minnesota-lawmakers-and-activists-call-for-moratorium-on-data-centers/; https://www.startribune.com/what-did-and-did-not-pass-in-the-2026-legislative-session/601843141
grp_858e0c84,Gaines Township residents (ad hoc),Gaines Township residents (ad hoc),1,MI,2026-03-03,2026-03-03,https://www.cnbc.com/2026/01/07/microsoft-behind-controversial-data-center-in-michigan-township.html; https://www.crainsgrandrapids.com/news/economic-development/microsoft-faces-the-public-as-it-pursues-two-grand-rapids-area-data-center-projects/; https://www.woodtv.com/news/kent-county/gaines-township-planning-commission-to-hold-hearing-on-data-center-rezoning/
grp_971f1255,GASP (Greater-Birmingham Alliance to Stop Pollution),GASP (Greater Birmingham Alliance to Stop Pollution); GASP (Greater-Birmingham Alliance to Stop Pollution),1,AL,2026-03-03,2026-03-03,https://www.birminghamal.gov/news/city-birmingham-proposes-temporary-pause-new-data-center-applications; https://birminghamwatch.org/2026/01/13/birmingham-leaders-weigh-180-day-moratorium-on-data-centers-amid-power-and-water-concerns/; https://gaspgroup.org/birmingham-residents-must-stay-engaged-on-the-proposed-data-center/; https://alabamarivers.org/bcc/; https://birminghamwatch.org/2026/03/03/birmingham-council-enacts-temporary-ban-on-large-data-centers/; https://www.birminghamtimes.com/2026/03/birmingham-city-council-imposes-temporary-freeze-on-data-centers/; https://abc3340.com/news/local/birmingham-halts-new-data-center-projects-with-six-month-moratorium-city-of-birmingham-council-public-hearing-data-centers-zoning-land-use-regulations-review-infrastructure-demands-development; https://yellowhammernews.com/permit-filed-for-multibillion-dollar-75-acre-data-center-in-birmingham/; https://www.wbrc.com/2026/03/04/birmingham-city-council-votes-pause-new-data-center-applications-six-months/; https://1819news.com/news/item/data-center-company-nebius-buys-79-acres-in-birmingham-in-90-million-deal
grp_b5cc2023,Georgia Interfaith Power & Light,Georgia Interfaith Power & Light,2,GA,2026-01-16,2026-03-01,https://coosavalleynews.com/2026/03/selc-sierra-club-sue-over-permit-for-new-fossil-fuel-units-at-plant-bowen-in-bartow-county/; https://insideclimatenews.org/news/02032026/georgia-regulators-sued-over-plant-bowen-gas-turbines/; https://www.eenews.net/articles/lawsuit-targets-air-permit-amid-georgia-data-center-build-out/; https://www.northwestgeorgianews.com/rome/news/local/new-data-center-proposal-in-bartow-would-require-as-much-power-as-324k-homes/article_05152f0c-ee11-11ef-9470-5b8da755f367.html; https://www.selc.org/press-release/groups-challenge-air-permit-for-massive-methane-gas-and-oil-expansion-at-plant-bowen/; https://www.sierraclub.org/georgia/datacenters; https://www.sierraclub.org/press-releases/2025/10/environmental-groups-urge-georgia-epd-deny-permit-new-methane-gas-units; https://capitol-beat.org/2026/01/resistance-to-data-centers-fuels-flood-of-georgia-bills-targeting-the-industry/; https://cleanenergy.org/news/lame-duck-commission-sides-with-georgia-power-and-data-centers-over-families-and-small-businesses/; https://georgiarecorder.com/2026/01/20/outrage-over-surge-of-data-centers-in-georgia-inspires-wave-of-bipartisan-bills/; https://georgiarecorder.com/2026/02/26/data-center-bill-stalls-after-last-minute-change-opposed-by-industry-finds-support/; https://trackbill.com/bill/georgia-house-bill-1012-local-government-construction-or-development-of-new-data-centers-for-a-specified-time-prohibit/2778746/; https://www.selc.org/topic/data-centers-across-the-south/; https://www.sierraclub.org/press-releases/2026/01/environmental-groups-demand-psc-reconsider-data-center-energy-plan-overreach; https://www.wabe.org/georgia-lawmakers-debating-data-center-moratorium-and-regulation-bills-in-legislature/
grp_f8596e0f,Georgians Against Data Centers,Georgians Against Data Centers,1,GA,2026-01-16,2026-01-16,https://capitol-beat.org/2026/01/resistance-to-data-centers-fuels-flood-of-georgia-bills-targeting-the-industry/; https://cleanenergy.org/news/lame-duck-commission-sides-with-georgia-power-and-data-centers-over-families-and-small-businesses/; https://georgiarecorder.com/2026/01/20/outrage-over-surge-of-data-centers-in-georgia-inspires-wave-of-bipartisan-bills/; https://georgiarecorder.com/2026/02/26/data-center-bill-stalls-after-last-minute-change-opposed-by-industry-finds-support/; https://trackbill.com/bill/georgia-house-bill-1012-local-government-construction-or-development-of-new-data-centers-for-a-specified-time-prohibit/2778746/; https://www.selc.org/topic/data-centers-across-the-south/; https://www.sierraclub.org/press-releases/2026/01/environmental-groups-demand-psc-reconsider-data-center-energy-plan-overreach; https://www.wabe.org/georgia-lawmakers-debating-data-center-moratorium-and-regulation-bills-in-legislature/
grp_e71a7a86,Georgians for Integrity,Georgians for Integrity,1,GA,2025-12-01,2025-12-01,https://georgiarecorder.com/2025/12/01/massive-burt-jones-backed-project-among-wave-of-data-centers-proposed-for-georgia/; https://thecurrentga.org/2025/12/01/massive-burt-jones-backed-project-among-wave-of-data-centers-proposed-for-georgia/
grp_5e1a2e51,GES Coalition,GES Coalition,1,CO,2026-02-23,2026-02-23,https://www.denverpost.com/2026/02/23/denver-data-center-coresite-elyria-swansea/; https://denverite.com/2026/02/25/denver-data-center-public-meeting-outrage/; https://coloradosun.com/2026/02/24/denver-data-center-moratorium-state-legislature-opposition/
grp_363b22ee,Gilmer County Citizens Against AI Data Centers,Gilmer County Citizens Against AI Data Centers,1,GA,2024-11-01,2024-11-01,https://www.gpb.org/news/2025/12/04/the-costs-of-crypto-mining-in-georgia-will-it-be-regulated-along-new-data-center; https://thecurrentga.org/2024/06/01/cryptocurrency-mining-stirs-concerns-across-rural-georgia/; https://www.change.org/p/stop-gilmer-county-from-allowing-a-crypto-mining-facility-in-our-county; https://www.nationalcoalitionagainstcryptomining.com/local-chapters/; https://www.fox5atlanta.com/news/gilmer-county-residents-clash-over-proposed-cryptocurrency-farm
grp_f9425805,Gilmer County Citizens Against Crypto Mining,Gilmer County Citizens Against Crypto Mining,1,GA,2024-11-01,2024-11-01,https://www.gpb.org/news/2025/12/04/the-costs-of-crypto-mining-in-georgia-will-it-be-regulated-along-new-data-center; https://thecurrentga.org/2024/06/01/cryptocurrency-mining-stirs-concerns-across-rural-georgia/; https://www.change.org/p/stop-gilmer-county-from-allowing-a-crypto-mining-facility-in-our-county; https://www.nationalcoalitionagainstcryptomining.com/local-chapters/; https://www.fox5atlanta.com/news/gilmer-county-residents-clash-over-proposed-cryptocurrency-farm
grp_1769f5c5,Golden Triangle Resource Council,Golden Triangle Resource Council,4,MT,2025-07-31,2026-06-18,https://dailymontanan.com/2026/02/23/eleven-data-center-developers-in-talks-with-northwestern-group-says/; https://earthjustice.org/press/2025/groups-file-complaint-to-stop-northwestern-energy-from-shifting-data-center-costs-to-residential-customers; https://montanafreepress.org/2025/11/18/groups-push-back-on-montanas-data-center-boom/; https://earthjustice.org/press/2026/groups-challenge-montana-psc-order-that-shields-data-center-plans-from-public-view; https://meic.org/data-centers/; https://nbcmontana.com/news/local/proposed-butte-data-center-stirs-debate; https://meic.org/not-so-fast-groups-warn-of-downsides-to-potential-data-centers-in-butte/; https://meic.org/; https://montanafreepress.org/2026/06/18/how-some-montanans-are-taking-data-center-regulation-into-their-own-hands/; https://mlq.ai/news/sabey-data-centers-terminates-606-acre-butte-land-deal-after-rec-silicon-exercises-right-of-first-refusal/; https://www.ktvq.com/news/local-news/proposed-ai-data-center-sparks-debate-in-rural-montana; https://montanafreepress.org/2026/02/12/as-ai-investors-eye-montana-for-new-data-centers-communities-brace-for-water-impacts/
grp_b9eb1bce,Goochland Residents Alliance,Goochland Residents Alliance,1,VA,2026-01-28,2026-01-28,https://virginiabusiness.com/developer-withdraws-hanover-data-center-campus-proposal/; https://www.wtvr.com/news/local-news/hanover-planning-commission-hhhunt-data-center-rezoning-jan-15-2026; https://www.datacenterdynamics.com/en/news/900mw-data-center-campus-plan-withdrawn-in-hanover-county-virginia/; https://www.wtvr.com/news/local-news/hhhunt-community-meeting-nov-17-2025; https://www.wtvr.com/news/local-news/route-33-data-center-plan-feb-19-2026; https://www.vpm.org/news/2025-11-18/hanover-hunting-hawk-data-center-hhhunt-wyndham-banton-mendelson-cheeley; https://www.henricocitizen.com/proposed-data-center-incites-opposition-from-hundreds-of-henrico-hanover-residents/; https://www.change.org/p/protect-virginia-communities-regulate-data-center-growth-before-it-s-too-late; https://neighbors4change.com/hhhunt-faces-strong-opposition-to-data-center-plan/; https://www.vpm.org/news/2026-01-20/hanover-hunting-hawk-data-center-hhhunt-wyndham-ashland-road-clark; https://www.wtvr.com/news/local-news/hanover-data-center-proposal-sept-8-2025; https://richmondbizsense.com/2026/02/20/hanover-planning-commission-defers-vote-on-430-acre-data-center-project/; https://www.12onyourside.com/2026/02/05/community-meeting-draws-critics-mountain-road-data-center-plan/; https://www.wtvr.com/news/local-news/hhhunt-withdraws-data-center-application-jan-28-2026; https://richmondbizsense.com/2026/01/16/hanover-planning-commission-rejects-hhhunt-data-center-project-near-wyndham/
grp_ef3c6c6d,Goochland residents coalition,Goochland residents coalition,1,VA,2025-08-01,2025-08-01,https://virginiamercury.com/briefs/goochland-nears-approval-of-rezoning-for-data-centers-power-plants/; https://virginiamercury.com/2025/11/10/goochland-approves-tech-overlay-district-after-hours-of-resident-backlash/; https://www.vpm.org/news/2025-11-10/goochland-county-data-centers-tech-district-lyle-vaughters-levet; https://www.wric.com/news/local-news/goochland-county/technology-overlay-district-advances-narrowly/; https://richmondbizsense.com/2026/02/19/following-goochlands-lead-new-kent-county-mulling-data-center-centric-tech-overlay-district/; https://www.govtech.com/products/richmond-va-area-counties-split-on-data-centers
grp_e1f92b29,Good Government Committee,Good Government Committee,1,MO,2026-05-19,2026-05-19,https://www.ksdk.com/article/news/local/st-charles-ai-data-center-ban-first-in-nation/63-2c50fbcf-fcad-4b8d-bbcb-3711f6c2d29d; https://www.kcur.org/housing-development-section/2025-08-19/st-charles-data-center-secret-public-opposition; https://www.midriversnewsmagazine.com/news/st-charles-residents-push-back-on-hyperscale-data-center-near-city-s-water-source/article_0892c124-6c4c-4ca0-a741-ee7275fbfeb0.html; https://www.firstalert4.com/2025/08/23/st-charles-places-1-year-pause-data-center-projects/; https://www.kcur.org/housing-development-section/2025-09-08/google-missouri-data-center-st-charles; https://www.kcur.org/politics-elections-and-government/2026-02-26/missouri-data-center-rules-water-electricity; https://www.stlpr.org/economy-business/2025-09-08/documents-link-secretive-st-charles-data-center-google; https://www.stlpr.org/news-briefs/2025-08-18/developer-controversial-data-center-st-charles; https://www.govtech.com/products/proposed-st-charles-mo-data-center-is-dead-for-now; https://grha.org/blogs/news/victory-for-the-confluence-data-center-withdrawn-amid-environmental-concerns; https://www.ksdk.com/article/money/economy/energy/missouri-massive-data-center-st-charles-secretive-power-water-worries-polluted-groundwater-protected-wetland/63-cdae3e73-efab-4c0c-9215-938d064188e3; https://www.stltoday.com/news/local/stcharles/article_c58f3b3e-c549-471a-9bf7-f1c9ee7c59b1.html; https://baxtel.com/data-center/project-cumulus; https://www.stltoday.com/news/local/st-charles/article_cc69ee91-9269-42c1-8a23-5a93d1c05679.html; https://www.datacenterdynamics.com/en/news/bernie-sanders-praises-residents-after-developers-shelve-planned-data-center-in-st-charles-missouri/; https://www.change.org/p/stop-the-hazardous-data-center-in-st-charles-protect-our-water-health-and-community; https://grha.org; https://www.stlmag.com/business/rural-missouri-data-center-battleground/; https://www.kcur.org/housing-development-section/2025-08-23/st-charles-data-center-year-ban; https://www.govtech.com/policy/st-charles-mo-moves-to-ban-data-centers-for-1-year; https://www.stlpr.org/government-politics-issues/2026-02-27/festus-leaders-next-step-approving-proposed-data-center; https://www.stlpr.org/government-politics-issues/2025-11-13/developer-eyes-festus-site-new-data-center-development; https://www.ksdk.com/article/news/politics/festus-residents-clash-over-data-center-proposal-at-city-council-meeting/63-c21a8c0d-169b-47ec-aa06-107395cdb6f7; https://www.kcur.org/housing-development-section/2025-11-15/data-center-developer-missouri-festus-st-charles; https://www.datacenterdynamics.com/en/news/developer-eyes-240-acre-data-center-campus-in-festus-missouri/; https://www.myleaderpaper.com/news/festus-second-data-center-lawsuit-filed/article_576699c7-2a83-48e4-a3bd-824b9ae760d1.html; https://www.ksdk.com/article/news/local/business-journal/st-charles-moves-to-permanently-ban-data-centers/63-3e1aa0a7-f1f0-4d30-b6b5-0f08648b55c5; https://fox2now.com/news/missouri/st-charles-considering-permanent-ban-on-data-centers/; https://www.stlpr.org/news-briefs/2026-02-10/st-charles-officials-table-vote-banning-large-scale-data-centers-april; https://www.firstalert4.com/2026/02/10/st-charles-planning-zoning-table-proposal-ban-data-centers/; https://www.ksdk.com/article/news/politics/st-charles-city-council-votes-7-1-to-effectively-ban-data-centers/63-7c9264ad-1dc5-4c38-853a-1f7cddf9c2ac; https://www.stlpr.org/2026-05-20/st-charles-passes-a-ban-on-data-centers; https://fox2now.com/news/missouri/st-charles-council-to-consider-ban-on-large-data-centers/
grp_70ee6484,Good Jobs First,Good Jobs First,2,VA;WI,2017-09-01,2026-02-24,https://virginiamercury.com/2026/02/24/senators-propose-phasing-out-data-center-tax-credit-house-budget-keeps-it/; https://www.vpm.org/generalassembly/2026-03-12/budget-data-center-tax-break-scott-lucas-spanberger-torian-rephann; https://www.wsls.com/news/local/2026/03/13/virginia-lawmakers-split-on-data-center-tax-incentives/; https://introl.com/blog/virginia-data-center-tax-exemption-battle-2026; https://goodjobsfirst.org/revamped-foxconn-deal-leaves-mt-pleasant-and-racine-county-fiscal-peril/; https://fortune.com/2022/08/04/foxconn-mount-pleasant-wisconsin-wisconn-valley-lcd-factory/; https://en.wikipedia.org/wiki/Wisconn_Valley_Science_and_Technology_Park
grp_c7a941eb,Good Trouble Monroe,Good Trouble Monroe,1,MI,2025-11-17,2025-11-17,https://www.datacenterdynamics.com/en/news/cloverleaf-targets-200-acre-data-center-development-in-michigan/; https://www.fox2detroit.com/news/frenchtown-township-community-voices-concerns-over-proposed-ai-data-center
grp_136d26a9,Gordon County Board of Commissioners (preemptive),Gordon County Board of Commissioners (preemptive),1,GA,2026-02-04,2026-02-04,https://www.northwestgeorgianews.com/calhoun_times/news/local/gordon-county-enacts-preemptive-data-center-moratorium/article_aee14801-6dd3-4b94-a453-2a3e684a8318.html; https://www.northwestgeorgianews.com/calhoun_times/news/local/gordon-county-extends-stop-on-data-centers-as-zoning-language-is-updated/article_e989102c-da68-4047-8989-78fc5ad79e1c.html; https://www.gpb.org/news/2025/10/22/wave-of-data-center-ordinances-sweep-through-ga-counties-how-strict-are-they
grp_89d00ae5,Great Lakes Neighbors United,Great Lakes Neighbors United,10,WI,2025-08-01,2026-06-12,https://www.tmj4.com/news/ozaukee-county/port-washington-neighbors-host-town-hall-rally-against-15-billion-data-center-project; https://www.gmtoday.com/news_graphic/news/glnu-challenges-port-washington-data-center/article_f0120984-fde9-40f7-99f4-da5c0d009ec9.html; https://www.wpr.org/news/port-washington-council-approves-tid; https://www.gmtoday.com/news_graphic/news/great-lakes-neighbors-data-center/article_8dbeec3c-067d-53e0-ae25-5ebb2700a6dc.html; https://www.wpr.org/news/community-challenges-port-washingtons-data-center-tid-court; https://spectrumnews1.com/wi/milwaukee/in-focus/2026/01/30/port-washington--data-center--great-lakes-neighbors-united; https://www.datacenterdynamics.com/en/news/three-arrested-at-data-center-hearing-in-port-washington-wisconsin/; https://www.protectfredonia.com/why-1; https://www.change.org/p/stop-the-port-washington-wi-data-center; https://www.datacenterdynamics.com/en/news/openai-oracle-and-vantage-plan-stargate-wisconsin-data-center-expected-to-be-close-to-a-gigawatt/; https://www.constructiondive.com/news/openai-oracle-stargate-data-center-site-wisconsin/804031/; https://www.wpr.org/news/port-washington-data-center-campus-openai-oracle-stargate-chatgpt; https://wtmj.com/news/2026/02/17/attempt-to-recall-port-washington-mayor-by-anti-data-center-group-fails-according-to-city/; https://urbanmilwaukee.com/2026/02/14/community-group-files-suit-against-port-washingtons-data-center/; https://www.wpr.org/news/data-center-opponents-launch-recall-of-port-washington-mayor; https://www.gmtoday.com/news_graphic/news/port-washington-tid-lawsuit/article_4642152b-7077-44cc-99ff-7a79d1f83c53.html; https://www.ozaukeepress.com/content/data-center-tif-challenge-paused-rewrite; https://biztimes.com/mmac-sues-city-of-port-washington-over-referendum-related-to-tid-financing/; https://www.mmac.org/news/mmac-regional-stakeholders-file-suit-against-port-washington/; https://www.gmtoday.com/daily_news/news/court-denies-business-groups-request-to-block-tid-ordinance/article_a4e62231-1cbc-543f-84fa-b347c6ec4fb0.html; https://citizenportal.ai/articles/6450447/port-washington-plan-panel-approves-tid-for-vantage-data-center-after-hours-of-public-comment; https://www.cbs58.com/news/port-washington-planning-commission-approves-tax-district-for-incoming-data-center; https://spectrumnews1.com/wi/milwaukee/news/2025/10/20/port-washington-city-council-meetings; https://underthehardhat.org/port-washington-data-center/; https://www.tmj4.com/news/ozaukee-county/neighbors-split-as-port-washington-officially-approves-tid-for-data-center-campus-infrastructure; https://www.thecentersquare.com/wisconsin/article_10bed70d-6f44-4941-95d7-814e1aa68b9e.html; https://www.fox6now.com/news/port-washington-data-center-meeting-arrests; https://spectrumnews1.com/wi/milwaukee/news/2025/12/07/port-washington-data-center-peaceful-protest-arrest; https://www.commondreams.org/news/ai-data-center-protest; https://www.tmj4.com/news/ozaukee-county/port-washington-council-meeting-erupts-over-controversial-data-center-approval; https://www.fox6now.com/news/port-washington-data-center-dispute-sparks-recall-effort-against-mayor; https://spectrumnews1.com/wi/milwaukee/news/2026/02/17/port--washington--data--center--petition; https://www.ozaukeepress.com/content/data-center-driven-recall-effort-falls-short; https://wnanews.com/2026/02/23/group-alleges-port-washington-city-officials-violated-open-meetings-law/; https://www.fox6now.com/news/port-washington-data-center-lawsuit-alleges-open-meetings-violations; https://www.gmtoday.com/news_graphic/news/port-washington-open-meetings-lawsuit/article_09c74de4-e280-4fd2-baf6-b526803f78ac.html; https://hoodline.com/2026/02/port-washington-neighbors-cry-foul-over-secret-data-center-deal/; https://urbanmilwaukee.com/pressrelease/mmac-stakeholders-file-suit-over-ballot-measure-in-port-washington/; https://www.ozaukeepress.com/content/motion-block-tif-referendum-gets-day-court; https://www.wpr.org/news/port-washington-limits-construction-hours-data-center-project-after-complaints; https://urbanmilwaukee.com/2026/03/15/neighbors-push-back-on-24-hour-data-center-work-in-port-washington/; https://www.tmj4.com/news/ozaukee-county/24-hour-construction-at-the-port-washington-data-center-is-set-to-end-in-april-neighbors-say-the-new-city-rules-dont-go-far-enough; https://www.gmtoday.com/news_graphic/business/data-center-outdoor-work-restrictions/article_e58113ba-5e1c-4175-b947-39f33863cc35.html; https://www.ozaukeepress.com/content/residents-blast-data-center-work-compromise; https://news.ballotpedia.org/2026/02/19/voters-in-two-wisconsin-cities-to-decide-on-ballot-measures-related-to-data-center-development/; https://www.wpr.org/news/port-washington-referendum-concerns-data-center-project; https://thehill.com/policy/technology/5822566-port-washington-data-center-vote/; https://writing.strisker.com/data-centers-daily-notes-april-23-2026/; https://www.jsonline.com/story/communities/north/2026/04/23/dnr-reviews-data-center-backup-diesel-generators-advocates-push-back/89658654007/; https://wisconsinexaminer.com/2026/04/14/residents-plead-with-dnr-to-deny-port-washington-data-center-air-pollution-permit/; https://www.wpr.org/news/port-washington-residents-urge-dnr-to-deny-air-quality-permits-for-data-center; https://urbanmilwaukee.com/2026/04/15/port-washington-residents-urge-dnr-deny-air-quality-permits-for-data-center/; https://racinecountyeye.com/2026/04/14/data-center-dnr-air-pollution/; https://dnr.wisconsin.gov/topic/EIA/Portwashington.html; https://www.gmtoday.com/news_graphic/news/lighthouse-data-center-environmental-impact/article_a7ac3565-8fcb-4760-9955-455eb1bdf551.html
grp_a0f5f40a,Great Rivers Habitat Alliance,Great Rivers Habitat Alliance,2,AL;MO,2026-05-19,2026-07-13,https://insideclimatenews.org/news/25092025/naacp-opposes-massive-alabama-data-center/; https://alabamareflector.com/2025/10/12/bessemer-changes-its-laws-to-accommodate-data-centers-despite-stiff-opposition/; https://naacp.org/articles/naacp-issues-letter-opposing-project-marvel-data-center-alabama-growing-concerns; https://wordinblack.com/2025/09/alabama-data-center-is-hush-hush/; https://www.wbrc.com/2025/11/19/bessemer-city-council-approves-149-billion-data-center-project-despite-transparency-concerns/; https://www.africanelements.org/news/data-centers-environmental-racism-and-the-fight-for-community-power-in-bessemer-alabama/; https://alabamarivers.org/project-marvel/; https://abc3340.com/news/abc-3340-news-iteam/bessemer-rezoning-fight-continues-over-proposed-data-center-court-hearing-complaint-motion-to-dismiss-response-legal-ruling-complaint-amendment-dispute-follow-up; https://www.datacenterdynamics.com/en/news/700-acre-data-center-in-bessemer-alabama-approved-despite-opposition/; https://www.wbrc.com/2026/07/13/environmental-groups-question-nda-tied-proposed-project-marvel-data-center-bessemer/; https://www.wbhm.org/local-news/2026-07-14/document-shows-bessemer-data-center-non-disclosure-agreement-required-officials-to-destroy-records; https://insideclimatenews.org/news/13072026/alabama-data-center-non-disclosure-agreement/; https://www.wbrc.com/2026/07/15/tuberville-reaffirms-data-center-support-says-opposition-driven-by-china/; https://tuscaloosathread.com/alabama-data-center-election-debate/; https://www.ksdk.com/article/news/local/st-charles-ai-data-center-ban-first-in-nation/63-2c50fbcf-fcad-4b8d-bbcb-3711f6c2d29d; https://www.kcur.org/housing-development-section/2025-08-19/st-charles-data-center-secret-public-opposition; https://www.midriversnewsmagazine.com/news/st-charles-residents-push-back-on-hyperscale-data-center-near-city-s-water-source/article_0892c124-6c4c-4ca0-a741-ee7275fbfeb0.html; https://www.firstalert4.com/2025/08/23/st-charles-places-1-year-pause-data-center-projects/; https://www.kcur.org/housing-development-section/2025-09-08/google-missouri-data-center-st-charles; https://www.kcur.org/politics-elections-and-government/2026-02-26/missouri-data-center-rules-water-electricity; https://www.stlpr.org/economy-business/2025-09-08/documents-link-secretive-st-charles-data-center-google; https://www.stlpr.org/news-briefs/2025-08-18/developer-controversial-data-center-st-charles; https://www.govtech.com/products/proposed-st-charles-mo-data-center-is-dead-for-now; https://grha.org/blogs/news/victory-for-the-confluence-data-center-withdrawn-amid-environmental-concerns; https://www.ksdk.com/article/money/economy/energy/missouri-massive-data-center-st-charles-secretive-power-water-worries-polluted-groundwater-protected-wetland/63-cdae3e73-efab-4c0c-9215-938d064188e3; https://www.stltoday.com/news/local/stcharles/article_c58f3b3e-c549-471a-9bf7-f1c9ee7c59b1.html; https://baxtel.com/data-center/project-cumulus; https://www.stltoday.com/news/local/st-charles/article_cc69ee91-9269-42c1-8a23-5a93d1c05679.html; https://www.datacenterdynamics.com/en/news/bernie-sanders-praises-residents-after-developers-shelve-planned-data-center-in-st-charles-missouri/; https://www.change.org/p/stop-the-hazardous-data-center-in-st-charles-protect-our-water-health-and-community; https://grha.org; https://www.stlmag.com/business/rural-missouri-data-center-battleground/; https://www.kcur.org/housing-development-section/2025-08-23/st-charles-data-center-year-ban; https://www.govtech.com/policy/st-charles-mo-moves-to-ban-data-centers-for-1-year; https://www.stlpr.org/government-politics-issues/2026-02-27/festus-leaders-next-step-approving-proposed-data-center; https://www.stlpr.org/government-politics-issues/2025-11-13/developer-eyes-festus-site-new-data-center-development; https://www.ksdk.com/article/news/politics/festus-residents-clash-over-data-center-proposal-at-city-council-meeting/63-c21a8c0d-169b-47ec-aa06-107395cdb6f7; https://www.kcur.org/housing-development-section/2025-11-15/data-center-developer-missouri-festus-st-charles; https://www.datacenterdynamics.com/en/news/developer-eyes-240-acre-data-center-campus-in-festus-missouri/; https://www.myleaderpaper.com/news/festus-second-data-center-lawsuit-filed/article_576699c7-2a83-48e4-a3bd-824b9ae760d1.html; https://www.ksdk.com/article/news/local/business-journal/st-charles-moves-to-permanently-ban-data-centers/63-3e1aa0a7-f1f0-4d30-b6b5-0f08648b55c5; https://fox2now.com/news/missouri/st-charles-considering-permanent-ban-on-data-centers/; https://www.stlpr.org/news-briefs/2026-02-10/st-charles-officials-table-vote-banning-large-scale-data-centers-april; https://www.firstalert4.com/2026/02/10/st-charles-planning-zoning-table-proposal-ban-data-centers/; https://www.ksdk.com/article/news/politics/st-charles-city-council-votes-7-1-to-effectively-ban-data-centers/63-7c9264ad-1dc5-4c38-853a-1f7cddf9c2ac; https://www.stlpr.org/2026-05-20/st-charles-passes-a-ban-on-data-centers; https://fox2now.com/news/missouri/st-charles-council-to-consider-ban-on-large-data-centers/
grp_ab064936,Greater Troy Neighborhood Association,Greater Troy Neighborhood Association,1,IN,2025-09-22,2025-09-22,https://mirrorindy.org/google-behind-proposed-indianapolis-data-center-franklin-township/; https://mirrorindy.org/google-withdraws-southside-data-center-proposal-franklin-township/; https://www.axios.com/local/indianapolis/2025/09/23/google-data-center-project-opposition-withdrawal; https://www.change.org/p/halt-the-proposed-data-center-land-development-in-franklin-township; https://www.wfyi.org/news/articles/indianapolis-council-google-data-center-vote-withdrawl; https://www.wthr.com/article/news/local/indianapolis-franklin-township-google-data-center-plan-pulled-after-city-county-council-discussion/531-b8223650-5721-4108-a927-9ac38d894b3e; https://www.datacenterdynamics.com/en/news/sabey-targets-indianapolis-for-250mw-data-center-campus/; https://www.inkfreenews.com/2025/11/21/4b-data-center-planned-for-indianapolis/; https://www.ibj.com/articles/seattle-firm-plans-4b-data-center-project-in-indianapolis; https://fox59.com/news/washington-based-sabey-aims-to-build-900000-square-foot-data-center-campus-in-decatur-township/; https://www.datacenterdynamics.com/en/news/google-withdraws-rezoning-proposal-for-468-acre-data-center-project-in-franklin-township-indianapolis/
grp_7309f078,Greenfire Coalition,Greenfire Coalition,1,PA,2025-09-01,2025-09-01,https://www.change.org/p/stop-the-data-center-in-packer-township-and-banks-township; https://www.datacenterdynamics.com/en/news/plans-for-a-data-center-at-former-pennsylvania-power-station-delayed-by-officials/; https://www.tnonline.com/20251014/save-carbon-warns-about-data-centers/; https://insideclimatenews.org/news/03032026/pennsylvania-data-center-resistance/; https://www.tnonline.com/20251001/data-center-developer-presents-plan-in-tresckow/
grp_f105c2d2,GreenLatinos,GreenLatinos,1,CO,2026-02-12,2026-02-12,https://www.cpr.org/2026/02/12/data-centers-renewable-energy-bill/; https://www.denverpost.com/2026/03/01/colorado-data-center-legislation-regulations-incentives/; https://earthjustice.org/press/2026/legislation-introduced-to-ensure-common-sense-guardrails-on-data-centers-in-colorado; https://leg.colorado.gov/bills/SB26-102; https://gazette.com/2026/05/12/colorado-lawmakers-kill-both-major-data-center-bills/
grp_429ba05f,GreenLatinos Illinois,GreenLatinos Illinois,1,IL,2026-02-19,2026-02-19,https://www.chicagotribune.com/2026/02/19/aurora-considers-new-data-center-regulations-around-noise-water-and-power/; https://abc7chicago.com/post/what-is-data-center-expect-more-centers-illinois-like-cyrusone-aurora-il-amid-noise-electric-bill-complaints/18610141/; https://www.cyrusone.com/resources/press-releases/cyrusone-breaks-ground-on-new-data-center-in-aurora; https://patch.com/illinois/aurora/ground-breaks-350m-data-center-aurora; https://www.chicagotribune.com/2026/02/09/aurora-to-host-open-house-on-data-centers-amid-moratorium/; https://www.change.org/p/stop-data-centers-in-aurora-il; https://www.nprillinois.org/2026-03-26/aurora-passes-some-of-the-strongest-data-center-regulations-in-illinois
grp_bc832f99,Greenpeace,Greenpeace,1,PA,2026-02-17,2026-02-17,https://www.wvia.org/news/local/2026-02-17/lackawanna-county-commissioner-gaughan-asks-shapiro-and-pa-legislature-for-statewide-data-center-moratorium; https://www.thetimes-tribune.com/2026/02/25/local-lawmakers-target-data-centers-back-moratoriums/; https://www.cityandstatepa.com/policy/2026/03/pa-house-committee-advances-data-center-bills/411812/; https://www.change.org/p/hold-data-centers-accountable-for-rising-energy-costs-in-pennsylvania; https://insideclimatenews.org/news/03032026/pennsylvania-data-center-resistance/; https://www.spotlightpa.org/news/2026/01/data-centers-pennsylvania-debate-legislature-environment-environment/
grp_14bef2ae,Griffin family plaintiffs,Griffin family plaintiffs,1,TX,2025-09-26,2025-09-26,https://datacenterwatch.substack.com/p/briefing-10032025; https://www.datacenterdynamics.com/en/news/blueprint-projects-gets-greenlight-for-data-center-in-taylor-texas/; https://taylortx.gov/1293/Blueprint-Projects-Data-Center; https://www.kut.org/energy-environment/2025-09-26/taylor-texas-blueprint-data-centers-lawsuit; https://www.kut.org/energy-environment/2025-10-08/judge-dismissed-lawsuit-taylor-data-center-blueprint-texas; https://www.kvue.com/article/news/local/taylor-residents-data-center-concerns/269-5a505a20-d721-4c49-85a4-4f78c27bfc7c
grp_b95bfe1d,Groton Conservation Advocates,Groton Conservation Advocates,1,CT,2022-06-15,2022-06-15,https://ctexaminer.com/2022/06/15/groton-approves-one-year-moratorium-on-data-centers/; https://www.datacenterdynamics.com/en/news/groton-connecticut-announces-year-long-moratorium-on-large-data-centers/; https://www.greatergroton.com/data-centers-in-groton
grp_47189e65,Groton Open Space Association,Groton Open Space Association,1,CT,2022-06-15,2022-06-15,https://ctexaminer.com/2022/06/15/groton-approves-one-year-moratorium-on-data-centers/; https://www.datacenterdynamics.com/en/news/groton-connecticut-announces-year-long-moratorium-on-large-data-centers/; https://www.greatergroton.com/data-centers-in-groton
grp_5c20535d,Gunpowder Riverkeeper,Gunpowder Riverkeeper,1,MD,2026-03-23,2026-03-23,https://www.cbsnews.com/baltimore/news/baltimore-city-data-center-bill-energy-moratorium/; https://www.baltimoresun.com/2026/03/23/data-center-moratorium/; https://baltimorebrew.com/2026/03/24/trying-to-get-in-front-of-an-issue-thats-dogged-him-cohen-calls-for-a-one-year-ban-on-data-centers/
grp_b7abdd86,HALT Taylor Data Centers,HALT Taylor Data Centers,1,TX,2026-07-09,2026-07-09,https://www.kxan.com/news/local/taylor/taylor-residents-outraged-after-city-rejects-data-center-petition/; https://www.kut.org/energy-environment/2026-07-09/taylor-city-council-ban-data-centers; https://www.kxan.com/news/local/taylor/after-petition-rejection-taylor-says-data-center-concerns-will-be-addressed-through-comprehensive-plan-update/
grp_84ea092e,Halt Taylor Data Centers Coalition,Halt Taylor Data Centers Coalition,1,TX,2025-09-26,2025-09-26,https://datacenterwatch.substack.com/p/briefing-10032025; https://www.datacenterdynamics.com/en/news/blueprint-projects-gets-greenlight-for-data-center-in-taylor-texas/; https://taylortx.gov/1293/Blueprint-Projects-Data-Center; https://www.kut.org/energy-environment/2025-09-26/taylor-texas-blueprint-data-centers-lawsuit; https://www.kut.org/energy-environment/2025-10-08/judge-dismissed-lawsuit-taylor-data-center-blueprint-texas; https://www.kvue.com/article/news/local/taylor-residents-data-center-concerns/269-5a505a20-d721-4c49-85a4-4f78c27bfc7c
grp_5bf86c17,Halt the BPP Project in Taylor,Halt the BPP Project in Taylor,1,TX,2025-09-26,2025-09-26,https://datacenterwatch.substack.com/p/briefing-10032025; https://www.datacenterdynamics.com/en/news/blueprint-projects-gets-greenlight-for-data-center-in-taylor-texas/; https://taylortx.gov/1293/Blueprint-Projects-Data-Center; https://www.kut.org/energy-environment/2025-09-26/taylor-texas-blueprint-data-centers-lawsuit; https://www.kut.org/energy-environment/2025-10-08/judge-dismissed-lawsuit-taylor-data-center-blueprint-texas; https://www.kvue.com/article/news/local/taylor-residents-data-center-concerns/269-5a505a20-d721-4c49-85a4-4f78c27bfc7c
grp_ff3b99b6,Haynes Station Concerned Residents Committee,Haynes Station Concerned Residents Committee,1,GA,2026-02-11,2026-02-11,https://www.wrdw.com/2026/02/03/augusta-leaders-hear-about-data-center-that-came-shock-neighbors/; https://www.wrdw.com/2026/02/11/augusta-data-center-meeting-draws-concerned-neighbors/; https://www.wrdw.com/2025/12/26/flying-under-radar-new-data-center-will-twice-big-augusta-mall/; https://www.wjbf.com/news/augusta-to-look-at-new-zoning-rules-for-data-centers-after-resident-complaints/; https://www.wfxg.com/community/richmond-county-residents-speak-out-against-data-center-project-in-haynes-station/article_f1dbc655-21fd-49fe-8d23-f40cc732a736.html; https://wgac.com/2025/12/30/augusta-data-center-plans-expand-to-2-15-million-square-feet/; https://theaugustapress.com/neighbors-question-qts-plan-for-augustas-first-data-center/; https://qtsdatacenters.com/data-centers/augusta/; https://kicks99.com/2025/12/30/augusta-data-center-plans-expand-to-2-15-million-square-feet/; https://www.datacenterdynamics.com/en/news/plans-filed-to-expand-former-t5-campus-site-in-augusta-georgia/; https://finance.yahoo.com/news/data-center-proposed-off-gordon-075916168.html; https://baxtel.com/data-center/project-eisenhower
grp_d84fb82f,Helena Interfaith Climate Advocates,Helena Interfaith Climate Advocates,3,MT,2025-11-18,2026-06-18,https://dailymontanan.com/2026/02/23/eleven-data-center-developers-in-talks-with-northwestern-group-says/; https://earthjustice.org/press/2025/groups-file-complaint-to-stop-northwestern-energy-from-shifting-data-center-costs-to-residential-customers; https://montanafreepress.org/2025/11/18/groups-push-back-on-montanas-data-center-boom/; https://earthjustice.org/press/2026/groups-challenge-montana-psc-order-that-shields-data-center-plans-from-public-view; https://meic.org/data-centers/; https://nbcmontana.com/news/local/proposed-butte-data-center-stirs-debate; https://meic.org/not-so-fast-groups-warn-of-downsides-to-potential-data-centers-in-butte/; https://meic.org/; https://montanafreepress.org/2026/06/18/how-some-montanans-are-taking-data-center-regulation-into-their-own-hands/; https://mlq.ai/news/sabey-data-centers-terminates-606-acre-butte-land-deal-after-rec-silicon-exercises-right-of-first-refusal/
grp_11c2357f,High Falls Towaliga Watershed Alliance,High Falls Towaliga Watershed Alliance,1,GA,2026-02-03,2026-02-03,https://www.gpb.org/news/2026/02/03/the-promise-of-quintupled-tax-revenue-the-city-of-forsyth-approves-data-center; https://www.ajc.com/politics/2026/01/how-data-centers-are-rattling-a-georgia-senate-special-election/; https://www.13wmaz.com/article/news/local/forsyth-monroe/forsyth-pz-tables-key-vote-on-1600-acre-data-center-proposed/93-d2adb2f1-5fbd-47ec-95af-d4b1f4c26044; https://georgiarecorder.com/2026/01/06/data-center-gold-rush-pits-local-officials-hunt-for-new-revenue-against-residents-concerns/
grp_39a7ddb3,Hill Country Preservation Coalition,Hill Country Preservation Coalition,1,TX,2026-01-01,2026-01-01,https://www.ksat.com/news/local/2026/02/20/proposed-high-voltage-power-line-sparks-pushback-across-texas-hill-country/; https://www.texastribune.org/2026/03/12/west-texas-electricty-plan/; https://www.tpr.org/news/2025-11-12/hill-country-counties-lining-up-against-massive-power-line-project
grp_d5cac778,Hill County Concerned Citizens,Hill County Concerned Citizens,1,TX,2026-02-12,2026-02-12,https://www.datacenterdynamics.com/en/news/600mw-natural-gas-powered-data-center-campus-proposed-in-hubbard-texas/; https://hillsbororeporter.com/nexus-lays-out-hubbard-data-center-plan-p31318-54.htm; https://wacobridge.org/2026/01/14/town-hall-questions-on-lake-whitney-data-center-echo-mclennan-county-debate/
grp_102f0443,Honest Future for Lowell,Honest Future for Lowell,2,MA,2026-03-11,2026-07-29,https://www.wbur.org/news/2026/04/06/data-centers-ai-massachusetts-pollution-pushback; https://www.nbcboston.com/boston-business-journal/lowell-imposes-moratorium-on-data-centers-targeting-states-largest-facility/3913800/; https://www.boston.com/news/local-news/2026/05/07/lowell-residents-file-massachusetts-first-lawsuit-against-a-data-center/; https://commonwealthbeacon.org/environment/lowell-residents-sue-data-center-state-over-air-quality-permit/; https://law.yale.edu/yls-today/news/clinic-lawsuit-challenges-data-center-expansion-lowell-massachusetts; https://www.wbur.org/news/2026/07/29/lowell-data-center-massachusetts-markley-group-environmental-justice; https://www.wgbh.org/news/local/2026-07-29/in-one-mass-city-the-fight-over-a-data-center-has-hit-a-crisis-point
grp_cceac24a,Honor the Earth,Honor the Earth,9,MT;NY;OK,2025-02-01,2026-06-18,https://dailymontanan.com/2026/02/23/eleven-data-center-developers-in-talks-with-northwestern-group-says/; https://earthjustice.org/press/2025/groups-file-complaint-to-stop-northwestern-energy-from-shifting-data-center-costs-to-residential-customers; https://montanafreepress.org/2025/11/18/groups-push-back-on-montanas-data-center-boom/; https://earthjustice.org/press/2026/groups-challenge-montana-psc-order-that-shields-data-center-plans-from-public-view; https://meic.org/data-centers/; https://nbcmontana.com/news/local/proposed-butte-data-center-stirs-debate; https://meic.org/not-so-fast-groups-warn-of-downsides-to-potential-data-centers-in-butte/; https://meic.org/; https://montanafreepress.org/2026/06/18/how-some-montanans-are-taking-data-center-regulation-into-their-own-hands/; https://mlq.ai/news/sabey-data-centers-terminates-606-acre-butte-land-deal-after-rec-silicon-exercises-right-of-first-refusal/; https://www.wxxinews.org/local-news/2025-02-06/big-data-centers-eying-genesee-county-tech-park-face-widespread-opposition; https://www.wkbw.com/genesee-county/genesee-county-residents-voice-concerns-over-planned-multi-billion-dollar-data-center; https://orleanshub.com/allies-of-tonawanda-seneca-nation-strongly-oppose-monstrous-data-center-proposed-for-stamp/; https://videonewsservice.net/index.php/2025/10/21/genesee-county-tonawanda-seneca-nation-and-sierra-club-declare-victory-in-litigation-against-massive-data-center-seek-dismissal-of-suit-following-rescission-of-approvals/; https://www.wxxinews.org/local-news/2025-09-18/genesee-county-stamp-site-data-center-on-hold-as-expansion-gets-pursued; https://videonewsservice.net/index.php/2025/11/06/genesee-county-residents-of-the-glow-region-plan-rally-and-press-conference-to-celebrate-recent-victory-against-the-stamp-data-center/; https://www.investigativepost.org/2026/02/04/data-center-subsidies-of-6-4-million-per-job/; https://www.investigativepost.org/2026/01/30/genesee-ida-has-conflict-of-interest-in-stamp-data-center/; https://www.okenergytoday.com/2026/01/senator-says-data-center-moratorium-would-give-assurances-to-ratepayers/; https://www.datacenterdynamics.com/en/news/oklahoma-senator-proposes-three-year-data-center-moratorium-in-the-state/; https://www.multistate.us/insider/2026/3/13/local-data-center-regulations-gain-ground-as-state-bills-falter; https://goodjobsfirst.org/data-center-moratorium-bills-are-spreading-in-2026/; https://kfor.com/news/local/time-is-ticking-on-effort-to-halt-data-centers-in-ok-for-three-years/; https://oklahomawatch.org/2026/02/20/republicans-push-back-on-data-centers-in-oklahoma-other-states/; https://oksenate.gov/press-releases/senator-sacchieri-files-legislation-address-unknown-impacts-data-centers-oklahoma; https://www.govtech.com/products/oklahoma-bill-would-put-3-year-pause-on-data-centers; https://www.okenergytoday.com/2026/02/another-data-center-bill-wins-house-committee-approval/; https://www.okhouse.gov/posts/news-20260108_2; https://www.okhouse.gov/posts/news-20260217_6; https://time.com/7377579/ai-data-centers-people-movement-cover/; https://www.mvskokemedia.com/mvskoke-tech-park-bill-fails-in-4-11-vote/; https://www.mvskokemedia.com/mvskoke-tech-park-plan-crashes/; https://www.publicradiotulsa.org/local-regional/2025-10-07/indigenous-environmental-advocates-say-data-centers-risk-water-culture-and-informed-consent; https://krmg.com/2025/11/26/sand-springs-could-be-home-to-new-800-acre-data-center-called-project-spring/; https://www.okenergytoday.com/2026/04/data-center-project-leads-to-recall-effort-in-sand-springs/; https://www.nbcnews.com/news/us-news/oklahoma-city-council-members-welcomed-google-data-center-now-face-rec-rcna264726; https://krmg.com/2026/03/31/sand-springs-data-center-project-spring-could-generate-100-million-over-25-years/; https://www.datacenterdynamics.com/en/news/sand-springs-oklahoma-to-consider-project-spring-data-center-proposal/; https://www.projectspringok.com; https://tulsaflyer.org/2026/03/24/government/post/lawsuit-challenges-sand-springs-data-center-land-deal/; https://krmg.com/2026/03/26/lawsuit-filed-over-proposed-google-data-center-site-near-sand-springs/; https://www.newson6.com/tulsa-oklahoma-news/arrest-made-during-heated-claremore-meeting-over-proposed-data-center; https://bealeinfra.com/claremore-oklahoma/; https://www.datacenterdynamics.com/en/news/beale-infrastructure-in-talks-to-build-data-center-campus-outside-tulsa-oklahoma/; https://claremore.com/project-mustang-faq/; https://tulsaworld.com/news/local/business/article_05f3d63d-3145-4161-8490-f94ca225b1f5.html; https://www.newson6.com/tulsa-oklahoma-news/claremore-residents-to-question-proposed-data-center-at-public-meeting; https://ktul.com/news/local/claremore-residents-speak-out-against-project-mustang-data-center; https://www.newson6.com/tulsa-oklahoma-news/claremore-project-mustang-data-center-approved; https://www.datacenterdynamics.com/en/news/planned-project-atlas-data-center-campus-in-coweta-oklahoma-fails-to-secure-backing-from-planners/; https://tulsaflyer.org/2026/01/20/government/post/coweta-planning-commission-says-no-to-data-center-proposal/; https://www.okenergytoday.com/2026/02/data-center-project-to-be-subject-of-another-coweta-city-council-meeting/; https://www.newson6.com/tulsa-oklahoma-news/cowetas-planning-commission-votes-4-1-to-deny-rezoning-request-for-proposed-data-center; https://www.okenergytoday.com/2026/03/backer-of-oklahoma-data-centers-faces-financial-challenges/; https://tulsaflyer.org/2026/03/30/news/post/developer-pulls-out-of-project-atlas-data-center/; https://www.newson6.com/tulsa-oklahoma-news/coweta-data-center-project-atlas-proposal-canceled-by-beale-infrastructure; https://krmg.com/2026/03/31/beale-infrastructure-pulls-application-for-project-atlas-in-coweta/
grp_7a636067,Hoosier Action,Hoosier Action,3,IN,2026-01-27,2026-02-24,https://www.insideindianabusiness.com/articles/another-potential-data-center-entering-lake-county; https://www.chicagotribune.com/2025/12/19/lake-county-plan-commission-mulls-data-center-proposal-near-lowell/; https://indianapublicradio.org/news/2026/03/at-a-pivotal-moment-for-data-centers-indiana-lawmakers-take-little-action/; https://www.ipm.org/news/2026-02-04/house-bill-could-provide-benefit-to-communities-that-host-data-centers; https://indianaeconomicdigest.net/Content/Default/Top-Story/Article/Indiana-House-Bill-1333-would-give-local-governments-slice-of-data-centers-tax-break/-3/5309/120948; https://www.wfyi.org/news/articles/data-center-legislation-indiana-general-assembly-2026; https://www.indianasenaterepublicans.com/statement-from-state-sen-eric-koch-on-house-bill-1333; https://www.wboi.org/2026-03-02/at-a-pivotal-moment-for-data-centers-indiana-lawmakers-take-little-action; https://www.govtech.com/products/residents-push-indiana-community-toward-halt-on-data-centers; https://mirrorindy.org/data-center-legislation-indiana-general-assembly-2026/; https://www.wfyi.org/news/articles/indiana-data-center-protest-lebanon-meta; https://www.wbiw.com/2026/02/18/the-peoples-hearing-hoosiers-gather-to-confront-data-center-expansion-and-utility-hikes/; https://www.wthr.com/article/news/local/you-have-to-be-accountable-to-us-people-lead-data-center-hearing-after-state-legislature-fails-to-hoosier-action/531-732599ee-ea7b-4d20-8ace-de0785425182
grp_72a8e116,Hoosier Environmental Council,Hoosier Environmental Council,1,IN,2026-01-27,2026-01-27,https://indianapublicradio.org/news/2026/03/at-a-pivotal-moment-for-data-centers-indiana-lawmakers-take-little-action/; https://www.ipm.org/news/2026-02-04/house-bill-could-provide-benefit-to-communities-that-host-data-centers; https://indianaeconomicdigest.net/Content/Default/Top-Story/Article/Indiana-House-Bill-1333-would-give-local-governments-slice-of-data-centers-tax-break/-3/5309/120948; https://www.wfyi.org/news/articles/data-center-legislation-indiana-general-assembly-2026; https://www.indianasenaterepublicans.com/statement-from-state-sen-eric-koch-on-house-bill-1333
grp_52d89e57,Hubbard Residents Against Data Centers,Hubbard Residents Against Data Centers,1,OH,2026-02-15,2026-02-15,https://www.tribtoday.com/news/local-news/2026/02/hubbard-township-oks-moratorium-on-data-centers/; https://www.vindy.com/news/local-news/2026/02/hubbard-township-places-moratorium-on-data-centers/; https://www.wkbn.com/news/local-news/lordstown-news/developer-proposes-building-data-center-in-lordstown-area/; https://www.wfmj.com/story/53141480/hubbard-residents-petition-against-potential-data-center-project-at-deer-creek; https://businessjournaldaily.com/company-proposes-3-6b-data-center-in-lordstown/
grp_bc1d5f3d,Hyndman Homesites Homeowners Association,Hyndman Homesites Homeowners Association,1,WY,2026-01-06,2026-01-06,https://insideclimatenews.org/news/14012026/wyoming-county-approves-ai-data-center/; https://cowboystatedaily.com/2026/01/08/huge-cheyenne-data-center-grows-to-2-7-gigawatts-nearly-triple-state-power-use/; https://www.wyomingpublicmedia.org/wyoming-economy/2026-01-14/laramie-county-commission-unanimously-approves-massive-ai-data-center; https://www.powermag.com/wyoming-approves-data-center-campus-that-includes-2-7-gw-of-new-natural-gas-fired-generation/; https://wyofile.com/laramie-county-approves-construction-of-what-could-become-the-largest-data-center-in-us/
grp_23c1f52e,Idlebriar Neighborhood Association,Idlebriar Neighborhood Association,1,MS,2026-03-01,2026-03-01,https://www.mississippifreepress.org/amazons-canton-data-center-promises-prosperity-for-neighbors-its-bringing-dust-noise-and-pollution-fears/; https://www.aboutamazon.com/news/aws/aws-10-billion-investment-mississippi; https://www.wwno.org/wwno/2025-03-19/data-centers-bring-billions-to-mississippi-are-the-investments-worth-the-risk; https://baxtel.com/data-center/aws-madison-county-mega-site-campus; https://www.arkansasonline.com/news/2026/mar/01/a-mississippi-subdivision-struggles-with-the-data/; https://msindy.org/p/mississippis-data-center-boom-and; https://www.aboutamazon.com/news/aws/aws-training-programs-sustainability-projects-mississippi; https://www.datacenterdynamics.com/en/news/aws-confirmed-as-company-behind-10bn-mississippi-data-center-development/; https://www.nwaonline.com/news/2026/mar/01/a-mississippi-subdivision-struggles-with-the-data/; https://siteselection.com/cover-story-data-center-boom-comes-to-mississippi/; https://magnoliatribune.com/2026/02/18/ai-driven-global-data-center-boom-including-in-mississippi-draws-critics-and-litigation/
grp_256fbd17,IEEFA,IEEFA,1,LA,2026-01-14,2026-01-14,https://earthjustice.org/press/2026/louisiana-regulators-asked-to-investigate-shady-meta-financing-deal-that-could-leave-households-paying-for-tech-giants-electricity; https://earthjustice.org/wp-content/uploads/2026/01/u-37425-motion-to-investigate-meta-hyperion-data-center-project.pdf; https://www.all4energy.org/wp-content/uploads/2026/01/2026-01-14-U-37425-AAE-UCS-Mtn-for-Investigation.pdf; https://www.rtoinsider.com/123510-earthjustice-change-louisiana-meta-data-center-funding-fishy/; https://ieefa.org/resources/ieefa-submits-testimony-louisiana-public-service-commission
grp_a0e8f72f,Illinois Environmental Council,Illinois Environmental Council,1,IL,2026-02-19,2026-02-19,https://www.chicagotribune.com/2026/02/19/aurora-considers-new-data-center-regulations-around-noise-water-and-power/; https://abc7chicago.com/post/what-is-data-center-expect-more-centers-illinois-like-cyrusone-aurora-il-amid-noise-electric-bill-complaints/18610141/; https://www.cyrusone.com/resources/press-releases/cyrusone-breaks-ground-on-new-data-center-in-aurora; https://patch.com/illinois/aurora/ground-breaks-350m-data-center-aurora; https://www.chicagotribune.com/2026/02/09/aurora-to-host-open-house-on-data-centers-amid-moratorium/; https://www.change.org/p/stop-data-centers-in-aurora-il; https://www.nprillinois.org/2026-03-26/aurora-passes-some-of-the-strongest-data-center-regulations-in-illinois
grp_d1580fbd,Imperial Valley Environmental Justice Coalition,Imperial Valley Environmental Justice Coalition,1,CA,2025-01-28,2025-01-28,https://www.thedesertreview.com/business/data-center-company-to-build-315-acre-center-in-lithium-valley/article_aff75860-4f82-11ef-a8b5-7f739e431385.html; https://www.kpbs.org/news/environment/2025/12/12/imperial-valley-city-sues-to-force-environmental-review-of-massive-data-center-project; https://calexicochronicle.com/2026/01/07/where-imperial-data-center-project-and-opposition-stands/; https://calexicochronicle.com/2026/04/02/judge-denies-imperials-ex-parte-application-county-board-vote-on-data-center-lot-merger-to-continue-as-scheduled/; https://www.datacenterdynamics.com/en/news/calethos-launches-geothermal-subsidiary-targeting-behind-the-meter-power-for-data-centers/; https://sqxalts.com/calethos-secures-15m-loan-to-advance-data-center-power-plant-project/; https://www.thedesertreview.com/news/developer-of-imperial-valley-ai-data-center-sues-activist-and-environmental-nonprofit-for-defamation-alleged/article_d9ca8730-b133-401b-a605-94bf8a61f702.html
grp_07633e4c,Indianapolis environmental groups,Indianapolis environmental groups,1,IN,2026-02-02,2026-02-02,https://www.axios.com/local/indianapolis/2026/02/04/pike-township-data-center-stalls-indiana-lawmakers-incentivize; https://fox59.com/indiana-news/developer-withdraws-proposed-pike-township-data-center/; https://www.wishtv.com/news/local-news/american-tower-rezoning-petition-withdrawn/; https://mirrorindy.org/pike-township-data-center-petition-withdrawn/; https://mirrorindy.org/pike-township-indianapolis-data-center-company-answers-questions/; https://www.datacenterdynamics.com/en/news/american-tower-pauses-plans-for-edge-data-center-in-indianapolis-indiana/
grp_142078f4,Indianapolis NAACP,Indianapolis NAACP,1,IN,2026-02-12,2026-02-12,https://www.wfyi.org/wfyi-news/2026-04-01/controversial-data-center-is-approved-for-martindale-brightwood; https://www.nbcnews.com/news/us-news/indianapolis-data-center-city-councilor-home-shot-rcna267156; https://fortune.com/2026/04/07/indianapolis-councilmember-ai-data-center-backlash/; https://www.wfyi.org/2026-04-06/indy-city-county-councilor-ron-gibson--home-targeted-in-shooting; https://mirrorindy.org/martindale-brightwood-data-center-ron-gibson-east-indianapolis-metrobloks/; https://www.ibj.com/articles/indy-council-asks-for-data-center-approval-pause-denies-martindale-brightwood-appeal; https://www.insideindianabusiness.com/articles/indy-council-asks-for-pause-in-data-center-approvals-denies-martindale-brightwood-appeal
grp_384ce5f3,Indigenous Environmental Network,Indigenous Environmental Network,1,OK,2025-10-01,2025-10-01,https://time.com/7377579/ai-data-centers-people-movement-cover/; https://www.mvskokemedia.com/mvskoke-tech-park-bill-fails-in-4-11-vote/; https://www.mvskokemedia.com/mvskoke-tech-park-plan-crashes/; https://www.publicradiotulsa.org/local-regional/2025-10-07/indigenous-environmental-advocates-say-data-centers-risk-water-culture-and-informed-consent
grp_54d5142c,Indivisible Hall,Indivisible Hall,1,GA,2026-02-26,2026-02-26,https://www.wsbtv.com/news/local/hall-county/hall-county-commission-debating-180-day-data-center-moratorium/OOHPTCO4TJEL3H7MBY2FIVJZQM/; https://www.wsbtv.com/news/local/hall-county/plans-12b-data-center-abandoned-hall-county/3T36FITZWRBMXD5USUERFBILRY/; https://accesswdun.com/news/hall-commissioner-plans-motion-to-table-proposed-data-center
grp_3eb10718,Indivisible: Downriver United 734,Indivisible: Downriver United 734,1,MI,2026-03-09,2026-03-09,https://planetdetroit.org/2026/03/gibraltar-data-center-moratorium/; https://www.yahoo.com/news/articles/gibraltar-presses-pause-data-centers-023007498.html
grp_007ba23c,Informed St. Mary's,Informed St. Mary's,1,MD,2026-03-03,2026-03-03,https://thebaynet.com/calvert-county-strikes-down-data-center-moratorium-in-2-3-vote/
grp_1c454af4,Integrity Matters,Integrity Matters,1,CO,2026-04-07,2026-04-07,https://www.axios.com/local/colorado-springs/2026/04/09/data-center-opposition-colorado-springs; https://www.cpr.org/2026/04/09/colorado-springs-proposed-data-center-backlash-public-meeting/; https://www.koaa.com/news/local-news/proposed-garden-of-the-gods-data-center-sparks-heated-community-forum-on-colorado-springs-westside; https://www.cpr.org/2026/07/24/project-taurus-appeal-fails/; https://krdo.com/news/2026/07/23/colorado-springs-planning-commission-denies-appeals-in-project-taurus-data-center/
grp_23ac35a0,Iowa Sierra Club,Iowa Sierra Club,1,IA,2026-03-01,2026-03-01,https://www.planetizen.com/news/2026/03/137049-iowa-county-passes-restrictive-data-center-ordinance; https://insideclimatenews.org/news/01032026/iowa-county-data-center-ordinance/; https://www.datacenterdynamics.com/en/news/google-pledges-7bn-to-expand-iowa-data-center-footprint/; https://www.kcrg.com/2025/10/06/google-making-push-data-center-linn-county/; https://www.kcrg.com/2026/02/19/linn-county-approves-new-data-center-rules-after-months-public-debate/; https://www.datacenterdynamics.com/en/news/google-looks-to-build-up-to-six-data-centers-near-nuclear-power-site-in-linn-county-iowa/; https://www.iowapublicradio.org/ipr-news/2026-03-04/google-data-center-palo-linn-county; https://www.cnbc.com/2025/10/28/google-nextera-iowa-duane-arnold-nuclear-power-plant-ai-energy-demand-data-centers.html; https://www.kcrg.com/2026/02/05/linn-county-supervisors-advance-data-center-zoning-ordinance/; https://www.kcrg.com/2026/02/16/linn-county-residents-share-concerns-with-data-center-ordinance-second-hearing-passes/; https://www.thegazette.com/local-government/linn-county-residents-air-concerns-on-proposed-data-center-ordinance/; https://www.kcrg.com/2026/03/04/google-pulls-out-proposal-build-data-center-unincorporated-linn-co-build-palo-instead/; https://cbs2iowa.com/news/local/google-shifts-data-center-plan-to-palo-water-study-now-on-hold
grp_1fda16cd,Iowa State Association of Counties,Iowa State Association of Counties,1,IA,2026-02-19,2026-02-19,https://www.axios.com/local/des-moines/2026/02/19/iowa-lawmakers-push-data-center-transparency; https://www.multistate.us/insider/2026/2/20/state-data-center-legislation-in-2026-tackles-energy-and-tax-issues; https://www.multistate.us/insider/2026/3/3/state-data-center-water-usage-legislation-gains-momentum-in-2025; https://www.iowacounties.org/; https://insideclimatenews.org/news/01032026/iowa-county-data-center-ordinance/; https://iowacapitaldispatch.com/2026/05/04/the-2026-legislative-session-is-over-heres-what-passed-failed-and-what-is-already-iowa-law/
grp_94a5bc7c,Iowa State Association of Counties (supportive),Iowa State Association of Counties (supportive),1,IA,2026-02-19,2026-02-19,https://www.axios.com/local/des-moines/2026/02/19/iowa-lawmakers-push-data-center-transparency; https://www.multistate.us/insider/2026/2/20/state-data-center-legislation-in-2026-tackles-energy-and-tax-issues; https://www.multistate.us/insider/2026/3/3/state-data-center-water-usage-legislation-gains-momentum-in-2025; https://www.iowacounties.org/; https://insideclimatenews.org/news/01032026/iowa-county-data-center-ordinance/; https://iowacapitaldispatch.com/2026/05/04/the-2026-legislative-session-is-over-heres-what-passed-failed-and-what-is-already-iowa-law/
grp_4172ac17,Iron County Citizens for Responsible Growth,Iron County Citizens for Responsible Growth,1,UT,2026-06-04,2026-06-04,https://www.stgeorgeutah.com/news/hundreds-pack-iron-county-hearing-as-residents-voice-concerns-over-proposed-ai-data-center/article_21d47585-32c8-4f77-9a2d-adc3f5e388d5.html; https://www.ksl.com/article/51463149/planning-commission-considers-ai-data-center-near-cedar-city; https://www.ksl.com/article/51507699/iron-county-planning-commission-approves-conditional-use-permit-for-antelope-data-campus; https://www.sltrib.com/news/2026/06/06/iron-county-planning-commission/; https://www.datacenterdynamics.com/en/news/640-acre-data-center-could-be-built-in-iron-county-utah/
grp_676f26e7,Izaak Walton League (Brown County Chapter),Izaak Walton League (Brown County Chapter),1,WI,2026-01-13,2026-01-13,https://www.wearegreenbay.com/news/local-news/because-of-community-opposition-village-of-greenleaf-no-longer-considered-for-data-center-project/; https://spectrumnews1.com/wi/milwaukee/news/2026/01/13/data-center-withdraws-plans-to-build-in-brown-county-following-community-pushback-greenleaf-; https://fox11online.com/news/local/company-discontinues-possible-ai-data-center-project-in-greenleaf-after-community-backlash; https://www.thecooldown.com/green-business/greenleaf-wisconsin-residents-oppose-data-center/; https://www.wearegreenbay.com/news/local-news/houston-based-real-estate-developer-responds-to-data-center-proposal-concerns-in-northeast-wisconsin/; https://www.cleanwisconsin.org/take-a-stand-against-unchecked-data-center-development/
grp_5424d3c3,Jensen family,Jensen family,1,WI,2018-06-01,2018-06-01,https://wisconsinwatch.org/2019/09/owners-near-foxconn-say-they-were-misled-now-their-homes-are-gone/; https://wisconsinwatch.org/2019/09/blight-declaration-for-foxconn-one-of-the-largest-ever-seen-experts-say/; https://www.wpr.org/economy/final-foxconn-eminent-domain-lawsuit-settled
grp_c63df3d8,Jerome Township Residents Coalition,Jerome Township Residents Coalition,1,OH,2025-09-03,2025-09-03,https://www.wosu.org/politics-government/2025-09-09/jerome-township-puts-pause-on-new-data-center-development-for-nine-months; https://614now.com/2025/hot-topics/central-ohio-township-pauses-all-new-data-center-development-after-citizens-express-concerns; https://www.thecooldown.com/green-business/amazon-data-centers-jerome-township-ohio-community-freeze/; https://signalohio.org/ohio-data-center-boom-faces-political-resistence/; https://www.statenews.org/section/the-ohio-newsroom/2026-02-26/ohio-towns-are-pushing-back-against-data-centers-to-varying-degrees-of-success
grp_67421df7,Joliet Residents Against Data Centers,Joliet Residents Against Data Centers,1,IL,2026-01-20,2026-01-20,https://www.fox32chicago.com/news/hundreds-speak-out-joliet-considers-largest-data-center-state; https://www.datacenterdynamics.com/en/news/proposal-for-20bn-data-center-outside-chicago-recommended-for-approval-by-local-planning-commission/; https://www.shawlocal.com/the-herald-news/2026/03/06/joliet-data-center-moving-forward-fast-after-plan-commission-ok/; https://therealdeal.com/chicago/2026/03/17/joliet-delays-vote-on-hillwood-data-center/; https://www.shawlocal.com/the-herald-news/2026/03/17/joliet-city-council-moves-vote-on-data-center-to-thursday/; https://www.chicagotribune.com/2026/03/17/joliet-city-council-data-center-vote/; https://patch.com/illinois/joliet/joliet-technology-center-vote-city-counci-goes-8-1-audience-claps-approval; https://www.shawlocal.com/the-herald-news/2026/03/20/joliet-oks-controversial-795-acre-data-center/; https://www.bisnow.com/chicago/news/data-center-development/joliet-oks-20b-data-center-as-illinois-seeks-to-make-large-developers-pay-more-for-projects-133777; https://abc7chicago.com/post/data-centers-illinois-city-council-approves-plans-joliet-center-bernhard-rowell-east-speedway/18737463/
grp_a3b9926e,Joplin Citizens Against Wildwood Ranch Data Center Site,Joplin Citizens Against Wildwood Ranch Data Center Site,1,MO,2025-10-01,2025-10-01,https://www.change.org/p/stop-the-wildwood-ranch-data-center-project-in-joplin-mo; https://www.change.org/p/stop-the-annexation-of-wildwood-ranch-in-joplin-mo; https://www.fourstateshomepage.com/news/local/joplin-locals-oppose-data-center-launch-referendum-effort/; https://www.datacenterdynamics.com/en/news/officials-in-joplin-missouri-greenlight-rezoning-request-for-potential-data-center/; https://www.krps.org/joplin-news/2026-02-03/joplin-developer-proposing-annexation-of-his-land-for-new-data-center; https://www.joplinglobe.com/news/joplin-city-council-advances-data-center-annexation-zoning/article_e9c57ea7-3cbe-4a50-a7f5-ef805c69502f.html; https://www.fourstateshomepage.com/news/local/joplin-planning-commission-approves-wildwood-ranch-annexation/; https://www.cbre.com/properties/properties-for-lease/datacenter/details/US-SMPL-187375/wildwood-ranch-data-park-w-26th-street-joplin-mo-64804; https://www.joplinglobe.com/news/joplin-city-council-to-take-action-on-data-center-petitions/article_99f21708-b615-4a29-9a91-f2d26d70720a.html
grp_88235740,Jupiter Watch,Jupiter Watch,1,NM,2026-03-20,2026-03-20,https://sourcenm.com/2026/03/31/nm-state-land-commissioner-rejects-application-for-gas-pipeline-to-power-project-jupiter-data-center/; https://www.santafenewmexican.com/news/local_news/new-mexico-agency-rejects-project-jupiter-data-centers-applications-for-gas-pipeline-right-of-way/article_00f190f7-2328-4e2e-82c0-012651387638.html; https://sourcenm.com/2026/03/04/texas-energy-company-seeks-federal-approval-for-pipeline-through-new-mexico-to-power-data-center/; https://www.nmstatelands.org/2026/07/15/commissioner-garcia-richard-again-denies-request-to-run-portion-of-project-jupiter-pipeline-through-state-lands/; https://www.abqjournal.com/news/lands-commissioner-nixes-project-jupiter-pipeline-for-second-time/3083075
grp_c7a22e22,Just Transition Northwest Indiana,Just Transition Northwest Indiana,1,IN,2026-02-24,2026-02-24,https://www.wboi.org/2026-03-02/at-a-pivotal-moment-for-data-centers-indiana-lawmakers-take-little-action; https://www.wfyi.org/news/articles/data-center-legislation-indiana-general-assembly-2026; https://www.govtech.com/products/residents-push-indiana-community-toward-halt-on-data-centers; https://mirrorindy.org/data-center-legislation-indiana-general-assembly-2026/; https://www.wfyi.org/news/articles/indiana-data-center-protest-lebanon-meta; https://www.wbiw.com/2026/02/18/the-peoples-hearing-hoosiers-gather-to-confront-data-center-expansion-and-utility-hikes/; https://www.wthr.com/article/news/local/you-have-to-be-accountable-to-us-people-lead-data-center-hearing-after-state-legislature-fails-to-hoosier-action/531-732599ee-ea7b-4d20-8ace-de0785425182
grp_f7c01f6f,Kalkaska Citizens Against the Proposed Data Center,Kalkaska Citizens Against the Proposed Data Center,1,MI,2025-11-01,2025-11-01,https://www.datacenterdynamics.com/en/news/opposition-leads-developer-to-withdraw-data-center-proposal-in-kalkaska-county-michigan/; https://www.9and10news.com/2025/11/20/kalkaska-county-data-center-project-halted-after-public-opposition/; https://www.interlochenpublicradio.org/2025-11-20/after-chilly-response-from-public-rocklocker-calls-off-plans-for-kalkaska-data-center; https://www.traverseticker.com/news/developer-pulls-plug-on-kalkaska-data-center/; https://www.themidwesterner.news/2025/11/were-gonna-fight-like-hell-local-opposition-kills-hyperscale-data-center-in-kalkaska/
grp_4255bd68,Kansas Sierra Club,Kansas Sierra Club,1,KS,2025-10-29,2025-10-29,https://kansasreflector.com/2025/11/07/lawsuit-delays-12b-data-center-in-kansas-city-as-community-environmental-group-voice-concerns/; https://www.datacenterdynamics.com/en/news/600mw-data-center-campus-proposed-outside-kansas-city-kansas/; https://www.kcur.org/environment-agriculture/2025-11-09/data-center-kansas-city-wyandotte-county; https://www.kcur.org/housing-development-section/2026-01-29/wyandotte-county-data-centers-would-require-a-lot-of-power-will-that-raise-your-energy-bill
grp_3fc5b3d6,KC Data Center Watchdog,KC Data Center Watchdog,1,MO,2026-01-16,2026-01-16,https://www.kcur.org/housing-development-section/2026-01-16/kansas-city-zoning-data-centers; https://www.smartcitiesdive.com/news/data-centers-kansas-city-zoning-ordinance/811587/; https://fox4kc.com/news/the-cost-of-ai-local-leaders-advocates-share-concerns-about-kcs-data-center-boom/; https://www.kctv5.com/2026/02/12/google-confirms-new-data-center-development-kansas-citys-northland/; https://fox4kc.com/news/independence-city-council-votes-to-approve-tax-breaks-for-nebius-data-center/; https://www.kcur.org/politics-elections-and-government/2026-03-03/independence-gives-billions-in-tax-breaks-for-a-massive-data-center-despite-outcry-from-residents; https://www.kcur.org/housing-development-section/2026-02-13/independence-data-center-tax-breaks-opposition; https://www.kcur.org/housing-development-section/2026-01-31/ai-data-center-missouri-protest-josh-hawley
grp_d0216f53,Keep Leesburg Rural,Keep Leesburg Rural,1,IN,2025-04-22,2025-04-22,https://www.datacenterdynamics.com/en/news/prologis-data-center-proposal-in-kosciusko-county-indiana-denied/; https://www.wndu.com/2025/04/22/kosciusko-county-commissioners-say-no-proposed-data-center-leesburg/; https://www.inkfreenews.com/2025/04/02/county-apc-unanimously-denies-rezoning-request-for-data-center-near-leesburg/
grp_1ed51485,Kenoshans Unite Against Microsoft Data Center,Kenoshans Unite Against Microsoft Data Center,1,WI,2025-12-01,2025-12-01,https://milwaukeenns.org/2026/02/01/wisconsin-data-center-secrecy-deals-nda-nondisclosure-agreement/; https://wisconsinwatch.org/2026/01/wisconsin-data-center-secrecy-deals-nda-nondisclosure-agreement/; https://mediamilwaukee.com/news/kenosha-citizens-data-centers-are-parasites-and-terrible-neighbors/; https://www.tmj4.com/news/kenosha-county/what-we-do-matters-viral-video-sparks-kenosha-residents-concerns-over-microsofts-planned-data-center; https://www.cnbc.com/2025/09/18/microsoft-wisconsin-data-center.html; https://www.datacenterdynamics.com/en/news/microsoft-acquires-240-acres-in-kenosha-wisconsin-for-data-center-development/; https://www.wpr.org/news/4-wisconsin-communities-signed-secrecy-deals-billion-dollar-data-centers; https://shepherdexpress.com/news/features/the-struggle-against-hyperscale-data-centers-across-wisconsin/; https://www.fox6now.com/news/microsoft-wisconsin-next-infrastructure-investment-announced; https://www.wpr.org/news/new-data-center-kenosha-wisconsin-rapids; https://www.change.org/p/stop-the-opening-of-the-microsoft-data-center-in-kenosha
grp_e4e597f4,Kentucky Conservation Committee,Kentucky Conservation Committee,1,KY,2026-02-02,2026-02-02,https://spectrumnews1.com/ky/louisville/news/2026/02/14/ai-database-hawesville; https://investors.terawulf.com/news-events/press-releases/detail/129/terawulf-expands-digital-and-power-infrastructure-portfolio; https://www.lpm.org/2026-02-04/data-center-developer-purchases-former-western-kentucky-aluminum-smelter; https://www.messenger-inquirer.com/hancock-county-residents-question-ai-data-centers-officials-at-town-meeting/article_4dbf68c0-acb8-5d52-9f24-aa42f423f547.html
grp_63bf2068,Keyser Valley Neighborhood Association,Keyser Valley Neighborhood Association,2,PA,2026-02-13,2026-02-27,https://www.thetimes-tribune.com/2026/02/13/dickson-city-adopts-data-center-regulations-halts-bell-mountain-campus/; https://www.wnep.com/article/news/local/lackawanna-county/dickson-city-limits-data-centers-amid-resident-concerns-lackawanna-county/523-553a4711-331e-48d0-9ead-eabe295b60c8; https://fox56.com/news/local/not-a-sacrifice-zone-dickson-city-borough-council-passes-data-center-ordinance; https://www.wvia.org/news/local/2026-02-13/dickson-city-council-oks-zoning-ordinance-allowing-data-centers-in-boroughs-manufacturing-district; https://www.thetimes-tribune.com/2025/12/12/data-center-developer-tied-to-projects-in-archbald-blakely-moves-to-dickson-city/; https://insideclimatenews.org/news/03032026/pennsylvania-data-center-resistance/; https://www.change.org/p/stop-data-center-construction-in-lackawanna-county; https://www.thetimes-tribune.com/2026/02/27/scranton-materials-appeals-ransom-twp-denial-of-data-center-zoning-change/; https://www.wvia.org/news/local/2026-01-21/data-centers-ransom-twp-denies-zoning-amendment-request-after-residents-lawyer-points-out-flaws; https://fox56.com/news/local/community-opposes-proposed-data-center-in-ransom-township; https://www.2822news.com/news/supervisors-deny-data-center-zoning-application/; https://www.thetimes-tribune.com/2026/01/16/dozens-turn-out-to-oppose-proposed-ransom-twp-data-center/
grp_95909ddd,Kuna area farmers (lawsuit plaintiffs),Kuna area farmers (lawsuit plaintiffs),1,ID,2026-02-03,2026-02-03,https://boisedev.com/news/2026/02/03/data-center-suit/; https://www.datacenterdynamics.com/en/news/diode-ventures-plans-620-acre-data-center-park-in-kuna-idaho/; https://boisedev.com/news/2025/01/29/diode-ventures-kuna-data-center/; https://www.ktvb.com/article/news/local/kuna-community-reacts-new-data-center-approval/277-3785f039-7a80-405d-9dc9-988037c89174; https://boisedev.com/news/2025/04/03/kuna-data-center-diode-ventures/
grp_40714d8e,Kuna farmers,Kuna farmers,1,ID,2026-02-03,2026-02-03,https://boisedev.com/news/2026/02/03/data-center-suit/; https://www.datacenterdynamics.com/en/news/diode-ventures-plans-620-acre-data-center-park-in-kuna-idaho/; https://boisedev.com/news/2025/01/29/diode-ventures-kuna-data-center/; https://www.ktvb.com/article/news/local/kuna-community-reacts-new-data-center-approval/277-3785f039-7a80-405d-9dc9-988037c89174; https://boisedev.com/news/2025/04/03/kuna-data-center-diode-ventures/
grp_fc66ba28,Labadie Environmental Organization,Labadie Environmental Organization,1,MO,2026-03-17,2026-03-17,https://www.firstalert4.com/2026/03/18/franklin-county-data-center-projects-draw-packed-crowd-opposition-planning-meeting/; https://www.ksdk.com/article/news/local/no-turning-back-neighbors-ecologist-warn-proposed-data-centers-threaten-meramec-river/63-eab3fc47-9e80-4158-b290-b5e9814e1b9b; https://www.firstalert4.com/2026/03/14/franklin-county-data-center-projects-return-planning-commission-tuesday-with-frustration-about-process/
grp_5d5e4dee,Lancaster Residents Against Data Centers,Lancaster Residents Against Data Centers,1,PA,2025-10-06,2025-10-06,https://lancasteronline.com/news/regional/residents-push-back-against-proposed-6b-data-center-in-lancaster-city/article_640500c2-4f80-418f-a368-9d4596ecbfeb.html; https://keystonenewsroom.com/2025/12/15/lancaster-residents-oppose-plans-for-new-ai-data-centers/; https://www.datacenterdynamics.com/en/news/coreweave-plans-6bn-data-center-in-lancaster-pennsylvania/
grp_83fd3c94,Land Legacy,Land Legacy,1,OK,2026-01-15,2026-01-15,https://krmg.com/2025/11/26/sand-springs-could-be-home-to-new-800-acre-data-center-called-project-spring/; https://www.okenergytoday.com/2026/04/data-center-project-leads-to-recall-effort-in-sand-springs/; https://www.nbcnews.com/news/us-news/oklahoma-city-council-members-welcomed-google-data-center-now-face-rec-rcna264726; https://krmg.com/2026/03/31/sand-springs-data-center-project-spring-could-generate-100-million-over-25-years/; https://www.datacenterdynamics.com/en/news/sand-springs-oklahoma-to-consider-project-spring-data-center-proposal/; https://www.projectspringok.com; https://tulsaflyer.org/2026/03/24/government/post/lawsuit-challenges-sand-springs-data-center-land-deal/; https://krmg.com/2026/03/26/lawsuit-filed-over-proposed-google-data-center-site-near-sand-springs/
grp_e06385a5,League of Women Voters of West Virginia,League of Women Voters of West Virginia,1,WV,2026-03-27,2026-03-27,https://www.wvgazettemail.com/news/legislative_session/wv-house-passes-data-center-enticement-bill-that-would-keep-project-details-hidden/article_d93196ac-1291-4a25-8f34-629ca46f2604.html; https://westvirginiawatch.com/2026/02/18/wv-house-passes-new-data-center-development-rules-without-local-control-water-protection-provisions/; https://westvirginiawatch.com/2026/03/11/wv-senate-passes-data-center-rules-with-new-language-urging-developers-to-study-potential-water-use/; https://wvrivers.org/2026/02/data-centers-hb4983/; https://lwvwv.org/2026/02/08/make-some-noise-demand-transparency-for-data-centers-in-hb-4983/
grp_45d679c9,Let Sioux Falls Vote,Let Sioux Falls Vote,1,SD,2025-12-01,2025-12-01,https://www.siouxfallslive.com/news/sioux-falls/planned-data-center-sparks-outrage-in-downtown-sioux-falls; https://dakotafreepress.com/2026/01/17/sioux-falls-loses-11-of-voters-in-one-year-anti-data-center-petitioners-need-1000-fewer-signatures-than-expected/; https://dakotafreepress.com/2026/01/31/sioux-falls-data-center-referendum-petition-fails-january-chills-signature-collection/; https://siouxfalls.business/hyperscale-data-center-gains-rezoning-vote-after-hours-of-opposing-testimony/
grp_586f0696,Lincoln County residents (Commissioner Joel Arends supporters),Lincoln County residents (Commissioner Joel Arends supporters),1,SD,2026-02-24,2026-02-24,https://www.mitchellrepublic.com/news/south-dakota/lincoln-county-backs-down-on-hyperscale-data-center-moratorium; https://www.dakotanewsnetwork.com/2026/02/27/lincoln-county-commissioners-discuss-moratorium-on-building-data-centers; https://kelo.com/2026/02/26/889056/; https://siouxfalls.business/hyperscale-data-center-seeking-city-approvals-to-build-northeast-of-sioux-falls/; https://www.sdpb.org/business-economics/2025-08-15/la-based-company-looking-to-build-data-center-in-sioux-falls; https://siouxfalls.business/sioux-falls-data-center-developers-detail-next-steps/; https://www.siouxfallslive.com/news/sioux-falls/sioux-falls-group-wants-citywide-vote-on-data-center-rezone; https://www.keloland.com/news/local-news/where-to-sign-petitions-to-bring-data-center-to-a-vote/; https://www.siouxfallslive.com/news/sioux-falls/planned-data-center-sparks-outrage-in-downtown-sioux-falls; https://www.sdnewswatch.org/gemini-data-center-power-usage-sioux-falls-sd-ai-electricty/
grp_b7947404,Lisle Residents Against Data Center (ad hoc),Lisle Residents Against Data Center (ad hoc),1,IL,2026-03-12,2026-03-12,https://www.nbcchicago.com/news/local/data-center-proposed-for-lisle-site-with-storied-past-met-with-strong-opposition/3879461/; https://abc7chicago.com/post/lisle-data-center-public-hearing-held-proposed-former-lockformer-company-site-ogden-avenue/18444943/; https://patch.com/illinois/lisle/lisle-data-center-application-withdrawn-developer; https://abc7chicago.com/post/lisle-data-center-cloudcenters-llc-drops-application-former-lockformer-company-site-ogden-avenue-village-officials-say/18703440/; https://therealdeal.com/chicago/2026/03/12/lisle-plan-scrapped-as-yorkville-bets-big-on-data-centers/; https://patch.com/illinois/lisle/lisle-considers-move-effectively-prohibit-data-centers-village
grp_e1027df3,Livingston County Residents for Responsible Development,Livingston County Residents for Responsible Development,1,MI,2025-11-20,2025-11-20,https://planetdetroit.org/2025/12/billion-dollar-data-center-paused/; https://michiganadvance.com/2025/11/21/local-michigan-township-trustee-says-meta-is-behind-data-center-project-planned-near-howell/; https://planetdetroit.org/2025/11/meta-data-center-howell-township/; https://www.fractracker.org/2026/01/howell-township-data-center-win/; https://michiganadvance.com/2025/12/08/rezoning-request-for-rural-michigan-data-center-project-pulled-from-consideration/; https://www.change.org/p/stop-the-construction-of-michigan-s-largest-data-center-in-howell; https://www.datacenterdynamics.com/en/news/meta-reportedly-the-company-behind-1bn-data-center-in-howell-county-michigan/; https://www.wilx.com/2025/11/21/meta-is-behind-proposed-howell-twp-data-center-trustee-says/
grp_926e4c91,Logan County residents (ad hoc),Logan County residents (ad hoc),1,IL,2025-12-01,2025-12-01,https://www.illinoistimes.com/news/logan-county-takes-its-time-on-data-center-proposal/; https://www.illinoistimes.com/news/data-center-opposition/; https://www.nprillinois.org/illinois/2026-03-16/illinois-lawmakers-look-to-regulate-data-centers-as-local-governments-propose-their-own-rules
grp_26474932,Londonderry Township Residents (ad hoc),Londonderry Township Residents (ad hoc),1,PA,2026-02-11,2026-02-11,https://www.datacenterdynamics.com/en/news/pennsylvanias-londonderry-township-weighs-data-center-zoning-ordinance-change/; https://www.abc27.com/local-news/londonderry-township-residents-voice-concern-optimism-over-data-centers/; https://www.fox43.com/article/news/local/dauphin-county/londonderry-township-ai-data-center/521-1ebd6dbb-1c0a-4ee1-97f7-42346a8e33eb
grp_ed8eef1d,Loudoun Climate Project,Loudoun Climate Project,1,VA,2025-03-01,2025-03-01,https://www.hklaw.com/en/insights/publications/2025/04/loudoun-county-virginia-eliminates-by-right-data-center-development; https://www.loudounnow.com/news/by-right-data-centers-eliminated-in-loudoun-existing-applications-grandfathered/article_130515be-0478-11f0-ab4f-7771b6b47f71.html; https://virginiabusiness.com/loudoun-county-advances-changes-to-data-center-regulations/; https://www.datacenterdynamics.com/en/news/loudoun-countys-innovation-gateway-data-center-project-met-with-board-opposition/; https://www.datacenterdynamics.com/en/news/blackchamber-secures-12-billion-for-construction-of-virginia-data-centers-totaling-740mw/; https://dgtlinfra.com/blackchamber-group-data-centers-northern-virginia/; https://www.loudoun.gov/6222/Phase-2-Data-Center-Standards-Locations; https://www.loudounnow.com/news/work-begins-on-next-phase-of-loudoun-county-data-center-regulations/article_d9a0c8fa-3ea6-4a13-814e-83a62820d06d.html
grp_b69cabd1,Loudoun County School Board,Loudoun County School Board,1,VA,2025-12-16,2025-12-16,https://virginiamercury.com/2025/12/16/loudoun-residents-take-fight-against-high-voltage-power-lines-for-data-center-alley-to-scc/; https://virginiamercury.com/2025/08/14/loudoun-county-neighbors-fight-proposed-dominion-transmission-lines-for-data-center-alley/; https://www.loudounnow.com/news/with-transmission-line-controversies-local-leaders-look-to-move-away-from-data-center-growth/article_47e9742b-5917-4a8d-8af1-f3ce92456992.html; https://www.pecva.org/region/loudoun/golden-to-mars-transmission-line-comment-period-extended/
grp_4c7902c3,Louisa County Board of Supervisors,Louisa County Board of Supervisors,1,VA,2026-02-19,2026-02-19,https://www.29news.com/2026/03/11/fluvanna-county-community-members-push-back-against-proposed-1-billion-transmission-line-project/; https://www.cvilletomorrow.org/valley-link-seeks-community-input-on-proposed-transmission-line-route-through-central-virginia/; https://cardinalnews.org/2026/03/12/massive-power-transmission-line-planned-for-campbell-to-culpeper/; https://www.pecva.org/work/energy-work/transmission/an-electric-super-highway-through-the-piedmont/; https://www.wric.com/news/local-news/neighbors-concerns-valley-link-transmission-line-project/; https://www.29news.com/2026/02/19/1-billion-115-mile-electric-transmission-line-project-planned-parts-central-virginia/; https://www.29news.com/2026/03/25/orange-community-members-pack-board-meeting-oppose-proposed-1-billion-transmission-line/; https://cardinalnews.org/2026/03/26/valley-link-power-transmission-proposal-meets-a-growing-organized-resistance/; https://www.vpm.org/news/2026-03-27/joshua-falls-yeat-valley-link-electric-transmission-pjm-energy-grid; https://www.12onyourside.com/2026/04/07/debate-intensifies-over-valley-link-transmission-project/
grp_c01f8326,Louisa County residents (Don't Loudoun my Louisa),Louisa County residents (Don't Loudoun my Louisa),1,VA,2025-07-25,2025-07-25,https://www.12onyourside.com/2025/07/28/amazon-pulls-louisa-county-data-center-proposal-after-strong-resistance/; https://dailyprogress.com/news/state-regional/business/article_01ab4690-f617-4e84-b1d8-3b535771a116.html; https://virginiamercury.com/2025/07/28/amazon-pulls-louisa-county-data-center-proposal-after-strong-resistance/; https://virginiabusiness.com/amazon-cancels-data-center-in-louisa-county/; https://www.datacenterdynamics.com/en/news/aws-withdraws-plans-for-third-data-center-campus-in-louisa-county-virginia/
grp_9ffb7b74,Louisiana Energy Users Group,Louisiana Energy Users Group,1,LA,2025-12-17,2025-12-17,https://lailluminator.com/2025/12/19/electricity-data-centers/; https://www.ksla.com/2025/12/15/commissioner-introduce-proposed-rules-large-electric-loads-amid-data-center-expansion/; https://www.wwno.org/coastal-desk/2025-12-17/in-tense-meeting-louisiana-psc-fast-tracks-pathway-for-large-projects-like-data-centers; https://thelensnola.org/2026/02/18/louisiana-lightning-amendment-ai-data-centers-ratepayer-costs/; https://blog.ucs.org/paul-arbaje/louisiana-regulators-try-to-shut-public-out-of-data-center-policymaking-again/
grp_93ef3f28,Louisville Climate Action Network,Louisville Climate Action Network,1,KY,2025-09-11,2025-09-11,https://www.lpm.org/news/2025-10-31/louisville-officials-grapple-with-how-to-regulate-large-data-centers; https://www.lpm.org/news/2026-02-09/survey-vast-majority-of-louisville-residents-oppose-building-new-data-centers; https://www.wave3.com/2025/09/16/louisville-metro-council-considers-moratorium-data-centers/; https://www.whas11.com/article/news/local/louisville-data-center-opposition-oldham-county/417-ea453d81-9b43-400b-908f-6de40793098f
grp_287f2c60,Louisville Metro Watchdog Alliance,Louisville Metro Watchdog Alliance,1,KY,2025-09-11,2025-09-11,https://www.lpm.org/news/2025-10-31/louisville-officials-grapple-with-how-to-regulate-large-data-centers; https://www.lpm.org/news/2026-02-09/survey-vast-majority-of-louisville-residents-oppose-building-new-data-centers; https://www.wave3.com/2025/09/16/louisville-metro-council-considers-moratorium-data-centers/; https://www.whas11.com/article/news/local/louisville-data-center-opposition-oldham-county/417-ea453d81-9b43-400b-908f-6de40793098f
grp_3a563564,Lowndes Citizens Against Data Centers,Lowndes Citizens Against Data Centers,1,GA,2026-02-17,2026-02-17,https://www.walb.com/2026/02/10/rural-communities-raise-concerns-data-centers-expand-across-georgia-beyond/; https://www.wtxl.com/news/local-news/in-your-neighborhood/lowndes-county/lowndes-county-citizens-push-back-on-potential-data-centers-during-town-hall; https://wwals.net/2026/02/23/datacenters-meeting-lowndes-county-ga-2026-02-17/
grp_fd6d5cec,Lowndes Citizens Against Data Centers (LCAD),Lowndes Citizens Against Data Centers (LCAD),1,GA,2026-02-17,2026-02-17,https://www.walb.com/2026/02/10/rural-communities-raise-concerns-data-centers-expand-across-georgia-beyond/; https://www.wtxl.com/news/local-news/in-your-neighborhood/lowndes-county/lowndes-county-citizens-push-back-on-potential-data-centers-during-town-hall; https://wwals.net/2026/02/23/datacenters-meeting-lowndes-county-ga-2026-02-17/
grp_9f434196,Lubbock Compact,Lubbock Compact,1,TX,2026-01-08,2026-01-08,https://www.kcbd.com/2026/01/16/lubbock-data-center-proposal-heads-city-council-after-planning-commission-rejection/; https://www.datacenterdynamics.com/en/news/936-acre-data-center-could-come-to-lubbock-texas/
grp_033a20a2,Lyon County residents (ad hoc),Lyon County residents (ad hoc),1,NV,2025-12-07,2025-12-07,https://www.datacenterdynamics.com/en/news/land-rezoning-approved-for-data-center-in-lyon-county-nevada/; https://nevadacurrent.com/2026/02/09/data-center-water-power-needs-regulatory-challenges-strain-rural-communities/
grp_2b57914e,Mahoney family,Mahoney family,1,WI,2018-06-01,2018-06-01,https://wisconsinwatch.org/2019/09/owners-near-foxconn-say-they-were-misled-now-their-homes-are-gone/; https://wisconsinwatch.org/2019/09/blight-declaration-for-foxconn-one-of-the-largest-ever-seen-experts-say/; https://www.wpr.org/economy/final-foxconn-eminent-domain-lawsuit-settled
grp_7bb946b4,Mainers Against Future AI Data Center in Lewiston,Mainers Against Future AI Data Center in Lewiston,1,ME,2025-12-16,2025-12-16,https://www.mainepublic.org/business-and-economy/2025-12-17/lewiston-city-council-shoots-down-data-center-proposal; https://www.centralmaine.com/2025/12/11/lewiston-mill-eyed-for-300-million-ai-data-center/; https://www.mainepublic.org/business-and-economy/2025-12-12/lewiston-to-decide-on-a-i-data-center-for-bates-mill-property; https://www.datacenterdynamics.com/en/news/tier-iii-ai-data-center-proposed-for-lewiston-bates-mill-in-maine/; https://www.pressherald.com/2025/12/16/lewiston-votes-down-ai-data-center-project-after-public-outcry/; https://mainemorningstar.com/2026/02/23/as-data-centers-look-to-rural-new-england-maine-considers-a-moratorium/; https://themainemonitor.org/maine-treads-lightly-data-center-expansion/; https://wgme.com/news/local/lewiston-city-council-to-discuss-fate-of-proposed-ai-data-center-project-maine
grp_e495b81b,Make the Road NY,Make the Road NY,1,NY,2026-02-06,2026-02-06,https://www.commondreams.org/news/ny-data-center-moratorium; https://www.nysenate.gov/legislation/bills/2025/S9144; https://legiscan.com/NY/text/A10141/2025; https://www.nysenate.gov/legislation/bills/2025/S8540; https://www.nysenate.gov/legislation/bills/2025/S6394/amendment/A; https://techcrunch.com/2026/02/07/new-york-lawmakers-propose-a-three-year-pause-on-new-data-centers/; https://www.foodandwaterwatch.org/2026/02/06/ny-legislators-introduce-strongest-data-center-moratorium-bill-in-the-country/; https://www.foodandwaterwatch.org/2026/03/02/100-new-york-groups-call-for-passage-of-data-center-moratorium-bill/; https://www.nixonpeabody.com/insights/alerts/2026/02/11/new-york-state-proposes-sweeping-data-center-moratorium-and-regulatory-review-s9144
grp_00d1d6f6,Manitowoc County farmers,Manitowoc County farmers,1,WI,2026-02-20,2026-02-20,https://www.wpr.org/news/northeast-wisconsin-towns-1-year-moratorium-data-centers; https://fox11online.com/news/local/manitowoc-county-towns-band-together-petitioning-to-hold-off-new-data-centers-artificial-intelligence-economic-development; https://www.nbc26.com/lakeshore/three-wisconsin-lakeshore-communities-unite-to-pass-data-center-moratorium; https://www.wearegreenbay.com/top-stories/manitowoc-county-towns-ask-for-moratorium-on-data-center-projects/
grp_62d3ae16,Marion County Concerned Citizens,Marion County Concerned Citizens,1,SC,2026-03-05,2026-03-05,https://capitalbnews.org/secret-data-center-deal-marion-county-south-carolina/; https://truthout.org/articles/amid-the-winter-storm-a-rural-sc-county-quietly-approved-a-2-4b-data-center/; https://wpde.com/news/local/ai-stream-data-center-backlash-over-marion-county-data-center-project-administration-building-industrial-park-road-highway-501-update; https://wpde.com/news/local/marion-county-eagle-myra-project-liberty; https://wpde.com/news/local/marion-county-residents-pack-council-meeting-to-oppose-data-center-demand-more-details-stream-data-centers-artificial-intelligence-digital-benefits-construction-hearing; https://www.change.org/p/oppose-third-reading-of-ordinance-2026-01-in-marion-county; https://www.postandcourier.com/pee-dee/news/marion-county-stream-data-center/article_fce64b6c-7e65-4d99-ba9a-4d1dc70d28e5.html; https://www.wmbfnews.com/2026/02/05/marion-county-community-members-seek-transparency-proposed-data-center/; https://www.yanasa.tv/p/project-liberty-how-a-24-billion; https://www.wrdw.com/2026/03/05/sc-lawmakers-submit-resolution-temporarily-halt-data-center-projects/
grp_40e04a5e,Maryland Data Center Reform Coalition (Nature Forward),Maryland Data Center Reform Coalition (Nature Forward),1,MD,2025-12-24,2025-12-24,https://www.datacenterdynamics.com/en/news/amazon-to-expand-virginia-cloud-region-into-maryland-develop-data-centers-in-tpgs-quantum-frederick-park/; https://www.wusa9.com/article/news/local/maryland/frederick-county-council-faces-pressure-data-center-regulation-bill/65-eca839b8-7a5b-4268-a12f-cb46ab2c2ba5; https://foxbaltimore.com/news/local/frederick-county-residents-push-referendum-data-center-zoning-plan-passes; https://www.fredericknewspost.com/news/politics_and_government/levels_of_government/county/amazon-sought-to-invest-billions-bring-data-centers-to-frederick-county/article_fad23fd2-1cb5-5bd1-adb2-e20176011de6.html; https://www.datacenterfrontier.com/featured/article/11428096/quantum-loophole-plans-2100-acre-data-center-campus-in-maryland; https://www.datacenterdynamics.com/en/news/aligned-looks-to-develop-three-more-data-centers-at-quantum-frederick-park-in-maryland/; https://www.wypr.org/wypr-news/2026-03-12/frederick-county-group-wants-voters-to-decide-data-center-limits; https://www.wypr.org/wypr-news/2025-12-24/frederick-county-council-passes-map-for-data-center-development
grp_f6b0908f,Mason Data Center Facts,Mason Data Center Facts,1,MI,2026-02-03,2026-02-03,https://www.fox47news.com/news/state/mason-city-council-votes-to-repeal-data-center-ordinance-leaving-citys-future-regulation-unclear; https://www.datacenterdynamics.com/en/news/mason-city-michigan-repeals-data-center-ordinance-to-strengthen-regulation-ahead-of-potential-project/; https://www.wkar.org/michigans-data-center-divide/2026-03-03/effort-to-hold-referendum-on-mason-data-center-ordinance-now-in-front-of-city-council; https://www.wkar.org/wkar-news/2026-02-13/mason-data-center-referendum-signature-drive-enters-final-weekend; https://eu.detroitnews.com/story/news/local/michigan/2026/04/02/mason-mayor-whipple-council-woman-ferris-face-possible-recall-data-center-votes/89435998007/; https://masondatacenterfacts.org/; https://www.wkar.org/wkar-news/2026-02-03/mason-passes-new-rules-for-data-centers-over-public-outcry
grp_503996b7,MCAP,MCAP,8,TN,2024-08-26,2026-02-11,https://interactive.localmemphis.com/pdfs/2024-08-26-Letter-to-SCHD-re-xAI-operating-without-permits.pdf; https://www.selc.org/news/elon-musks-xai-facility-is-polluting-south-memphis/; https://www.actionnews5.com/2024/11/07/tva-approves-providing-power-xai-facility/; https://hoodline.com/2024/11/tennessee-valley-authority-approves-150mw-power-supply-to-elon-musk-s-xai-gigafactory-of-compute-in-memphis-amid-environmental-concerns/; https://prismreports.org/2025/06/18/xai-memphis-data-center-pollution/; https://www.localmemphis.com/article/news/local/shelby-county-health-department-xai-turbines/522-fc5a1114-1023-43ec-a11f-e748447cba84; https://interactive.localmemphis.com/pdfs/2025-04-09_Letter_from_SELC_et_al._to_SCHD_re_xAI; https://www.selc.org/press-release/new-images-reveal-elon-musks-xai-datacenter-has-nearly-doubled-its-number-of-polluting-unpermitted-gas-turbines/; https://www.cnbc.com/2025/04/10/elon-musks-xai-accused-polluting-air-in-memphis-selc-says-in-letter.html; https://wreg.com/news/xai-hearing-draws-hundreds-becomes-heated-debate/; https://www.fox13memphis.com/news/rally-decrying-xai-permit-to-be-held-outside-health-department-wednesday/article_1a41789b-fa2a-42b2-93c3-82c071ef07f0.html; https://www.youtube.com/watch?v=3VJT2JeDCyw; https://512pixels.net/wp-content/uploads/2025/06/2025.06.17-SELC-Notice-of-Intent-to-Sue-for-Violations-of-the-Clean-Air-Act_with-Enclosures.pdf; https://www.selc.org/press-release/elon-musks-xai-threatened-with-lawsuit-over-air-pollution-from-memphis-data-center/; https://naacp.org/articles/elon-musks-xai-threatened-lawsuit-over-air-pollution-memphis-data-center-filed-behalf; https://www.selc.org/press-release/memphis-health-leaders-grant-air-permit-for-xai-data-center/; https://www.cnbc.com/2025/07/03/musks-xai-gets-permit-for-turbines-to-power-supercomputer-in-memphis.html; https://www.actionnews5.com/2026/02/12/tva-approves-power-increase-xai/; https://wreg.com/news/local/tva-oks-additional-150-mw-of-electricity-for-xai-memphis-data-center/; https://www.timesfreepress.com/news/2026/feb/11/tva-board-doubles-elon-musks-xai-power-allowance/; https://www.selc.org/press-release/tva-dismisses-community-concerns-approves-power-agreement-for-controversial-xai-facility/
grp_215c3ffb,Meade County residents (petition organizers),Meade County residents (petition organizers),1,KY,2025-10-14,2025-10-14,https://datacenterwatch.substack.com/p/briefing-10172025; https://www.change.org/p/stop-the-ai-data-center-construction-in-ekron-ky; https://www.datacenterdynamics.com/en/news/officials-in-meade-county-kentucky-reject-data-center-rezoning-plan/; https://www.wave3.com/2025/10/14/meade-county-zoning-commission-votes-against-data-center/; https://www.wdrb.com/news/meade-county-commission-votes-unanimously-not-to-rezone-138-acre-site-for-proposed-data-center/article_05d308e7-72bb-461c-8b4a-7194a55ab4d3.html; https://www.wdrb.com/news/neighbors-push-back-against-proposed-ai-data-center-in-meade-county/article_5576cf12-2e88-422a-ac08-d94b30d4cce9.html; https://www.whas11.com/article/news/local/meade-ocunty-data-center-proposal-rejected-community/417-dd3e0b31-e31e-4f0e-b3a2-c0cf56357b16
grp_e07dac41,Meade County Residents Against Data Centers,Meade County Residents Against Data Centers,1,KY,2025-10-14,2025-10-14,https://datacenterwatch.substack.com/p/briefing-10172025; https://www.change.org/p/stop-the-ai-data-center-construction-in-ekron-ky; https://www.datacenterdynamics.com/en/news/officials-in-meade-county-kentucky-reject-data-center-rezoning-plan/; https://www.wave3.com/2025/10/14/meade-county-zoning-commission-votes-against-data-center/; https://www.wdrb.com/news/meade-county-commission-votes-unanimously-not-to-rezone-138-acre-site-for-proposed-data-center/article_05d308e7-72bb-461c-8b4a-7194a55ab4d3.html; https://www.wdrb.com/news/neighbors-push-back-against-proposed-ai-data-center-in-meade-county/article_5576cf12-2e88-422a-ac08-d94b30d4cce9.html; https://www.whas11.com/article/news/local/meade-ocunty-data-center-proposal-rejected-community/417-dd3e0b31-e31e-4f0e-b3a2-c0cf56357b16
grp_b5a3cfaa,MediaJustice,MediaJustice,1,TX,2026-01-09,2026-01-09,https://time.com/7362401/ai-stargate-data-center-abilene-housing-crisis/; https://www.texasobserver.org/abilene-texas-stargate-natural-gas-plant-harms/; https://www.texasmonthly.com/news-politics/abilene-stargate-artificial-intelligence/; https://finance.yahoo.com/news/openais-100-billion-texas-stargate-180016053.html; https://www.datacenterdynamics.com/en/news/openai-pledges-to-pay-its-own-way-to-power-stargate-data-centers/; https://www.bigcountryhomepage.com/news/residents-demand-transparency-in-abilene-ai-data-center-project/; https://www.datacenterdynamics.com/en/news/crusoe-secures-116bn-in-debt-and-equity-for-openais-stargate-data-center-campus-in-abilene-texas/; https://www.datacenterdynamics.com/en/news/crusoe-tops-out-final-building-at-openai-stargate-data-center-campus-in-abilene-texas/; https://www.crusoe.ai/resources/newsroom/crusoe-expands-ai-data-center-campus-in-abilene-to-1-2-gigawatts; https://www.datacenterdynamics.com/en/news/softbanks-sb-energy-to-build-and-operate-openais-12gw-stargate-data-center-in-milam-county-texas/; https://openai.com/index/five-new-stargate-sites/; https://openai.com/index/stargate-sb-energy-partnership/; https://winbuzzer.com/2026/01/09/openai-and-softbank-commit-1-billion-to-sb-energy-launching-1-2-gw-stargate-site-in-texas-xcxwbn/; https://pv-magazine-usa.com/2026/01/12/sb-energy-secures-1-billion-from-openai-and-softbank-for-stargate-datacenter-expansion/
grp_0a66a724,"Memphis City Council members (Cooper-Sutton, Walker, Ford Sr.)","Memphis City Council members (Cooper-Sutton, Walker, Ford Sr.)",1,TN,2025-03-04,2025-03-04,https://wreg.com/news/memphis-city-council-approves-xai-land-deal/; https://dailymemphian.com/section/metrocity-of-memphis/article/50612/xai-memphis-city-council-final-approval-land-deal-southwest
grp_54c171d4,Memphis Community Against Pollution (MCAP),Memphis Community Against Pollution (MCAP),1,TN,2025-08-01,2025-08-01,https://www.ehn.org/community-pushback-grows-over-musk-backed-supercomputer-in-southwest-memphis; https://tennesseelookout.com/2025/07/07/a-billionaire-an-ai-supercomputer-toxic-emissions-and-a-memphis-community-that-did-nothing-wrong/; https://time.com/7308925/elon-musk-memphis-ai-data-center/; https://www.selc.org/news/resistance-against-elon-musks-xai-facility-in-south-memphis-gets-stronger/; https://insideclimatenews.org/news/17072025/elon-musk-xai-data-center-gas-turbines-memphis/; https://www.actionnews5.com/2026/02/13/selc-plans-sue-xai-over-gas-turbines-mississippi/; https://www.cnbc.com/2026/01/16/musks-xai-faces-tougher-road-expanding-memphis-area-after-epa-update.html; https://www.datacenterdynamics.com/en/news/elon-musks-xai-to-spend-659m-on-new-building-for-memphis-data-center-cluster/; https://naacp.org/articles/naacp-and-advocacy-groups-appeal-permit-xais-south-memphis-data-center-decisions-around; https://www.selc.org/news/xai-built-an-illegal-power-plant-to-power-its-data-center/; https://www.selc.org/press-release/new-images-reveal-elon-musks-xai-datacenter-has-nearly-doubled-its-number-of-polluting-unpermitted-gas-turbines/; https://prismreports.org/2025/06/18/xai-memphis-data-center-pollution/
grp_f289d912,Memphis Has The Power,Memphis Has The Power,1,TN,2025-08-01,2025-08-01,https://www.ehn.org/community-pushback-grows-over-musk-backed-supercomputer-in-southwest-memphis; https://tennesseelookout.com/2025/07/07/a-billionaire-an-ai-supercomputer-toxic-emissions-and-a-memphis-community-that-did-nothing-wrong/; https://time.com/7308925/elon-musk-memphis-ai-data-center/; https://www.selc.org/news/resistance-against-elon-musks-xai-facility-in-south-memphis-gets-stronger/; https://insideclimatenews.org/news/17072025/elon-musk-xai-data-center-gas-turbines-memphis/; https://www.actionnews5.com/2026/02/13/selc-plans-sue-xai-over-gas-turbines-mississippi/; https://www.cnbc.com/2026/01/16/musks-xai-faces-tougher-road-expanding-memphis-area-after-epa-update.html; https://www.datacenterdynamics.com/en/news/elon-musks-xai-to-spend-659m-on-new-building-for-memphis-data-center-cluster/; https://naacp.org/articles/naacp-and-advocacy-groups-appeal-permit-xais-south-memphis-data-center-decisions-around; https://www.selc.org/news/xai-built-an-illegal-power-plant-to-power-its-data-center/; https://www.selc.org/press-release/new-images-reveal-elon-musks-xai-datacenter-has-nearly-doubled-its-number-of-polluting-unpermitted-gas-turbines/; https://prismreports.org/2025/06/18/xai-memphis-data-center-pollution/
grp_8ed7167e,Metropolitan Congregations United,Metropolitan Congregations United,1,MO,2026-04-21,2026-04-21,https://www.stlpr.org/government-politics-issues/2026-03-31/st-louis-mayor-cara-spencer-armory-data-center-zoning; https://www.ksdk.com/article/news/local/mayor-cara-spencer-city-board-postpone-vote-armory-data-center/63-4586cc07-32c7-46ad-a71b-5a92ba7b4323; https://www.change.org/p/no-more-data-centers-in-st-louis; https://www.stlpr.org/government-politics-issues/2026-04-21/data-center-project-near-armory-final-approval-st-louis; https://www.stlmag.com/news/midtown-data-center-armory-board-of-public-service/; https://www.stlouis-mo.gov/government/departments/mayor/news/data-center-permit-approved.cfm
grp_72101d8c,Michigan AG Dana Nessel,Michigan AG Dana Nessel,1,MI,2026-01-08,2026-01-08,https://michiganadvance.com/2026/01/09/nessel-and-advocates-seek-rehearing-on-conditional-approval-of-dte-data-center-contracts/; https://planetdetroit.org/2026/01/dte-energy-data-center-contracts/; https://www.thecentersquare.com/michigan/article_bb893282-cfcc-442b-8471-be2256a61905.html
grp_d4bb51aa,Michigan Economic Development Responsibility Alliance,Michigan Economic Development Responsibility Alliance,4,MI,2026-03-03,2026-04-14,https://www.wkar.org/wkar-news/2026-03-18/east-lansing-passes-data-center-moratorium-while-evaluating-zoning-ordinances; https://eastlansinginfo.news/east-lansing-council-delays-vote-on-apartment-places-moratorium-on-data-centers-officially-discontinues-el-fresco/; https://bridgemi.com/michigan-environment-watch/at-least-19-michigan-towns-pause-data-centers-no-one-knows-if-itll-work/; https://www.cnbc.com/2026/01/07/microsoft-behind-controversial-data-center-in-michigan-township.html; https://www.crainsgrandrapids.com/news/economic-development/microsoft-faces-the-public-as-it-pursues-two-grand-rapids-area-data-center-projects/; https://www.woodtv.com/news/kent-county/gaines-township-planning-commission-to-hold-hearing-on-data-center-rezoning/; https://planetdetroit.org/2026/03/detroit-data-center-moratorium/; https://www.michiganpublic.org/environment-climate-change/2026-03-18/detroit-city-council-asks-mayor-to-consider-data-center-moratorium; https://www.bridgedetroit.com/data-center-moratorium-for-detroit/; https://www.bridgedetroit.com/detroit-convenes-working-group-for-data-center-zoning-policy/; https://wdet.org/2026/04/16/the-metro-detroit-is-trying-to-write-the-rules-before-big-tech-moves-in/
grp_1b310011,Michigan Environmental Council,Michigan Environmental Council,4,MI,2025-10-31,2026-01-12,https://www.michigan.gov/mpsc/commission/news-releases/2025/12/18/mpsc-approves-dte-electric-energy-contracts-for-data-center; https://cubofmichigan.org/blog/mpsc-grants-expedited-approval-for-dte-contracts-with-hyperscale-data-center/; https://www.tdworld.com/utility-business/news/55340640/michigan-regulators-approve-dte-data-center-power-contracts-with-added-ratepayer-protections; https://www.nrdc.org/press-releases/environmental-groups-file-contested-case-hearing-saline-data-center; https://www.sierraclub.org/michigan/blog/2025/12/mpsc-fails-transparency-test-approving-dte-data-center-deal-outside-formal; https://michiganadvance.com/2026/01/09/nessel-and-advocates-seek-rehearing-on-conditional-approval-of-dte-data-center-contracts/; https://planetdetroit.org/2026/01/dte-energy-data-center-contracts/; https://www.thecentersquare.com/michigan/article_bb893282-cfcc-442b-8471-be2256a61905.html; https://themanchestermirror.com/2026/01/05/regulators-approve-dte-contracts-for-saline-township-data-center/; https://bridgemi.com/michigan-environment-watch/michigan-regulators-approve-contract-for-michigans-first-hyperscale-data-center/; https://www.tomshardware.com/tech-industry/artificial-intelligence/openais-stargate-data-center-gets-approval-to-receive-1-4-gigawatts-of-power-in-michigan-some-residents-furious-as-energy-company-is-given-go-ahead-by-regulatory-body-without-hearing-opposition; https://planetdetroit.org/2026/01/dte-agrees-saline-data-center-conditions/; https://www.related-digital.com/news/openai-oracle-and-related-digital-announce-stargate-data-center-site-in-michigan; https://www.wxyz.com/news/data-centers/michigan-public-service-commission-approves-dte-contract-for-saline-township-data-center-project; https://www.michiganpublic.org/economy/2026-04-25/saline-township-data-center-major-construction-underway-financing-secured; https://www.edtechinnovationhub.com/news/openai-and-oracle-commit-to-union-built-stargate-data-center-in-michigan; https://michiganadvance.com/2025/12/18/public-service-commission-approves-dte-data-center-contracts-with-strings-attached/; https://eu.detroitnews.com/story/news/local/michigan/2025/12/18/mpsc-approves-dte-saline-township-data-center-contracts-conditions/87813803007/; https://planetdetroit.org/2025/12/dte-data-center-contracts-approved/
grp_85e0732a,Michigan Sierra Club,Michigan Sierra Club,2,MI,2026-03-10,2026-04-14,https://planetdetroit.org/2026/03/detroit-data-center-moratorium/; https://www.michiganpublic.org/environment-climate-change/2026-03-18/detroit-city-council-asks-mayor-to-consider-data-center-moratorium; https://www.bridgedetroit.com/data-center-moratorium-for-detroit/; https://www.bridgedetroit.com/detroit-convenes-working-group-for-data-center-zoning-policy/; https://wdet.org/2026/04/16/the-metro-detroit-is-trying-to-write-the-rules-before-big-tech-moves-in/
grp_9d74d0df,Michiganders Against Data Centers,Michiganders Against Data Centers,26,MI,2025-10-14,2026-06-17,https://www.interlochenpublicradio.org/ipr-news/2026-02-10/charlevoix-area-township-passes-data-center-moratorium; https://upnorthlive.com/news/local/hayes-township-considers-moratorium-on-data-center-applications; https://www.wkar.org/wkar-news/2026-02-27/michigan-data-center-tracker-moratoria-legislation-and-grid-impact; https://titletrackmichigan.org/datacenters/; https://www.change.org/p/ban-ai-data-centers-in-michigan; https://www.wnem.com/2026/01/22/grand-blanc-twp-passes-moratorium-data-centers/; https://planetdetroit.org/2026/04/michigan-anti-data-center-rallies/; https://www.wilx.com/2026/04/12/rallies-held-across-michigan-oppose-data-center-development/; https://www.fox47news.com/neighborhoods/downtown-old-town-reo-town/michigan-residents-rally-in-lansing-and-across-the-state-to-protest-proposed-data-center-developments; https://wwmt.com/news/local/oshtemo-charter-township-considers-data-center-moratorium-portage-ai-artificial-intelligence-debate-development-battery-energy-bess-west-michigan; https://wkzo.com/2026/02/25/894892/; https://wwmt.com/news/local/portage-considers-one-year-moratorium-data-centers-battery-energy-storage-systems-bess-facilities-development-michigan-wwmt; https://www.portagemi.gov/m/newsflash/home/detail/1831; https://datacenterwatch.substack.com/p/briefing-12192025; https://grist.org/elections/a-michigan-town-hopes-to-stop-a-data-center-with-a-2026-ballot-initiative/; https://bridgemi.com/michigan-environment-watch/at-least-19-michigan-towns-pause-data-centers-no-one-knows-if-itll-work/; https://planetdetroit.org/2025/12/michigan-ai-data-center-protest/; https://edraofmi.org/about-edra-mi; https://www.fox17online.com/news/local-news/kent/caledonia-township-puts-6-month-pause-on-data-center-development-to-review-industrial-standards; https://www.wzzm13.com/article/news/local/caledonia-data-center-moratorium/69-6fe38f60-5ecf-4404-bfbc-7a5e1b377d7e; https://www.detroitnews.com/story/news/local/macomb-county/2025/12/30/northern-macomb-co-washington-residents-rally-proposed-data-center-tax-base-boost/87832882007/; https://stopwtdatacenter.org/; https://planetdetroit.org/2025/12/washington-township-data-center-hearing/; http://www.lenox-mi.gov/m/newsflash?cat=7; https://eu.detroitnews.com/story/news/local/macomb-county/2026/02/03/sterling-heights-passes-moratorium-on-data-centers/88493407007/; https://www.wxyz.com/news/data-centers/sterling-heights-city-council-approves-moratorium-on-data-centers; https://www.cbsnews.com/detroit/news/sterling-heights-passes-1-year-moratorium-on-data-center-site-requests/; https://hoodline.com/2026/02/sterling-heights-city-council-enacts-one-year-moratorium-on-data-center-development-amid-zoning-ordinance-review/; https://www.cbsnews.com/amp/detroit/news/sterling-heights-passes-1-year-moratorium-on-data-center-site-requests/; https://www.bigrapidsnews.com/news/article/new-ordinance-bans-data-centers-big-rapids-21225421.php; https://www.detroitnews.com/story/news/local/oakland-county/2026/01/07/springfield-twp-passes-temporary-data-center-moratorium/88049214007/; https://www.govtech.com/artificial-intelligence/michigan-township-passes-temporary-data-center-moratorium; https://planetdetroit.org/2026/01/data-center-moratorium-northville/; https://www.detroitnews.com/story/news/local/oakland-county/2026/01/21/pontiac-latest-community-to-pass-data-center-moratorium/88286730007/; https://www.crainsdetroit.com/real-estate/concord-infrastructure-partners-pitches-data-center-deadline; https://planetdetroit.org/2026/03/lawmakers-propose-michigan-data-center-moratorium/; https://www.whmi.com/news/article/city-of-south-lyon-adopts-12-month-moratorium-on-data-center-applications; https://eu.detroitnews.com/story/news/local/michigan/2026/02/16/metro-detroit-communities-scramble-regulate-restrict-data-centers-moratoriums-zoning-limits/88516840007/; https://www.wnem.com/2026/01/13/city-saginaw-placing-moratorium-data-centers/; https://www.abc12.com/news/local/saginaw-moratorium-proactively-blocks-data-center-projects/article_7b230f5d-0639-443c-a499-1a5a281bad49.html; https://themanchestermirror.com/2026/02/09/data-center-moratoriums-pile-up-in-michigan-no-one-knows-if-theyll-work/; https://www.wemu.org/wemu-news/2025-11-17/pittsfield-township-to-vote-on-data-center-moratorium; https://thesalinepost.com/g/saline-mi/n/349655/pittsfield-township-considers-moratorium-approval-data-centers; https://thesuntimesnews.com/sylvan-township-decides-on-data-center-moratorium-and-new-computers/; https://www.wemu.org/wemu-news/2026-02-12/york-township-places-six-month-moratorium-on-data-center-plans; https://planetdetroit.org/2025/12/york-township-data-center-concerns/; https://www.change.org/p/allen-park-residents-only-rejection-of-ai-data-centers-in-allen-park-mi; https://www.datacenterdynamics.com/en/news/data-center-proposal-in-allen-park-michigan-postponed-in-response-to-calls-for-greater-scrutiny/; https://hoodline.com/2026/02/allen-park-neighbors-revolt-over-solstice-data-center-plan/; https://www.change.org/p/non-allen-park-mi-residents-help-keep-ai-data-centers-out-of-wayne-county-cities-listed; https://planetdetroit.org/2026/01/allen-park-data-center-proposal/; https://www.thenewsherald.com/2026/01/06/protest-planned-before-meeting-to-consider-allen-park-data-center/; https://eu.detroitnews.com/story/news/local/michigan/2026/03/17/google-weighs-joining-van-buren-township-data-center-project-dte-energy/89187228007/; https://www.cbsnews.com/detroit/news/google-van-buren-township-data-center-plan/; https://www.michiganpublic.org/transportation-infrastructure/2026-03-18/google-revealed-as-company-behind-hyperscale-data-center-project-cannoli; https://planetdetroit.org/2026/03/google-dte-data-center-van-buren/; https://michiganadvance.com/2026/03/17/google-and-dte-announce-van-buren-township-data-center-agreement-commit-to-contested-case-hearing/; https://www.detroitnews.com/story/news/local/wayne-county/2026/02/28/van-buren-twp-approves-step-for-massive-data-center/88862741007/; https://writing.strisker.com/data-centers-daily-notes-june-17-2026/
grp_b6591e74,Midwest Environmental Advocates,Midwest Environmental Advocates,2,WI,2025-09-16,2026-06-12,https://writing.strisker.com/data-centers-daily-notes-april-23-2026/; https://www.jsonline.com/story/communities/north/2026/04/23/dnr-reviews-data-center-backup-diesel-generators-advocates-push-back/89658654007/; https://wisconsinexaminer.com/2026/04/14/residents-plead-with-dnr-to-deny-port-washington-data-center-air-pollution-permit/; https://www.wpr.org/news/port-washington-residents-urge-dnr-to-deny-air-quality-permits-for-data-center; https://urbanmilwaukee.com/2026/04/15/port-washington-residents-urge-dnr-deny-air-quality-permits-for-data-center/; https://racinecountyeye.com/2026/04/14/data-center-dnr-air-pollution/; https://dnr.wisconsin.gov/topic/EIA/Portwashington.html; https://www.gmtoday.com/news_graphic/news/lighthouse-data-center-environmental-impact/article_a7ac3565-8fcb-4760-9955-455eb1bdf551.html; https://midwestadvocates.org/mea-takes-legal-action-to-compel-city-of-racine-to-disclose-data-centers-projected-water-use/; https://www.wpr.org/news/microsoft-data-centers-lawsuit-force-release-projected-water-use; https://urbanmilwaukee.com/pressrelease/environmental-groups-sue-city-of-racine-for-public-records-on-water-use-at-mount-pleasant-data-center/
grp_56a8bdb8,Millard County Residents Against Solar Farm,Millard County Residents Against Solar Farm,1,UT,2026-04-22,2026-04-22,https://www.abc4.com/news/central-utah/millard-county-solar-project-ai-centers-public-opposition/; https://pv-magazine-usa.com/2026/03/11/creekstone-energy-secures-13000-acre-lease-for-1-gw-solar-project-in-utah/; https://www.utahbusiness.com/press-releases/2026/04/22/creekstone-energy-secures-largest-solar-lease-utah-millard-county-delta/; https://www.ksl.com/article/51487925/creekstone-energy-secures-largest-solar-lease-in-utah-history-to-help-power-delta-gigasite/
grp_505160c2,Milwaukee Riverkeeper,Milwaukee Riverkeeper,1,WI,2025-09-16,2025-09-16,https://midwestadvocates.org/mea-takes-legal-action-to-compel-city-of-racine-to-disclose-data-centers-projected-water-use/; https://www.wpr.org/news/microsoft-data-centers-lawsuit-force-release-projected-water-use; https://urbanmilwaukee.com/pressrelease/environmental-groups-sue-city-of-racine-for-public-records-on-water-use-at-mount-pleasant-data-center/
grp_fd52b82f,Minnesota Center for Environmental Advocacy,Minnesota Center for Environmental Advocacy,7,MN,2025-08-01,2026-03-09,https://www.mncenter.org/data-centers-lawsuits; https://www.hometownsource.com/sun_thisweek/community/lakeville/lakeville-defends-its-environmental-review-of-an-alleged-data-center-project/article_64f3b99d-6cef-4669-bac3-6bd1d21b2554.html; https://www.mncenter.org/press-release-pine-island-data-center-environmental-study-appealed; https://www.postbulletin.com/news/local/flurry-of-filings-come-as-court-dates-draw-near-for-pine-island-data-center; https://www.kttc.com/2025/10/09/pine-island-data-center-project-faces-community-opposition/; https://www.mankatofreepress.com/news/local_news/data-center-plans-stalled-in-north-mankato-after-developer-backs-out/article_d0617045-9eed-4633-a055-aed5b0405879.html; https://www.mncenter.org/latest-our-data-center-lawsuits-mceas-chief-legal-officer; https://www.mncenter.org/press-release-new-lawsuits-highlight-shortcomings-and-lack-transparency-surrounding-environmental; https://radiomankato.com/mcea-sues-lakeville-and-north-mankato-over-data-center-proposals/; https://fmr.org/updates/general-water-legislative-land-use-planning/fmr-endorses-pause-data-centers; https://www.datacenterdynamics.com/en/news/state-wide-data-center-moratorium-set-to-be-proposed-in-minnesota/; https://www.house.mn.gov/sessiondaily/Story/18838; https://www.mncenter.org/op-ed-data-center-proposals-are-moving-faster-policy-minnesota; https://www.mprnews.org/story/2026/02/20/data-center-opponents-call-for-statewide-moratorium-new-regulations; https://www.northernnewsnow.com/video/2026/03/04/minnesota-senator-introduce-data-center-moratorium/; https://www.revisor.mn.gov/bills/94/2025/0/SF/608/?body=senate; https://www.twincities.com/2026/02/18/data-center-opponents-bring-swelling-opposition-to-minnesota-capitol/; https://www.womenspress.com/minnesota-lawmakers-and-activists-call-for-moratorium-on-data-centers/; https://www.startribune.com/what-did-and-did-not-pass-in-the-2026-legislative-session/601843141; https://www.southernminn.com/faribault_daily_news/news/state/mcea-files-appeal-against-faribault-for-inadequate-environmental-review-for-proposed-data-center-impacts/article_ec54a331-7b27-42f0-99b1-308fae7080d0.html; https://www.mprnews.org/story/2026/04/08/opponents-of-data-centers-join-with-critics-of-power-line-proposal-in-northern-minnesota; https://www.kaxe.org/local-news/2026-04-06/public-meetings-april-6-9-for-proposed-iron-range-tranmission-line; https://stopthehermantowndatacenter.org/; https://www.mncenter.org/release-hermantown-data-center-environmental-study-appealed; https://www.hometownsource.com/monticello_times/environmental-group-files-lawsuit-challenging-monticello-data-center-review/article_d5ffa609-757b-485d-b8b4-ef8e3ead2694.html; https://www.fox9.com/news/monticello-residents-rally-against-proposed-data-centers-march-2026; https://www.hometownsource.com/monticello_times/data-center-pushback-gains-momentum/article_289f1599-95ad-4b59-9298-482b565dbf14.html; https://www.kare11.com/article/news/local/proposed-data-centers-in-monticello-spark-community-backlash/89-9f0aa475-3d16-4ab5-8b06-27f4cea6b408
grp_9c1274fc,Minnesota Center for Environmental Advocacy (MCEA),Minnesota Center for Environmental Advocacy (MCEA),2,MN,2025-10-20,2026-02-20,https://fmr.org/updates/general-water-legislative-land-use-planning/fmr-endorses-pause-data-centers; https://www.datacenterdynamics.com/en/news/state-wide-data-center-moratorium-set-to-be-proposed-in-minnesota/; https://www.house.mn.gov/sessiondaily/Story/18838; https://www.mncenter.org/op-ed-data-center-proposals-are-moving-faster-policy-minnesota; https://www.mprnews.org/story/2026/02/20/data-center-opponents-call-for-statewide-moratorium-new-regulations; https://www.northernnewsnow.com/video/2026/03/04/minnesota-senator-introduce-data-center-moratorium/; https://www.revisor.mn.gov/bills/94/2025/0/SF/608/?body=senate; https://www.twincities.com/2026/02/18/data-center-opponents-bring-swelling-opposition-to-minnesota-capitol/; https://www.womenspress.com/minnesota-lawmakers-and-activists-call-for-moratorium-on-data-centers/; https://www.startribune.com/what-did-and-did-not-pass-in-the-2026-legislative-session/601843141; https://www.mprnews.org/story/2026/04/08/opponents-of-data-centers-join-with-critics-of-power-line-proposal-in-northern-minnesota; https://www.kaxe.org/local-news/2026-04-06/public-meetings-april-6-9-for-proposed-iron-range-tranmission-line; https://stopthehermantowndatacenter.org/; https://www.mncenter.org/release-hermantown-data-center-environmental-study-appealed
grp_6c682b14,Minooka residents (ad hoc),Minooka residents (ad hoc),1,IL,2025-10-01,2025-10-01,https://www.wcsjnews.com/news/local/progress-update-on-equinix-data-center-in-minooka/article_a83b2af7-f341-4bf8-a050-cb64e461edba.html; https://insideclimatenews.org/news/16062025/illinois-data-centers-water-use/; https://therealdeal.com/chicago/2025/03/24/rural-illinois-embraces-resource-sapping-data-centers/
grp_cf755a21,Mishicot-area residents and family farms (ad hoc coalition),Mishicot-area residents and family farms (ad hoc coalition),3,WI,2026-02-01,2026-02-01,https://www.wpr.org/news/northeast-wisconsin-towns-1-year-moratorium-data-centers; https://fox11online.com/news/local/mishicot-area-residents-and-family-farms-rally-against-proposed-ai-data-center-cloverleaf-infrastructure-nsi-land-services-two-creeks-anthony-barta-northeast-wisconsin-artificial-intelligence; https://www.nbc26.com/lakeshore/three-wisconsin-lakeshore-communities-unite-to-pass-data-center-moratorium; https://www.wbay.com/2026/01/27/mishicot-community-voices-concern-over-proposed-ai-data-centers/; https://www.seehafernews.com/2026/01/27/speakers-express-concern-to-mishicot-residents-about-proposed-ai-data-center/
grp_bcd96797,Missouri Coalition for the Environment,Missouri Coalition for the Environment,3,MO,2025-11-19,2026-05-19,https://www.komu.com/news/midmissourinews/missouri-leadership-pushes-data-center-development-despite-electricity-environmental-fears/article_73d1d49a-b2d2-4d9d-8187-0e891f613f52.html; https://moenvironment.org/about/contact-us/; https://www.kbia.org/kbia-news/2025-10-08/rezoning-request-could-open-door-for-data-center; https://www.columbiamissourian.com/news/local/residents-speak-against-rezoning-farmland-for-possible-data-center/article_7b90506f-981e-4054-b2f6-e316da47de6e.html; https://www.ksdk.com/article/news/local/st-charles-ai-data-center-ban-first-in-nation/63-2c50fbcf-fcad-4b8d-bbcb-3711f6c2d29d; https://www.kcur.org/housing-development-section/2025-08-19/st-charles-data-center-secret-public-opposition; https://www.midriversnewsmagazine.com/news/st-charles-residents-push-back-on-hyperscale-data-center-near-city-s-water-source/article_0892c124-6c4c-4ca0-a741-ee7275fbfeb0.html; https://www.firstalert4.com/2025/08/23/st-charles-places-1-year-pause-data-center-projects/; https://www.kcur.org/housing-development-section/2025-09-08/google-missouri-data-center-st-charles; https://www.kcur.org/politics-elections-and-government/2026-02-26/missouri-data-center-rules-water-electricity; https://www.stlpr.org/economy-business/2025-09-08/documents-link-secretive-st-charles-data-center-google; https://www.stlpr.org/news-briefs/2025-08-18/developer-controversial-data-center-st-charles; https://www.govtech.com/products/proposed-st-charles-mo-data-center-is-dead-for-now; https://grha.org/blogs/news/victory-for-the-confluence-data-center-withdrawn-amid-environmental-concerns; https://www.ksdk.com/article/money/economy/energy/missouri-massive-data-center-st-charles-secretive-power-water-worries-polluted-groundwater-protected-wetland/63-cdae3e73-efab-4c0c-9215-938d064188e3; https://www.stltoday.com/news/local/stcharles/article_c58f3b3e-c549-471a-9bf7-f1c9ee7c59b1.html; https://baxtel.com/data-center/project-cumulus; https://www.stltoday.com/news/local/st-charles/article_cc69ee91-9269-42c1-8a23-5a93d1c05679.html; https://www.datacenterdynamics.com/en/news/bernie-sanders-praises-residents-after-developers-shelve-planned-data-center-in-st-charles-missouri/; https://www.change.org/p/stop-the-hazardous-data-center-in-st-charles-protect-our-water-health-and-community; https://grha.org; https://www.stlmag.com/business/rural-missouri-data-center-battleground/; https://www.kcur.org/housing-development-section/2025-08-23/st-charles-data-center-year-ban; https://www.govtech.com/policy/st-charles-mo-moves-to-ban-data-centers-for-1-year; https://www.stlpr.org/government-politics-issues/2026-02-27/festus-leaders-next-step-approving-proposed-data-center; https://www.stlpr.org/government-politics-issues/2025-11-13/developer-eyes-festus-site-new-data-center-development; https://www.ksdk.com/article/news/politics/festus-residents-clash-over-data-center-proposal-at-city-council-meeting/63-c21a8c0d-169b-47ec-aa06-107395cdb6f7; https://www.kcur.org/housing-development-section/2025-11-15/data-center-developer-missouri-festus-st-charles; https://www.datacenterdynamics.com/en/news/developer-eyes-240-acre-data-center-campus-in-festus-missouri/; https://www.myleaderpaper.com/news/festus-second-data-center-lawsuit-filed/article_576699c7-2a83-48e4-a3bd-824b9ae760d1.html; https://www.ksdk.com/article/news/local/business-journal/st-charles-moves-to-permanently-ban-data-centers/63-3e1aa0a7-f1f0-4d30-b6b5-0f08648b55c5; https://fox2now.com/news/missouri/st-charles-considering-permanent-ban-on-data-centers/; https://www.stlpr.org/news-briefs/2026-02-10/st-charles-officials-table-vote-banning-large-scale-data-centers-april; https://www.firstalert4.com/2026/02/10/st-charles-planning-zoning-table-proposal-ban-data-centers/; https://www.ksdk.com/article/news/politics/st-charles-city-council-votes-7-1-to-effectively-ban-data-centers/63-7c9264ad-1dc5-4c38-853a-1f7cddf9c2ac; https://www.stlpr.org/2026-05-20/st-charles-passes-a-ban-on-data-centers; https://fox2now.com/news/missouri/st-charles-council-to-consider-ban-on-large-data-centers/; https://www.stlpr.org/government-politics-issues/2026-03-31/st-louis-mayor-cara-spencer-armory-data-center-zoning; https://www.ksdk.com/article/news/local/mayor-cara-spencer-city-board-postpone-vote-armory-data-center/63-4586cc07-32c7-46ad-a71b-5a92ba7b4323; https://www.change.org/p/no-more-data-centers-in-st-louis; https://www.stlpr.org/government-politics-issues/2026-04-21/data-center-project-near-armory-final-approval-st-louis; https://www.stlmag.com/news/midtown-data-center-armory-board-of-public-service/; https://www.stlouis-mo.gov/government/departments/mayor/news/data-center-permit-approved.cfm
grp_9dbb49aa,Missouri Future Caucus,Missouri Future Caucus,1,MO,2026-02-26,2026-02-26,https://www.stlpr.org/government-politics-issues/2026-02-26/missouri-lawmakers-propose-water-power-usage-requirements-data-centers; https://www.kcur.org/politics-elections-and-government/2026-02-26/missouri-data-center-rules-water-electricity; https://www.missourinet.com/2026/02/27/missouris-josh-hawley-says-major-tech-companies-should-pay-for-energy-and-water-usage-generated-by-their-data-centers/; https://www.ky3.com/2026/02/27/missouri-future-caucus-prioritizes-legislation-regulate-ai-data-centers/; https://www.centralmoinfo.com/lawmakers-target-data-center-impacts/; https://house.mo.gov/PressRelease.aspx?prid=387; https://www.kait8.com/2026/05/25/missouri-lawmakers-fail-pass-ai-regulations-during-2026-legislative-session/
grp_dc302615,Missouri Jobs with Justice,Missouri Jobs with Justice,1,MO,2026-04-21,2026-04-21,https://www.stlpr.org/government-politics-issues/2026-03-31/st-louis-mayor-cara-spencer-armory-data-center-zoning; https://www.ksdk.com/article/news/local/mayor-cara-spencer-city-board-postpone-vote-armory-data-center/63-4586cc07-32c7-46ad-a71b-5a92ba7b4323; https://www.change.org/p/no-more-data-centers-in-st-louis; https://www.stlpr.org/government-politics-issues/2026-04-21/data-center-project-near-armory-final-approval-st-louis; https://www.stlmag.com/news/midtown-data-center-armory-board-of-public-service/; https://www.stlouis-mo.gov/government/departments/mayor/news/data-center-permit-approved.cfm
grp_612bce8a,Missouri Workers Center,Missouri Workers Center,2,MO,2026-04-21,2026-05-19,https://www.ksdk.com/article/news/local/st-charles-ai-data-center-ban-first-in-nation/63-2c50fbcf-fcad-4b8d-bbcb-3711f6c2d29d; https://www.kcur.org/housing-development-section/2025-08-19/st-charles-data-center-secret-public-opposition; https://www.midriversnewsmagazine.com/news/st-charles-residents-push-back-on-hyperscale-data-center-near-city-s-water-source/article_0892c124-6c4c-4ca0-a741-ee7275fbfeb0.html; https://www.firstalert4.com/2025/08/23/st-charles-places-1-year-pause-data-center-projects/; https://www.kcur.org/housing-development-section/2025-09-08/google-missouri-data-center-st-charles; https://www.kcur.org/politics-elections-and-government/2026-02-26/missouri-data-center-rules-water-electricity; https://www.stlpr.org/economy-business/2025-09-08/documents-link-secretive-st-charles-data-center-google; https://www.stlpr.org/news-briefs/2025-08-18/developer-controversial-data-center-st-charles; https://www.govtech.com/products/proposed-st-charles-mo-data-center-is-dead-for-now; https://grha.org/blogs/news/victory-for-the-confluence-data-center-withdrawn-amid-environmental-concerns; https://www.ksdk.com/article/money/economy/energy/missouri-massive-data-center-st-charles-secretive-power-water-worries-polluted-groundwater-protected-wetland/63-cdae3e73-efab-4c0c-9215-938d064188e3; https://www.stltoday.com/news/local/stcharles/article_c58f3b3e-c549-471a-9bf7-f1c9ee7c59b1.html; https://baxtel.com/data-center/project-cumulus; https://www.stltoday.com/news/local/st-charles/article_cc69ee91-9269-42c1-8a23-5a93d1c05679.html; https://www.datacenterdynamics.com/en/news/bernie-sanders-praises-residents-after-developers-shelve-planned-data-center-in-st-charles-missouri/; https://www.change.org/p/stop-the-hazardous-data-center-in-st-charles-protect-our-water-health-and-community; https://grha.org; https://www.stlmag.com/business/rural-missouri-data-center-battleground/; https://www.kcur.org/housing-development-section/2025-08-23/st-charles-data-center-year-ban; https://www.govtech.com/policy/st-charles-mo-moves-to-ban-data-centers-for-1-year; https://www.stlpr.org/government-politics-issues/2026-02-27/festus-leaders-next-step-approving-proposed-data-center; https://www.stlpr.org/government-politics-issues/2025-11-13/developer-eyes-festus-site-new-data-center-development; https://www.ksdk.com/article/news/politics/festus-residents-clash-over-data-center-proposal-at-city-council-meeting/63-c21a8c0d-169b-47ec-aa06-107395cdb6f7; https://www.kcur.org/housing-development-section/2025-11-15/data-center-developer-missouri-festus-st-charles; https://www.datacenterdynamics.com/en/news/developer-eyes-240-acre-data-center-campus-in-festus-missouri/; https://www.myleaderpaper.com/news/festus-second-data-center-lawsuit-filed/article_576699c7-2a83-48e4-a3bd-824b9ae760d1.html; https://www.ksdk.com/article/news/local/business-journal/st-charles-moves-to-permanently-ban-data-centers/63-3e1aa0a7-f1f0-4d30-b6b5-0f08648b55c5; https://fox2now.com/news/missouri/st-charles-considering-permanent-ban-on-data-centers/; https://www.stlpr.org/news-briefs/2026-02-10/st-charles-officials-table-vote-banning-large-scale-data-centers-april; https://www.firstalert4.com/2026/02/10/st-charles-planning-zoning-table-proposal-ban-data-centers/; https://www.ksdk.com/article/news/politics/st-charles-city-council-votes-7-1-to-effectively-ban-data-centers/63-7c9264ad-1dc5-4c38-853a-1f7cddf9c2ac; https://www.stlpr.org/2026-05-20/st-charles-passes-a-ban-on-data-centers; https://fox2now.com/news/missouri/st-charles-council-to-consider-ban-on-large-data-centers/; https://www.stlpr.org/government-politics-issues/2026-03-31/st-louis-mayor-cara-spencer-armory-data-center-zoning; https://www.ksdk.com/article/news/local/mayor-cara-spencer-city-board-postpone-vote-armory-data-center/63-4586cc07-32c7-46ad-a71b-5a92ba7b4323; https://www.change.org/p/no-more-data-centers-in-st-louis; https://www.stlpr.org/government-politics-issues/2026-04-21/data-center-project-near-armory-final-approval-st-louis; https://www.stlmag.com/news/midtown-data-center-armory-board-of-public-service/; https://www.stlouis-mo.gov/government/departments/mayor/news/data-center-permit-approved.cfm
grp_1163a005,Moms Clean Air Force,Moms Clean Air Force,1,WI,2026-01-13,2026-01-13,https://www.wearegreenbay.com/news/local-news/because-of-community-opposition-village-of-greenleaf-no-longer-considered-for-data-center-project/; https://spectrumnews1.com/wi/milwaukee/news/2026/01/13/data-center-withdraws-plans-to-build-in-brown-county-following-community-pushback-greenleaf-; https://fox11online.com/news/local/company-discontinues-possible-ai-data-center-project-in-greenleaf-after-community-backlash; https://www.thecooldown.com/green-business/greenleaf-wisconsin-residents-oppose-data-center/; https://www.wearegreenbay.com/news/local-news/houston-based-real-estate-developer-responds-to-data-center-proposal-concerns-in-northeast-wisconsin/; https://www.cleanwisconsin.org/take-a-stand-against-unchecked-data-center-development/
grp_a8f4a381,Monroe County Against Data Centers,Monroe County Against Data Centers,1,WV,2026-02-01,2026-02-01,https://therealwv.com/2026/02/06/monroe-county-commission-denies-data-center-discussions/; https://mountainstatespotlight.org/2025/12/14/data-center-pushback-lawmakers-respond/; https://www.govtech.com/security/public-outcry-surrounds-west-virginia-data-center-tax-break-bill
grp_03f5194e,Montana Environmental Information Center,Montana Environmental Information Center,4,MT,2025-11-18,2026-06-18,https://dailymontanan.com/2026/02/23/eleven-data-center-developers-in-talks-with-northwestern-group-says/; https://earthjustice.org/press/2025/groups-file-complaint-to-stop-northwestern-energy-from-shifting-data-center-costs-to-residential-customers; https://montanafreepress.org/2025/11/18/groups-push-back-on-montanas-data-center-boom/; https://earthjustice.org/press/2026/groups-challenge-montana-psc-order-that-shields-data-center-plans-from-public-view; https://dailymontanan.com/2026/03/31/northwestern-doesnt-have-to-turn-over-more-data-center-information-in-merger-case/; https://dailymontanan.com/2026/03/13/public-service-commission-cant-keep-data-center-information-secret-says-group/; https://meic.org/data-centers/; https://nbcmontana.com/news/local/proposed-butte-data-center-stirs-debate; https://meic.org/not-so-fast-groups-warn-of-downsides-to-potential-data-centers-in-butte/; https://meic.org/; https://montanafreepress.org/2026/06/18/how-some-montanans-are-taking-data-center-regulation-into-their-own-hands/; https://mlq.ai/news/sabey-data-centers-terminates-606-acre-butte-land-deal-after-rec-silicon-exercises-right-of-first-refusal/
grp_02d146ed,Montana Environmental Information Center (MEIC),Montana Environmental Information Center (MEIC),2,MT,2025-07-31,2026-03-01,https://www.change.org/p/petition-for-transparency-accountability-and-community-protection-regarding-data-center-d7135a15-2195-41e8-b84c-d3acddbfa3c8; https://dailymontanan.com/2026/02/23/eleven-data-center-developers-in-talks-with-northwestern-group-says/; https://meic.org/data-centers/; https://montanafreepress.org/2025/11/18/groups-push-back-on-montanas-data-center-boom/; https://montanafreepress.org/2026/02/12/as-ai-investors-eye-montana-for-new-data-centers-communities-brace-for-water-impacts/; https://dailymontanan.com/2025/11/18/complaint-calls-for-investigation-of-northwestern-energys-conduct-with-data-centers/; https://www.ktvq.com/news/local-news/proposed-ai-data-center-sparks-debate-in-rural-montana
grp_93acfeb1,Montana Public Interest Research Group,Montana Public Interest Research Group,3,MT,2025-11-18,2026-06-18,https://dailymontanan.com/2026/02/23/eleven-data-center-developers-in-talks-with-northwestern-group-says/; https://earthjustice.org/press/2025/groups-file-complaint-to-stop-northwestern-energy-from-shifting-data-center-costs-to-residential-customers; https://montanafreepress.org/2025/11/18/groups-push-back-on-montanas-data-center-boom/; https://earthjustice.org/press/2026/groups-challenge-montana-psc-order-that-shields-data-center-plans-from-public-view; https://meic.org/data-centers/; https://nbcmontana.com/news/local/proposed-butte-data-center-stirs-debate; https://meic.org/not-so-fast-groups-warn-of-downsides-to-potential-data-centers-in-butte/; https://meic.org/; https://montanafreepress.org/2026/06/18/how-some-montanans-are-taking-data-center-regulation-into-their-own-hands/; https://mlq.ai/news/sabey-data-centers-terminates-606-acre-butte-land-deal-after-rec-silicon-exercises-right-of-first-refusal/
grp_045dc54c,Monterey Park Against Data Centers,Monterey Park Against Data Centers,1,CA,2026-01-21,2026-01-21,https://www.montereypark.ca.gov/1710/Data-Center-Information; https://www.sgvtribune.com/2026/03/05/monterey-park-approves-ballot-measure-to-prohibit-data-centers/; https://www.datacenterdynamics.com/en/news/45-day-data-center-moratorium-passed-in-monterey-park-california-with-more-permanent-regulations-to-come/; https://www.coloradoboulevard.net/monterey-park-moves-toward-permanent-citywide-ban-on-data-centers/
grp_a60f6d5d,MontPIRG,MontPIRG,1,MT,2025-07-31,2025-07-31,https://www.ktvq.com/news/local-news/proposed-ai-data-center-sparks-debate-in-rural-montana; https://montanafreepress.org/2026/02/12/as-ai-investors-eye-montana-for-new-data-centers-communities-brace-for-water-impacts/
grp_6bc93143,Mooringsport officials,Mooringsport officials,1,LA,2026-02-24,2026-02-24,https://www.sierraclub.org/louisiana; https://www.ksla.com/2026/02/24/shreveport-data-center-lawsuit-petition-alleges-city-withheld-public-information/; https://www.shreveportbossieradvocate.com/business/lawsuit-louisiana-data-center/article_cbaa12e5-c5f8-4861-87b5-8c380d752a18.html; https://www.ktalnews.com/news/louisiana/mccormick-investigates-shreveport-blanchard-ndas/; https://www.ktbs.com/news/residents-worry-as-single-developer-eyes-northwest-louisiana-properties-for-possible-data-centers/article_f4703867-d836-480e-b8c0-5954afbc6d89.html; https://www.ktbs.com/news/city-of-shreveport-sued-over-data-center-vote/article_0bc5e38c-1443-4943-99b4-d30f77849960.html
grp_010b1c5c,Mooringsport village officials,Mooringsport village officials,1,LA,2026-02-25,2026-02-25,https://www.ksla.com/2026/03/10/amazon-data-center-plan-raises-air-quality-concerns-northwest-louisiana/; https://www.ktalnews.com/news/local-news/shreveport-bossier-amazon-data-center-water-concerns/; https://lailluminator.com/2026/02/23/amazon-data-center/; https://www.enr.com/articles/62581-amazon-to-break-ground-on-12b-louisiana-data-center-network; https://www.ktalnews.com/news/louisiana/mccormick-investigates-shreveport-blanchard-ndas/
grp_2660bb03,Morrow County Water Guardians,Morrow County Water Guardians,1,OR,2025-02-05,2025-02-05,https://oregoncapitalchronicle.com/2026/03/31/amazon-to-pay-20-5-million-settlement-over-northeast-oregon-nitrate-pollution/; https://www.opb.org/article/2026/03/31/amazon-fine-northeast-oregon-boardman-nitrate-pollution-well/; https://www.rollingstone.com/culture/culture-news/amazon-data-center-pollution-settlement-1235539152/; https://thefern.org/2026/03/breaking-amazon-to-pay-20-5-million-to-settle-class-action-suit-over-pollution-ineastern-oregon/; https://www.kgw.com/article/tech/science/environment/amazon-20m-morrow-county-nitrate-contaminated-water-crisis/283-84b156c8-4acf-4242-a682-ecab1b5dcd70
grp_cec1737a,Mothers Out Front,Mothers Out Front,1,VA,2025-11-25,2025-11-25,https://virginiamercury.com/2025/12/25/state-regulators-clear-controversial-chesterfield-peaker-plant/; https://virginiamercury.com/2025/11/25/scc-approves-chesterfield-gas-plant-and-dominion-rate-hike-creates-new-rate-class-for-data-centers/; https://insideclimatenews.org/news/24022026/southern-environmental-law-center-challenges-dominion-gas-plant-approval/; https://www.canarymedia.com/articles/utilities/virginia-dominion-chesterfield-gas-data-center-demand; https://virginiamercury.com/briefs/scc-declines-to-reconsider-chesterfield-gas-plant-approval-advocacy-groups-appeal-air-permit/
grp_f12ed54b,MountainTrue,MountainTrue,4,NC,2023-05-02,2026-03-24,https://mountainx.com/news/commissioners-approve-one-year-ban-on-crypto-mining/; https://www.bpr.org/bpr-news/2024-05-08/last-night-at-commission-buncombe-extends-moratorium-on-cryptocurrency-mining; https://indyweek.com/news/as-chatham-considers-moratorium-wake-county-residents-continue-opposition-to-proposed-apex-data-center/; https://mountainx.com/news/environment/canton-passes-12-month-moratorium-on-data-centers-and-cryptocurrency-mining/; https://nclocal.org/2026/02/12/town-of-canton-blocks-any-potential-data-center-for-one-year/; https://wlos.com/news/local/town-canton-moratorium-pause-data-centers-crypto-mining-noise-public-hearing-paper-mill-nature-resources-water-energy-technology-jobs-infrastructure-future-community-feb-11; https://www.change.org/p/stand-against-data-center-new-hill-nc; https://www.foxcarolina.com/2026/02/12/threat-our-community-canton-halts-data-center-construction-with-one-year-moratorium/; https://www.wunc.org/2026-02-12/canton-passes-a-12-month-moratorium-on-data-centers-and-cryptocurrency-mining; https://www.wfdd.org/politics-government/2026-03-23/boone-approves-data-center-development-moratorium; https://www.wunc.org/2026-03-23/boone-approves-data-center-development-moratorium; https://www.northcarolinahealthnews.org/2026/03/25/nc-communities-push-back-ai-data-centers-project-delta-lawsuit/; https://www.wataugademocrat.com/news/local/boone-discusses-moratorium-on-data-center-construction/article_d5389de8-1ba0-4827-9193-d49864d3a5f3.html; https://mountaintrue.org/upper-new-riverkeeper-press-release/; https://www.wataugademocrat.com/news/local/commissioners-move-toward-data-center-moratorium/article_d6f97008-ebf5-4ac5-ab70-43746bb9e4a0.html; https://wataugaonline.com/boone-town-council-passes-one-year-data-center-moratorium-5-0-watauga-county-commissioners-move-toward-county-wide-restrictions/; https://www.wfae.org/2026-03-23/boone-approves-data-center-development-moratorium
grp_70aaa1ef,Move the Gas Plant,Move the Gas Plant,1,TX,2026-01-01,2026-01-01,https://www.texastribune.org/2025/06/05/texas-data-centers-gas-power-plants-ai/; https://www.citizen.org/article/texas-gas-rush-lee-county/; https://www.kxan.com/news/lee-county-proposed-power-plant-gets-pushback/
grp_99a73d93,Mt. Orab Residents for Responsible Development,Mt. Orab Residents for Responsible Development,1,OH,2026-02-04,2026-02-04,https://www.wcpo.com/news/local-news/mt-orab-council-introduces-data-center-moratorium-amid-community-opposition-to-mysterious-mega-site-project; https://www.wcpo.com/news/local-news/brown-county/mt-orab-residents-pack-gymnasium-demanding-transparency-on-mysterious-mega-site-project; https://browncountypress.com/news/19073/breaking-news-purchase-and-sale-agreement-on-mt-orab-mega-site-lists-data-center-as-intended-use-for-property; https://www.clermontsun.com/2026/02/04/mt-orab-council-member-takes-steps-to-stop-possible-data-center-construction; https://www.newsdemocrat.com/2026/02/01/mt-orab-residents-seek-answers-on-mega-site/; https://bluewaterhealthyliving.com/news/national-news/ohio/amid-critics-quiet-deals-has-ohio-flipped-on-data-centers/
grp_f87df42c,Muhlenberg TWP and Community Against Data Center and/or Power Distribution Build,Muhlenberg TWP and Community Against Data Center and/or Power Distribution Build,1,OH,2026-02-06,2026-02-06,https://www.change.org/p/muhlenberg-twp-and-community-against-data-center-and-or-power-distribution-build; https://www.datacenterdynamics.com/en/news/muhlenberg-ohio-introduces-year-long-moratorium-on-new-data-centers/; https://www.circlevilleherald.com/community/muhlenberg-trustees-pass-12-month-moratorium-on-data-centers/article_1669c51d-3606-432b-b2c5-633b7e5a25fb.html; https://www.circlevilleherald.com/news/muhlenberg-trustees-inform-residents-of-application-for-zoning-change-for-data-center/article_4f341ad1-f5fe-49cc-a2fa-9374625d50ac.html; https://www.nbc4i.com/news/local-news/pickaway-county/after-public-pushback-pickaway-county-village-enacts-data-center-pause/
grp_79d6d9d1,Muskogee County RWD #6 NO WATER FOR DATA CENTERS,Muskogee County RWD #6 NO WATER FOR DATA CENTERS,1,OK,2025-11-20,2025-11-20,https://www.newson6.com/technology/google-data-centers-muskogee-county-oklahoma; https://ktul.com/news/local/google-announces-2-data-center-campuses-in-muskogee-county-summit-council-hill-electricity-grid-energy-investment-ai-cloud-workspace-search-maps-port-stephens-infrastructure-workforce-agriculture; https://tulsaflyer.org/2026/02/23/business/post/oklahoma-data-center-water-demand/; https://www.okenergytoday.com/2026/03/regulators-to-hold-muskogee-meeting-about-water-concerns/
grp_d72bae4b,NAACP,NAACP,15,AL;MS;TN,2025-01-15,2026-07-13,https://insideclimatenews.org/news/25092025/naacp-opposes-massive-alabama-data-center/; https://alabamareflector.com/2025/10/12/bessemer-changes-its-laws-to-accommodate-data-centers-despite-stiff-opposition/; https://naacp.org/articles/naacp-issues-letter-opposing-project-marvel-data-center-alabama-growing-concerns; https://wordinblack.com/2025/09/alabama-data-center-is-hush-hush/; https://www.wbrc.com/2025/11/19/bessemer-city-council-approves-149-billion-data-center-project-despite-transparency-concerns/; https://www.africanelements.org/news/data-centers-environmental-racism-and-the-fight-for-community-power-in-bessemer-alabama/; https://alabamarivers.org/project-marvel/; https://abc3340.com/news/abc-3340-news-iteam/bessemer-rezoning-fight-continues-over-proposed-data-center-court-hearing-complaint-motion-to-dismiss-response-legal-ruling-complaint-amendment-dispute-follow-up; https://www.datacenterdynamics.com/en/news/700-acre-data-center-in-bessemer-alabama-approved-despite-opposition/; https://www.wbrc.com/2026/07/13/environmental-groups-question-nda-tied-proposed-project-marvel-data-center-bessemer/; https://www.wbhm.org/local-news/2026-07-14/document-shows-bessemer-data-center-non-disclosure-agreement-required-officials-to-destroy-records; https://insideclimatenews.org/news/13072026/alabama-data-center-non-disclosure-agreement/; https://www.wbrc.com/2026/07/15/tuberville-reaffirms-data-center-support-says-opposition-driven-by-china/; https://tuscaloosathread.com/alabama-data-center-election-debate/; https://insideclimatenews.org/news/23012026/this-small-alabama-town-was-part-of-the-manhattan-project-now-it-may-host-a-hyperscale-data-center/; https://abc3340.com/news/local/not-a-done-deal-childersburg-faces-questions-over-potential-data-center-talladega-industrial-park; https://governorreeves.ms.gov/tech-leader-xai-investing-more-than-20-billion-in-southaven/; https://magnoliatribune.com/2026/01/08/xai-investing-more-than-20-billion-in-southaven-data-center/; https://mississippitoday.org/2026/01/08/mississippi-marketplace-xai-elon-musk-legislative-session-data-center/; https://mississippi.org/news/tech-leader-xai-investing-more-than-20-billion-in-southaven/; https://www.mississippifreepress.org/as-musks-xai-data-centers-encroach-on-southaven-north-mississippi-residents-push-back/; https://mississippitoday.org/2026/02/18/xai-southaven-permit-public-resounding-no/; https://www.cnbc.com/2026/02/13/musks-xai-faces-threat-of-naacp-lawsuit-over-pollution-in-mississippi.html; https://safeandsound.info; https://www.nbcnews.com/news/us-news/musks-ai-power-plant-generates-sound-fury-mississippi-rcna258594; https://naacp.org/articles/naacp-selc-earthjustice-threaten-lawsuit-over-xais-unpermitted-gas-turbines-mississippi; https://earthjustice.org/press/2026/naacp-threatens-lawsuit-over-xais-unpermitted-gas-turbines-in-mississippi; https://www.actionnews5.com/2026/01/08/largest-economic-development-history-20-billion-dollar-data-center-coming-southaven/; https://www.datacenterdynamics.com/en/news/xai-confirms-new-data-center-in-mississippi-elon-musk-pledges-20bn-investment-in-state/; https://naacp.org/articles/elon-musks-xai-threatened-lawsuit-over-air-pollution-memphis-data-center-filed-behalf; https://www.actionnews5.com/2026/02/13/selc-plans-sue-xai-over-gas-turbines-mississippi/; https://www.usnews.com/news/top-news/articles/2026-07-14/pollution-from-musks-unpermitted-xai-power-project-hits-hardest-in-black-communities; https://www.cnbc.com/2026/03/10/elon-musk-xai-permit-for-mississippi-plant-despite-pollution-concerns.html; https://naacp.org/articles/naacp-demands-mississippi-regulators-reschedule-data-center-permit-hearing; https://mississippitoday.org/2026/03/10/xai-permit-approved-southaven/; https://naacp.org/articles/naacp-and-advocacy-groups-appeal-air-permit-xais-personal-power-plant-north-mississippi; https://mississippitoday.org/2026/04/10/xai-southaven-permit-appeal/; https://www.selc.org/press-release/mississippi-regulators-rubber-stamp-air-permit-for-xai-power-plant-ignoring-overwhelming-public-pushback/; https://www.mississippifreepress.org/xai-faces-fierce-opposition-over-southaven-mississippi-power-plant-permit/; https://www.wlbt.com/2026/03/11/mdeq-approves-air-permit-xai-data-center-southaven-amid-community-opposition/; https://www.usnews.com/news/top-news/articles/2026-02-17/mississippi-holds-hearing-on-xai-data-center-amid-environmental-lawsuit-threat; https://www.cnbc.com/2026/03/09/mississippi-regulators-to-hold-xai-permit-meeting-on-election-day.html; https://dailymemphian.com/article/60703; https://www.selc.org/press-release/groups-appeal-air-permit-for-xais-personal-power-plant-in-north-mississippi/; https://earthjustice.org/press/2026/xai-sued-for-illegal-power-plant; https://www.selc.org/press-release/civil-rights-group-sues-xai-for-illegal-pollution-from-data-center-power-plant/; https://www.wsmv.com/2026/04/14/naacp-sues-xai-alleging-unlawful-operation-gas-turbines-southaven/; https://www.cnbc.com/2026/04/14/elon-musk-xai-memphis-data-centers.html; https://mississippitoday.org/2026/04/15/data-center-turbines-southaven/; https://www.utilitydive.com/news/doj-may-intervene-in-naacp-lawsuit-over-xais-data-center-gas-turbines/820363/; https://earthjustice.org/press/2026/naacp-asks-court-for-emergency-action-to-stop-illegal-air-pollution-from-xais-data-center-power-plant; https://mississippitoday.org/2026/05/25/elon-musk-xai-dater-center-mississippi/; https://www.esgdive.com/news/doj-may-intervene-in-naacp-lawsuit-over-xais-data-center-gas-turbines/820607/; https://www.cnbc.com/2026/06/16/usdepartment-of-justice-calls-for-dismissal-of-naacp-xai-lawsuit-.html; https://www.utilitydive.com/news/doj-intervenes-xai-data-center-gas-turbine-lawsuit/823267/; https://earth.org/trump-administration-seeks-dismissal-of-lawsuit-against-elon-musks-ai-data-center-near-memphis/; https://www.democracynow.org/2026/6/18/abre_conner_naacp; https://qz.com/trump-doj-naacp-xai-clean-air-act-lawsuit-memphis-061726; https://prismreports.org/2025/06/18/xai-memphis-data-center-pollution/; https://www.localmemphis.com/article/news/local/shelby-county-health-department-xai-turbines/522-fc5a1114-1023-43ec-a11f-e748447cba84; https://interactive.localmemphis.com/pdfs/2025-04-09_Letter_from_SELC_et_al._to_SCHD_re_xAI; https://www.selc.org/press-release/new-images-reveal-elon-musks-xai-datacenter-has-nearly-doubled-its-number-of-polluting-unpermitted-gas-turbines/; https://www.cnbc.com/2025/04/10/elon-musks-xai-accused-polluting-air-in-memphis-selc-says-in-letter.html; https://wreg.com/news/xai-hearing-draws-hundreds-becomes-heated-debate/; https://www.fox13memphis.com/news/rally-decrying-xai-permit-to-be-held-outside-health-department-wednesday/article_1a41789b-fa2a-42b2-93c3-82c071ef07f0.html; https://www.youtube.com/watch?v=3VJT2JeDCyw; https://512pixels.net/wp-content/uploads/2025/06/2025.06.17-SELC-Notice-of-Intent-to-Sue-for-Violations-of-the-Clean-Air-Act_with-Enclosures.pdf; https://www.selc.org/press-release/elon-musks-xai-threatened-with-lawsuit-over-air-pollution-from-memphis-data-center/; https://www.selc.org/press-release/memphis-health-leaders-grant-air-permit-for-xai-data-center/; https://www.cnbc.com/2025/07/03/musks-xai-gets-permit-for-turbines-to-power-supercomputer-in-memphis.html; https://cdn.arstechnica.net/wp-content/uploads/2025/07/NAACP-and-YGGs-xAI-Air-Permit-Appeal-7-15-2025.pdf; https://www.selc.org/press-release/groups-appeal-permit-for-xais-south-memphis-data-center-decisions-around-unpermitted-methane-gas-turbines/; https://naacp.org/articles/naacp-and-advocacy-groups-appeal-permit-xais-south-memphis-data-center-decisions-around; https://www.ehn.org/community-pushback-grows-over-musk-backed-supercomputer-in-southwest-memphis; https://tennesseelookout.com/2025/07/07/a-billionaire-an-ai-supercomputer-toxic-emissions-and-a-memphis-community-that-did-nothing-wrong/; https://time.com/7308925/elon-musk-memphis-ai-data-center/; https://www.selc.org/news/resistance-against-elon-musks-xai-facility-in-south-memphis-gets-stronger/; https://insideclimatenews.org/news/17072025/elon-musk-xai-data-center-gas-turbines-memphis/; https://www.cnbc.com/2026/01/16/musks-xai-faces-tougher-road-expanding-memphis-area-after-epa-update.html; https://www.datacenterdynamics.com/en/news/elon-musks-xai-to-spend-659m-on-new-building-for-memphis-data-center-cluster/; https://www.selc.org/news/xai-built-an-illegal-power-plant-to-power-its-data-center/; https://www.actionnews5.com/2025/12/16/shelby-co-air-pollution-control-board-denies-appeal-over-xais-turbine-use-citing-mootness/; https://www.localmemphis.com/video/news/local/boxtown-residents-demand-answers-after-board-allows-xai-air-permit-to-stand/522-12677233-a83c-4f46-8dca-7da765ff39df; https://www.memphisflyer.com/xai-permit-appeal-dismissed; https://www.actionnews5.com/2026/02/12/tva-approves-power-increase-xai/; https://wreg.com/news/local/tva-oks-additional-150-mw-of-electricity-for-xai-memphis-data-center/; https://www.timesfreepress.com/news/2026/feb/11/tva-board-doubles-elon-musks-xai-power-allowance/; https://www.selc.org/press-release/tva-dismisses-community-concerns-approves-power-agreement-for-controversial-xai-facility/
grp_13f49a30,NAACP (Alabama State Conference),NAACP (Alabama State Conference),1,AL,2026-07-13,2026-07-13,https://insideclimatenews.org/news/25092025/naacp-opposes-massive-alabama-data-center/; https://alabamareflector.com/2025/10/12/bessemer-changes-its-laws-to-accommodate-data-centers-despite-stiff-opposition/; https://naacp.org/articles/naacp-issues-letter-opposing-project-marvel-data-center-alabama-growing-concerns; https://wordinblack.com/2025/09/alabama-data-center-is-hush-hush/; https://www.wbrc.com/2025/11/19/bessemer-city-council-approves-149-billion-data-center-project-despite-transparency-concerns/; https://www.africanelements.org/news/data-centers-environmental-racism-and-the-fight-for-community-power-in-bessemer-alabama/; https://alabamarivers.org/project-marvel/; https://abc3340.com/news/abc-3340-news-iteam/bessemer-rezoning-fight-continues-over-proposed-data-center-court-hearing-complaint-motion-to-dismiss-response-legal-ruling-complaint-amendment-dispute-follow-up; https://www.datacenterdynamics.com/en/news/700-acre-data-center-in-bessemer-alabama-approved-despite-opposition/; https://www.wbrc.com/2026/07/13/environmental-groups-question-nda-tied-proposed-project-marvel-data-center-bessemer/; https://www.wbhm.org/local-news/2026-07-14/document-shows-bessemer-data-center-non-disclosure-agreement-required-officials-to-destroy-records; https://insideclimatenews.org/news/13072026/alabama-data-center-non-disclosure-agreement/; https://www.wbrc.com/2026/07/15/tuberville-reaffirms-data-center-support-says-opposition-driven-by-china/; https://tuscaloosathread.com/alabama-data-center-election-debate/
grp_f25478a4,NAACP (Metro Birmingham Branch),NAACP (Metro Birmingham Branch),1,AL,2026-07-13,2026-07-13,https://insideclimatenews.org/news/25092025/naacp-opposes-massive-alabama-data-center/; https://alabamareflector.com/2025/10/12/bessemer-changes-its-laws-to-accommodate-data-centers-despite-stiff-opposition/; https://naacp.org/articles/naacp-issues-letter-opposing-project-marvel-data-center-alabama-growing-concerns; https://wordinblack.com/2025/09/alabama-data-center-is-hush-hush/; https://www.wbrc.com/2025/11/19/bessemer-city-council-approves-149-billion-data-center-project-despite-transparency-concerns/; https://www.africanelements.org/news/data-centers-environmental-racism-and-the-fight-for-community-power-in-bessemer-alabama/; https://alabamarivers.org/project-marvel/; https://abc3340.com/news/abc-3340-news-iteam/bessemer-rezoning-fight-continues-over-proposed-data-center-court-hearing-complaint-motion-to-dismiss-response-legal-ruling-complaint-amendment-dispute-follow-up; https://www.datacenterdynamics.com/en/news/700-acre-data-center-in-bessemer-alabama-approved-despite-opposition/; https://www.wbrc.com/2026/07/13/environmental-groups-question-nda-tied-proposed-project-marvel-data-center-bessemer/; https://www.wbhm.org/local-news/2026-07-14/document-shows-bessemer-data-center-non-disclosure-agreement-required-officials-to-destroy-records; https://insideclimatenews.org/news/13072026/alabama-data-center-non-disclosure-agreement/; https://www.wbrc.com/2026/07/15/tuberville-reaffirms-data-center-support-says-opposition-driven-by-china/; https://tuscaloosathread.com/alabama-data-center-election-debate/
grp_82daa115,NAACP (national and Wisconsin State Conference),NAACP (national and Wisconsin State Conference),1,WI,2026-02-11,2026-02-11,https://racinecountyeye.com/2026/02/11/psc-data-center-hearing-oppose/; https://wisconsinexaminer.com/2026/02/12/democratic-lawmakers-propose-data-center-moratorium/; https://spectrumnews1.com/wi/milwaukee/news/2026/02/26/new-poll-shows-partisan-divide--negative-opinion-of-data-centers; https://wisconsinexaminer.com/2026/02/10/wisconsin-public-service-commission-data-center-hearing-draws-public-outcry/; https://racinecountyeye.com/2026/02/10/psc-public-hearings-microsoft-rates/; https://urbanmilwaukee.com/2026/03/02/psc-requires-alliant-energy-to-disclose-data-center-rates/; https://naacp.org/articles/naacp-wisconsin-coalition-oppose-utility-bill-hikes-ai-data-center; https://www.sierraclub.org/press-releases/2026/03/sierra-club-wisconsin-and-partners-applaud-public-service-commission; https://wisconsinrivers.org/data-center-bills/; https://www.cleanwisconsin.org/data-center-secrets/; https://cubwi.org/data-center/; https://psc.wi.gov/Documents/PressReleases/04.24.2026PressRelease.PDF; https://www.renewwisconsin.org/pscs-preliminary-decision-data-centers-will-cover-their-costs/
grp_96543202,NAACP Center for Environmental and Climate Justice,NAACP Center for Environmental and Climate Justice,1,AL,2026-07-13,2026-07-13,https://insideclimatenews.org/news/25092025/naacp-opposes-massive-alabama-data-center/; https://alabamareflector.com/2025/10/12/bessemer-changes-its-laws-to-accommodate-data-centers-despite-stiff-opposition/; https://naacp.org/articles/naacp-issues-letter-opposing-project-marvel-data-center-alabama-growing-concerns; https://wordinblack.com/2025/09/alabama-data-center-is-hush-hush/; https://www.wbrc.com/2025/11/19/bessemer-city-council-approves-149-billion-data-center-project-despite-transparency-concerns/; https://www.africanelements.org/news/data-centers-environmental-racism-and-the-fight-for-community-power-in-bessemer-alabama/; https://alabamarivers.org/project-marvel/; https://abc3340.com/news/abc-3340-news-iteam/bessemer-rezoning-fight-continues-over-proposed-data-center-court-hearing-complaint-motion-to-dismiss-response-legal-ruling-complaint-amendment-dispute-follow-up; https://www.datacenterdynamics.com/en/news/700-acre-data-center-in-bessemer-alabama-approved-despite-opposition/; https://www.wbrc.com/2026/07/13/environmental-groups-question-nda-tied-proposed-project-marvel-data-center-bessemer/; https://www.wbhm.org/local-news/2026-07-14/document-shows-bessemer-data-center-non-disclosure-agreement-required-officials-to-destroy-records; https://insideclimatenews.org/news/13072026/alabama-data-center-non-disclosure-agreement/; https://www.wbrc.com/2026/07/15/tuberville-reaffirms-data-center-support-says-opposition-driven-by-china/; https://tuscaloosathread.com/alabama-data-center-election-debate/
grp_26844e53,NAACP New Jersey Chapter,NAACP New Jersey Chapter,1,NJ,2026-02-19,2026-02-19,https://www.commondreams.org/news/new-brunswick-ai-data-center; https://www.foodandwaterwatch.org/2026/02/20/new-brunswick-city-council-rejects-data-center/; https://www.thecooldown.com/green-business/new-brunswick-nj-ai-data-center-defeated/; https://patch.com/new-jersey/newbrunswick/new-brunswick-city-council-kills-proposal-build-ai-data-center-100-jersey; https://jerseyvindicator.org/2026/02/21/new-brunswick-rejects-data-center-plan-following-public-backlash/; https://www.datacenterdynamics.com/en/news/proposed-data-center-in-new-brunswick-new-jersey-denied-by-local-authorities/; https://www.dailytargum.com/article/new-brunswick-city-council-cancels-data-center-plans-in-response-to-protest-20260219
grp_cffe394f,National Coalition Against Cryptomining,National Coalition Against Cryptomining,1,GA,2024-11-01,2024-11-01,https://www.gpb.org/news/2025/12/04/the-costs-of-crypto-mining-in-georgia-will-it-be-regulated-along-new-data-center; https://thecurrentga.org/2024/06/01/cryptocurrency-mining-stirs-concerns-across-rural-georgia/; https://www.change.org/p/stop-gilmer-county-from-allowing-a-crypto-mining-facility-in-our-county; https://www.nationalcoalitionagainstcryptomining.com/local-chapters/; https://www.fox5atlanta.com/news/gilmer-county-residents-clash-over-proposed-cryptocurrency-farm
grp_24017858,National Hairston Clan,National Hairston Clan,1,NC,2026-01-12,2026-01-12,https://ncnewsline.com/2026/03/13/community-groups-sue-over-planned-data-center-in-stokes-county/; https://www.northcarolinahealthnews.org/2026/03/25/nc-communities-push-back-ai-data-centers-project-delta-lawsuit/; https://www.selc.org/press-release/community-groups-residents-file-lawsuit-over-stokes-county-data-center-rezoning/; https://southerncoalition.org/community-groups-residents-file-lawsuit-over-stokes-county-data-center-rezoning/; https://insideclimatenews.org/news/19032026/north-carolina-county-data-center-rezoning-lawsuit/; https://cwfnc.org/stokes/; https://www.theassemblync.com/news/environment/data-center-rezoning-stokes-county/; https://www.wunc.org/2026-03-16/developer-responds-to-lawsuit-challenging-stokes-data-center; https://www.africanelements.org/news/why-walnut-cove-is-suing-to-stop-project-delta-ai-centers/; https://www.wsoctv.com/news/local/nc-neighbors-suing-protect-farmland-rezoning-data-center/4FMVUKUJ7VBAJBV46OBDT75SYU/; https://journalnow.com/news/local/government-politics/article_e3217294-5ef8-4039-881e-8e2fb1818e16.html; https://journalnow.com/news/local/business/development/article_ecd6167b-aac8-4828-81e1-3d50a447416d.html; https://www.wunc.org/2026-03-05/data-center-approval-looms-over-stokes-county-primary-results; https://nclcv.org/cib03162026-data-centers-tipping-point/; https://www.wfmynews2.com/article/news/local/stokes-county-commissioners-reject-data-center-moratorium-project-delta-looms/83-dd17b48a-79f1-442c-a13c-afca1868db37; https://www.wfdd.org/politics-government/2026-07-14/stokes-commission-rejects-six-month-data-center-moratorium
grp_4af927c4,National Parks Conservation Association,National Parks Conservation Association,2,GA;VA,2026-03-01,2026-07-02,https://coosavalleynews.com/2026/03/selc-sierra-club-sue-over-permit-for-new-fossil-fuel-units-at-plant-bowen-in-bartow-county/; https://insideclimatenews.org/news/02032026/georgia-regulators-sued-over-plant-bowen-gas-turbines/; https://www.eenews.net/articles/lawsuit-targets-air-permit-amid-georgia-data-center-build-out/; https://www.northwestgeorgianews.com/rome/news/local/new-data-center-proposal-in-bartow-would-require-as-much-power-as-324k-homes/article_05152f0c-ee11-11ef-9470-5b8da755f367.html; https://www.selc.org/press-release/groups-challenge-air-permit-for-massive-methane-gas-and-oil-expansion-at-plant-bowen/; https://www.sierraclub.org/georgia/datacenters; https://www.sierraclub.org/press-releases/2025/10/environmental-groups-urge-georgia-epd-deny-permit-new-methane-gas-units; https://www.beankinney.com/data-center-infrastructure-under-siege-lessons-from-virginias-digital-gateway-decision/; https://virginiaindependentnews.com/infrastructure/data-center-cancellations-pile-up-as-virginians-voice-opposition/; https://www.insidenova.com/headlines/prince-william-s-digital-gateway-data-center-hearings-zero-in-on-public-notice/article_2dc98d69-5a46-4adf-90da-c5042b4a3833.html; https://www.princewilliamtimes.com/news/breaking-judge-overturns-prince-william-digital-gateway/article_951d6362-1bbd-416f-89c5-ff322bf49fa8.html; https://www.pwcva.gov/news/prince-william-county-launches-interactive-data-center-map-improve-public-access-development; https://www.princewilliamtimes.com/news/report-prince-william-county-has-44-data-centers-15-more-on-the-way/article_f0518174-bd23-49ee-ab92-3b04a0936f16.html; https://www.datacenterfrontier.com/site-selection/article/21437363/prince-william-digital-gateway; https://protectpwc.org/about-us/about-the-coalition-to-protect-pwc/; https://virginiamercury.com/2025/05/21/report-highlights-community-pushback-stalling-64-billion-in-data-center-development-nationwide/; https://wtop.com/prince-william-county/2025/11/digital-gateway-data-center-builders-barred-from-beginning-construction-until-legal-challenge-plays-out/; https://www.princewilliamtimes.com/localnews/supervisors-vote-to-spend-another-400k-to-defend-the-pw-digital-gateway/article_79abd8cb-bf32-5c46-8a7d-ba39bb676c57.html; https://virginiamercury.com/briefs/va-court-of-appeals-stops-major-data-center-development-in-prince-william-county/; https://www.bisnow.com/national/news/data-center-community-relations/digital-gateway-plans-may-close-for-good-134038; https://www.pecva.org/resources/press/pec-statement-on-prince-william-digital-gateway-latest-legal-win/; https://wtop.com/virginia/2026/04/prince-william-co-withdraws-from-digital-gateway-lawsuit-reversing-course-from-2023/; https://northernvirginiamag.com/news/2026/04/15/prince-william-county-withdraws-from-legal-battle-over-massive-data-center-project/; https://www.princewilliamtimes.com/localnews/breaking-prince-william-county-drops-legal-fight-for-pw-digital-gateway/article_e7152a10-cbf9-4a7a-80ef-55fa9e13770b.html; https://www.pecva.org/region/regional-state-national-region/prince-william/massive-digital-gateway-data-center-project-has-been-halted/; https://www.washingtonpost.com/dc-md-va/2026/07/09/developer-virginia-data-center-project-drops-legal-appeal/; https://www.fox5dc.com/news/qts-drops-appeal-ending-plans-massive-prince-william-county-data-center; https://wtop.com/prince-william-county/2026/07/digital-gateway-data-center-project-dies-after-final-developer-withdraws-appeal/
grp_7f6c1750,Native Fish Society,Native Fish Society,2,OR,2025-12-09,2026-01-15,https://www.columbiariverkeeper.org/2026/coalition-urges-senators-wyden-and-merkley-to-oppose-public-land-giveaway-for-data-center-water-use/; https://www.opb.org/article/2026/01/15/as-googles-water-demands-grow-the-dalles-aims-to-pull-more-from-mount-hood-forest/; https://fortune.com/longform/google-data-center-the-dalles-oregon-water-dispute/; https://www.opb.org/article/2026/01/23/the-dalles-mayor-data-center-google/
grp_3f283936,Natural Land Institute,Natural Land Institute,1,IL,2025-11-01,2025-11-01,https://www.change.org/p/oppose-high-impact-data-center-development-and-demand-sustainable-growth-for-rockford-il; https://capitolnewsillinois.com/news/lawmakers-seek-ways-to-prevent-data-centers-from-straining-illinois-power-grids/; https://www.mystateline.com/news/monarch-energy-finalizing-12-billion-investment-into-rockford-data-center/; https://www.rockrivercurrent.com/2026/03/how-a-landfill-waste-to-energy-project-gave-way-to-a-rockford-data-center/; https://fidelisinfra.com/project/monarch-compute-campus/; https://www.mystateline.com/news/local-news/rockford-proposes-data-center-moratorium/
grp_4c796c91,Natural Resources Council of Maine,Natural Resources Council of Maine,1,ME,2026-04-24,2026-04-24,https://www.maine.gov/governor/mills/news/governor-mills-announces-decision-ld-307-2026-04-24; https://mainemorningstar.com/2026/04/24/gov-mills-vetoes-landmark-data-center-ban/; https://www.mainepublic.org/climate/2026-03-12/maine-bill-blocks-data-centers-from-state-tax-breaks; https://www.newsfromthestates.com/article/amid-mounting-concerns-maine-considers-excluding-data-centers-tax-breaks; https://mainemorningstar.com/2026/03/20/legislature-poised-to-vote-on-bills-to-curb-data-center-development-in-maine/
grp_a431e23c,Natural Resources Council of Maine (NRCM),Natural Resources Council of Maine (NRCM),1,ME,2026-04-24,2026-04-24,https://www.maine.gov/governor/mills/news/governor-mills-announces-decision-ld-307-2026-04-24; https://www.maine.gov/governor/mills/official_documents/veto_messages/2026-04-ld-307-act-establish-maine-data-center-coordination; https://www.bangordailynews.com/2026/04/24/politics/janet-mills-vetoes-maine-data-center-ban/; https://mainemorningstar.com/2026/04/24/gov-mills-vetoes-landmark-data-center-ban/; https://techcrunch.com/2026/04/25/maines-governor-vetoes-data-center-moratorium/; https://mainemorningstar.com/2026/02/23/as-data-centers-look-to-rural-new-england-maine-considers-a-moratorium/; https://www.bostonglobe.com/2026/02/23/metro/maine-data-center-legislation-ld307/; https://themainemonitor.org/maine-considers-data-centers-moratorium/; https://legislature.maine.gov/backend/app/services/getDocument.aspx?documentId=122054; https://www.nrcm.org/blog/four-ways-maine-can-address-energy-impact-data-centers/
grp_d9fd066e,Natural Resources Defense Council,Natural Resources Defense Council,1,CO,2026-04-06,2026-04-06,https://www.denvergazette.com/2026/02/27/weld-county-wades-into-data-center-issue/; https://www.weld.gov/Newsroom/2026-News/Weld-County-extends-timeline-for-proposed-data-center-ordinance; https://www.9news.com/article/news/local/colorado-news/ai-data-center-plans-weld-county/73-0fa40d46-73a7-412a-93f3-5272c02b3b47; https://www.datacenterdynamics.com/en/news/global-ai-set-to-develop-data-center-outside-denver-colorado/; https://www.cbsnews.com/colorado/news/data-ai-centers-colorado-globalai-windsor/; https://www.kunc.org/news/2025-12-23/globalai-data-center-company-buys-carestream-property
grp_7c923195,Nature Forward,Nature Forward,1,MD,2026-03-23,2026-03-23,https://www.cbsnews.com/baltimore/news/baltimore-city-data-center-bill-energy-moratorium/; https://www.baltimoresun.com/2026/03/23/data-center-moratorium/; https://baltimorebrew.com/2026/03/24/trying-to-get-in-front-of-an-issue-thats-dogged-him-cohen-calls-for-a-one-year-ban-on-data-centers/
grp_501f18eb,NC Environmental Justice Network,NC Environmental Justice Network,4,NC,2026-02-01,2026-07-14,https://indyweek.com/news/as-chatham-considers-moratorium-wake-county-residents-continue-opposition-to-proposed-apex-data-center/; https://ncejn.org/; https://ncejn.org/event/chatham-county-fight-for-a-temporary-moratorium-on-data-centers/; https://www.axios.com/local/raleigh/2026/02/23/data-center-opposition-grows-across-north-carolina; https://www.govtech.com/products/north-carolina-county-pauses-data-center-crypto-mines; https://www.wral.com/news/local/chatham-county-approves-12-month-ban-data-centers-crypto-mining-february-2026/; https://www.datacenterknowledge.com/build-design/developer-forges-ahead-with-38b-in-nc-data-center-builds; https://www.rockymounttelegram.com/news/local/county-oks-amending-ordinance-to-allow-for-a-data-center-at-kingsboro-business-park/article_64e09f70-9b18-48fd-84a9-a6ec6dae950e.html; https://soundrivers.org/kingsboro-data-center-concerns-spark-big-turnout/; https://www.wfae.org/energy-environment/2025-12-02/proposed-edgecombe-county-data-center-draws-criticism-during-county-meeting; https://www.bpr.org/2025-11-25/opposition-mounts-to-proposed-large-data-center-in-edgecombe-county; https://ncejn.org/updates-on-the-fight-against-data-centers-edgecombe-county/; https://soundrivers.org/riverkeeper-attends-first-edgecombe-co-data-center-advisory-group-meeting/; https://www.wunc.org/environment/2026-04-10/opposition-to-data-centers-is-catching-a-fire-across-north-carolina-spurring-political-challenges; https://www.bisnow.com/national/news/data-center-development/north-carolina-data-center-canceled-as-county-debates-moratorium-135338; https://www.northcarolinahealthnews.org/2026/07/14/rural-nc-data-centers/; https://www.northcarolinahealthnews.org/2026/03/25/nc-communities-push-back-ai-data-centers-project-delta-lawsuit/; https://www.ncleg.gov/Legislation/Bills/Summaries/2025/H1002; https://www.ncleg.gov/Sessions/2025/Bills/House/PDF/H1002v0.pdf; https://www.energync.org/blog/building-out-data-centers-equitably-requires-thoughtful-policy-intervention/; https://ncnewsline.com/2026/03/16/apex-weighs-pause-on-data-centers-as-resistance-spreads-across-nc/
grp_8c844516,Neighbors For Change,Neighbors For Change,1,VA,2026-01-28,2026-01-28,https://virginiabusiness.com/developer-withdraws-hanover-data-center-campus-proposal/; https://www.wtvr.com/news/local-news/hanover-planning-commission-hhhunt-data-center-rezoning-jan-15-2026; https://www.datacenterdynamics.com/en/news/900mw-data-center-campus-plan-withdrawn-in-hanover-county-virginia/; https://www.wtvr.com/news/local-news/hhhunt-community-meeting-nov-17-2025; https://www.wtvr.com/news/local-news/route-33-data-center-plan-feb-19-2026; https://www.vpm.org/news/2025-11-18/hanover-hunting-hawk-data-center-hhhunt-wyndham-banton-mendelson-cheeley; https://www.henricocitizen.com/proposed-data-center-incites-opposition-from-hundreds-of-henrico-hanover-residents/; https://www.change.org/p/protect-virginia-communities-regulate-data-center-growth-before-it-s-too-late; https://neighbors4change.com/hhhunt-faces-strong-opposition-to-data-center-plan/; https://www.vpm.org/news/2026-01-20/hanover-hunting-hawk-data-center-hhhunt-wyndham-ashland-road-clark; https://www.wtvr.com/news/local-news/hanover-data-center-proposal-sept-8-2025; https://richmondbizsense.com/2026/02/20/hanover-planning-commission-defers-vote-on-430-acre-data-center-project/; https://www.12onyourside.com/2026/02/05/community-meeting-draws-critics-mountain-road-data-center-plan/; https://www.wtvr.com/news/local-news/hhhunt-withdraws-data-center-application-jan-28-2026; https://richmondbizsense.com/2026/01/16/hanover-planning-commission-rejects-hhhunt-data-center-project-near-wyndham/
grp_ba3d06fa,New Brunswick NAACP,New Brunswick NAACP,1,NJ,2026-02-19,2026-02-19,https://www.commondreams.org/news/new-brunswick-ai-data-center; https://www.foodandwaterwatch.org/2026/02/20/new-brunswick-city-council-rejects-data-center/; https://www.thecooldown.com/green-business/new-brunswick-nj-ai-data-center-defeated/; https://patch.com/new-jersey/newbrunswick/new-brunswick-city-council-kills-proposal-build-ai-data-center-100-jersey; https://jerseyvindicator.org/2026/02/21/new-brunswick-rejects-data-center-plan-following-public-backlash/; https://www.datacenterdynamics.com/en/news/proposed-data-center-in-new-brunswick-new-jersey-denied-by-local-authorities/; https://www.dailytargum.com/article/new-brunswick-city-council-cancels-data-center-plans-in-response-to-protest-20260219
grp_e73a6edb,New Jersey Environmental Justice Alliance (NJEJA),New Jersey Environmental Justice Alliance (NJEJA),1,NJ,2025-12-23,2025-12-23,https://whyy.org/articles/data-center-artificial-intelligence-vineland-new-jersey/; https://followsouthjersey.com/2026/03/10/how-a-data-center-tore-vinelands-public-and-government-apart/
grp_ee40399d,New Kent County residents (ad hoc),New Kent County residents (ad hoc),1,VA,2026-02-17,2026-02-17,https://www.newkent-va.us/m/NewsFlash/Home/Detail/538; https://richmondbizsense.com/2026/02/19/following-goochlands-lead-new-kent-county-mulling-data-center-centric-tech-overlay-district/; https://nkccnews.com/local-news/2026/03/08/consideration-for-development-of-technology-overlay-district-targets-data-center-development/
grp_e4e136a5,New Market Village HOA,New Market Village HOA,1,VA,2026-02-27,2026-02-27,https://www.henricocitizen.com/henricos-board-of-zoning-appeals-denies-data-center-companys-appeal-for-varina-site/; https://richmondbizsense.com/2026/02/27/henrico-denies-vested-rights-appeal-for-data-centers-at-darbytown-site/; https://www.wtvr.com/news/local-news/data-center-site-denied-feb-27-2026; https://www.wric.com/news/local-news/henrico-county/zoning-appeals-denies-centra-logistics-data-center/; https://www.henricocitizen.com/data-center-detour-inside-henrico-countys-shifting-mindset-one-developers-attempt-to-overcome-it-and-a-community-fighting-back/
grp_6c5a88f0,New Mexico Environmental Law Center,New Mexico Environmental Law Center,3,NM,2025-08-27,2026-03-20,https://www.donaana.gov/news_detail_T7_R35.php; https://www.datacenterdynamics.com/en/news/oracle-revealed-as-tenant-of-project-jupiter-data-center-campus-in-new-mexico/; https://www.oracle.com/news/announcement/blog/oracle-advances-american-ai-innovation-in-new-mexico-2026-01-23/; https://sourcenm.com/2026/03/31/nm-state-land-commissioner-rejects-application-for-gas-pipeline-to-power-project-jupiter-data-center/; https://www.krqe.com/news/new-mexico/massive-data-center-project-in-dona-ana-county-facing-one-hurdle/; https://projectjupitertogether.com/; https://www.nmborderplex.com/project-jupiter-approved-a-transformative-leap-for-the-new-mexico-borderplex/; https://www.abqjournal.com/news/doa-ana-county-agrees-to-community-meeting-over-project-jupiter/2998531; https://www.organmountainnews.com/project-jupiter-air-permits-hearing-decision-delayed/; https://truthout.org/articles/secretive-new-mexico-data-center-plan-races-forward-despite-community-pushback/; https://www.datacenterdynamics.com/en/news/groups-sue-to-stall-data-center-project-in-do%C3%B1a-ana-county-new-mexico/; https://kfoxtv.com/news/local/judge-denies-dona-ana-county-bid-to-dismiss-project-jupiter-open-meetings-lawsuit; https://nmelc.org/2026/02/09/nmelc-files-lawsuit-against-dona-ana-county-commission-for-oma-violations/; https://www.courthousenews.com/nonprofit-sues-to-block-165-billion-openai-data-center-in-rural-new-mexico/; https://www.yahoo.com/news/us/articles/mexico-judge-dismisses-project-jupiter-223024861.html; https://www.abqjournal.com/news/project-jupiter-air-permit-to-be-debated-in-october-hearing/3084513; https://searchlightnm.org/demonstrators-arrested-jobs-promised-at-rowdy-project-jupiter-meeting/; https://www.kob.com/news/top-news/project-jupiter-demonstrators-arrested-at-contentious-meeting/; https://www.abqjournal.com/news/project-jupiter-update-sparks-scuffle-arrests/3091046; https://www.santafenewmexican.com/news/local_news/new-mexico-agency-rejects-project-jupiter-data-centers-applications-for-gas-pipeline-right-of-way/article_00f190f7-2328-4e2e-82c0-012651387638.html; https://sourcenm.com/2026/03/04/texas-energy-company-seeks-federal-approval-for-pipeline-through-new-mexico-to-power-data-center/; https://www.nmstatelands.org/2026/07/15/commissioner-garcia-richard-again-denies-request-to-run-portion-of-project-jupiter-pipeline-through-state-lands/; https://www.abqjournal.com/news/lands-commissioner-nixes-project-jupiter-pipeline-for-second-time/3083075
grp_4d387890,New Mexico Water Advocates,New Mexico Water Advocates,1,NM,2026-03-20,2026-03-20,https://sourcenm.com/2026/03/31/nm-state-land-commissioner-rejects-application-for-gas-pipeline-to-power-project-jupiter-data-center/; https://www.santafenewmexican.com/news/local_news/new-mexico-agency-rejects-project-jupiter-data-centers-applications-for-gas-pipeline-right-of-way/article_00f190f7-2328-4e2e-82c0-012651387638.html; https://sourcenm.com/2026/03/04/texas-energy-company-seeks-federal-approval-for-pipeline-through-new-mexico-to-power-data-center/; https://www.nmstatelands.org/2026/07/15/commissioner-garcia-richard-again-denies-request-to-run-portion-of-project-jupiter-pipeline-through-state-lands/; https://www.abqjournal.com/news/lands-commissioner-nixes-project-jupiter-pipeline-for-second-time/3083075
grp_5aa0a6cc,New York Communities for Change,New York Communities for Change,1,NY,2026-02-06,2026-02-06,https://www.commondreams.org/news/ny-data-center-moratorium; https://www.nysenate.gov/legislation/bills/2025/S9144; https://legiscan.com/NY/text/A10141/2025; https://www.nysenate.gov/legislation/bills/2025/S8540; https://www.nysenate.gov/legislation/bills/2025/S6394/amendment/A; https://techcrunch.com/2026/02/07/new-york-lawmakers-propose-a-three-year-pause-on-new-data-centers/; https://www.foodandwaterwatch.org/2026/02/06/ny-legislators-introduce-strongest-data-center-moratorium-bill-in-the-country/; https://www.foodandwaterwatch.org/2026/03/02/100-new-york-groups-call-for-passage-of-data-center-moratorium-bill/; https://www.nixonpeabody.com/insights/alerts/2026/02/11/new-york-state-proposes-sweeping-data-center-moratorium-and-regulatory-review-s9144
grp_daa96774,Newport News Residents Against Data Centers,Newport News Residents Against Data Centers,1,VA,2025-12-01,2025-12-01,https://www.change.org/p/raise-awareness-about-the-potential-data-center-in-our-city; https://www.wavy.com/news/local-news/newport-news/talks-of-possible-data-center-in-newport-news-sparks-online-petition/; https://www.wtkr.com/news/in-the-community/newport-news/no-proposal-for-newport-news-data-center-mayor-jones; https://www.change.org/p/raise-awareness-about-the-potential-data-center-in-newport-news; https://www.wtkr.com/news/in-the-community/newport-news/newport-news-residents-push-back-against-potential-data-center-near-fort-eustis; https://www.pilotonline.com/2025/10/04/newport-news-data-center/; https://www.pilotonline.com/2025/12/16/newport-news-data-center-pitch/; https://www.newsbreak.com/news/4417784170538-newport-news-residents-push-back-against-potential-data-center-near-fort-eustis
grp_c5f5c3d0,NIMBY Imperial,NIMBY Imperial,1,CA,2025-12-04,2025-12-04,https://inewsource.org/2026/04/05/data-center-developer-imperial-county/; https://www.kpbs.org/news/environment/2026/01/21/the-plan-to-build-a-massive-data-center-in-imperial-county-without-environmental-review; https://www.kpbs.org/news/environment/2026/04/03/imperial-county-supervisors-to-hold-key-vote-on-controversial-data-center-project; https://calexicochronicle.com/2026/03/28/no-data-center-chants-ring-out-at-imperial-county-board-meeting/; https://calexicochronicle.com/2026/01/07/where-imperial-data-center-project-and-opposition-stands/; https://www.sierraclub.org/san-gorgonio/box-springs/blog/2026/03/contesting-imperial-valley-data-center; https://www.kpbs.org/news/environment/2026/04/07/imperial-county-supervisors-clear-path-for-massive-data-center-complex-amid-fierce-opposition; https://www.kpbs.org/news/environment/2026/04/16/imperial-valley-utility-could-decide-fate-of-massive-data-center-following-key-vote; https://calexicochronicle.com/2026/04/27/supervisor-peggy-price-recall-effort-third-times-a-charm/; https://www.ivpressonline.com/news/imperial-county-lawsuit-challenges-data-center-prohibition-act-over-claims-of-voter-overreach/article_0524e7f6-f8f4-4be5-aa12-e7b04e6dab18.html; https://inewsource.org/2026/06/04/imperial-county-data-center-moratorium-vote-supervisors-ceqa/
grp_3f5ae54e,NJ B.U.R.N. (Build Up Resistance Now),NJ B.U.R.N. (Build Up Resistance Now),1,NJ,2026-02-19,2026-02-19,https://www.commondreams.org/news/new-brunswick-ai-data-center; https://www.foodandwaterwatch.org/2026/02/20/new-brunswick-city-council-rejects-data-center/; https://www.thecooldown.com/green-business/new-brunswick-nj-ai-data-center-defeated/; https://patch.com/new-jersey/newbrunswick/new-brunswick-city-council-kills-proposal-build-ai-data-center-100-jersey; https://jerseyvindicator.org/2026/02/21/new-brunswick-rejects-data-center-plan-following-public-backlash/; https://www.datacenterdynamics.com/en/news/proposed-data-center-in-new-brunswick-new-jersey-denied-by-local-authorities/; https://www.dailytargum.com/article/new-brunswick-city-council-cancels-data-center-plans-in-response-to-protest-20260219
grp_d440301b,NJ Build Up Resistance Now (NJ B.U.R.N.),NJ Build Up Resistance Now (NJ B.U.R.N.),1,NJ,2026-02-19,2026-02-19,https://www.commondreams.org/news/new-brunswick-ai-data-center; https://www.foodandwaterwatch.org/2026/02/20/new-brunswick-city-council-rejects-data-center/; https://www.thecooldown.com/green-business/new-brunswick-nj-ai-data-center-defeated/; https://patch.com/new-jersey/newbrunswick/new-brunswick-city-council-kills-proposal-build-ai-data-center-100-jersey; https://jerseyvindicator.org/2026/02/21/new-brunswick-rejects-data-center-plan-following-public-backlash/; https://www.datacenterdynamics.com/en/news/proposed-data-center-in-new-brunswick-new-jersey-denied-by-local-authorities/; https://www.dailytargum.com/article/new-brunswick-city-council-cancels-data-center-plans-in-response-to-protest-20260219
grp_73957739,No AI Data Centers in Franklin County (Facebook group),No AI Data Centers in Franklin County (Facebook group),1,MO,2026-03-17,2026-03-17,https://www.firstalert4.com/2026/03/18/franklin-county-data-center-projects-draw-packed-crowd-opposition-planning-meeting/; https://www.ksdk.com/article/news/local/no-turning-back-neighbors-ecologist-warn-proposed-data-centers-threaten-meramec-river/63-eab3fc47-9e80-4158-b290-b5e9814e1b9b; https://www.firstalert4.com/2026/03/14/franklin-county-data-center-projects-return-planning-commission-tuesday-with-frustration-about-process/
grp_4b6ed7d5,No AI Datacenters in Franklin County MO,No AI Datacenters in Franklin County MO,1,MO,2026-01-15,2026-01-15,https://www.change.org/p/stop-the-data-center-on-robertsville-road-in-villa-ridge-missouri; https://www.stlmag.com/business/shaw-nature-reserve-data-center/; https://www.ksdk.com/article/news/local/data-center-proposal-sparks-intense-opposition-in-rural-franklin-county/63-1df17e92-1d31-4a96-a64f-b4a10bf99527; https://fox2now.com/news/missouri/franklin-county-residents-protest-possible-data-center-plans/; https://www.missourian.com/local_news/next-franklin-county-data-center-meeting-will-be-held-at-union-high-school/article_9f6016ad-b548-4014-a173-64c831798930.html; https://www.firstalert4.com/2026/04/21/franklin-county-meeting-could-be-turning-point-data-center-debate/; https://www.firstalert4.com/2026/04/19/franklin-county-data-center-projects-rezoning-faces-key-decision/; https://www.firstalert4.com/2026/03/14/franklin-county-data-center-projects-return-planning-commission-tuesday-with-frustration-about-process/
grp_5151a701,No Beloit Data Center,No Beloit Data Center,1,WI,2026-03-12,2026-03-12,https://www.wifr.com/2026/03/12/possible-data-center-near-beloit-raises-concerns-community/; https://www.wpr.org/news/town-of-beloit-pre-development-agreement-develop-data-center; https://www.datacenterdynamics.com/en/news/meta-signs-pre-development-agreement-for-data-center-in-beloit-wisconsin/
grp_f12a24dd,No Conshy Data Centers,No Conshy Data Centers,2,PA,2025-10-01,2025-11-17,https://montco.today/2025/11/fight-against-conshohocken-data-center/; https://www.change.org/p/no-conshy-or-plymouth-data-centers; https://patch.com/pennsylvania/plymouthwhitemarsh/residents-local-officials-intensely-oppose-conshohocken-data-center; https://morethanthecurve.com/developer-brian-oneill-behind-proposed-data-center-on-steel-plant-property-in-conshohocken/; https://www.timesherald.com/2025/11/19/proposed-plymouth-township-data-center-zoning-application-withdrawn/; https://morethanthecurve.com/oneill-withdraws-zoning-application-for-proposed-data-center-in-conshohocken-during-zoning-hearing-in-plymouth-township/; https://www.inquirer.com/news/pennsylvania/ai-data-center-construction-conshohocken-proposal-withdrawn-20251118.html; https://insideclimatenews.org/news/03032026/pennsylvania-data-center-resistance/; https://www.datacenterdynamics.com/en/news/legal-issues-force-developer-to-withdraw-data-center-proposal-in-plymouth-township-pennsylvania/; https://www.inquirer.com/consumer/technology/ai-center-plan-plymouth-conshohocken-20251003.html; https://www.savepennsylvania.com/petitions; https://whyy.org/articles/conshohocken-pennsylvania-residents-pushback-data-center-proposal/; https://www.change.org/p/stop-re-zoning-and-protect-plymouth-township-s-environment; https://www.datacenterdynamics.com/en/news/planning-agency-of-plymouth-township-pennsylvania-votes-not-to-recommend-data-center-proposal/
grp_96285813,No Data Center Clifton/Covington TWPs,No Data Center Clifton/Covington TWPs,1,PA,2026-02-03,2026-02-03,https://nodatacenter.net/; https://www.savepennsylvania.com/petitions; https://www.wvia.org/news/local/2026-01-28/lackawanna-county-judge-holds-hearing-on-clifton-twp-data-center-settlement-challenges; https://www.wvia.org/news/local/2026-02-04/data-centers-residents-fear-negative-impacts-on-water-resources-as-data-centers-are-proposed-across-northeast-pa; https://insideclimatenews.org/news/03032026/pennsylvania-data-center-resistance/; https://www.thetimes-tribune.com/2026/02/03/judge-tosses-settlement-between-clifton-twp-data-center-developer/
grp_5d4508db,No Data Center Festus MO,No Data Center Festus MO,2,MO,2026-04-10,2026-05-19,https://www.stlpr.org/government-politics-issues/2026-02-27/festus-leaders-next-step-approving-proposed-data-center; https://www.stlpr.org/government-politics-issues/2025-11-13/developer-eyes-festus-site-new-data-center-development; https://www.ksdk.com/article/news/politics/festus-residents-clash-over-data-center-proposal-at-city-council-meeting/63-c21a8c0d-169b-47ec-aa06-107395cdb6f7; https://www.kcur.org/housing-development-section/2025-11-15/data-center-developer-missouri-festus-st-charles; https://www.datacenterdynamics.com/en/news/developer-eyes-240-acre-data-center-campus-in-festus-missouri/; https://www.stlpr.org/economy-business/2025-09-08/documents-link-secretive-st-charles-data-center-google; https://www.kcur.org/housing-development-section/2025-09-08/google-missouri-data-center-st-charles; https://www.myleaderpaper.com/news/festus-second-data-center-lawsuit-filed/article_576699c7-2a83-48e4-a3bd-824b9ae760d1.html; https://www.stlpr.org/government-politics-issues/2026-03-31/festus-data-center-development-approval; https://www.firstalert4.com/2026/03/31/festus-data-center-plans-move-forward-after-emotional-city-council-vote/; https://www.ksdk.com/article/news/local/business-journal/festus-six-billion-dollar-data-center-crg-agreement-benefits/63-17639cf1-a110-4322-b7eb-679907668f5e; https://spectrumlocalnews.com/mo/st-louis/news/2026/03/31/st-louis-festus-data-center-project-crg; https://fox2now.com/news/missouri/festus-city-council-approves-data-center-plan/; https://www.stlpr.org/government-politics-issues/2026-04-08/6b-data-center-festus-voters-oust-every-incumbent-council-member; https://www.stlpr.org/government-politics-issues/2026-04-10/data-center-opposition-group-sues-city-festus-proposed-developer; https://www.stlpr.org/government-politics-issues/2026-04-17/festus-council-member-steps-down-data-center-backlash; https://www.kcur.org/politics-elections-and-government/2026-04-09/festus-missouri-data-center-election-city-council; https://www.ksdk.com/article/news/local/st-charles-ai-data-center-ban-first-in-nation/63-2c50fbcf-fcad-4b8d-bbcb-3711f6c2d29d; https://www.kcur.org/housing-development-section/2025-08-19/st-charles-data-center-secret-public-opposition; https://www.midriversnewsmagazine.com/news/st-charles-residents-push-back-on-hyperscale-data-center-near-city-s-water-source/article_0892c124-6c4c-4ca0-a741-ee7275fbfeb0.html; https://www.firstalert4.com/2025/08/23/st-charles-places-1-year-pause-data-center-projects/; https://www.kcur.org/politics-elections-and-government/2026-02-26/missouri-data-center-rules-water-electricity; https://www.stlpr.org/news-briefs/2025-08-18/developer-controversial-data-center-st-charles; https://www.govtech.com/products/proposed-st-charles-mo-data-center-is-dead-for-now; https://grha.org/blogs/news/victory-for-the-confluence-data-center-withdrawn-amid-environmental-concerns; https://www.ksdk.com/article/money/economy/energy/missouri-massive-data-center-st-charles-secretive-power-water-worries-polluted-groundwater-protected-wetland/63-cdae3e73-efab-4c0c-9215-938d064188e3; https://www.stltoday.com/news/local/stcharles/article_c58f3b3e-c549-471a-9bf7-f1c9ee7c59b1.html; https://baxtel.com/data-center/project-cumulus; https://www.stltoday.com/news/local/st-charles/article_cc69ee91-9269-42c1-8a23-5a93d1c05679.html; https://www.datacenterdynamics.com/en/news/bernie-sanders-praises-residents-after-developers-shelve-planned-data-center-in-st-charles-missouri/; https://www.change.org/p/stop-the-hazardous-data-center-in-st-charles-protect-our-water-health-and-community; https://grha.org; https://www.stlmag.com/business/rural-missouri-data-center-battleground/; https://www.kcur.org/housing-development-section/2025-08-23/st-charles-data-center-year-ban; https://www.govtech.com/policy/st-charles-mo-moves-to-ban-data-centers-for-1-year; https://www.ksdk.com/article/news/local/business-journal/st-charles-moves-to-permanently-ban-data-centers/63-3e1aa0a7-f1f0-4d30-b6b5-0f08648b55c5; https://fox2now.com/news/missouri/st-charles-considering-permanent-ban-on-data-centers/; https://www.stlpr.org/news-briefs/2026-02-10/st-charles-officials-table-vote-banning-large-scale-data-centers-april; https://www.firstalert4.com/2026/02/10/st-charles-planning-zoning-table-proposal-ban-data-centers/; https://www.ksdk.com/article/news/politics/st-charles-city-council-votes-7-1-to-effectively-ban-data-centers/63-7c9264ad-1dc5-4c38-853a-1f7cddf9c2ac; https://www.stlpr.org/2026-05-20/st-charles-passes-a-ban-on-data-centers; https://fox2now.com/news/missouri/st-charles-council-to-consider-ban-on-large-data-centers/
grp_aa6b0de5,No Data Center FLX,No Data Center FLX,4,NY,2025-09-24,2026-07-14,https://www.governor.ny.gov/news/first-statewide-moratorium-new-hyperscale-data-centers-launched-governor-kathy-hochul; https://www.washingtonpost.com/technology/2026/07/14/new-york-becomes-first-state-impose-data-center-moratorium/; https://www.axios.com/2026/07/14/ny-gov-kathy-hochul-data-center-moratorium-executive-order; https://www.cnbc.com/2026/07/15/trump-blasts-new-york-gov-hochul-over-ai-data-center-moratorium.html; https://www.constructiondive.com/news/new-york-data-center-moratorium-contractor-pushback/825222/; https://www.theblock.co/post/408344/new-york-pause-new-data-center-permits-terawulf-falls; https://nystateofpolitics.com/state-of-politics/new-york/politics/2026/07/15/n-y--data-center-moratorium-a--missed-opportunity--for-construction-industry--contractors-association-says; https://esd.ny.gov/communityinvestmentframework; https://www.cornellsun.com/article/2026/07/k9fstjzcajbc; https://rochesterbeacon.com/2026/07/22/data-center-opponents-see-executive-order-as-partial-win/; https://www.fltimes.com/news/seneca-county-board-of-supervisors-to-dec-reject-terawulfs-modified-permit-request/article_cce901b6-e44d-41b6-ae0c-e0f9bf79e1d7.html; https://sustainablefingerlakes.org/2026/03/13/seneca-county-board-of-supervisors-to-dec-reject-terawulfs-modified-permit-request/; https://ithacavoice.org/2026/01/local-groups-file-suit-against-terawulf-lansing-zoning-board-over-data-center/; https://ithacavoice.org/2025/11/data-center-company-terawulf-threatens-legal-action-against-lansing-town-board/; https://www.cornellsun.com/article/2025/12/lansing-board-withdraws-ordinance-that-would-have-stalled-terawulf-data-center; https://www.cornellsun.com/article/2025/11/tensions-over-terawulf-data-center-in-tompkins-county-grow-with-threatened-lawsuit; https://tompkinsweekly.com/articles/terawulf-outlines-plans-for-lansing-ai-data-center-as-residents-seek-more-answers/; https://cleancayugalake.org/terawulf/; https://www.weny.com/news/tompkins-co-legislature-passes-resolution-calling-on-nysdec-to-reject-water-withdrawal-permit-for-proposed/article_d0835648-25e5-4bef-825c-4f46e4bfb9b7.html; https://www.ithaca.com/news/lansing/flx-strong-clean-file-lawsuit-against-lansing-zba-terawulf-to-block-data-center/article_97b45f0f-c849-497c-9daa-6040f1f1710b.html; https://ithacavoice.org/2026/06/petition-opposing-lansing-ai-data-center-garners-over-20000-signatures/; https://www.ithaca.com/news/regional_news/terawulf-s-proposed-data-center-faces-local-delays-pushback/article_8949eab1-47fd-46df-87ec-841b76a6527b.html; https://ithacavoice.org/2026/07/lansing-official-who-opposed-data-center-faces-legal-action/
grp_c3430041,No Data Center in DeForest,No Data Center in DeForest,2,WI,2026-01-13,2026-02-03,https://spectrumnews1.com/wi/milwaukee/news/2026/02/01/madison-passes-temporary-data-center-moratorium; https://isthmus.com/news/news/madison-moves-to-enact-one-year-moratorium-on-data-center-construction/; https://captimes.com/news/government/madison-punts-on-joining-data-center-boom-passes-one-year-moratorium/article_d632970a-af9a-45ea-aa5a-9668d3040006.html; https://www.datacenterdynamics.com/en/news/qts-drops-plan-for-data-center-near-madison-wisconsin-amid-opposition-from-local-officials/; https://dailyreporter.com/2025/11/07/qts-12b-deforest-data-center-development/; https://constructionreviewonline.com/qts-data-centers-announces-its-plans-for-12-billion-data-center-project-in-deforest-wisconsin/; https://wisconsinwatch.org/2026/01/deforest-wisconsin-data-center-project-village-board-government/; https://www.weau.com/2026/01/14/madison-pauses-data-center-approvals-one-year/; https://dailyreporter.com/2026/01/29/deforest-cancels-qts-data-center/; https://isthmus.com/news/news/deforest-announces-no-data-center/; https://spectrumnews1.com/wi/milwaukee/news/2026/01/28/deforest--data-center--qts--village-board--rejection; https://www.wpr.org/energy/deforest-wont-move-forward-data-center; https://www.dailycardinal.com/article/2026/01/deforest-residents-organize-to-stop-proposed-data-center-after-emails-go-public; https://captimes.com/news/government/finally-able-to-breathe-deforest-data-center-critics-get-their-wish/article_f2959453-4dbc-4341-a81c-7b4c00114131.html; https://www.wxow.com/news/wisconsin-news/no-data-center-in-deforest-public-forum-unites-residents-after-data-center-plans-halted/article_079b3d08-e758-5a91-a47f-9b98ece72341.html; https://qtsdatacenters.com/news/qts-advances-plans-for-state-of-the-art-data-center-campus-and-announces-50-million-community-commitment-for-dane-county/
grp_5c821e8f,No Data Center in Festus,No Data Center in Festus,2,MO,2026-04-10,2026-05-19,https://www.stlpr.org/government-politics-issues/2026-02-27/festus-leaders-next-step-approving-proposed-data-center; https://www.stlpr.org/government-politics-issues/2025-11-13/developer-eyes-festus-site-new-data-center-development; https://www.ksdk.com/article/news/politics/festus-residents-clash-over-data-center-proposal-at-city-council-meeting/63-c21a8c0d-169b-47ec-aa06-107395cdb6f7; https://www.kcur.org/housing-development-section/2025-11-15/data-center-developer-missouri-festus-st-charles; https://www.datacenterdynamics.com/en/news/developer-eyes-240-acre-data-center-campus-in-festus-missouri/; https://www.stlpr.org/economy-business/2025-09-08/documents-link-secretive-st-charles-data-center-google; https://www.kcur.org/housing-development-section/2025-09-08/google-missouri-data-center-st-charles; https://www.myleaderpaper.com/news/festus-second-data-center-lawsuit-filed/article_576699c7-2a83-48e4-a3bd-824b9ae760d1.html; https://www.stlpr.org/government-politics-issues/2026-03-31/festus-data-center-development-approval; https://www.firstalert4.com/2026/03/31/festus-data-center-plans-move-forward-after-emotional-city-council-vote/; https://www.ksdk.com/article/news/local/business-journal/festus-six-billion-dollar-data-center-crg-agreement-benefits/63-17639cf1-a110-4322-b7eb-679907668f5e; https://spectrumlocalnews.com/mo/st-louis/news/2026/03/31/st-louis-festus-data-center-project-crg; https://fox2now.com/news/missouri/festus-city-council-approves-data-center-plan/; https://www.stlpr.org/government-politics-issues/2026-04-08/6b-data-center-festus-voters-oust-every-incumbent-council-member; https://www.stlpr.org/government-politics-issues/2026-04-10/data-center-opposition-group-sues-city-festus-proposed-developer; https://www.stlpr.org/government-politics-issues/2026-04-17/festus-council-member-steps-down-data-center-backlash; https://www.kcur.org/politics-elections-and-government/2026-04-09/festus-missouri-data-center-election-city-council; https://www.ksdk.com/article/news/local/st-charles-ai-data-center-ban-first-in-nation/63-2c50fbcf-fcad-4b8d-bbcb-3711f6c2d29d; https://www.kcur.org/housing-development-section/2025-08-19/st-charles-data-center-secret-public-opposition; https://www.midriversnewsmagazine.com/news/st-charles-residents-push-back-on-hyperscale-data-center-near-city-s-water-source/article_0892c124-6c4c-4ca0-a741-ee7275fbfeb0.html; https://www.firstalert4.com/2025/08/23/st-charles-places-1-year-pause-data-center-projects/; https://www.kcur.org/politics-elections-and-government/2026-02-26/missouri-data-center-rules-water-electricity; https://www.stlpr.org/news-briefs/2025-08-18/developer-controversial-data-center-st-charles; https://www.govtech.com/products/proposed-st-charles-mo-data-center-is-dead-for-now; https://grha.org/blogs/news/victory-for-the-confluence-data-center-withdrawn-amid-environmental-concerns; https://www.ksdk.com/article/money/economy/energy/missouri-massive-data-center-st-charles-secretive-power-water-worries-polluted-groundwater-protected-wetland/63-cdae3e73-efab-4c0c-9215-938d064188e3; https://www.stltoday.com/news/local/stcharles/article_c58f3b3e-c549-471a-9bf7-f1c9ee7c59b1.html; https://baxtel.com/data-center/project-cumulus; https://www.stltoday.com/news/local/st-charles/article_cc69ee91-9269-42c1-8a23-5a93d1c05679.html; https://www.datacenterdynamics.com/en/news/bernie-sanders-praises-residents-after-developers-shelve-planned-data-center-in-st-charles-missouri/; https://www.change.org/p/stop-the-hazardous-data-center-in-st-charles-protect-our-water-health-and-community; https://grha.org; https://www.stlmag.com/business/rural-missouri-data-center-battleground/; https://www.kcur.org/housing-development-section/2025-08-23/st-charles-data-center-year-ban; https://www.govtech.com/policy/st-charles-mo-moves-to-ban-data-centers-for-1-year; https://www.ksdk.com/article/news/local/business-journal/st-charles-moves-to-permanently-ban-data-centers/63-3e1aa0a7-f1f0-4d30-b6b5-0f08648b55c5; https://fox2now.com/news/missouri/st-charles-considering-permanent-ban-on-data-centers/; https://www.stlpr.org/news-briefs/2026-02-10/st-charles-officials-table-vote-banning-large-scale-data-centers-april; https://www.firstalert4.com/2026/02/10/st-charles-planning-zoning-table-proposal-ban-data-centers/; https://www.ksdk.com/article/news/politics/st-charles-city-council-votes-7-1-to-effectively-ban-data-centers/63-7c9264ad-1dc5-4c38-853a-1f7cddf9c2ac; https://www.stlpr.org/2026-05-20/st-charles-passes-a-ban-on-data-centers; https://fox2now.com/news/missouri/st-charles-council-to-consider-ban-on-large-data-centers/
grp_2988dd74,No Data Center in Jones County GA,No Data Center in Jones County GA,1,GA,2025-10-22,2025-10-22,https://www.13wmaz.com/article/news/local/jones-county-leaders-put-90-day-moratorium-on-data-centers/93-29002835-454e-4208-be1e-5a7f355edf0e; https://www.datacenterdynamics.com/en/news/data-center-developers-withdraw-plans-to-rezone-more-than-600-acres-in-jones-county-georgia-after-local-pushback/; https://www.13wmaz.com/article/news/local/600-acre-data-center-proposed-for-jones-county-faces-early-opposition/93-25e72bf8-9eed-47ae-a351-8b7a05ee723f; https://wgxa.tv/news/local/developers-withdraw-rezoning-application-jones-county-data-center-ahead-of-planning-and-zoning-hearing-thomas-hutton-engineering-eagle-rock-partners-crooked-creek-technology-park-intersection-of-highway-18-and-bethlehem-church-road-tim-pitrowski; https://peachbytesolutions.com/blog/how-community-action-in-jones-county-halted-a-major-data-center-plan
grp_9d58c060,No Data Center in Landover,No Data Center in Landover,1,MD,2025-09-01,2025-09-01,https://foxbaltimore.com/news/local/prince-georges-county-data-centers-zoning-electric-grid-energy-maryland; https://marylandmatters.org/2025/09/17/prince-georges-county-moves-to-put-data-center-development-on-pause/; https://commercialobserver.com/2025/09/data-center-pause-prince-george-maryland/; https://dbknews.com/2025/12/04/prince-georges-county-data-centers/
grp_4e1835ad,No Data Center in Landover coalition,No Data Center in Landover coalition,1,MD,2025-09-01,2025-09-01,https://foxbaltimore.com/news/local/prince-georges-county-data-centers-zoning-electric-grid-energy-maryland; https://marylandmatters.org/2025/09/17/prince-georges-county-moves-to-put-data-center-development-on-pause/; https://commercialobserver.com/2025/09/data-center-pause-prince-george-maryland/; https://dbknews.com/2025/12/04/prince-georges-county-data-centers/
grp_8dbfb3ac,No Data Center In LMBT,No Data Center In LMBT,1,PA,2025-10-01,2025-10-01,https://www.change.org/p/oppose-data-center-in-lower-mt-bethel-township; https://www.wfmz.com/news/area/lehighvalley/northampton-county/slate-belt/residents-want-more-specifics-as-data-center-proposal-emerges-in-lower-mt-bethel/article_5e863718-3fbd-4e88-9d53-794a582fa805.html; https://www.mcall.com/2026/02/25/lower-mount-bethel-data-center-peron-development-petrucci/; https://www.mcall.com/2026/03/03/lower-mount-bethel-data-center-town-hall/; https://ridgeviewecho.com/2026/02/24/mount-bethel-data-center-faces-backlash-from-community-models-a-similar-fate-for-new-jersey/
grp_fa944020,NO DATA CENTER in Lyon Township,NO DATA CENTER in Lyon Township,1,MI,2026-03-03,2026-03-03,https://www.whmi.com/news/article/lyon-twp-board-enacts-six-month-moratorium-on-new-data-center-projects; https://bluewaterhealthyliving.com/news/local-news/michigan/as-project-flex-proceeds-lyon-township-hits-pause-on-new-data-centers/; https://planetdetroit.org/2026/01/lyon-township-data-center-plan/; https://www.datacenterdynamics.com/en/news/180-acre-data-center-set-to-be-built-in-lyon-township-michigan/; https://www.change.org/p/stop-the-building-of-an-ai-data-center-in-lyon-township; https://www.crainsdetroit.com/economic-development/verrus-data-center-planned-lyon-township; https://planetdetroit.org/2025/12/michigan-data-center-news-roundup/
grp_ea2850e1,No Data Center in Monterey Park,No Data Center in Monterey Park,1,CA,2026-03-04,2026-03-04,"https://www.montereypark.ca.gov/m/newsflash/home/detail/1306; https://laist.com/news/monterey-park-data-center-ballot-question; https://ballotpedia.org/Monterey_Park,_California,_Prohibit_Data_Centers_Measure_(June_2026"
grp_fe6e0c36,No Data Center In Sheboygan,No Data Center In Sheboygan,1,WI,2025-07-01,2025-07-01,https://www.tmj4.com/news/sheboygan-county/sheboygan-residents-raise-concerns-about-speculated-data-center-amid-land-deal-city-denies-data-center; https://www.sheboygansun.com/news/amazon-project-sheboygan-concerns/article_63631a02-170a-4a2b-a9af-2cfeea56d1b1.html; https://www.tmj4.com/news/sheboygan-county/sheboygan-amazon-warehouse-deal-approved-residents-petition-in-opposition-to-any-potential-data-centers
grp_d3d55c3e,No Data Center Kokomo-Howard County,No Data Center Kokomo-Howard County,1,IN,2025-11-01,2025-11-01,https://www.change.org/p/prevent-data-centers-from-establishing-in-kokomo-indiana; https://www.wrtv.com/news/local-news/in-your-community/north-side-indy/kokomo-residents-say-no-to-proposed-ai-data-center-plan-in-howard-county; https://www.kokomotribune.com/news/local_news/residents-challenge-kokomo-plan-commission-on-rezoning/article_1645c32a-92cc-4d4e-8569-421e6b7bb270.html; https://www.wishtv.com/news/indiana-news/kokomo-council-considers-annexation/
grp_b104e80c,No Data Center Paulding County Georgia,No Data Center Paulding County Georgia,1,GA,2025-12-01,2025-12-01,https://www.gpb.org/news/2025/10/22/wave-of-data-center-ordinances-sweep-through-ga-counties-how-strict-are-they; https://www.gpb.org/news/2026/01/28/resistance-data-centers-fuels-flood-of-georgia-bills-targeting-the-industry
grp_b98cf7ee,No Data Centers - Strasburg VA,No Data Centers - Strasburg VA,1,VA,2025-03-01,2025-03-01,https://www.nvdaily.com/nvdaily/shenandoah-county-weighing-safeguards-as-it-shapes-data-center-policy/article_9457e215-e1c7-5396-93ce-537a11345351.html; https://baxtel.com/data-center/takanock-project-tallmadge
grp_876beee3,No Data Centers Davenport,No Data Centers Davenport,1,IA,2024-05-01,2024-05-01,https://www.datacenterdynamics.com/en/news/meta-named-as-company-behind-328-acre-data-center-in-davenport-iowa/; https://www.wqad.com/article/money/economy/davenport-proposed-meta-data-center-land-remains-empty/526-3150dbfe-4520-41ed-8f98-ed5c304772a5; https://qctimes.com/news/local/business/article_b66be122-4747-480e-b683-e8c9fa8c8bb2.html; https://www.kwqc.com/2026/03/06/more-than-house-less-than-grocery-store-how-much-electricity-qca-data-centers-uses/; https://insideclimatenews.org/news/01032026/iowa-county-data-center-ordinance/
grp_4026d674,No Data Centers Fulton County IN,No Data Centers Fulton County IN,1,IN,2026-03-03,2026-03-03,https://www.wndu.com/2026/03/03/fulton-county-commissioners-approve-one-year-moratorium-data-center-construction/; https://www.datacenterdynamics.com/en/news/officials-recommend-data-center-moratorium-for-approval-in-fulton-county-indiana/; https://www.953mnc.com/2026/03/03/fulton-county-commissioners-approve-one-year-moratorium-on-new-data-center-development/; https://www.wndu.com/2026/02/11/fulton-county-approves-12-month-data-center-moratorium-after-heated-public-hearing/; https://www.abc57.com/news/developer-unveils-data-center-plan-in-akron-amid-resident-concerns; https://www.giant.fm/fulton-county/news/local-news/data-center-moratorium-approved-during-fulton-county-commissioners-meeting-monday/; https://www.wndu.com/2026/03/03/fulton-county-commissioners-approve-one-year-moratorium-data-center-construction-meeting/; https://www.wndu.com/2026/02/11/area-plan-commission-fulton-county-votes-favor-data-center-moratorium-public-meeting/; https://www.abc57.com/news/latest-details-on-potential-data-center-development-in-fulton-county
grp_399532c5,No Data Centers Hobart Indiana,No Data Centers Hobart Indiana,2,IN,2025-10-01,2025-11-01,https://www.utilitydive.com/news/nisource-nipsco-amazon-data-centers-indiana/806396/; https://nwitimes.com/news/local/lake/hobart/article_94ce3879-bb99-4c9b-ab72-47e0d24342b8.html; https://hobartdatacenters.org/; https://nwitimes.com/news/local/article_f87dfc22-1792-43d2-abd8-5f4d4edce372.html; https://www.nbcchicago.com/news/local/indiana-residents-push-back-against-proposal-to-build-2-data-centers-in-hobart/3848075/; https://www.aboutamazon.com/news/company-news/amazon-15-billion-indiana-data-centers; https://www.change.org/p/stop-data-centers-in-hobart-indiana-protect-our-community; https://www.chicagotribune.com/2025/11/24/amazon-15b-data-center-campuses-nwi/; https://www.chicagotribune.com/2025/11/25/hobart-confirmed-amazon-data-center-site/; https://www.change.org/p/stop-data-center-developments-in-northwest-indiana; https://www.govtech.com/products/residents-push-indiana-community-toward-halt-on-data-centers
grp_3d5a40ea,No Data Centers in Jones County,No Data Centers in Jones County,1,GA,2025-10-22,2025-10-22,https://www.13wmaz.com/article/news/local/jones-county-leaders-put-90-day-moratorium-on-data-centers/93-29002835-454e-4208-be1e-5a7f355edf0e; https://www.datacenterdynamics.com/en/news/data-center-developers-withdraw-plans-to-rezone-more-than-600-acres-in-jones-county-georgia-after-local-pushback/; https://www.13wmaz.com/article/news/local/600-acre-data-center-proposed-for-jones-county-faces-early-opposition/93-25e72bf8-9eed-47ae-a351-8b7a05ee723f; https://wgxa.tv/news/local/developers-withdraw-rezoning-application-jones-county-data-center-ahead-of-planning-and-zoning-hearing-thomas-hutton-engineering-eagle-rock-partners-crooked-creek-technology-park-intersection-of-highway-18-and-bethlehem-church-road-tim-pitrowski; https://peachbytesolutions.com/blog/how-community-action-in-jones-county-halted-a-major-data-center-plan
grp_1aa31800,No Data Centers in Ozaukee County,No Data Centers in Ozaukee County,3,WI,2025-08-01,2025-10-18,https://www.tmj4.com/news/ozaukee-county/port-washington-neighbors-host-town-hall-rally-against-15-billion-data-center-project; https://www.gmtoday.com/news_graphic/news/glnu-challenges-port-washington-data-center/article_f0120984-fde9-40f7-99f4-da5c0d009ec9.html; https://www.wpr.org/news/port-washington-council-approves-tid; https://www.gmtoday.com/news_graphic/news/great-lakes-neighbors-data-center/article_8dbeec3c-067d-53e0-ae25-5ebb2700a6dc.html; https://www.wpr.org/news/community-challenges-port-washingtons-data-center-tid-court; https://spectrumnews1.com/wi/milwaukee/in-focus/2026/01/30/port-washington--data-center--great-lakes-neighbors-united; https://www.datacenterdynamics.com/en/news/three-arrested-at-data-center-hearing-in-port-washington-wisconsin/; https://www.protectfredonia.com/why-1; https://www.change.org/p/stop-the-port-washington-wi-data-center; https://www.datacenterdynamics.com/en/news/openai-oracle-and-vantage-plan-stargate-wisconsin-data-center-expected-to-be-close-to-a-gigawatt/; https://www.constructiondive.com/news/openai-oracle-stargate-data-center-site-wisconsin/804031/; https://www.wpr.org/news/port-washington-data-center-campus-openai-oracle-stargate-chatgpt; https://wtmj.com/news/2026/02/17/attempt-to-recall-port-washington-mayor-by-anti-data-center-group-fails-according-to-city/; https://urbanmilwaukee.com/2026/02/14/community-group-files-suit-against-port-washingtons-data-center/; https://www.wpr.org/news/data-center-opponents-launch-recall-of-port-washington-mayor; https://www.gmtoday.com/news_graphic/news/port-washington-tid-lawsuit/article_4642152b-7077-44cc-99ff-7a79d1f83c53.html; https://www.ozaukeepress.com/content/data-center-tif-challenge-paused-rewrite; https://biztimes.com/mmac-sues-city-of-port-washington-over-referendum-related-to-tid-financing/; https://www.mmac.org/news/mmac-regional-stakeholders-file-suit-against-port-washington/; https://www.gmtoday.com/daily_news/news/court-denies-business-groups-request-to-block-tid-ordinance/article_a4e62231-1cbc-543f-84fa-b347c6ec4fb0.html; https://spectrumnews1.com/wi/milwaukee/news/2025/10/10/ozaukee-county-port-washington-data-center-fredonia; https://www.fox6now.com/news/port-washington-data-center-residents-unite-against-proposed-powerline-routes; https://www.tmj4.com/news/ozaukee-county/fredonia-neighbors-pleased-that-push-for-alternate-data-center-power-line-route-is-gaining-traction; https://spectrumnews1.com/wi/milwaukee/news/2025/11/21/ai-artificial-intelligence-port-washington-data-center-american-transmission-company-public-service-commission-of-wisconsin; https://vantage-dc.com/news/openai-oracle-and-vantage-data-centers-announce-stargate-data-center-site-in-wisconsin/; https://www.ozaukeepress.com/content/vantage-marks-start-15b-data-center-project; https://shepherdexpress.com/news/features/the-struggle-against-hyperscale-data-centers-across-wisconsin/; https://www.wpr.org/news/1-4b-transmission-line-project-proposed-port-washington-data-center; https://urbanmilwaukee.com/2025/10/18/port-washington-data-center-requires-1-4-billion-transmission-line-project/; https://www.gmtoday.com/news_graphic/business/atc-transmission-line-proposal/article_a082f14b-f0d2-5f2b-a596-e64b2fb3e1fd.html; https://www.eenews.net/articles/data-center-extension-cord-draws-landowners-ire/; https://www.gmtoday.com/news_graphic/business/port-washington-power-routes/article_13c93a82-e614-5ea5-8dd8-fdc8cbc1c561.html; https://www.gmtoday.com/the_freeman/news/washington-county-board-use-existing-infrastructure-for-port-washington-data-center/article_d5bc4922-6c3b-534c-8895-c35cf4f2d7d3.html; https://biztimes.com/vantage-joins-local-officials-in-supporting-alternate-transmission-route/
grp_a177122a,No Data Centers in Spartanburg,No Data Centers in Spartanburg,1,SC,2026-02-27,2026-02-27,https://palmettostatewatchfoundation.com/2026/01/06/petitions-protests-and-power-bills-spartanburg-faces-data-center-debacle/; https://stopprojectspero.com/; https://www.change.org/p/stop-data-centers-coming-to-upstate-sc; https://www.datacenterdynamics.com/en/news/proposal-for-3bn-data-center-faces-opposition-in-spartanburg-county-south-carolina/; https://www.datacenterdynamics.com/en/news/tigerdc-pulls-planned-data-center-project-from-south-carolina-county-after-officials-deny-tax-deal/; https://www.datacentermap.com/usa/south-carolina/spartanburg/tigerdc-sc1-campus/; https://www.foxcarolina.com/2026/02/27/company-withdraws-ai-data-center-spartanburg-county-consideration/; https://www.foxcarolina.com/2026/02/27/spartanburg-county-vote-no-project-spero-tax-incentive-after-public-backlash/; https://www.postandcourier.com/spartanburg/business/tigerdc-data-center-spartanburg-county-project-spero/article_08f63d91-4108-4439-92c9-51b51c081232.html; https://www.postandcourier.com/spartanburg/news/spartanburg-county-project-spero-tigerdc-data-center-vote/article_8eb0af10-4ca5-464a-8016-6961bfe61cad.html; https://www.postandcourier.com/spartanburg/news/spartanburg-project-spero-data-center-withdrawn/article_bfb9e61e-2282-4d22-9806-7aa4a934be27.html; https://www.wspa.com/news/community-pushing-back-on-3b-spartanburg-county-data-center/; https://www.wspa.com/news/local-news/ai-data-center-project-withdrawn-from-spartanburg-county/; https://www.foxcarolina.com/2026/03/07/ai-is-anti-human-protestors-express-concerns-regarding-data-centers-coming-upstate/; https://www.wrdw.com/2026/03/08/ai-is-anti-human-sc-protestors-express-concerns-regarding-data-centers/; https://www.foxcarolina.com/2026/02/17/data-center-one-step-closer-reality-after-spartanburg-county-council-approval/; https://www.postandcourier.com/spartanburg/news/spartanburg-county-data-center-pollution/article_5ff08496-ab3b-4462-8f83-70396747b96a.html; https://www.wspa.com/news/top-stories/spartanburg-delays-vote-on-3-billion-data-center-proposal/
grp_d3c02e82,No Data Centers in Spartanburg SC,No Data Centers in Spartanburg SC,1,SC,2026-02-27,2026-02-27,https://palmettostatewatchfoundation.com/2026/01/06/petitions-protests-and-power-bills-spartanburg-faces-data-center-debacle/; https://stopprojectspero.com/; https://www.change.org/p/stop-data-centers-coming-to-upstate-sc; https://www.datacenterdynamics.com/en/news/proposal-for-3bn-data-center-faces-opposition-in-spartanburg-county-south-carolina/; https://www.datacenterdynamics.com/en/news/tigerdc-pulls-planned-data-center-project-from-south-carolina-county-after-officials-deny-tax-deal/; https://www.datacentermap.com/usa/south-carolina/spartanburg/tigerdc-sc1-campus/; https://www.foxcarolina.com/2026/02/27/company-withdraws-ai-data-center-spartanburg-county-consideration/; https://www.foxcarolina.com/2026/02/27/spartanburg-county-vote-no-project-spero-tax-incentive-after-public-backlash/; https://www.postandcourier.com/spartanburg/business/tigerdc-data-center-spartanburg-county-project-spero/article_08f63d91-4108-4439-92c9-51b51c081232.html; https://www.postandcourier.com/spartanburg/news/spartanburg-county-project-spero-tigerdc-data-center-vote/article_8eb0af10-4ca5-464a-8016-6961bfe61cad.html; https://www.postandcourier.com/spartanburg/news/spartanburg-project-spero-data-center-withdrawn/article_bfb9e61e-2282-4d22-9806-7aa4a934be27.html; https://www.wspa.com/news/community-pushing-back-on-3b-spartanburg-county-data-center/; https://www.wspa.com/news/local-news/ai-data-center-project-withdrawn-from-spartanburg-county/; https://www.foxcarolina.com/2026/03/07/ai-is-anti-human-protestors-express-concerns-regarding-data-centers-coming-upstate/; https://www.wrdw.com/2026/03/08/ai-is-anti-human-sc-protestors-express-concerns-regarding-data-centers/; https://www.foxcarolina.com/2026/02/17/data-center-one-step-closer-reality-after-spartanburg-county-council-approval/; https://www.postandcourier.com/spartanburg/news/spartanburg-county-data-center-pollution/article_5ff08496-ab3b-4462-8f83-70396747b96a.html; https://www.wspa.com/news/top-stories/spartanburg-delays-vote-on-3-billion-data-center-proposal/
grp_bc1cbcd5,No Data Centers in Stokes County,No Data Centers in Stokes County,1,NC,2026-01-12,2026-01-12,https://ncnewsline.com/2026/03/13/community-groups-sue-over-planned-data-center-in-stokes-county/; https://www.northcarolinahealthnews.org/2026/03/25/nc-communities-push-back-ai-data-centers-project-delta-lawsuit/; https://www.selc.org/press-release/community-groups-residents-file-lawsuit-over-stokes-county-data-center-rezoning/; https://southerncoalition.org/community-groups-residents-file-lawsuit-over-stokes-county-data-center-rezoning/; https://insideclimatenews.org/news/19032026/north-carolina-county-data-center-rezoning-lawsuit/; https://cwfnc.org/stokes/; https://www.theassemblync.com/news/environment/data-center-rezoning-stokes-county/; https://www.wunc.org/2026-03-16/developer-responds-to-lawsuit-challenging-stokes-data-center; https://www.africanelements.org/news/why-walnut-cove-is-suing-to-stop-project-delta-ai-centers/; https://www.wsoctv.com/news/local/nc-neighbors-suing-protect-farmland-rezoning-data-center/4FMVUKUJ7VBAJBV46OBDT75SYU/; https://journalnow.com/news/local/government-politics/article_e3217294-5ef8-4039-881e-8e2fb1818e16.html; https://journalnow.com/news/local/business/development/article_ecd6167b-aac8-4828-81e1-3d50a447416d.html; https://www.wunc.org/2026-03-05/data-center-approval-looms-over-stokes-county-primary-results; https://nclcv.org/cib03162026-data-centers-tipping-point/; https://www.wfmynews2.com/article/news/local/stokes-county-commissioners-reject-data-center-moratorium-project-delta-looms/83-dd17b48a-79f1-442c-a13c-afca1868db37; https://www.wfdd.org/politics-government/2026-07-14/stokes-commission-rejects-six-month-data-center-moratorium
grp_6eb19240,No Data Centers in the Driftless,No Data Centers in the Driftless,2,WI,2026-02-09,2026-03-12,https://www.swnews4u.com/local/no-data-center-meeting-held/; https://pbswisconsin.org/news-item/another-billion-dollar-wisconsin-data-center-is-eyed-for-cassville-in-grant-county/; https://wisconsinwatch.org/2026/02/wisconsin-data-center-billion-dollar-grant-county-cassville-utility-energy/; https://wdbqam.com/ixp/682/p/cassville-grant-county-data-center-debate/; https://www.midwestfarmreport.com/2026/03/04/data-centers-in-the-driftless-a-community-conversation/; https://wisconsinwatch.org/2026/04/wisconsin-data-center-driftless-area-new-details-emerge-grant-county-cassville/; https://www.telegraphherald.com/news/tri-state/article_42dd2f99-3897-40ad-94f3-c5497f60fcc7.html
grp_b6c0f3dc,"No Data Centers In Urbana, OH","No Data Centers In Urbana, OH",1,OH,2026-06-17,2026-06-17,https://www.urbanacitizen.com/2026/03/03/council-presses-pause-button-on-data-center-opposition-celebrates-temporary-moratorium/; https://www.springfieldnewssun.com/news/urbana-city-council-passes-12-month-moratorium-on-data-centers/KAKNRLK2Q5FQNBJ2VKTOPSTXDI/; https://www.change.org/p/no-data-centers-in-champaign-county-ohio; https://www.wosu.org/2026-03-04/urbana-passes-moratorium-on-new-data-centers-leaving-1b-proposal-in-limbo; https://www.peakofohio.com/featured-news/urbana-city-council-approves-moratorium-to-suspend-progress-on-data-center-project/; https://www.wdtn.com/news/local-news/urbana-data-center-proposal-sparks-backlash-from-residents/; https://www.urbanadatacenter.info/; https://www.cedarbognp.org/say-no-to-data-centers-please-sign-the-petition/; https://www.springfieldnewssun.com/news/potential-data-center-considered-for-champaign-county/BYYV3EK3ARGZFM4ARE3NPOSEH4/; https://www.statenews.org/section/the-ohio-newsroom/2026-02-26/ohio-towns-are-pushing-back-against-data-centers-to-varying-degrees-of-success; https://www.wyso.org/news/2026-05-14/urbana-begins-walking-back-zoning-changes-that-permitted-data-centers; https://writing.strisker.com/data-centers-daily-notes-june-17-2026/; https://www.peakofohio.com/local-news/thor-equities-files-federal-lawsuit-against-urbana-over-data-center-project/; https://www.wyso.org/environment-news/2026-06-23/urbana-backed-down-from-rules-paving-way-for-big-data-centers-now-a-developer-is-suing
grp_d8a9cc01,No Data Centers Northern IL,No Data Centers Northern IL,1,IL,2025-11-01,2025-11-01,https://www.change.org/p/oppose-high-impact-data-center-development-and-demand-sustainable-growth-for-rockford-il; https://capitolnewsillinois.com/news/lawmakers-seek-ways-to-prevent-data-centers-from-straining-illinois-power-grids/; https://www.mystateline.com/news/monarch-energy-finalizing-12-billion-investment-into-rockford-data-center/; https://www.rockrivercurrent.com/2026/03/how-a-landfill-waste-to-energy-project-gave-way-to-a-rockford-data-center/; https://fidelisinfra.com/project/monarch-compute-campus/; https://www.mystateline.com/news/local-news/rockford-proposes-data-center-moratorium/
grp_e7898c99,"No Data Centers, Fulton County","No Data Centers, Fulton County",1,IN,2026-03-03,2026-03-03,https://www.wndu.com/2026/03/03/fulton-county-commissioners-approve-one-year-moratorium-data-center-construction/; https://www.datacenterdynamics.com/en/news/officials-recommend-data-center-moratorium-for-approval-in-fulton-county-indiana/; https://www.953mnc.com/2026/03/03/fulton-county-commissioners-approve-one-year-moratorium-on-new-data-center-development/; https://www.wndu.com/2026/02/11/fulton-county-approves-12-month-data-center-moratorium-after-heated-public-hearing/; https://www.abc57.com/news/developer-unveils-data-center-plan-in-akron-amid-resident-concerns; https://www.giant.fm/fulton-county/news/local-news/data-center-moratorium-approved-during-fulton-county-commissioners-meeting-monday/; https://www.wndu.com/2026/03/03/fulton-county-commissioners-approve-one-year-moratorium-data-center-construction-meeting/; https://www.wndu.com/2026/02/11/area-plan-commission-fulton-county-votes-favor-data-center-moratorium-public-meeting/; https://www.abc57.com/news/latest-details-on-potential-data-center-development-in-fulton-county
grp_0ddf698d,No DCs in Ozaukee County WI,No DCs in Ozaukee County WI,1,WI,2025-08-01,2025-08-01,https://www.tmj4.com/news/ozaukee-county/port-washington-neighbors-host-town-hall-rally-against-15-billion-data-center-project; https://www.gmtoday.com/news_graphic/news/glnu-challenges-port-washington-data-center/article_f0120984-fde9-40f7-99f4-da5c0d009ec9.html; https://www.wpr.org/news/port-washington-council-approves-tid; https://www.gmtoday.com/news_graphic/news/great-lakes-neighbors-data-center/article_8dbeec3c-067d-53e0-ae25-5ebb2700a6dc.html; https://www.wpr.org/news/community-challenges-port-washingtons-data-center-tid-court; https://spectrumnews1.com/wi/milwaukee/in-focus/2026/01/30/port-washington--data-center--great-lakes-neighbors-united; https://www.datacenterdynamics.com/en/news/three-arrested-at-data-center-hearing-in-port-washington-wisconsin/; https://www.protectfredonia.com/why-1; https://www.change.org/p/stop-the-port-washington-wi-data-center; https://www.datacenterdynamics.com/en/news/openai-oracle-and-vantage-plan-stargate-wisconsin-data-center-expected-to-be-close-to-a-gigawatt/; https://www.constructiondive.com/news/openai-oracle-stargate-data-center-site-wisconsin/804031/; https://www.wpr.org/news/port-washington-data-center-campus-openai-oracle-stargate-chatgpt; https://wtmj.com/news/2026/02/17/attempt-to-recall-port-washington-mayor-by-anti-data-center-group-fails-according-to-city/; https://urbanmilwaukee.com/2026/02/14/community-group-files-suit-against-port-washingtons-data-center/; https://www.wpr.org/news/data-center-opponents-launch-recall-of-port-washington-mayor; https://www.gmtoday.com/news_graphic/news/port-washington-tid-lawsuit/article_4642152b-7077-44cc-99ff-7a79d1f83c53.html; https://www.ozaukeepress.com/content/data-center-tif-challenge-paused-rewrite; https://biztimes.com/mmac-sues-city-of-port-washington-over-referendum-related-to-tid-financing/; https://www.mmac.org/news/mmac-regional-stakeholders-file-suit-against-port-washington/; https://www.gmtoday.com/daily_news/news/court-denies-business-groups-request-to-block-tid-ordinance/article_a4e62231-1cbc-543f-84fa-b347c6ec4fb0.html
grp_51e1ce2f,No Desert Data Center,No Desert Data Center,1,AZ,2025-12-16,2025-12-16,https://www.kgun9.com/news/community-inspired-journalism/marana/maranas-data-center-ordinance; https://azluminaria.org/2026/01/08/marana-arizona-data-center-updates/; https://news.azpm.org/p/news-articles/2026/1/8/227908-marana-town-council-approves-rezoning-for-luckett-road-project-600-acre-hyperscale-data-center/; https://news.azpm.org/p/azpmnews/2026/2/10/228403-marana-residents-submit-petitions-to-put-data-center-project-to-a-vote/; https://www.tucsonspotlight.org/you-didnt-listen-marana-data-center-vote-met-with-outrage/; https://azluminaria.org/2025/12/11/unanimous-vote-in-marana-for-data-center-met-with-boos/; https://nodesertdatacenter.com/; https://www.change.org/p/stop-new-data-centers-in-tucson-protect-our-desert-our-water-our-communities; https://news.azpm.org/p/newsheadlines/2026/2/18/228535-marana-rejects-data-center-referendum-petitions/; https://news.azpm.org/p/newsheadlines/2026/2/27/228668-marana-residents-sue-town-over-rejected-data-center-referendum-petitions/; https://azluminaria.org/2025/08/06/tucson-city-council-rejects-project-blue-amid-intense-community-pressure/; https://azluminaria.org/2025/07/21/the-project-blue-data-center-sprang-up-fast-so-did-the-organizing/; https://www.earthisland.org/journal/index.php/articles/entry/how-one-arizona-city-blocked-a-data-center/; https://azluminaria.org/2025/08/27/project-blue-data-center-pima-county-beale-infrastructure-tep/; https://www.kjzz.org/fronteras-desk/2026-02-20/mayes-asks-court-to-vacate-corporation-commission-approval-of-tucson-data-center-project-blue; https://news.azpm.org/p/azpmnews/2025/6/17/225239-pima-county-approves-36-billion-data-center-project-near-fairgrounds/; https://azluminaria.org/2025/09/17/project-blue-data-center-pushes-ahead-in-pima-county-promising-new-low-water-cooling-tech/; https://azfreenews.com/2025/12/pima-county-moves-forward-with-rejected-data-center/; https://runonclimate.org/stories/a-very-bad-deal-how-local-organizing-halted-a-massive-data-center-development-for-nownbsp; https://linktr.ee/nodesertdatacenter; https://news.azpm.org/p/azpmnews/2026/1/14/227982-activists-file-to-sue-pima-county-over-project-blue-approval-process/; https://news.azpm.org/s/102339-pima-county-approves-project-blue-data-center-agreement/; https://azluminaria.org/2026/01/14/project-blue-opponents-sue-pima-county-over-alleged-open-meeting-law-violations/; https://news.azpm.org/p/news-articles/2026/2/18/228535-marana-rejects-data-center-referendum-petitions/; https://www.tucsonsentinel.com/local/report/020626_data_center_referendum/data-center-opponents-submit-signatures-voter-referendum-marana; https://www.tucsonsentinel.com/local/report/021826_data_referendum_fails/marana-rejects-referendums-against-data-center-center-rezoning/; https://news.azpm.org/p/azpmnews/2026/2/27/228668-marana-residents-sue-town-over-rejected-data-center-referendum-petitions/; https://www.datacenterdynamics.com/en/news/beale-infrastructure-plans-second-data-center-campus-outside-tucson-arizona-and-two-outside-tulsa-oklahoma/; https://news.azpm.org/p/azpmnews/2025/12/12/227629-marana-planning-commission-backs-rezoning-for-600-acre-data-center-project/; https://www.kold.com/2025/08/19/pima-county-explores-zoning-amendments-data-centers/
grp_a62549d6,No Desert Data Center Coalition,No Desert Data Center Coalition,3,AZ,2025-12-16,2026-04-13,https://www.kgun9.com/news/community-inspired-journalism/marana/maranas-data-center-ordinance; https://azluminaria.org/2026/01/08/marana-arizona-data-center-updates/; https://news.azpm.org/p/news-articles/2026/1/8/227908-marana-town-council-approves-rezoning-for-luckett-road-project-600-acre-hyperscale-data-center/; https://news.azpm.org/p/azpmnews/2026/2/10/228403-marana-residents-submit-petitions-to-put-data-center-project-to-a-vote/; https://www.tucsonspotlight.org/you-didnt-listen-marana-data-center-vote-met-with-outrage/; https://azluminaria.org/2025/12/11/unanimous-vote-in-marana-for-data-center-met-with-boos/; https://nodesertdatacenter.com/; https://www.change.org/p/stop-new-data-centers-in-tucson-protect-our-desert-our-water-our-communities; https://news.azpm.org/p/newsheadlines/2026/2/18/228535-marana-rejects-data-center-referendum-petitions/; https://news.azpm.org/p/newsheadlines/2026/2/27/228668-marana-residents-sue-town-over-rejected-data-center-referendum-petitions/; https://azluminaria.org/2025/08/06/tucson-city-council-rejects-project-blue-amid-intense-community-pressure/; https://azluminaria.org/2025/07/21/the-project-blue-data-center-sprang-up-fast-so-did-the-organizing/; https://www.earthisland.org/journal/index.php/articles/entry/how-one-arizona-city-blocked-a-data-center/; https://azluminaria.org/2025/08/27/project-blue-data-center-pima-county-beale-infrastructure-tep/; https://www.kjzz.org/fronteras-desk/2026-02-20/mayes-asks-court-to-vacate-corporation-commission-approval-of-tucson-data-center-project-blue; https://news.azpm.org/p/azpmnews/2025/6/17/225239-pima-county-approves-36-billion-data-center-project-near-fairgrounds/; https://azluminaria.org/2025/09/17/project-blue-data-center-pushes-ahead-in-pima-county-promising-new-low-water-cooling-tech/; https://azfreenews.com/2025/12/pima-county-moves-forward-with-rejected-data-center/; https://runonclimate.org/stories/a-very-bad-deal-how-local-organizing-halted-a-massive-data-center-development-for-nownbsp; https://linktr.ee/nodesertdatacenter; https://news.azpm.org/p/azpmnews/2026/1/14/227982-activists-file-to-sue-pima-county-over-project-blue-approval-process/; https://news.azpm.org/s/102339-pima-county-approves-project-blue-data-center-agreement/; https://azluminaria.org/2026/01/14/project-blue-opponents-sue-pima-county-over-alleged-open-meeting-law-violations/; https://news.azpm.org/p/news-articles/2026/2/18/228535-marana-rejects-data-center-referendum-petitions/; https://www.tucsonsentinel.com/local/report/020626_data_center_referendum/data-center-opponents-submit-signatures-voter-referendum-marana; https://www.tucsonsentinel.com/local/report/021826_data_referendum_fails/marana-rejects-referendums-against-data-center-center-rezoning/; https://news.azpm.org/p/azpmnews/2026/2/27/228668-marana-residents-sue-town-over-rejected-data-center-referendum-petitions/; https://www.datacenterdynamics.com/en/news/beale-infrastructure-plans-second-data-center-campus-outside-tucson-arizona-and-two-outside-tulsa-oklahoma/; https://news.azpm.org/p/azpmnews/2025/12/12/227629-marana-planning-commission-backs-rezoning-for-600-acre-data-center-project/; https://www.kold.com/2025/08/19/pima-county-explores-zoning-amendments-data-centers/; https://www.kjzz.org/fronteras-desk/2026-04-13/judge-dismisses-lawsuit-against-pima-county-over-project-blue-rezoning; https://news.azpm.org/p/newsheadlines/2026/4/13/229275-pima-county-judge-tosses-lawsuit-over-project-blue-data-center-rezoning/; https://news.azpm.org/p/azpmnews/2026/4/13/229275-pima-county-judge-tosses-lawsuit-over-project-blue-data-center-rezoning/; https://news.azpm.org/p/newsheadlines/2026/4/24/229456-we-respect-the-workers-we-dont-respect-the-work-protesters-rally-against-project-blue-construction/; https://azluminaria.org/2026/04/24/we-said-no-dozens-protest-as-construction-of-project-blue-data-center-begins/; https://www.kold.com/2026/04/25/construction-begins-first-hyper-scale-data-center-pima-county/; https://www.tucsonsentinel.com/local/report/051326_project_blue_dust/dust-busted-pima-county-cites-project-blue-air-quality-violations/; https://www.datacenterdynamics.com/en/news/land-developer-vermaland-plans-33bn-data-center-in-arizona/; https://www.pinalcentral.com/maricopa_monitor/news/pinal-supervisors-approve-3-data-center-projects-with-some-concern/article_a6f448f1-f8b2-4eda-a1da-d70d9b921f8c.html; https://azbex.com/planning-development/pinal-pz-recommends-data-center-energy-master-plan-rezone/; https://pinalpost.com/commission-advances-la-osa-data-center-rezoning-and-development-plan/; https://ktar.com/arizona-business/data-center-hub-clears-hurdle/5848990/
grp_23dd5033,No False Climate Solutions PA,No False Climate Solutions PA,1,PA,2026-02-26,2026-02-26,https://www.mcall.com/2026/02/26/upper-macungie-zoning-board-data-center/; https://www.wfmz.com/news/local_government/zoning_planning/public-hearing-for-proposed-2-6m-square-foot-data-center-in-upper-macungie-paused-until/article_25031a5b-5a73-4e10-be0b-dc137a20609a.html; https://www.lehighvalleynews.com/business/giant-data-center-proposal-in-upper-macungie-township-is-in-the-works; https://www.wfmz.com/news/area/lehighvalley/lehigh-county/western-lehigh-county/update-upper-macungie-air-products-data-center-discussion-delayed-until-2026/article_3efb655a-3bef-497f-9cc1-fc844aaaafcc.html; https://www.lehighvalleynews.com/business/more-data-required-lvpc-formally-asks-for-more-information-for-proposed-data-center-in-upper-macungie-township; https://www.wfmz.com/news/area/lehighvalley/lehigh-county/western-lehigh-county/air-products-hits-pause-on-2-6m-square-foot-data-center-appeal-in-upper-macungie/article_3efb655a-3bef-497f-9cc1-fc844aaaafcc.html; https://www.mcall.com/2025/11/12/large-data-center-in-the-works-for-former-air-products-site-in-upper-macungie/; https://www.datacenterdynamics.com/en/news/26-million-sq-ft-data-center-campus-proposed-in-pennsylvania/; https://www.lehighvalleynews.com/business/as-data-center-boom-approaches-lehigh-valley-officials-working-to-prepare
grp_5ac36e1d,No Henry County Data Center,No Henry County Data Center,1,IN,2026-01-28,2026-01-28,https://indianapublicradio.org/news/2026/01/henry-county-data-center-approved-at-last-commissioners-vote/; https://www.wthr.com/article/news/local/data-center-delay-henry-county-data-center-proposal-tabled-by-planning-commissioners/531-249e4a29-a5d0-4e88-a912-f1de728393f8; https://nohenrycountydatacenter.org/; https://www.change.org/p/stop-the-data-center-00539472-5549-480d-8958-8ff77a1a80ce
grp_57232ee1,No Janesville Data Center,No Janesville Data Center,2,WI,2025-12-01,2026-02-09,https://www.gazettextra.com/news/local/data-center-secrecy-deals-janesville-other-wisconsin-communities-have-signed-ndas/article_2863f0f5-736e-4e9f-95bc-98913ce7d71a.html; https://milwaukeenns.org/2026/02/01/wisconsin-data-center-secrecy-deals-nda-nondisclosure-agreement/; https://www.change.org/p/no-janesville-data-center; https://spectrumnews1.com/wi/milwaukee/news/2026/01/27/janesville-leaders-delay-decision-on-data-center-petition; https://news.ballotpedia.org/2026/02/12/janesville-wisconsin-voters-to-decide-nov-3-2026-initiative-requiring-approval-for-development-projects-exceeding-450-million-at-gm-jatco-site-such-as-proposed-data-center/; https://shepherdexpress.com/news/features/the-struggle-against-hyperscale-data-centers-across-wisconsin/; https://urbanmilwaukee.com/2025/11/11/janesville-moves-forward-with-data-center-plans/; https://www.gazettextra.com/news/local/transparency-is-not-just-a-checkbox-demonstrators-push-for-release-of-gm-jatco-data-center/article_c8e51e73-d546-40d8-a7dc-a68afe53ac78.html; https://spectrumnews1.com/wi/milwaukee/news/2025/11/21/janesville-residents-launch-petition-as-city-explores-data-center-plans; https://wtmj.com/news/2026/02/10/janesville-residents-will-help-decide-future-of-a-proposed-data-center-via-referendum/; https://www.wmtv15news.com/2026/02/10/janesville-city-council-unanimously-passes-legislation-petition-connection-former-gmjatco-site/; https://www.gazettextra.com/news/billboards-door-knocking-and-voter-temperature-taking-candidates-in-home-stretch-of-crowded-council-race/article_1f51335d-7dc7-4b97-ab85-5f82be2ad812.html
grp_7f35bfa1,No to Mooresville Technology Park,No to Mooresville Technology Park,1,NC,2025-08-13,2025-08-13,https://www.nbcnews.com/news/us-news/dale-earnhardt-widow-son-battle-data-center-mooresville-north-carolina-rcna223895; https://www.nbcnews.com/news/us-news/dale-earnhardt-widow-data-center-backs-off-mooresville-north-carolina-rcna224827; https://www.wcnc.com/article/news/local/mooresville-nc-data-center-pushback-8-6-2025/275-3f149e6b-e7c5-46dc-8e40-cc1a9d6cf6be; https://nodatacentermooresvillenc.com/
grp_bfdb44bf,NO To Project Tango,NO To Project Tango,1,FL,2026-07-15,2026-07-15,https://www.wlrn.org/government-politics/2025-12-10/project-tango-ai-data-center-palm-beach-county; https://stetnews.org/2025/12/04/massive-data-storage-facility-on-fast-track/; https://www.datacenterdynamics.com/en/news/37-million-sq-ft-data-center-campus-gets-initial-ok-from-officials-in-florida/; https://cbs12.com/news/local/palm-beach-county-moves-forward-with-massive-ai-data-center-despite-neighborhood-pushback-arden-warehouse-toxic-noise-power-plant-wellington-dec-5-2025; https://www.change.org/p/say-no-to-the-construction-of-project-tango-ai-data-center-in-palm-beach-county; https://www.wlrn.org/government-politics/2026-03-03/palm-beach-county-residents-only-want-one-answer-on-data-center-no; https://stetnews.org/2025/12/11/neighborhood-outrage-knocks-data-center-off-fast-track/; https://www.wlrn.org/development/2026-01-12/ai-data-center-palm-beach-county-desantis-trump; https://floridaphoenix.com/2026/01/01/thirsty-ai-data-center-runs-into-florida-community-opposition-2/; https://news.datacenterview.com/p/december-11-2025-pba-s-project-tango-approved; https://www.wptv.com/news/palm-beach-county/arden-residents-rally-against-proposed-1-8-million-square-foot-ai-data-center-near-elementary-school; https://cbs12.com/news/local/project-tango-setback-palm-beach-county-zoning-board-recommends-denial-concerned-residents-environmental-impact-central-park-commerce-center-florida-news; https://cbs12.com/news/local/could-another-data-center-move-forward-at-project-tango-site-lawsuit-raises-new-questions-public-input-hearings-vote-loophole-warehouse-conversion-wpb-logistics-tpa-group-pba-holdings; https://www.wflx.com/2026/07/16/palm-beach-county-commissioners-reject-project-tango-ai-data-center-after-more-than-12-hours-debate/; https://www.wflx.com/2026/07/16/relief-sweeps-through-community-after-palm-beach-county-denies-project-tango-ai-data-center/; https://www.bloomberg.com/news/articles/2026-07-15/ai-backlash-builds-for-project-tango-proposal-near-trump-s-mar-a-lago; https://www.wptv.com/news/region-c-palm-beach-county/loxahatchee-acreage/palm-beach-county-commissioners-reject-project-tango-ai-data-center-after-more-than-12-hours-of-debate; https://www.wlrn.org/government-politics/2026-07-16/project-tango-ai-data-center-palm-beach-rejected
grp_f1613082,No Waterford Data Center (Ohio),No Waterford Data Center (Ohio),1,OH,2026-01-01,2026-01-01,https://www.newsandsentinel.com/news/business/2026/02/washington-county-residents-continue-to-raise-concerns-over-data-center-in-waterford/; https://www.mariettatimes.com/news/local-news/2026/02/commissioners-hope-to-answer-questions-about-waterford-data-center-in-public-dispute/; https://www.mariettatimes.com/news/local-news/2026/01/disputes-over-data-centers-and-nda-during-washington-county-commission-meeting/; https://www.wtap.com/2026/02/13/washington-county-residents-pack-commissioners-meeting-over-proposed-data-center/; https://www.mariettatimes.com/news/local-news/2026/03/washington-county-commissioners-in-contact-with-data-center-developers-about-public-meeting/
grp_eff9e712,Noble Foundation,Noble Foundation,1,OK,2026-03-16,2026-03-16,https://www.okenergytoday.com/2026/03/ardmore-data-center-developer-withdraws/; https://www.kxii.com/2026/03/12/applicant-pulls-proposed-ardmore-data-center-rezoning-request/; https://www.kten.com/news/oklahoma-headlines/proposed-data-center-could-be-coming-to-ardmore/article_eca6d954-4a8e-48fa-a05c-0becf3dc1a27.html
grp_1c7afbd2,Nobles County Residents Against Data Centers,Nobles County Residents Against Data Centers,1,MN,2026-04-21,2026-04-21,https://www.wctrib.com/news/minnesota/nobles-county-planning-commission-votes-to-keep-data-center-out-of-ag-preservation-area; https://www.dakotanewsnow.com/2026/04/09/nobles-county-residents-pushing-back-proposed-data-center/; https://www.dglobe.com/news/local/nobles-county-planning-commission-votes-against-data-centers-in-ag-district; https://www.mprnews.org/story/2026/04/21/nobles-county-board-to-vote-on-whether-to-allow-massive-data-centers-on-farm-land; https://www.startribune.com/southwest-minnesota-board-says-no-to-proposed-4-billion-data-center-complex/601786193; https://www.dglobe.com/news/local/geronimo-power-to-seek-alternative-sites-for-data-center
grp_9b988f8f,North Carolina Environmental Justice Network (NCEJN),North Carolina Environmental Justice Network (NCEJN),1,NC,2026-02-13,2026-02-13,https://indyweek.com/news/as-chatham-considers-moratorium-wake-county-residents-continue-opposition-to-proposed-apex-data-center/; https://ncejn.org/; https://ncejn.org/event/chatham-county-fight-for-a-temporary-moratorium-on-data-centers/; https://www.axios.com/local/raleigh/2026/02/23/data-center-opposition-grows-across-north-carolina; https://www.govtech.com/products/north-carolina-county-pauses-data-center-crypto-mines; https://www.wral.com/news/local/chatham-county-approves-12-month-ban-data-centers-crypto-mining-february-2026/
grp_c02a6900,"North Tonawanda residents (Deborah Gondek, organizer)","North Tonawanda residents (Deborah Gondek, organizer)",1,NY,2026-06-16,2026-06-16,https://www.govtech.com/policy/north-tonawanda-n-y-bans-new-crypto-mining-for-2-years; https://www.wivb.com/news/local-news/niagara-county/north-tonawanda/north-tonawanda-implements-2-year-ban-on-crypto-mining-establishments/; https://earthjustice.org/press/2024/victory-new-york-court-rescinds-approval-of-fracked-gas-power-plant-sale-to-cryptocurrency-mining-company-in-north-tonawanda; https://www.gem.wiki/Digihost_Fortistar_Niagara_County_facility; https://www.wgrz.com/article/news/local/north-tonawanda-residents-join-forces-to-rally-against-digihost-bitcoin-mining-project/71-79ff4df5-4553-47de-8502-22c3ea6cddc9; https://www.cacwny.org/campaigns/north-tonawanda/; https://www.wkbw.com/news/local-news/north-tonawanda-homeowners-rallied-outside-city-hall-about-the-digihost-plant; https://www.btpm.org/local/2025-08-12/north-tonawanda-residents-rally-as-crypto-mining-facility-goes-to-court; https://www.wgrz.com/article/tech/science/environment/impacts-north-tonawanda-cryptomines-nuclear-power/71-1f8c0958-4d71-4443-86b6-c30e4df93afc; https://writing.strisker.com/data-centers-daily-notes-june-17-2026/
grp_e90df90c,Northern Alaska Environmental Center,Northern Alaska Environmental Center,2,AK,2026-03-27,2026-07-07,https://www.dwt.com/blogs/energy--environmental-law-blog/2026/04/anchorage-adopts-data-center-framework; https://www.adn.com/alaska-news/anchorage/2026/03/27/anchorage-assembly-preemptively-adopts-data-center-regulations/; https://broadbandbreakfast.com/anchorage-blocks-new-data-centers-in-residential-zones/; https://www.adn.com/business-economy/2026/07/07/data-center-critics-flood-alaska-land-managers-with-opposition-to-north-slope-project/; https://alaskabeacon.com/2026/07/06/data-center-critics-flood-alaska-land-managers-with-opposition-to-north-slope-project/
grp_5d1e61ce,NRDC,NRDC,6,CO;DC;MI,2025-10-01,2026-02-12,https://www.cpr.org/2026/02/12/data-centers-renewable-energy-bill/; https://www.denverpost.com/2026/03/01/colorado-data-center-legislation-regulations-incentives/; https://earthjustice.org/press/2026/legislation-introduced-to-ensure-common-sense-guardrails-on-data-centers-in-colorado; https://leg.colorado.gov/bills/SB26-102; https://gazette.com/2026/05/12/colorado-lawmakers-kill-both-major-data-center-bills/; https://www.nrdc.org/bio/tom-rutigliano/building-data-centers-without-breaking-pjm; https://www.nrdc.org/press-releases/rising-demand-data-centers-driving-reliability-cost-concerns; https://www.citizensutilityboard.org/blog/2025/10/23/data-center-concerns-cub-nrdc-experts-warn-pjm-states-could-get-hit-with-forced-blackouts-163b-in-additional-electricity-capacity-costs/; https://www.michigan.gov/mpsc/commission/news-releases/2025/12/18/mpsc-approves-dte-electric-energy-contracts-for-data-center; https://cubofmichigan.org/blog/mpsc-grants-expedited-approval-for-dte-contracts-with-hyperscale-data-center/; https://www.tdworld.com/utility-business/news/55340640/michigan-regulators-approve-dte-data-center-power-contracts-with-added-ratepayer-protections; https://www.nrdc.org/press-releases/environmental-groups-file-contested-case-hearing-saline-data-center; https://www.sierraclub.org/michigan/blog/2025/12/mpsc-fails-transparency-test-approving-dte-data-center-deal-outside-formal; https://michiganadvance.com/2026/01/09/nessel-and-advocates-seek-rehearing-on-conditional-approval-of-dte-data-center-contracts/; https://planetdetroit.org/2026/01/dte-energy-data-center-contracts/; https://www.thecentersquare.com/michigan/article_bb893282-cfcc-442b-8471-be2256a61905.html; https://themanchestermirror.com/2026/01/05/regulators-approve-dte-contracts-for-saline-township-data-center/; https://bridgemi.com/michigan-environment-watch/michigan-regulators-approve-contract-for-michigans-first-hyperscale-data-center/; https://www.tomshardware.com/tech-industry/artificial-intelligence/openais-stargate-data-center-gets-approval-to-receive-1-4-gigawatts-of-power-in-michigan-some-residents-furious-as-energy-company-is-given-go-ahead-by-regulatory-body-without-hearing-opposition; https://planetdetroit.org/2026/01/dte-agrees-saline-data-center-conditions/; https://www.related-digital.com/news/openai-oracle-and-related-digital-announce-stargate-data-center-site-in-michigan; https://www.wxyz.com/news/data-centers/michigan-public-service-commission-approves-dte-contract-for-saline-township-data-center-project; https://www.michiganpublic.org/economy/2026-04-25/saline-township-data-center-major-construction-underway-financing-secured; https://www.edtechinnovationhub.com/news/openai-and-oracle-commit-to-union-built-stargate-data-center-in-michigan; https://michiganadvance.com/2025/12/18/public-service-commission-approves-dte-data-center-contracts-with-strings-attached/; https://eu.detroitnews.com/story/news/local/michigan/2025/12/18/mpsc-approves-dte-saline-township-data-center-contracts-conditions/87813803007/; https://planetdetroit.org/2025/12/dte-data-center-contracts-approved/
grp_6a69abd7,NW Energy Coalition,NW Energy Coalition,5,MT;WA,2025-03-25,2026-06-18,https://dailymontanan.com/2026/02/23/eleven-data-center-developers-in-talks-with-northwestern-group-says/; https://earthjustice.org/press/2025/groups-file-complaint-to-stop-northwestern-energy-from-shifting-data-center-costs-to-residential-customers; https://montanafreepress.org/2025/11/18/groups-push-back-on-montanas-data-center-boom/; https://earthjustice.org/press/2026/groups-challenge-montana-psc-order-that-shields-data-center-plans-from-public-view; https://meic.org/data-centers/; https://nbcmontana.com/news/local/proposed-butte-data-center-stirs-debate; https://meic.org/not-so-fast-groups-warn-of-downsides-to-potential-data-centers-in-butte/; https://meic.org/; https://montanafreepress.org/2026/06/18/how-some-montanans-are-taking-data-center-regulation-into-their-own-hands/; https://mlq.ai/news/sabey-data-centers-terminates-606-acre-butte-land-deal-after-rec-silicon-exercises-right-of-first-refusal/; https://www.change.org/p/petition-for-transparency-accountability-and-community-protection-regarding-data-center-d7135a15-2195-41e8-b84c-d3acddbfa3c8; https://montanafreepress.org/2026/02/12/as-ai-investors-eye-montana-for-new-data-centers-communities-brace-for-water-impacts/; https://dailymontanan.com/2025/11/18/complaint-calls-for-investigation-of-northwestern-energys-conduct-with-data-centers/; https://www.yoursourceone.com/columbia_basin/report-quincy-at-center-of-debate-over-washington-s-data-centers-clean-energy-future/article_f2b12988-6708-44bd-b1fb-72e8a5e4d43b.html; https://columbiabasinherald.com/news/2025/mar/31/grant-pud-places-limits-on-electrical-demand-from-data-centers/; https://www.govtech.com/artificial-intelligence/grant-county-wash-utility-to-cap-data-center-electricity; https://www.grantpud.org/blog/commission-recap-1-27-2026-rate-increase-approved; https://www.opb.org/article/2026/01/17/quincy-washington-microsoft-data-center/; https://www.npr.org/2025/08/17/nx-s1-5501579/washington-hydropower-data-center-boom-sustainability-climate-change
grp_d3b793f0,NYC DSA Ecosocialist Working Group,NYC DSA Ecosocialist Working Group,1,NY,2026-02-06,2026-02-06,https://www.commondreams.org/news/ny-data-center-moratorium; https://www.nysenate.gov/legislation/bills/2025/S9144; https://legiscan.com/NY/text/A10141/2025; https://www.nysenate.gov/legislation/bills/2025/S8540; https://www.nysenate.gov/legislation/bills/2025/S6394/amendment/A; https://techcrunch.com/2026/02/07/new-york-lawmakers-propose-a-three-year-pause-on-new-data-centers/; https://www.foodandwaterwatch.org/2026/02/06/ny-legislators-introduce-strongest-data-center-moratorium-bill-in-the-country/; https://www.foodandwaterwatch.org/2026/03/02/100-new-york-groups-call-for-passage-of-data-center-moratorium-bill/; https://www.nixonpeabody.com/insights/alerts/2026/02/11/new-york-state-proposes-sweeping-data-center-moratorium-and-regulatory-review-s9144
grp_bf7f1313,NYPIRG,NYPIRG,1,NY,2026-02-06,2026-02-06,https://www.commondreams.org/news/ny-data-center-moratorium; https://www.nysenate.gov/legislation/bills/2025/S9144; https://legiscan.com/NY/text/A10141/2025; https://www.nysenate.gov/legislation/bills/2025/S8540; https://www.nysenate.gov/legislation/bills/2025/S6394/amendment/A; https://techcrunch.com/2026/02/07/new-york-lawmakers-propose-a-three-year-pause-on-new-data-centers/; https://www.foodandwaterwatch.org/2026/02/06/ny-legislators-introduce-strongest-data-center-moratorium-bill-in-the-country/; https://www.foodandwaterwatch.org/2026/03/02/100-new-york-groups-call-for-passage-of-data-center-moratorium-bill/; https://www.nixonpeabody.com/insights/alerts/2026/02/11/new-york-state-proposes-sweeping-data-center-moratorium-and-regulatory-review-s9144
grp_9f2bb74d,Oakland University Student Congress,Oakland University Student Congress,1,MI,2025-06-01,2025-06-01,https://actionnetwork.org/petitions/petition-to-stop-the-data-center-from-being-built-in-p-35; https://www.clickondetroit.com/news/local/2026/02/19/oakland-university-debates-ai-institute-data-center-proposal-for-parking-lot-35/; https://oaklandpostonline.com/54794/campus/oakland-university-student-congress-passes-resolution-against-new-data-center/; https://www.crainsdetroit.com/education/oakland-university-moves-forward-data-center-exploration; https://www.datacenterdynamics.com/en/news/michigans-oakland-university-puts-out-call-for-data-center-proposals/
grp_b75d36f8,Oakley Community Alliance,Oakley Community Alliance,2,CA,2026-03-11,2026-04-15,https://www.kqed.org/news/12076074/oakley-drops-data-center-plans-approves-massive-industrial-project; https://contracosta.news/2026/03/11/with-data-centers-removed-oakley-approves-bridgehead-industrial-project/; https://ccpulse.org/2026/01/23/oakley-residents-push-against-project-that-could-later-house-a-i-data-center/; https://ccpulse.org/2026/03/11/oakley-approves-bridgehead-project-without-a-i-data-centers/; https://www.kqed.org/news/2026/04/15/oakley-first-bay-area-city-data-center-moratorium/
grp_953f1c9a,Occaneechi Band of the Saponi Nation,Occaneechi Band of the Saponi Nation,1,NC,2026-01-12,2026-01-12,https://ncnewsline.com/2026/03/13/community-groups-sue-over-planned-data-center-in-stokes-county/; https://www.northcarolinahealthnews.org/2026/03/25/nc-communities-push-back-ai-data-centers-project-delta-lawsuit/; https://www.selc.org/press-release/community-groups-residents-file-lawsuit-over-stokes-county-data-center-rezoning/; https://southerncoalition.org/community-groups-residents-file-lawsuit-over-stokes-county-data-center-rezoning/; https://insideclimatenews.org/news/19032026/north-carolina-county-data-center-rezoning-lawsuit/; https://cwfnc.org/stokes/; https://www.theassemblync.com/news/environment/data-center-rezoning-stokes-county/; https://www.wunc.org/2026-03-16/developer-responds-to-lawsuit-challenging-stokes-data-center; https://www.africanelements.org/news/why-walnut-cove-is-suing-to-stop-project-delta-ai-centers/; https://www.wsoctv.com/news/local/nc-neighbors-suing-protect-farmland-rezoning-data-center/4FMVUKUJ7VBAJBV46OBDT75SYU/; https://journalnow.com/news/local/government-politics/article_e3217294-5ef8-4039-881e-8e2fb1818e16.html; https://journalnow.com/news/local/business/development/article_ecd6167b-aac8-4828-81e1-3d50a447416d.html; https://www.wunc.org/2026-03-05/data-center-approval-looms-over-stokes-county-primary-results; https://nclcv.org/cib03162026-data-centers-tipping-point/; https://www.wfmynews2.com/article/news/local/stokes-county-commissioners-reject-data-center-moratorium-project-delta-looms/83-dd17b48a-79f1-442c-a13c-afca1868db37; https://www.wfdd.org/politics-government/2026-07-14/stokes-commission-rejects-six-month-data-center-moratorium
grp_1d5f96e1,Ohio Consumers' Counsel,Ohio Consumers' Counsel,2,OH,2026-02-05,2026-02-17,https://ohiosenate.gov/members/kent-smith/news/smith-senate-democrats-in-calling-for-bipartisan-data-center-accountability-legislation; https://ohiocapitaljournal.com/2026/02/09/ohio-democrats-offer-slate-of-bills-reining-in-data-centers/; https://www.statenews.org/section/the-ohio-newsroom/2026-02-26/ohio-towns-are-pushing-back-against-data-centers-to-varying-degrees-of-success; https://spectrumnews1.com/oh/columbus/news/2026/02/18/ohio-house-bill-706; https://www.wosu.org/2026-03-02/ohio-house-bill-would-extend-data-center-tariff-to-rest-of-state
grp_34c83b22,Ohio Residents for Responsible Development,Ohio Residents for Responsible Development,1,OH,2026-04-03,2026-04-03,https://ohiocapitaljournal.com/2026/04/03/data-center-ban-on-the-ohio-ballot-petitioners-get-approval-to-start-gathering-signatures/; https://ballotpedia.org/Ohio_Prohibition_of_Data_Center_Construction_Amendment_(2026; https://www.statenews.org/government-politics/2026-04-03/a-proposed-big-data-center-ban-in-ohio-clears-hurdle-with-a-ways-to-go; https://www.cleveland19.com/2026/04/06/petitioners-begin-gathering-signatures-get-data-center-ban-ballot/
grp_5a3554f2,Ohio transparency advocates,Ohio transparency advocates,1,OH,2026-02-15,2026-02-15,https://www.wowktv.com/news/ohio/scioto-county-oh/lawsuit-filed-against-scioto-county-commission-surrounding-new-data-center/; https://sciotocountydailynews.com/commissioners-respond-to-open-meetings-lawsuit-over-data-center/; https://sciotocountydailynews.com/ohio-lawmakers-move-to-ban-ndas-for-elected-officials/; https://www.datacenterdynamics.com/en/news/google-confirmed-as-company-behind-500000-sq-ft-data-center-in-scioto-county-ohio/; https://sciotocountydailynews.com/scioto-county-eyes-1-billion-data-center/
grp_4c56ebfb,Ohioans for Responsible Development,Ohioans for Responsible Development,3,OH,2025-12-08,2026-06-11,https://www.statenews.org/section/the-ohio-newsroom/2026-02-26/ohio-towns-are-pushing-back-against-data-centers-to-varying-degrees-of-success; https://www.axios.com/local/columbus/2026/03/04/ohio-data-center-boom-moratorium-laws; https://signalohio.org/ohio-data-center-boom-faces-political-resistence/; https://www.statenews.org/government-politics/2026-03-05/ohio-gop-leaders-plan-override-of-dewines-veto-restoring-data-center-tax-break; https://ofbf.org/2026/03/18/ohio-farm-bureau-action-alert-repeal-the-data-center-tax-break/; https://signalcleveland.org/ohio-republicans-teeing-up-override-of-dewine-veto-protecting-data-center-tax-break/; https://ohiohouse.gov/news/republican/ohio-house-passes-bill-establishing-the-ohio-data-center-study-commission-142643; https://ohiocapitaljournal.com/2026/03/20/ohio-house-approves-data-center-study-group-delays-vote-on-overriding-tax-exemption/; https://signalohio.org/ohio-house-panel-advances-bill-to-study-data-center-regulation-as-local-backlash-grows/; https://www.statenews.org/government-politics/2026-06-09/ohio-legislators-introduce-could-advance-data-center-bill-in-48-hours; https://www.wtap.com/2026/06/11/ohio-senate-advances-data-center-regulation-bill/; https://www.omlohio.org/CivicAlerts.aspx?AID=40
grp_684a8b89,Oklahoma Data Center Accountability,Oklahoma Data Center Accountability,1,OK,2026-01-15,2026-01-15,https://www.newson6.com/tulsa-oklahoma-news/arrest-made-during-heated-claremore-meeting-over-proposed-data-center; https://bealeinfra.com/claremore-oklahoma/; https://www.datacenterdynamics.com/en/news/beale-infrastructure-in-talks-to-build-data-center-campus-outside-tulsa-oklahoma/; https://claremore.com/project-mustang-faq/; https://tulsaworld.com/news/local/business/article_05f3d63d-3145-4161-8490-f94ca225b1f5.html; https://www.newson6.com/tulsa-oklahoma-news/claremore-residents-to-question-proposed-data-center-at-public-meeting; https://ktul.com/news/local/claremore-residents-speak-out-against-project-mustang-data-center; https://www.newson6.com/tulsa-oklahoma-news/claremore-project-mustang-data-center-approved
grp_b48b0361,Oklahoma ratepayer advocates,Oklahoma ratepayer advocates,1,OK,2026-01-01,2026-01-01,https://www.okenergytoday.com/2026/01/senator-says-data-center-moratorium-would-give-assurances-to-ratepayers/; https://www.datacenterdynamics.com/en/news/oklahoma-senator-proposes-three-year-data-center-moratorium-in-the-state/; https://www.multistate.us/insider/2026/3/13/local-data-center-regulations-gain-ground-as-state-bills-falter; https://goodjobsfirst.org/data-center-moratorium-bills-are-spreading-in-2026/; https://kfor.com/news/local/time-is-ticking-on-effort-to-halt-data-centers-in-ok-for-three-years/; https://oklahomawatch.org/2026/02/20/republicans-push-back-on-data-centers-in-oklahoma-other-states/; https://oksenate.gov/press-releases/senator-sacchieri-files-legislation-address-unknown-impacts-data-centers-oklahoma; https://www.govtech.com/products/oklahoma-bill-would-put-3-year-pause-on-data-centers; https://www.okenergytoday.com/2026/02/another-data-center-bill-wins-house-committee-approval/; https://www.okhouse.gov/posts/news-20260108_2; https://www.okhouse.gov/posts/news-20260217_6
grp_d6d93f31,One Circle Community Coalition,One Circle Community Coalition,1,GA,2025-09-18,2025-09-18,https://www.wsbtv.com/news/local/walton-county/city-social-circle-bans-new-data-center-applications-90-days/JGRPK34JC5AGRA5V5KH6YCXVWA/; https://www.covnews.com/news/cities/social-circle-enacts-90-day-moratorium-data-centers-vote-annexations/; https://www.covnews.com/news/cities/social-circle-council-lifts-moratorium-new-data-center-requests/; https://www.rockdalenewtoncitizen.com/news/social-circle-enacts-moratorium-on-data-centers/article_4b9299ba-d144-4af8-a695-57c4a6a99e23.html
grp_286f67ba,One Voice Martindale Brightwood,One Voice Martindale Brightwood,1,IN,2026-02-12,2026-02-12,https://www.wfyi.org/wfyi-news/2026-04-01/controversial-data-center-is-approved-for-martindale-brightwood; https://www.nbcnews.com/news/us-news/indianapolis-data-center-city-councilor-home-shot-rcna267156; https://fortune.com/2026/04/07/indianapolis-councilmember-ai-data-center-backlash/; https://www.wfyi.org/2026-04-06/indy-city-county-councilor-ron-gibson--home-targeted-in-shooting; https://mirrorindy.org/martindale-brightwood-data-center-ron-gibson-east-indianapolis-metrobloks/; https://www.ibj.com/articles/indy-council-asks-for-data-center-approval-pause-denies-martindale-brightwood-appeal; https://www.insideindianabusiness.com/articles/indy-council-asks-for-pause-in-data-center-approvals-denies-martindale-brightwood-appeal
grp_f5d9c4cf,Oneonta Residents Against Data Centers,Oneonta Residents Against Data Centers,1,NY,2026-03-12,2026-03-12,https://www.wbng.com/2026/03/12/oneonta-town-board-introduces-12-month-moratorium-ai-data-centers/; https://www.thedailystar.com/news/local_news/oneonta-town-board-sets-public-hearing-on-data-center-moratorium/article_369cff18-b2d9-465e-ac44-211dd075f1b8.html; https://www.allotsego.com/town-of-oneonta-moves-toward-data-center-ban/
grp_235ae85d,Oppose Atlas DC,Oppose Atlas DC,1,PA,2026-01-20,2026-01-20,https://www.mcall.com/2026/01/20/i-do-not-want-this-in-my-backyard-south-whitehall-residents-push-back-against-proposed-data-center-at-lehigh-valley-planners-meeting/; https://www.lehighvalleynews.com/parkland/5-1-million-square-foot-atlas-industrial-data-center-could-be-built-across-from-parkland-high-school; https://www.wfmz.com/news/area/lehighvalley/review-of-massive-data-center-complex-near-parkland-high-school-delayed/article_ff6b9e12-71c7-4e1f-b400-714609fc8ace.html
grp_a4cc3704,Orange County DC Information VA,Orange County DC Information VA,1,VA,2025-09-01,2025-09-01,https://www.pecva.org/region/orange/orange-county-proposes-new-technology-zoning-district/; https://byrdstreet.substack.com/p/orange-county-planning-commission; https://www.battlefields.org/give/save-battlefields/dont-let-data-centers-destroy-wilderness
grp_224e9f62,Oregon Agricultural Trust,Oregon Agricultural Trust,1,OR,2026-02-17,2026-02-17,https://www.opb.org/article/2026/03/03/hillsboro-will-not-get-more-industrial-land-for-high-tech-data-centers/; https://capitalpress.com/2026/03/06/lawmaker-shelves-bill-slating-hillsboro-farmland-for-industrial-development/; https://www.opb.org/article/2026/02/17/oregon-senators-tech-development-hillsboro-farm-group/; https://oregoncapitalchronicle.com/2026/03/02/oregon-would-temporarily-bar-expanded-tax-benefits-for-data-centers-under-changes-to-governors-bill/; https://katu.com/news/local/hillsboro-petition-seeks-pause-data-centers-amid-energy-and-farmland-concerns-washington-county-oregon-city-councilor-kipperlyn-sinclair-jacob-roloff-tammy-carpenter-illsboro-herald-editor-dirk-knudsen-tualatin-riverkeepers-pge; https://hillsboroherald.com/signatures-sought-on-hillsboro-data-center-moratorium-petition-brought-by-kipperlyn-sinclair/
grp_20ce09b9,Oregon Citizens Utility Board,Oregon Citizens Utility Board,1,OR,2025-06-05,2025-06-05,https://www.opb.org/article/2025/12/15/utility-watchdogs-accuse-pge-of-skirting-new-law-meant-to-make-data-centers-pay-for-rising-demand/; https://www.opb.org/article/2025/06/05/oregon-data-centers-cryptocurrency-business-environment-power-electricity/; https://oregoncub.org/news/blog/is-pge-ignoring-oregons-new-data-center-law/3216/; https://oregoncub.org/news/blog/power-act-passes-oregon-house/3121/; https://www.opb.org/article/2026/03/02/data-centers-cut-bill-expanding-oregon-tax-breaks/
grp_a69788f5,Oregon Citizens' Utility Board (CUB),Oregon Citizens Utility Board (CUB); Oregon Citizens' Utility Board (CUB),2,OR,2025-06-05,2025-12-15,https://www.opb.org/article/2025/12/15/utility-watchdogs-accuse-pge-of-skirting-new-law-meant-to-make-data-centers-pay-for-rising-demand/; https://www.opb.org/article/2025/06/05/oregon-data-centers-cryptocurrency-business-environment-power-electricity/; https://oregoncub.org/news/blog/is-pge-ignoring-oregons-new-data-center-law/3216/; https://oregoncub.org/news/blog/power-act-passes-oregon-house/3121/; https://www.opb.org/article/2026/03/02/data-centers-cut-bill-expanding-oregon-tax-breaks/; https://www.kptv.com/2026/07/07/regulators-approve-pges-29-rate-increase-oregon-data-centers/
grp_394c821c,Oregon Wild,Oregon Wild,2,OR,2025-12-09,2026-01-15,https://www.columbiariverkeeper.org/2026/coalition-urges-senators-wyden-and-merkley-to-oppose-public-land-giveaway-for-data-center-water-use/; https://www.opb.org/article/2026/01/15/as-googles-water-demands-grow-the-dalles-aims-to-pull-more-from-mount-hood-forest/; https://fortune.com/longform/google-data-center-the-dalles-oregon-water-dispute/; https://www.opb.org/article/2026/01/23/the-dalles-mayor-data-center-google/
grp_6762b232,Osawatomie Residents Concerned About Data Centers,Osawatomie Residents Concerned About Data Centers,1,KS,2026-02-18,2026-02-18,https://www.kshb.com/news/local-news/kansas/miami-county/rural-miami-county-kansas-residents-respond-to-1-billion-data-center-proposal; https://www.kshb.com/news/local-news/kansas/miami-county/miami-county-commission-considers-pause-on-data-center-construction-following-nearby-1b-proposal; https://www.kctv5.com/2026/02/18/osawatomie-city-council-considers-major-development-agreement-1-billion-data-center-campus-some-residents-are-concerned/
grp_e4d878c6,"Our Land, Our Home, Our Harford","Our Land, Our Home, Our Harford",1,MD,2026-04-21,2026-04-21,https://www.wmar2news.com/news/region/harford-county/harford-county-council-introduces-bill-to-pause-data-center-development-after-community-pushback; https://www.baltimoresun.com/2026/04/21/harford-council-mulls-data-center-pause/; https://www.baltimoresun.com/2026/04/20/harford-moratorium-data-centers/; https://www.datacenterdynamics.com/en/news/harford-county-maryland-could-impose-90-day-moratorium-on-data-centers/; https://foxbaltimore.com/news/local/harford-county-council-member-plans-to-introduce-data-center-moratorium-energy; https://www.baltimoresun.com/2026/05/07/cassilly-proposes-permanent-data-center-ban/; https://nottinghammd.com/2026/05/07/county-executive-cassilly-proposes-legislation-to-permanently-ban-data-centers-in-harford-county/; https://www.cbsnews.com/baltimore/news/harford-county-executives-proposed-bill-aims-to-ban-data-centers/
grp_5a5d5be4,Pacific Root Coalition,Pacific Root Coalition,1,MO,2026-02-25,2026-02-25,https://www.change.org/p/demand-transparency-on-data-center-records-in-pacific-mo-under-missouri-sunshine-law; https://www.firstalert4.com/2026/02/26/pacific-data-center-rezoning-meeting-ends-abruptly-after-developer-withdraws-request/; https://www.change.org/p/protect-pacific-and-the-meramec-valley-from-a-massive-data-center; https://www.stltoday.com/news/local/business/article_5c90e5b8-234e-4059-ab35-e7bedb3aafb3.html; https://www.change.org/p/stop-data-center-development-at-crooked-creek-beef-farm-pacific-mo; https://www.ksdk.com/article/news/local/data-center-proposal-sparks-intense-opposition-in-rural-franklin-county/63-1df17e92-1d31-4a96-a64f-b4a10bf99527; https://www.ksdk.com/article/news/local/hundreds-pack-pacific-high-school-for-data-center-meetingonly-for-it-to-be-canceled/63-a784460e-8349-4f8b-84d9-1947e30b1649; https://fox2now.com/news/missouri/pacific-residents-push-back-against-data-center/; https://www.missourian.com/local_news/pacific-data-center-plans-draw-opposition/article_3c39b1fd-2307-4263-89bc-f1b1f61e6002.html; https://www.stltoday.com/news/local/business/article_bf5f674b-b567-4648-ab4d-e461b95f6cdc.html; https://www.stlmag.com/business/pacific-data-center-beltline-energy-proposal/; https://www.pacificrootcoalition.com/; https://www.westnewsmagazine.com/news/data-center-meeting-fills-pacific-city-hall-to-standing-room-only/article_364f008e-fa84-4055-9a8a-466c091b3e90.html; https://www.stltoday.com/news/local/business/article_16b3a338-154d-4cbe-ab55-eab7959b34f6.html; https://www.firstalert4.com/2026/03/14/franklin-county-data-center-projects-return-planning-commission-tuesday-with-frustration-about-process/
grp_275f6912,Pacific ROOT Coalition (Pacific Residents Organizing for Our Tomorrow Coalition),Pacific ROOT Coalition (Pacific Residents Organizing for Our Tomorrow Coalition),1,MO,2026-02-25,2026-02-25,https://www.change.org/p/demand-transparency-on-data-center-records-in-pacific-mo-under-missouri-sunshine-law; https://www.firstalert4.com/2026/02/26/pacific-data-center-rezoning-meeting-ends-abruptly-after-developer-withdraws-request/; https://www.change.org/p/protect-pacific-and-the-meramec-valley-from-a-massive-data-center; https://www.stltoday.com/news/local/business/article_5c90e5b8-234e-4059-ab35-e7bedb3aafb3.html; https://www.change.org/p/stop-data-center-development-at-crooked-creek-beef-farm-pacific-mo; https://www.ksdk.com/article/news/local/data-center-proposal-sparks-intense-opposition-in-rural-franklin-county/63-1df17e92-1d31-4a96-a64f-b4a10bf99527; https://www.ksdk.com/article/news/local/hundreds-pack-pacific-high-school-for-data-center-meetingonly-for-it-to-be-canceled/63-a784460e-8349-4f8b-84d9-1947e30b1649; https://fox2now.com/news/missouri/pacific-residents-push-back-against-data-center/; https://www.missourian.com/local_news/pacific-data-center-plans-draw-opposition/article_3c39b1fd-2307-4263-89bc-f1b1f61e6002.html; https://www.stltoday.com/news/local/business/article_bf5f674b-b567-4648-ab4d-e461b95f6cdc.html; https://www.stlmag.com/business/pacific-data-center-beltline-energy-proposal/; https://www.pacificrootcoalition.com/; https://www.westnewsmagazine.com/news/data-center-meeting-fills-pacific-city-hall-to-standing-room-only/article_364f008e-fa84-4055-9a8a-466c091b3e90.html; https://www.stltoday.com/news/local/business/article_16b3a338-154d-4cbe-ab55-eab7959b34f6.html; https://www.firstalert4.com/2026/03/14/franklin-county-data-center-projects-return-planning-commission-tuesday-with-frustration-about-process/
grp_1bcf3075,Page Residents for Voter Rights,Page Residents for Voter Rights,1,AZ,2025-10-01,2025-10-01,"https://www.change.org/p/no-data-center-in-page-az; https://www.azfamily.com/2025/12/18/page-residents-push-back-10b-data-center-proposal-near-horseshoe-bend/; https://www.knau.org/knau-and-arizona-news/2025-11-18/page-residents-want-voters-to-decide-on-planned-data-center; https://lakepowellchronicle.com/stories/international-development-company-proposes-10-billion-data-center-for-page,78901; https://www.change.org/p/protect-horseshoe-bend-stop-the-page-data-center-project; https://azcir.org/news/2025/11/21/did-page-az-city-council-approve-the-sale-of-500-acres-for-a-data-center-yes/; https://cornerpost.org/2025/12/10/page-ariz-citizens-file-referendum-to-veto-city-councils-decision-to-sell-500-acres-for-data-center-development/"
grp_315d691d,Palm Beach County Environmental Alliance,Palm Beach County Environmental Alliance,1,FL,2026-07-15,2026-07-15,https://www.wlrn.org/government-politics/2025-12-10/project-tango-ai-data-center-palm-beach-county; https://stetnews.org/2025/12/04/massive-data-storage-facility-on-fast-track/; https://www.datacenterdynamics.com/en/news/37-million-sq-ft-data-center-campus-gets-initial-ok-from-officials-in-florida/; https://cbs12.com/news/local/palm-beach-county-moves-forward-with-massive-ai-data-center-despite-neighborhood-pushback-arden-warehouse-toxic-noise-power-plant-wellington-dec-5-2025; https://www.change.org/p/say-no-to-the-construction-of-project-tango-ai-data-center-in-palm-beach-county; https://www.wlrn.org/government-politics/2026-03-03/palm-beach-county-residents-only-want-one-answer-on-data-center-no; https://stetnews.org/2025/12/11/neighborhood-outrage-knocks-data-center-off-fast-track/; https://www.wlrn.org/development/2026-01-12/ai-data-center-palm-beach-county-desantis-trump; https://floridaphoenix.com/2026/01/01/thirsty-ai-data-center-runs-into-florida-community-opposition-2/; https://news.datacenterview.com/p/december-11-2025-pba-s-project-tango-approved; https://www.wptv.com/news/palm-beach-county/arden-residents-rally-against-proposed-1-8-million-square-foot-ai-data-center-near-elementary-school; https://cbs12.com/news/local/project-tango-setback-palm-beach-county-zoning-board-recommends-denial-concerned-residents-environmental-impact-central-park-commerce-center-florida-news; https://cbs12.com/news/local/could-another-data-center-move-forward-at-project-tango-site-lawsuit-raises-new-questions-public-input-hearings-vote-loophole-warehouse-conversion-wpb-logistics-tpa-group-pba-holdings; https://www.wflx.com/2026/07/16/palm-beach-county-commissioners-reject-project-tango-ai-data-center-after-more-than-12-hours-debate/; https://www.wflx.com/2026/07/16/relief-sweeps-through-community-after-palm-beach-county-denies-project-tango-ai-data-center/; https://www.bloomberg.com/news/articles/2026-07-15/ai-backlash-builds-for-project-tango-proposal-near-trump-s-mar-a-lago; https://www.wptv.com/news/region-c-palm-beach-county/loxahatchee-acreage/palm-beach-county-commissioners-reject-project-tango-ai-data-center-after-more-than-12-hours-of-debate; https://www.wlrn.org/government-politics/2026-07-16/project-tango-ai-data-center-palm-beach-rejected
grp_40d43ccd,Panhandle Taxpayers for Transparency,Panhandle Taxpayers for Transparency,1,TX,2026-02-25,2026-02-25,https://www.sierraclub.org/texas/blog/2025/12/project-matador-trump-ai-data-center-texas; https://spectrumlocalnews.com/tx/austin/news/2025/11/21/fermi-data-center; https://www.myhighplains.com/news/your-local-election-hq/amarillo-ai-data-center-project/fermi-america-pauses-construction-near-amarillo-while-waiting-for-tceq-permits/; https://www.datacenterdynamics.com/en/news/fermi-america-receives-first-natural-gas-turbines-for-up-to-11gw-data-center-campus-in-amarillo-texas/; https://fermiamerica.com/; https://abc7amarillo.com/news/local/amarillo-council-advances-ai-data-center-proposal-amid-water-concerns-fermi-america-city-hall-dr-ken-rainwater-toby-neugebauer-trent-sisemore-les-simpson; https://mediajustice.org/wp-content/uploads/2025/10/Amarillo-Fermi-Data-Center-Fact-Sheet.pdf; https://insideclimatenews.org/news/29012026/developer-calls-gw-ranch-in-pecos-county-texas-the-largest-power-project-in-u-s/; https://www.datacenterdynamics.com/en/news/pacifico-secures-765gw-air-permit-for-gw-ranch-project-in-west-texas/
grp_43bae28f,Party for Socialism and Liberation,Party for Socialism and Liberation,1,GA,2026-06-09,2026-06-09,https://www.cbsnews.com/atlanta/news/dekalb-leaders-extend-data-center-moratorium-to-june-as-residents-raise-health-cost-concerns/; https://roughdraftatlanta.com/2025/12/16/dekalb-county-data-center-pause/; https://www.decaturish.com/news/dekalb/dekalb-extends-data-center-moratorium-defers-regulations/article_1b2415a2-81c3-4c18-bd9b-ffa628e58635.html; https://roughdraftatlanta.com/2026/01/28/data-center-regulation-dekalb-county/; https://engagedekalb.dekalbcountyga.gov/data-center-text-amendment; https://www.wsbtv.com/news/local/dekalb-county/dekalb-county-extends-data-center-moratorium-another-100-days/6OA6XSBIBBEYRLBZC7WZLPWHLY/; https://www.fox5atlanta.com/news/data-center-moratorium-dekalb-county-blocks-new-tech-hubs-5-2-vote; https://www.atlantanewsfirst.com/2026/06/09/dekalb-county-extends-data-center-moratorium/
grp_5466e5ae,Party for Socialism and Liberation (PSL),Party for Socialism and Liberation (PSL),3,WI,2025-08-01,2025-12-08,https://www.tmj4.com/news/ozaukee-county/port-washington-neighbors-host-town-hall-rally-against-15-billion-data-center-project; https://www.gmtoday.com/news_graphic/news/glnu-challenges-port-washington-data-center/article_f0120984-fde9-40f7-99f4-da5c0d009ec9.html; https://www.wpr.org/news/port-washington-council-approves-tid; https://www.gmtoday.com/news_graphic/news/great-lakes-neighbors-data-center/article_8dbeec3c-067d-53e0-ae25-5ebb2700a6dc.html; https://www.wpr.org/news/community-challenges-port-washingtons-data-center-tid-court; https://spectrumnews1.com/wi/milwaukee/in-focus/2026/01/30/port-washington--data-center--great-lakes-neighbors-united; https://www.datacenterdynamics.com/en/news/three-arrested-at-data-center-hearing-in-port-washington-wisconsin/; https://www.protectfredonia.com/why-1; https://www.change.org/p/stop-the-port-washington-wi-data-center; https://www.datacenterdynamics.com/en/news/openai-oracle-and-vantage-plan-stargate-wisconsin-data-center-expected-to-be-close-to-a-gigawatt/; https://www.constructiondive.com/news/openai-oracle-stargate-data-center-site-wisconsin/804031/; https://www.wpr.org/news/port-washington-data-center-campus-openai-oracle-stargate-chatgpt; https://wtmj.com/news/2026/02/17/attempt-to-recall-port-washington-mayor-by-anti-data-center-group-fails-according-to-city/; https://urbanmilwaukee.com/2026/02/14/community-group-files-suit-against-port-washingtons-data-center/; https://www.wpr.org/news/data-center-opponents-launch-recall-of-port-washington-mayor; https://www.gmtoday.com/news_graphic/news/port-washington-tid-lawsuit/article_4642152b-7077-44cc-99ff-7a79d1f83c53.html; https://www.ozaukeepress.com/content/data-center-tif-challenge-paused-rewrite; https://biztimes.com/mmac-sues-city-of-port-washington-over-referendum-related-to-tid-financing/; https://www.mmac.org/news/mmac-regional-stakeholders-file-suit-against-port-washington/; https://www.gmtoday.com/daily_news/news/court-denies-business-groups-request-to-block-tid-ordinance/article_a4e62231-1cbc-543f-84fa-b347c6ec4fb0.html; https://spectrumnews1.com/wi/milwaukee/news/2025/12/09/yorkville--backup-data-center--update; https://biztimes.com/yorkville-puts-up-a-hard-no-on-data-center-talk/; https://wtmj.com/news/2025/12/23/a-look-back-at-wisconsins-year-of-the-data-center/; https://shepherdexpress.com/news/features/the-struggle-against-hyperscale-data-centers-across-wisconsin/; https://www.cnbc.com/2025/11/25/microsoft-ai-data-center-rejection-vs-support.html; https://racinecountyeye.com/2026/02/11/psc-data-center-hearing-oppose/; https://spectrumnews1.com/wi/milwaukee/news/2025/12/05/microsoft-backup-data-center-racine-county; https://www.gazettextra.com/news/local/data-center-secrecy-deals-janesville-other-wisconsin-communities-have-signed-ndas/article_2863f0f5-736e-4e9f-95bc-98913ce7d71a.html; https://milwaukeenns.org/2026/02/01/wisconsin-data-center-secrecy-deals-nda-nondisclosure-agreement/; https://www.change.org/p/no-janesville-data-center; https://spectrumnews1.com/wi/milwaukee/news/2026/01/27/janesville-leaders-delay-decision-on-data-center-petition; https://news.ballotpedia.org/2026/02/12/janesville-wisconsin-voters-to-decide-nov-3-2026-initiative-requiring-approval-for-development-projects-exceeding-450-million-at-gm-jatco-site-such-as-proposed-data-center/; https://urbanmilwaukee.com/2025/11/11/janesville-moves-forward-with-data-center-plans/; https://www.gazettextra.com/news/local/transparency-is-not-just-a-checkbox-demonstrators-push-for-release-of-gm-jatco-data-center/article_c8e51e73-d546-40d8-a7dc-a68afe53ac78.html; https://spectrumnews1.com/wi/milwaukee/news/2025/11/21/janesville-residents-launch-petition-as-city-explores-data-center-plans
grp_ecf01255,Party for Socialism and Liberation DC,Party for Socialism and Liberation DC,1,MD,2025-09-01,2025-09-01,https://foxbaltimore.com/news/local/prince-georges-county-data-centers-zoning-electric-grid-energy-maryland; https://marylandmatters.org/2025/09/17/prince-georges-county-moves-to-put-data-center-development-on-pause/; https://commercialobserver.com/2025/09/data-center-pause-prince-george-maryland/; https://dbknews.com/2025/12/04/prince-georges-county-data-centers/
grp_6e243151,Party for Socialism and Liberation St. Louis,Party for Socialism and Liberation St. Louis,1,MO,2026-04-21,2026-04-21,https://www.stlpr.org/government-politics-issues/2026-03-31/st-louis-mayor-cara-spencer-armory-data-center-zoning; https://www.ksdk.com/article/news/local/mayor-cara-spencer-city-board-postpone-vote-armory-data-center/63-4586cc07-32c7-46ad-a71b-5a92ba7b4323; https://www.change.org/p/no-more-data-centers-in-st-louis; https://www.stlpr.org/government-politics-issues/2026-04-21/data-center-project-near-armory-final-approval-st-louis; https://www.stlmag.com/news/midtown-data-center-armory-board-of-public-service/; https://www.stlouis-mo.gov/government/departments/mayor/news/data-center-permit-approved.cfm
grp_f89b6d8c,PennFuture,PennFuture,1,PA,2026-02-03,2026-02-03,https://nodatacenter.net/; https://www.savepennsylvania.com/petitions; https://www.wvia.org/news/local/2026-01-28/lackawanna-county-judge-holds-hearing-on-clifton-twp-data-center-settlement-challenges; https://www.wvia.org/news/local/2026-02-04/data-centers-residents-fear-negative-impacts-on-water-resources-as-data-centers-are-proposed-across-northeast-pa; https://insideclimatenews.org/news/03032026/pennsylvania-data-center-resistance/; https://www.thetimes-tribune.com/2026/02/03/judge-tosses-settlement-between-clifton-twp-data-center-developer/
grp_0eacf203,Pennsylvania Data Center Resistance,Pennsylvania Data Center Resistance,1,PA,2026-02-17,2026-02-17,https://www.wvia.org/news/local/2026-02-17/lackawanna-county-commissioner-gaughan-asks-shapiro-and-pa-legislature-for-statewide-data-center-moratorium; https://www.thetimes-tribune.com/2026/02/25/local-lawmakers-target-data-centers-back-moratoriums/; https://www.cityandstatepa.com/policy/2026/03/pa-house-committee-advances-data-center-bills/411812/; https://www.change.org/p/hold-data-centers-accountable-for-rising-energy-costs-in-pennsylvania; https://insideclimatenews.org/news/03032026/pennsylvania-data-center-resistance/; https://www.spotlightpa.org/news/2026/01/data-centers-pennsylvania-debate-legislature-environment-environment/
grp_5a777bf5,Pennsylvania Environmental Council,Pennsylvania Environmental Council,1,PA,2026-03-24,2026-03-24,https://www.cityandstatepa.com/policy/2026/03/pa-house-lawmakers-approve-data-center-regulation-bill/412346/; https://www.wesa.fm/politics-government/2026-04-13/data-centers-pennsylvania-law
grp_3a8d5149,People's Action,People's Action,1,WV,2026-01-01,2026-01-01,https://mountainstatespotlight.org/2026/02/25/lawmakers-block-data-center-bills/; https://mountainstatespotlight.org/2025/12/14/data-center-pushback-lawmakers-respond/; https://peoplesaction.org/wvcag-organizes-against-west-virginia-data-centers/; https://virginiamercury.com/2026/02/20/halfway-through-the-2026-legislative-session-theres-still-no-consensus-on-data-center-bills/; https://www.vpm.org/generalassembly/2026-01-16/2026-data-center-bills-thomas-hb155-mcauliff-hb503-pjm-dominion-energy; https://virginiamercury.com/2026/02/24/senators-propose-phasing-out-data-center-tax-credit-house-budget-keeps-it/; https://www.change.org/p/stop-data-centers-in-west-virginia; https://westvirginiawatch.com/2026/04/01/west-virginia-needs-a-data-center-moratorium-to-safeguard-our-future/; https://wvmetronews.com/2026/04/07/the-data-center-development-dilemma/
grp_83add5f9,People's Justice Council,People's Justice Council,1,AL,2026-03-03,2026-03-03,https://www.birminghamal.gov/news/city-birmingham-proposes-temporary-pause-new-data-center-applications; https://birminghamwatch.org/2026/01/13/birmingham-leaders-weigh-180-day-moratorium-on-data-centers-amid-power-and-water-concerns/; https://gaspgroup.org/birmingham-residents-must-stay-engaged-on-the-proposed-data-center/; https://alabamarivers.org/bcc/; https://birminghamwatch.org/2026/03/03/birmingham-council-enacts-temporary-ban-on-large-data-centers/; https://www.birminghamtimes.com/2026/03/birmingham-city-council-imposes-temporary-freeze-on-data-centers/; https://abc3340.com/news/local/birmingham-halts-new-data-center-projects-with-six-month-moratorium-city-of-birmingham-council-public-hearing-data-centers-zoning-land-use-regulations-review-infrastructure-demands-development; https://yellowhammernews.com/permit-filed-for-multibillion-dollar-75-acre-data-center-in-birmingham/; https://www.wbrc.com/2026/03/04/birmingham-city-council-votes-pause-new-data-center-applications-six-months/; https://1819news.com/news/item/data-center-company-nebius-buys-79-acres-in-birmingham-in-90-million-deal
grp_3fe6ee32,Phillipsburg Town Council Anti-Data Center Coalition,Phillipsburg Town Council Anti-Data Center Coalition,1,NJ,2026-02-25,2026-02-25,https://www.tapinto.net/towns/phillipsburg/sections/government/articles/phillipsburg-to-vote-to-ban-data-centers-citing-major-energy-and-water-demands; https://www.wfmz.com/news/area/western-newjersey/warren-county/phillipsburg-prepares-to-ban-data-centers-updates-sewer-user-costs/article_a5c18c8c-5745-44cf-8636-dbddcef7e456.html; https://pinelandsalliance.org/data-center-victories-local-actions-drive-regional-change/; https://www.tapinto.net/towns/phillipsburg/articles/phillipsburg-council-votes-unanimously-to-shut-the-door-on-data-centers
grp_cfe497fb,Physicians for Social Responsibility Pennsylvania,Physicians for Social Responsibility Pennsylvania,1,PA,2026-01-17,2026-01-17,https://www.datacenterdynamics.com/en/news/aws-plans-25-million-sq-ft-data-center-campus-in-kline-township-pennsylvania/; https://www.republicanherald.com/2026/03/03/kline-twp-residents-push-back-against-amazon-data-center/; https://fox56.com/news/local/locals-express-concern-regarding-amazons-plans-for-kline-twp-data-center; https://shensentinel.com/news/amazon-reps-detail-data-center-campus-endure-scrutiny-from-kline-planners-public/; https://www.skooknews.com/2026/07/former-pennsylvania-house-majority.html
grp_c970a99d,Piedmont Environmental Council,Piedmont Environmental Council,23,VA,2024-07-15,2026-07-16,https://www.crozetgazette.com/2025/10/03/county-supervisors-consider-data-center-regulations/; https://www.wmra.org/2025-09-17/data-centers-boom-or-bust-for-albemarle-county; https://c-ville.com/albemarle-county-weighs-regulation-on-data-center-development/; https://www.cvilletomorrow.org/how-should-albemarle-county-regulate-data-centers-officials-want-to-hear-what-residents-think/; https://www.wdbj7.com/2026/02/24/appomattox-residents-concerned-about-planned-data-center/; https://wset.com/news/local/3b-data-center-planned-on-452-acres-in-appomattox-county-sparking-community-pushback; https://www.datacenterdynamics.com/en/news/avaio-plans-300mw-data-center-campus-in-appomattox-county-virginia/; https://cardinalnews.org/2024/12/11/appomatox-county-strikes-deal-for-data-center/; https://www.wsls.com/news/local/2026/03/24/data-centers-spark-protests-in-appomattox-county/; https://wset.com/news/local/appomattox-county-residents-press-developers-on-3b-data-center-campus-economic-development-authority-new-jobs-tax-revenue-local-resources-community-march-2026; https://www.wsls.com/news/local/2026/03/25/proposed-appomattox-data-center-promises-jobs-but-sparks-water-usage-fears/; https://virginiamercury.com/2026/02/10/bill-would-put-more-energy-costs-on-data-centers-slash-residential-customerss-rates/; https://www.vpm.org/news/2026-02-10/louise-lucas-data-center-infrastructure-costs-dominion-energy-apco-scc-pjm-virginia; https://www.pecva.org/region/regional-state-national-region/2026-data-center-reform-legislation/; https://virginiamercury.com/2026/03/17/data-center-bills-dominated-this-years-general-assembly-heres-what-passed/; https://www.vpm.org/generalassembly/2026-04-16/spanberger-general-assembly-levere-bolling-lucas-utility-legislation-dominion; https://introl.com/blog/virginia-data-center-tax-exemption-battle-2026; https://www.multistate.us/insider/2026/3/30/virginia-lawmakers-pass-15-data-center-bills-as-tax-exemption-fight-looms; https://virginiamercury.com/2026/05/15/spanberger-signs-assault-weapons-ban-package-of-criminal-justice-and-energy-bills/; https://cardinalnews.org/2026/05/14/spanberger-will-veto-collective-bargaining-bill-future-of-cannabis-legislation-uncertain/; https://www.pecva.org/region/culpeper/support-more-data-center-regulation-in-culpeper-county/; https://www.datacenterdynamics.com/en/news/two-data-center-campuses-totaling-446-million-sq-ft-seek-zoning-permission-in-virginias-culpeper-county/; https://www.saveculpeper.com/; https://dgtlinfra.com/amazon-data-center-culpeper-virginia/; https://www.insidenova.com/culpeper/data-center-boom-transforms-culpeper/article_751ced36-5b17-11ef-a52c-cf43381926b5.html; https://starexponent.com/localbusinesses/amazon-data-center-materializes-in-stevensburg-now-hiring/article_7365c512-819b-11ef-a52e-3b0a2414e697.html; https://www.pecva.org/region/culpeper/update-on-data-centers-in-culpeper-and-invite-to-upcoming-rooftop-solar-lecture/; https://virginiaindependentnews.com/infrastructure/data-center-cancellations-pile-up-as-virginians-voice-opposition/; https://starexponent.com/news/local/government-politics/article_8b885a0e-0028-11f0-b743-138439fff6d3.html; https://www.insidenova.com/culpeper/culpeper-town-council-secures-data-center-revenue-agreements-one-worth-millions/article_3cdde938-e054-453d-a266-9d4df9a28b61.html; https://www.pecva.org/region/culpeper/culpeper-quarterly-update-culpeper-puts-guardrails-on-data-centers/; https://virginiabusiness.com/culpeper-tech-zone-attracts-data-centers/; https://www.fauquiernow.com/news/developer-withdraws-plans-for-catlett-station-data-center-project/article_29d5165e-4385-11ef-ad9e-db32dab80435.html; https://www.fauquier.com/news/developer-withdraws-application-to-rezone-for-catlett-data-centers/article_d0b1a26e-436f-11ef-a9b2-d71f39f9e76e.html; https://www.fauquier.com/news/town-council-votes-to-ban-data-centers-from-warrenton/article_0f58d64e-f89e-4dbd-8825-c06e65f1a4b7.html; https://www.datacenterwatch.org/report; https://www.citizensforfauquier.org/data-centers-overview; https://www.citizensforfauquier.org/; https://www.pecva.org/region/fauquier/gigaland/; https://protectfauquier.com/; https://virginiamercury.com/2025/05/21/report-highlights-community-pushback-stalling-64-billion-in-data-center-development-nationwide/; https://www.fauquiernow.com/news/warrenton-town-council-pushes-back-against-data-centers-amends-zoning-ordinance/article_67ce814a-e880-4c95-8099-bac067988a25.html; https://www.datacenterdynamics.com/en/news/plans-for-800mw-gigaland-data-center-campus-withdrawn-in-fauquier-county-virginia/; https://www.fauquier.com/localnews/gigaland-resubmits-scaled-down-data-center-project/article_86348ee7-cefa-4d0f-b28c-33ced39ae9ff.html; https://www.fauquiernow.com/news/business/fauquier-supervisors-request-dominion-bury-transmission-lines-provide-more-information-on-high-load-clients/article_2f6014f2-27e9-4e17-8343-d5abbfb8da0f.html; https://www.fauquiernow.com/news/fauquier-planning-commission-rejects-dominion-energy-substation-expansion-in-sumerduck/article_001c92e4-5fea-41a5-b85a-cdbbac97e3b1.html; https://www.fauquiernow.com/news/gigaland-developers-withdraw-remington-data-center-application-new-filing-anticipated/article_ea7c2fd1-97a0-416f-9a1b-4e68e72cc496.html; https://www.pecva.org/region/fauquier/gigaland-application-withdrawn-our-communitys-voice-was-heard/; https://www.fauquiernow.com/news/fauquier-planning-commission-recommends-denial-of-gigaland-data-center-project-in-remington/article_0aa8068e-1c6e-437e-917b-6f32d2a6f836.html; https://www.thecooldown.com/green-business/virginia-planning-commission-denies-gigaland-data-center/; https://citizenportal.ai/articles/7011680/Fluvanna-County/Virginia/Fluvanna-supervisors-ask-planning-commission-for-clearer-plan-on-Technology-Zone-and-moratorium-options; https://fluvannareview.com/2025/11/commission-backs-data-center-restrictions/; https://www.29news.com/2026/03/11/fluvanna-county-community-members-push-back-against-proposed-1-billion-transmission-line-project/; https://www.cvilletomorrow.org/valley-link-seeks-community-input-on-proposed-transmission-line-route-through-central-virginia/; https://cardinalnews.org/2026/03/12/massive-power-transmission-line-planned-for-campbell-to-culpeper/; https://www.pecva.org/work/energy-work/transmission/an-electric-super-highway-through-the-piedmont/; https://www.wric.com/news/local-news/neighbors-concerns-valley-link-transmission-line-project/; https://www.29news.com/2026/02/19/1-billion-115-mile-electric-transmission-line-project-planned-parts-central-virginia/; https://www.29news.com/2026/03/25/orange-community-members-pack-board-meeting-oppose-proposed-1-billion-transmission-line/; https://cardinalnews.org/2026/03/26/valley-link-power-transmission-proposal-meets-a-growing-organized-resistance/; https://www.vpm.org/news/2026-03-27/joshua-falls-yeat-valley-link-electric-transmission-pjm-energy-grid; https://www.12onyourside.com/2026/04/07/debate-intensifies-over-valley-link-transmission-project/; https://virginiamercury.com/2025/12/16/loudoun-residents-take-fight-against-high-voltage-power-lines-for-data-center-alley-to-scc/; https://virginiamercury.com/2025/08/14/loudoun-county-neighbors-fight-proposed-dominion-transmission-lines-for-data-center-alley/; https://www.loudounnow.com/news/with-transmission-line-controversies-local-leaders-look-to-move-away-from-data-center-growth/article_47e9742b-5917-4a8d-8af1-f3ce92456992.html; https://www.pecva.org/region/loudoun/golden-to-mars-transmission-line-comment-period-extended/; https://www.pecva.org/region/orange/orange-county-proposes-new-technology-zoning-district/; https://byrdstreet.substack.com/p/orange-county-planning-commission; https://www.battlefields.org/give/save-battlefields/dont-let-data-centers-destroy-wilderness; https://www.beankinney.com/data-center-infrastructure-under-siege-lessons-from-virginias-digital-gateway-decision/; https://www.insidenova.com/headlines/prince-william-s-digital-gateway-data-center-hearings-zero-in-on-public-notice/article_2dc98d69-5a46-4adf-90da-c5042b4a3833.html; https://www.princewilliamtimes.com/news/breaking-judge-overturns-prince-william-digital-gateway/article_951d6362-1bbd-416f-89c5-ff322bf49fa8.html; https://www.pwcva.gov/news/prince-william-county-launches-interactive-data-center-map-improve-public-access-development; https://www.princewilliamtimes.com/news/report-prince-william-county-has-44-data-centers-15-more-on-the-way/article_f0518174-bd23-49ee-ab92-3b04a0936f16.html; https://www.datacenterfrontier.com/site-selection/article/21437363/prince-william-digital-gateway; https://protectpwc.org/about-us/about-the-coalition-to-protect-pwc/; https://wtop.com/prince-william-county/2025/11/digital-gateway-data-center-builders-barred-from-beginning-construction-until-legal-challenge-plays-out/; https://www.princewilliamtimes.com/localnews/supervisors-vote-to-spend-another-400k-to-defend-the-pw-digital-gateway/article_79abd8cb-bf32-5c46-8a7d-ba39bb676c57.html; https://virginiamercury.com/briefs/va-court-of-appeals-stops-major-data-center-development-in-prince-william-county/; https://www.bisnow.com/national/news/data-center-community-relations/digital-gateway-plans-may-close-for-good-134038; https://www.pecva.org/resources/press/pec-statement-on-prince-william-digital-gateway-latest-legal-win/; https://wtop.com/virginia/2026/04/prince-william-co-withdraws-from-digital-gateway-lawsuit-reversing-course-from-2023/; https://northernvirginiamag.com/news/2026/04/15/prince-william-county-withdraws-from-legal-battle-over-massive-data-center-project/; https://www.princewilliamtimes.com/localnews/breaking-prince-william-county-drops-legal-fight-for-pw-digital-gateway/article_e7152a10-cbf9-4a7a-80ef-55fa9e13770b.html; https://www.pecva.org/region/regional-state-national-region/prince-william/massive-digital-gateway-data-center-project-has-been-halted/; https://www.washingtonpost.com/dc-md-va/2026/07/09/developer-virginia-data-center-project-drops-legal-appeal/; https://www.fox5dc.com/news/qts-drops-appeal-ending-plans-massive-prince-william-county-data-center; https://wtop.com/prince-william-county/2026/07/digital-gateway-data-center-project-dies-after-final-developer-withdraws-appeal/; https://virginiamercury.com/2026/01/14/as-2026-legislative-session-starts-data-centers-diesel-generators-are-a-top-concern-for-virginians/; https://www.vpm.org/news/2025-12-17/virginia-data-centers-diesel-backup-generators-deq-loudoun-turner-dowd; https://news.vcu.edu/article/northern-virginia-data-center-air-pollution-rivals-power-plant-emissions; https://www.sierraclub.org/virginia/blog/2026/01/looser-rules-dirtier-air-data-centers-and-diesel-pollution-virginia; https://www.vpm.org/generalassembly/2026-03-06/va-srinivasan-thomas-sb619-hb155-data-centers-review-heuf; https://virginiamercury.com/2026/03/06/general-assembly-nixes-bills-that-required-data-centers-to-get-scc-certificate/; https://www.multistate.us/insider/2026/2/4/states-rethink-data-center-tax-incentives-as-costs-soar; https://virginiamercury.com/2026/02/20/halfway-through-the-2026-legislative-session-theres-still-no-consensus-on-data-center-bills/; https://www.wsls.com/video/news/2026/02/28/data-center-transparency-bill-clears-key-virginia-house-committee/; https://www.billtrack50.com/billdetail/1940964; https://www.vpm.org/generalassembly/2026-01-16/2026-data-center-bills-thomas-hb155-mcauliff-hb503-pjm-dominion-energy; https://virginiamercury.com/2026/01/19/these-bills-aim-to-regulate-virginia-data-center-siting-generator-use-and-scc-oversight/; https://virginiamercury.com/2026/02/24/senators-propose-phasing-out-data-center-tax-credit-house-budget-keeps-it/; https://www.vpm.org/generalassembly/2026-03-12/budget-data-center-tax-break-scott-lucas-spanberger-torian-rephann; https://www.wsls.com/news/local/2026/03/13/virginia-lawmakers-split-on-data-center-tax-incentives/; https://virginiamercury.com/2026/03/11/clock-ticking-on-virginia-budget-as-democrats-clash-over-data-center-tax-break/; https://fortune.com/2026/03/11/virginia-data-centers-tax-breaks/; https://news.bloombergtax.com/daily-tax-report-state/virginia-impasse-over-data-center-tax-break-punts-budget-talks; https://cardinalnews.org/2026/03/14/the-2026-general-assembly-session-wraps-with-no-budget-special-session-on-the-horizon/; https://cardinalnews.org/2026/04/23/first-day-of-the-budget-special-session-ends-without-an-agreement-on-data-center-tax-exemptions/; https://virginiamercury.com/2026/04/23/virginia-lawmakers-adjourn-special-session-without-a-budget-deal/; https://www.wtvr.com/news/virginia-politics/budget-approved-june-22-2026; https://www.wvtf.org/news/2026-06-22/legislators-advocates-on-virginias-new-data-center-tax-and-regulation-scheme-a-good-first-step; https://www.virginiascope.com/general-assembly-budget-proposal-expected-to-generate-600-million-a-year-in-revenue-from-data-centers/; https://www.13newsnow.com/article/news/local/virginia/virginia-va-senate-house-bipartisan-state-budget-special-session-spanberger/291-7e4f4797-9d7b-40c5-a3d2-6e8604baba98
grp_916ef27d,Pinelands Alliance,Pinelands Alliance,3,NJ,2025-12-23,2026-04-08,https://pinelandsalliance.org/data-center-victories-local-actions-drive-regional-change/; https://snjtoday.com/sign-petition-ask-governor-for-moratorium-on-data-centers/; https://www.pemberton-twp.com/government/minutes_ordinances/ordinances.php; https://whyy.org/articles/data-center-artificial-intelligence-vineland-new-jersey/; https://followsouthjersey.com/2026/03/10/how-a-data-center-tore-vinelands-public-and-government-apart/; https://southjersey.media/williamstown-news/council-introduces-ordinance-banning-data-center-usage-from-redevelopment-plan/; https://www.gadgetreview.com/local-democracy-vs-big-tech-monroe-township-moves-to-block-massive-ai-data-center; https://www.inquirer.com/south-jersey/data-center-ban-lawsuit-monroe-township-george-norcross-inquirer-journalist-notes-20260717.html
grp_cbfaca59,Piqua Citizens Against the Data Centers,Piqua Citizens Against the Data Centers,1,OH,2025-11-01,2025-11-01,https://miamivalleytoday.com/piqua-residents-express-frustration-over-proposed-data-center/; https://www.datacenterdynamics.com/en/news/data-center-project-coming-to-piqua-ohio/; https://miamivalleytoday.com/piqua-commission-hears-plans-for-new-data-center/; https://www.change.org/p/save-piqua-stop-the-data-center; https://www.daytondailynews.com/local/life-changing-decision-data-center-growth-fuels-fears-in-local-communities/FQ4JYJCGSVG7TBF7C7A2GR6SVA/
grp_120abe06,Pocono Heritage Land Trust,Pocono Heritage Land Trust,1,PA,2026-02-03,2026-02-03,https://nodatacenter.net/; https://www.savepennsylvania.com/petitions; https://www.wvia.org/news/local/2026-01-28/lackawanna-county-judge-holds-hearing-on-clifton-twp-data-center-settlement-challenges; https://www.wvia.org/news/local/2026-02-04/data-centers-residents-fear-negative-impacts-on-water-resources-as-data-centers-are-proposed-across-northeast-pa; https://insideclimatenews.org/news/03032026/pennsylvania-data-center-resistance/; https://www.thetimes-tribune.com/2026/02/03/judge-tosses-settlement-between-clifton-twp-data-center-developer/
grp_07783e87,Polk County environmental advocates,Polk County environmental advocates,1,FL,2026-02-25,2026-02-25,https://www.fox13news.com/news/residents-fort-meade-protest-proposed-data-center-developers-respond-questions; https://www.fox13news.com/news/protesters-against-proposed-fort-meade-data-center-gather-outside-city-hall; https://baynews9.com/fl/tampa/news/2026/02/11/fort-meade-residents-data-center-concern; https://floridaphoenix.com/2026/01/01/thirsty-ai-data-center-runs-into-florida-community-opposition-2/; https://www.wusf.org/environment/2026-02-16/proposals-massive-data-centers-across-florida-are-local-governments-prepared; https://www.tampabay28.com/news/region-polk/fort-meade-commissioners-hear-more-public-concerns-over-proposed-data-center; https://www.wtsp.com/article/news/local/polkcounty/fort-meade-data-center-town-hall/67-4cceada6-6b09-44b3-9457-1b9cb466a941; https://www.datacenterdynamics.com/en/news/44-million-sq-ft-data-center-campus-gets-zoning-approval-in-fort-meade-florida/; https://mynews13.com/fl/orlando/news/2026/04/08/fort-meade-data-center-proposal-advances-despite-resident-concerns; https://www.tampabay.com/news/florida-politics/2026/04/16/florida-data-center-fort-meade-desantis-utilities-water-ai/; https://news.wfsu.org/state-news/2026-04-20/floridas-commerce-secretary-comes-out-against-a-proposed-ai-data-center
grp_dd90cb9b,Power Wisconsin Forward,Power Wisconsin Forward,1,WI,2026-02-11,2026-02-11,https://racinecountyeye.com/2026/02/11/psc-data-center-hearing-oppose/; https://wisconsinexaminer.com/2026/02/12/democratic-lawmakers-propose-data-center-moratorium/; https://spectrumnews1.com/wi/milwaukee/news/2026/02/26/new-poll-shows-partisan-divide--negative-opinion-of-data-centers; https://wisconsinexaminer.com/2026/02/10/wisconsin-public-service-commission-data-center-hearing-draws-public-outcry/; https://racinecountyeye.com/2026/02/10/psc-public-hearings-microsoft-rates/; https://urbanmilwaukee.com/2026/03/02/psc-requires-alliant-energy-to-disclose-data-center-rates/; https://naacp.org/articles/naacp-wisconsin-coalition-oppose-utility-bill-hikes-ai-data-center; https://www.sierraclub.org/press-releases/2026/03/sierra-club-wisconsin-and-partners-applaud-public-service-commission; https://wisconsinrivers.org/data-center-bills/; https://www.cleanwisconsin.org/data-center-secrets/; https://cubwi.org/data-center/; https://psc.wi.gov/Documents/PressReleases/04.24.2026PressRelease.PDF; https://www.renewwisconsin.org/pscs-preliminary-decision-data-centers-will-cover-their-costs/
grp_84ce87e1,Prairie District Neighborhood Alliance,Prairie District Neighborhood Alliance,1,IL,2026-02-17,2026-02-17,https://www.nbcchicago.com/news/local/chicago-politics/development-of-ai-data-center-in-chicagos-south-loop-shrouded-in-mystery/3907693/; https://www.hydravault.com/press/chicago-approves-construction-of-hydravaults-20-mw-data-center-in-south-loop
grp_2ffc372d,Prairie Rivers Network,Prairie Rivers Network,1,IL,2026-04-23,2026-04-23,https://citizenportal.ai/articles/7784846/Illinois/Champaign-County/Champaign-County-committee-approves-9month-moratorium-on-large-data-centers-after-public-comment-and-scheduling-debate; https://dailyillini.com/news-stories/world-news/state-news/2026/03/31/champaign-county-arms-against-big-data-centers/; https://ipmnewsroom.org/champaign-county-takes-first-step-towards-a-one-year-data-center-moratorium/; https://www.nprillinois.org/economy-business/2026-04-24/champaign-county-board-approves-1-year-data-center-moratorium; https://sjodaily.com/2026/04/24/champaign-county-board-places-yearlong-halt-on-large-data-centers-in-rural-areas/; https://www.wandtv.com/news/champaign-county-board-to-vote-thursday-on-data-center-moratorium/article_c1313fd7-ad95-4649-a434-c09b47d08d0f.html
grp_0681489f,Preserving Montgomery County,Preserving Montgomery County,1,MO,2026-02-16,2026-02-16,"https://abc17news.com/news/2025/11/26/amazon-planning-data-center-in-montgomery-county/; https://abc17news.com/news/montgomery/2025/12/04/montgomery-county-residents-push-back-against-amazon-data-center/; https://abc17news.com/news/top-stories/2026/02/17/lawsuit-filed-to-stop-montgomery-county-data-center/; https://amazonstlwest.com/; https://krcgtv.com/news/local/lawsuit-filed-to-halt-amazon-data-center-in-montgomery-county; https://krcgtv.com/news/local/residents-resist-proposed-amazon-development-data-center-projects-in-montgomery-county; https://themissouritimes.com/aws-responds-to-montgomery-county-commission-with-detailed-water-use-commitments/; https://themissouritimes.com/twmp-column-montgomery-countys-data-center-debate-boils-down-to-water/; https://www.datacenterdynamics.com/en/news/1000-acre-aws-data-center-campus-under-consideration-in-montgomery-county-missouri/; https://www.komu.com/news/midmissourinews/lawsuit-asks-judge-to-set-back-montgomery-county-data-center-approval-process/article_7dd0c0f6-6bea-43e3-8ca2-b67522429c90.html; https://www.komu.com/news/midmissourinews/montgomery-county-residents-attend-town-hall-on-data-center-proposals/article_9f2c275a-c156-4561-8085-867812927293.html; https://www.ksdk.com/article/news/local/business-journal/citizens-group-sues-to-void-35b-amazon-data-center-incentive-package/63-beeb260e-33c4-4e6e-bf3d-ec3629a88446; https://www.mystandardnews.com/stories/amazon-announces-it-will-own-data-center-in-montgomery-county,136956; https://www.mystandardnews.com/stories/amazon-releases-projected-water-usage-for-data-center,140529; https://www.mystandardnews.com/stories/hundreds-demand-answers-from-county-leaders-on-data-centers,140519; https://www.stlpr.org/economy-business/2025-12-19/montgomery-county-commission-approves-amazon-data-center-tax-incentive-framework; https://www.stltoday.com/news/local/crime-courts/article_40c7f648-9c2a-428f-b1d0-c0485ef3ce62.html"
grp_6ecd5934,Prevent East Vincent Data Center Development,Prevent East Vincent Data Center Development,1,PA,2025-10-01,2025-10-01,https://www.inquirer.com/news/pennsylvania/pennhurst-data-center-east-vincent-20260410.html; https://www.datacenterdynamics.com/en/news/plan-to-convert-former-psychiatric-hospital-near-philadelphia-into-data-center-set-to-be-blocked/; https://vista.today/2026/02/recommend-denial-pennhurst-data-center-project/; https://www.inquirer.com/news/pennsylvania/pennhurst-data-center-rejected-east-vincent-20260522.html; https://www.foodandwaterwatch.org/2026/05/22/east-vincent-pa-supervisors-unanimously-reject-data-center-proposal/
grp_6e4d2798,Prevent East Vincent DC Development,Prevent East Vincent DC Development,1,PA,2025-10-01,2025-10-01,https://www.inquirer.com/news/pennsylvania/pennhurst-data-center-east-vincent-20260410.html; https://www.datacenterdynamics.com/en/news/plan-to-convert-former-psychiatric-hospital-near-philadelphia-into-data-center-set-to-be-blocked/; https://vista.today/2026/02/recommend-denial-pennhurst-data-center-project/; https://www.inquirer.com/news/pennsylvania/pennhurst-data-center-rejected-east-vincent-20260522.html; https://www.foodandwaterwatch.org/2026/05/22/east-vincent-pa-supervisors-unanimously-reject-data-center-proposal/
grp_e123cb95,Prevent North Coventry Data Center,Prevent North Coventry Data Center,1,PA,2026-02-23,2026-02-23,https://www.readingeagle.com/2026/03/03/north-coventry-rejects-boutique-data-center-idea/; https://www.inquirer.com/news/pennsylvania/north-coventry-data-center-20260224.html; https://vista.today/2026/02/north-coventry-data-center-scrap/; https://www.pottsmerc.com/2026/03/03/north-coventry-rejects-boutique-data-center-idea/; https://insideclimatenews.org/news/03032026/pennsylvania-data-center-resistance/
grp_91d28116,Project Baccara Opposition,Project Baccara Opposition,1,AZ,2026-05-06,2026-05-06,https://ktar.com/arizona-business/valley-data-center-scrutiny/5812647/; https://www.abc15.com/news/region-west-valley/community-concerned-over-major-new-data-center-project; https://arizonadailyindependent.com/2026/02/06/arizona-corporation-commission-approves-controversial-surprise-data-center/; https://www.azcentral.com/story/news/local/arizona/2026/04/09/maricopa-county-planning-zoning-approves-project-baccara-data-center/
grp_4e72f09d,Project Sand Springs Alliance,Project Sand Springs Alliance,1,OK,2026-01-15,2026-01-15,https://krmg.com/2025/11/26/sand-springs-could-be-home-to-new-800-acre-data-center-called-project-spring/; https://www.okenergytoday.com/2026/04/data-center-project-leads-to-recall-effort-in-sand-springs/; https://www.nbcnews.com/news/us-news/oklahoma-city-council-members-welcomed-google-data-center-now-face-rec-rcna264726; https://krmg.com/2026/03/31/sand-springs-data-center-project-spring-could-generate-100-million-over-25-years/; https://www.datacenterdynamics.com/en/news/sand-springs-oklahoma-to-consider-project-spring-data-center-proposal/; https://www.projectspringok.com; https://tulsaflyer.org/2026/03/24/government/post/lawsuit-challenges-sand-springs-data-center-land-deal/; https://krmg.com/2026/03/26/lawsuit-filed-over-proposed-google-data-center-site-near-sand-springs/
grp_463fcbc8,Protect Augusta Charter Township (PACT),Protect Augusta Charter Township (PACT),3,MI,2025-08-01,2026-02-17,https://planetdetroit.org/2025/08/augusta-data-center-opposition/; https://michiganadvance.com/2025/10/09/a-michigan-town-hopes-to-stop-a-data-center-with-a-2026-ballot-initiative/; https://bridgemi.com/michigan-environment-watch/tiny-michigan-town-hopes-to-stop-data-center-with-ballot-initiative/; https://insideclimatenews.org/news/09102025/michigan-town-effots-to-stop-data-center/; https://www.datacenterdynamics.com/en/news/local-officials-recommend-denial-of-thor-equities-data-center-in-michigan/; https://www.clickondetroit.com/news/local/2025/06/03/farming-community-resists-1b-data-center-project-in-washtenaw-county/; https://www.change.org/p/stop-the-data-center; https://signalohio.org/ohio-data-center-boom-faces-political-resistence/; https://thesuntimesnews.com/1b-data-center-plan-near-milan-sparks-debate-over-jobs-taxes-and-local-impact/; https://baxtel.com/data-center/thor-equities-milan-michigan; https://planetdetroit.org/2025/08/augusta-data-center-petition/; https://grist.org/elections/a-michigan-town-hopes-to-stop-a-data-center-with-a-2026-ballot-initiative/; https://www.wemu.org/wemu-news/2026-02-17/ann-arbor-township-passes-12-month-moratorium-on-data-centers; https://www.michigandaily.com/news/ann-arbor/stop-the-data-center-organizes-assembly-to-discuss-winter-action-plan/; https://edraofmi.org/; https://concentratemedia.com/data-centers-in-washtenaw-county-economic-boon-or-environmental-liability/; https://edraofmi.org/ai-data-centers
grp_8e440c13,Protect Catlett,Protect Catlett,1,VA,2024-07-15,2024-07-15,https://www.fauquiernow.com/news/developer-withdraws-plans-for-catlett-station-data-center-project/article_29d5165e-4385-11ef-ad9e-db32dab80435.html; https://www.fauquier.com/news/developer-withdraws-application-to-rezone-for-catlett-data-centers/article_d0b1a26e-436f-11ef-a9b2-d71f39f9e76e.html
grp_930dd1b6,Protect Cumberland County PA,Protect Cumberland County PA,1,PA,2026-03-01,2026-03-01,https://cumberlink.com/news/local/government-politics/article_c4d8622b-0190-426c-aa95-6ee480ae7f86.html; https://www.govtech.com/artificial-intelligence/cumberland-county-pa-data-centers-take-new-step-forward; https://www.fox43.com/article/news/local/cumberland-county/cumberland-county-residents-voice-environmental-concerns-over-proposed-middlesex-township-data-center/521-5707ba74-b55b-4ec3-ad41-168db5aa9834
grp_ac0ddf61,Protect Decatur Township,Protect Decatur Township,1,IN,2026-04-20,2026-04-20,https://www.wfyi.org/news/articles/decatur-township-data-center-mdc-vote; https://www.datacenterdynamics.com/en/news/4bn-data-center-in-indianapolis-indiana-gets-go-ahead/; https://mirrorindy.org/decatur-township-data-center-ai-technology-metropolitan-development-commission/; https://www.indystar.com/story/news/local/2026/04/17/decatur-township-residents-file-judicial-review-sabey-data-center/; https://www.wfyi.org/wfyi-news/2026-04-20/decatur-township-residents-sue-to-block-sabey-data-center; https://www.ipm.org/news/2026-04-22/decatur-township-residents-sue-to-block-4b-data-center; https://fox59.com/indiana-news/decatur-township-data-center-fight-continues-as-residents-file-for-judicial-review/; https://www.ibj.com/articles/decatur-township-residents-sue-to-overturn-data-center-approval
grp_c866e7d2,Protect Fauquier,Protect Fauquier,5,VA,2024-07-15,2026-07-16,https://www.fauquiernow.com/news/developer-withdraws-plans-for-catlett-station-data-center-project/article_29d5165e-4385-11ef-ad9e-db32dab80435.html; https://www.fauquier.com/news/developer-withdraws-application-to-rezone-for-catlett-data-centers/article_d0b1a26e-436f-11ef-a9b2-d71f39f9e76e.html; https://www.fauquier.com/news/town-council-votes-to-ban-data-centers-from-warrenton/article_0f58d64e-f89e-4dbd-8825-c06e65f1a4b7.html; https://www.datacenterwatch.org/report; https://www.citizensforfauquier.org/data-centers-overview; https://www.citizensforfauquier.org/; https://www.pecva.org/region/fauquier/gigaland/; https://protectfauquier.com/; https://virginiamercury.com/2025/05/21/report-highlights-community-pushback-stalling-64-billion-in-data-center-development-nationwide/; https://www.fauquiernow.com/news/warrenton-town-council-pushes-back-against-data-centers-amends-zoning-ordinance/article_67ce814a-e880-4c95-8099-bac067988a25.html; https://www.datacenterdynamics.com/en/news/plans-for-800mw-gigaland-data-center-campus-withdrawn-in-fauquier-county-virginia/; https://www.fauquier.com/localnews/gigaland-resubmits-scaled-down-data-center-project/article_86348ee7-cefa-4d0f-b28c-33ced39ae9ff.html; https://www.fauquiernow.com/news/business/fauquier-supervisors-request-dominion-bury-transmission-lines-provide-more-information-on-high-load-clients/article_2f6014f2-27e9-4e17-8343-d5abbfb8da0f.html; https://www.fauquiernow.com/news/fauquier-planning-commission-rejects-dominion-energy-substation-expansion-in-sumerduck/article_001c92e4-5fea-41a5-b85a-cdbbac97e3b1.html; https://www.fauquiernow.com/news/gigaland-developers-withdraw-remington-data-center-application-new-filing-anticipated/article_ea7c2fd1-97a0-416f-9a1b-4e68e72cc496.html; https://www.pecva.org/region/fauquier/gigaland-application-withdrawn-our-communitys-voice-was-heard/; https://www.fauquiernow.com/news/fauquier-planning-commission-recommends-denial-of-gigaland-data-center-project-in-remington/article_0aa8068e-1c6e-437e-917b-6f32d2a6f836.html; https://www.thecooldown.com/green-business/virginia-planning-commission-denies-gigaland-data-center/
grp_6273fb31,Protect Franklin Township,Protect Franklin Township,2,IN,2025-09-22,2026-02-24,https://www.eaglecountryonline.com/news/local-news/franklin-co-commissioners-place-year-long-moratorium-on-data-centers/; https://wrbiradio.com/fc-commissioners-ok-data-center-moratorium-extension/; https://www.ibj.com/articles/3-counties-put-moratoriums-on-data-center-projects; https://www.brookvilleindiana.com/story/2026/01/07/news/data-center-introduced/1057.html; https://wrbiradio.com/crowd-packs-meeting-on-data-center/; https://mirrorindy.org/google-behind-proposed-indianapolis-data-center-franklin-township/; https://mirrorindy.org/google-withdraws-southside-data-center-proposal-franklin-township/; https://www.axios.com/local/indianapolis/2025/09/23/google-data-center-project-opposition-withdrawal; https://www.change.org/p/halt-the-proposed-data-center-land-development-in-franklin-township; https://www.wfyi.org/news/articles/indianapolis-council-google-data-center-vote-withdrawl; https://www.wthr.com/article/news/local/indianapolis-franklin-township-google-data-center-plan-pulled-after-city-county-council-discussion/531-b8223650-5721-4108-a927-9ac38d894b3e; https://www.datacenterdynamics.com/en/news/sabey-targets-indianapolis-for-250mw-data-center-campus/; https://www.inkfreenews.com/2025/11/21/4b-data-center-planned-for-indianapolis/; https://www.ibj.com/articles/seattle-firm-plans-4b-data-center-project-in-indianapolis; https://fox59.com/news/washington-based-sabey-aims-to-build-900000-square-foot-data-center-campus-in-decatur-township/; https://www.datacenterdynamics.com/en/news/google-withdraws-rezoning-proposal-for-468-acre-data-center-project-in-franklin-township-indianapolis/
grp_680e83a9,Protect Fredonia Coalition,Protect Fredonia Coalition,4,WI,2025-08-01,2025-11-19,https://www.tmj4.com/news/ozaukee-county/port-washington-neighbors-host-town-hall-rally-against-15-billion-data-center-project; https://www.gmtoday.com/news_graphic/news/glnu-challenges-port-washington-data-center/article_f0120984-fde9-40f7-99f4-da5c0d009ec9.html; https://www.wpr.org/news/port-washington-council-approves-tid; https://www.gmtoday.com/news_graphic/news/great-lakes-neighbors-data-center/article_8dbeec3c-067d-53e0-ae25-5ebb2700a6dc.html; https://www.wpr.org/news/community-challenges-port-washingtons-data-center-tid-court; https://spectrumnews1.com/wi/milwaukee/in-focus/2026/01/30/port-washington--data-center--great-lakes-neighbors-united; https://www.datacenterdynamics.com/en/news/three-arrested-at-data-center-hearing-in-port-washington-wisconsin/; https://www.protectfredonia.com/why-1; https://www.change.org/p/stop-the-port-washington-wi-data-center; https://www.datacenterdynamics.com/en/news/openai-oracle-and-vantage-plan-stargate-wisconsin-data-center-expected-to-be-close-to-a-gigawatt/; https://www.constructiondive.com/news/openai-oracle-stargate-data-center-site-wisconsin/804031/; https://www.wpr.org/news/port-washington-data-center-campus-openai-oracle-stargate-chatgpt; https://wtmj.com/news/2026/02/17/attempt-to-recall-port-washington-mayor-by-anti-data-center-group-fails-according-to-city/; https://urbanmilwaukee.com/2026/02/14/community-group-files-suit-against-port-washingtons-data-center/; https://www.wpr.org/news/data-center-opponents-launch-recall-of-port-washington-mayor; https://www.gmtoday.com/news_graphic/news/port-washington-tid-lawsuit/article_4642152b-7077-44cc-99ff-7a79d1f83c53.html; https://www.ozaukeepress.com/content/data-center-tif-challenge-paused-rewrite; https://biztimes.com/mmac-sues-city-of-port-washington-over-referendum-related-to-tid-financing/; https://www.mmac.org/news/mmac-regional-stakeholders-file-suit-against-port-washington/; https://www.gmtoday.com/daily_news/news/court-denies-business-groups-request-to-block-tid-ordinance/article_a4e62231-1cbc-543f-84fa-b347c6ec4fb0.html; https://spectrumnews1.com/wi/milwaukee/news/2025/10/10/ozaukee-county-port-washington-data-center-fredonia; https://www.fox6now.com/news/port-washington-data-center-residents-unite-against-proposed-powerline-routes; https://www.tmj4.com/news/ozaukee-county/fredonia-neighbors-pleased-that-push-for-alternate-data-center-power-line-route-is-gaining-traction; https://spectrumnews1.com/wi/milwaukee/news/2025/11/21/ai-artificial-intelligence-port-washington-data-center-american-transmission-company-public-service-commission-of-wisconsin; https://vantage-dc.com/news/openai-oracle-and-vantage-data-centers-announce-stargate-data-center-site-in-wisconsin/; https://www.ozaukeepress.com/content/vantage-marks-start-15b-data-center-project; https://shepherdexpress.com/news/features/the-struggle-against-hyperscale-data-centers-across-wisconsin/; https://www.wpr.org/news/1-4b-transmission-line-project-proposed-port-washington-data-center; https://urbanmilwaukee.com/2025/10/18/port-washington-data-center-requires-1-4-billion-transmission-line-project/; https://www.gmtoday.com/news_graphic/business/atc-transmission-line-proposal/article_a082f14b-f0d2-5f2b-a596-e64b2fb3e1fd.html; https://www.eenews.net/articles/data-center-extension-cord-draws-landowners-ire/; https://www.gmtoday.com/news_graphic/business/port-washington-power-routes/article_13c93a82-e614-5ea5-8dd8-fdc8cbc1c561.html; https://www.gmtoday.com/the_freeman/news/washington-county-board-use-existing-infrastructure-for-port-washington-data-center/article_d5bc4922-6c3b-534c-8895-c35cf4f2d7d3.html; https://biztimes.com/vantage-joins-local-officials-in-supporting-alternate-transmission-route/; https://www.gmtoday.com/daily_news/news/county-board-use-existing-infrastructure-for-port-data-center/article_05e39135-bba3-512b-807e-b8f5ef38aa89.html
grp_ae8fafca,Protect Frenchtown,Protect Frenchtown,1,MI,2025-11-17,2025-11-17,https://www.datacenterdynamics.com/en/news/cloverleaf-targets-200-acre-data-center-development-in-michigan/; https://www.fox2detroit.com/news/frenchtown-township-community-voices-concerns-over-proposed-ai-data-center
grp_f55c8e08,Protect Frenchtown MI,Protect Frenchtown MI,1,MI,2025-11-17,2025-11-17,https://www.datacenterdynamics.com/en/news/cloverleaf-targets-200-acre-data-center-development-in-michigan/; https://www.fox2detroit.com/news/frenchtown-township-community-voices-concerns-over-proposed-ai-data-center
grp_b5102bf2,Protect Hilliard,Protect Hilliard,1,OH,2026-02-24,2026-02-24,https://www.axios.com/local/columbus/2026/03/04/amazon-hilliard-data-center-fuel-cell-debate; https://signalohio.org/columbus-suburb-sues-to-block-amazon-data-centers-six-acre-array-of-228-fuel-cells-ohio/; https://hilliardohio.gov/fuel-cells/; https://www.datacenterdynamics.com/en/news/city-of-hilliard-challenges-amazon-fuel-cell-project-at-ohio-data-center-report/; https://sciotovalleyguardian.com/2026/03/11/amazon-data-center-wants-to-run-158-generators-in-a-columbus-suburb-ohio-epa-is-taking-public-comments/; https://www.10tv.com/article/news/local/boomtown-ohio/hilliard-residents-voice-concerns-amazon-fuel-cells-project-aep-open-house/530-15e5c601-f8cc-4f05-944a-558e18f4841c
grp_6524d50a,Protect Martindale-Brightwood,Protect Martindale-Brightwood,1,IN,2026-02-12,2026-02-12,https://www.wfyi.org/wfyi-news/2026-04-01/controversial-data-center-is-approved-for-martindale-brightwood; https://www.nbcnews.com/news/us-news/indianapolis-data-center-city-councilor-home-shot-rcna267156; https://fortune.com/2026/04/07/indianapolis-councilmember-ai-data-center-backlash/; https://www.wfyi.org/2026-04-06/indy-city-county-councilor-ron-gibson--home-targeted-in-shooting; https://mirrorindy.org/martindale-brightwood-data-center-ron-gibson-east-indianapolis-metrobloks/; https://www.ibj.com/articles/indy-council-asks-for-data-center-approval-pause-denies-martindale-brightwood-appeal; https://www.insideindianabusiness.com/articles/indy-council-asks-for-pause-in-data-center-approvals-denies-martindale-brightwood-appeal
grp_5e4018d4,Protect Morgan County,Protect Morgan County,1,IN,2025-07-01,2025-07-01,https://www.change.org/p/oppose-rezoning-for-data-center-expansion-in-monrovia; https://protectmorgancounty.org/; https://www.wboi.org/government/2025-09-30/despite-resident-protests-morgan-county-plan-commission-gives-favorable-recommendation-for-data-center-re-zone; https://www.wthr.com/article/news/local/google-announces-new-550-acre-data-center-campus-in-morgan-county-mooresville-indiana/531-0157e288-481d-41b1-8ead-36202861a993; https://www.wrtv.com/news/local-news/morgan-county/construction-intensifies-on-googles-morgan-county-data-center-site; https://dailyjournal.net/2025/10/22/google-reveals-itself-as-developer-behind-500-acre-morgan-county-data-center-campus/; https://dailyjournal.net/2025/10/17/aes-indiana-plans-1200-megawatt-substation-for-morgan-county-data-center/; https://www.wfyi.org/news/articles/indiana-data-centers-google-communities-fight-back-winning; https://mirrorindy.org/aes-data-center-southside-monrovia-citizens-action-coalition/; https://www.change.org/p/stop-the-data-center-monrovia; https://www.datacenterdynamics.com/en/news/google-behind-390-acre-data-center-development-in-morgan-county-indiana/
grp_97dc4f86,Protect Morgan County IN,Protect Morgan County IN,1,IN,2025-07-01,2025-07-01,https://www.change.org/p/oppose-rezoning-for-data-center-expansion-in-monrovia; https://protectmorgancounty.org/; https://www.wboi.org/government/2025-09-30/despite-resident-protests-morgan-county-plan-commission-gives-favorable-recommendation-for-data-center-re-zone; https://www.wthr.com/article/news/local/google-announces-new-550-acre-data-center-campus-in-morgan-county-mooresville-indiana/531-0157e288-481d-41b1-8ead-36202861a993; https://www.wrtv.com/news/local-news/morgan-county/construction-intensifies-on-googles-morgan-county-data-center-site; https://dailyjournal.net/2025/10/22/google-reveals-itself-as-developer-behind-500-acre-morgan-county-data-center-campus/; https://dailyjournal.net/2025/10/17/aes-indiana-plans-1200-megawatt-substation-for-morgan-county-data-center/; https://www.wfyi.org/news/articles/indiana-data-centers-google-communities-fight-back-winning; https://mirrorindy.org/aes-data-center-southside-monrovia-citizens-action-coalition/; https://www.change.org/p/stop-the-data-center-monrovia; https://www.datacenterdynamics.com/en/news/google-behind-390-acre-data-center-development-in-morgan-county-indiana/
grp_ed8dd0bc,Protect Naperville Community,Protect Naperville Community,1,IL,2026-01-21,2026-01-21,https://www.change.org/p/deny-the-proposed-data-centers; https://wgntv.com/news/naperville/naperville-city-council-rejects-plans-for-data-center-after-months-of-debate/; https://abc7chicago.com/post/naperville-illinois-city-council-denies-plan-karis-critical-data-center-vacant-lucent-campus-off-warrenville-road/18442413/; https://www.datacenterdynamics.com/en/news/karis-critical-plans-36mw-data-center-in-naperville-illinois/; https://therealdeal.com/chicago/2026/01/22/naperville-kills-karis-data-center-after-resident-revolt/
grp_322604b2,Protect Our Aquifer,Protect Our Aquifer,3,TN,2025-08-01,2026-04-09,https://www.ehn.org/community-pushback-grows-over-musk-backed-supercomputer-in-southwest-memphis; https://tennesseelookout.com/2025/07/07/a-billionaire-an-ai-supercomputer-toxic-emissions-and-a-memphis-community-that-did-nothing-wrong/; https://time.com/7308925/elon-musk-memphis-ai-data-center/; https://www.selc.org/news/resistance-against-elon-musks-xai-facility-in-south-memphis-gets-stronger/; https://insideclimatenews.org/news/17072025/elon-musk-xai-data-center-gas-turbines-memphis/; https://www.actionnews5.com/2026/02/13/selc-plans-sue-xai-over-gas-turbines-mississippi/; https://www.cnbc.com/2026/01/16/musks-xai-faces-tougher-road-expanding-memphis-area-after-epa-update.html; https://www.datacenterdynamics.com/en/news/elon-musks-xai-to-spend-659m-on-new-building-for-memphis-data-center-cluster/; https://naacp.org/articles/naacp-and-advocacy-groups-appeal-permit-xais-south-memphis-data-center-decisions-around; https://www.selc.org/news/xai-built-an-illegal-power-plant-to-power-its-data-center/; https://www.selc.org/press-release/new-images-reveal-elon-musks-xai-datacenter-has-nearly-doubled-its-number-of-polluting-unpermitted-gas-turbines/; https://prismreports.org/2025/06/18/xai-memphis-data-center-pollution/; https://www.memphisflyer.com/state-issues-operating-permit-for-colossus-water-plant/; https://www.protectouraquifer.org/issues/xai-supercomputer; https://www.actionnews5.com/2026/04/09/xai-pauses-plans-build-water-recycling-plant-memphis/; https://wreg.com/news/local/xai-memphis/xai-puts-water-recycling-project-on-hold-drawing-concerns/; https://wreg.com/news/local/xai-memphis/mayor-mlgw-push-xai-to-complete-water-recycling-facility/
grp_092c5694,Protect Pickaway Alliance,Protect Pickaway Alliance,4,OH,2025-12-19,2026-03-06,https://www.sciotopost.com/south-bloomfield-ashville-move-to-block-data-centers-as-pickaway-county-opposition-grows/; https://www.statenews.org/section/the-ohio-newsroom/2026-02-26/ohio-towns-are-pushing-back-against-data-centers-to-varying-degrees-of-success; https://www.nbc4i.com/news/local-news/pickaway-county/after-public-pushback-pickaway-county-village-enacts-data-center-pause/; https://www.circlevilleherald.com/news/ashville-village-council-votes-to-impose-180-day-moratorium-on-data-center-zoning/article_dd0358a7-dc90-4d1f-8641-ad0e3b6e3901.html; https://www.datacenterdynamics.com/en/news/local-authorities-in-ashville-ohio-deny-annexation-request-for-data-center-project/; https://614now.com/2026/hot-topics/proposed-680-acre-data-center-in-central-ohio-denied-by-local-authorities-after-concerned-residents-push-back; https://www.datacenterdynamics.com/en/news/proposed-edgeconnex-data-center-in-pickaway-county-ohio-facing-criticism/; https://www.10tv.com/article/news/local/boomtown-ohio/ashville-residents-push-back-proposed-data-center-plans/530-485aa583-7c22-4665-88e4-4e902f093c65; https://www.nbc4i.com/news/local-news/pickaway-county/amid-a-data-center-fight-pickaway-county-government-pushes-for-collaboration/; https://www.sciotopost.com/south-bloomfield-mayor-launches-protect-pickaway-alliance-to-safeguard-rural-communities-and-local-control/; https://www.circlevilleherald.com/comment/protect-pickaway-alliance-calls-meeting-for-sunday/article_978ce97d-f7d1-4119-80ad-2befa2b5a22b.html; https://www.sciotopost.com/scioto-township-enacts-12-month-data-center-moratorium-amid-statewide-tech-surge/; https://www.thetelegramnews.com/articles/scioto-township-residents-concerned-about-potential-data-center/; https://www.axios.com/local/columbus/2026/03/04/ohio-data-center-boom-moratorium-laws
grp_5df89b62,Protect Round Rock,Protect Round Rock,1,TX,2026-02-12,2026-02-12,http://protectroundrock.org/; https://communityimpact.com/austin/round-rock/development/2026/02/09/round-rock-officials-weigh-neighborhood-compatibility-for-skybox-data-center/; https://communityimpact.com/austin/round-rock/government/2026/02/12/after-hours-of-public-debate-round-rock-council-approves-data-center-zoning/; https://deceleration.news/round-rock-texas-approves-ninth-data-center-over-strong-community-resistance/; https://protectroundrock.org; https://www.change.org/p/say-no-to-the-skybox-data-center-and-substation-in-round-rock-tx; https://www.citizen.org/news/community-ignored-as-another-data-center-is-approved-in-round-rock/; https://www.kvue.com/article/news/local/round-rock-texas-residents-concern-proposed-data-center/269-d3305d5b-e19c-410d-895b-a027086b3140
grp_69917102,Protect Sand Springs Alliance,Protect Sand Springs Alliance,2,OK,2026-01-15,2026-03-26,https://krmg.com/2025/11/26/sand-springs-could-be-home-to-new-800-acre-data-center-called-project-spring/; https://www.okenergytoday.com/2026/04/data-center-project-leads-to-recall-effort-in-sand-springs/; https://www.nbcnews.com/news/us-news/oklahoma-city-council-members-welcomed-google-data-center-now-face-rec-rcna264726; https://krmg.com/2026/03/31/sand-springs-data-center-project-spring-could-generate-100-million-over-25-years/; https://www.datacenterdynamics.com/en/news/sand-springs-oklahoma-to-consider-project-spring-data-center-proposal/; https://www.projectspringok.com; https://tulsaflyer.org/2026/03/24/government/post/lawsuit-challenges-sand-springs-data-center-land-deal/; https://krmg.com/2026/03/26/lawsuit-filed-over-proposed-google-data-center-site-near-sand-springs/; https://ktul.com/news/local/tulsa-city-council-considers-365-day-moratorium-on-new-data-centers-citywide; https://www.okenergytoday.com/2026/03/tulsa-city-council-asked-to-implement-data-center-moratorium/; https://www.kjrh.com/news/local-news/tulsa-city-council-to-consider-data-center-moratorium; https://www.fox23.com/news/in-depth-tulsa-leaders-consider-pause-on-new-data-centers-as-debate-grows-across-green/article_b2038fa2-74d4-4adc-9cfa-e8b5b0a041af.html; https://krmg.com/2026/03/26/tulsa-city-council-votes-to-approve-moratorium-on-data-center-construction-for-a-year/
grp_286e4a68,Protect Stafford,Protect Stafford,1,VA,2025-10-22,2025-10-22,https://www.fredericksburgfreepress.com/2025/10/22/a-home-run-for-data-center-critics-stafford-supervisors-adopt-750-foot-setback/; https://www.vedp.org/press-release/2025-11/vantage-stafford; https://virginiabusiness.com/stafford-data-center-growth-i95-2025/; https://www.potomaclocal.com/2025/05/21/stafford-residents-push-back-on-data-centers-county-promises-stricter-rules/
grp_52b4594a,"Protect The Paluxy Valley, Inc.","Protect The Paluxy Valley Inc; Protect The Paluxy Valley, Inc.; Protect the Paluxy Valley",2,TX,2026-01-13,2026-02-10,"https://www.keranews.org/energy-environment/2026-01-13/hood-county-data-centers-comanche-circle; https://www.texastribune.org/2026/02/10/texas-hood-county-rejects-data-center-development-pause-ai/; https://www.datacenterdynamics.com/en/news/sailfish-plans-multi-gigawatt-data-center-park-outside-dfw-texas/; https://www.keranews.org/energy-environment/2026-02-10/hood-county-data-center-moratorium-fails; https://www.cbsnews.com/texas/news/hood-county-residents-concerns-proposed-data-center/; https://www.hcnews.com/stories/sailfish-developer-addresses-concerns-over-proposed-hood-county-data-center-campus,118344; https://www.keranews.org/energy-environment/2026-02-25/data-center-moratorium-texas-hood-county-ken-paxton; https://www.citizen.org/news/hood-county-residents-left-vulnerable-as-commissioners-reject-data-center-moratorium/; https://www.cbsnews.com/texas/news/hood-county-commissioners-reject-data-center-moratorium-again-3-2-vote-residents-call-for-resignations/; https://www.change.org/p/pause-data-center-development-in-hood-county-to-protect-our-water-community; https://www.change.org/p/stop-the-intrusion-of-disruptive-data-centers-in-hood-county; https://www.protectpaluxy.com/about/; https://www.protectpaluxy.com/comanche-circle-data-center-opposition/"
grp_a56bdb17,Protect Twiggs County -- No Data Center,Protect Twiggs County -- No Data Center,1,GA,2025-10-01,2025-10-01,https://www.gpb.org/news/2025/09/19/rural-twiggs-county-approves-rezoning-for-data-center-city-sized-appetite-for-power; https://www.13wmaz.com/article/news/local/twiggs-county-approves-5-billion-data-center-despite-large-opposition-turnout/93-2e3d70a4-abb3-4fe3-8781-96b47c76d33b; https://www.govtech.com/products/residents-sue-georgia-county-over-data-center-plans; https://maconmelody.com/concerned-twiggs-residents-sue-to-stop-data-center/; https://www.13wmaz.com/article/news/local/twiggs/landowners-file-lawsuit-trying-stop-massive-twiggs-county-data-center/93-17c91f2c-8504-417a-a2d9-2be68d00d8ec; https://wgxa.tv/news/local/twiggs-county-residents-oppose-rezoning-for-data-center-without-impact-study; https://georgiarecorder.com/2026/01/06/data-center-gold-rush-pits-local-officials-hunt-for-new-revenue-against-residents-concerns/; https://twiggsdatacenterwatch.com/; https://twiggsdatacenterwatch.com/petition/
grp_b6bd3c7b,Protect Twiggs County GA,Protect Twiggs County GA,1,GA,2025-10-01,2025-10-01,https://www.gpb.org/news/2025/09/19/rural-twiggs-county-approves-rezoning-for-data-center-city-sized-appetite-for-power; https://www.13wmaz.com/article/news/local/twiggs-county-approves-5-billion-data-center-despite-large-opposition-turnout/93-2e3d70a4-abb3-4fe3-8781-96b47c76d33b; https://www.govtech.com/products/residents-sue-georgia-county-over-data-center-plans; https://maconmelody.com/concerned-twiggs-residents-sue-to-stop-data-center/; https://www.13wmaz.com/article/news/local/twiggs/landowners-file-lawsuit-trying-stop-massive-twiggs-county-data-center/93-17c91f2c-8504-417a-a2d9-2be68d00d8ec; https://wgxa.tv/news/local/twiggs-county-residents-oppose-rezoning-for-data-center-without-impact-study; https://georgiarecorder.com/2026/01/06/data-center-gold-rush-pits-local-officials-hunt-for-new-revenue-against-residents-concerns/; https://twiggsdatacenterwatch.com/; https://twiggsdatacenterwatch.com/petition/
grp_2fa0d241,Protect Wake County Coalition,Protect Wake County Coalition,3,NC,2025-08-01,2026-03-10,https://indyweek.com/news/as-chatham-considers-moratorium-wake-county-residents-continue-opposition-to-proposed-apex-data-center/; https://ncejn.org/; https://ncejn.org/event/chatham-county-fight-for-a-temporary-moratorium-on-data-centers/; https://www.axios.com/local/raleigh/2026/02/23/data-center-opposition-grows-across-north-carolina; https://www.govtech.com/products/north-carolina-county-pauses-data-center-crypto-mines; https://www.wral.com/news/local/chatham-county-approves-12-month-ban-data-centers-crypto-mining-february-2026/; https://www.wunc.org/environment/2026-03-05/proposed-data-center-new-hill-digital-campus-wake-county-apex; https://www.wral.com/news/local/natelli-withdraws-apex-data-center-project-shearon-harris-march-2026/; https://www.datacenterdynamics.com/en/news/developer-withdraws-proposal-for-250mw-data-center-in-apex-north-carolina/; https://www.wunc.org/environment/2026-03-11/apex-data-center-moratorium-wake-county; https://hoodline.com/2026/03/apex-neighbors-help-ax-mega-new-hill-data-center-plan/; https://indyweek.com/news/apex-data-center-application-withdrawn-by-developer/; https://www.datacenterdynamics.com/en/news/residents-rally-against-250mw-data-center-proposal-in-wake-county-north-carolina/; https://abc11.com/post/apex-residents-oppose-proposed-190-acre-data-center-old-us-1-sharon-harris-road/18399493/; https://www.change.org/p/stand-against-data-center-new-hill-nc; https://indyweek.com/news/apex-initiates-moratorium-on-data-centers/; https://ncnewsline.com/2026/03/16/apex-weighs-pause-on-data-centers-as-resistance-spreads-across-nc/; https://www.wral.com/news/local/apex-data-center-moratorium-public-hearing-march-2026/; https://indyweek.com/news/apex-town-council-to-hold-public-hearing-on-proposed-data-center-moratorium/; https://www.wral.com/news/local/apex-passes-data-center-moratorium-april-2026/; https://abc11.com/post/apex-nc-leaders-hold-public-hearing-proposed-data-center-moratorium/18885810/; https://www.govtech.com/artificial-intelligence/apex-n-c-puts-yearlong-halt-on-data-centers-cryptomining; https://indyweek.com/news/apex-approves-one-year-moratorium-on-data-centers/; https://www.wral.com/news/local/apex-public-hearing-data-center-april-2026/
grp_9cc364d4,Protect Wilson County Water,Protect Wilson County Water,1,TX,2025-11-01,2025-11-01,https://news4sanantonio.com/news/local/wilson-county-residents-fight-proposed-ai-data-center; https://spectrumlocalnews.com/tx/austin/news/2025/11/24/rural-residents-water-concerns-as-data-center-quietly-moves-in; https://www.wilsoncountynews.com/articles/misae-founder-aims-to-alleviate-data-center-project-concerns/; https://foxsanantonio.com/newsletter-daily/wilson-county-residents-fight-proposed-ai-data-center; https://www.wilsoncountynews.com/articles/wilson-county-residents-protect-our-water/; https://www.wilsoncountynews.com/articles/resident-rural-life-threatened-by-data-center/
grp_c641a1aa,Protect Wiscasset,Protect Wiscasset,1,ME,2025-11-04,2025-11-04,https://mainemorningstar.com/2026/02/23/as-data-centers-look-to-rural-new-england-maine-considers-a-moratorium/; https://www.bangordailynews.com/2025/09/23/midcoast/midcoast-business/wiscasset-maine-data-center-proposal/; https://www.pressherald.com/2025/09/23/large-data-center-could-come-to-wiscasset/; https://www.datacenterdynamics.com/en/news/vampire-data-center-scheme-irks-residents-in-wiscasset-maine/; https://lcnme.com/currentnews/wiscasset-in-early-talks-for-data-center/
grp_3fc3a8f8,Provo East District residents (ad hoc),Provo East District residents (ad hoc),1,UT,2026-03-11,2026-03-11,https://www.ksl.com/article/51461110/provo-city-council-denies-zoning-change-for-proposed-data-center; https://www.abc4.com/news/wasatch-front/provo-ai-data-center-not-approved-zoning-city-council/; https://www.heraldextra.com/news/2026/mar/11/provo-city-council-denies-rezoning-request-for-data-center-at-east-bay/; https://www.datacenterdynamics.com/en/news/city-council-of-provo-utah-votes-against-data-center-rezoning-proposal/; https://www.abc4.com/news/wasatch-front/ai-data-center-coming-provo-east-bay/; https://www.heraldextra.com/news/2026/feb/18/provo-planning-commission-recommends-to-city-council-rezoning-approval-for-data-center/; https://kutv.com/news/local/proposed-provo-data-center-raises-questions-about-power-use
grp_6fba4d3a,Public Citizen,Public Citizen,1,TX,2026-02-10,2026-02-10,https://www.texastribune.org/2026/02/10/texas-hood-county-rejects-data-center-development-pause-ai/; https://www.keranews.org/energy-environment/2026-02-25/data-center-moratorium-texas-hood-county-ken-paxton; https://www.keranews.org/energy-environment/2026-01-13/hood-county-data-centers-comanche-circle; https://www.citizen.org/news/hood-county-residents-left-vulnerable-as-commissioners-reject-data-center-moratorium/; https://www.cbsnews.com/texas/news/hood-county-commissioners-reject-data-center-moratorium-again-3-2-vote-residents-call-for-resignations/; https://www.cbsnews.com/texas/news/hood-county-residents-concerns-proposed-data-center/; https://www.keranews.org/energy-environment/2026-02-10/hood-county-data-center-moratorium-fails; https://www.datacenterdynamics.com/en/news/sailfish-plans-multi-gigawatt-data-center-park-outside-dfw-texas/; https://www.change.org/p/pause-data-center-development-in-hood-county-to-protect-our-water-community; https://www.change.org/p/stop-the-intrusion-of-disruptive-data-centers-in-hood-county; https://www.protectpaluxy.com/about/; https://www.protectpaluxy.com/comanche-circle-data-center-opposition/
grp_d3a0a305,Public Citizen Texas,Public Citizen (Texas); Public Citizen Texas,4,TX,2025-06-20,2026-03-06,https://www.datacenterfrontier.com/energy/article/55298872/texas-senate-bill-6-a-bellwether-on-how-states-may-approach-data-center-energy-use; https://www.mcguirewoods.com/client-resources/alerts/2025/7/texas-senate-bill-6-significantly-expands-regulatory-oversight-over-large-loads-in-ercot/; https://datacenterfrontier.com/energy/article/55298872/texas-senate-bill-6-a-bellwether-on-how-states-may-approach-data-center-energy-use; https://www.pillsburylaw.com/en/news-and-insights/texas-sb6-transmission-fees-interconnected-standards-large-load-customers-colocated-loads.html; https://www.houstonpublicmedia.org/articles/technology/2026/02/09/542911/texas-water-use-data-center-study-puct/; https://www.kxan.com/news/texas/texas-regulators-will-ask-data-centers-to-begin-reporting-their-water-usage/; https://www.eenews.net/articles/texas-floats-plan-to-ease-data-center-approvals/; https://www.latitudemedia.com/news/ercots-large-load-queue-has-nearly-quadrupled-in-a-single-year/; https://www.texastribune.org/2025/10/30/texas-ercot-power-grid-data-centers-puc/; https://www.cnbc.com/2025/12/12/ai-data-center-flood-texas-on-massive-scale.html; https://perkinscoie.com/insights/update/sb-6-implementation-shaping-data-center-future-texas; https://www.bwenergylaw.com/blog/2026/01/puct-signals-major-changes-ahead-for-large-load-interconnection-in-texas/; https://www.gtlaw.com/en/insights/2026/3/texas-senate-bill-6-update-what-data-centers-large-load-customers-should-know-about-proposed-interconnection-standards; https://www.ercot.com/news/release/06182026-puct-approves-ercots; http://protectroundrock.org/; https://communityimpact.com/austin/round-rock/development/2026/02/09/round-rock-officials-weigh-neighborhood-compatibility-for-skybox-data-center/; https://communityimpact.com/austin/round-rock/government/2026/02/12/after-hours-of-public-debate-round-rock-council-approves-data-center-zoning/; https://deceleration.news/round-rock-texas-approves-ninth-data-center-over-strong-community-resistance/; https://protectroundrock.org; https://www.change.org/p/say-no-to-the-skybox-data-center-and-substation-in-round-rock-tx; https://www.citizen.org/news/community-ignored-as-another-data-center-is-approved-in-round-rock/; https://www.kvue.com/article/news/local/round-rock-texas-residents-concern-proposed-data-center/269-d3305d5b-e19c-410d-895b-a027086b3140
grp_49b65b13,Rankin County Residents Against Data Center (ad hoc),Rankin County Residents Against Data Center (ad hoc),1,MS,2025-09-01,2025-09-01,https://mississippitoday.org/2025/09/03/data-center-petition-brandon-mississippi-environment-pollution-energy/; https://www.supertalk.fm/multi-billion-dollar-data-center-being-built-in-brandon-but-residents-still-want-answers/
grp_a3f2a0ee,Raton Data Center Hub MOU Discussion,Raton Data Center Hub MOU Discussion,1,NM,2026-06-09,2026-06-09,https://krtnradio.com/wp/2026/02/10/atterix-mou-causes-uproar-among-some-attendees/; https://worldjournalnewspaper.com/commissioners-talk-data-center-roads-events-and-more/; https://sourcenm.com/2026/06/10/small-northern-new-mexico-city-postpones-decision-on-data-center-moratorium/; https://www.santafenewmexican.com/news/business/ai-data-center-proposal-in-raton-draws-opposition/article_605c80c8-0a7f-4726-b790-3e2d96f882ed.html
grp_7a4383f9,RAZE (Rural Arizona Engagement),RAZE (Rural Arizona Engagement),1,AZ,2026-01-14,2026-01-14,https://www.datacenterdynamics.com/en/news/land-developer-vermaland-plans-33bn-data-center-in-arizona/; https://www.pinalcentral.com/maricopa_monitor/news/pinal-supervisors-approve-3-data-center-projects-with-some-concern/article_a6f448f1-f8b2-4eda-a1da-d70d9b921f8c.html; https://azbex.com/planning-development/pinal-pz-recommends-data-center-energy-master-plan-rezone/; https://pinalpost.com/commission-advances-la-osa-data-center-rezoning-and-development-plan/; https://ktar.com/arizona-business/data-center-hub-clears-hurdle/5848990/
grp_847ca8aa,Renew DeKalb Inc.,Renew DeKalb; Renew DeKalb Inc.,2,GA,2025-09-01,2026-06-09,https://www.claytoncountyga.gov/news/clayton-county-board-of-commissioners-approves-moratorium-on-new-data-centers-in-clayton-county/; https://www.wsbtv.com/news/local/clayton-county/clayton-county-commissioners-pass-data-center-moratorium-through-end-year/Z6267BV7TVAEPG7I35KHP2PFT4/; https://www.news-daily.com/news/clayton-boc-passes-data-center-moratorium/article_e3ebec5c-f6ce-432f-a584-8968556756ae.html; https://www.fox5atlanta.com/news/activists-warn-proposed-ellenwood-data-center-could-create-wasteland; https://www.datacenterdynamics.com/en/news/ta-realty-gets-green-light-for-data-center-outside-atlanta-georgia/; https://metroatlantaceo.com/news/2024/07/ta-realty-and-edgeconnex-develop-324-mw-hyperscale-campus-atlanta-ga/; https://www.ajc.com/news/2025/06/clayton-county-agency-approves-tax-break-for-1b-data-center/; https://www.cbsnews.com/atlanta/news/let-the-people-speak-tensions-boil-over-at-dekalb-meeting-on-data-center-regulations/; https://www.news-daily.com/news/clayton-county-boc-extending-data-center-moratorium/article_ac1dfa43-3798-4a15-a9c8-342177ae4091.html; https://www.cbsnews.com/atlanta/news/dekalb-leaders-extend-data-center-moratorium-to-june-as-residents-raise-health-cost-concerns/; https://roughdraftatlanta.com/2025/12/16/dekalb-county-data-center-pause/; https://www.decaturish.com/news/dekalb/dekalb-extends-data-center-moratorium-defers-regulations/article_1b2415a2-81c3-4c18-bd9b-ffa628e58635.html; https://roughdraftatlanta.com/2026/01/28/data-center-regulation-dekalb-county/; https://engagedekalb.dekalbcountyga.gov/data-center-text-amendment; https://www.wsbtv.com/news/local/dekalb-county/dekalb-county-extends-data-center-moratorium-another-100-days/6OA6XSBIBBEYRLBZC7WZLPWHLY/; https://www.fox5atlanta.com/news/data-center-moratorium-dekalb-county-blocks-new-tech-hubs-5-2-vote; https://www.atlantanewsfirst.com/2026/06/09/dekalb-county-extends-data-center-moratorium/
grp_014c57ca,Renwick Area Against Data Centers,Renwick Area Against Data Centers,1,KS,2026-01-13,2026-01-13,https://www.kwch.com/2026/01/13/harvey-county-commission-places-moratorium-data-center-construction/; https://hutchtribune.com/2026/01/16/sedgwick-harvey-county-put-moratorium-on-data-center-development/; https://www.okenergytoday.com/2026/01/data-center-debate-grows-in-kansas-where-a-county-adopted-a-moratorium/; https://www.kake.com/home/harvey-county-places-moratorium-on-data-center-development/article_efbcdf2e-22f6-4aef-889f-4e0000bb25cb.html; https://www.ksn.com/news/local/harvey-county-bans-data-centers-for-now/; https://www.derbyinformer.com/news/area_news/community-group-to-discuss-data-centers/article_7c28f839-185a-4aa8-b9e5-17d3196cd463.html
grp_dd714154,Renwick Area Against Data Centers in West Sedgwick County,Renwick Area Against Data Centers in West Sedgwick County,1,KS,2026-01-15,2026-01-15,https://www.kwch.com/2026/03/04/sedgwick-county-extends-pause-data-center-applications/; https://www.kcur.org/housing-development-section/2026-03-17/two-data-center-companies-are-trying-to-buy-more-than-1-000-acres-of-kansas-land; https://www.derbyinformer.com/news/area_news/community-group-to-discuss-data-centers/article_7c28f839-185a-4aa8-b9e5-17d3196cd463.html; https://www.ksn.com/news/local/sedgwick-county-may-extend-its-data-center-pause/; https://www.kwch.com/2026/01/15/sedgwick-county-suspends-data-center-permits-90-days/; https://www.tsnews.com/news/sen-blasi-calls-data-center-moratorium; https://www.sedgwickcounty.org/communications/news-releases/sedgwick-county-schedules-data-center-town-halls/; https://www.kwch.com/2026/02/25/sedgwick-county-schedules-public-sessions-data-centers/; https://www.kake.com/home/neighbors-raise-concerns-over-possible-data-center-near-andale-colwich/article_94e7fa1d-410c-41aa-9478-a7eb1367ac74.html; https://www.kmuw.org/local-news/2026-03-16/two-data-center-companies-are-trying-to-buy-more-than-1-000-acres-of-sedgwick-county-land; https://www.kwch.com/2026/03/31/sedgwick-county-hosting-public-forum-discuss-potential-data-centers-regulations/; https://www.kwch.com/2026/02/24/kansas-lawmakers-ask-three-year-pause-sedgwick-county-data-centers/; https://www.kake.com/news/sedgwick-county-approves-90-day-pause-on-data-center-applications/article_1a81d82e-63c6-4d00-9048-c378b3b20c8c.html
grp_be2b5f3f,Reserve Wythe,Reserve Wythe,1,VA,2026-04-22,2026-04-22,https://www.wdbj7.com/2026/04/22/earth-day-brings-focus-growing-data-center-debate-across-southwest-virginia/; https://www.wsls.com/news/local/2026/05/11/wythe-county-hears-community-input-on-zoning-laws-as-data-center-concerns-grow/; https://cardinalnews.org/2026/06/04/gigawatt-data-center-project-planned-for-wythe-county/
grp_0588b7c9,Residents Against the Etheridge Lakes Data Center,Residents Against the Etheridge Lakes Data Center,1,VA,2025-06-17,2025-06-17,https://virginiabusiness.com/chesapeake-city-council-rejects-massive-data-center/; https://www.whro.org/business-growth/2025-06-17/chesapeake-city-council-rejects-data-center-proposal
grp_e1258dd7,Residents for Responsible Growth,Residents for Responsible Growth,1,IL,2026-02-22,2026-02-22,https://www.stlpr.org/government-politics-issues/2026-02-22/edwardsville-data-center-city-emails-cloverleaf; https://illinoisanswers.org/2026/02/21/edwardsville-officials-assured-residents-on-facebook-the-city-had-no-formal-proposal-for-a-data-center-but-city-emails-tell-a-fuller-story/
grp_518b1343,Residents for Rural and Agricultural Land (RURAL),Residents for Rural and Agricultural Land (RURAL),1,SD,2026-01-06,2026-01-06,https://www.datacenterdynamics.com/en/news/applied-digital-says-data-center-near-toronto-south-dakota-unlikely-to-go-forward/; https://southdakotasearchlight.com/2026/04/02/one-data-center-project-unchanged-while-another-doesnt-make-sense-after-rejected-incentives/
grp_b98fa5b3,Residents United for a Healthy Lowell,Residents United for a Healthy Lowell,1,MI,2025-12-18,2025-12-18,https://www.datacenterdynamics.com/en/news/developer-in-lowell-township-michigan-withdraws-data-center-application-following-opposition/; https://www.change.org/p/big-tech-wants-our-community-lowell-mi-and-great-lakes-allies-say-no; https://www.cnbc.com/2026/01/07/microsoft-behind-controversial-data-center-in-michigan-township.html; https://www.datacenterdynamics.com/en/news/microsoft-plans-data-centers-in-dorr-and-lowell-townships-applies-for-property-rezoning-in-gaines-townships/; https://eu.detroitnews.com/story/business/2026/01/08/microsoft-eyeing-property-near-grand-rapids-future-data-center/88086211007/; https://eu.detroitnews.com/story/news/local/michigan/2026/02/08/data-center-details-shrouded-4-michigan-communities-sign-nondisclosure-pacts-agreements-ndas/88415227007/; https://www.woodtv.com/news/kent-county/lowell-residents-ask-about-proposed-data-center-ahead-of-rezoning-vote/
grp_8f7a9bb9,Responsible Energy Alliance,Responsible Energy Alliance,3,WI,2025-10-10,2025-11-19,https://spectrumnews1.com/wi/milwaukee/news/2025/10/10/ozaukee-county-port-washington-data-center-fredonia; https://www.fox6now.com/news/port-washington-data-center-residents-unite-against-proposed-powerline-routes; https://www.tmj4.com/news/ozaukee-county/fredonia-neighbors-pleased-that-push-for-alternate-data-center-power-line-route-is-gaining-traction; https://spectrumnews1.com/wi/milwaukee/news/2025/11/21/ai-artificial-intelligence-port-washington-data-center-american-transmission-company-public-service-commission-of-wisconsin; https://vantage-dc.com/news/openai-oracle-and-vantage-data-centers-announce-stargate-data-center-site-in-wisconsin/; https://www.ozaukeepress.com/content/vantage-marks-start-15b-data-center-project; https://shepherdexpress.com/news/features/the-struggle-against-hyperscale-data-centers-across-wisconsin/; https://www.wpr.org/news/1-4b-transmission-line-project-proposed-port-washington-data-center; https://urbanmilwaukee.com/2025/10/18/port-washington-data-center-requires-1-4-billion-transmission-line-project/; https://www.gmtoday.com/news_graphic/business/atc-transmission-line-proposal/article_a082f14b-f0d2-5f2b-a596-e64b2fb3e1fd.html; https://www.eenews.net/articles/data-center-extension-cord-draws-landowners-ire/; https://www.gmtoday.com/news_graphic/business/port-washington-power-routes/article_13c93a82-e614-5ea5-8dd8-fdc8cbc1c561.html; https://www.gmtoday.com/the_freeman/news/washington-county-board-use-existing-infrastructure-for-port-washington-data-center/article_d5bc4922-6c3b-534c-8895-c35cf4f2d7d3.html; https://biztimes.com/vantage-joins-local-officials-in-supporting-alternate-transmission-route/; https://www.gmtoday.com/daily_news/news/county-board-use-existing-infrastructure-for-port-data-center/article_05e39135-bba3-512b-807e-b8f5ef38aa89.html
grp_a4d505fe,River Alliance of Wisconsin,River Alliance of Wisconsin,3,WI,2026-02-11,2026-02-18,https://racinecountyeye.com/2026/02/11/psc-data-center-hearing-oppose/; https://wisconsinexaminer.com/2026/02/12/democratic-lawmakers-propose-data-center-moratorium/; https://spectrumnews1.com/wi/milwaukee/news/2026/02/26/new-poll-shows-partisan-divide--negative-opinion-of-data-centers; https://wisconsinexaminer.com/2026/02/10/wisconsin-public-service-commission-data-center-hearing-draws-public-outcry/; https://racinecountyeye.com/2026/02/10/psc-public-hearings-microsoft-rates/; https://urbanmilwaukee.com/2026/03/02/psc-requires-alliant-energy-to-disclose-data-center-rates/; https://naacp.org/articles/naacp-wisconsin-coalition-oppose-utility-bill-hikes-ai-data-center; https://www.sierraclub.org/press-releases/2026/03/sierra-club-wisconsin-and-partners-applaud-public-service-commission; https://wisconsinrivers.org/data-center-bills/; https://www.cleanwisconsin.org/data-center-secrets/; https://cubwi.org/data-center/; https://psc.wi.gov/Documents/PressReleases/04.24.2026PressRelease.PDF; https://www.renewwisconsin.org/pscs-preliminary-decision-data-centers-will-cover-their-costs/; https://spectrumnews1.com/wi/milwaukee/news/2026/02/12/data-center-a-i--technology; https://www.wpr.org/news/new-bill-ban-nondisclosure-agreements-wisconsin-data-centers-nda; https://docs.legis.wisconsin.gov/2025/proposals/sb1061; https://wisconsinwatch.org/2026/01/wisconsin-data-center-secrecy-deals-nda-nondisclosure-agreement/; https://www.wispolitics.com/2026/sen-jacque-data-center-nda-ban-clears-senate-committee-with-bipartisan-support/; https://wisconsinexaminer.com/2026/02/18/non-disclosure-agreements-energy-costs-focus-of-data-center-hearing/
grp_4bd0d662,Rockford residents (Change.org petition organizers),Rockford residents (Change.org petition organizers),1,IL,2025-11-01,2025-11-01,https://www.change.org/p/oppose-high-impact-data-center-development-and-demand-sustainable-growth-for-rockford-il; https://capitolnewsillinois.com/news/lawmakers-seek-ways-to-prevent-data-centers-from-straining-illinois-power-grids/; https://www.mystateline.com/news/monarch-energy-finalizing-12-billion-investment-into-rockford-data-center/; https://www.rockrivercurrent.com/2026/03/how-a-landfill-waste-to-energy-project-gave-way-to-a-rockford-data-center/; https://fidelisinfra.com/project/monarch-compute-campus/; https://www.mystateline.com/news/local-news/rockford-proposes-data-center-moratorium/
grp_4e41b9f0,Rose Hill Coalition,Rose Hill Coalition,1,VA,2024-09-10,2024-09-10,https://www.datacenterfrontier.com/site-selection/article/55139905/northern-virginias-fairfax-county-tightens-data-center-rules; https://www.hklaw.com/en/insights/publications/2024/09/fairfax-county-virginia-approves-updated-zoning-regulations; https://www.fairfaxcounty.gov/planning-development/data-centers; https://www.fairfaxcounty.gov/board-supervisors-approves-new-data-center-zoning-ordinance-amendment; https://sites.google.com/view/savebrenmar/home; https://www.fairfaxtimes.com/articles/fairfax_county/community-rallies-against-county-s-data-center-expansion/article_97db5e00-2419-11ef-b7b5-7b7a8975d46f.html; https://rosehillcoalition.org/rose-hill-planning-district/data-centers-in-fairfax-county/; https://annandaletoday.com/community-speaks-out-against-plaza-500-data-center/; https://www.datacenterknowledge.com/management/fairfax-county-residents-push-back-on-data-center-zoning; https://www.datacenterdynamics.com/en/news/starwood-looks-to-buy-county-owned-land-in-fairfax-virginia-for-data-center-development/; https://www.foxessellfaster.com/blog/1668-million-deal-developer-eyes-fairfax-county-police-training-campus-in-chantilly-for-massive-data-center-project/; https://www.alxnow.com/2026/07/27/alexandria-officials-and-residents-push-back-against-planned-fairfax-county-data-center/; https://www.nbcwashington.com/news/local/residents-grill-dominion-energy-over-fairfax-county-data-center-proposal/4135715/
grp_ff115188,Rowan County Residents Against Data Centers,Rowan County Residents Against Data Centers,1,NC,2026-03-17,2026-03-17,https://www.salisburypost.com/2026/03/17/online-petition-draws-ire-over-long-ferry-road-industrial-site/; https://www.wfae.org/energy-environment/2026-03-25/nobody-wants-it-here-rowan-county-residents-rail-against-data-centers-at-duke-energy-hearing; https://www.wcnc.com/article/news/local/rowan-county-residents-demand-transparency-from-officials-regarding-potential-data-center/275-d2d17d17-dd74-4737-b08b-1c9104561624
grp_2335175f,Rubbertown Emergency Action (REACT),Rubbertown Emergency Action (REACT),1,KY,2025-09-11,2025-09-11,https://www.lpm.org/news/2025-10-31/louisville-officials-grapple-with-how-to-regulate-large-data-centers; https://www.lpm.org/news/2026-02-09/survey-vast-majority-of-louisville-residents-oppose-building-new-data-centers; https://www.wave3.com/2025/09/16/louisville-metro-council-considers-moratorium-data-centers/; https://www.whas11.com/article/news/local/louisville-data-center-opposition-oldham-county/417-ea453d81-9b43-400b-908f-6de40793098f
grp_2ef67ef8,Rural Michigan Defense Fund,Rural Michigan Defense Fund,9,MI,2025-08-12,2026-04-22,https://www.wkar.org/michigans-data-center-divide/2026-04-23/public-speaks-out-against-data-centers-at-house-subcommittee-hearing; https://bridgemi.com/business-watch/overflow-crowd-tells-lansing-lawmakers-stop-secrecy-around-data-centers/; https://wwmt.com/news/state/dozens-speak-out-against-data-centers-michigan-house-committee-hearing-legislation-law-bills-politics-artificial-intelligence; https://www.cbsnews.com/detroit/news/michigan-house-subcommittee-hears-testimony-data-centers/; https://planetdetroit.org/2025/09/saline-denies-data-center/; https://salinetownship.org/uploads/minutes/1761140618_August%205.pdf; https://salinetownship.org/uploads/notices/QA%20Data%20Center%20Proposal.pdf; https://www.wemu.org/wemu-news/2025-09-11/saline-township-rejects-data-center-rezoning; https://thesuntimesnews.com/saline-township-board-denies-rezoning-request-for-data-center/; https://planetdetroit.org/2025/10/saline-data-center-settlement/; https://thesuntimesnews.com/saline-township-settles-lawsuit-as-data-center-project-moves-forward/; https://themanchestermirror.com/2025/10/27/what-does-the-saline-township-data-center-agreement-mean-for-the-manchester-area/; https://www.datacenterdynamics.com/en/news/township-in-michigan-settles-lawsuit-allows-data-center-project-to-proceed/; https://eu.detroitnews.com/story/news/local/michigan/2025/12/03/hundreds-log-in-to-public-hearing-about-saline-township-data-center/87565089007/; https://planetdetroit.org/2025/12/dte-data-center-hearing/; https://www.wxyz.com/news/mpsc-holds-public-hearing-on-saline-township-data-center-protesters-march-outside-dte; https://www.wemu.org/wemu-news/2025-12-05/mpsc-holds-off-on-saline-township-data-center-vote; https://www.clickondetroit.com/news/local/2025/12/14/saline-township-resident-files-lawsuit-to-stop-massive-data-center-project/; https://www.stopsalinedatacenter.org/legal/Blog%20Post%20Title%20One-3zaa9-zlxng-67tfc-8aja7; https://www.michigandaily.com/news/news-briefs/saline-township-resident-takes-legal-action-to-stop-data-center/; https://planetdetroit.org/2025/12/saline-data-center-settlement-challenge/; https://planetdetroit.org/2025/12/salin-township-data-center-wetlands/; https://www.wemu.org/wemu-news/2025-12-19/egle-gets-earful-during-public-hearing-on-saline-township-data-center-wetlands; https://wdet.org/2025/12/17/public-meeting-to-discuss-permits-for-saline-data-center-impact-on-wetlands/; https://planetdetroit.org/2026/02/saline-data-center-air-wetlands-permits/; https://thesuntimesnews.com/saline-twp-rescinds-industrial-zoning-ends-data-center-referendum-path/; https://www.clickondetroit.com/news/local/2026/01/29/saline-township-residents-frustrated-after-zoning-vote-blocks-referendum-on-ai-data-center/; https://thesalinepost.com/g/saline-mi/n/362588/saline-township-reverses-decision-rezone-land-data-center-project-goes-forward; https://www.govtech.com/products/michigan-township-defends-decision-on-openai-data-center; https://planetdetroit.org/2026/02/judge-denies-data-center-intervention/; https://www.wemu.org/wemu-news/2026-02-20/lawsuit-aimed-at-stopping-saline-township-data-center-rejected-by-washtenaw-county-judge; https://www.detroitnews.com/story/news/local/michigan/2026/02/20/judge-denies-request-to-slow-construction-of-oracle-openai-chatgpt-data-center-saline-michigan/88759349007/; https://www.wxyz.com/news/data-centers/judge-rules-against-saline-township-residents-motion-to-intervene-in-data-center-agreement; https://thesuntimesnews.com/saline-twp-resident-appeals-denial-of-her-suit-to-intervene/
grp_23f4a66c,Safe and Sound Coalition,Safe and Sound Coalition,5,MS,2025-11-24,2026-06-15,https://www.mississippifreepress.org/as-musks-xai-data-centers-encroach-on-southaven-north-mississippi-residents-push-back/; https://mississippitoday.org/2025/11/24/southaven-residents-fear-pollution-complain-of-noise-from-elon-musks-xai-data-center-turbines/; https://www.nbcnews.com/news/us-news/musks-ai-power-plant-generates-sound-fury-mississippi-rcna258594; https://safeandsound.info; https://governorreeves.ms.gov/tech-leader-xai-investing-more-than-20-billion-in-southaven/; https://magnoliatribune.com/2026/01/08/xai-investing-more-than-20-billion-in-southaven-data-center/; https://mississippitoday.org/2026/01/08/mississippi-marketplace-xai-elon-musk-legislative-session-data-center/; https://mississippi.org/news/tech-leader-xai-investing-more-than-20-billion-in-southaven/; https://mississippitoday.org/2026/02/18/xai-southaven-permit-public-resounding-no/; https://www.cnbc.com/2026/02/13/musks-xai-faces-threat-of-naacp-lawsuit-over-pollution-in-mississippi.html; https://naacp.org/articles/naacp-selc-earthjustice-threaten-lawsuit-over-xais-unpermitted-gas-turbines-mississippi; https://earthjustice.org/press/2026/naacp-threatens-lawsuit-over-xais-unpermitted-gas-turbines-in-mississippi; https://www.actionnews5.com/2026/01/08/largest-economic-development-history-20-billion-dollar-data-center-coming-southaven/; https://www.datacenterdynamics.com/en/news/xai-confirms-new-data-center-in-mississippi-elon-musk-pledges-20bn-investment-in-state/; https://naacp.org/articles/elon-musks-xai-threatened-lawsuit-over-air-pollution-memphis-data-center-filed-behalf; https://www.actionnews5.com/2026/02/13/selc-plans-sue-xai-over-gas-turbines-mississippi/; https://www.usnews.com/news/top-news/articles/2026-07-14/pollution-from-musks-unpermitted-xai-power-project-hits-hardest-in-black-communities; https://www.cnbc.com/2026/03/10/elon-musk-xai-permit-for-mississippi-plant-despite-pollution-concerns.html; https://naacp.org/articles/naacp-demands-mississippi-regulators-reschedule-data-center-permit-hearing; https://mississippitoday.org/2026/03/10/xai-permit-approved-southaven/; https://naacp.org/articles/naacp-and-advocacy-groups-appeal-air-permit-xais-personal-power-plant-north-mississippi; https://mississippitoday.org/2026/04/10/xai-southaven-permit-appeal/; https://www.selc.org/press-release/mississippi-regulators-rubber-stamp-air-permit-for-xai-power-plant-ignoring-overwhelming-public-pushback/; https://www.mississippifreepress.org/xai-faces-fierce-opposition-over-southaven-mississippi-power-plant-permit/; https://www.wlbt.com/2026/03/11/mdeq-approves-air-permit-xai-data-center-southaven-amid-community-opposition/; https://www.usnews.com/news/top-news/articles/2026-02-17/mississippi-holds-hearing-on-xai-data-center-amid-environmental-lawsuit-threat; https://www.cnbc.com/2026/03/09/mississippi-regulators-to-hold-xai-permit-meeting-on-election-day.html; https://dailymemphian.com/article/60703; https://www.selc.org/press-release/groups-appeal-air-permit-for-xais-personal-power-plant-in-north-mississippi/; https://earthjustice.org/press/2026/xai-sued-for-illegal-power-plant; https://www.selc.org/press-release/civil-rights-group-sues-xai-for-illegal-pollution-from-data-center-power-plant/; https://www.wsmv.com/2026/04/14/naacp-sues-xai-alleging-unlawful-operation-gas-turbines-southaven/; https://www.cnbc.com/2026/04/14/elon-musk-xai-memphis-data-centers.html; https://mississippitoday.org/2026/04/15/data-center-turbines-southaven/; https://www.utilitydive.com/news/doj-may-intervene-in-naacp-lawsuit-over-xais-data-center-gas-turbines/820363/; https://earthjustice.org/press/2026/naacp-asks-court-for-emergency-action-to-stop-illegal-air-pollution-from-xais-data-center-power-plant; https://mississippitoday.org/2026/05/25/elon-musk-xai-dater-center-mississippi/; https://www.esgdive.com/news/doj-may-intervene-in-naacp-lawsuit-over-xais-data-center-gas-turbines/820607/; https://www.cnbc.com/2026/06/16/usdepartment-of-justice-calls-for-dismissal-of-naacp-xai-lawsuit-.html; https://www.utilitydive.com/news/doj-intervenes-xai-data-center-gas-turbine-lawsuit/823267/; https://earth.org/trump-administration-seeks-dismissal-of-lawsuit-against-elon-musks-ai-data-center-near-memphis/; https://www.democracynow.org/2026/6/18/abre_conner_naacp; https://qz.com/trump-doj-naacp-xai-clean-air-act-lawsuit-memphis-061726
grp_c6436a32,San Antonio Residents Concerned About Data Centers,San Antonio Residents Concerned About Data Centers,1,TX,2026-03-05,2026-03-05,https://www.swunion.org/blog/data-center-rebellion-convening-2026; https://deceleration.news/critical-texas-data-center-fights-happening-right-now/; https://www.ksat.com/news/local/2026/03/07/san-antonio-city-council-looks-to-zoning-to-manage-data-center-growth/
grp_21361a6e,San Marcos River Foundation,San Marcos River Foundation,1,TX,2026-02-17,2026-02-17,https://www.kut.org/energy-environment/2026-02-18/san-marcos-city-council-blocks-proposed-data-center; https://www.kvue.com/article/news/local/hays-county/san-marcos-data-center-debate/269-26ebd1b0-1dfa-443b-b5ec-05016bcc0b7c; https://communityimpact.com/austin/san-marcos-buda-kyle/development/2025/05/21/new-data-center-planned-near-new-braunfels-and-san-marcos-sparks-debate/; https://communityimpact.com/austin/san-marcos-buda-kyle/government/2026/02/18/san-marcos-council-denies-map-change-stops-data-center-development/; https://deceleration.news/san-marcos-data-centers-drought-vote/; https://www.tpr.org/news/2026-02-27/with-5-data-centers-on-the-horizon-hays-county-water-advocates-see-the-fight-as-just-beginning; https://cbsaustin.com/news/local/san-marcos-city-council-votes-5-2-to-deny-ai-data-center-proposal
grp_22af45fa,Sanford Residents Concerned About Data Centers,Sanford Residents Concerned About Data Centers,1,ME,2026-02-13,2026-02-13,https://www.pressherald.com/2026/02/18/new-details-emerge-about-proposed-southern-maine-data-center/; https://sanfordspringvalenews.com/company-eyes-sanford-site-for-data-center/
grp_7d74cd16,Santaquin Community (ad hoc),Santaquin Community (ad hoc),1,UT,2025-12-01,2025-12-01,https://www.ksl.com/article/51442989/; https://www.fox13now.com/news/local-news/utah-county/summit-ridge-data-center-sparks-debate-in-santaquin-over-power-water-and-pollution
grp_31d365ad,Sarpy County Board of Commissioners,Sarpy County Board of Commissioners,1,NE,2026-02-01,2026-02-01,https://update.legislature.ne.gov/?p=33630; https://www.multistate.us/insider/2026/2/4/states-rethink-data-center-tax-incentives-as-costs-soar
grp_904204bc,Save Brandy Station,Save Brandy Station,1,VA,2025-10-28,2025-10-28,https://www.saveculpeper.com/; https://dgtlinfra.com/amazon-data-center-culpeper-virginia/; https://www.insidenova.com/culpeper/data-center-boom-transforms-culpeper/article_751ced36-5b17-11ef-a52c-cf43381926b5.html; https://starexponent.com/localbusinesses/amazon-data-center-materializes-in-stevensburg-now-hiring/article_7365c512-819b-11ef-a52e-3b0a2414e697.html; https://www.pecva.org/region/culpeper/update-on-data-centers-in-culpeper-and-invite-to-upcoming-rooftop-solar-lecture/; https://virginiaindependentnews.com/infrastructure/data-center-cancellations-pile-up-as-virginians-voice-opposition/
grp_02014053,Save Bren Mar Coalition,Save Bren Mar Coalition,2,VA,2024-09-10,2026-03-17,https://www.datacenterfrontier.com/site-selection/article/55139905/northern-virginias-fairfax-county-tightens-data-center-rules; https://www.hklaw.com/en/insights/publications/2024/09/fairfax-county-virginia-approves-updated-zoning-regulations; https://www.fairfaxcounty.gov/planning-development/data-centers; https://www.fairfaxcounty.gov/board-supervisors-approves-new-data-center-zoning-ordinance-amendment; https://sites.google.com/view/savebrenmar/home; https://www.fairfaxtimes.com/articles/fairfax_county/community-rallies-against-county-s-data-center-expansion/article_97db5e00-2419-11ef-b7b5-7b7a8975d46f.html; https://rosehillcoalition.org/rose-hill-planning-district/data-centers-in-fairfax-county/; https://annandaletoday.com/community-speaks-out-against-plaza-500-data-center/; https://www.datacenterknowledge.com/management/fairfax-county-residents-push-back-on-data-center-zoning; https://www.datacenterdynamics.com/en/news/starwood-looks-to-buy-county-owned-land-in-fairfax-virginia-for-data-center-development/; https://www.foxessellfaster.com/blog/1668-million-deal-developer-eyes-fairfax-county-police-training-campus-in-chantilly-for-massive-data-center-project/; https://www.alxnow.com/2026/07/27/alexandria-officials-and-residents-push-back-against-planned-fairfax-county-data-center/; https://www.nbcwashington.com/news/local/residents-grill-dominion-energy-over-fairfax-county-data-center-proposal/4135715/; https://www.ffxnow.com/2026/03/19/fairfax-county-oks-chantilly-land-sale-to-data-center-builder-as-some-cry-foul/; https://wtop.com/fairfax-county/2026/03/environmental-groups-raise-concerns-about-possible-fairfax-co-land-sale-to-data-center-developer/
grp_783fa676,Save Carbon County,Save Carbon County,3,PA,2025-09-01,2026-03-03,https://www.change.org/p/stop-the-data-center-in-packer-township-and-banks-township; https://www.datacenterdynamics.com/en/news/plans-for-a-data-center-at-former-pennsylvania-power-station-delayed-by-officials/; https://www.tnonline.com/20251014/save-carbon-warns-about-data-centers/; https://insideclimatenews.org/news/03032026/pennsylvania-data-center-resistance/; https://www.tnonline.com/20251001/data-center-developer-presents-plan-in-tresckow/; https://www.wnep.com/article/news/local/carbon-county/nesquehoning-residents-voice-concerns-over-proposed-data-center-carbon-county-bitfarms-ltd-bitcoin/523-571bdbff-9045-4abc-9eef-5299cbdfcfc4; https://www.wvia.org/news/local/2026-02-28/least-worst-option-carbon-county-community-faces-data-center-challenges; https://www.wvia.org/news/local/2026-03-03/penn-forest-twp-supervisors-approve-regulations-for-data-center-development; https://www.tnonline.com/20260304/penn-forest-oks-data-ordinance/
grp_c916d24f,Save Frackville,Save Frackville,1,PA,2025-09-10,2025-09-10,https://www.wnep.com/article/news/local/schuylkill-county/schuylkill-county-frackville-data-center-new-castle-krnl-zoning/523-1e14d019-77cd-4b00-ab8e-b4cbbbaeba93; https://www.republicanherald.com/2025/09/10/frackville-residents-ask-new-castle-twp-officials-to-block-data-center/; https://www.spotlightpa.org/news/2025/10/pennsylvania-data-centers-community-opposition-ai-development-environment/
grp_16f52ae0,Save Hancock County,Save Hancock County,2,IN,2025-06-01,2026-03-29,https://www.wthr.com/article/money/business/application-withdrawn-surge-development-hancock-county-greenfield-data-center-tuttle-orchards/531-48204cbc-eba5-4666-bd66-6e88cb6d2412; https://www.datacenterdynamics.com/en/news/775-acre-data-center-campus-proposed-outside-indianapolis-indiana/; https://www.greenfieldreporter.com/2025/07/07/weve-got-to-keep-watching-residents-reflect-on-data-center-opposition-and-withdrawal/; https://www.greenfieldreporter.com/2025/07/19/commissioners-public-commenters-share-thoughts-during-meeting-nixing-data-center/; https://www.greenfieldreporter.com/2025/04/26/residents-respond-to-proposed-data-center-project/; https://www.wishtv.com/news/politics/rezoning-proposal-withdrawn-for-data-center-in-hancock-county/; https://www.datacentermap.com/usa/indiana/indianapolis/hancock-county-megasite-building-1/; https://www.ibj.com/articles/hancock-county-officials-to-consider-proposal-for-776-acre-data-center-campus; https://www.greenfieldreporter.com/2026/03/29/county-seeks-residents-for-data-center-committee/; https://www.ibj.com/articles/3-counties-put-moratoriums-on-data-center-projects
grp_1e56cd97,Save High Falls Lake,Save High Falls Lake,2,GA,2025-12-01,2026-02-03,https://www.13wmaz.com/article/news/local/forsyth-monroe/monroe-county-passes-data-center-moratorium-will-review-potential-limitations/93-195cbb55-5a2a-4f29-879f-c0f3f859aef2; https://www.13wmaz.com/article/news/local/forsyth-monroe/monroe-residents-prepared-to-fight-58b-data-center-project-in-bolingbroke/93-03be2ea5-cad3-4a3b-acc5-6369a3c93c20; https://www.datacenterdynamics.com/en/news/900mw-data-center-campus-proposed-outside-macon-georgia/; https://www.gpb.org/news/2025/07/29/monroe-county-data-center-loses-zoning-vote-in-face-of-community-opposition; https://www.gpb.org/news/2025/08/06/despite-the-promise-of-millions-of-dollars-every-year-monroe-county-says-no-data; https://www.sierraclub.org/georgia/datacenters; https://www.gpb.org/news/2026/02/03/the-promise-of-quintupled-tax-revenue-the-city-of-forsyth-approves-data-center; https://www.ajc.com/politics/2026/01/how-data-centers-are-rattling-a-georgia-senate-special-election/; https://www.13wmaz.com/article/news/local/forsyth-monroe/forsyth-pz-tables-key-vote-on-1600-acre-data-center-proposed/93-d2adb2f1-5fbd-47ec-95af-d4b1f4c26044; https://georgiarecorder.com/2026/01/06/data-center-gold-rush-pits-local-officials-hunt-for-new-revenue-against-residents-concerns/
grp_9ff9b567,Save Mason County,Save Mason County,1,KY,2026-03-27,2026-03-27,https://www.lex18.com/news/covering-kentucky/mason-county-residents-weigh-billion-dollar-data-center-proposal-amid-growing-concerns; https://www.change.org/p/save-mason-county-no-data-center-please-do-not-donate; https://www.wcpo.com/news/northern-kentucky/im-feeling-more-disappointment-rules-governing-mason-county-data-centers-approved-in-packed-meeting; https://kentuckylantern.com/2025/08/21/kentucky-could-be-on-the-eve-of-a-data-center-boom-but-in-mason-county-details-are-sketchy/; https://www.weku.org/the-commonwealth/2025-08-21/mason-county-official-says-data-center-could-bring-400-jobs-averaging-80-000-would-require-massive-amounts-of-power-and-water; https://www.wcpo.com/news/northern-kentucky/rules-governing-large-scale-maysville-data-center-move-toward-final-vote; https://www.wcpo.com/news/state/state-kentucky/ruin-peace-and-quiet-potential-for-1-billion-data-center-sparks-debate-in-rural-mason-county; https://www.outdoorhub.com/news/2025/08/28/mystery-company-targets-5000-acres-kentucky-farmland-1-billion-data-center/; https://www.weku.org/the-commonwealth/2026-03-01/mason-county-officials-approve-ordinance-paving-the-way-for-potential-large-scale-data-center; https://www.datacenterdynamics.com/en/news/mason-county-kentucky-considering-data-center-project/; https://www.wcpo.com/news/northern-kentucky/maysville-citizens-group-promises-lawsuit-to-block-2-000-acre-data-center-construction-in-mason-county; https://www.weku.org/the-commonwealth/2026-03-27/grassroots-organization-announces-plans-to-file-suit-against-mason-county-data-center-proposal; https://local12.com/news/local/northern-kentucky-family-declines-26-million-bid-data-center-plans-advance-maysville-ai-tech-technology-construction-farm-farmland-property-deal-purchase-sell-google-meta-amazon-mason-county-market-value-cincinnati; https://local12.com/news/local/anti-data-center-group-nky-sues-over-zoning-proposed-hyperscale-complex-northern-kentucky-mason-county-maysville-fiscal-court-planning-commission-construction-building-acres-farmers-farm-land-market-value-pollution-noise-energy-cost-cincinnati
grp_35451e33,Save Matthews - NO AI Data Center,Save Matthews - NO AI Data Center,1,NC,2025-09-01,2025-09-01,https://www.datacenterdynamics.com/en/news/project-accelerate-data-center-could-come-to-matthews-north-carolina/; https://www.wbtv.com/2025/09/22/proposed-data-center-matthews-met-with-mixed-opinions-what-know/; https://www.qcnews.com/news/u-s/north-carolina/mecklenburg-county/matthews/developer-of-proposed-data-center-in-matthews-withdraws-application-mayor-says/; https://www.change.org/p/no-data-centers-in-matthews-nc
grp_909cbcde,Save Oklahoma Farms and Ranches,Save Oklahoma Farms and Ranches,1,OK,2026-06-17,2026-06-17,https://www.datacenterdynamics.com/en/news/data-center-proposal-in-luther-oklahoma-faces-opposition-prior-to-official-filing/; https://www.okenergytoday.com/2026/01/luther-residents-rally-against-a-proposed-data-center/; https://kfor.com/news/local/luther-community-hosts-meeting-on-power-line-project-and-proposed-data-center/; https://lutherregister.news/2026/03/31/luther-has-more-going-on-than-data-centers/; http://townoflutherok.com/data-center-status-update/; https://writing.strisker.com/data-centers-daily-notes-june-18-2026/
grp_96547bed,Save Our Community (Hollenback Township),Save Our Community (Hollenback Township),1,PA,2026-03-02,2026-03-02,https://www.citizensvoice.com/2026/03/02/hollenback-twp-data-center-rezoning-request-heads-to-court/; https://www.timesleader.com/news/1734179/rezoning-request-to-move-to-court-in-hollenback-township; https://fox56.com/news/local/hollenback-township-residents-pack-garage-demand-answers-on-data-center-rezoning-plan; https://www.standardspeaker.com/2026/02/04/claim-hollenback-twp-rural-landowners-offered-175k-per-acre-for-data-center-takeover/; https://insideclimatenews.org/news/03032026/pennsylvania-data-center-resistance/; https://www.datacenterdynamics.com/en/news/aws-acquires-talens-nuclear-data-center-campus-in-pennsylvania/; https://www.standardspeaker.com/2026/02/14/family-feud-data-center-proposal-divisive-in-hollenback-twp-pitting-preservation-vs-generational-wealth/; https://www.citizensvoice.com/2026/02/04/claim-hollenback-twp-rural-landowners-offered-175k-per-acre-for-data-center-takeover/; https://www.timesleader.com/news/1733163/hollenback-twp-residents-urge-supervisors-to-protect-resources-amid-data-center-boom; https://www.betterpathcoalition.org/; https://www.datacenterfrontier.com/hyperscale/article/33038288/aws-eyes-960-mw-for-newly-acquired-nuclear-power-data-center-in-pennsylvania; https://www.standardspeaker.com/2026/02/08/proposed-hollenback-twp-zoning-ordinance-allows-for-data-centers-with-conditions/
grp_b5ce1a72,"Save Our Farmlands, No Power Plant No Data Center","Save Our Farmlands, No Power Plant No Data Center",1,VA,2025-04-01,2025-04-01,https://vcnva.org/denying-balico-data-center-and-gas-plant/; https://www.datacenterdynamics.com/en/news/950-acre-data-center-campus-proposed-in-pittsylvania-county-virginia/; https://wset.com/news/local/pittsylvania-county-updates-plan-to-manage-data-center-growth-after-local-pushback-november-2025; https://cardinalnews.org/2025/04/10/data-centers-can-bring-high-paying-jobs-and-millions-in-tax-revenue-is-that-what-southside-will-get/
grp_d17c1972,Save Our Springs Alliance,Save Our Springs Alliance,1,TX,2026-02-17,2026-02-17,https://www.kut.org/energy-environment/2026-02-18/san-marcos-city-council-blocks-proposed-data-center; https://www.kvue.com/article/news/local/hays-county/san-marcos-data-center-debate/269-26ebd1b0-1dfa-443b-b5ec-05016bcc0b7c; https://communityimpact.com/austin/san-marcos-buda-kyle/development/2025/05/21/new-data-center-planned-near-new-braunfels-and-san-marcos-sparks-debate/; https://communityimpact.com/austin/san-marcos-buda-kyle/government/2026/02/18/san-marcos-council-denies-map-change-stops-data-center-development/; https://deceleration.news/san-marcos-data-centers-drought-vote/; https://www.tpr.org/news/2026-02-27/with-5-data-centers-on-the-horizon-hays-county-water-advocates-see-the-fight-as-just-beginning; https://cbsaustin.com/news/local/san-marcos-city-council-votes-5-2-to-deny-ai-data-center-proposal
grp_4a0e72a4,Save Pennsylvania (NCDC),Save Pennsylvania (NCDC),2,PA,2025-10-01,2026-02-03,https://nodatacenter.net/; https://www.savepennsylvania.com/petitions; https://www.wvia.org/news/local/2026-01-28/lackawanna-county-judge-holds-hearing-on-clifton-twp-data-center-settlement-challenges; https://www.wvia.org/news/local/2026-02-04/data-centers-residents-fear-negative-impacts-on-water-resources-as-data-centers-are-proposed-across-northeast-pa; https://insideclimatenews.org/news/03032026/pennsylvania-data-center-resistance/; https://www.thetimes-tribune.com/2026/02/03/judge-tosses-settlement-between-clifton-twp-data-center-developer/; https://montco.today/2025/11/fight-against-conshohocken-data-center/; https://www.change.org/p/no-conshy-or-plymouth-data-centers; https://patch.com/pennsylvania/plymouthwhitemarsh/residents-local-officials-intensely-oppose-conshohocken-data-center; https://morethanthecurve.com/developer-brian-oneill-behind-proposed-data-center-on-steel-plant-property-in-conshohocken/; https://www.timesherald.com/2025/11/19/proposed-plymouth-township-data-center-zoning-application-withdrawn/; https://morethanthecurve.com/oneill-withdraws-zoning-application-for-proposed-data-center-in-conshohocken-during-zoning-hearing-in-plymouth-township/; https://www.inquirer.com/news/pennsylvania/ai-data-center-construction-conshohocken-proposal-withdrawn-20251118.html; https://www.datacenterdynamics.com/en/news/legal-issues-force-developer-to-withdraw-data-center-proposal-in-plymouth-township-pennsylvania/; https://www.inquirer.com/consumer/technology/ai-center-plan-plymouth-conshohocken-20251003.html; https://whyy.org/articles/conshohocken-pennsylvania-residents-pushback-data-center-proposal/; https://www.change.org/p/stop-re-zoning-and-protect-plymouth-township-s-environment; https://www.datacenterdynamics.com/en/news/planning-agency-of-plymouth-township-pennsylvania-votes-not-to-recommend-data-center-proposal/
grp_0060dd6c,Save Pennsylvania: By NCDC,Save Pennsylvania: By NCDC,1,PA,2025-10-01,2025-10-01,https://montco.today/2025/11/fight-against-conshohocken-data-center/; https://www.change.org/p/no-conshy-or-plymouth-data-centers; https://patch.com/pennsylvania/plymouthwhitemarsh/residents-local-officials-intensely-oppose-conshohocken-data-center; https://morethanthecurve.com/developer-brian-oneill-behind-proposed-data-center-on-steel-plant-property-in-conshohocken/; https://www.timesherald.com/2025/11/19/proposed-plymouth-township-data-center-zoning-application-withdrawn/; https://morethanthecurve.com/oneill-withdraws-zoning-application-for-proposed-data-center-in-conshohocken-during-zoning-hearing-in-plymouth-township/; https://www.inquirer.com/news/pennsylvania/ai-data-center-construction-conshohocken-proposal-withdrawn-20251118.html; https://insideclimatenews.org/news/03032026/pennsylvania-data-center-resistance/; https://www.datacenterdynamics.com/en/news/legal-issues-force-developer-to-withdraw-data-center-proposal-in-plymouth-township-pennsylvania/; https://www.inquirer.com/consumer/technology/ai-center-plan-plymouth-conshohocken-20251003.html; https://www.savepennsylvania.com/petitions; https://whyy.org/articles/conshohocken-pennsylvania-residents-pushback-data-center-proposal/; https://www.change.org/p/stop-re-zoning-and-protect-plymouth-township-s-environment; https://www.datacenterdynamics.com/en/news/planning-agency-of-plymouth-township-pennsylvania-votes-not-to-recommend-data-center-proposal/
grp_c475af12,Save Port Washington,Save Port Washington,1,WI,2026-03-25,2026-03-25,https://www.wpr.org/news/port-washington-limits-construction-hours-data-center-project-after-complaints; https://urbanmilwaukee.com/2026/03/15/neighbors-push-back-on-24-hour-data-center-work-in-port-washington/; https://www.tmj4.com/news/ozaukee-county/24-hour-construction-at-the-port-washington-data-center-is-set-to-end-in-april-neighbors-say-the-new-city-rules-dont-go-far-enough; https://www.gmtoday.com/news_graphic/business/data-center-outdoor-work-restrictions/article_e58113ba-5e1c-4175-b947-39f33863cc35.html; https://www.ozaukeepress.com/content/residents-blast-data-center-work-compromise
grp_132c1b45,Save Rural Spalding,Save Rural Spalding,1,GA,2026-01-13,2026-01-13,https://www.griffindailynews.com/news/griffin-puts-180-day-moratorium-on-data-centers-and-other-technological-facilities/article_a57b3fe6-cedf-54ec-8a84-a66c93da27da.html; https://www.wsbtv.com/news/local/spalding-county/griffin-city-council-passes-data-center-moratorium-through-mid-july/FW2ZW2LYFZEGJJLRHZYLUD3VXA/; https://www.griffindailynews.com/news/city-of-griffin-working-on-zoning-amendments-to-initially-only-allow-smaller-data-centers/article_8932563b-39ad-5b85-bc41-591adf00e608.html
grp_e86d12d2,"Save the IX Center Campaign (Cassia Core, organizer)","Save the IX Center Campaign (Cassia Core, organizer)",1,OH,2025-10-01,2025-10-01,https://www.change.org/p/stop-ai-data-center-construction-at-cleveland-ix-center; https://www.cleveland13news.com/story/brook-park-residents-petition-to-block-ai-data-center-at-ix-center; https://signalohio.org/ohio-data-center-boom-faces-political-resistence/; https://clevelandmagazine.com/articles/the-i-x-center-is-being-repurposed-into-a-data-center-potentially-by-amazon/; https://neo-trans.blog/2025/06/03/i-x-centers-new-use-revealed/
grp_682ae49f,"Say NO to Coweta, Ok Data Center","Say NO to Coweta, Ok Data Center",1,OK,2026-01-15,2026-01-15,https://www.newson6.com/tulsa-oklahoma-news/arrest-made-during-heated-claremore-meeting-over-proposed-data-center; https://bealeinfra.com/claremore-oklahoma/; https://www.datacenterdynamics.com/en/news/beale-infrastructure-in-talks-to-build-data-center-campus-outside-tulsa-oklahoma/; https://claremore.com/project-mustang-faq/; https://tulsaworld.com/news/local/business/article_05f3d63d-3145-4161-8490-f94ca225b1f5.html; https://www.newson6.com/tulsa-oklahoma-news/claremore-residents-to-question-proposed-data-center-at-public-meeting; https://ktul.com/news/local/claremore-residents-speak-out-against-project-mustang-data-center; https://www.newson6.com/tulsa-oklahoma-news/claremore-project-mustang-data-center-approved
grp_54527874,"Say NO to Coweta, Ok Data Center (Atlas Project)","Say NO to Coweta, Ok Data Center (Atlas Project)",1,OK,2026-01-19,2026-01-19,https://www.datacenterdynamics.com/en/news/planned-project-atlas-data-center-campus-in-coweta-oklahoma-fails-to-secure-backing-from-planners/; https://tulsaflyer.org/2026/01/20/government/post/coweta-planning-commission-says-no-to-data-center-proposal/; https://www.okenergytoday.com/2026/02/data-center-project-to-be-subject-of-another-coweta-city-council-meeting/; https://www.newson6.com/tulsa-oklahoma-news/cowetas-planning-commission-votes-4-1-to-deny-rezoning-request-for-proposed-data-center; https://www.okenergytoday.com/2026/03/backer-of-oklahoma-data-centers-faces-financial-challenges/; https://tulsaflyer.org/2026/03/30/news/post/developer-pulls-out-of-project-atlas-data-center/; https://www.newson6.com/tulsa-oklahoma-news/coweta-data-center-project-atlas-proposal-canceled-by-beale-infrastructure; https://krmg.com/2026/03/31/beale-infrastructure-pulls-application-for-project-atlas-in-coweta/
grp_c5d866c1,Say No to Data Centers in LaPorte County,Say No to Data Centers in LaPorte County,1,IN,2026-04-13,2026-04-13,https://www.wndu.com/2025/12/15/laporte-county-commissioner-takes-stance-against-data-centers/; https://wsbt.com/news/local/laporte-county-dispels-data-center-rumors-as-microsoft-project-advances-community-local-indiana-legal-pushback-land; https://www.govtech.com/products/residents-push-indiana-community-toward-halt-on-data-centers; https://cityoflaporte.com/news/gov-holcomb-announces-plans-for-new-1b-microsoft-data-center-in-northwest-indiana; https://indianaeconomicdigest.net/MobileContent/Most-Recent/Health-Care/Article/LaPorte-County-backs-limits-on-data-centers-amid-farmland-concerns/31/91/120326; https://www.wndu.com/2026/03/03/laporte-microsoft-data-center-deal-direct-revenue-local-schools/; https://www.wndu.com/2026/04/14/city-laporte-votes-annex-roughly-1000-acres-farmland-near-microsoft-data-center-project/
grp_04e21dd7,Say NO to Data Centers in Troy IL,Say NO to Data Centers in Troy IL,1,IL,2026-03-12,2026-03-12,https://www.timestribunenews.com/2026/03/13/troy-planning-commission-approves-six-month-moratorium-on-data-processing-centers/; https://www.timestribunenews.com/2026/03/18/troy-city-council-approves-six-month-moratorium-on-data-processing-centers/; https://www.firstalert4.com/2026/02/11/hundreds-pack-troy-data-center-meeting-held-by-developer-residents-push-back-controversial-project/
grp_c55da7a0,Science for Georgia,Science for Georgia,5,GA,2024-09-01,2026-02-17,https://www.gpb.org/news/2024/09/04/atlanta-city-council-bans-data-centers-along-beltline; https://www.axios.com/local/atlanta/2024/09/05/atlanta-data-center-ban-beltline-central-business-district; https://www.datacenterdynamics.com/en/news/atlanta-city-council-passes-rules-limiting-data-center-locations/; https://atlanta.capitalbnews.org/atlanta-communities-fight-data-centers/; https://roughdraftatlanta.com/2024/12/03/atlanta-data-center-proposal/; https://citycouncil.atlantaga.gov/Home/Components/News/News/3928/; https://www.ajc.com/news/2025/06/atlanta-expands-restrictions-on-where-developers-can-build-data-centers/; https://www.bondbuyer.com/news/data-center-developments-in-atlanta-draw-questions-opposition; https://capitol-beat.org/2026/01/resistance-to-data-centers-fuels-flood-of-georgia-bills-targeting-the-industry/; https://cleanenergy.org/news/lame-duck-commission-sides-with-georgia-power-and-data-centers-over-families-and-small-businesses/; https://georgiarecorder.com/2026/01/20/outrage-over-surge-of-data-centers-in-georgia-inspires-wave-of-bipartisan-bills/; https://georgiarecorder.com/2026/02/26/data-center-bill-stalls-after-last-minute-change-opposed-by-industry-finds-support/; https://trackbill.com/bill/georgia-house-bill-1012-local-government-construction-or-development-of-new-data-centers-for-a-specified-time-prohibit/2778746/; https://www.selc.org/topic/data-centers-across-the-south/; https://www.sierraclub.org/press-releases/2026/01/environmental-groups-demand-psc-reconsider-data-center-energy-plan-overreach; https://www.wabe.org/georgia-lawmakers-debating-data-center-moratorium-and-regulation-bills-in-legislature/; https://www.legis.ga.gov/legislation/69736; https://senatepress.net/sen-jaha-howard-introduces-legislation-to-press-pause-on-data-centers.html; https://www.alston.com/en/insights/publications/2026/02/georgia-sales-tax-exemptions-data-centers; https://southernrenewable.org/news-updates/sine-do-or-die-the-final-stretch-of-the-2026-georgia-legislative-session; https://www.gpb.org/news/2026/04/03/2026-legislative-session-ends-concerns-of-possible-special-session; https://www.walb.com/2026/02/10/rural-communities-raise-concerns-data-centers-expand-across-georgia-beyond/; https://www.wtxl.com/news/local-news/in-your-neighborhood/lowndes-county/lowndes-county-citizens-push-back-on-potential-data-centers-during-town-hall; https://wwals.net/2026/02/23/datacenters-meeting-lowndes-county-ga-2026-02-17/; https://www.wsbtv.com/news/local/lagrange-city-council-passes-180-day-moratorium-data-centers/LFCNYS3HWRE3VJ3AJBBLRT3COA/; https://www.lagrangenews.com/2025/09/09/citizens-raise-concerns-over-data-centers-in-town-hall-meeting/; https://www.gpb.org/news/2025/10/22/wave-of-data-center-ordinances-sweep-through-ga-counties-how-strict-are-they; https://www.lagrangenews.com/2025/09/16/185894/; https://scienceforgeorgia.org/; https://www.gpb.org/news/2025/08/21/why-lagrange-residents-are-concerned-about-incoming-data-center-project-pegasus; https://www.datacenterdynamics.com/en/news/thor-equities-buys-270-acres-in-georgia-for-data-center/; https://baxtel.com/data-center/thor-equities-lagrange-ga; https://www.bisnow.com/atlanta/news/industrial/new-york-investor-buys-big-in-lagrange-for-future-data-center-campus-125401; https://www.lagrangenews.com/news/anti-data-center-coalition-says-proposed-ordinance-falls-short-adfe3cc6
grp_d69c33bb,Scioto Township residents (ad hoc),Scioto Township residents (ad hoc),1,OH,2026-03-06,2026-03-06,https://www.sciotopost.com/scioto-township-enacts-12-month-data-center-moratorium-amid-statewide-tech-surge/; https://www.thetelegramnews.com/articles/scioto-township-residents-concerned-about-potential-data-center/; https://www.axios.com/local/columbus/2026/03/04/ohio-data-center-boom-moratorium-laws; https://www.statenews.org/section/the-ohio-newsroom/2026-02-26/ohio-towns-are-pushing-back-against-data-centers-to-varying-degrees-of-success
grp_b068e5af,Secure Arkansas,Secure Arkansas,1,AR,2023-05-25,2023-05-25,"https://harrisondaily.com/stories/more-about-moratorium-on-crypto,204197; https://www.ky3.com/2023/11/29/harrison-ark-city-council-votes-remove-moratorium-crypto-mining-center-during-special-meeting/; https://katv.com/news/local/arkansas-towns-vs-chinese-supercomputers-how-recent-legislation-removes-local-governments-ability-to-regulate-cryptocurrency-mines-antbox-group-green-digital-llc-nancy-cartwright-harrison-vilonia-metahash-global-act-851-hb-1799-sarah-huckabee-sanders"
grp_3fe74cb6,Sedgwick County Farm Bureau,Sedgwick County Farm Bureau,1,KS,2026-01-15,2026-01-15,https://www.kwch.com/2026/03/04/sedgwick-county-extends-pause-data-center-applications/; https://www.kcur.org/housing-development-section/2026-03-17/two-data-center-companies-are-trying-to-buy-more-than-1-000-acres-of-kansas-land; https://www.derbyinformer.com/news/area_news/community-group-to-discuss-data-centers/article_7c28f839-185a-4aa8-b9e5-17d3196cd463.html; https://www.ksn.com/news/local/sedgwick-county-may-extend-its-data-center-pause/; https://www.kwch.com/2026/01/15/sedgwick-county-suspends-data-center-permits-90-days/; https://www.tsnews.com/news/sen-blasi-calls-data-center-moratorium; https://www.sedgwickcounty.org/communications/news-releases/sedgwick-county-schedules-data-center-town-halls/; https://www.kwch.com/2026/02/25/sedgwick-county-schedules-public-sessions-data-centers/; https://www.kake.com/home/neighbors-raise-concerns-over-possible-data-center-near-andale-colwich/article_94e7fa1d-410c-41aa-9478-a7eb1367ac74.html; https://www.kmuw.org/local-news/2026-03-16/two-data-center-companies-are-trying-to-buy-more-than-1-000-acres-of-sedgwick-county-land; https://www.kwch.com/2026/03/31/sedgwick-county-hosting-public-forum-discuss-potential-data-centers-regulations/; https://www.kwch.com/2026/02/24/kansas-lawmakers-ask-three-year-pause-sedgwick-county-data-centers/; https://www.kake.com/news/sedgwick-county-approves-90-day-pause-on-data-center-applications/article_1a81d82e-63c6-4d00-9048-c378b3b20c8c.html
grp_33cc0ac2,SELC,SELC,12,TN,2024-08-26,2026-02-11,https://wpln.org/post/elon-musks-xai-pollution-and-data-centers-what-you-need-to-know-about-a-tennessee-bill/; https://tennesseestar.com/news/memphis-republican-submits-bill-to-block-power-companies-from-raising-rates-due-to-ai-data-centers/tpappert/2026/01/26/; https://wapp.capitol.tn.gov/apps/BillInfo/Default?BillNumber=SB2128; https://tennesseelookout.com/2026/04/28/tennessee-bill-gives-data-centers-ability-to-self-power-with-limited-regulation/; https://interactive.localmemphis.com/pdfs/2024-08-26-Letter-to-SCHD-re-xAI-operating-without-permits.pdf; https://www.selc.org/news/elon-musks-xai-facility-is-polluting-south-memphis/; https://www.actionnews5.com/2024/11/07/tva-approves-providing-power-xai-facility/; https://hoodline.com/2024/11/tennessee-valley-authority-approves-150mw-power-supply-to-elon-musk-s-xai-gigafactory-of-compute-in-memphis-amid-environmental-concerns/; https://prismreports.org/2025/06/18/xai-memphis-data-center-pollution/; https://www.localmemphis.com/article/news/local/shelby-county-health-department-xai-turbines/522-fc5a1114-1023-43ec-a11f-e748447cba84; https://interactive.localmemphis.com/pdfs/2025-04-09_Letter_from_SELC_et_al._to_SCHD_re_xAI; https://www.selc.org/press-release/new-images-reveal-elon-musks-xai-datacenter-has-nearly-doubled-its-number-of-polluting-unpermitted-gas-turbines/; https://www.cnbc.com/2025/04/10/elon-musks-xai-accused-polluting-air-in-memphis-selc-says-in-letter.html; https://wreg.com/news/xai-hearing-draws-hundreds-becomes-heated-debate/; https://www.fox13memphis.com/news/rally-decrying-xai-permit-to-be-held-outside-health-department-wednesday/article_1a41789b-fa2a-42b2-93c3-82c071ef07f0.html; https://www.youtube.com/watch?v=3VJT2JeDCyw; https://tennesseelookout.com/2025/06/10/groups-petition-epa-to-act-as-ozone-levels-in-memphis-exceed-national-health-standards/; https://mlk50.com/2025/06/06/selc-petitions-epa-to-say-memphis-area-in-violation-of-ozone-standards/; https://512pixels.net/wp-content/uploads/2025/06/2025.06.17-SELC-Notice-of-Intent-to-Sue-for-Violations-of-the-Clean-Air-Act_with-Enclosures.pdf; https://www.selc.org/press-release/elon-musks-xai-threatened-with-lawsuit-over-air-pollution-from-memphis-data-center/; https://naacp.org/articles/elon-musks-xai-threatened-lawsuit-over-air-pollution-memphis-data-center-filed-behalf; https://www.selc.org/press-release/memphis-health-leaders-grant-air-permit-for-xai-data-center/; https://www.cnbc.com/2025/07/03/musks-xai-gets-permit-for-turbines-to-power-supercomputer-in-memphis.html; https://cdn.arstechnica.net/wp-content/uploads/2025/07/NAACP-and-YGGs-xAI-Air-Permit-Appeal-7-15-2025.pdf; https://www.selc.org/press-release/groups-appeal-permit-for-xais-south-memphis-data-center-decisions-around-unpermitted-methane-gas-turbines/; https://naacp.org/articles/naacp-and-advocacy-groups-appeal-permit-xais-south-memphis-data-center-decisions-around; https://www.actionnews5.com/2025/12/16/shelby-co-air-pollution-control-board-denies-appeal-over-xais-turbine-use-citing-mootness/; https://www.localmemphis.com/video/news/local/boxtown-residents-demand-answers-after-board-allows-xai-air-permit-to-stand/522-12677233-a83c-4f46-8dca-7da765ff39df; https://www.memphisflyer.com/xai-permit-appeal-dismissed; https://www.actionnews5.com/2026/02/12/tva-approves-power-increase-xai/; https://wreg.com/news/local/tva-oks-additional-150-mw-of-electricity-for-xai-memphis-data-center/; https://www.timesfreepress.com/news/2026/feb/11/tva-board-doubles-elon-musks-xai-power-allowance/; https://www.selc.org/press-release/tva-dismisses-community-concerns-approves-power-agreement-for-controversial-xai-facility/
grp_c4f90345,Sembrando Esperanza Coalition,Sembrando Esperanza Coalition,1,TX,2026-06-18,2026-06-18,https://elpasomatters.org/2026/03/29/meta-data-center-el-paso-10-billion-expansion-water-gas-electricity-usage/; https://www.cnbc.com/2026/03/26/meta-to-spend-10-billion-on-ai-data-center-in-el-paso-1gw-by-2028.html; https://www.texastribune.org/2026/01/26/texas-el-paso-meta-data-center-natural-gas-power-plant/; https://kvia.com/news/2026/04/14/city-of-el-paso-gives-update-on-meta-data-center-project-policy-framework/; https://www.elpasotexas.gov/assets/Press-Releases/2026.04.02-NEWS-RELEASE_City-of-El-Paso-Continues-Community-Engagement-on-Data-Center-Policy-Framework.pdf; https://elpasomatters.org/2026/06/03/el-paso-texas-meta-data-center-tax-breaks-cancel-contract-water-air-pollution/; https://elpasomatters.org/2026/06/18/meta-data-center-el-paso-texas-water-electricity-rates-community-benefit-agreement/; https://kvia.com/news/business-technology/2026/07/07/el-paso-water-reassures-public-on-meta-data-centers-water-usage/; https://kfoxtv.com/news/local/meta-data-center-water-cap-set-at-25m-gallons-a-day-average-pegged-at-480000; https://elpasomatters.org/2026/07/20/meta-data-center-el-paso-texas-policy-framework-rules-city-council/; https://kvia.com/news/business-technology/2026/07/20/el-paso-city-council-approves-data-center-policy-framework/
grp_137d934f,Seneca County Board of Supervisors,Seneca County Board of Supervisors,1,NY,2026-03-13,2026-03-13,https://www.fltimes.com/news/seneca-county-board-of-supervisors-to-dec-reject-terawulfs-modified-permit-request/article_cce901b6-e44d-41b6-ae0c-e0f9bf79e1d7.html; https://sustainablefingerlakes.org/2026/03/13/seneca-county-board-of-supervisors-to-dec-reject-terawulfs-modified-permit-request/; https://ithacavoice.org/2026/01/local-groups-file-suit-against-terawulf-lansing-zoning-board-over-data-center/
grp_766f0ad9,Seneca Lake Guardian,Seneca Lake Guardian,1,NY,2026-02-06,2026-02-06,https://www.commondreams.org/news/ny-data-center-moratorium; https://www.nysenate.gov/legislation/bills/2025/S9144; https://legiscan.com/NY/text/A10141/2025; https://www.nysenate.gov/legislation/bills/2025/S8540; https://www.nysenate.gov/legislation/bills/2025/S6394/amendment/A; https://techcrunch.com/2026/02/07/new-york-lawmakers-propose-a-three-year-pause-on-new-data-centers/; https://www.foodandwaterwatch.org/2026/02/06/ny-legislators-introduce-strongest-data-center-moratorium-bill-in-the-country/; https://www.foodandwaterwatch.org/2026/03/02/100-new-york-groups-call-for-passage-of-data-center-moratorium-bill/; https://www.nixonpeabody.com/insights/alerts/2026/02/11/new-york-state-proposes-sweeping-data-center-moratorium-and-regulatory-review-s9144
grp_dcea5399,Shaw Nature Reserve / Missouri Botanical Garden,Shaw Nature Reserve / Missouri Botanical Garden,1,MO,2026-01-15,2026-01-15,https://www.change.org/p/stop-the-data-center-on-robertsville-road-in-villa-ridge-missouri; https://www.stlmag.com/business/shaw-nature-reserve-data-center/; https://www.ksdk.com/article/news/local/data-center-proposal-sparks-intense-opposition-in-rural-franklin-county/63-1df17e92-1d31-4a96-a64f-b4a10bf99527; https://fox2now.com/news/missouri/franklin-county-residents-protest-possible-data-center-plans/; https://www.missourian.com/local_news/next-franklin-county-data-center-meeting-will-be-held-at-union-high-school/article_9f6016ad-b548-4014-a173-64c831798930.html; https://www.firstalert4.com/2026/04/21/franklin-county-meeting-could-be-turning-point-data-center-debate/; https://www.firstalert4.com/2026/04/19/franklin-county-data-center-projects-rezoning-faces-key-decision/; https://www.firstalert4.com/2026/03/14/franklin-county-data-center-projects-return-planning-commission-tuesday-with-frustration-about-process/
grp_45944c81,Shelby County citizens against data centers,Shelby County citizens against data centers,1,IN,2026-01-01,2026-01-01,https://www.wrtv.com/news/local-news/shelby-county/shelbyville/opposition-grows-against-proposed-data-center-in-shelby-county; https://www.wthr.com/article/news/local/shelbyville-plan-commission-says-no-429-acre-data-center-project-local-news-construction/531-17a451a1-64e7-4023-b5bf-fdeee3f26f4f; https://www.shelbynews.com/news/prologis-seeking-annexation-zoning-for-data-center/article_4210ebc8-ec49-5eb2-a7dc-821a4a3a811d.html; https://fox59.com/news/shelbyville-to-consider-annexation-and-rezoning-for-massive-data-center-complex/; https://www.ibj.com/articles/shelbyville-officials-advance-annexation-for-proposed-data-center
grp_0e9ec5d8,Shreveport-Bossier Anti-War Committee,Shreveport-Bossier Anti-War Committee,1,LA,2026-03-03,2026-03-03,https://www.ksla.com/video/2026/03/02/rural-community-hosting-boycott-data-center-meeting/; https://www.ksla.com/2026/02/23/community-meeting-north-caddo-data-center-project-scheduled-march-3/; https://www.shreveportbossieradvocate.com/business/staack-and-aws-to-host-first-data-center-meeting-for-caddo-parish/article_7824f681-e203-475e-ab4b-71ab2835a5ad.html; https://www.ktalnews.com/news/louisiana/mccormick-investigates-shreveport-blanchard-ndas/; https://lailluminator.com/2026/02/23/amazon-data-center/; https://www.ksla.com/2026/02/24/campuses-newly-announced-amazon-data-center-spanning-bossier-caddo-parishes-confirmed/; https://www.aboutamazon.com/news/company-news/amazon-data-center-louisiana-new-jobs; https://www.ktbs.com/community/blanchard-town-hall-meeting-draws-crowd-over-proposed-amazon-data-center/article_1d844d35-3491-4b12-9cb7-187ba7b8240c.html; https://www.opportunitylouisiana.gov/news/amazon-selects-louisiana-for-12-billion-data-center-campuses-in-major-u-s-expansion
grp_6946181e,Sierra Club,Sierra Club,18,CA;GA;IL;LA;NY;OR;TN;VA;WA;WV,2025-02-01,2026-07-13,https://www.kpbs.org/news/environment/2026/05/27/sierra-club-sues-imperial-county-over-approval-of-massive-data-center-complex; https://www.thedesertreview.com/news/local/sierra-club-seeks-to-join-lawsuit-challenging-imperial-county-data-center-approval/article_af478516-f23e-4fe9-945d-2374a79e9d72.html; https://coosavalleynews.com/2026/03/selc-sierra-club-sue-over-permit-for-new-fossil-fuel-units-at-plant-bowen-in-bartow-county/; https://insideclimatenews.org/news/02032026/georgia-regulators-sued-over-plant-bowen-gas-turbines/; https://www.eenews.net/articles/lawsuit-targets-air-permit-amid-georgia-data-center-build-out/; https://www.northwestgeorgianews.com/rome/news/local/new-data-center-proposal-in-bartow-would-require-as-much-power-as-324k-homes/article_05152f0c-ee11-11ef-9470-5b8da755f367.html; https://www.selc.org/press-release/groups-challenge-air-permit-for-massive-methane-gas-and-oil-expansion-at-plant-bowen/; https://www.sierraclub.org/georgia/datacenters; https://www.sierraclub.org/press-releases/2025/10/environmental-groups-urge-georgia-epd-deny-permit-new-methane-gas-units; https://capitol-beat.org/2026/01/resistance-to-data-centers-fuels-flood-of-georgia-bills-targeting-the-industry/; https://cleanenergy.org/news/lame-duck-commission-sides-with-georgia-power-and-data-centers-over-families-and-small-businesses/; https://georgiarecorder.com/2026/01/20/outrage-over-surge-of-data-centers-in-georgia-inspires-wave-of-bipartisan-bills/; https://georgiarecorder.com/2026/02/26/data-center-bill-stalls-after-last-minute-change-opposed-by-industry-finds-support/; https://trackbill.com/bill/georgia-house-bill-1012-local-government-construction-or-development-of-new-data-centers-for-a-specified-time-prohibit/2778746/; https://www.selc.org/topic/data-centers-across-the-south/; https://www.sierraclub.org/press-releases/2026/01/environmental-groups-demand-psc-reconsider-data-center-energy-plan-overreach; https://www.wabe.org/georgia-lawmakers-debating-data-center-moratorium-and-regulation-bills-in-legislature/; https://www.wcia.com/news/sangamon-county/sangamon-county-will-not-adopt-6-month-moratorium-on-data-centers/; https://www.illinoistimes.com/news/both-data-center-plans-move-forward/; https://www.illinoistimes.com/news/data-center-opposition/; https://www.nprillinois.org/economy-business/2025-11-04/plans-for-sangamon-county-data-center-raise-hopes-concerns; https://www.wcia.com/news/sangamon-county/hearing-on-proposed-sangamon-co-data-center-brings-hundreds-of-supporters-opposers/; https://www.sierraclub.org/illinois/sangamon-valley/about-us; https://www.illinoistimes.com/news/data-center-project-moves-forward/; https://www.sangamonreporter.com/post/zoning-board-advances-data-center-permit-to-county-board; https://www.foxillinois.com/news/local/county-board-members-to-issue-moratorium-on-data-center-vote/article_f260660f-772f-40d9-9edd-6a3046ae736e.html; https://www.nprillinois.org/sangamon-county/2026-03-23/the-sangamon-county-board-tables-a-vote-on-a-massive-data-center; https://www.nprillinois.org/sangamon-county/2026-04-07/sangamon-county-board-approves-a-controversial-data-center-project; https://broadbandbreakfast.com/sangamon-county-illinois-approves-500m-data-center-after-heated-debate/; https://www.govtech.com/artificial-intelligence/judge-dismisses-challenge-to-metas-louisiana-data-center; https://www.nola.com/news/environment/meta-data-center-ai-louisiana-entergy-facebook/article_3200c9e6-d23c-469a-84a9-c8256551b6af.html; https://www.thecentersquare.com/louisiana/article_8d1be11e-90bf-440b-af95-1f6395b75f27.html; https://fortune.com/2026/02/04/meta-hyperion-ai-data-center-louisiana-expansion/; https://fortune.com/2026/03/26/meta-ai-data-center-hyperion-louisiana/; https://fortune.com/2026/03/27/meta-hyperion-10-gas-power-plants-louisiana-entergy/; https://thelensnola.org/2026/03/30/meta-triples-order-of-gas-fired-power-plants-for-its-ai-campus-in-louisiana/; https://www.datacenterdynamics.com/en/news/meta-purchases-additional-1400-acres-for-hyperion-mega-data-center-expansion/; https://www.enr.com/articles/62766-27b-meta-data-center-pushes-louisiana-toward-massive-power-expansion; https://www.wwno.org/local-regional-news/2025-11-19/construction-on-metas-largest-data-center-brings-600-crash-spike-chaos-to-rural-louisiana; https://www.cbsnews.com/news/meta-ai-data-center-richland-parish-louisiana-energy-costs/; https://www.sierraclub.org/sierra/rural-louisiana-meta-s-new-data-center-promises-growth-what-cost; https://prospect.org/2025/12/22/demands-for-data-center-moratoriums-surge/; https://earthjustice.org/press/2026/consumer-groups-alarmed-as-louisiana-psc-declines-to-take-up-probe-into-meta-risky-financing-deal; https://www.entergy.com/news/entergy-louisiana-receives-lpsc-approval-for-major-infrastructure-investments-to-support-metas-data-center-and-improve-reliability; https://lailluminator.com/2025/08/20/entergy-meta/; https://southernrenewable.org/news-updates/srea-statement-on-settlement-in-louisiana-public-service-commission-docket-regarding-new-meta-data-center; https://lpscpubvalence.lpsc.louisiana.gov/portal/PSC/DocketDetails?docketId=32146; https://www.entergy.com/news/entergy-louisiana-announces-a-new-agreement-with-meta-that-will-deliver-an-additional-2b-in-customer-savings; https://lailluminator.com/2025/11/22/meta-data-center-crashes/; https://veritenews.org/2025/11/20/louisiana-meta-data-center-construction-vehicle-crashes/; https://capitalbnews.org/meta-richland-parish-ai-data-center/; https://thelensnola.org/2026/01/29/meta-datacenter-louisiana-corruption-water-power-utilities/; https://datacenters.atmeta.com/2026/07/deepening-our-investment-in-richland-parish-louisiana/; https://www.datacenterdynamics.com/en/news/meta-expands-data-center-campus-in-richland-parish-louisiana-to-5gw-will-invest-50bn/; https://thehayride.com/2026/07/current-data-center-projects-may-be-exempt-from-louisiana-rule/; https://www.ucs.org/about/news/judge-orders-meta-explain-new-gas-demand-hyperscale-louisiana-data-center; https://www.wrkf.org/2026-07-14/meta-is-investing-40b-more-to-expand-richland-parish-data-center-project; https://www.krvs.org/louisiana-news/2026-07-14/meta-is-investing-40b-more-to-expand-richland-parish-data-center-project; https://thelensnola.org/2026/07/17/meta-data-center-louisiana-churches-faith-racial-inequality/; https://www.baltimoresun.com/2026/07/14/meta-says-it-is-expanding-louisiana-data-center-investment-to-50-billion/; https://electrek.co/2026/07/27/meta-is-backing-10-gas-plants-and-just-quit-a-global-renewables-pledge/; https://therealdeal.com/national/2026/07/27/metas-50b-louisiana-data-center-enriches-landowners/; https://www.wxxinews.org/local-news/2025-02-06/big-data-centers-eying-genesee-county-tech-park-face-widespread-opposition; https://www.wkbw.com/genesee-county/genesee-county-residents-voice-concerns-over-planned-multi-billion-dollar-data-center; https://orleanshub.com/allies-of-tonawanda-seneca-nation-strongly-oppose-monstrous-data-center-proposed-for-stamp/; https://videonewsservice.net/index.php/2025/10/21/genesee-county-tonawanda-seneca-nation-and-sierra-club-declare-victory-in-litigation-against-massive-data-center-seek-dismissal-of-suit-following-rescission-of-approvals/; https://www.wxxinews.org/local-news/2025-09-18/genesee-county-stamp-site-data-center-on-hold-as-expansion-gets-pursued; https://videonewsservice.net/index.php/2025/11/06/genesee-county-residents-of-the-glow-region-plan-rally-and-press-conference-to-celebrate-recent-victory-against-the-stamp-data-center/; https://www.investigativepost.org/2026/02/04/data-center-subsidies-of-6-4-million-per-job/; https://www.investigativepost.org/2026/01/30/genesee-ida-has-conflict-of-interest-in-stamp-data-center/; https://www.thedailynewsonline.com/news/tonawanda-seneca-nation-sierra-club-sue-to-block-stamp-development/article_21afefcb-6318-4bf3-adf8-6f45dcdeabce.html; https://investigativepost.org/2026/07/15/future-of-stamp-data-center-now-uncertain/; https://www.columbiariverkeeper.org/2026/coalition-urges-senators-wyden-and-merkley-to-oppose-public-land-giveaway-for-data-center-water-use/; https://www.opb.org/article/2026/01/15/as-googles-water-demands-grow-the-dalles-aims-to-pull-more-from-mount-hood-forest/; https://fortune.com/longform/google-data-center-the-dalles-oregon-water-dispute/; https://www.opb.org/article/2026/01/23/the-dalles-mayor-data-center-google/; https://wreg.com/news/xai-hearing-draws-hundreds-becomes-heated-debate/; https://www.fox13memphis.com/news/rally-decrying-xai-permit-to-be-held-outside-health-department-wednesday/article_1a41789b-fa2a-42b2-93c3-82c071ef07f0.html; https://www.youtube.com/watch?v=3VJT2JeDCyw; https://www.selc.org/press-release/memphis-health-leaders-grant-air-permit-for-xai-data-center/; https://www.cnbc.com/2025/07/03/musks-xai-gets-permit-for-turbines-to-power-supercomputer-in-memphis.html; https://www.beankinney.com/data-center-infrastructure-under-siege-lessons-from-virginias-digital-gateway-decision/; https://virginiaindependentnews.com/infrastructure/data-center-cancellations-pile-up-as-virginians-voice-opposition/; https://www.insidenova.com/headlines/prince-william-s-digital-gateway-data-center-hearings-zero-in-on-public-notice/article_2dc98d69-5a46-4adf-90da-c5042b4a3833.html; https://www.princewilliamtimes.com/news/breaking-judge-overturns-prince-william-digital-gateway/article_951d6362-1bbd-416f-89c5-ff322bf49fa8.html; https://www.pwcva.gov/news/prince-william-county-launches-interactive-data-center-map-improve-public-access-development; https://www.princewilliamtimes.com/news/report-prince-william-county-has-44-data-centers-15-more-on-the-way/article_f0518174-bd23-49ee-ab92-3b04a0936f16.html; https://www.datacenterfrontier.com/site-selection/article/21437363/prince-william-digital-gateway; https://protectpwc.org/about-us/about-the-coalition-to-protect-pwc/; https://virginiamercury.com/2025/05/21/report-highlights-community-pushback-stalling-64-billion-in-data-center-development-nationwide/; https://wtop.com/prince-william-county/2025/11/digital-gateway-data-center-builders-barred-from-beginning-construction-until-legal-challenge-plays-out/; https://www.princewilliamtimes.com/localnews/supervisors-vote-to-spend-another-400k-to-defend-the-pw-digital-gateway/article_79abd8cb-bf32-5c46-8a7d-ba39bb676c57.html; https://virginiamercury.com/briefs/va-court-of-appeals-stops-major-data-center-development-in-prince-william-county/; https://www.bisnow.com/national/news/data-center-community-relations/digital-gateway-plans-may-close-for-good-134038; https://www.pecva.org/resources/press/pec-statement-on-prince-william-digital-gateway-latest-legal-win/; https://wtop.com/virginia/2026/04/prince-william-co-withdraws-from-digital-gateway-lawsuit-reversing-course-from-2023/; https://northernvirginiamag.com/news/2026/04/15/prince-william-county-withdraws-from-legal-battle-over-massive-data-center-project/; https://www.princewilliamtimes.com/localnews/breaking-prince-william-county-drops-legal-fight-for-pw-digital-gateway/article_e7152a10-cbf9-4a7a-80ef-55fa9e13770b.html; https://www.pecva.org/region/regional-state-national-region/prince-william/massive-digital-gateway-data-center-project-has-been-halted/; https://www.washingtonpost.com/dc-md-va/2026/07/09/developer-virginia-data-center-project-drops-legal-appeal/; https://www.fox5dc.com/news/qts-drops-appeal-ending-plans-massive-prince-william-county-data-center; https://wtop.com/prince-william-county/2026/07/digital-gateway-data-center-project-dies-after-final-developer-withdraws-appeal/; https://www.propublica.org/article/data-centers-clean-energy-washington-state; https://governor.wa.gov/news/2025/governor-bob-ferguson-signs-executive-order-establishing-data-center-workgroup; https://www.geekwire.com/2025/amid-ai-boom-gov-ferguson-creates-workgroup-to-study-impact-of-data-centers-in-washington-state/; https://www.dwt.com/blogs/energy--environmental-law-blog/2026/03/washington-legislature-delays-data-center-bill; https://washingtonstatestandard.com/2026/03/02/its-lights-out-for-wa-legislatures-effort-to-regulate-data-centers/; https://www.geekwire.com/2026/washington-state-has-embraced-data-centers-but-now-its-looking-to-set-terms-of-engagement/; https://www.wvgazettemail.com/news/legislative_session/wv-house-passes-data-center-enticement-bill-that-would-keep-project-details-hidden/article_d93196ac-1291-4a25-8f34-629ca46f2604.html; https://westvirginiawatch.com/2026/02/18/wv-house-passes-new-data-center-development-rules-without-local-control-water-protection-provisions/; https://westvirginiawatch.com/2026/03/11/wv-senate-passes-data-center-rules-with-new-language-urging-developers-to-study-potential-water-use/; https://wvrivers.org/2026/02/data-centers-hb4983/; https://lwvwv.org/2026/02/08/make-some-noise-demand-transparency-for-data-centers-in-hb-4983/; https://westvirginiawatch.com/2025/05/28/it-will-destroy-this-place-tucker-county-residents-fight-for-future-against-proposed-data-center/; https://www.wvhighlands.org/article/grassroots-opposition-builds-against-tucker-countys-proposed-fundamental-data-power-plant-project/; https://wvmetronews.com/2025/12/03/protesters-oppose-tucker-county-data-center-as-air-quality-board-considers-permit-appeal/; https://mountainstatespotlight.org/2025/08/03/lawmakers-strip-local-authority-data-centers/; https://www.100daysinappalachia.com/2025/07/we-know-what-its-like-to-be-exploited-tucker-county-w-va-grapples-with-future-defining-ai-infrastructure-proposal/; https://marcellusdrilling.com/2025/04/1656-mw-gas-fired-data-center-proposed-in-tucker-county-wv/; https://www.wvhighlands.org/tucker-county-data-center-ridgeline-facility/; https://www.tuckerunited.com; https://www.brookings.edu/articles/will-a-data-center-be-good-for-thomas-and-davis-in-tucker-county-west-virginia/; https://www.100daysinappalachia.com/2025/04/big-tech-comes-to-tucker-county-wv/; https://wvmetronews.com/2026/02/07/air-quality-board-sides-with-developers-of-tucker-county-data-center/; https://wvpublic.org/story/energy-environment/regulators-reaffirm-approval-for-microgrid-generator-data-center-in-tucker-county/; https://wvpublic.org/story/2026/04/commerce-confirms-fundamental-data-tucker-county-advancing/; https://www.wdtv.com/2026/04/23/environmental-protection-organizations-seek-recusal-judge-ridgeline-air-permit-appeal/; https://www.theintermountain.com/news/local-news/2026/04/groups-seek-recusal-of-judge-in-permit-appeal/; https://www.wboy.com/news/tucker/portion-of-tucker-county-data-center-permit-appeal-dismissed-ahead-of-evidentiary-hearing/; https://mountainstatespotlight.org/2026/07/23/data-center-sidestep-oversight/; https://westvirginiawatch.com/2026/07/20/wv-advocates-want-to-know-who-owns-the-land-proposed-for-data-center-development-in-tucker-county/; https://www.wvhighlands.org/2026/03/11/air-quality-permit-fight-continues-against-proposed-ridgeline-power-plant-and-data-center/; https://wvpublic.org/story/energy-environment/state-regulators-hear-two-days-of-evidence-in-appeal-of-tucker-county-data-center-permits/
grp_8a459b38,Sierra Club (New Jersey Chapter),Sierra Club (New Jersey Chapter); Sierra Club New Jersey Chapter,2,NJ,2025-03-01,2025-12-23,https://whyy.org/articles/data-center-artificial-intelligence-vineland-new-jersey/; https://followsouthjersey.com/2026/03/10/how-a-data-center-tore-vinelands-public-and-government-apart/; https://patch.com/new-jersey/southbrunswick/massive-data-center-proposed-route-1-south-brunswick; https://www.datacenterdynamics.com/en/news/former-nursery-site-in-new-jersey-could-host-data-center/
grp_7f7ae299,Sierra Club Delaware Chapter,Sierra Club Delaware Chapter,1,DE,2026-02-04,2026-02-04,https://www.delawarepublic.org/science-health-tech/2026-02-25/starwood-appeals-denial-of-permit-for-data-center-in-ncc; https://delawarebusinesstimes.com/news/new-castle-data-center-campus/; https://www.sierraclub.org/delaware/data-centers; https://delawarebusinesstimes.com/news/starwood-appeals-coastal-zone-permit-denial/; https://www.delawarepublic.org/show/the-green/2025-10-24/as-delaware-mulls-plans-for-massive-data-center-worries-persist-over-electric-rates; https://spotlightdelaware.org/2025/07/20/proposed-delaware-data-center-energy/; https://spotlightdelaware.org/2026/02/25/delaware-city-data-center-developer-appeals-its-coastal-zone-denial/; https://whyy.org/articles/data-center-delaware-city-energy-water/; https://www.datacenterdynamics.com/en/news/starwood-files-to-develop-12gw-11-building-data-center-campus-in-delaware/; https://whyy.org/articles/delaware-city-data-center-setback-environment/; https://www.delawarepublic.org/politics-government/2026-02-04/dnrec-says-planned-data-center-near-delaware-city-prohibited-under-coastal-zone-act; https://www.sierraclub.org/delaware/proposed-data-center-projects; https://spotlightdelaware.org/2025/08/05/plans-for-de-data-center-submitted-starting-the-clock-on-the-controversial-proposal/; https://spotlightdelaware.org/2026/02/04/delaware-city-data-center-faces-major-setback-after-environmental-denial/
grp_8d758c9e,Sierra Club Delta Chapter,Sierra Club Delta Chapter,5,LA,2025-11-17,2026-03-03,"https://www.sierraclub.org/louisiana; https://www.ksla.com/2026/02/24/shreveport-data-center-lawsuit-petition-alleges-city-withheld-public-information/; https://www.shreveportbossieradvocate.com/business/lawsuit-louisiana-data-center/article_cbaa12e5-c5f8-4861-87b5-8c380d752a18.html; https://www.ktalnews.com/news/louisiana/mccormick-investigates-shreveport-blanchard-ndas/; https://www.ktbs.com/news/residents-worry-as-single-developer-eyes-northwest-louisiana-properties-for-possible-data-centers/article_f4703867-d836-480e-b8c0-5954afbc6d89.html; https://www.ktbs.com/news/city-of-shreveport-sued-over-data-center-vote/article_0bc5e38c-1443-4943-99b4-d30f77849960.html; https://www.ksla.com/video/2026/03/02/rural-community-hosting-boycott-data-center-meeting/; https://www.ksla.com/2026/02/23/community-meeting-north-caddo-data-center-project-scheduled-march-3/; https://www.shreveportbossieradvocate.com/business/staack-and-aws-to-host-first-data-center-meeting-for-caddo-parish/article_7824f681-e203-475e-ab4b-71ab2835a5ad.html; https://lailluminator.com/2026/02/23/amazon-data-center/; https://www.ksla.com/2026/02/24/campuses-newly-announced-amazon-data-center-spanning-bossier-caddo-parishes-confirmed/; https://www.aboutamazon.com/news/company-news/amazon-data-center-louisiana-new-jobs; https://www.ktbs.com/community/blanchard-town-hall-meeting-draws-crowd-over-proposed-amazon-data-center/article_1d844d35-3491-4b12-9cb7-187ba7b8240c.html; https://www.opportunitylouisiana.gov/news/amazon-selects-louisiana-for-12-billion-data-center-campuses-in-major-u-s-expansion; https://www.myarklamiss.com/news/louisiana-delta-chapter-of-the-sierra-club-hosts-town-hall-meeting-in-rayville-about-meta-project/; https://press-herald.com/sierra-club-to-host-town-hall-on-meta-data-center-impacts/; https://www.sierraclub.org/sierra/rural-louisiana-meta-s-new-data-center-promises-growth-what-cost; https://www.richlandtoday.com/article/959,sierra-club-raises-concerns-over-meta; https://www.knoe.com/2025/11/19/community-speaks-environmental-permits-entergy-power-plant/; https://www.deq.louisiana.gov/public-notices; https://www.nola.com/news/environment/meta-louisiana-data-center-water-ai/article_d27dea17-d571-453c-b5a5-0deb571ea272.html; https://www.wbrz.com/news/meta-s-louisiana-data-center-causing-concern-over-water-usage; https://themiddleland.com/water-and-safety-risks-mount-as-meta-builds-massive-ai-facility-in-louisiana/; https://pubs.usgs.gov/fs/2019/3005/fs20193005.pdf"
grp_ddf36745,Sierra Club Georgia,Sierra Club Georgia,1,GA,2026-02-17,2026-02-17,https://www.walb.com/2026/02/10/rural-communities-raise-concerns-data-centers-expand-across-georgia-beyond/; https://www.wtxl.com/news/local-news/in-your-neighborhood/lowndes-county/lowndes-county-citizens-push-back-on-potential-data-centers-during-town-hall; https://wwals.net/2026/02/23/datacenters-meeting-lowndes-county-ga-2026-02-17/
grp_d4a64ad4,Sierra Club Georgia Chapter,Sierra Club Georgia Chapter,16,GA,2024-09-01,2026-04-09,https://coosavalleynews.com/2026/03/selc-sierra-club-sue-over-permit-for-new-fossil-fuel-units-at-plant-bowen-in-bartow-county/; https://insideclimatenews.org/news/02032026/georgia-regulators-sued-over-plant-bowen-gas-turbines/; https://www.eenews.net/articles/lawsuit-targets-air-permit-amid-georgia-data-center-build-out/; https://www.northwestgeorgianews.com/rome/news/local/new-data-center-proposal-in-bartow-would-require-as-much-power-as-324k-homes/article_05152f0c-ee11-11ef-9470-5b8da755f367.html; https://www.selc.org/press-release/groups-challenge-air-permit-for-massive-methane-gas-and-oil-expansion-at-plant-bowen/; https://www.sierraclub.org/georgia/datacenters; https://www.sierraclub.org/press-releases/2025/10/environmental-groups-urge-georgia-epd-deny-permit-new-methane-gas-units; https://www.wuga.org/local-news/2025-12-03/acc-commission-pauses-new-data-centers-manager-says-athena-studios-data-center-would-need-rezone; https://www.datacenterdynamics.com/en/news/permission-denied-to-data-center-in-athens-clarke-county-georgia-talks-of-a-potential-moratorium/; https://nowhabersham.com/athens-commission-calls-for-moratorium-on-data-centers-after-potential-hyperscale-project-denied/; https://athenspoliticsnerd.com/commission-places-temporary-ban-on-new-data-centers-in-athens/; https://flagpole.com/news/news-features/2026/02/25/athens-clarke-county-commissioners-want-to-outright-ban-data-centers/; https://www.wuga.org/local-news/2026-03-02/mayor-and-commission-vote-on-data-center-moratorium-extension; https://athenspoliticsnerd.com/acc-commission-prepares-to-regulate-data-centers-as-strongly-as-legally-allowed/; https://www.redandblack.com/athensnews/athens-mayor-and-commission-votes-to-extend-data-center-moratorium/article_5c1abc8b-78a1-4dc2-8b92-5772e98a2941.html; https://flagpole.com/news/city-dope/2026/03/11/athens-clarke-county-commission-extends-moratorium-on-data-centers/; https://www.wuga.org/local-news/2026-04-09/athens-clarke-county-data-center-ban-lifted-replaced-with-ordinance; https://www.fox5atlanta.com/news/cobb-county-temporarily-pauses-new-data-center-development; https://www.wsbradio.com/news/local/cobb-county-approves-temporary-ban-new-data-centers/2L4HP572S5ENLO2RQQYH7RO2TY/; https://www.wsbtv.com/news/local/cobb-county/cobb-county-commissioners-discuss-possible-data-center-moratorium/2ZSO5R6PHBF37EOPULZWQFDXZU/; https://baxtel.com/data-center/grindcap-marietta-campus; https://www.datacenterdynamics.com/en/news/108mw-data-center-campus-granted-zoning-approval-outside-atlanta-georgia/; https://www.atlantanewsfirst.com/2025/06/30/zoning-approved-new-marietta-data-center/; https://www.wsbtv.com/news/local/cobb-county/marietta-city-council-approves-plan-31-acre-data-center/UIDXM4QEJ5EMDGAQMPLRENRRF4/; https://www.fox5atlanta.com/news/douglas-county-data-centers-moratorium; https://www.blackridgeresearch.com/blog/latest-list-upcoming-data-centers-in-georgia-ga-united-states-us; https://www.dcblox.com/data-centers/douglas-county-ga-hyperscale-data-center-campus/; https://www.dcblox.com/dc-blox-acquires-55-acres-construction-180mw-data-center-douglasville-ga/; https://www.dcblox.com/dcblox-secures-1-15-billion-green-loan-atlanta-data-center-campus-development/; https://www.douglascountysentinel.com/douglasville_sentinel/data-center-moratorium-extended-to-determine-impact-on-ratepayers/article_3d610d7f-cec8-5be2-a4dc-9f3591440adc.html; https://www.insightsfromanalytics.com/post/how-dc-blox-built-trust-while-others-face-rejection; https://www.fox5atlanta.com/news/amazon-buys-118-acres-douglas-county-possible-data-center-amid-concerns-about-sustainability; https://www.gpb.org/news/2025/10/22/wave-of-data-center-ordinances-sweep-through-ga-counties-how-strict-are-they; https://www.13wmaz.com/article/news/local/forsyth-monroe/forsyth-pz-tables-key-vote-on-1600-acre-data-center-proposed/93-d2adb2f1-5fbd-47ec-95af-d4b1f4c26044; https://www.datacenterdynamics.com/en/news/1600-acre-data-center-approved-by-local-authorities-in-forsyth-georgia/; https://www.gpb.org/news/2024/09/04/atlanta-city-council-bans-data-centers-along-beltline; https://www.axios.com/local/atlanta/2024/09/05/atlanta-data-center-ban-beltline-central-business-district; https://www.datacenterdynamics.com/en/news/atlanta-city-council-passes-rules-limiting-data-center-locations/; https://atlanta.capitalbnews.org/atlanta-communities-fight-data-centers/; https://roughdraftatlanta.com/2024/12/03/atlanta-data-center-proposal/; https://citycouncil.atlantaga.gov/Home/Components/News/News/3928/; https://www.ajc.com/news/2025/06/atlanta-expands-restrictions-on-where-developers-can-build-data-centers/; https://www.bondbuyer.com/news/data-center-developments-in-atlanta-draw-questions-opposition; https://www.legis.ga.gov/legislation/69736; https://senatepress.net/sen-jaha-howard-introduces-legislation-to-press-pause-on-data-centers.html; https://www.wabe.org/georgia-lawmakers-debating-data-center-moratorium-and-regulation-bills-in-legislature/; https://www.alston.com/en/insights/publications/2026/02/georgia-sales-tax-exemptions-data-centers; https://southernrenewable.org/news-updates/sine-do-or-die-the-final-stretch-of-the-2026-georgia-legislative-session; https://www.gpb.org/news/2026/04/03/2026-legislative-session-ends-concerns-of-possible-special-session; https://www.ajc.com/business/2026/03/georgia-senate-votes-to-claw-back-data-center-tax-breaks/; https://www.wabe.org/georgia-bill-to-repeal-new-data-center-tax-breaks-advances-out-of-senate/; https://thecurrentga.org/2026/03/07/georgia-senate-votes-to-end-tax-breaks-for-new-data-centers/; https://www.ajc.com/business/2026/04/georgia-lawmakers-leave-data-center-tax-breaks-intact-punt-on-energy-costs/; https://thecurrentga.org/2026/04/03/georgia-lawmakers-failure-to-act-on-data-center-concerns-draws-community-ire/; https://georgiarecorder.com/2026/01/20/outrage-over-surge-of-data-centers-in-georgia-inspires-wave-of-bipartisan-bills/; https://www.walb.com/2026/02/10/rural-communities-raise-concerns-data-centers-expand-across-georgia-beyond/; https://www.wtxl.com/news/local-news/in-your-neighborhood/lowndes-county/lowndes-county-citizens-push-back-on-potential-data-centers-during-town-hall; https://wwals.net/2026/02/23/datacenters-meeting-lowndes-county-ga-2026-02-17/; https://www.13wmaz.com/article/news/local/forsyth-monroe/monroe-county-passes-data-center-moratorium-will-review-potential-limitations/93-195cbb55-5a2a-4f29-879f-c0f3f859aef2; https://www.13wmaz.com/article/news/local/forsyth-monroe/monroe-residents-prepared-to-fight-58b-data-center-project-in-bolingbroke/93-03be2ea5-cad3-4a3b-acc5-6369a3c93c20; https://www.datacenterdynamics.com/en/news/900mw-data-center-campus-proposed-outside-macon-georgia/; https://www.gpb.org/news/2025/07/29/monroe-county-data-center-loses-zoning-vote-in-face-of-community-opposition; https://www.gpb.org/news/2025/08/06/despite-the-promise-of-millions-of-dollars-every-year-monroe-county-says-no-data; https://www.covnews.com/news/county/newton-county-enacts-moratoriums-data-centers-convenience-stores/; https://www.rockdalenewtoncitizen.com/news/newton-county-puts-moratorium-on-data-center-applications/article_9dec6ba2-6c6c-408f-afbd-d10a63f09add.html; https://www.ajc.com/news/business/5b-data-center-campus-spanning-300-plus-acres-pitched-east-of-atlanta/GPRU6WB6INAELEGM3A3N7SMW6Y/; https://www.covnews.com/news/cities/city-covington-enacts-moratorium-moves-reject-two-annexation-requests/; https://www.covnews.com/news/cities/city-covington-imposes-moratorium-new-data-center-requests/; https://www.wsbtv.com/news/local/newton-county/data-center-gas-station-store-moratoriums-extended-metro-atlanta-community/L3ABWDQG5FBIFBE4HZ6HOZZWME/; https://www.griffindailynews.com/news/griffin-puts-180-day-moratorium-on-data-centers-and-other-technological-facilities/article_a57b3fe6-cedf-54ec-8a84-a66c93da27da.html; https://www.wsbtv.com/news/local/spalding-county/griffin-city-council-passes-data-center-moratorium-through-mid-july/FW2ZW2LYFZEGJJLRHZYLUD3VXA/; https://www.griffindailynews.com/news/city-of-griffin-working-on-zoning-amendments-to-initially-only-allow-smaller-data-centers/article_8932563b-39ad-5b85-bc41-591adf00e608.html
grp_8780bf57,Sierra Club Illinois (Heart of Illinois Group),Sierra Club Illinois (Heart of Illinois Group),1,IL,2026-03-11,2026-03-11,https://www.chicagotribune.com/2026/03/11/frankfort-environmental-advocates-data-centers/; https://www.farmweeknow.com/environmental/illinois-local-governments-weigh-data-center-decisions/article_143631b2-f1fe-4aba-9175-7fa09a0904e0.html; https://capitolnewsillinois.com/news/political-will-grows-for-data-center-regulations-as-power-act-remains-in-committee/
grp_2b0b5ec4,Sierra Club Iowa Chapter,Sierra Club Iowa Chapter,1,IA,2025-11-08,2025-11-08,https://cbs2iowa.com/news/local/johnson-county-imposes-moratorium-on-data-centers-to-protect-resources-and-assess-impacts; https://www.thegazette.com/local-government/johnson-county-board-of-supervisors-to-consider-data-center-moratorium/; https://insideclimatenews.org/news/01032026/iowa-county-data-center-ordinance/; https://dailyiowan.com/2025/11/06/joco-supervisors-discuss-possible-data-center-moratorium/; https://www.thegazette.com/local-government/johnson-county-looks-toward-future-beyond-data-center-moratorium/; https://www.sierraclub.org/sierra/fight-over-data-centers; https://www.sierraclub.org/iowa; https://www.sierraclub.org/issues/climate/data-centers; https://www.kcrg.com/2026/07/23/johnson-county-proposes-stricter-data-center-ordinance/
grp_1d634d23,Sierra Club Loxahatchee Group,Sierra Club Loxahatchee Group,1,FL,2026-07-15,2026-07-15,https://www.wlrn.org/government-politics/2025-12-10/project-tango-ai-data-center-palm-beach-county; https://stetnews.org/2025/12/04/massive-data-storage-facility-on-fast-track/; https://www.datacenterdynamics.com/en/news/37-million-sq-ft-data-center-campus-gets-initial-ok-from-officials-in-florida/; https://cbs12.com/news/local/palm-beach-county-moves-forward-with-massive-ai-data-center-despite-neighborhood-pushback-arden-warehouse-toxic-noise-power-plant-wellington-dec-5-2025; https://www.change.org/p/say-no-to-the-construction-of-project-tango-ai-data-center-in-palm-beach-county; https://www.wlrn.org/government-politics/2026-03-03/palm-beach-county-residents-only-want-one-answer-on-data-center-no; https://stetnews.org/2025/12/11/neighborhood-outrage-knocks-data-center-off-fast-track/; https://www.wlrn.org/development/2026-01-12/ai-data-center-palm-beach-county-desantis-trump; https://floridaphoenix.com/2026/01/01/thirsty-ai-data-center-runs-into-florida-community-opposition-2/; https://news.datacenterview.com/p/december-11-2025-pba-s-project-tango-approved; https://www.wptv.com/news/palm-beach-county/arden-residents-rally-against-proposed-1-8-million-square-foot-ai-data-center-near-elementary-school; https://cbs12.com/news/local/project-tango-setback-palm-beach-county-zoning-board-recommends-denial-concerned-residents-environmental-impact-central-park-commerce-center-florida-news; https://cbs12.com/news/local/could-another-data-center-move-forward-at-project-tango-site-lawsuit-raises-new-questions-public-input-hearings-vote-loophole-warehouse-conversion-wpb-logistics-tpa-group-pba-holdings; https://www.wflx.com/2026/07/16/palm-beach-county-commissioners-reject-project-tango-ai-data-center-after-more-than-12-hours-debate/; https://www.wflx.com/2026/07/16/relief-sweeps-through-community-after-palm-beach-county-denies-project-tango-ai-data-center/; https://www.bloomberg.com/news/articles/2026-07-15/ai-backlash-builds-for-project-tango-proposal-near-trump-s-mar-a-lago; https://www.wptv.com/news/region-c-palm-beach-county/loxahatchee-acreage/palm-beach-county-commissioners-reject-project-tango-ai-data-center-after-more-than-12-hours-of-debate; https://www.wlrn.org/government-politics/2026-07-16/project-tango-ai-data-center-palm-beach-rejected
grp_9b728780,Sierra Club Michigan,Sierra Club Michigan,6,MI,2025-10-31,2026-03-03,https://planetdetroit.org/2026/03/lawmakers-propose-michigan-data-center-moratorium/; https://gophouse.org/posts/rep-wortz-introduces-bills-to-protect-communities-from-data-center-encroachment; https://wwmt.com/news/state/dozens-speak-out-against-data-centers-michigan-house-committee-hearing-legislation-law-bills-politics-artificial-intelligence; https://michiganadvance.com/briefs/wortz-spearheads-bipartisan-effort-to-halt-data-center-construction-in-michigan/; https://www.michigan.gov/mpsc/commission/news-releases/2025/12/18/mpsc-approves-dte-electric-energy-contracts-for-data-center; https://cubofmichigan.org/blog/mpsc-grants-expedited-approval-for-dte-contracts-with-hyperscale-data-center/; https://www.tdworld.com/utility-business/news/55340640/michigan-regulators-approve-dte-data-center-power-contracts-with-added-ratepayer-protections; https://www.nrdc.org/press-releases/environmental-groups-file-contested-case-hearing-saline-data-center; https://www.sierraclub.org/michigan/blog/2025/12/mpsc-fails-transparency-test-approving-dte-data-center-deal-outside-formal; https://eu.detroitnews.com/story/news/local/michigan/2025/12/03/hundreds-log-in-to-public-hearing-about-saline-township-data-center/87565089007/; https://planetdetroit.org/2025/12/dte-data-center-hearing/; https://www.wxyz.com/news/mpsc-holds-public-hearing-on-saline-township-data-center-protesters-march-outside-dte; https://www.wemu.org/wemu-news/2025-12-05/mpsc-holds-off-on-saline-township-data-center-vote; https://michiganadvance.com/2026/01/09/nessel-and-advocates-seek-rehearing-on-conditional-approval-of-dte-data-center-contracts/; https://planetdetroit.org/2026/01/dte-energy-data-center-contracts/; https://www.thecentersquare.com/michigan/article_bb893282-cfcc-442b-8471-be2256a61905.html; https://themanchestermirror.com/2026/01/05/regulators-approve-dte-contracts-for-saline-township-data-center/; https://bridgemi.com/michigan-environment-watch/michigan-regulators-approve-contract-for-michigans-first-hyperscale-data-center/; https://www.tomshardware.com/tech-industry/artificial-intelligence/openais-stargate-data-center-gets-approval-to-receive-1-4-gigawatts-of-power-in-michigan-some-residents-furious-as-energy-company-is-given-go-ahead-by-regulatory-body-without-hearing-opposition; https://planetdetroit.org/2026/01/dte-agrees-saline-data-center-conditions/; https://www.related-digital.com/news/openai-oracle-and-related-digital-announce-stargate-data-center-site-in-michigan; https://www.wxyz.com/news/data-centers/michigan-public-service-commission-approves-dte-contract-for-saline-township-data-center-project; https://www.michiganpublic.org/economy/2026-04-25/saline-township-data-center-major-construction-underway-financing-secured; https://www.edtechinnovationhub.com/news/openai-and-oracle-commit-to-union-built-stargate-data-center-in-michigan; https://michiganadvance.com/2025/12/18/public-service-commission-approves-dte-data-center-contracts-with-strings-attached/; https://eu.detroitnews.com/story/news/local/michigan/2025/12/18/mpsc-approves-dte-saline-township-data-center-contracts-conditions/87813803007/; https://planetdetroit.org/2025/12/dte-data-center-contracts-approved/
grp_9aa0ae9f,Sierra Club Michigan Chapter,Sierra Club Michigan Chapter,2,MI,2025-12-18,2026-01-01,https://senatedems.com/geiss/2025/12/18/data-centers/; https://legislature.mi.gov/Bills/Bill?ObjectName=2025-SB-0761; https://www.govtech.com/policy/michigan-bills-target-data-center-water-use-utility-costs; https://thesuntimesnews.com/what-michigans-new-data-center-bills-would-and-wouldnt-d/; https://michiganadvance.com/briefs/trio-of-michigan-senate-democrats-introduce-policy-to-address-data-center-water-usage/; https://planetdetroit.org/2026/03/lawmakers-propose-michigan-data-center-moratorium/; https://www.wkar.org/wkar-news/2026-02-27/michigan-data-center-tracker-moratoria-legislation-and-grid-impact; https://www.wnem.com/2026/01/13/city-saginaw-placing-moratorium-data-centers/; https://www.abc12.com/news/local/saginaw-moratorium-proactively-blocks-data-center-projects/article_7b230f5d-0639-443c-a499-1a5a281bad49.html
grp_74fb5fdf,Sierra Club Niagara Group,Sierra Club Niagara Group,1,NY,2025-02-01,2025-02-01,https://www.wxxinews.org/local-news/2025-02-06/big-data-centers-eying-genesee-county-tech-park-face-widespread-opposition; https://www.wkbw.com/genesee-county/genesee-county-residents-voice-concerns-over-planned-multi-billion-dollar-data-center; https://orleanshub.com/allies-of-tonawanda-seneca-nation-strongly-oppose-monstrous-data-center-proposed-for-stamp/; https://videonewsservice.net/index.php/2025/10/21/genesee-county-tonawanda-seneca-nation-and-sierra-club-declare-victory-in-litigation-against-massive-data-center-seek-dismissal-of-suit-following-rescission-of-approvals/; https://www.wxxinews.org/local-news/2025-09-18/genesee-county-stamp-site-data-center-on-hold-as-expansion-gets-pursued; https://videonewsservice.net/index.php/2025/11/06/genesee-county-residents-of-the-glow-region-plan-rally-and-press-conference-to-celebrate-recent-victory-against-the-stamp-data-center/; https://www.investigativepost.org/2026/02/04/data-center-subsidies-of-6-4-million-per-job/; https://www.investigativepost.org/2026/01/30/genesee-ida-has-conflict-of-interest-in-stamp-data-center/
grp_56312b93,Sierra Club Northstar Chapter,Sierra Club Northstar Chapter,1,MN,2026-02-20,2026-02-20,https://fmr.org/updates/general-water-legislative-land-use-planning/fmr-endorses-pause-data-centers; https://www.datacenterdynamics.com/en/news/state-wide-data-center-moratorium-set-to-be-proposed-in-minnesota/; https://www.house.mn.gov/sessiondaily/Story/18838; https://www.mncenter.org/op-ed-data-center-proposals-are-moving-faster-policy-minnesota; https://www.mprnews.org/story/2026/02/20/data-center-opponents-call-for-statewide-moratorium-new-regulations; https://www.northernnewsnow.com/video/2026/03/04/minnesota-senator-introduce-data-center-moratorium/; https://www.revisor.mn.gov/bills/94/2025/0/SF/608/?body=senate; https://www.twincities.com/2026/02/18/data-center-opponents-bring-swelling-opposition-to-minnesota-capitol/; https://www.womenspress.com/minnesota-lawmakers-and-activists-call-for-moratorium-on-data-centers/; https://www.startribune.com/what-did-and-did-not-pass-in-the-2026-legislative-session/601843141
grp_50f7f4c5,Sierra Club Rio Grande Chapter,Sierra Club Rio Grande Chapter,1,NM,2025-08-27,2025-08-27,https://www.donaana.gov/news_detail_T7_R35.php; https://www.datacenterdynamics.com/en/news/oracle-revealed-as-tenant-of-project-jupiter-data-center-campus-in-new-mexico/; https://www.oracle.com/news/announcement/blog/oracle-advances-american-ai-innovation-in-new-mexico-2026-01-23/; https://sourcenm.com/2026/03/31/nm-state-land-commissioner-rejects-application-for-gas-pipeline-to-power-project-jupiter-data-center/; https://www.krqe.com/news/new-mexico/massive-data-center-project-in-dona-ana-county-facing-one-hurdle/; https://projectjupitertogether.com/; https://www.nmborderplex.com/project-jupiter-approved-a-transformative-leap-for-the-new-mexico-borderplex/; https://www.abqjournal.com/news/doa-ana-county-agrees-to-community-meeting-over-project-jupiter/2998531; https://www.organmountainnews.com/project-jupiter-air-permits-hearing-decision-delayed/; https://truthout.org/articles/secretive-new-mexico-data-center-plan-races-forward-despite-community-pushback/; https://www.datacenterdynamics.com/en/news/groups-sue-to-stall-data-center-project-in-do%C3%B1a-ana-county-new-mexico/; https://kfoxtv.com/news/local/judge-denies-dona-ana-county-bid-to-dismiss-project-jupiter-open-meetings-lawsuit
grp_c6cb8974,Sierra Club St. Louis,Sierra Club St. Louis,2,MO,2026-04-21,2026-05-19,https://www.ksdk.com/article/news/local/st-charles-ai-data-center-ban-first-in-nation/63-2c50fbcf-fcad-4b8d-bbcb-3711f6c2d29d; https://www.kcur.org/housing-development-section/2025-08-19/st-charles-data-center-secret-public-opposition; https://www.midriversnewsmagazine.com/news/st-charles-residents-push-back-on-hyperscale-data-center-near-city-s-water-source/article_0892c124-6c4c-4ca0-a741-ee7275fbfeb0.html; https://www.firstalert4.com/2025/08/23/st-charles-places-1-year-pause-data-center-projects/; https://www.kcur.org/housing-development-section/2025-09-08/google-missouri-data-center-st-charles; https://www.kcur.org/politics-elections-and-government/2026-02-26/missouri-data-center-rules-water-electricity; https://www.stlpr.org/economy-business/2025-09-08/documents-link-secretive-st-charles-data-center-google; https://www.stlpr.org/news-briefs/2025-08-18/developer-controversial-data-center-st-charles; https://www.govtech.com/products/proposed-st-charles-mo-data-center-is-dead-for-now; https://grha.org/blogs/news/victory-for-the-confluence-data-center-withdrawn-amid-environmental-concerns; https://www.ksdk.com/article/money/economy/energy/missouri-massive-data-center-st-charles-secretive-power-water-worries-polluted-groundwater-protected-wetland/63-cdae3e73-efab-4c0c-9215-938d064188e3; https://www.stltoday.com/news/local/stcharles/article_c58f3b3e-c549-471a-9bf7-f1c9ee7c59b1.html; https://baxtel.com/data-center/project-cumulus; https://www.stltoday.com/news/local/st-charles/article_cc69ee91-9269-42c1-8a23-5a93d1c05679.html; https://www.datacenterdynamics.com/en/news/bernie-sanders-praises-residents-after-developers-shelve-planned-data-center-in-st-charles-missouri/; https://www.change.org/p/stop-the-hazardous-data-center-in-st-charles-protect-our-water-health-and-community; https://grha.org; https://www.stlmag.com/business/rural-missouri-data-center-battleground/; https://www.kcur.org/housing-development-section/2025-08-23/st-charles-data-center-year-ban; https://www.govtech.com/policy/st-charles-mo-moves-to-ban-data-centers-for-1-year; https://www.stlpr.org/government-politics-issues/2026-02-27/festus-leaders-next-step-approving-proposed-data-center; https://www.stlpr.org/government-politics-issues/2025-11-13/developer-eyes-festus-site-new-data-center-development; https://www.ksdk.com/article/news/politics/festus-residents-clash-over-data-center-proposal-at-city-council-meeting/63-c21a8c0d-169b-47ec-aa06-107395cdb6f7; https://www.kcur.org/housing-development-section/2025-11-15/data-center-developer-missouri-festus-st-charles; https://www.datacenterdynamics.com/en/news/developer-eyes-240-acre-data-center-campus-in-festus-missouri/; https://www.myleaderpaper.com/news/festus-second-data-center-lawsuit-filed/article_576699c7-2a83-48e4-a3bd-824b9ae760d1.html; https://www.ksdk.com/article/news/local/business-journal/st-charles-moves-to-permanently-ban-data-centers/63-3e1aa0a7-f1f0-4d30-b6b5-0f08648b55c5; https://fox2now.com/news/missouri/st-charles-considering-permanent-ban-on-data-centers/; https://www.stlpr.org/news-briefs/2026-02-10/st-charles-officials-table-vote-banning-large-scale-data-centers-april; https://www.firstalert4.com/2026/02/10/st-charles-planning-zoning-table-proposal-ban-data-centers/; https://www.ksdk.com/article/news/politics/st-charles-city-council-votes-7-1-to-effectively-ban-data-centers/63-7c9264ad-1dc5-4c38-853a-1f7cddf9c2ac; https://www.stlpr.org/2026-05-20/st-charles-passes-a-ban-on-data-centers; https://fox2now.com/news/missouri/st-charles-council-to-consider-ban-on-large-data-centers/; https://www.stlpr.org/government-politics-issues/2026-03-31/st-louis-mayor-cara-spencer-armory-data-center-zoning; https://www.ksdk.com/article/news/local/mayor-cara-spencer-city-board-postpone-vote-armory-data-center/63-4586cc07-32c7-46ad-a71b-5a92ba7b4323; https://www.change.org/p/no-more-data-centers-in-st-louis; https://www.stlpr.org/government-politics-issues/2026-04-21/data-center-project-near-armory-final-approval-st-louis; https://www.stlmag.com/news/midtown-data-center-armory-board-of-public-service/; https://www.stlouis-mo.gov/government/departments/mayor/news/data-center-permit-approved.cfm
grp_47084aa7,Sierra Club Tennessee Chapter / Chickasaw Group,Sierra Club Tennessee Chapter / Chickasaw Group,1,TN,2024-08-26,2024-08-26,https://interactive.localmemphis.com/pdfs/2024-08-26-Letter-to-SCHD-re-xAI-operating-without-permits.pdf; https://www.selc.org/news/elon-musks-xai-facility-is-polluting-south-memphis/
grp_3d51ff56,Sierra Club Texas Chapter,Sierra Club Texas Chapter,1,TX,2026-02-25,2026-02-25,https://www.sierraclub.org/texas/blog/2025/12/project-matador-trump-ai-data-center-texas; https://spectrumlocalnews.com/tx/austin/news/2025/11/21/fermi-data-center; https://www.myhighplains.com/news/your-local-election-hq/amarillo-ai-data-center-project/fermi-america-pauses-construction-near-amarillo-while-waiting-for-tceq-permits/; https://www.datacenterdynamics.com/en/news/fermi-america-receives-first-natural-gas-turbines-for-up-to-11gw-data-center-campus-in-amarillo-texas/; https://fermiamerica.com/; https://abc7amarillo.com/news/local/amarillo-council-advances-ai-data-center-proposal-amid-water-concerns-fermi-america-city-hall-dr-ken-rainwater-toby-neugebauer-trent-sisemore-les-simpson; https://mediajustice.org/wp-content/uploads/2025/10/Amarillo-Fermi-Data-Center-Fact-Sheet.pdf; https://insideclimatenews.org/news/29012026/developer-calls-gw-ranch-in-pecos-county-texas-the-largest-power-project-in-u-s/; https://www.datacenterdynamics.com/en/news/pacifico-secures-765gw-air-permit-for-gw-ranch-project-in-west-texas/
grp_9e201330,Sierra Club Toiyabe,Sierra Club Toiyabe,1,NV,2025-01-22,2025-01-22,https://nevadacurrent.com/2025/01/10/effort-to-block-reno-data-center-offers-glimpse-of-increasingly-thorny-issue-in-nevada/; https://thisisreno.com/2025/01/effort-to-block-reno-data-center-offers-glimpse-of-increasingly-thorny-issue-in-nevada/; https://thisisreno.com/2024/12/former-city-manager-returns-pushing-data-center/; https://www.datacenterdynamics.com/en/news/sierra-club-appeals-against-82000-sq-ft-data-center-in-reno-nevada/; https://thisisreno.com/2025/01/city-council-denies-north-valleys-data-center-appeal-after-multiple-messy-meetings/
grp_dd7409f3,Sierra Club Toiyabe Chapter,Sierra Club Toiyabe Chapter,3,NV,2025-02-05,2026-05-06,https://www.fox5vegas.com/2026/05/06/developers-proposed-data-center-hold-second-community-meeting-opposition-continues/; https://www.reviewjournal.com/news/environment/data-centers-will-be-on-the-ballot-in-this-southern-nevada-city-3727498/; https://www.reviewjournal.com/news/environment/this-town-is-not-ready-boulder-city-planners-vote-against-data-center-3827400/; https://www.fox5vegas.com/2026/05/21/boulder-city-commission-vote-denies-data-center-application-after-public-pushback/; https://www.fox5vegas.com/2026/07/07/developer-pulls-plan-boulder-city-data-center/; https://lasvegassun.com/news/2026/jul/08/developer-drops-boulder-city-data-center-request-a/; https://lasvegassun.com/news/2026/jul/15/boulder-city-votes-to-fight-blms-ridiculous-data-c/; https://www.fox5vegas.com/2026/07/15/boulder-city-council-votes-appeal-federal-approval-data-center-blm-land/; https://nevadacurrent.com/2026/07/15/boulder-city-council-seeks-to-stop-data-center-on-blm-land/; https://www.bouldercity.com/city-council-unanimously-decides-to-appeal-blm-data-center-decision/; https://www.spokesman.com/stories/2026/jul/19/a-legal-shortcut-greenlit-a-data-center-on-public-/; https://biologicaldiversity.org/w/news/press-releases/appeal-challenges-public-lands-data-center-in-nevada-2026-07-27/; https://www.ktnv.com/news/environmental-groups-file-federal-appeal-against-data-center-planned-just-outside-boulder-city; https://thisisreno.com/2025/02/reno-planning-commission-data-center-moratorium/; https://thisisreno.com/2025/02/reno-city-council-data-center-moratorium/; https://www.datacenterdynamics.com/en/news/oppidan-gains-approval-for-5mw-data-center-in-reno-nevada/; https://thisisreno.com/2025/03/reno-data-center-approval/
grp_c928c14c,Sierra Club Upstate,Sierra Club Upstate,1,SC,2026-02-27,2026-02-27,https://palmettostatewatchfoundation.com/2026/01/06/petitions-protests-and-power-bills-spartanburg-faces-data-center-debacle/; https://stopprojectspero.com/; https://www.change.org/p/stop-data-centers-coming-to-upstate-sc; https://www.datacenterdynamics.com/en/news/proposal-for-3bn-data-center-faces-opposition-in-spartanburg-county-south-carolina/; https://www.datacenterdynamics.com/en/news/tigerdc-pulls-planned-data-center-project-from-south-carolina-county-after-officials-deny-tax-deal/; https://www.datacentermap.com/usa/south-carolina/spartanburg/tigerdc-sc1-campus/; https://www.foxcarolina.com/2026/02/27/company-withdraws-ai-data-center-spartanburg-county-consideration/; https://www.foxcarolina.com/2026/02/27/spartanburg-county-vote-no-project-spero-tax-incentive-after-public-backlash/; https://www.postandcourier.com/spartanburg/business/tigerdc-data-center-spartanburg-county-project-spero/article_08f63d91-4108-4439-92c9-51b51c081232.html; https://www.postandcourier.com/spartanburg/news/spartanburg-county-project-spero-tigerdc-data-center-vote/article_8eb0af10-4ca5-464a-8016-6961bfe61cad.html; https://www.postandcourier.com/spartanburg/news/spartanburg-project-spero-data-center-withdrawn/article_bfb9e61e-2282-4d22-9806-7aa4a934be27.html; https://www.wspa.com/news/community-pushing-back-on-3b-spartanburg-county-data-center/; https://www.wspa.com/news/local-news/ai-data-center-project-withdrawn-from-spartanburg-county/; https://www.foxcarolina.com/2026/03/07/ai-is-anti-human-protestors-express-concerns-regarding-data-centers-coming-upstate/; https://www.wrdw.com/2026/03/08/ai-is-anti-human-sc-protestors-express-concerns-regarding-data-centers/; https://www.foxcarolina.com/2026/02/17/data-center-one-step-closer-reality-after-spartanburg-county-council-approval/; https://www.postandcourier.com/spartanburg/news/spartanburg-county-data-center-pollution/article_5ff08496-ab3b-4462-8f83-70396747b96a.html; https://www.wspa.com/news/top-stories/spartanburg-delays-vote-on-3-billion-data-center-proposal/
grp_1d5722c1,Sierra Club Virginia Chapter,Sierra Club Virginia Chapter,4,VA,2024-09-10,2026-06-22,https://www.datacenterfrontier.com/site-selection/article/55139905/northern-virginias-fairfax-county-tightens-data-center-rules; https://www.hklaw.com/en/insights/publications/2024/09/fairfax-county-virginia-approves-updated-zoning-regulations; https://www.fairfaxcounty.gov/planning-development/data-centers; https://www.fairfaxcounty.gov/board-supervisors-approves-new-data-center-zoning-ordinance-amendment; https://sites.google.com/view/savebrenmar/home; https://www.fairfaxtimes.com/articles/fairfax_county/community-rallies-against-county-s-data-center-expansion/article_97db5e00-2419-11ef-b7b5-7b7a8975d46f.html; https://rosehillcoalition.org/rose-hill-planning-district/data-centers-in-fairfax-county/; https://annandaletoday.com/community-speaks-out-against-plaza-500-data-center/; https://www.datacenterknowledge.com/management/fairfax-county-residents-push-back-on-data-center-zoning; https://www.datacenterdynamics.com/en/news/starwood-looks-to-buy-county-owned-land-in-fairfax-virginia-for-data-center-development/; https://www.foxessellfaster.com/blog/1668-million-deal-developer-eyes-fairfax-county-police-training-campus-in-chantilly-for-massive-data-center-project/; https://www.alxnow.com/2026/07/27/alexandria-officials-and-residents-push-back-against-planned-fairfax-county-data-center/; https://www.nbcwashington.com/news/local/residents-grill-dominion-energy-over-fairfax-county-data-center-proposal/4135715/; https://www.sovanow.com/articles/data-center-debates/; https://www.sovanow.com/articles/data-center-expansion-request-put-on-hold-until-january/; https://cardinalnews.org/2026/03/05/some-rural-legislators-worry-that-ending-tax-incentives-for-data-centers-would-also-end-rural-virginias-opportunity-to-cash-in/; https://virginiamercury.com/2026/01/14/as-2026-legislative-session-starts-data-centers-diesel-generators-are-a-top-concern-for-virginians/; https://www.vpm.org/news/2025-12-17/virginia-data-centers-diesel-backup-generators-deq-loudoun-turner-dowd; https://news.vcu.edu/article/northern-virginia-data-center-air-pollution-rivals-power-plant-emissions; https://www.sierraclub.org/virginia/blog/2026/01/looser-rules-dirtier-air-data-centers-and-diesel-pollution-virginia; https://www.vpm.org/generalassembly/2026-03-12/budget-data-center-tax-break-scott-lucas-spanberger-torian-rephann; https://virginiamercury.com/2026/03/11/clock-ticking-on-virginia-budget-as-democrats-clash-over-data-center-tax-break/; https://fortune.com/2026/03/11/virginia-data-centers-tax-breaks/; https://virginiamercury.com/2026/02/10/bill-would-put-more-energy-costs-on-data-centers-slash-residential-customerss-rates/; https://news.bloombergtax.com/daily-tax-report-state/virginia-impasse-over-data-center-tax-break-punts-budget-talks; https://cardinalnews.org/2026/03/14/the-2026-general-assembly-session-wraps-with-no-budget-special-session-on-the-horizon/; https://www.multistate.us/insider/2026/3/30/virginia-lawmakers-pass-15-data-center-bills-as-tax-exemption-fight-looms; https://cardinalnews.org/2026/04/23/first-day-of-the-budget-special-session-ends-without-an-agreement-on-data-center-tax-exemptions/; https://virginiamercury.com/2026/04/23/virginia-lawmakers-adjourn-special-session-without-a-budget-deal/; https://www.wtvr.com/news/virginia-politics/budget-approved-june-22-2026; https://www.wvtf.org/news/2026-06-22/legislators-advocates-on-virginias-new-data-center-tax-and-regulation-scheme-a-good-first-step; https://www.virginiascope.com/general-assembly-budget-proposal-expected-to-generate-600-million-a-year-in-revenue-from-data-centers/; https://www.13newsnow.com/article/news/local/virginia/virginia-va-senate-house-bipartisan-state-budget-special-session-spanberger/291-7e4f4797-9d7b-40c5-a3d2-6e8604baba98
grp_0bcdaae7,Sierra Club Wisconsin,Sierra Club Wisconsin,4,WI,2024-12-02,2026-02-10,https://www.sierraclub.org/press-releases/2025/11/sierra-club-wisconsin-applauds-new-data-center-accountability-legislation; https://docs.legis.wisconsin.gov/2025/proposals/sb729; https://spectrumnews1.com/wi/green-bay/news/2026/03/19/wisconsin-senate-adjourns-without-a-vote-on-data-centers; https://wisconsinexaminer.com/2026/02/12/democratic-lawmakers-propose-data-center-moratorium/; https://dnr.wisconsin.gov/calendar/hearing/100736; https://dnr.wisconsin.gov/calendar/hearing/99371; https://urbanmilwaukee.com/2024/11/15/microsofts-wisconsin-data-center-will-rely-on-diesel-backup-power/; https://biztimes.com/psc-approves-natural-gas-power-plants-planned-in-oak-creek-and-kenosha-county/; https://www.cleanwisconsin.org/psc-approves-plan-to-power-ai-data-center-with-gas-plants-bringing-1200-mw-of-new-dirty-power-to-southeast-wisconsin/; https://www.canarymedia.com/articles/utilities/wepco-gas-data-centers; https://wisconsinexaminer.com/2026/02/10/wisconsin-public-service-commission-data-center-hearing-draws-public-outcry/; https://urbanmilwaukee.com/2026/02/11/wisconsin-psc-public-hearing-on-data-centers-draws-public-outcry/; https://racinecountyeye.com/2026/02/11/psc-data-center-hearing-oppose/
grp_17b4d7f0,Sierra Club Wisconsin (Northstar Chapter),Sierra Club Wisconsin (Northstar Chapter),1,WI,2026-02-11,2026-02-11,https://racinecountyeye.com/2026/02/11/psc-data-center-hearing-oppose/; https://wisconsinexaminer.com/2026/02/12/democratic-lawmakers-propose-data-center-moratorium/; https://spectrumnews1.com/wi/milwaukee/news/2026/02/26/new-poll-shows-partisan-divide--negative-opinion-of-data-centers; https://wisconsinexaminer.com/2026/02/10/wisconsin-public-service-commission-data-center-hearing-draws-public-outcry/; https://racinecountyeye.com/2026/02/10/psc-public-hearings-microsoft-rates/; https://urbanmilwaukee.com/2026/03/02/psc-requires-alliant-energy-to-disclose-data-center-rates/; https://naacp.org/articles/naacp-wisconsin-coalition-oppose-utility-bill-hikes-ai-data-center; https://www.sierraclub.org/press-releases/2026/03/sierra-club-wisconsin-and-partners-applaud-public-service-commission; https://wisconsinrivers.org/data-center-bills/; https://www.cleanwisconsin.org/data-center-secrets/; https://cubwi.org/data-center/; https://psc.wi.gov/Documents/PressReleases/04.24.2026PressRelease.PDF; https://www.renewwisconsin.org/pscs-preliminary-decision-data-centers-will-cover-their-costs/
grp_0435b9fb,Slingshot (environmental health and justice organization),Slingshot (environmental health and justice organization),1,ME,2026-04-24,2026-04-24,https://www.maine.gov/governor/mills/news/governor-mills-announces-decision-ld-307-2026-04-24; https://www.maine.gov/governor/mills/official_documents/veto_messages/2026-04-ld-307-act-establish-maine-data-center-coordination; https://www.bangordailynews.com/2026/04/24/politics/janet-mills-vetoes-maine-data-center-ban/; https://mainemorningstar.com/2026/04/24/gov-mills-vetoes-landmark-data-center-ban/; https://techcrunch.com/2026/04/25/maines-governor-vetoes-data-center-moratorium/; https://mainemorningstar.com/2026/02/23/as-data-centers-look-to-rural-new-england-maine-considers-a-moratorium/; https://www.bostonglobe.com/2026/02/23/metro/maine-data-center-legislation-ld307/; https://themainemonitor.org/maine-considers-data-centers-moratorium/; https://legislature.maine.gov/backend/app/services/getDocument.aspx?documentId=122054; https://www.nrcm.org/blog/four-ways-maine-can-address-energy-impact-data-centers/
grp_9b09ad61,Slingshot (New England environmental health and justice organization),Slingshot (New England environmental health and justice organization),1,ME,2025-12-16,2025-12-16,https://www.mainepublic.org/business-and-economy/2025-12-17/lewiston-city-council-shoots-down-data-center-proposal; https://www.centralmaine.com/2025/12/11/lewiston-mill-eyed-for-300-million-ai-data-center/; https://www.mainepublic.org/business-and-economy/2025-12-12/lewiston-to-decide-on-a-i-data-center-for-bates-mill-property; https://www.datacenterdynamics.com/en/news/tier-iii-ai-data-center-proposed-for-lewiston-bates-mill-in-maine/; https://www.pressherald.com/2025/12/16/lewiston-votes-down-ai-data-center-project-after-public-outcry/; https://mainemorningstar.com/2026/02/23/as-data-centers-look-to-rural-new-england-maine-considers-a-moratorium/; https://themainemonitor.org/maine-treads-lightly-data-center-expansion/; https://wgme.com/news/local/lewiston-city-council-to-discuss-fate-of-proposed-ai-data-center-project-maine
grp_73b5d26f,SNOW (Stop Negligent Operations in Wisconsin),SNOW (Stop Negligent Operations in Wisconsin),1,WI,2025-12-01,2025-12-01,https://www.gazettextra.com/news/local/data-center-secrecy-deals-janesville-other-wisconsin-communities-have-signed-ndas/article_2863f0f5-736e-4e9f-95bc-98913ce7d71a.html; https://milwaukeenns.org/2026/02/01/wisconsin-data-center-secrecy-deals-nda-nondisclosure-agreement/; https://www.change.org/p/no-janesville-data-center; https://spectrumnews1.com/wi/milwaukee/news/2026/01/27/janesville-leaders-delay-decision-on-data-center-petition; https://news.ballotpedia.org/2026/02/12/janesville-wisconsin-voters-to-decide-nov-3-2026-initiative-requiring-approval-for-development-projects-exceeding-450-million-at-gm-jatco-site-such-as-proposed-data-center/; https://shepherdexpress.com/news/features/the-struggle-against-hyperscale-data-centers-across-wisconsin/; https://urbanmilwaukee.com/2025/11/11/janesville-moves-forward-with-data-center-plans/; https://www.gazettextra.com/news/local/transparency-is-not-just-a-checkbox-demonstrators-push-for-release-of-gm-jatco-data-center/article_c8e51e73-d546-40d8-a7dc-a68afe53ac78.html; https://spectrumnews1.com/wi/milwaukee/news/2025/11/21/janesville-residents-launch-petition-as-city-explores-data-center-plans
grp_755e3400,South Carolina Community Rights Coalition,South Carolina Community Rights Coalition,2,SC,2026-02-26,2026-04-14,https://legiscan.com/SC/bill/H5286/2025; https://scdailygazette.com/2026/01/22/sc-needs-a-moratorium-on-data-centers-until-protections-are-in-place/; https://scdailygazette.com/2026/02/05/sc-legislators-denounce-lowcountry-data-center-while-mulling-regulations-for-the-industry/; https://www.wrdw.com/2026/03/05/sc-lawmakers-submit-resolution-temporarily-halt-data-center-projects/; https://www.scstatehouse.gov/sess126_2025-2026/bills/5286.htm; https://legiscan.com/SC/bill/H5526/2026; https://www.scstatehouse.gov/sess126_2025-2026/bills/5526.htm
grp_9007a64e,South Carolina Emerging Technologies Association (supportive),South Carolina Emerging Technologies Association (supportive),1,SC,2026-02-05,2026-02-05,https://www.fitsnews.com/2026/01/30/fitsforum-data-center-development-act-is-a-balanced-path-forward/; https://www.postandcourier.com/politics/south-carolina-data-centers-legislature-davis/article_83ddab2d-20d2-40e7-9688-04e37b27556f.html; https://www.sceta.io/; https://www.scpolicycouncil.org/a_trio_of_data_center_bills_filed_in_the_senate; https://www.scstatehouse.gov/sess126_2025-2026/bills/4583.htm; https://www.scstatehouse.gov/sess126_2025-2026/bills/867.htm; https://www.wfae.org/politics/2026-02-23/south-carolina-lawmakers-weigh-guardrails-on-data-center-growth; https://www.wistv.com/2026/02/06/south-carolina-lawmakers-weigh-new-regulations-growing-data-center-industry/; https://www.wrhi.com/2026/02/debate-intensifies-over-proposed-data-center-development-act-in-south-carolina-210161
grp_7b23ea27,South County Environmental Justice Coalition,South County Environmental Justice Coalition,1,MD,2025-09-01,2025-09-01,https://foxbaltimore.com/news/local/prince-georges-county-data-centers-zoning-electric-grid-energy-maryland; https://marylandmatters.org/2025/09/17/prince-georges-county-moves-to-put-data-center-development-on-pause/; https://commercialobserver.com/2025/09/data-center-pause-prince-george-maryland/; https://dbknews.com/2025/12/04/prince-georges-county-data-centers/
grp_bf778678,South Dakota for DC Transparency,South Dakota for DC Transparency,1,SD,2025-12-01,2025-12-01,https://www.siouxfallslive.com/news/sioux-falls/planned-data-center-sparks-outrage-in-downtown-sioux-falls; https://dakotafreepress.com/2026/01/17/sioux-falls-loses-11-of-voters-in-one-year-anti-data-center-petitioners-need-1000-fewer-signatures-than-expected/; https://dakotafreepress.com/2026/01/31/sioux-falls-data-center-referendum-petition-fails-january-chills-signature-collection/; https://siouxfalls.business/hyperscale-data-center-gains-rezoning-vote-after-hours-of-opposing-testimony/
grp_aaa110c6,South Florida Wildlands Association,South Florida Wildlands Association,1,FL,2026-03-01,2026-03-01,https://www.wptv.com/news/region-martin-county/indiantown/proposed-data-center-in-indiantown-would-impact-wetlands-and-protected-species-records-show; https://www.wflx.com/2026/03/03/proposed-data-center-indiantown-would-impact-wetlands-protected-species-records-show/; https://www.wflx.com/2026/02/24/whos-behind-massive-data-center-planned-indiantown/; https://cbs12.com/news/local/ai-data-center-treasure-coast-undeveloped-land-indiantown-florida-power-light-florida-news
grp_7e453c5d,South Texas Environmental Justice Network,South Texas Environmental Justice Network,1,TX,2026-04-07,2026-04-07,https://myrgv.com/local-news/2026/04/09/cameron-county-calls-for-long-term-planning-on-proposed-data-centers/; https://www.rgvbusinessjournal.com/news/08/04/2026/cameron-county-draws-a-line-on-data-centers-but-lacks-the-power-to-stop-them/; https://www.krgv.com/news/cameron-county-sets-safeguards-for-data-centers-to-protect-electric-grid
grp_a4880da1,Southern Alliance for Clean Energy (SACE),Southern Alliance for Clean Energy (SACE),1,GA,2026-01-16,2026-01-16,https://capitol-beat.org/2026/01/resistance-to-data-centers-fuels-flood-of-georgia-bills-targeting-the-industry/; https://cleanenergy.org/news/lame-duck-commission-sides-with-georgia-power-and-data-centers-over-families-and-small-businesses/; https://georgiarecorder.com/2026/01/20/outrage-over-surge-of-data-centers-in-georgia-inspires-wave-of-bipartisan-bills/; https://georgiarecorder.com/2026/02/26/data-center-bill-stalls-after-last-minute-change-opposed-by-industry-finds-support/; https://trackbill.com/bill/georgia-house-bill-1012-local-government-construction-or-development-of-new-data-centers-for-a-specified-time-prohibit/2778746/; https://www.selc.org/topic/data-centers-across-the-south/; https://www.sierraclub.org/press-releases/2026/01/environmental-groups-demand-psc-reconsider-data-center-energy-plan-overreach; https://www.wabe.org/georgia-lawmakers-debating-data-center-moratorium-and-regulation-bills-in-legislature/
grp_a0cd0521,Southern Coalition for Social Justice,Southern Coalition for Social Justice,1,NC,2026-01-12,2026-01-12,https://ncnewsline.com/2026/03/13/community-groups-sue-over-planned-data-center-in-stokes-county/; https://www.northcarolinahealthnews.org/2026/03/25/nc-communities-push-back-ai-data-centers-project-delta-lawsuit/; https://www.selc.org/press-release/community-groups-residents-file-lawsuit-over-stokes-county-data-center-rezoning/; https://southerncoalition.org/community-groups-residents-file-lawsuit-over-stokes-county-data-center-rezoning/; https://insideclimatenews.org/news/19032026/north-carolina-county-data-center-rezoning-lawsuit/; https://cwfnc.org/stokes/; https://www.theassemblync.com/news/environment/data-center-rezoning-stokes-county/; https://www.wunc.org/2026-03-16/developer-responds-to-lawsuit-challenging-stokes-data-center; https://www.africanelements.org/news/why-walnut-cove-is-suing-to-stop-project-delta-ai-centers/; https://www.wsoctv.com/news/local/nc-neighbors-suing-protect-farmland-rezoning-data-center/4FMVUKUJ7VBAJBV46OBDT75SYU/; https://journalnow.com/news/local/government-politics/article_e3217294-5ef8-4039-881e-8e2fb1818e16.html; https://journalnow.com/news/local/business/development/article_ecd6167b-aac8-4828-81e1-3d50a447416d.html; https://www.wunc.org/2026-03-05/data-center-approval-looms-over-stokes-county-primary-results; https://nclcv.org/cib03162026-data-centers-tipping-point/; https://www.wfmynews2.com/article/news/local/stokes-county-commissioners-reject-data-center-moratorium-project-delta-looms/83-dd17b48a-79f1-442c-a13c-afca1868db37; https://www.wfdd.org/politics-government/2026-07-14/stokes-commission-rejects-six-month-data-center-moratorium
grp_82ccb3d4,Southern Environmental Law Center,Southern Environmental Law Center,17,AL;GA;MS;NC;SC;TN;VA,2025-04-01,2026-06-15,https://www.birminghamal.gov/news/city-birmingham-proposes-temporary-pause-new-data-center-applications; https://birminghamwatch.org/2026/01/13/birmingham-leaders-weigh-180-day-moratorium-on-data-centers-amid-power-and-water-concerns/; https://gaspgroup.org/birmingham-residents-must-stay-engaged-on-the-proposed-data-center/; https://alabamarivers.org/bcc/; https://birminghamwatch.org/2026/03/03/birmingham-council-enacts-temporary-ban-on-large-data-centers/; https://www.birminghamtimes.com/2026/03/birmingham-city-council-imposes-temporary-freeze-on-data-centers/; https://abc3340.com/news/local/birmingham-halts-new-data-center-projects-with-six-month-moratorium-city-of-birmingham-council-public-hearing-data-centers-zoning-land-use-regulations-review-infrastructure-demands-development; https://yellowhammernews.com/permit-filed-for-multibillion-dollar-75-acre-data-center-in-birmingham/; https://www.wbrc.com/2026/03/04/birmingham-city-council-votes-pause-new-data-center-applications-six-months/; https://1819news.com/news/item/data-center-company-nebius-buys-79-acres-in-birmingham-in-90-million-deal; https://insideclimatenews.org/news/11052025/bessemer-alabama-proposed-data-center/; https://abc3340.com/news/abc-3340-news-iteam/bessemer-rezoning-fight-continues-over-proposed-data-center-court-hearing-complaint-motion-to-dismiss-response-legal-ruling-complaint-amendment-dispute-follow-up; https://www.wbrc.com/2026/01/20/bessemer-says-controversial-data-center-plan-is-changing-adding-buffer-land/; https://insideclimatenews.org/news/14012026/bessemer-alabama-data-center-to-ask-for-additional-900-acres/; https://abc3340.com/news/local/alabama-bessemer-approves-rezoning-of-914-acres-for-project-marvel-data-center-april-2026; https://www.wbrc.com/2026/04/22/this-project-feels-like-an-invasion-bessemer-council-approves-major-data-center-rezoning-amid-community-divide/; https://www.datacenterdynamics.com/en/news/14bn-project-marvel-data-center-approved-by-bessemer-city-council-amidst-fierce-opposition/; https://www.selc.org/press-release/bessemer-city-council-greenlights-controversial-data-center-rezoning/; https://insideclimatenews.org/news/23012026/this-small-alabama-town-was-part-of-the-manhattan-project-now-it-may-host-a-hyperscale-data-center/; https://abc3340.com/news/local/not-a-done-deal-childersburg-faces-questions-over-potential-data-center-talladega-industrial-park; https://coosavalleynews.com/2026/03/selc-sierra-club-sue-over-permit-for-new-fossil-fuel-units-at-plant-bowen-in-bartow-county/; https://insideclimatenews.org/news/02032026/georgia-regulators-sued-over-plant-bowen-gas-turbines/; https://www.eenews.net/articles/lawsuit-targets-air-permit-amid-georgia-data-center-build-out/; https://www.northwestgeorgianews.com/rome/news/local/new-data-center-proposal-in-bartow-would-require-as-much-power-as-324k-homes/article_05152f0c-ee11-11ef-9470-5b8da755f367.html; https://www.selc.org/press-release/groups-challenge-air-permit-for-massive-methane-gas-and-oil-expansion-at-plant-bowen/; https://www.sierraclub.org/georgia/datacenters; https://www.sierraclub.org/press-releases/2025/10/environmental-groups-urge-georgia-epd-deny-permit-new-methane-gas-units; https://www.mississippifreepress.org/as-musks-xai-data-centers-encroach-on-southaven-north-mississippi-residents-push-back/; https://mississippitoday.org/2026/02/18/xai-southaven-permit-public-resounding-no/; https://www.cnbc.com/2026/02/13/musks-xai-faces-threat-of-naacp-lawsuit-over-pollution-in-mississippi.html; https://safeandsound.info; https://www.nbcnews.com/news/us-news/musks-ai-power-plant-generates-sound-fury-mississippi-rcna258594; https://naacp.org/articles/naacp-selc-earthjustice-threaten-lawsuit-over-xais-unpermitted-gas-turbines-mississippi; https://earthjustice.org/press/2026/naacp-threatens-lawsuit-over-xais-unpermitted-gas-turbines-in-mississippi; https://magnoliatribune.com/2026/01/08/xai-investing-more-than-20-billion-in-southaven-data-center/; https://governorreeves.ms.gov/tech-leader-xai-investing-more-than-20-billion-in-southaven/; https://www.actionnews5.com/2026/01/08/largest-economic-development-history-20-billion-dollar-data-center-coming-southaven/; https://www.datacenterdynamics.com/en/news/xai-confirms-new-data-center-in-mississippi-elon-musk-pledges-20bn-investment-in-state/; https://naacp.org/articles/elon-musks-xai-threatened-lawsuit-over-air-pollution-memphis-data-center-filed-behalf; https://www.actionnews5.com/2026/02/13/selc-plans-sue-xai-over-gas-turbines-mississippi/; https://www.usnews.com/news/top-news/articles/2026-07-14/pollution-from-musks-unpermitted-xai-power-project-hits-hardest-in-black-communities; https://www.cnbc.com/2026/03/10/elon-musk-xai-permit-for-mississippi-plant-despite-pollution-concerns.html; https://naacp.org/articles/naacp-demands-mississippi-regulators-reschedule-data-center-permit-hearing; https://mississippitoday.org/2026/03/10/xai-permit-approved-southaven/; https://naacp.org/articles/naacp-and-advocacy-groups-appeal-air-permit-xais-personal-power-plant-north-mississippi; https://mississippitoday.org/2026/04/10/xai-southaven-permit-appeal/; https://www.selc.org/press-release/mississippi-regulators-rubber-stamp-air-permit-for-xai-power-plant-ignoring-overwhelming-public-pushback/; https://www.mississippifreepress.org/xai-faces-fierce-opposition-over-southaven-mississippi-power-plant-permit/; https://www.wlbt.com/2026/03/11/mdeq-approves-air-permit-xai-data-center-southaven-amid-community-opposition/; https://www.usnews.com/news/top-news/articles/2026-02-17/mississippi-holds-hearing-on-xai-data-center-amid-environmental-lawsuit-threat; https://www.cnbc.com/2026/03/09/mississippi-regulators-to-hold-xai-permit-meeting-on-election-day.html; https://dailymemphian.com/article/60703; https://www.selc.org/press-release/groups-appeal-air-permit-for-xais-personal-power-plant-in-north-mississippi/; https://earthjustice.org/press/2026/xai-sued-for-illegal-power-plant; https://www.selc.org/press-release/civil-rights-group-sues-xai-for-illegal-pollution-from-data-center-power-plant/; https://www.wsmv.com/2026/04/14/naacp-sues-xai-alleging-unlawful-operation-gas-turbines-southaven/; https://www.cnbc.com/2026/04/14/elon-musk-xai-memphis-data-centers.html; https://mississippitoday.org/2026/04/15/data-center-turbines-southaven/; https://www.utilitydive.com/news/doj-may-intervene-in-naacp-lawsuit-over-xais-data-center-gas-turbines/820363/; https://earthjustice.org/press/2026/naacp-asks-court-for-emergency-action-to-stop-illegal-air-pollution-from-xais-data-center-power-plant; https://mississippitoday.org/2026/05/25/elon-musk-xai-dater-center-mississippi/; https://www.esgdive.com/news/doj-may-intervene-in-naacp-lawsuit-over-xais-data-center-gas-turbines/820607/; https://www.cnbc.com/2026/06/16/usdepartment-of-justice-calls-for-dismissal-of-naacp-xai-lawsuit-.html; https://www.utilitydive.com/news/doj-intervenes-xai-data-center-gas-turbine-lawsuit/823267/; https://earth.org/trump-administration-seeks-dismissal-of-lawsuit-against-elon-musks-ai-data-center-near-memphis/; https://www.democracynow.org/2026/6/18/abre_conner_naacp; https://qz.com/trump-doj-naacp-xai-clean-air-act-lawsuit-memphis-061726; https://www.northcarolinahealthnews.org/2026/03/25/nc-communities-push-back-ai-data-centers-project-delta-lawsuit/; https://www.wunc.org/environment/2026-04-10/opposition-to-data-centers-is-catching-a-fire-across-north-carolina-spurring-political-challenges; https://indyweek.com/news/as-chatham-considers-moratorium-wake-county-residents-continue-opposition-to-proposed-apex-data-center/; https://mountainx.com/news/environment/canton-passes-12-month-moratorium-on-data-centers-and-cryptocurrency-mining/; https://nclocal.org/2026/02/12/town-of-canton-blocks-any-potential-data-center-for-one-year/; https://wlos.com/news/local/town-canton-moratorium-pause-data-centers-crypto-mining-noise-public-hearing-paper-mill-nature-resources-water-energy-technology-jobs-infrastructure-future-community-feb-11; https://www.change.org/p/stand-against-data-center-new-hill-nc; https://www.foxcarolina.com/2026/02/12/threat-our-community-canton-halts-data-center-construction-with-one-year-moratorium/; https://www.wunc.org/2026-02-12/canton-passes-a-12-month-moratorium-on-data-centers-and-cryptocurrency-mining; https://www.wunc.org/2026-03-17/lee-county-residents-ask-for-a-data-center-moratorium; https://sandhills.news/2026/01/06/lee-county-nc-fracking-and-data-center/; https://cwfnc.org/nofracklee/; https://www.sanfordherald.com/news/lee-commissioners-adopt-data-center-regulations/article_18d8f60f-25b7-5391-8faa-f6419a63919b.html; https://www.wral.com/news/local/central-north-carolina-data-center-plans-april-2026/; https://ncnewsline.com/2026/03/13/community-groups-sue-over-planned-data-center-in-stokes-county/; https://www.selc.org/press-release/community-groups-residents-file-lawsuit-over-stokes-county-data-center-rezoning/; https://southerncoalition.org/community-groups-residents-file-lawsuit-over-stokes-county-data-center-rezoning/; https://insideclimatenews.org/news/19032026/north-carolina-county-data-center-rezoning-lawsuit/; https://cwfnc.org/stokes/; https://www.theassemblync.com/news/environment/data-center-rezoning-stokes-county/; https://www.wunc.org/2026-03-16/developer-responds-to-lawsuit-challenging-stokes-data-center; https://www.africanelements.org/news/why-walnut-cove-is-suing-to-stop-project-delta-ai-centers/; https://www.wsoctv.com/news/local/nc-neighbors-suing-protect-farmland-rezoning-data-center/4FMVUKUJ7VBAJBV46OBDT75SYU/; https://journalnow.com/news/local/government-politics/article_e3217294-5ef8-4039-881e-8e2fb1818e16.html; https://journalnow.com/news/local/business/development/article_ecd6167b-aac8-4828-81e1-3d50a447416d.html; https://www.wunc.org/2026-03-05/data-center-approval-looms-over-stokes-county-primary-results; https://nclcv.org/cib03162026-data-centers-tipping-point/; https://www.wfmynews2.com/article/news/local/stokes-county-commissioners-reject-data-center-moratorium-project-delta-looms/83-dd17b48a-79f1-442c-a13c-afca1868db37; https://www.wfdd.org/politics-government/2026-07-14/stokes-commission-rejects-six-month-data-center-moratorium; https://scdailygazette.com/2025/12/19/gigawatt-data-center-proposal-draws-opposition-from-sc-lowcountry-residents-politicians/; https://scdailygazette.com/2025/12/23/who-will-pay-to-run-the-colleton-county-data-center/; https://abcnews4.com/news/local/colleton-county-erupts-as-residents-clash-with-developers-over-controversial-data-center; https://www.selc.org/press-release/landowners-sue-colleton-county-over-data-center-ordinance/; https://scdailygazette.com/2026/02/05/sc-legislators-denounce-lowcountry-data-center-while-mulling-regulations-for-the-industry/; https://www.live5news.com/2026/02/05/colleton-county-lawmakers-oppose-proposed-data-center-ace-basin/; https://www.live5news.com/2026/01/09/landowners-sue-colleton-county-over-data-center-ordinance/; https://www.selc.org/news/were-suing-to-protect-one-of-the-most-important-conservation-areas-in-the-south-from-data-centers/; https://www.postandcourier.com/rising-waters/data-center-secrecy-water-power-electric-colleton-county/article_5434700a-6506-4115-980f-51cf7440b5fb.html; https://www.change.org/p/stop-the-data-center-from-coming-to-walterboro-sc; https://abcnews4.com/news/local/colleton-county-residents-file-lawsuit-challenging-zoning-ordinance-for-new-data-center-ace-basin; https://www.live5news.com/2025/12/15/9-new-data-centers-proposed-colleton-county/; https://www.live5news.com/2026/07/08/6-month-pause-data-center-developments-colleton-county-lawsuit-paused/; https://palmettostatewatchfoundation.com/2026/01/06/petitions-protests-and-power-bills-spartanburg-faces-data-center-debacle/; https://stopprojectspero.com/; https://www.change.org/p/stop-data-centers-coming-to-upstate-sc; https://www.datacenterdynamics.com/en/news/proposal-for-3bn-data-center-faces-opposition-in-spartanburg-county-south-carolina/; https://www.datacenterdynamics.com/en/news/tigerdc-pulls-planned-data-center-project-from-south-carolina-county-after-officials-deny-tax-deal/; https://www.datacentermap.com/usa/south-carolina/spartanburg/tigerdc-sc1-campus/; https://www.foxcarolina.com/2026/02/27/company-withdraws-ai-data-center-spartanburg-county-consideration/; https://www.foxcarolina.com/2026/02/27/spartanburg-county-vote-no-project-spero-tax-incentive-after-public-backlash/; https://www.postandcourier.com/spartanburg/business/tigerdc-data-center-spartanburg-county-project-spero/article_08f63d91-4108-4439-92c9-51b51c081232.html; https://www.postandcourier.com/spartanburg/news/spartanburg-county-project-spero-tigerdc-data-center-vote/article_8eb0af10-4ca5-464a-8016-6961bfe61cad.html; https://www.postandcourier.com/spartanburg/news/spartanburg-project-spero-data-center-withdrawn/article_bfb9e61e-2282-4d22-9806-7aa4a934be27.html; https://www.wspa.com/news/community-pushing-back-on-3b-spartanburg-county-data-center/; https://www.wspa.com/news/local-news/ai-data-center-project-withdrawn-from-spartanburg-county/; https://www.foxcarolina.com/2026/03/07/ai-is-anti-human-protestors-express-concerns-regarding-data-centers-coming-upstate/; https://www.wrdw.com/2026/03/08/ai-is-anti-human-sc-protestors-express-concerns-regarding-data-centers/; https://www.foxcarolina.com/2026/02/17/data-center-one-step-closer-reality-after-spartanburg-county-council-approval/; https://www.postandcourier.com/spartanburg/news/spartanburg-county-data-center-pollution/article_5ff08496-ab3b-4462-8f83-70396747b96a.html; https://www.wspa.com/news/top-stories/spartanburg-delays-vote-on-3-billion-data-center-proposal/; https://www.ehn.org/community-pushback-grows-over-musk-backed-supercomputer-in-southwest-memphis; https://tennesseelookout.com/2025/07/07/a-billionaire-an-ai-supercomputer-toxic-emissions-and-a-memphis-community-that-did-nothing-wrong/; https://time.com/7308925/elon-musk-memphis-ai-data-center/; https://www.selc.org/news/resistance-against-elon-musks-xai-facility-in-south-memphis-gets-stronger/; https://insideclimatenews.org/news/17072025/elon-musk-xai-data-center-gas-turbines-memphis/; https://www.cnbc.com/2026/01/16/musks-xai-faces-tougher-road-expanding-memphis-area-after-epa-update.html; https://www.datacenterdynamics.com/en/news/elon-musks-xai-to-spend-659m-on-new-building-for-memphis-data-center-cluster/; https://naacp.org/articles/naacp-and-advocacy-groups-appeal-permit-xais-south-memphis-data-center-decisions-around; https://www.selc.org/news/xai-built-an-illegal-power-plant-to-power-its-data-center/; https://www.selc.org/press-release/new-images-reveal-elon-musks-xai-datacenter-has-nearly-doubled-its-number-of-polluting-unpermitted-gas-turbines/; https://prismreports.org/2025/06/18/xai-memphis-data-center-pollution/; https://virginiamercury.com/2025/12/25/state-regulators-clear-controversial-chesterfield-peaker-plant/; https://virginiamercury.com/2025/11/25/scc-approves-chesterfield-gas-plant-and-dominion-rate-hike-creates-new-rate-class-for-data-centers/; https://insideclimatenews.org/news/24022026/southern-environmental-law-center-challenges-dominion-gas-plant-approval/; https://www.canarymedia.com/articles/utilities/virginia-dominion-chesterfield-gas-data-center-demand; https://virginiamercury.com/briefs/scc-declines-to-reconsider-chesterfield-gas-plant-approval-advocacy-groups-appeal-air-permit/; https://vcnva.org/denying-balico-data-center-and-gas-plant/; https://www.datacenterdynamics.com/en/news/950-acre-data-center-campus-proposed-in-pittsylvania-county-virginia/; https://wset.com/news/local/pittsylvania-county-updates-plan-to-manage-data-center-growth-after-local-pushback-november-2025; https://cardinalnews.org/2025/04/10/data-centers-can-bring-high-paying-jobs-and-millions-in-tax-revenue-is-that-what-southside-will-get/
grp_76b9f42c,Southern Environmental Law Center (SELC),Southern Environmental Law Center (SELC),3,GA;SC,2026-01-16,2026-03-01,https://coosavalleynews.com/2026/03/selc-sierra-club-sue-over-permit-for-new-fossil-fuel-units-at-plant-bowen-in-bartow-county/; https://insideclimatenews.org/news/02032026/georgia-regulators-sued-over-plant-bowen-gas-turbines/; https://www.eenews.net/articles/lawsuit-targets-air-permit-amid-georgia-data-center-build-out/; https://www.northwestgeorgianews.com/rome/news/local/new-data-center-proposal-in-bartow-would-require-as-much-power-as-324k-homes/article_05152f0c-ee11-11ef-9470-5b8da755f367.html; https://www.selc.org/press-release/groups-challenge-air-permit-for-massive-methane-gas-and-oil-expansion-at-plant-bowen/; https://www.sierraclub.org/georgia/datacenters; https://www.sierraclub.org/press-releases/2025/10/environmental-groups-urge-georgia-epd-deny-permit-new-methane-gas-units; https://capitol-beat.org/2026/01/resistance-to-data-centers-fuels-flood-of-georgia-bills-targeting-the-industry/; https://cleanenergy.org/news/lame-duck-commission-sides-with-georgia-power-and-data-centers-over-families-and-small-businesses/; https://georgiarecorder.com/2026/01/20/outrage-over-surge-of-data-centers-in-georgia-inspires-wave-of-bipartisan-bills/; https://georgiarecorder.com/2026/02/26/data-center-bill-stalls-after-last-minute-change-opposed-by-industry-finds-support/; https://trackbill.com/bill/georgia-house-bill-1012-local-government-construction-or-development-of-new-data-centers-for-a-specified-time-prohibit/2778746/; https://www.selc.org/topic/data-centers-across-the-south/; https://www.sierraclub.org/press-releases/2026/01/environmental-groups-demand-psc-reconsider-data-center-energy-plan-overreach; https://www.wabe.org/georgia-lawmakers-debating-data-center-moratorium-and-regulation-bills-in-legislature/; https://www.live5news.com/2026/01/09/landowners-sue-colleton-county-over-data-center-ordinance/; https://scdailygazette.com/2026/02/05/sc-legislators-denounce-lowcountry-data-center-while-mulling-regulations-for-the-industry/; https://www.selc.org/press-release/landowners-sue-colleton-county-over-data-center-ordinance/; https://www.selc.org/news/were-suing-to-protect-one-of-the-most-important-conservation-areas-in-the-south-from-data-centers/; https://www.postandcourier.com/rising-waters/data-center-secrecy-water-power-electric-colleton-county/article_5434700a-6506-4115-980f-51cf7440b5fb.html; https://www.change.org/p/stop-the-data-center-from-coming-to-walterboro-sc; https://www.live5news.com/2026/02/05/colleton-county-lawmakers-oppose-proposed-data-center-ace-basin/; https://scdailygazette.com/2025/12/19/gigawatt-data-center-proposal-draws-opposition-from-sc-lowcountry-residents-politicians/; https://abcnews4.com/news/local/colleton-county-residents-file-lawsuit-challenging-zoning-ordinance-for-new-data-center-ace-basin; https://www.live5news.com/2025/12/15/9-new-data-centers-proposed-colleton-county/; https://www.live5news.com/2026/07/08/6-month-pause-data-center-developments-colleton-county-lawsuit-paused/
grp_76bb9250,Southface Institute,Southface Institute,1,GA,2026-01-16,2026-01-16,https://capitol-beat.org/2026/01/resistance-to-data-centers-fuels-flood-of-georgia-bills-targeting-the-industry/; https://cleanenergy.org/news/lame-duck-commission-sides-with-georgia-power-and-data-centers-over-families-and-small-businesses/; https://georgiarecorder.com/2026/01/20/outrage-over-surge-of-data-centers-in-georgia-inspires-wave-of-bipartisan-bills/; https://georgiarecorder.com/2026/02/26/data-center-bill-stalls-after-last-minute-change-opposed-by-industry-finds-support/; https://trackbill.com/bill/georgia-house-bill-1012-local-government-construction-or-development-of-new-data-centers-for-a-specified-time-prohibit/2778746/; https://www.selc.org/topic/data-centers-across-the-south/; https://www.sierraclub.org/press-releases/2026/01/environmental-groups-demand-psc-reconsider-data-center-energy-plan-overreach; https://www.wabe.org/georgia-lawmakers-debating-data-center-moratorium-and-regulation-bills-in-legislature/
grp_d9ff8ee2,Southfield Community for Growth Coalition,Southfield Community for Growth Coalition,1,MI,2025-12-15,2025-12-15,https://planetdetroit.org/2025/12/southfield-data-center-approval/; https://tlaib.house.gov/posts/tlaib-statement-on-ai-data-center-vote-in-southfield
grp_997f4819,Southwest Virginia Data Center Transparency Alliance,Southwest Virginia Data Center Transparency Alliance,1,VA,2025-12-01,2025-12-01,https://www.wdbj7.com/2026/03/26/google-reveals-more-details-about-botetourt-county-data-center-plans/; https://www.wdbj7.com/2026/03/26/google-confirms-development-botetourt-county-data-center-campus/; https://www.datacenterdynamics.com/en/news/google-details-planned-data-center-in-botetourt-county-virginia/; https://www.wsls.com/news/local/2026/03/12/documents-reveal-key-details-of-proposed-google-data-center-project-in-botetourt-county/; https://www.wdbj7.com/2026/02/25/google-data-centers-expected-water-use-made-public/; https://www.wdbj7.com/2026/01/17/botetourt-county-leaders-say-google-data-center-already-generating-revenue-funding-public-safety-schools/; https://cardinalnews.org/2026/04/03/have-questions-about-googles-data-center-project-in-botetourt-county-we-have-some-answers/; https://www.wsls.com/news/local/2026/04/03/residents-divided-as-google-announces-official-data-center-campus-in-botetourt-county/; https://www.wdbj7.com/2026/04/08/residents-raise-concerns-over-proposed-botetourt-county-data-center/; https://www.wdbj7.com/2026/03/31/data-center-transparency-group-responds-google-announcement/; https://wset.com/news/local/foia-records-raise-new-questions-about-water-use-at-proposed-botetourt-county-data-center-july-2026
grp_2d39f0f8,Sowega Aquifer Alliance,Sowega Aquifer Alliance,1,GA,2026-07-21,2026-07-21,https://www.walb.com/2026/07/21/data-centers-are-already-georgia-albany-commissioners-weigh-618-month-data-center-pause/
grp_14788479,St. Charles Residents Against Project Cumulus,St. Charles Residents Against Project Cumulus,1,MO,2026-05-19,2026-05-19,https://www.ksdk.com/article/news/local/st-charles-ai-data-center-ban-first-in-nation/63-2c50fbcf-fcad-4b8d-bbcb-3711f6c2d29d; https://www.kcur.org/housing-development-section/2025-08-19/st-charles-data-center-secret-public-opposition; https://www.midriversnewsmagazine.com/news/st-charles-residents-push-back-on-hyperscale-data-center-near-city-s-water-source/article_0892c124-6c4c-4ca0-a741-ee7275fbfeb0.html; https://www.firstalert4.com/2025/08/23/st-charles-places-1-year-pause-data-center-projects/; https://www.kcur.org/housing-development-section/2025-09-08/google-missouri-data-center-st-charles; https://www.kcur.org/politics-elections-and-government/2026-02-26/missouri-data-center-rules-water-electricity; https://www.stlpr.org/economy-business/2025-09-08/documents-link-secretive-st-charles-data-center-google; https://www.stlpr.org/news-briefs/2025-08-18/developer-controversial-data-center-st-charles; https://www.govtech.com/products/proposed-st-charles-mo-data-center-is-dead-for-now; https://grha.org/blogs/news/victory-for-the-confluence-data-center-withdrawn-amid-environmental-concerns; https://www.ksdk.com/article/money/economy/energy/missouri-massive-data-center-st-charles-secretive-power-water-worries-polluted-groundwater-protected-wetland/63-cdae3e73-efab-4c0c-9215-938d064188e3; https://www.stltoday.com/news/local/stcharles/article_c58f3b3e-c549-471a-9bf7-f1c9ee7c59b1.html; https://baxtel.com/data-center/project-cumulus; https://www.stltoday.com/news/local/st-charles/article_cc69ee91-9269-42c1-8a23-5a93d1c05679.html; https://www.datacenterdynamics.com/en/news/bernie-sanders-praises-residents-after-developers-shelve-planned-data-center-in-st-charles-missouri/; https://www.change.org/p/stop-the-hazardous-data-center-in-st-charles-protect-our-water-health-and-community; https://grha.org; https://www.stlmag.com/business/rural-missouri-data-center-battleground/; https://www.kcur.org/housing-development-section/2025-08-23/st-charles-data-center-year-ban; https://www.govtech.com/policy/st-charles-mo-moves-to-ban-data-centers-for-1-year; https://www.stlpr.org/government-politics-issues/2026-02-27/festus-leaders-next-step-approving-proposed-data-center; https://www.stlpr.org/government-politics-issues/2025-11-13/developer-eyes-festus-site-new-data-center-development; https://www.ksdk.com/article/news/politics/festus-residents-clash-over-data-center-proposal-at-city-council-meeting/63-c21a8c0d-169b-47ec-aa06-107395cdb6f7; https://www.kcur.org/housing-development-section/2025-11-15/data-center-developer-missouri-festus-st-charles; https://www.datacenterdynamics.com/en/news/developer-eyes-240-acre-data-center-campus-in-festus-missouri/; https://www.myleaderpaper.com/news/festus-second-data-center-lawsuit-filed/article_576699c7-2a83-48e4-a3bd-824b9ae760d1.html; https://www.ksdk.com/article/news/local/business-journal/st-charles-moves-to-permanently-ban-data-centers/63-3e1aa0a7-f1f0-4d30-b6b5-0f08648b55c5; https://fox2now.com/news/missouri/st-charles-considering-permanent-ban-on-data-centers/; https://www.stlpr.org/news-briefs/2026-02-10/st-charles-officials-table-vote-banning-large-scale-data-centers-april; https://www.firstalert4.com/2026/02/10/st-charles-planning-zoning-table-proposal-ban-data-centers/; https://www.ksdk.com/article/news/politics/st-charles-city-council-votes-7-1-to-effectively-ban-data-centers/63-7c9264ad-1dc5-4c38-853a-1f7cddf9c2ac; https://www.stlpr.org/2026-05-20/st-charles-passes-a-ban-on-data-centers; https://fox2now.com/news/missouri/st-charles-council-to-consider-ban-on-large-data-centers/
grp_d6081906,Stanton Springs Data Center (opposition Facebook page),Stanton Springs Data Center (opposition Facebook page),1,GA,2026-01-05,2026-01-05,https://www.ajc.com/news/business/5b-data-center-campus-spanning-300-plus-acres-pitched-east-of-atlanta/GPRU6WB6INAELEGM3A3N7SMW6Y/; https://www.covnews.com/news/cities/city-covington-enacts-moratorium-moves-reject-two-annexation-requests/; https://www.covnews.com/news/cities/city-covington-imposes-moratorium-new-data-center-requests/; https://www.rockdalenewtoncitizen.com/news/newton-county-puts-moratorium-on-data-center-applications/article_9dec6ba2-6c6c-408f-afbd-d10a63f09add.html
grp_6c76ca87,Starke County - No Data Center IN,Starke County - No Data Center IN,1,IN,2025-12-04,2025-12-04,https://www.wndu.com/2025/12/05/starke-county-planning-commission-approves-one-year-data-center-moratorium/; https://www.change.org/p/oppose-the-construction-of-a-data-center-in-starke-county; https://wkvi.com/2025/12/starke-county-plan-commission-unanimously-recommend-a-moratorium-on-data-centers/; https://www.inkfreenews.com/2025/12/08/starke-county-considers-data-center-moratorium/; https://wsbt.com/news/local/data-center-new-plans-email-leak-screenshots-abei-energy-meeting-community-discussion-planning-commission-board-starke-county-indiana; https://www.inkfreenews.com/2025/11/13/starke-county-officials-to-discuss-proposed-data-center-project/; https://wkvi.com/2025/11/starke-county-commissioners-discuss-data-centers-with-citizens/; https://wsbt.com/news/local/starke-county-board-of-commissioners-approve-12-month-ban-on-data-center-projects; https://wkvi.com/2026/07/starke-county-planning-commission-begins-exploring-possible-countywide-data-center-ban/
grp_030e3541,"Statesville area residents (Facebook group, 900+ members)","Statesville area residents (Facebook group, 900+ members)",1,NC,2025-09-08,2025-09-08,https://www.govtech.com/products/despite-protests-north-carolina-city-approves-data-center; https://www.datacenterdynamics.com/en/news/compass-datacenters-proposes-333-acre-campus-in-statesville-north-carolina/; https://www.iredellfreenews.com/news-features/2025/statesville-planning-board-votes-to-support-rezoning-for-compass-data-centers-project-despite-vocal-opposition/; https://www.governing.com/infrastructure/north-carolina-city-approves-massive-data-center-despite-local-opposition; https://www.wbtv.com/2025/08/21/data-center-proposal-statesville-draws-concerns-residents/; https://www.wcnc.com/article/news/local/statesville-rezoning-requests-controversial-data-center/275-45e60d6c-9600-470b-853c-984fbd3b27a0; https://www.datacentermap.com/usa/north-carolina/charlotte/compass-statesville/
grp_8610afa7,Stockton Area Residents Against Solar,Stockton Area Residents Against Solar,1,AL,2026-03-11,2026-03-11,https://www.alreporter.com/2026/03/12/bill-to-pause-new-solar-developments-advances-to-alabama-senate-for-vote/; https://pv-magazine-usa.com/2026/03/16/alabama-senator-seeks-statewide-ban-on-solar-installations/; https://heatmap.news/energy/meta-solar-alabama; https://alabamareflector.com/2026/04/08/one-year-moratorium-on-solar-farms-fails-on-alabama-senate-procedural-rule/
grp_13a4cea8,Stokes County Historical Society,Stokes County Historical Society,1,NC,2026-01-12,2026-01-12,https://ncnewsline.com/2026/03/13/community-groups-sue-over-planned-data-center-in-stokes-county/; https://www.northcarolinahealthnews.org/2026/03/25/nc-communities-push-back-ai-data-centers-project-delta-lawsuit/; https://www.selc.org/press-release/community-groups-residents-file-lawsuit-over-stokes-county-data-center-rezoning/; https://southerncoalition.org/community-groups-residents-file-lawsuit-over-stokes-county-data-center-rezoning/; https://insideclimatenews.org/news/19032026/north-carolina-county-data-center-rezoning-lawsuit/; https://cwfnc.org/stokes/; https://www.theassemblync.com/news/environment/data-center-rezoning-stokes-county/; https://www.wunc.org/2026-03-16/developer-responds-to-lawsuit-challenging-stokes-data-center; https://www.africanelements.org/news/why-walnut-cove-is-suing-to-stop-project-delta-ai-centers/; https://www.wsoctv.com/news/local/nc-neighbors-suing-protect-farmland-rezoning-data-center/4FMVUKUJ7VBAJBV46OBDT75SYU/; https://journalnow.com/news/local/government-politics/article_e3217294-5ef8-4039-881e-8e2fb1818e16.html; https://journalnow.com/news/local/business/development/article_ecd6167b-aac8-4828-81e1-3d50a447416d.html; https://www.wunc.org/2026-03-05/data-center-approval-looms-over-stokes-county-primary-results; https://nclcv.org/cib03162026-data-centers-tipping-point/; https://www.wfmynews2.com/article/news/local/stokes-county-commissioners-reject-data-center-moratorium-project-delta-looms/83-dd17b48a-79f1-442c-a13c-afca1868db37; https://www.wfdd.org/politics-government/2026-07-14/stokes-commission-rejects-six-month-data-center-moratorium
grp_cc328c2e,Stokes County NAACP,Stokes County NAACP,1,NC,2026-01-12,2026-01-12,https://ncnewsline.com/2026/03/13/community-groups-sue-over-planned-data-center-in-stokes-county/; https://www.northcarolinahealthnews.org/2026/03/25/nc-communities-push-back-ai-data-centers-project-delta-lawsuit/; https://www.selc.org/press-release/community-groups-residents-file-lawsuit-over-stokes-county-data-center-rezoning/; https://southerncoalition.org/community-groups-residents-file-lawsuit-over-stokes-county-data-center-rezoning/; https://insideclimatenews.org/news/19032026/north-carolina-county-data-center-rezoning-lawsuit/; https://cwfnc.org/stokes/; https://www.theassemblync.com/news/environment/data-center-rezoning-stokes-county/; https://www.wunc.org/2026-03-16/developer-responds-to-lawsuit-challenging-stokes-data-center; https://www.africanelements.org/news/why-walnut-cove-is-suing-to-stop-project-delta-ai-centers/; https://www.wsoctv.com/news/local/nc-neighbors-suing-protect-farmland-rezoning-data-center/4FMVUKUJ7VBAJBV46OBDT75SYU/; https://journalnow.com/news/local/government-politics/article_e3217294-5ef8-4039-881e-8e2fb1818e16.html; https://journalnow.com/news/local/business/development/article_ecd6167b-aac8-4828-81e1-3d50a447416d.html; https://www.wunc.org/2026-03-05/data-center-approval-looms-over-stokes-county-primary-results; https://nclcv.org/cib03162026-data-centers-tipping-point/; https://www.wfmynews2.com/article/news/local/stokes-county-commissioners-reject-data-center-moratorium-project-delta-looms/83-dd17b48a-79f1-442c-a13c-afca1868db37; https://www.wfdd.org/politics-government/2026-07-14/stokes-commission-rejects-six-month-data-center-moratorium
grp_862ec804,Stop AI Data Center on Long Ferry Rd. (community group),Stop AI Data Center on Long Ferry Rd. (community group),1,NC,2026-03-25,2026-03-25,https://www.wfae.org/energy-environment/2026-03-25/nobody-wants-it-here-rowan-county-residents-rail-against-data-centers-at-duke-energy-hearing; https://www.salisburypost.com/2026/03/28/rowan-residents-speak-out-against-buck-station-expansion-rate-hikes-long-ferry-data-center-at-utility-commission-public-hearing/; https://www.salisburypost.com/2026/03/17/online-petition-draws-ire-over-long-ferry-road-industrial-site/
grp_aaf03167,Stop AI Data Centers in Lawrence County,Stop AI Data Centers in Lawrence County,1,OH,2025-12-01,2025-12-01,https://www.change.org/p/stop-the-ai-data-centers-in-lawrence-county-ohio; https://www.datacenterdynamics.com/en/news/data-center-project-in-lawrence-county-ohio-sparks-calls-for-moratorium-in-neighboring-city/; https://irontontribune.com/2025/12/25/jan-8-meeting-set-on-data-center/; https://www.wowktv.com/news/ohio/lawrence-county-oh/lawrence-county-residents-unhappy-with-data-center-deal/; https://www.wowktv.com/news/ohio/lawrence-county-oh/new-ai-and-data-center-coming-to-lawrence-county-ohio/; https://wchstv.com/news/local/a-i-infrastructure-being-developed-in-lawrence-county-ohio
grp_ba850f55,Stop Archbald Data Centers,Stop Archbald Data Centers,2,PA,2025-11-01,2026-03-27,https://www.wvia.org/news/local/2025-11-25/crammed-angered-archbald-residents-express-disapproval-as-council-approves-controversial-data-center-zoning-amendment; https://www.thetimes-tribune.com/2026/01/18/wildcat-ridge-data-center-in-archbald-to-use-huge-amounts-of-power-water/; https://insideclimatenews.org/news/03032026/pennsylvania-data-center-resistance/; https://www.thetimes-tribune.com/2026/02/27/data-centers-join-archbald-to-defend-zoning-against-residents-appeal/; https://www.datacenterdynamics.com/en/news/21bn-data-center-campus-proposed-in-archbald-pennsylvania/; https://www.thetimes-tribune.com/2026/02/12/data-centers-are-coming-developer-addresses-archbald-at-public-hearing/; https://www.change.org/p/stop-data-center-construction-in-lackawanna-county; https://www.wnep.com/article/news/local/lackawanna-county/data-center-lackawanna-county-archbald-blakely-jessup-council-votes/523-627d1d15-f8e2-436e-be39-732ec3ee3b26; https://www.wvia.org/news/local/2026-02-04/data-centers-residents-fear-negative-impacts-on-water-resources-as-data-centers-are-proposed-across-northeast-pa; https://www.wvia.org/news/local/2026-01-29/archbald-council-hears-from-data-center-developer-eyeing-500-acre-site-possible-mine-water-use; https://www.wvia.org/news/local/2026-03-19/data-center-concerns-prompt-regime-change-in-archbald; https://www.wvia.org/news/local/2026-03-27/archbald-denies-18-building-data-center-campus-during-special-friday-afternoon-meeting; https://www.thetimes-tribune.com/2026/03/11/wildcat-ridge-data-center-campus-faces-major-opposition-in-archbald/; https://www.desmog.com/2026/03/11/data-centers-are-poised-to-engulf-a-pennsylvania-town/; https://www.desmog.com/2026/03/31/archbald-pennsylvania-residents-vote-no-data-center-provident-realty-advisors/; https://www.spotlightpa.org/news/2026/03/pennsylvania-data-centers-archbald-ai-evictions-environment/
grp_1ad1e8d2,Stop Data Center in Muscogee County,Stop Data Center in Muscogee County,1,GA,2026-06-16,2026-06-16,https://www.wrbl.com/top-stories/columbus-city-council-discusses-proposed-5-18-billion-data-center-residents-voice-concern/; https://www.change.org/p/stop-data-center-in-muscogee-county; https://www.datacenterdynamics.com/en/news/5bn-data-center-project-in-the-works-around-columbus-georgia/; https://www.wtvm.com/2026/02/16/columbus-leaders-pursue-5-billion-data-center-project/; https://www.wtvm.com/2026/02/12/proposed-5b-data-center-project-promises-195-new-jobs-columbus-area/; https://www.wtvm.com/2026/03/18/columbus-residents-pack-town-hall-over-proposed-5b-data-center-project-ruby/; https://www.wrbl.com/news/proposed-columbus-data-center-is-drawing-a-vocal-and-motivated-opposition/; https://nowgeorgia.com/thousands-sign-petition-opposing-data-center-in-columbus/; https://nowgeorgia.com/columbus-city-council-to-get-earful-on-data-center-proposal/; https://insideclimatenews.org/news/13042026/georgia-data-center-boom/; https://www.gpb.org/news/2026/06/04/georgia-today-columbus-data-centers-i-285-closure-world-cup-hot-weather
grp_7a05bb23,Stop Data Center Project Anthem Fair Oaks,Stop Data Center Project Anthem Fair Oaks,1,OK,2024-06-01,2024-06-01,https://www.datacenterdynamics.com/en/news/340-acre-data-center-campus-planned-in-tulsa-oklahoma/; https://www.publicradiotulsa.org/local-regional/2025-07-17/tulsa-county-commissioners-approve-data-center-zoning-despite-boisterous-public-opposition; https://www.fox23.com/news/in-depth-tulsa-leaders-consider-pause-on-new-data-centers-as-debate-grows-across-green/article_b2038fa2-74d4-4adc-9cfa-e8b5b0a041af.html; https://tulsaflyer.org/2026/03/19/government/post/east-tulsa-data-center-rezoning-for-project-anthem-delayed/
grp_11d67533,STOP Data Centers & Rezoning in Conewago Twp.,STOP Data Centers & Rezoning in Conewago Twp.,1,PA,2026-01-01,2026-01-01,https://www.change.org/p/stop-ai-data-centers-in-conewago-township-york-co; https://www.yorkdispatch.com/story/news/local/2026/01/26/york-county-pennsylvania-josh-shapiro-data-centers-donald-trump-ai/88365256007/; https://insideclimatenews.org/news/03032026/pennsylvania-data-center-resistance/
grp_4c4a7aaa,Stop Data Centers in Aurora IL,Stop Data Centers in Aurora IL,1,IL,2026-02-19,2026-02-19,https://www.chicagotribune.com/2026/02/19/aurora-considers-new-data-center-regulations-around-noise-water-and-power/; https://abc7chicago.com/post/what-is-data-center-expect-more-centers-illinois-like-cyrusone-aurora-il-amid-noise-electric-bill-complaints/18610141/; https://www.cyrusone.com/resources/press-releases/cyrusone-breaks-ground-on-new-data-center-in-aurora; https://patch.com/illinois/aurora/ground-breaks-350m-data-center-aurora; https://www.chicagotribune.com/2026/02/09/aurora-to-host-open-house-on-data-centers-amid-moratorium/; https://www.change.org/p/stop-data-centers-in-aurora-il; https://www.nprillinois.org/2026-03-26/aurora-passes-some-of-the-strongest-data-center-regulations-in-illinois
grp_51f93665,"Stop Data Centers in Maumee, Monclova, Waterville & Whitehouse","Stop Data Centers in Maumee, Monclova, Waterville & Whitehouse",1,OH,2026-02-18,2026-02-18,https://www.wtol.com/article/news/local/monclova-township-approves-12-month-moratorium-on-data-centers/512-9307862d-1a3c-45f9-acf2-8b49f0222efc; https://www.toledoblade.com/local/politics/2026/02/18/monclova-richfield-townships-latest-to-pass-data-center-moratoriums/stories/20260218126; https://www.13abc.com/2026/02/18/monclova-township-places-12-month-moratorium-data-centers/; https://www.wtol.com/article/news/local/monclova-township-community-pushback-possible-data-center/512-db210b53-6e11-4808-b049-d59871972754; https://www.wtol.com/article/news/local/monclova-twp-residents-protest-potential-data-center-development/512-bc9d6813-3c34-4809-b3ee-ab7c48d16d6f; https://toledofreepress.com/data-center-protestors-pack-monclova-meeting/
grp_d5efb802,Stop Data Colonialism,Stop Data Colonialism,3,NY;OK,2025-02-01,2026-01-01,https://www.wxxinews.org/local-news/2025-02-06/big-data-centers-eying-genesee-county-tech-park-face-widespread-opposition; https://www.wkbw.com/genesee-county/genesee-county-residents-voice-concerns-over-planned-multi-billion-dollar-data-center; https://orleanshub.com/allies-of-tonawanda-seneca-nation-strongly-oppose-monstrous-data-center-proposed-for-stamp/; https://videonewsservice.net/index.php/2025/10/21/genesee-county-tonawanda-seneca-nation-and-sierra-club-declare-victory-in-litigation-against-massive-data-center-seek-dismissal-of-suit-following-rescission-of-approvals/; https://www.wxxinews.org/local-news/2025-09-18/genesee-county-stamp-site-data-center-on-hold-as-expansion-gets-pursued; https://videonewsservice.net/index.php/2025/11/06/genesee-county-residents-of-the-glow-region-plan-rally-and-press-conference-to-celebrate-recent-victory-against-the-stamp-data-center/; https://www.investigativepost.org/2026/02/04/data-center-subsidies-of-6-4-million-per-job/; https://www.investigativepost.org/2026/01/30/genesee-ida-has-conflict-of-interest-in-stamp-data-center/; https://www.okenergytoday.com/2026/01/senator-says-data-center-moratorium-would-give-assurances-to-ratepayers/; https://www.datacenterdynamics.com/en/news/oklahoma-senator-proposes-three-year-data-center-moratorium-in-the-state/; https://www.multistate.us/insider/2026/3/13/local-data-center-regulations-gain-ground-as-state-bills-falter; https://goodjobsfirst.org/data-center-moratorium-bills-are-spreading-in-2026/; https://kfor.com/news/local/time-is-ticking-on-effort-to-halt-data-centers-in-ok-for-three-years/; https://oklahomawatch.org/2026/02/20/republicans-push-back-on-data-centers-in-oklahoma-other-states/; https://oksenate.gov/press-releases/senator-sacchieri-files-legislation-address-unknown-impacts-data-centers-oklahoma; https://www.govtech.com/products/oklahoma-bill-would-put-3-year-pause-on-data-centers; https://www.okenergytoday.com/2026/02/another-data-center-bill-wins-house-committee-approval/; https://www.okhouse.gov/posts/news-20260108_2; https://www.okhouse.gov/posts/news-20260217_6; https://time.com/7377579/ai-data-centers-people-movement-cover/; https://www.mvskokemedia.com/mvskoke-tech-park-bill-fails-in-4-11-vote/; https://www.mvskokemedia.com/mvskoke-tech-park-plan-crashes/; https://www.publicradiotulsa.org/local-regional/2025-10-07/indigenous-environmental-advocates-say-data-centers-risk-water-culture-and-informed-consent
grp_b9105bad,Stop Duneland and Valpo/Wheeler Data Centers,Stop Duneland and Valpo/Wheeler Data Centers,1,IN,2024-06-01,2024-06-01,https://www.datacenterdynamics.com/en/news/application-for-13bn-data-center-in-chesterton-indiana-withdrawn/; https://www.nwitimes.com/news/local/business/brassie-golf-course-provident-realty-advisors-data-center/article_f3650940-19d5-11ef-a122-d76b20ae0b48.html; https://www.nwitimes.com/news/local/jenny-hansen-chesterton-data-center-provident-realty-advisors/article_74c63836-1d16-11ef-87f9-fbc5e91dccff.html; https://www.foxcarolina.com/2026/02/12/threat-our-community-canton-halts-data-center-construction-with-one-year-moratorium/; https://nclocal.org/2026/02/12/town-of-canton-blocks-any-potential-data-center-for-one-year/; https://www.nwitimes.com/news/local/business/chesterton-data-center-provident-realty-advisors/article_cfa2c0e8-27e4-11ef-82c9-13d5c84f02ce.html; https://www.chicagotribune.com/2024/06/16/different-receptions-for-1-billion-investments-data-center-proposals-welcomed-in-laporte-but-not-in-chesterton/; https://www.inkfreenews.com/2025/05/05/data-center-wave-stalls-as-indiana-communities-push-back/; https://www.citact.org/about; https://www.change.org/p/stop-chesterton-data-center-campus; https://www.insideindianabusiness.com/articles/chesterton-data-center-project-withdrawn; https://www.nwitimes.com/news/local/business/data-center-provident-realty-advisors-chesterton/article_da2f9234-1f42-11ef-b4ef-f35b554f7907.html
grp_2be5f969,Stop Floyd County Hwy 53 Data Center,Stop Floyd County Hwy 53 Data Center,1,GA,2025-05-01,2025-05-01,https://www.northwestgeorgianews.com/rome/news/local/group-opposing-rome-data-center-gathers-signatures-for-petition/article_e2ebac25-d140-4c55-94e6-5f1f8bbdd624.html; https://www.datacenterdynamics.com/en/news/atlas-plans-24-million-sq-ft-data-center-campus-outside-rome-georgia/; https://www.northwestgeorgianews.com/pressrelease/floyd-county-libertarians-oppose-new-data-center-unequivocally-condemn-county-commission-decision/article_319a126c-f33e-4d5f-b3d1-54e5164e903a.html; https://coosavalleynews.com/2025/11/citizens-group-files-open-meetings-complaint-over-rome-floyd-data-center-deal/; https://www.change.org/p/we-say-no-to-atlas-development-s-data-center-battey-complex
grp_eeb22901,Stop FW Data Center Campus,Stop FW Data Center Campus,1,IN,2023-10-01,2023-10-01,https://www.wboi.org/2025-12-05/googles-data-center-part-one; https://www.datacenterdynamics.com/en/news/indiana-approves-expanding-googles-fort-wayne-data-center-campus-onto-protected-wetlands-despite-local-opposition/; https://www.wfyi.org/news/articles/googles-data-center-what-the-build-could-mean-for-fort-wayne; https://www.hecweb.org/2025/10/07/hecs-public-comments-on-the-isolated-wetland-permit-for-project-zodiac-data-center/; https://www.wane.com/top-stories/google-confirms-its-the-business-behind-project-zodiac-data-center-project-in-fort-wayne/; https://www.datacenterdynamics.com/en/news/googles-2bn-data-center-now-operational-in-fort-wayne-indiana/; https://www.wane.com/top-stories/google-data-centers-third-phase-under-environmental-review/; https://www.21alivenews.com/2026/07/20/google-explains-water-vapor-near-fort-wayne-data-center/
grp_9a8c9885,Stop Gilroy Data Center,Stop Gilroy Data Center,1,CA,2026-06-15,2026-06-15,https://www.change.org/p/stop-the-ai-data-centers-in-gilroy; https://www.change.org/p/banning-regulating-data-centers-in-gilroy; https://gilroydispatch.com/residents-raise-concerns-over-new-data-center-in-gilroy/; https://www.kron4.com/news/technology-ai/gilroy-community-fights-against-amazon-from-constructing-data-center/; https://www.datacenterdynamics.com/en/news/amazon-data-services-gains-approval-for-data-center-on-56-acres-in-gilroy-california/; https://abc7news.com/post/hundreds-show-pittsburg-city-council-meeting-opposing-data-center-development/19313397/
grp_fbfbe4fb,Stop Grant County Data Center,Stop Grant County Data Center,1,AR,2025-10-01,2025-10-01,https://www.kark.com/news/state-news/grant-county-residents-voice-concerns-over-proposed-data-solar-center/; https://www.kark.com/news/local-news/people-protest-at-the-grant-county-courthouse-against-proposed-data-and-solar-center-near-sheridan/; https://www.southarkansasreckoning.com/grant-county-data-center-opponents-to-protest-monday/
grp_7319657e,Stop Hanover Data Center VA,Stop Hanover Data Center VA,1,VA,2026-05-28,2026-05-28,https://www.wtvr.com/news/local-news/route-33-data-center-plan-feb-19-2026; https://richmondbizsense.com/2026/02/20/hanover-planning-commission-defers-vote-on-430-acre-data-center-project/; https://www.12onyourside.com/2026/02/05/community-meeting-draws-critics-mountain-road-data-center-plan/; https://richmondbizsense.com/2025/10/30/data-center-developer-tract-proposes-mountain-road-tech-park-in-western-hanover-county/; https://richmondbizsense.com/2026/05/28/hanover-supervisors-reject-data-center-project-on-mountain-road/; https://www.datacenterdynamics.com/en/news/tracts-430-acre-data-center-rejected-by-local-officials-in-hanover-county-virginia/; https://www.vpm.org/news/2026-06-01/hanover-mountain-road-data-center-tract-davis-prichard-kirchner-dibble
grp_d24f8cde,Stop Hanover Data Centers,Stop Hanover Data Centers,2,VA,2026-01-28,2026-05-28,https://virginiabusiness.com/developer-withdraws-hanover-data-center-campus-proposal/; https://www.wtvr.com/news/local-news/hanover-planning-commission-hhhunt-data-center-rezoning-jan-15-2026; https://www.datacenterdynamics.com/en/news/900mw-data-center-campus-plan-withdrawn-in-hanover-county-virginia/; https://www.wtvr.com/news/local-news/hhhunt-community-meeting-nov-17-2025; https://www.wtvr.com/news/local-news/route-33-data-center-plan-feb-19-2026; https://www.vpm.org/news/2025-11-18/hanover-hunting-hawk-data-center-hhhunt-wyndham-banton-mendelson-cheeley; https://www.henricocitizen.com/proposed-data-center-incites-opposition-from-hundreds-of-henrico-hanover-residents/; https://www.change.org/p/protect-virginia-communities-regulate-data-center-growth-before-it-s-too-late; https://neighbors4change.com/hhhunt-faces-strong-opposition-to-data-center-plan/; https://www.vpm.org/news/2026-01-20/hanover-hunting-hawk-data-center-hhhunt-wyndham-ashland-road-clark; https://www.wtvr.com/news/local-news/hanover-data-center-proposal-sept-8-2025; https://richmondbizsense.com/2026/02/20/hanover-planning-commission-defers-vote-on-430-acre-data-center-project/; https://www.12onyourside.com/2026/02/05/community-meeting-draws-critics-mountain-road-data-center-plan/; https://www.wtvr.com/news/local-news/hhhunt-withdraws-data-center-application-jan-28-2026; https://richmondbizsense.com/2026/01/16/hanover-planning-commission-rejects-hhhunt-data-center-project-near-wyndham/; https://richmondbizsense.com/2025/10/30/data-center-developer-tract-proposes-mountain-road-tech-park-in-western-hanover-county/; https://richmondbizsense.com/2026/05/28/hanover-supervisors-reject-data-center-project-on-mountain-road/; https://www.datacenterdynamics.com/en/news/tracts-430-acre-data-center-rejected-by-local-officials-in-hanover-county-virginia/; https://www.vpm.org/news/2026-06-01/hanover-mountain-road-data-center-tract-davis-prichard-kirchner-dibble
grp_8d94f361,Stop MARL Virginia / Stop Valley Link Virginia,Stop MARL Virginia / Stop Valley Link Virginia,1,VA,2026-02-19,2026-02-19,https://www.29news.com/2026/03/11/fluvanna-county-community-members-push-back-against-proposed-1-billion-transmission-line-project/; https://www.cvilletomorrow.org/valley-link-seeks-community-input-on-proposed-transmission-line-route-through-central-virginia/; https://cardinalnews.org/2026/03/12/massive-power-transmission-line-planned-for-campbell-to-culpeper/; https://www.pecva.org/work/energy-work/transmission/an-electric-super-highway-through-the-piedmont/; https://www.wric.com/news/local-news/neighbors-concerns-valley-link-transmission-line-project/; https://www.29news.com/2026/02/19/1-billion-115-mile-electric-transmission-line-project-planned-parts-central-virginia/; https://www.29news.com/2026/03/25/orange-community-members-pack-board-meeting-oppose-proposed-1-billion-transmission-line/; https://cardinalnews.org/2026/03/26/valley-link-power-transmission-proposal-meets-a-growing-organized-resistance/; https://www.vpm.org/news/2026-03-27/joshua-falls-yeat-valley-link-electric-transmission-pjm-energy-grid; https://www.12onyourside.com/2026/04/07/debate-intensifies-over-valley-link-transmission-project/
grp_84127a32,Stop MPRP,Stop MPRP,3,MD,2026-02-01,2026-04-06,https://www.thebanner.com/economy/growth-development/baltimore-county-data-center-moratorium-EVIJFJDL5VGCDNC22K52NQBMGI/; https://www.bayjournal.com/news/energy/maryland-counties-to-data-center-industry-slow-down/article_c8362372-9a29-4ef9-925a-c81840390a95.html; https://www.datacenterdynamics.com/en/news/150mw-data-center-proposed-for-baltimore-county-maryland/; https://patch.com/maryland/towson/woodlawn-data-center-proposal-meets-pushback-over-power-water-concerns; https://foxbaltimore.com/news/local/data-centers-energy-woodlawn-baltimore-county-maryland; https://www.baltimoresun.com/2026/07/17/data-centers-baltimore-county-regulations/; https://www.baltimoresun.com/2026/07/18/baltimore-county-democrats-data-center-moratorium/; https://www.wypr.org/wypr-news/2026-07-24/klausmeier-supports-baltimore-county-data-center-moratorium-extension; https://marylandmatters.org/2026/01/03/data-center-regulations-2026/; https://www.times-georgian.com/news/local/anti-data-center-group-we-will-continue-to-show-up/article_373d4ee8-a4e3-5e07-bac4-17d78cec0742.html; https://www.times-georgian.com/news/local/data-center-backlash-comes-to-commission/article_da4b99ba-eba6-592a-98a5-8a02ea390b66.html; https://www.wypr.org/wypr-news/2026-04-06/new-application-deadline-sought-for-maryland-piedmont-reliability-project; https://stopmprp.com/
grp_2e9001df,Stop Project Baccara,Stop Project Baccara,2,AZ,2025-12-10,2026-05-06,https://www.kjzz.org/business/2025-12-11/maricopa-county-is-the-latest-arizona-government-to-set-up-data-center-zoning-rules; https://www.bisnow.com/phoenix/news/data-center-community-relations/maricopa-county-to-modernize-zoning-rules-around-data-centers-132394; https://ktar.com/arizona-business/valley-data-center-scrutiny/5812647/; https://www.abc15.com/news/region-west-valley/community-concerned-over-major-new-data-center-project; https://arizonadailyindependent.com/2026/02/06/arizona-corporation-commission-approves-controversial-surprise-data-center/; https://www.azcentral.com/story/news/local/arizona/2026/04/09/maricopa-county-planning-zoning-approves-project-baccara-data-center/
grp_a6538552,Stop Project Baccara Coalition,Stop Project Baccara Coalition,1,AZ,2026-05-06,2026-05-06,https://ktar.com/arizona-business/valley-data-center-scrutiny/5812647/; https://www.abc15.com/news/region-west-valley/community-concerned-over-major-new-data-center-project; https://arizonadailyindependent.com/2026/02/06/arizona-corporation-commission-approves-controversial-surprise-data-center/; https://www.azcentral.com/story/news/local/arizona/2026/04/09/maricopa-county-planning-zoning-approves-project-baccara-data-center/
grp_4a68cb08,Stop Project Nova,Stop Project Nova,2,WI,2025-10-09,2026-04-07,"https://urbanmilwaukee.com/2025/10/09/citing-opposition-microsoft-cancels-caledonia-data-center/; https://www.tomshardware.com/desktops/servers/microsoft-cancels-wisconsin-data-center-after-community-pushback-244-acre-caledonia-site-on-hold-but-redmond-says-it-remains-committed-to-the-region; https://www.tmj4.com/news/racine-county/microsoft-pulls-plug-on-plans-for-244-acre-data-center-in-caledonia-after-community-pushback; https://www.cnbc.com/2025/11/25/microsoft-ai-data-center-rejection-vs-support.html; https://www.datacenterdynamics.com/en/news/microsoft-cancels-plans-for-data-center-caledonia-wisconsin/; https://www.cleanwisconsin.org/how-caledonia-defeated-a-data-center/; https://racinecountyeye.com/2025/09/23/microsoft-data-center-in-caledonia/; https://urbanmilwaukee.com/2025/09/24/microsoft-seeks-data-center-in-caledonia/; https://www.datacenterdynamics.com/en/news/milwaukee/; https://www.wpr.org/news/microsoft-caledonia-data-center-site-ozaukee-county; https://www.transformernews.ai/p/new-playbook-for-killing-a-data-microsoft-wisconsin-prescott-balch-charlie-berens; https://racinecountyeye.com/2026/04/07/caledonia-vote-results-april-2026/; https://spectrumnews1.com/wi/milwaukee/news/2026/04/13/caledonia--data-center--election--wisconsin-; https://ballotpedia.org/Prescott_Balch_(Caledonia_Village_Trustee_District_2,_Wisconsin,_candidate_2026"
grp_adf22f19,Stop Project Sail,Stop Project Sail,1,GA,2026-06-16,2026-06-16,https://www.gpb.org/news/2025/10/22/wave-of-data-center-ordinances-sweep-through-ga-counties-how-strict-are-they; https://www.datacenterdynamics.com/en/news/project-sail-data-center-newnan-atlanta-georgia/; https://www.desmog.com/2025/08/18/arthur-edge-data-center-lobbyists-project-sail-sargent-coweta-county-georgia/; https://stopsail.com/; https://chattahoochee.org/publications/coweta-county-project-sail-data-center-faq/; https://www.desmog.com/2025/09/10/prologis-project-sail-data-center-charm-offensive-coweta-county-georgia/; https://www.desmog.com/2025/12/15/behind-closed-doors-georgia-county-rewrote-data-center-rules/; https://www.times-herald.com/data_center/public-protests-split-vote-mark-approval-of-data-center-rules/article_324e192d-23e5-4d78-9894-00182e3a9d35.html; https://thecitizen.com/2026/04/10/coweta-commissioners-approve-project-sail-data-center-in-3-2-vote/; https://www.ajc.com/business/2026/04/coweta-votes-to-turn-this-800-acre-forest-into-17b-data-center-campus/; https://www.desmog.com/2026/04/07/how-data-center-developers-staked-their-claim-in-rural-georgia/; https://writing.strisker.com/data-centers-daily-notes-june-18-2026/
grp_3ea392fb,STOP Project Sail Newnan Data Center,STOP Project Sail Newnan Data Center,1,GA,2026-06-16,2026-06-16,https://www.gpb.org/news/2025/10/22/wave-of-data-center-ordinances-sweep-through-ga-counties-how-strict-are-they; https://www.datacenterdynamics.com/en/news/project-sail-data-center-newnan-atlanta-georgia/; https://www.desmog.com/2025/08/18/arthur-edge-data-center-lobbyists-project-sail-sargent-coweta-county-georgia/; https://stopsail.com/; https://chattahoochee.org/publications/coweta-county-project-sail-data-center-faq/; https://www.desmog.com/2025/09/10/prologis-project-sail-data-center-charm-offensive-coweta-county-georgia/; https://www.desmog.com/2025/12/15/behind-closed-doors-georgia-county-rewrote-data-center-rules/; https://www.times-herald.com/data_center/public-protests-split-vote-mark-approval-of-data-center-rules/article_324e192d-23e5-4d78-9894-00182e3a9d35.html; https://thecitizen.com/2026/04/10/coweta-commissioners-approve-project-sail-data-center-in-3-2-vote/; https://www.ajc.com/business/2026/04/coweta-votes-to-turn-this-800-acre-forest-into-17b-data-center-campus/; https://www.desmog.com/2026/04/07/how-data-center-developers-staked-their-claim-in-rural-georgia/; https://writing.strisker.com/data-centers-daily-notes-june-18-2026/
grp_4366187f,Stop Project Tango,Stop Project Tango,1,FL,2026-07-15,2026-07-15,https://www.wlrn.org/government-politics/2025-12-10/project-tango-ai-data-center-palm-beach-county; https://stetnews.org/2025/12/04/massive-data-storage-facility-on-fast-track/; https://www.datacenterdynamics.com/en/news/37-million-sq-ft-data-center-campus-gets-initial-ok-from-officials-in-florida/; https://cbs12.com/news/local/palm-beach-county-moves-forward-with-massive-ai-data-center-despite-neighborhood-pushback-arden-warehouse-toxic-noise-power-plant-wellington-dec-5-2025; https://www.change.org/p/say-no-to-the-construction-of-project-tango-ai-data-center-in-palm-beach-county; https://www.wlrn.org/government-politics/2026-03-03/palm-beach-county-residents-only-want-one-answer-on-data-center-no; https://stetnews.org/2025/12/11/neighborhood-outrage-knocks-data-center-off-fast-track/; https://www.wlrn.org/development/2026-01-12/ai-data-center-palm-beach-county-desantis-trump; https://floridaphoenix.com/2026/01/01/thirsty-ai-data-center-runs-into-florida-community-opposition-2/; https://news.datacenterview.com/p/december-11-2025-pba-s-project-tango-approved; https://www.wptv.com/news/palm-beach-county/arden-residents-rally-against-proposed-1-8-million-square-foot-ai-data-center-near-elementary-school; https://cbs12.com/news/local/project-tango-setback-palm-beach-county-zoning-board-recommends-denial-concerned-residents-environmental-impact-central-park-commerce-center-florida-news; https://cbs12.com/news/local/could-another-data-center-move-forward-at-project-tango-site-lawsuit-raises-new-questions-public-input-hearings-vote-loophole-warehouse-conversion-wpb-logistics-tpa-group-pba-holdings; https://www.wflx.com/2026/07/16/palm-beach-county-commissioners-reject-project-tango-ai-data-center-after-more-than-12-hours-debate/; https://www.wflx.com/2026/07/16/relief-sweeps-through-community-after-palm-beach-county-denies-project-tango-ai-data-center/; https://www.bloomberg.com/news/articles/2026-07-15/ai-backlash-builds-for-project-tango-proposal-near-trump-s-mar-a-lago; https://www.wptv.com/news/region-c-palm-beach-county/loxahatchee-acreage/palm-beach-county-commissioners-reject-project-tango-ai-data-center-after-more-than-12-hours-of-debate; https://www.wlrn.org/government-politics/2026-07-16/project-tango-ai-data-center-palm-beach-rejected
grp_6cfb66b7,Stop Project Vector (ad hoc),Stop Project Vector (ad hoc),1,IL,2025-12-08,2025-12-08,https://www.shawlocal.com/daily-chronicle/2025/12/09/unanimous-yes-to-560-acre-dekalb-data-center/; https://northernstar.info/130777/news/dozens-gather-to-voice-concerns-over-proposed-dekalb-data-center/
grp_2074f464,Stop Saline Data Center,Stop Saline Data Center,10,MI,2025-08-12,2026-04-22,https://planetdetroit.org/2026/03/lawmakers-propose-michigan-data-center-moratorium/; https://gophouse.org/posts/rep-wortz-introduces-bills-to-protect-communities-from-data-center-encroachment; https://wwmt.com/news/state/dozens-speak-out-against-data-centers-michigan-house-committee-hearing-legislation-law-bills-politics-artificial-intelligence; https://michiganadvance.com/briefs/wortz-spearheads-bipartisan-effort-to-halt-data-center-construction-in-michigan/; https://www.wkar.org/michigans-data-center-divide/2026-04-23/public-speaks-out-against-data-centers-at-house-subcommittee-hearing; https://bridgemi.com/business-watch/overflow-crowd-tells-lansing-lawmakers-stop-secrecy-around-data-centers/; https://www.cbsnews.com/detroit/news/michigan-house-subcommittee-hears-testimony-data-centers/; https://planetdetroit.org/2025/09/saline-denies-data-center/; https://salinetownship.org/uploads/minutes/1761140618_August%205.pdf; https://salinetownship.org/uploads/notices/QA%20Data%20Center%20Proposal.pdf; https://www.wemu.org/wemu-news/2025-09-11/saline-township-rejects-data-center-rezoning; https://thesuntimesnews.com/saline-township-board-denies-rezoning-request-for-data-center/; https://www.change.org/p/stop-the-massive-ai-data-center-in-saline-township-in-michigan; https://www.clickondetroit.com/news/local/2026/01/29/saline-township-residents-frustrated-after-zoning-vote-blocks-referendum-on-ai-data-center/; https://planetdetroit.org/2025/12/saline-data-center-settlement-challenge/; https://planetdetroit.org/2026/02/judge-denies-data-center-intervention/; https://www.wxyz.com/news/data-centers/judge-rules-against-saline-township-residents-motion-to-intervene-in-data-center-agreement; https://planetdetroit.org/2026/01/dte-agrees-saline-data-center-conditions/; https://www.metrotimes.com/news/michigan-news/residents-raise-alarms-over-environmental-risks-tied-to-massive-data-center-in-saline-township/; https://bridgemi.com/michigan-environment-watch/michigan-regulators-approve-contract-for-michigans-first-hyperscale-data-center/; https://planetdetroit.org/2025/10/saline-hyperscale-data-center/; https://bridgemi.com/michigan-environment-watch/dte-consumers-advance-plans-for-power-hungry-data-centers-in-michigan/; https://michiganadvance.com/2025/10/30/whitmer-multi-billion-dollar-saline-township-data-center-largest-investment-in-michigan-history/; https://www.govtech.com/products/michigan-township-defends-decision-on-openai-data-center; https://gizmodo.com/openais-stargate-data-center-approved-in-michigan-as-american-anger-starts-to-boil-2000701890; https://www.datacenterdynamics.com/en/news/planned-stargate-data-center-encounters-opposition-in-saline-township-michigan/; https://www.michiganpublic.org/politics-government/2025-12-02/saline-residents-protest-data-center-project-chant-no-secret-deals; https://www.wemu.org/wemu-news/2026-02-20/lawsuit-aimed-at-stopping-saline-township-data-center-rejected-by-washtenaw-county-judge; https://mitechnews.com/featured/billion-openai-data-center-clears-major-legal-hurdle-in-saline/; https://planetdetroit.org/2026/02/saline-data-center-air-wetlands-permits/; https://www.datacenterdynamics.com/en/news/related-digitals-michigan-1gw-data-center-project-to-serve-openai-oracle/; https://www.related-digital.com/news/openai-oracle-and-related-digital-announce-stargate-data-center-site-in-michigan; https://planetdetroit.org/2025/12/dte-data-center-contracts-approved/; https://www.michigan.gov/ag/news/press-releases/2026/04/17/ag-nessel-files-appeal-of-mpsc-approval-of-dtes-saline-data-center-contracts; https://michiganadvance.com/briefs/nessel-appeals-dte-data-center-contracts-in-continued-push-for-contested-case/; https://www.cbsnews.com/detroit/news/michigan-ag-appeals-approval-of-dte-saline-data-center-contracts/; https://www.govtech.com/artificial-intelligence/michigan-attorney-general-challenges-data-center-power-deal; https://thesuntimesnews.com/saline-township-sued-data-center-zoning/; https://insideclimatenews.org/news/26102025/related-digital-michigan-data-center-settlement/; https://planetdetroit.org/2025/10/saline-data-center-settlement/; https://thesuntimesnews.com/saline-township-settles-lawsuit-as-data-center-project-moves-forward/; https://themanchestermirror.com/2025/10/27/what-does-the-saline-township-data-center-agreement-mean-for-the-manchester-area/; https://www.datacenterdynamics.com/en/news/township-in-michigan-settles-lawsuit-allows-data-center-project-to-proceed/; https://eu.detroitnews.com/story/news/local/michigan/2025/12/03/hundreds-log-in-to-public-hearing-about-saline-township-data-center/87565089007/; https://planetdetroit.org/2025/12/dte-data-center-hearing/; https://www.wxyz.com/news/mpsc-holds-public-hearing-on-saline-township-data-center-protesters-march-outside-dte; https://www.wemu.org/wemu-news/2025-12-05/mpsc-holds-off-on-saline-township-data-center-vote; https://www.clickondetroit.com/news/local/2025/12/14/saline-township-resident-files-lawsuit-to-stop-massive-data-center-project/; https://www.stopsalinedatacenter.org/legal/Blog%20Post%20Title%20One-3zaa9-zlxng-67tfc-8aja7; https://www.michigandaily.com/news/news-briefs/saline-township-resident-takes-legal-action-to-stop-data-center/; https://planetdetroit.org/2025/12/salin-township-data-center-wetlands/; https://www.wemu.org/wemu-news/2025-12-19/egle-gets-earful-during-public-hearing-on-saline-township-data-center-wetlands; https://wdet.org/2025/12/17/public-meeting-to-discuss-permits-for-saline-data-center-impact-on-wetlands/; https://thesuntimesnews.com/saline-twp-rescinds-industrial-zoning-ends-data-center-referendum-path/; https://thesalinepost.com/g/saline-mi/n/362588/saline-township-reverses-decision-rezone-land-data-center-project-goes-forward
grp_d79349ef,Stop Solar in Stockton,Stop Solar in Stockton,1,AL,2025-12-02,2025-12-02,https://www.wkrg.com/baldwin-county/people-care-about-these-wetlands-baldwin-county-residents-unite-against-massive-solar-farm-project/; https://alabamareflector.com/2026/02/27/proposed-lower-alabama-solar-project-stuck-in-the-mud/; https://mynbc15.com/news/local/metas-solar-farm-plans-face-opposition-in-baldwin-county; https://www.fox10tv.com/2026/02/05/solar-farm-approved-north-baldwin-county-power-meta-data-center/; https://www.lagniappemobile.com/news/baldwin_county/meta-linked-solar-fields-planned-on-stockton-tract/article_2e3d5c6f-e6a5-4817-a0c3-2c5b281eb1c5.html; https://www.apr.org/news/2026-03-05/who-decides-where-a-baldwin-county-solar-farm-goes; https://www.wkrg.com/baldwin-county/developer-of-massive-stockton-solar-farm-lays-out-plans-for-4500-acre-property/
grp_0d785c54,Stop Solon Township Data Center,Stop Solon Township Data Center,1,MI,2026-02-01,2026-02-01,https://www.fox17online.com/news/local-news/rockford-cedar-springs-sparta/solon-township-approves-6-month-moratorium-on-data-center-proposals; https://stopsolontownshipdatacenter.com/; https://www.woodtv.com/news/kent-county/data-center-concerns-shared-at-solon-township-meeting/; https://www.wkar.org/wkar-news/2026-02-27/michigan-data-center-tracker-moratoria-legislation-and-grid-impact
grp_abbc6bac,Stop Temple Data Centers,Stop Temple Data Centers,1,TX,2026-04-21,2026-04-21,https://www.kwtx.com/2026/04/07/temple-data-center-construction-underway-with-community-partnerships/; https://www.tdtnews.com/news/central_texas_news/article_ee7c3d19-8342-4bad-857f-c53816f84a95.html; https://kdhnews.com/news/region/third-rowan-data-center-minimum-700-million-investment-temple-withholds-utility-records/article_26faabc9-c301-547c-87b1-b011751e721d.html; https://www.kwtx.com/2026/04/21/temple-residents-launch-recall-effort-against-mayor-council-members-over-data-center-vote/; https://www.kxxv.com/news/local-news/in-your-neighborhood/bell-county/temple/temple-residents-launch-a-recall-petition-against-the-mayor-and-city-council-over-approved-data-center; https://www.tdtnews.com/news/central_texas_news/article_97251f92-a4db-45cb-9bcf-b113047a4099.html; https://www.kcentv.com/article/news/local/temple-recall-effort-against-mayor-davis-and-council-members-falls-short-of-needed-signatures/500-70af88ad-4e48-4bce-8d0a-2c8ff2e7fc50
grp_bedc7dcb,Stop the AI Data Center in Independence,Stop the AI Data Center in Independence,3,MO,2026-01-16,2026-02-26,https://www.kcur.org/politics-elections-and-government/2026-02-26/missouri-data-center-rules-water-electricity; https://www.stlpr.org/government-politics-issues/2026-02-26/missouri-lawmakers-propose-water-power-usage-requirements-data-centers; https://www.ky3.com/2026/02/27/missouri-future-caucus-prioritizes-legislation-regulate-ai-data-centers/; https://www.newstribune.com/news/2026/feb/26/legislation-would-prevent-data-centers-from/; https://www.missourinet.com/2026/02/26/missouris-data-boom-prompts-bills-targeting-high-water-use-and-energy-costs/; https://www.kait8.com/2026/05/25/missouri-lawmakers-fail-pass-ai-regulations-during-2026-legislative-session/; https://missouriindependent.com/2026/05/15/missouri-legislature-ends-2026-session-marked-by-gop-wins-fewer-meltdowns/; https://www.missourinet.com/2026/02/27/missouris-josh-hawley-says-major-tech-companies-should-pay-for-energy-and-water-usage-generated-by-their-data-centers/; https://www.centralmoinfo.com/lawmakers-target-data-center-impacts/; https://house.mo.gov/PressRelease.aspx?prid=387; https://www.kcur.org/housing-development-section/2026-01-16/kansas-city-zoning-data-centers; https://www.smartcitiesdive.com/news/data-centers-kansas-city-zoning-ordinance/811587/; https://fox4kc.com/news/the-cost-of-ai-local-leaders-advocates-share-concerns-about-kcs-data-center-boom/; https://www.kctv5.com/2026/02/12/google-confirms-new-data-center-development-kansas-citys-northland/; https://fox4kc.com/news/independence-city-council-votes-to-approve-tax-breaks-for-nebius-data-center/; https://www.kcur.org/politics-elections-and-government/2026-03-03/independence-gives-billions-in-tax-breaks-for-a-massive-data-center-despite-outcry-from-residents; https://www.kcur.org/housing-development-section/2026-02-13/independence-data-center-tax-breaks-opposition; https://www.kcur.org/housing-development-section/2026-01-31/ai-data-center-missouri-protest-josh-hawley; https://kansascitydefender.com/technology-ai/independence-residents-fight-a-6-6-billion-data-center-as-mondays-tax-break-vote-looms/; https://thebeaconnews.org/stories/2026/02/27/independence-tax-abatement-ai-data-center/; https://www.kshb.com/news/local-news/missouri/jackson-county/independence-approves-hyperscale-ai-data-center-issues-150-billion-in-bonds; https://www.kcur.org/housing-development-section/2026-03-02/independence-to-vote-on-6-billion-tax-break-for-massive-ai-data-center-heres-what-to-know; https://nebius.com/independencemo; https://fox4kc.com/news/community-comes-together-to-voice-concerns-about-independence-data-center/; https://www.kcur.org/politics-elections-and-government/2026-03-12/independence-residents-sue-tax-breaks-data-center; https://www.kctv5.com/2026/03/25/court-kills-residents-bid-vote-nebius-ai-data-center-tax-deal/; https://www.kshb.com/news/local-news/missouri/jackson-county/court-rules-in-favor-of-independence-nebius-data-center-project-wont-go-to-vote; https://fox4kc.com/news/citizens-file-lawsuit-against-city-of-independence-over-data-center-referendum/; https://www.datacenterdynamics.com/en/news/independence-missouri-faces-lawsuit-after-rejecting-petition-against-tax-breaks-for-nebius-data-center/; https://goodjobsfirst.org/independence-missouri-data-center-nebius/; https://www.kcur.org/politics-elections-and-government/2026-03-25/judge-says-independence-residents-cant-force-vote-on-data-center-tax-breaks; https://www.kcur.org/politics-elections-and-government/2026-04-09/after-these-independence-councilmembers-supported-an-ai-data-center-voters-ousted-them; https://dailycaller.com/2026/04/13/missouri-voters-give-boot-to-2-city-council-members-who-backed-multi-billion-dollar-ai-data-center-bonanza/
grp_ed401449,Stop the AI Data Center in Independence (Facebook group),Stop the AI Data Center in Independence (Facebook group),1,MO,2026-03-24,2026-03-24,https://www.kcur.org/housing-development-section/2026-03-24/liberty-missouri-ai-data-center-tax-breaks; https://fox4kc.com/news/new-1-4-billion-ai-data-center-heading-to-liberty-missouri/; https://www.kshb.com/news/local-news/liberty-officials-approve-1-4-billion-in-bonds-and-tax-abatements-for-new-metrobloks-data-center
grp_678dc9c1,Stop the CCP Ford Marshall Megasite,Stop the CCP Ford Marshall Megasite,1,MI,2025-10-01,2025-10-01,https://www.woodtv.com/news/calhoun-county/proposed-marshall-data-center-met-with-concerns-from-residents/; https://wwmt.com/news/local/biggest-meeting-data-center-development-concern-marshall-meeting-michigan-alterra-gas-generation-plant-brooks-industrial-park-wetland-environment-conservation-wwmt; https://wwmt.com/news/local/data-center-gas-generation-plant-proposed-in-marshall-alterra-development-calhoun-county-energy-electricity-water; https://wtvbam.com/2025/12/19/874062/
grp_ba13aa3e,Stop the Data Center,Stop the Data Center,3,MI,2025-06-01,2026-03-03,https://planetdetroit.org/2026/04/ypsilanti-township-escalates-data-center-fight/; https://www.easternecho.com/article/2026/04/ypsilanti-township-strengthens-opposition-to-data-center-as-u-m-confirms-land-purchase; https://michiganadvance.com/2026/04/02/ypsilanti-township-board-gives-full-support-to-resolution-opposing-los-alamos-research-facility/; https://actionnetwork.org/letters/stop-the-hydro-park-data-center; https://www.wemu.org/wemu-news/2026-02-17/ann-arbor-township-passes-12-month-moratorium-on-data-centers; https://michiganadvance.com/2025/10/09/a-michigan-town-hopes-to-stop-a-data-center-with-a-2026-ballot-initiative/; https://www.michigandaily.com/news/ann-arbor/stop-the-data-center-organizes-assembly-to-discuss-winter-action-plan/; https://edraofmi.org/; https://concentratemedia.com/data-centers-in-washtenaw-county-economic-boon-or-environmental-liability/; https://edraofmi.org/ai-data-centers; https://bridgemi.com/michigan-environment-watch/tiny-michigan-town-hopes-to-stop-data-center-with-ballot-initiative/; https://www.wemu.org/wemu-news/2026-03-03/ypsilanti-city-council-likely-to-pass-data-center-moratorium; https://planetdetroit.org/2026/01/university-michigan-data-center-ypsilanti/; https://planetdetroit.org/2025/06/university-michigan-data-center-concerns/; https://planetdetroit.org/2026/02/los-alamos-nuclear-research-ypsilanti/; https://www.wemu.org/wemu-news/2026-03-04/city-of-ypsilanti-passes-data-center-moratorium; https://www.easternecho.com/article/2026/03/city-of-ypsilanti-considers-emergency-moratorium-concerning-data-center-zoning
grp_d63502ae,Stop the Data Center @ Barnsley,Stop the Data Center @ Barnsley,1,GA,2026-03-01,2026-03-01,https://coosavalleynews.com/2026/03/selc-sierra-club-sue-over-permit-for-new-fossil-fuel-units-at-plant-bowen-in-bartow-county/; https://insideclimatenews.org/news/02032026/georgia-regulators-sued-over-plant-bowen-gas-turbines/; https://www.eenews.net/articles/lawsuit-targets-air-permit-amid-georgia-data-center-build-out/; https://www.northwestgeorgianews.com/rome/news/local/new-data-center-proposal-in-bartow-would-require-as-much-power-as-324k-homes/article_05152f0c-ee11-11ef-9470-5b8da755f367.html; https://www.selc.org/press-release/groups-challenge-air-permit-for-massive-methane-gas-and-oil-expansion-at-plant-bowen/; https://www.sierraclub.org/georgia/datacenters; https://www.sierraclub.org/press-releases/2025/10/environmental-groups-urge-georgia-epd-deny-permit-new-methane-gas-units
grp_2ae49028,Stop the Data Center Construction in Perry Township,Stop the Data Center Construction in Perry Township,2,OH,2025-07-01,2025-08-01,https://www.news-herald.com/2025/07/11/perry-village-government-provides-updates-regarding-proposed-data-center/; https://www.news-herald.com/2025/06/24/perry-village-amends-zoning-code-to-include-data-center-campuses/; https://www.news-herald.com/2025/08/10/perry-village-getting-ready-to-post-more-answers-to-data-center-questions/; https://www.datacenterdynamics.com/en/news/microsoft-shares-details-on-ohio-data-center-in-perry-township/; https://www.yahoo.com/news/articles/many-perry-township-residents-voice-114547726.html; https://www.hometownstations.com/news/fortune-500-company-could-potentially-bring-data-center-into-perry-township/article_77d95ef2-59e5-11ef-9d42-7355b206ccf0.html; https://www.limaohio.com/top-stories/2024/10/16/microsoft-moves-on-from-proposed-perry-township-data-center/
grp_fb5dc5ec,Stop the Data Center in Bartow County,Stop the Data Center in Bartow County,1,GA,2025-04-28,2025-04-28,https://www.fox5atlanta.com/news/backlash-over-proposed-data-center-near-adairsville; https://www.daily-tribune.com/news/springbank-data-center-application-withdrawn/article_4038268b-78d8-5d26-9e10-2bf514aac3a3.html
grp_30f96cfa,Stop the Data Center on Taylor Lane,Stop the Data Center on Taylor Lane,2,TX,2025-12-01,2025-12-03,https://www.change.org/p/stop-infrakey-data-center-from-building-in-lacy-lakeview; https://wacobridge.org/2025/11/21/talks-underway-for-10-billion-data-center-and-power-plant-north-of-waco/; https://www.kxxv.com/news/local-news/in-your-neighborhood/neighbors-petition-against-proposed-10-billion-data-center-near-lacy-lakeview; https://www.texastribune.org/2025/11/24/texas-waco-data-center-project/; https://www.datacenterdynamics.com/en/news/10bn-data-center-project-recieves-approval-in-lacy-lakeview-texas/; https://www.texastribune.org/2026/02/13/texas-data-centers-local-governments-power/; https://wacodatacenter.com/; https://wacobridge.org/2025/12/10/tensions-high-lacy-lakeview-data-center-vote/; https://wacobridge.org/2025/12/14/water-power-politics-three-challenges-for-the-10b-data-center-project/; https://www.kwtx.com/2025/12/03/residents-oppose-proposed-10-billion-data-center-near-elm-mott/; https://wacobridge.org/2025/12/05/lacy-lakeview-data-center-annexation/; https://www.kxxv.com/news/local-news/in-your-neighborhood/we-dont-want-this-lacy-lakeview-approves-data-center-agreement-despite-neighbors-opposition; https://www.globenewswire.com/news-release/2026/01/20/3221928/0/en/Infrakey-DC-Parks-Partners-with-City-of-Lacy-Lakeview-to-Launch-925MW-Data-Center-District-in-McLennan-County-Texas.html; https://www.governing.com/infrastructure/texas-towns-push-back-on-data-center-expansion
grp_770b04e8,Stop the Data Center on Taylor Lane (Facebook group),Stop the Data Center on Taylor Lane (Facebook group),1,TX,2025-12-01,2025-12-01,https://www.change.org/p/stop-infrakey-data-center-from-building-in-lacy-lakeview; https://wacobridge.org/2025/11/21/talks-underway-for-10-billion-data-center-and-power-plant-north-of-waco/; https://www.kxxv.com/news/local-news/in-your-neighborhood/neighbors-petition-against-proposed-10-billion-data-center-near-lacy-lakeview; https://www.texastribune.org/2025/11/24/texas-waco-data-center-project/; https://www.datacenterdynamics.com/en/news/10bn-data-center-project-recieves-approval-in-lacy-lakeview-texas/; https://www.texastribune.org/2026/02/13/texas-data-centers-local-governments-power/; https://wacodatacenter.com/; https://wacobridge.org/2025/12/10/tensions-high-lacy-lakeview-data-center-vote/; https://wacobridge.org/2025/12/14/water-power-politics-three-challenges-for-the-10b-data-center-project/; https://www.kwtx.com/2025/12/03/residents-oppose-proposed-10-billion-data-center-near-elm-mott/; https://wacobridge.org/2025/12/05/lacy-lakeview-data-center-annexation/; https://www.kxxv.com/news/local-news/in-your-neighborhood/we-dont-want-this-lacy-lakeview-approves-data-center-agreement-despite-neighbors-opposition; https://www.globenewswire.com/news-release/2026/01/20/3221928/0/en/Infrakey-DC-Parks-Partners-with-City-of-Lacy-Lakeview-to-Launch-925MW-Data-Center-District-in-McLennan-County-Texas.html; https://www.governing.com/infrastructure/texas-towns-push-back-on-data-center-expansion
grp_a8f00e29,Stop the Data Centers Livingston County,Stop the Data Centers Livingston County,1,MI,2025-11-20,2025-11-20,https://planetdetroit.org/2025/12/billion-dollar-data-center-paused/; https://michiganadvance.com/2025/11/21/local-michigan-township-trustee-says-meta-is-behind-data-center-project-planned-near-howell/; https://planetdetroit.org/2025/11/meta-data-center-howell-township/; https://www.fractracker.org/2026/01/howell-township-data-center-win/; https://michiganadvance.com/2025/12/08/rezoning-request-for-rural-michigan-data-center-project-pulled-from-consideration/; https://www.change.org/p/stop-the-construction-of-michigan-s-largest-data-center-in-howell; https://www.datacenterdynamics.com/en/news/meta-reportedly-the-company-behind-1bn-data-center-in-howell-county-michigan/; https://www.wilx.com/2025/11/21/meta-is-behind-proposed-howell-twp-data-center-trustee-says/
grp_881d5009,Stop the Greenleaf Data Center,Stop the Greenleaf Data Center,1,WI,2026-01-13,2026-01-13,https://www.wearegreenbay.com/news/local-news/because-of-community-opposition-village-of-greenleaf-no-longer-considered-for-data-center-project/; https://spectrumnews1.com/wi/milwaukee/news/2026/01/13/data-center-withdraws-plans-to-build-in-brown-county-following-community-pushback-greenleaf-; https://fox11online.com/news/local/company-discontinues-possible-ai-data-center-project-in-greenleaf-after-community-backlash; https://www.thecooldown.com/green-business/greenleaf-wisconsin-residents-oppose-data-center/; https://www.wearegreenbay.com/news/local-news/houston-based-real-estate-developer-responds-to-data-center-proposal-concerns-in-northeast-wisconsin/; https://www.cleanwisconsin.org/take-a-stand-against-unchecked-data-center-development/
grp_18e00e86,Stop the Hermantown Data Center,Stop the Hermantown Data Center,1,MN,2025-10-20,2025-10-20,https://www.mprnews.org/story/2026/04/08/opponents-of-data-centers-join-with-critics-of-power-line-proposal-in-northern-minnesota; https://www.kaxe.org/local-news/2026-04-06/public-meetings-april-6-9-for-proposed-iron-range-tranmission-line; https://stopthehermantowndatacenter.org/; https://www.mncenter.org/release-hermantown-data-center-environmental-study-appealed
grp_2b5ef303,Stop the Hutto Data Center,Stop the Hutto Data Center,1,TX,2026-04-17,2026-04-17,https://communityimpact.com/austin/pflugerville-hutto/development/2026/04/09/hutto-residents-air-concerns-over-proposed-data-center/; https://www.kxan.com/news/local/hutto/proposed-hutto-data-center-faces-opposition-from-nearby-residents/; https://www.kvue.com/article/news/local/williamson-county/hutto-data-center-resident-concerns/269-f1fcb072-1224-4b97-8c77-c02108eae987; https://www.kut.org/energy-environment/2026-04-20/hutto-tx-zydeco-data-center-rezoning-request; https://communityimpact.com/austin/pflugerville-hutto/government/2026/04/22/zydeco-development-withdraws-zoning-request-for-data-center-in-hutto/; https://www.kxan.com/news/local/hutto/hutto-data-center-rezoning-request-withdrawn-by-developer/
grp_07ce8850,Stop the Menomonie Data Center,Stop the Menomonie Data Center,1,WI,2025-09-24,2025-09-24,https://www.wpr.org/news/menomonie-mayor-defends-move-to-halt-massive-data-center-project; https://www.wpr.org/news/menomonie-mayor-puts-data-center-proposal-on-hold; https://www.foxbusiness.com/economy/mystery-companys-1-6b-data-center-proposed-wisconsin-farmland-draws-residents-ire; https://www.wqow.com/news/chippewa-valley/new-data-center-ordinance-introduced-in-menomonie-residents-continue-to-protest/article_53bb6671-7f82-456c-a679-15d8c1b5c8f7.html; https://www.wpr.org/news/data-center-proposed-menomonie-strong-response-concerned-citizens; https://volumeone.org/articles/2025/08/26/370164-tech-giant-is-considering-16-billion-data-center-dunn-county; https://www.datacenterdynamics.com/en/news/data-center-development-in-menomonie-wisconsin-delayed/; https://wisconsinwatch.org/2026/01/wisconsin-data-center-secrecy-deals-nda-nondisclosure-agreement/; https://capitollien.com/1-6-billion-on-farmland-menomonies-proposed-data-center-and-the-local-backlash/
grp_73c35845,Stop the Monticello Data Centers MN,Stop the Monticello Data Centers MN,1,MN,2026-03-09,2026-03-09,https://www.hometownsource.com/monticello_times/environmental-group-files-lawsuit-challenging-monticello-data-center-review/article_d5ffa609-757b-485d-b8b4-ef8e3ead2694.html; https://www.fox9.com/news/monticello-residents-rally-against-proposed-data-centers-march-2026; https://www.hometownsource.com/monticello_times/data-center-pushback-gains-momentum/article_289f1599-95ad-4b59-9298-482b565dbf14.html; https://www.kare11.com/article/news/local/proposed-data-centers-in-monticello-spark-community-backlash/89-9f0aa475-3d16-4ab5-8b06-27f4cea6b408
grp_8833e62a,Stop the Palm Beach DC Project Tango,Stop the Palm Beach DC Project Tango,1,FL,2026-07-15,2026-07-15,https://www.wlrn.org/government-politics/2025-12-10/project-tango-ai-data-center-palm-beach-county; https://stetnews.org/2025/12/04/massive-data-storage-facility-on-fast-track/; https://www.datacenterdynamics.com/en/news/37-million-sq-ft-data-center-campus-gets-initial-ok-from-officials-in-florida/; https://cbs12.com/news/local/palm-beach-county-moves-forward-with-massive-ai-data-center-despite-neighborhood-pushback-arden-warehouse-toxic-noise-power-plant-wellington-dec-5-2025; https://www.change.org/p/say-no-to-the-construction-of-project-tango-ai-data-center-in-palm-beach-county; https://www.wlrn.org/government-politics/2026-03-03/palm-beach-county-residents-only-want-one-answer-on-data-center-no; https://stetnews.org/2025/12/11/neighborhood-outrage-knocks-data-center-off-fast-track/; https://www.wlrn.org/development/2026-01-12/ai-data-center-palm-beach-county-desantis-trump; https://floridaphoenix.com/2026/01/01/thirsty-ai-data-center-runs-into-florida-community-opposition-2/; https://news.datacenterview.com/p/december-11-2025-pba-s-project-tango-approved; https://www.wptv.com/news/palm-beach-county/arden-residents-rally-against-proposed-1-8-million-square-foot-ai-data-center-near-elementary-school; https://cbs12.com/news/local/project-tango-setback-palm-beach-county-zoning-board-recommends-denial-concerned-residents-environmental-impact-central-park-commerce-center-florida-news; https://cbs12.com/news/local/could-another-data-center-move-forward-at-project-tango-site-lawsuit-raises-new-questions-public-input-hearings-vote-loophole-warehouse-conversion-wpb-logistics-tpa-group-pba-holdings; https://www.wflx.com/2026/07/16/palm-beach-county-commissioners-reject-project-tango-ai-data-center-after-more-than-12-hours-debate/; https://www.wflx.com/2026/07/16/relief-sweeps-through-community-after-palm-beach-county-denies-project-tango-ai-data-center/; https://www.bloomberg.com/news/articles/2026-07-15/ai-backlash-builds-for-project-tango-proposal-near-trump-s-mar-a-lago; https://www.wptv.com/news/region-c-palm-beach-county/loxahatchee-acreage/palm-beach-county-commissioners-reject-project-tango-ai-data-center-after-more-than-12-hours-of-debate; https://www.wlrn.org/government-politics/2026-07-16/project-tango-ai-data-center-palm-beach-rejected
grp_cd20cb6d,Stop the Pine Island Data Center,Stop the Pine Island Data Center,1,MN,2025-10-16,2025-10-16,https://www.mncenter.org/press-release-pine-island-data-center-environmental-study-appealed; https://www.postbulletin.com/news/local/flurry-of-filings-come-as-court-dates-draw-near-for-pine-island-data-center; https://www.kttc.com/2025/10/09/pine-island-data-center-project-faces-community-opposition/
grp_494901dc,Stop the Waco Data Center,Stop the Waco Data Center,1,TX,2025-12-01,2025-12-01,https://www.change.org/p/stop-infrakey-data-center-from-building-in-lacy-lakeview; https://wacobridge.org/2025/11/21/talks-underway-for-10-billion-data-center-and-power-plant-north-of-waco/; https://www.kxxv.com/news/local-news/in-your-neighborhood/neighbors-petition-against-proposed-10-billion-data-center-near-lacy-lakeview; https://www.texastribune.org/2025/11/24/texas-waco-data-center-project/; https://www.datacenterdynamics.com/en/news/10bn-data-center-project-recieves-approval-in-lacy-lakeview-texas/; https://www.texastribune.org/2026/02/13/texas-data-centers-local-governments-power/; https://wacodatacenter.com/; https://wacobridge.org/2025/12/10/tensions-high-lacy-lakeview-data-center-vote/; https://wacobridge.org/2025/12/14/water-power-politics-three-challenges-for-the-10b-data-center-project/; https://www.kwtx.com/2025/12/03/residents-oppose-proposed-10-billion-data-center-near-elm-mott/; https://wacobridge.org/2025/12/05/lacy-lakeview-data-center-annexation/; https://www.kxxv.com/news/local-news/in-your-neighborhood/we-dont-want-this-lacy-lakeview-approves-data-center-agreement-despite-neighbors-opposition; https://www.globenewswire.com/news-release/2026/01/20/3221928/0/en/Infrakey-DC-Parks-Partners-with-City-of-Lacy-Lakeview-to-Launch-925MW-Data-Center-District-in-McLennan-County-Texas.html; https://www.governing.com/infrastructure/texas-towns-push-back-on-data-center-expansion
grp_9a7ed483,Stop Waco Data Centers,Stop Waco Data Centers,1,TX,2025-12-01,2025-12-01,https://www.change.org/p/stop-infrakey-data-center-from-building-in-lacy-lakeview; https://wacobridge.org/2025/11/21/talks-underway-for-10-billion-data-center-and-power-plant-north-of-waco/; https://www.kxxv.com/news/local-news/in-your-neighborhood/neighbors-petition-against-proposed-10-billion-data-center-near-lacy-lakeview; https://www.texastribune.org/2025/11/24/texas-waco-data-center-project/; https://www.datacenterdynamics.com/en/news/10bn-data-center-project-recieves-approval-in-lacy-lakeview-texas/; https://www.texastribune.org/2026/02/13/texas-data-centers-local-governments-power/; https://wacodatacenter.com/; https://wacobridge.org/2025/12/10/tensions-high-lacy-lakeview-data-center-vote/; https://wacobridge.org/2025/12/14/water-power-politics-three-challenges-for-the-10b-data-center-project/; https://www.kwtx.com/2025/12/03/residents-oppose-proposed-10-billion-data-center-near-elm-mott/; https://wacobridge.org/2025/12/05/lacy-lakeview-data-center-annexation/; https://www.kxxv.com/news/local-news/in-your-neighborhood/we-dont-want-this-lacy-lakeview-approves-data-center-agreement-despite-neighbors-opposition; https://www.globenewswire.com/news-release/2026/01/20/3221928/0/en/Infrakey-DC-Parks-Partners-with-City-of-Lacy-Lakeview-to-Launch-925MW-Data-Center-District-in-McLennan-County-Texas.html; https://www.governing.com/infrastructure/texas-towns-push-back-on-data-center-expansion
grp_4572922b,Stop Washington Township Data Center,Stop Washington Township Data Center,2,MI,2026-01-14,2026-03-11,https://www.wkar.org/wkar-news/2026-02-27/michigan-data-center-tracker-moratoria-legislation-and-grid-impact; https://titletrackmichigan.org/datacenters/; https://www.change.org/p/ban-ai-data-centers-in-michigan; https://www.detroitnews.com/story/news/local/macomb-county/2025/12/30/northern-macomb-co-washington-residents-rally-proposed-data-center-tax-base-boost/87832882007/; https://stopwtdatacenter.org/; https://planetdetroit.org/2025/12/washington-township-data-center-hearing/; https://planetdetroit.org/2026/03/washington-township-delays-data-center-decision/; https://www.macombdaily.com/2026/03/11/washington-twp-data-center-zoning-request-postponed-yet-again-heres-why/; https://www.cnbc.com/2026/01/07/microsoft-behind-controversial-data-center-in-michigan-township.html; https://writing.strisker.com/data-centers-daily-notes-may-25-2026/; https://planetdetroit.org/2026/04/washington-township-weighs-data-center-impacts/
grp_5602ed65,Strong Towns Charles County,Strong Towns Charles County,1,MD,2026-03-02,2026-03-02,https://thebaynet.com/charles-county-planning-commission-votes-to-deny-data-center-zoning-amendment/; https://thebaynet.com/planning-commission-delays-action-on-data-center-zoning-in-charles-county/; https://www.somdnews.com/independent/news/local/charles-public-hearing-addresses-data-centers/article_107ec9cc-a8b3-493b-b9fe-14d09bd4c9e9.html; https://thebaynet.com/maryland-groups-join-forces-upcoming-data-center-decisions/; https://strongtownscharco.substack.com/p/reject-zta-25-187-data-centers-we; https://thebaynet.com/charles-countys-morgantown-plant-being-bought-by-data-infrastructure-company/; https://investors.terawulf.com/news-events/press-releases/detail/129/terawulf-expands-digital-and-power-infrastructure-portfolio; https://technical.ly/entrepreneurship/terawulf-maryland-power-plant-acquistion/; https://www.cnbc.com/2025/08/18/terawulf-stock-google-stake-datacenter.html; https://www.coindesk.com/business/2025/10/28/terawulf-stock-surges-22-after-usd9-5b-google-backed-ai-compute-deal-with-fluidstack; https://finance.yahoo.com/technology/ai/articles/ferc-approves-terawulf-purchase-former-142458295.html; https://technical.ly/civics/terawulf-lands-ferc-approval-maryland-power-plant/
grp_30c6da63,Sugarloaf Alliance,Sugarloaf Alliance,2,MD,2025-12-24,2026-03-06,https://www.datacenterdynamics.com/en/news/amazon-to-expand-virginia-cloud-region-into-maryland-develop-data-centers-in-tpgs-quantum-frederick-park/; https://www.wusa9.com/article/news/local/maryland/frederick-county-council-faces-pressure-data-center-regulation-bill/65-eca839b8-7a5b-4268-a12f-cb46ab2c2ba5; https://foxbaltimore.com/news/local/frederick-county-residents-push-referendum-data-center-zoning-plan-passes; https://www.fredericknewspost.com/news/politics_and_government/levels_of_government/county/amazon-sought-to-invest-billions-bring-data-centers-to-frederick-county/article_fad23fd2-1cb5-5bd1-adb2-e20176011de6.html; https://www.datacenterfrontier.com/featured/article/11428096/quantum-loophole-plans-2100-acre-data-center-campus-in-maryland; https://www.datacenterdynamics.com/en/news/aligned-looks-to-develop-three-more-data-centers-at-quantum-frederick-park-in-maryland/; https://www.wypr.org/wypr-news/2026-03-12/frederick-county-group-wants-voters-to-decide-data-center-limits; https://www.wypr.org/wypr-news/2025-12-24/frederick-county-council-passes-map-for-data-center-development; https://www.fredericknewspost.com/news/continuing_coverage/data_centers/pippy-proposes-data-center-moratorium-bill-for-frederick-county/article_a31f3fc5-5c63-5255-9dae-2077932ea181.html; https://www.bayjournal.com/news/energy/maryland-counties-to-data-center-industry-slow-down/article_c8362372-9a29-4ef9-925a-c81840390a95.html; https://ccanactionfund.org/frederick-county-residents-gather-an-impressive-21029-valid-signatures-to-put-controversial-data-center-expansion-project-on-the-ballot/
grp_b2bda393,Sugarloaf Citizens Association,Sugarloaf Citizens Association,2,MD,2026-02-01,2026-02-02,https://bethesdamagazine.com/2026/02/25/dickerson-data-center-developers-have-right-to-go-forward-elrich-says/; https://bethesdamagazine.com/2026/02/07/moco-residents-air-concerns-about-utility-rates-environmental-impacts-of-data-centers/; https://atmosphere-dc.com/data-centers/dickerson-md/; https://bethesdamagazine.com/2025/12/18/data-center-dickerson-potomac-river-water/; https://www.foodandwaterwatch.org/2026/02/24/md-advocates-residents-call-for-data-center-moratorium-at-town-hall/; https://www.thebanner.com/economy/growth-development/montgomery-county-data-centers-elrich-moratorium-regulations-GIJORCK4OJHZ7P3QCWFDB75HLE/; https://wtop.com/montgomery-county/2026/02/coming-at-us-way-too-fast-public-comment-on-data-centers-in-montgomery-county/; https://bethesdamagazine.com/2026/02/17/planning-advances-moco-data-center-debate-zta/
grp_5f11cfb8,Sunbury Residents Against Data Centers,Sunbury Residents Against Data Centers,1,OH,2026-04-15,2026-04-15,https://abc6onyourside.com/news/local/sunbury-ohio-delaware-county-residents-voice-opposition-to-proposed-amazon-data-center; https://www.nbc4i.com/news/local-news/sunbury/sunbury-residents-push-back-against-data-center-development/; https://www.ohio.news/stories/sunbury-data-center-postponed-while-lawmakers-consider-new-commission-to-dispel-inaccurate-myths/; https://www.datacenterdynamics.com/en/news/aws-plans-2bn-data-center-campus-in-sunbury-ohio/; https://www.10tv.com/article/news/local/boomtown-ohio/amazon-new-data-center-delaware-county-ohio/530-df6756a8-47e3-4e04-a78d-189d4d014168; https://signalohio.org/ohio-data-center-boom-faces-political-resistence/; https://signalohio.org/columbus-suburb-sues-to-block-amazon-data-centers-six-acre-array-of-228-fuel-cells-ohio/; https://baxtel.com/data-center/amazon-sunbury-ohio; https://www.delgazette.com/2026/03/25/sunbury-mayor-moratorium-on-data-centers/; https://www.wosu.org/politics-government/2026-04-16/sunbury-city-council-passes-moratorium-on-data-centers; https://www.10tv.com/article/news/local/sunbury-city-council-passes-moratorium-data-centers/530-1802c6de-12e6-48c6-b390-1308fbcbc76c; https://www.thewestervillenews.com/p/central-ohio-weekly-news-brief-june-3b1; https://abc6onyourside.com/news/local/sunbury-petition-seeks-november-ballot-measure-limiting-data-centers-to-25-megawatts; https://www.thecooldown.com/green-tech/data-center-ban-sunbury-ohio-ballot/
grp_77f3e239,Sunrise Spartans (MSU),Sunrise Spartans (MSU),1,MI,2026-04-06,2026-04-06,https://www.fox47news.com/neighborhoods/downtown-old-town-reo-town/tonight-lansing-city-council-expected-to-vote-on-proposed-120-million-deep-green-data-center-project; https://michiganadvance.com/2026/04/06/deep-green-pulls-request-to-rezone-downtown-lansing-parcel-axing-data-center-proposal/; https://www.wkar.org/michigans-data-center-divide/2026-04-06/proposed-data-center-wont-move-forward-in-lansing-as-deep-green-withdraws
grp_917f6c5e,Susitna River Coalition,Susitna River Coalition,1,AK,2026-03-11,2026-03-11,https://alaskapublic.org/news/politics/2026-03-11/mat-su-data-center-plan-in-doubt-after-mayors-veto; https://alaskapublic.org/news/environment/2026-03-19/assembly-overrides-veto-advances-data-center-related-partnership
grp_b6ec2f7e,Sustain Rockford,Sustain Rockford,1,IL,2025-11-01,2025-11-01,https://www.change.org/p/oppose-high-impact-data-center-development-and-demand-sustainable-growth-for-rockford-il; https://capitolnewsillinois.com/news/lawmakers-seek-ways-to-prevent-data-centers-from-straining-illinois-power-grids/; https://www.mystateline.com/news/monarch-energy-finalizing-12-billion-investment-into-rockford-data-center/; https://www.rockrivercurrent.com/2026/03/how-a-landfill-waste-to-energy-project-gave-way-to-a-rockford-data-center/; https://fidelisinfra.com/project/monarch-compute-campus/; https://www.mystateline.com/news/local-news/rockford-proposes-data-center-moratorium/
grp_14bb5f64,Sustain South Jersey,Sustain South Jersey,1,NJ,2025-12-23,2025-12-23,https://whyy.org/articles/data-center-artificial-intelligence-vineland-new-jersey/; https://followsouthjersey.com/2026/03/10/how-a-data-center-tore-vinelands-public-and-government-apart/
grp_9cad0fb8,Sustainable Finger Lakes,Sustainable Finger Lakes,4,NY,2025-09-24,2026-07-14,https://www.governor.ny.gov/news/first-statewide-moratorium-new-hyperscale-data-centers-launched-governor-kathy-hochul; https://www.washingtonpost.com/technology/2026/07/14/new-york-becomes-first-state-impose-data-center-moratorium/; https://www.axios.com/2026/07/14/ny-gov-kathy-hochul-data-center-moratorium-executive-order; https://www.cnbc.com/2026/07/15/trump-blasts-new-york-gov-hochul-over-ai-data-center-moratorium.html; https://www.constructiondive.com/news/new-york-data-center-moratorium-contractor-pushback/825222/; https://www.theblock.co/post/408344/new-york-pause-new-data-center-permits-terawulf-falls; https://nystateofpolitics.com/state-of-politics/new-york/politics/2026/07/15/n-y--data-center-moratorium-a--missed-opportunity--for-construction-industry--contractors-association-says; https://esd.ny.gov/communityinvestmentframework; https://www.cornellsun.com/article/2026/07/k9fstjzcajbc; https://rochesterbeacon.com/2026/07/22/data-center-opponents-see-executive-order-as-partial-win/; https://www.fltimes.com/news/seneca-county-board-of-supervisors-to-dec-reject-terawulfs-modified-permit-request/article_cce901b6-e44d-41b6-ae0c-e0f9bf79e1d7.html; https://sustainablefingerlakes.org/2026/03/13/seneca-county-board-of-supervisors-to-dec-reject-terawulfs-modified-permit-request/; https://ithacavoice.org/2026/01/local-groups-file-suit-against-terawulf-lansing-zoning-board-over-data-center/; https://ithacavoice.org/2025/11/data-center-company-terawulf-threatens-legal-action-against-lansing-town-board/; https://www.cornellsun.com/article/2025/12/lansing-board-withdraws-ordinance-that-would-have-stalled-terawulf-data-center; https://www.cornellsun.com/article/2025/11/tensions-over-terawulf-data-center-in-tompkins-county-grow-with-threatened-lawsuit; https://tompkinsweekly.com/articles/terawulf-outlines-plans-for-lansing-ai-data-center-as-residents-seek-more-answers/; https://cleancayugalake.org/terawulf/; https://www.weny.com/news/tompkins-co-legislature-passes-resolution-calling-on-nysdec-to-reject-water-withdrawal-permit-for-proposed/article_d0835648-25e5-4bef-825c-4f46e4bfb9b7.html; https://www.ithaca.com/news/lansing/flx-strong-clean-file-lawsuit-against-lansing-zba-terawulf-to-block-data-center/article_97b45f0f-c849-497c-9daa-6040f1f1710b.html; https://ithacavoice.org/2026/06/petition-opposing-lansing-ai-data-center-garners-over-20000-signatures/; https://www.ithaca.com/news/regional_news/terawulf-s-proposed-data-center-faces-local-delays-pushback/article_8949eab1-47fd-46df-87ec-841b76a6527b.html; https://ithacavoice.org/2026/07/lansing-official-who-opposed-data-center-faces-legal-action/
grp_05f720d4,Suwannee Riverkeeper,Suwannee Riverkeeper,1,GA,2026-03-02,2026-03-02,https://www.walb.com/2026/02/16/2nd-south-georgia-county-moves-dissolve-industrial-authority-what-it-could-mean-future-data-center-builds/; https://www.change.org/p/protect-irwin-county-from-data-centers; https://wwals.net/2026/03/16/irwinville-data-center-withdrawn-by-applicant-irwin-county-commission-2026-03-02/; https://wwals.net/2026/03/02/datacenter-special-exception-public-hearing-irwin-county-commission-2026-03-02/; https://wwals.net/2026/03/24/suggested-additional-sections-for-irwin-county-datacenter-ordinance-wwals-2026-03-17/
grp_8960ee23,Taylor community residents (led by Carrie D'Anna),Taylor community residents (led by Carrie D'Anna),1,TX,2025-09-26,2025-09-26,https://datacenterwatch.substack.com/p/briefing-10032025; https://www.datacenterdynamics.com/en/news/blueprint-projects-gets-greenlight-for-data-center-in-taylor-texas/; https://taylortx.gov/1293/Blueprint-Projects-Data-Center; https://www.kut.org/energy-environment/2025-09-26/taylor-texas-blueprint-data-centers-lawsuit; https://www.kut.org/energy-environment/2025-10-08/judge-dismissed-lawsuit-taylor-data-center-blueprint-texas; https://www.kvue.com/article/news/local/taylor-residents-data-center-concerns/269-5a505a20-d721-4c49-85a4-4f78c27bfc7c
grp_167fb613,Taylor Frazier McCollum (petition organizer),Taylor Frazier McCollum (petition organizer),1,MD,2025-09-01,2025-09-01,https://foxbaltimore.com/news/local/prince-georges-county-data-centers-zoning-electric-grid-energy-maryland; https://marylandmatters.org/2025/09/17/prince-georges-county-moves-to-put-data-center-development-on-pause/; https://commercialobserver.com/2025/09/data-center-pause-prince-george-maryland/; https://dbknews.com/2025/12/04/prince-georges-county-data-centers/
grp_bd17a131,Tazewell County Data Center Opposition,Tazewell County Data Center Opposition,1,IL,2026-03-09,2026-03-09,https://www.peoplesworld.org/article/pekin-illinois-residents-turn-out-to-oppose-building-of-ai-data-center/; https://www.wcbu.org/local-news/2026-01-27/opponents-speak-out-against-proposed-pekin-data-center; https://www.datacenterdynamics.com/en/news/data-center-proposal-rejected-in-pekin-illinois/; https://www.nprillinois.org/illinois/2026-03-09/data-center-wont-be-built-in-pekin; https://www.25newsnow.com/2026/03/09/pekins-mayor-announces-data-center-project-will-not-move-forward/; https://constructionreviewonline.com/controversial-321-acre-data-center-campus-proposed-in-pekin-illinois-officially-rejected/
grp_819e20e0,Teays Valley Against Overgrowth,Teays Valley Against Overgrowth,1,OH,2026-03-01,2026-03-01,https://www.sciotopost.com/proposed-152-acre-data-center-campus-in-commercial-point-borders-housing-development-in-pickaway-county/; https://www.circlevilleherald.com/community/townhouses-voted-against-nda-won-t-renew-in-july/article_599b482c-f9b6-48ce-b951-464119fd7752.html; https://www.statenews.org/section/the-ohio-newsroom/2026-02-26/ohio-towns-are-pushing-back-against-data-centers-to-varying-degrees-of-success
grp_402334b5,Texas Coalition Against Cryptomining,Texas Coalition Against Cryptomining,1,TX,2023-10-23,2023-10-23,https://www.greenpeace.org/usa/riot-platforms-the-company-behind-the-most-energy-intensive-bitcoin-mine-in-the-u-s/; https://www.nbcdfw.com/news/local/controversy-surrounds-worlds-largest-bitcoin-mining-operation-to-be-built-near-corsicana/3011474/; https://prospect.org/2025/05/09/2025-05-09-crypto-racket-texas-bitcoin-mining/; https://thenavcochronicle.com/riot-platforms-construction-continues-amid-scrutiny-2/; https://www.dlnews.com/articles/people-culture/bitcoin-miners-megadeal-stumbles-as-texans-sour-on-industry/; https://www.riotplatforms.com/riot-platforms-launches-formal-evaluation-of-potential-ai-hpc-uses-for-remaining-600-mw-of-power-capacity-at-corsicana-facility/
grp_c79b007b,Texas State Republican Executive Committee,Texas State Republican Executive Committee,1,TX,2026-02-01,2026-02-01,https://www.kwtx.com/2026/02/13/texans-are-demanding-their-local-governments-push-pause-data-centers-can-they/; https://www.texastribune.org/2026/02/13/texas-data-centers-local-governments-power/; https://www.governing.com/infrastructure/texas-towns-push-back-on-data-center-expansion
grp_c4641e20,The Alaska Center,The Alaska Center,2,AK,2025-08-21,2026-01-01,"https://www.adn.com/alaska-news/anchorage/2026/03/27/anchorage-assembly-preemptively-adopts-data-center-regulations/; https://alaskapublic.org/news/politics/2026-03-11/mat-su-data-center-plan-in-doubt-after-mayors-veto; https://alaskapublic.org/news/environment/2026-03-19/assembly-overrides-veto-advances-data-center-related-partnership; https://www.akleg.gov/basis/Bill/Text/34?Hsid=HB0259A; https://akcenter.org/continuing-the-data-center-conversation-read-our-whitepaper/; https://www.adn.com/alaska-news/anchorage/2026/03/04/data-centers-powering-the-ai-boom-demand-local-energy-anchorage-assembly-members-want-to-regulate-them/; https://www.adn.com/politics/alaska-legislature/2026/05/21/alaska-legislature-adjourns-with-eye-toward-special-session/; https://wrangellsentinel.com/stories/borough-wants-to-pursue-possible-data-center-tenant-at-6-mile-mill-site,24587; https://www.ketchikandailynews.com/news/alaska/data-center-lease-recommended-wrangell-planning-group-votes/article_55efe7dc-592f-4c6a-8606-21dd936f063a.html; https://www.wrangellsentinel.com/stories/planning-commission-recommends-approval-of-data-center-lease,48289; https://www.juneauindependent.com/post/proposed-small-scale-data-center-in-wrangell-raises-questions; https://akcenter.org/"
grp_c4a75a9a,Thrive Kings Mountain,Thrive Kings Mountain,1,NC,2026-02-26,2026-02-26,https://thrivekingsmountain.com/; https://thrivekingsmountain.com/petition/; https://www.cbs17.com/news/north-carolina-news/nc-city-pauses-potential-data-center-projects-amid-community-concerns/amp/; https://www.datacenters.com/t5-charlotte-campus; https://www.qcnews.com/news/u-s/north-carolina/kings-mountain/kings-mountain-leaders-pause-potential-data-center-projects-amid-community-concerns/; https://www.wbtv.com/2026/02/25/kings-mountain-residents-share-concerns-another-data-center-is-proposed/; https://www.wfae.org/politics/2026-02-26/kings-mountain-approves-six-month-moratorium-on-new-data-centers
grp_5c20bf51,Tisch Mills Farm Center,Tisch Mills Farm Center,1,WI,2025-12-01,2025-12-01,"https://pbswisconsin.org/news-item/kewaunee-county-town-staves-off-plan-for-a-land-purchase-by-a-data-center-developer/; https://www.datacenterdynamics.com/en/news/cloverleaf-walks-away-from-data-center-site-project-in-kewaunee-wisconsin/; https://www.nbc26.com/lakeshore/wisconsin-lakeshore-towns-resist-data-center-development-on-farmland; https://www.kewauneecountystarnews.com/stories/carlton-staves-off-interest-from-data-center-developers,317099"
grp_74049253,Tobyhanna Township Residents Against Caughbaugh Road Data Center,Tobyhanna Township Residents Against Caughbaugh Road Data Center,1,PA,2026-03-03,2026-03-03,https://monroecountypa.com/event/2026/03/tobyhanna-township-zoning-hearing-board-re-data-center-overlay-validity; https://www.2822news.com/news/local-news/legal-fight-over-data-center-site-continues/; https://fox56.com/news/local/tobyhanna-township-approves-second-data-center-zoning-overlay; https://www.wvia.org/news/local/2026-02-04/data-centers-residents-fear-negative-impacts-on-water-resources-as-data-centers-are-proposed-across-northeast-pa
grp_49479774,Tompkins County Legislature,Tompkins County Legislature,1,NY,2026-03-13,2026-03-13,https://www.fltimes.com/news/seneca-county-board-of-supervisors-to-dec-reject-terawulfs-modified-permit-request/article_cce901b6-e44d-41b6-ae0c-e0f9bf79e1d7.html; https://sustainablefingerlakes.org/2026/03/13/seneca-county-board-of-supervisors-to-dec-reject-terawulfs-modified-permit-request/; https://ithacavoice.org/2026/01/local-groups-file-suit-against-terawulf-lansing-zoning-board-over-data-center/
grp_566e2b65,Tonawanda Seneca Nation,Tonawanda Seneca Nation,3,NY,2025-02-01,2026-07-13,https://www.wxxinews.org/local-news/2025-02-06/big-data-centers-eying-genesee-county-tech-park-face-widespread-opposition; https://www.wkbw.com/genesee-county/genesee-county-residents-voice-concerns-over-planned-multi-billion-dollar-data-center; https://orleanshub.com/allies-of-tonawanda-seneca-nation-strongly-oppose-monstrous-data-center-proposed-for-stamp/; https://videonewsservice.net/index.php/2025/10/21/genesee-county-tonawanda-seneca-nation-and-sierra-club-declare-victory-in-litigation-against-massive-data-center-seek-dismissal-of-suit-following-rescission-of-approvals/; https://www.wxxinews.org/local-news/2025-09-18/genesee-county-stamp-site-data-center-on-hold-as-expansion-gets-pursued; https://videonewsservice.net/index.php/2025/11/06/genesee-county-residents-of-the-glow-region-plan-rally-and-press-conference-to-celebrate-recent-victory-against-the-stamp-data-center/; https://www.investigativepost.org/2026/02/04/data-center-subsidies-of-6-4-million-per-job/; https://www.investigativepost.org/2026/01/30/genesee-ida-has-conflict-of-interest-in-stamp-data-center/; https://www.thedailynewsonline.com/news/alabama-planning-board-postpones-april-20-data-center-hearing/article_58990c26-64dd-477c-90c1-9d8b583d75cc.html; https://www.thebatavian.com/press-release/alabama-planning-board-data-centers-project-hearing-set-for-may-4-at-fire-hall/647190; https://orleanshub.com/community-sends-clear-message-that-data-center-not-wanted-at-stamp-site/; https://investigativepost.org/2026/03/31/hochul-noncommittal-data-center-genesee-wny/; https://truthout.org/articles/new-york-residents-are-fighting-a-data-center-backed-by-a-billionaire-trump-ally/; https://investigativepost.org/2026/02/04/data-center-subsidies-of-6-4-million-per-job/; https://www.thedailynewsonline.com/news/tonawanda-seneca-nation-sierra-club-sue-to-block-stamp-development/article_21afefcb-6318-4bf3-adf8-6f45dcdeabce.html; https://investigativepost.org/2026/07/15/future-of-stamp-data-center-now-uncertain/
grp_11c7f524,Troposphere Legal,Troposphere Legal,1,MI,2025-11-13,2025-11-13,https://www.nrdc.org/press-releases/environmental-groups-file-contested-case-hearing-saline-data-center; https://www.sierraclub.org/michigan/blog/2025/12/mpsc-fails-transparency-test-approving-dte-data-center-deal-outside-formal
grp_927eb38b,Troup County Anti-Data Center Coalition,Troup County Anti-Data Center Coalition,3,GA,2025-09-01,2025-11-26,https://www.11alive.com/article/news/local/troup-county-moratorium-on-data-centers/85-87d5c110-12db-4a48-88dd-70bda4ac47c9; https://www.gpb.org/news/2025/11/26/why-are-troup-county-residents-saying-no-600-mw-data-center-in-hogansville; https://www.gpb.org/news/2025/10/22/wave-of-data-center-ordinances-sweep-through-ga-counties-how-strict-are-they; https://www.desmog.com/2025/08/20/georgia-county-puts-off-key-data-center-vote-after-public-backlash/; https://www.fox5atlanta.com/news/troup-countys-90-day-pause-data-centers; https://www.lagrangenews.com/news/troup-extends-data-center-moratorium-another-90-days-c6ce311c; https://www.lagrangenews.com/2025/09/18/hold-on-county-sets-90-day-moratorium-on-new-data-centers/; https://www.lagrangenews.com/news/hogansville-residents-protest-against-proposed-data-center-c8f47f93; https://www.times-georgian.com/news/local/anti-data-center-group-we-will-continue-to-show-up/article_373d4ee8-a4e3-5e07-bac4-17d78cec0742.html; https://www.gpb.org/news/2025/08/21/why-lagrange-residents-are-concerned-about-incoming-data-center-project-pegasus; https://www.lagrangenews.com/news/troup-unveils-proposed-data-center-draft-ordinance-5b5dcee3; https://www.lagrangenews.com/news/hogansville-residents-hear-from-data-center-experts-618bcbc5; https://www.ajc.com/news/business/massive-97-billion-data-center-proposed-in-troup-county/V7BUTU4FJ5GHRJDIN2XFJ4AWXM/; https://www.fox5atlanta.com/news/data-center-campus-proposed-troup-county-jobs; https://www.lagrangenews.com/2025/03/13/9-7-billion-data-center-project-proposed-in-troup-county/; https://www.lagrangenews.com/news/hogansville-approves-90-day-moratorium-for-data-centers-9d59b175
grp_4033fffd,"Troup County Anti-Data Center Coalition (Gage Bailey, founder)","Troup County Anti-Data Center Coalition (Gage Bailey, founder)",1,GA,2025-09-01,2025-09-01,https://www.11alive.com/article/news/local/troup-county-moratorium-on-data-centers/85-87d5c110-12db-4a48-88dd-70bda4ac47c9; https://www.gpb.org/news/2025/11/26/why-are-troup-county-residents-saying-no-600-mw-data-center-in-hogansville; https://www.gpb.org/news/2025/10/22/wave-of-data-center-ordinances-sweep-through-ga-counties-how-strict-are-they; https://www.desmog.com/2025/08/20/georgia-county-puts-off-key-data-center-vote-after-public-backlash/; https://www.fox5atlanta.com/news/troup-countys-90-day-pause-data-centers; https://www.lagrangenews.com/news/troup-extends-data-center-moratorium-another-90-days-c6ce311c; https://www.lagrangenews.com/2025/09/18/hold-on-county-sets-90-day-moratorium-on-new-data-centers/; https://www.lagrangenews.com/news/hogansville-residents-protest-against-proposed-data-center-c8f47f93; https://www.times-georgian.com/news/local/anti-data-center-group-we-will-continue-to-show-up/article_373d4ee8-a4e3-5e07-bac4-17d78cec0742.html; https://www.gpb.org/news/2025/08/21/why-lagrange-residents-are-concerned-about-incoming-data-center-project-pegasus; https://www.lagrangenews.com/news/troup-unveils-proposed-data-center-draft-ordinance-5b5dcee3
grp_9cd849bc,Troy Residents for Responsible Growth,Troy Residents for Responsible Growth,2,IL,2026-01-20,2026-03-12,https://www.advantagenews.com/news/local/godfrey-studying-data-centers-approves-moratorium-on-applications/article_cc9c3ec6-d706-4de8-a61a-bbad49c78302.html; https://www.ehstigertimesonline.com/news/2026/01/30/data-centers-flock-to-madison-county-met-with-popular-disapproval/; https://www.stlpr.org/government-politics-issues/2026-02-22/edwardsville-data-center-city-emails-cloverleaf; https://www.timestribunenews.com/2026/03/13/troy-planning-commission-approves-six-month-moratorium-on-data-processing-centers/; https://www.timestribunenews.com/2026/03/18/troy-city-council-approves-six-month-moratorium-on-data-processing-centers/; https://www.firstalert4.com/2026/02/11/hundreds-pack-troy-data-center-meeting-held-by-developer-residents-push-back-controversial-project/
grp_5019e3aa,Tucker County WV Data and Power,Tucker County WV Data and Power,1,WV,2026-02-07,2026-02-07,https://westvirginiawatch.com/2025/05/28/it-will-destroy-this-place-tucker-county-residents-fight-for-future-against-proposed-data-center/; https://www.wvhighlands.org/article/grassroots-opposition-builds-against-tucker-countys-proposed-fundamental-data-power-plant-project/; https://wvmetronews.com/2025/12/03/protesters-oppose-tucker-county-data-center-as-air-quality-board-considers-permit-appeal/; https://mountainstatespotlight.org/2025/08/03/lawmakers-strip-local-authority-data-centers/; https://www.100daysinappalachia.com/2025/07/we-know-what-its-like-to-be-exploited-tucker-county-w-va-grapples-with-future-defining-ai-infrastructure-proposal/; https://marcellusdrilling.com/2025/04/1656-mw-gas-fired-data-center-proposed-in-tucker-county-wv/; https://www.wvhighlands.org/tucker-county-data-center-ridgeline-facility/; https://www.tuckerunited.com; https://www.brookings.edu/articles/will-a-data-center-be-good-for-thomas-and-davis-in-tucker-county-west-virginia/; https://www.100daysinappalachia.com/2025/04/big-tech-comes-to-tucker-county-wv/; https://wvmetronews.com/2026/02/07/air-quality-board-sides-with-developers-of-tucker-county-data-center/; https://wvpublic.org/story/energy-environment/regulators-reaffirm-approval-for-microgrid-generator-data-center-in-tucker-county/; https://wvpublic.org/story/2026/04/commerce-confirms-fundamental-data-tucker-county-advancing/; https://www.wdtv.com/2026/04/23/environmental-protection-organizations-seek-recusal-judge-ridgeline-air-permit-appeal/; https://www.theintermountain.com/news/local-news/2026/04/groups-seek-recusal-of-judge-in-permit-appeal/; https://www.wboy.com/news/tucker/portion-of-tucker-county-data-center-permit-appeal-dismissed-ahead-of-evidentiary-hearing/; https://mountainstatespotlight.org/2026/07/23/data-center-sidestep-oversight/; https://westvirginiawatch.com/2026/07/20/wv-advocates-want-to-know-who-owns-the-land-proposed-for-data-center-development-in-tucker-county/
grp_f4b85f32,Tucker United,Tucker United,2,WV,2026-02-07,2026-03-06,https://westvirginiawatch.com/2025/05/28/it-will-destroy-this-place-tucker-county-residents-fight-for-future-against-proposed-data-center/; https://www.wvhighlands.org/article/grassroots-opposition-builds-against-tucker-countys-proposed-fundamental-data-power-plant-project/; https://wvmetronews.com/2025/12/03/protesters-oppose-tucker-county-data-center-as-air-quality-board-considers-permit-appeal/; https://mountainstatespotlight.org/2025/08/03/lawmakers-strip-local-authority-data-centers/; https://www.100daysinappalachia.com/2025/07/we-know-what-its-like-to-be-exploited-tucker-county-w-va-grapples-with-future-defining-ai-infrastructure-proposal/; https://marcellusdrilling.com/2025/04/1656-mw-gas-fired-data-center-proposed-in-tucker-county-wv/; https://www.wvhighlands.org/tucker-county-data-center-ridgeline-facility/; https://www.tuckerunited.com; https://www.brookings.edu/articles/will-a-data-center-be-good-for-thomas-and-davis-in-tucker-county-west-virginia/; https://www.100daysinappalachia.com/2025/04/big-tech-comes-to-tucker-county-wv/; https://wvmetronews.com/2026/02/07/air-quality-board-sides-with-developers-of-tucker-county-data-center/; https://wvpublic.org/story/energy-environment/regulators-reaffirm-approval-for-microgrid-generator-data-center-in-tucker-county/; https://wvpublic.org/story/2026/04/commerce-confirms-fundamental-data-tucker-county-advancing/; https://www.wdtv.com/2026/04/23/environmental-protection-organizations-seek-recusal-judge-ridgeline-air-permit-appeal/; https://www.theintermountain.com/news/local-news/2026/04/groups-seek-recusal-of-judge-in-permit-appeal/; https://www.wboy.com/news/tucker/portion-of-tucker-county-data-center-permit-appeal-dismissed-ahead-of-evidentiary-hearing/; https://mountainstatespotlight.org/2026/07/23/data-center-sidestep-oversight/; https://westvirginiawatch.com/2026/07/20/wv-advocates-want-to-know-who-owns-the-land-proposed-for-data-center-development-in-tucker-county/; https://www.wvhighlands.org/2026/03/11/air-quality-permit-fight-continues-against-proposed-ridgeline-power-plant-and-data-center/; https://wvpublic.org/story/energy-environment/state-regulators-hear-two-days-of-evidence-in-appeal-of-tucker-county-data-center-permits/
grp_026a88fe,Tucson Clean Energy Coalition,Tucson Clean Energy Coalition,1,AZ,2026-06-17,2026-06-17,https://www.kjzz.org/fronteras-desk/2026-03-30/tucson-public-has-until-end-of-month-to-weigh-in-on-proposed-amendment-for-data-centers; https://www.kjzz.org/fronteras-desk/2026-04-06/tucson-leaders-will-discuss-a-proposal-on-data-center-restrictions-this-week; https://www.tucsonsentinel.com/local/report/022026_datacenter_zoning/tucson-considers-new-zoning-rules-data-centers/; https://www.kjzz.org/fronteras-desk/2026-06-04/tucson-officials-move-closer-to-passing-tighter-rules-for-data-center-development; https://news.azpm.org/p/environmentnews/2026/6/5/230034-tucson-planning-commission-has-more-questions-about-proposed-data-center-regulations/
grp_01af50b8,Twin Rivers Community (ad hoc),Twin Rivers Community (ad hoc),1,NJ,2026-03-09,2026-03-09,https://www.tapinto.net/towns/east-windsor-hightstown/articles/a-packed-planning-board-hearing-debated-the-future-of-an-east-windsor-data-center-expansion; https://www.tapinto.net/towns/east-windsor-hightstown/sections/business-and-finance/articles/data-center-company-looking-to-expand-east-windsor-location-if-approved-by-planning-board; https://www.tapinto.net/towns/east-windsor-hightstown/sections/business-and-finance/articles/letter-to-the-editor-qts-data-center-expansion-planning-board-meeting
grp_fa12a5f7,Union of Concerned Scientists,Union of Concerned Scientists,7,LA,2025-04-04,2026-03-25,https://www.govtech.com/artificial-intelligence/judge-dismisses-challenge-to-metas-louisiana-data-center; https://www.nola.com/news/environment/meta-data-center-ai-louisiana-entergy-facebook/article_3200c9e6-d23c-469a-84a9-c8256551b6af.html; https://www.thecentersquare.com/louisiana/article_8d1be11e-90bf-440b-af95-1f6395b75f27.html; https://lailluminator.com/2025/12/19/electricity-data-centers/; https://www.ksla.com/2025/12/15/commissioner-introduce-proposed-rules-large-electric-loads-amid-data-center-expansion/; https://www.wwno.org/coastal-desk/2025-12-17/in-tense-meeting-louisiana-psc-fast-tracks-pathway-for-large-projects-like-data-centers; https://thelensnola.org/2026/02/18/louisiana-lightning-amendment-ai-data-centers-ratepayer-costs/; https://blog.ucs.org/paul-arbaje/louisiana-regulators-try-to-shut-public-out-of-data-center-policymaking-again/; https://earthjustice.org/press/2026/louisiana-regulators-asked-to-investigate-shady-meta-financing-deal-that-could-leave-households-paying-for-tech-giants-electricity; https://earthjustice.org/wp-content/uploads/2026/01/u-37425-motion-to-investigate-meta-hyperion-data-center-project.pdf; https://www.all4energy.org/wp-content/uploads/2026/01/2026-01-14-U-37425-AAE-UCS-Mtn-for-Investigation.pdf; https://www.rtoinsider.com/123510-earthjustice-change-louisiana-meta-data-center-funding-fishy/; https://ieefa.org/resources/ieefa-submits-testimony-louisiana-public-service-commission; https://earthjustice.org/press/2026/consumer-groups-alarmed-as-louisiana-psc-declines-to-take-up-probe-into-meta-risky-financing-deal; https://lailluminator.com/2026/02/27/no-investigation-of-data-center-ownership-transfer/; https://www.nola.com/news/environment/meta-data-center-louisiana-ai-entergy/article_4c0c0e8c-bf32-4a3c-8021-ae739a0ba912.html; https://www.ucs.org/about/news/louisiana-wont-investigate-risky-meta-data-center-financing; https://finance.yahoo.com/news/louisiana-utility-regulator-denies-request-190254705.html; https://thelensnola.org/2026/04/14/meta-project-evest-louisiana-energy-expansion-costs-entergy/; https://www.wrkf.org/2026-04-14/entergy-wants-to-fast-track-21b-meta-deal-as-psc-commissioner-advocates-sound-alarm; https://san.com/cc/in-race-for-ai-data-centers-regulators-move-to-fast-track-louisiana-gas-plants/; https://thelensnola.org/2026/04/03/meta-entergy-louisiana-power-plants-ai-data-centers-2/; https://fortune.com/2026/02/04/meta-hyperion-ai-data-center-louisiana-expansion/; https://fortune.com/2026/03/26/meta-ai-data-center-hyperion-louisiana/; https://fortune.com/2026/03/27/meta-hyperion-10-gas-power-plants-louisiana-entergy/; https://thelensnola.org/2026/03/30/meta-triples-order-of-gas-fired-power-plants-for-its-ai-campus-in-louisiana/; https://www.datacenterdynamics.com/en/news/meta-purchases-additional-1400-acres-for-hyperion-mega-data-center-expansion/; https://www.enr.com/articles/62766-27b-meta-data-center-pushes-louisiana-toward-massive-power-expansion; https://www.wwno.org/local-regional-news/2025-11-19/construction-on-metas-largest-data-center-brings-600-crash-spike-chaos-to-rural-louisiana; https://www.cbsnews.com/news/meta-ai-data-center-richland-parish-louisiana-energy-costs/; https://www.sierraclub.org/sierra/rural-louisiana-meta-s-new-data-center-promises-growth-what-cost; https://prospect.org/2025/12/22/demands-for-data-center-moratoriums-surge/; https://www.entergy.com/news/entergy-louisiana-receives-lpsc-approval-for-major-infrastructure-investments-to-support-metas-data-center-and-improve-reliability; https://lailluminator.com/2025/08/20/entergy-meta/; https://southernrenewable.org/news-updates/srea-statement-on-settlement-in-louisiana-public-service-commission-docket-regarding-new-meta-data-center; https://lpscpubvalence.lpsc.louisiana.gov/portal/PSC/DocketDetails?docketId=32146; https://www.entergy.com/news/entergy-louisiana-announces-a-new-agreement-with-meta-that-will-deliver-an-additional-2b-in-customer-savings; https://lailluminator.com/2025/11/22/meta-data-center-crashes/; https://veritenews.org/2025/11/20/louisiana-meta-data-center-construction-vehicle-crashes/; https://capitalbnews.org/meta-richland-parish-ai-data-center/; https://thelensnola.org/2026/01/29/meta-datacenter-louisiana-corruption-water-power-utilities/; https://datacenters.atmeta.com/2026/07/deepening-our-investment-in-richland-parish-louisiana/; https://www.datacenterdynamics.com/en/news/meta-expands-data-center-campus-in-richland-parish-louisiana-to-5gw-will-invest-50bn/; https://thehayride.com/2026/07/current-data-center-projects-may-be-exempt-from-louisiana-rule/; https://www.ucs.org/about/news/judge-orders-meta-explain-new-gas-demand-hyperscale-louisiana-data-center; https://www.wrkf.org/2026-07-14/meta-is-investing-40b-more-to-expand-richland-parish-data-center-project; https://www.krvs.org/louisiana-news/2026-07-14/meta-is-investing-40b-more-to-expand-richland-parish-data-center-project; https://thelensnola.org/2026/07/17/meta-data-center-louisiana-churches-faith-racial-inequality/; https://www.baltimoresun.com/2026/07/14/meta-says-it-is-expanding-louisiana-data-center-investment-to-50-billion/; https://electrek.co/2026/07/27/meta-is-backing-10-gas-plants-and-just-quit-a-global-renewables-pledge/; https://therealdeal.com/national/2026/07/27/metas-50b-louisiana-data-center-enriches-landowners/; https://sherwood.news/tech/hyperion/; https://thelensnola.org/2025/09/25/data-centers-spark-fears-of-a-digital-cancer-alley-in-louisiana/
grp_bb0eabbc,Upper Missouri Waterkeeper,Upper Missouri Waterkeeper,1,MT,2025-11-17,2025-11-17,https://dailymontanan.com/2025/11/17/data-center-pulls-out-of-great-falls-group-says-others-charge-ahead/; https://theelectricgf.com/2025/06/17/gfda-announces-1-billion-proposed-data-center-project/; https://montanafreepress.org/2025/06/24/for-massive-great-falls-data-center-proposal-energy-supply-is-crucial-to-push-project-forward/
grp_65e6256d,Upper New River Keeper Foundation,Upper New River Keeper Foundation,1,NC,2026-03-23,2026-03-23,https://www.wfdd.org/politics-government/2026-03-23/boone-approves-data-center-development-moratorium; https://www.wunc.org/2026-03-23/boone-approves-data-center-development-moratorium; https://www.northcarolinahealthnews.org/2026/03/25/nc-communities-push-back-ai-data-centers-project-delta-lawsuit/; https://www.wataugademocrat.com/news/local/boone-discusses-moratorium-on-data-center-construction/article_d5389de8-1ba0-4827-9193-d49864d3a5f3.html; https://mountaintrue.org/upper-new-riverkeeper-press-release/
grp_f6649244,Upper New River Riverkeeper,Upper New River Riverkeeper,1,NC,2026-03-24,2026-03-24,https://www.wataugademocrat.com/news/local/commissioners-move-toward-data-center-moratorium/article_d6f97008-ebf5-4ac5-ab70-43746bb9e4a0.html; https://wataugaonline.com/boone-town-council-passes-one-year-data-center-moratorium-5-0-watauga-county-commissioners-move-toward-county-wide-restrictions/; https://www.wfae.org/2026-03-23/boone-approves-data-center-development-moratorium
grp_c122a742,Valle Imperial Resiste,Valle Imperial Resiste,1,CA,2025-12-04,2025-12-04,https://inewsource.org/2026/04/05/data-center-developer-imperial-county/; https://www.kpbs.org/news/environment/2026/01/21/the-plan-to-build-a-massive-data-center-in-imperial-county-without-environmental-review; https://www.kpbs.org/news/environment/2026/04/03/imperial-county-supervisors-to-hold-key-vote-on-controversial-data-center-project; https://calexicochronicle.com/2026/03/28/no-data-center-chants-ring-out-at-imperial-county-board-meeting/; https://calexicochronicle.com/2026/01/07/where-imperial-data-center-project-and-opposition-stands/; https://www.sierraclub.org/san-gorgonio/box-springs/blog/2026/03/contesting-imperial-valley-data-center; https://www.kpbs.org/news/environment/2026/04/07/imperial-county-supervisors-clear-path-for-massive-data-center-complex-amid-fierce-opposition; https://www.kpbs.org/news/environment/2026/04/16/imperial-valley-utility-could-decide-fate-of-massive-data-center-following-key-vote; https://calexicochronicle.com/2026/04/27/supervisor-peggy-price-recall-effort-third-times-a-charm/; https://www.ivpressonline.com/news/imperial-county-lawsuit-challenges-data-center-prohibition-act-over-claims-of-voter-overreach/article_0524e7f6-f8f4-4be5-aa12-e7b04e6dab18.html; https://inewsource.org/2026/06/04/imperial-county-data-center-moratorium-vote-supervisors-ceqa/
grp_899e45ef,Vicksburg Residents Against Data Center (ad hoc),Vicksburg Residents Against Data Center (ad hoc),1,MS,2025-11-20,2025-11-20,https://mississippitoday.org/2025/11/20/amazon-data-center-warren-county-mississippi/; https://www.datacenterdynamics.com/en/news/amazon-to-build-3bn-data-center-campus-in-vicksburg-mississippi/; https://www.entergy.com/news/next-phase-of-superpower-mississippi-builds-highly-efficient-more-cost-effective-power-generation-source-in-vicksburg
grp_2848ac11,Vienna Township trustees (preemptive zoning),Vienna Township trustees (preemptive zoning),1,OH,2026-02-01,2026-02-01,https://www.statenews.org/section/the-ohio-newsroom/2026-02-26/ohio-towns-are-pushing-back-against-data-centers-to-varying-degrees-of-success; https://www.tribtoday.com/news/local-news/2026/02/vienna-places-moratorium-on-data-centers/; https://www.ideastream.org/2026-02-26/ohio-towns-are-pushing-back-against-data-centers-to-varying-degrees-of-success
grp_4f60e62a,Virginia Data Center Reform Coalition,Virginia Data Center Reform Coalition,19,VA,2025-01-08,2026-07-02,https://www.wdbj7.com/2026/02/24/appomattox-residents-concerned-about-planned-data-center/; https://wset.com/news/local/3b-data-center-planned-on-452-acres-in-appomattox-county-sparking-community-pushback; https://www.datacenterdynamics.com/en/news/avaio-plans-300mw-data-center-campus-in-appomattox-county-virginia/; https://cardinalnews.org/2024/12/11/appomatox-county-strikes-deal-for-data-center/; https://www.wsls.com/news/local/2026/03/24/data-centers-spark-protests-in-appomattox-county/; https://wset.com/news/local/appomattox-county-residents-press-developers-on-3b-data-center-campus-economic-development-authority-new-jobs-tax-revenue-local-resources-community-march-2026; https://www.wsls.com/news/local/2026/03/25/proposed-appomattox-data-center-promises-jobs-but-sparks-water-usage-fears/; https://virginiamercury.com/2026/02/10/bill-would-put-more-energy-costs-on-data-centers-slash-residential-customerss-rates/; https://www.vpm.org/news/2026-02-10/louise-lucas-data-center-infrastructure-costs-dominion-energy-apco-scc-pjm-virginia; https://www.pecva.org/region/regional-state-national-region/2026-data-center-reform-legislation/; https://virginiamercury.com/2026/03/17/data-center-bills-dominated-this-years-general-assembly-heres-what-passed/; https://www.vpm.org/generalassembly/2026-04-16/spanberger-general-assembly-levere-bolling-lucas-utility-legislation-dominion; https://introl.com/blog/virginia-data-center-tax-exemption-battle-2026; https://www.multistate.us/insider/2026/3/30/virginia-lawmakers-pass-15-data-center-bills-as-tax-exemption-fight-looms; https://virginiamercury.com/2026/05/15/spanberger-signs-assault-weapons-ban-package-of-criminal-justice-and-energy-bills/; https://cardinalnews.org/2026/05/14/spanberger-will-veto-collective-bargaining-bill-future-of-cannabis-legislation-uncertain/; https://richmondbizsense.com/2026/03/09/developer-appealing-permit-requirement-for-data-center-project-in-chesterfield/; https://www.wtvr.com/news/local-news/chesterfield-data-centers-jan-5-2026; https://richmondbizsense.com/2025/07/16/new-chesterfield-zoning-ordinance-endorsed-by-planning-commission/; https://www.datacenterdynamics.com/en/news/westdulles-properties-files-for-3-million-sq-ft-data-center-park-outside-richmond-virginia/; https://www.saveculpeper.com/; https://dgtlinfra.com/amazon-data-center-culpeper-virginia/; https://www.insidenova.com/culpeper/data-center-boom-transforms-culpeper/article_751ced36-5b17-11ef-a52c-cf43381926b5.html; https://starexponent.com/localbusinesses/amazon-data-center-materializes-in-stevensburg-now-hiring/article_7365c512-819b-11ef-a52e-3b0a2414e697.html; https://www.pecva.org/region/culpeper/update-on-data-centers-in-culpeper-and-invite-to-upcoming-rooftop-solar-lecture/; https://virginiaindependentnews.com/infrastructure/data-center-cancellations-pile-up-as-virginians-voice-opposition/; https://www.fauquier.com/news/town-council-votes-to-ban-data-centers-from-warrenton/article_0f58d64e-f89e-4dbd-8825-c06e65f1a4b7.html; https://www.datacenterwatch.org/report; https://www.citizensforfauquier.org/data-centers-overview; https://www.citizensforfauquier.org/; https://www.pecva.org/region/fauquier/gigaland/; https://protectfauquier.com/; https://virginiamercury.com/2025/05/21/report-highlights-community-pushback-stalling-64-billion-in-data-center-development-nationwide/; https://www.fauquiernow.com/news/warrenton-town-council-pushes-back-against-data-centers-amends-zoning-ordinance/article_67ce814a-e880-4c95-8099-bac067988a25.html; https://www.hklaw.com/en/insights/publications/2025/04/loudoun-county-virginia-eliminates-by-right-data-center-development; https://www.loudounnow.com/news/by-right-data-centers-eliminated-in-loudoun-existing-applications-grandfathered/article_130515be-0478-11f0-ab4f-7771b6b47f71.html; https://virginiabusiness.com/loudoun-county-advances-changes-to-data-center-regulations/; https://www.datacenterdynamics.com/en/news/loudoun-countys-innovation-gateway-data-center-project-met-with-board-opposition/; https://www.datacenterdynamics.com/en/news/blackchamber-secures-12-billion-for-construction-of-virginia-data-centers-totaling-740mw/; https://dgtlinfra.com/blackchamber-group-data-centers-northern-virginia/; https://www.loudoun.gov/6222/Phase-2-Data-Center-Standards-Locations; https://www.loudounnow.com/news/work-begins-on-next-phase-of-loudoun-county-data-center-regulations/article_d9a0c8fa-3ea6-4a13-814e-83a62820d06d.html; https://wtop.com/loudoun-county/2026/03/loudoun-county-will-fight-to-keep-amazon-data-center-off-just-sold-gw-campus-in-ashburn/; https://www.washingtontimes.com/news/2026/mar/3/amazon-data-services-buys-george-washington-universitys-virginia/; https://gwhatchet.com/2026/03/02/gw-sold-virginia-campus-for-427-million-to-amazon-for-data-center-development/; https://www.pecva.org/region/orange/orange-county-proposes-new-technology-zoning-district/; https://byrdstreet.substack.com/p/orange-county-planning-commission; https://www.battlefields.org/give/save-battlefields/dont-let-data-centers-destroy-wilderness; https://richmondbizsense.com/2025/10/29/powhatan-supervisors-approve-60-acre-addition-to-planned-data-center-campus/; https://richmondbizsense.com/2025/10/16/powhatan-county-planning-commission-recommends-denial-of-60-acre-addition-to-planned-data-center-campus/; https://virginiabusiness.com/powhatan-approves-2-7b-data-center-campus/; https://www.datacenterdynamics.com/en/news/prince-william-county-supervisors-shelve-amazon-data-center-proposal-indefinitely/; https://www.insidenova.com/headlines/amazons-ashton-data-center-proposal-near-manassas-deferred-again/article_30eea6ec-cec4-11ef-8243-8b8e46bf17a3.html; https://www.bisnow.com/national/news/data-center/virginia-county-backtracks-on-agreement-with-amazon-for-6b-data-center-campus-122327; https://www.beankinney.com/data-center-infrastructure-under-siege-lessons-from-virginias-digital-gateway-decision/; https://www.insidenova.com/headlines/prince-william-s-digital-gateway-data-center-hearings-zero-in-on-public-notice/article_2dc98d69-5a46-4adf-90da-c5042b4a3833.html; https://www.princewilliamtimes.com/news/breaking-judge-overturns-prince-william-digital-gateway/article_951d6362-1bbd-416f-89c5-ff322bf49fa8.html; https://www.pwcva.gov/news/prince-william-county-launches-interactive-data-center-map-improve-public-access-development; https://www.princewilliamtimes.com/news/report-prince-william-county-has-44-data-centers-15-more-on-the-way/article_f0518174-bd23-49ee-ab92-3b04a0936f16.html; https://www.datacenterfrontier.com/site-selection/article/21437363/prince-william-digital-gateway; https://protectpwc.org/about-us/about-the-coalition-to-protect-pwc/; https://wtop.com/prince-william-county/2025/11/digital-gateway-data-center-builders-barred-from-beginning-construction-until-legal-challenge-plays-out/; https://www.princewilliamtimes.com/localnews/supervisors-vote-to-spend-another-400k-to-defend-the-pw-digital-gateway/article_79abd8cb-bf32-5c46-8a7d-ba39bb676c57.html; https://virginiamercury.com/briefs/va-court-of-appeals-stops-major-data-center-development-in-prince-william-county/; https://www.bisnow.com/national/news/data-center-community-relations/digital-gateway-plans-may-close-for-good-134038; https://www.pecva.org/resources/press/pec-statement-on-prince-william-digital-gateway-latest-legal-win/; https://wtop.com/virginia/2026/04/prince-william-co-withdraws-from-digital-gateway-lawsuit-reversing-course-from-2023/; https://northernvirginiamag.com/news/2026/04/15/prince-william-county-withdraws-from-legal-battle-over-massive-data-center-project/; https://www.princewilliamtimes.com/localnews/breaking-prince-william-county-drops-legal-fight-for-pw-digital-gateway/article_e7152a10-cbf9-4a7a-80ef-55fa9e13770b.html; https://www.pecva.org/region/regional-state-national-region/prince-william/massive-digital-gateway-data-center-project-has-been-halted/; https://www.washingtonpost.com/dc-md-va/2026/07/09/developer-virginia-data-center-project-drops-legal-appeal/; https://www.fox5dc.com/news/qts-drops-appeal-ending-plans-massive-prince-william-county-data-center; https://wtop.com/prince-william-county/2026/07/digital-gateway-data-center-project-dies-after-final-developer-withdraws-appeal/; https://virginiamercury.com/2026/01/14/as-2026-legislative-session-starts-data-centers-diesel-generators-are-a-top-concern-for-virginians/; https://www.vpm.org/news/2025-12-17/virginia-data-centers-diesel-backup-generators-deq-loudoun-turner-dowd; https://news.vcu.edu/article/northern-virginia-data-center-air-pollution-rivals-power-plant-emissions; https://www.sierraclub.org/virginia/blog/2026/01/looser-rules-dirtier-air-data-centers-and-diesel-pollution-virginia; https://www.vpm.org/generalassembly/2026-03-06/va-srinivasan-thomas-sb619-hb155-data-centers-review-heuf; https://virginiamercury.com/2026/03/06/general-assembly-nixes-bills-that-required-data-centers-to-get-scc-certificate/; https://www.multistate.us/insider/2026/2/4/states-rethink-data-center-tax-incentives-as-costs-soar; https://virginiamercury.com/2026/02/20/halfway-through-the-2026-legislative-session-theres-still-no-consensus-on-data-center-bills/; https://www.wsls.com/video/news/2026/02/28/data-center-transparency-bill-clears-key-virginia-house-committee/; https://www.billtrack50.com/billdetail/1940964; https://www.vpm.org/generalassembly/2026-01-16/2026-data-center-bills-thomas-hb155-mcauliff-hb503-pjm-dominion-energy; https://virginiamercury.com/2026/01/19/these-bills-aim-to-regulate-virginia-data-center-siting-generator-use-and-scc-oversight/; https://virginiamercury.com/2026/02/24/senators-propose-phasing-out-data-center-tax-credit-house-budget-keeps-it/; https://www.vpm.org/generalassembly/2026-03-12/budget-data-center-tax-break-scott-lucas-spanberger-torian-rephann; https://www.wsls.com/news/local/2026/03/13/virginia-lawmakers-split-on-data-center-tax-incentives/; https://virginiamercury.com/2026/03/11/clock-ticking-on-virginia-budget-as-democrats-clash-over-data-center-tax-break/; https://fortune.com/2026/03/11/virginia-data-centers-tax-breaks/; https://news.bloombergtax.com/daily-tax-report-state/virginia-impasse-over-data-center-tax-break-punts-budget-talks; https://cardinalnews.org/2026/03/14/the-2026-general-assembly-session-wraps-with-no-budget-special-session-on-the-horizon/; https://cardinalnews.org/2026/04/23/first-day-of-the-budget-special-session-ends-without-an-agreement-on-data-center-tax-exemptions/; https://virginiamercury.com/2026/04/23/virginia-lawmakers-adjourn-special-session-without-a-budget-deal/; https://www.wtvr.com/news/virginia-politics/budget-approved-june-22-2026; https://www.wvtf.org/news/2026-06-22/legislators-advocates-on-virginias-new-data-center-tax-and-regulation-scheme-a-good-first-step; https://www.virginiascope.com/general-assembly-budget-proposal-expected-to-generate-600-million-a-year-in-revenue-from-data-centers/; https://www.13newsnow.com/article/news/local/virginia/virginia-va-senate-house-bipartisan-state-budget-special-session-spanberger/291-7e4f4797-9d7b-40c5-a3d2-6e8604baba98
grp_7e527c78,Virginia Sierra Club,Virginia Sierra Club,1,VA,2026-03-17,2026-03-17,https://www.ffxnow.com/2026/03/19/fairfax-county-oks-chantilly-land-sale-to-data-center-builder-as-some-cry-foul/; https://wtop.com/fairfax-county/2026/03/environmental-groups-raise-concerns-about-possible-fairfax-co-land-sale-to-data-center-developer/
grp_dcbc744d,Vistra / Luminant,Vistra / Luminant,1,TX,2025-10-01,2025-10-01,https://www.kltv.com/2026/02/10/judge-denies-major-motion-city-sulphur-springs-data-center-lawsuits/; https://heatmap.news/plus/the-fight/spotlight/sulphur-springs-data-center-msb-global-vistra
grp_09d66c9b,Wake Up Jeffco,Wake Up JeffCo; Wake Up Jeffco,2,MO,2026-04-10,2026-05-19,https://www.stlpr.org/government-politics-issues/2026-02-27/festus-leaders-next-step-approving-proposed-data-center; https://www.stlpr.org/government-politics-issues/2025-11-13/developer-eyes-festus-site-new-data-center-development; https://www.ksdk.com/article/news/politics/festus-residents-clash-over-data-center-proposal-at-city-council-meeting/63-c21a8c0d-169b-47ec-aa06-107395cdb6f7; https://www.kcur.org/housing-development-section/2025-11-15/data-center-developer-missouri-festus-st-charles; https://www.datacenterdynamics.com/en/news/developer-eyes-240-acre-data-center-campus-in-festus-missouri/; https://www.stlpr.org/economy-business/2025-09-08/documents-link-secretive-st-charles-data-center-google; https://www.kcur.org/housing-development-section/2025-09-08/google-missouri-data-center-st-charles; https://www.myleaderpaper.com/news/festus-second-data-center-lawsuit-filed/article_576699c7-2a83-48e4-a3bd-824b9ae760d1.html; https://www.stlpr.org/government-politics-issues/2026-03-31/festus-data-center-development-approval; https://www.firstalert4.com/2026/03/31/festus-data-center-plans-move-forward-after-emotional-city-council-vote/; https://www.ksdk.com/article/news/local/business-journal/festus-six-billion-dollar-data-center-crg-agreement-benefits/63-17639cf1-a110-4322-b7eb-679907668f5e; https://spectrumlocalnews.com/mo/st-louis/news/2026/03/31/st-louis-festus-data-center-project-crg; https://fox2now.com/news/missouri/festus-city-council-approves-data-center-plan/; https://www.stlpr.org/government-politics-issues/2026-04-08/6b-data-center-festus-voters-oust-every-incumbent-council-member; https://www.stlpr.org/government-politics-issues/2026-04-10/data-center-opposition-group-sues-city-festus-proposed-developer; https://www.stlpr.org/government-politics-issues/2026-04-17/festus-council-member-steps-down-data-center-backlash; https://www.kcur.org/politics-elections-and-government/2026-04-09/festus-missouri-data-center-election-city-council; https://www.ksdk.com/article/news/local/st-charles-ai-data-center-ban-first-in-nation/63-2c50fbcf-fcad-4b8d-bbcb-3711f6c2d29d; https://www.kcur.org/housing-development-section/2025-08-19/st-charles-data-center-secret-public-opposition; https://www.midriversnewsmagazine.com/news/st-charles-residents-push-back-on-hyperscale-data-center-near-city-s-water-source/article_0892c124-6c4c-4ca0-a741-ee7275fbfeb0.html; https://www.firstalert4.com/2025/08/23/st-charles-places-1-year-pause-data-center-projects/; https://www.kcur.org/politics-elections-and-government/2026-02-26/missouri-data-center-rules-water-electricity; https://www.stlpr.org/news-briefs/2025-08-18/developer-controversial-data-center-st-charles; https://www.govtech.com/products/proposed-st-charles-mo-data-center-is-dead-for-now; https://grha.org/blogs/news/victory-for-the-confluence-data-center-withdrawn-amid-environmental-concerns; https://www.ksdk.com/article/money/economy/energy/missouri-massive-data-center-st-charles-secretive-power-water-worries-polluted-groundwater-protected-wetland/63-cdae3e73-efab-4c0c-9215-938d064188e3; https://www.stltoday.com/news/local/stcharles/article_c58f3b3e-c549-471a-9bf7-f1c9ee7c59b1.html; https://baxtel.com/data-center/project-cumulus; https://www.stltoday.com/news/local/st-charles/article_cc69ee91-9269-42c1-8a23-5a93d1c05679.html; https://www.datacenterdynamics.com/en/news/bernie-sanders-praises-residents-after-developers-shelve-planned-data-center-in-st-charles-missouri/; https://www.change.org/p/stop-the-hazardous-data-center-in-st-charles-protect-our-water-health-and-community; https://grha.org; https://www.stlmag.com/business/rural-missouri-data-center-battleground/; https://www.kcur.org/housing-development-section/2025-08-23/st-charles-data-center-year-ban; https://www.govtech.com/policy/st-charles-mo-moves-to-ban-data-centers-for-1-year; https://www.ksdk.com/article/news/local/business-journal/st-charles-moves-to-permanently-ban-data-centers/63-3e1aa0a7-f1f0-4d30-b6b5-0f08648b55c5; https://fox2now.com/news/missouri/st-charles-considering-permanent-ban-on-data-centers/; https://www.stlpr.org/news-briefs/2026-02-10/st-charles-officials-table-vote-banning-large-scale-data-centers-april; https://www.firstalert4.com/2026/02/10/st-charles-planning-zoning-table-proposal-ban-data-centers/; https://www.ksdk.com/article/news/politics/st-charles-city-council-votes-7-1-to-effectively-ban-data-centers/63-7c9264ad-1dc5-4c38-853a-1f7cddf9c2ac; https://www.stlpr.org/2026-05-20/st-charles-passes-a-ban-on-data-centers; https://fox2now.com/news/missouri/st-charles-council-to-consider-ban-on-large-data-centers/
grp_6bf2b861,"Walla Walla chapter, Democratic Socialists of America","Walla Walla chapter, Democratic Socialists of America",1,WA,2026-02-12,2026-02-12,https://www.datacenterdynamics.com/en/news/aws-likely-behind-48bn-data-center-in-walla-walla-washington/; https://finance.yahoo.com/news/official-amazon-5b-mystery-data-185754206.html; https://www.union-bulletin.com/news/local/business/port-of-walla-walla-approves-36m-sale-of-property-for-amazon-data-center/article_0830f222-47e3-46c0-9a9f-45557bc8d1db.html; https://washingtonstatestandard.com/2026/02/11/how-wa-lawmakers-are-trying-to-regulate-data-centers/; https://whitmanwire.com/news/2026/02/27/amazons-data-center-project-raises-concerns-in-walla-walla/; https://www.tricitiesbusinessnews.com/articles/wallula-data-center; https://www.tricitiesbusinessnews.com/articles/amazon-wallula-gap
grp_82f839cd,Walla Walla DSA,Walla Walla DSA,1,WA,2026-02-12,2026-02-12,https://www.datacenterdynamics.com/en/news/aws-likely-behind-48bn-data-center-in-walla-walla-washington/; https://finance.yahoo.com/news/official-amazon-5b-mystery-data-185754206.html; https://www.union-bulletin.com/news/local/business/port-of-walla-walla-approves-36m-sale-of-property-for-amazon-data-center/article_0830f222-47e3-46c0-9a9f-45557bc8d1db.html; https://washingtonstatestandard.com/2026/02/11/how-wa-lawmakers-are-trying-to-regulate-data-centers/; https://whitmanwire.com/news/2026/02/27/amazons-data-center-project-raises-concerns-in-walla-walla/; https://www.tricitiesbusinessnews.com/articles/wallula-data-center; https://www.tricitiesbusinessnews.com/articles/amazon-wallula-gap
grp_1f7d7165,Warrenton Residents Against Data Centers,Warrenton Residents Against Data Centers,1,MO,2026-01-20,2026-01-20,"https://www.warrencountyrecord.com/stories/aldermen-approve-data-center-site-plan,181278; https://www.datacenterdynamics.com/en/news/crusoe-data-center-could-be-built-west-of-st-louis-missouri/"
grp_2f00ef53,Warrick County Data Center Discussion,Warrick County Data Center Discussion,1,IN,2025-12-01,2025-12-01,https://bluewaterhealthyliving.com/news/national-news/indiana/company-looking-to-build-data-center-in-warrick-county-meeting-set/; https://news.wnin.org/2025-12-05/data-center-proposed-for-warrick-county
grp_984c3474,Washington County Democratic Party,Washington County Democratic Party,1,TN,2026-05-22,2026-05-22,https://wcyb.com/news/local/brightridge-puts-moratorium-on-data-center-project-proposals-in-region; https://www.supertalk929.com/2025/06/06/one-year-moratorium-in-johnson-city-for-data-centers/; https://www.wjhl.com/news/local/brightridge-pauses-any-new-data-center-projects/; https://www.wjhl.com/news/local/johnson-city-commission-approves-moratorium-on-data-centers/; https://tennesseelookout.com/2026/07/30/east-tennessee-cities-are-gearing-up-to-fight-data-center/; https://www.supertalk929.com/2026/05/22/johnson-city-commission-votes-to-extend-data-center-moratorium/
grp_b8c1f6c2,Washington County Planning Commission,Washington County Planning Commission,1,TN,2026-03-23,2026-03-23,https://www.wjhl.com/news/local/washington-county-tn-data-center-moratorium/; https://www.wjhl.com/news/local/washington-county-commission-approves-data-center-moratorium/; https://www.supertalk929.com/2026/03/24/washington-county-tn-approves-1-year-moratorium-on-data-centers/
grp_b3207e41,Washington Township trustees (moratorium),Washington Township trustees (moratorium),1,OH,2025-12-08,2025-12-08,https://www.statenews.org/section/the-ohio-newsroom/2026-02-26/ohio-towns-are-pushing-back-against-data-centers-to-varying-degrees-of-success; https://www.axios.com/local/columbus/2026/03/04/ohio-data-center-boom-moratorium-laws; https://signalohio.org/ohio-data-center-boom-faces-political-resistence/
grp_931b9e3b,Watauga Riverkeeper,Watauga Riverkeeper,1,NC,2026-03-24,2026-03-24,https://www.wataugademocrat.com/news/local/commissioners-move-toward-data-center-moratorium/article_d6f97008-ebf5-4ac5-ab70-43746bb9e4a0.html; https://wataugaonline.com/boone-town-council-passes-one-year-data-center-moratorium-5-0-watauga-county-commissioners-move-toward-county-wide-restrictions/; https://www.wfae.org/2026-03-23/boone-approves-data-center-development-moratorium
grp_343cac70,WaterWatch of Oregon,WaterWatch of Oregon,3,OR,2025-02-05,2026-01-15,https://oregoncapitalchronicle.com/2026/03/31/amazon-to-pay-20-5-million-settlement-over-northeast-oregon-nitrate-pollution/; https://www.opb.org/article/2026/03/31/amazon-fine-northeast-oregon-boardman-nitrate-pollution-well/; https://www.rollingstone.com/culture/culture-news/amazon-data-center-pollution-settlement-1235539152/; https://thefern.org/2026/03/breaking-amazon-to-pay-20-5-million-to-settle-class-action-suit-over-pollution-ineastern-oregon/; https://www.kgw.com/article/tech/science/environment/amazon-20m-morrow-county-nitrate-contaminated-water-crisis/283-84b156c8-4acf-4242-a682-ecab1b5dcd70; https://www.columbiariverkeeper.org/2026/coalition-urges-senators-wyden-and-merkley-to-oppose-public-land-giveaway-for-data-center-water-use/; https://www.opb.org/article/2026/01/15/as-googles-water-demands-grow-the-dalles-aims-to-pull-more-from-mount-hood-forest/; https://fortune.com/longform/google-data-center-the-dalles-oregon-water-dispute/; https://www.opb.org/article/2026/01/23/the-dalles-mayor-data-center-google/
grp_ca0070ab,We Are Mason County Ky.,We Are Mason County Ky; We Are Mason County Ky.,1,KY,2026-03-27,2026-03-27,https://www.lex18.com/news/covering-kentucky/mason-county-residents-weigh-billion-dollar-data-center-proposal-amid-growing-concerns; https://www.change.org/p/save-mason-county-no-data-center-please-do-not-donate; https://www.wcpo.com/news/northern-kentucky/im-feeling-more-disappointment-rules-governing-mason-county-data-centers-approved-in-packed-meeting; https://kentuckylantern.com/2025/08/21/kentucky-could-be-on-the-eve-of-a-data-center-boom-but-in-mason-county-details-are-sketchy/; https://www.weku.org/the-commonwealth/2025-08-21/mason-county-official-says-data-center-could-bring-400-jobs-averaging-80-000-would-require-massive-amounts-of-power-and-water; https://www.wcpo.com/news/northern-kentucky/rules-governing-large-scale-maysville-data-center-move-toward-final-vote; https://www.wcpo.com/news/state/state-kentucky/ruin-peace-and-quiet-potential-for-1-billion-data-center-sparks-debate-in-rural-mason-county; https://www.outdoorhub.com/news/2025/08/28/mystery-company-targets-5000-acres-kentucky-farmland-1-billion-data-center/; https://www.weku.org/the-commonwealth/2026-03-01/mason-county-officials-approve-ordinance-paving-the-way-for-potential-large-scale-data-center; https://www.datacenterdynamics.com/en/news/mason-county-kentucky-considering-data-center-project/; https://www.wcpo.com/news/northern-kentucky/maysville-citizens-group-promises-lawsuit-to-block-2-000-acre-data-center-construction-in-mason-county; https://www.weku.org/the-commonwealth/2026-03-27/grassroots-organization-announces-plans-to-file-suit-against-mason-county-data-center-proposal; https://local12.com/news/local/northern-kentucky-family-declines-26-million-bid-data-center-plans-advance-maysville-ai-tech-technology-construction-farm-farmland-property-deal-purchase-sell-google-meta-amazon-mason-county-market-value-cincinnati; https://local12.com/news/local/anti-data-center-group-nky-sues-over-zoning-proposed-hyperscale-complex-northern-kentucky-mason-county-maysville-fiscal-court-planning-commission-construction-building-acres-farmers-farm-land-market-value-pollution-noise-energy-cost-cincinnati
grp_a59c423e,We Are Mercer County,We Are Mercer County,1,KY,2026-02-19,2026-02-19,https://www.wkyt.com/2026/02/17/mercer-county-residents-oppose-proposed-data-center-farmland/; https://www.weku.org/the-commonwealth/2026-02-20/data-center-debate-draws-hundreds-to-meeting-in-mercer-county; https://www.change.org/p/stop-the-construction-of-data-centers-in-rural-mercer-co-ky; https://www.lex18.com/news/covering-kentucky/data-center-opposition-grows-in-mercer-county-as-residents-voice-concerns; https://spectrumnews1.com/ky/louisville/news/2026/02/22/mercer-county-residents-petition-against-data-center; https://fox56news.com/news/local/proposal-to-build-data-center-in-mercer-county-sparks-debate-among-community-members/; https://www.lex18.com/news/covering-kentucky/mercer-county-residents-rally-against-proposed-data-center-development; https://fox56news.com/news/local/questions-surround-proposed-mercer-county-data-center-development/; https://www.kfyrtv.com/2026/03/04/mercer-county-issues-moratorium-data-centers/
grp_9bb61e18,We Are Oldham County,We Are Oldham County,2,KY,2025-06-02,2025-07-02,https://www.wdrb.com/in-depth/oldham-county-looks-to-pause-data-center-deals-amid-pushback-over-6b-project/article_d51c7f32-ff65-4e5e-a982-ddd9eae91e47.html; https://www.lpm.org/news/2025-07-02/oldham-county-passes-sweeping-data-center-moratorium-executive-fired-over-recording; https://www.datacenterdynamics.com/en/news/planned-data-center-project-in-kentuckys-oldham-county-relocated-and-downsized-amid-backlash/; https://www.lanereport.com/180437/2025/04/6b-data-center-project-proposed-for-oldham-county/; https://www.lpm.org/news/2025-06-03/oldham-county-data-center-switches-sites-reduces-size-amid-local-resistance; https://www.whas11.com/article/news/local/oldham-county-data-center-proposal-opposition/417-793370d3-51be-451a-847c-efcc84c2b48c; https://www.wdrb.com/in-depth/opponents-pack-meeting-about-6-billion-oldham-county-data-center-plan/article_cabe30e6-bd8a-4795-b03a-daffb331ce38.html; https://www.change.org/p/no-data-centers-in-oldham-county-only-sign-share-petition-not-for-donations
grp_03308ddb,We say NO! to Atlas Development,We say NO! to Atlas Development,1,GA,2025-05-01,2025-05-01,https://www.northwestgeorgianews.com/rome/news/local/group-opposing-rome-data-center-gathers-signatures-for-petition/article_e2ebac25-d140-4c55-94e6-5f1f8bbdd624.html; https://www.datacenterdynamics.com/en/news/atlas-plans-24-million-sq-ft-data-center-campus-outside-rome-georgia/; https://www.northwestgeorgianews.com/pressrelease/floyd-county-libertarians-oppose-new-data-center-unequivocally-condemn-county-commission-decision/article_319a126c-f33e-4d5f-b3d1-54e5164e903a.html; https://coosavalleynews.com/2025/11/citizens-group-files-open-meetings-complaint-over-rome-floyd-data-center-deal/; https://www.change.org/p/we-say-no-to-atlas-development-s-data-center-battey-complex
grp_2b99dc7f,We the People of Wyco,We the People of Wyco,1,KS,2025-10-29,2025-10-29,https://kansasreflector.com/2025/11/07/lawsuit-delays-12b-data-center-in-kansas-city-as-community-environmental-group-voice-concerns/; https://www.datacenterdynamics.com/en/news/600mw-data-center-campus-proposed-outside-kansas-city-kansas/; https://www.kcur.org/environment-agriculture/2025-11-09/data-center-kansas-city-wyandotte-county; https://www.kcur.org/housing-development-section/2026-01-29/wyandotte-county-data-centers-would-require-a-lot-of-power-will-that-raise-your-energy-bill
grp_87b5dbc1,WEPOWER,WEPOWER,1,MO,2026-04-21,2026-04-21,https://www.stlpr.org/government-politics-issues/2026-03-31/st-louis-mayor-cara-spencer-armory-data-center-zoning; https://www.ksdk.com/article/news/local/mayor-cara-spencer-city-board-postpone-vote-armory-data-center/63-4586cc07-32c7-46ad-a71b-5a92ba7b4323; https://www.change.org/p/no-more-data-centers-in-st-louis; https://www.stlpr.org/government-politics-issues/2026-04-21/data-center-project-near-armory-final-approval-st-louis; https://www.stlmag.com/news/midtown-data-center-armory-board-of-public-service/; https://www.stlouis-mo.gov/government/departments/mayor/news/data-center-permit-approved.cfm
grp_5a54de95,West Augusta 6,West Augusta 6,1,GA,2026-02-11,2026-02-11,https://www.wrdw.com/2026/02/03/augusta-leaders-hear-about-data-center-that-came-shock-neighbors/; https://www.wrdw.com/2026/02/11/augusta-data-center-meeting-draws-concerned-neighbors/; https://www.wrdw.com/2025/12/26/flying-under-radar-new-data-center-will-twice-big-augusta-mall/; https://www.wjbf.com/news/augusta-to-look-at-new-zoning-rules-for-data-centers-after-resident-complaints/; https://www.wfxg.com/community/richmond-county-residents-speak-out-against-data-center-project-in-haynes-station/article_f1dbc655-21fd-49fe-8d23-f40cc732a736.html; https://wgac.com/2025/12/30/augusta-data-center-plans-expand-to-2-15-million-square-feet/; https://theaugustapress.com/neighbors-question-qts-plan-for-augustas-first-data-center/; https://qtsdatacenters.com/data-centers/augusta/; https://kicks99.com/2025/12/30/augusta-data-center-plans-expand-to-2-15-million-square-feet/; https://www.datacenterdynamics.com/en/news/plans-filed-to-expand-former-t5-campus-site-in-augusta-georgia/; https://finance.yahoo.com/news/data-center-proposed-off-gordon-075916168.html; https://baxtel.com/data-center/project-eisenhower
grp_cf1772dc,West Virginia Center on Budget & Policy,West Virginia Center on Budget & Policy,1,WV,2026-02-25,2026-02-25,https://mountainstatespotlight.org/2026/02/25/lawmakers-block-data-center-bills/; https://westvirginiawatch.com/2026/02/18/wv-house-passes-new-data-center-development-rules-without-local-control-water-protection-provisions/; https://wchstv.com/news/local/bills-seek-transparency-local-control-over-west-virginia-data-center-sites; https://mountainstatespotlight.org/2025/12/14/data-center-pushback-lawmakers-respond/
grp_048c9677,West Virginia Citizen Action Group,West Virginia Citizen Action Group,1,WV,2025-09-02,2025-09-02,https://westvirginiawatch.com/2025/09/02/enough-devastation-mingo-logan-residents-worry-about-proposed-power-plants-data-centers-in-wv/; https://www.loganbanner.com/news/local-residents-file-federal-lawsuit-to-block-major-data-center-project-near-wharncliffe/article_c89961af-2c6d-4a86-9e05-7619e775b21e.html; https://westvirginiawatch.com/2025/12/05/mingo-county-residents-file-federal-lawsuit-against-company-building-power-plants-data-center-in-wv/; https://www.wvhighlands.org/article/despite-public-pushback-west-virginia-approves-air-quality-permits-for-data-center-energy-campus-in-mingo-county/; https://www.wboy.com/news/west-virginia/residents-share-concerns-about-data-centers-at-wvcag-press-conference/
grp_0fa54b42,West Virginia Environmental Council,West Virginia Environmental Council,1,WV,2026-02-25,2026-02-25,https://mountainstatespotlight.org/2026/02/25/lawmakers-block-data-center-bills/; https://westvirginiawatch.com/2026/02/18/wv-house-passes-new-data-center-development-rules-without-local-control-water-protection-provisions/; https://wchstv.com/news/local/bills-seek-transparency-local-control-over-west-virginia-data-center-sites; https://mountainstatespotlight.org/2025/12/14/data-center-pushback-lawmakers-respond/
grp_6143475b,West Virginia Highlands Conservancy,West Virginia Highlands Conservancy,5,WV,2026-01-01,2026-03-27,https://mountainstatespotlight.org/2026/02/25/lawmakers-block-data-center-bills/; https://mountainstatespotlight.org/2025/12/14/data-center-pushback-lawmakers-respond/; https://peoplesaction.org/wvcag-organizes-against-west-virginia-data-centers/; https://virginiamercury.com/2026/02/20/halfway-through-the-2026-legislative-session-theres-still-no-consensus-on-data-center-bills/; https://www.vpm.org/generalassembly/2026-01-16/2026-data-center-bills-thomas-hb155-mcauliff-hb503-pjm-dominion-energy; https://virginiamercury.com/2026/02/24/senators-propose-phasing-out-data-center-tax-credit-house-budget-keeps-it/; https://www.change.org/p/stop-data-centers-in-west-virginia; https://westvirginiawatch.com/2026/04/01/west-virginia-needs-a-data-center-moratorium-to-safeguard-our-future/; https://wvmetronews.com/2026/04/07/the-data-center-development-dilemma/; https://westvirginiawatch.com/2026/02/18/wv-house-passes-new-data-center-development-rules-without-local-control-water-protection-provisions/; https://wchstv.com/news/local/bills-seek-transparency-local-control-over-west-virginia-data-center-sites; https://www.wvgazettemail.com/news/legislative_session/wv-house-passes-data-center-enticement-bill-that-would-keep-project-details-hidden/article_d93196ac-1291-4a25-8f34-629ca46f2604.html; https://westvirginiawatch.com/2026/03/11/wv-senate-passes-data-center-rules-with-new-language-urging-developers-to-study-potential-water-use/; https://wvrivers.org/2026/02/data-centers-hb4983/; https://lwvwv.org/2026/02/08/make-some-noise-demand-transparency-for-data-centers-in-hb-4983/; https://westvirginiawatch.com/2025/05/28/it-will-destroy-this-place-tucker-county-residents-fight-for-future-against-proposed-data-center/; https://www.wvhighlands.org/article/grassroots-opposition-builds-against-tucker-countys-proposed-fundamental-data-power-plant-project/; https://wvmetronews.com/2025/12/03/protesters-oppose-tucker-county-data-center-as-air-quality-board-considers-permit-appeal/; https://mountainstatespotlight.org/2025/08/03/lawmakers-strip-local-authority-data-centers/; https://www.100daysinappalachia.com/2025/07/we-know-what-its-like-to-be-exploited-tucker-county-w-va-grapples-with-future-defining-ai-infrastructure-proposal/; https://marcellusdrilling.com/2025/04/1656-mw-gas-fired-data-center-proposed-in-tucker-county-wv/; https://www.wvhighlands.org/tucker-county-data-center-ridgeline-facility/; https://www.tuckerunited.com; https://www.brookings.edu/articles/will-a-data-center-be-good-for-thomas-and-davis-in-tucker-county-west-virginia/; https://www.100daysinappalachia.com/2025/04/big-tech-comes-to-tucker-county-wv/; https://wvmetronews.com/2026/02/07/air-quality-board-sides-with-developers-of-tucker-county-data-center/; https://wvpublic.org/story/energy-environment/regulators-reaffirm-approval-for-microgrid-generator-data-center-in-tucker-county/; https://wvpublic.org/story/2026/04/commerce-confirms-fundamental-data-tucker-county-advancing/; https://www.wdtv.com/2026/04/23/environmental-protection-organizations-seek-recusal-judge-ridgeline-air-permit-appeal/; https://www.theintermountain.com/news/local-news/2026/04/groups-seek-recusal-of-judge-in-permit-appeal/; https://www.wboy.com/news/tucker/portion-of-tucker-county-data-center-permit-appeal-dismissed-ahead-of-evidentiary-hearing/; https://mountainstatespotlight.org/2026/07/23/data-center-sidestep-oversight/; https://westvirginiawatch.com/2026/07/20/wv-advocates-want-to-know-who-owns-the-land-proposed-for-data-center-development-in-tucker-county/; https://www.wvhighlands.org/2026/03/11/air-quality-permit-fight-continues-against-proposed-ridgeline-power-plant-and-data-center/; https://wvpublic.org/story/energy-environment/state-regulators-hear-two-days-of-evidence-in-appeal-of-tucker-county-data-center-permits/
grp_73ebe317,West Virginians Against Transmission Injustice (WATI),West Virginians Against Transmission Injustice (WATI),1,WV,2026-02-01,2026-02-01,https://wajr.com/2026/04/01/west-virginians-against-transmission-injustice-hosts-marl-intervenor-workshop-at-cheat-lake-vfd/; https://wvmetronews.com/2026/04/02/morgantown-area-residents-learn-more-about-marl-project/; https://www.dominionpost.com/2026/02/03/a-look-at-some-marl-details-and-some-opposition/; https://www.wvva.com/2026/03/24/house-democrats-ask-psc-reject-nextera-transmission-project-cite-costs-eminent-domain-concerns/; https://www.wvgazettemail.com/news/legislative_session/cost-concerns-loom-for-heavily-opposed-1-1b-transmission-line-project-seeking-psc-ok/article_d134723f-673c-4cc4-b659-acfab85c0a62.html
grp_8183c035,Western Colorado Alliance,Western Colorado Alliance,1,CO,2026-02-12,2026-02-12,https://www.cpr.org/2026/02/12/data-centers-renewable-energy-bill/; https://www.denverpost.com/2026/03/01/colorado-data-center-legislation-regulations-incentives/; https://earthjustice.org/press/2026/legislation-introduced-to-ensure-common-sense-guardrails-on-data-centers-in-colorado; https://leg.colorado.gov/bills/SB26-102; https://gazette.com/2026/05/12/colorado-lawmakers-kill-both-major-data-center-bills/
grp_fb3d911f,Western New York Environmental Alliance (ReThink STAMP),Western New York Environmental Alliance (ReThink STAMP),1,NY,2025-02-01,2025-02-01,https://www.wxxinews.org/local-news/2025-02-06/big-data-centers-eying-genesee-county-tech-park-face-widespread-opposition; https://www.wkbw.com/genesee-county/genesee-county-residents-voice-concerns-over-planned-multi-billion-dollar-data-center; https://orleanshub.com/allies-of-tonawanda-seneca-nation-strongly-oppose-monstrous-data-center-proposed-for-stamp/; https://videonewsservice.net/index.php/2025/10/21/genesee-county-tonawanda-seneca-nation-and-sierra-club-declare-victory-in-litigation-against-massive-data-center-seek-dismissal-of-suit-following-rescission-of-approvals/; https://www.wxxinews.org/local-news/2025-09-18/genesee-county-stamp-site-data-center-on-hold-as-expansion-gets-pursued; https://videonewsservice.net/index.php/2025/11/06/genesee-county-residents-of-the-glow-region-plan-rally-and-press-conference-to-celebrate-recent-victory-against-the-stamp-data-center/; https://www.investigativepost.org/2026/02/04/data-center-subsidies-of-6-4-million-per-job/; https://www.investigativepost.org/2026/01/30/genesee-ida-has-conflict-of-interest-in-stamp-data-center/
grp_88b6b012,Western Resource Advocates,Western Resource Advocates,2,CO,2026-02-01,2026-02-12,https://leg.colorado.gov/bills/HB26-1030; https://coloradonewsline.com/2026/01/21/tax-breaks-for-data-centers-colorado/; https://coloradosun.com/2026/02/23/proposed-data-center-tax-breaks-would-increase-taxes-poor-coloradans-analysis/; https://gazette.com/2026/05/12/colorado-lawmakers-kill-both-major-data-center-bills/; https://www.cpr.org/2026/02/12/data-centers-renewable-energy-bill/; https://www.denverpost.com/2026/03/01/colorado-data-center-legislation-regulations-incentives/; https://earthjustice.org/press/2026/legislation-introduced-to-ensure-common-sense-guardrails-on-data-centers-in-colorado; https://leg.colorado.gov/bills/SB26-102
grp_62704244,Weston Gardens,Weston Gardens,1,TX,2025-01-01,2025-01-01,https://fortworthreport.org/2026/02/11/10b-data-center-hits-wall-after-fort-worth-leaders-cite-resources-land-usage-concerns/; https://www.wfaa.com/article/news/local/tarrant-county/fort-worth-council-delays-proposed-450-acre-data-center-rezoning-vote/287-3ac6b783-f553-47d5-8106-b009d799bec5; https://www.nbcdfw.com/news/local/fort-worth-data-center-zoning-approval/3649273/; https://www.govtech.com/infrastructure/fort-worth-data-center-approved-over-residents-opposition; https://www.keranews.org/environment-nature/2025-10-01/data-center-on-431-acres-in-southeast-fort-worth-moving-forward-amid-environmental-concerns
grp_732ca8f1,White Clay Creek Conservation Alliance,White Clay Creek Conservation Alliance,1,DE,2026-01-30,2026-01-30,https://www.newarkpostonline.com/news/data-center-complex-proposed-near-newark/article_25f31b5b-71d7-4975-9ace-213c3dbf35ff.html; https://www.datacenterdynamics.com/en/news/verdantas-proposes-new-data-center-in-newark-delaware/
grp_01b8e446,White County IN Against Data Centers,White County IN Against Data Centers,1,IN,2025-10-01,2025-10-01,https://www.datacenterwatch.org/report; https://dailyjournal.net/2025/11/24/3-counties-put-moratoriums-on-data-center-projects/; https://www.inkfreenews.com/2025/11/26/three-indiana-counties-pass-data-center-moratoriums/; https://www.ibj.com/articles/3-counties-put-moratoriums-on-data-center-projects; https://www.govtech.com/products/residents-push-indiana-community-toward-halt-on-data-centers; https://www.insideindianabusiness.com/articles/tensions-rise-as-white-county-rezones-for-possible-data-center; https://www.citact.org/about
grp_fff4054b,White Tank Mountains Conservancy,White Tank Mountains Conservancy,1,AZ,2025-12-10,2025-12-10,https://fortune.com/2025/12/27/ai-data-centers-arizona-hassayampa-ranch/; https://berryriddell.com/25b-data-center-planned-west-of-phoenix-wins-key-approval-from-county/; https://www.datacenterdynamics.com/en/news/arizona-land-consulting-buys-land-for-potential-15gw-data-center/
grp_876a7d60,Wilmington Residents for Responsible Development (WRRD),Wilmington Residents for Responsible Development (WRRD),2,OH,2025-11-26,2026-02-20,https://www.datacenterdynamics.com/en/news/wilmington-city-council-postpones-vote-on-aws-data-center-in-southwest-ohio/; https://www.wcpo.com/news/local-news/4-billion-amazon-data-center-proposal-in-wilmington-advances-to-next-stage-residents-want-pause; https://policymattersohio.org/news/2026/01/07/amazon-data-center-proposal-a-bad-deal-for-wilmington/; https://www.wnewsj.com/2026/01/05/wilmington-group-calls-for-added-protections-in-proposed-aws-data-center-project/; https://www.wcpo.com/news/local-news/wilmington-delays-amazon-data-center-approval-after-resident-outcry-more-public-input-slated; https://www.wnewsj.com/2026/02/25/wilmington-group-seeks-signatures-to-halt-data-center-development/; https://local12.com/news/local/clinton-county-wilmington-residents-for-responsible-development-hold-town-hall-response-proposed-billion-billions-dollars-money-data-center-tech-technology-power-grid-noise-pollution-bills-environment-city-council-job-creation-jobs-cincinnati; https://wilmingtondatacenter.org/; https://www.wnewsj.com/2025/12/03/officials-detail-4b-aws-data-center-proposal-infrastructure-plans/; https://www.datacenterdynamics.com/en/news/aws-data-center-project-tabled-in-wilmington-ohio/; https://www.change.org/p/prevent-ai-data-center-development-in-wilmington-oh; https://www.wyso.org/news/2025-12-02/amazon-proposes-4b-data-center-in-wilmington-seeks-tax-abatement; https://www.wnewsj.com/2025/11/21/protest-planned-ahead-of-council-vote-on-proposed-amazon-data-center/; https://www.chooseclintoncountyoh.org/news/data-center-faqs; https://www.wnewsj.com/2025/12/18/officials-address-water-power-concerns-at-data-center-town-hall/; https://www.wnewsj.com/2026/03/12/wilmington-planning-commission-tables-data-center-zoning-amendment/; https://www.wnewsj.com/2026/02/20/council-approves-rezonings-in-a-split-vote-amid-data-center-debate/; https://www.whio.com/news/local/another-500-acres-land-zoned-second-data-center-wilmington/KXXP722G6ZD4LMQV2Z6U4UJUQE/; https://www.fox19.com/2026/04/23/tri-state-residents-take-legal-action-halt-proposed-amazon-data-center/; https://www.wnewsj.com/2026/04/23/residents-file-lawsuit-over-proposed-aws-data-center-in-wilmington/
grp_8ff2b0dd,Wilsonville residents (No Wilsonville Data Center),Wilsonville residents (No Wilsonville Data Center),1,AL,2025-08-24,2025-08-24,https://alabamareflector.com/2025/08/24/wilsonville-residents-seek-preemptive-strike-against-massive-data-center-project/; https://insideclimatenews.org/news/20082025/wilsonville-alabama-residents-against-massive-data-center/; https://www.change.org/p/stop-the-construction-of-a-data-center-in-fourmile-wilsonville-shelby-county-al; https://www.bhamwiki.com/w/Wilsonville_Hyperscale_Data_Center
grp_9b3e4e44,Winyah Rivers Alliance,Winyah Rivers Alliance,1,SC,2026-03-05,2026-03-05,https://capitalbnews.org/secret-data-center-deal-marion-county-south-carolina/; https://truthout.org/articles/amid-the-winter-storm-a-rural-sc-county-quietly-approved-a-2-4b-data-center/; https://wpde.com/news/local/ai-stream-data-center-backlash-over-marion-county-data-center-project-administration-building-industrial-park-road-highway-501-update; https://wpde.com/news/local/marion-county-eagle-myra-project-liberty; https://wpde.com/news/local/marion-county-residents-pack-council-meeting-to-oppose-data-center-demand-more-details-stream-data-centers-artificial-intelligence-digital-benefits-construction-hearing; https://www.change.org/p/oppose-third-reading-of-ordinance-2026-01-in-marion-county; https://www.postandcourier.com/pee-dee/news/marion-county-stream-data-center/article_fce64b6c-7e65-4d99-ba9a-4d1dc70d28e5.html; https://www.wmbfnews.com/2026/02/05/marion-county-community-members-seek-transparency-proposed-data-center/; https://www.yanasa.tv/p/project-liberty-how-a-24-billion; https://www.wrdw.com/2026/03/05/sc-lawmakers-submit-resolution-temporarily-halt-data-center-projects/
grp_af96b812,Wisconsin Conservation Voters,Wisconsin Conservation Voters,1,WI,2025-11-01,2025-11-01,https://www.sierraclub.org/press-releases/2025/11/sierra-club-wisconsin-applauds-new-data-center-accountability-legislation; https://docs.legis.wisconsin.gov/2025/proposals/sb729; https://spectrumnews1.com/wi/green-bay/news/2026/03/19/wisconsin-senate-adjourns-without-a-vote-on-data-centers; https://wisconsinexaminer.com/2026/02/12/democratic-lawmakers-propose-data-center-moratorium/
grp_c9f69a76,Wisconsin's Green Fire,Wisconsin's Green Fire,1,WI,2026-02-11,2026-02-11,https://racinecountyeye.com/2026/02/11/psc-data-center-hearing-oppose/; https://wisconsinexaminer.com/2026/02/12/democratic-lawmakers-propose-data-center-moratorium/; https://spectrumnews1.com/wi/milwaukee/news/2026/02/26/new-poll-shows-partisan-divide--negative-opinion-of-data-centers; https://wisconsinexaminer.com/2026/02/10/wisconsin-public-service-commission-data-center-hearing-draws-public-outcry/; https://racinecountyeye.com/2026/02/10/psc-public-hearings-microsoft-rates/; https://urbanmilwaukee.com/2026/03/02/psc-requires-alliant-energy-to-disclose-data-center-rates/; https://naacp.org/articles/naacp-wisconsin-coalition-oppose-utility-bill-hikes-ai-data-center; https://www.sierraclub.org/press-releases/2026/03/sierra-club-wisconsin-and-partners-applaud-public-service-commission; https://wisconsinrivers.org/data-center-bills/; https://www.cleanwisconsin.org/data-center-secrets/; https://cubwi.org/data-center/; https://psc.wi.gov/Documents/PressReleases/04.24.2026PressRelease.PDF; https://www.renewwisconsin.org/pscs-preliminary-decision-data-centers-will-cover-their-costs/
grp_da1a0873,Wisconsinites against Data Centers,Wisconsinites against Data Centers,1,WI,2026-02-11,2026-02-11,https://racinecountyeye.com/2026/02/11/psc-data-center-hearing-oppose/; https://wisconsinexaminer.com/2026/02/12/democratic-lawmakers-propose-data-center-moratorium/; https://spectrumnews1.com/wi/milwaukee/news/2026/02/26/new-poll-shows-partisan-divide--negative-opinion-of-data-centers; https://wisconsinexaminer.com/2026/02/10/wisconsin-public-service-commission-data-center-hearing-draws-public-outcry/; https://racinecountyeye.com/2026/02/10/psc-public-hearings-microsoft-rates/; https://urbanmilwaukee.com/2026/03/02/psc-requires-alliant-energy-to-disclose-data-center-rates/; https://naacp.org/articles/naacp-wisconsin-coalition-oppose-utility-bill-hikes-ai-data-center; https://www.sierraclub.org/press-releases/2026/03/sierra-club-wisconsin-and-partners-applaud-public-service-commission; https://wisconsinrivers.org/data-center-bills/; https://www.cleanwisconsin.org/data-center-secrets/; https://cubwi.org/data-center/; https://psc.wi.gov/Documents/PressReleases/04.24.2026PressRelease.PDF; https://www.renewwisconsin.org/pscs-preliminary-decision-data-centers-will-cover-their-costs/
grp_5ded0c56,Wood County Residents Against Data Centers,Wood County Residents Against Data Centers,1,OH,2026-01-06,2026-01-06,https://bgindependentmedia.org/meta-data-center-how-it-went-from-economic-development-coup-to-project-local-residents-rue/; https://bgindependentmedia.org/temporary-moratoriums-on-data-centers-7-townships-in-wood-county-have-adopted-8-have-discussed/; https://www.toledoblade.com/local/suburbs/2026/01/06/wood-county-data-centers-residents-angry-planning-ohio/stories/20260106103; https://bgindependentmedia.org/power-plant-for-meta-data-center-in-wood-county-fast-tracked-approved-with-no-public-hearings/; https://signalohio.org/ohio-data-center-boom-faces-political-resistence/; https://bgindependentmedia.org/tempers-flare-as-citizens-seek-moratorium-on-any-more-data-centers-in-wood-county/
grp_decfe92d,Woodsdale and Trenton Environmental Resistance (W.A.T.E.R.),Woodsdale and Trenton Environmental Resistance (W.A.T.E.R.),1,OH,2026-03-30,2026-03-30,https://www.wvxu.org/environment/2025-12-03/developers-data-center-butler-county; https://www.daytondailynews.com/local/life-changing-decision-data-center-growth-fuels-fears-in-local-communities/FQ4JYJCGSVG7TBF7C7A2GR6SVA/; https://www.wcpo.com/news/local-news/butler-county/trenton/prologis-reveals-tentative-plans-for-major-trenton-data-center-project; https://local12.com/news/local/data-center-butler-county-trenton-millions-dollars-real-estate-developers-industrial-land-sale-finalized-new-project-farmland-construction-jobs-long-term-positions; https://www.fox19.com/2025/11/06/trenton-residents-oppose-proposed-data-center-141-acre-site/; https://www.wcpo.com/news/local-news/butler-county/trenton/trenton-residents-demand-transparency-as-data-center-construction-begins; https://www.datacenterdynamics.com/en/news/prologis-details-plans-for-data-center-campus-outside-cincinnati-ohio/; https://local12.com/news/local/site-work-begins-mammoth-data-center-cincinnati-region-butler-county-prologis-project-mila-trenton-create-jobs-employment-career-hiring; https://www.wosu.org/2026-03-25/data-center-trenton-plans-pushback; https://www.wvxu.org/local-news/2026-03-30/trenton-planning-commission-approves-site-plan-data-center; https://constructionreviewonline.com/project-mila-data-center-in-ohio-inches-closer-to-construction-as-trenton-commission-approves-plans/; https://www.journal-news.com/local/data-center-site-plan-approved-at-trenton-planning-commission/article_30ba9b03-e042-4e28-9360-d462e8d01bf7.html; https://www.wcpo.com/news/local-news/butler-county/trenton/trenton-planning-commission-approves-data-center-site-plan-in-10-minute-meeting; https://spectrumnews1.com/oh/columbus/news/2026/04/24/residents-push-back-on-massive-ai-data-center--take-fight-statewide
grp_85d4b436,Woodville & Gibsonburg Data Center,Woodville & Gibsonburg Data Center,1,OH,2025-10-01,2025-10-01,"https://www.presspublications.com/stories/woodville-township-data-center-trustees,75028; https://www.13abc.com/2025/10/14/woodville-township-residents-pushing-back-data-center-proposal/; https://www.wtol.com/article/news/local/woodville-township-residents-voice-concerns-over-proposed-data-center-tuesday-night/512-6ba51651-f014-4462-b1d2-820b64329caa; https://www.toledoblade.com/business/development/2025/10/15/data-center-meeting-woodville-township-trustees-get-earful/stories/20251015095"
grp_3b7c8172,Workers Strike Back,Workers Strike Back,1,MN,2026-02-20,2026-02-20,https://fmr.org/updates/general-water-legislative-land-use-planning/fmr-endorses-pause-data-centers; https://www.datacenterdynamics.com/en/news/state-wide-data-center-moratorium-set-to-be-proposed-in-minnesota/; https://www.house.mn.gov/sessiondaily/Story/18838; https://www.mncenter.org/op-ed-data-center-proposals-are-moving-faster-policy-minnesota; https://www.mprnews.org/story/2026/02/20/data-center-opponents-call-for-statewide-moratorium-new-regulations; https://www.northernnewsnow.com/video/2026/03/04/minnesota-senator-introduce-data-center-moratorium/; https://www.revisor.mn.gov/bills/94/2025/0/SF/608/?body=senate; https://www.twincities.com/2026/02/18/data-center-opponents-bring-swelling-opposition-to-minnesota-capitol/; https://www.womenspress.com/minnesota-lawmakers-and-activists-call-for-moratorium-on-data-centers/; https://www.startribune.com/what-did-and-did-not-pass-in-the-2026-legislative-session/601843141
grp_2ba91280,WV Citizen Action Group,WV Citizen Action Group,1,WV,2026-01-01,2026-01-01,https://mountainstatespotlight.org/2026/02/25/lawmakers-block-data-center-bills/; https://mountainstatespotlight.org/2025/12/14/data-center-pushback-lawmakers-respond/; https://peoplesaction.org/wvcag-organizes-against-west-virginia-data-centers/; https://virginiamercury.com/2026/02/20/halfway-through-the-2026-legislative-session-theres-still-no-consensus-on-data-center-bills/; https://www.vpm.org/generalassembly/2026-01-16/2026-data-center-bills-thomas-hb155-mcauliff-hb503-pjm-dominion-energy; https://virginiamercury.com/2026/02/24/senators-propose-phasing-out-data-center-tax-credit-house-budget-keeps-it/; https://www.change.org/p/stop-data-centers-in-west-virginia; https://westvirginiawatch.com/2026/04/01/west-virginia-needs-a-data-center-moratorium-to-safeguard-our-future/; https://wvmetronews.com/2026/04/07/the-data-center-development-dilemma/
grp_28be2fc7,WV Citizens Action Group,WV Citizens Action Group,1,WV,2025-09-02,2025-09-02,https://westvirginiawatch.com/2025/09/02/enough-devastation-mingo-logan-residents-worry-about-proposed-power-plants-data-centers-in-wv/; https://www.loganbanner.com/news/local-residents-file-federal-lawsuit-to-block-major-data-center-project-near-wharncliffe/article_c89961af-2c6d-4a86-9e05-7619e775b21e.html; https://westvirginiawatch.com/2025/12/05/mingo-county-residents-file-federal-lawsuit-against-company-building-power-plants-data-center-in-wv/; https://www.wvhighlands.org/article/despite-public-pushback-west-virginia-approves-air-quality-permits-for-data-center-energy-campus-in-mingo-county/; https://www.wboy.com/news/west-virginia/residents-share-concerns-about-data-centers-at-wvcag-press-conference/
grp_e9d7b318,WV Rivers,WV Rivers,1,WV,2026-03-27,2026-03-27,https://www.wvgazettemail.com/news/legislative_session/wv-house-passes-data-center-enticement-bill-that-would-keep-project-details-hidden/article_d93196ac-1291-4a25-8f34-629ca46f2604.html; https://westvirginiawatch.com/2026/02/18/wv-house-passes-new-data-center-development-rules-without-local-control-water-protection-provisions/; https://westvirginiawatch.com/2026/03/11/wv-senate-passes-data-center-rules-with-new-language-urging-developers-to-study-potential-water-use/; https://wvrivers.org/2026/02/data-centers-hb4983/; https://lwvwv.org/2026/02/08/make-some-noise-demand-transparency-for-data-centers-in-hb-4983/
grp_4dca6348,WWALS Watershed Coalition,WWALS Watershed Coalition,2,GA,2026-02-17,2026-03-02,https://www.walb.com/2026/02/16/2nd-south-georgia-county-moves-dissolve-industrial-authority-what-it-could-mean-future-data-center-builds/; https://www.change.org/p/protect-irwin-county-from-data-centers; https://wwals.net/2026/03/16/irwinville-data-center-withdrawn-by-applicant-irwin-county-commission-2026-03-02/; https://wwals.net/2026/03/02/datacenter-special-exception-public-hearing-irwin-county-commission-2026-03-02/; https://wwals.net/2026/03/24/suggested-additional-sections-for-irwin-county-datacenter-ordinance-wwals-2026-03-17/; https://www.walb.com/2026/02/10/rural-communities-raise-concerns-data-centers-expand-across-georgia-beyond/; https://www.wtxl.com/news/local-news/in-your-neighborhood/lowndes-county/lowndes-county-citizens-push-back-on-potential-data-centers-during-town-hall; https://wwals.net/2026/02/23/datacenters-meeting-lowndes-county-ga-2026-02-17/
grp_656e3cb1,WWALS Watershed Coalition (Suwannee Riverkeeper),WWALS Watershed Coalition (Suwannee Riverkeeper),2,GA,2026-02-17,2026-03-02,https://www.walb.com/2026/02/16/2nd-south-georgia-county-moves-dissolve-industrial-authority-what-it-could-mean-future-data-center-builds/; https://www.change.org/p/protect-irwin-county-from-data-centers; https://wwals.net/2026/03/16/irwinville-data-center-withdrawn-by-applicant-irwin-county-commission-2026-03-02/; https://wwals.net/2026/03/02/datacenter-special-exception-public-hearing-irwin-county-commission-2026-03-02/; https://wwals.net/2026/03/24/suggested-additional-sections-for-irwin-county-datacenter-ordinance-wwals-2026-03-17/; https://www.walb.com/2026/02/10/rural-communities-raise-concerns-data-centers-expand-across-georgia-beyond/; https://www.wtxl.com/news/local-news/in-your-neighborhood/lowndes-county/lowndes-county-citizens-push-back-on-potential-data-centers-during-town-hall; https://wwals.net/2026/02/23/datacenters-meeting-lowndes-county-ga-2026-02-17/
grp_e4ec1844,Wyndham Board of Directors Smart Development Task Force,Wyndham Board of Directors Smart Development Task Force,1,VA,2026-01-28,2026-01-28,https://virginiabusiness.com/developer-withdraws-hanover-data-center-campus-proposal/; https://www.wtvr.com/news/local-news/hanover-planning-commission-hhhunt-data-center-rezoning-jan-15-2026; https://www.datacenterdynamics.com/en/news/900mw-data-center-campus-plan-withdrawn-in-hanover-county-virginia/; https://www.wtvr.com/news/local-news/hhhunt-community-meeting-nov-17-2025; https://www.wtvr.com/news/local-news/route-33-data-center-plan-feb-19-2026; https://www.vpm.org/news/2025-11-18/hanover-hunting-hawk-data-center-hhhunt-wyndham-banton-mendelson-cheeley; https://www.henricocitizen.com/proposed-data-center-incites-opposition-from-hundreds-of-henrico-hanover-residents/; https://www.change.org/p/protect-virginia-communities-regulate-data-center-growth-before-it-s-too-late; https://neighbors4change.com/hhhunt-faces-strong-opposition-to-data-center-plan/; https://www.vpm.org/news/2026-01-20/hanover-hunting-hawk-data-center-hhhunt-wyndham-ashland-road-clark; https://www.wtvr.com/news/local-news/hanover-data-center-proposal-sept-8-2025; https://richmondbizsense.com/2026/02/20/hanover-planning-commission-defers-vote-on-430-acre-data-center-project/; https://www.12onyourside.com/2026/02/05/community-meeting-draws-critics-mountain-road-data-center-plan/; https://www.wtvr.com/news/local-news/hhhunt-withdraws-data-center-application-jan-28-2026; https://richmondbizsense.com/2026/01/16/hanover-planning-commission-rejects-hhhunt-data-center-project-near-wyndham/
grp_297ee1a0,Wyndham Smart Development Task Force,Wyndham Smart Development Task Force,1,VA,2026-01-28,2026-01-28,https://virginiabusiness.com/developer-withdraws-hanover-data-center-campus-proposal/; https://www.wtvr.com/news/local-news/hanover-planning-commission-hhhunt-data-center-rezoning-jan-15-2026; https://www.datacenterdynamics.com/en/news/900mw-data-center-campus-plan-withdrawn-in-hanover-county-virginia/; https://www.wtvr.com/news/local-news/hhhunt-community-meeting-nov-17-2025; https://www.wtvr.com/news/local-news/route-33-data-center-plan-feb-19-2026; https://www.vpm.org/news/2025-11-18/hanover-hunting-hawk-data-center-hhhunt-wyndham-banton-mendelson-cheeley; https://www.henricocitizen.com/proposed-data-center-incites-opposition-from-hundreds-of-henrico-hanover-residents/; https://www.change.org/p/protect-virginia-communities-regulate-data-center-growth-before-it-s-too-late; https://neighbors4change.com/hhhunt-faces-strong-opposition-to-data-center-plan/; https://www.vpm.org/news/2026-01-20/hanover-hunting-hawk-data-center-hhhunt-wyndham-ashland-road-clark; https://www.wtvr.com/news/local-news/hanover-data-center-proposal-sept-8-2025; https://richmondbizsense.com/2026/02/20/hanover-planning-commission-defers-vote-on-430-acre-data-center-project/; https://www.12onyourside.com/2026/02/05/community-meeting-draws-critics-mountain-road-data-center-plan/; https://www.wtvr.com/news/local-news/hhhunt-withdraws-data-center-application-jan-28-2026; https://richmondbizsense.com/2026/01/16/hanover-planning-commission-rejects-hhhunt-data-center-project-near-wyndham/
grp_250409a2,Wyoming Outdoor Council,Wyoming Outdoor Council,2,WY,2026-01-16,2026-02-14,"https://cowboystatedaily.com/2025/10/13/wyomings-data-center-boom-sparks-fears-of-soaring-electric-rates/; https://www.governing.com/infrastructure/data-center-boom-threatens-to-overload-wyomings-power-system; https://www.wyomingpublicmedia.org/open-spaces/2026-01-16/bigger-data-centers-are-coming-how-can-wyoming-get-ahead-of-the-boom; https://www.wyomingpublicmedia.org/natural-resources-energy/2026-03-06/ratepayer-protection-pledge-aims-to-keep-energy-costs-down-amid-data-center-boom; https://cowboystatedaily.com/2026/02/14/data-center-near-evanston-is-talking-to-microsoft-meta/; https://www.uintacountyherald.com/stories/county-officials-sign-letters-of-support-for-incoming-data-center,107999; https://www.datacenterdynamics.com/en/news/prometheus-hyperscale-to-power-wyoming-data-center-with-natural-gas-will-offset-through-carbon-capture/"
grp_a1fb4b32,Yale Environmental Justice Law and Advocacy Clinic,Yale Environmental Justice Law and Advocacy Clinic,1,MA,2026-07-29,2026-07-29,https://www.boston.com/news/local-news/2026/05/07/lowell-residents-file-massachusetts-first-lawsuit-against-a-data-center/; https://commonwealthbeacon.org/environment/lowell-residents-sue-data-center-state-over-air-quality-permit/; https://law.yale.edu/yls-today/news/clinic-lawsuit-challenges-data-center-expansion-lowell-massachusetts; https://www.wbur.org/news/2026/07/29/lowell-data-center-massachusetts-markley-group-environmental-justice; https://www.wgbh.org/news/local/2026-07-29/in-one-mass-city-the-fight-over-a-data-center-has-hit-a-crisis-point
grp_a2b0761f,York County Citizens for Responsible Growth,York County Citizens for Responsible Growth,1,SC,2026-07-13,2026-07-13,https://www.change.org/p/stop-the-qts-data-center-in-york-county-sc; https://www.postandcourier.com/york-county/news/resident-concerns-york-county-qts-data-center/article_475e41a6-a73b-4288-a23d-2cdefd0bedec.html; https://www.datacenterdynamics.com/en/news/qts-to-build-data-center-in-york-county-south-carolina/; https://qtsdatacenters.com/data-centers/york/; https://www.wral.com/news/local/qts-data-center-lake-wylie-york-county-sc-feb-2026/; https://www.wcnc.com/article/tech/science/environment/data-center-concerns-york-county-sc-2-11-2026/275-1d5a7101-2b38-43fe-b5ef-9032464e5f8b; https://hoodline.com/2026/02/lake-wylie-neighbors-fume-as-qts-data-center-rocks-their-quiet-cove/; https://www.datacenterfrontier.com/site-selection/article/33011849/qts-data-centers-makes-1-billion-south-carolina-debut-amid-busy-2023; https://governor.sc.gov/news/2023-09/qts-data-centers-establishing-first-south-carolina-operations-york-county; https://www.wbtv.com/2026/02/11/residents-share-concerns-new-data-center-being-built-york-county/; https://www.wbtv.com/2026/06/17/york-county-weighs-9-month-moratorium-new-data-centers-what-we-know/; https://www.wrhi.com/2026/06/york-county-council-approves-data-center-moratorium-first-reading-advances-1-5b-biopharmaceutical-project-213500; https://www.qcnews.com/news/u-s/york-county/york-county-leaders-consider-nine-month-moratorium-on-data-centers/; https://www.wrhi.com/2026/07/york-county-council-approves-nine-month-data-center-moratorium-214184; https://www.qcnews.com/news/u-s/york-county/york-county-approves-9-month-pause-on-new-data-center-applications/
grp_3a72108f,Young Gifted & Green,Young Gifted & Green,9,MS;TN,2024-08-26,2026-03-10,https://www.cnbc.com/2026/03/10/elon-musk-xai-permit-for-mississippi-plant-despite-pollution-concerns.html; https://naacp.org/articles/naacp-demands-mississippi-regulators-reschedule-data-center-permit-hearing; https://mississippitoday.org/2026/03/10/xai-permit-approved-southaven/; https://naacp.org/articles/naacp-and-advocacy-groups-appeal-air-permit-xais-personal-power-plant-north-mississippi; https://mississippitoday.org/2026/04/10/xai-southaven-permit-appeal/; https://www.selc.org/press-release/mississippi-regulators-rubber-stamp-air-permit-for-xai-power-plant-ignoring-overwhelming-public-pushback/; https://www.mississippifreepress.org/xai-faces-fierce-opposition-over-southaven-mississippi-power-plant-permit/; https://mississippitoday.org/2026/02/18/xai-southaven-permit-public-resounding-no/; https://www.cnbc.com/2026/02/13/musks-xai-faces-threat-of-naacp-lawsuit-over-pollution-in-mississippi.html; https://www.wlbt.com/2026/03/11/mdeq-approves-air-permit-xai-data-center-southaven-amid-community-opposition/; https://www.usnews.com/news/top-news/articles/2026-02-17/mississippi-holds-hearing-on-xai-data-center-amid-environmental-lawsuit-threat; https://www.cnbc.com/2026/03/09/mississippi-regulators-to-hold-xai-permit-meeting-on-election-day.html; https://dailymemphian.com/article/60703; https://www.selc.org/press-release/groups-appeal-air-permit-for-xais-personal-power-plant-in-north-mississippi/; https://interactive.localmemphis.com/pdfs/2024-08-26-Letter-to-SCHD-re-xAI-operating-without-permits.pdf; https://www.selc.org/news/elon-musks-xai-facility-is-polluting-south-memphis/; https://prismreports.org/2025/06/18/xai-memphis-data-center-pollution/; https://www.localmemphis.com/article/news/local/shelby-county-health-department-xai-turbines/522-fc5a1114-1023-43ec-a11f-e748447cba84; https://interactive.localmemphis.com/pdfs/2025-04-09_Letter_from_SELC_et_al._to_SCHD_re_xAI; https://www.selc.org/press-release/new-images-reveal-elon-musks-xai-datacenter-has-nearly-doubled-its-number-of-polluting-unpermitted-gas-turbines/; https://www.cnbc.com/2025/04/10/elon-musks-xai-accused-polluting-air-in-memphis-selc-says-in-letter.html; https://wreg.com/news/xai-hearing-draws-hundreds-becomes-heated-debate/; https://www.fox13memphis.com/news/rally-decrying-xai-permit-to-be-held-outside-health-department-wednesday/article_1a41789b-fa2a-42b2-93c3-82c071ef07f0.html; https://www.youtube.com/watch?v=3VJT2JeDCyw; https://www.selc.org/press-release/memphis-health-leaders-grant-air-permit-for-xai-data-center/; https://www.cnbc.com/2025/07/03/musks-xai-gets-permit-for-turbines-to-power-supercomputer-in-memphis.html; https://cdn.arstechnica.net/wp-content/uploads/2025/07/NAACP-and-YGGs-xAI-Air-Permit-Appeal-7-15-2025.pdf; https://www.selc.org/press-release/groups-appeal-permit-for-xais-south-memphis-data-center-decisions-around-unpermitted-methane-gas-turbines/; https://naacp.org/articles/naacp-and-advocacy-groups-appeal-permit-xais-south-memphis-data-center-decisions-around; https://www.ehn.org/community-pushback-grows-over-musk-backed-supercomputer-in-southwest-memphis; https://tennesseelookout.com/2025/07/07/a-billionaire-an-ai-supercomputer-toxic-emissions-and-a-memphis-community-that-did-nothing-wrong/; https://time.com/7308925/elon-musk-memphis-ai-data-center/; https://www.selc.org/news/resistance-against-elon-musks-xai-facility-in-south-memphis-gets-stronger/; https://insideclimatenews.org/news/17072025/elon-musk-xai-data-center-gas-turbines-memphis/; https://www.actionnews5.com/2026/02/13/selc-plans-sue-xai-over-gas-turbines-mississippi/; https://www.cnbc.com/2026/01/16/musks-xai-faces-tougher-road-expanding-memphis-area-after-epa-update.html; https://www.datacenterdynamics.com/en/news/elon-musks-xai-to-spend-659m-on-new-building-for-memphis-data-center-cluster/; https://www.selc.org/news/xai-built-an-illegal-power-plant-to-power-its-data-center/; https://www.actionnews5.com/2025/12/16/shelby-co-air-pollution-control-board-denies-appeal-over-xais-turbine-use-citing-mootness/; https://www.localmemphis.com/video/news/local/boxtown-residents-demand-answers-after-board-allows-xai-air-permit-to-stand/522-12677233-a83c-4f46-8dca-7da765ff39df; https://www.memphisflyer.com/xai-permit-appeal-dismissed
grp_aae7f926,Youth Action Fund,Youth Action Fund,1,FL,2026-02-26,2026-02-26,https://floridaphoenix.com/2026/01/29/youth-climate-change-activists-redirect-their-focus-to-opposing-ai-data-centers/; https://floridaphoenix.com/2026/03/13/florida-senate-half-heartedly-agrees-to-final-ok-for-weakened-data-center-bill/; https://www.clickorlando.com/news/florida/2026/03/24/heres-what-to-know-after-gov-desantis-signed-floridas-newest-law/; https://www.flsenate.gov/Session/Bill/2026/1007; https://www.flsenate.gov/Session/Bill/2026/484; https://www.hklaw.com/en/insights/publications/2026/02/proposed-florida-legislation-creates-new-regulatory-framework; https://www.theinvadingsea.com/2026/03/13/data-centers-florida-legislature-sb-484-desantis-ai-non-disclosure-agreements-psc-utilities/; https://www.wlrn.org/government-politics/2026-02-27/ai-data-center-regulation-bill-passes-florida-senate; https://www.wusf.org/politics-issues/2026-02-26/florida-senate-unanimously-passes-restrictions-large-scale-data-centers; https://www.insurancejournal.com/news/southeast/2026/07/16/877882.htm
