ID,Title,"Report Year",Status,"Year Adopted","Date of Last Event",Level,State,County,County,Municipality,Type,Content,Citations
5400,"Uinta County",2026,"In effect",2023,2023,Local,WY,"Uinta County",56041,,Wind,"Rule 6a and 6b: Setback Restriction (wind)","Uinta County, Wyo., Resolution 23-02, (Jan. 3, 2023), 
https://www.uintacountywy.gov/DocumentCenter/View/608/Uinta-County-Land-Use-Resolution-2023"
5401,"Sweetwater County",2026,"In effect",2025,2025,Local,WY,"Sweetwater County",56037,,Wind,"Rule 6a and 6b: Setback Restriction (wind)","Sweetwater County, Wyo., Resolution 15-11-CC-01, (Nov. 3, 2015), https://cms7files.revize.com/sweetwaterwy24/document_center/Land%20Use/Development%20Codes/2015%20Zoning%20Resolution%20Amended%202.18.25.pdf"
5402,"Sheridan County",2026,"In effect",2022,2022,Local,WY,"Sheridan County",56033,,Solar,"Rule 1: Ban / Moratorium (solar)","Sheridan County, Wyo., (Mar. 24, 2022),
https://cms2.revize.com/revize/sheridan/Document%20Center/Departments/Public%20Works'/Building%20In%20the%20County/Solar-Energy-Permit-Rules-Filed-Copy.pdf"
5403,"Goshen County",2026,"In effect",2025,2025,Local,WY,"Goshen County",56015,,Wind,"Rule 6a and 6b: Setback Restriction (wind)","Goshen County, Wyo., Land Use Plan (Jun. 10, 2025), 
https://www.goshensheriff.gov/DocumentCenter/View/1137/Wind-Energy-Siting-regulations-6-2025"
5404,"Fremont County",2026,"In effect",2023,2023,Local,WY,"Fremont County",56013,,Wind,"Rule 6a and 6b: Setback Restriction (wind)","Freemont County, Wyo., Wind and Solar Energy Siting Regulations (Feb. 14, 2023), 
https://cms9files.revize.com/fremontcounty/Government/Departments/Planning%20Department/Wind%20and%20Solar%20Energy%20Facility/FREMONT%20COUNTY%20WIND%20AND%20SOLAR%20ENERGY%20FACILITY%20SITING%20REGULATIONS.pdf"
5405,"Crook County",2026,"In effect",2012,2012,Local,WY,"Crook County",56011,,Wind,"Rule 6b: Setback Restriction (wind) | Rule 7: Noise Restriction (wind) 
A 2012 resolution provides that no wind energy project shall be approved that is set back less than 0.5 miles from the limits of the nearest city or town or 5.5 times tower height or 1 mile from the nearest residential dwelling. It further limits noise to 40 dBa at the property line.","Crook County, Wyo., Wind Energy Facility Resolution § 7 (June 6, 2012), https://cms2.revize.com/revize/crookscountynew/elected_officials/commissioners/docs/RulesRegsCC/Crook_County_Wind_Energy_Facility_Resolution.pdf."
5406,"Campbell County",2026,"In effect",2024,2024,Local,WY,"Campbell County",56005,,Wind,"Rule 6b: Setback Restriction (wind)","Campbell County, Wyo.., Zoning Regulations (Oct. 1, 2024), 
https://www.campbellcountywy.gov/184/Rules#docaccess-b6a36e508a71b99cfb65a22cb3446e567b73c93bfe5fa10e300ffd11f8114659"
5407,"Trempealeau County",2026,"In effect",2007,2007,Local,WI,"Trempealeau County",55121,,Wind,"Rule 7: Noise Restriction (wind)","Trempealeau County, Wis., Wind Generator and Wind Generating Facility Ordinance (Nov. 8, 2007),
https://docs.wind-watch.org/wind_ordinance_11-28-07-final-draft-_1.pdf"
5408,"Sawyer County",2026,"In effect",2025,2025,Local,WI,"Sawyer County",55113,,Solar|Storage,"Rule 1: Ban / Moratorium (solar) | Rule 1: Ban / Moratorium (storage)
In August 2025, the Sawyer County Board of Supervisors enacted a nine-month moratorium on the acceptance of any application to operate a solar energy system or battery energy storage system and on the consideration and/or issuance of zoning permits, building permits, conditional use permits and zoning approvals for such systems. The moratorium is intended to allow time to update the regulations.","Sawyer County, Wis., Ordinance 2025-33 (Aug. 21, 2025), 
https://www.sawyercounty.gov/ArchiveCenter/ViewFile/Item/2908"
5409,"Sawyer County",2026,"In effect",2007,2007,Local,WI,"Sawyer County",55113,,Wind,"Rule 1: Ban / Moratorium (wind) | Rule 9: Height Restriction (wind) 
The 2007 Wind Energy System Ordinance provides that large wind energy systems are only allowed in the A-1, A-2, F-1 and I-1 zone districts, provided that the parcel size is greatet than 5 acres. The ordinance also limits the height of wind turbines to 150 feet.","Sawyer County, Wyo., Wind Energy System Ordinance (Dec. 20, 2007), 
https://www.sawyercountygov.org/DocumentCenter/View/1984/Wind-Energy-System-Ordinance-12-20-07"
5410,"Town of Union (Rock County)",2026,"In effect",2007,2009,Local,WI,"Rock County",55105,"Town of Union",Wind,"Rule 6b: Setback Restriction (wind) 
An ordinance requiring turbine setbacks of a 0.5 miles (2,640 feet) from existing homes was enacted in 2007. However, state law prohibits municipalities from requiring that wind turbines be set back by more than 1,250 feet.","Wisconsin Public Service Commission, Wind Siting – Frequently Asked Questions at 3, https://psc.wi.gov/SiteAssets/WindSitingFAQs.pdf (last visited Apr. 1, 2023); The War Over Wind, Isthmus, Sept. 10, 2009."
5411,"Town of Cassel (Marathon County)",2026,"In effect",2023,2023,Local,WI,"Marathon County",55073,"Town of Cassel",Wind,"Rule 6a: Setback Restriction (wind) | Rule 7: Noise Restriction (wind) 
The Town of Cassel adopted a wind energy ordinance in May 2023 that limits noise to 35 dBA at non-participating property lines and residences and requires large wind turbines to be set back the greater of 1 mile or 10 times turbine height from facility property lines.  Cassel is one of several towns in Clark and Marathon Counties to adopt similar ordinances.","Town of Cassel, Wis., Ordinance No. 2023-1 (May 8, 2023), https://www.townofclevelandwi.com/assets/files/2023/10/town-of-cleveland-wind-ordinance-1--2.pdf"
5412,"Town of Day (Marathon County)",2026,"In effect",2023,2023,Local,WI,"Marathon County",55073,"Town of Day",Wind,"Rule 6a: Setback Restriction (wind) | Rule 7: Noise Restriction (wind) 
The Town of Day adopted a wind energy ordinance in May 2023 that limits noise to 35 dBA at non-participating property lines and residences and requires large wind turbines to be set back the greater of 1 mile or 10 times turbine height from facility property lines.  Day is one of several towns in Clark and Marathon Counties to adopt similar ordinances.","Town of Day, Wis., Ordinance No. 2023-__ (May 10, 2023), https://drive.google.com/file/d/1IUUvA4NIwnyZLrIW83b3-D9Md0f7vFBd/view."
5413,"Town of Eau Pleine (Marathon County)",2026,"In effect",2023,2023,Local,WI,"Marathon County",55073,"Town of Eau Pleine",Wind,"Rule 6a: Setback Restriction (wind) | Rule 7: Noise Restriction (wind) 
The Town of Eau Pleine adopted a wind energy ordinance in June 2023 that limits noise to 35 dBA at non-participating property lines and residences and requires large wind turbines to be set back the greater of 1 mile or 10 times turbine height from facility property lines.  Eau Pleine is one of several towns in Clark and Marathon Counties to adopt similar ordinances.","Town of Eau Pleine, Wis., Ordinance No. 2023-1 (June 13, 2023), https://img1.wsimg.com/blobby/go/4c3dce97-9a9b-43c8-a6d6-758c65c5df71/downloads/2023.06.13%20Ordinance%20_2023-1%20WEF%20Licensing.pdf."
5414,"Town of Frankfort (Marathon County)",2026,"In effect",2023,2023,Local,WI,"Marathon County",55073,"Town of Frankfort",Wind,"Rule 6a: Setback Restriction (wind) | Rule 7: Noise Restriction (wind) 
The Town of Frankfort adopted a wind energy ordinance in May 2023 that limits noise to 35 dBA at non-participating property lines and residences and requires large wind turbines to be set back the greater of 1 mile or 10 times turbine height from facility property lines.  Frankfort is one of several towns in Clark and Marathon Counties to adopt similar ordinances.","Town of Frankfort, Wis., Ordinance No. 2023-0508-A (May 8, 2023), https://irp.cdn-website.com/bd9533a3/files/uploaded/Town%20of%20Frankfort%20-%20Ordinance%2020230508-A.pdf."
5415,"Town of Cleveland (Marathon County)",2026,"In effect",2023,2023,Local,WI,"Marathon County",55073,"Town of Cleveland",Wind,"Rule 6a: Setback Restriction (wind) | Rule 7: Noise Restriction (wind) 
The Town of Cleveland adopted a wind energy ordinance in June 2023 that limits noise to 35 dBA at non-participating property lines and residences and requires large wind turbines to be set back the greater of 1 mile or 10 times turbine height from facility property lines.  Cleveland is one of several towns in Clark and Marathon Counties to adopt similar ordinances.","Town of Cleveland, Wis., Ordinance No. 2023-1 (June 6, 2023), https://www.townofclevelandwi.com/assets/files/2023/10/town-of-cleveland-wind-ordinance-1--2.pdf."
5416,"Town of Green Valley (Marathon County)",2026,"In effect",2023,2023,Local,WI,"Marathon County",55073,,Wind,"Rule 6a: Setback Restriction (wind) | Rule 7: Noise Restriction (wind) 
The Town of Green Valley adopted a wind energy ordinance in September 2023 that limits noise to 35 dBA at non-participating property lines and residences and requires large wind turbines to be set back the greater of 1 mile or 10 times turbine height from facility property lines. Green Valley is one of several towns in Clark and Marathon Counties to adopt similar ordinances.","Town of Green Valley, Wis., Ordinance No. 2023-1 (Sept. 12, 2023), https://static1.squarespace.com/static/63e9331ef178037971814b5d/t/65ef344c62f85f00fc034bdf/1721238905278/Town+of+Green+Valley+Wind+Ordinance.pdf."
5417,"Town of Holton (Marathon County)",2026,"In effect",2023,2023,Local,WI,"Marathon County",55073,"Town of Holton",Wind,"Rule 6a: Setback Restriction (wind) | Rule 7: Noise Restriction (wind) 
The Town of Holton adopted a wind energy ordinance in May 2023 that limits noise to 35 dBA at non-participating property lines and residences and requires large wind turbines to be set back the greater of 1 mile or 10 times turbine height from facility property lines.  Holton is one of several towns in Clark and Marathon Counties to adopt similar ordinances.","Town of Holton, Wis., Ordinance No. 2023-02 (May 10, 2023), https://cdn.townweb.com/townofholton.wi.gov/wp-content/uploads/2023/05/Ordinance_2023-02_Wind-Energy-Facility-Licensing-Ordinance.pdf."
5418,"Town of Johnson (Marathon County)",2026,"In effect",2023,2023,Local,WI,"Marathon County",55073,"Town of Johnson",Wind,"Rule 6a: Setback Restriction (wind) | Rule 7: Noise Restriction (wind) 
The Town of Johnson adopted a wind energy ordinance in August 2023 that limits noise to 35 dBA at non-participating property lines and residences and requires large wind turbines to be set back the greater of 1 mile or 10 times turbine height from facility property lines. Johnson is one of several towns in Clark and Marathon Counties to adopt similar ordinances.","Town of Johnson, Wis., Ordinance No. 2023-__ (Aug., 2023), https://www.townofjohnson.org/government/ordinances/."
5419,"Town of Rib Falls (Marathon County)",2026,"In effect",2023,2023,Local,WI,"Marathon County",55073,"Town of Rib Falls",Wind,"Rule 6a: Setback Restriction (wind) | Rule 7: Noise Restriction (wind) 
The Town of Rib Falls adopted a wind energy ordinance in May 2023 that limits noise to 35 dBA at non-participating property lines and residences and requires large wind turbines to be set back the greater of 1 mile or 10 times turbine height from facility property lines.  Rib Falls is one of several towns in Clark and Marathon Counties to adopt similar ordinances.","Town of Rib Falls, Wis., Ordinance No. Chapter 25 (May 9, 2023), https://f0ef5741-57a5-48c4-9e47-dc8efbc19864.filesusr.com/ugd/e3d2bf_44fa22d6907e45e795a6544e2f8536e0.pdf."
5420,"Kenosha County",2026,"In effect",2022,2022,Local,WI,"Kenosha County",55059,,Solar,"Rule 1: Ban / Moratorium (solar) | Rule 2: Capacity Cap (solar)","Kenosha County, Wis., Ordinance No. 6 (Nov. 1, 2022),
https://www.kenoshacountywi.gov/DocumentCenter/View/16146/O6-Zoning-Solar-Energy-Systems"
5421,"Town of Lincoln (Eau Claire County)",2026,Expired,2021,2021,Local,WI,"Eau Claire County",55035,"Town of Lincoln",Wind,"Rule 1: Ban / Moratorium (wind) 
In May 2021, the town of Lincoln, located in Eau Claire County, passed a 6-month moratorium on wind energy development in direct response to RWE Renewables America’s interest in building a wind farm in the county. The moratorium received the support of several dozen residents at a township meeting.","Town of Lincoln, Wis., Temporary Moratorium on Development of Wind Energy Systems, Ordinance No. 2021.21, May 10, 2021, https://lincolntownshipwi.com/ordinances; Jess Langlois, Eau Claire Co. town passed wind farm moratorium, WQOW, May 10, 2021, https://www.wqow.com/news/eau-claire-co-town-passes-wind-farm-moratorium/article_de83feb7-3d21-5525-bb08-8c5a353b0af8.html."
5422,"Town of Springfield (Dane County)",2026,"In effect",2021,2021,Local,WI,"Dane County",55025,"Town of Springfield",Solar,"Rule 1: Ban / Moratorium (solar) 
An ordinance adopted in April 2021 sets out Town “policies” that discourage siting utility-scale solar farms on agricultural land. Among the Town policies are the following statements: (a) “Do not site [solar energy systems] on Group I or II agricultural soils” and (b) “Discourage [siting of solar energy systems] in other areas used for crop production.”  The restrictions are nonbinding.","Town of Springfield, Wis., Ordinance 2021-02 Sec. 9 (Apr. 8, 2021), http://danecotowns.net/wp-content/uploads/2021/06/Springfield-2021-02-Comp-Amendment-Solar-siting.pdf."
5423,"Town of Westport (Dane County)",2026,"In effect",2021,2021,Local,WI,"Dane County",55025,"Town of Westport",Solar,"Rule 1: Ban / Moratorium (solar) 
A town ordinance adopted October 4, 2021, provides that solar energy systems “may not be sited on Group I or II agricultural soils as these align with the most productive farming areas of the Town.” The ordinance further provides that solar energy systems are “discouraged in other areas used for crop production.”","Town of Westport, Wis., Code of Ordinance § 7-13-7(i)-(j), https://www.townofwestport.org/sites/g/files/vyhlif6051/f/uploads/t7-ch13.pdf; Town of Westport, Wis., Minutes of Oct. 4, 2021 Town Board Meeting, https://www.townofwestport.org/sites/g/files/vyhlif6051/f/minutes/town_board_minutes_10-04-21.pdf."
5424,"Town of Courtland (Columbia County)",2026,"In effect",2023,2023,Local,WI,"Columbia County",55021,"Town of Courtland",Solar,"Rule 10a: Setback Restriction (solar) 
In July 2023, the Town of Courtland adopted a Solar Energy System Licensing Ordinance that requires solar inverters and any sound-producing equipment to be at least 500 feet from non-participating property lines and requires noise at property lines to be limited to 35 dB.","Town of Courtland, Wis., Solar Energy Systems Licensing Ordinance (June 21, 2023), https://www.co.columbia.wi.us/columbiacounty/Portals/3/Joint%20Committee/Joint%20Committee%20-%20Letter%20re%20Town%20of%20Courtland%20Solar%20Ordinance.2023.07.28.pdf."
5425,"Town of Lowville (Columbia County)",2026,"In effect",2024,2024,Local,WI,"Columbia County",55021,,Wind,"Rule 6a: Setback Restriction (wind) | Rule 7: Noise Restriction (wind) 
The Town of Lowville adopted a wind energy ordinance in May 2024 that limits noise to 35 dBA at any property line or residence and requires large wind turbines to be set back the greater of 1 mile or 10 times turbine height from property lines.","Town of Lowville, Wis., Ordinance No. 2024-01 (May 9, 2024), https://lowville.wi.gov/ordinances."
5426,"Town of Green Grove (Clark County)",2026,"In effect",2023,2023,Local,WI,"Clark County",55019,"Town of Green Grove",Wind,"Rule 6a: Setback Restriction (wind) | Rule 7: Noise Restriction (wind) 
The Town of Green Grove adopted a wind energy ordinance in May 2023 that limits noise to 35 dBA at non-participating property lines and residences and requires large wind turbines to be set back the greater of 1 mile or 10 times turbine height from facility property lines.  Green Grove is one of several towns in Clark and Marathon Counties to adopt similar ordinances.","Town of Green Grove, Wis., Ordinance No. 2023-0509 (May 9, 2023), https://townofgreengrovewi.gov/wp-content/uploads/2023/05/Wind-Energy-Turbine-Ordinance.pdf."
5427,"Yakima County",2026,"In effect",2022,2025,Local,WA,"Yakima County",53077,,Solar,"Rule 1: Ban / Moratorium (solar) 
On July 26, 2022, Yakima County adopted a temporary moratorium on mid- and large-scale solar projects, which was extended on February 28, 2023, for another 6 months. The moratorium has been extended for additional periods of 6 months, most recently in July 2025, through 2026.","Yakima County, Wa., Resolution No. 173-2025 (Jul. 22, 2025), https://www.yakimacounty.us/AgendaCenter/ViewFile/Item/12901?fileID=23233; Questen Inghram, Yakima County’s two-year ban on solar may continue, Washington State Standard, Jan. 9, 2025, https://washingtonstatestandard.com/2025/01/09/yakima-countys-two-year-ban-on-solar-may-continue/; John Franklin, Yakima County extends solar panel moratorium over water rights and wildfire risks, Kima TV, Jan. 29, 2025, https://kimatv.com/news/local/yakima-county-extends-solar-panel-moratorium-over-water-rights-and-wildfire-risks; Phil Ferolito, Yakima County Commissioners extend moratorium on solar farms, Yakima Herald-Republic, Mar. 1, 2023, https://www.yakimaherald.com/news/local/yakima-county-commissioners-extend-moratorium-on-solar-farms/article_5585043c-b7c0-11ed-a2e2-e388a7e477af.html; Joel Donofrio, Yakima County Commissioners extend solar moratorium against, Yakima herald-republic, Aug. 16, 2023, https://www.yakimaherald.com/news/local/government/yakima-county-commissioners-extend-solar-moratorium-again/article_416a115a-3b9f-11ee-acd3-5b26ad259118.html."
5428,"Whitman County",2026,"In effect",2021,2021,Local,WA,"Whitman County",53075,,Wind,"Rule 6b: Setback Restriction (wind)","Whitman County, Wash., Ordinance No. 83955 (Feb. 1, 2021), https://library.municode.com/wa/whitman_county/codes/code_of_ordinances?nodeId=TIT19ZOCO_CH19.61COWIENFA"
5429,"Pacific County",2026,"In effect",2023,2023,Local,WA,"Pacific County",53049,,Wind,"Rule 1: Ban / Moratorium (wind) | Rule 2: Density Cap (wind) | Rule 9: Height Restriction (wind)","Pacific County, Wyo., Ordinance No. 194 (Apr. 27, 2021),
https://www.co.pacific.wa.us/dcd/images/PC/2023.10.05%20Draft%20Zoning%20Ord.%20No.%20194%20-%20Clean%20Version.pdf"
5430,"Okanogan County",2026,"In effect",2024,2024,Local,WA,"Okanogan County",53047,,Wind,"Rule 6a: Setback Restriction (wind)","Okanogan County, Wash., Ordinance 2024-5 (2024), 
https://www.codepublishing.com/WA/OkanoganCounty/html/OkanoganCounty17/OkanoganCounty17255.html"
5431,"Klickitat County",2026,"In effect",2023,2023,Local,WA,"Klickitat County",53039,,Wind|Solar,"Rule 6b: Setback Restriction (wind) | Rule 10b: Setback Restriction (solar) 
On January 10, 2023, the Klickitat County Commissioners adopted a 6-month moratorium on solar projects greater than 1 acre in the Goldendale and Centerville valleys. An ordinance adopted August 17, 2010 requires that solar panels be set back by “a minimum of five hundred [500] to one thousand five hundred [1,500] feet from existing residential structures,” depending on aesthetic impacts, geography, and the project size. The ordinance also requires that wind turbines be set back 1,600 feet from existing residential structures.","Jacob Bertram, Second solar moratorium approved, Columbia Gorge News, Jan. 18, 2023, https://www.columbiagorgenews.com/news/second-solar-moratorium-approved/article_838314a6-96ae-11ed-a42d-139f1114b5b2.html; Klickitat County, Wash., Municipal Code § 19.39:8 (adopted Aug. 17, 2010), https://library.municode.com/wa/klickitat_county/codes/code_of_ordinances?nodeId=TIT19ZO_CH19.39ENOVZO_19.39_8DEST."
5432,"Kittitas County",2026,Expired,2017,2018,Local,WA,"Kittitas County",53037,,Solar,"Rule 1: Ban / Moratorium (solar) 
In early 2017, the Kittitas County Commissioners established a temporary moratorium on applications for major solar energy projects. In July of 2017, Kittitas County Commissioners extended the moratorium by another six months and created a Citizen Advisory Committee to gather information in order to create informed regulations for the county. The moratorium was rescinded in October 2018 with the adoption of a new ordinance. The moratorium was apparently motivated by opposition to the proposed Columbia Solar Project.","Daily Record Editorial Board, Tackling reasons behind solar moratorium, Daily Record, July 12, 2017, https://www.dailyrecordnews.com/opinion/editorial/editorial-tackling-reasons-behind-solar-moratorium/article_3d42b2db-eaff-5581-bc23-fe20d33c0534.html; Kittitas County, Wash. Ordinance No. 2018-018 (Oct. 2, 2018), https://www.co.kittitas.wa.us/uploads/bocc/ordinances/2018-018-ordinance.pdf."
5433,"Grant County",2026,"In effect",2021,2023,Local,WA,"Grant County",53025,,Solar,"Rule 1: Ban / Moratorium (solar) 
On August 3, 2021, the Grant County Board of County Commissioners adopted a moratorium on new commercial or industrial solar projects. On January 25, 2022, the moratorium was extended by 90 days. The county subsequently adopted its Solar Energy Facility Ordinance, effectively lifting the moratorium. The ordinance provides that solar energy facilities shall not be allowed on properties zoned Agriculture with a Comprehensive Plan designation of Irrigated Agriculture.","Grant County, Wash., Solar Energy Facility Ordinance, https://www.grantcountywa.gov/1490/Grant-County-Solar-Energy-Facility-Ordin; Grant County, Wash., Draft Ordinance to Further Extend Moratorium, https://www.grantcountywa.gov/DocumentCenter/View/5066/Solar-Extension-2."
5434,"Grant County",2026,"In effect",2025,2025,Local,WA,"Grant County",53025,,Wind,"Rule 1: Ban / Moratorium (wind) 
On April 1, 2025, the Grant County Board of County Commissioners adopted a 6-month moratorium on new utility-scale wind projects for the purpose of evaluating the county's Unified Development Code. In September 2025, the county extended the moratorium for an additional 6 months, through 2026.","Grant County, Wash., Ordinance No. 25-083 (Sept. 23, 2025), https://www.grantcountywa.gov/DocumentCenter/View/14996/Ordinance-25-083-CC-Moratorium-Extension-on-Wind-Energy-Conversion-Systems-WECS; Grant County, Wash., Ordinance No. 25-032 (Apr. 1, 2025), https://www.grantcountywa.gov/DocumentCenter/View/12853/Ordinance-25-032-CC---Moratorium-on-Wind-Energy-Conversion-Systems-WECS?bidId="
5435,"City of Suffolk",2026,"In effect",2023,2023,Local,VA,"Suffolk city",51800,"City of Suffolk",Solar,"Rule 2: Size Cap (solar) 
In November 2023, the Suffolk County Planning Commission unanimously passed a Unified Development Ordinance (UDO) amendment for solar energy facilities regulations. The amendments include a 1% cap on countywide land to be developed as solar facilities in areas zoned for agriculture.","James Robinson, Amendment on solar energy facilities passed by Suffolk Planning Commission, SUFFOLK NEWS-HERALD, Nov. 28, 2023, https://www.suffolknewsherald.com/2023/11/28/amendment-on-solar-energy-facilities-passed-by-suffolk-planning-commission/; SUFFOLK COUNTY, VA., Ordinance 23-O-164 (adopted Dec. 20, 2023), https://mcclibraryfunctions.azurewebsites.us/api/ordinanceDownload/14461/1262722/pdf."
5436,"City of Roanoke",2026,"In effect",2021,2021,Local,VA,"Roanoke city",51770,"City of Roanoke",Wind,"Rule 1: Ban / Moratorium (wind) | Rule 9: Height Restriction (wind)","Roanoke, Va., Zoning Code (Jul. 26, 2021),
https://www.roanokeva.gov/DocumentCenter/View/16551/Proposed-Amendments-to-the-Zoning-Code-Text-Amendments-November-2021"
5437,"Warren County",2026,"In effect",2009,2009,Local,VA,"Warren County",51187,,Wind,"Rule 9: Height Restriction (wind) 
A 2009 ordinance limits wind turbines to 120 feet in height.","Warren County, Va., Code of Ordinances § 180-59.1 (added May 19, 2009), https://ecode360.com/13713827"
5438,"Stafford County",2026,"In effect",2023,2023,Local,VA,"Stafford County",51179,,Solar,"Rule 1: Ban / Moratorium (solar) | Rule 2: Size Cap (solar) | Rule 5: Viewshed Restriction (solar)","Stafford County, Va., Ordinance No., O23-01 (May 16, 2023), 
https://staffordcountyva.gov/Planning%20and%20Zoning/O23-01%20Solar.pdf"
5439,"Southampton County",2026,"In effect",2022,2022,Local,VA,"Southampton County",51175,,Solar,"Rule 2: Size Cap (solar) | Rule 10a: Setback Restriction (solar) 
In September 2022, Southampton County adopted a solar ordinance that limits the cumulative acreage of solar farms in the county to 3,855 acres, or 1% of county land. Southampton also requires a 5-mile setback between any two solar farms and a 5-mile setback between a solar farm and an incorporated municipality.","Titus Mohler, Southampton County supervisors approve new solar ordinance, Tidewater News, Sept. 10, 2022, https://www.thetidewaternews.com/2022/09/10/southampton-county-supervisors-approve-new-solar-ordinance/#:~:text=%E2%80%9CThe%20proposed%20ordinance%20limits%20the,utility%2Dscale%20solar%20development.%E2%80%9D; Southampton County, Va., Code § 18.627.A(3) (July 7, 2023), https://library.municode.com/va/southampton_county/codes/code_of_ordinances?nodeId=CO_CH18ZO_ARTXXII.AUTSCSOPRSOCO_S18-627.AGEDIST."
5440,"Smyth County",2026,"In effect",2023,2023,Local,VA,"Smyth County",51173,,Wind,"Rule 1: Ban / Moratorium (wind) | Rule 9: Height Restriction (wind)","Smyth County, Va., Code of Ordinances (2023), 
https://library.municode.com/va/smyth_county/codes/code_of_ordinances?nodeId=APXAZOOR"
5441,"Shenandoah County",2026,"In effect",2023,2023,Local,VA,"Shenandoah County",51171,,Solar,"Rule 2: Size Cap (solar) 
On April 25, 2023, the Shenandoah County Board of Supervisors amended the county solar ordinance to require 100% vegetative coverage around the perimeter of a facility and to limit the size of facilities to 50 acres for every mile of buffer.","Alex Bridges, Shenandoah County board OKs new solar farm rules, The Northern Virginia Daily, Apr. 26, 2023, https://www.nvdaily.com/nvdaily/shenandoah-county-board-oks-new-solar-farm-rules/article_916f0142-729b-5e3d-aa6f-ba622c07aa6c.html."
5442,"Rockingham County",2026,"In effect",2023,2023,Local,VA,"Rockingham County",51165,,Solar,"Rule 2: Size Cap (solar) 
As of its March 2023 zoning ordinance, Rockingham County caps the cumulative acreage that can be occupied by solar farms at 1,800 acres and limits individual solar projects to 50-150 acres per project.","Rockingham County, Va., Code § 17-607, Solar energy facility, large (a) (as of Mar. 21, 2023), https://library.municode.com/va/rockingham_county/codes/code_of_ordinances?nodeId=CH17ZO_ARTVILAUS_S17-607SUSTCELAUS."
5443,"Prince George County",2026,"In effect",2020,2020,Local,VA,"Prince George County",51149,,Solar,"Rule 2: Size Cap (solar) 
In August 2020, Prince George County adopted a policy (but not a binding requirement) limiting the land used for solar facilities outside of heavy industrial districts to 2.74% of total acreage.","Prince George County, Va., Solar Energy Facility Siting Policy (Aug. 11, 2020), https://cms1files.revize.com/princegeorgeva/Adopted%20Solar%20Energy%20Siting%20Policy%20-%2008.11.2020.pdf."
5444,"Pittsylvania County",2026,"In effect",2023,2023,Local,VA,"Pittsylvania County",51143,,Solar,"Rule 1: Ban / Moratorium (solar) | Rule 2: Size Cap (solar) 
On March 21, 2023, the Pittsylvania County Board of Supervisors approved changes to the county’s solar ordinance that will prohibit the construction of solar farms within 5 miles of any other solar farm and limit utility-scale solar projects to 2% of the total acreage of any zoning district.","Diana McFarland, PittCo further restricts solar, Chatham Star Tribune, Mar. 30, 2023, https://www.chathamstartribune.com/news/article_fd43026e-ce40-11ed-a14d-c7bed4d03718.html."
5445,"Page County",2026,"In effect",2022,2022,Local,VA,"Page County",51139,,Solar,"Rule 2: Size Cap (solar) | Rule 10a: Setback Restriction (solar) 
On June 28, 2022, Page County adopted a solar ordinance that limits utility-scale projects to 30 acres “covered by arrays of photovoltaic panels, including spaces between panels,” and other related structures. The ordinance further requires that above-ground structures, including security fences, be set back at least 300 feet from property lines with existing dwellings and that transformers be set back 600 feet.","Page County, Va., Code §§ 134-7(J)-(K) (June 28, 2022), https://ecode360.com/39329837."
5446,"Nottoway County",2026,"In effect",2025,2025,Local,VA,"Nottoway County",51135,,Solar,"Rule 2: Capacity Cap (solar) | Rule 10a and 10b: Setback Restriction (solar)","Nottoway County, Va., Solar Ordinance (Apr. 17, 2025), 
https://cms8.revize.com/revize/nottowaycountyva/BOS%20Adopted%20Solar%20Ordinance%20April%2017,%202025%20with%20attachments.pdf"
5447,"Mecklenburg County",2026,"In effect",2023,2023,Local,VA,"Mecklenburg County",51117,,Solar,"Rule 1: Ban / Moratorium (solar) | Rule 2: Size Cap (solar) 
In July 2023, Mecklenburg County capped the cumulative acreage that can be occupied by solar farms at 2,325 acres despite opposition to the limit from local landowners. Earlier, in April 2023, Mecklenburg imposed a 2-mile setback requirement between solar farms. Mecklenburg also prohibits siting new solar farms within 1 mile of any incorporated municipality.","Mecklenburg County tightens requirements for solar projects, SoVaNow.com, Apr. 13, 2023, https://www.sovanow.com/articles/mecklenburg-county-tightens-requirements-for-solar-projects/; Susan Kyte, Mecklenburg County imposes hard cap on solar projects, Mecklenburg Sun, July 12, 2023, https://www.sovanow.com/articles/mecklenburg-county-imposes-hard-cap-on-solar-projects/."
5448,"Madison County",2026,"In effect",2019,2019,Local,VA,"Madison County",51113,,Solar,"Rule 1: Ban / Moratorium (solar) 
Madison County’s August 2019 solar ordinance limits solar energy systems to the A-1 (Agricultural), B-1 (Business, General), and C-1 (Conservation) districts.","Madison County, Va., Code of Ordinances § 14-19-3(A)(1), https://library.municode.com/va/madison_county/codes/code_of_ordinances?nodeId=CD_ORD_APX1ZO_ART14GEPR."
5449,"Lunenburg County",2026,"In effect",2023,2023,Local,VA,"Lunenburg County",51111,,Solar,"Rule 1: Ban / Moratorium (solar) 
In July 2023, the Lunenburg County Board of Supervisors unanimously voted to adopt an indefinite ban on consideration of permit applications for new solar projects.","Crystal Vandegrift, Board gives solar projects red light, Kenbridge Victoria Dispatch, July 21, 2023, https://www.kenbridgevictoriadispatch.com/2023/07/21/board-gives-solar-projects-red-light/."
5450,"Louisa County",2026,"In effect",2022,2022,Local,VA,"Louisa County",51109,,Solar,"Rule 2: Size Cap (solar) 
As of its August 2022 solar ordinance, Louisa County limits solar farms to a maximum cumulative acreage of 9,800 acres or 3% of county land. In February 2025, the County adopted a revised ordinance mandating that utility-scale solar generation facilities shall not exceed 2% of total county acreage (6,343 acres). The ordinance also requires that applicants pay a fee of 1% of the county's budget per MW of solar permitted. ","Louisa County, Va., Code § 86-45 (Mar. 19, 2024), https://library.municode.com/va/louisa_county/codes/code_of_ordinances?nodeId=CO_CH86LADERE_ARTIGEPR_DIV5COUSPE_S86-45COUSPEMIUTALSOGEFA; Louisa County, Va., Code § 86-45, https://www.louisacounty.gov/DocumentCenter/View/8670/Amendment-Solar-Changes-BOS-Adopted-08012022---Clean."
5451,"King William County",2026,"In effect",2021,2021,Local,VA,"King William County",51101,,Solar|Storage,"Rule 1: Ban / Moratorium (solar) | Rule 1: Ban / Moratorium (storage) | Rule 2: Size Cap (solar)","King William County, Va., Ordinance No. 09-21R2 (Sep. 27, 2021), https://kwc.gov/DocumentCenter/View/3380/Chapter-86---Zoning--Subdivision-Ordinance"
5452,"King George County",2026,"In effect",2024,2024,Local,VA,"King George County",51099,,Solar,"Rule 2: Size Cap (solar)","King George County, Va., Zoning and Subdivision Ordinance Update (Dec. 19, 2023),
https://www.kinggeorgecountyva.gov/DocumentCenter/View/10212/Proposed-Sections-7-7-8-7-7-9-7-7-10-Solarpdf"
5453,"James City County",2026,"In effect",2023,2023,Local,VA,"James City County",51095,,Solar,"Rule 1: Ban / Moratorium (solar) 
After rejecting an application by Pivot Energy to construct a solar farm in March 2023, the James City Board of Supervisors established an indefinite pause on new solar projects as it considered updates to its solar farm regulations.","David Macaulay, James City hopes to have new policy on solar farms by end of year, Virginia Gazette, Apr. 15, 2023, https://www.pilotonline.com/2023/04/15/james-city-hopes-to-have-new-policy-on-solar-farms-by-end-of-year/; David Macaulay, Public will get to weigh in on James City County solar farm policy early next year, Virginia Gazette, Oct. 27, 2023, https://www.pilotonline.com/2023/04/15/james-city-hopes-to-have-new-policy-on-solar-farms-by-end-of-year/."
5454,"Isle of Wight County",2026,"In effect",2023,2023,Local,VA,"Isle of Wight County",51093,,Solar,"Rule 2: Size Cap (solar) 
In May 2023, Isle of Wight County adopted an ordinance that limits solar farm acreage to 2% of prime farm soils, amounting to a maximum of 2,446 acres; as of 2017, 72% of that land was already set aside for approved solar farms.","Stephen Faleski, Isle of Wight approves 2% cap on solar farm acreage, Smithfield Times, May 22, 2023, https://www.smithfieldtimes.com/2023/05/22/isle-of-wight-approves-2-cap-on-solar-farm-acreage/."
5455,"Henry County",2026,"In effect",2020,2020,Local,VA,"Henry County",51089,,Solar,"Rule 2: Size Cap (solar) 
Henry County’s solar ordinance, adopted March 24, 2020, provides that no more than 2.5% of land in a 5-mile radius of the project area of any existing large scale solar facility may be approved for use as the project area for a new large scale solar facility.","Henry County, Va., Code of Ordinances § 21-1806(j) (Mar. 24, 2020), https://library.municode.com/va/henry_county/codes/code_of_ordinances?nodeId=COOR_CH21ZO_ARTXVIIISOENFA_S21-1806LOAPOPRE."
5456,"Henrico County",2026,"In effect",2022,2022,Local,VA,"Henrico County",51087,,Wind|Solar,"Rule 1: Ban / Moratorium (wind) | Rule 1: Ban / Moratorium (solar) | Rule 2: Size Cap (solar) | Rule 9: Height Restriction (wind)","Herico County, Va., Ordinance No. 1306 (Dec. 13, 2022), https://henrico.gov/pdfs/countyattorney/Chpt024Zoning.pdf"
5457,"Halifax County",2026,"In effect",2023,2024,Local,VA,"Halifax County",51083,,Solar,"Rule 10a: Setback Restriction (solar) 
On May 1, 2023, the Halifax County Board of Supervisors adopted a zoning amendment that prohibits large-scale solar energy facilities within 2,000 feet of the corporate limits of any municipality. The Halifax County Board of Supervisors voted to impose a moratorium in March 2024, halting the issuance of conditional use permit applications for solar projects until the county revises its zoning ordinance. In August 2024, the Board unanimously lifted the moratorium.","Miranda Baines, Halifax County solar applications at a standstill, The Gazette-Virginian, Sept. 20, 2024, https://www.yourgv.com/news/local_news/halifax-county-solar-applications-at-a-standstill/article_1ee39066-76b3-11ef-986b-579529c3a835.html; Miranda Baines, Halifax County board flips power back on for solar, The Gazette-Virginian, Aug. 6, 2024, https://www.yourgv.com/news/local_news/halifax-county-board-flips-power-back-on-for-solar/article_d4c4c020-5422-11ef-97bf-874048c86b47.html; Miranda Baines, Infrastructure improvements approved for SBS, VIR, The Gazette-Virginian, May 3, 2023, http://www.yourgv.com/news/local_news/infrastructure-improvements-approved-for-sbs-vir/article_d046a672-e91a-11ed-b65b-737d4cc885fa.html; Miranda Baines, Solar blackout: Supervisors put halt on applications for now after crowd descends on meeting, March 5, 2024, https://www.yourgv.com/news/local_news/solar-blackout-supervisors-put-halt-on-applications-for-now-after-crowd-descends-on-meeting/article_ebf42860-db16-11ee-a077-8fc95b15d597.html."
5458,"Greensville County",2026,"In effect",2022,2022,Local,VA,"Greensville County",51081,,Solar,"Rule 2: Size Cap (solar) 
In March 2022, Greensville County passed an ordinance requiring all solar facilities to be a minimum of 100 acres and capping the cumulative acreage of solar farms in the county to 7,600 acres.","William Pitts, Greensville County sets limits on new solar facilities, Independent-Messenger, Mar. 14, 2022 (updated Mar. 15, 2022), https://www.emporiaindependentmessenger.com/news/article_ebdcfe8c-a0a4-11ec-8203-97cb2bad64ac.html."
5459,"Grayson County",2026,"In effect",2024,2024,Local,VA,"Grayson County",51077,,Solar,"Rule 10a: Setback Restriction (solar) 
In June 2024 the Board of Supervisors voted unanimously in favor of amendments to the county’s Comprehensive Plan and Zoning Ordinance to regulate renewable energy facilities. The amendments define utility-scale solar projects as those with a capacity of 1 MW or greater and limit the total size of any such projects to 500 acres. The amendments further require that such projects be set back at least 1 mile from any town or city boundary and at least 2 miles from any existing solar project. Further, any solar projects interconnecting to the grid must be located within 2 miles of transmission line corridors.","Grayson County Board of Supervisors, Meeting Minutes (June 13, 2024), https://www.graysoncountyva.gov/AgendaCenter/ViewFile/Minutes/_06132024-15, Shannon Watkins, Grayson tightens rules for wind, solar, THE GALAX GAZETTE, Jun. 19, 2024, https://www.pmg-va.com/galax_gazette/news/grayson-tightens-rules-for-wind-solar/article_b7885369-cf73-5f36-a11f-6b211b65ff2d.html."
5460,"Goochland County",2026,"In effect",2023,2023,Local,VA,"Goochland County",51075,,Solar,"Rule 2: Size Cap (solar)","Goochland County, Va., Ordinance No. 5703 (May 2, 2023), 
https://www.goochlandva.us/DocumentCenter/View/12455/Solar-Ordinance-and-Policy-Adopted----Tuesday-May-2-2023"
5461,"Giles County",2026,"In effect",2024,2024,Local,VA,"Giles County",51071,,Solar,"Rule 1: Ban / Moratorium (solar)","Giles County, Va., Zoning Ordinance (Nov. 6, 2024),
https://virginiasmtnplayground.com/wp-content/uploads/2025/10/Zoning-Ordinance-CURRENT-9-29-95.pdf"
5462,"Franklin County",2026,"In effect",2023,2023,Local,VA,"Franklin County",51067,,Solar,"Rule 2: Size Cap (solar) 
In February 2023, the Franklin County Board of Supervisors amended the county's zoning regulations to limit the cumulative acreage for utility-scale solar energy generation to 1,500 acres and requiting minimum setback of 300 feet from any adjacent offsite residential structure.","Franklyn County, Va., Ordinance No. 11-02-2023 (Feb. 21, 2023), https://www.franklincountyva.gov/DocumentCenter/View/3876/Finalized-Zoning-Amendment-Chapter-25--Utility-Scale-Solar-Generation-Facility-2023-PDF."
5463,"Fauquier County",2026,"In effect",2020,2020,Local,VA,"Fauquier County",51061,,Solar,"Rule 2: Size Cap (solar) 
Farquier County’s solar ordinance, passed in October 2020, mandates that no more than 8% of the land in a 2.5-mile radius of the project area of any existing utility-scale solar project can be approved for use as the project area for a new utility-scale solar project.","Fauquier County, Va., Solar Ordinance, https://go.boarddocs.com/va/corva/Board.nsf/files/C5RLKY5688A7/$file/Fauquier%20County%20Solar%20Ordinance%20Requirements%20-%20ART_05.pdf (last visited Feb. 9, 2024); Peter Cary, Planners object to proposed Bealeton solar project’s effect on farmland, Fauquier Times, Oct. 5, 2021, https://www.fauquier.com/news/planners-object-to-proposed-bealeton-solar-project-s-effect-on-farmland/article_bd5b9e02-a20c-11eb-8399-2be2563d3b5f.html?fbclid=IwAR1c6FWXH0Rws6Us0G_uTXivt8z19zbfOuBx03FxAOUu8L4-lxmANsoaXP4."
5464,"Culpeper County",2026,"In effect",2023,2023,Local,VA,"Culpeper County",51047,,Solar,"Rule 2: Size Cap (solar) 
On February 7, 2023, the Culpeper County Board of Supervisors voted to limit the size of future solar energy projects to 300 acres per project and to limit the total acreage for utility-scale solar to 2,400 acres.","Allison Brophy Champion, Culpeper County limits solar energy projects to 300 acres, Culpeper Star Exponent, Feb. 8, 2023, https://starexponent.com/business/culpeper-county-limits-solar-energy-projects-to-300-acres/article_47edbcc6-a7b5-11ed-93de-eb9404b65ee4.html; Culpeper County, Va., Ordinance Adopting Article 17-7 § 17-7-4.1 (Feb. 7, 2023), https://go.boarddocs.com/va/ccva/Board.nsf/files/CPGTE5725CB3/$file/02072023%20Solar%20Ordinance.pdf."
5465,"Clarke County",2026,"In effect",2024,2024,Local,VA,"Clarke County",51043,,Solar,"Rule 1: Ban / Moratorium (solar) 
As of January 2024, Clarke County’s zoning ordinance requires that all solar energy facilities, except for those delivering behind-the-meter power, be located within 1 mile of two specified electrical substations in the county. At the time of adoption, one solar project had already been built adjacent to one of the substations, and another project had already been proposed adjacent to the other substation.","Board of Supervisors, Clarke County, Virginia, Zoning Ordinance Text Amendment TA-23-04 (Jan. 16, 2024), https://www.clarkecounty.gov/home/showpublisheddocument/11434/638410841473230000; Mickey Powell, Zoning change effectively nixes solar farm development in Clarke County, WINCHESTER STAR, Jan. 18, 2024, https://www.winchesterstar.com/winchester_star/zoning-change-effectively-nixes-solar-farm-development-in-clarke-county/article_23907849-5771-5cd8-a9a8-1f19741a4581.html/."
5466,"Charlotte County",2026,Expired,2023,2023,Local,VA,"Charlotte County",51037,,Solar,"Rule 1: Ban / Moratorium (solar) 
On August 8, 2022, the Charlotte County Board of Supervisors adopted a moratorium on applications for solar projects through January 1, 2024 or until the Charlotte County Planning Commission makes a recommendation on zoning for solar projects, whichever happens first. In April 2023, Charlotte County lifted the moratorium.","Charlotte Co. pauses further solar projects, Sovanow.com, Aug. 24, 2022, https://www.sovanow.com/articles/charlotte-co-pauses-further-solar-projects; Crystal Vandegrift, A change for Charlotte County: Supervisors lift solar moratorium, Charlotte Gazette, April 20, 2023, https://www.thecharlottegazette.com/2023/04/20/charlotte-county-board-lifts-solar-moratorium/."
5467,"Caroline County",2026,"In effect",2021,2022,Local,VA,"Caroline County",51033,,Solar,"Rule 2: Capacity Cap (solar)","Caroline County, Va., Supplemental Regulations, (Nov. 10, 2022), https://co.caroline.va.us/1243/Standards-for-Minor-Solar-Energy-Project"
5468,"Buckingham County",2026,"In effect",2023,2023,Local,VA,"Buckingham County",51029,,Solar,"Rule 2: Size Cap (solar) 
In December 2023, Buckingham County adopted a solar ordinance that limits cumulative solar development to 1,600 MW or 7,500 acres.","Rachel Austin, What does the new Buckinham County solar policy look like?, Farmville Herald, Dec. 19, 2023, https://www.farmvilleherald.com/2023/12/what-does-the-new-buckingham-county-solar-policy-look-like/."
5469,"Brunswick County",2026,"In effect",2023,2023,Local,VA,"Brunswick County",51025,,Solar,"Rule 2: Size Cap (solar) 
Brunswick County’s zoning ordinance limits the cumulative acreage of solar development in the county to 8,600 acres. In March 2023, the Brunswick County Board of Supervisors amended the solar ordinance to clarify that this acreage refers to the land under PV panel coverage, not the total acreage of the solar farm parcels.","Sylvia Allen, Supervisors amend solar ordinance, Brunswick Times-Gazette, March 28, 2023, https://www.brunswicktimes-gazette.com/article_4f7dc64c-cca5-11ed-a9e4-67050174dff7.html; Brunswick County, Va., Code § 23-406(b), https://library.municode.com/va/brunswick_county/codes/code_of_ordinances?nodeId=CO_APXBZO_ART23SOFA_S23-406DEST."
5470,"Augusta County",2026,"In effect",2023,2023,Local,VA,"Augusta County",51015,,Solar,"Rule 1: Ban / Moratorium (solar) 
In July 2021, the Augusta County Board of Supervisors updated the Utilities section of the County’s Comprehensive Plan to establish policies that would limit the size of industrial solar facilities. The update provided that solar farms are strongly discouraged from using more than 200 acres of land and that they should not be built in Urban Service and Community Development areas. In December 2023, Augusta County prohibited new solar projects in urban service and community development areas; at the same time, Augusta mandated that new solar projects must be located at least 2 miles from existing solar projects.","Augusta County, Va., Comprehensive Plan Solar Update, July 28, 2021, https://www.co.augusta.va.us/home/showpublisheddocument/16740/637631647962170000; Tara Todd, Augusta County Supervisors pass solar restrictions despite pleas from farmland owners, WVIR, July 28, 2021, https://www.nbc29.com/2021/07/29/augusta-county-supervisors-pass-solar-restrictions-despite-pleas-farmland-owners/; Bob Stuart, Augusta County tightens ordinance on solar projects, News Virginian, Dec. 18, 2023, https://newsvirginian.com/news/local/government-politics/augusta-county-tightens-ordinance-on-solar-projects/article_37e0ef36-9d7f-11ee-b99e-4797bc93aeba.html."
5471,"Amherst County",2026,"In effect",2024,2024,Local,VA,"Amherst County",51009,,Solar,"Rule 1: Ban / Moratorium (solar) | Rule 2: Size Cap (solar) 
In March 2024, the Amherst County Board of Supervisors unanimously passed a revised zoning ordinance that establishes a cap of 50 acres under panel for utility-scale solar facilities. It also prohibits the siting of new solar projects within 1 mile of existing solar projects.","Amherst County, Virginia, Ordinance No. 2024-1 (March 19, 2024), https://www.countyofamherst.com/egov/documents/1712238866_86414.pdf; Justin Faulconer, Amherst County revises zoning rules on utility solar farms, 50-acre cap now in place, AMHERST NEW ERA-PROGRESS, March 23, 2024, https://newsadvance.com/news/community/new-era-progress/amherst-county-revises-zoning-rules-on-utility-solar-farms-50-acre-cap-now-in-place/article_649ff096-e7bf-11ee-b1e9-9f3cb1fb6724.html."
5472,"Amelia County",2026,"In effect",2022,2022,Local,VA,"Amelia County",51007,,Solar,"Rule 2: Size Cap (solar) | Rule 10a and 10b: Setback Restriction (solar)","Amelia County, Va., Code of Ordinances §325.34 (Nov. 9, 2022),
https://ecode360.com/36748075"
5473,"Accomack County",2026,"In effect",2017,2017,Local,VA,"Accomack County",51001,,Wind,"Rule 1: Ban / Moratorium (wind) 
In January 2017, Accomack County amended its zoning ordinance to prohibit large wind projects in agricultural districts and to require large solar projects in agricultural districts to receive special use permits from the board of zoning appeals.","Accomack County, Va., Ordinance of 01-19-2017, https://library.municode.com/va/accomack_county/ordinances/code_of_ordinances?nodeId=812617; Clara Vaughn, Future solar farms could be slowed by Accomack regulations, Delmarva Now, Jan. 19, 2017, https://www.delmarvanow.com/story/news/local/virginia/2017/01/19/future-solar-farms-could-slowed-accomack-regulations/96775930/."
5474,"Town of Woodstock (Windsor County)",2026,"In effect",2020,2020,Local,VT,"Windsor County",50027,Woodstock,Wind,"Rule 9: Height Restriction (wind) 
The Zoning Regulations as amended in 2017 provide that wind turbines shall not exceed fifty feet in height.","Woodstock, Vt., Zoning Regulations (Aug. 8, 2017), 
https://townofwoodstock.org/wp-content/uploads/2020/10/TOWN-Zoning-Regulations-searchable-1.pdf"
5475,"Town of Stockbridge (Windsor County)",2026,"In effect",2011,2011,Local,VT,"Windsor County",50027,Stockbridge,Wind,"Rule 1: Ban / Moratorium (wind) 
The 2011 Zoning Bylaws provide that residential wind energy systems may be allowed in all zoning districts except the Special Flood Hazard Area as an accessory use to a dwelling and subject to conditional use approval by the ZBA. There are no specific provisions related to commercial wind energy systems.","Stockbriedge, Vt., Zoning Bylaws (Apr. 21, 2011),
https://www.trorc.org/wp-content/uploads/2013/10/sbzon_042111.pdf"
5476,"Town of Shelburne (Chittenden County)",2026,"In effect",2016,2016,Local,VT,"Chittenden County",50007,Shelburne,Solar,"Rule 5: Viewshed Restriction (solar)","Solar Electric Generation Facility Siting Standards Ordinance, Jul. 26, 2016
https://outside.vermont.gov/agency/ACCD/bylaws/Bylaws%20and%20Plans%20Approved/Shelburne_Adopted_SolarScreeningOrdinance_July_2016.pdf"
5477,"Town of Milton (Chittenden County)",2026,"In effect",2023,2023,Local,VT,"Chittenden County",50007,Milton,Wind,"Rule 9: Height Restriction (wind) 
The Unified Development Regulations as amended in 2023 provide that the height of a wind energy turbine must not exceed 120 feet.","Unified Development Regulations (Jan. 3, 2023), https://miltonvt.gov/DocumentCenter/View/5621/Unified-Development-Regulations-amended-04062026?bidId="
5478,"Northeast Vermont Development Association (Caledonia, Essex, and Orleans Counties)",2026,"In effect",2015,2023,Local,VT,"Caledonia County|Essex County|Orleans County",50005|50009|50019,,Wind,"Rule 1: Ban / Moratorium (wind) 
In January 2015, the Northeastern Vermont Development Association (NVDA)—one of eleven Vermont regional planning commissions—unanimously approved a resolution against the development of all industrial wind energy systems. The resolution states that “[i]t is the position of the NVDA that no further development of industrial-scale wind turbines should take place in the Northeast Kingdom.” This position was reaffirmed in NVDA’s 2018 Energy Plan and in NVDA’s June 2023 memorandum readopting that plan. NVDA’s resolution is not legally binding and is intended to serve as a “starting point” for member municipalities’ zoning process. These member municipalities are Caledonia, Essex, and Orleans counties.","Northeastern Vermont Development Association, Wind Study Report, August 21, 2014 (amended January 22, 2015), http://www.nvda.net/files/Wind%20Study%20-%20Final%20Report%20-3-27-15.pdf; John Herrick, NEK development officials vote to oppose large wind projects, VT Digger, Jan. 26, 2015, https://vtdigger.org/2015/01/26/nek-development-officials-vote-oppose-large-wind-projects/; Vermont Department of Environmental Conservation, Regional Planning Commissions, https://dec.vermont.gov/waste-management/contaminated-sites/brownfields/regional-planning-commissions, last visited October 19, 2023; NVDA, Regional Plan for the Northeast Kingdom: 2015-2023, Chapter Two: Energy, Aug. 27, 2015 (amended April 26, 2018), https://www.nvda.net/nvda-regional-plan/2018FullPlan.pdf; David Snedeker, NVDA Executive Director, Memo re: Update and Readoption of Northeastern Vermont Regional Plan, June 20, 2023, https://www.nvda.net/files/AccessmentReport.pdf."
5479,"Weber County",2026,"In effect",2013,2013,Local,UT,"Weber County",49057,,Wind,"Rule 1: Ban / Moratorium (wind) | Rule 9: Height Restriction (wind) 
The 2013 ordinance provides that large wind energy systems are permitted only in the N-R natural resource zoning district and the tower height is limited to 270 feet.","Weber County, Utah, Ordinance No. 13-11 (May 14, 2013), https://codelibrary.amlegal.com/codes/southweberut/latest/southweber_ut/0-0-0-6184"
5480,"Utah County",2026,"In effect",2019,2019,Local,UT,"Utah County",49049,,Wind,"Rule 1: Ban / Moratorium (wind) | Rule 9: Height Restriction (wind) 
The County's land use ordinance allows windmills in the RA-5 Residential Agricultural Zone, M&G-1 Mining and Grazing Zone, I-1 Industrial Zone, A-40 Agricultural Zone, and G-1 Grazing Zone. The wind tower height in all districts where permitted is limited to 55 feet.","Utah County, Utah, Ordinance No. 2019-21 (Jul. 9, 2019), https://www.utahcounty.gov/apps/WebLink/Dept/COMDEV/LandUseUpdate_7-10-2019.pdf"
5481,"Kane County",2026,"In effect",2013,2013,Local,UT,"Kane County",49025,,Solar,"Rule 10b: Setback Restriction (solar) 
An ordinance adopted in 2013 requires that utility-scale solar power facilities be set back at least 0.5 miles from the nearest inhabitable structure.","Kane County, Utah, Code of Ordinances § 9-24-3 (Aug. 27, 2013), https://codelibrary.amlegal.com/codes/kanecountyut/latest/kanecounty_ut/0-0-0-3811."
5482,"Duchesne County",2026,"In effect",2018,2018,Local,UT,"Duchesne County",49013,,Wind,"Rule 8: Shadow Flicker Restriction (wind)","Duchesne County, Utah, Ordinance 18-365 (2018),
https://www.duchesne.utah.gov/wp-content/uploads/2018/05/Zoning-Ordinance-Amendments-2018.pdf"
5483,"Beaver County",2026,"In effect",2024,2024,Local,UT,"Beaver County",49001,,Wind,"Rule 6b: Setback Restriction (wind) 
Beaver County's zoning regulations provide that electrical generating wind turbines shall be located no closer than 3,960 feet from a habited dwelling.","Beaver County, Utah, Ordinance No. 2024-07 (Oct. 1, 2024), https://codelibrary.amlegal.com/codes/beavercountyut/latest/beavercounty_ut/0-0-0-5553"
5484,"City of Bridgeport (Wise County)",2026,"In effect",2024,2024,Local,TX,"Wise County",48497,"CIty of Bridgeport",Wind,"Rule 1: Ban / Moratorium (wind) | Rule 9: Height Restriction (wind)","Bridgeport, Tex., Ordinance No. 2024-12 (May 13, 2024), https://ecode360.com/38672763"
5485,"City of Wichita Falls (Wichita County)",2026,"In effect",2009,2009,Local,TX,"Wichita County",48485,"Wichita Falls",Wind,"Rule 1: Ban / Moratorium (wind) | Rule 7: Noise Restriction (wind) 
The city's zoning regulations provide that utility grid wind energy systems (defined as a system with a primary purpose to provide electricity to the electric grid) are prohibited within the city limits. The regulations allow wind energy systems (WES), those designed to generate electricity for onsite comsumption only in the Planned Unit Development (PUD) district and limits noise produced by a WES to 35 dBA.","Wichita Falls, Tex., Code of Ordinances (2009), http://www.wichitafallstx.gov/DocumentCenter/View/4325/Alternative-Energy"
5486,"City of Waller (Waller County)",2026,"In effect",2010,2010,Local,TX,"Waller County",48473,"City of Waller",Wind,"Rule 3: Use Restriction (wind) | Rule 9: Height Restriction (wind) 
The City of Waller allows small wind energy systems but only as an accessory use on property owned by the owner of the wind energy system and the height of the wind tower is limited to 45 feet.","Waller, Tex., Ordinance No. 481 § 4, (Oct. 18, 2010), as codified at Waller, Tex., Code §§ 14-400 to 14-402 (current as of Feb. 21, 2017), https://library.municode.com/tx/waller/codes/code_of_ordinances?nodeId=COOR_CH14BUBURE_ARTVISMWIENSY"
5487,"City of Abilene (Taylor County)",2026,"In effect",2010,2010,Local,TX,"Taylor County",48441,"City of Abilene",Wind,"Rule 3: Use Restriction (wind) | Rule 9: Height Restriction (wind)","Abilene, Tex., Zoning Regulations (Jun. 1, 2010), 
https://abilenetx.gov/DocumentCenter/View/3749/Zoning-Districts-PDF"
5488,"City of Burleson (Tarrant County)",2026,"In effect",2010,2010,Local,TX,"Tarrant County",48439,"City of Burleson",Wind,"Rule 6a: Setback Restriction (wind) | Rule 7: Noise Restriction (wind) | Rule 9: Height Restriction (wind) 
The City of Burleson's ordinances providethat turbines be no more than 120 feet tall on any parcel of 5 or more acres, and 60 feet tall on any parcel of less than 5 acres. Turbines must be set back at least 1,000 feet from all interstate and state rights-of-way.","Burleson, Tex., Ordinance No. B-796-10, § 1(11-104), (Oct. 18, 2010), https://librarystage.municode.com/tx/burleson/ordinances/code_of_ordinances?nodeId=452827."
5489,"City of Benbrook (Tarrant County)",2026,"In effect",2013,2013,Local,TX,"Tarrant County",48439,"City of Benbrook",Wind,"Rule 1: Ban / Moratorium (wind) | Rule 7: Noise Restriction (wind) 
The municipal code of ordinances prohibits utility-scale wind projects. Small wind energy systems are allowed provided they do not exceed the maximum building height in any zoning district plus 5 feet. Noise is limited to 35 dBa at night.","Benbrook, Tex., Code § 17.84.130 (current as of Oct. 18, 2022), https://library.municode.com/tx/benbrook/codes/code_of_ordinances?nodeId=CD_ORD_TIT17ZO_CH17.84SUDIRE_17.84.130ALENSY."
5490,"City of Grand Prairie (Tarrant County)",2026,"In effect",2023,2023,Local,TX,"Tarrant County",48439,"City of Grand Prairie",Wind,"Rule 1: Ban / Moratorium (wind) | Rule 2: Capacity Cap (wind) | Rule 3: Use Restriction (wind) 
The only wind energy systems allowed in the City of Grand Prairie are small wind energy systems with a nameplate capacity of 100 kW or less whose primary purpose is on-site power use.","Grand Prairie, Tex., Unified Development Code art. 4, §§ 4.9.1 to 4.9.3 (Jan. 17, 2023), https://www.gptx.org/files/sharedassets/public/departments/planning/documents/article-04-permissible-uses-01-17-23.pdf."
5491,"City of San Saba (San Saba County)",2026,"In effect",2014,2014,Local,TX,"San Saba County",48411,"City of San Saba",Wind,"Rule 1: Ban / Moratorium (wind) | Rule 9: Height Restriction (wind)","San Saba, Tex., Ordinance No. 2014-02 (Jan. 13, 2014), 
https://ecode360.com/39989464"
5492,"City of Garland (Rockwall County)",2026,"In effect",2015,2015,Local,TX,"Rockwall County",48397,"City of Garland",Wind,"Rule 3: Use Restriction (wind) | Rule 9: Height Restriction (wind) 
An ordinance adopted May 2015 provides that wind turbines may only exist as secondary use, must be located in the rear yard of any lot, and must be limited to 40 feet in height.","Garland, Tex., Ordinance 6773 (May 19, 2015), as codified at Garland, Tex., Development Code § 2.70, https://ecode360.com/40082484."
5493,"City of Friona (Parmer County)",2026,"In effect",2009,2009,Local,TX,"Parmer County",48369,"City of Friona",Wind,"Rule 1: Ban / Moratorium (wind) | Rule 9: Height Restriction (wind) 
The city's zoning ordinance provides that wind towers are only allowed in the “IM” Industrial Manufacturing District and limits the height of the wind towers to 70 feet.","Friona, Tex., Ordinance 2009.06.08 (Jun. 8, 2009), 
https://ecode360.com/41174148"
5494,"City of Weatherford (Parker County)",2026,"In effect",2022,2022,Local,TX,"Parker County",48367,"City of Weatherford",Wind,"Rule 3: Use Restriction (wind) | Rule 9: Height Restriction (wind) 
The city allows wind turbines only as an accessory use and limits turbine max blade tip height to 66 feet.","Weatherford, Tex., Code § 12-5-106 (current as of Sept. 15, 2022), https://library.municode.com/tx/weatherford/codes/code_of_ordinances?nodeId=COOR_TITXIIZOOR_CH5SUUSRE_S12-5-105WIENFA."
5495,"City of Mineral Wells (Palo Pinto County)",2026,"In effect",2011,2011,Local,TX,"Palo Pinto County",48363,"City of Mineral Wells",Wind,"Rule 7: Noise Restriction (wind) 
The city's zoning ordinance provides that no wind turbine shall generate a sound level in excess of 50 dBA during the day or in excess of 40 dBA at night.","Mineral Wells, Tex., Code of Ordinances (2011),
https://library.municode.com/tx/mineral_wells/codes/code_of_ordinances?nodeId=PTIICOOR_APXBZOOR_ART5SPDI_S5-1PLADEDI"
5496,"City of Corpus Christi (Nueces County)",2026,"In effect",2022,2022,Local,TX,"Nueces County",48355,"Corpus Christi",Wind,"Rule 1: Ban / Moratorium (wind) 
The city's Unified Development Code prohibits the leasing of land or establishment of wind energy units on land for the commercial sale of wind energy within city limits.","Corpus Christi, Tex., Unified Development Code (Aug. 16, 2022), 
https://online.encodeplus.com/regs/corpuschristi-tx/doc-view.aspx?tocid=&print=1"
5497,"City of Kingsville (Kleberg County)",2026,"In effect",2014,2014,Local,TX,"Kleberg County",48273,"City of Kingsville",Wind,"Rule 9: Height Restriction (wind) 
Enacted in April 2014, this ordinance allows commercial wind turbines only in the city’s industrial districts, where turbine height is limited to 100 feet. In all other districts, wind energy systems are only allowed as an accessory use, and turbine height is limited to either 45 feet or 10 feet above building height, whichever is less. The ordinance calculates turbine height using the tip of the rotor blade at its highest point, or any higher portion of the structure.","Kingsville, Tex., Ordinance 2014-24, § I (Apr. 23, 2014), https://library.municode.com/tx/kingsville/ordinances/code_of_ordinances?nodeId=646811."
5498,"City of Burleson (Johnson County)",2026,"In effect",2010,2010,Local,TX,"Johnson County",48251,"City of Burleson",Wind,"Rule 6a: Setback Restriction (wind) | Rule 7: Noise Restriction (wind) | Rule 9: Height Restriction (wind) 
The City of Burleson's ordinances provide that turbines be no more than 120 feet tall on any parcel of 5 or more acres, and 60 feet tall on any parcel of less than 5 acres. Turbines must be set back at least 1,000 feet from all interstate and state rights-of-way. The law also sets noise limits of 40 dBA at adjacent residential property lines.","Burleson, Tex., Ordinance No. B-796-10, § 1(11-104), (Oct. 18, 2010), https://librarystage.municode.com/tx/burleson/ordinances/code_of_ordinances?nodeId=452827."
5499,"City of Hallsville (Harrison County)",2026,"In effect",2016,2016,Local,TX,"Harrison County",48203,Hallsville,Wind,"Rule 1: Ban / Moratorium (wind) 
The city's zoning ordinance prohibits wind turbines for electrical generation in all zoning districts, except in the Light Industrial (LI) district by Conditional Use Permit (CUP).","Hallsville, Tex., Zoning Ordinance (Jul. 17, 2016), 
https://cityofhallsvilletx.com/wp-content/uploads/2018/02/Ordinance-2016-06-Zoning-Ordinance-web.pdf"
5500,"City of Waller (Harris County)",2026,"In effect",2010,2010,Local,TX,"Harris County",48201,"City of Waller",Wind,"Rule 3: Use Restriction (wind) | Rule 9: Height Restriction (wind) 
The City of Waller allows small wind energy systems but only as an accessory use on property owned by the owner of the wind energy system and the height of the wind tower is limited to 45 feet.","Waller, Tex., Ordinance No. 481 § 4, (Oct. 18, 2010), as codified at Waller, Tex., Code §§ 14-400 to 14-402 (current as of Feb. 21, 2017), https://library.municode.com/tx/waller/codes/code_of_ordinances?nodeId=COOR_CH14BUBURE_ARTVISMWIENSY"
5501,"City of Plainview (Hale County)",2026,"In effect",2019,2019,Local,TX,"Hale County",48189,Plainview,Wind|Solar,"Rule 1: Ban / Moratorium (wind) | Rule 1: Ban / Moratorium (solar) 
A 2019 ordinance provides that large-scale solar and windmills are only allowed as a Limited Use in the Rural, Light Idustrial and Heavy Industrial districts (RA, LI, HI), and prohibited in several other zoning districts.","Plainview, Tex., Zoning Ordinance (2019), 
https://plainviewtx.org/DocumentCenter/View/2648/Plainview-Zoning-CLEAN-022519"
5502,"City of Denison (Grayson County)",2026,"In effect",2023,2023,Local,TX,"Grayson County",48181,"City of Denison",Wind,"Rule 3: Use Restriction (wind) 
The city allows wind turbines only as an accessory use for on-site power consumption and creates setback of 2 times tower height from all property lines.","Denison, Tex., Code § 28.56 (current as of Feb. 16, 2023), https://library.municode.com/tx/denison/codes/code_of_ordinances?nodeId=COOR_CH28ZO_ARTVDEST_S28.56WIENCOSYWE."
5503,"City of Midlothian (Ellis County)",2026,"In effect",2019,2019,Local,TX,"Ellis County",48139,"City of Midlothian",Wind,"Rule 2: Density Cap (wind) | Rule 3: Use Restriction (wind) 
A local ordinance in the City of Midlothian, last updated in 2019, allows wind turbines only for on-site power generation. It allows only one wind turbine per lot, unless the lot is 3 acres or larger, in which case it allows two turbines. Height is limited to 80 feet unless authorized by special use permit.","Midlothian, Tex., Ordinance 2019-20 § 2, (Apr. 9, 2019), https://ecode360.com/39983453."
5504,"City of Grand Prairie (Ellis County)",2026,"In effect",2023,2023,Local,TX,"Ellis County",48139,"City of Grand Prairie",Wind,"Rule 1: Ban / Moratorium (wind) | Rule 2: Capacity Cap (wind) | Rule 3: Use Restriction (wind) 
The only wind energy systems allowed in the City of Grand Prairie are small wind energy systems with a nameplate capacity of 100 kW or less whose primary purpose is on-site power use.","Grand Prairie, Tex., Unified Development Code art. 4, §§ 4.9.1 to 4.9.3 (Jan. 17, 2023), https://www.gptx.org/files/sharedassets/public/departments/planning/documents/article-04-permissible-uses-01-17-23.pdf."
5505,"City of Ovilla (Ellis County)",2026,"In effect",2023,2023,Local,TX,"Ellis County",48139,"City of Ovilla",Wind,"Rule 7: Noise Restriction (wind) 
The city zoning ordinance provides that noise from wind turbines shall not exceed 40 dBA during the day or 30 dBA at night at the “most offending” property line.","Ovilla, Tex., Zoning Ordinance § 42.4(G) (June 14, 2010), https://www.cityofovilla.org/DocumentCenter/View/109/ORD2010013Zoning."
5506,"City of Ovilla (Dallas County)",2026,"In effect",2010,2010,Local,TX,"Dallas County",48113,"City of Ovilla",Wind,"Rule 7: Noise Restriction (wind) 
The city zoning ordinance provides that noise from wind turbines shall not exceed 40 dBA during the day or 30 dBA at night at the “most offending” property line.","Ovilla, Tex., Zoning Ordinance § 42.4(G) (June 14, 2010), https://www.cityofovilla.org/DocumentCenter/View/109/ORD2010013Zoning."
5507,"City of Garland (Dallas County)",2026,"In effect",2015,2015,Local,TX,"Dallas County",48113,"City of Garland",Wind,"Rule 3: Use Restriction (wind) | Rule 9: Height Restriction (wind) 
An ordinance adopted May 2015 provides that wind turbines may only exist as secondary use, must be located in the rear yard of any lot, and must be limited to 40 feet in height.","Garland, Tex., Ordinance 6773 (May 19, 2015), as codified at Garland, Tex., Development Code § 2.70, https://ecode360.com/40082484."
5508,"City of Grand Prairie (Dallas County)",2026,"In effect",2023,2023,Local,TX,"Dallas County",48113,"City of Grand Prairie",Wind,"Rule 1: Ban / Moratorium (wind) | Rule 2: Capacity Cap (wind) | Rule 3: Use Restriction (wind) 
The only wind energy systems allowed in the City of Grand Prairie are small wind energy systems with a nameplate capacity of 100 kW or less whose primary purpose is on-site power use.","Grand Prairie, Tex., Unified Development Code art. 4, §§ 4.9.1 to 4.9.3 (Jan. 17, 2023), https://www.gptx.org/files/sharedassets/public/departments/planning/documents/article-04-permissible-uses-01-17-23.pdf."
5509,"City of Balch Springs (Dallas County)",2026,"In effect",2023,2023,Local,TX,"Dallas County",48113,"City of Balch Springs",Wind,"Rule 2: Capacity Cap (wind) | Rule 9: Height Restriction (wind) 
The city code prohibits wind energy systems larger than 20 kW and sets a height limit of 70 feet.","Balch Springs, Tex., Code of Ordinances § 90-3.04(A)(28), https://library.municode.com/tx/balch_springs/codes/code_of_ordinances?nodeId=PTIICOOR_CH90ZO_ARTIIIZOLAUSRE_S90-3.04CODEST."
5510,"City of Garland (Collin County)",2026,"In effect",2015,2015,Local,TX,"Collin County",48085,"City of Garland",Wind,"Rule 3: Use Restriction (wind) | Rule 9: Height Restriction (wind) 
An ordinance adopted May 2015 provides that wind turbines may only exist as secondary use, must be located in the rear yard of any lot, and must be limited to 40 feet in height.","Garland, Tex., Ordinance 6773 (May 19, 2015), as codified at Garland, Tex., Development Code § 2.70, https://ecode360.com/40082484."
5511,"City of McKinney (Collin County)",2026,"In effect",2022,2022,Local,TX,"Collin County",48085,"City of McKinney",Wind,"Rule 1: Ban / Moratorium (wind) | Rule 3: Use Restriction (wind) 
The City’s zoning regulations allow wind turbines only as an accessory use for onsite generation and prohibits even small turbines from residential districts.","McKinney, Tex., Zoning Regulations § 146-140 (current as of Nov. 15, 2022), https://www.mckinneytexas.org/DocumentCenter/View/31770/Chapter-146-Zoning-Regulations-11152022."
5512,"City of Brownsville (Cameron County)",2026,"In effect",2017,2017,Local,TX,"Cameron County",48061,"City of Brownsville",Wind|Solar,"Rule 1: Ban / Moratorium (wind) | Rule 1: Ban / Moratorium (solar) | Rule 9: Height Restriction (wind) 
The city's ordinance limits the height of wind turbines to 70 feet in residential zones and to 120 feet in all other areas. The ordinance also limits ground-mounted solar installations to side or rear yard. Large-scale ground mounted systems are not allowed in the Dwelling or Dwelling/Retail use districts.","Brownsville, Tex., Ordinance No. 2010-1518 (Apr. 6, 2010), as codified at Brownsville, Tex., Code  §§ 18-750 to 18-758 (current as of Sept. 19, 2022), https://library.municode.com/tx/brownsville/codes/code_of_ordinances?nodeId=PTIICOOR_CH18BUBURE_ARTXIENCOCO_DIV2WIENSY_S18-750PUSC; Brownsville, Tex., Ordinance No. 2017-1518-A, § 1 (Apr. 18, 2017), as codified at Brownsville, Tex., Code §§ 18-766 to 18-770 (current as of Sept. 19, 2022), https://library.municode.com/tx/brownsville/codes/code_of_ordinances?nodeId=PTIICOOR_CH18BUBURE_ARTXIENCOCO_DIV3SOENSY_S18-766PUSC."
5513,"City of Nolanville (Bell County)",2026,"In effect",2012,2012,Local,TX,"Bell County",48027,"City of Nolanville",Wind,"Rule 1: Ban / Moratorium (wind) 
An ordinance adopted in May 2012 provides that “[t]he leasing of land or establishment of wind energy units on land for the commercial sale of wind energy is prohibited within the City limits.”","Nolanville, Tex., Ordinance 6051-12, § 620.1 (2013), as codified at Nolanville, Tex., Code § 620.1(f), https://ecode360.com/39483147."
5514,"Shelby County",2026,Expired,2023,2023,Local,TN,"Shelby County",47157,,Solar,"Rule 1: Ban / Moratorium (solar) 
In September 2023, the Shelby County Commission approved a 180-day moratorium on commercial solar farm developments in the Conservation Agricultural zoning district of the county.","Brooke Muckerman, Shelby County Commission: solar farm moratorium approved, SCSO changes discussed, MEMPHIS COMMERCIAL APPEAL, Sep. 11, 2023, https://www.commercialappeal.com/story/news/government/county/2023/09/11/shelby-county-commission-gets-new-chairwoman-moratorium-on-solar-farms-approved/70775172007; Shelby County, Tennessee, Resolution Establishing a 180-Day Moratorium on New Commercial Solar Farms, https://shelbycountytn.gov/DocumentCenter/View/41227/SOLAR_FARM_MORATORIUMDOC#:~:text=COMMISSIONERS%2C%20That%20this%20Board%20of,districts%20of%20unincorporated%20Shelby%20County."
5515,"Robertson County",2026,"In effect",2021,2021,Local,TN,"Robertson County",47147,,Wind,"Rule 9: Height Restriction (wind)","Robertson County, Tenn., Resolution No. 122021139 (Dec. 20, 2021), https://www.robertsoncountytn.gov/departments/planning/Zoning%20Regulations/ZONING%20RESOLUTION-%20REVISED%20%202021.pdf"
5516,"Haywood County",2026,"In effect",2024,2024,Local,TN,"Haywood County",47075,,Solar,"Rule 10b: Setback Restriction (solar)","Haywood County, Tenn., Zoning Resolution (2024), 
https://haywoodtn.gov/wp-content/uploads/2024/07/Haywood-County-Zoning-Resolution-July-2024.pdf"
5517,"Greene County",2026,Expired,2022,2022,Local,TN,"Greene County",47059,,Solar,"Rule 1: Ban / Moratorium (solar) 
In August 2022, the Greene County Commission approved a 6-month moratorium on new commercial farms.","Spencer Morrell, County Commission Approves New Solar Farm Pause, The Greenville Sun, Aug. 16, 2022, https://www.greenevillesun.com/news/local_news/county-commission-approves-new-solar-farm-pause/article_150c53ac-1d0f-11ed-a813-834eeb44d4d6.html."
5518,"Franklin County",2026,"In effect",2022,2022,Local,TN,"Franklin County",47051,,Wind|Solar,"Rule 1: Ban / Moratorium (solar) | Rule 1: Ban / Moratorium (wind)
In April 2022, the Franklin County Commission adopted a resolution prohibiting commercial renewable-energy facilities indefinitely.","Brian Justice, Franklin County gives solar the cold shoulder, The Tullahoma Tennessee News, Apr. 28, 2022, https://www.tullahomanews.com/news/local/franklin-county-gives-solar-the-cold-shoulder/article_f98f81d4-c594-11ec-9807-c74d371901d6.html."
5519,"Dyer County",2026,"In effect",2017,2017,Local,TN,"Dyer County",47045,,Wind,"Rule 6b: Setback Restriction (wind)","Dyer County, Tenn., Zoning Regulations (Nov. 13, 2017), 
https://irp.cdn-website.com/564557c6/files/uploaded/Dyer%20County%20Zoning%20Regulations%2004-16-2019%5B1088%5D.pdf"
5520,"Sully County",2026,"In effect",2023,2023,Local,SD,"Sully County",46119,,Wind,"Rule 6a and 6b: Setback Restriction (wind) | Rule 7: Noise Restriction (wind) | Rule 8: Shadow Flicker Restriction (wind)","Sully County, S.D., Zoning Ordinance (Apr. 1, 2023), 
https://sully.sdcounty.gov/media/sullycountynet/documents/forms/Sully%20County%20Zoning%20Ordinance.pdf"
5521,"Roberts County",2026,"In effect",2021,2021,Local,SD,"Roberts County",46109,,Solar,"Rule 10b: Setback Restriction (solar)","Roberts County, S.D., Zoning Ordinance (Apr. 20, 2021), 
https://robertscosd.gov/files/2022/10/Roberts-County-Zoning-Ordinance-042021.pdf"
5522,"Pennington County",2026,"In effect",2024,2024,Local,SD,"Pennington County",46103,,Wind|Solar,"Rule 1: Ban / Moratorium (solar) | Rule 1: Ban / Moratorium (wind)
On November 19, 2024, the Pennington County Board of Commissioners adopted a countywide 1-year moratorium on utility-scale alternative energy systems, including both solar and wind energy systems. The moratorium is set to expire on November 18, 2025.","Pennington County, S.D., Ordinance 741 (adopted Nov. 19, 2024),  https://pennco.org/index.asp?SEC=3782921E-EB80-4198-B62D-3BB261AA5106."
5523,"Miner County",2026,"In effect",2023,2023,Local,SD,"Miner County",46097,,Solar,"Rule 10b: Setback Restriction (solar)","Miner County, S.D., Zoning Ordinance (May 4, 2023), 
https://minercountysd.org/media/miner-county/documents/Miner%20County%20Zoning%20Manual.pdf"
5524,"Hughes County",2026,"In effect",2017,2017,Local,SD,"Hughes County",46065,,Wind,"Rule 6a: Setback Restriction (wind) 
In May 2017, the Hughes County Commission approved a 6-month moratorium on wind energy development in order to review setback requirements in the local zoning ordinance. One commissioner expressed concerns about competing land uses between wind and cattle grazing, while noting that he did not want to restrict economic development. In August 2020, the Hughes County Commission amended its zoning ordinance to require a setback of 2,640 feet (0.5 miles) or 4.9 times the height of the tower. The setback may be reduced to 1,400 feet with a waiver from the landowner.","Hughes County, S.D., Resolution No. 2017-04, May 15, 2017, https://hughescounty.org/media/cmshughescountyorg/20170515.pdf; Associated Press, Hughes County stalls wind farm projects to study ordinances, MITCHELL REPUBLIC, May 27, 2017, https://www.mitchellrepublic.com/news/hughes-county-stalls-wind-farm-projects-to-study-ordinances; Local News, Hughes County Commission amends requirements for wind towers, HUB CITY RADIO, Aug. 18, 2020, https://hubcityradio.com/hughes-county-commission-amends-requirements-for-wind-towers."
5525,"Edmunds County",2026,"In effect",2022,2022,Local,SD,"Edmunds County",46045,,Wind,"Rule 6b: Setback Restriction (wind)","Edmunds County, S.D., Ordinance No. 2022-7-1 (Jul. 19, 2022), https://edmunds.sdcounties.org/files/2024/05/Edmunds-County-Zoning-Ordinance-5-24.pdf"
5526,"Deuel County",2026,"In effect",2004,2004,Local,SD,"Deuel County",46039,,Wind,"Rule 6b: Setback Restriction (wind)","Deuel County, S.D., Ordinance No. B2004-01 (Jul. 6, 2004), https://puc.sd.gov/commission/dockets/electric/2019/el19-026/appendixp.pdf"
5527,"Brookings County",2026,"In effect",2024,2024,Local,SD,"Brookings County",46011,,Solar,"Rule 10b: Setback Restriction (solar)","Brookings County, S.D., Zoning Ordinance (Feb, 6, 2024), 
https://www.brookingscountysd.gov/AgendaCenter/ViewFile/Item/14811?fileID=11840"
5528,"Marlboro County",2026,"In effect",2021,2021,Local,SC,"Marlboro County",45069,,Wind|Solar,"Rule 2: Size Cap (solar) | Rule 2: Size Cap (wind)","Malboro County, S.C., Ordinance No. 818 (Aug. 10, 2021), https://cms2.revize.com/revize/marlborocosc/Ordinances/Ordinance%20818%20-%20Conditions%20for%20Solar%20Energy%20Systems.pdf"
5529,"Edgefield County",2026,"In effect",2021,2021,Local,SC,"Edgefield County",45037,,Solar,"Rule 2: Size Cap (solar) | Rule 10b: Setback Restriction (solar)","Edgefield County, Pa., Ordinance No. 20-21-796, § 1 (Feb. 1, 2022), https://library.municode.com/sc/edgefield_county/codes/code_of_ordinances?nodeId=COOR_CH24LADE_ARTIIICOUSRE_S24-84SOENFA"
5530,"Darlington County",2026,"In effect",2015,2015,Local,SC,"Darlington County",45031,,Wind,"Rule 9: Height Restriction (wind)","Darlington County, S.C., Code of Ordinances, § 19.4, https://library.municode.com/sc/darlington_county/codes/code_of_ordinances?nodeId=APXADESTOR_ARTNINETEENREENSY"
5531,"Calhoun County",2026,"In effect",2023,2023,Local,SC,"Calhoun County",45017,,Solar,"Rule 10a: Setback Restriction (solar) 
In March 2023, the Calhoun County Council adopted a 6-month moratorium on the development of solar farms outside of industrial areas in unincorporated areas of the county. The moratorium did not apply to previously approved solar projects. In October 2023, the county approved a solar ordinance that established 500-foot setbacks from town and subdivision boundaries.","Gene Zaleski, Calhoun County Council: Solar farm freeze finalized, Times and Democrat, Mar. 29, 2023, https://thetandd.com/news/local/calhoun-county-council-solar-project-moratorium-considered/article_e3c372ed-652f-5844-a5f6-9592fdbe18c4.html; Caleb Bozard, Calhoun County Council: New solar farm rules advance, Times and Democrat, Sept. 20, 2023, https://thetandd.com/news/local/calhoun-county-council-new-solar-farm-rules-advance/article_1e91b54a-5407-11ee-8aca-df79a7160fab.html; Caleb Bozard, Calhoun County Council: Solar farm rules finalized, Times and Democrat, Oct. 9, 2023, https://thetandd.com/news/local/calhoun-county-council-solar-farm-rules-finalized/article_8ab185ba-62d1-11ee-a31e-c75de3b6928f.html."
5532,"Town of North Kingstown (Washington County)",2026,"In effect",2011,2011,Local,RI,"Washington County",44009,"Town of North Kingstown",Wind,"Rule 1: Ban / Moratorium (wind) 
In January 2011, the Town of North Kingstown placed a 6-month moratorium, which was extended by 90 days in June 2011. In November 2011, the Town Council voted to prohibit all wind turbines in the town pending the issuance of a state report anticipated in early 2012. The moratorium was motivated by opposition to a proposal to construct two wind turbines in the town. However, those two turbines were not subject to the moratorium. As of March 2023, wind energy systems are prohibited in the town, not including any approved prior to November 21, 2011.","North Kingston, R.I., Revised Ordinances § 21-322 (Nov. 21, 2011), https://library.municode.com/ri/north_kingstown/codes/code_of_ordinances?nodeId=PTIIIREOR_CH21ZO_ARTXIIMIPR_S21-322WIENSY; Chris Church, NK Green wind turbine lawsuit dismissed, THE INDEPENDENT, Aug. 20, 2015, https://www.independentri.com/independents/north_east/article_46b95646-8564-5a6a-86f3-6d9dd6790f42.html; Samantha Tucker, North Kingstown Town Council Extends Turbine Moratorium, Discusses New Wind Ordinance, PATCH.COM, June 28, 2011, https://patch.com/rhode-island/northkingstown/noth-kingstown-town-council-extends-turbine-moratoriu239a939ee1; Patrick Luce, Council Affirms Wind Turbine Ban, PATCH.COM, Nov. 22, 2011, https://patch.com/rhode-island/northkingstown/council-affirms-wind-turbine-ban"
5533,"City of Cranston (Providence County)",2026,"In effect",2020,2020,Local,RI,"Providence County",44007,"City of Cranston",Solar,"Rule 1: Ban / Moratorium (solar) 
In February 2020, the City of Cranston adopted new zoning rules that allow solar farms only in the two industrial districts.","Wheeler Cowperthwaite, The long road: Cranston Planning Commission seeks three-stage OK on solar farm — again, The Providence Journal, Sept. 12, 2022, https://news.yahoo.com/long-road-cranston-planning-commission-213156059.html."
5534,"City of Warwick (Kent County)",2026,"In effect",2022,2022,Local,RI,"Kent County",44003,"City of Warwick",Solar,"Rule 1: Ban / Moratorium (solar) 
In November 2021, the City of Warwick, Rhode Island adopted a 6-month moratorium on ground-mounted solar projects. In March 2022, the city adopted a new ordinance that prohibits large-scale solar energy projects and limits height to 10 feet.","Bob Borkowski, Warwick OKs New Solar Regulations, Warwick Post, Mar. 24, 2022, https://warwickpost.com/warwick-oks-new-solar-regulations/."
5535,"Smith Township (Washington County)",2026,"In effect",2024,2024,Local,PA,"Washington County",42125,,Solar|Storage,"Rule 1: Ban / Moratorium (solar) | Rule 1: Ban / Moratorium (storage) | Rule 10b: Setback Restriction (solar) 
In July 2024, the Smith Township Planning Commission began discussions to amend its solar and battery energy storage ordinance. On November 12, 2024, with the unanimous recommendation of the Planning Commission, the Board of Supervisors unanimously adopted the new ordinance 2024-5. The amendments include: increasing the setbacks from any occupied structures from 300 feet to 500 feet; adding Principal Solar Energy Systems (PSES) and Battery Energy Storage Systems (BESS) to the Conservation District (C-D) as a conditional use and removing those from the Rural Residential (A-1) District; requiring an endangered species report; requiring a decommissioning plan to be submitted during land development and updated every three years instead of every five years; requiring a decommissioning bond to be set at 125% and reviewed every three years; and requiring a review from the Historical Society.","Smith Township, Pa., Code of Ordinances, PART 11, Section 1103, Subsection 56, et al, https://ecode360.com/26942413#26942417; Special Meeting Minutes (Sep. 18, 2024), https://www.smithtownship.org/minutes; Smith Township Solar Energy Systems Draft Ordinance, https://irp.cdn-website.com/3c6a5956/files/uploaded/solar-ordinance-2024.pdf; Smith Township Board of Supervisors Meeting Minutes (Nov. 18, 2024), https://climate.law.columbia.edu/sites/climate.law.columbia.edu/files/content/Regular%20Meeting%20Minutes%20-%20November%202024.pdf."
5536,"Borough of Sugarcreek (Venango County)",2026,"In effect",2025,2025,Local,PA,"Venango County",42121,Sugarcreek,Solar,"Rule 2: Size Cap (solar)","Borough of Sugarcreek, Pa., Ordinance No. 304 (Sep. 3, 2025),
https://www.sugarcreekborough.us/documents/ordinance22zoning.pdf"
5537,"Cherrytree Township (Venango County)",2026,"In effect",2021,2021,Local,PA,"Venango County",42121,Cherrytree,Solar,"Rule 1: Ban / Moratorium (solar) | Rule 2: Size Cap (solar)","Cherrytree Township, Pa., Ordinance No. 01-2021 (2021),
https://www.cherrytreetwp.com/Zoning/08112021-Ord01-2021EntireOrdinanceWEB.pdf"
5538,"Cass Township (Schuylkill County)",2026,"In effect",2013,2013,Local,PA,"Schuylkill County",42107,Cass,Wind,"Rule 1: Ban / Moratorium (wind)","Cass Township, Pa., Zoning Ordinances (Jul. 25, 2013), 
https://www.casstownship.org/images/ordinances/Cass_Zoning_-_Adopted_July_2013.pdf"
5539,"West Penn Township (Schuylkill County)",2026,"In effect",2018,2018,Local,PA,"Schuylkill County",42107,"West Penn",Wind,"Rule 1: Ban / Moratorium (wind) | Rule 8: Shadow Flicker Restriction (wind) | Rule 9: Height Restriction (wind)","West Penn Township, Pa., Ordinance No. 4 of 2017 (Dec. 4, 2017), 
https://westpenntownship.org/wp-content/uploads/2019/10/doc04358820180128140816.pdf"
5540,"East Union Township (Schuylkill County)",2026,"In effect",2021,2021,Local,PA,"Schuylkill County",42107,"East Union",Wind,"Rule 6b: Setback Restriction (wind) | Rule 8: Shadow Flicker Restriction (wind) | Rule 9: Height Restriction (wind)","East Union Township, Pa., Zoning Ordinance (Jan. 21, 2021), 
https://www.eastuniontownship.com/wp-content/uploads/2025/07/Zoning-Ordinance-1-21-21.pdf"
5541,"Tuscarora Township (Perry County)",2026,"In effect",2010,2010,Local,PA,"Perry County",42099,Tuscarora,Wind,"Rule 1: Ban / Moratorium (wind) | Rule 2: Density Cap (wind) | Rule 9: Height Restriction (wind)","Tuscarora Township, Pa., Zoning Ordinance (2010)
http://www.tuscaroratownship.com/wp-content/uploads/Chapter-27-Zoning.pdf"
5542,"Carroll Township (Perry County)",2026,"In effect",2024,2024,Local,PA,"Perry County",42099,Carroll,Wind,"Rule 1: Ban / Moratorium (wind)","Carroll Township, Pa., Code of Ordinances (Sep. 9. 2024), 
https://ecode360.com/37602596#37603938"
5543,"Ralpho Township (Northumberland County)",2026,"In effect",2022,2022,Local,PA,"Northumberland County",42097,"Ralpho Township",Solar,"Rule 1: Ban / Moratorium (solar) 
In November 2022, Ralpho Township adopted a solar ordinance that allows major solar energy systems as a special exception in land zoned for agriculture and forestry, but not in residential areas. In December 2022, the owner of an amusement park who intended to build a 15-acre solar array in a residential district filed a lawsuit challenging the ordinance.","Justin Strawser, H.H. Knoebels Sons sues Ralpho Township over solar ordinance, The Daily Item, Dec. 14, 2022, https://www.dailyitem.com/news/h-h-knoebels-sons-sues-ralpho-township-over-solar-ordinance/article_88804ca8-7bd3-11ed-8354-0327d9ac355d.html; Ralpho Township, Pa., Supervisors Monthly Meeting Minutes, Nov. 8, 2022, https://www.ralphotownship.org/meeting-minutes/2021-2025/."
5544,"Granville Township (Mifflin County)",2026,"In effect",2014,2014,Local,PA,"Mifflin County",42087,Granville,Wind,"Rule 6b: Setback Restriction (wind)","Granville Township, Pa., Ordinance No. 2014 -4 (May 5, 2014), https://docs.wind-watch.org/Granville-PA-Wind-Turbine-Ordinance.pdf"
5545,"Upper Saucon Township (Lehigh County)",2026,"In effect",2010,2010,Local,PA,"Lehigh County",42077,"Upper Saucon",Wind,"Rule 9: Height Restriction (wind)","Upper Saucon Township, Pa., Ordinance No. 141-A (Aug. 18, 2010), 
https://www.uppersaucon.org/wp-content/uploads/2016/02/ord141-A.pdf"
5546,"Borough of Macungie (Lehigh County)",2026,"In effect",2013,2013,Local,PA,"Lehigh County",42077,Macungie,Wind,"Rule 9: Height Restriction (wind)","Macungie, Pa., Zoning Ordinance of 2013, 
https://www.macungie.pa.us/forms/zoning_ordinance.pdf"
5547,"City of Bethlehem (Lehigh County)",2026,"In effect",2012,2023,Local,PA,"Lehigh County",42077,Bethlehem,Wind,"Rule 9: Height Restriction (wind)","City of Bethlehem, Pa., Zoning Ordinance (Aug. 21, 2023), 
https://www.bethlehem-pa.gov/CityOfBethlehem/media/DCED-Media-Library/PlanningZoning/Zoning_Ordinance_22.pdf"
5548,"Borough of Coopersburg (Lehigh County)",2026,"In effect",2019,2019,Local,PA,"Lehigh County",42077,Coopersburg,Wind|Solar,"Rule 1: Ban / Moratorium (solar) | Rule 1: Ban / Moratorium (wind) | Rule 9: Height Restriction (wind)","Coopersburg, Pa., Ordinance 667 (Dec. 17, 2019), 
http://www.coopersburgborough.org/wp-content/uploads/2020/01/FINAL-Zoning-Update-12-2019.pdf"
5549,"North Beaver Township (Lawrence County)",2026,"In effect",2021,2021,Local,PA,"Lawrence County",42073,"North Beaver Township",Solar,"Rule 1: Ban / Moratorium (solar) 
In 2021, North Beaver Township passed an ordinance that prohibits solar development on agricultural land. The decision was partially in response to protests of Vesper Energy’s proposed Firefly Solar project and has hindered the project’s development.","Debbie Wachter, Solar Dilemma: Solar energy on farms a continuing dilemma in county, New Castle News, Oct. 18, 2023, https://www.ncnewsonline.com/news/local_news/solar-dilemma-solar-energy-on-farms-a-continuing-dilemma-in-county/article_f926edd2-35f9-11ee-abbf-13ec4fb48a17.html."
5550,"Borough of Huntingdon (Huntingdon County)",2026,"In effect",2016,2016,Local,PA,"Huntingdon County",42061,Huntingdon,Wind,"Rule 2: Density Cap (wind) | Rule 3: Use Restriction (wind)","Huntingdon, Pa., Ordinance No. 843 (Jun. 19, 2007), https://huntingdonboro.com/wp-content/uploads/2016/03/Chapter-27-Zoning.pdf"
5551,"Middle Paxton Township (Dauphin County)",2026,"In effect",2013,2013,Local,PA,"Dauphin County",42043,"Middle Paxton",Wind,"Rule 1: Ban / Moratorium (wind) | Rule 8: Shadow Flicker Restriction (wind)","Middle Paxton Township, Pa., Zoning Ordinance (Feb. 19, 2013), 
https://www.middlepaxtontwp.org/wp-content/uploads/2022/05/Zoning-Ordinance-orientation-fixed.pdf"
5552,"Upper Paxton Township (Dauphin County)",2026,"In effect",2020,2020,Local,PA,"Dauphin County",42043,"Upper Paxton",Wind,"Rule 1: Ban / Moratorium (wind) | Rule 9: Height Restriction (wind)","Upper Paxton Township, Pa., General Code (2020),
https://www.upperpaxtontwp.org/gencode/Chapter%2027%20-%20Zoning.pdf"
5553,"Conewago Township (Dauphin County)",2026,"In effect",2022,2022,Local,PA,"Dauphin County",42043,Conewago,Solar,"Rule 1: Ban / Moratorium (solar) | Rule 2: Size Cap (solar)","Conewago Township, Pa., Ordinance No. 2022-3 (Jul. 27, 2022), 
https://conewagotownship.com/wp-content/uploads/2025/10/Ordinance-No.-2022-3-Solar-Energy.pdf"
5554,"Londonderry Township (Dauphin County)",2026,"In effect",2024,2024,Local,PA,"Dauphin County",42043,Londonderry,Wind|Solar,"Rule 1: Ban / Moratorium (solar) | Rule 1: Ban / Moratorium (wind) | Rule 2: Size Cap (solar) | Rule 9: Height Restriction (wind)","Londonderry Township, Pa., Ordinance No. 2024-06 (Oct. 7, 2024), 
https://ecode360.com/14931857"
5555,"Borough of Curwensville (Clearfield County)",2026,"In effect",2024,2024,Local,PA,"Clearfield County",42033,Curwensville,Solar,"Rule 1: Ban / Moratorium (solar)","Borough of Curwensville, Pa., Ordinance No. 504 (Nov. 25, 2024), 
https://img1.wsimg.com/blobby/go/2ebf1aa9-0e08-4d1a-8fa4-78639a7a6791/downloads/471feea2-5878-4809-bb4a-cd12ba4bb7b9/Ord%20504%20Solar%20and%20Wind%20Energy.pdf?ver=1734631997649"
5556,"West Marlborough Township (Chester County)",2026,"In effect",2017,2017,Local,PA,"Chester County",42029,"West Marlborough",Wind,"Rule 9: Height Restriction (wind)","West Malborough Township, Pa., Zoning Ordinance (Sep. 5, 2017), 
https://www.westmarlboroughpa.gov/wp-content/uploads/2023/05/zoning-ordinance.pdf"
5557,"East Pikeland Township (Chester County)",2026,"In effect",2022,2022,Local,PA,"Chester County",42029,"East Pikeland",Wind|Solar,"Rule 1: Ban / Moratorium (solar) | Rule 1: Ban / Moratorium (wind) | Rule 9: Height Restriction (wind)","East Pikeland Township, Pa., Ordinance No. 198 (Oct. 4, 2022), 
https://www.chescoplanning.org/uandi/pdf/EastPikelandSolarWindOrdinance.pdf"
5558,"Westtown Township (Chester County)",2026,"In effect",2013,2013,Local,PA,"Chester County",42029,Westtown,Solar,"Rule 1: Ban / Moratorium (solar) | Rule 2: Size Cap (solar)","Westown Township, Pa., Code of Ordinance Amendment (May 8, 2013), 
https://westtownpa.org/wp-content/uploads/2012/02/Alternative-Renewable-Energy-final-draft-5-8-2013.pdf"
5559,"West Sadsbury Township (Chester County)",2026,"In effect",2018,2018,Local,PA,"Chester County",42029,"West Sadsbury",Wind,"Rule 1: Ban / Moratorium (wind) | Rule 9: Height Restriction (wind)","West Sadsbury Township, Pa., Zoning Ordinance (2018), 
https://www.westsadsburytwp.org/wp-content/uploads/2014/05/Zoning-Ordinance-August-2018.pdf"
5560,"East Marlborough Township (Chester County)",2026,"In effect",2019,2019,Local,PA,"Chester County",42029,"East Marlborough",Wind,"Rule 2: Density Cap (wind) | Rule 7: Noise Restriction (wind) | Rule 9: Height Restriction (wind)","East Malborough Township, Pa., Zoning Ordinance (2019), 
https://www.eastmarlborough.org/wp-content/uploads/2019-zoning-ordinance.pdf"
5561,"Birmingham Township (Chester County)",2026,"In effect",2020,2020,Local,PA,"Chester County",42029,Birmingham,Wind|Solar,"Rule 2: Density Cap (solar) | Rule 2: Density Cap (wind) | Rule 7: Noise Restriction (wind) | Rule 9: Height Restriction (wind)","Birmingham Township, Pa., Ordinance No. 20-05 (Dec. 7, 2020), https://ecode360.com/9025881#14938423"
5562,"Upper Uwchlan Township (Chester County)",2026,"In effect",2023,2023,Local,PA,"Chester County",42029,"Upper Uwchlan",Wind,"Rule 1: Ban / Moratorium (wind)","Upper Uwchlan Township, Pa., Ordinance No. 2019-06 (Dec. 16, 2019), 
https://ecode360.com/26913000#26913000"
5563,"College Township (Centre County)",2026,"In effect",2007,2007,Local,PA,"Centre County",42027,College,Wind,"Rule 6b: Setback Restriction (wind) | Rule 8: Shadow Flicker Restriction (wind)","College Township, Pa., Ordinance No. O-07-14, (Oct., 18, 2007), https://ecode360.com/13103813"
5564,"Halfmoon Township (Centre County)",2026,"In effect",2020,2020,Local,PA,"Centre County",42027,Halfmoon,Wind,"Rule 1: Ban / Moratorium (wind) | Rule 6b: Setback Restriction (wind) | Rule 8: Shadow Flicker Restriction (wind) | Rule 9: Height Restriction (wind)","Halfmoon Township, Pa., Ordinance No. 2020-01 (Feb. 13, 2020), 
https://ecode360.com/HA1360/laws/LF1147364.pdf"
5565,"Benner Township (Centre County)",2026,"In effect",2024,2024,Local,PA,"Centre County",42027,Benner,Solar,"Rule 3: Use Restriction (solar)","Benner Township, Pa., Zoning Ordinance (Sep. 30, 2024), 
https://bennertownship.org/wp-content/uploads/2024/12/Benner-Township-Zoning-Ordinance-09-30-24-amendments-137-141-added.pdf"
5566,"Jackson Township (Cambria County)",2026,"In effect",2011,2011,Local,PA,"Cambria County",42021,Jackson,Wind,"Rule 1: Ban / Moratorium (wind) | Rule 6b: Setback Restriction (wind)","Jackson Township, Pa., Zoning Ordinance (Jun. 9, 2011), 
https://cambriaplanning.org/wp-content/uploads/2013/04/ordinance-168-final-zoning-ordinance-coalition.pdf"
5567,"Borough of Ebensburg (Cambria County)",2026,"In effect",2020,2020,Local,PA,"Cambria County",42021,Ebensburg,Wind,"Rule 2: Density Cap (wind)","Borough of Ebensburg, Pa., Ordinance No. 574 (Jun. 28, 2010), 
https://ebensburgpa.com/wp-content/uploads/2020/11/Code-Chapter-20-Zoning.pdf"
5568,"Upper Yoder Township (Cambria County)",2026,"In effect",2020,2020,Local,PA,"Cambria County",42021,"Upper Yoder",Wind,"Rule 1: Ban / Moratorium (wind) | Rule 6b: Setback Restriction (wind)","Upper Yoder Township, Pa., Ordinance No. 287 (Aug. 20, 2020), 
https://cambriaplanning.org/wp-content/uploads/2020/10/upperyoderzoning2020.pdf"
5569,"Northampton Township (Bucks County)",2026,"In effect",2013,2013,Local,PA,"Bucks County",42017,Northampton,Wind,"Rule 6b: Setback Restriction (wind) | Rule 9: Height Restriction (wind)","Northampton Township, Pa., Ordinance No. 561 (Feb. 27, 2013), 
https://www.northamptontownship.com/media/1365/code-of-ordinances-northampton-township-full-2-9-16.pdf"
5570,"Warrington Township (Bucks County)",2026,"In effect",2021,2021,Local,PA,"Bucks County",42017,Warrington,Wind,"Rule 1: Ban / Moratorium (wind) | Rule 9: Height Restriction (wind)","Warrington Township, Pa., Ordinance No. 2021-O-04 (Aug. 24, 2021), 
https://ecode360.com/WA0807/laws/LF1411093.pdf"
5571,"Warminster Township (Bucks County)",2026,"In effect",2013,2013,Local,PA,"Bucks County",42017,Warminster,Wind,"Rule 1: Ban / Moratorium (wind) | Rule 6a: Setback Restriction (wind) | Rule 9: Height Restriction (wind)","Warminster Township, Pa., Zoning Ordinance (Sep. 2009),  
https://warminstertownship.org/wp-content/uploads/2013/03/zoning_ord_adopted_100109.pdf"
5572,"Borough of Athens (Bradford County)",2026,"In effect",2022,2022,Local,PA,"Bradford County",42015,Athens,Wind,"Rule 6b: Setback Restriction (wind)","Athens, Pa., Ordinance No. 220114 (2022),
https://www.athenstownship.org/FINAL%20Formatted%20Ordinance_220114.pdf"
5573,"Frankstown Township (Blair County)",2026,"In effect",2007,2007,Local,PA,"Blair County",42013,Frankstown,Wind,"Rule 1: Ban / Moratorium (wind) | Rule 6b: Setback Restriction (wind)","Frankstown Township, Pa., Ordinance No. 100207-A (Sep. 12, 2007), 
http://frankstowntownship.com/wp-content/uploads/2016/02/FRANKZONEORDFINAL.pdf"
5574,"Antis Township (Blair County)",2026,"In effect",2024,2024,Local,PA,"Blair County",42013,"Antis Township",Solar,"Rule 2: Size Cap (solar)","Antis Township, Pa., Ordinance No. 1-2024 (Jan. 2, 2024),
https://files.amlegal.com/pdffiles/AntisTwp/1-2024.pdf"
5575,"City of Reading (Berks County)",2026,"In effect",2015,2015,Local,PA,"Berks County",42011,Reading,Wind,"Rule 9: Height Restriction (wind)","Reading, Pa., Ordinance No. 58-2015 (Oct. 26, 2015), https://codelibrary.amlegal.com/codes/readingpa/latest/reading_pa/0-0-0-25325"
5576,"Union Township (Berks County)",2026,"In effect",2022,2022,Local,PA,"Berks County",42011,Union,Wind,"Rule 1: Ban / Moratorium (wind) | Rule 8: Shadow Flicker Restriction (wind)","Union Township, Pa., Ordinance No. 2022-3 (Oct., 17, 2022),
https://ecode360.com/UN1916/laws/LF1652913.pdf"
5577,"Maxatawny Township (Berks County)",2026,"In effect",2024,2024,Local,PA,"Berks County",42011,Maxatawny,Solar,"Rule 2: Size Cap (solar)","Maxatawny Township., Pa., Ordinance No. 2024 - 03 (Aug. 15, 2024), 
https://www.maxatawny.org/ordinances/zoning-ordinance-amendment-2024-03.pdf"
5578,"Borough of West Reading (Berks County)",2026,"In effect",2025,2025,Local,PA,"Berks County",42011,"West Reading",Wind,"Rule 1: Ban / Moratorium (wind)","West Reading, Pa., Code of Ordinances § 455-168 (2025),
https://ecode360.com/48097072"
5579,"Borough of Shoemakersville (Berks County)",2026,"In effect",2019,2019,Local,PA,"Berks County",42011,Shoemakersville,Solar,"Rule 2: Size Cap (solar)","Shoemakersville, Pa., Ordinance No. 494-2019 (May 16, 2019),  
https://shoeyboro.org/wp-content/uploads/2019/05/zoning-ordinance-20190516.pdf"
5580,"Greenwich Township (Berks County)",2026,"In effect",2021,2021,Local,PA,"Berks County",42011,Greenwich,Solar,"Rule 1: Ban / Moratorium (solar) | Rule 2: Size Cap (solar)","Greenwich Township, Pa., Ordinance 2021-06 (Feb. 11, 2021), 
http://www.greenwichtownshippa.org/ordinances/2021-06.pdf"
5581,"Bethel Township (Berks County)",2026,"In effect",2023,2023,Local,PA,"Berks County",42011,Bethel,Wind,"Rule 1: Ban / Moratorium (wind) | Rule 2: Capacity and Size Cap (wind) | Rule 3: Use Restriction (wind)","Bethel Township, Pa., Zoning Ordinance (2023), 
http://betheltwp.org/wp-content/uploads/2023/02/2011-04-Zoning-Amend.pdf"
5582,"West Providence Township (Bedford County)",2026,"In effect",2008,2008,Local,PA,"Bedford County",42009,"West Providence",Wind,"Rule 6a: Setback Restriction (wind)","West Providence Township, Pa., Ordinance No. 040708B (2008), https://acrobat.adobe.com/id/urn:aaid:sc:VA6C2:8eb33086-4819-4257-9d91-e5e3d643b2e1"
5583,"Hanover Township (Beaver County)",2026,"In effect",2010,2010,Local,PA,"Beaver County",42007,Hanover,Wind,"Rule 6b: Setback Restriction (wind)","Hanover Township, Pa., Zoning Ordinance No. 59 (Sep. 13, 2010),
https://hanovertwp.us/wp-content/uploads/2021/06/ORD-59-Zoning-Ordinance.pdf"
5584,"City of Franklin (Beaver County)",2026,"In effect",2025,2025,Local,PA,"Beaver County",42007,Franklin,Solar,"Rule 1: Ban / Moratorium (solar)","Franklin, Pa., Ordinance No. 1-2025 (Apr. 10, 2025), 
https://franklintwpbeavercopa.gov/wp-content/uploads/2025/04/Ordinance-1-2025-Solar-Energy-Ordinance.pdf"
5585,"New Sewickley Township (Beaver County)",2026,"In effect",2025,2025,Local,PA,"Beaver County",42007,"New Sewickley",Wind,"Rule 9: Height Restriction (wind)","New Sewickley Township, Pa., Ordinance No. 208 (2025), 
https://newsewickley.com/wp-content/uploads/2025/04/Ord-208.pdf"
5586,"Kiskiminetas Township  (Armstrong County)",2026,"In effect",2025,2025,Local,PA,"Armstrong County",42005,"Kiskiminetas Township",Solar,"Rule 1: Ban / Moratorium (solar) | Rule 10a: Setback Restriction (solar) 
In March 2024, the Kiskiminetas Township Planning Commission began discussions to revise the Township’s Commercial Solar Energy Systems (CSES) Ordinance. On July 9, 2025, the Board of Supervisors approved the new ordinance. The new ordinance imposes a $50,000 annual development fee per 1-MW of nameplate capacity for large-scale solar projects, as well as a non-refundable $2,500 application fee. The ordinance also limits solar development to industrial zoning districts as a conditional use; and establishes 300-foot setbacks from property lines and 10-foot height restrictions.","Kiskiminetas Township, Pa., Ordinance No. 3-2025 (Jul. 9, 2025), https://kiskitownship-pa.gov/wp-content/uploads/2025/11/03-2025Commercial-Solar-Energy-Sydyrm.pdf; Kiskiminetas Township Board of Supervisors Meeting Minutes (July 9, 2025), https://climate.law.columbia.edu/sites/climate.law.columbia.edu/files/content/07.09.2025-Regular-Meeting-Minutes%20(1).pdf; Kiskiminetas Township, Commercial Solar Energy Systems Draft Ordinance, https://climate.law.columbia.edu/sites/climate.law.columbia.edu/files/content/Kiskiminetas%20Township_CESS%20ordinance%20proposed.pdf; Kellen Stepler, Kiski Township looking to establish rules for solar farms, Valley News Dispatch, Apr. 5, 2024, https://triblive.com/local/valley-news-dispatch/kiski-township-looking-to-establish-rules-for-solar-farms/."
5587,"O'Hara Township (Allegheny County)",2026,"In effect",2017,2017,Local,PA,"Allegheny County",42003,O'Hara,Wind|Solar,"Rule 2: Size Cap (solar) | Rule 2: Density Cap (wind) | Rule 7: Noise Restriction (wind) | Rule 9: Height Restriction (wind)","O'Hara Township, Pa., Zoning Ordinance (Jan. 14, 2020), 
https://www.ohara.pa.us/sites/g/files/vyhlif6181/f/uploads/zoning_ord_1361.pdf"
5588,"Municipality of Monroeville (Allegheny County)",2026,"In effect",2023,2023,Local,PA,"Allegheny County",42003,Monroeville,Wind,"Rule 7: Noise Restriction (wind)","Monroeville, Pa., Ordinance No. 2779 (Nov. 14, 2023), 
https://www.monroeville.pa.us/DocumentCenter/View/213/Ordinance-1443-Section-307-Pages-28-to-33-PDF"
5589,"South Fayette Township (Allegheny County)",2026,"In effect",2025,2025,Local,PA,"Allegheny County",42003,"South Fayette",Wind|Solar,"Rule 1: Ban / Moratorium (wind) | Rule 1: Ban / Moratorium (wind) | Rule 9: Height Restriction (wind)","South Fayette Township, Pa., Ordinance No. 2025-02 (Oct. 10, 2025), 
https://southfayettepa.com/DocumentCenter/View/7347/Ordinance-2025-02-Renewable-Energy-Systems"
5590,"Borough of Glen Osborne (Allegheny County)",2026,"In effect",2012,2012,Local,PA,"Allegheny County",42003,"Glen Osborne",Wind,"Rule 9: Height Restriction (wind)","Glen Osborne, Pa., Zoning Ordinance (2012),  
https://www.glenosborneborough.org/Zoning%20Ordinance%203-14-12.pdf"
5591,"Borough of Mount Oliver (Allegheny County)",2026,"In effect",2019,2019,Local,PA,"Allegheny County",42003,"Mount Oliver",Wind,"Rule 7: Noise Restriction (wind) | Rule 9: Height Restriction (wind)","Mount Oliver, Pa., Zoning Ordinance (2019), 
https://mtoliver.com/wp-content/uploads/2019/03/DRAFT-ZO-Clean-Copy-030719.pdf"
5592,"Findlay Township (Allegheny County)",2026,"In effect",2019,2019,Local,PA,"Allegheny County",42003,Findlay,Solar,"Rule 1: Ban / Moratorium (solar)","Findlay Township, Pa., Ordinance No. 424 (Apr. 10, 2019), 
https://www.findlay.pa.us/DocumentCenter/View/2840/424---Solar-Energy-Facility-041019pdf"
5593,"Scott Township (Allegheny County)",2026,"In effect",2023,2023,Local,PA,"Allegheny County",42003,Scott,Wind,"Rule 9: Height Restriction (wind)","Scott Township, Pa., Zoning Ordinance (2023), 
https://scott-twp.com/wp-content/uploads/2023/10/ZONING-ORDINANCE-2021-rev-V6R.pdf"
5594,"West Deer Township (Allegheny County)",2026,"In effect",2025,2025,Local,PA,"Allegheny County",42003,"West Deer",Solar,"Rule 1: Ban / Moratorium (solar) | Rule 10b: Setback Restriction (solar)","West Deer Township, Pa., Ordinance No. 462 (Jul. 16, 2025), 
https://cms2.revize.com/revize/westdeer/Document%20Center/Agenda%20&%20Minutes/Board%20Of%20Supervisors/2025/Agenda/Public%20Hearing%20-%20Zoning%20Amendments%20July%2016,%202025.pdf"
5595,"Wallowa County",2026,"In effect",2008,2008,Local,OR,"Wallowa County",41063,,Wind,"Rule 1: Ban / Moratorium (wind)","Wallowa County, Or., Zoning Ordinance (Jun. 16, 2008), https://www.co.wallowa.or.us/media/3176"
5596,"Wallowa County",2026,"In effect",2019,2019,Local,OR,"Wallowa County",41063,,Solar,"Rule 2: Size Cap (solar)","Wallowa County, Or., Zoning Ordinance (Jun. 17, 2019), 
https://www.co.wallowa.or.us/media/3006"
5597,"Umatilla County",2026,"In effect",2022,2025,Local,OR,"Umatilla County",41059,,Wind,"Rule 6b: Setback Restriction (wind)","Umatilla County, Or., Development Code § 152.616(HHH)(6)(a) (as amended Jul. 19, 2022), https://www.co.umatilla.or.us/fileadmin/user_upload/Community_Development/Planning/Umatilla_County_Development_Code_2025.pdf"
5598,"Polk County",2026,"In effect",2024,2024,Local,OR,"Polk County",41053,,Solar,"Rule 2: Size Cap (solar)","Polk County, Or., Zoning Ordinance (May 14, 2024), 
https://www.polkcountyor.gov/DocumentCenter/View/4501/136"
5599,"Curry County",2026,"In effect",2022,2022,Local,OR,"Curry County",41015,,Solar,"Rule 2: Size Cap (solar)","Curry County, Or., Zoning Ordinance (Sep. 2022), 
https://cms6.revize.com/revize/currycounty/document_center/community%20devlopements/Curry%20County%20Zoning%20Ordinance%20Update%20-%202022.pdf"
5600,"City of Owasso (Tulsa County)",2026,"In effect",2019,2019,Local,OK,"Tulsa County",40143,"City of Owasso",Wind,"Rule 9: Height Restriction (wind) 
A 2019 ordinance prohibits wind turbines over 100 feet in height for projects with a lot area of greater than 5 acres.","Owasso, Okla., Code § 17.2.3 (2019), https://www.cityofowasso.com/DocumentCenter/View/2378/Owasso-Zoning-Code-PDF?bidId."
5601,"Ponca City (Kay County)",2026,"In effect",2013,2013,Local,OK,"Kay County",40071,Ponca,Wind,"Rule 2: Density Cap (wind) | Rule 9: Height Restriction (wind)","Ponca, Okla., Ordinance No. 6334 (Aug. 28, 2023), https://www.poncacityok.gov/DocumentCenter/View/14934/Development-Serv-Zoning-Ordinance"
5602,"City of Yukon (Canadian County)",2026,"In effect",1995,1995,Local,OK,"Canadian County",40017,"City of Yukon",Wind,"Rule 9: Height Restriction (wind) 
A 1995 ordinance limits the height of wind turbines abutting residential districts to 100 feet and limits rotor length to 36 feet in diameter.","Yukon, Okla., Code § 204-173 (1995), https://library.municode.com/ok/yukon/codes/code_of_ordinances?nodeId=PTIICOOR_CH204BUBURE_ARTVIIIWIENCOSYWE_S204-173STRURE (last visited May 24, 2023)."
5603,"Wyandot County",2026,"In effect",2023,2023,Local,OH,"Wyandot County",39175,,Wind|Solar,"Rule 1: Ban / Moratorium (wind) | Rule 1: Ban / Moratorium (solar)
In 2023, the Board of Commissioners of Wyandot County Ohio designated Antrim, Crawford, Jackson, Marseilles, Mifflin, Richland, Ridge, and Salem Townships as restricted areas prohibiting the construction of any economically significant wind farms, large wind farms, or large solar facilities throughout the unincorporated areas of the county as outlined in Ohio SB52.","Wyandot County, Ohio, Resolution (Jul. 31, 2023), https://www.co.wyandot.oh.us/DocumentCenter/View/1204/Wind-Solar-Restricting-Resolution"
5604,"Wayne County",2026,"In effect",2023,2023,Local,OH,"Wayne County",39169,,Wind|Solar,"Rule 1: Ban / Moratorium (solar) 
In July 2023, Wayne County commissioners unanimously voted to prohibit large solar facilities, economically significant wind farms, and large wind farms in unincorporated parts of Wayne County pursuant to SB52. The commissioners stated that they expect continued discussion about large-scale solar in Wayne County going forward.","Wayne County, Ohio, Resolution No. 2023-370 (Jul. 12, 2023), https://www.wayneohio.org/wp-content/uploads/2025/01/RESOLUTION-FOR-07-12-2023-SOLAR.pdf"
5605,"Union County",2026,"In effect",2022,2022,Local,OH,"Union County",39159,,Solar,"Rule 1: Ban / Moratorium (solar) 
On June 15, 2022, the Union County Board of Commissioners approved a resolution that prohibits solar projects of at least 50 MW from unincorporated areas in 8 townships.","Union County, Ohio, Resolution No. 22-217 (Jun. 15, 2022), https://www.unioncountyohio.gov/information (last visited Apr. 29, 2023); see also Jake Zuckerman, Ten Ohio counties ban wind, solar projects under new state law, Ohio Capital Journal, Aug. 23, 2022, https://ohiocapitaljournal.com/2022/08/23/nine-ohio-counties-ban-wind-solar-projects-under-new-state-law/."
5606,"Seneca County",2026,"In effect",2021,2021,Local,OH,"Seneca County",39147,,Wind|Solar,"Rule 1: Ban / Moratorium (wind) | Rule 1: Ban / Moratorium (solar) 
On November 23, 2021, the Seneca County Board of Commissioners approved a resolution pursuant to S.B. 52 prohibiting wind and solar projects generating at least 50 MW from all unincorporated areas.","Commissioners approve resolution restricting future wind, solar energy projects in Seneca County, TiffinOhio.Net, Nov, 24 2021, https://go.tiffinohio.net/2021/11/commissioners-approve-resolution-restricting-future-wind-solar-energy-projects-in-seneca-county"
5607,"Richland County",2026,"In effect",2025,2025,Local,OH,"Richland County",39139,,Wind|Solar,"Rule 1: Ban / Moratorium (wind) | Rule 1: Ban / Moratorium (solar) 
On July 17, 2025, the Richland Board of County Commissioners adopted a resolution to ban on utility-scale wind and solar development in 11 of the county’s 18 townships. Local residents formed a group called Richland County Citizens for Property Rights and Job Development, which is working to get the ban reversed. The group circulated a petition calling for a referendum on the Commissioners’ resolution. The petition garnered 3,380 signatures, enough for the issue to be put on to voters at the next primary elections in May 2026.","Kathiann M. Kowalski, This Ohio county banned wind and solar. Now, residents are pushing back., Canary Media, Nov. 18, 2025, https://www.canarymedia.com/articles/clean-energy/richland-ohio-wind-solar-ban-vote;  Richland County Board of Commissioners, Meeting Minutes, July 17, 2025, https://www.richlandcountyoh.gov/media/Departments/Commissioners/Documents/Meeting%20Minutes%20-%202025/55.%20July%2017,%202025.pdf."
5608,"Putnam County",2026,"In effect",2023,2023,Local,OH,"Putnam County",39137,,Wind|Solar,"Rule 1: Ban / Moratorium (wind) | Rule 1: Ban / Moratorium (solar) 
In September 2023, the Putnam County Board of County Commissioners adopted a resolution under S.B. 52 establishing all unincorporated areas of the county as a restricted area in which the construction of large solar facilities and large or economically-significant wind farms are prohibited.","Putnam County, Ohio, Board of Commissioners Meeting Minutes (Sep. 8, 2023), https://putnamcountyohio.gov/wp-content/uploads/2023/09/September-8-2023.pdf."
5609,"Portage County",2026,Expired,2023,2023,Local,OH,"Portage County",39133,"Shalersville, Nelson, Rootstown Townships",Wind|Solar,"Rule 1: Ban / Moratorium (wind) | Rule 1: Ban / Moratorium (solar)
In 2022 and 2023, three Portage County townships (Shalersville, Nelson, and Rootstown) established temporary moratoria on large wind and solar facilities. However, as of December 31, 2024, the county has not established a restricted area pursuant to S.B. 52.","Wendy DiAlesandro, Three Portage County townships want to restrict or ban solar and wind farms, Portager, June 9, 2023, https://theportager.com/three-portage-county-townships-want-to-restrict-or-ban-solar-and-wind-farms/; Portage County, Ohio, Regional Planning Commission Minutes (April 12, 2023), https://www.portagecounty-oh.gov/sites/g/files/vyhlif3706/f/uploads/april_2023_rpc_full_board.pdf; Ryan Lind, Documenters: Nelson Township Trustee meeting for March 15, 2023, Portager, March 20, 2023, https://theportager.com/documenters-nelson-township-trustee-meeting-for-march-15-2023/; Ryan Lind, Documenters: Shalersville Zoning Public Hearing and Trustee meeting for March 7, 2023, Portager, March 13, 2023, https://theportager.com/documenters-shalersville-zoning-public-hearing-and-trustee-meeting-for-march-7-2023/."
5610,"Ottawa County",2026,"In effect",2022,2022,Local,OH,"Ottawa County",39123,,Wind|Solar,"Rule 1: Ban / Moratorium (wind) | Rule 1: Ban / Moratorium (solar) 
On December 13, 2022, the Ottawa County Board of Commissioners adopted a resolution pursuant to S.B. 52 restricting wind farms of at least 5 MW and solar farms of at least 50 MW from all unincorporated areas in most townships in the county.","Sheri Trusty, County Commissioners accept township decisions on large-scale solar, wind farms, The Beacon, Jan. 11, 2023, https://www.thebeacon.net/county-commissioners-accept-township-decisions-on-large-scale-solar-wind-farms/."
5611,"Medina County",2026,"In effect",2022,2022,Local,OH,"Medina County",39103,,Wind|Solar,"Rule 1: Ban / Moratorium (wind) | Rule 1: Ban / Moratorium (solar)
On January 25, 2022, the Medina County Board of Commissioners adopted a resolution pursuant to S.B. 52 restricting wind farms of at least 5 MW and solar farms of at least 50 MW in all unincorporated areas of the county. The resolution contains a provision, however, outlining how applicants may submit a request to the Board of County Commissioners to remove a proposed site from the excluded area.","Medina County, Ohio, Resolution No. 22-0077 (Jan. 25, 2022), https://www.medinaco.org/wp-content/uploads/2022/01/Resolutions_1.25.22.pdf; see also Jake Zuckerman, Ten Ohio counties ban wind, solar projects under new state law, Ohio Capital Journal, Aug. 23, 2022, https://ohiocapitaljournal.com/2022/08/23/nine-ohio-counties-ban-wind-solar-projects-under-new-state-law/."
5612,"Marion County",2026,"In effect",2023,2023,Local,OH,"Marion County",39101,,Wind|Solar,"Rule 1: Ban / Moratorium (wind) | Rule 1: Ban / Moratorium (solar)
Between August 2022 and March 2023, the Marion County Board of Commissioners approved resolutions pursuant to S.B. 52 restricting wind projects of at least 5 MW and solar projects of a least 50 MW in unincorporated areas of 8 townships (Big Island, Claridon, Green Camp, Pleasant, Prospect, Richland, Salt Rock, and Waldo). In March 2023, the Marion County Board of Commissioners also issued a resolution establishing a restricted area in unincorporated areas in Grand Prairie Township but only with respect to wind energy.","Andrew Carter, Marion County Commissioners approve wind energy restrictions for Grand Prairie Twp., Marion Star, Mar. 19, 2023, https://www.marionstar.com/story/news/local/2023/03/19/commissioners-back-grand-prairie-twp-wind-energy-limits/70014824007/; Andrew Carter, Marion County Commissioners back solar, wind restrictions in Waldo Township, Marion Star, Jan. 15, 2023, https://www.marionstar.com/story/news/local/2023/01/15/marion-co-commissioners-back-solar-wind-restrictions-in-waldo-twp/69803322007/."
5613,"Mahoning County",2026,"In effect",2023,2024,Local,OH,"Mahoning County",39099,"Green, Austintown, Beaver, Berlin, Canfield, Coitsville, Goshen, Jackson, Milton, Poland, and Springfield Townships",Wind|Solar,"Rule 1: Ban / Moratorium (wind) | Rule 1: Ban / Moratorium (solar)
In November 2023, Mahoning County commissioners unanimously approved Green Township’s ban on large wind and solar projects in unincorporated parts of the township pursuant to S.B. 52. A public hearing was held in Green Township at the end of October 2023, in which residents were largely supportive of banning wind and solar. The ban had the effect of blocking the planned 150-MW Alpin Sun solar project. In February 2024, the Mahoning County Commission approved extending the ban to 10 additional townships within the county, namely: Austintown, Beaver, Berlin, Canfield, Coitsville, Goshen, Jackson, Milton, Poland, and Springfield.","Ed Runyan, County: No solar, wind farms in Green, Vindicator, Nov. 10, 2023, https://www.vindy.com/news/local-news/2023/11/county-no-solar-wind-farms-in-green/; Daniel Newman, Commissioners ban solar, wind farms in 10 townships, Vindicator, March 8, 2024, https://www.vindy.com/news/local-news/2024/03/commissioners-ban-solar-wind-farms-in-10-townships/."
5614,"Madison County",2026,"In effect",2023,2023,Local,OH,"Madison County",39097,,Wind|Solar,"Rule 1: Ban / Moratorium (wind) | Rule 1: Ban / Moratorium (solar)
In September 2023, the Madison County Board of County Commissioners adopted a resolution establishing all unincorporated areas of the county as a restricted area in which the construction of large solar facilities and large or economically-significant wind farms are prohibited.","Madison County, Ohio, Restricted Area Resolution (Sep. 12, 2023), https://cms7files.revize.com/madisoncountyoh/Restricted%20Area%20Resolution.pdf; Board of County Commissioners Minutes (September 12, 2023) (on file with author)."
5615,"Logan County",2026,"In effect",2022,2022,Local,OH,"Logan County",39091,,Wind|Solar,"Rule 1: Ban / Moratorium (wind) | Rule 1: Ban / Moratorium (solar)
On August 11, 2022, the Logan County Board of Commissioners passed a resolution pursuant to S.B. 52 prohibiting wind farms of at least 5 MW and solar farms of at least 50 MW from all unincorporated areas of the county, with the exception of Miami Township.","Logan County, Ohio, Minutes of the Board of Logan County Commissioners (Aug. 16, 2022), https://www.co.logan.oh.us/AgendaCenter/ViewFile/Minutes/_08082022-518; No Solar in Logan (Ohio), Logan County Resolution!, https://www.nosolarinlc.com/post/logan-county-resolution (last visited Apr. 29, 2023); see also Jake Zuckerman, Ten Ohio counties ban wind, solar projects under new state law, Ohio Capital Journal, Aug. 23, 2022, https://ohiocapitaljournal.com/2022/08/23/nine-ohio-counties-ban-wind-solar-projects-under-new-state-law/."
5616,"Licking County",2026,"In effect",2024,2024,Local,OH,"Licking County",39089,"Hanover, Licking, St. Albans, Union and Washington",Wind|Solar,"Rule 1: Ban / Moratorium (wind) | Rule 1: Ban / Moratorium (solar)
In August 2024, Licking County Commissioners unanimously approved a resolution pursuant to S.B. 52 prohibiting the development of large-scale solar and wind projects (defined as 50 MW or more) in five townships: Hanover, Licking, St. Albans, Union and Washington. A similar ban was already in effect for the Liberty and Etna townships.","Licking County votes on large solar, wind projects ban in 5 townships, FARMERS ADVANCE, Aug. 29, 2024, https://www.farmersadvance.com/story/news/2024/08/29/licking-county-votes-on-large-solar-wind-projects-ban-in-5-townships/74998795007/."
5617,"Knox County",2026,"In effect",2022,2022,Local,OH,"Knox County",39083,,Wind,"Rule 1: Ban / Moratorium (wind) 
On August 11, 2022, the Knox County Board of Commissioners adopted a resolution pursuant to S.B. 52 prohibiting large wind farms, but not solar farms, from unincorporated parts of the county.","Cheryl Splain, Knox County commissioners say no to wind farms, okay solar on case-by-case basis, Knox Pages, Aug. 11, 2022, https://www.knoxpages.com/news/knox-county-commissioners-say-no-to-wind-farms-okay-solar-on-case-by-case-basis/article_163a1ca8-19bf-11ed-8080-c38d44f430bf.html; see also Jake Zuckerman, Ten Ohio counties ban wind, solar projects under new state law, Ohio Capital Journal, Aug. 23, 2022, https://ohiocapitaljournal.com/2022/08/23/nine-ohio-counties-ban-wind-solar-projects-under-new-state-law/."
5618,"Henry County",2026,"In effect",2024,2023,Local,OH,"Henry County",39069,,Wind|Solar,"Rule 1: Ban / Moratorium (wind) | Rule 1: Ban / Moratorium (solar) 
In December 2023, the Henry County commissioners designated unincorporated areas of the county as a restricted area for wind and solar pursuant to S.B. 52.","County commissioners' opposition played major role in OPSB staff recommendation against Stark solar application, MOUNT VERNON NEWS, 2024, https://mountvernonnews.com/stories/662098017-county-commissioners-opposition-played-major-role-in-opsb-staff-recommendation-against-stark-solar-application; Utility-scale solar, OHIO CITIZEN ACTION, 2024, https://www.ohiocitizen.org/utility_scale_solar."
5619,"Hancock County",2026,"In effect",2022,2022,Local,OH,"Hancock County",39063,,Wind|Solar,"Rule 1: Ban / Moratorium (wind) | Rule 1: Ban / Moratorium (solar) 
On April 19, 2022, the Hancock County Board of Commissioners adopted a resolution pursuant to S.B. 52 prohibiting wind farms of at least 5 MW and solar farms of at least 50 MW from all unincorporated areas of the county except in Biglick Township.","Hancock County, Ohio, Resolution No. 150-22 (Apr. 19, 2022), https://wkxa.com/wp-content/uploads/2022/04/exclusion-zones.pdf; see also Jake Zuckerman, Ten Ohio counties ban wind, solar projects under new state law, Ohio Capital Journal, Aug. 23, 2022, https://ohiocapitaljournal.com/2022/08/23/nine-ohio-counties-ban-wind-solar-projects-under-new-state-law/."
5620,"Greene County",2026,"In effect",2023,2023,Local,OH,"Greene County",39057,"Cedarville, Jefferson, Ross, Sugarcreek, and Xenia Townships",Wind|Solar,"Rule 1: Ban / Moratorium (wind) | Rule 1: Ban / Moratorium (solar)
In June 2023, the Greene County Board of Commissioners approved requests from five townships (Cedarville, Jefferson, Ross, Sugarcreek, and Xenia) to restrict large-scale solar and large or “economically significant” wind farms so that the communities could maintain an “agricultural outline.” The Board is considering a similar request from a sixth township (Miami).","London Bishop, Fifth Greene County township declared off-limits from large-scale solar/wind, sixth in the works, Dayton Daily News, June 10, 2023, https://www.daytondailynews.com/local/fifth-greene-county-township-declared-off-limits-from-large-scale-solarwind-sixth-in-the-works/ZFLHS5ZIQ5ENJACW2QOV7QENGE/."
5621,"Fayette County",2026,"In effect",2023,2023,Local,OH,"Fayette County",39047,,Wind|Solar,"Rule 1: Ban / Moratorium (wind) | Rule 1: Ban / Moratorium (solar) 
In January 2023, the Fayette County Board of Commissioners approved a resolution under S.B. 52 prohibiting large-scale wind and solar in all unincorporated areas of the county except for industrial areas.","Fayette County, Ohio, Board of Commissioner Minutes (Jan. 17, 2023), https://www.fayette-co-oh.com/AgendaCenter/ViewFile/Minutes/_01172023-136."
5622,"Fairfield County",2026,"In effect",2024,2024,Local,OH,"Fairfield County",39045,,Solar,"Rule 1: Ban / Moratorium (solar) 
In May 2024, the Fairfield County Commissioners adopted a resolution pursuant to S.B. 52 prohibiting solar farms with a capacity of at least 50 MW within certain restricted areas. Commissioner Jeff Fix stated that the decision reflected an attempt to balance the rights of property owners with the rights of their neighbors. The regulation created uncertainty about the fate of two proposals for solar projects in the county.","Aaron Burd, Why some Ohio counties are restricting solar energy farms, NBC4, May 30, 2024, https://www.nbc4i.com/news/local-news/fairfield-county/why-some-ohio-counties-are-restricting-solar-energy-farms/."
5623,"Erie County",2026,"In effect",2023,2023,Local,OH,"Erie County",39043,,Wind|Solar,"Rule 1: Ban / Moratorium (wind) | Rule 1: Ban / Moratorium (solar) 
In July 2023, Erie County voted to prohibit new industrial-scale wind and solar farms in all unincorporated land in the county, along with offshore wind farms in Lake Erie.","Tom Jackson, Erie County votes to block new wind farms, big solar projects, Sandusky Register, July 27, 2023, https://sanduskyregister.com/news/471599/erie-county-votes-to-block-new-wind-farms-big-solar-projects/."
5624,"Crawford County",2026,"In effect",2022,2022,Local,OH,"Crawford County",39033,,Wind,"Rule 1: Ban / Moratorium (wind) 
In May 2022, the Crawford County Board of Commissioners passed a resolution pursuant to S.B. 52 creating a 10-year ban on wind development that effectively prevents construction of the proposed 300-MW Honey Creek Wind Project. The developer of the project, Apex Clean Energy, collected enough signatures for a referendum to reverse the commissioners’ decision. However, in November 2022, the referendum upheld the restrictions.","Jeffrey Tomich, Two Great Lakes Counties Reject Wind Development, E&E News Energy Wire, Nov. 14, 2022, https://subscriber.politicopro.com/article/eenews/2022/11/14/two-great-lakes-counties-reject-wind-development-00066593; Peter Krouse, Crawford County voters will likely decide if wind turbine plans can proceed, Cleveland.com, Aug. 5, 2022, https://www.cleveland.com/news/2022/08/wind-farm-controversy-in-rural-ohio-crawford-county-voters-will-likely-decide-if-wind-turbine-plans-can-proceed.html; see also Jake Zuckerman, Ten Ohio counties ban wind, solar projects under new state law, Ohio Capital Journal, Aug. 23, 2022, https://ohiocapitaljournal.com/2022/08/23/nine-ohio-counties-ban-wind-solar-projects-under-new-state-law/."
5625,"Crawford County",2026,"In effect",2025,2025,Local,OH,"Crawford County",39033,,Solar,"Rule 1: Ban / Moratorium (solar) 
On June 6, 2025, the Crawford County Commissioners voted to adopt a countywide ban on new solar development, the ban prohibits solar facilities of 50 megawatts or larger.","Labor leaders speak out against Ohio county’s ban on proposed 400-MW solar project, Solar Power World, Jun. 9, 2025, https://www.solarpowerworldonline.com/2025/06/labor-leaders-speak-out-against-ohio-countys-ban-on-proposed-400-mw-solar-project/; Community Spotlight: What’s next for solar in Crawford County?, Crawford County Now, Sept. 10, 2025, https://crawfordcountynow.com/local/community-spotlight-whats-next-for-solar-in-crawford-county/"
5626,"Columbiana County",2026,"In effect",2023,2023,Local,OH,"Columbiana County",39029,,Wind|Solar,"Rule 1: Ban / Moratorium (wind) | Rule 1: Ban / Moratorium (solar) 
On March 2, 2023, the Columbiana County Board of Commissioners approved a resolution pursuant to S.B. 52 prohibiting large wind and solar farms in the unincorporated areas of four townships. In May 2023, the Board ultimately approved a ban on the construction of large solar facilities and large wind farms in an additional seven townships in the county. In August 2023, the seven remaining townships in the county moved to ban large solar facilities and large wind farms. As of October 2023, the county had approved bans on large wind and solar projects in all eighteen townships in the county.","Mary Ann Greier, Ban Ok’d on large solar, wind facilities in more Columbiana County townships, Salem News, Aug. 28, 2023, https://www.salemnews.net/news/local-news/2023/05/ban-okd-on-large-solar-wind-facilities-in-more-columbiana-county-townships/; Stephanie Elverd, Hearing set for wind, solar bans in remaining Columbiana Countytownships, Salem News, Aug. 31, 2023, https://www.salemnews.net/news/local-news/2023/08/hearing-set-for-wind-solar-bans-in-remaining-columbiana-countytownships/; Mary Ann Greier, Four more townships added to list banning solar, wind farms, Morning Journal, Aug. 24, 2023, https://www.morningjournalnews.com/news/local-news/2023/08/three-more-townships-added-to-list-banning-solar-wind-farms/; Gerry Ricciutti, Ban in place for solar, wind farms in 18 local townships, WKBN, Oct. 18, 2023, https://www.wkbn.com/news/local-news/center-twp-news/ban-in-place-for-solar-wind-farms-in-18-local-townships/."
5627,"Clinton County",2026,"In effect",2023,2023,Local,OH,"Clinton County",39027,,Wind|Solar,"Rule 1: Ban / Moratorium (wind) | Rule 1: Ban / Moratorium (solar) 
In May 2023, the Clinton County Board of Commissioners adopted Resolution 23-510 declaring all unincorporated areas of the county as restricted areas in which construction of utility-scale wind and solar power generation facilities are prohibited, per Senate Bill 52.","Clinton County, Ohio, Resolution 23-510 (May 15, 2023), https://acrobat.adobe.com/id/urn:aaid:sc:VA6C2:da80dc7e-a82e-401f-bc3d-0596dad36582."
5628,"Clermont County",2026,"In effect",2023,2023,Local,OH,"Clermont County",39025,"Batavia, Jackson, Monroe, Stonelick, Tate, Washington, and Williamsburg Townships",Wind|Solar,"Rule 1: Ban / Moratorium (wind) | Rule 1: Ban / Moratorium (solar)
In June 2023, the Clermont County Commissioners unanimously voted to prohibit large solar and wind projects in seven townships (Batavia, Jackson, Monroe, Stonelick, Tate, Washington, and Williamsburg). Two other townships (Goshen and Ohio) likewise voted to ban large wind and solar projects but did so too late to be addressed at that meeting. After a two-hour long hearing, the three county commissioners stated “that their opinions on the potential economic benefit of solar didn’t matter because they would vote the way their residents wanted them to: in favor of the ban.”","Paula Christian, Clermont County bans large solar and wind farms in seven townships: ‘We like out county the way it is’, WCPO-TV, June 21, 2023, https://www.wcpo.com/news/local-news/i-team/clermont-bans-large-solar-and-wind-farms-in-seven-townships-we-like-our-county-the-way-it-is."
5629,"Butler County",2026,"In effect",2022,2022,Local,OH,"Butler County",39017,,Wind|Solar,"Rule 1: Ban / Moratorium (wind) | Rule 1: Ban / Moratorium (solar)
On June 23, 2022, the Butler County Board of Commissioners passed a resolution pursuant to S.B. 52 declaring all unincorporated areas of 12 townships as off-limits to wind projects of at least 5 MW and solar projects of at least 50 MW.","Butler County, Ohio, Board of Commissioners Meeting Minutes at 3 (June 23, 2022), http://butlercountyoh.iqm2.com/Citizens/FileOpen.aspx?Type=15&ID=1747&Inline=True; see also Zuckerman, supra."
5630,"Brown County",2026,"In effect",2022,2022,Local,OH,"Brown County",39015,,Wind|Solar,"Rule 1: Ban / Moratorium (wind) | Rule 1: Ban / Moratorium (solar)
In August 2022, the Brown County Board of Commissioners approved a resolution under S.B. 52 establishing all unincorporated areas of the county as a restricted area in which the construction of large solar facilities and large or economically-significant wind farms are prohibited.","Adam Clay, County puts Wind Energy Moratorium in place, Hiawatha World, July 6, 2022, https://www.hiawathaworldonline.com/news/county-puts-wind-energy-moratorium-in-place/article_69d7a846-fd43-11ec-b23a-8747f6a54733.html."
5631,"Auglaize County",2026,"In effect",2022,2022,Local,OH,"Auglaize County",39011,,Wind|Solar,"Rule 1: Ban / Moratorium (wind) | Rule 1: Ban / Moratorium (solar)
On April 26, 2022, the Auglaize County Commission unanimously passed a resolution pursuant to S.B. 52 designating all unincorporated territories of the county as a restricted area for wind farms of at least 5 MW (i.e., “economically significantly wind farms”) and solar projects of at least 50 MW.","Auglaize County, Ohio, Resolution No. 22-208 (Apr. 26, 2022), https://www.documentcloud.org/documents/22160213-auglaize-co-resolution-22-208-with-map-re-wind-exclusion-zones; see also Jake Zuckerman, Ten Ohio counties ban wind, solar projects under new state law, Ohio Capital Journal, Aug. 23, 2022, https://ohiocapitaljournal.com/2022/08/23/nine-ohio-counties-ban-wind-solar-projects-under-new-state-law/."
5632,"Allen County",2026,"In effect",2022,2022,Local,OH,"Allen County",39003,,Wind|Solar,"Rule 1: Ban / Moratorium (wind) | Rule 1: Ban / Moratorium (solar)
On April 4, 2022, the Allen County Commission unanimously passed a resolution pursuant to S.B. 52 “declaring portions of the unincorporated areas of Allen County, Ohio to be restricted areas prohibiting construction of economically significant wind farms, large wind farms and large solar facilities.”","Allen County, Ohio, Board of Commissioners Meeting Minutes at 3 (Apr. 4, 2022), https://commissioners.allencountyohio.com/wp-content/uploads/2022/04/M040422-Special.pdf; Jake Zuckerman, Ten Ohio counties ban wind, solar projects under new state law, Ohio Capital Journal, Aug. 23, 2022, https://ohiocapitaljournal.com/2022/08/23/nine-ohio-counties-ban-wind-solar-projects-under-new-state-law/"
5633,"Adams County",2026,"In effect",2024,2024,Local,OH,"Adams County",39001,,Solar,"Rule 1: Ban / Moratorium (solar) 
In March 2024, the Adams County Commission passed a resolution creating a restricted area for large solar farms pursuant to S.B. 52. The commissioners cited concerns about competing interests with farmland.","Commissioners pass resolution restricting large solar farms, People's Defender, Mar. 1, 2024, https://www.peoplesdefender.com/2024/03/01/commissioners-pass-resolution-restricting-large-solar-farms/."
5634,"Towner County",2026,"In effect",2005,2005,Local,ND,"Towner County",38095,,Wind,"Rule 2: Capacity Cap (wind) | Rule 9: Height Restriction (wind)","Towner County, N.D., Zoning Ordinance Section 12 (2005), https://www.deq.nd.gov/WQ/2_NDPDES_Permits/1_AFO_CAFO/CountyZoning/Towner/Towner20070726.pdf"
5635,"Stark County",2026,Expired,2021,2022,Local,ND,"Stark County",38089,,Wind,"Rule 6a and 6b: Setback Restriction (wind) 
In September 2021, the Stark County Board of Commissioners voted unanimously to approve a 9-month moratorium on any wind energy development in the county. This decision came as the City of Dickinson was considering a wind farm proposed by Marathon and One Energy. In July of the same year, the Commission withdrew the moratorium pursuant to court order and directed the county planning and zoning director to draft a new, lawful moratorium.","Stark County, N.D., Development Moratorium on Wind Energy (Sep. 13, 2021); James Miller, Stark County development moratorium begins; Dickinson poised to expand zoning dominion by 2 miles, The Dickison Press, Sept. 13, 2021, https://www.thedickinsonpress.com/news/stark-county-development-moratorium-begins-dickinson-poised-to-expand-zoning-dominion-by-2-miles; James B. Miller, Jr., Stark County rescinds June moratorium on wind turbines; orders new moratorium drafted, Dickinson Press, July 8, 2021, https://www.thedickinsonpress.com/news/stark-county-rescinds-june-moratorium-on-wind-turbines-orders-new-moratorium-drafted."
5636,"Grand Forks County",2026,"In effect",2023,2023,Local,ND,"Sioux County",38085,,Wind,"Rule 6b: Setback Restriction (wind) 
On April 25, 2023, Grand Forks County adopted a 90-day moratorium on siting new wind farms. Previously, on June 14, 2022, the county amended its zoning regulations to require a setback of 0.5 miles from any wind turbine to the nearest residence.","Grand Forks County, N.D., Zoning Resolution § 72-8 (as amended Jun. 14, 2022), https://www.gfcounty.nd.gov/government/planning-zoning; Joe Banish, Grand Forks County Commission keeps wind farm moratorium in place, Grand Forks Herald, Aug. 15, 2023, https://www.grandforksherald.com/news/local/grand-forks-county-commission-keeps-wind-farm-moratorium-in-place;"
5637,"City of Grand Forks (Sioux County)",2026,"In effect",2013,2023,Local,ND,"Sioux County",38085,"City of Grand Forks",Wind,"Rule 1: Ban / Moratorium (wind) 
The City of Grand Forks prohibits wind energy systems that “generate power as a commercial enterprise.”","City of Grand Forks, N.D., City Code § 18-0306(6) (as amended 2023), https://library.municode.com/nd/grand_forks/codes/code_of_ordinances?nodeId=GRFOCO1987_CHXVIIILADECO_ART3RURE_18-0306WIENCOSYWE."
5638,"Devillo Township (Richland County)",2026,"In effect",2024,2024,Local,ND,"Richland County",38077,"Devillo Township",Wind,"Rule 6b: Setback Restriction (wind)","Devillo Township, N.D., Zoning Regulation Section 6.10 (Mar. 27, 2024), https://www.co.richland.nd.us/wp-content/uploads/Devillo_Township_Zoning_Updated_March_2024.pdf"
5639,"Mercer County",2026,Expired,2020,2020,Local,ND,"Mercer County",38057,,Wind,"Rule 1: Ban / Moratorium (wind) 
In May 2020, Mercer County adopted a 2-year moratorium on wind energy applications, blocking the planned Garrison Butte Wind Farm. In July 2020, supporters of coal argued at a public meeting that the moratorium should stay in place.","Mercer County, N.D., Commission Minutes (May 7, 2025), https://www.mercercountynd.com/image/cache/05072025ApprovedMinutes.pdf; Amy R. Sisk, Mercer County to keep wind moratorium in place, The Bismark Tribune, July 16, 2020, https://bismarcktribune.com/news/state-and-regional/mercer-county-to-keep-wind-moratorium-in-place/article_abef13a9-c70f-5b86-9d25-c40c9e10998e.html."
5640,"McLean County",2026,Expired,2020,2020,Local,ND,"McLean County",38055,,Solar|Transmission,"Rule 1: Ban / Moratorium (wind) | Rule 1: Ban / Moratorium (transmission)
In May 2020, McLean County banned the construction of new transmission lines for wind energy within 1 mile of the Missouri River and two lakes on the county’s western border. This impeded plans to connect new renewable energy projects to the power line of a coal-fired Coal Creek power plant slated for closure. In August 2020, McLean County also introduced a 2-year moratorium on solar development, purportedly to give the Coal Creek power plant an opportunity to avoid closure.","Jeffrey Tomich, How a coal plant closure created wind bans and grid limbo, E&amp;E News Reporter, July 24, 2020, https://www.eenews.net/articles/how-a-coal-plant-closure-created-wind-bans-and-grid-limbo; Mike McFeely, McFeely: ’Betting on Einstein,’ North Dakota coal county bans solar, Grand Forks Herald, Aug. 17, 2020, https://www.thedickinsonpress.com/opinion/columns/mcfeely-betting-on-einstein-north-dakota-coal-county-bans-solar-power; McLean County, North Dakota, Zoning Ordinance 6.5.11 (amended &amp; updated May 24, 2022), https://www.mcleancountynd.gov/image/cache/Zoning_Ordinance_-_Revised_5-24-2022.pdf."
5641,"McKenzie County",2026,"In effect",2025,2025,Local,ND,"McKenzie County",38053,,Solar,"Rule 10a and 10b: Setback Restriction (solar)","McKenzie County, N.D., Land Development Ordinance Sec. 4-18 (Oct. 21, 2025), https://storage.googleapis.com/proudcity/mckenziecountynd/2025/10/28d5443a-mckenzie-county-land-development-ordinance_2025.pdf"
5642,"Grand Forks County",2026,"In effect",2007,2007,Local,ND,"Grand Forks County",38035,,Wind,"Rule 2: Size Cap (wind) | Rule 9: Height Restriction (wind)","Grand Forks County, N.D., Zoning Resolution Section 12-1 (as amended Feb. 7, 2007), https://deq.nd.gov/WQ/2_NDPDES_Permits/1_AFO_CAFO/CountyZoning/Grand%20Forks/GrandForks20070725.pdf"
5643,"Golden Valley County",2026,"In effect",2012,2012,Local,ND,"Golden Valley County",38033,,Wind,"Rule 6b: Setback Restriction (wind)","Golden Valley County, N.D., Zoning Ordinance Section 4.11 (Mar. 6, 2012), https://www.goldenvalleycounty.org/zoning/GVCzoning.pdf"
5644,"Dunn County",2026,"In effect",2022,2022,Local,ND,"Dunn County",38025,,Wind,"Rule 6b: Setback Restriction (wind) | Rule 7: Noise Restriction (wind)","Dunn County, N.D., Land Development Code Section IV(X) (Feb. 5, 2022), https://dunncountynd.gov/vertical/sites/%7B565AA8FB-A7E9-4453-8706-895E3925615D%7D/uploads/2022_Dunn_County_Land_Development_Code(1).pdf"
5645,"Divide County",2026,"In effect",2025,2025,Local,ND,"Divide County",38023,,Wind,"Rule 6a and 6b: Setback Restriction (wind)","Divide County, N.D., Zoning Ordinance Section 7.14 (as amended Mar. 25, 2025), https://cdnsm5-hosted.civiclive.com/UserFiles/Servers/Server_11725438/File/March%202025%20zoning%20ordinance1.pdf"
5646,"Bowman County",2026,"In effect",2024,2024,Local,ND,"Bowman County",38011,,Wind|Solar,"Rule 6b: Setback Restriction (wind) | Rule 10b: Setback Restriction (solar)","Bowman County, N.D., Planning and Zoning Ordinance Sections 6.11 and 6.17 (Oct. 10, 2024), https://bowmannd.com/wp-content/uploads/2024/12/2024-ZONING-ORDINACE.pdf"
5647,"Barnes County",2026,"In effect",2024,2024,Local,ND,"Barnes County",38003,,Wind,"Rule 6b: Setback Restriction (wind)","Barnes County, N.D., Development Code Section 6.16 (2024), https://www.barnescounty.us/wp-content/uploads/2025/02/2024DevelopmentCode.pdf"
5648,"Sampson County",2026,"In effect",2025,2025,Local,NC,"Sampson County",37163,,Wind,"Rule 9: Height Restriction (wind)","Sampson County, N.C., Zoning Ordinance Chapter 15 (Feb. 21, 2025), https://www.sampsoncountync.gov/files/sharedassets/public/v/1/documents/planningzoning/zoning-ordinance-current-2-2025.pdf"
5649,"Rowan County",2026,Expired,2019,2020,Local,NC,"Rowan County",37159,,Solar,"Rule 1: Ban / Moratorium (solar) 
In October 2019, Rowan County instituted a moratorium on large solar farms, set to expire in April 2020. It was extended twice. At the time of the most recent extension on October 5, 2020, it was set to expire on April 6, 2021.","Ben Stansell, Planning board talks through new rules for solar farms, Salisbury Post, Oct. 27, 2020, https://www.salisburypost.com/2020/10/27/planning-board-talks-through-new-rules-for-solar-farms."
5650,"Perquimans County",2026,"In effect",2013,2013,Local,NC,"Perquimans County",37143,,Solar,"Rule 1: Ban / Moratorium (solar)","Perquimans County, N.C., Zoning Ordinance Section 1107 (May 6, 2013), https://wiseenergy.org/Energy/Timbermill/Perquimans_Zoning_Ordinance.pdf"
5651,"Pasquotank County",2026,"In effect",2017,2021,Local,NC,"Pasquotank County",37139,,Solar,"Rule 1: Ban / Moratorium (solar) | Rule 2: Size Cap (solar)","Pasquotank County, N.C., Zoning Ordinance Section 9.03-26 (as amended Jun. 21, 2021), https://static1.squarespace.com/static/5b0584b6aa49a1a281fb3205/t/611bd2e019a9047a8492ddd1/1629213410065/Zoning%20Ordinance%20adopted%20June%2021%202021.pdf"
5652,"Pamlico County",2026,"In effect",2013,2013,Local,NC,"Pamlico County",37137,,Wind,"Rule 6a: Setback Restriction (wind)","Pamlico County, N.C., Wind Energy Ordinance (Jul. 21, 2025), https://cms2.revize.com/revize/pamlicocounty/Documents/County%20Government/Ordinance/ORDINANCE%20-%20WIND%20FARMS.pdf?t=202509221637580"
5653,"Onslow County",2026,"In effect",2024,2024,Local,NC,"Onslow County",37133,,Wind|Solar,"Rule 1: Ban / Moratorium (wind) | Rule 1: Ban / Moratorium (solar)","Onslow County, N.C., Zoning Ordinance Section 9.13(K) and (N) (Jul. 15, 2024), https://www.onslowcountync.gov/DocumentCenter/View/23667/Article-9---Additional-Required-Standards"
5654,"Town of Woodland (Northampton County)",2026,Expired,2015,2015,Local,NC,"Northampton County",37131,"Town of Woodland",Solar,"Rule 1: Ban / Moratorium (solar) 
In 2015, the Woodland Town Council approved a moratorium on all future solar projects in the midst of opposition to a project proposed by Strata Solar.","Max Blau, How a North Carolina village came to believe that solar farms were “killing the town”, The Guardian, Dec. 21, 2015, https://www.theguardian.com/us-news/2015/dec/21/north-carolina-woodland-solar-farms."
5655,"Johnston County",2026,"In effect",2011,2015,Local,NC,"Johnston County",37101,,Wind,"Rule 1: Ban / Moratorium (wind) | Rule 9: Height Restriction (wind)","Johnston County, N.C., Code of Ordinances Sec. 14-123 (as amended Sep. 1, 2015), https://codelibrary.amlegal.com/codes/johnstoncounty/latest/johnstoncounty_nc/0-0-0-2401"
5656,"Iredell County",2026,"In effect",2022,2022,Local,NC,"Iredell County",37097,,Wind,"Rule 7: Noise Restriction (wind) | Rule 9: Height Restriction (wind) 
Iredell County restricts wind turbines to 350 feet in height and limits noise to 30 dBA at the property line.","Iredell County, N.C., Code of Ordinances § 3-R63 (as amended Mar. 7, 2022), https://library.municode.com/nc/iredell_county/codes/code_of_ordinances?nodeId=APXALADECO_CH3PERE_R63WIENST."
5657,"Hertford County",2026,Expired,2020,2020,Local,NC,"Hertford County",37091,,Solar,"Rule 1: Ban / Moratorium (solar) 
Hertford County Commissioners unanimously approved a temporary solar moratorium in October 2020. The moratorium was enacted in response to local opposition to the proposal for development of a nearby solar farm.","Cal Bryant, Moratorium slows start-up of Hertford Co. solar farms, Roanoke Chowan News-Herald, Oct. 6, 2020, https://www.roanoke-chowannewsherald.com/2020/10/06/moratorium-slows-start-up-of-hertford-co-solar-farms."
5658,"Hertford County",2026,"In effect",2024,2024,Local,NC,"Hertford County",37091,,Wind|Solar,"Rule 1: Ban / Moratorium (wind) | Rule 1: Ban / Moratorium (solar)","Hertford County, N.C., Unified Development Ordinance (Mar. 18, 2024),
https://cms9files.revize.com/hertfordcounty/Revised%20UDO%2012012025.pdf?t=202601050752240&t=202601050752240"
5659,"Henderson County",2026,"In effect",2024,2024,Local,NC,"Henderson County",37089,,Solar,"Rule 1: Ban / Moratorium (solar)","Henderson County, N.C., Zoning Distriction Regulations 42-61. Table of Permitted and Special Uses (2024), https://www.hendersoncountync.gov/code-document/article-ii-zoning-district-regulations"
5660,"Harnett County",2026,"In effect",2011,2012,Local,NC,"Harnett County",37085,,Wind,"Rule 9: Height Restriction (wind)","Harnett County, N.C., Code of Ordinances § 153.108(F) (as amended Jun. 18, 2012), https://codelibrary.amlegal.com/codes/harnettcounty/latest/harnettcounty_nc/0-0-0-6487#JD_153.108"
5661,"Granville County",2026,"In effect",1999,2021,Local,NC,"Granville County",37077,,Wind,"Rule 9: Height Restriction (wind)","Granville County, N.C., Land Development Code Sec. 32-162 (as amended Apr. 19, 2021), https://library.municode.com/nc/granville_county/codes/code_of_ordinances"
5662,"Gates County",2026,"In effect",2021,2022,Local,NC,"Gates County",37073,,Wind,"Rule 6a: Setback Restriction (wind) | Rule 9: Height Restriction (wind)","Gates County, N.C., Code of Ordinances 204.B.18 (as amended Mar. 16, 2022), https://gatescountync.gov/vertical/Sites/%7BC4993D33-7F3A-4388-B179-2EC1739C7E2E%7D/uploads/2021_Gates_County_Ordinances_amended_3.16.2022(1).pdf"
5663,"Dare County",2026,"In effect",2011,2021,Local,NC,"Dare County",37055,,Wind|Solar,"Rule 2: Density Cap (wind) | Rule 2: Density Cap (solar) | Rule 7: Noise Restriction (wind)","Dare County, N.C., Code of Ordinances Section 22-29.4 (as amended Aug. 7, 2017), https://codelibrary.amlegal.com/codes/darecounty/latest/dareco_nc/0-0-0-34853"
5664,"Currituck County",2026,"In effect",2022,2022,Local,NC,"Currituck County",37053,,Wind|Solar,"Rule 1: Ban / Moratorium (wind) | Rule 1: Ban / Moratorium (solar)
The county’s March 2022 Unified Development Ordinance does not allow “solar arrays” or “large” wind energy facilities in any zoning district.","Dee Langston, Currituck Ends Ban on New Solar Farms, Outer Banks Voice, Jan. 31, 2019, https://coastalreview.org/2019/01/currituck-ends-ban-on-new-solar-farms/Currituck County, N.C., Unified Development Ordinance, Table 4.1.1.A at PDF page 187 (March 2022), https://currituckcountync.gov/wp-content/uploads/udo-22mar22.pdf."
5665,"Craven County",2026,"In effect",2021,2021,Local,NC,"Craven County",37049,,Wind,"Rule 6a: Setback Restriction (wind) | Rule 7: Noise Restriction (wind) | Rule 8: Shadow Flicker Restriction (wind) 
A county wind ordinance last modified in July 2021 requires that wind turbines be set back 1 mile from property lines and provides that shadow flicker on non-participating properties is not permitted. The ordinance further limits sound to 35 dBa at the property line.","Craven County, N.C., Code of Ordinances §§ 41-268, 41-269 (as amended Jul. 6, 2021), https://library.municode.com/nc/craven_county/codes/code_of_ordinances?nodeId=CD_ORD_CH41DERE_ARTIVTASTOR_S41-269WIENFARE."
5666,"Cleveland County",2026,"In effect",2016,2019,Local,NC,"Cleveland County",37045,,Solar|Storage,"Rule 1: Ban / Moratorium (solar) | Rule 1: Ban / Moratorium (storage)","Cleveland County, N.C., Code of Ordinances Sec. 12-160 (as amended Apr. 12, 2019), https://nationalland.com/listing-document/126553/65962c299ff6c.pdf"
5667,"Carteret County",2026,"In effect",2014,2014,Local,NC,"Carteret County",37031,,Wind,"Rule 6a: Setback Restriction (wind) | Rule 7: Noise Restriction (wind) | Rule 9: Height Restriction (wind) 
According to an ordinance last updated in 2014, Carteret County requires that utility-scale wind turbines of at least 1 MW be set back 1 mile from property lines and roads and limited to 275 feet in height. The ordinance also imposes penalties if noise exceeds 35 dBa for more than 5 minutes at the property line.","Carteret County, N.C., Code of Ordinances Appx. F § 3.2 (as amended Feb. 10, 2014), https://library.municode.com/nc/carteret_county/codes/code_of_ordinances?nodeId=COOR_APXFTAST_ART3WIENFA_S3-2PEAPIN."
5668,"Caldwell County",2026,"In effect",2016,2016,Local,NC,"Caldwell County",37027,,Solar,"Rule 2: Size Cap (solar)","Caldwell County, N.C., Zoning Ordinance Section 70C (May 16, 2016), https://caldwellcountync.org/DocumentCenter/View/496/Zoning-Ordinance-PDF"
5669,"Brunswick County",2026,"In effect",2021,2021,Local,NC,"Brunswick County",37019,,Wind,"Rule 1: Ban / Moratorium (wind) 
In August 2021, the Brunswick County Board of Commissioners approved a resolution opposing wind farms within 24 nautical miles of the coast. The towns of Ocean Beach Isle and Sunset Beach and the Village of Bald Head Island, all within Brunswick County, passed similar resolutions.   The resolutions are nonbinding.","Preston Lennon, Prospect of visible ocean wind farms unites Brunswick towns in opposition, Port City Daily, Aug. 3, 2021, https://portcitydaily.com/local-news/2021/08/03/prospect-of-viewable-wind-farms-unites-brunswick-towns-in-opposition; Village of Bald Head Island, Council Meeting Agenda Item: Request to Adopt Resolution in Opposition to Issuance of Wind Energy Leases within 24 Nautical Miles of North Carolina’s Shores, May 21, 2021."
5670,"Ashe County",2026,"In effect",2023,2023,Local,NC,"Ashe County",37009,,Wind,"Rule 9: Height Restriction (wind) 
Ashe County limits the height of large wind turbines to 199 feet.","Ashe County, N.C., Code of Ordinances § 163.21 (Jul. 17, 2023), https://codelibrary.amlegal.com/codes/ashecounty/latest/ashecounty_nc/0-0-0-3857."
5671,"Alexander County",2026,"In effect",2024,2024,Local,NC,"Alexander County",37003,,Solar,"Rule 1: Ban / Moratorium (solar)","Alexander County, N.C., Land Development Code §154-59 (2024), https://alexandercountync.gov/pdf/land-development-code.pdf"
5672,"Town of Benton (Yates County)",2026,"In effect",2007,2009,Local,NY,"Yates County",36123,Benton,Wind,"Rule 1: Ban / Moratorium (wind) | Rule 9: Height Restriction (wind)","Town of Benton, N.Y., Zoning Law § 110-15.1 (as amended Dec. 9, 2009), https://townofbenton.us/wp-content/uploads/2021/05/Zoning-Codes.pdf"
5673,"Town of Jerusalem (Yates County)",2026,"In effect",2017,2017,Local,NY,"Yates County",36123,Jerusalem,Solar,"Rule 1: Ban / Moratorium (solar)","Town of Jerusalem, N.Y., Code Article XXV (Feb. 15, 2017), https://ecode360.com/32290354"
5674,"Village of Mount Kisco (Westchester County)",2026,"In effect",2024,2025,Local,NY,"Westchester County",36119,"Village of Mount Kisco",Storage,"Rule 1: Ban / Moratorium (storage) 
In April 2024, the Village of Mount Kisco adopted a 6-month moratorium on battery storage system (BESS) applications. The moratorium was prompted by a battery storage application that reached the Mount Kisco Zoning Board of Appeals. The moratorium was extended and subsequently, in August 2025, the Village unanimously voted to permanently ban large-scale BESS development.","Martin Wilbur, Village votes to prohibit Battery Energy Storage Systems, The Recorded, Aug. 15, 2025, https://www.therecorder.org/post/village-votes-to-prohibit-bess; Abby Luby, Mount Kisco Enacts Moratorium on Battery Energy Storage Systems, Examiner News, Aug. 11, 2024, https://www.theexaminernews.com/mount-kisco-enacts-moratorium-on-battery-energy-storage-systems/."
5675,"City of Kingston (Ulster County)",2026,"In effect",2016,2016,Local,NY,"Ulster County",36111,Kingston,Solar,"Rule 2: Size Cap (solar)","City of Kingston, N.Y., Code Article XV (Nov. 16, 2016), https://ecode360.com/32428686"
5676,"Town of Plattekill (Ulster County)",2026,"In effect",2017,2017,Local,NY,"Ulster County",36111,Plattekill,Solar,"Rule 2: Size Cap (solar)","Town of Plattekill, N.Y., Code Article VIII (Jul. 19, 2017), https://ecode360.com/32766079"
5677,"Town of Hurley (Ulster County)",2026,"In effect",2018,2018,Local,NY,"Ulster County",36111,Hurley,Solar,"Rule 1: Ban / Moratorium (solar) | Rule 2: Size Cap (solar)","Town of Hurley, N.Y., Code § 210-71 (Oct. 22, 2018), https://ecode360.com/7703242"
5678,"Town of Denning (Ulster County)",2026,"In effect",2023,2023,Local,NY,"Ulster County",36111,Denning,Wind,"Rule 1: Ban / Moratorium (wind)","Town of Denning, N.Y., Zoning Law § 480 (2023), https://www.denningny.gov/wp-content/uploads/2023/05/TOD-ZONING-LAW-2019.pdf"
5679,"Town of Newfield (Tompkins County)",2026,"In effect",2016,2016,Local,NY,"Tompkins County",36109,"Town of Newfield",Wind,"Rule 6a: Setback Restriction (wind) 
In April 2016, the Newfield Town Board approved a 90-day moratorium on new wind energy projects. In June 2016, Newfield adopted a new wind energy law that increased the setback from adjacent property lines to 1,760 feet or 3 times the blade radius, whichever is greater, unless all neighboring landowners within 1,760 feet consent to an agreement with the developer.","Jaime Cone, Newfield to Vote on Wind Moratorium, Ithaca, Apr. 11, 2016, https://www.ithaca.com/news/newfield-to-vote-on-wind-moratorium/article_9cdd63d4-fc32-11e5-9311-b703393fe306.html; Jaime Cone, It’s Official: Newfield Passes Wind Farm Law, Ithica, June 25, 2016 (updated February 17, 2017), https://www.ithaca.com/news/newfield/its-official-newfield-passes-wind-farm-law/article_5b5d4c00-4ea1-11e6-9a08-e3950fa04c01.html."
5680,"Town of Dryden (Tompkins County)",2026,"In effect",2016,2017,Local,NY,"Tompkins County",36109,"Town of Dryden",Solar,"Rule 1: Ban / Moratorium (solar) 
In July 2016, the Town of Dryden implemented a 6-month moratorium on certain types of public utility installations, including solar facilities. In February 2017, the town adopted Local Law 3 to amend its Renewable Energy Law to regulate solar energy systems. The law provides that large-scale solar are only allowed in the Conservation, Rural Agriculture, Rural Residential, Mixed-Use Commercial, and Light Industrial Zoning Districts.","Town of Dryden, N.Y., Local Law No. 3 of 2017 (Feb. 16, 2017), https://itswebny.widen.net/content/dmbi0mh6ja/pdf/090213438015e295.pdf?u=ocgj46&x.share=t; Matter of Willow Glen Cemetery Ass’n v. Dryden Town Bd., 2017 NY Slip Op 32676(U), EF2017-0208 (Dec. 22, 2017), https://law.justia.com/cases/new-york/other-courts/2017/2017-ny-slip-op-32676-u.html."
5681,"Town of Groton (Tompkins County)",2026,"In effect",2017,2018,Local,NY,"Tompkins County",36109,"Town of Groton",Wind|Solar,"Rule 2: Size Cap (wind) | Rule 2: Size Cap (solar)
In July 2017, the Town of Groton adopted a 6-month moratorium on commercial energy facilities. Although the moratorium applied to all commercial energy facilities, the catalyst appeared to be solar developers’ increasing interest in the area. In 2018, the town amended its Land Use & Development Code to regulate commercial energy facilities. The code provides that large-scale solar development shall not exeed 75% of the lot on which it is sited.","Town of Groton, N.Y., Land Use & Development Code (as amended 2018), https://lfweb.tompkins-co.org/WebLink/DocView.aspx?id=29739&dbid=6&repo=Groton; Isabella Grullon Paz, Groton Town Passes Solar Moratorium, Ithaca.com, July 23, 2017, https://www.ithaca.com/news/groton/groton-town-passes-solar-moratorium/article_36589990-6ca1-11e7-b7f8-3fe2ce4acbd6.html."
5682,"Town of Enfield (Tompkins County)",2026,"In effect",2017,2019,Local,NY,"Tompkins County",36109,"Town of Enfield",Wind|Solar,"Rule 6a and 6b: Setback Restriction (wind) 
The Town of Enfield imposed a moratorium on commercial wind and solar projects in 2017. In August 2019, the town rescinded the solar moratorium and extended the wind moratorium until November 2019. In December of 2019, the town ennacted the Wind Energy Facilities Local Law, effectively ending the wind moratorium. The wind law requires that large wind generator turbines (WTG) shall be set back 2,640 feet from any residences or property lines.","Town of Enfield, N.Y., Local Law 4 of 2019 (Dec. 11, 2019), https://itswebny.widen.net/content/xcfzizx6ri/pdf/09021343802a4c62.pdf?u=ocgj46&x.share=t; Town of Enfield, N.Y., Local Law 1 of 2019, https://townofenfield.org/wp-content/uploads/2019/09/2019-1-Amendment-and-Extension-of-Wind-Power-Moratorium-Approved-August-14.pdf."
5683,"Town of Enfield (Tompkins County)",2026,"In effect",2023,2023,Local,NY,"Tompkins County",36109,"Town of Enfield",Solar,"Rule 1: Ban / Moratorium (solar) | Rule 2: Size Cap (solar) 
In January 2023, the Town of Enfield adopted a Solar Energy Law Addendum to regulate solar energy development. The solar law provides that large-scale solar energy systems are not allowed on prime farmland and where allowed, shall not exceed 60% of the lot on which they are sited.","Town of Enfield, N.Y., Local Law 1 of 2023 (Jan. 11, 2023), https://itswebny.widen.net/content/6w2kaixkgg/pdf/0902134380320ddc.pdf?u=ocgj46&x.share=t."
5684,"Town of Nichols (Tioga County)",2026,"In effect",2025,2025,Local,NY,"Tioga County",36107,Nichols,Solar,"Rule 2: Capacity Cap (solar) 
Local Law No. 5 of 2025 provides that the total cumulative installed capacity of commercial solar energy systems within the Town of Nichols shall be limited to 16 MW.","Town of Nichols, N.Y., Code Article X (Dec. 16, 2025), https://ecode360.com/37349126"
5685,"Town of Callicoon (Sullivan County)",2026,"In effect",2017,2017,Local,NY,"Sullivan County",36105,Callicoon,Wind,"Rule 1: Ban / Moratorium (wind) 
The Town of Callicoon Code, ennacted in 2022, provides that utility-scale wind energy generating systems, defined as those with a rated nameplate capacity of 20 MW and larger, are prohibited in all zoning districts.","Town of Callicoon, N.Y., Code Article VIII (Sep. 11, 2017), https://townofcallicoon.org/wp-content/uploads/2022/08/CodeofCallicoon2022.pdf"
5686,"Town of Cochecton (Sullivan County)",2026,"In effect",2017,2017,Local,NY,"Sullivan County",36105,Cochecton,Solar,"Rule 1: Ban / Moratorium (solar)","Town of Cochecton, N.Y., Code § 240-25 (May 12, 2017), https://ecode360.com/26992708"
5687,"Town of Mamakating (Sullivan County)",2026,"In effect",2016,2018,Local,NY,"Sullivan County",36105,Mamakating,Solar,"Rule 2: Size Cap (solar) 
Local Law No. 3 of 2018 provides that the total area to be occupied by solar energy systems shall not exceed twenty (20) acres.","Town of Mamakating, N.Y., Local Law No. 3 of 2018 (Apr. 3, 2018),  https://itswebny.widen.net/content/kg7twbdr56/pdf/09021343801e8989.pdf?u=ocgj46&x.share=t."
5688,"Town of Fremont (Sullivan County)",2026,"In effect",2016,2016,Local,NY,"Sullivan County",36105,Fremont,Wind,"Rule 7: Noise Restriction (wind) | Rule 8: Shadow Flicker Restriction (wind)","Town of Fremont, N.Y., Zoning Law Section 100.30 (Jun. 8, 2016), https://www.fremontny.org/Section%20100%20Town%20Zoning%20Law%20(2016).pdf"
5689,"Town of Riverhead (Suffolk County)",2026,Expired,2021,2024,Local,NY,"Suffolk County",36103,"Town of Riverhead",Solar|Storage,"Rule 1: Ban / Moratorium (solar) | Rule 1: Ban / Moratorium (storage) 
In 2021, the Town of Riverhead adopted a 12-month moratorium on commercial solar development. In 2023, the town adopted a new code to regulate battery enery storage systems (BESS). In 2024, the town had considered a 3-month BESS moratorium that was rescided in early 2024 given the adoption of the state's BESS safety regulations.","Alek Lewis, Battery energy storage moratorium is no longer necessary, Hubbard says, Riverhead LOCAL, Jan. 5, 2024,  https://riverheadlocal.com/2024/01/05/battery-energy-storage-moratorium-is-no-longer-necessary-hubbard-says/; Denise Civiletti, Residents, angered by proposed zoning code changes, again press Town Board for moratorium, Riverhead Local, Dec. 7, 2022, https://riverheadlocal.com/2022/12/07/residents-angered-by-proposed-zoning-code-changes-again-press-town-board-for-moratorium/; Denise Civiletti, Riverhead Adopts Moratorium on New Commercial Solar Applications, Riverhead Local, Oct. 20, 2021, https://riverheadlocal.com/2021/10/20/riverhead-adopts-moratorium-on-new-commercial-solar-applications."
5690,"Oyster Bay Hamlet (Suffolk County)",2026,"In effect",2024,2025,Local,NY,"Suffolk County",36103,"Oyster Bay",Storage,"Rule 1: Ban / Moratorium (storage) 
The Town of Oyster Bay adopted a battery moratorium in April 2024 that was extended by 6 months in October 2024. The moratorium was extended for two additional periods of 6 months, most recently in September 2025. The moratorium is to be in effect through 2026.","Luke Fenney, Town of Oyster Bay extends BESS moratorium for fourth time, Massapequa Post, Sept. 18, 2025, https://www.massapequapost.com/articles/town-of-oyster-bay-extends-bess-moratorium-for-fourth-time/; Will Sheeline, Town extends battery storage moratorium, LI HERALD, Oct. 18, 2024, https://www.liherald.com/oysterbay/stories/town-extends-battery-storage-moratorium,210768."
5691,"Town of Southold (Suffolk County)",2026,"In effect",2024,2025,Local,NY,"Suffolk County",36103,"Town of Southold",Storage,"Rule 1: Ban / Moratorium (storage) 
Southold’s battery storage moratorium was extended by 12 months in March 2024. In March 2025, the town extended the moratorium for an additional 12 months, through 2026.","Town of Southold, N.Y., Local Law 2025 (Mar. 6, 2025), https://www.suffolkcountyny.gov/Portals/0/formsdocs/planning/scplanningcommission/2025/Z-4_Staff_Report_SD-25-02_Southold_BESS_Moratorium_Extension.pdf; Seraina Caviezel, BESS Debate: Southampton Extends Battery Energy Storage Moratorium, Dan’s Papers, Aug. 1, 2024, https://www.danspapers.com/2024/08/southampton-battery-energy-storage/."
5692,"Town of Southampton (Suffolk County)",2026,"In effect",2023,2025,Local,NY,"Suffolk County",36103,"Town of Southampton",Storage,"Rule 1: Ban / Moratorium (storage) 
In February 2023, the Town of Southampton implemented a moratorium on battery energy storage system (BESS) facilities after a lithium-ion a BESS facility fire that year in East Hampton. In July 2024, the Town of Southampton extended the moratorium by 6 months. In June 2025, the town adopted new legislation to regulate BESS facilities, effectively ending the moratorium. The new law only allows BESS development in the ligth industrial zones.","Town Adopts New BESS Code, Town of Southampton, Jun. 12, 2025, https://southamptontownny.gov/CivicAlerts.aspx?AID=1779&ARC=3356; Seraina Caviezel, BESS Debate: Southampton Extends Battery Energy Storage Moratorium, Dan’s Papers, Aug. 1, 2024, https://www.danspapers.com/2024/08/southampton-battery-energy-storage/."
5693,"Town of Caton (Steuben County)",2026,"In effect",2006,2006,Local,NY,"Steuben County",36101,Caton,Wind,"Rule 9: Height Restriction (wind)","Town of Caton, N.Y., Zoning Law Section 11.18 (Apr. 10, 2006), https://www.stcplanning.org/wp-content/uploads/2020/08/Caton_Zoning_10_01_13.pdf"
5694,"Town of Corning (Steuben County)",2026,"In effect",2013,2013,Local,NY,"Steuben County",36101,Corning,Wind,"Rule 9: Height Restriction (wind)","Town of Corning, N.Y., Zoning Ordinance Section 11.19 (Jul. 9, 2013), https://www.stcplanning.org/wp-content/uploads/2020/08/13_7_9_T.-Corning-Revised-Zoning-OrdinanceFINAL.pdf"
5695,"Town of Bath (Steuben County)",2026,"In effect",2020,2020,Local,NY,"Steuben County",36101,Bath,Solar,"Rule 2: Size Cap (solar)","Town of Bath, N.Y., Code Chapter 101 (Sep. 14, 2020), https://ecode360.com/36597338"
5696,"Town of Campbell (Steuben County)",2026,Expired,2022,2022,Local,NY,"Steuben County",36101,Campbell,Wind|Solar,"Rule 1: Ban / Moratorium (wind) | Rule 1: Ban / Moratorium (solar)","Town of Campbell, N.Y., Local Law No. 1 of 2022 (Sep. 12, 2022), https://itswebny.widen.net/content/xeiskdghca/pdf/09021343803164d8.pdf?u=ocgj46&x.share=t"
5697,"Town of Fremont (Steuben County)",2026,"In effect",2023,2023,Local,NY,"Steuben County",36101,Fremont,Wind,"Rule 1: Ban / Moratorium (wind) | Rule 8: Shadow Flicker Restriction (wind)","Town of Fremont, N.Y., Local Law No. 2 of 2018 (Sep. 20, 2018), https://www.townoffremontny.com/wp-content/uploads/2023/06/Local-Law-2-of-2018-Rescinding-Local-Law-1-of-2008-2017-Wind-Facilitites.pdf"
5698,"Town of Dix (Schuyler County)",2026,"In effect",2015,2015,Local,NY,"Schuyler County",36097,"Town of Dix",Wind,"Rule 6a: Setback Restriction (wind)","Town of Dix, N.Y., Local Law No. 1 of 2015 (May 28, 2015), https://itswebny.widen.net/content/37gu2iudog/pdf/09021343800e4efc.pdf?u=ocgj46&x.share=t"
5699,"Town of Catharine (Schuyler County)",2026,"In effect",2023,2023,Local,NY,"Schuyler County",36097,Catharine,Wind,"Rule 9: Height Restriction (wind)","Town of Catharine, N.Y., Zoning Law Article III Section 2(A) (2023), https://townofcatharine.com/wp-content/uploads/2023/05/Draft-2-of-Town-of-Catharine-Zoning-Law.pdf"
5700,"Town of Middleburgh (Schoharie County)",2026,"In effect",2022,2022,Local,NY,"Schoharie County",36095,"Town of Middleburgh",Wind|Solar,"Rule 1: Ban / Moratorium (wind) | Rule 1: Ban / Moratorium (solar)
In May 2022, the Middleburgh Town Board approved changes to its zoning ordinance that now prohibits industrial scale solar and wind energy developments. The action prevented further planning regarding two proposed 640-foot-tall wind turbines.","Town of Middleburgh, N.Y., Zoning Law (as amended May 12, 2022), https://www4.schohariecounty-ny.gov/PdfFiles/TMID/DraftZoning/zoningLawAmend2022.pdf; Mike Rothbart, Middleburgh blocks plan for wind turbines, THE DAILY STAR, May 28, 2022, https://sports.yahoo.com/middleburgh-blocks-plan-wind-turbines-135200957.html."
5701,"Town of Duanesburg (Schenectady County)",2026,"In effect",2020,2023,Local,NY,"Schenectady County",36093,"Town of Duanesburg",Solar,"Rule 1: Ban / Moratorium (solar) 
In January 2020, the Town of Duanesburg adopted a 6-month moratorium on large-scale commercial solar energy development in order to consider changes to a 2016 solar law amid opposition to a proposed Eden Renewables project. In March 2023, the town adopted Local Law No. 1 to regulate solar energy systems which in effect replaced the 2016 solar law. The new law provides that utility-scale solar energy systems shall only be pemitted in the R-2, C-l, and C-2 Zoning Districts.","Town of Duanesburg, N.Y., Local Law No. 1 of 2023 (Mar. 9, 2023), https://itswebny.widen.net/content/woawhyt54x/pdf/09021343803229a1.pdf?u=ocgj46&x.share=t; Stephen Williams, Duanesburg adopts solar moratorium, The Daily Gazette, Jan. 10, 2020, https://dailygazette.com/2020/01/10/duaneburg-adopts-solar-moratium."
5702,"Town of Glenville (Schenectady County)",2026,"In effect",2022,2024,Local,NY,"Schenectady County",36093,"Town of Glenville",Solar,"Rule 1: Ban / Moratorium (solar) 
On April 20, 2022, the Glenville Town Board enacted a 2-year moratorium on new applications for solar projects in the town’s agricultural residential district. In April 2024, the town adopted amendments to the Town Code to regulate large-scale solar energy systems and conform with the standards in solar energy farm overlay districts, effectively ending the moratorium. The law provides the large-scale solar projects are only allowed in the Solar Energy Overlay District.","Town of Glenville, N.Y., Local Law No. 5 of 2024 (Apr. 17, 2024), https://itswebny.widen.net/content/ptbbk8jgpf/pdf/0902134380346b36.pdf?u=ocgj46&x.share=t; Shenandoah Briere, Glenville approves two-year solar moratorium for its agricultural residential district, The Daily Gazette, Apr. 21, 2022, https://dailygazette.com/2022/04/21/glenville-approves-solar-moratorium."
5703,"Town of Duanesburg (Schenectady County)",2026,"In effect",2025,2025,Local,NY,"Schenectady County",36093,"Town of Duanesburg",Storage,"Rule 1: Ban / Moratorium (storage) 
In January 2025, the Town of Duanesburg adopted Local Law No. 1 to update the permitted public utility uses and to prohibit utility-scale battery energy storage systems (BESS) whether associated with solar or wind projects.","Town of Duanesburg, N.Y., Local Law No. 1 of 2025 (Jan. 24, 2025), https://itswebny.widen.net/content/nbefasbjtk/pdf/09021343803656bb.pdf?u=ocgj46&x.share=t."
5704,"Town of Rotterdam (Schenectady County)",2026,"In effect",2023,2025,Local,NY,"Schenectady County",36093,"Town of Rotterdam",Wind|Storage,"Rule 1: Ban / Moratorium (storage) 
In September 2023, the Town of Rotterdam adopted 6-month moratoria on battery energy storage facilities and wind projects. In April 2024, the town extended its battery energy storage and wind project moratoria by 6 months. In October 2025, the town once again extended the moratorium on battery energy storage for an additional 6 months.","Town of Rotterdam, N.Y., Local Law 8 of 2025 (Oct. 10, 2025), https://itswebny.widen.net/content/x7hhzslz7f/pdf/09021343803a02f2.pdf?u=ocgj46&x.share=t; 
Town of Rotterdam, N.Y., Local Law 6 of 2024 (Apr. 16, 2024), https://ecode360.com/RO0175/laws/LF2026665.pdf; Town of Rotterdam, N.Y., Local Law 5 of 2024 (Apr. 16, 2024), https://ecode360.com/RO0175/laws/LF2026663.pdf; Town of Rotterdam, N.Y., Local Law 1 of 2024 (Jan. 16, 2024), https://ecode360.com/RO0175/laws/LF2026664.pdf; Chad Arnold, Rotterdam lawmakers extend solar moratorium, Daily Gazette, Jan. 11, 2024, https://www.dailygazette.com/news/govt_politics/rotterdam-solar-moratorium/article_1d1968f6-b0b5-11ee-aa73-638cd4df4132.html; Chad Arnold, Rotterdam approves moratoriums on wind, battery storage systems, DAILY GAZETTE, Sept. 18, 2023 (updated Dec. 11, 2023), https://www.dailygazette.com/news/rotterdam-approves-moratoriums-on-wind-battery-storage-systems/article_4bf78d3d-fb83-57fb-862e-3d8ebc5dc01d.html."
5705,"Town of Clifton Park (Saratoga County)",2026,"In effect",2021,2021,Local,NY,"Saratoga County",36091,"Town of Clifton Park",Solar,"Rule 1: Ban / Moratorium (solar) 
In January 2021, the Clifton Park Town Board approved a 6-month moratorium on ground-mounted solar facilities with a capacity of 25 kW or more. The moratorium was supported by Friends of Clifton Park Open Space. In October 2021, the town adopted Local Law No. 6 to regulate solar energy systems, effectively ending the moratorium. The law allows Tier 3 solar enery systems (greater than 25 kW) only in certain zoning districts.","Town of Griffith, N.Y., Local Law No. 6 of 2021 (Oct. 18, 2021), https://itswebny.widen.net/content/tyxysqiruu/pdf/09021343803092a4.pdf?u=ocgj46&x.share=t; Glenn Griffith, Town approves moratorium on solar projects, Community News, Jan. 15, 2021, https://www.saratogian.com/2021/01/15/town-approves-moratorium-on-solar-projects."
5706,"Town of Ballston (Saratoga County)",2026,"In effect",2021,2021,Local,NY,"Saratoga County",36091,"Town of Ballston",Solar,"Rule 1: Ban / Moratorium (solar) | Rule 2: Size Cap (solar) 
Local Law 3, enacted in 2021, limits community solar projects across the town to a cumulative total of 150 acres, not including any projects already in existence at the time of adoption. The law further specifies that commercial solar projects over 25 kW are only allowed in industrial and commercial zones and must be roof-mounted.","Town of Ballston, N.Y., Local Law 3 of 2021 §§ 138-115.4(C)-(D) (2021), https://www.townofballstonny.org/DocumentCenter/View/610/Local-Law-3-of-2021---Solar-PDF"
5707,"Town of Clifton Park (Saratoga County)",2026,"In effect",2025,2025,Local,NY,"Saratoga County",36091,"Town of Clifton Park",Storage,"Rule 1: Ban / Moratorium (storage) 
In April 2025, the Clifton Park Town Board ennacted a 180-day moratorium on new battery energy storage facilities. In July 2025, the town extended the moratorium for an additional 180 days.","Town of Griffith, N.Y., Local Law No. 5 of 2025 (Jul. 21, 2025),  https://itswebny.widen.net/content/xtc08wwdyg/pdf/CLIFTON-PARK20255.pdf?u=ocgj46&x.share=t; Town of Griffith, New York, Local Law No. 3 of 2025 (Apr. 7, 2025), https://itswebny.widen.net/content/xbfun5p44c/pdf/0902134380372013.pdf?u=ocgj46&x.share=t."
5708,"Town of Hopkinton (St. Lawrence County)",2026,"In effect",2018,2018,Local,NY,"St. Lawrence County",36089,"Town of Hopkinton",Wind,"Rule 6a and 6b: Setback Restriction (wind) | Rule 7: Noise Restriction (wind) 
In April 2018, the Town of Hopkinton passed a Wind Energy Facilities law that establishes setback requirements of 5 times max blade tip height from non-participating property lines, public roads, dwellings, and historical sites; sets a maximum 40 dBA limit for wind turbines; and sets a maximum height of 500 feet at the tip of the highest blade.","Town of Hopkinton, N.Y., Wind Energy Facilities Law (Apr. 26, 2018), https://www.stlawco.gov/sites/default/files/Planning/Local%20Regulations/Hopkinton%20Wind%20Law%20-%202018.pdf; Tom Graser, Hopkinton approves wind law in new vote, Watertown Daily Times, Apr. 27, 2018, https://www.nny360.com/news/hopkinton-approves-wind-law-in-new-vote/article_8e868ccb-97ac-5483-98da-c35fe794cbab.html."
5709,"Town of Hoosick (Rensselaer County)",2026,"In effect",2024,2024,Local,NY,"Rensselaer County",36083,"Town of Hoosick",Wind|Solar,"Rule 1: Ban / Moratorium (wind) | Rule 1: Ban / Moratorium (solar) 
In March 2024, the Town of Hoosick passed a 1-year moratorium on the permitting and siting of commercial solar farms with capacity greater than 5 MW. In May 2024, the town adopted a 1-year moratorium on the permitting and siting of wind energy conversion systems. The solar and wind moratoriums allowed the possibility of two 180-day extensions. In December 2024, the town adopted an amendment to its Energy Systems Law to regulate wind and solar development, effectively ending the moratorium. The law provides that Tier 4 Solar Energy Systems (greater than 5 MW) are only allowed in the Light Industrial/Commercial district.","Town of Hoosick, N.Y., Local Law 7 of 2024 (Dec. 9, 2024), https://itswebny.widen.net/content/lxaipenjas/pdf/090213438036b39d.pdf?u=ocgj46&x.share=t; Briana Supardi, Hoosick locals call for halt on large-scale solar farm plans, CBS6 Albany, Jan. 4, 2024 (updated Jan. 5, 2024), https://cbs6albany.com/news/local/hoosick-locals-call-for-halt-on-large-scale-solar-farm-plans-town-board-zoning-hawthorn-panels-moratorium; Town of Hoosick, New York, Board Meeting Minutes (March 11, 2024), https://townofhoosick.org/pdf2024/TB-Minutes-11mar.pdf; Town of Hoosick, New York, Local Law 1 of 2024, https://townofhoosick.org/pdf2024/CLEAN%20Solar%20Moratorium%202024.pdf; Town of Hoosick, New York, Board Meeting Minutes (May 13, 2024), https://www.townofhoosick.org/pdf2024/TB-Minutes-13may.pdf; Town of Hoosick, New York, Local Law 4 of 2024, https://www.townofhoosick.org/pdf2024/Windmill%20Moratorium.pdf."
5710,"Town of Richland (Oswego County)",2026,"In effect",2018,2018,Local,NY,"Oswego County",36075,"Town of Richland",Wind,"Rule 6b: Setback Restriction (wind) | Rule 7: Noise Restriction (wind) 
In November 2018, the Richland Town Board adopted an ordinance that requires wind turbines of 100 kW or greater to be set back 1 mile from residential property. The ordinance further requires that noise from the turbines not exceed 35 dbA for more than 5 minutes at a time.","Brandon Wood, Richland passes strict wind energy power ordinance, Oswego County News Now, Dec. 11, 2018, https://www.oswegocountynewsnow.com/news/richland-passes-strict-wind-energy-power-ordinance/article_bd8e9a4a-fcb5-11e8-bb56-73504f4d4a71.html."
5711,"Town of Yates (Orleans County)",2026,"In effect",2016,2016,Local,NY,"Orleans County",36073,"Town of Yates",Wind,"Rule 6a: Setback Restriction (wind) 
In May 2016, the Yates Town Board unanimously approved a 6-month moratorium on wind energy projects. In February 2018, the Yates Town Board amended its wind energy facilities law to establish the following setback requirements: 3 miles from Lake Ontario; 1800 feet and 4.5 times total height from the boundary line of permitted wind development districts; 1800 feet and 4.5 total height from the Waterfront Revitalization Area Boundary; 2 times total height from non-residential structures; and the greater of 0.5 miles or 6 times total height from non-participant property lines, public roads, and highway rights-of-way, among other setback requirements.","Mallory Diefenbach, Yates approves Moratorium, The Daily News, May 14, 2016, https://www.thedailynewsonline.com/news/yates-approves-moratorium/article_9be0103b-2cd0-506d-aaaf-288dde2fe4e9.html; Town of Yates, New York, Zoning Regulations (last revised February 22, 2018), https://townofyates.org/Yates-Zoning-Book-Revised-2-22-18.pdf; Tom Rivers, Yates approves revised wind ordinance with farther setbacks for turbines, ban by lakeshore, ORLEANS HUB, Feb. 9, 2018, https://orleanshub.com/yates-approves-revised-wind-ordinance-with-farther-setbacks-for-turbines-ban-by-lakeshore/."
5712,"Town of Seneca (Ontario County)",2026,"In effect",2014,2018,Local,NY,"Ontario County",36069,"Town of Seneca",Solar,"Rule 2: Capacity Cap (solar) 
Local Law No. 6 of 2014 limits the cumulative capacity of major solar energy systems across the town to 16 MW.","Seneca, N.Y., Code § 92 (as amended May 3, 2018), https://www.townofseneca.com/uploads/1/8/4/9/18490564/zoning_with_2018_changes.pdf."
5713,"Town of Goshen (Ontario County)",2026,Expired,2022,2022,Local,NY,"Ontario County",36069,"Town of Goshen",Solar,"Rule 1: Ban / Moratorium (solar) 
In August 2022, the town of Goshen enacted a 6-month moratorium on the permitting of solar farms.","Town of Goshen, N.Y., Local Law No. 2 of 2022 (2022), https://townofgoshenny.gov/a-local-law-amending-adopting-a-moratorium-on-certain-solar-energy-uses/"
5714,"Town of Pompey (Onondaga County)",2026,"In effect",2015,2015,Local,NY,"Onondaga County",36067,Pompey,Solar,"Rule 1: Ban / Moratorium (solar) | Rule 3: Use Restriction (solar)","Town of Pompey, N.Y., Local Law No. 1 of 2015 (2015), https://cms2.revize.com/revize/schohariecountyny/Documents/Departments/Community%20Development/Planning%20And%20Zoning/Solar/Sample%20Solar%20Ordinances/TownofPompeySolarLocalLaw.pdf"
5715,"Town of DeWitt (Onondaga County)",2026,"In effect",2011,2015,Local,NY,"Onondaga County",36067,DeWitt,Wind|Solar,"Rule 1: Ban / Moratorium (wind) | Rule 1: Ban / Moratorium (solar) | Rule 3: Use Restriction (solar)","Town of DeWitt, N.Y., Code Chapter 80 (as amended Feb. 6, 2015), https://ecode360.com/15357972"
5716,"Town of Skaneateles (Onondaga County)",2026,"In effect",2020,2020,Local,NY,"Onondaga County",36067,Skaneateles,Wind,"Rule 1: Ban / Moratorium (wind) | Rule 2: Size Cap (wind) | Rule 7: Noise Restriction (wind) | Rule 9: Height Restriction (wind)","Town of Skaneateles, N.Y., Zoning Law § 148-5-7 (Dec. 3, 2020), https://www.townofskaneateles.gov/assets/Uploads/TOS-Chapter-148-Zoning4.01.08.2024-.pdf"
5717,"Town of Cicero (Onondaga County)",2026,"In effect",2021,2021,Local,NY,"Onondaga County",36067,Cicero,Solar,"Rule 1: Ban / Moratorium (solar)","Town of Cicero, N.Y., Code Chapter 208 (Sep. 22, 2021), https://ecode360.com/37935014"
5718,"Village of Camden (Oneida County)",2026,"In effect",2022,2022,Local,NY,"Oneida County",36065,Camden,Solar,"Rule 2: Size Cap (solar) | Rule 10a: Setback Restriction (solar)","Village of Camden, N.Y., Code Article VIII (Sep. 12, 2022), https://ecode360.com/43790402"
5719,"Town of Somerset (Niagara County)",2026,"In effect",2018,2018,Local,NY,"Niagara County",36063,"Town of Somerset",Wind,"Rule 1: Ban / Moratorium (wind) | Rule 3: Use Restriction (wind) | Rule 6b: Setback Restriction (wind) | Rule 9: Height Restriction (wind) 
In January 2018, the Somerset town board unanimously passed a law that effectively banned industrial wind turbines in the town. The zoning amendments banned structures over 150 feet in height, prohibited wind turbines outside the town’s small industrial zones, prohibited wind turbines that sell electricity off-site, and required turbines to be set back as far as 1 mile from buildings. The restrictions appeared to be aimed at stopping the proposed Lighthouse Wind project.","Thomas J. Prohaska, Somerset passes tougher anti-wind turbine laws, The Buffalo News, Jan. 30, 2018, https://buffalonews.com/news/local/somerset-passes-tougher-anti-wind-turbine-laws/article_1c019429-0320-58ff-a426-f262b1994a2c.html."
5720,"Town of Porter (Niagara County)",2026,Expired,2020,2020,Local,NY,"Niagara County",36063,"Town of Porter",Solar,"Rule 1: Ban / Moratorium (solar) 
In January 2020, the Town of Porter approved a 6-month moratorium on solar energy systems capable of generating between 0.25 MW and 24.9 MW.","Staff, Porter Approves Moratorium on Solar Energy, Lewiston-Porter Sentinel, Jan. 23, 2020, https://www.wnypapers.com/news/article/featured/2020/01/23/139845/porter-approves-moratorium-on-solar-energy."
5721,"Town of Niagara (Niagara County)",2026,Expired,2023,2023,Local,NY,"Niagara County",36063,"Town of Niagara",Wind|Solar,"Rule 1: Ban / Moratorium (wind) | Rule 1: Ban / Moratorium (solar)
In June 2023, the Niagara Town Board passed a 6-month moratorium on any new solar and wind facilities to “protect the health, safety, and welfare of the residents of the Town of Niagara.”","Town of Niagara, N.Y., Local Law No. 2-2023 (Jun. 21, 2023), https://www.townofniagara.com/wp-content/uploads/June-2023-Minutes.pdf; Robert Creenan, Town of Niagara approves solar, wind moratorium, Niagara Gazette, July 5, 2023, https://www.niagara-gazette.com/news/local_news/town-of-niagara-approves-solar-wind-moratorium/article_f54b3196-1100-11ee-a825-6f7aedc72422.html."
5722,"Town of Hartland (Niagara County)",2026,"In effect",2023,2023,Local,NY,"Niagara County",36063,"Town of Hartland",Solar,"Rule 2: Size Cap (solar) | Rule 10b: Setback Restriction (solar) 
The Town of Hartland has a local ordinance that prohibits any solar project covering more than 50 acres. In June 2023, the Hartland Town Board approved new laws establishing minimum setbacks of: 500 feet from any dwelling on a non-participating property; 100 feet from any dwelling on a participating property; and 100 feet from any public road.","Benjamin Joe, Hartland solar law to be negotiated with developer, Lockport Union-Sun & Journal, July 28, 2022, https://www.lockportjournal.com/news/local_news/hartland-solar-law-to-be-negotiated-with-developer/article_24516328-0ecf-11ed-befe-572c109fec13.html; Town of Hartland, N.Y., Code § 144-17(G)(2) (Mar. 15, 2017), https://ecode360.com/32364903; Thomas Tedesco, Hartland town board approves new solar laws, Lockport Journal, June 15, 2023, https://www.lockportjournal.com/news/local_news/hartland-town-board-approves-new-solar-laws/article_99b84112-0beb-11ee-b72e-733bb636ea28.html."
5723,"Town of Lockport (Niagara County)",2026,"In effect",2021,2023,Local,NY,"Niagara County",36063,"Town of Lockport",Solar|Storage,"Rule 1: Ban / Moratorium (solar) | Rule 1: Ban / Moratorium (storage) 
In 2021, the Town of Lockport exacted a moratorium on new solar projects, which was extended by another by 6 months in February 2022. The moratorium arose out of public outcry from residents pertaining to a 45-acre solar project that was eventually approved. In August 2023, the town adopted Local Law 4 to regulate solar energy systems, effectively ending the moratorium. The law provides that utility-scale solar energy systems are only allowed in the Agricultural District (AG) or Agricultural Residential (AR) Use Districts and electrical storage systems are not permitted in any district.","Town of Lockport, N.Y., Local Law No. 4 of 2023 (Aug. 2, 2023), https://itswebny.widen.net/content/11oznwhpki/pdf/090213438032c7f3.pdf?u=ocgj46&x.share=t; Benjamin Joe, Solar Projects on Hold Another Six Months in Town of Lockport, Lockport Journal, Feb. 1, 2022, https://www.lockportjournal.com/news/local_news/solar-projects-on-hold-another-six-months-in-town-of-lockport/article_0e41e83e-249c-58cf-aafa-e7b266597140.html."
5724,"Town of Root (Montgomery County)",2026,Expired,2022,2022,Local,NY,"Montgomery County",36057,"Town of Root",Solar,"Rule 1: Ban / Moratorium (solar) 
In February 2022, the town of Root passed a 6-month moratorium on solar development. The moratorium was enacted as SunEast Development was in the early stages of planning a 200-MW solar facility.","Andrew Waite, Towns of Root, Canajoharie Issue Solar Moratoriums, Daily Gazette, Feb. 11, 2022, https://www.dailygazette.com/the_recorder/news/montgomery_county/towns-of-root-canajoharie-issue-solar-moratoriums/article_36e227d7-2118-5f03-9221-50a9627f71ef.html; Sean Brynda, Rejected solar project would have meant big money for towns, school, WWNYTV, Aug. 15, 2022, https://www.wwnytv.com/2022/08/15/rejected-solar-project-would-have-meant-big-money-towns-school/."
5725,"Town of Glen (Montgomery County)",2026,Expired,2021,2022,Local,NY,"Montgomery County",36057,"Town of Glen",Solar,"Rule 1: Ban / Moratorium (solar) 
In August 2021, the Glen Town Board enacted a moratorium on industrial-scale solar project development. The Board’s action was in response to ConnectGen developing a proposal for a solar project. In August 2022, the Glen Town Board renewed the moratorium on utility-scale solar for another 6 months.","Ashley Onyon, Glen to renew six-month solar moratorium, The Daily Gazette, Jan, 28, 2022, https://dailygazette.com/2022/01/28/glen-to-renew-six-month-solar-moratorium/; Ashley Onyon, Glen Solar Law Update Delayed by Procedural Steps, Solar Moratorium Extended 6 Months, RECORDER, Aug. 9, 2022 (updated Mar. 4, 2024), https://www.dailygazette.com/the_recorder/news/glen-solar-law-update-delayed-by-procedural-steps-solar-moratorium-extended-6-months/article_dfd98bba-2c19-5378-81b5-d92abc72185d.html."
5726,"Town of Florida (Montgomery County)",2026,"In effect",2023,2023,Local,NY,"Montgomery County",36057,"Town of Florida",Storage,"Rule 1: Ban / Moratorium (storage) 
In November 2023, the Florida Town Board amended its regulations to prohibit installing battery energy storage systems for utility-scale solar projects.","Ashley Onyon, Florida Town Board adopts solar law update; turbine rules still being discussed, Recorder, Nov. 27, 2023 (updated Nov. 28, 2023), https://www.dailygazette.com/the_recorder/news/montgomery_county/town-florida-solar/article_2ca8f9fc-8b0e-11ee-9915-bfb347f1117d.html; see also Town of Florida, New York, Draft Local Law No. __ of the Year 2023, https://www.townofflorida.com/index.php/document-center/forms/256-draft-amendment-to-solar-ordinance/file (last viisted Feb. 2, 2024)."
5727,"Town of Canajoharie (Montgomery County)",2026,"In effect",2022,2023,Local,NY,"Montgomery County",36057,"Town of Canajoharie",Solar,"Rule 1: Ban / Moratorium (solar) 
In February 2022, the town of Canajoharie passed a 9-month moratorium on solar development. The moratorium was enacted as SunEast Development was in the early stages of planning a 200-MW solar facility. In September 2023, the town adopted Local Law 2 to regulate solar enery systems, effectively ending the moratorium. The law provides that Tier 3 Solar Energy Systems (occupying up to 30 acres) are only allowed in the Agricultral / Rural Residential Districts.","Town of Canajoharie, N.Y., Local Law 2 of 2023 (Sep. 14, 2023), https://itswebny.widen.net/content/9xctwttzqx/pdf/090213438033feb1.pdf?u=ocgj46&x.share=t; Andrew Waite, Towns of Root, Canajoharie Issue Solar Moratoriums, DAILY GAZETTE, Feb. 11, 2022, https://www.dailygazette.com/the_recorder/news/montgomery_county/towns-of-root-canajoharie-issue-solar-moratoriums/article_36e227d7-2118-5f03-9221-50a9627f71ef.html."
5728,"Town of West Turin (Lewis County)",2026,"In effect",2025,2025,Local,NY,"Lewis County",36049,"West Turin",Wind|Solar,"Rule 1: Ban / Moratorium (wind) | Rule 1: Ban / Moratorium (solar)","Town of West Turin, N.Y., Zoning Law Article 5 and Section 430 (Oct. 13, 2025), https://lewiscountyny.gov/wp-content/uploads/2025/10/T-West-Turin-Zoning-25.pdf"
5729,"Town of Denmark (Lewis County)",2026,"In effect",2019,2019,Local,NY,"Lewis County",36049,Denmark,Wind,"Rule 1: Ban / Moratorium (wind)","Town of Denmark, N.Y., Zoning Law Section 1025 (Dec. 17, 2019), https://lewiscountyny.gov/wp-content/uploads/2022/10/Town-of-Denmark-Zoning-Law-December-2019.pdf"
5730,"Village of Lowville (Lewis County)",2026,"In effect",2009,2013,Local,NY,"Lewis County",36049,Lowville,Wind|Solar,"Rule 1: Ban / Moratorium (wind) | Rule 2: Size Cap (solar)","Village of Lowville, N.Y., Alternate Energy Production (as amended Jul. 18, 2013), https://lewiscountyny.gov/wp-content/uploads/2022/10/Town-of-Lowville-Alternative-Energy-Law.pdf"
5731,"Town of Harrisburg (Lewis County)",2026,"In effect",2022,2022,Local,NY,"Lewis County",36049,Harrisburg,Wind,"Rule 1: Ban / Moratorium (wind)","Town of Harrisburg, N.Y., Zoning Law Section 665 (2022), https://lewiscountyny.gov/wp-content/uploads/2022/10/Town-of-Harrisburg-Zoning-Law.pdf"
5732,"Town of Osceola (Lewis County)",2026,"In effect",2024,2024,Local,NY,"Lewis County",36049,Osceola,Wind|Solar,"Rule 2: Size Cap (wind, solar) | Rule 6a: Setback Restriction (wind) | Rule 7: Noise Restriction (wind)","Town of Osceala, N.Y., Local Law No. 3 of 2023 (Dec. 13, 2023), https://lewiscountyny.gov/wp-content/uploads/2024/02/2023-Town-of-Osceola-Zoning-Law.pdf"
5733,"Town of Greig (Lewis County)",2026,"In effect",2025,2025,Local,NY,"Lewis County",36049,Greig,Solar,"Rule 1: Ban / Moratorium (solar) | Rule 2: Size Cap (solar) 
In December 2024, the Town of Greig amended its zoning law to update the regulation of solar development. The law provides that large-scale solar energy systems are only permitted in the Solar Energy Systems Overlay District and shall not collectively occupy more than a total of Five Hundred (500) acres in the town.","Town of Greig, N.Y., Zoning Law Section 697 (Dec. 2024), https://lewiscountyny.gov/wp-content/uploads/2025/09/Town-of-Greig-Zoning-Law-Sep-2025-Final.pdf"
5734,"Town of Clayton (Jefferson County)",2026,"In effect",2016,2016,Local,NY,"Jefferson County",36045,"Town of Clayton",Wind,"Rule 1: Ban / Moratorium (wind) | Rule 6a: Setback Restriction (wind) | Rule 9: Height Restriction (wind) 
In April 2016, the Clayton Town Board established a 6-month moratorium on wind energy development pending review of the town’s Wind Law and related materials. A lawsuit by Atlantic Wind, LLC led to an October 2016 settlement agreement in which the town agreed not to renew the moratorium. The town also has a zoning ordinance that sets a property line setback of 5.5 times the wind turbine max blade tip height, along with setting a maximum blade tip height for turbines of 250 feet.","Town of Clayton, N.Y., Resolution No. 47 of 2016 (Apr. 27, 2016), https://townofclaytonny.gov/download/resolution-47-2016-adopt-local-law-2-2016/; Town of Clayton, New York, Clayton Code § 235-11, https://ecode360.com/31888376; Settlement allows Clayton wind power project to move forward, National Wind Watch, October 15, 2016, https://www.wind-watch.org/news/2016/10/15/settlement-allows-clayton-wind-power-project-to-move-forward/."
5735,"Town of Lyme (Jefferson County)",2026,"In effect",2024,2024,Local,NY,"Jefferson County",36045,"Town of Lyme",Solar|Storage,"Rule 1: Ban / Moratorium (solar) | Rule 1: Ban / Moratorium (storage) 
In December 2024, the Town of Lyme adopted a 12-month moratorium on all solar energy systems and/or battery energy storage systems.","Mark Mason, Jr., Solar projects get pushback in 2 Jefferson Co. communities, 7 NEWS, Jun. 5, 2025, https://www.wwnytv.com/2025/06/05/solar-projects-get-pushback-2-jefferson-co-communities/; Town of Lyme, New York, Local Law #__ of 2024, (Dec. 19, 2024), https://townoflyme.com/wp-content/uploads/2024/12/solar-moratoruim.pdf"
5736,"Town of Long Lake (Hamilton County)",2026,Expired,2023,2024,Local,NY,"Hamilton County",36041,"Town of Long Lake",Storage,"Rule 1: Ban / Moratorium (storage) 
In August 2023, the Town of Long Lake passed a moratorium on processing permits for battery energy storage systems (BESS) for one year with an option to extend. In May 2024, the town ennacted Local Law No. 1 to regulate BESS development, effectively ending the moratorium.","Town of Long Lake, N.Y., Local Law No. 1 of 2024 (May 29, 2024), https://itswebny.widen.net/content/r4soljn5sf/pdf/090213438034900d.pdf?u=ocgj46&x.share=t; Chloe Bennett, Town of Long Lake votes to pause battery energy storage project, Adriondack Explorer, Aug. 31, 2023, https://www.adirondackexplorer.org/stories/long-lake-pauses-microgrid; Town of Long Lake, New York, Proposed Local Law No. 3-2023."
5737,"Town of Coxsackie (Greene County)",2026,"In effect",2019,2019,Local,NY,"Greene County",36039,"Town of Coxsackie",Solar,"Rule 1: Ban / Moratorium (solar) 
In 2019 the Town of Coxsackie enacted an ordinance that restricted utility-scale solar development to the town’s commercial and industrial zones. A lawsuit challenging the ordinance was dismissed. The restrictions would have effectively blocked the Flint Mine Solar project, but the state exercised its override authority, allowing the project to move forward.","See Friends of Flint Mine Solar v. Town Board of Coxsackie, No. 19-0216 (N.Y. Sup. Ct. Sept. 13, 2019)."
5738,"City of Johnstown (Fulton County)",2026,"In effect",2024,2024,Local,NY,"Fulton County",36035,,Solar,"Rule 1: Ban / Moratorium (solar) 
In June 2024, Johnstown city councilors prohibited commercial solar arrays. This ban affects 5 square miles of land in Fulton County.","Tyler A. McNeil, Johnstown bans solar farms, Leader-Herald, June 19, 2024 (updated July 1, 2024), https://www.dailygazette.com/leader_herald/news/johnstown-solar-farms/article_4452bac4-2d76-11ef-a478-a30b790f9629.html."
5739,"Town of Johnstown (Fulton County)",2026,"In effect",2024,2025,Local,NY,"Fulton County",36035,"Town of Johnstown",Solar|Storage,"Rule 1: Ban / Moratorium (solar) | Rule 1: Ban / Moratorium (storage) 
In February 2024, the Town of Johnstown imposed a 6-month moratorium on solar and battery storage systems. The moratorium was renewed in September 2024. In February 2025, the town extended the moratorium for an additional 6 months. In October 2025, the town adopted Local Law 3 to regulate solar energy facilities, effectively ending the moratorium on solar development. The law provides that Tier 4 Solar Energy Systems (up to 25 MW) are only allowed in the AUZ, RA, and M-1 Zones and that Tier 5 Solar Energy Systems (greater than 25 MW) are prohibited in the town. As to battery energy storage systems, the town extended the moratorium for an additional 6 months, through 2026.","Town of Johnston, N.Y., Local Law No. 3 of 2025 (Oct. 8, 2025), https://itswebny.widen.net/content/mpljewf1z8/pdf/090213438039ee05.pdf?u=ocgj46&x.share=t; Town of Johnston, N.Y., Local Law No. 5 of 2025 (Oct. 8, 2025), https://itswebny.widen.net/content/zwddxha1p0/pdf/090213438039ee03.pdf?u=ocgj46&x.share=t; Town of Johnston, N.Y., Local Law No. 2 of 2025 (Feb. 25, 2025),https://itswebny.widen.net/content/ircbayypkm/pdf/090213438036a274.pdf?u=ocgj46&x.share=t; Jim Novotny Sr., Opinion: Johnstown Should Be Open for Business, DAILY GAZETTE, Sept. 21, 2024; Town of Johnston, N.Y., Local Law Establishing a Moratorium on Solar Farms and Battery Energy Storage Systems, Feb. 26, 2024, https://cms7files1.revize.com/townofjohnstownny/20240305165912.pdf."
5740,"Town of Wilmington (Essex County)",2026,"In effect",2013,2013,Local,NY,"Essex County",36031,Wilmington,Wind,"Rule 1: Ban / Moratorium (wind) | Rule 2: Size Cap (wind)","Wilmington, N.Y., Zoning Ordinance Article VI (May 2013), https://www.townofwilmington.org/wp-content/uploads/2021/08/Zoning-Code.pdf"
5741,"Town of Clinton (Dutchess County)",2026,"In effect",2015,2019,Local,NY,"Dutchess County",36027,"Town of Clinton",Wind,"Rule 3: Use Restriction (wind) 
The Town of Clinton, since 2019 or earlier, prohibits utility-scale wind projects by requiring that “[t]he primary purpose of any wind energy system facility shall be to provide power for the principal use of the lot on which the facility is located and not for the generation of power for commercial purposes.”","Town of Clinton, N.Y., Code § 250-49.1(B) (as amended Jul. 9, 2019), https://ecode360.com/32874039."
5742,"Town of Preble (Cortland County)",2026,"In effect",2025,2025,Local,NY,"Cortland County",36023,Preble,Wind,"Rule 1: Ban / Moratorium (wind)
In February 2025, the Town of Preble ennacted Local Law 2 implementing a town-wide moratorium on the installation of wind energy conversion systems for 270 days from its effective date, February 10, 2025.","Town of Preble, N.Y., Local Law 2 of 2025 (Feb. 10, 2025), https://www.preble-ny.org/index.php?option=com_edocman&view=document&layout=viewpdf&id=584&documenturl=4715a4b1b24ec832f00f9c3a73ccfd3d.pdf&Itemid=274"
5743,"Town of Ashland (Chemung County)",2026,"In effect",2006,2006,Local,NY,"Chemung County",36015,Ashland,Wind,"Rule 1: Ban / Moratorium (wind)","Town of Ashland, N.Y., Zoning Law Section 4.5 Use Regulation Table (Apr. 27, 2006), https://cms5.revize.com/revize/chemungcounty/Town%20of%20Ashland%20Zoning%20Ordinance.pdf"
5744,"Town of Big Flats (Chemung County)",2026,"In effect",2003,2009,Local,NY,"Chemung County",36015,"Big Flats",Wind,"Rule 9: Height Restriction (wind)","Town of Big Flats, N.Y., Zoning Section 17.36.150 (as amended 2009), https://chemungcountyny.gov/DocumentCenter/View/368/Town-of-Big-Flats-PDF"
5745,"Town of Catlin (Chemung County)",2026,"In effect",2015,2015,Local,NY,"Chemung County",36015,Catlin,Wind,"Rule 1: Ban / Moratorium (wind) | Rule 7: Noise Restriction (wind) | Rule 9: Height Restriction (wind)","Town of Catlin, N.Y., Local Law No. 1 of 2015 (Jul. 9, 2015), https://itswebny.widen.net/content/fm7g9vbkl3/pdf/09021343800ee296.pdf?u=ocgj46&x.share=t"
5746,"Town of Southport (Chemung County)",2026,"In effect",2016,2016,Local,NY,"Chemung County",36015,Southport,Wind,"Rule 9: Height Restriction (wind)","Town of Southport, N.Y., Zoning § 525-106 (2016), https://www.chemungcountyny.gov/DocumentCenter/View/362/Town-of-Southport-PDF"
5747,"Town of Chemung (Chemung County)",2026,Expired,2023,2023,Local,NY,"Chemung County",36015,Chemung,Wind|Solar,"Rule 1: Ban / Moratorium (wind) | Rule 1: Ban / Moratorium (solar)
In 2023, the Town of Chemung enacted a temporary 6-month moratorium on the development of Large Scale Solar and Commercial Wind Energy Systems. In February 2024, the moratorium was extended by an additional 4 months.","Town of Chemung, N.Y., Local Law #2 and #4 of 2023 (2023), https://www.chemungcountyny.gov/DocumentCenter/View/13473"
5748,"Chautauqua County",2026,"In effect",2019,2019,Local,NY,"Chautauqua County",36013,,Wind,"Rule 1: Ban / Moratorium (wind) 
In July 2019, the Chautauqua County legislature approved a motion formally opposing the construction of wind farms along the shore of or in Lake Erie. In December of the same year, the Chautauqua County Board of Health sent a letter to all Chautauqua County municipal offices urging them to pass ordinances that restrict industrial wind turbines to a minimum of 1.5 miles from any property line and 35 or fewer dBa in noise.","Memo re Wind Turbines and Human Health, from Chautauqua County Board of Health to Chautauqua County Municipal Offices (Dec. 9, 2019), https://documents.dps.ny.gov/public/Common/ViewDoc.aspx?DocRefId=%7BDE40B945-90AD-4487-A60C-204BA3E1C970%7D; Chautauqua County MOTION NO. ___-19 (“In Opposition to Construction of Wind Turbine Farms on Lake Erie”), https://chqgov.com/sites/default/files/document-files/2019-09/07-24-19%20Agenda.pdf; Dennis Phillips, Legislature opposes wind turbine farms on Lake Erie, National Wind Watch, July 25, 2019, https://www.wind-watch.org/news/2019/07/25/legislature-opposes-wind-turbine-farms-on-lake-erie/; Jordan Patterson, County Health Board backs 1.5-mile setback for turbines, Observer Today, Nov. 22, 2019, https://www.observertoday.com/news/local-region/2019/11/county-health-board-backs-1-5-mile-setback-for-turbines/."
5749,"Town of Portland (Chautauqua County)",2026,"In effect",2019,2020,Local,NY,"Chautauqua County",36013,"Town of Portland",Wind,"Rule 6b: Setback Restriction (wind) 
In June 2019, the Town of Portland adopted a moratorium on certain wind energy systems, which was extended until November 31, 2020. Sometime in 2020, the Town of Portland adopted Local Law 2, which required that wind turbines be set back at least 1,600 feet from nearest residences and 0.5 miles from any county park.","Town of Portland, N.Y., Local Law 1 of 2020, https://townofportland.org/files/Local-Law-No-1-of-2020.pdf; Town of Portland, N.Y., Local Law 2 of 2020, https://townofportland.org/files/Local_Law_Draft_8-20-2020.pdf."
5750,"Town of Farmersville (Cattaraugus County)",2026,"In effect",2020,2020,Local,NY,"Cattaraugus County",36009,"Town of Farmersville",Wind,"Rule 6a and 6b: Setback Restriction (wind) | Rule 9: Height Restriction (wind) 
In early 2020, the Farmersville Town Board passed a Wind Energy Facilities Law, which doubled setback minimums to 3,000 feet from residences and property lines, decreased the maximum height of turbines from 600 feet to 455 feet, and set noise limits of 45 dBa and below. These amendments became law near the same time as the 340-MW Alle-Catt Wind Farm was being proposed.","Town of Farmersville, N.Y., Wind Energy Facilities Local Law (2020), https://docs.wind-watch.org/Farmersville-law-2020.pdf; Town of Farmersville, New York, Local Law Number 4 of 2020 (2020), https://docs.wind-watch.org/Farmersville-law-2020-amend.pdf"
5751,"Cattaraugus County",2026,Expired,2022,2023,Local,NY,"Cattaraugus County",36009,,Wind|Solar,"Rule 1: Ban / Moratorium (wind) | Rule 1: Ban / Moratorium (solar)
In May 2022, the Cattaraugus County Industrial Development Agency (IDA) voted to implement a 6-month moratorium on new solar energy applications. Local opponents argued that any new solar farms would take good farmland and detract from the county’s scenic landscape. Then, in July 2022, the IDA approved a moratorium on wind farm development. In July 2023, the IDA voted to extend its moratorium on any new solar or wind projects until the end of 2023. In December 2023, the IDA once again extended the moratorium through 2024.","Rick Miller, Cattaraugus County IDA extends alternative energy moratorium, Olean Times Herald, Dec. 15, 2023, https://www.oleantimesherald.com/2023/12/15/cattaraugus-county-ida-extends-alternative-energy-moratorium/; Rick Miller, Cattaraugus County IDA extends solar, wind moratorium through end of year, Olean Times Herald, July 31, 2023, https://www.oleantimesherald.com/news/cattaraugus-county-ida-extends-solar-wind-moratorium-through-end-of-year/article_2b150d66-2ff0-11ee-a223-33064f4261ba.html; Rick Miller, Cattaraugus County IDA votes six-month solar moratorium, Olean Times Herald, May 25, 2022, https://www.oleantimesherald.com/news/cattaraugus-county-ida-votes-6-month-solar-moratorium/article_16fdc32f-d16d-562e-8852-4b3abd4b0c13.html; Kathleen Kellogg, Cattaraugus County IDA Approves Wind Farm Moratorium, Ellicottville Now, July 3, 2022, https://www.ellicottvillenow.com/articles/article-v2--j7pey-b7y5c;"
5752,"City of Olean (Cattaraugus County)",2026,"In effect",2023,2025,Local,NY,"Cattaraugus County",36009,"City of Olean",Solar,"Rule 1: Ban / Moratorium (solar) 
In May 2023, the Olean Common Council voted to approve a 1-year moratorium on all large-scale solar projects. In making this decision, the Council cited a need to draft updated solar regulations and a comprehensive plan.","Delainey Muscato, Does the City of Olean Need More Solar Farms?, TAPinto Greater Olean, Jan. 12, 2025, https://www.tapinto.net/towns/greater-olean/sections/government/articles/does-the-city-of-olean-need-more-solar-farmsBob Clark, Olean issues one-year moratorium on large-scale solar projects, Olean Times Herald, May 24, 2023, https://www.oleantimesherald.com/news/olean-issues-one-year-moratorium-on-large-scale-solar-projects/article_563d536e-a669-51ee-8199-a0528bcdfd9e.html."
5753,"Town of Sanford (Broome County)",2026,"In effect",2019,2019,Local,NY,"Broome County",36007,"Town of Sanford",Wind,"Rule 6a and 6b: Setback Restriction (wind) | Rule 7: Noise Restriction (wind) 
In August 2019, the Sanford Town Board enacted a 3-month moratorium on permitting of wind energy facilities as it considered a local law that would have more stringently regulated wind energy.","Town of Sanford, N.Y., Local Law No. 4-2019 (Dec. 10, 2019), https://itswebny.widen.net/content/k3djiwcg0s/pdf/09021343802a299a.pdf?u=ocgj46&x.share=t; Town of Sanford, New York, Resolution Adopting Local Law No. 2-2019 (August 13, 2019), https://townofsanfordny.com/wp-content/uploads/2019/09/CCE09032019_0001.pdf."
5754,"Town of Vestal (Broome County)",2026,"In effect",2025,2025,Local,NY,"Broome County",36007,,Storage,"Rule 1: Ban / Moratorium (storage) 
In December 2025, the Town of Vestal enacted a 12-month moratorium on the approval of any application related to battery energy storage systems or to battery recycling.","Town of Vestal, N.Y., Local Law No. 11 of 2025 (Dec. 3, 2025), https://itswebny.widen.net/content/hvcsgldquc/pdf/09021343803b0c89.pdf?u=ocgj46&x.share=t"
5755,"Town of Vestal (Broome County)",2026,"In effect",2021,2025,Local,NY,"Broome County",36007,,Solar,"Rule 1: Ban / Moratorium (solar) 
In September 2021, the Town of Vestal enacted a 6-month moratorium on approval of solar farms 25 kW or larger. In May 2022, the moratorium was extended by 1 year, and in May 2023, it was extended by another 6 months.  In June 2024, the Vestal Town Board unanimously voted to instate a 1-year moratorium on the approval of commercial solar farms, halting existing and future applications for solar farms. At public hearings on the moratorium, some residents expressed concerns about the potential negative impacts of solar farms, such as fire hazards and water contamination. In June 2025, the town adopted Local Law 4 to regulate Solar Energy Systems, effectively ending the moratorium. The law provides that commercial solar development is only allowed in the Commercial Development, Industrial, and Industrial Development Districts.","Town of Vestal, N.Y., Local Law No. 4 of 2025 (Jun. 25, 2025), https://itswebny.widen.net/content/auzfpwwpvi/pdf/090213438037abfc.pdf?u=ocgj46&x.share=t; Vestal Town Board, New York, Meeting Minutes (May 24, 2023), https://cms1files.revize.com/vestalny/05.24.2023%20TBM%20Minutes.pdf;Vestal Town Board, New York, Meeting Minutes (May 25, 2022), https://cms1files.revize.com/vestalny/05.25.22%20%20TBM%20MINUTES%20DRAFT%20final.pdf; Rebecca Redelmeier, Vestal passes year-long moratorium on solar development, WSKG, Jun. 13, 2024, https://wskg.org/regional-news/2024-06-13/vestal-passes-year-long-moratorium-on-solar-development; Vestal Town Board, New York, Meeting Minutes (Sept. 15, 2021), https://cms1files.revize.com/vestalny/09.15.21%20TBM%20Minutes.pdf;"
5756,"Town of Westerlo (Albany County)",2026,Expired,2019,2021,Local,NY,"Albany County",36001,"Town of Westerlo",Wind|Solar|Storage,"Rule 1: Ban / Moratorium (wind) | Rule 1: Ban / Moratorium (solar) | Rule 1: Ban / Moratorium (storage)
In August 2019, the Westerlo town board voted unanimously to enact a yearlong moratorium on commercial solar arrays, commercial wind turbines, and associated energy-storage systems after approving five solar projects in the span of two years. The moratorium was subsequently extended to November 2021. In October 2021, the town passed new ordinances that took effect once the moratorium expired.","Westerlo Passes Renewable-Energy Laws, Altamont Enterprise, Oct. 6, 2021; https://altamontenterprise.com/10062021/westerlo-passes-renewable-energy-laws; In Westerlo’s ‘perfect storm,’ solar moratorium enacted, The Altamont Enterprise, Aug. 8, 2019, https://altamontenterprise.com/08082019/westerlos-perfect-storm-solar-moratorium-enacted;"
5759,"Town of Fitzwilliam (Cheshire County)",2026,"In effect",2022,2022,Local,NH,"Cheshire County",33005,"Town of Fitzwilliam",Solar,"Rule 1: Ban / Moratorium (solar) | Rule 2: Size Cap (solar)","Town of Fitzwilliam, N.H., §148 Solar Ordinance (as amended Mar. 8, 2022), https://fitzwilliam-nh.gov/vertical/sites/%7B5152AF08-0D8E-4832-8682-9F3DC8413E4B%7D/uploads/Chapter_148_-_Solar_-_2022_approved.pdf"
5760,"Town of Westmoreland (Cheshire County)",2026,"In effect",2024,2024,Local,NH,"Cheshire County",33005,Westmoreland,Wind,"Rule 1: Ban / Moratorium (wind)","Town of Westmoreland, N.H., Zoning Ordinance Section 433 (2024), https://img1.wsimg.com/blobby/go/c493d398-36b9-49b7-be40-6a5c541a4796/downloads/5cb020aa-5fe8-4f06-afa5-f19d5b5ec8ed/ORDINANCE%20BOOK.pdf?ver=1729106847291"
5761,"City of Keene (Cheshire County)",2026,"In effect",2025,2025,Local,NH,"Cheshire County",33005,Keene,Solar,"Rule 2: Size Cap (solar)","City of Keene, N.H., Land Development Code Article 16 (Nov. 2025), https://keenenh.gov/wp-content/uploads/2025/04/Land-Development-Code_Amended-February-2025.pdf"
5762,"Nye County",2026,"In effect",2025,2025,Local,NV,"Nye County",32023,,Wind|Solar,"Rule 10b: Setback Restriction (solar) 
In November 2022, the Nye County Board of County Commissioners approved a temporary 6-month moratorium on processing permits for renewable energy generation facilities. [Note: In January 2025, the moratorium expired, and a new ordinance took effect which implements a setback requirement of 1 mile for solar systems from residentially zoned property.]","Nye County's solar regulations set; here's when they go into effect, Pahrump Valley Times, 2024, https://pvtimes.com/news/nye-countys-solar-regulations-set-heres-when-they-go-into-effect-138877/; NYE COUNTY, NEV., RESOLUTION NO. 2024-12 (adopted Apr. 16, 2024), https://www.nyecountynv.gov/DocumentCenter/View/46222/Item22."
5763,"Lander County",2026,"In effect",2025,2025,Local,NV,"Lander County",32015,,Wind|Solar,"Rule 1: Ban / Moratorium (wind) | Rule 1: Ban / Moratorium (solar)","Lander County, N.Y., Commissioners Meeting Minutes (Jul. 24, 2025), https://cms1files.revize.com/landercounty25/7-24-2025%20LC%20Comm%20Mtg%20MINUTES.pdf?t=202510171641570&t=202510171641570"
5764,"Wheeler County",2026,"In effect",2020,2020,Local,NE,"Wheeler County",31183,,Wind,"Rule 6b: Setback Restriction (wind) | Rule 9: Height Restriction (wind) 
On October 28, 2020, the Wheeler County Commissioners voted to prohibit “Commercial/Utility Grade Wind Energy Systems.” On November 25, 2020, the county attorney informed the commissioners that their vote to completely prohibit utility-scale wind was unconstitutional and advised them to consider other restrictions. On December 9, 2020, the commissioners voted to require a 5-mile setback from any dwelling, to cap turbine height at 299 feet, and to require a distance of 0.5 miles between turbines.","Wheeler County, Neb., Board Minutes (Oct. 28, 2020), https://wheelercounty.ne.gov/posting_files/pdfs/board/minutes/2020/20201030_165254_board_minutes.pdf; Wheeler County, Neb., Board Minutes (Nov. 25, 2020), https://wheelercounty.ne.gov/posting_files/pdfs/board/minutes/2020/20201130_165320_board_minutes.pdf; Wheeler County, Neb., Board Minutes (Dec. 9, 2020), https://wheelercounty.ne.gov/posting_files/pdfs/board/minutes/2020/20201209_113245_board_minutes.pdf."
5765,"Thomas County",2026,"In effect",2019,2019,Local,NE,"Thomas County",31171,,Wind,"Rule 6a: Setback Restriction (wind) | Rule 7: Noise Restriction (wind) 
Since October 2019 or earlier, Thomas County has required that wind turbines be set back 3 miles from property lines, roads, and wetlands, and limited noise to 35 dbA at the nearest occupied structure.","Thomas County, Neb., Zoning Regulations § 6.56 (Oct. 2019), https://thomascountyne.gov/pdfs/planning_zoning/zoning%20regulations.pdf."
5766,"Thayer County",2026,"In effect",2025,2025,Local,NE,"Thayer County",31169,,Wind,"Rule 6a: Setback Restriction (wind) | Rule 7: Noise Restriction (wind)","Thayer County, Neb., Zoning Regulations Section 10.03 (2025), https://thayercountyne.gov/wp-content/uploads/2025/06/Thayer-County-Zoning-Regulation-signed-2025-Redacted-Version-1.pdf"
5767,"Stanton County",2026,"In effect",2023,2023,Local,NE,"Stanton County",31167,,Wind,"Rule 6b: Setback Restriction (wind)","Stanton County, Neb., Zoning Regulations Section 8.08 (2023), https://stantoncounty.nebraska.gov/sites/default/files/doc/2017%20Zoning%20Regulations%20approved%20nov%202017%20-%20amended%202023.pdf"
5768,"Stanton County",2026,"In effect",2017,2017,Local,NE,"Scotts Bluff County",31157,,Wind,"Rule 1: Ban / Moratorium (wind) | Rule 6b: Setback Restriction (wind) 
In November 2017, the county effectively banned new wind farms by approving a land use matrix that does not allow developers to obtain any type of permit for commercial wind energy systems in any zone. The ordinance also requires setbacks of 2,700 feet from nonparticipating residences, but the requirement appears to be moot in light of the complete exclusion of new wind farms.","Michael Shively, Stanton County Bars Wind Development, Sand Shill Express, Nov. 20, 2017, https://sandhillsexpress.com/local-news/stanton-county-bars-wind-development/; Stanton County, Neb., Zoning Ordinance § 4.07 at page 57 (2017), https://stantoncounty.nebraska.gov/sites/stantoncounty.nebraska.gov/files/doc/plan_zone_regs.pdf; Stanton County, Neb., Zoning Resolution § 8.08.06 (2017), https://stantoncounty.nebraska.gov/sites/stantoncounty.nebraska.gov/files/doc/plan_zone_regs.pdf."
5769,"Scotts Bluff County",2026,Expired,2024,2025,Local,NE,"Scotts Bluff County",31157,,Wind|Solar,"Rule 6b: Setback Restriction (wind) | Rule 10b: Setback Restriction (solar) 
In January 2024, Scotts Bluff County passed a 6-month moratorium on new conditional use permits for renewable energy projects.","Scotts Bluff County, Neb., Zoning Regulation (Jan. 16, 2025), https://scottsbluffcountyne.gov/wp-content/uploads/sites/4/2024/04/zoning-regulations.pdf; R. Murphy, Scotts Bluff Co. Board approves six-month moratorium on new conditional use permits for renewable energy, KNEB, Jan. 17, 2024, https://ruralradio.com/kneb-am/news/scotts-bluff-co-board-approves-six-month-moratorium-on-new-conditional-use-permits-for-renewable-energy/."
5770,"City of Gretna (Sarpy County)",2026,Expired,2020,2020,Local,NE,"Sarpy County",31153,"City of Gretna",Solar,"Rule 1: Ban / Moratorium (solar) 
In July 2020, Gretna City Council approved a temporary moratorium on solar plants and associated facilities through October 2020 or until city codes were updated, whichever was sooner.","City of Gretna, Neb., Resolution No. 7-20(1) (Jul. 22, 2020), https://www.gretnane.org/AgendaCenter/ViewFile/Agenda/_08042020-614."
5771,"Saline County",2026,"In effect",2020,2020,Local,NE,"Saline County",31151,,Wind,"Rule 6b: Setback Restriction (wind) | Rule 7: Noise Restriction (wind) 
The Saline County Zoning Regulations, as amended in 2018, require that wind turbines be set back 0.5 miles from occupied structures on abutting properties. The regulations further limit noise to 40 dBA for any 10-minute average at any dwelling. In August 2020, the Saline County Planning and Zoning Board approved a 4-month moratorium on new wind farm applications. After the 6-1 vote, the Board stated that the moratorium was meant to ensure community safety and the sustainable future development of wind energy in Saline County.","Saline County, Neb., Zoning Regulations §§ 619(E)(1)(e)(1), (4) (2018), https://co.saline.ne.us/pdfs/planning_zoning/zoning_regulations.pdf; H. Sterling Burnett, Nebraska County Zoning Board Places Moratorium on New Wind Farm Proposals, Heartland Daily News, Sept. 2, 2020, https://heartlanddailynews.com/2020/09/nebraska-county-zoning-board-places-moratorium-on-new-wind-farm-proposals/."
5772,"Red Willow County",2026,"In effect",2023,2023,Local,NE,"Red Willow County",31145,,Solar,"Rule 10b: Setback Restriction (solar) 
In January 2023, Red Willow County enacted a 6-month moratorium on solar farms with the option to extend. The moratorium was enacted amidst local concerns about a proposed 54-MW solar plant north of McCook.","Bruce Crosby, New zoning rules force one developer out, McCook Gazette, Dec. 12, 2023, https://www.mccookgazette.com/story/3020949.html; Red Willow County, Ne., Board of Commissioners Meeting Minutes (June 26, 2023 and December 12, 2023), https://redwillowcountyne.gov/wp-content/uploads/sites/38/2026/03/boc-2023-minutes.pdf; Bruce Crosby, County Imposes Moratorium on Solar Plants, Seeks Research on Zoning, McCook Gazette, Jan. 9, 2023, https://www.mccookgazette.com/story/2979038.html."
5773,"Pierce County",2026,"In effect",2017,2018,Local,NE,"Pierce County",31139,,Wind,"Rule 6b: Setback Restriction (wind) 
In November 2017, Pierce County commissioners extended a moratorium on wind farm applications that had been put in place in June 2017 to June 2018.","Pierce County, Neb., Ordinance # 2018-3 (Mar. 26, 2018), https://madisoncountyne.gov/wp-content/uploads/2022/11/Pierce-Adopted-Wind-Energy-Regs.pdf; Jerry Guenther, Wind energy gets some ‘blow back,’ Norfolk Daily News, Nov. 21, 2017, https://norfolkdailynews.com/news/wind-energy-gets-some-blow-back/article_9e174b16-ced1-11e7-9b17-0ffbb5c6166e.html."
5774,"Phelps County",2026,"In effect",2022,2022,Local,NE,"Phelps County",31137,,Wind|Solar,"Rule 1: Ban / Moratorium (wind) | Rule 6b: Setback Restriction (wind) | Rule 1: Ban / Moratorium (solar) | Rule 2: Size Cap (solar)","Phelps County, Neb., Zoning Regulations Section 8.08 and 8.12 (2022), https://phelpscounty.ne.gov/pdfs/zoning/Phelps%20County%20Final%20Draft%20Zoning%20112622.pdf"
5775,"Perkins County",2026,"In effect",2000,2000,Local,NE,"Perkins County",31135,,Wind,"Rule 6b: Setback Restriction (wind)","Perkins County, Neb., Zoning Regulations Section 612 (2000) https://perkinscounty.ne.gov/wp-content/uploads/sites/74/2026/03/zoning_regulations.pdf"
5776,"Otoe County",2026,"In effect",2022,2023,Local,NE,"Otoe County",31131,,Wind,"Rule 1: Ban / Moratorium (wind) | Rule 2: Density Cap (wind) | Rule 6a and 6b: Setback Restriction (wind) 
Otoe County’s zoning ordinance requires commercial wind turbines to be set back at least 1 mile from non-participating property lines, churches, and schools, and at least 2 miles from village and city limits. On January 31, 2023, the Otoe County Commissioners adopted new restrictions on wind energy: according to the meeting minutes, “turbines shall be limited to no more than two WECS per participating landowner within a one (1) mile radius of the participating property line.”","Otoe County, Neb., Zoning Ordinance No. 8.08.05 (2022), https://cms2.revize.com/revize/otoecounty/Documents/Departments/Planning%20Zoning/Otoe%20County%20Zoning_final%20draft%20revised%202025.pdf?t=202601301459210&t=202601301459210; Otoe County, Neb., Board Minutes (Jan. 31, 2023), https://otoecountyne.gov/posting_files/pdfs/board/minutes/2023/20230131_111144_board_minutes.pdf."
5777,"Otoe County",2026,"In effect",2024,2024,Local,NE,"Otoe County",31131,,Solar,"Rule 2: Size Cap (solar) | Rule 10b: Setback Restriction (solar) 
In April 2024, the Otoe County Board of Commissioners enacted a moratorium on conditional use permits for commercial solar projects, which was extended in May 2024 and August 2024. In December 2024, Otoe County voted to approve zoning regulations that allow commercial solar on up to 1% of the county’s total acres. The regulations also require a 1,000-foot setback from non-participating dwellings. Several citizens speaking at the public hearing stated that they opposed seeing solar panels on land once used for agricultural purposes.","Otoe County tightens reins on solar power, News Channel Nebraska, 2024,  https://southeast.newschannelnebraska.com/story/51921657/otoe-county-tightens-reins-on-solar-power; Otoe County, Ne., Zoning Ordinance No. 8.08.05 (2022), https://cms2.revize.com/revize/otoecounty/Documents/Departments/Planning%20Zoning/Otoe%20County%20Zoning_final%20draft%20revised%202025.pdf?t=202601301459210&t=202601301459210."
5778,"Madison County",2026,Expired,2018,2024,Local,NE,"Madison County",31119,,Wind,"Rule 1: Ban / Moratorium (wind) 
In April 2018, the county approved a 6-month wind moratorium after local landowners obtained leases for a possible wind farm. In July 2024, the county again adopted a 4-month moratorium on wind farms, which the county ended in September 2024 after deciding not to change local zoning regulations.","Jerry Guenther, Madison County approves moratorium on wind farms, Norfolk Daily News, Apr. 4, 2018, https://norfolkdailynews.com/news/madison-county-approves-moratorium-on-wind-farms/article_9d657c30-380b-11e8-8c03-bbde8314f68f.html; Megan O’Brien, Madison County residents raise concern over wind turbine regulations, NEBRASKA PUBLIC MEDIA, July 30, 2024, https://nebraskapublicmedia.org/en/news/news-articles/madison-county-residents-raise-concerns-over-wind-turbine-regulations/; Austin Svehla, Commissioners decide not to change zoning regulations, end wind turbine moratorium, NORFOLK DAILY NEWS, Sept. 10, 2024, https://norfolkdailynews.com/select/news/commissioners-decide-not-to-change-zoning-regulations-end-wind-turbine-moratorium/."
5779,"Loup County",2026,"In effect",2021,2021,Local,NE,"Loup County",31115,,Wind,"Rule 6a: Setback Restriction (wind) | Rule 7: Noise Restriction (wind) | Rule 9: Height Restriction (wind)","Loup County, Neb., Zoning Regulations Section 6.6 (2021), https://loupcounty.nebraska.gov/sites/default/files/doc/TAYLOR%20LOUP%20COUNTY%20ZONING%20_%20SUBDIVISION%20REGULATIONS.pdf"
5780,"Lincoln County",2026,"In effect",2023,2024,Local,NE,"Lincoln County",31111,,Wind|Solar,"Rule 1: Ban / Moratorium (wind) | Rule 1: Ban / Moratorium (solar)
In March 2023, Lincoln County established a 1-year moratorium in order to consider how to regulate utility-scale wind and solar. The County Commissioners delayed a vote on new regulations in October 2023 amidst intense opposition at a local hearing, agreeing instead to extend the moratorium for 1.5 years","Lincoln County, Neb., Planning Commission Meeting Minutes (Nov. 12, 2024), https://lincolncountyne.gov/wp-content/uploads/2025/07/County-PC-Minutes-11-12-24.pdf; Tristen Winder, Lincoln County places temporary moratorium on wind and solar energy, NBC NEBRASKA 2, March. 20, 2023, https://www.knopnews2.com/2023/03/21/lincoln-county-places-temporary-moratorium-wind-solar-energy/; Todd von Kampen, Foes of commercial wind, solar projects turn out in force at Lincoln County Board hearings, NORTH PLATT TELEGRAPH, Oct. 2, 2023, https://nptelegraph.com/news/local/business/development/lincoln-county-board-wind-solar-energy/article_168cadec-6176-11ee-b4f7-d70aeefff459.html; George Lauby, Commissioners continue moratorium on wind, solar energy projects, NORTH PLATTE BULLETIN, Oct. 23, 2023, https://northplattebulletin.com/commissioners-continue-moratorium-on-wind-solar-energy-projects/."
5781,"Lancaster County",2026,"In effect",2015,2019,Local,NE,"Lancaster County",31109,,Wind,"Rule 6b: Setback Restriction (wind) | Rule 7: Noise Restriction (wind) 
In 2015, Lancaster County adopted updates to its zoning code to require that wind turbines maintain noise limits of 40 dBa in the day and 37 dBa at night at non-participating dwellings. The county also set the following setback requirements: 2 times turbine height from non-participating property lines, 3.5 times turbine height from non-participating dwellings, and 2 times turbine height from participating dwellings. The county defined turbine height as hub height plus rotor radius. In 2019, Lancaster County once again updated its wind energy regulations to require a 1-mile setback from non-participating dwellings.","Board of County Commissioners of Lancaster County, Neb., Resolution No. R-15-0061, County Text Amendment No. 15009 (Nov. 10, 2015), https://www.lancaster.ne.gov/DocumentCenter/View/1886/Resolution-R-15-0061-PDF?bidId=; Kevin Abourezk, County OKs more stringent wind rules; wind farm plan appears, Journal Star, Nov. 10, 2015, https://journalstar.com/news/local/govt-and-politics/county-oks-more-stringent-wind-rules-wind-farm-plan-appears/article_4c0f4773-403d-5a3f-bcb2-55a86f7da3e9.html; Board of County Commissioners of Lancaster County, Nebraska, Resolution No. R-19-0010, County Text Amendment No. 18016 (February 19, 2019), https://www.lancaster.ne.gov/DocumentCenter/View/2350/Resolution-R-19-0010-PDF; Nancy Hicks, Lancaster County board approves strictest distance rule in state for wind turbines, homes, Journal Star, Feb. 19, 2019, https://journalstar.com/news/local/govt-and-politics/lancaster-county-board-approves-strictest-distance-rule-in-state-for/article_62a6cc79-a0f5-578a-89b3-761044df57ba.html."
5782,"Knox County",2026,"In effect",2024,2025,Local,NE,"Knox County",31107,,Wind|Solar,"Rule 1: Ban / Moratorium (wind) | Rule 1: Ban / Moratorium (solar)
In May 2024, the Knox County Board of Supervisors voted 5-1 to change setback rules for wind turbines from 2,000 feet to 6,600 feet from nonparticipating dwellings. A wind energy company, which had been working to develop a 600-MW project in the county, filed a lawsuit against the county alleging that the zoning rule changes were made “with the express purpose of regulating” the wind energy company and its proposed wind project. <span style=""font-weight: 400;"">On May 7, 2025, the Planning Commission voted to recommend a ban on commercial wind and solar</span><span style=""font-weight: 400;""> development in the county. </span><span style=""font-weight: 400;"">On June 11, 2025, the County Board of Supervisors voted to adopt the Planning Commission’s recommendation to ban any new commercial wind or solar projects. </span>See entry on North Fork Wind (Knox County) for more information.","Hanky Q. Hazelton, Ban on Wind and solar divides Knox county residents, News Channel Nebraska, May 7, 2025, https://northeast.newschannelnebraska.com/story/52756053/ban-on-wind-and-solar-divides-knox-county-residents; Mark Mahone, Knox County OKs Ban on Future Wind, Solar Projects, YANKTON DAILY, Jun. 12, 2025, https://www.yankton.net/community/article_26c418ff-ca3c-49fd-b7ab-8ac12d779d70.html; Wind energy company, residents sue Knox County over wind farm rule changes, Siouxland Proud, 2024, https://www.siouxlandproud.com/news/local-news/wind-energy-company-residents-sue-knox-county-over-wind-farm-rule-changes/."
5783,"Kearney County",2026,"In effect",2016,2020,Local,NE,"Kearney County",31099,,Solar,"Rule 10b: Setback Restriction (solar) 
An ordinance last amended in January 2016 provides that solar farms of 25 kW or larger must be set back at least 1,320 feet from neighboring dwelling units.","Kearney County, Neb., Zoning Regulations § 7.42(12) (as amended Oct. 20, 2020), https://kearneycounty.ne.gov/wp-content/uploads/sites/41/2025/12/zoning_regulations.pdf"
5784,"Jefferson County",2026,"In effect",2023,2023,Local,NE,"Jefferson County",31095,,Wind,"Rule 6b: Setback Restriction (wind) 
In April 2022, Jefferson County established a moratorium on permits for wind energy projects as it considered updates to its wind regulations. On March 23, 2023, Jefferson County adopted a new wind ordinance that requires turbines to be set back 1 mile from incorporated towns, schools, churches, state owned recreation areas, and the homes of any nonparticipating landowners.","Scott Koperski, Jefferson County residents fearful of potential wind farm, Daily Sun, April 1, 2022, https://www.wind-watch.org/news/2022/04/02/jefferson-county-residents-fearful-of-potential-wind-farm/; Elic Chisam, Jefferson County Commissioners set new wind zoning regulations, News Channel Nebraska, Mar. 24, 2023, https://southeast.newschannelnebraska.com/story/48605004/jefferson-county-commissioners-set-new-wind-zoning-regulations."
5785,"Holt County",2026,"In effect",2022,2022,Local,NE,"Holt County",31089,,Wind,"Rule 6b: Setback Restriction (wind) 
Holt County amended its zoning ordinance in November 2022 to require commercial wind turbines to be set back at least 1 mile from neighboring dwelling units.","Holt County, Neb., Zoning Ordinance Art. 5 (amended Nov. 16, 2022), https://holtcounty.nebraska.gov/sites/default/files/doc/HOLT%20COUNTY%20ZONING%20REGULATIONS_0.doc."
5786,"Hitchcock County",2026,"In effect",2025,2025,Local,NE,"Hitchcock County",31087,,Wind|Solar,"Rule 1: Ban / Moratorium (wind) | Rule 1: Ban / Moratorium (solar)","Hitchcock County, Neb., Resolution No. 2025-6 (Feb. 23, 2025), https://hitchcockcounty.ne.gov/posting_files/pdfs/board/minutes/2025/20250203_152316_board_minutes.pdf."
5787,"Hamilton County",2026,"In effect",2019,2019,Local,NE,"Hamilton County",31081,,Wind,"Rule 6a: Setback Restriction (wind) 
Hamilton County ordinance requires that wind turbines be set back 2 miles from property lines of non-participating landowners.","Hamilton County, Neb., Zoning Resolution § 8.08.06 (2019), https://hamiltoncounty.files.wordpress.com/2021/07/hamilton-county-zoning-current.pdf."
5788,"Greeley County",2026,"In effect",2024,2024,Local,NE,"Greeley County",31077,,Wind|Solar,"Rule 1: Ban / Moratorium (wind) | Rule 1: Ban / Moratorium (solar)
In April 2024, the Greeley County Board of Commissioners adopted a 3-year moratorium on renewable energy applications.","Greeley County, Neb., Commissioner Minutes (Apr. 9, 2024), https://greeleycounty.ne.gov/posting_files/pdfs/board/minutes/2024/20240409_121326_board_minutes.pdf."
5789,"Gage County",2026,"In effect",2023,2023,Local,NE,"Gage County",31067,,Solar,"Rule 10b: Setback Restriction (solar) 
Gage County imposed an indefinite moratorium on commercial solar facilities in 2022 to halt solar development while considering new solar restrictions. On March 14, 2023, the Gage County Planning and Zoning Commission voted to recommend new solar regulations that would require setbacks of 0.5 miles from non-participating dwellings, platted subdivisions, and platted villages, and 0.75 miles from churches, schools, natural resources districts, and National Park Service sites for any solar project greater than 2 MW. In June 2023, The Gage County Board approved the solar regulations.","Doug Kennedy, Gage County Board considers amendments to solar energy regulations, News Channel Nebraska, June 5, 2023, https://southeast.newschannelnebraska.com/story/49012406/gage-county-board-considers-amendments-to-solar-energy-regulations; Doug Kennedy, Gage County extends commercial solar moratorium, New Channel Nebraska Central, June 1, 2022, https://central.newschannelnebraska.com/story/46607539/gage-county-extends-commercial-solar-moratorium; Doug Kennedy, Gage County Approves Temporary Moratorium on New Wind Farm Applications, News Channel Nebraska, July 16, 2020, https://southeast.newschannelnebraska.com/story/42375821/gage-county-approves-temporary-moratorium-on-new-wind-farm-applications; compare Gage County, Neb., Zoning Regulations § 6.65(A)(6) (2019), https://gagecountynebraska.us/pdfs/planning/zoning_regulation.pdf with Gage County, Neb. Wind Energy Regulations § 6.65(5) (Nov. 17, 2021), https://gagecountynebraska.us/pdfs/Wind%20Energy%20Regs%20-%20County%20Board%20final.pdf."
5790,"Gage County",2026,"In effect",2023,2023,Local,NE,"Gage County",31067,,Wind,"Rule 6a: Setback Restriction (wind) 
In July 2020, Gage County adopted a 3-month moratorium on new permits for wind farms. In November 2021, Gage County adopted amendments that banned commercial wind turbines within 1 mile of property lines of nonparticipating property owners, a major change from the 2019 zoning regulations, which required only that turbines be set back from property lines by a distance of 2 times turbine height.","Doug Kennedy, Gage County Approves Temporary Moratorium on New Wind Farm Applications, News Channel Nebraska, July 16, 2020, https://southeast.newschannelnebraska.com/story/42375821/gage-county-approves-temporary-moratorium-on-new-wind-farm-applications; compare Gage County, Neb., Zoning Regulations § 6.65(A)(6) (2019), https://gagecountynebraska.us/pdfs/planning/zoning_regulation.pdf with Gage County, Neb. Wind Energy Regulations § 6.65(5) (Nov. 17, 2021), https://gagecountynebraska.us/pdfs/Wind%20Energy%20Regs%20-%20County%20Board%20final.pdf; Doug Kennedy, Gage County extends commercial solar moratorium, New Channel Nebraska Central, June 1, 2022, https://central.newschannelnebraska.com/story/46607539/gage-county-extends-commercial-solar-moratorium; Doug Kennedy, Gage County Board considers amendments to solar energy regulations, News Channel Nebraska, June 5, 2023, https://southeast.newschannelnebraska.com/story/49012406/gage-county-board-considers-amendments-to-solar-energy-regulations."
5791,"Frontier County",2026,"In effect",2025,2025,Local,NE,"Frontier County",31063,,Wind,"Rule 2: Size Cap (wind) | Rule 6a and 6b: Setback Restriction (wind) | Rule 8: Shadow Flicker Restriction (wind)","Frontier County, Neb., Regulations Article 15 (2025), https://frontiercounty.ne.gov/wp-content/uploads/sites/43/2025/07/regulations.pdf"
5792,"Dodge County",2026,"In effect",2023,2023,Local,NE,"Dodge County",31053,,Wind,"Rule 1: Ban / Moratorium (wind)","Dodge County, Neb., Article 25 Supplemental District Regulations - Section 23 (Jan. 25, 2023), https://dodgecounty.nebraska.gov/sites/default/files/doc/Agenda/2023/20230125/20h.pdf"
5793,"Dawson County",2026,"In effect",2022,2022,Local,NE,"Dawson County",31047,,Wind,"Rule 6a and 6b: Setback Restriction (wind) | Rule 7: Noise Restriction (wind) 
In November 2022, Dawson County adopted a 1-year moratorium on wind farm applications. In May 2023, the Dawson County Board of Commissioners adopted amendments to its wind regulations that impose setbacks of 3 miles from non-participating property lines, participating dwellings, road rights-of-way, and public conservation lands. The regulations also limit noise to 40 dBa at the nearest dwelling.","Dawson County Board of Commissioners Approve Setbacks and Regulations for Wind Energy, KRVN News, May 15, 2023, https://ruralradio.com/kbear/news/dawson-county-board-of-commissioners-approve-setbacks-and-regulations-for-wind-energy/; Commissioners Approve Wind Energy Amendments, Gothenburg Leader, June 7, 2023, https://www.gothenburgleader.com/news/commissioners-approve-wind-energy-amendments/article_51112164-0550-11ee-8a82-df6d38670380.html."
5794,"Dakota County",2026,"In effect",2021,2021,Local,NE,"Dakota County",31043,,Wind,"Rule 6b: Setback Restriction (wind) 
On July 26, 2021, Dakota County amended its zoning regulations to require that commercial wind turbines be set back 2 miles from neighboring dwelling units (up from 2,700 feet) and 2 miles from wetlands and other conservation lands (up from 600 feet).","Dakota County, Neb., Resolution 21C-024 § 900.2.205 (Jul. 26, 2021), https://dakotacountyne.org/pdfs/planning_zoning/21C-024%20Planning%20Zoning%20Amended%20Regulations%2026Jul21.pdf."
5795,"Cuming County",2026,"In effect",2017,2017,Local,NE,"Cuming County",31039,,Wind,"Rule 1: Ban / Moratorium (wind) | Rule 6b: Setback Restriction (wind)","Cuming County, Neb., Zoning Regulations Section 17.08.2 (as amended Mar. 29, 2017), https://cumingcountyne.gov/wp-content/uploads/2021/06/Zoning-Regulations-Final.pdf"
5796,"Colfax County",2026,"In effect",2025,2025,Local,NE,"Colfax County",31037,,Wind,"Rule 1: Ban / Moratorium (wind) | Rule 6b: Setback Restriction (wind)","Colfax County, Neb., Zoning Regulations Section 8.08 (Apr. 22, 2025), https://colfaxcountyne.gov/wp-content/uploads/sites/30/2025/06/Zoning_Regulations.pdf"
5797,"Cedar County",2026,"In effect",2022,2022,Local,NE,"Cedar County",31027,,Wind,"Rule 6b: Setback Restriction (wind) 
Cedar County’s zoning ordinance, last updated in June 2022, requires commercial wind turbines to be set back at least one mile from non-participating dwelling units, public conservation lands, and other existing commercial wind turbines not owned by the applicant.","Cedar County, Neb., Zoning Ordinance (Commercial/Utility Grade Wind Energy Conversion Systems) (as amended Jun. 2022), https://cedarcountyne.gov/pdfs/planning_zoning/Zoning%20Regulations.pdf."
5798,"Savanah Township (Butler County)",2026,"In effect",2015,2015,Local,NE,"Butler County",31023,"Savanah Township",Wind,"Rule 6a: Setback Restriction (wind) 
In September 2015, Savannah Township implemented regulations requiring that wind turbines be set back 1,640 feet from public roads and non-participating private property lines. The regulations were drafted by a group called Bohemian Alps Wind Watchers and implemented around the same time by five other townships in Butler County. On October 5, 2015, Butler County sent a letter to the townships challenging their authority to implement such regulations and requesting that they void the regulations. Several townships responded by stating that they would not void the regulations, but Savannah was not among them.","Larry Peirce, Regulating wind turbines now a township issue, Journal Star, September 12, 2015, https://journalstar.com/news/state-and-regional/nebraska/regulating-wind-turbines-now-a-township-issue/article_3c4d3317-c7d6-54f6-bc34-c3b5560f70d4.html; Larry Peirce, Townships line up against wind development, Columbus Telegram, Sept. 23, 2015, https://columbustelegram.com/community/banner-press/news/townships-line-up-against-wind-development/article_8be33e8e-4ecd-5d6b-9049-ab7449f18244.html; Larry Peirce, Opinions differ on legality of Butler County townships’ wind turbine regulations, Journal Star, September 26, 2015, https://journalstar.com/news/state-and-regional/nebraska/opinions-differ-on-legality-of-butler-county-townships-wind-turbine-regulations/article_2c0c6b6b-7310-59fb-99b5-6aef2d0fabaf.html; Larry Peirce, Butler County tells townships to void wind turbine regulations, Journal Star, October 7, 2015, https://journalstar.com/news/state-and-regional/nebraska/butler-county-tells-townships-to-void-wind-turbine-regulations/article_af1470a4-810b-55d8-bf52-aa07275e01f1.html; Larry Peirce, Townships: Regulations to limit wind turbine development won’t be voided, Columbus Telegram, January 7, 2016, https://columbustelegram.com/community/banner-press/news/townships-regulations-to-limit-wind-turbine-development-won-t-be-voided/article_69c7f567-46dc-5423-8ff2-f33fd01e1673.html."
5799,"Skull Creek Township (Butler County)",2026,"In effect",2015,2015,Local,NE,"Butler County",31023,"Skull Creek Township",Wind,"Rule 6a: Setback Restriction (wind) 
In September 2015, Skull Creek Township implemented regulations requiring that wind turbines be set back 1,640 feet from public roads and non-participating private property lines. The regulations were drafted by a group called Bohemian Alps Wind Watchers and implemented around the same time by five other townships in Butler County. On October 5, 2015, Butler County sent a letter to the townships challenging their authority to implement such regulations and requesting that they void the regulations. Several townships responded by stating that they would not void the regulations, but Skull Creek was not among them.","Larry Peirce, Regulating wind turbines now a township issue, Journal Star, September 12, 2015, https://journalstar.com/news/state-and-regional/nebraska/regulating-wind-turbines-now-a-township-issue/article_3c4d3317-c7d6-54f6-bc34-c3b5560f70d4.html; Larry Peirce, Townships line up against wind development, Columbus Telegram, Sept. 23, 2015, https://columbustelegram.com/community/banner-press/news/townships-line-up-against-wind-development/article_8be33e8e-4ecd-5d6b-9049-ab7449f18244.html; Larry Peirce, Opinions differ on legality of Butler County townships’ wind turbine regulations, Journal Star, September 26, 2015, https://journalstar.com/news/state-and-regional/nebraska/opinions-differ-on-legality-of-butler-county-townships-wind-turbine-regulations/article_2c0c6b6b-7310-59fb-99b5-6aef2d0fabaf.html; Larry Peirce, Butler County tells townships to void wind turbine regulations, Journal Star, October 7, 2015, https://journalstar.com/news/state-and-regional/nebraska/butler-county-tells-townships-to-void-wind-turbine-regulations/article_af1470a4-810b-55d8-bf52-aa07275e01f1.html; Larry Peirce, Townships: Regulations to limit wind turbine development won’t be voided, Columbus Telegram, January 7, 2016, https://columbustelegram.com/community/banner-press/news/townships-regulations-to-limit-wind-turbine-development-won-t-be-voided/article_69c7f567-46dc-5423-8ff2-f33fd01e1673.html."
5800,"Franklin Township (Butler County)",2026,"In effect",2015,2015,Local,NE,"Butler County",31023,"Franklin Township",Wind,"Rule 6a: Setback Restriction (wind) 
In September 2015, Franklin Township implemented regulations requiring that wind turbines be set back 1,640 feet from public roads and non-participating private property lines. The regulations were drafted by a group called Bohemian Alps Wind Watchers and implemented around the same time by five other townships in Butler County. On October 5, 2015, Butler County sent a letter to the townships challenging their authority to implement such regulations and requesting that they void the regulations. Several townships responded by stating that they would not void the regulations, but Franklin was not among them.","Larry Peirce, Regulating wind turbines now a township issue, Journal Star, September 12, 2015, https://journalstar.com/news/state-and-regional/nebraska/regulating-wind-turbines-now-a-township-issue/article_3c4d3317-c7d6-54f6-bc34-c3b5560f70d4.html; Larry Peirce, Townships line up against wind development, Columbus Telegram, Sept. 23, 2015, https://columbustelegram.com/community/banner-press/news/townships-line-up-against-wind-development/article_8be33e8e-4ecd-5d6b-9049-ab7449f18244.html; Larry Peirce, Opinions differ on legality of Butler County townships’ wind turbine regulations, Journal Star, September 26, 2015, https://journalstar.com/news/state-and-regional/nebraska/opinions-differ-on-legality-of-butler-county-townships-wind-turbine-regulations/article_2c0c6b6b-7310-59fb-99b5-6aef2d0fabaf.html; Larry Peirce, Butler County tells townships to void wind turbine regulations, Journal Star, October 7, 2015, https://journalstar.com/news/state-and-regional/nebraska/butler-county-tells-townships-to-void-wind-turbine-regulations/article_af1470a4-810b-55d8-bf52-aa07275e01f1.html; Larry Peirce, Townships: Regulations to limit wind turbine development won’t be voided, Columbus Telegram, January 7, 2016, https://columbustelegram.com/community/banner-press/news/townships-regulations-to-limit-wind-turbine-development-won-t-be-voided/article_69c7f567-46dc-5423-8ff2-f33fd01e1673.html."
5801,"Oak Creek Township (Butler County)",2026,"In effect",2015,2015,Local,NE,"Butler County",31023,"Oak Creek Township",Wind,"Rule 6a: Setback Restriction (wind) 
In September 2015, Oak Creek Township implemented regulations requiring that wind turbines be set back 1,640 feet from public roads and non-participating private property lines. The regulations were drafted by a group called Bohemian Alps Wind Watchers and implemented around the same time by five other townships in Butler County. On October 5, 2015, Butler County sent a letter to the townships challenging their authority to implement such regulations and requesting that they void the regulations, which Oak Creek declined to do.","Larry Peirce, Regulating wind turbines now a township issue, Journal Star, September 12, 2015, https://journalstar.com/news/state-and-regional/nebraska/regulating-wind-turbines-now-a-township-issue/article_3c4d3317-c7d6-54f6-bc34-c3b5560f70d4.html; Larry Peirce, Townships line up against wind development, Columbus Telegram, Sept. 23, 2015, https://columbustelegram.com/community/banner-press/news/townships-line-up-against-wind-development/article_8be33e8e-4ecd-5d6b-9049-ab7449f18244.html; Larry Peirce, Opinions differ on legality of Butler County townships’ wind turbine regulations, Journal Star, September 26, 2015, https://journalstar.com/news/state-and-regional/nebraska/opinions-differ-on-legality-of-butler-county-townships-wind-turbine-regulations/article_2c0c6b6b-7310-59fb-99b5-6aef2d0fabaf.html; Larry Peirce, Butler County tells townships to void wind turbine regulations, Journal Star, October 7, 2015, https://journalstar.com/news/state-and-regional/nebraska/butler-county-tells-townships-to-void-wind-turbine-regulations/article_af1470a4-810b-55d8-bf52-aa07275e01f1.html; Larry Peirce, Townships: Regulations to limit wind turbine development won’t be voided, Columbus Telegram, January 7, 2016, https://columbustelegram.com/community/banner-press/news/townships-regulations-to-limit-wind-turbine-development-won-t-be-voided/article_69c7f567-46dc-5423-8ff2-f33fd01e1673.html."
5802,"Richardson Township (Butler County)",2026,"In effect",2015,2015,Local,NE,"Butler County",31023,"Richardson Township",Wind,"Rule 6a: Setback Restriction (wind) 
In September 2015, Richardson Township implemented regulations requiring that wind turbines be set back 1,640 feet from public roads and non-participating private property lines. The regulations were drafted by a group called Bohemian Alps Wind Watchers and implemented around the same time by five other townships in Butler County. On October 5, 2015, Butler County sent a letter to the townships challenging their authority to implement such regulations and requesting that they void the regulations, which Richardson declined to do.","Larry Peirce, Regulating wind turbines now a township issue, Journal Star, September 12, 2015, https://journalstar.com/news/state-and-regional/nebraska/regulating-wind-turbines-now-a-township-issue/article_3c4d3317-c7d6-54f6-bc34-c3b5560f70d4.html; Larry Peirce, Townships line up against wind development, Columbus Telegram, Sept. 23, 2015, https://columbustelegram.com/community/banner-press/news/townships-line-up-against-wind-development/article_8be33e8e-4ecd-5d6b-9049-ab7449f18244.html; Larry Peirce, Opinions differ on legality of Butler County townships’ wind turbine regulations, Journal Star, September 26, 2015, https://journalstar.com/news/state-and-regional/nebraska/opinions-differ-on-legality-of-butler-county-townships-wind-turbine-regulations/article_2c0c6b6b-7310-59fb-99b5-6aef2d0fabaf.html; Larry Peirce, Butler County tells townships to void wind turbine regulations, Journal Star, October 7, 2015, https://journalstar.com/news/state-and-regional/nebraska/butler-county-tells-townships-to-void-wind-turbine-regulations/article_af1470a4-810b-55d8-bf52-aa07275e01f1.html; Larry Peirce, Townships: Regulations to limit wind turbine development won’t be voided, Columbus Telegram, January 7, 2016, https://columbustelegram.com/community/banner-press/news/townships-regulations-to-limit-wind-turbine-development-won-t-be-voided/article_69c7f567-46dc-5423-8ff2-f33fd01e1673.html."
5803,"Linwood Township (Butler County)",2026,"In effect",2015,2015,Local,NE,"Butler County",31023,"Linwood Township",Wind,"Rule 6a: Setback Restriction (wind) 
In September 2015, Linwood Township implemented regulations requiring that wind turbines be set back 1,640 feet from public roads and non-participating private property lines. The regulations were drafted by a group called Bohemian Alps Wind Watchers and implemented around the same time by five other townships in Butler County. On October 5, 2015, Butler County sent a letter to the townships challenging their authority to implement such regulations and requesting that they void the regulations, which Linwood declined to do.","Larry Peirce, Regulating wind turbines now a township issue, Journal Star, September 12, 2015, https://journalstar.com/news/state-and-regional/nebraska/regulating-wind-turbines-now-a-township-issue/article_3c4d3317-c7d6-54f6-bc34-c3b5560f70d4.html; Larry Peirce, Townships line up against wind development, Columbus Telegram, Sept. 23, 2015, https://columbustelegram.com/community/banner-press/news/townships-line-up-against-wind-development/article_8be33e8e-4ecd-5d6b-9049-ab7449f18244.html; Larry Peirce, Opinions differ on legality of Butler County townships’ wind turbine regulations, Journal Star, September 26, 2015, https://journalstar.com/news/state-and-regional/nebraska/opinions-differ-on-legality-of-butler-county-townships-wind-turbine-regulations/article_2c0c6b6b-7310-59fb-99b5-6aef2d0fabaf.html; Larry Peirce, Butler County tells townships to void wind turbine regulations, Journal Star, October 7, 2015, https://journalstar.com/news/state-and-regional/nebraska/butler-county-tells-townships-to-void-wind-turbine-regulations/article_af1470a4-810b-55d8-bf52-aa07275e01f1.html; Larry Peirce, Townships: Regulations to limit wind turbine development won’t be voided, Columbus Telegram, January 7, 2016, https://columbustelegram.com/community/banner-press/news/townships-regulations-to-limit-wind-turbine-development-won-t-be-voided/article_69c7f567-46dc-5423-8ff2-f33fd01e1673.html"
5804,"Burt County",2026,"In effect",2024,2024,Local,NE,"Burt County",31021,,Wind,"Rule 2: Density Cap (wind) | Rule 6a and 6b: Setback Restriction (wind) | Rule 7: Noise Restriction (wind) | Rule 8: Shadow Flicker Restriction (wind) 
In December 2024, the Burt County Board of Supervisors adopted new zoning regulations that require commercial wind turbines to be set back 3 miles from any towns or villages, 1 mile from property lines, and 0.5 miles from any occupied dwelling. The ordinance further limits the number of turbines in the county to a cumulative total of 20 turbines, prohibits shadow flicker on roads, and provides that noise shall not exceed 40 dBA from any dwelling on a nonparticipating property, except during periods of severe weather.","Burt County, Neb., Zoning Regulations 6.03(D)(3)-(4) (as amended Dec. 27, 2024), https://burtcountyne.gov/planning-and-zoning/forms-permits-and-regulations/ (last visited May 22, 2025);see also Nebraska wind project runs into opposition by residents, OK Energy Today, Feb. 24, 2020, http://www.okenergytoday.com/2020/02/nebraska-wind-project-runs-into-opposition-by-residents."
5805,"Buffalo County",2026,"In effect",2023,2023,Local,NE,"Buffalo County",31019,,Wind,"Rule 6a and 6b: Setback Restriction (wind) 
In March 2023, the Buffalo County Commissioners adopted new setback requirements for wind turbines that require distances of: 2 miles from any burial site or the Platte River; 3 miles from any agriculture residential zoned property; 3 miles from property lines of nonparticipants; 3 miles from any church, hospital, pool, or park; 5 miles from any village or city; 5 miles from any wildlife preservation area.","Michael Shively, Buffalo County sets new distancing requirements for possible wind farms, News Channel Nebraska Central, Mar. 22, 2023, https://central.newschannelnebraska.com/story/48594025/buffalo-county-sets-new-distancing-requirements-for-possible-wind-farms."
5806,"Brown County",2026,"In effect",2020,2020,Local,NE,"Brown County",31017,,Wind,"Rule 6a: Setback Restriction (wind) 
As of May 2020, the Brown County Zoning Regulations require that commercial wind turbines be set back 1 mile from property lines and roads.","Brown County, Neb., Zoning Regulations § 6.56 (May 2020), https://browncounty.ne.gov/pdfs/planning_zoning/Zoning%20Regulations.pdf."
5807,"Antelope County",2026,"In effect",2017,2018,Local,NE,"Antelope County",31003,,Wind,"Rule 6b: Setback Restriction (wind)","Antelope County, Neb., Zoning Regulations Section 8.08 (as amended Mar. 13, 2018), https://antelopecounty.nebraska.gov/sites/default/files/doc/Antelope%20County%20Zoning%20Regs_adopted%20041018.pdf"
5808,"Adams County",2026,"In effect",2018,2018,Local,NE,"Adams County",31001,,Wind,"Rule 6b: Setback Restriction (wind) 
A 2018 resolution requires that wind turbines be set back 2,400 feet from neighboring dwelling units and 6,000 feet from any existing wind turbine not owned by the applicant.","Adams County, Neb., Resolution No. 2018-10-02.01 § 8.04.06(4) (Oct. 2, 2018), https://adamscountyne.gov/images/PDFS/PlanningZoning/windsystem.pdf"
5809,"Adams County",2026,"In effect",2019,2019,Local,NE,"Adams County",31001,,Solar,"Rule 1: Ban / Moratorium (solar) 
A 2019 resolution prohibits concentrated solar power facilities but allows photovoltaics with proper permits.","Adams County, Neb., Resolution No. 2019-03-05.01 § 8.13 (Mar. 5, 2019), https://www.adamscounty.org/images/PDFS/PlanningZoning/SolarRegulation2.pdf."
5810,"Wibaux County",2026,"In effect",2024,2024,Local,MT,"Wibaux County",30109,,Wind,"Rule 6a and 6b: Setback Restriction (wind) 
On October 23, 2024, Wibaux County became the first county in Montana to adopt countywide zoning to restrict wind development. The new zoning rules require wind turbines to be set back 1,250 from property lines and 1.5 miles from residences. The rules were adopted as part of an effort to block AES’s proposal to construct the 235-MW Wibaux Wind Farm, which would include 50 MW of battery storage.","Karin Kirk, Property Rights Take Center Stage as Montana Grapples with Wind Development, Inside Climate News, May 14, 2025, https://insideclimatenews.org/news/14052025/montana-wind-development-property-rights/; Peyton Olson, Rural County Adopts Zoning…Against Wind Energy, MEIC, Dec. 10, 2024, https://meic.org/rural-county-adopts-zoning-against-wind-energy/."
5811,"Lewis and Clark County",2026,"In effect",2019,2019,Local,MT,"Lewis and Clark County",30049,,Wind,"Rule 9: Height Restriction (wind)","Lewis and Clark County, Mont., Fort Harrison Urban Growth Area Zone District (2019), https://www.lccountymt.gov/files/assets/county/community-dev-and-planning/documents/fhuga_zoning_regulations__final__2-14-19__.pdf"
5812,"Ralls County",2026,"In effect",2024,2024,Local,MO,"Ralls County",29173,,Solar,"Rule 1: Ban / Moratorium (solar) | Rule 2: Size Cap (solar)","Ralls County, Mo., Planning and Zoning Chapter 29 (Dec. 19, 2024), https://rallscountymo.gov/wp-content/uploads/2024/12/RALLS-PZ-ORDINANCE-EFF-JAN-1-2025.pdf"
5813,"Monroe County",2026,Expired,2019,2019,Local,MO,"Monroe County",29137,,Wind,"Rule 1: Ban / Moratorium (wind) 
In August 2019, the Monroe County Board of Commissioners put in place an 18-month moratorium on wind energy development amidst early plans for a wind energy project in the county.","Terri Maddox, Covid-19 slows work on Monroe County wind farm ordinance, Belleville News-Democrat, Aug. 30, 2020 https://www.bnd.com/news/local/article245300355.html."
5814,"Clinton County",2026,"In effect",2016,2019,Local,MO,"Clinton County",29049,,Wind,"Rule 1: Ban / Moratorium (wind) 
In 2016, Clinton County commissioners passed a moratorium on wind development. According to the latest version of the Clinton County Zoning and Subdivision Order, last amended July 19, 2019, “Clinton County prohibits Commercial Wind Energy Conversion Systems.”","Brett Adkison, Commissioners approve wind energy moratorium, The Clinton County Leader, Feb. 4, 2016, https://www.wind-watch.org/news/2016/02/04/commissioners-approve-wind-energy-moratorium/; Clinton County, Mo., Zoning and Subdivision Order (amended July 19, 2019) § 13.11, https://clintoncomo.org/wp-content/uploads/2019/09/Clinton-Co-Zoning-Order-Amended-07.19.2019.pdf."
5815,"Cass County",2026,"In effect",2023,2023,Local,MO,"Cass County",29037,,Wind,"Rule 6a: Setback Restriction (wind) | Rule 7: Noise Restriction (wind)","Cass County, Mo., Ordinance No. 23-06 (Apr. 26, 2023), https://ecode360.com/CA3260/laws/LF1972791.pdf"
5816,"Cass County",2026,"In effect",2024,2024,Local,MO,"Cass County",29037,,Solar,"Rule 2: Size Cap (solar) | Rule 10b: Setback Restriction (solar)","Cass County, Mo., Zoning Regulations Section 400.661 (Oct. 23, 2024), https://ecode360.com/32504502"
5817,"City of New Bloomfield (Callaway County)",2026,"In effect",2022,2022,Local,MO,"Callaway County",29027,"City of New Bloomfield",Solar,"Rule 1: Ban / Moratorium (solar) 
On April 27, 2022, the City of New Bloomfield adopted new regulations for solar farms, including by prohibiting them within 1,000 feet of city limits. The rules were implemented in response to a developer’s proposal to construct a 100-MW facility on 600 acres of land for the Guthrie Solar Project.","John Fitzgerald Weaver, Missouri town declares solar farm a nuisance, PV Magazine, Apr. 27, 2022, https://pv-magazine-usa.com/2022/04/27/missouri-town-declares-solar-farm-a-nuisance."
5818,"Caldwell County",2026,"In effect",2024,2024,Local,MO,"Caldwell County",29025,,Wind,"Rule 1: Ban / Moratorium (wind)","Caldwell County, Mo., Order No. 04-23-2024 (Apr. 11, 2024), https://www.caldwellco.missouri.org/wp-content/uploads/2024/05/Solar-and-Wind-Energy-Ordinance-Amendment-04-23-2024.pdf"
5819,"Buchanan County",2026,"In effect",2020,2020,Local,MO,"Buchanan County",29021,,Wind,"Rule 1: Ban / Moratorium (wind) 
In March 2020, the Buchanan County Commission banned commercial wind turbines, citing property devaluation, noise, and effects on quality of life. In adopting the ban, the commission also noted that “[n]ot a single member of the public testified at the public hearings in favor of allowing commercial wind-energy projects.”","Clayton Anderson, County commissioners ban commercial wind energy, St. Joseph News-Press, Mar. 12, 2020, https://www.newspressnow.com/news/local_news/county-commissioners-ban-commercial-wind-energy/article_f75a6494-6473-11ea-9dcc-a3e7fbffb265.html."
5820,"Boone County",2026,"In effect",2021,2021,Local,MO,"Boone County",29019,,Wind,"Rule 6b: Setback Restriction (wind) | Rule 9: Height Restriction (wind) 
In 2021, Boone County approved new wind regulations preventing turbines within 1,750 feet of residential property with a maximum height of 263 feet.","Boone County, Mo., Wind Energy Regulations (Nov. 4, 2021), https://www.boonemo.gov/resource-management/webpublish/wecod/Sections_2_and_29_WECOD_As_Adopted.pdf; Cameron Gerber, Boone County Commission enacts new wind power regulations, The Missouri Times, Nov. 5, 2021, https://themissouritimes.com/boone-county-commission-enacts-new-wind-power-regulations; Welcome to the Wind Farm Frequently Asked Questions Page!, Boone County Government, https://www.showmeboone.com/resource-management/WECOD/WindFarmFAQ.asp (last visited Feb. 6, 2023)."
5821,"Harrison County",2026,"In effect",2008,2008,Local,MS,"Harrison County",28047,,Wind,"Rule 2: Size Cap (wind) | Rule 9: Height Restriction (wind)","Harrison County, Miss., Unified Development Code § 203, 415 & 829 (Dec. 8, 2008), https://cms9files.revize.com/harrison/Harrison%20County%20Zoning%20Ordinance%2012-12-2022.pdf"
5822,"Yellow Medicine County",2026,"In effect",2010,2010,Local,MN,"Yellow Medicine County",27173,,Wind,"Rule 1: Ban / Moratorium (wind)","Yellow Medicine County, Minn., Renewable Energy (2010), https://www.co.ym.mn.gov/vertical/sites/%7B9E2CF57F-0FF6-475F-BE0E-E5C421454DDB%7D/uploads/Section_XVI_-_Renewable_Energy.pdf"
5823,"Wright County",2026,"In effect",2021,2021,Local,MN,"Wright County",27171,,Solar,"Rule 2: Density Cap (solar) 
In 2021, Wright County implemented a 1-year moratorium on 5-acre community solar gardens in agricultural areas. The county subsequently adopted new restrictions requiring a 1-mile separation between solar gardens.","Matt McKinney, Solar vs. scenery: Scandia solar panels show a tense debate, Star Tribune, Mar. 19, 2022, https://www.startribune.com/solar-garden-beauty-in-eye-of-beholder/600157619/."
5824,"City of Scandia (Washington County)",2026,"In effect",2022,2022,Local,MN,"Washington County",27163,"City of Scandia",Solar,"Rule 10a: Setback Restriction (solar) 
In April 2022, the Scandia City Council approved a 1-year moratorium on the installation of any solar energy systems, partially in response to residents’ displeasure with the visual impacts of a solar farm that was developed in 2016. Following the moratorium, the town amended its zoning laws to increase setbacks for solar projects: the town now requires 800-foot setbacks from county and state roads and 500-foot setbacks from all other roads.","Kyle Weaver, City enacts second solar farm moratorium, Country Messenger, Apr. 15, 2022 https://www.countrymessenger.com/news/city-enacts-second-solar-farm-moratorium/article_93dd1202-bb6c-11ec-9d7e-0fe6729af2db.html; Kyle Weaver, Scandia turns on solar once more, but with new restrictions, Country Messenger, April 28, 2023, https://www.countrymessenger.com/news/scandia-turns-on-solar-once-more-but-with-new-restrictions/article_9e6ffa10-e37d-11ed-9d27-8f122c45557b.html."
5825,"Waseca County",2026,"In effect",2024,2024,Local,MN,"Waseca County",27161,,Solar,"Rule 10b: Setback Restriction (solar)","Waseca County, Minn., Zoning Code Amendment (Dec. 5, 2024), https://mn-wasecacounty.civicplus.com/DocumentCenter/View/5945/Solar-Farm-Code?bidId="
5826,"Wadena County",2026,"In effect",2017,2024,Local,MN,"Wadena County",27159,,Solar,"Rule 1: Ban / Moratorium (solar)","Wadena County, Minn., Zoning Ordinance #1 Section 19 (as amended Oct. 15, 2024), https://www.co.wadena.mn.us/DocumentCenter/View/3047/Proposed-2020-Zoning-Ordinance---Draft-for-Public-Hearing-"
5827,"Wabasha County",2026,"In effect",2010,2011,Local,MN,"Wabasha County",27157,,Wind,"Rule 1: Ban / Moratorium (wind) | Rule 6b: Setback Restriction (wind)","Wabasha County, Minn., Wind Energy Conversion Systems Ordinance (Nov. 16, 2010), https://cms9files1.revize.com/wabasha/planning%20and%20zoning/Zoning%20Ordinance/Wind%20Energy%20Ordinance.pdf"
5828,"Wabasha County",2026,"In effect",2007,2024,Local,MN,"Wabasha County",27157,,Solar,"Rule 2: Size Cap (solar)","Wabasha County, Minn., Code of Ordinances § 162.106 (as amended Apr. 2, 2024), https://codelibrary.amlegal.com/codes/wabashamn/latest/wabasha_mn/0-0-0-25641"
5829,"Traverse County",2026,"In effect",2025,2025,Local,MN,"Traverse County",27155,,Solar|Storage,"Rule 1: Ban / Moratorium (solar) | Rule 1: Ban / Moratorium (storage) | Rule 10a and 10b: Setback Restriction (solar) 
In 2023, Traverse County passed an interim ordinance that temporarily prohibited the permitting and constructing of wind energy facilities for 12 months. In February 2024, the county extended its moratorium by an additional 12 months to allow time to update its current Wind Energy Conversion Systems ordinance.","Traverse County, Minn., Solar Energy Ordinance (May 6, 2025), https://traversecountymn.gov/wp-content/uploads/2026/03/ordinance-solar-2025.pdf"
5830,"Traverse County",2026,Expired,2023,2025,Local,MN,"Traverse County",27155,,Wind,"Rule 1: Ban / Moratorium (wind) 
In 2023, Traverse County passed an interim ordinance that temporarily prohibited the permitting and constructing of wind energy facilities for 12 months. In February 2024, the county extended its moratorium by an additional 12 months to allow time to update its current Wind Energy Conversion Systems ordinance.","Traverse County, Minn., Wind Energy Ordinance (May 6, 2025), https://traversecountymn.gov/wp-content/uploads/2026/03/ordinance-wind-2025.pdf; Karen Tolkkinen, Wind Turbines Have Become Divisive Issue in Traverse County, STAR TRIBUNE, July 13, 2024, https://www.startribune.com/tolkkinen-wind-turbines-have-become-the-divisive-issue-in-traverse-county/600380484; AUGUSTA TOWNSHIP, MICH., Resolution #23-04 To Approve Settlement Agreement with Consumers Energy and Jupiter Power, Mar. 14, 2023, https://augustatownship.org/wp-content/uploads/2023/03/23-04-Final-RES-Approve-CJ-Settlement-Signed.pdf; TRAVERSE COUNTY, MINN., Board of Commissioners Meeting Minutes, Feb. 6, 2024, https://www.co.traverse.mn.us/wp-content/uploads/2014/08/02.06.2024-Minutes.pdf."
5831,"Todd County",2026,"In effect",2025,2025,Local,MN,"Todd County",27153,,Wind,"Rule 9: Height Restriction (wind)","Todd County, Minn., Planning and Zoning Ordinance Section 9.19 (as amended Jan. 1, 2025), https://toddcountymn.documents-on-demand.com/?l=ad0de2b232d7ef11a434000c29a59557"
5832,"Stevens County",2026,"In effect",2024,2024,Local,MN,"Stevens County",27149,,Wind|Solar,"Rule 1: Ban / Moratorium (wind) | Rule 1: Ban / Moratorium (solar)","Stevens County, Minn., Renewable Energy Ordinance (Oct. 1, 2024), 
https://www.stevenscountymn.gov/DocumentCenter/View/4577/Stevens-County-Renewable-Energy-Ordinance-PDF?bidId="
5833,"Scott County",2026,"In effect",2007,2013,Local,MN,"Scott County",27139,,Wind,"Rule 2: Size Cap (wind) | Rule 9: Height Restriction (wind)","Scott County, Minn., Zoning Ordinance Chapter 12 (as amended Feb. 5, 2013), https://www.eqb.state.mn.us/sites/eqb/files/Scott%20County_Ordinance.pdf"
5834,"St. Louis County",2026,"In effect",2025,2025,Local,MN,"St. Louis County",27137,,Wind|Solar,"Rule 1: Ban / Moratorium (wind) | Rule 1: Ban / Moratorium (solar)","St. Louis County, Minn., Ordinance No. 62 (Aug. 12, 2025), 
https://www.stlouiscountymn.gov/Portals/0/Library/Dept/Auditor/County-Board/Ordinance%2062%20Zoning%20(2025)(Recorded).pdf?ver=XdHFExEPojwqIpetzdDsUw%3D%3D"
5835,"Ramsey County",2026,"In effect",2023,2024,Local,MN,"Ramsey County",27123,,Wind,"Rule 1: Ban / Moratorium (wind) | Rule 9: Height Restriction (wind)","Ramsey County, Minn., Code of Ordinances Sec. 106-331 (as amended Jul. 23, 2024), https://library.municode.com/mn/ramsey/codes/code_of_ordinances?nodeId=PTIICOOR_CH106ZOCO_ARTIIIGEPEST_S106-331WIENCOSYWE"
5836,"Pope County",2026,"In effect",2006,2020,Local,MN,"Pope County",27121,,Wind|Solar,"Rule 1: Ban / Moratorium (wind) | Rule 10a: Setback Restriction (solar)","Pope County, Minn., Land Use Controls Ordinance Section 10.12 (as amended Jul. 7, 2020), https://www.popecountymn.gov/wp-content/uploads/2023/06/LUCO-MASTER_Amended-20-June-2023-r.pdf"
5837,"Pope County",2026,"In effect",2020,2024,Local,MN,"Pope County",27121,,Wind,"Rule 9: Height Restriction (wind)","Pope County, Minn., Renewable Energy Systems (as amended Jul. 3, 2024), https://www.popecountymn.gov/wp-content/uploads/2024/08/10.12-Renewable-Energy-Systems-DRAFT-3-July-2024.pdf"
5838,"Pine County",2026,"In effect",2022,2022,Local,MN,"Pine County",27115,,Wind,"Rule 1: Ban / Moratorium (wind) | Rule 9: Height Restriction (wind)","Pine County, Minn., Zoning Ordinance Section 4.10 (as amended Apr. 19, 2022), https://cms7files.revize.com/pinecountymn/document_center/Departments/planning%20and%20zoning/2022%20County%20Zoning%20Ordinance.pdf"
5839,"Olmsted County",2026,"In effect",2024,2024,Local,MN,"Olmsted County",27109,,Solar,"Rule 1: Ban / Moratorium (solar)","Olmsted County, Minn., Solar Ordinance (as amended Aug. 2024), https://tcpamn.org/wp-content/uploads/2024/06/Olmsted_Solar_Ordinance.pdf"
5840,"Nicollet County",2026,"In effect",2009,2009,Local,MN,"Nicollet County",27103,,Wind,"Rule 1: Ban / Moratorium (wind) | Rule 6b: Setback Restriction (wind)","Nicollet County, Minn., Wind Energy Conversion Systems Ordinance (Aug. 11, 2009), https://www.co.nicollet.mn.us/DocumentCenter/Home/View/440"
5841,"Mower County",2026,"In effect",2005,2025,Local,MN,"Mower County",27099,,Wind|Solar,"Rule 1: Ban / Moratorium (wind) | Rule 1: Ban / Moratorium (solar)","Mower County, Minn., Zoning Ordinance Section 14-18.5 to 14-18.7 (as amended Apr. 23, 2025), https://www.co.mower.mn.us/DocumentCenter/View/5206/Mower-County-Zoning-Ordinance---Updated-06292026-"
5842,"Morrison County",2026,"In effect",2017,2018,Local,MN,"Morrison County",27097,,Wind|Solar,"Rule 1: Ban / Moratorium (wind) | Rule 1: Ban / Moratorium (solar) | Rule 9: Height Restriction (wind)","Morrison County, Minn., Land Use Regulations Section 11.31, 11.32 (as amended Jan. 2, 2018), https://codelibrary.amlegal.com/codes/littlefallsmn/latest/littlefalls_mn/0-0-0-3638"
5843,"Mille Lacs County",2026,"In effect",2015,2015,Local,MN,"Mille Lacs County",27095,,Wind|Solar,"Rule 2: Size Cap (wind) | Rule 2: Size Cap (solar)","Mille Lacs County, Minn., Development Ordinance Section 505.22, 505.23 (Apr. 7, 2015), https://www.millelacs.mn.gov/DocumentCenter/View/2823/Development-Ordinance-PDF"
5844,"Meeker County",2026,Expired,2024,2024,Local,MN,"Meeker County",27093,,Wind|Solar,"Rule 1: Ban / Moratorium (wind) | Rule 1: Ban / Moratorium (solar) 
In February 2024, the Meeker County Commissioners voted 4-1 to approve a 1-year moratorium on solar and wind energy systems, in order to consider updates to the county’s wind and solar zoning ordinances.","Tom Cherveny, Meeker, Chippewa counties adopt moratoriums on renewable energy development, WEST CENTRAL TRIBUNE, Feb 13, 2024, https://www.wctrib.com/news/local/meeker-chippewa-counties-adopt-moratoriums-on-renewable-energy-development; Brent Schacherer, Meeker County Board approves alternative energy moratorium, LITCHFIELD INDEPENDENT REVIEW, Feb. 14, 2024, https://www.crowrivermedia.com/independentreview/news/government/meeker-county-board-approves-alternative-energy-moratorium/article_3e2402b8-c997-11ee-9b7e-cb01fc908694.html."
5845,"Le Sueur County",2026,"In effect",2023,2023,Local,MN,"Le Sueur County",27079,,Wind|Solar,"Rule 1: Ban / Moratorium (wind) | Rule 1: Ban / Moratorium (solar) | Rule 10b: Setback Restriction (solar)","Le Sueur County, Minn., Land Use Performance Standards (Jan. 1, 2023), https://www.lesueurcounty.gov/DocumentCenter/View/3256/Sec-19-Land-Use-Performance-Standards?bidId="
5846,"Isanti County",2026,"In effect",2016,2016,Local,MN,"Isanti County",27059,,Solar,"Rule 2: Size Cap (solar)","Isanti County, Minn., Solar Energy Ordinance (Jul. 20, 2016), https://www.co.isanti.mn.us/DocumentCenter/View/447/Isanti-County-Solar-Energy-Ordinance-PDF"
5847,"City of Minnetrista (Hennepin County)",2026,"In effect",2020,2021,Local,MN,"Hennepin County",27053,"City of Minnetrista",Solar,"Rule 2: Size Cap (solar) 
A moratorium on the construction of solar projects in agricultural preserve areas was implemented in October 2020 in response to a proposed project that would cover up to 6 acres. In May 2021, the moratorium was lifted when the city adopted a new ordinance that caps all ground systems at 3,000 square feet (less than 0.1 acres) and allows solar systems only as an accessory use.","Elizabeth Hustad, Minnetrista Finalizes Solar Rules, Lifts Moratorium, Laker Pioneer, May 21, 2021, https://www.hometownsource.com/laker_pioneer/community/minnetrista-finalizes-solar-rules-lifts-moratorium/article_0b4e43e6-ba20-11eb-8098-bb8ace9f1af0.html; Elizabeth Hustad, Minnetrista: No Solar Farm Near Whaletail Lake, Laker Pioneer, Nov. 5, 2020, https://www.hometownsource.com/laker_pioneer/community/minnetrista-no-solar-farm-near-whaletail-lake/article_1dfe6110-1f66-11eb-8cdf-c74b91cb2527.html."
5848,"Freeborn County",2026,"In effect",2015,2015,Local,MN,"Freeborn County",27047,,Wind,"Rule 1: Ban / Moratorium (wind)","Freeborn County, Minn., Code of Ordinances Chapter 26 (Dec. 1, 2015), https://library.municode.com/mn/freeborn_county/codes/code_of_ordinances?nodeId=COCO_CH26REENSY"
5849,"Crow Wing County",2026,"In effect",2025,2025,Local,MN,"Crow Wing County",27035,,Wind|Solar,"Rule 1: Ban / Moratorium (wind) | Rule 1: Ban / Moratorium (solar)","Crow Wing County, Minn., Zoning Ordinance Article 42 (as amended Dec. 30, 2025), https://www.crowwing.gov/214/Ordinance-Policy#docaccess-32d8aa07584034ad3a941c980382e085a1ba1aeeb80e0795c98ac52b88304600"
5850,"Cook County",2026,"In effect",2025,2025,Local,MN,"Cook County",27031,,Wind,"Rule 1: Ban / Moratorium (wind) | Rule 9: Height Restriction (wind)","Cook County, Minn., Wind Energy Conversion Systems Ordinance (as amended Feb. 25, 2025), https://cms7files1.revize.com/cookcountymn/WECS%20As%20Adopted%202.25.25.pdf"
5851,"Chisago County",2026,"In effect",2024,2024,Local,MN,"Chisago County",27025,,Wind|Solar,"Rule 1: Ban / Moratorium (wind) | Rule 1: Ban / Moratorium (solar) | Rule 2: Density Cap (wind) | Rule 9: Height Restriction (wind)","Chisago County, Minn., Zoning Ordinance Sections 7.30 and 7.31 (Dec. 18, 2024), https://www.chisagocountymn.gov/DocumentCenter/View/4330/Zoning-Ordinance-No-20241218-1-PDF?bidId="
5852,"Chippewa County",2026,"In effect",2024,2024,Local,MN,"Chippewa County",27023,,Wind|Solar,"Rule 1: Ban / Moratorium (solar) | Rule 10b: Setback Restriction (solar) 
In February 2024, Chippewa County Commissioners adopted a 1-year moratorium on the permitting or zoning wind and solar energy conversion systems, with the purpose of studying possible ordinance reforms. Subsequently in 2024, the county amended its wind and solar ordinances, effectively ending the moratorium. The solar ordinance provides that large solar energy systems are to be set back at least 1,000 feet from residences and are only allowed in the Agricultural, Highway Business, Industrial and Airport Zone C districts.","Chippewa County, Minn., Solar Power Ordinance (2024), https://acrobat.adobe.com/id/urn:aaid:sc:va6c2:93db816a-90b0-40e3-a175-ec16258253fb; Tom Cherveny, Meeker, Chippewa counties adopt moratoriums on renewable energy development, WEST CENTRAL TRIBUNE, Feb 13, 2024, https://www.wctrib.com/news/local/meeker-chippewa-counties-adopt-moratoriums-on-renewable-energy-development."
5853,"Carver County",2026,"In effect",2011,2021,Local,MN,"Carver County",27019,,Wind|Solar,"Rule 2: Capacity Cap (wind) | Rule 2: Capacity Cap (solar)","Carver County, Minn., Code of Ordinances § 152.057 (as amended Jul. 20, 2021), https://codelibrary.amlegal.com/codes/carvercounty/latest/carverco_mn/0-0-0-21720"
5854,"Carlton County",2026,"In effect",2017,2017,Local,MN,"Carlton County",27017,,Wind,"Rule 1: Ban / Moratorium (wind) | Rule 9: Height Restriction (wind)","Carlton County, Minn., Renewable Energy Ordinance (Dec. 1, 2017), https://www.carltoncountymn.gov/DocumentCenter/View/931/Renewable-Energy-Ordinance-PDF"
5855,"Blue Earth County",2026,"In effect",2021,2021,Local,MN,"Blue Earth County",27013,,Solar,"Rule 10b: Setback Restriction (solar)","Blue Earth County, Minn., Amendment to Code of Ordinances (May 25, 2021), https://www.blueearthcountymn.gov/DocumentCenter/View/6727/Solar-Standards-2021-Update"
5856,"Beltrami County",2026,"In effect",2003,2003,Local,MN,"Beltrami County",27007,,Wind,"Rule 1: Ban / Moratorium (wind) | Rule 9: Height Restriction (wind)","Beltrami County, Minn., Wind Energy Conversion System Ordinance (Jun. 3, 2003), https://www.co.beltrami.mn.us/media/rtxf2pbf/ordinance-35-tower.pdf"
5857,"Anoka County",2026,"In effect",2025,2025,Local,MN,"Anoka County",27003,,Wind,"Rule 1: Ban / Moratorium (wind) | Rule 9: Height Restriction (wind)","Anoke County, Minn., Zoning Article IX Division 4 (2025), https://library.municode.com/mn/anoka/codes/code_of_ordinances?nodeId=CD_CH78ZO_ARTIXSURE_DIV1GE_S78-556ACBU"
5858,"Aitkin County",2026,"In effect",2002,2002,Local,MN,"Aitkin County",27001,,Wind,"Rule 1: Ban / Moratorium (wind) | Rule 9: Height Restriction (wind)","Aitkin County, Minn., Tower Ordinance (Feb. 12, 2002), https://www.aitkincountymn.gov/ordinances/pdf/celltowerord.pdf"
5859,"Aitkin County",2026,"In effect",2023,2023,Local,MN,"Aitkin County",27001,,Solar,"Rule 1: Ban / Moratorium (solar)","Aitkin County, Minn., Zoning Ordinance Section 18 (2023), https://www.co.aitkin.mn.us/ordinances/pdf/zoning-ordinance.pdf"
5860,"Augusta Township (Washtenaw County)",2026,"In effect",2022,2023,Local,MI,"Washtenaw County",26161,"Augusta Township",Solar,"Rule 1: Ban / Moratorium (solar) 
In March 2022, August Township adopted a 6-month moratorium on large solar energy systems, subject to renewal.","Charter Township of Augusta, Mich., Ordinance No. 2022-01 (Mar. 22, 2023), https://augustatownship.org/wp-content/uploads/2023/03/2022-01-Final-Zoning-Ordinance-Amendment-6.25-Large-Solar-Energy-Systems-Signed.pdf; Charter Township of Augusta, Mich., Resolution No. 22-08 (Mar. 22, 2022), https://augustatownship.org/wp-content/uploads/2022/03/22-08-Resolution-for-Moratorium-Large-Scale-Solar-Projects-Final-Signed.pdf."
5861,"Juniata Township (Tuscola County)",2026,"In effect",2019,2019,Local,MI,"Tuscola County",26157,"Juniata Township",Wind,"Rule 6a: Setback Restriction (wind) 
Juniata Township’s 2019 commercial wind energy system ordinance establishes a setback of 4 times turbine max blade tip height from non-participating property lines.","Juniata Township, Mich., Ordinance No. 15-2019 (Sep. 14, 2019), https://drive.google.com/file/d/1G9-B-mJk9AlOmiqGxEVmH5fA0rtYgHZ5/view."
5862,"Novesta Township (Tuscola County)",2026,"In effect",2019,2019,Local,MI,"Tuscola County",26157,"Novesta Township",Wind,"Rule 6a and 6b: Setback Restriction (wind) 
Novesta Township’s wind ordinance requires turbines to be set back at least 5 times turbine height from non-participating property lines and 3 times turbine height from participating inhabited structures. The ordinance measures turbine height by the highest vertical point of the turbine’s swept rotor arc.","Novesta Township, Mich., Ordinance No. 2018 (2019), https://drive.google.com/open?id=1oXWRz9zohYoEPpeAVy9k_hcVlGyU-mSc"
5863,"Almer Township (Tuscola County)",2026,"In effect",2020,2020,Local,MI,"Tuscola County",26157,"Almer Township",Wind,"Rule 6a: Setback Restriction (wind) | Rule 7: Noise Restriction (wind) | Rule 8: Shadow Flicker Restriction (wind) 
In 2020, Almer Township adopted a wind ordinance requiring that commercial wind turbines be set back from property lines by a distance of 4 times the height of the highest blade tip. It further limits noise to 39 dBA at night and limits shadow flicker on neighboring properties to zero. The ordinance explicitly references agricultural preservation as well as health and safety concerns as the basis for the restrictions.","Almer Charter Township, Mich., Ordinance 2020-03, as codified at Zoning Ordinance § 1522(A)(1), (F)(1), (F)(12), (F)(24) (Feb. 2022), https://drive.google.com/file/d/1pvjWBx5fQqVOnTaYL8I0lvDgARd_At-o/view."
5864,"Vassar Township (Tuscola County)",2026,"In effect",2021,2021,Local,MI,"Tuscola County",26157,"Vassar Township",Wind,"Rule 6a: Setback Restriction (wind) 
Vassar Township’s 2021 zoning ordinance for wind energy requires a minimum setback of 5 times turbine max blade tip height from non-participating property lines.","Vassar Township, Mich., Ordinance No. 100 (May 6, 2021), https://vassartownship.org/wp-content/uploads/2023/03/zoning-ordinance-edited-11-30-2023.pdf."
5865,"Ellington Township (Tuscola County)",2026,"In effect",2016,2021,Local,MI,"Tuscola County",26157,"Ellington Township",Wind,"Rule 6a: Setback Restriction (wind) | Rule 7: Noise Restriction (wind) | Rule 8: Shadow Flicker Restriction (wind) 
In April 2016, the Ellington Township Board of Trustees held a special meeting to vote on whether to enact a wind energy moratorium. By a unanimous vote, the board agreed to a 4-month moratorium on wind turbine development. The moratorium was supported by a group called Ellington-Almer Township Concerned Citizens, and it resulted in the delay of the Tuscola III wind farm.  The Ellington Township Zoning Ordinance, as amended July 2021, requires that wind turbines be set back by a distance of 5 times turbine height from property lines of non-participating parcels (i.e., 2,500 feet for a 500-foot turbine), and 3 times turbine height from any road. The ordinance further provides that noise shall not exceed 40 dBA at any time on a nonparticipating property and prohibits any shadow flicker on neighboring properties.","Andrew Dietdrich, Ellington township board enacts four-month moratorium on wind turbines, Tuscola Today, Aug. 10, 2016, http://www.tuscolatoday.com/index.php/2016/04/06/ellington-township-board-enacts-4-month-moratorium-on-wind-turbines/; Andrew Dietdrich, Ellington township board enacts four-month moratorium on wind turbines, TUSCOLA TODAY, Aug. 10, 2016, http://www.tuscolatoday.com/index.php/2016/04/06/ellington-township-board-enacts-4-month-moratorium-on-wind-turbines/; ELLINGTON TOWNSHIP, MICH., ZONING ORDINANCE § 5.02(M)(7) (July 2021), https://www.ellingtontownship.org/about.php."
5866,"Shiawassee County",2026,"In effect",2018,2018,Local,MI,"Shiawassee County",26155,,Wind,"Rule 6a: Setback Restriction (wind) | Rule 7: Noise Restriction (wind) | Rule 8: Shadow Flicker Restriction (wind) | Rule 9: Height Restriction (wind) 
In June 2018, Shiawassee adopted specific use regulations for wind farms, limiting max blade tip height for commercial wind farms to 450 feet and noise to 45 dBa, prohibiting shadow flicker, and establishing setbacks for commercial wind turbines of 350% turbine max blade tip height from non-participating property lines.","Shiawassee County, Mich., Specific Use Regulations for Wind Energy Conversion Systems (Jun. 14, 2018), https://shiawassee.net/wp-content/uploads/2023/11/ZONING-ORDINANCE-AMENDMENTS-Part-2-update.pdf."
5867,"Hazelton Township (Shiawassee County)",2026,Expired,2021,2021,Local,MI,"Shiawassee County",26155,"Hazelton Township",Solar,"Rule 1: Ban / Moratorium (solar) 
In July 2021, Hazelton Township officials imposed a 12-month solar moratorium. A local businessman had led a campaign against solar in Hazelton, erecting 2,000 yard signs reading “No Solar Farms.”","Sergio Montanez, Mid-Michigan township enacts moratorium on solar development, leaders to form planning and zoning commission, MLive, July 8, 2021, https://www.mlive.com/news/flint/2021/07/mid-michigan-township-enacts-moratorium-on-solar-development-leaders-to-form-planning-and-zoning-commission.html."
5868,"Schoolcraft County",2026,"In effect",2014,2014,Local,MI,"Schoolcraft County",26153,,Wind,"Rule 6b: Setback Restriction (wind) | Rule 7: Noise Restriction (wind) | Rule 8: Shadow Flicker Restriction (wind) | Rule 9: Height Restriction (wind)","Schoolcraft County, Mich., Zoning Ordinance Section 508 (Jun. 2014), https://docs.wind-watch.org/MI-Schoolcraft-Cty-WT-Ordinance.pdf"
5869,"Bridgehampton Township (Sanilac County)",2026,Expired,2016,2016,Local,MI,"Sanilac County",26151,"Bridgehampton Township",Wind,"Rule 1: Ban / Moratorium (wind) 
In March 2016, a Bridgehampton Township council member moved for a wind moratorium, but this moratorium was eventually rejected. Bridgehampton then adopted a six-month moratorium on new wind development in November 2016 under a new board supervisor.","Beth LeBlanc, Sanilac townships put a stay on wind projects, The Times Herald, Mar. 13, 2016, https://www.thetimesherald.com/story/news/local/2016/03/13/sanilac-townships-put-stay-wind-projects/81634650/; Beth LeBlanc, Bridgehampton nixes wind mill moratorium, The Times Herald, Apr. 18, 2016, https://www.thetimesherald.com/story/news/local/2016/04/18/bridgehampton-nixes-wind-mill-moratorium/83069364/; Eric Levine, Bridgehampton Township proposes wind zoning – again, Sanilac County News, Dec. 21, 2016, https://sanilaccountynews.mihomepaper.com/articles/bridgehampton-township-proposes-wind-zoning-again/."
5870,"Marion Township (Sanilac County)",2026,Expired,2016,2016,Local,MI,"Sanilac County",26151,"Marion Township",Wind,"Rule 1: Ban / Moratorium (wind) 
In March 2016, Marion Township adopted a 6-month moratorium on wind energy development at the same time as it was being considered as a site for a planned wind project. This moratorium was later revised to only apply to future applications for permits, licenses, or approvals.","Beth LeBlanc, Sanilac townships put a stay on wind projects, Detroit Free Press, March 13, 2016, https://www.freep.com/story/news/local/michigan/2016/03/13/sanilac-townships-put-stay-wind-projects/81727930/; Eric Levine, Moratorium won’t halt windmills, Sanilac County News, Apr. 6, 2016, https://sanilaccountynews.mihomepaper.com/articles/moratorium-wont-halt-windmills/."
5871,"Sanilac Township (Sanilac County)",2026,"In effect",2019,2019,Local,MI,"Sanilac County",26151,"Sanilac Township",Wind,"Rule 1: Ban / Moratorium (wind) | Rule 6a: Setback Restriction (wind) | Rule 7: Noise Restriction (wind) | Rule 8: Shadow Flicker Restriction (wind) 
The Sanilac Township wind ordinance, with changes adopted in June 13, 2019, establishes an exclusion zone on wind facilities east of Ridge Road. It further prohibits shadow flicker on any neighboring property, limits noise to 5 dBA higher than ambient noise, and requires a setback from property lines of at least 1,320 feet or 4 times total height, whichever is greater.","Sanilac Township, Mich., Wind Ordinance § 6.50(e), (g)(1), (g)(4), (g)(9) (Jun. 13, 2019), https://sanilactownship.org/wp-content/uploads/2019/06/Wind-50-51-Final-copy-with-changes-adopted-June-13-2019.pdf."
5872,"Fremont Township (Sanilac County)",2026,"In effect",2024,2024,Local,MI,"Sanilac County",26151,,Wind|Solar,"Rule 2: Size Cap (wind) | Size Cap (solar)
In 2024, Fremont Township restricted renewable energy development to a 520-acre overlay district that was limited to 2.25% of the township’s land.","Intervening Appellees’ Brief on Appeal, Almer Charter Township v. Michigan Public Service Commission, Court of Appeals No. 373259,  Feb. 7, 2025, at 8, https://climate.law.columbia.edu/sites/climate.law.columbia.edu/files/content/Michigan%20Almer%20Charter%20Twp%20Briefs/2025.02.07%20Intervening%20Appellees'%20Brief%20on%20Appeal.pdf."
5873,"Fremont Township (Sanilac County)",2026,"In effect",2024,2024,Local,MI,"Sanilac County",26151,,Wind,"Rule 2: Size Cap (wind) | Size Cap (solar)
In 2024, Fremont Township restricted renewable energy development to a 520-acre overlay district that was limited to 2.25% of the township’s land.","Intervening Appellees’ Brief on Appeal, Almer Charter Township v. Michigan Public Service Commission, Court of Appeals No. 373259,  Feb. 7, 2025, at 8, https://climate.law.columbia.edu/sites/climate.law.columbia.edu/files/content/Michigan%20Almer%20Charter%20Twp%20Briefs/2025.02.07%20Intervening%20Appellees'%20Brief%20on%20Appeal.pdf."
5874,"Wales Township (St. Clair County)",2026,Expired,2023,2023,Local,MI,"St. Clair County",26147,"Wales Township",Wind|Solar,"Rule 1: Ban / Moratorium (wind) | Rule 1: Ban / Moratorium (solar)
In February 2023, Wales Township adopted an 18-month moratorium on wind and solar projects.","Jackie Smith and Patricia Alvord, Whitmer wants to make Michigan a clean energy haven. But rural communities are pushing back, Port Huron Times Herald, June 4, 2023, https://www.thetimesherald.com/story/money/business/2023/06/04/rise-of-wind-solar-farms-prompts-major-rule-changes-for-michigan-townships/70277865007/."
5875,"St. Clair County",2026,"In effect",2025,2025,Local,MI,"St. Clair County",26147,,Solar|Storage,"Rule 1: Ban / Moratorium (wind) | Rule 1: Ban / Moratorium (solar) | Rule 5: Viewshed Restriction (solar)","St. Clair County, Mich., Health Department, Regulation No. 25-01 (May 1, 2025),  https://stclaircounty.org/PageBuilder/scchd/Uploads/Regulation._Final%20(Enacted).pdf; Eli Newman, Michigan county’s argument against solar farms? They’re a health hazard, Michigan Environment Watch, Feb. 20, 2026, https://bridgemi.com/michigan-environment-watch/michigan-countys-argument-against-solar-farms-theyre-a-health-hazard/; Judge Throws Out County’s Solar Rules, WGRT, Feb. 6, 2026, https://wgrt.com/judge-throws-out-countys-solar-rules/; Jonathan Hogan, St. Clair County solar regulations overturned by judge, Times Herald, Feb. 6, 2026, https://www.thetimesherald.com/story/news/local/2026/02/03/st-clair-county-michigan-solar-regulations-overturned-what-to-know/88492384007/, DTE Electric Company v. Ct. Clair County, No. 25-001332-CZ (Dist. Ct., St. Clair County 2025)."
5876,"Village of Chesaning (Saginaw County)",2026,"In effect",2022,2022,Local,MI,"Saginaw County",26145,Chesaning,Solar,"Rule 2: Size Cap (solar)","Village of Chesaning, Mich., Solar Panel Farm Ordinance No. 2019-0601 (Jun. 6, 2019), https://www.chesaningtwp.org/wp-content/uploads/2022/04/Solar-Panel-Farm-Ordinance-2019-0601-Amendment-to-Zoning-Ordinance.pdf"
5877,"Chapin Township (Saginaw County)",2026,"In effect",2024,2024,Local,MI,"Saginaw County",26145,Chapin,Solar,"Rule 2: Size Cap (solar) | Rule 10a: Setback Restriction (solar)","Chapin Township, Mich., Ordinance #01-2023 (Nov. 13, 2023), https://www.chapintownship.com/wp-content/uploads/2024/03/Solar-ordinance-amended.pdf"
5878,"Presque Isle Township",2026,"In effect",2022,2022,Local,MI,"Presque Isle County",26141,"Presque Isle Township",Wind,"Rule 9: Height Restriction (wind)","Presque Isle Township, Mich,, Zoning Ordinance Section 7.42 (Jan. 25, 2022), https://presqueisletwp.org/wp-content/uploads/2022/01/Presque-Isle-Township-Zoning-Ordinance-Final-Draft-1-25-22.pdf"
5879,"City of Richmond (Osceola County)",2026,"In effect",2022,2022,Local,MI,"Osceola County",26133,Richmond,Solar,"Rule 1: Ban / Moratorium (solar)","City of Richmond, Mich., Ordinance No. 64-22 (Sep. 20, 2022),https://cms4files.revize.com/osceolami/Township_Richmond/Richmond%20Twp%20-%20Zoning%20-%20Solar%20Energy%20Requiements%202022.pdf"
5880,"Highland Township (Osceola County)",2026,"In effect",2025,2025,Local,MI,"Osceola County",26133,Highland,Solar,"Rule 2: Size Cap (solar) | Rule 10a: Setback Restriction (solar)","Highland Township, Mich., Zoning Ordinance Sec. 7.3 (as amended May 22, 2025), https://cms4files.revize.com/osceolami/Township_Highland/2025%20Zoning%20Ordinance%20of%20Highland%20Township.pdf"
5881,"Ogemaw County",2026,"In effect",2011,2025,Local,MI,"Ogemaw County",26129,,Wind,"Rule 6a: Setback Restriction (wind)","Ogemaw County, Mich., Zoning Ordinance Section (as amended 2025), https://www.ocmi.us/wp-content/uploads/Zoning-Ordinance.pdf"
5882,"Claybanks Township (Oceana County)",2026,"In effect",2019,2019,Local,MI,"Oceana County",26127,"Claybanks Township",Solar,"Rule 1: Ban / Moratorium (solar) 
The township's zoning ordinance limits solar farms to marginal land that would not be used as cropland in Agricultural Preservation and Rural Preservation Districts.","Claybanks Township, Michigan, Zoning Ordinance (Aug. 2019), https://www.claybankstownship.org/wp-content/uploads/2019/08/Claybanks-Twp.-Ordinace-Book.pdf."
5883,"Claybanks Township (Oceana County)",2026,"In effect",2019,2019,Local,MI,"Oceana County",26127,"Claybanks Township",Wind,"Rule 6a: Setback Restriction (wind) | Rule 7: Noise Restriction (wind) 
Claybanks Township’s 2019 zoning ordinance establishes the following restrictions for wind turbines: setbacks of 1,500 feet from the nearest inhabited structure on a participating property and 3,000 feet from the nearest non-participating property line; a turbine max blade tip height limitation of 500 feet; and a noise limit of 40 dBa at non-participating properties.","Claybanks Township, Mich., Zoning Ordinance (Aug. 2019), https://www.claybankstownship.org/wp-content/uploads/2019/08/Claybanks-Twp.-Ordinace-Book.pdf."
5884,"City of Birmingham (Oakland County)",2026,"In effect",2021,2021,Local,MI,"Oakland County",26125,Birmingham,Solar,"Rule 1: Ban / Moratorium (solar)","City of Birmingham, Mich., Zoning Ordinance Section 4.88 AE-01 (Jul. 26, 2021) https://online.encodeplus.com/regs/birmingham-mi/doc-viewer.aspx?secid=227"
5885,"City of South Lyon (Oakland County)",2026,"In effect",2021,2021,Local,MI,"Oakland County",26125,"South Lyon",Solar,"Rule 1: Ban / Moratorium (solar)","City of South Lyon, Mich., Zoning Ordinance Section 102-42 (May 2021), https://cms5.revize.com/revize/southlyon/Zoning%20Ordinance%20FINAL%20with%20hyperlinks.pdf"
5886,"Casnovia Township (Muskegon County)",2026,"In effect",2019,2019,Local,MI,"Muskegon County",26121,"Casnovia Township",Wind,"Rule 6a: Setback Restriction (wind) | Rule 7: Noise Restriction (wind) | Rule 8: Shadow Flicker Restriction (wind) 
In October 2019, Casnovia Township adopted wind energy restrictions that are virtually identical to those of Almer Township. The ordinance requires that commercial wind turbines be set back from property lines by a distance of 4 times blade tip height. It further limits noise to 39 dBA at night and limits shadow flicker on neighboring properties to zero. The ordinance explicitly references agricultural preservation as well as health and safety concerns as the basis for the restrictions.","Casnovia Township, Mich., Zoning Ordinance §§ 3.24(a)(1), (g)(1), (g)(13), (g)(30) (2022), https://www.casnoviatownshipmi.gov/wp-content/uploads/2022/04/FinalCasTwpWindOrd10.07.2019-1.pdf."
5887,"White River Township (Muskegon County)",2026,"In effect",2023,2024,Local,MI,"Muskegon County",26121,"White River Township",Wind|Solar,"Rule 1: Ban / Moratorium (wind) | Rule 1: Ban / Moratorium (solar)
In January 2023, White River Township adopted a 6-month moratorium on solar projects, prompting a lawsuit from the developer of a proposed 200-MW project who had already spent $1.6 million on the project. In 2024, the township adopted an ordinance that restricted renewable energy projects to an overlay district that consists of a single 600-acre contaminated brownfield parcel.","Intervening Appellees’ Brief on Appeal, Almer Charter Township v. Michigan Public Service Commission, Court of Appeals No. 373259,  Feb. 7, 2025, at 8, https://climate.law.columbia.edu/sites/climate.law.columbia.edu/files/content/Michigan%20Almer%20Charter%20Twp%20Briefs/2025.02.07%20Intervening%20Appellees'%20Brief%20on%20Appeal.pdf; Lynn Moore, Solar power developer sues township for failing to consider large project in West Michigan, M Live Michigan, Mar. 2, 2023, https://www.mlive.com/news/muskegon/2023/03/solar-power-developer-sues-township-for-failing-to-consider-large-project-in-west-michigan.html."
5888,"Pierson Township (Montcalm County)",2026,"In effect",2021,2021,Local,MI,"Montcalm County",26117,"Pierson Township",Wind,"Rule 6a: Setback Restriction (wind) | Rule 7: Noise Restriction (wind) | Rule 8: Shadow Flicker Restriction (wind) 
The zoning ordinance, as amended in 2021, requires that commercial wind turbines be set back from property lines by a distance of 4 times blade tip height. It further limits noise to 39 dBA at night and limits shadow flicker on neighboring properties to zero. The ordinance explicitly references agricultural preservation as well as health and safety concerns as the basis for the restrictions. Pierson Township’s wind energy restrictions are virtually identical to those of Almer Township.","Pierson Township, Mich., Ordinance to Amend Zoning Ordinance to Provide for Public Utility Facilities and Wind Energy Conversion Systems, Ordinance Nos. 2020-01  §§ 5.05(b)(1), (h)(1), (h)(13), (h)(30) (as amended Jun. 2021), https://www.piersontwp.org/_files/ugd/7ad804_bec875fe9e674c8ba6600f07f2232d10.pdf."
5889,"Sidney Township (Montcalm County)",2026,"In effect",2021,2021,Local,MI,"Montcalm County",26117,"Sidney Township",Wind,"Rule 6a and 6b: Setback Restriction (wind) | Rule 8: Shadow Flicker Restriction (wind) | Rule 9: Height Restriction (wind) 
On July 8, 2021, the Sidney Township board approved an ordinance that prohibited wind turbines within 3,000 feet of any road and 2.5 miles from any body of water. The ordinance also limited shadow flicker to zero, and limited turbine height to 300 feet. The restrictions made it impossible for Apex Clean Energy to build a planned wind farm.","Joseph Bernstein, “Corrosive Communities”: How A Facebook Fight Over Wind Power Predicts the Future of Local Politics in America, Buzzfeed News, Dec. 17, 2021, https://www.buzzfeednews.com/article/josephbernstein/facebook-groups-wind-turbine-construction; Sidney Township, Mich., Ordinance No. 2021-01 §§ 16.08(LL)(5)(a), (b), (c), http://www.sidneymi.org/nebula.wsimg.com/f8ea6dd989ee7296e9bba416c788ce3f5791.pdf?AccessKeyId=D83E7EFEAA9A7A865547&disposition=0&alloworigin=1."
5890,"Maple Valley Township (Montcalm County)",2026,"In effect",2021,2022,Local,MI,"Montcalm County",26117,"Maple Valley Township",Wind,"Rule 6b: Setback Restriction (wind) | Rule 8: Shadow Flicker Restriction (wind) 
In March 2021, the Maple Valley Township Board of Trustees instituted a 6-month moratorium on any wind activity in the town. In December 2022, the Township Board adopted a new wind ordinance that increased setbacks from non-participating properties to 5 times turbine max blade tip height and prohibits shadow flicker on non-participating lots.","Elisabeth Waldon, Maple Valley Township Board rescinds controversial wind ordinance, Daily News, Mar. 10, 2021,  https://www.thedailynews.cc/articles/maple-valley-township-board-rescinds-controversial-wind-ordinance/; Maple Valley Township, Michigan, Ordinance No. 28 (Dec. 16, 2022), https://maplevalleytwpmi.gov/api/blob/viewBlob?rf=t&i=hqagiC3rGzFC%2FgFwK%252BpZJKe1ErBaFD9Pf8bSMSPNN3%252BpFP%252Bc%252BRD%252BbcWx1Dq12p2u; Elisabeth Waldon, Maple Valley Township Board approves new wind ordinance, Daily News, Dec. 20, 2022, https://www.thedailynews.cc/articles/maple-valley-twp-board-oks-new-wind-ordinance/; Elizabeth Waldon, Maple Valley Township Board approves new wind ordinance, The Daily News, Dec. 20, 2022, https://www.thedailynews.cc/articles/maple-valley-twp-board-oks-new-wind-ordinance/."
5891,"Winfield Township (Montcalm County)",2026,"In effect",2023,2023,Local,MI,"Montcalm County",26117,"Winfield Township",Solar,"Rule 10a: Setback Restriction (solar) 
Winfield Township adopted wind and solar ordinances in November 2023. The solar ordinance requires that photovoltaic and thermal panels be set back at least 300 feet from property lines and public rights-of-way, and requires that inverters and transformers be set back at least 500 feet from property lines and public rights-of-way.","Winfield Township, Mich., Ordinance No. 11-9-23-3 (Nov. 9, 2023), https://winfieldtownshipmi.gov/wp-content/uploads/2023/11/Commercial-Solar-Energy-1.pdf; Winfield Township, Michigan, Ordinance No. 11-9-32-2 (Nov. 9, 2023), https://winfieldtownshipmi.gov/wp-content/uploads/2023/11/Commercial-Wind-Energy-1.pdf."
5893,"Winfield Township (Montcalm County)",2026,"In effect",2023,2023,Local,MI,"Montcalm County",26117,"Winfield Township",Wind,"Rule 6a: Setback Restriction (wind) | Rule 7: Noise Restriction (wind) | Rule 8: Shadow Flicker Restriction (wind) | Rule 9: Height Restriction (wind) 
Winfield Township adopted wind and solar ordinances in November 2023. The wind ordinance requires that wind turbines not exceed 300 feet in height and be set back at least 1,640 feet from property lines and public rights-of-way. Noise from wind turbines cannot exceed 45 dBa, and shadow flicker is prohibited on all public rights-of-way and non-participating properties.","Winfield Township, Mich., Ordinance No. 11-9-23-3 (Nov. 9, 2023), https://winfieldtownshipmi.gov/wp-content/uploads/2023/11/Commercial-Solar-Energy-1.pdf; Winfield Township, Mich., Ordinance No. 11-9-32-2 (Nov. 9, 2023), https://winfieldtownshipmi.gov/wp-content/uploads/2023/11/Commercial-Wind-Energy-1.pdf."
5894,"Douglass Township (Montcalm County)",2026,"In effect",2023,2023,Local,MI,"Montcalm County",26117,"Douglass Township",Wind,"Rule 6a and 6b: Setback Restriction (wind) | Rule 7: Noise Restriction (wind) | Rule 8: Shadow Flicker Restriction (wind) | Rule 9: Height Restriction (wind) 
Douglass Township’s June 2023 wind ordinance establishes a setback of from non-participating property lines of the greater of 5 times turbine height and 1,640 feet, along with a setback of 1,640 feet from inhabited structures on participating property. Noise on non-participating parcels is limited to between 30 dBa and 40 dBa, depending on time of day. Max blade tip height is limited to 350 feet, and shadow flicker on roads and non-participating parcels is prohibited.","Douglass Township, Mich., Ordinance No. 2023-03 (Jun. 7, 2023), https://acrobat.adobe.com/link/review?uri=urn%3Aaaid%3Ascds%3AUS%3A1fcaa7e8-e643-3eb5-a3d6-3316153c0fd7"
5895,"LaSalle Township (Monroe County)",2026,"In effect",2012,2017,Local,MI,"Monroe County",26115,"LaSalle Township",Wind,"Rule 9: Height Restriction (wind)","LaSalle Township, Mich., Zoning Ordinance Sec. 5.56 (as amended 2017), https://lasalletwpmi.com/wp-content/uploads/2017/05/Complete-LaSalle-ZO-2017.pdf"
5896,"Summerfield Township (Monroe County)",2026,"In effect",2018,2018,Local,MI,"Monroe County",26115,"Summerfield Township",Solar,"Rule 1: Ban / Moratorium (solar) 
Summerfield Township’s October 2018 zoning ordinance limits large-scale solar projects to industrial districts.","Summerfield Township, Mich., Zoning Ordinance § 15.36(2) (as amended Oct. 22, 2018), https://nebula.wsimg.com/c7d99d1c465cf2bb4e96e253a2ef46d7?AccessKeyId=ABD038DA05A7AAA90A2C&disposition=0&alloworigin=1."
5897,"Berlin Charter Township (Monroe County)",2026,"In effect",2020,2020,Local,MI,"Monroe County",26115,"Berlin Charter Township",Solar,"Rule 1: Ban / Moratorium (solar) 
Berlin Charter Township’s zoning code, last amended in February 2020, disallows solar development in agricultural-zoned districts and limits it to a special use in industrial-zoned districts.","Berlin Charter Township, Mich., Code of Ordinances § 18-173(d)(1) (as amended Feb. 10, 2020), https://library.municode.com/mi/berlin_charter_township,_(monroe_co.)/codes/code_of_ordinances?nodeId=COOR_CH18ZO_ARTVIIISPUSST_S18-173SOENCO."
5898,"Bedford Township (Monroe County)",2026,"In effect",2021,2021,Local,MI,"Monroe County",26115,"Bedford Township",Solar,"Rule 1: Ban / Moratorium (solar) 
As of September 2021, Bedford Township only allowed solar development in industrial-zoned districts, excluding it from agricultural districts.","Blake Bacho, Bedford board balks at solar field proposal, Monroe News, Sept. 13, 2021, https://www.monroenews.com/story/news/2021/09/13/bedford-board-balks-solar-field-proposal/8283113002/."
5899,"Monroe Charter Township (Monroe County)",2026,"In effect",2022,2022,Local,MI,"Monroe County",26115,"Monroe Charter Township",Solar,"Rule 1: Ban / Moratorium (solar) 
Monroe Charter Township’s April 2022 zoning amendment limits large-scale solar projects to light industrial districts.","Monroe Charter Township, Mich., Ordinance No. 145(D)(2) (Apr. 19, 2022), https://www.monroechartertownship.org/_files/ugd/10bf2b_1834692c7c7e4ec3833ea66e5e980540.pdf."
5900,"Frenchtown Township (Monroe County)",2026,"In effect",2023,2023,Local,MI,"Monroe County",26115,"Frenchtown Township",Solar,"Rule 1: Ban / Moratorium (solar) 
Frenchtown Township’s June 2023 zoning ordinance limits solar development to industrial districts, excluding it from agricultural districts.","Frenchtown Township, Mich., Zoning Ordinance § 4.38(D) (as amended May 23, 2023), https://www.frenchtownmi.gov/wp-content/uploads/Frenchtown-ZO-Final-Version-September-2023.pdf."
5901,"Milan Township (Monroe County)",2026,"In effect",2023,2023,Local,MI,"Monroe County",26115,"Milan Township",Solar,"Rule 1: Ban / Moratorium (solar) 
On February 9, 2023, the Milan Township Board voted to adopt an ordinance similar to that of LaSalle Township, which prohibits large-scale solar energy systems on land zoned for agricultural purposes, restricting such projects to a very small area of the township zoned for industrial purposes. A group called Citizens Against Solar in Agriculture lobbied for the restrictions.","Public Notices 2-21-23, Dundee Independent, https://dundeeonline.com/public-notices-2-21-23/ (last visited Mar. 1, 2023); Milan Township, No To Solar, https://www.notosolar.com/milan-township (last visited March 1, 2023); Ron French, With growing backlash to wind energy, Michigan turns to solar power, Bridge Michigan, Jan. 16, 2023, https://www.bridgemi.com/michigan-environment-watch/growing-backlash-wind-energy-michigan-turns-solar-power; Ryan Loren, Milan Township voters to have say on incumbent clerk, trustee in recall election May 2, Monroe News, Apr. 30, 2023, https://www.monroenews.com/story/news/politics/elections/local/2023/04/30/milan-township-clerk-trustee-may-2-recall-election/70150889007/."
5902,"Raisinville Township (Monroe County)",2026,"In effect",2024,2024,Local,MI,"Monroe County",26115,,Solar,"Rule 2: Size Cap (solar) 
On November 18, 2024, Raisinville Township adopted an order that limited the aggregate amount of land that could be used for solar to a total of 1,000 acres across the township.","Raisinville Township, Mich., Ordinance No. 61-U § 3.31(6)(H) (Nov. 8, 2024), https://www.raisinville.org/mt-content/uploads/2024/11/solarzoamend50mw_finaladopted_11-18-2024.pdf."
5903,"Ida Township (Monroe County)",2026,"In effect",2024,2024,Local,MI,"Monroe County",26115,,Wind|Solar|Storage,"Rule 1: Ban / Moratorium (wind) | Rule 1: Ban / Moratorium (solar) | Rule 1: Ban / Moratorium (storage)
Between September and December 2024, Ida Township adopted new ordinances for wind, solar, and battery storage projects that limited such projects to an overlay district encompassing 32 parcels in the northeast corner of the township.","Ida Township, Mich., Ordinance No. 123-24 § 6.53(B)(3), No. 126-24, § 2(E), No. 128-24, § 6.53(B)(3) (2024), https://idatownshipmi.gov/zoning-board-of-appeals/."
5904,"LaSalle Township (Monroe County)",2026,"In effect",2022,2024,Local,MI,"Monroe County",26115,"LaSalle Township",Solar,"Rule 1: Ban / Moratorium (solar) | Rule 10a: Setback Restriction (solar) 
On September 19, 2022, the LaSalle Township Board voted to adopt an ordinance that prohibited large-scale solar energy systems from land zoned for agricultural purposes and required 500-foot setbacks from property lines. Under the new ordinance, large-scale solar energy projects are only permitted on approximately 89 acres out of 17,000 acres in the district. The proponents of the restrictions organized against solar energy development on a Facebook group called “Stop Solar! Save the Farms!” On November 29, 2024, in response to Public Act 233, LaSalle Township amended its ordinance to create an overlay district for renewable energy project, which was limited to about 1,100 acres total, before taking into account any setbacks; the new ordinance reduced solar setbacks for projects subject to P.A. 233 to 300 feet.","LaSalle Township, Mich., Zoning Ordinance Sec. 5.59(d)(8) (adopted Nov. 29, 2024), https://lasalletwpmi.com/wp-content/uploads/2024/12/LaSalle-ZO-20241129.pdf; Paul Wohlfarth, Misinformation Leads to Solar Ordinance Pushback in Michigan, Demcast, Oct. 13, 2022, https://demcastusa.com/2022/10/13/misinformation-leads-to-solar-ordinance-pushback-in-michigan/."
5905,"Mason County",2026,"In effect",2018,2018,Local,MI,"Mason County",26105,,Wind,"Rule 8: Shadow Flicker Restriction (wind) 
Mason County’s zoning ordinance for wind energy disallows any non-incidental shadow flicker on non-participating occupied buildings, sets noise limits of 45 dBa, and sets a 3-times setback requirement from buildings designed for human occupation.","Mason County, Mich., Zoning Ordinance Section 17.70 (Jun. 12, 2018), https://www.masoncounty.net/userfiles/filemanager/1494/."
5906,"Sands Township (Marquette County)",2026,"In effect",2022,2022,Local,MI,"Marquette County",26103,"Sands Township",Wind,"Rule 1: Ban / Moratorium (wind) | Rule 6a: Setback Restriction (wind) | Rule 7: Noise Restriction (wind) | Rule 8: Shadow Flicker Restriction (wind) | Rule 9: Height Restriction (wind) 
Sands Township disallows wind turbines in any zoning district—including agriculture and commercial districts—except for “Open Space” districts. Wind turbines for large wind energy systems must be set back at least 1,000 feet from non-participating properties, cannot exceed 500 feet in height, and must remain below 40 dBa in noise. The owners of large wind energy systems “must take such reasonable steps as are necessary to prevent, mitigate, and eliminate Shadow Flicker” on occupied structures on nonparticipating property. Solar farms larger than 5 acres are not allowed in agriculture zoning districts.","Sands Township, Mich., Zoning Ordinance (last amended Nov. 15, 2022), https://www.sandstownship.org/wp-content/uploads/2022/11/Zoning-Ordinance-Updated-November-2022.pdf."
5907,"Manistee Township (Manistee County)",2026,"In effect",2018,2021,Local,MI,"Manistee County",26101,,Wind,"Rule 9: Height Restriction (wind)","Manistee Township, Mich., Zoning Ordinance Sec. 1637 (as amended Apr. 2021), https://manisteecountymi.gov/DocumentCenter/View/1195/Manistee-Township-Zoning-Ordinance-2018-Revised-PDF"
5908,"Cohoctah Township (Livingston County)",2026,Expired,2021,2021,Local,MI,"Livingston County",26093,"Cohoctah Township",Solar,"Rule 1: Ban / Moratorium (solar) 
In December 2021, Cohoctah Township adopted a year-long moratorium on utility-scale solar. The township adopted another year-long utility-scale solar moratorium in February 2023.","Cohoctah Township, Mich., Amendments to the Zoning Ordinance 27.01 (Aug. 8, 2023), https://milivcounty.gov/wp-content/uploads/August-PC-Packet.pdf."
5909,"Tyrone Township (Livingston County)",2026,Expired,2023,2023,Local,MI,"Livingston County",26093,"Tyrone Township",Solar,"Rule 1: Ban / Moratorium (solar) 
In April 2023, Tyrone Township adopted a 6-month moratorium on solar projects in order to develop solar regulations. The moratorium was in response to community concerns about noise, property values, and environmental impacts. In October 2023, the township extended the moratorium by six months, and in November 2023, the township Board of Trustees unanimously adopted a resolution in favor of maintaining local control of utility-scale solar facilities.","Patricia Alvord, Tyrone Township votes to enact six-month moratorium for solar projects, Livingston Daily, Apr. 9, 2023, https://www.livingstondaily.com/story/news/local/community/tyrone-township/2023/04/09/tyrone-township-votes-to-enact-six-month-moratorium-for-solar-projects/70084192007/; Sharon Stone, Talks continue on utility-scale solar facilities, Tri-County Times, Dec. 15, 2023, https://www.tctimes.com/news/talks-continue-on-utility-scale-solar-facilities/article_e0e728be-9b88-11ee-b2e1-b3d8604a326a.html."
5910,"Conway Township (Livingston County)",2026,"In effect",2023,2023,Local,MI,"Livingston County",26093,"Conway Township",Solar,"Rule 1: Ban / Moratorium (solar) 
In April 2023, Conway Township adopted a year-long moratorium on commercial wind and solar projects.","Conway Township, Mich., Zoning Ordinance Amendment (Sep. 15, 2023), https://library.municode.com/mi/conway_township,_(livingston_co.)/ordinances/code_of_ordinances?nodeId=1399194; Conway Township, Michigan, Ordinance No. 2023-01 (Apr. 18, 2023), https://www.conwaymi.gov/vnews/display.v/ART/6447ffd84bf8b."
5911,"Genoa Township (Livingston County)",2026,"In effect",2023,2023,Local,MI,"Livingston County",26093,"Genoa Township",Solar,"Rule 1: Ban / Moratorium (solar) 
In March 2023, Genoa Township adopted a 6-month moratorium on applications for ground-mounted or commercial solar projects.","Genoa Township, Mich., Ordinance No. Z-23-03 (Aug. 21, 2023), https://acrobat.adobe.com/id/urn:aaid:sc:va6c2:14d5183d-3574-4a87-b4be-f7caf078fc86; Patricia Alvord, Genoa Township imposes six-month moratorium on commercial solar projects, Livingston Daily, Mar. 23, 2023, https://www.livingstondaily.com/story/news/2023/03/23/genoa-township-votes-for-six-month-moratorium-on-solar/70040820007/."
5912,"Iosco Township (Livingston County)",2026,"In effect",2021,2023,Local,MI,"Livingston County",26093,"Iosco Township",Wind|Solar,"Rule 1: Ban / Moratorium (wind) | Rule 1: Ban / Moratorium (solar)
In February 2023, the Iosco Township Board of Trustees voted to impose a 6-month moratorium on renewable energy projects.","Iosco Township, Mich., Zoning Ordinance Amendment (Dec. 16, 2021), 
https://www.ioscotwp.com/media/296; Patricia Alvord, Iosco Township Board imposes 6-month moratorium for green energy ordinance, Livingston Daily, Feb. 17, 2023, https://www.livingstondaily.com/story/news/local/2023/02/17/iosco-township-votes-for-six-month-moratorium-on-wind-solar-during-meeting/69914355007/."
5913,"Conway Township (Livingston County)",2026,"In effect",2023,2024,Local,MI,"Livingston County",26093,"Conway Township",Wind,"Rule 1: Ban / Moratorium (wind) 
In April 2023, Conway Township adopted a year-long moratorium on commercial wind and solar projects.","Conway Township, Mich., Ordinance No. 240709-3 (Jul. 9, 2024), https://library.municode.com/mi/conway_township,_(livingston_co.)/ordinances/code_of_ordinances?nodeId=1399198; Conway Township, Michigan, Ordinance No. 2023-01 (Apr. 18, 2023), https://www.conwaymi.gov/vnews/display.v/ART/6447ffd84bf8b."
5914,"Tyrone Township (Livingston County)",2026,"In effect",2024,2025,Local,MI,"Livingston County",26093,"Tyrone Township",Wind|Solar|Storage,"Rule 1: Ban / Moratorium (wind) | Rule 1: Ban / Moratorium (solar) | Rule 1: Ban / Moratorium (storage)","Tyrone Township, Mich., Ordinance No. 36 (Nov. 19, 2024),https://www.tyronetownship.us/wp-content/uploads/2026/05/COMPLETE-Zoning-Ordinance-060325.pdf."
5915,"Ogden Township (Lenawee County)",2026,Expired,2011,2011,Local,MI,"Lenawee County",26091,"Ogden Township",Wind,"Rule 1: Ban / Moratorium (wind) 
In March 2011, Ogden Township officials voted unanimously (5-0) to institute a 6-month moratorium on wind turbine construction. Ogden created a citizens advisory committee to research the effects of wind energy and alternative options for power generation.","Dan Cherry, Ogden township board passes 6-month moratorium on wind turbines, Daily Telegram, Mar. 15, 2011, https://www.lenconnect.com/story/news/local/2011/03/15/ogden-township-board-passes-6/64104398007/."
5916,"Riga Township (Lenawee County)",2026,"In effect",2019,2019,Local,MI,"Lenawee County",26091,"Riga Township",Wind,"Rule 7: Noise Restriction (wind) 
Riga Township’s wind energy ordinance requires that on-site wind energy systems and MET towers be set back from non-participating property lines by the greater of either 2 times the height of the structure or the minimum distance necessary for noise to remain below 40 dBa.","Riga Township, Michigan, Ordinance No. 32 (2019), https://mcusercontent.com/6bd0975b16a7e7a508afa9b4b/files/7ca8dff2-33ca-42db-9084-687d2e68aa01/ordinance_32_Wind_Ordinance.pdf."
5917,"Palmyra Township (Lenawee County)",2026,"In effect",2023,2023,Local,MI,"Lenawee County",26091,"Palmyra Township",Solar,"Rule 10a: Setback Restriction (solar) 
In May 2023, voters in Palmyra Township approved a zoning amendment that imposed new restrictions on utility-scale solar projects. While the original ordinance required that utility-scale solar projects be set back 50 feet from property lines, the amended ordinance requires setbacks of 330 feet. In addition, while the original ordinance did not impose any limits on the amount of a lot that could be covered with solar panels, the amended ordinance sets a percentage maximum on lot coverage.","Mary Lowe, Palmyra Township voters support zoning amendment restricting most utility-scale solar, Daily Telegram, May 3, 2023, https://www.lenconnect.com/story/news/local/2023/05/03/palmyra-township-pass-amendment-rejecting-most-utility-scale-solar/70177801007/."
5918,"Elmwood Township (Leelanau County)",2026,"In effect",2016,2016,Local,MI,"Leelanau County",26089,"Elmwood Township",Solar,"Rule 1: Ban / Moratorium (solar) 
In March 2016, Elmwood Township adopted a 12-month moratorium on wind energy development. At the town hall meeting, board officials said they would halt all construction of wind energy conversion systems to “protect the public health, safety, and welfare” of all Elmwood residents.","Charter Township of Elmwood, Mich., Ordinance No. 2018-03 (Sep. 28, 2018), 
https://cms3.revize.com/revize/leelanaucounty/Documents/Townships/Elmwood/Services/Ordinances%20And%20Plans/ZO%20FINAL%20as%20amended%20through%20Dec%2027,%202024docx.pdf?t=202501241043250&t=202501241043250"
5919,"Burnside Township Township (Lapeer County)",2026,"In effect",2018,2018,Local,MI,"Lapeer County",26087,"Burnside Township",Wind,"Rule 6a: Setback Restriction (wind) 
In February 2018, the Burnside Township Board of Trustees passed multiple amendments further restricting wind energy in their town. The amendments limited noise to 45 dBa and established setbacks of 1,640 or 3.5 times turbine max blade tip height from inhabited structures and adjacent non-participating property lines. Representatives of DTE Energy, which was considering a wind energy project in Burnside, stated that the amendments would effectively ban wind turbines in Burnside.","Andrew Dietderich, Burnside officials clamp down on wind turbines, The County Press, Feb. 28, 2018, https://thecountypress.mihomepaper.com/articles/burnside-township-officials-clamp-down-on-wind-turbines/."
5920,"Arcadia Township (Lapeer County)",2026,"In effect",2019,2019,Local,MI,"Lapeer County",26087,"Arcadia Township",Wind,"Rule 6a: Setback Restriction (wind) | Rule 7: Noise Restriction (wind) 
Arcadia Township’s 2019 zoning ordinance for wind energy limits noise to 40 dBa and establishes setbacks from property lines, occupied buildings, and rights-of-way of 1,640 feet for turbines less than 500 feet and 3.28 times turbine max blade tip height for turbines greater than 500 feet.","Arcadia Township, Mich., Zoning Ordinance Article XI (Aug. 12, 2019), https://www.arcadiatownship.org/images/Arcadia-Zoning-Ordinance/Arcadia%20Zoning%20Ordinance%20100%2035-61-ARTICLE%20XI.pdf."
5921,"Richland Township (Kalamazoo County)",2026,"In effect",2020,2020,Local,MI,"Kalamazoo County",26077,,Wind,"Rule 9: Height Restriction (wind)","Richland Township, Mich., Code of Ordinances Section 18.300.1800 (as amended Jan. 21, 2020), https://library.municode.com/mi/richland_township%2C_(kalamazoo_co.)/codes/code_of_ordinances"
5922,"Comstock Charter Township (Kalamazoo County)",2026,"In effect",2025,2025,Local,MI,"Kalamazoo County",26077,"Comstock charter township",Solar,"Rule 1: Ban / Moratorium (solar) 
In March 2025, the township enacted a temporary moratorium on the acceptance and/or processing of any applications for large scale renewable energy projects and/or facilities, including solar energy projects 50 MW or larger. The moratorium will remain in effect until December 31, 2025 or until amendments to the Zoning Ordinance become effective, whichever occurs first. The Township Board may extend the moratorium by resolution if needed before it expires.","Comstock Charter Township, Mich., Ordinance 552 (Mar. 17, 2025), https://comstockmi.gov/wp-content/uploads/2025/03/Ordinance-552-Moratorium.pdf"
5923,"Plainfield Township (Iosco County)",2026,"In effect",2018,2018,Local,MI,"Iosco County",26069,Plainfield,Solar,"Rule 1: Ban / Moratorium (solar)","Plainfield Township, Mich., Zoning Ordinance Section 18.35 (Mar. 2018), https://plainfieldtwpmi.com/wp-content/uploads/zoning/Zoning-Ordinance.pdf"
5924,"Keene Township (Ionia County)",2026,"In effect",2025,2025,Local,MI,"Ionia County",26067,Keene,Solar,"Rule 1: Ban / Moratorium (solar) | Rule 10a: Setback Restriction (solar)","Keene Township, Mich., Ordinance No. 25-1-14A (Jan. 14, 2025), https://keenetownshipmi.gov/wp-content/uploads/2025/06/Comm-Solar-Energy-Ord-PC-Res-No.-25-1-14-A-BD-Adopted-2025-1-14.pdf"
5925,"Stockbridge Township (Ingham County)",2026,"In effect",2022,2022,Local,MI,"Ingham County",26065,"Stockbridge Township",Wind,"Rule 9: Height Restriction (wind) 
In August 2022, Stockbridge Township adopted a wind ordinance that restricts turbine height to 400 feet, shorter than most commercial wind turbines.","Mike Ellis, Apex Proposed a Sprawling Wind Farm in Ingham County in 2020. Here’s Where the Project Stands, YAHOO FINANCE, Nov. 4, 2022, https://finance.yahoo.com/news/apex-proposed-sprawling-wind-farm-015548361.html."
5926,"Leroy Township (Ingham County)",2026,"In effect",2022,2022,Local,MI,"Ingham County",26065,"Leroy Township",Wind,"Rule 9: Height Restriction (wind) 
Pursuant to a May 8, 2022 ordinance, wind turbines are limited to 400 feet.","Leroy Township, Mich., Zoning Ordinance § 433(H)(3) (May 8, 2022), https://leroytwp.com/wp-content/uploads/2022/06/Leroy-Zoning-Ordinance-Effective-May-8-2022.pdf."
5927,"Sand Beach Township (Huron County)",2026,"In effect",2016,2016,Local,MI,"Huron County",26063,"Sand Beach Township",Wind,"Rule 7: Noise Restriction (wind) 
In October 2016, Sand Beach Township adopted an ordinance that limits noise from turbines to 40 dBa during the day and 35 dBa at night for residents on participating properties, and 35 dBa during the day and 30 dBa at night for residents on non-participating properties. A spokesperson for NextEra energy said that these limitations would “essentially prohibit wind turbines in the township,” though Sand Beach officials disagreed.","Brenda Battel, Sand Beach official: New sound ordinance doesn’t block turbines, Michigan’s Thumb, Oct. 18, 2016, https://www.michigansthumb.com/news/article/Sand-Beach-official-New-sound-ordinance-doesn-t-9978471.php; Brenda Battel, Sand Beach wind energy ordinance too quiet for developer, Michigan’s Thumb, Sept. 24, 2016, https://www.michigansthumb.com/news/article/Sand-Beach-wind-energy-ordinance-too-quiet-for-9242599.php; Brenda Battel, County planners have no comment on Sand Beach noise limits, My San Antonio, Oct. 8, 2016, https://www.mysanantonio.com/news/article/County-planners-have-no-comment-on-Sand-Beach-9947293.php."
5928,"Huron County",2026,"In effect",2015,2018,Local,MI,"Huron County",26063,,Wind,"Rule 1: Ban / Moratorium (wind) | Rule 9: Height Restriction (wind) 
In November 2015, the Huron County Board of Commissioners enacted an ordinance that limited turbine max blade tip height to 499 feet and prevented project siting within 3 miles of Lake Huron and Saginaw Bay. Several years later, the county enacted a 1-year moratorium on wind energy development that went into effect in March 2018.","Huron County, Michigan, Wind Energy Conversion Facility Overlay Zoning Ordinance (Nov. 10, 2015), https://www.co.huron.mi.us/_files/ugd/f69a3e_945501db2aa0410886ed03dc88e5488d.pdf; Chris Aldridge, County ends two-year task with OK of wind ordinance, Huron Daily Tribune, Nov. 11, 2015, http://www.michigansthumb.com/news/article_4dd52ba0-886f-11e5-b3e0-e321dc9c3198.html; Bradley Massman, Planner seek extension of wind moratorium, Michigans Thumb, Feb. 8, 2019, https://www.michigansthumb.com/news/article/Planners-seek-extension-of-nbsp-wind-moratorium-13599067.php#:~:text=The%20wind%20moratorium%20went%20into,plan%20provides%20general%20zoning%20guidance."
5929,"Stanton Township (Houghton County)",2026,Expired,2021,2021,Local,MI,"Houghton County",26061,"Stanton Township",Wind,"Rule 1: Ban / Moratorium (wind) 
In August 2021, Stanton Township adopted a 9-month moratorium on wind energy development.","Stanton Township, Mich., Ordinance No. 8 (Aug. 4, 2021), https://www.stantontownship.com/wp-content/uploads/2022/02/Wind-Energy-Conversion-System-Moratorium-Ordinance-for-Stanton-Township.pdf; Garrett Neese, Hitting pause: Adams Township adopts six-month wind, solar moratorium, Daily Mining Gazette, Aug. 20, 2021, https://www.mininggazette.com/news/2021/08/hitting-pause-adams-township-adopts-six-month-wind-solar-moratorium/."
5930,"Adams Township (Houghton County)",2026,"In effect",2021,2022,Local,MI,"Houghton County",26061,"Adams Township",Wind|Solar,"Rule 6a: Setback Restriction (wind) | Rule 7: Noise Restriction (wind) 
In August 2021, the Adams Township Board unanimously voted to impose a 6-month moratorium on commercial wind and solar projects. The vote came at a time when Adams was being considered as the site for a wind farm. The president of a group opposed to that wind project— Guardians of the Keweenaw Ridge—stated that he was “ecstatic” about Adams Township imposing the moratorium.","Adams Township, Michigan., Ordinance No. O2022-06-1 (Jun. 6, 2022), https://energyzoning.org/sites/default/files/PDF/2606100320_Adams%20Township_Houghton_20231126_0.pdf; Garrett Neese, Hitting pause: Adams Township adopts a six-month wind, solar moratorium, The Daily Mining Gazette, Aug. 20, 2021, https://www.mininggazette.com/news/2021/08/hitting-pause-adams-township-adopts-six-month-wind-solar-moratorium/."
5931,"Grant Township (Grand Traverse County)",2026,"In effect",2024,2024,Local,MI,"Grand Traverse County",26055,"Grant Township",Solar,"Rule 1: Ban / Moratorium (solar) | Rule 2: Size Cap (solar)","Grant Township, Mich., Zoning Ordinance Section 24 (2024), https://grant-grdtraverse.com/wp-content/uploads/2024/11/GTZO-October-2024.pdf"
5932,"Gladwin County",2026,"In effect",2022,2022,Local,MI,"Gladwin County",26051,,Wind,"Rule 9: Height Restriction (wind)","Gladwin County, Mich., Resolution 2018-032 (Oct. 9, 2018), https://gladwincounty-mi.gov/wp-content/uploads/2022/12/2018-32-.-Zoning-Ordinance-Revision.pdf"
5933,"Montrose City (Genesee County)",2026,"In effect",2010,2010,Local,MI,"Genesee County",26049,"Montrose City",Wind,"Rule 1: Ban / Moratorium (wind) 
Montrose Township’s zoning ordinance provides that commercial wind turbines are prohibited except in the industrial district.","Montrose Township, Mich., Zoning Ordinance §§ 104-5(7), 104-15(f)(10) (May 27, 2010), https://library.municode.com/mi/montrose/codes/code_of_ordinances?nodeId=PTIICOOR_CH104SOWIEN."
5934,"Flushing Township (Genesee County)",2026,"In effect",2022,2022,Local,MI,"Genesee County",26049,"Flushing Township",Solar,"Rule 2: Size Cap (solar) 
On December 8, 2022, the Flushing Township Board adopted an ordinance that prohibits commercial solar energy systems from covering more than 25% of any lot.","Charter Township of Flushing, Mich., Board of Trustees Minutes (Dec. 8, 2022), https://flushingtownship.com/media/wtkfrcfc/221208m.pdf."
5935,"Montrose Township (Genesee County)",2026,"In effect",2022,2023,Local,MI,"Genesee County",26049,"Montrose Township",Wind|Solar,"Rule 10b: Setback Restriction (solar) 
In April 2022, Montrose Township implemented a 6-month moratorium on solar and wind development.  In November 2023, Montrose Township narrowly passed a solar ordinance that requires solar projects to be set back 500 feet or more from dwellings on adjoining properties.","Jeanne Marcello, Montrose Twp. sets six-month solar and wind moratorium, Tri-County Citizen, Apr. 23, 2022, https://tricountycitizen.mihomepaper.com/articles/montrose-twp-sets-six-month-solar-and-wind-moratorium/; Montrose Charter Township, Michigan, Commercial Solar Ordinance (Final), https://montrosetownship.org/wp-content/uploads/2023/03/v8_Solar-Ordinance_5.5.23.pdf; Ryan Jeltema, Montrose Township voters approve ordinance regulating solar farms, ABC12, Nov. 8, 2023, https://www.abc12.com/news/election-results/montrose-township-voters-approve-ordinance-regulating-solar-farms/article_57716f4c-7e30-11ee-8b0d-97e301f285a4.html."
5936,"Montrose City (Genesee County)",2026,"In effect",2010,2024,Local,MI,"Genesee County",26049,"Montrose City",Solar,"Rule 1: Ban / Moratorium (solar) 
Montrose Township’s zoning ordinance provides that solar energy systems greater than 20 kW are allowed only in the township’s industrial zoning district.","Montrose Township, Mich., Zoning Ordinance §§ 104-5(7), 104-15(f)(10) (May 27, 2010), https://library.municode.com/mi/montrose/codes/code_of_ordinances?nodeId=PTIICOOR_CH104SOWIEN."
5937,"Emmet County",2026,"In effect",2021,2021,Local,MI,"Emmet County",26047,,Wind,"Rule 7: Noise Restriction (wind) | Rule 9: Height Restriction (wind) 
Emmet County’s 2021 updated zoning ordinance limits commercial wind turbines to 400 feet in height and limits noise to 40 dBa.","Emmet County, Mich., Zoning Ordinance (2021), https://www.emmetcounty.org/wp-content/uploads/2021/12/PZ_2021-updated-county-zoning-ordinance.pdf."
5938,"Watertown Township (Clinton County)",2026,"In effect",2020,2022,Local,MI,"Clinton County",26037,"Watertown Township",Solar,"Rule 10a: Setback Restriction (solar) 
In May 2020, Watertown Township adopted a 6-month moratorium on large solar developments. In March 2021, only 3 months after the first moratorium expired, the planning commission recommended an additional 6-month moratorium, which the township board was expected to adopt. As of 2022, the township solar ordinance requires that large commercial solar projects be set back 500 feet from property lines of nonparticipating properties.","Eric Levine, Watertown continues to study solar ordinance, Sanilac County News, Mar. 24, 2021, https://sanilaccountynews.mihomepaper.com/articles/watertown-continues-to-study-solar-ordinance; Watertown Township, Mich., Zoning Ordinance Amendment, Solar Energy Systems, Ordinance No. 2022-01, § J(5), http://www.watertowntownship.net/media/uploads/docs/Solar_Ordinance.pdf."
5939,"Clinton County",2026,"In effect",2023,2023,Local,MI,"Clinton County",26037,,Solar,"Rule 1: Ban / Moratorium (solar) 
In May 2023, the Clinton County Board of Commissioners established a 1-year moratorium on wind power plants and large-scale solar energy facilities.","Clinton County, Mich., Ordinance No. OR 187-23 (May 30, 2023), https://www.clinton-county.org/DocumentCenter/View/8432/Ordinance-Resolution_OR-187-23-LA-One-Year-Moratorium---Utility-Scale-Solar--Wind-Projects?bidId=; Wells Foster & Josh Sanchez, Clinton County greenlights study into Eagle megasite, WLNS, May 30, 2023, https://www.wlns.com/news/clinton-county-greenlights-study-into-eagle-megasite/."
5940,"Clinton County",2026,"In effect",2024,2024,Local,MI,"Clinton County",26037,,Wind,"Rule 6b: Setback Restriction (wind) | Rule 7: Noise Restriction (wind) | Rule 8: Shadow Flicker Restriction (wind) | Rule 9: Height Restriction (wind) 
In April 2024, the Clinton County Board passed multiple amendments restricting utility-scale wind energy, including: a minimum setback from non-participating properties of 1,600 feet or 4 times turbine height, whichever is greater; a maximum turbine height of 450 feet; no shadow flicker on non-participating properties; and a noise limit of 45 dBA.","Clinton County, Mich., Ordinance No. OR 203-24 (Apr. 23, 2024), https://www.clinton-county.org/DocumentCenter/View/8902/OR-203-24-Utility-Scale-Wind-Ordinance-Adopted-by-BOC-4-23-2024."
5941,"Matteson Township (Branch County)",2026,"In effect",2020,2020,Local,MI,"Branch County",26023,"Matteson Township",Wind,"Rule 6a: Setback Restriction (wind) | Rule 8: Shadow Flicker Restriction (wind) | Rule 9: Height Restriction (wind) 
In March 2020, the Matteson Township Board voted to adopt restrictions on wind energy, including by limiting turbine height to 328 feet as measured from the blade tip, despite objections from the developer of a proposed wind project that 500 feet is the typical height of commercial wind turbines in the area. The ordinance also requires a setback of 1.25 miles from property lines, which effectively excludes wind energy projects from more than 50% of the township, and requires zero shadow flicker on neighboring properties. As with Batavia Township and Sherwood Township, the restrictions were promoted aggressively on Facebook by a group called Concerned Citizens of Branch County in response to efforts by DTE Energy to develop a wind farm in the area, which was ultimately put on hold in August 2020.","Don Reid, Matteson Passes Wind Turbine Control Law, The Daily Reporter, Mar. 6, 2020, https://www.thedailyreporter.com/story/news/2020/03/06/matteson-passes-wind-turbine-control/1575607007/; Don Reid, Planning Board Approves Wind Turbine Ordinance, The Daily Reporter, Feb. 27, 2020, https://www.thedailyreporter.com/story/news/2020/02/27/planning-board-approves-wind-turbine/1626140007/; Matteson Township, Mich., Wind Energy Conversion Systems Zoning Ordinance Final Draft § 1.10(D)(3)(a), (D)(3)(b)(2)(a), (D)(3)(l), https://s3.amazonaws.com/windaction23/attachments/3388/Matteson_Township_Wind_Ordinance_Final_Dec_2019.pdf (note: although labeled a “Final Draft,” this appears to be the version that was adopted in March 2020)."
5942,"Batavia Township (Branch County)",2026,"In effect",2020,2020,Local,MI,"Branch County",26023,"Batavia Township",Wind,"Rule 9: Height Restriction (wind) 
The Batavia Township Board approved a restrictive wind ordinance in September 2020 that limits the height of wind turbines to 330 feet. The restrictions were promoted aggressively on Facebook by a group called Concerned Citizens of Branch County in response to efforts by DTE Energy to develop a wind farm in the area. DTE Energy put the wind farm on hold in August 2020, after the neighboring townships of Matteson and Sherwood adopted their own restrictions on wind energy and while the Batavia restrictions were still pending.","Jim Measel, Batavia Becomes Latest Township to Limit Wind Turbines, WTVB, Sept. 3, 2020, https://wtvbam.com/2020/09/03/batavia-becomes-latest-township-to-limit-wind-turbines/1054859/; Don Reid, DTE Puts Branch Wind Farm on Hold, The Daily Reporter, Aug. 6, 2020, https://www.thedailyreporter.com/story/business/energy-resource/2020/08/06/dte-puts-branch-wind-farm-on-hold/114413196."
5943,"Sherwood Township (Branch County)",2026,"In effect",2019,2020,Local,MI,"Branch County",26023,"Sherwood Township",Wind,"Rule 6a and 6b: Setback Restriction (wind) | Rule 9: Height Restriction (wind) 
In December 2019, the Sherwood Township Board voted to adopt a restrictive wind ordinance (later approved by voters in August 2020) that limits turbine height to 330 feet (approximately half the height of the tallest onshore turbines) and imposes a setback from property lines equal to 500% of tower height and additional setbacks of 0.5 miles from water, 1 mile from the Village of Sherwood, and 2 miles from environmentally sensitive areas. As with Batavia Township and Matteson Township, the restrictions were promoted aggressively on Facebook by a group called Concerned Citizens of Branch County in response to efforts by DTE Energy to develop a wind farm in the area, which was ultimately put on hold in August 2020.","Ken Delaney, Group Wins Victory in Slowing Down Turbines, WTVB, Dec. 6, 2019, https://wtvbam.com/2019/12/06/group-wins-victory-in-slowing-down-turbines/964242/; Don Reid, DTE Puts Branch Wind Farm on Hold, The Daily Reporter, Aug. 6, 2020, https://www.thedailyreporter.com/story/business/energy-resource/2020/08/06/dte-puts-branch-wind-farm-on-hold/114413196."
5944,"Bertrand Township (Berrien County)",2026,"In effect",2018,2018,Local,MI,"Berrien County",26021,,Wind,"Rule 9: Height Restriction (wind)","Bertrand Township, Mich., Code of Ordinances Sec 24-105 (Feb. 1, 2018), https://library.municode.com/mi/bertrand_township%2C_(berrien_co.)/codes/code_of_ordinances"
5945,"City of Bridgman (Berrien County)",2026,"In effect",2025,2025,Local,MI,"Berrien County",26021,Bridgman,Solar,"Rule 1: Ban / Moratorium (solar)","City of Bridgman, Mich., Code Chapter 440 (Jan. 6, 2025), https://ecode360.com/46257820"
5946,"Lincoln Charter Township (Berrien County)",2026,"In effect",2025,2025,Local,MI,"Berrien County",26021,"Lincoln charter township",Solar,"Rule 1: Ban / Moratorium (solar) | Rule 2: Size Cap (solar)","Lincoln Charter Township, Mich., Amendment to Zoning Ordinance (2025), https://www.lctberrien.org/AgendaCenter/ViewFile/Item/1600?fileID=482"
5947,"Monitor Township (Bay County)",2026,"In effect",2019,2019,Local,MI,"Bay County",26017,"Monitor Township",Wind,"Rule 6a: Setback Restriction (wind) | Rule 8: Shadow Flicker Restriction (wind) 
In March 2019, Monitor Township adopted a wind energy ordinance that increased setbacks to 2,000 from property lines of non-participating landowners (previously 750 feet) and 1,640 feet from property lines of participating landowners. The ordinance further prohibited shadow flicker on neighboring properties and imposed a stricter sound limit. The changes were motivated by local opposition to DTE Energy’s plans to build a wind farm in the township.","Heather Jordan, Wind Farms Restricted Under New Monitor Township Zoning Ordinance, M Live Michigan, Mar. 28, 2019, https://www.mlive.com/news/saginaw-bay-city/2019/03/wind-farms-restricted-under-new-monitor-township-zoning-ordinance.html. Monitor Township, Mich., Zoning Ordinance No. 67 § 3.48(e)(13), (26), (35) (Mar. 25, 2019), https://monitortwp.org/wp-content/uploads/2020/11/Zoning-Ordinance-67-Adopted-3-25-2019_Effective-4-29-2019.pdf."
5948,"Garfield Township (Bay County)",2026,"In effect",2022,2022,Local,MI,"Bay County",26017,"Garfield Township",Solar,"Rule 10a: Setback Restriction (solar) 
Garfield Township’s 2022 solar ordinance requires utility-scale solar facilities to be set back at least 500 feet from road rights-of-way, adjacent properties, and drains, rivers, and flood zones.","Garfield Township, Mich., Solar Ordinance (2022), https://www.garfieldtownship-bc.com/PDF/ordinances/Garfield%20township%20solar%20ordinance%2012-15-22%20(clean).pdf"
5949,"Garfield Township (Bay County)",2026,"In effect",2022,2022,Local,MI,"Bay County",26017,"Garfield Township",Wind,"Rule 6a: Setback Restriction (wind) | Rule 9: Height Restriction (wind) 
Garfield Township’s 2019 wind ordinance limits turbine max blade tip height to 500 feet and establishes setbacks of 4 times turbine max blade tip height and 1,760 feet from non-participating property lines.","Garfield Township, Mich., 2019-2 Wind Energy Conversion Systems (WECS) Ordinance (May 14, 2019), https://www.garfieldtownship-bc.com/PDF/ordinances/Wind.Energy.Conversion.Systems.pdf."
5950,"Beaver Township (Bay County)",2026,"In effect",2018,2022,Local,MI,"Bay County",26017,"Beaver Township",Solar,"Rule 10a: Setback Restriction (solar) 
As of October 2022, the township’s zoning ordinance limits the height of commercial solar energy systems to 12 feet and requires that they be set back 500 feet from property lines.","Isis Simpson-Mersha, DTE says township ordinance makes wind farm project ‘impossible’, M Live Michigan, May 16, 2018, https://www.mlive.com/news/bay-city/2018/05/township_makes_it_impossible_f.html; Beaver Township, Mich., Zoning Ordinance §§ 3.24(4)(b), 3.24(4)(c), 3.25(d)(2), 3.25(d)(7), 3.25(d)(11) (Oct. 26, 2022), https://storage.googleapis.com/wzukusers/user-25065735/documents/3d57f0d79e60488aab2185a88cb343c4/Zoning%20Ordinance%202019-02%20Amended%2010-26-22.pdf"
5951,"Beaver Township (Bay County)",2026,"In effect",2018,2022,Local,MI,"Bay County",26017,"Beaver Township",Wind,"Rule 6a: Setback Restriction (wind) | Rule 8: Shadow Flicker Restriction (wind) 
In May 2018, Beaver Township adopted restrictions on wind energy amidst opposition to DTE Energy’s plans to develop a wind farm in the area. DTE Energy argued that the noise limit was “so low that it basically would not allow any turbine in any 1-mile by 1-mile section.” As of October 2022, the township’s zoning ordinance requires that wind turbines be set back at least 1,760 feet from property lines or 4 times tower height, whichever is greater, and limits shadow flicker to zero.","Isis Simpson-Mersha, DTE says township ordinance makes wind farm project ‘impossible’, M Live Michigan, May 16, 2018, https://www.mlive.com/news/bay-city/2018/05/township_makes_it_impossible_f.html; Beaver Township, Mich., Zoning Ordinance §§ 3.24(4)(b), 3.24(4)(c), 3.25(d)(2), 3.25(d)(7), 3.25(d)(11) (Oct. 26, 2022), https://storage.googleapis.com/wzukusers/user-25065735/documents/3d57f0d79e60488aab2185a88cb343c4/Zoning%20Ordinance%202019-02%20Amended%2010-26-22.pdf"
5952,"Barry County",2026,"In effect",2008,2008,Local,MI,"Barry County",26015,,Wind,"Rule 6a: Setback Restriction (wind) | Rule 9: Height Restriction (wind)","Barry County, Mich., Zoning Ordinance Section 2385 (Jul. 25, 2008), https://cms5.revize.com/revize/barry/adopted-ordinance-72508-with-maps.pdf"
5953,"L’Anse Township (Baraga County)",2026,"In effect",2021,2021,Local,MI,"Baraga County",26013,"L’Anse Township",Wind,"Rule 6a: Setback Restriction (wind) | Rule 7: Noise Restriction (wind) | Rule 9: Height Restriction (wind) 
In June 2021, L’Anse Township adopted a wind energy ordinance that establishes a 2,500-foot setback from non-participating property lines, a turbine max blade tip height limit of 330 feet, and a noise limit of 40 dBa.","L’Anse Township, Mich., Ordinance No. 2021-06-09 (Jun. 9, 2021), https://www.lansetownship.org/wp-content/uploads/2021/06/Wind-Ordinance-DRAFT-6-9-21-AutoRecovered.pdf; L'Anse Township, Mich., Note of Adoption – An Ordinance to Amend the Township’s Zoning Ordinance Regarding Wind Energy Conversion Systems (Jun. 14, 2021), https://www.lansetownship.org/notices/notice-of-adoption-an-ordinance-to-amend-the-townships-zoning-ordinance-regarding-wind-energy-conversion-systems/."
5954,"Laketown Township (Allegan County)",2026,"In effect",2007,2007,Local,MI,"Allegan County",26005,,Wind,"Rule 9: Height Restriction (wind)","Laketown Township, Mich., Code of Ordinances Chapter 38 Article IX (Feb. 14, 2007), https://library.municode.com/mi/laketown_township%2C_(allegan_co.)/codes/code_of_ordinances"
5955,"Gun Plain Township (Allegan County)",2026,"In effect",2017,2017,Local,MI,"Allegan County",26005,"Gun Plain",Solar,"Rule 1: Ban / Moratorium (solar)","Gun Plain Township, Mich., Ordinance No. 166 (Sep. 7, 2017), https://www.gunplain.org/wp-content/uploads/ordinance166.pdf"
5956,"Monterey Township (Allegan County)",2026,"In effect",2024,2024,Local,MI,"Allegan County",26005,Monterey,Solar,"Rule 1: Ban / Moratorium (solar)","Monterey Township, Mich., Zoning Ordinance Section 10.47 (as amended Jul. 2024), https://montereytownship.org/resources/ordinance_2024.pdf"
5957,"Alcona County",2026,"In effect",2023,2023,Local,MI,"Alcona County",26001,,Wind|Solar,"Rule 2: Size Cap (solar) | Rule 8: Shadow Flicker Restriction (wind)","Alcona Township, Mich., Zoning Ordinance (May 9, 2023), 
https://drive.google.com/file/d/1F7PFRV6RWPVhKdzlqY300sLKvekngFyc/view"
5958,"Town of Charlton (Worcester County)",2026,"In effect",2019,2019,Local,MA,"Worcester County",25027,"Town of Charlton",Solar,"Rule 1: Ban / Moratorium (solar) | Rule 2: Number Cap (solar) 
In 2019, residents of the Town of Charlton voted at a town meeting to cap the number of large-scale solar installations in the town at the number currently approved (30 total), thus prohibiting new solar projects. This followed a 1-year moratorium imposed in 2018.","Debbie LaPlaca, Charlton town meeting voters close door to new solar farms, Worcester Telegram, June 12, 2019, https://www.telegram.com/story/news/local/south-west/2019/06/13/charlton-town-meeting-voters-close-door-to-new-solar-farms/4920722007."
5959,"City of Waltham (Middlesex County)",2026,"In effect",2022,2022,Local,MA,"Middlesex County",25017,"City of Waltham",Solar,"Rule 1: Ban / Moratorium (solar) 
The City of Waltham’s zoning code effectively limited large-scale solar energy facilities to industrial zones. A developer who owned land in Waltham and a neighboring town sought permission from the city building inspector to build an access road on the land the developer owned in Waltham to a proposed 1-MW solar facility in a neighboring town. The building inspector denied permission on the basis of local zoning restrictions. On June 4, 2022, the Supreme Judicial Court struck down the restrictions, finding that “[a]n outright ban of large-scale solar energy systems in all but one to two percent of a municipality’s land area . . . restricts rather than promotes the legislative goal of promoting solar energy” and that, “in the absence of a reasonable basis grounded in public health, safety, or welfare, such a prohibition is impermissible.”  Note that this is included as a pre-March 2022 development because the relevant restriction was in place before March 2022.","Colin A. Young, State’s High Court Rules Waltham’s Restrictions on Solar Power Are ‘Impermissible’, MetroWest Daily News, June 6, 2022, https://www.metrowestdailynews.com/story/news/2022/06/06/mass-high-court-rejects-waltham-restrictions-solar-power-systems/7500915001; Tracer Lane II Reality, LLC vs. City of Waltham., 489 Mass. 775, June 4, 2022, http://masscases.com/cases/sjc/489/489mass775.html."
5960,"Town of Pelham (Hampshire County)",2026,"In effect",2023,2023,Local,MA,"Hampshire County",25015,"Town of Pelham",Solar|Storage,"Rule 1: Ban / Moratorium (storage) | Rule 10a: Setback Restriction (solar) 
In May 2023, Pelham residents voted to amend the town’s solar and energy storage bylaws. The town prohibited energy storage systems as a principal use in all zoning districts and required all large-scale solar projects (defined as installations between 1.5 and 15 acres of land) to be set back at least 500 feet from nearby streets. The town further required developers to set aside 4 times the total area of a solar installation for forestland conservation, if the project would convert any existing forestland for solar development. In December 2023, the Massachusetts Attorney General’s office sent a letter to the town rejecting portions of the amended bylaw, including the forestland conservation requirement, noting that certain bylaw provisions failed to comply with state law that prohibits municipalities from banning solar installations through zoning.","Town of Pelham, Mass., Annual Town Meeting Results (Articles 28-30) (May 13, 2023), https://www.townofpelham.org/sites/g/files/vyhlif4851/f/pages/results_2023_atm.pdf; Scott Merzbach, State attorney general’s office rejects parts of Pelham’s solar bylaws, Daily Hampshire Gazette, Dec. 11, 2023, https://www.gazettenet.com/Aspects-of-revised-Pelham-solar-bylaw-rejected-by-attorney-general-53305970."
5961,"City of Westfield (Hampden County)",2026,"In effect",1987,1987,Local,MA,"Hampden County",25013,Westfield,Wind,"Rule 9: Height Restriction (wind)","City of Westfield, Mass., Zoning Ordinance Section 5-30 (Sep. 3, 1987), https://cdn.prod.website-files.com/62bf2c80f239f141dccba785/673e307cba58306cb9f1b4f3_Ex%20WE-MB-1%20(Attested%20to%20City%20of%20Westfield%20Zoning%20Ordinance).pdf"
5962,"Town of Wilbraham (Hampden County)",2026,"In effect",2014,2021,Local,MA,"Hampden County",25013,Wilbraham,Solar,"Rule 1: Ban / Moratorium (solar)","Town of Wilbraham, Mass., Zoning By-Law Section 10.7 (as amended 2023), https://wilbraham-ma.gov/DocumentCenter/View/102/Zoning-By-Law?bidId="
5963,"City of Chicopee (Hampden County)",2026,"In effect",2017,2017,Local,MA,"Hampden County",25013,Chicopee,Wind,"Rule 1: Ban / Moratorium (wind)","City of Chicopee, Mass., Chicopee City Code Chapter 275-71 (Jun. 13, 2017), https://www.chicopeema.gov/AgendaCenter/ViewFile/Minutes/_06132017-949"
5964,"Town of Shutesbury (Franklin County)",2026,"In effect",2021,2023,Local,MA,"Franklin County",25011,"Town of Shutesbury",Solar|Storage,"Rule 1: Ban / Moratorium (solar) | Rule 1: Ban / Moratorium (storage) 
Shutesbury’s solar bylaw, adopted in May 2008 and amended in June 2021, prohibits solar plants larger than fifteen acres, among other restrictions. In January 2023, Shutesbury residents voted to adopt a revised town bylaw for solar arrays at a Special Town Meeting. The revised bylaw would have banned energy storage systems as a principal use in all zoning districts and limited large-scale solar installations (defined as installations between 1.5 and 15 acres of land) to a special use in Forest Conservation Districts, prohibiting such installations in all other districts. The Massachusetts Attorney General’s office sent a letter to Shutesbury officials disapproving of the January 2023 bylaw, partially based on a determination that the bylaw violated state law by effectively banning solar installations. The Attorney General’s office’s action resulted in the pre-2023 bylaw regaining legal effect. The pre-2023 bylaw is the subject of a lawsuit filed by developer PureSky Energy in August 2023, in which PureSky alleges that the town’s solar regulations are in violation of state law that prohibits unreasonable regulation of solar energy systems.","John F. Weaver, Developer challenges Masschusetts town on solar zoning restrictions, PV Mag., Aug. 9, 2023, https://pv-magazine-usa.com/2023/08/09/developer-challenges-massachusetts-town-on-solar-zoning-restrictions/; Scott Merzback, Shutesbury seeks dismissal of suit filed by solar biz, Daily Hampshire Gazette, Aug. 2, 2023, https://www.gazettenet.com/Shutesbury-seeks-dismissal-of-Land-Court-lawsuit-related-to-large-scale-solar-projects-51819907; Scott Merzbach, State attorney general’s office rejects Shutesbury’s revised solar bylaws, Daily Hampshire Gazette, Aug. 2, 2023, https://www.gazettenet.com/Shutesbury-seeks-dismissal-of-Land-Court-lawsuit-related-to-large-scale-solar-projects-51819907."
5965,"Town of Northfield (Franklin County)",2026,Expired,2024,2024,Local,MA,"Franklin County",25011,,Solar|Storage,"Rule 1: Ban / Moratorium (solar) | Rule 1: Ban / Moratorium (storage) 
In May 2024, residents of Northfield voted in favor of two citizen’s petitions to place 1-year moratoriums on utility-scale solar projects and battery storage facilities. During the annual town meeting, proponents argued that the moratoriums would provide time for the town to draft bylaws regulating utility-scale solar projects and battery storage facilities. Opponents argued that the moratoriums would halt the town’s efforts toward clean energy. Some commenters noted that the moratorium might conflict with state law, as Chapter 40A, Section 3 of Massachusetts General Law states that “No zoning ordinance or bylaw shall prohibit or unreasonably regulate the installation of solar energy systems or the building of structures that facilitate the collection of solar energy, except where necessary to protect the public health, safety or welfare.""","Anthony Cammalleri, Moratoriums on large-scale solar, battery storage passed in Northfield, Greenfield Recorder, May 7, 2024, https://www.recorder.com/Moratoriums-on-large-scale-solar-battery-storage-passed-in-Northfield-55035884."
5966,"City of Methuen (Essex County)",2026,"In effect",2008,2008,Local,MA,"Essex County",25009,"Methuen Town",Wind,"Rule 1: Ban / Moratorium (wind) | Rule 3: Use Restriction (wind) | Rule 9: Height Restriction (wind)","City of Methuen, Mass., Comprehensive Zoning Ordinance Section XI-D.5 (2008), https://www.cityofmethuen.net/370/Zoning-Ordinance"
5967,"Town of Ipswich (Essex County)",2026,"In effect",2008,2008,Local,MA,"Essex County",25009,Ipswich,Wind,"Rule 9: Height Restriction (wind)","Town of Ipswich, Mass., Protective Zoning Bylaw Section XI-M (Jan. 23, 2008), https://www.ipswichma.gov/DocumentCenter/View/16851/ZBL-10-24-23-FINAL"
5968,"Town of Hamilton (Essex County)",2026,"In effect",2019,2019,Local,MA,"Essex County",25009,Hamilton,Wind,"Rule 9: Height Restriction (wind)","Town of Hamilton, Mass., Zoning Bylaw Section 7.4 (2019), https://www.hamiltonma.gov/wp-content/uploads/2025/10/ZBL-FINAL-with-STM-12.09.2025-amendments-2.pdf"
5969,"Town of Wenham (Essex County)",2026,"In effect",2020,2020,Local,MA,"Essex County",25009,Wenham,Solar,"Rule 10a: Setback Restriction (solar)","Town of Wenham, Mass., Zoning Bylaw § 255-10.2 (Oct. 17, 2020), https://ecode360.com/31433703"
5970,"Town of Essex (Essex County)",2026,"In effect",2025,2025,Local,MA,"Essex County",25009,Essex,Wind,"Rule 9: Height Restriction (wind)","Town of Essex, Mass., Bylaws Section 6-4.3.2.12 (2025), https://www.essexma.org/DocumentCenter/View/1045/Essex-Bylaw-PDF"
5971,"Town of Andover (Essex County)",2026,"In effect",2022,2022,Local,MA,"Essex County",25009,Andover,Wind,"Rule 9: Height Restriction (wind)","Town of Andover, Mass., Zoning Bylaw Section 6.9 (2022), https://andoverma.gov/DocumentCenter/View/10732/Re-Codified-Andover-Zoning-Bylaw-?bidId="
5972,"Town of Merrimac (Essex County)",2026,"In effect",2023,2023,Local,MA,"Essex County",25009,Merrimac,Wind,"Rule 2: Density Cap (wind)","Town of Merrimac, Mass., Zoning Bylaw Section 11.4.27 (2023), https://townofmerrimac.com/wp-content/uploads/2023/05/Updated-Zoning-By-Law-4-27-2026-2.pdf"
5973,"Town of West Tisbury (Dukes County)",2026,"In effect",2010,2010,Local,MA,"Dukes County",25007,"West Tisbury",Wind,"Rule 1: Ban / Moratorium (wind)","Town of West Tisbury, Mass., Zoning Bylaws Section 8.9 (Apr. 13, 2010), https://www.westtisbury-ma.gov/Zoning%20Bylaws%202025.pdf"
5974,"Town of Rehoboth (Bristol County)",2026,"In effect",2009,2009,Local,MA,"Bristol County",25005,Rehoboth,Wind,"Rule 9: Height Restriction (wind)","Town of Rehoboth, Mass., Zoning Bylaws Article 4.9 (Oct. 26, 2009), https://www.rehobothma.gov/town-clerk/files/zoning-law-effective-05-28-2019"
5975,"Town of Dartmouth (Bristol County)",2026,"In effect",2011,2011,Local,MA,"Bristol County",25005,"Town of Dartmouth",Solar,"Rule 1: Ban / Moratorium (solar)","Town of Dartmouth, Mass., Zoning § 375-44 (Jun. 7, 2011), https://ecode360.com/30836711"
5976,"Town of Raynham (Bristol County)",2026,"In effect",2012,2012,Local,MA,"Bristol County",25005,Raynham,Solar,"Rule 2: Capacity Cap (solar)","Town of Raynham, Mass., Zoning Bylaw Article 9 (Oct. 29, 2012), https://www.town.raynham.ma.us/planning-department/files/zoning-bylaw-article-19"
5977,"Town of Fairhaven (Bristol County)",2026,"In effect",2013,2024,Local,MA,"Bristol County",25005,Fairhaven,Wind,"Rule 2: Capacity Cap (wind) | Rule 6b: Setback Restriction (wind) | Rule 9: Height Restriction (wind)","Town of Fairhaven, Mass., Zoning Section 198-29.5 (as amended 2024), (https://fairhaven-ma.gov/wp-content/uploads/2024/04/Ch.-198-Fairhaven-Zoning.pdf"
5978,"City of Baltimore",2026,"In effect",2017,2017,Local,MD,"Baltimore city",24510,"City of Baltimore",Wind,"Rule 9: Height Restriction (wind)","City of Baltimore, Md., Solar and Wind Zoning (Aug. 28, 2017), https://dnr.maryland.gov/pprp/Documents/BaltimoreCityZoningDocs.pdf"
5979,"Worcester County",2026,"In effect",2015,2015,Local,MD,"Worcester County",24047,,Wind|Solar,"Rule 1: Ban / Moratorium (wind) | Rule 1: Ban / Moratorium (solar) 
Worcester County regulations provide that large wind energy conversion systems with a capacity greater than 100 kW are “not permitted in any district.”","Worcester County, Md., Code § ZS 1-344(C)(1)(c) (Jun. 15, 2015), https://dnr.maryland.gov/pprp/Documents/WorcesterZoningDocs.pdf."
5980,"Talbot County",2026,"In effect",2022,2022,Local,MD,"Talbot County",24041,,Solar,"Rule 1: Ban / Moratorium (solar)","Talbot County, Md., Bill No. 1524 (Oct. 11, 2022), https://talbotcountymd.gov/uploads/File/Council_2022/Bills/Bill%201524%20(Bill%20to%20Amend%20Ch.%20190%20-%20Talbot%20Co.%20Code%20-%20Solar%20Energy%20Systems)%20As%20Amended,%20Enacted,%20and%20Enrolled.pdf"
5981,"Queen Anne's County",2026,"In effect",2009,2009,Local,MD,"Queen Anne's County",24035,,Wind,"Rule 3: Use Restriction (wind) | Rule 9: Height Restriction (wind)","Queen Anne's County, Md., Wind Turbine Policy (May 14, 2009), https://www.qac.org/DocumentCenter/View/6045/Wind-Turbine-Review-Guidelines-and-Procedures-PDF"
5982,"Harford County",2026,"In effect",2024,2024,Local,MD,"Harford County",24025,,Wind|Solar,"Rule 1: Ban / Moratorium (wind) | Rule 1: Ban / Moratorium (solar) 
In February 2024, the Hartford County Council amended its Environmental Land Preservation program to protect 1,100 acres of agricultural land from development. This program allows the County to spend up to $7 million to prevent renewable development on high-value farm land and to offer each landowner up to $3,000 per acre.","Matt Hubbard, Maryland may soon get more than 30,000 acres of solar farms, TECH XPLORE, (Nov. 5, 2024), https://techxplore.com/news/2024-11-maryland-acres-solar-farms.html; HARFORD COUNTY, MD., BILL NO. 24-002 (adopted Apr. 9, 2024), https://www.harfordcountymd.gov/DocumentCenter/View/25637/Bill-No-24-002---HCALPP?bidId=."
5983,"Garrett County",2026,"In effect",2021,2021,Local,MD,"Garrett County",24023,,Solar,"Rule 1: Ban / Moratorium (solar)","Garrett County, Md., Resolution 2021-11 (Dec. 21, 2021), https://www.garrettcountymd.gov/sites/default/files/Resolution%202021%20-%2011%20-%20DCWZ%20Ordinance%20-%20Solar%20Energy.pdf"
5984,"Cecil County",2026,"In effect",2021,2021,Local,MD,"Cecil County",24015,,Solar,"Rule 2: Size Cap (solar)","Cecil County, Md., Bill No. 2021-13 (Oct. 20, 2021), https://www.cecilcountymd.gov/DocumentCenter/View/4372/2021-13-PDF"
5985,"Carroll County",2026,"In effect",2024,2024,Local,MD,"Carroll County",24013,,Solar,"Rule 2: Size Cap (solar) | Rule 5: Viewshed Restriction (solar) | Rule 10a: Setback Restriction (solar) 
On March 9, 2023, Carroll County adopted a 6-month moratorium on applications for community solar farms on land currently zoned for agricultural purposes. In December 2024, the Carroll County Board of Commissioners amended its land use ordinance to increase restrictions on commercial solar projects. Under the new ordinance, ground-mounted solar systems in residential and commercial districts cannot exceed 480 square feet, and projects must be set back at least 400 feet from any public transportation corridors. In addition, the height of ground-mounted systems cannot exceed 15 feet, and facilities must include a 12-foot-tall vegetative buffer along all property lines.","Carroll County, Md. Ordinance No. 2024-10 (amending § 158.153 Solar) (adopted July 13, 2024), https://www.carrollcountymd.gov/media/zfldptqb/ordinance-no-2024-10-amend-158153-solar.pdf."
5986,"Caroline County",2026,"In effect",2017,2017,Local,MD,"Caroline County",24011,,Solar,"Rule 2: Size Cap (solar)","Caroline County, Md., Ordinance #2017-2 (Dec. 12, 2017), https://www.mdcounties.org/DocumentCenter/View/2919/Caroline-County-2017-2--Solar-Energy-Systems-Ordinance"
5987,"Calvert County",2026,"In effect",2010,2010,Local,MD,"Calvert County",24009,,Wind,"Rule 9: Height Restriction (wind)","Calvert County, Md., Small Wind Ordinance (Oct. 13, 2010), https://energy.maryland.gov/documents/CalvertCountySmallWindOrdinance.pdf"
5988,"Allegany County",2026,"In effect",2019,2019,Local,MD,"Allegany County",24001,,Wind,"Rule 6b: Setback Restriction (wind) 
The county ordinance requires that wind turbines be set back 2,000 feet from residences and 5,000 feet from schools.","Allegany County, Md., Code § 360-107 (2019), https://ecode360.com/14700310."
5989,"Town of Cutler (Washington County)",2026,"In effect",2024,2025,Local,ME,"Washington County",23029,"Town of Cutler",Solar,"Rule 1: Ban / Moratorium (solar) 
In February 2024, the Town of Cutler imposed a moratorium on solar facilities, citing additional time to draft amendments to its Land Use Ordinance to accommodate solar facilities. In December 2024, the Town of Cutler extended a 180-day moratorium on solar facilities until August 2025.","Town of Cutler, Me., Moratorium Ordinance (Feb. 15, 2025), https://www.cutlermaine.gov/moratorium-2"
5990,"Town of Freedom (Waldo County)",2026,"In effect",2015,2015,Local,ME,"Waldo County",23027,"Town of Freedom",Wind,"Rule 6a and 6b: Setback Restriction (wind) | Rule 7: Noise Restriction (wind) | Rule 8: Shadow Flicker Restriction (wind) 
In November 2015, the Town of Freedom enacted a wind turbine ordinance that requires all wind turbines be set back 2,500 feet from any Scenic or Special Resource. Depending on the height and megawatt capacity of the turbine, the ordinance requires it be setback either 1.5 times turbine height, 3 times turbine height, or 13 times turbine height from non-participating landowners. Turbines less than 100 feet in height and less than or equal to 10 kW in capacity must be set back at least 1.5 times turbine height; turbines between 100 and 150 feet in height and less than or equal to 10 kW in capacity must be set back at least 3 times turbine height; and turbines greater than 150 feet in height and/or greater than 10 kW in capacity must be set back at least 13 times turbine height. The ordinance measures turbine height by the highest point of any turbine blade tip. Shadow flicker is limited to ten hours per year, and depending on the time of day and height of turbine, noise is limited to between 30 and 40 dBa.","Town of Freedom, Me., Wind Turbine Ordinance (Nov. 17, 2015), https://www.freedomme.org/_files/ugd/b8ba64_202edae5794143029c03fed03d174f66.pdf."
5991,"Town of Montville (Waldo County)",2026,"In effect",2021,2021,Local,ME,"Waldo County",23027,"Town of Montville",Wind,"Rule 6a: Setback Restriction (wind) | Rule 8: Shadow Flicker Restriction (wind) 
The town's zoning ordinance provides that wind turbines must be set back at least 1 mile from property lines of nonparticipating residences or 13 times the height of the turbine, whichever is greater. Wind turbines also must be set back from public roads by a minimum of 4 times the height of the turbine, and shadow flicker must not exceed 10 hours per year.","Town of Montville, Me., Wind Turbine Generator Ordinance § 12 (Nov. 15, 2021), http://www.hcpcme.org/environment/energy/WindOrdFinalMontville.pdf."
5992,"Town of Palermo (Waldo County)",2026,"In effect",2023,2024,Local,ME,"Waldo County",23027,"Town of Palermo",Transmission,"Rule 1: Ban / Moratorium (transmission) | Rule 2: Capacity Cap (transmission) 
In September 2023, in response to plans for the Aroostook Renewable Gateway Project, Palermo residents unanimously voted to adopt a moratorium on transmission lines. More information on the moratorium is not currently accessible.","Town of Palermo, Me., Electric Transmission Facilities and Corridors Ordinance (Jan. 31, 2024), https://drive.google.com/file/d/1iUKiHGahTgO9Y6rtdEV9ZQs3dZIoQg5J/view; Jonathan Strieff, Palermo resident proposes intervener status in LS Power issue, Town Line, Sept. 27, 2023, https://townline.org/palermo-resident-proposes-intervener-status-in-ls-power-issue/; Town of Palermo, https://www.townofpalermo.org/ (last visited Feb. 6, 2024)."
5993,"Town of Unity (Waldo County)",2026,"In effect",2023,2024,Local,ME,"Waldo County",23027,"Town of Unity",Transmission,"Rule 1: Ban / Moratorium (transmission) | Rule 2: Capacity Cap (transmission) 
In November 2023, in response to plans for the Aroostook Renewable Gateway Project, Unity residents enacted a 180-day moratorium on high-voltage power lines.","Town of Unity, Me., Electric Transmission Facilities and Corridors Ordinance (Sep. 28, 2024), https://unityme.org/uploads/2024-electric-transmission-and-corridors-ordinance.pdf; Dylan Tusinski, Unity adopts moratorium on high-voltage power lines as it codifies opposition to power corridor, Central Maine, Nov. 17, 2023, https://www.centralmaine.com/2023/11/17/unity-adopts-moratorium-on-high-voltage-power-lines-as-it-codifies-opposition-to-power-corridor/."
5994,"Town of Moscow (Somerset County)",2026,"In effect",2010,2010,Local,ME,"Somerset County",23025,"Town of Moscow",Wind,"Rule 6b: Setback Restriction (wind) 
In November 2023, Moscow residents voted to ban commercial wind farms in the municipality.","Town of Moscow, Me., Wind Energy Facility Ordinance (2010), https://static1.squarespace.com/static/67338aa37370c0526b09ce35/t/681cb0041883927754377266/1746710532610/Wind-Ordinance.pdf"
5995,"Town of Smithfield (Somerset County)",2026,"In effect",2022,2023,Local,ME,"Somerset County",23025,"Town of Smithfield",Solar,"Rule 10a: Setback Restriction (solar) 
In March 2022, voters at the annual Smithfield Town Meeting approved a 180-day moratorium on commercial solar development. In October 2023, the Town Council passed an updated solar ordinance that increased the buffer between ground-mounted solar systems and residential zones from 50 to 300 feet.","Evan Houk, Smithfield voters approve solar moratorium, municipal budget at annual town meeting, Central Maine, May 15, 2022, https://www.centralmaine.com/2022/03/15/smithfield-voters-approve-solar-moratorium-municipal-budget-at-annual-town-meeting/; Jacquelyn Moorehead, Smithfield approves updated solar, stone wall, Land Trust ordinances, Valley Breeze, October 5, 2023, https://www.valleybreeze.com/news/smithfield-approves-updated-solar-stone-wall-land-trust-ordinances/article_7b12fc6c-6252-11ee-b857-77c994eec8cf.html."
5996,"Town of Athens (Somerset County)",2026,"In effect",2024,2025,Local,ME,"Somerset County",23025,"Town of Athens",Solar,"Rule 2: Size Cap (solar) | Rule 10a: Setback Restriction (solar) 
In March 2024, the Town of Athens passed a 180-day moratorium on large-scale solar facilities, citing the potential for water contamination, as well as wildlife concerns.","Town of Athens, Me., Solar Energy Facilities Ordinance (Mar. 8, 2025), https://www.athens.maine.gov/wp-content/uploads/2025/03/SolarFacilitiesOrdinanceAdopted3825.pdf; Town of Athens, Me., Moratorium Ordinance on Large-Scale Solar Energy Facilities, Mar. 5, 2024, https://www.athens.maine.gov/wp-content/uploads/2024/03/LargeScaleSolarMoratorium.pdf."
5997,"Town of Moscow (Somerset County)",2026,"In effect",2023,2025,Local,ME,"Somerset County",23025,"Town of Moscow",Solar,"Rule 1: Ban / Moratorium (solar) | Rule 10b: Setback Restriction (solar) 
In November 2023, the Town of Moscow voted to ban commercial solar farms in the municipality. At a town meeting in March 2025, residents voted 35-10 to repeal the ban. The vote was prompted by a proposal from two developers to build a commercial solar farm at a former military radar site in a remote part of Somerset County. The town's current solar ordinance provides that ground-mounted solar farms are only allowed in rural areas and must be setback at least 1,000 feet from dwellings.","Town of Moscow, Me., Solar Farm Ordinance (2025), https://static1.squarespace.com/static/67338aa37370c0526b09ce35/t/681cb01de839552e9bd76591/1746710561960/Solar-Farm-Ordinance.pdf; Jake Freudberg, Moscow voters repeal ban on solar farms, Central Maine, Mar. 21, 2025, https://www.centralmaine.com/2025/03/21/moscow-voters-repeal-ban-on-solar-farms/; Jake Freudberg, Moscow residents approve ban on commercial solar farms, Central Maine, Dec. 1, 2023, https://www.centralmaine.com/2023/12/01/moscow-residents-approve-ban-on-commercial-solar-farms/."
5998,"Town of Dixmont (Penobscot County)",2026,"In effect",2009,2009,Local,ME,"Penobscot County",23019,"Town of Dixmont",Wind,"Rule 6a: Setback Restriction (wind) 
The Town of Dixmont's Wind Energy Facility Ordinance requires that wind energy facilities be set back 2,500 feet from the property line of nonparticipating residences.","Dixmont, Me., Wind Energy Facility Ordinance § V(b)(1)(A) (Oct. 1, 2009), http://www.dixmontme.govoffice2.com/vertical/Sites/%7B6EAADA9B-2500-4441-A924-7171D5E3F559%7D/uploads/%7B576AA528-4C90-4A93-9C0D-31F9FF751735%7D.PDF."
5999,"Town of Glenburn (Penobscot County)",2026,"In effect",2021,2022,Local,ME,"Penobscot County",23019,"Town of Glenburn",Solar,"Rule 1: Ban / Moratorium (solar) 
In April 2021, the Town of Glenburn imposed a 2-month moratorium on commercial solar facilities. Then, in March 2022, Glenburn banned solar facilities larger than 15,000 square feet.","Town of Glenburn, Me., Commercial Solar Facilities Moratorium Ordinance (Apr. 1, 2021), https://www.glenburn.org/vertical/sites/%7B3283396A-E246-4783-A44D-6BCED5959F5E%7D/uploads/Commercial_Solar_Facilities_Moratorium_Ordinance(1).pdf; Kathleen O’Brien, Glenburn votes to ban large solar projects, Bangor Daily News, March 18, 2022, https://www.bangordailynews.com/2022/03/18/bangor/glenburn-votes-to-ban-large-solar-projects/."
6000,"Town of Dixmont (Penobscot County)",2026,"In effect",2021,2022,Local,ME,"Penobscot County",23019,"Town of Dixmont",Solar,"Rule 2: Size Cap (solar) 
On October 14, 2021, Dixmont adopted a 180-day moratorium on solar arrays.","Town of Dixmont, Me., Solar Ordinance (Mar. 19, 2022), https://storage.googleapis.com/dixmont-media-dixmont/planning-board/ordinances/Dixmont_Solar_Ordinance_2022-03-19.pdf;  Lia Russell, Dixmont Passes Temporary Ban on Solar Arrays, Bangor Daily News, Oct. 14, 2021, https://www.bangordailynews.com/2021/10/14/news/penobscot/dixmont-passes-temporary-ban-on-solar-arrays/; Town of Dixmont, Me., Commercial Solar Facilities Moratorium Ordinance (Oct. 14, 2021), https://www.townofdixmont.org/vertical/sites/%7B6EAADA9B-2500-4441-A924-7171D5E3F559%7D/uploads/DixmontSolarMoratorium_FINAL.doc."
6001,"Town of Dexter (Penobscot County)",2026,Expired,2024,2024,Local,ME,"Penobscot County",23019,,Solar,"Rule 1: Ban / Moratorium (solar) 
In May 2024, the Town Council of Dexter passed a 180-day moratorium on commercial solar arrays.","Stuart Hedstrom, Dexter Council Approves Commercial Solar Array Moratorium, Piscataquis Observer, Apr. 12, 2024, https://observer-me.com/2024/04/12/news/dexter-council-approves-commercial-solar-array-moratorium/."
6002,"Town of Corinth (Penobscot County)",2026,Expired,2023,2024,Local,ME,"Penobscot County",23019,"Town of Corinth",Solar,"Rule 1: Ban / Moratorium (solar) 
In March 2024, the Town of Corinth imposed a 180-day moratorium on commercial solar projects.","Town of Corinth, Me., Commercial Solar Farm Ordinance (Mar. 19, 2024), https://www.townofcorinth.com/media/2571; Kathleen O’Brien, Corinth approves 6-month solar moratorium, prohibits medical marijuana storefront, Bangor Daily News, March 21, 2023, https://www.bangordailynews.com/2023/03/21/news/penobscot/corinth-solar-moratorium-marijuana-town-meeting/."
6003,"City of Brewer (Penobscot County)",2026,"In effect",2023,2025,Local,ME,"Penobscot County",23019,"City of Brewer",Solar,"Rule 1: Ban / Moratorium (solar) 
In August 2023, the Brewer city council adopted a 6-month moratorium on large-scale solar projects.","City of Brewer, Me., Moratorium Ordinances on Large-Scale Solar Energy Systems, Nos. 2024-B004 (Feb. 13, 2024), 2024-B035 (Aug. 13, 2024), 2025-B007 (Feb. 11, 2025), and 2025-B030 (Jul. 22, 2025), https://www.brewermaine.gov/DocumentCenter/View/225/Chapter-52--City-of-Brewer-Moratorium-Ordinance-on-Large-Scale-Solar-Energy-Systems-PDF?bidId=; Donovan Lynch, City council unanimously passes six-month moratorium on large solar projects in Brewer, News Center Maine, Aug. 9, 2023, https://www.newscentermaine.com/article/news/local/brewer-passes-six-month-moratorium-on-large-solar-projects-maine-politics-environment-technology/97-1d8f427c-69ae-447f-a6b2-b84980e977f2."
6004,"Town of Woodstock (Oxford County)",2026,"In effect",2013,2013,Local,ME,"Oxford County",23017,"Town of Woodstock",Wind,"Rule 6a: Setback Restriction (wind) | Rule 7: Noise Restriction (wind) 
The Town of Woodstock’s Commercial Wind Energy Facility Ordinance establishes setback requirements of 1 mile from non-participating property lines and 3,000 feet from scenic or special resources. The ordinance also limits noise to 35 or 45 dBa, depending on the time of day.","Town of Woodstock, Me., Commercial Wind Energy Facility Ordinance (Feb. 13, 2013), https://static1.squarespace.com/static/6034100847f9091dbc4810c8/t/60918e8889838a5fd4f5e69e/1620151969002/WoodstockWindOrdinance.pdf."
6005,"Town of Dixfield (Oxford County)",2026,"In effect",2017,2017,Local,ME,"Oxford County",23017,"Town of Dixfield",Wind,"Rule 6a and 6b: Setback Restriction (wind) 
As of November 2017, the Wind Energy Facility Ordinance for the Town of Dixfield requires that wind turbines be set back 4,000 feet from any occupied building and 2,000 feet from the boundaries of the project parcel unless the developer secures a waiver from the pertinent abutting landowner and technical evidence of the soundness of any reduced setback. The Ordinance also requires a 4,000-foot setback from any scenic or special resource.","Town of Dixfield, Me., Wind Energy Facility Ordinance (Nov. 7, 2017), https://docs.wind-watch.org/Dixfield-WEF-Ordinance-for-11-07-2017-003.pdf."
6006,"Town of Otisfield (Oxford County)",2026,"In effect",2022,2023,Local,ME,"Oxford County",23017,"Town of Otisfield",Solar,"Rule 2: Size Cap (solar) 
In February 2022, Otisfield residents voted to establish a 6-month moratorium on commercial solar facilities, which was extended several times. In January 2023, Otisfield adopted a new ordinance that limits total future solar development to 100 acres and individual solar arrays to 20 acres each.","Town of Otisfield, Me., Solar Energy Generation Systems Ordinance art. 6(B) (Jan. 10, 2023), https://www.otisfieldme.gov/sites/g/files/vyhlif4826/f/news/1.10.2023_otisfield_solar_ordinance.pdf; Nicole Carter, Otisfield Adopts Solar Ordinance, Sun Journal, Feb. 1, 2023, Nicole Carter, https://www.sunjournal.com/2023/02/01/otisfield-adopts-solar-ordinance/; Otisfield Approves Temporary Moratorium on Commercial Solar Farms, Sun Journal, Mar. 3, 2022, https://www.sunjournal.com/2022/03/03/otisfield-approves-temporary-moratorium-on-commercial-solar-farms/."
6007,"Town of Lovell (Oxford County)",2026,"In effect",2022,2023,Local,ME,"Oxford County",23017,"Town of Lovell",Solar,"Rule 1: Ban / Moratorium (solar) | Rule 2: Size Cap (solar) 
In January 2022, Lovell residents voted to approve a 180 moratorium on large-scale solar projects. Members of a grassroots group called Let Lovell Decide mobilized support for the moratorium, citing concerns about visual impacts of a project proposed by Walden Renewables.","Town of Lovell, Me., Zoning Ordinance (Sep. 12, 2023), https://www.lovellmaine.org/sites/g/files/vyhlif6916/f/uploads/official_zoning_ordinance_2023.2_web_0.pdf; Talia Clarke, Lovell Residents Vote to Temporarily Halt Large-scale Solar Project, WMTW, Jan. 26, 2022, https://www.wmtw.com/article/lovell-maine-solar-project-moratorium-vote/38898474."
6008,"Town of Rome (Kennebec County)",2026,"In effect",2017,2017,Local,ME,"Kennebec County",23011,"Town of Rome",Wind,"Rule 9: Height Restriction (wind) 
In September 2016, the Rome Selectboard approved the request of the Rome Planning Board to extend a wind energy moratorium for another 180 days in order to develop a wind energy ordinance. The town passed a Wind Energy Systems Ordinance in March 2017, mandating that all wind towers be limited to a maximum height of 199 feet.","Madeline St. Amour, Rome Board gets more time to develop wind energy ordinance, Central Maine, Sept. 6, 2016, https://www.wind-watch.org/news/2016/09/07/rome-board-gets-more-time-to-develop-wind-energy-ordinance/; Town of Rome, Maine, Wind Energy Systems Ordinance (March 2017), https://www.romemaine.com/sites/g/files/vyhlif6206/f/uploads/wind_energy_systems_ordinance.pdf."
6009,"City of Augusta (Kennebec County)",2026,"In effect",2021,2021,Local,ME,"Kennebec County",23011,"City of Augusta",Solar,"Rule 5: Viewshed Restriction (solar)
In August 2021, after residents voiced aesthetic concerns about utility-scale solar projects, the City Council imposed a moratorium for up to 180 days on solar projects.","City of Augusta, Me., Ordinance No. 21-187 (Oct. 21, 2021), https://ecode360.com/42162404?highlight=solar&searchId=6017169178600626#42162404; Keith Edwards, Augusta Approves Rules to Shield New Solar Projects from Public View, Kennebec Journal, Oct. 24, 2021, https://www.centralmaine.com/2021/10/24/augusta-approves-rules-to-shield-new-solar-projects-from-public-view/."
6010,"Town of Belgrade (Kennebec County)",2026,"In effect",2020,2022,Local,ME,"Kennebec County",23011,"Town of Belgrade",Solar,"Rule 1: Ban / Moratorium (solar) | Rule 2: Size Cap (solar) 
A moratorium on wind and solar projects that went into effect August 2020 was extended multiple times as the town developed new ordinances for wind and solar energy. Under the new solar ordinance adopted in November 2022, no more than 10 acres of wooded land may be cleared for a solar project, and solar arrays must not exceed 12 feet in height.","Town of Belgrade, Me., Commercial Development Review Ordinance art. 7 §§ 4-5 (Nov. 8, 2022), https://www.townofbelgrade.com/sites/g/files/vyhlif2791/f/pages/2022_cdr_final_-_amended_11-08-2022.pdf; Evan Houk, Belgrade Extends Moratorium Again on Solar, Wind Farms and Other Developments, Morning Sentinel, Nov. 17, 2021, https://www.centralmaine.com/2021/11/17/belgrade-extends-moratorium-on-solar-wind-farms-and-other-developments/;"
6011,"Town of Albion (Kennebec County)",2026,Expired,2023,2023,Local,ME,"Kennebec County",23011,"Town of Albion",Transmission,"Rule 1: Ban / Moratorium (transmission) 
In August 2023, Albion residents voted to impose a 6-month moratorium on utility lines and corridors. The vote was in response to the Aroostook Renewable Gateway Project, which is planned to transmit power from a new large wind project in Northern Maine. Residents expressed concerns that the project would disrupt farmland and disorient bees through electric and magnetic fields.","Sukanya Mitra, With eye toward planned transmission project, Albion residents OK moratorium on utility lines, corridors, Central Maine, Aug. 30, 2023 (updated Aug. 31, 2023), https://www.centralmaine.com/2023/08/30/with-eye-toward-planned-transmission-project-albion-residents-ok-moratorium-on-utility-lines-corridors/; Donovan Lynch, Albion passes moratorium on utility projects amid fears Aroostook line would hurt farmers, News Center Maine, Aug. 30, 2023, https://www.newscentermaine.com/article/news/politics/maine-politics/albion-passes-moratorium-on-utility-projects-amid-fears-aroostook-line-would-hurt-farmers-maine-electric-grid/97-cb62de59-96f0-408e-9a03-bd0afe28fd4d; Town of Albion, Maine, High-Impact Electric Transmission Line Moratorium Ordinance, https://townofalbionmaine.com/images/transmission_line.pdf; Aroostook Renewable Gateway, LSP Grid Maine, http://www.lspgridmaine.com/project/ (last visited Dec. 14, 2023)."
6012,"Town of Albion (Kennebec County)",2026,"In effect",2023,2023,Local,ME,"Kennebec County",23011,"Town of Albion",Solar,"Rule 10a: Setback Restriction (solar) 
In March 2023, residents of the town of Albion voted at a Town Meeting to adopt a new ordinance that requires solar projects to be set back 300 feet from roads or residential buildings. In August 2023, Albion residents voted to impose a 6-month moratorium on utility lines and corridors. The vote was in response to the Aroostook Renewable Gateway Project, which is planned to transmit power from a new large wind project in Northern Maine. Residents expressed concerns that the project would disrupt farmland and disorient bees through electric and magnetic fields.","Town of Albion, Me., Solar Energy Systems Ordinance (Mar. 18, 2023), 
https://townofalbionmaine.com/images/Albion_Solar_Energy_Systems_Ordinance_Draft_2023_Final.pdf"
6013,"City of Ellsworth (Hancock County)",2026,Expired,2021,2022,Local,ME,"Hancock County",23009,"City of Ellsworth",Solar,"Rule 1: Ban / Moratorium (solar) 
On October 18, 2021, citing concerns about overdevelopment, the Ellsworth City Council enacted a 6-month moratorium on solar development, which was ultimately extended until October 13, 2022.","Bill Trotter, Ellsworth Halts New Solar Projects for 6 Months Due to Concerns About Overdevelopment, Bangor Daily News, Oct. 27, 2021, https://www.bangordailynews.com/2021/10/27/news/hancock/ellsworth-adopts-moratorium-on-solar-power-development-but-existing-projects-will-go-on-joam40zk0w/; City of Ellsworth, Me., Medium- and Large-Scale Solar Energy Systems Moratorium Ordinance (Oct. 18, 2021), https://www.ellsworthmaine.gov/wp-content/uploads/2021/10/Medium-and-Large-Scale-Solar-Energy-Systems-Moratorium-Ordinance-for-CC-Review-10.18.21-1.pdf."
6014,"Town of Trenton (Hancock County)",2026,"In effect",2024,2024,Local,ME,"Hancock County",23009,,Solar,"Rule 1: Ban / Moratorium (solar) 
In 2023, the Town of Trenton’s Select Board passed a moratorium on large-scale Solar Projects in response to a proposed 70-MW solar farm. The moratorium was extended multiple times, including a 180-day extension in September 2024. In the meantime, on May 2024, the Town of Trenton voters rejected a proposed ordinance to facilitate large-scale solar development. Opponents of solar development in the town include a group called Neighbors Against More Large-Scale Solar Development.","Carrie Jones, Trenton Extends Its Solar Moratorium, Bar Harbor Story, Oct. 3, 2024, https://barharborstory.substack.com/p/trenton-extends-its-solar-moratorium; Katie Delaney, Trenton Extends Temporary Ban on Large-Scale Solar Energy Projects, News Center Maine, Sept. 19, 2024, https://www.newscentermaine.com/article/news/politics/maine-politics/trenton-extends-temporary-ban-large-scale-solar-energy-projects-maine/97-d8610ca5-2ac4-45a9-9e43-ae717b8e7048."
6015,"Town of Penobscot (Hancock County)",2026,"In effect",2024,2025,Local,ME,"Hancock County",23009,"Town of Penobscot",Solar,"Rule 2: Size Cap (solar) 
In July 2024, the Select Board of the Town of Penobscot approved a 180-day moratorium on solar projects larger than 20 kW.","Town of Penobscot, Me., Solar Energy Ordinance (Oct. 2025), https://acrobat.adobe.com/id/urn:aaid:sc:VA6C2:582ce96c-06ff-4c1e-af31-bd844985b6af; John Epstein, Penobscot approves moratorium on solar development, PENOBSCOT BAY PRESS, July 18, 2024, https://penobscotbaypress.com/articles/latestnews-castinepatriot/penobscot-approves-moratorium-on-solar-development/."
6016,"Town of Weld (Franklin County)",2026,"In effect",2023,2025,Local,ME,"Franklin County",23007,"Town of Weld",Solar,"Rule 1: Ban / Moratorium (solar) 
In June 2023, the Select Board approved a 6-month moratorium on commercial solar energy facilities, citing a need for more time to draft ordinances regulating solar facilities. In March 2024, the Select Board approved another 6-month moratorium on commercial solar energy facilities.","Town of Weld, Me., Second Extension of Ordinance Establishing a Moratorium on Commercial Solar Energy Facilities (Sep. 9, 2025), https://bcms-files.s3.amazonaws.com/J5p0q5O049-1715/docs/Ordinances/Moratorium-Extension-Solar-Farms-and-Large-Commercial-Structures-Selectboard-Mtg-09.09.2025-FORM.pdf; Karolyne Sloma, Weld voters approve solar farm moratorium in annual town meeting, The Daily Bulldog, Mar. 13, 2024, https://dailybulldog.com/features/weld-voters-approve-solar-farm-moratorium-in-annual-town-meeting/; Town of Weld, Maine, Ordinance Establishing an Emergency Moratorium on Commercial Solar Energy Facilities (June 13, 2023), https://www.weld-maine.org/blog/post/town-of-weld-ordinance-establishing-an-emergency-moratorium-on-commercial-solar-energy-facilities-approved-june-12-2023; Pam Harnden, Questions arise after moratorium on commercial solar energy facilities approved in Weld, THE FRANKLIN JOURNAL, June 28, 2023, https://www.sunjournal.com/2023/06/28/questions-arise-after-moratorium-on-commercial-solar-energy-facilities-approved-in-weld/."
6017,"Town of Fort Fairfield (Aroostook County)",2026,"In effect",2015,2015,Local,ME,"Aroostook County",23003,"Town of Fort Fairfield",Wind,"Rule 6a: Setback Restriction (wind) 
In September 2015, the Fort Fairfield Town Council passed a wind ordinance requiring a 1-mile setback from all non-participating properties.","Anthony Brino, Fort Fairfield passes wind ordinance with one mile setback, Bangor Daily News, Sept. 18, 2015, https://www.bangordailynews.com/2015/09/18/news/aroostook/fort-fairfield-passes-wind-ordinance-with-one-mile-setback/."
6018,"Town of Mechanic Falls (Androscoggin County)",2026,Expired,2021,2022,Local,ME,"Androscoggin County",23001,"Town of Mechanic Falls",Solar,"Rule 1: Ban / Moratorium (solar) 
In November 2021, following the approval of two solar farms, the Town Council enacted a 180-day moratorium on the development of solar projects in order for the Planning Board to develop an ordinance.","Town of Mechanic Falls, Me., Solar Array Energy Systems Ordinance (Feb. 7, 2022), https://ecode360.com/39327148#39327160; Eriks Petesons, Mechanic Falls council adopts solar farm moratorium, The Sun Journal, Nov. 25, 2021, https://www.sunjournal.com/2021/11/25/mechanic-falls-council-adopts-solar-farm-moratorium/."
6019,"Town of Greene (Androscoggin County)",2026,"In effect",2024,2024,Local,ME,"Androscoggin County",23001,"Town of Greene",Solar,"Rule 2: Size Cap (solar) 
In November 2024, the Town of Greene voted overwhelmingly to adopt an amendment limiting the size of any solar project to 15 acres. This amendment effectively killed a 600-acre solar project proposed by Swift Current Energy.","Mark LaFlamme, Greene says no to latest solar power plan, Sun Journal, Nov. 21, 2024, https://www.sunjournal.com/2024/11/21/greene-says-no-to-latest-solar-power-plan/."
6020,"Town of Turner (Androscoggin County)",2026,"In effect",2024,2024,Local,ME,"Androscoggin County",23001,"Town of Turner",Solar,"Rule 5: Viewshed Restriction (solar)
In April 2024, the Town of Turner passed a zoning ordinance that required solar farms to include a vegetated buffer of at least 50 feet in depth to mitigate the visual impact.","Town of Turner, Me., Zoning Ordinance: Solar Energy Systems § 4.EE (Mar. 2024), https://www.turnermaine.com/wp-content/uploads/2024/03/Zoning-Ordinance-Solar-2023.pdf; Town of Turner, Me., Zoning Ordinance § 4 (Apr. 6, 2024), https://www.turnermaine.com/wp-content/uploads/2024/10/Turner-Zoning-Ordinance-04-2024.pdf."
6021,"Washington Parish",2026,"In effect",2022,2022,Local,LA,"Washington Parish",22117,,Solar,"Rule 10b: Setback Restriction (solar) 
In March 2021, Washington Parish established a moratorium on solar farms as it sought to develop a regulatory ordinance. The moratorium was extended several times, until the Washington Parish Council passed new regulations on solar projects in April 2022.","Washington Parish, La., Ordinance 22-707 (Apr. 14, 2022), https://wpgov.org/DocumentCenter/View/186/Ordinance-22-707-An-Ordinance-Of-The-Washington-Parish-Utility-Scale-Solar-Project-Facility-PDF; Washington Parish Council, Louisiana, Resolution No. 21-1106 (Sept. 27, 2021), https://www.wpgov.org/DocumentCenter/View/728/Resolution-21-1106-A-resolution-for-a-third-extension-on-the-moratorium-on-approval-of-solar-panel-farms-PDF; Washington Parish Council Approves Solar Ordinance, Era Leader, April 19, 2022, https://www.era-leader.com/local-content-top-stories/washington-parish-council-approves-solar-ordinance; Rob Masson, Solar power plant projects stall in Washington Parish amid tax exemption debate, Fox 8, May 16, 2023, https://www.fox8live.com/2023/05/16/solar-power-plant-projects-stall-washington-parish-amid-tax-exemption-debate/."
6022,"St. James Parish",2026,"In effect",2022,2023,Local,LA,"St. James Parish",22093,,Solar,"Rule 10b: Setback Restriction (solar) 
On August 17, 2022, the St. James Parish Council approved a moratorium through March 2023 on commercial solar farms. The moratorium was imposed shortly after D.E. Shaw Renewable Investments submitted a proposal to build a solar farm on 3,900 acres in the parish, which the planning commission rejected. Local residents advocating for the moratorium expressed concerns about visual impacts.","St. James Parish, La., Ordinance 23-11 (Nov. 8, 2023), https://www.stjamesla.com/DocumentCenter/View/1582/23-11-Solar-Farm-Facilty-Standards-for-Development; Joshua Rosenberg, St. James Parish approves solar farm moratorium, The Lens, Aug. 18, 2022, https://thelensnola.org/2022/08/18/st-james-parish-approves-solar-farm-moratorium/."
6023,"Richland Parish",2026,"In effect",2024,2024,Local,LA,"Richland Parish",22083,,Solar,"Rule 10b: Setback Restriction (solar)","Richland Parish, La., Ordinances Article No. 2024-06-03 (Jun. 3, 2024), https://www.richlandtoday.com/article/202,public-notices"
6024,"Rapides Parish",2026,"In effect",2025,2025,Local,LA,"Rapides Parish",22079,,Solar,"Rule 10b: Setback Restriction (solar)","Rapides Parish, La., Solar Farm Ordinance (Jun. 9, 2025), https://rppj.com/wp-content/uploads/2025/06/June-9-2025-Minutes.pdf"
6025,"Jefferson Davis Parish",2026,"In effect",2020,2020,Local,LA,"Jefferson Davis Parish",22053,,Wind,"Rule 6b: Setback Restriction (wind) 
Under a January 2020 ordinance, no wind turbine may be installed within 3 miles of any business or residence in the unincorporated areas of Jefferson Davis Parish.","Jefferson Davis Parish, La., Code § 27-7.5 Ordinance No. 2341 (Jan. 13, 2020), https://library.municode.com/la/jefferson_davis_parish_police_jury/codes/code_of_ordinances?nodeId=COOR_CH21ZO_ARTIIIGERE_S21-7.5WIEN (last visited May 24, 2023)."
6026,"Iberia Parish",2026,"In effect",2025,2025,Local,LA,"Iberia Parish",22045,,Solar,"Rule 1: Ban / Moratorium (solar) | Rule 10a: Setback Restriction (solar)","Iberia Parish, La., Ordinance No. 2025-07-5372 (Jul. 23, 2025), https://iberiaparishgovernment.com/wp-content/uploads/2025-07-5372-Ordinance-Enacting-Chapter-120-Relative-to-Renewable-Energy-Power-Plant-Solar-Energy-Development.pdf"
6027,"Caddo Parish",2026,"In effect",2021,2021,Local,LA,"Caddo Parish",22017,,Wind,"Rule 8: Shadow Flicker Restriction (wind)","Caddo Parish, La., Unified Development Code Section 6.1(FF) (Jun. 3, 2021), https://library.municode.com/la/caddo_parish/codes/unified_development_code?nodeId=UNIFIED_DEVELOPMENT_CODE_ART6USST"
6028,"Bossier Parish",2026,"In effect",2023,2023,Local,LA,"Bossier Parish",22015,,Solar,"Rule 10b: Setback Restriction (solar)","Bossier Parish, La., Ordinance No. 4968 (Aug. 16, 2023), https://www.bossierparishla.gov/docs/default-source/police-jury/recent-ordinances/ordinance-no-4968.pdf?sfvrsn=4fb14ae9_3"
6029,"Ascension Parish",2026,"In effect",2020,2025,Local,LA,"Ascension Parish",22005,,Solar,"Rule 10a and 10b: Setback Restriction (solar)","Ascension Parish, La., Development Code Section 17-2038 (as amended Feb, 20, 2025), https://library.municode.com/la/ascension_parish/codes/unified_land_development_code?nodeId=APXIIDECO_17-2020CODIC"
6030,"Trigg County",2026,"In effect",2024,2024,Local,KY,"Trigg County",21221,,Solar,"Rule 10a and 10b: Setback Restriction (solar)","Trigg County, Ky., Ordinance No. 24-02 (Mar. 18, 2024), https://eec.ky.gov/Energy/Documents/Trigg%20County%20Solar%20Ordinance.pdf"
6031,"Todd County",2026,"In effect",2022,2022,Local,KY,"Todd County",21219,,Solar,"Rule 10a and 10b: Setback Restriction (solar)","Todd County, Ky., Ordinane No. 22-7 (Dec. 29, 2022), https://eec.ky.gov/Energy/Documents/Todd%20County%20Solar%20Ordinance.pdf"
6032,"Ohio County",2026,"In effect",2024,2024,Local,KY,"Ohio County",21183,,Solar,"Rule 10a: Setback Restriction (solar)","Ohio County, Ky., Ordinance No. 24-7 (Jun. 10, 2024), https://eec.ky.gov/Energy/Documents/Ohio%20County%20Solar%20Ordinance.pdf"
6033,"Meade County",2026,"In effect",2024,2024,Local,KY,"Meade County",21163,,Solar,"Rule 1: Ban / Moratorium (solar) 
Meade County’s solar ordinance mandates that no more than 2,000 acres in the unincorporated areas of the county may be used for “Level 3” (large scale) solar.","Meade County, Ky., Ordinance No. 2024-08 (Jun. 11, 2024), https://eec.ky.gov/Energy/Documents/Meade%20County%20Solar%20Ordinance.pdf."
6034,"Mason County",2026,"In effect",2022,2022,Local,KY,"Mason County",21161,,Solar,"Rule 10a and 10b: Setback Restriction (solar)
Mason County’s solar ordinance mandates that utility-scale solar projects be set back at least 500 feet from private property lines, and at least 600 or 750 feet from dwellings, schools, and many other occupied buildings, depending on the size of the property.","Mason County, Ky., Ordinance 22-02 (Jun. 14, 2022), https://eec.ky.gov/Energy/Documents/Mason%20Co%20-%20Maysville.pdf."
6035,"McCracken County",2026,"In effect",2021,2021,Local,KY,"McCracken County",21145,,Solar,"Rule 1: Ban / Moratorium (solar) | Rule 10b: Setback Restriction (solar)","McCracken County, Ky. § 150.040 Solar Energy Systems (as amended Dec. 13, 2021), https://eec.ky.gov/Energy/Documents/McCracken%20County%20Solar%20Ordinance.pdf"
6036,"Lyon County",2026,"In effect",2024,2024,Local,KY,"Lyon County",21143,,Solar,"Rule 10b: Setback Restriction (solar) 
On April 29, 2024, the Lyon County Fiscal Court unanimously adopted Ordinance 04-2024 establishing licensing requirements for large scale solar energy systems, including rooftop solar and ground-mounted solar. The requirements include 2,000-foot setbacks from any non-participating property and decommissioning plans to be updated at least every 5 years. The ordinance provides that a violation constitutes a misdemeanor offense, carrying a fine of up to $500.00.","Lyon County, Ky., Ordinance 04-2024, (Apr. 29, 2024), https://climate.law.columbia.edu/sites/climate.law.columbia.edu/files/content/Lyon%20County%20Ordinance%2004-2024%2C%204.29.24%20(1).pdf"
6037,"City of Villa Hills (Kenton County)",2026,"In effect",2018,2018,Local,KY,"Kenton County",21117,"City of Villa Hills",Solar,"Rule 3: Use Restriction (solar) | Rule 5: Viewshed Restriction (solar)
Villa Hills has banned commercial solar projects by requiring in its solar ordinance that the primary purpose of solar energy systems be for providing power for the property where the system is located, rather than for commercial use. It also requires that solar panels on flat roofs in non-residential zones not be visible from public rights-of-way, parking lots, and adjacent properties.","City of Villa Hills, Kentucky, Zoning Ordinance Section 9.30 (Solar Panels) (2018), https://eec.ky.gov/Energy/Documents/Kenton%20County%20-%20Villa%20Hills%20Solar%20Ordinance.pdf."
6038,"City of Hopkinsville (Christian County)",2026,"In effect",2022,2022,Local,KY,"Christian County",21047,"City of Hopkinsville",Solar,"Rule 10a: Setback Restriction (solar) 
Hopkinsville’s solar ordinance requires that certain large-scale solar projects be set back at least 1,000 feet from any lot line and at least 2,000 feet from the nearest lot line of any property containing a residential use or quasi-public use.","City of Hopkinsville, Ky., Ordinance No. 23-2022 (Nov. 15, 2022), https://eec.ky.gov/Energy/Documents/City%20of%20Hopkinsville%20Solar%20Ordinance.pdf."
6039,"Calloway County",2026,"In effect",2024,2024,Local,KY,"Calloway County",21035,,Solar,"Rule 10a: Setback Restriction (solar)","Calloway County, Ky., Ordinance No. 24-0417-A (Apr. 17, 2024), https://callowaycountyky.gov/wp-content/uploads/2024/04/24-0417-A.pdf"
6040,"Caldwell County",2026,"In effect",2025,2025,Local,KY,"Caldwell County",21033,,Solar,"Rule 6b: Setback Restriction (wind) 
The Cadwell County zoning regulations require that wind turbines be set back 2,500 feet from active residential buildings, although the setback can be reduced to 1,000 feet with the written permission of all affected residents.","Caldwell County, Ky., Ordinance 03-15-2024-02 (Mar. 26, 2024), https://climate.law.columbia.edu/sites/climate.law.columbia.edu/files/content/Caldwell%20Ordinance%2003-15-2024-02%20Solar%20Farm.pdf; Caldwell County Fiscal Court, Meeting Minutes, March 26, 2024, https://climate.law.columbia.edu/sites/climate.law.columbia.edu/files/content/Caldwell%20County%2C%20Fiscal%20Court%20Minutes%20March%2026%2C%202024.pdf"
6041,"Breckinridge County",2026,"In effect",2025,2025,Local,KY,"Breckinridge County",21027,,Solar,"Rule 10a and 10b: Setback Restriction (solar)","Breckinridge County, Ky., Ordinance No. 2025-0121 (Feb. 17, 2025), https://breckinridgeky.com/wp-content/uploads/2025/12/Solar-Energy-Systems-Ordinance-2025-0121.pdf"
6042,"Boyle County",2026,"In effect",2024,2024,Local,KY,"Boyle County",21021,,Solar,"Rule 3: Use Restriction (solar) 
Boyle County prohibits ground-mounted solar panel systems from being the primary use of a property in an agricultural district if the property is smaller than ten acres.","Boyle County, Ky., Joint Zoning Ordinance Sec. 4.3.5(D)(5) (Jul. 2, 2024), https://eec.ky.gov/Energy/Documents/Boyle%20County%20Solar%20Ordinance.pdf."
6043,"Woodson County",2026,"In effect",2025,2025,Local,KS,"Woodson County",20207,,Wind|Solar,"Rule 1: Ban / Moratorium (wind) | Rule 1: Ban / Moratorium (solar)
The Woodson County Board of County Commissioners has enacted a moratorium and prohibition on Commercial Renewable Energy Projects in the unincorporated area of Woodson County. Specifically, the resolution directs the suspension of acting on any application for a Conditional Use Permit or permits for the erection and construction of any Commercial Renewable Energy Project (Section 1), prohibits the establishment of any such project (Section 3), and declares such establishment a violation of public interest while the resolution is in effect. No applications for Conditional Use permits shall be set for public hearing prior to 12 months from adoption (Section 2). The moratorium may be extended, terminated earlier, or amended by subsequent resolution (Section 5). The resolution ""shall remain in effect until the end of February 2026"" (Section 6). There are no stated conditions or exceptions limiting the prohibition to specific areas, prior approvals, or compliance status. The moratorium is currently in effect as of December 5, 2025.","Woodson County, Kan., Ordinance No. 25-05 (Feb. 25, 2025), 
http://woodsoncounty.net/main/images/documents/Commissioners/Resolutions/resolution_25-05.pdf"
6044,"Wabaunsee County",2026,"In effect",2023,2023,Local,KS,"Wabaunsee County",20197,,Solar,"Rule 1: Ban / Moratorium (solar) 
In May 2023, the Wabaunsee County Commission adopted a 5-year moratorium on commercial solar farms, with an end date of June 2028","Wabaunsee County, Kan., Wabaunsee County Commission Meeting Minutes (May 8, 2023), https://www.wbcounty.org/sites/g/files/vyhlif6196/f/minutes/05.08.2023_signed_minutes.pdf."
6045,"Shawnee County",2026,"In effect",2024,2024,Local,KS,"Shawnee County",20177,,Wind|Solar,"Rule 1: Ban / Moratorium (wind) | Rule 1: Ban / Moratorium (solar)
In June 2024, the Shawnee County Commission voted to ban community- and commercial-scale wind energy conversion systems in the county and unanimously approved a 1-year moratorium for solar energy conversion systems.","Keishera Lately, Shawnee County Commission bans wind projects and places 1-year moratorium on solar ones, TOPEKA CAPITAL JOURNAL, June 13, 2024, https://www.cjonline.com/story/news/local/2024/06/13/shawnee-county-commission-oks-one-year-solar-moratorium-and-wind-ban/74085301007/#."
6046,"Sedgwick County",2026,"In effect",2023,2024,Local,KS,"Sedgwick County",20173,,Wind|Solar,"Rule 1: Ban / Moratorium (wind) | Rule 1: Ban / Moratorium (solar) | Rule 2: Size Cap (solar) 
In September 2023, Sedgwick Country enacted a 6-month moratorium on solar applications as it considered new solar regulations. In March 2024, the Sedgwick County Commission extended the September 2023 moratorium on new commercial solar farms until September 2024. In August 2024, the county adopted new regulations, officially ending the moratorium. The new regulations prohibit solar projects from exceeding 1,500 acres in area; prohibit solar projects from being located in or on more than 6 contiguous sections of land; and require new solar projects be set back at least 2 miles from the nearest solar project.","Wichita-Sedgwick County, Kan., Unified Zoning Code § 3(D)(6)(pp)(2) & (4) (2024), https://library.municode.com/ks/wichita-sedgwick_county_unified/codes/unified_zoning_code?nodeId=ARTIIIZODIST_DUSRE; Matthew Kelly, Commercial solar projects in Sedgwick County? Residents weigh in at town hall meeting, Wichita Eagle, Nov. 17, 2023, https://www.aol.com/news/commercial-solar-projects-sedgwick-county-115500741.html; Sedgwick County passes six-month ban on new commercial-scale solar projects, KMUW, Sept. 14, 2023, https://www.kmuw.org/2023-09-14/sedgwick-county-ban-new-commercial-scale-solar-projects; Celia Hack, Temporary ban on new commercial solar in Sedgwick County extended, KMUW, March 6, 2024, https://www.kmuw.org/2024-03-06/temporary-ban-on-solar-sedgwick-county-extended; Solar Energy Conversion Systems, City of Wichita, https://www.wichita.gov/590/Solar-Energy-Conversion-Systems (last visited Oct. 29, 2024); Matthew Kelly, Sedgwick County Commission approves restrictive new solar farm zoning package, Wichita Eagle, Aug. 2024, https://www.msn.com/en-us/money/companies/sedgwick-county-commission-approves-restrictive-new-solar-farm-zoning-package/ar-AA1oO4P7."
6047,"Reno County",2026,"In effect",2021,2023,Local,KS,"Reno County",20155,,Wind,"Rule 1: Ban / Moratorium (wind) 
In December 2021, the Reno County Commission banned wind development in all zoned areas of the county. The vote to ban wind development in certain areas of the county came three years after residents requested that the commission impose a moratorium on wind development, ostensibly in response to news that NextEra was purchasing leases for a potential wind farm in the county. As of December 2021, a moratorium on commercial wind development was scheduled to run through March 2022. As of February 2023, the county’s zoning regulations provide that, “[i]n order to provide for an incorporated city to extend its corporate boundary and increase its tax base, no turbine shall be located within 1 mile of an incorporated city boundary.” Wind farms are permitted, however, in a designated Commercial Wind Energy Conversion Systems District in the unincorporated part of the county.","John Green, Commission formally bans industrial wind in zoned areas of Reno County, The Hutchinson News, Dec. 14, 2021, https://www.hutchnews.com/story/news/2021/12/14/reno-county-commission-meeting-bans-industrial-wind-zoned-areas-county/6508762001/; Reno County, Kan., Zoning Regulations § 23-107(2)(H), https://www.renogov.org/DocumentCenter/View/9788/Zon-Article-23---Commercial-Wind-Energy-Conversion-Systems-PDF (last visited May 24, 2023); Reno County, Kan., Zoning Regulations § 24-103, https://www.renogov.org/DocumentCenter/View/9789/Zon-Article-24-CWECS-PDF (last visited May 24, 2023)."
6048,"Pratt County",2026,"In effect",2012,2012,Local,KS,"Pratt County",20151,,Wind,"Rule 6b: Setback Restriction (wind) 
The Pratt County zoning regulations require that wind turbines be set back 2,500 feet from active residential buildings, although the setback can be reduced to 1,000 feet with the written permission of all affected residents.","Pratt County, Kan., Zoning Regulations A-12 (2012), https://www.prattcounty.org/DocumentCenter/View/77/Adopted-Pratt-County-Zoning-Regulations-5-7-2012-Reduced-size (last visited May 24, 2023)."
6049,"Pottawatomie County",2026,"In effect",2022,2023,Local,KS,"Pottawatomie County",20149,,Solar,"Rule 1: Ban / Moratorium (solar) 
In the fall of 2022, the Pottawatomie County Commission enacted a 1-year moratorium on utility-scale commercial solar projects. In November 2023, the County Commission voted 2-1 to extend the moratorium by 3 years.","Annie Wolfe, County extends solar farm moratorium, Pottawatomie County Times, Nov. 27, 2023, https://www.pottcotimes.com/news/county-extends-solar-farm-moratorium/article_0af389a0-0647-50a2-9c6d-ee3c793034f0.html."
6050,"Osage County",2026,"In effect",2022,2022,Local,KS,"Osage County",20139,,Wind|Solar,"Rule 1: Ban / Moratorium (wind) | Rule 1: Ban / Moratorium (solar)
On October 24, 2022, the Osage County Commission unanimously adopted a measure to prohibit any new commercial wind and solar projects within the county’s borders. The county allows only small wind and solar systems of 30 kW or less for on-site power generation.","Sarah Motter, Osage Co. wind farm, alternate energy development plans halted, 13 WIBW, Oct. 26, 2022, https://www.wibw.com/2022/10/26/osage-co-wind-farm-alternate-energy-development-plans-halted/; Planning Commission Memo from Russ Ewy to Osage County Planning Commission dated Oct. 6, 2022, http://ks827.cichosting.com/main/images/pdfs/Osage-County-PC-Memo-on-Alternative-Energy-Amendments-10-06-2217073.pdf."
6051,"Nemaha County",2026,Expired,2019,2023,Local,KS,"Nemaha County",20131,,Wind,"Rule 1: Ban / Moratorium (wind) 
Nemaha County adopted a moratorium on wind energy projects in May 2019. The moratorium was most recently extended for an additional 12 months in October 2023.","Greg Bebermeyer, County extends wind energy moratorium, MSC News, Oct. 4, 2023, https://www.mscnews.net/news/?nk=76435."
6052,"McPherson County",2026,"In effect",2018,2018,Local,KS,"McPherson County",20113,,Wind,"Rule 1: Ban / Moratorium (wind) 
In November 2018, McPherson County adopted an indefinite moratorium on conditional-use permits for the construction of wind turbines.","County nixes wind turbines indefinitely, McPherson Sentinel, Nov. 6, 2018, https://www.windaction.org/posts/49078-county-nixes-wind-turbines-indefinitely."
6053,"McPherson County",2026,"In effect",2021,2023,Local,KS,"McPherson County",20113,,Solar,"Rule 1: Ban / Moratorium (solar) 
In 2021, the county adopted a moratorium on commercial solar energy projects, which it indefinitely extended in August 2023.","Lucky Kidd, County Commission Extends Moratorium on Commercial Solar Energy Projects in McPherson County, Ad Astra Radio, Aug. 29, 2023, https://www.adastraradio.com/adastra-news/county-commission-extends-moratorium-on-commercial-solar-energy-projects-in-mcpherson-county."
6054,"Linn County",2026,Expired,2022,2023,Local,KS,"Linn County",20107,,Solar,"Rule 1: Ban / Moratorium (solar) 
A solar moratorium was put in place in October 2022, and again in November 2023.","Charlene Sims, Commission votes to again enact a solar ‘farm’ moratorium, Linn County Journal, Nov. 22, 2023 (updated Dec. 7, 2023), https://www.linncountyjournal.com/post/commission-votes-to-again-enact-a-solar-farm-moratorium; Roger Sims, Commission prohibits wind turbines, eases cap on solar, LINN COUNTY JOURNAL, July 6, 2023 (updated Aug. 10, 2023), https://www.linncountyjournal.com/post/commission-prohibits-wind-turbines-eases-cap-on-solar."
6055,"Linn County",2026,"In effect",2020,2023,Local,KS,"Linn County",20107,,Wind,"Rule 1: Ban / Moratorium (wind) 
Linn County adopted a moratorium on wind energy projects in June 2020, which was originally set to expire in December 2020 but ultimately extended through December 2021. In July 2023, the Linn County Commission voted to entirely ban commercial wind construction.","Roger Sims, Commission prohibits wind turbines, eases cap on solar, Linn County Journal, July 6, 2023 (updated Aug. 10, 2023), https://www.linncountyjournal.com/post/commission-prohibits-wind-turbines-eases-cap-on-solar; Linn County extends wind turbine moratorium, WIND ACTION, Aug. 10, 2020, http://www.windaction.org/posts/51577-linn-county-extends-wind-turbine-moratorium."
6056,"Leavenworth County",2026,"In effect",2022,2022,Local,KS,"Leavenworth County",20103,,Wind,"Rule 6a: Setback Restriction (wind) | Rule 9: Height Restriction (wind) 
In August 2022, Leavenworth County adopted a wind ordinance that sets a 1,500-foot setback from property lines and a 200-foot tower height limit for wind turbines.","Leavenworth County, Kan., Resolution 2022-16 (Aug. 3, 2022), https://files.leavenworthcounty.gov/Department/Commission/Resolutions/2022/2022-16.pdf."
6057,"Kearny County",2026,"In effect",2009,2009,Local,KS,"Kearny County",20093,,Wind,"Rule 6a: Setback Restriction (wind) | Rule 9: Height Restriction (wind) 
The Kearny County zoning regulations provide that wind energy conversion systems must be set back at least 2,000 feet from any property line. The regulations also limit the maximum height of turbines to 350 feet which may be increased to 400 feet if the applicant can show that the additional height will result in increased efficiency. In no case, however, can turbine height exceed 400 feet.","Kearny County, Kan., Zoning Regulations § 19-305 (2009), https://www.kearnycountykansas.com/sites/g/files/vyhlif6361/f/uploads/2009zoningreg.pdf."
6058,"Johnson County",2026,"In effect",2022,2022,Local,KS,"Johnson County",20091,,Solar,"Rule 2: Size Cap (solar) 
Johnson County’s solar farm ordinance, which was updated in June 2022, sets the maximum area for a solar project at 2,000 acres.","Roxie Hammill, Johnson County just approved looser regulations for solar farms. Here’s what they’ll allow, KCUR, June 7, 2022, https://www.kcur.org/housing-development-section/2022-06-07/johnson-county-just-approved-looser-regulations-for-solar-farms-heres-what-theyll-allow."
6059,"Harvey County",2026,"In effect",2023,2023,Local,KS,"Harvey County",20079,,Wind|Solar,"Rule 1: Ban / Moratorium (wind) | Rule 1: Ban / Moratorium (solar)
In February 2023, the Harvey County Commission established a 6-month moratorium on commercial wind and solar projects.","Harvey County, Kan., Renewable Energy Ordinance (Nov. 14, 2023), https://www.harveycounty.gov/media/Documents/News/UDC%20Section%2016%2014%20Renewable%20Energy%20Regulations.pdf; Commission bans commercial wind, utility solar projects, Harvey County, Nov. 14, 2023, https://www.harveycounty.com/news/commission-bans-commercial-wind,-utility-solar-projects.html; Kansas county bans commercial wind, some solar projects, Salina Post, Nov. 14, 2023, https://salinapost.com/posts/19a3e90a-5fee-45aa-9f8e-1a29112b26ec."
6060,"Franklin County",2026,"In effect",2023,2023,Local,KS,"Franklin County",20059,,Wind,"Rule 1: Ban / Moratorium (wind) 
In May 2023, the Franklin County Board of Commissioners unanimously approved a moratorium on the planning, establishment, construction, application for, or permitting of special use permits for wind farms in the unincorporated areas of Franklin County, Kansas until December 31, 2026.","Minutes from Board of Franklin County Commissioners, May 10, 2023, http://franklincoks.org/AgendaCenter/ViewFile/Minutes/_05102023-1785."
6061,"Douglas County",2026,"In effect",2022,2022,Local,KS,"Douglas County",20045,,Solar,"Rule 2: Size Cap (solar) | Rule 10b: Setback Restriction (solar) 
In 2022, Douglas County adopted a solar ordinance that limits cumulative solar farm acreage in the county to 1,000 acres and requires solar panels and arrays to be at least 500 feet from any existing residences.","Douglas County, Kan., Resolution No. 22-16 (May 4, 2022), https://www.jocogov.org/sites/default/files/files/2022-05/Douglas%20County%20Solar%20Regulations%20-%20FINAL.pdf."
6062,"Douglas County",2026,"In effect",2013,2024,Local,KS,"Douglas County",20045,,Wind,"Rule 6a: Setback Restriction (wind) 
In response to NextEra Energy’s proposal to construct a wind farm, the Douglas County Commission issued a moratorium on wind farm development in December 2013, which lasted until April 2014. In 2022, Douglas County adopted a solar ordinance that limits cumulative solar farm acreage in the county to 1,000 acres and requires solar panels and arrays to be at least 500 feet from any existing residence. In May 2024, after a public hearing, the Commission voted to adopt new wind regulations that increased setbacks from property lines to 2,500 feet. About two-thirds of commenters at the public hearing expressed opposition to wind energy projects in the county, with some requesting a wind energy ban. Others argued that the regulations were excessive and that the setbacks would effectively prevent wind energy development. One frequent commenter was arrested on suspicion of interfering with the conduct of public business","Mackenzie Clark, Douglas County Commission approves revised wind energy regulations, The Lawrence Times, May 1, 2024, https://lawrencekstimes.com/2024/05/01/dgcocomm-vote-wind-regs/; Kansas Wind Energy Information Network, Proposed Kansas Wind Projects, http://www.kansasenergy.org/KS_wind_projects_case.htm (last visited Dec. 21, 2020)."
6063,"Cherokee County",2026,"In effect",2022,2022,Local,KS,"Cherokee County",20021,,Wind,"Rule 6a: Setback Restriction (wind) | Rule 7: Noise Restriction (wind) | Rule 9: Height Restriction (wind) 
In August 2021, Cherokee County adopted a 1-year moratorium on wind energy development. In October 2022, county commissioners adopted a wind energy ordinance that limits turbine height to 440 feet at the highest blade, sets a 39 dBa noise limit during the evening, and sets a 5,250-foot setback requirement from the nearest property line.","Sarah Spicer & Kevin Hardy, ‘Ready to go to war’: Wind power grows in Kansas and Missouri. Why do some oppose it?, Kansas City Star, Oct. 20, 2021, https://www.kansascounties.org/news/news-releases/2018ready-to-go-to-war2019-wind-power-grows-in-kansas-and-missouri-why-do-some-oppose-it; Cherokee County, Kansas, Resolution No. 9-2022 (Oct. 3, 2022)."
6064,"Brown County",2026,Expired,2022,2022,Local,KS,"Brown County",20013,,Wind,"Rule 1: Ban / Moratorium (wind) 
In July 2022, Brown County adopted a moratorium on wind energy facility permitting in order to work on zoning regulations.","Adam Clay, County puts Wind Energy Moratorium in place, Hiawatha World, July 6, 2022, https://www.hiawathaworldonline.com/news/county-puts-wind-energy-moratorium-in-place/article_69d7a846-fd43-11ec-b23a-8747f6a54733.html."
6065,"Barton County",2026,"In effect",2023,2024,Local,KS,"Barton County",20009,,Solar,"Rule 1: Ban / Moratorium (solar) 
In May 2023, the Barton County Commission voted to require any solar farm to be 6 miles away from Cheyenne Bottoms—a wetland complex with significant wildlife—and placed a moratorium on commercial solar projects until the end of the year. In March 2024, the Commission approved an amendment to the zoning regulations, updating the zoning map of Barton County to reflect “an addition of a ‘no build’ zone around Cheyenne Bottoms as it pertains to the development of ‘Large Scale Non-Commercial Solar Energy Conversion Systems.","Barton County, Kan., Resolution No. 2024-12 (Apr. 3, 2024), https://www.bartoncounty.org/vimages/shared/vnews/stories/65aeb550022f2/2024-12%20Official%20Zoning%20Map%20Resolution%20Only.pdf.; Allison Kite, Kansas solar development sparks emotional debate over location near Cheyenne Bottoms, Kansas Reflector, Mar. 31, 2024, https://kansasreflector.com/2024/03/31/kansas-solar-development-sparks-emotional-debate-over-location-near-cheyenne-bottoms; Barton County, Kan., Resolution 2023-12 (Temporary Moratorium on Commercial Solar Energy Project Development) (adopted May 17, 2023), https://www.bartoncounty.org/vimages/shared/vnews/stories/516eb52b3853d/Resolution%202023-12%20Temporary%20Moratorium%20on%20Commercial%20Solar%20Energy%20Project%20Development%20-%20Adopted%20-%2005%2017%202023.pdf; Jackson Overstreet, ‘If there is a sacred place in Kansas, this is it’: Barton County Commission puts in temporary ban on solar farms, Kake, May 10, 2023, https://www.kake.com/story/48889571/if-there-is-a-sacred-place-in-kansas-this-is-it-barton-county-commission-puts-in-temporary-ban-on-solar-farms;"
6066,"Worth County",2026,"In effect",2021,2022,Local,IA,"Worth County",19195,,Wind,"Rule 6a and 6b: Setback Restriction (wind) 
In April 2021, the Worth County Board of Supervisors adopted a moratorium on wind energy development until July 2022, at the same time as the developer Invenergy was in the process of obtaining easements for a 30,000-acre wind farm. Worth County adopted new wind regulations in June 2022. These regulations established a setback requirement of the greater of 1,600 feet, 3.75 times turbine height, or manufacturer safety distances from property lines and buildings.","Worth County passes commercial wind moratorium, Albert Lea Tribune, April 13, 2021, https://www.albertleatribune.com/2021/04/worth-county-passes-commercial-wind-moratorium/; Jaci Smith, Worth County passes commercial wind moratorium, Gazette Globe, June 7, 2023, https://globegazette.com/news/local/govt-and-politics/worth-county-passes-commercial-wind-moratorium/article_736d9ad5-9ca1-5741-8427-8066185da943.html; Worth County, Iowa, Ordinance 209 (June 27, 2022), https://worthcountyiowa.gov/files/county_ordinances/2022.06.27_wind_ordinance_209.pdf."
6067,"Woodbury County",2026,"In effect",2022,2024,Local,IA,"Woodbury County",19193,,Solar,"Rule 1: Ban / Moratorium (solar) 
In August 2023, Woodbury County supervisors further amended the zoning ordinance to disallow utility-scale solar energy systems in agricultural protection districts, allowing them only in general industrial districts.","Connor Trett, Woodbury County Board of Supervisors Adopts Amendments to Wind Turbine Ordinance, KTIV, Oct. 1, 2024, https://www.ktiv.com/2024/10/02/woodbury-county-board-supervisors-adopts-amendments-wind-turbine-ordinance/; Woodbury County, Iowa, Ordinance No. 67 (Aug. 23, 2022), https://www.woodburycountyiowa.gov/files/county_ordinances/67_amending_portions_of_ordinance_56_modifying_section_61a_737.pdf; Kendall Crawford, Woodbury County Adopts an Ordinance to Limit Wind Energy, Iowa Public Radio, Aug. 24, 2022, https://www.iowapublicradio.org/environment/2022-08-24/woodbury-county-adopts-an-ordinance-to-limit-wind-energy; Woodbury County, Iowa, Ordinance No. 72 (May 23, 2023), https://www.woodburycountyiowa.gov/files/county_ordinances/72_ordinance_amending_portions_of_woodbury_county_ordinance_56_an_amendment_to_modify_section_61a_wind_turbines_set_back_requirements_to_increase_certain_235.pdf; Jonathan Mack, Woodbury County approves wind turbine ordinance, Siouxland Proud, May 23, 2023, https://www.siouxlandproud.com/news/local-news/woodbury-county-approves-wind-turbine-ordinance/; Woodbury County, Iowa, Ordinance No. 74 (August 8, 2023), https://www.woodburycountyiowa.gov/files/county_ordinances/74_ordinance_amending_text_of_zoning_ordinance_to_amend_portions_of_the_table_of_contents_section_3034_entitled_land_use_summary_table_of_allowed_uses_in_705.pdf; Laigha Anderson, Woodbury County Supervisors Approve Solar Ordinance, Siouxland Proud, Aug. 8, 2023, https://www.siouxlandproud.com/news/local-news/woodbury-county-supervisors-approve-solar-ordinance/."
6068,"Woodbury County",2026,"In effect",2022,2024,Local,IA,"Woodbury County",19193,,Wind,"Rule 2: Size Cap (wind) | Rule 6b: Setback Restriction (wind) 
On August 23, 2022, the Woodbury County Board of Supervisors adopted a new ordinance to increase the setback distance from wind turbines to occupied residences from 1,250 feet to 2,500 feet. This reduced the buildable acreage in the county from 177 to 1.7. The change is expected to kill MidAmerican Energy’s proposed Siouxland Wind Farm. On May 22, 2023, the Woodbury County Board of Supervisors again increased the setbacks from residential areas to 2 miles and imposed a 1-mile setback from conservation areas. On October 1, 2024, the Woodbury County Board of Supervisors extended setback of wind turbines from farm homes and towns to 1 kilometer or 3,280 feet, equivalent to a setback of 5.45 times turbines height.","Connor Trett, Woodbury County Board of Supervisors Adopts Amendments to Wind Turbine Ordinance, KTIV, Oct. 1, 2024, https://www.ktiv.com/2024/10/02/woodbury-county-board-supervisors-adopts-amendments-wind-turbine-ordinance/; Woodbury County, Iowa, Ordinance No. 67 (Aug. 23, 2022), https://www.woodburycountyiowa.gov/files/county_ordinances/67_amending_portions_of_ordinance_56_modifying_section_61a_737.pdf; Kendall Crawford, Woodbury County Adopts an Ordinance to Limit Wind Energy, Iowa Public Radio, Aug. 24, 2022, https://www.iowapublicradio.org/environment/2022-08-24/woodbury-county-adopts-an-ordinance-to-limit-wind-energy; Woodbury County, Iowa, Ordinance No. 72 (May 23, 2023), https://www.woodburycountyiowa.gov/files/county_ordinances/72_ordinance_amending_portions_of_woodbury_county_ordinance_56_an_amendment_to_modify_section_61a_wind_turbines_set_back_requirements_to_increase_certain_235.pdf; Jonathan Mack, Woodbury County approves wind turbine ordinance, Siouxland Proud, May 23, 2023, https://www.siouxlandproud.com/news/local-news/woodbury-county-approves-wind-turbine-ordinance/; Woodbury County, Iowa, Ordinance No. 74 (August 8, 2023), https://www.woodburycountyiowa.gov/files/county_ordinances/74_ordinance_amending_text_of_zoning_ordinance_to_amend_portions_of_the_table_of_contents_section_3034_entitled_land_use_summary_table_of_allowed_uses_in_705.pdf; Laigha Anderson, Woodbury County Supervisors Approve Solar Ordinance, Siouxland Proud, Aug. 8, 2023, https://www.siouxlandproud.com/news/local-news/woodbury-county-supervisors-approve-solar-ordinance/."
6069,"Webster County",2026,"In effect",2023,2023,Local,IA,"Webster County",19187,,Wind,"Rule 1: Ban / Moratorium (wind) | Rule 6b: Setback Restriction (wind) 
In July 2023, the Webster County Board of Supervisors enacted an amended wind zoning ordinance that includes a 1-mile setback from incorporated towns and cities and a 1,800-foot setback from non-participating residences.","Webster County, Iowa, Amendment to the Webster County Code of Ordinances Title VI Chapter 1, An Ordinance Regulating Zoning in Webster County, Iowa (July 5, 2023), https://cms7files.revize.com/webstercountyia/document_center/Departments/Board%20of%20Supervisors/Ordinances/Ordinance%202023-07%20Wind.pdf; Kelby Wingert, ‘Striking balance’ Supervisors OK wind farm zoning ordinance amendment, MESSENGER, July 6, 2023, https://www.messengernews.net/news/local-news/2023/07/striking-balance/."
6070,"Union County",2026,"In effect",2023,2024,Local,IA,"Union County",19175,,Wind,"Rule 6a: Setback Restriction (wind) 
In March 2023, the Union County Board of Supervisors extended an industrial wind energy moratorium until December 2023. A group called “Protect Our Land’s Future” had argued that the current county setback of 1,500 feet between a turbine and a structure did not adequately protect other uses of property. The moratorium was again extended until its eventual expiration in July 2024, when the county adopted changes to its wind ordinance. The county’s new wind ordinance requires that wind turbines be set back the greater of 0.62 miles (3,281 feet) or 7 times turbine height from a property line.","KSIB News, Supervisors extend abeyance on new industrial wind power projects, KSIB RADIO, Mar. 7, 2023, http://www.ksibradio.com/supervisors-extend-abeyance-on-new-industrial-wind-power-projects/; Candra Brooks, Public hearing to be held for wind turbines ordinance changes, OSCEOLA SENTINEL-TRIBUNE, Sept. 5, 2024, https://www.osceolaiowa.com/news/local/2024/09/05/public-hearing-to-be-held-for-wind-turbines-ordinance-changes/; Union County, Iowa, Ordinance #73 (May 20, 2024), https://unioncountyiowa.gov/wp-content/uploads/2024/05/Ordinance-73-Wind-Farm-Amendment-for-Future-Projects.pdf."
6071,"Story County",2026,"In effect",2022,2022,Local,IA,"Story County",19169,,Wind,"Rule 8: Shadow Flicker Restriction (wind)","Story County, Iowa, Code of Regulations Section 90.08.6 (2022), https://codelibrary.amlegal.com/codes/storycounty/latest/storycount_ia/0-0-0-3309"
6072,"Sioux County",2026,Expired,2023,2023,Local,IA,"Sioux County",19167,,Solar,"Rule 1: Ban / Moratorium (solar) 
In September 2023, Sioux County enacted a 1-year moratorium on commercial solar development.","Sioux County, Iowa, Resolution No. 48 (Sep. 6, 2022), https://siouxcountyia.gov/wp-content/uploads/2022/09/2022-48-Wind-Ordinance-Moratorium-signed.pdf; Eric Sandbulte, Sioux County bars commercial wind, solar, NWest Iowa, Oct. 5, 2023, https://www.nwestiowa.com/news/sioux-county-bars-commercial-wind-solar/article_fce12698-62ce-11ee-8ea0-c3bd680b83b2.html."
6073,"Sioux County",2026,Expired,2023,2023,Local,IA,"Sioux County",19167,,Wind,"Rule 1: Ban / Moratorium (wind) 
In September 2022, Sioux County adopted a 1-year moratorium on commercial wind development. Sioux County extended the wind energy moratorium for another year in September 2023.","Sioux County, Iowa, Resolution No. 48 (Sep. 6, 2022), https://siouxcountyia.gov/wp-content/uploads/2022/09/2022-48-Wind-Ordinance-Moratorium-signed.pdf; Eric Sandbulte, Sioux County bars commercial wind, solar, NWest Iowa, Oct. 5, 2023, https://www.nwestiowa.com/news/sioux-county-bars-commercial-wind-solar/article_fce12698-62ce-11ee-8ea0-c3bd680b83b2.html."
6074,"Scott County",2026,"In effect",2022,2022,Local,IA,"Scott County",19163,,Solar,"Rule 1: Ban / Moratorium (solar) | Rule 10a: Setback Restriction (solar) | Rule 10b: Setback Restriction (solar)","Scott County, Iowa, Ordinance No. 22-04 (Sep. 15, 2022), https://www3.scottcountyiowa.gov/board/pub/code/amendments/22-04_Chapter_06.pdf"
6075,"Scott County",2026,"In effect",2022,2022,Local,IA,"Scott County",19163,,Wind,"Rule 9: Height Restriction (wind)","Scott County, Iowa, Zoning For Unincorporated Areas Ch. 6 (Apr. 14, 2022), https://www3.scottcountyiowa.gov/board/pub/code/chapters/Chapter_06_-_Zoning_for_Unincorporated_Areas.pdf"
6076,"Sac County",2026,"In effect",2021,2021,Local,IA,"Sac County",19161,,Wind,"Rule 6b: Setback Restriction (wind) | Rule 8: Shadow Flicker Restriction (wind) 
Sac County’s wind energy regulations limit shadow flicker on any human-occupied dwelling to 20 hours per year. The regulations require that wind towers be set back the greater of 3.5 times turbine height or 1,697 feet from the nearest residential dwelling, incorporated areas, public recreational areas, village residential areas, lake area development districts, urban transition districts, and event centers. The setback from a dwelling can be reduced to the height of the tower if the property owner signs a written waiver. The regulation also establishes a setback of 1.5 times turbine height from non-participating property lines, unless the property owner signs a written waiver.","Sac County, Iowa, 6.14.045 Wind Energy Regulations and Definitions (2021), https://www.saccountyiowa.gov/files/ordinances/wind_energy_regulations_and_definitions.pdf (last visited Nov. 6, 2024)."
6077,"Ringgold County",2026,"In effect",2023,2023,Local,IA,"Ringgold County",19159,,Solar,"Rule 2: Size Cap (solar) | Rule 10b: Setback Restriction (solar) 
In July 2023, the Ringgold County Board of Supervisors approved new ordinances for wind turbines and solar. The solar ordinance caps the total area used for utility-scale solar in the county at 400 acres, and it requires that utility-scale solar projects be set back at least 1,000 feet from occupied residences.","Ringgold County, Iowa, Wind Ordinance #RC23-117 (Jul. 24, 2023), https://cms8.revize.com/revize/ringgoldia/Wind.pdf; Ringgold County, Iowa, Solar Ordinance #RC23-117 (July 24, 2023), https://cms8.revize.com/revize/ringgoldia/Solar.pdf; Raquel Linch, Ringgold County wind and solar energy ordinances approved, KSIB Radio, July 26, 2023, https://www.ksibradio.com/ringgold-county-wind-and-solar-energy-ordinances-approved/."
6078,"Ringgold County",2026,"In effect",2023,2023,Local,IA,"Ringgold County",19159,,Wind,"Rule 6a and 6b: Setback Restriction (wind) 
In July 2023, the Ringgold County Board of Supervisors approved new ordinances for wind turbines and solar. The wind ordinance requires that commercial wind turbines must be set back at least 0.5 miles (2,640 feet) from adjoining property lines, roads, and certain parks and public areas and 1 mile from state and federal parks and designated protected areas.","Ringgold County, Iowa, Wind Ordinance #RC23-117 (Jul. 24, 2023), https://cms8.revize.com/revize/ringgoldia/Wind.pdf; Ringgold County, Iowa, Solar Ordinance #RC23-117 (July 24, 2023), https://cms8.revize.com/revize/ringgoldia/Solar.pdf; Raquel Linch, Ringgold County wind and solar energy ordinances approved, KSIB Radio, July 26, 2023, https://www.ksibradio.com/ringgold-county-wind-and-solar-energy-ordinances-approved/."
6079,"City of Council Bluffs (Pottawattamie County)",2026,"In effect",2009,2009,Local,IA,"Pottawattamie County",19155,"City of Council Bluffs",Wind,"Rule 1: Ban / Moratorium (wind) 
Since 2009, wind energy conversion systems, such as wind turbines and windmills, have been prohibited within the City of Council Bluffs.","Council Bluffs, Iowa, Municipal Code 15.03.685 (Wind Energy Conversion System) (2009), https://councilbluffs.municipalcodeonline.com/book?type=ordinances#name=15.03.685_Wind_Energy_Conversion_System_(WECS) (last visited May 24, 2023)."
6080,"Pottawattamie County",2026,"In effect",2024,2024,Local,IA,"Pottawattamie County",19155,,Solar,"Rule 10a and 10b: Setback Restriction (solar)
In February 2024, the Pottawattamie County Board of Supervisors adopted new wind and solar zoning restrictions. Under the new zoning ordinance, new solar farms must be set back at least a quarter mile (402 meters) from property lines and at least a half mile (804 meters) from residences.","Bella Caracta, Pottawattamie County adopts new wind, solar ordinances, 6 NEWS WOWT, Feb. 27, 2024, https://www.wowt.com/2024/02/28/pottawatamie-county-adopts-new-wind-solar-ordinances/."
6081,"Pottawattamie County",2026,"In effect",2024,2024,Local,IA,"Pottawattamie County",19155,,Wind,"Rule 9: Height Restriction (wind) 
In February 2024, the Pottawattamie County Board of Supervisors adopted new wind zoning restrictions. Under the new zoning ordinance, wind turbines must not exceed 412 feet in height.","Pottawattamie County, Iowa, Ordinance No. 2023-05 (Feb. 27, 2024), https://www.pottcounty-ia.gov/files/planning_and_development/pottawattamie_county_ordinance_202305_91556.pdf; Bella Caracta, Pottawattamie County adopts new wind, solar ordinances, 6 NEWS WOWT, Feb. 27, 2024, https://www.wowt.com/2024/02/28/pottawatamie-county-adopts-new-wind-solar-ordinances/."
6082,"Polk County",2026,"In effect",2023,2023,Local,IA,"Polk County",19153,,Wind,"Rule 6a: Setback Restriction (wind) | Rule 8: Shadow Flicker Restriction (wind)","Polk County, Iowa, Zoning Ordinance (Aug. 1, 2023), https://www.polkcountyiowa.gov/media/bdcba5hh/zoning-ordinance-draft-changes-5-11-23.pdf"
6083,"Palo Alto County",2026,"In effect",2022,2022,Local,IA,"Palo Alto County",19147,,Wind,"Rule 2: Capacity Cap (wind) | Rule 6b: Setback Restriction (wind) 
On June 22, 2022, the Palo Alto County Board of Supervisors adopted revisions to the county wind ordinance that set a countywide limit for wind energy production of 600 MW and required that turbines be set back from Rush Lake and Virgin Lake by 0.5 miles.","Palo Alto County Approves Wind Energy Ordinance Revision, KICD, June 23, 2022, https://kicdam.com/news/170071-palo-alto-county-approves-wind-energy-ordinance-revision/."
6084,"Page County",2026,"In effect",2024,2024,Local,IA,"Page County",19145,,Solar,"Rule 10a: Setback Restriction (solar) 
In March 2022, the Page County Board of Supervisors imposed a moratorium on commercial wind applications while it considers changes to its ordinance.","Page County, Iowa, Ordinance 2024-1 (Dec. 12, 2024), 
https://cap.gmdsolutions.com/lib/pdf.js/web/viewer.html?file=/api/files/258b36bf-7a7c-4207-9899-5af4ebdad5de/53E4B88C01F9465F9B902956FCECB518."
6085,"Page County",2026,"In effect",2022,2024,Local,IA,"Page County",19145,,Wind,"Rule 7: Noise Restriction (wind) | Rule 9: Height Restriction (wind) 
In March 2022, the Page County Board of Supervisors imposed a moratorium on commercial wind applications while it considers changes to its ordinance.","Page County, Iowa, Ordinance No. 2023-1 (Jan. 11, 2024), https://cap.gmdsolutions.com/lib/pdf.js/web/viewer.html?file=/api/files/d37167f3-b5dc-4093-b544-6fc81eed2be6/5661C5B4423F45FE883CE226B903EBBB, Ryan Matheny, Page County Board agrees on setback, height requirement changes in wind ordinance, KMALAND, Apr. 20, 2023, https://www.kmaland.com/news/page-county-board-agrees-on-setback-height-requirement-changes-in-wind-ordinance/article_1f8e1eee-dfdf-11ed-8b0e-13bb3f608085.htm; Ethan Hewett, Page County board reviews wind ordinance, extends moratorium, KMALAND, Mar. 2, 2023, https://www.kmaland.com/news/page-county-board-reviews-wind-ordinance-extends-moratorium/article_2671edc8-b96d-11ed-b72d-97bb1ebe0d2c.html."
6086,"Muscatine County",2026,Expired,2024,2024,Local,IA,"Muscatine County",19139,,Wind,"Rule 1: Ban / Moratorium (wind) 
In January 2024, the Muscatine County Board of Supervisors passed a 9-month moratorium on the issuance of special use permits for commercial wind farms, in order to provide time for the Board to consult wind farm experts and potentially promulgate revised ordinances.","Rhonda Staley Meredith Nichols, Supervisors pass resolution for wind turbine moratorium, WEST LIBERTY INDEX, Jan. 24, 2024, https://westlibertyindex.com/stories/supervisors-pass-resolution-for-wind-turbine-moratorium,136428."
6087,"Montgomery County",2026,"In effect",2023,2023,Local,IA,"Montgomery County",19137,,Wind,"Rule 1: Ban / Moratorium (wind) 
In July 2022, Montgomery County passed a 1-year moratorium on wind energy development. Montgomery County approved a 180-day extension on the moratorium in June 2023. In November 2023, the county extended the moratorium indefinitely.","Tom Robinson, Montgomery County Board of Supervisors Pass Wind Turbine Moratorium, Western Iowa Today, July 5, 2022, https://westerniowatoday.com/2022/07/05/montgomery-county-board-of-supervisors-votes-on-wind-turbine-moratorium/; Montgomery County extends wind turbine moratorium, Radio Iowa, June 21, 2023, https://www.radioiowa.com/2023/06/21/montgomery-county-extends-wind-turbine-moratorium/; Mike Peterson, Montgomery County board extends wind turbine moratorium, KMA Land, Nov. 8, 2023, https://www.kmaland.com/news/montgomery-county-board-extends-wind-turbine-moratorium/article_f3135d1a-7e7c-11ee-acc0-0bfbd9fa3f5b.html."
6088,"Monona County",2026,"In effect",2025,2025,Local,IA,"Monona County",19133,,Wind,"Rule 2: Density Cap (wind)","Monona County, Iowa, Section 100.23 Commercial Wind Farms (2025), https://mononacountyiowa.gov/files/environmental_health_zoning/draft_chapter_100_turbine_2025pdf_16267.pdf"
6089,"Mitchell County",2026,"In effect",2025,2025,Local,IA,"Mitchell County",19131,,Wind,"Rule 2: Density Cap (wind) | Rule 9: Height Restriction (wind)","Mitchell County, Iowa, Ordinance No. 63 (Nov. 25, 2025), https://mitchellcounty.iowa.gov/wp-content/uploads/Mitchell-Co-C-WECS-BESS-Amendment.pdf"
6090,"Mahaska County",2026,"In effect",2023,2023,Local,IA,"Mahaska County",19123,,Wind,"Rule 6a and 6b: Setback Restriction (wind)","Mahaska County, Iowa, Ordinance 54 (Sep. 12, 2023), https://marketplace.oskaloosaherald.com/oskaloosa-ia/public-notices/mahaska-county-ordinance-54-es/AC1E0369163f4190CArJih6D1623"
6091,"Madison County",2026,"In effect",2020,2020,Local,IA,"Madison County",19121,,Wind,"Rule 2: Density Cap (wind) | Rule 6a: Setback Restriction (wind) | Rule 7: Noise Restriction (wind) | Rule 8: Shadow Flicker Restriction (wind) 
In October 2019, the Madison County Board of Supervisors approved a moratorium on wind and solar projects. In December 2020, the Board enacted an effective ban on new wind farm construction by capping the number of wind turbines in the county at the current number, 51, killing any future projects. The ordinance further limited noise to 40 dBA and shadow flicker to zero, while establishing a setback of 1.5 miles from non-participating landowners’ property lines.","Madison County, Iowa, Wind Ordinance, Wind Action (Dec. 22, 2020), https://www.windaction.org/posts/52008-madison-county-ia-wind-ordinance; Karen Uhlenhuth, In Iowa, Conservative Group Looks to Counter Local Wind & Solar Opposition, Energy News, June 17, 2020, https://energynews.us/2020/06/17/in-iowa-conservative-group-looks-to-counter-local-wind-solar-opposition/; Donnelle Eller, Madison County puts effective ban on wind energy, Des Moines Register, Jan. 20, 2021, https://www.farmforum.net/story/news/agriculture/2021/02/02/madison-county-puts-effective-ban-on-new-wind-energy-development-as-storm-over-turbines-continues/115733786/."
6092,"Linn County",2026,Expired,2023,2024,Local,IA,"Linn County",19113,,Solar,"Rule 1: Ban / Moratorium (solar) 
In October 2022, Linn County adopted a moratorium on utility-scale solar installations. The moratorium has since been extended multiple times and was last set to expire on September 30, 2023. In late September 2023, the Linn County Board of Supervisors adopted new regulations for utility-scale solar with tighter restrictions than the county’s previous ordinance.","Marissa Payne, Linn County won’t take new utility-scale solar applications through June, THE GAZETTE, Mar. 29, 2023, https://www.thegazette.com/local-government/linn-county-wont-take-new-utility-scale-solar-applications-through-june/; Gage Miskimen, Linn County Extends Solar Moratorium Through March, THE GAZETTE, Nov. 25, 2022, https://www.thegazette.com/article/linn-county-extends-solar-moratorium-through-march/; Marissa Payne, Linn County supervisors extend solar moratorium for final time, THE GAZETTE, June 26, 2023, https://www.thegazette.com/local-government/linn-county-supervisors-extend-solar-moratorium-for-final-time/; Government Notes: Linn County supervisors pass solar ordinance, GAZETTE, Sept. 25, 2023, https://www.thegazette.com/local-government/government-notes-linn-county-supervisors-pass-solar-ordinance/."
6093,"Kossuth County",2026,"In effect",2024,2025,Local,IA,"Kossuth County",19109,,Solar,"Rule 1: Ban / Moratorium (solar) 
In October 2024, the Kossuth County Board of Supervisors adopted a 9-month ban on the processing of large-scale or utility-scale solar farm applications.","Kossouth County, Iowa, Ordinance No. 320B (Dec. 23, 2025), https://www.kossuthcounty.iowa.gov/wp-content/uploads/2025/12/doc00749520251223142248.pdf, Molly Montag, Temporary solar farm ban goes into effect in Kossuth County, KOSSUTH COUNTY ADVANCE, Oct. 2, 2024, https://algona.com/index.php/news/temporary-solar-farm-ban-goes-effect-kossuth-county."
6094,"Johnson County",2026,Expired,2021,2021,Local,IA,"Johnson County",19103,,Solar,"Rule 1: Ban / Moratorium (solar) 
In December 2021, the Johnson County Board of Supervisors approved a temporary moratorium on the issuance of conditional use permits for utility-scale solar energy farms with a cumulative nameplate alternating current capacity greater than 10 MW. The Board set the moratorium to expire in June 2022.","Johnson County Board, Moratorium on Utility-Scale Solar Energy Systems Greater Than 10 MW (AC) Is In Effect Until June 5, 2022, Johnson County, Dec. 22, 2021, https://www.johnsoncountyiowa.gov/news/planning-development-and-sustainability/moratorium/2021-12-22/utility-scale-solar."
6095,"Iowa County",2026,"In effect",2019,2019,Local,IA,"Iowa County",19095,,Wind,"Rule 2: Density Cap (wind) | Rule 6b: Setback Restriction (wind) | Rule 9: Height Restriction (wind)","Iowa County, Iowa, Ordinance No. 32 (Nov. 19, 2019), https://iowacounty.iowa.gov/files/county_ordinances/32_wind_energy_conversion_systems_288.pdf"
6096,"Ida County",2026,"In effect",2018,2018,Local,IA,"Ida County",19093,,Wind,"Rule 1: Ban / Moratorium (wind)","Ida County, Iowa, Ordinance #27 (Mar. 2, 2015), https://idacounty.iowa.gov/wp-content/uploads/2018/10/Ordinance-27-Wind.pdf"
6097,"Humboldt County",2026,Expired,2024,2024,Local,IA,"Humboldt County",19091,,Wind|Solar|Transmission,"Rule 1: Ban / Moratorium (wind) | Rule 1: Ban / Moratorium (solar) | Rule 1: Ban / Moratorium (transmission) 
In January 2024, Humboldt County adopted a 1-year moratorium on new energy systems, including commercial wind, solar, and transmission systems.","Moratorium for commercial wind systems in effect, Humboldt Independent, March 14, 2024, https://humboldtnews.com/articles/2024/03/14/moritorium-commercial-wind-systems-effect."
6098,"Henry County",2026,Expired,2024,2024,Local,IA,"Henry County",19087,,Wind|Solar,"Rule 1: Ban / Moratorium (wind) | Rule 1: Ban / Moratorium (solar) 
In April 2024, the Henry County Board of Supervisors approved a 1-year moratorium on the rezoning of land for commercial wind energy or other forms of alternative energy generation.","AnnaMarie Kruse, Supervisors approve wind energy moratorium, SOUTHEAST IOWA UNION, Apr. 3, 2024, https://www.southeastiowaunion.com/se-iowa-union-mount-pleasant/supervisors-approve-wind-energy-moratorium/; Brad Vidmar, Moratorium putting Henry County wind farm project on year-long pause, HAWK EYE, Apr. 11, 2024, https://www.mississippivalleypublishing.com/the_hawk_eye/moratorium-putting-henry-county-wind-farm-project-on-year-long-pause/article_1e659ba4-f763-11ee-bc37-2bab70585f27.html."
6099,"Henry County",2026,"In effect",2025,2025,Local,IA,"Henry County",19087,,Solar|Storage,"Rule 1: Ban / Moratorium (solar) | Rule 1: Ban / Moratorium (storage)  
In April 2024, the Henry County Board of Supervisors approved a 1-year moratorium on the rezoning of land for commercial wind energy or other forms of alternative energy generation.","Annamarie Kruse, Moratorium to halt commercial solar projects in Henry County, Southeast Iowa Union, Aug. 4, 2025, https://www.southeastiowaunion.com/mt-pleasant/news/moratorium-to-halt-commercial-solar-projects-in-henry-county/article_420a3a24-288f-55f5-9649-fbdb56193332.html."
6100,"Hardin County",2026,"In effect",2019,2019,Local,IA,"Hardin County",19083,,Wind,"Rule 1: Ban / Moratorium (wind) 
An indefinite moratorium on wind farms was implemented in the fall of 2019.","Karen Uhlenhuth, In Iowa, Conservative Group Looks to Counter Local Wind & Solar Opposition, Energy News, June 17, 2020, https://energynews.us/2020/06/17/in-iowa-conservative-group-looks-to-counter-local-wind-solar-opposition/."
6101,"Grundy County",2026,"In effect",2023,2023,Local,IA,"Grundy County",19075,,Wind,"Rule 6b: Setback Restriction (wind) 
In May 2021, the Grundy County Board of Supervisors voted 4-1 to pass an indefinite moratorium on wind farm construction in the county. In 2023, the County passed new wind regulations, including a setback requirement of 5 times turbine height from non-participating dwellings. The regulations calculate turbine height as the max rotor height or the highest point of any other part of the wind energy conversion system.","Roger Riley, Wind Moratorium: Another Iowa County Halts New Wind Projects, WHO13, May 13, 2021, https://who13.com/news/wind-moratorium-another-iowa-county-halts-new-wind-projects/; Editor, Supervisors pass indefinite wind farm moratorium, Grundy Register. May 12, 2021, http://thegrundyregister.com/content/supervisors-pass-indefinite-wind-farm-moratorium; Grundy County, Iowa, Ordinance Number 2023-4, https://www.grundycountyiowa.gov/images/departments/zoning/pdf/Development%20Ordinance%202023.pdf."
6102,"Greene County",2026,"In effect",2022,2022,Local,IA,"Greene County",19073,,Solar,"Rule 2: Size Cap (solar) | Rule 10b: Setback Restriction (solar) 
In March 2022, Greene County put in place a moratorium on utility-scale solar farms for either 6 months or until the Iowa legislature passes a law that addresses solar farms. The moratorium was adopted following a public hearing at which residents spoke out against a proposed project by National Grid Renewables. At a hearing in September 2022, Greene County officials debated proposed restrictions with NRG, including a 1,000-acre cap on project size and a 600-foot setback from dwellings.","Green County, Iowa, Ordinance 2022-05 (Oct. 17, 2022), https://www.greenecounty.iowa.gov/files/documents/GreeneCountyCodeofOrdinances1611123206041023PM.pdf; Coltrane Carlson, Greene County Supervisors Approve Solar Farm Temporary Moratorium, RACCON VALLEY RADIO, Mar. 8, 2022, https://www.raccoonvalleyradio.com/2022/03/08/greene-county-supervisors-approve-solar-farm-temporary-moratorium/; Janice Harbaugh, ‘Debate’ on proposed solar setbacks continues, GREENECOUNTYNEWSONLINE, Sept. 21, 2022, https://greenecountynewsonline.com/2022/09/21/debate-on-proposed-solar-setbacks-continues/."
6103,"Fremont County",2026,"In effect",2020,2020,Local,IA,"Fremont County",19071,,Wind,"Rule 2: Density Cap (wind) | Rule 6b: Setback Restriction (wind)","Fremont County, Iowa, Ordinance 2020-1 (Jun. 24, 2020), https://fremontia.socs.net/vimages/shared/vnews/stories/5cad3edf734e1/Wind_Energy_Conversion_Systems_-_Final_Draft.pdf"
6104,"Floyd County",2026,Expired,2024,2024,Local,IA,"Floyd County",19067,,Wind|Storage,"Rule 1: Ban / Moratorium (wind) | Rule 1: Ban / Moratorium (storage) 
On November 20, 2023, Floyd County instituted a moratorium on applications for utility-scale wind and battery storage projects, which was scheduled to run until May 20, 2024. In February 2025, the Floyd County supervisors, with a 3-0 vote, passed an indefinite moratorium on utility-scale solar energy projects. ","Floyd County, Iowa, Resolution #44-23 (Nov. 20, 2023), https://www.floydco.iowa.gov/DocumentCenter/View/3400/Res-44-23-Moratorium-Utility-Scale-Wind-Energy-Systems-Battery-Installations."
6105,"Floyd County",2026,"In effect",2024,2024,Local,IA,"Floyd County",19067,,Solar,"Rule 1: Ban / Moratorium (solar) 
On November 20, 2023, Floyd County instituted a moratorium on applications for utility-scale wind and battery storage projects, which was scheduled to run until May 20, 2024. In February 2025, the Floyd County supervisors, with a 3-0 vote, passed an indefinite moratorium on utility-scale solar energy projects. ","Bob Steenson, Floyd County approves indefinite moratorium on utility-scale solar projects, CHARLES CITY PRESS, Feb. 3, 2025, https://www.charlescitypress.com/front/2025/02/03/floyd-county-approves-indefinite-moratorium-on-utility-scale-solar-projects/."
6106,"Emmet County",2026,Expired,2024,2025,Local,IA,"Emmet County",19063,,Wind,"Rule 1: Ban / Moratorium (wind) 
In October 2024, the Emmet County Board of Supervisors approved a temporary moratorium on construction permits for new wind energy projects through January 2025 to give the Board time to update the county’s wind ordinance. [Note: On January 28, 2025, the Board extended the moratorium for another six months.]","Emmet County officials to make changes in proposed wind energy ordinance, Radio Iowa, Oct. 25, 2024, https://www.radioiowa.com/2024/10/25/emmet-county-officials-to-make-changes-in-proposed-wind-energy-ordinance/; Emmet County, Iowa, Resolution 24-29: Moratorium on Wind Energy Applications, (adopted Oct. 2024), https://emmetcountyia.gov/wp-content/uploads/2024/10/24-29-Resolution-for-a-Moratorium-on-Wind-Energy-Applications.pdf; Supervisors extend wind farm moratorium, Estherville News, 2024, https://www.esthervillenews.net/stories/supervisors-extend-wind-farm-moratorium,115184."
6107,"Dubuque County",2026,"In effect",2024,2024,Local,IA,"Dubuque County",19061,,Solar,"Rule 10a: Setback Restriction (solar)","Dubuque County, Iowa, Renewable Energy Ordinance Specific Development Standards (Jul. 29, 2024), https://www.dubuquecountyiowa.gov/DocumentCenter/View/7375/Ch-05---Renewable-Energy-Ordinance-DRAFT-2024-07-29-PDF"
6108,"Des Moines County",2026,"In effect",2023,2023,Local,IA,"Des Moines County",19057,,Wind,"Rule 6b: Setback Restriction (wind)","Des Moines County, Iowa, Regulations for the Siting and Operation of Wind Energy Conversion Systems (as amended Nov. 14, 2023), https://desmoinescounty.iowa.gov/files/county_ordinances/62_wind_energy_conversion_systems_207.pdf"
6109,"Decatur County",2026,"In effect",2025,2025,Local,IA,"Decatur County",19053,,Wind|Solar,"Rule 1: Ban / Moratorium (wind) | Rule 1: Ban / Moratorium (solar) 
In February 2025, the Decatur County Board of Supervisors established a temporary moratorium on the construction of utility scale wind or solar farms in the unincorporated areas of the county. The moratorium will remain in place until June 1, 2026, and until such time as the Board enacts an ordinance concerning said facilities.","Decatur County, Iowa, Resolution No. 2025-10 (Feb. 10, 2025), https://decaturcountyia.municipalone.com/document/50285; Decatur County, Iowa, Resolution No. 2025-9 (Feb. 10, 2025), https://decaturcountyia.municipalone.com/docview.aspx?docid=50284"
6110,"Dallas County",2026,"In effect",2022,2022,Local,IA,"Dallas County",19049,,Wind,"Rule 6a and 6b: Setback Restriction (wind) | Rule 7: Noise Restriction (wind) 
The county zoning ordinance provides that noise from wind turbines cannot exceed 30 dBA for any period of time when measured from any dwelling, school, hospital, church, or public library existing at the time of approval. The ordinance further requires that turbines be set back at least 2,640 feet from property lines, residences, and other structures.","Dallas County, Iowa, Code of Ordinances § 45.39 (as amended Dec. 27, 2022), https://www.dallascountyiowa.gov/home/showpublisheddocument/29083/638200046162170000."
6111,"Clinton County",2026,"In effect",2024,2024,Local,IA,"Clinton County",19045,,Wind,"Rule 1: Ban / Moratorium (wind) | Rule 6a: Setback Restriction (wind) 
On September 24, 2024, Clinton County’s Planning and Zoning Commission issued a three-month moratorium on commercial wind farm applications as they revised the county’s 2008 wind ordinance. This moratorium was extended in December 2024 and will run through June 2025. A community opposition group, Clinton & Jackson County Iowa Residents Against Wind Turbines, has collected over 700 signatures for a petition against the project and has been active in public hearings regarding the proposed ordinance. [Note: As of January 2025, the proposed ordinance from the County Commission leaves little land available for commercial wind. The required setbacks for wind would be 5 miles in either direction from byway roads, 1,500 feet from property lines, and two miles from any incorporated city. A proposed wind project from NextEra Energy, which would have a capacity of 250 MW, would most likely be held back if the county supervisors approved the commission’s updated ordinance.]","Jenna Blount, County Expands Wind Turbine Moratorium to Related Equipment, Clinton Herald, May 2, 2025, https://www.clintonherald.com/news/county-expands-wind-turbine-moratorium-to-related-equipment/article_efee740e-90b8-11ef-8e2e-0fa3d5fd3294.html; Jenna Blount, Wind Turbine Moratorium Extensions on Clinton County Supervisors’ Agenda, Clinton Herald, May 3, 2025, https://www.clintonherald.com/news/local_news/wind-turbine-moratorium-extensions-on-clinton-county-supervisors-agenda/article_2aa7a806-b821-11ef-817e-1baff0db5078.html; Clinton County, Iowa Residents for Stronger Wind Ordinances, Change.org, https://www.change.org/p/clinton-county-iowa-residents-for-stronger-wind-ordinances."
6112,"Chickasaw County",2026,"In effect",2025,2025,Local,IA,"Chickasaw County",19037,,Solar,"Rule 10a: Setback Restriction (solar)","Chickasaw County, Iowa, Ordinance #VI - 8 (Aug. 11, 2025), https://chickasawcounty.iowa.gov/files/county_ordinances/vi8_utility_scale_solar_installations_681.pdf"
6113,"Cerro Gordo County",2026,"In effect",2023,2024,Local,IA,"Cerro Gordo County",19033,,Wind|Solar|Storage,"Rule 1: Ban / Moratorium (wind) | Rule 1: Ban / Moratorium (solar) | Rule 1: Ban / Moratorium (storage) 
In May 2023, the Cerro Gordo County Board of Supervisors passed a 15-month moratorium on utility-scale solar and wind energy, along with battery storage facilities, in order to consider regulations for future permitting of such facilities. In December 2024, the Cerro Gordo Board of Supervisors voted unanimously to pass a moratorium on the installation of new utility-scale solar, wind and battery-energy storage systems located on land zoned for agricultural use.","Cerro Gordo Co. Supervisors approve wind, solar bans, KCHA NEWS, Dec. 27, 2024, https://kchanews.com/2024/12/27/cerro-gordo-co-supervisors-approve-wind-solar-bans/; Robin McClelland, Cerro Gordo county approves renewable energy moratorium, GLOBE GAZETTE, May 16, 2023, https://globegazette.com/news/local/cerro-gordo-county-approves-renewable-energy-moratorium/article_5bb7770d-fecf-5a6d-8b92-e5886ad59f8a.html; Cerro Gordo County, Iowa, Wind, Solar, and Battery Storage Moratorium Ordinance Draft, May 4, 2023, https://cerrogordo.gov/files/meeting_assets/windsolarbattery_storage_moratorium_ordinance_draft_2023-05-04_65173.pdf."
6114,"Butler County",2026,"In effect",2022,2022,Local,IA,"Butler County",19023,,Wind,"Rule 6a: Setback Restriction (wind) | Rule 7: Noise Restriction (wind) 
Last amended in November 2022, Butler County’s zoning ordinance for unincorporated areas includes a number of restrictions on wind development. Commercial wind turbines must be set back 1,640 feet from participating property lines and 1,800 feet from non-participating property lines. Commercial wind turbines must also remain below 40 dBa.","Butler County, Iowa, Ordinance Title VI Number 28 (Nov. 1, 2022), https://butlercounty.iowa.gov/images/Butler_County_Zoning_Ordinance_No_28_11-1-22.pdf."
6115,"Allamakee County",2026,"In effect",2025,2025,Local,IA,"Allamakee County",19005,,Solar,"Rule 2: Size Cap (solar)","Allamakee County, Iowa, Amendment #15 to Zoning Ordinance L (Mar. 24, 2025), https://allamakeecounty.iowa.gov/wp-content/uploads/2025/04/Ord-L-Amendment-15.pdf"
6116,"Adams County",2026,"In effect",2024,2024,Local,IA,"Adams County",19003,,Wind,"Rule 2: Density Cap (wind) 
In September 2024, Adams County adopted wind regulations that cap total wind turbines in the county to 225 turbines and require turbines to be set back at least 1.5 times turbine height from property lines.","Ethan Hewett, Adams County board backs updated wind ordinance, KMA Land, Sept. 19, 2024, https://www.kmaland.com/news/adams-county-board-backs-updated-wind-ordinance/article_0ad479bc-767e-11ef-908e-c7fe6316baae.html."
6117,"Adair County",2026,"In effect",2019,2019,Local,IA,"Adair County",19001,,Wind,"Rule 2: Density Cap (wind) 
In November 2019, the County’s Board of Supervisors capped the number of commercial wind turbines allowed in the county at 535 turbines. At the time, there were already 532 turbines either built or under construction.","Karen Uhlenhuth, In Iowa, Conservative Group Looks to Counter Local Wind & Solar Opposition, Energy News, June 17, 2020, https://energynews.us/2020/06/17/in-iowa-conservative-group-looks-to-counter-local-wind-solar-opposition/."
6118,"Whitley County",2026,"In effect",2016,2016,Local,IN,"Whitley County",18183,,Wind,"Rule 6a: Setback Restriction (wind) 
Whitley County requires setbacks from property lines equal to 6.5 times the height of the tower or 2,640 feet, whichever is greater.","Whitley County, Ind., Zoning Ordinance, ch. 5 WECS-02(E)(2) (2016), https://www.whitleygov.com/egov/documents/1439231634_83082.pdf (last visited Feb. 8, 2023); Christopher Stephens, Wind farm foe rezones to fight back, The Herald Bulletin, July 17, 2016, https://www.heraldbulletin.com/news/local_news/wind-farm-foe-rezones-to-fight-back/article_8d398421-ac87-5020-8c23-3a73eac099cd.html."
6119,"Wells County",2026,"In effect",2022,2022,Local,IN,"Wells County",18179,,Wind,"Rule 1: Ban / Moratorium (wind) 
The Wells County Zoning Ordinance, last updated in November 2022, prohibits “large” wind energy conversion systems throughout the county. The ordinance defines “large” turbines as those with more than 100 KW of peak generation capacity.","Wells County, Ind., Zoning Ordinance, art. 9-15, 18 (Nov. 9, 2022), https://www.dropbox.com/s/ed77ef8erw1yiaf/Official%20-%20APCMEO%20WCZFMO%20WCSCO%20WCFDPO%20(11-09-2022).pdf?e=1&dl=0."
6120,"Wayne County",2026,"In effect",2016,2016,Local,IN,"Wayne County",18177,,Wind,"Rule 2: Capacity Cap (wind) | Rule 9: Height Restriction (wind) 
A 2016 ordinance passed by the Wayne County Commissioners provides that large wind energy systems with a capacity greater than 50 kW or a total height of more than 100 feet are “not a permitted use.” While the ordinance sets out a procedure for small wind energy systems to obtain permission as special exceptions, the ordinance does not appear to provide a similar procedure for large systems.","Wayne County, Ind., Zoning Ordinance § 54.76(D) (2019), https://www.co.wayne.in.us/web/dept/planpermits/WayneCountyZoningOrdinance2019-012.pdf; Mickey Shuey, Commissioners vote to limit wind farms in Wayne County, Indiana Economic Digest, Dec. 8, 2016, https://indianaeconomicdigest.net/MobileContent/Most-Recent/Wabash/Article/Commissioners-vote-to-limit-wind-farms-in-Wayne-County/31/238/86212."
6121,"Wabash County",2026,"In effect",2017,2017,Local,IN,"Wabash County",18169,,Wind,"Rule 6b: Setback Restriction (wind) | Rule 7: Noise Restriction (wind) | Rule 8: Shadow Flicker Restriction (wind) 
In 2017, Wabash County tightened its restrictions on wind development, requiring 3,960-foot setbacks from most buildings, zero shadow flicker on the properties of non-participants, and a 32-dBA limit.","Wabash County, Ind., Ordinance No. 2017-85-9 §§ 6.24 I(I), 6.24 I(J), 6.24 R(G) (Dec. 18, 2017), http://gov.wabash.in.datapitstop.us/DATA/REPORTS/FLD00003/00007961.PDF; Wabash Plain Dealer, Wabash County Revises Wind Farm Regulation Relating to ‘Shadow Flicker’, Indiana Economic Digest, Dec. 22, 2017, https://indianaeconomicdigest.net/MobileContent/Most-Recent/Friday/Article/Wabash-County-revises-wind-farm-regulation-relating-to-shadow-flicker-/31/132/90564."
6122,"Vermillion County",2026,"In effect",2021,2021,Local,IN,"Vermillion County",18165,,Wind,"Rule 2: Capacity Cap (wind) | Rule 6a: Setback Restriction (wind) | Rule 7: Noise Restriction (wind) 
An ordinance adopted in September 2021 requires that wind turbines be set back 2 miles from property lines and roads. It further limits noise to 32 dBA at the property line and limits the size of projects in the agricultural zoning district to 100 MW.","Vermillion County, Ind., Ordinance No. 2021-13 § 1.3 (Sep. 28, 2021), https://www.vermilliongov.us/wp-content/uploads/2021/10/Wind-Energy-Conversion-Systems-Amend-to-Ordin-2021-13.pdf."
6123,"Tipton County",2026,"In effect",2016,2016,Local,IN,"Tipton County",18159,,Wind,"Rule 6a: Setback Restriction (wind) 
In 2016, a few years after the opening of the divisive Wildcat Wind Farm, Tipton County amended its wind ordinance to require setbacks of 2,640 from residences and 1,500 feet from property lines.","Carson Gerber, Howard, Tipton County Ordinances Keeping Wind Farms at Bay, Kokomo Tribune, July 17, 2016, https://www.kokomotribune.com/news/howard-tipton-county-ordinances-keeping-wind-farms-at-bay/article_0d8cfed0-4abe-11e6-8f03-c392ffe4e16e.html; Carson Gerber, “Windfall to some, a curse to many”: Tipton wind farm pays millions in taxes, but anti-wind sentiment remains, Kokomo Tribune, Sept. 14, 2020, https://www.kokomotribune.com/news/local_news/windfall-to-some-a-curse-to-many-tipton-wind-farm-pays-millions-in-taxes-but/article_3424f4c2-f45a-11ea-9623-03ed1d05dbea.html."
6124,"Tippecanoe County",2026,"In effect",2019,2019,Local,IN,"Tippecanoe County",18157,,Wind,"Rule 9: Height Restriction (wind) 
In 2019, Tippecanoe County Commissioners voted to prohibit all wind turbines over 140 feet tall in all unincorporated areas of the County. The measure was also passed at the city-level in Lafayette but not West Lafayette.","Associated Press, Wind Turbine Height Limit Set For Rural Areas Near Lafayette, WFYI, May 7, 2019, https://www.wfyi.org/news/articles/wind-turbine-height-limit-set-for-rural-areas-near-lafayette; Dave Bangert, Wind Farms Banned in Rural Tippecanoe County, as Environmentalists Grumble, Journal & Courier, May 6, 2019, https://www.jconline.com/story/news/2019/05/06/wind-farms-banned-rural-tippecanoe-county-environmentalists-grumble/3660870002/; Tippecanoe County, Ind., Unified Zoning Ordinance (3d ed.), Am. 96 (“large wind system ban”), https://www.tippecanoe.in.gov/DocumentCenter/View/24429/UZO-2022-Update-wAmendments-1-106PDF."
6125,"Spencer County",2026,"In effect",2023,2023,Local,IN,"Spencer County",18147,,Solar,"Rule 2: Size Cap (solar) | Rule 10b: Setback Restriction (solar) 
In May 2023, Spencer County adopted a year-long moratorium on the permitting of commercial solar projects.","Spencer County, Ind., Ordinance No. 2023-16 (Sep. 5, 2023), https://www.in.gov/counties/spencer/files/ordinances-resolutions/2023-16-Ordinance-Solar-Energy.pdf; Julie Smith-Frazer, Spencer County places one-year pause on commercial solar, Dubois County Herald, May 24, 2023, https://www.duboiscountyherald.com/spencer_county_news/news/spencer-county-places-one-year-pause-on-commercial-solar/article_2846b657-ee2c-5fe5-a8d3-f2f4b0c99ff3.html."
6126,"St. Joseph County",2026,"In effect",2024,2024,Local,IN,"St. Joseph County",18141,,Solar,"Rule 10b: Setback Restriction (solar) 
In October 2024, St. Joseph County Council increased solar setback requirements. Large-scale ground-mounted solar energy systems in agricultural districts must have a minimum of 500 feet of distance from a non-participating residential dwelling units and 150 feet of distance from the property line of a non-participating property.","Solar farm buffer zone approved by St. Joseph County Council, Farmers Advance, Oct. 9, 2024, https://www.farmersadvance.com/story/news/2024/10/09/solar-farm-buffer-zone-approved-by-st-joseph-county-council-renewable/75588085007; St. Joseph County, Ind., Ordinance No. 80-24, https://library.municode.com/in/st._joseph_county/ordinances/code_of_ordinances?nodeId=1325253."
6127,"Rush County",2026,"In effect",2022,2022,Local,IN,"Rush County",18139,,Wind,"Rule 6a: Setback Restriction (wind) | Rule 7: Noise Restriction (wind) | Rule 8: Shadow Flicker Restriction (wind) | Rule 9: Height Restriction (wind) 
Rush County limits turbines to 200 feet and imposes a setback distance of 2,640 from all property lines. The ordinance also limits shadow flicker on non-participating landowners’ properties to zero and limits noise to 32 dBa at the property line.","Rush County, Ind., Zoning Ordinance §§ 6.3.7(a), (c), 6.3.8(b), (c) (2022), https://rushcounty.in.gov/wp-content/uploads/2022/09/Combine.pdf"
6128,"Pulaski County",2026,"In effect",2018,2022,Local,IN,"Pulaski County",18131,,Wind,"Rule 1: Ban / Moratorium (wind) 
In 2018, Pulaski County Commissioners banned all commercial wind development.  The Unified Development Ordinance of 2022 provides that “commercial WECS [wind energy conversion systems] shall be a prohibited use within the planning and zoning jurisdiction of Pulaski County” in the interest of “protecting and promoting the health, safety, and general welfare of the residents of Pulaski County” and “in light of concerns regarding negative impact on the value of property,” among other reasons.","Pulaski County, Ind., Unified Development Ordinance § 7.1(d)(2) (Apr. 8, 2022), http://gov.pulaskionline.org/wp-content/uploads/sites/4/2022/08/UDO2022.pdf."
6129,"Posey County",2026,"In effect",2021,2021,Local,IN,"Posey County",18129,,Wind|Solar,"Rule 1: Ban / Moratorium (wind) | Rule 1: Ban / Moratorium (solar) | Rule 6b: Setback Restriction (wind) 
In January 2021, the Posey County Commission voted to prohibit all turbines within 10 miles of the Doppler Radar Site in Owensville. A developer cancelled plans for a proposed wind project in response to the restriction. The Ordinance also mandates that no wind energy project may be located closer than 1 mile to any municipal boundary line or closer than 2 miles to any public, private, or parochial school property line.","Posey County, Ind., Renewable Energy Generation Systems (Jan. 5, 2021) https://www.poseycountyin.gov/wp-content/uploads/2020/03/Solar-and-Wind-Ordinace-for-Unincorporated-Posey-County.pdf; Tri-State Editor, Posey County Commission approves wind turbine restriction, Tristate Homepage, Jan. 5, 2021, https://www.tristatehomepage.com/news/top-stories/posey-county-commission-approves-wind-turbine-restriction/;"
6130,"Noble County",2026,"In effect",2013,2013,Local,IN,"Noble County",18113,,Wind,"Rule 6a: Setback Restriction (wind) 
Since 2013, Noble County has required a 3,960-foot setback from property lines for wind projects.","Noble County, Ind., Unified Development Ordinance, art. 3.05(I)(3) (as amended Sep. 2019), https://www.noblecountyplanning.com/unified-development-ordinance-udo; Ken de la Bastide, Two Central Indiana Counties Establish Setback Rules that Could Preclude Wind Turbines, Indiana Economic Digest, May. 17, 2013, https://indianaeconomicdigest.net/Content/Most-Recent/Planning-Zoning/Article/Two-central-Indiana-counties-establish-setback-rules-that-could-preclude-wind-turbines/31/136/69885; Joe McQueen, Cities, Towns Consider Local Solar Rules, The New Sun, Oct. 26, 2021, https://www.kpcnews.com/newssun/article_1f2dafea-75d5-5a62-b4a1-e209e2c7f635.html."
6131,"Miami County",2026,"In effect",2018,2021,Local,IN,"Miami County",18103,,Wind,"Rule 6a: Setback Restriction (wind) 
In 2018, Miami County increased wind turbine setbacks to 2,000 feet from property lines and roadways amidst local opposition to a proposed 75-turbine project in the northern part of the county. Under the 2021 version of the ordinance, wind turbines must be set back 0.5 miles from rivers or reservoirs.","Cody Neuenschwander, Miami County Plan Commission Approves Stricter Setbacks for Wind Turbines, Kokomo Tribune, Apr. 12, 2018, https://www.kokomotribune.com/news/miami-county-plan-commission-approves-stricter-setbacks-for-wind-turbines/article_3d11e190-3e8f-11e8-b84b-9b18a4158734.html; Miami County, Ind., Ordinance No. 8-16-2021-B § 5.1, https://www.miamicountyin.gov/DocumentCenter/View/841/Wind-Energy-Conversion-Systems-Siting-Ordinance-08-16-2021."
6132,"Marshall County",2026,"In effect",2013,2022,Local,IN,"Marshall County",18099,,Wind,"Rule 1: Ban / Moratorium (wind) 
In or around 2013, Marshall County commissioners voted unanimously to ban all commercial wind development. The prohibition remains in effect as of the latest version of the zoning ordinance available online in February 2023.","Marshall County, Ind., Zoning Ordinance § 240(A)(4) (as amended Sept. 7, 2022), https://permits.schneidercorp.com/branding/MarshallCountyIN/Zoning%20Ordinance%20Binder%209.7.2022.pdf; Michela Tindera & Jimmy Jenkins, Tilting at Windmills: A Closer Look at Indiana’s Expanding Wind Power Industry, Investigate Midwest, July 24, 2013, https://investigatemidwest.org/2013/08/01/tilting-at-windmills-a-closer-look-at-indianas-expanding-wind-power-industry/."
6133,"Madison County",2026,"In effect",2023,2024,Local,IN,"Madison County",18095,,Wind,"Rule 1: Ban / Moratorium (wind) 
In March 2024, the Madison County Board of Commissioners passed a resolution imposing an indefinite moratorium on all new wind facilities, with the stated intention of reviewing the county’s wind ordinance within a year.","Ken de la Bastide, Commissioners approve moratorium on new wind farm projects, Yahoo News, March 19, 2024, https://www.yahoo.com/news/commissioners-approve-moratorium-wind-farm-222400305.html; Madison County, Indiana, Ordinance No. 2024-BC-O-06 (March 19, 2024), https://madisoncoin.suiteonemedia.com/event/GetDocumentFile/2024-BC-O-06?did=275."
6134,"Madison County",2026,"In effect",2023,2024,Local,IN,"Madison County",18095,,Solar,"Rule 2: Size Cap (solar) | Rule 10b: Setback Restriction (solar) 
In December 2023, the Madison County Board of Commissioners unanimously approved a solar ordinance that requires solar farms to be set back 3 miles from waterways and other solar farms and that limits solar farms to 400 acres in size. Madison County previously imposed a moratorium on solar development from 2021 until the adoption of the December 2023 ordinance.","Ken de la Bastide, County adopted new solar ordinance in 2024, Yahoo News, April. 19, 2024, https://tech.yahoo.com/general/articles/county-adopted-solar-ordinance-2024-222500883.html."
6135,"Lake County",2026,"In effect",2016,2016,Local,IN,"Lake County",18089,,Solar,"Rule 1: Ban / Moratorium (solar) 
Lake County’s solar ordinance, passed in April 2016, disallows ground-mounted solar as a primary land use throughout the county. Ground-mounted solar is permitted only as an accessory use throughout the county.","Lake County, Ind., Code, §§ 154.043 (Solar Energy Systems), 154.044 (Solar Farms), 154.186 (Schedule of Uses) (2016), https://codelibrary.amlegal.com/codes/lakecountyin/latest/lakecounty_in/0-0-0-1."
6136,"LaGrange County",2026,"In effect",2022,2022,Local,IN,"LaGrange County",18087,,Solar,"Rule 1: Ban / Moratorium (solar)","LaGrange County, Ind., Ordinance No. 2022-07-18-B (Jul. 18, 2022), https://www.lagrangecounty.org/egov/documents/1666878251_82266.pdf"
6137,"Kosciusko County",2026,"In effect",2019,2022,Local,IN,"Kosciusko County",18085,,Wind|Solar,"Rule 1: Ban / Moratorium (wind) | Rule 1: Ban/Moratorium (solar) | Rule 6a: Setback Restriction (wind) | Rule 7: Noise Restriction (wind) | Rule 8: Shadow Flicker Restriction (wind) 
In January 2019, Kosciusko County adopted a 60-day moratorium on permits for large-scale solar projects, which was extended by 90 days in March 2019.  Kosciusko’s zoning ordinance, last updated in January 2022, only allows commercial solar as an exceptional use in heavy industrial districts and disallows commercial solar in all other districts.","Koscuisko County, Ind., Zoning Ordinance Table A, § 3.29.3(B)(2)(a) (as amended Jan. 18, 2022), https://www.kcgov.com/egov/documents/1642518020_90322.pdf."
6138,"Jasper County",2026,"In effect",2019,2019,Local,IN,"Jasper County",18073,,Wind,"Rule 6a: Setback Restriction (wind) 
In 2019, Jasper County established 1,760-foot setbacks to property lines and 2,400-foot setbacks to homes, roads, and places of worship. A local anti-wind group called Save Jasper County, which supported the restrictions, stated the new ordinance “essentially eliminates wind development in all of Jasper County.”","Nick Fiala, Jasper County Commissioners Approve Wind Amendments, Kankakee Valley Post News, May 6, 2019, https://www.newsbug.info/kankakee_valley_post_news/news/local/jasper-county-commissioners-approve-wind-amendments/article_c1128d9e-3549-5c2a-a1b4-ee4b23d721cc.html."
6139,"Huntington County",2026,"In effect",2025,2025,Local,IN,"Huntington County",18069,,Solar,"Rule 10a: Setback Restriction (solar)","Huntington County, Ind., Ordinance No. 2025-08 (Apr. 30, 2025), https://www.huntington.in.us/egov/documents/1746035240_84899.pdf"
6140,"Howard County",2026,"In effect",2015,2015,Local,IN,"Howard County",18067,,Wind,"Rule 6a: Setback Restriction (wind) | Rule 7: Noise Restriction (wind) 
In 2015, Howard County adopted amendments to a wind ordinance that increased setback requirements from 1,500 feet to 2,000 feet from the nearest property and decreased the noise limit from 50 dBA to 40 dBA.","Howard County, Ind., Ordinance No. 2014-BCCO-41 (Jan. 5, 2015), https://www.in.gov/counties/howard/files/OrdinanceNo2014-BCCO-41_1_1.pdf."
6141,"Henry County",2026,"In effect",2019,2019,Local,IN,"Henry County",18065,,Wind,"Rule 1: Ban / Moratorium (wind) 
As of April 2019, twelve of the fifteen towns within Henry County had passed resolutions establishing buffer zones where no wind projects could be built. These buffers extend approximately 4 miles around each town. The twelve towns included Cadiz, Sulphur Springs, Kennard, Blountsville, Greensboro, Lewisville, Mount Summit, Springport, Straughn, and Middletown. In May 2019, Indiana passed a law limiting municipalities’ authority to enact such buffer zones going forward and voiding any such ordinances or resolution adopted after December 31, 2018. The law did not void any ordinances or resolutions adopted before January 1, 2019. Eleven of the Henry County town resolutions were grandfathered in under the law, but the town of Middletown’s was not.","Darrel Radford, Wind turbine foes hope bill dies in House, Times-Mail, April 7, 2019, https://www.tmnews.com/story/news/2019/04/07/wind-turbine-foes-hope-senate-bill-dies-in-house/46929165/; Darrel Radford, Wind: A dead issue?, Courier-Times, November 16, 2018, https://www.wind-watch.org/news/2018/11/16/wind-a-dead-issue/; Indiana PL 277-2019 (“Extraterritorial Power of Municipalities”); Darrel Radford, Wind turbine foes hope bill dies in House, Times-Mail, April 7, 2019, https://www.tmnews.com/story/news/2019/04/07/wind-turbine-foes-hope-senate-bill-dies-in-house/46929165/."
6142,"Hamilton County",2026,"In effect",2022,2022,Local,IN,"Hamilton County",18057,,Solar,"Rule 1: Ban / Moratorium (solar) 
Under the Unified Development Ordinance of 2022, commercial solar projects are prohibited on prime agricultural soils and must be set back at least 300 feet from neighboring houses.","Hamilton County, Ind., Unified Development Ordinance, arts. 7(7)(B)(ii), 7(7)(B)(ix)(b), 8(6), and (8)(11)(H)(i) (2022), https://www.hamiltoncounty.in.gov/DocumentCenter/View/17536/HCPC-Unified-Development-Ordinance_FINAL_Interactive_08182022; Jeff Bahr, Hamilton County Rejects Wind Project, The Grand Island Independent, Dec. 16, 2019, https://www.wind-watch.org/news/2019/12/16/hamilton-county-rejects-wind-project/."
6143,"Hamilton County",2026,"In effect",2022,2022,Local,IN,"Hamilton County",18057,,Wind,"Rule 9: Height Restriction (wind) 
Under the Unified Development Ordinance of 2022, wind turbines must not exceed 300 feet in height and must be set back by at least 1.5 times the tower height from property lines.","Hamilton County, Ind., Unified Development Ordinance, arts. 7(7)(B)(ii), 7(7)(B)(ix)(b), 8(6), and (8)(11)(H)(i) (2022), https://www.hamiltoncounty.in.gov/DocumentCenter/View/17536/HCPC-Unified-Development-Ordinance_FINAL_Interactive_08182022; Jeff Bahr, Hamilton County Rejects Wind Project, The Grand Island Independent, Dec. 16, 2019, https://www.wind-watch.org/news/2019/12/16/hamilton-county-rejects-wind-project/."
6144,"Fulton County",2026,"In effect",2023,2025,Local,IN,"Fulton County",18049,,Solar,"Rule 2: Size Cap (solar) | Rule 10b: Setback Restriction (solar) 
In August 2023, the county adopted a moratorium on large-scale solar projects. In July 2024, this moratorium was extended until the end of 2024.","Fulton County, Ind., Zoning Ordinance (Jan. 2025), https://www.co.fulton.in.us/DocumentCenter/View/1198/Fulton-County-Zone-Ordinanace; Wes Dehne, Fulton County Commissioners extend solar moratorium, FULTON COUNTY POST, Jul. 7, 2024, https://www.giant.fm/fulton-county/news/local-news/fulton-county-commissioners-extend-solar-moratorium/."
6145,"Fulton County",2026,"In effect",2018,2025,Local,IN,"Fulton County",18049,,Wind,"Rule 1: Ban / Moratorium (wind) 
According to the Fulton County zoning ordinance, last updated in October 2018, wind farms are prohibited in all unincorporated areas of Fulton County. Previously, wind farms were banned in all areas of the County.","Fulton County, Ind., Zoning Ordinance (January 2025), https://www.co.fulton.in.us/DocumentCenter/View/1198/Fulton-County-Zone-Ordinanace; Niko Burton, Wind Farms Still Banned in Fulton County, WSBT 22, Dec. 11, 2017, https://wsbt.com/news/local/wind-farms-still-banned-in-fulton-county; FULTON COUNTY, IN., ZONING ORDINANCE § 5-1.4 WE-03(A) (rev. Oct. 2018), https://www.co.fulton.in.us/egov/documents/1547130715_58067.pdf."
6146,"Fountain County",2026,"In effect",2021,2021,Local,IN,"Fountain County",18045,,Wind,"Rule 6a: Setback Restriction (wind) | Rule 7: Noise Restriction (wind) | Rule 8: Shadow Flicker Restriction (wind)","Fountain County, Ind., Ordinance No. 2021-9 (Jul. 19, 2021), https://www.fountaincounty.net/egov/documents/1707919527_62213.pdf"
6147,"Delaware County",2026,"In effect",2022,2025,Local,IN,"Delaware County",18035,,Solar,"Rule 1: Ban / Moratorium (solar) 
On February 22, 2022, the Delaware County Commissioners approved amendments to the County’s solar ordinance, including increasing the setback from neighboring property lines to 200 feet and classifying solar as a “special use” subject to public hearings and additional approvals. The County Commissioners also enacted a 1-year moratorium on solar farm development; in August 2023, the Commissioners extended this moratorium through the end of 2023. The amendments and moratorium followed intense local opposition to the proposed Meadow Forge solar project.","Delaware County, Ind., Ordinance No. 2025-05 (Feb. 3, 2025), https://www.co.delaware.in.us/egov/documents/1738874347_12492.pdf; Delaware County, Indiana Ordinance No. 2023-017 (Aug. 7, 2023), https://www.co.delaware.in.us/egov/documents/1691517246_39689.pdf; David Penticuff, Solar farms unplugged for a year in Delaware County as commissioners order moratorium, Muncie Star PRESS, Feb. 22, 2022, https://www.thestarpress.com/story/news/local/2022/02/22/delaware-county-adopts-year-long-moratorium-creation-solar-farms/6884982001/; David Penticuff, Meadow Forge solar farm hit with opposition from residents and Wes-Del Schools, Muncie Star Press, Jan. 3, 2022, https://www.thestarpress.com/story/news/local/2022/01/03/delaware-county-meadow-forge-solar-farm-fought-schools-neighbors/9079915002/; Stephanie Wiechmann, Delaware County Approves Year-Long Solar Projects Moratorium, WFYI, Feb. 22, 2022, https://www.wfyi.org/news/articles/delaware-county-approves-year-long-solar-projects-moratorium;"
6148,"Decatur County",2026,"In effect",2025,2025,Local,IN,"Decatur County",18031,,Wind|Solar,"Rule 1: Ban / Moratorium (wind) | Rule 1: Ban / Moratorium (solar)
In January 2025, the County established a moratorium on any filing, processing, reviewing and/or acceptance of new applications related to solar energy facilties (SEF) of wind energy conversion systems (WECS) installations. The moratorium shall remain in place and in full effect January 9, 2027.","Decatur County, Ind., Ordinance No. 2025-1 (Jan. 9, 2025), https://www.indianaexchange.com/indiana/notices-public-notices/ordinance-no.-2025-1-ordinance/AC1E05B20534d084E1Ua58F5318E"
6149,"Clark County",2026,"In effect",2024,2024,Local,IN,"Clark County",18019,,Solar,"Rule 2: Size Cap (solar) | Rule 10b: Setback Restriction (solar) 
In November 2024, the Clark County Commission issued new requirements for solar projects. The County has imposed a cap of 4,000 acres of “fenced area” that can be devoted to solar in the county. The county increased setback requirements for solar arrays, inverters, and power substations from the nearest non-participation residential dwellings to 650 feet for solar arrays, 650 feet for inverters, and 1,250 feet for power substations.","Clark County, Ind. Ordinance No. 35-2024 (Nov. 21, 2024), https://acrobat.adobe.com/id/urn:aaid:sc:VA6C2:86e25e6f-ad6b-48d3-b5bf-240f3e56766f; Clark County, Ind. Ordinance No. 33-2024 (Nov. 21, 2024), https://acrobat.adobe.com/id/urn:aaid:sc:VA6C2:4193b13d-9e95-4e0b-b6a1-c3265565fe51; New regulations for future solar farms in Clark County, Indiana, WHAS11, Oct. 2024, https://www.whas11.com/article/news/local/indiana/clark-county-indiana-new-solar-farm-regulations-passed/417-abdf6d43-9de5-4328-a082-4e15e61f65dd."
6150,"Cass County",2026,"In effect",2009,2021,Local,IN,"Cass County",18017,,Wind,"Rule 6a: Setback Restriction (wind)","Cass County, Ind., Zoning Ordinance (as amended 2021), https://www.in.gov/counties/cass/files/Cass-County-Zoning-Ordinance-2024.pdf"
6151,"Boone County",2026,"In effect",2024,2025,Local,IN,"Boone County",18011,,Wind|Solar|Storage,"Rule 1: Ban / Moratorium (wind) | Rule 1: Ban / Moratorium (solar) | Rule 1: Ban / Moratorium (storage) | Rule 2: Size Cap (solar) 
In April 2024, the Boone County Board of Commissioners adopted a new 2-year moratorium on large-scale solar, wind, and storage projects.","Boone County, Ind., Ordinance No. 2025-18 (Dec. 19, 2025), https://boonecounty.in.gov/wp-content/uploads/2026/01/Ord.-2025-18-Energy-Overlay-25ZO-16-253-Recorded.pdf; Gus Pearcy, Wind Farms in Boone County Are Not Likely, Batesville Herald-Tribute, Oct. 4, 2019, https://www.wind-watch.org/news/2019/10/05/wind-farms-in-boone-county-are-not-likely/; Boone County, Iowa, Ordinance No. 2024-06 (Apr. 15, 2024), https://boonecounty.in.gov/wp-content/uploads/2024/04/Solar-and-Wind-Moratorium.pdf."
6152,"Blackford County",2026,"In effect",2023,2023,Local,IN,"Blackford County",18009,,Wind|Solar,"Rule 1: Ban / Moratorium (wind) | Rule 1: Ban / Moratorium (solar) | Rule 7: Noise Restriction (wind)","Blackford County, Ind., Ordinance 88-5 (Nov. 2023), 
https://www.blackfordcounty.com/DocumentCenter/View/149"
6153,"Allen County",2026,"In effect",2019,2019,Local,IN,"Allen County",18003,,Wind,"Rule 1: Ban / Moratorium (wind) | Rule 2: Size and Capacity Cap (wind) | Rule 9: Height Restriction (wind) 
According to the Allen County zoning ordinance, last updated in September 2019, wind energy conversion systems with any of the following three characteristics are prohibited: (a) a nameplate capacity of more than 50 kW; (b) a total height of more than 60 feet; and (c) a total swept area of more than 40 feet.","Allen County, Ind., Zoning Ordinance, art. 5, ch. 6 (as amended Sep. 6, 2019), https://www.allencounty.in.gov/DocumentCenter/View/1815/Article-5---Administration-PDF; Kevin Kilbane, More Wind Farms Likely in Indiana’s Future, but Probably Not Near Fort Wayne and Allen County, News Sentinel, Apr. 20, 2018, https://www.news-sentinel.com/news/local-news/2018/04/20/ns-series-windfarm-part-3/."
6154,"Woodford County",2026,"In effect",2004,2018,Local,IL,"Woodford County",17203,,Wind|Solar,"Rule 6b: Setback Restriction (wind) | Rule 10b: Setback Restriction (solar)","Woodford County, Ill., Zoning Ordinance (as amended Mar. 22, 2018), https://www.woodford-county.org/DocumentCenter/View/1851/Zoning-Ordinance-March-22-2018pdf"
6155,"Whiteside County",2026,"In effect",2017,2017,Local,IL,"Whiteside County",17195,,Solar,"Rule 10b: Setback Restriction (solar)","Whiteside County, Ill., Ordinance No. 1 (Apr. 18, 2017), https://mcclibraryfunctions.azurewebsites.us/api/ordinanceDownload/11711/831779/pdf"
6156,"Vermilion County",2026,"In effect",2023,2023,Local,IL,"Vermilion County",17183,,Wind,"Rule 1: Ban / Moratorium (wind)","Vermilion County, Ill., Siting Ordinance, Commercial Wind Energy Facility (May 24, 2023), https://www.vercounty.org/wp-content/uploads/2023/05/Ordinance-23-0508-Commercial-Wind-Energy-Facility.pdf"
6157,"Tazewell County",2026,"In effect",2022,2024,Local,IL,"Tazewell County",17179,,Wind,"Rule 1: Ban / Moratorium (wind) 
On July 27, 2022, the Tazewell County Board voted to approve a 6-month moratorium on new wind energy projects until a new ordinance is adopted. The moratorium was adopted in response to a request from an organization called United Citizens of Tazewell County, LLC.  This type of moratorium would be invalid under state law pursuant to Public Act 102-1123 (2023).","Tazewell County, Ill., Wind Farm Ordinance (Aug. 2024), https://tazewell-il.gov/wp-content/uploads/2024/08/Wind-Farm-Ordinance.pdf; 
Nina McFarlane, Future wind energy farms in Tazewell County?, Ciproud.com, July 27, 2022, https://www.centralillinoisproud.com/news/local-news/future-wind-energy-farms-in-tazewell-county/; Joyce Blumenshine, Future Wind Energy Development in Tazewell County Under Threat, Sierra Club Illinois Chapter, July 2022, https://www.sierraclub.org/illinois/heart-illinois/future-wind-energy-development-tazewell-county-under-threat."
6158,"Sangamon County",2026,"In effect",2012,2012,Local,IL,"Sangamon County",17167,,Wind,"Rule 1: Ban / Moratorium (wind) | Rule 6a: Setback Restriction (wind) | Rule 8: Shadow Flicker Restriction (wind)","Sangamon County, Ill., Zoning Ordinance Chapter 17.49 (Aug. 14, 2012), https://sangamondepartments.blob.core.windows.net/dnnfiles/Clerk/County-Board/documents/Res13Special.pdf"
6159,"Randolph County",2026,"In effect",2019,2019,Local,IL,"Randolph County",17157,,Wind|Solar,"Rule 1: Ban / Moratorium (wind) | Rule 6b: Setback Restriction (wind) | Rule 10b: Setback Restriction (solar)","Randolph County, Ill., Wind Energy Conversion Systems (Sep. 20, 2019), https://randolphcountyil.gov/wp-content/uploads/Wind-Ordinance.pdf; Randolph County, Ill., Revised Code of Ordinances (Mar. 23, 2018), https://randolphcountyil.gov/wp-content/uploads/County-Ordinances.pdf"
6160,"Piatt County",2026,"In effect",2023,2023,Local,IL,"Piatt County",17147,,Wind,"Rule 1: Ban / Moratorium (wind) 
In August 2020, a moratorium on wind energy projects was extended until March 2021 with unanimous approval from the County Board. In January 2023, Piatt County again imposed a moratorium on applications for wind energy projects through September 2023.  This moratorium is likely invalid under state law pursuant to Public Act 102-1123 (2023).","Piatt County, Ill., Piatt County Zoning Ordinance (May 17, 2023), https://piatt.gov/departments/zoning/county_ordinances.php#doc_center_0_panel_0';  Staff, County moratorium on wind farm applications extended, Piatt County Journal-Republican, Aug. 19, 2020, https://www.journal-republican.com/news/county-moratorium-on-wind-farm-applications-extended/article_6a8760d8-e184-11ea-8aab-afeaedb4ec99.html; Kevin Barlow, County Board Approves Moratorium on Wind Farms Through Sept. 1, Piatt County Journal-Republican, Jan. 24, 2023, https://www.journal-republican.com/news/local/county-board-approves-moratorium-on-wind-farms-through-sept-1/article_bac06418-9b5a-11ed-bafb-e30674d6a8f5.html."
6161,"Moultrie County",2026,"In effect",2023,2023,Local,IL,"Moultrie County",17139,,Solar,"Rule 1: Ban / Moratorium (solar)","Moultrie County, Ill., Commercial Solar Energy Facility Siting Ordinance (2023), https://cms9files.revize.com/moultrie//Planning%20and%20Zoning/ordinances/Solar%20Ordinance-05312023135546.pdf"
6162,"Moultrie County",2026,"In effect",2023,2023,Local,IL,"Moultrie County",17139,,Wind,"Rule 1: Ban / Moratorium (wind)","Moultrie County, Ill., Code of Ordinances Article 17: Commercial Wind Power Generating Facilities (Mar. 30, 2023), https://cms9files.revize.com/moultrie//Planning%20and%20Zoning/ordinances/Wind%20Ordinance-05312023135444.pdf?t=202409181410150&t=202409181410150"
6163,"Monroe County",2026,"In effect",2021,2021,Local,IL,"Monroe County",17133,,Wind,"Rule 6a: Setback Restriction (wind) | Rule 7: Noise Restriction (wind) | Rule 8: Shadow Flicker Restriction (wind) 
In January 2021, the Monroe County Board updated its zoning codes for wind and solar energy systems and added several restrictions for siting renewables. Among other changes, the new wind code increased setback limits to 2,640 feet from non-participating property lines; set noise limits of 30 and 35 dBA, depending on the time of day; and forbade any shadow flicker on neighboring properties and public roadways.  This ordinance is likely invalid under state law pursuant to Public Act 102-1123 (2023).","Monroe County, Illinois, Ordinance No. 2021-01 (Jan. 19, 2021), https://monroecountyil.gov/wp-content/uploads/2023/08/Wind-Farm-ordinance-draft-submittal-for-planning-commission-2020-11-05.pdf; Alan Dooley, County updates wind, solar energy codes, Republic Times, Jan. 27, 2021, https://www.republictimes.net/county-updates-wind-solar-energy/."
6164,"McHenry County",2026,"In effect",2023,2023,Local,IL,"McHenry County",17111,,Wind|Solar,"Rule 1: Ban / Moratorium (wind) | Rule 1: Ban / Moratorium (solar)","McHenry County, Ill., Amendment to the Unified Development Ordinance (Apr. 18, 2023), https://files.amlegal.com/pdffiles/McHenryCounty/O-202304-12-016.pdf"
6165,"Lee County",2026,Expired,2021,2022,Local,IL,"Lee County",17103,,Wind|Solar|Storage,"Rule 1: Ban / Moratorium (wind) | Rule 1: Ban / Moratorium (solar) | Rule 1: Ban / Moratorium (storage)
In December 2021, the Lee County Board imposed a 6-month moratorium on solar, wind, and battery storage projects, which was ultimately extended to November 2022. The moratorium was lifted after finalization of a new ordinance addressing concerns from neighbors about setbacks and visual buffers. This type of moratorium would be invalid under state law pursuant to Public Act 102-1123 (2023).","Rachel Rodgers, Lee County again extends moratorium on wind, solar projects, Sauk Valley News, Aug. 31, 2022, https://www.shawlocal.com/sauk-valley/news/government/2022/08/31/lee-county-again-extends-moratorium-on-wind-solar-projects/; Rachel Rodgers, Lee County Finalizes New Wind, Solar Ordinances, Agrinews, Dec. 26, 2022, https://www.agrinews-pubs.com/business/2022/12/26/lee-county-finalizes-new-wind-solar-ordinances/."
6166,"Kendall County",2026,"In effect",2023,2023,Local,IL,"Kendall County",17093,,Wind|Solar,"Rule 1: Ban / Moratorium (wind) | Rule 1: Ban / Moratorium (solar)","Kendall County, Ill., Ordinance Number 2023-04 (May 16, 2023), https://www.kendallcountyil.gov/offices/county-clerk-recorder/ordinances/2023-county-ordinances#docaccess-9dfeec886f6c0572b39bfb4d8cf3c7e9"
6167,"Kankakee County",2026,"In effect",2023,2023,Local,IL,"Kankakee County",17091,,Wind,"Rule 1: Ban / Moratorium (wind)","Kankakee County, Ill., Code of Ordinances Sec. 121-295 (as amended Apr. 4, 2023), https://library.municode.com/il/kankakee_county/codes/code_of_ordinances?nodeId=PTIILADERE_CH121ZO"
6168,"Iroquois County",2026,"In effect",2025,2025,Local,IL,"Iroquois County",17075,,Solar,"Rule 1: Ban / Moratorium (solar)","Iroquois County, Ill., Commercial Solar Energy Facility Ordinance (May 13, 2025), https://iroquoiscountyil.gov/wp-content/uploads/2025/05/Iroquois-CSEF-Final-adopted-May-13-2025.pdf"
6169,"Iroquois County",2026,"In effect",2025,2025,Local,IL,"Iroquois County",17075,,Wind,"Rule 1: Ban / Moratorium (wind)","Iroquois County, Ill., Commercial Wind Energy Facility Ordinance (May 13, 2025), https://iroquoiscountyil.gov/wp-content/uploads/2025/05/Iroquois-CWEF-Final-adopted-May-13-2025.pdf"
6170,"Ford County",2026,"In effect",2017,2023,Local,IL,"Ford County",17053,,Wind,"Rule 6a: Setback Restriction (wind) | Rule 7: Noise Restriction (wind) 
In 2017, Ford County imposed a moratorium on wind energy projects while it revised its ordinance. In 2018, the county board’s zoning committee recommended increasing the existing 1,000-foot setback from buildings to 2,250 feet. At a hearing in October 2018, a group called Ford County Citizens for Property Rights demanded 3,250-foot setbacks from any property lines. On September 13, 2021, the County Board adopted an amended wind ordinance that increased setback to 2,250 feet from property lines upon which a primary structure is located. The ordinance further specified that, even if neighbors agreed to waive the setback requirement, any wind tower still must be at least 1,000 feet from the nearest primary structure. In 2023, Ford County amended its zoning rules to provide that, if the existing restrictions were ""judicially determined to be invalid for any reason,"" then the setbacks prescribed by Public Act 102-1123 (2023) would apply.","Ford County, Ill., Zoning Ordinance, Res 23-49 (2023), https://fordcounty.illinois.gov/wp-content/uploads/2023/06/RES-23-49-AMENDED-WIND-ORD-APP-A.pdf; Kari Lydersen, How a County Election in Rural Illinois Became a Referendum on Wind Energy, Energy News Network, Nov. 5, 2018, https://energynews.us/2018/11/05/how-a-county-election-in-rural-illinois-became-a-referendum-on-wind-energy/; Ford County, Ill., Zoning Ordinance 21-80 (Rev. Sept. 21, 2021), https://fordcounty.illinois.gov/wp-content/uploads/2021/09/RES-21-80-REVISED-WIND-ORDINANCE-APPENDIX-A-as-of-SEPT-13-2021.pdf."
6171,"Village of Teutopolis (Effingham County)",2026,"In effect",2023,2023,Local,IL,"Effingham County",17049,,Wind,"Rule 1: Ban / Moratorium (wind) 
In June 2023, the Village of Teutopolis banned the construction of wind farms within the village’s corporate limits and extraterritorial jurisdictional limits.","Village of Teutopolis, Ill., Code of Ordinances 154.032 (“Wind Energy Conversion System Regulations”) (Jun. 2023), https://teutopolis.com/wp-content/uploads/2023/06/1FA0342-Wind-Energy-Amendments-June-2023.pdf."
6172,"DeKalb County",2026,Expired,2018,2023,Local,IL,"DeKalb County",17037,,Wind,"Rule 6a: Setback Restriction (wind) | Rule 8: Shadow Flicker Restriction (wind) 
In 2018, DeKalb County passed an ordinance that requires wind turbines to be set back from property lines by a distance of 6 times turbine height and 3 miles from any municipality. The ordinance also requires that zero shadow flicker occur beyond property lines and that wind projects not increase background noise levels by more than 5 dBA. These restrictions were removed to achieve compliance with Public Act 102-1123 (2023).","DeKalb County, Ill., Code § 53-E-12.B (2023), https://dekalbcounty.org/wp-content/uploads/2020/10/co_code_Chapter_53___ZONING.pdf; Susan Stephens, DeKalb County Approves Tough Wind Ordinance, Northern Public Radio, Nov. 22, 2018, https://www.northernpublicradio.org/illinois/2018-11-22/dekalb-county-approves-tough-wind-ordinance; DeKalb County, Ill., Ordinance 2018-50, https://dekalbcounty.org/wp-content/uploads/2018/12/ord-2018-50.pdf."
6173,"Christian County",2026,"In effect",2020,2023,Local,IL,"Christian County",17021,,Wind,"Rule 6a: Setback Restriction (wind) | Rule 8: Shadow Flicker Restriction (wind) 
In September 2020, the Christian County Board voted 10-6 to approve zoning code amendments with restrictive setback and shadow flicker requirements. The regulations were interpreted as effectively banning wind farms in the county. Following the adoption of Public Act 102-1123 (2023), the ordinance was revised to provide that, if any of these restrictions were judicially determined to violate state law, then the limits set out in PA 102-1123 would apply.","Christian County, Ill., Zoning Code (July 17, 2024), App'x A, https://www.christiancountyil.gov/wp-content/uploads/ZONING-CODE-3.21.24-2-5-9-4.pdf; Christian County, Ill., Zoning Code (December 15, 2020) https://christiancountyil.com/wp-content/uploads/ZONING-CODE-2020-1.pdf; Leroy, Kleimola, Christian County board votes in favor of CZA amendments effectively ending wind farms in the county, Taylorville Daily News, Sept. 17, 2020 https://taylorvilledailynews.com/local-news/529768."
6174,"Bond County",2026,"In effect",2022,2022,Local,IL,"Bond County",17005,,Solar,"Rule 1: Ban / Moratorium (solar)","Bond County, Ill., Zoning Ordinance Section 5-12.4 (as amended Aug. 16, 2022), https://bondcountyil.gov/wp-content/uploads/ZONEORD-AUGUST-16-2022.pdf"
6175,"Twin Falls County",2026,"In effect",2023,2024,Local,ID,"Twin Falls County",16083,,Wind|Solar,"Rule 1: Ban / Moratorium (wind) | Rule 1: Ban / Moratorium (solar) 
In August 2023, Twin Falls County Commissioners voted to institute a moratorium on large-scale energy projects on private land for 182 days. The County defined “large scale” projects as those with a nameplate capacity of 10 MW or greater or requiring 100 or more acres of land. In March 2024, the Twin Falls County Commissioners unanimously passed a zoning ordinance regulating wind and solar energy projects. The ordinance prohibits new energy projects from being located on prime farmland, which it defines as farmland “which has the soil quality, growing season, and moisture supply needed to produce economically sustained high yields of crops when treated and managed according to acceptable farming methods.”","Lorien Nettleton, Large-scale wind and solar permits paused in Twin Falls County, Magic Valley, Aug. 24, 2023, https://magicvalley.com/news/local/energy-twinfalls-ordinance-solar-wind-turbines/article_3abc03d6-dd8e-11ee-9418-9be4a5fe975a.html; Eric Goodell, Twin Falls commissioners pass energy ordinance, Magic Valley, March 10, 2024, https://magicvalley.com/news/local/energy-twinfalls-ordinance-solar-wind-turbines/article_3abc03d6-dd8e-11ee-9418-9be4a5fe975a.html."
6176,"Teton County",2026,"In effect",2013,2013,Local,ID,"Teton County",16081,,Wind,"Rule 2: Density Cap (wind) | Rule 9: Height Restriction (wind)","Teton County, Idaho, Zoning Regulations (Sep. 9, 2013), https://tetonrealtyblog.com/wp-content/uploads/2016/07/Title_08_amd_20130909_final.pdf"
6177,"Latah County",2026,"In effect",2021,2025,Local,ID,"Latah County",16057,,Wind,"Rule 6a: Setback Restriction (wind)","Latah County, Idago, Code of Ordinances Section 9-3A-4(F) (as amended Jun. 24, 2025), https://codelibrary.amlegal.com/codes/latahcountyid/latest/latahcounty_id/0-0-0-1789"
6178,"Gooding County",2026,"In effect",2025,2025,Local,ID,"Gooding County",16047,,Wind|Solar,"Rule 1: Ban / Moratorium (solar) | Rule 1: Ban / Moratorium (wind)","Gooding County, Idaho, Energy Project Ordinance (Feb. 3, 2025), https://goodingcounty.org/DocumentCenter/View/2187/Proposed-Draft-Gooding-County-Energy-Project-Ordinance-111424"
6179,"Gem County",2026,"In effect",2014,2014,Local,ID,"Gem County",16045,,Wind|Solar,"Rule 6b: Setback Restriction (wind) | Rule 10b: Setback Restriction (solar)","Gem County, Idaho, Code of Ordinances Section 11-6-5(M) (2014), https://codelibrary.amlegal.com/codes/gemcountyid/latest/gemcounty_id/0-0-0-2220"
6180,"Elmore County",2026,"In effect",2023,2023,Local,ID,"Elmore County",16039,,Wind|Solar,"Rule 1: Ban / Moratorium (wind) | Rule 1: Ban / Moratorium (solar) | Rule 6b: Setback Restriction (wind) | Rule 10b: Setback Restriction (solar)","Elmore County, Idaho, County Ordinance Ch. 2 (Feb. 17, 2023), https://adacounty.id.gov/developmentservices/wp-content/uploads/sites/37/Elmore-County-Ordinance-solar-specific-use.pdf"
6181,"Cassia County",2026,"In effect",2023,2023,Local,ID,"Cassia County",16031,,Solar,"Rule 1: Ban / Moratorium (solar)","Cassia County, Idaho, Performance Standards (2023), https://www.cassia.gov/media/County%20Code/CountyCode_2023/Title9_Chapter9.pdf"
6182,"Bonneville County",2026,Expired,2010,2010,Local,ID,"Bonneville County",16019,,Wind,"Rule 1: Ban / Moratorium (wind) 
In 2010, the Bonneville County Planning and Zoning Commission significantly restricted wind development to a specific “turbine zone” in the southern portion of the county. However, the current version of the ordinance does not appear to reference this restricted zone.","The Associated Press, E. Idaho county restricts wind farm development, Middletown Journal, Nov. 19, 2010, https://www.windaction.org/posts/28953-e-idaho-county-restricts-wind-farm-development; Bonneville County, Idaho, Zoning Ordinance § 1-443 (Feb. 28, 2011), https://bonneville-county-planning-and-zoning-bonneville.hub.arcgis.com/pages/zoning-ordinance."
6183,"Bingham County",2026,"In effect",2012,2012,Local,ID,"Bingham County",16011,,Wind,"Rule 7: Noise Restriction (wind) 
Under the 2012 ordinance, commercial wind turbines must be set back at least 3 times the tower height from the exterior line of the project unless an agreement with affected property owners is reached. In all instances, the setback must be at least 1.5 times the tower height. Further, commercial wind turbines must be set back an additional 1 mile from “all platted Town sites and/or incorporated cities.”","Bingham County, Idaho, Code of Ordinances § 10-7-44(D) (2012), https://codelibrary.amlegal.com/codes/binghamcoid/latest/binghamco_id/0-0-0-2766."
6184,"Bannock County",2026,"In effect",2024,2024,Local,ID,"Bannock County",16005,,Wind|Solar,"Rule 1: Ban / Moratorium (wind) | Rule 2: Density Cap (wind) | Rule 2: Size and Capacity Cap (solar)
In October 2023, the Bannock County Board of Commissioners enacted a 180-day moratorium on permits for large-scale energy projects. Then, in March 2024, the board enacted an ordinance that bans solar farms capable of producing 10 MW or more of energy, storing 10 MW or more of energy, or which encompass 100 or more acres of land. The ordinance also categorically bans commercial-scale wind turbines and limits non-commercial wind turbines to two turbines per lot.","What’s happening with solar farms in Bannock County, Bannock County, https://www.bannockcounty.us/solar/ (last visited Oct. 1, 2024); Logan Ramsey, Bannock County Commission votes to ban large-scale solar and wind projects after packed public hearing, East Idaho News, March 26, 2024, https://www.eastidahonews.com/2024/03/bannock-county-commissioners-vote-to-ban-large-scale-solar-and-wind-projects-after-packed-public-hearing/; Bannock County, Idaho, Proposed Amendments to Bannock County Zoning Ordinance 1998-1 (Feb. 2024), https://www.bannockcounty.us/wp-content/uploads/2024/02/Solar-Ordinance-Draft-Proposal-6.pdf."
6185,"Honolulu City (Honolulu County)",2026,"In effect",2024,2024,Local,HI,"Honolulu County",15003,,Wind,"Rule 6a: Setback Restriction (wind) 
In December 2024, the Honolulu City Council revised the city’s land use regulations governing setbacks for wind power. The previous regulations allowed for a 1-to-1 setback ratio, while the new regulation increased the required setback distance to 1.25 miles or 10 times the height of the wind turbine – whichever is greater – from certain property lines. The Council also decided against allowing wind turbines to make repairs affecting their height after the end of their contracts.","Wind Turbines Set to Come Down, Threatening Renewable Energy Goals, Civil Beat, Dec. 18, 2024, https://www.civilbeat.org/2024/12/wind-turbines-down-threatening-renewable-energy-goals/."
6186,"Toombs County",2026,"In effect",2024,2024,Local,GA,"Toombs County",13279,,Solar,"Rule 10a: Setback Restriction (solar)","Toombs County, Ga., Solar Energy Generation Ordinance (Oct. 15, 2024), https://toombscountyga.gov/wp-content/uploads/2025/04/Ordinance_SOLAR-ENERGY-GENERATION-ORDINANCE-10.15.2024.pdf"
6187,"Thomas County",2026,"In effect",2016,2018,Local,GA,"Thomas County",13275,,Solar,"Rule 1: Ban / Moratorium (solar) 
In October 2016, Thomas County placed a moratorium on solar installations, which was extended through May 2017. In October 2018, Thomas County commissioners voted unanimously to implement an indefinite moratorium on solar energy facility construction.","Thomas Co. Extends Solar Moratorium Six Months, WALB News 10, Nov. 8, 2016, https://www.walb.com/story/33661304/thomas-co-extends-solar-moratorium-six-months/; Patti Dozier, Commissioners put indefinite moratorium on solar facilities, Thomasville Times-Enterprise, Oct. 24, 2018, https://www.timesenterprise.com/news/local_news/commissioners-put-indefinite-moratorium-on-solar-facilities/article_c2d3b1c1-0474-5a9e-8691-eed5df00d71c.html."
6188,"Rabun County",2026,"In effect",2023,2023,Local,GA,"Rabun County",13241,,Solar,"Rule 1: Ban / Moratorium (solar)","Rabun County, Ga., Code Of Ordinances Sec. 56-1 (Oct. 24, 2023), https://www.rabuncounty.ga.gov/media/1461"
6189,"Oglethorpe County",2026,"In effect",2023,2023,Local,GA,"Oglethorpe County",13221,,Solar,"Rule 1: Ban / Moratorium (solar) 
In March 2023, the Oglethorpe County Board of Commissioners adopted a 6-month moratorium on new solar projects. The moratorium lasted until September 2023, when the county adopted an amendment to its Zoning Ordinance of Solar Energy Systems.","Oglethorpe County, Ga., Oglethorpe County Solar Ordinance (Sep. 11, 2023), https://www.oglethorpecountyga.gov/_files/ugd/82255b_18b464f3f8b14224a760bf250e86fb83.pdf; Caitlin Downing, Solar farm ordinance approved, Oglethorpe Echo, Sept. 14, 2023, https://www.theoglethorpeecho.com/local-news/solar-farm-ordinance-approved; Caitlin Downing, Solar farm ordinance reworked, Oglethorpe Echo, Aug. 30, 2023, https://www.theoglethorpeecho.com/local-news/solar-farm-ordinance-reworked; Garrett Kicklighter, No new solar farms for now, Oglethorpe Echo, March 8, 2023, https://www.theoglethorpeecho.com/local-news/no-new-solar-farms-now."
6190,"Lee County",2026,Expired,2019,2021,Local,GA,"Lee County",13177,,Solar,"Rule 1: Ban / Moratorium (solar) 
In May 2019, Lee County officials placed a moratorium on solar farm construction in response to increased interest from solar developers. In January 2021, Lee County imposed a moratorium on large-scale solar farms through October 2021.","Marilyn Parker, Ordinance will restrict Lee Co. solar farm development, WALB News 10, May 15, 2019, https://www.walb.com/2019/05/15/ordinance-will-restrict-lee-co-solar-farm-development/; Jim Wallace, Lee Co. Extends Solar Farm Moratorium, WALB News 10, Aug. 4, 2021, https://www.walb.com/2021/08/05/lee-co-extends-solar-farm-moratorium/."
6191,"Jeff Davis County",2026,"In effect",2023,2023,Local,GA,"Jeff Davis County",13161,,Solar,"Rule 1: Ban / Moratorium (solar) 
In June 2023, the Jeff Davis County Commission amended its Land Use Ordinance to ban new solar farms, except those used for personal use.","Anti-Solar Group Meets with Commissioner, Jeff Davis Ledger, June 14, 2023, https://www.jdledger.com/2023/06/14/anti-solar-group-meets-with-commissioner/."
6192,"Heard County",2026,"In effect",2017,2024,Local,GA,"Heard County",13149,,Solar,"Rule 10b: Setback Restriction (solar)","Heard County, Ga., Code of Ordinances Sec. 46-273 (as amended Jul. 16, 2024), https://www.heardcountyga.com/Solar%20Ordinance%20Updates%20053024.pdf"
6193,"Hart County",2026,"In effect",2024,2024,Local,GA,"Hart County",13147,,Solar,"Rule 10a: Setback Restriction (solar)","Hart County, Ga., Solar Energy Facility Ordinance (Jul. 19, 2024), http://www.hartcountyga.gov/documents/agendas/08272024%20Packet.pdf"
6194,"Greene County",2026,"In effect",2020,2020,Local,GA,"Greene County",13133,,Solar,"Rule 5: Viewshed Restriction (solar) | Rule 10a: Setback Restriction (solar) | Rule 10b: Setback Restriction (solar) 
An ordinance last updated December 8, 2020 provides that “[s]olar farms shall not be visible from any portion of the right-of-way of any adjacent public road or the common boundary lines of adjacent property.” It further requires that they be set back 500 feet from existing homes, churches, and public facilities and 350 feet from property lines.","Greene County, Ga., Zoning Ordinance § 9.22 (Dec. 8, 2020), https://www.greenecountyga.gov/DocumentCenter/View/815/Greene-County-Zoning-Ordinance-Adopted-1282020-PDF."
6195,"Grady County",2026,Expired,2017,2017,Local,GA,"Grady County",13131,,Solar,"Rule 1: Ban / Moratorium (solar) 
In February 2017, Grady County imposed a 60-day moratorium on solar farm applications.","Jordan Barela, Grady Commissioners issue 60-day solar panel moratorium, Dalton Daily Citizen, Feb. 22, 2017, https://www.dailycitizen.news/news/ga_fl_news/grady-commissioners-issue--day-solar-panel-moratorium/article_ec703bb4-fded-5403-9d9b-693ed12f0528.html."
6196,"Franklin County",2026,"In effect",2022,2022,Local,GA,"Franklin County",13119,,Wind|Solar,"Rule 1: Ban / Moratorium (wind) | Rule 1: Ban / Moratorium (solar) 
In April 2022, the Franklin County Commission adopted an indefinite ban on commercial energy facilities in the county.","Brian Justice, Franklin County gives solar the cold shoulder, Tullahoma News, Apr. 28, 2022, https://www.tullahomanews.com/news/local/franklin-county-gives-solar-the-cold-shoulder/article_f98f81d4-c594-11ec-9807-c74d371901d6.html."
6197,"Dougherty County",2026,"In effect",2018,2022,Local,GA,"Dougherty County",13095,,Wind,"Rule 1: Ban / Moratorium (wind) | Rule 6a: Setback Restriction (wind) | Rule 8: Shadow Flicker Restriction (wind)","Dougherty County, Ga., Code of Ordinances Sec. 2-18-6 (Oct. 3, 2022), https://library.municode.com/ga/dougherty_county/codes/code_of_ordinances?nodeId=PTIICOOR_CH2-18ZOAIHAFLMA_S2-18-3FLREINRE"
6198,"Dooly County",2026,"In effect",2019,2019,Local,GA,"Dooly County",13093,,Solar,"Rule 2: Size Cap (solar)","Dooly County, Ga., Dooly County Zoning Ordinance (2019), https://doolycountyga.com/wp-content/uploads/2019/08/2013.08.14-Dooly-County-Zoning-Ordinance-updated-08.02.2019.pdf"
6199,"Crisp County",2026,"In effect",2021,2021,Local,GA,"Crisp County",13081,,Solar,"Rule 1: Ban / Moratorium (solar) | Rule 2: Size Cap (solar) | Rule 10b: Setback Restriction (solar)","Crisp County, Ga., Land Development Code Sec. 4-37 (Jun. 29, 2021), https://crispcounty.com/planning-zoning-codes/serve/113/1674/Crisp%20County%20Georgia%20Land%20Development%20Code.pdf"
6200,"Bulloch County",2026,"In effect",2023,2023,Local,GA,"Bulloch County",13031,,Solar,"Rule 10b: Setback Restriction (solar)","Bulloch County, Ga., Zoning Section 1444 (Apr. 4, 2023), https://bullochcounty.net/wp-content/uploads/2023/06/Appendix-C-Zoning-ADOPTED-4_4_23-002-002.pdf"
6201,"Baldwin County",2026,"In effect",2020,2020,Local,GA,"Baldwin County",13009,,Solar,"Rule 10a: Setback Restriction (solar) 
An ordinance adopted on June 16, 2020 requires that solar farms be set back at least 300 feet from dwelling units and at least 300 feet from property lines under most circumstances, unless owners of adjacent parcels agree to a smaller setback.","Baldwin County, Ga., Code of Ordinances § 17-23(a) (Jun. 16, 2020), https://library.municode.com/ga/baldwin_county/codes/code_of_ordinances?nodeId=PTIICOOR_CH17SOENDE."
6202,"Town of Bethany Beach (Sussex County)",2026,"In effect",2010,2010,Local,DE,"Sussex County",10005,"Town of Bethany Beach",Solar,"Rule 1: Ban / Moratorium (solar) | Rule 3: Use Restriction (solar)","Town of Bethany Beach, Del., General Legislation — Building and Zoning § 484-3(H) (May 21, 2010), https://ecode360.com/15930326"
6203,"Kent County",2026,Expired,2022,2022,Local,DE,"Kent County",10001,,Wind,"Rule 1: Ban / Moratorium (wind) 
In December 2022, the Kent County Levy Court voted to impose a moratorium on utility-scale wind farms in anticipation of a future decision to prohibit wind facilities from agricultural land.","Paul Kiefer, Kent County Levy Court Places Moratorium on Utilites-Scale Wind Farms, Delaware Public Media, Dec. 21, 2022, https://www.delawarepublic.org/politics-government/2022-12-21/kent-county-levy-court-places-moratorium-on-utilities-scale-wind-farms."
6204,"Kent County",2026,"In effect",2022,2022,Local,DE,"Kent County",10001,,Solar,"Rule 1: Ban / Moratorium (solar) 
In March 2022, the Kent County Levy Court imposed a moratorium on new solar projects in response to pushback after allowing solar projects to be sited on agricultural lands. In September 2022, the Levy Court amended the County ordinance to prohibit new solar farms larger than 50 acres on agricultural land, thereby reducing the potential available land from 75,000 acres to 1,500 acres, a reduction of approximately 98%.","For Now, Kent Solar Debate Eases After Sweeping Restrictions, Delaware Business Now, Oct. 25, 2022, https://www.delawarebusinessnow.com/archives/for-now-kent-solar-debate-eases-after-sweeping-restrictions/article_58416922-d219-5d08-bfcd-26257be28c05.html."
6205,"Town of Redding (Fairfield County)",2026,"In effect",2024,2024,Local,CT,"Fairfield County",09001,Redding,Wind,"Rule 2: Size Cap (wind) | Rule 9: Height Restriction (wind)","Town of Redding, Conn., Zoning Regulations Section 5.15 (Feb. 15, 2024), https://reddingct.gov/wp-content/uploads/2025/10/Redding-Zoning-Regulations-1.24.24.pdf"
6206,"Town of Colchester (New London County)",2026,"In effect",2015,2015,Local,CT,"New London County",09011,Colchester,Wind,"Rule 9: Height Restriction (wind)","Town of Colchester, Conn., Land Development (Zoning) Regulations Section 8.11.13 (Jan. 15, 2015), https://sustainablect.org/about/participating-communities/certification-report?tx_sjcert_certification%5Baction%5D=getDocumentDownloadUri&amp;tx_sjcert_certification%5Bcontroller%5D=Certification&amp;tx_sjcert_certification%5Bdocument%5D=60497&amp;cHash=64ad026f1fba2f973e3e85cb1b29819a"
6207,"Town of Griswold (New London County)",2026,"In effect",2019,2019,Local,CT,"New London County",09011,Griswold,Wind,"Rule 9: Height Restriction (wind)","Town of Griswold, Conn., Zoning Regulations Section 11.15 (April 1, 2019), https://cms8.revize.com/revize/griswoldct/Document%20center/Forms%20&amp;%20Application/Planning%20&amp;%20Zoning%20Regulations/griswold-zoning-regulations-effective-04-01-19.pdf"
6208,"Town of Preston (New London County)",2026,"In effect",2019,2019,Local,CT,"New London County",09011,Preston,Wind,"Rule 9: Height Restriction (wind)","Town of Preston, Conn., Zoning Regulations Section 16.14 (March 18, 2019), https://www.preston-ct.org/DocumentCenter/View/3393/APPROVED-ZONING-REGULATIONS-March-18-2019rev6-25-20197-23-2019-0-23-2021doc-Repaired"
6209,"Town of Ledyard (New London County)",2026,"In effect",2023,2023,Local,CT,"New London County",09011,Ledyard,Solar,"Rule 1: Ban / Moratorium (solar)","Town of Ledyard, Conn., Town of Ledyard Zoning Regulations Ch. 8.32 (2023), https://www.ledyardct.org/DocumentCenter/View/848301/ZONING-REGULATIONS-Effective-September-21-2023"
6210,"Town of North Stonington (New London County)",2026,"In effect",2023,2023,Local,CT,"New London County",09011,"North Stonington",Wind,"Rule 9: Height Restriction (wind)","Town of North Stonington, Conn., Zoning Regulations Section 1022 (Jul. 3, 2023), https://portal.ct.gov/-/media/csc/1_dockets-medialibrary/1_media_do500_600/do525/applicantsubmissions/application/bulk/24_-_complete_zoning_regulations_-_7-3-2023_northstonington.pdf"
6211,"Town of Guilford (New Haven County)",2026,"In effect",2016,2016,Local,CT,"New Haven County",09009,Guilford,Wind,"Rule 9: Height Restriction (wind)","Town of Guilford, Conn., Zoning Code §273-88 (Sep. 21, 2016), https://cms5.revize.com/revize/guilfordct/Document_Center/Boards%20&amp;%20Commissions/Planning%20and%20Zoning%20Commission/pzc-approved-regs-9-21-16.pdf"
6212,"Town of Harwinton (Litchfield County)",2026,"In effect",2009,2017,Local,CT,"Litchfield County",09005,Harwinton,Wind,"Rule 2: Size and Capacity Cap (wind) | Rule 9: Height Restriction (wind)
Wind energy systems, including wind turbines, are prohibited in all zones in the Town of Harwinton.","Town of Harwinton, Conn., Zoning Regulations Section 9.11 (as amended Nov. 20, 2017), https://www.harwinton.gov/731/Zoning-Regulations-PDF"
6213,"Town of Goshen (Litchfield County)",2026,"In effect",2024,2024,Local,CT,"Litchfield County",09005,Goshen,Wind,"Rule 1: Ban / Moratorium (wind) | Rule 9: Height Restriction (wind)","Town of Goshen, Conn., Zoning Regulations Section 2.8 (2024), https://www.goshenct.gov/zoning-board-of-appeals/files/zoning-regulations"
6214,"Town of Warren (Litchfield County)",2026,"In effect",2024,2024,Local,CT,"Litchfield County",09005,Warren,Wind,"Rule 9: Height Restriction (wind)","Town of Warren, Conn., Zoning Regulations Section 25.0 (May 17, 2024), https://www.warrenct.gov/inland-wetlands-conservation/links/zoning-regulations-0"
6215,"Town of Canaan (Litchfield County)",2026,"In effect",2018,2018,Local,CT,"Litchfield County",09005,Canaan,Wind,"Rule 9: Height Restriction (wind)","Town of Canaan, Conn., Zoning Regulations Section 6.7 (Jul. 19, 2018), https://municipal-documents.s3.amazonaws.com/uploads/canaan-falls-village-ct/planning-zoning-commission/documents/regulations/11633/Adopted%20Regulations%20July%2019%202018.pdf"
6216,"Town of Union (Tolland County)",2026,"In effect",2014,2014,Local,CT,"Tolland County",09013,Union,Wind,"Rule 9: Height Restriction (wind)","Town of Union, Conn., Zoning Regulations Section 3.12 (Jun. 1, 2014), https://www.unionconnecticut.org/wp-content/uploads/2022/07/TOWN-OF-UNION-ZONING-REGS-Effective-6-1-14.pdf"
6217,"Town of Wolcott (New Haven County)",2026,"In effect",,,Local,CT,"New Haven County",09009,Wolcott,Wind,"Rule 9: Height Restriction (wind)","Town of Wolcott, Conn., Zoning Regulations Section 24.13 (Sep. 10, 1999), https://portal.ct.gov/-/media/csc/1_dockets-medialibrary/media_do400-499/do494/applicantsubmissions/application20200902/bulk/zoning-regs---wolcott_001.pdf?rev=8db6dde4220e4d51b8a645f8959e120f&amp;hash=F39D204DA663D9D89EF8FFC605DD12D7"
6218,"City of Waterbury (New Haven County)",2026,"In effect",2009,2009,Local,CT,"New Haven County",09009,Waterbury,Wind,"Rule 9: Height Restriction (wind)","City of Waterbury, Conn., Zoning Regulations Section 5.13-15 (Apr. 22, 2009), https://waterburyct.org/filestorage/458/551/941/Zoning-Regulation.06-01-2009.pdf"
6219,"Weld County",2026,"In effect",2023,2023,Local,CO,"Weld County",08123,,Solar,"Rule 10b: Setback Restriction (solar)","Weld County, Colo., Solar Energy Facility Procedural Guide Code Requirements (2023), https://www.weld.gov/files/sharedassets/public/v/13/departments/planning-and-zoning/documents/land-use-applications/1041-sef.pdf"
6220,"Weld County",2026,"In effect",2023,2023,Local,CO,"Weld County",08123,,Wind,"Rule 2: Density Cap (wind) | Rule 9: Height Restriction (wind)","Weld County, Colo., Zoning Permit Wind Generator (2023), https://www.weld.gov/files/sharedassets/public/v/17/departments/planning-and-zoning/documents/land-use-applications/zpwg.pdf"
6221,"Washington County",2026,Expired,2020,2021,Local,CO,"Washington County",08121,,Wind|Solar,"Rule 1: Ban / Moratorium (wind) | Rule 1: Ban / Moratorium (solar) 
A temporary moratorium on accepting, processing, and approving wind and solar farm permits in unincorporated parts of the county went into effect on March 24, 2020. The moratorium was extended multiple times until August 31, 2021 or later.","Washington County, Colo., Resolution 64-2020 (Mar. 24, 2020), https://washingtoncounty.colorado.gov/sites/washingtoncounty/files/64-2020%20Moratorium%20wind%20and%20solar.pdf; Washington County, Colo., Resolution 83-2021 (July 13, 2021), https://washingtoncounty.sf-prod-uat.colorado.gov/sites/g/files/lrnvjt1191/files/83%20Extending%20Moratorium.pdf."
6222,"San Miguel County",2026,"In effect",2023,2024,Local,CO,"San Miguel County",08113,,Solar,"Rule 1: Ban / Moratorium (solar) | Rule 2: Size Cap (solar) 
In May 2023, the San Miguel County Board of Commissioners enacted a 6-month moratorium on applications for commercial energy projects (including solar projects), which was scheduled to expire in November 2024 after being extended twice. In September 2024, the Board unanimously adopted new zoning regulations on solar projects, ending the moratorium. The zoning regulations prioritize the siting of solar projects in areas that are already impacted by development. Large-scale solar projects of 30 acres or more are only permitted in certain districts and are not permitted in the Wright’s Mesa Light Industrial and Wright’s Mesa Rural Agricultural districts. Structures on solar farms are also required to be set back at least 200 feet from property lines.","San Miguel County, Colo., San Miguel County Land Use Code: 6-201(D) and 6-204(C)(II), San Miguel County Resolution 2024-40 (Sept. 18, 2024), https://www.sanmiguelcountyco.gov/DocumentCenter/View/11891/San-Miguel-County-SOLAR-REGS-APPROVED-PDF?bidId=; Elise Schmelzer, Colorado counties’ halts on large solar energy projects are slowing progress towards state’s climate goals, The Denver Post, May 26, 2024, https://www.denverpost.com/2024/05/26/colorado-solar-energy-projects-climate-goals-local-opposition-norwood-agriculture/; Ashley Bunton, New Solar Regs Approved in San Miguel County, Telluride Daily Planet, Sept. 19, 2024, https://www.telluridenews.com/news/article_0f0bdc00-76dd-11ef-8338-73d0f0e7919f.html."
6223,"Rio Blanco County",2026,Expired,2023,2023,Local,CO,"Rio Blanco County",08103,,Wind|Solar,"Rule 1: Ban / Moratorium (wind) | Rule 1: Ban / Moratorium (solar) 
In August 2023, the Rio Blanco Board of County Commissioners adopted a moratorium on wind and solar projects in order to determine how to incorporate such projects into the county’s land use plan.","Niki Turner, County Beat: Moratorium on new wind/solar projects approved, Herald Times, Aug. 24, 2023, https://www.theheraldtimes.com/county-beat-moratorium-on-new-wind-solar-projects-approved/rio-blanco-county/; Renewable Energy Production – Colorado, USA TODAY, https://data.usatoday.com/renewable-energy-production/colorado/08/99905/ (last visited March 11, 2024)."
6224,"Prowers County",2026,"In effect",2022,2022,Local,CO,"Prowers County",08099,,Wind|Solar,"Rule 6a: Setback Restriction (wind) | Rule 10b: Setback Restriction (solar)","Prowers County, Colo., Resolution No. 2022-21 (Dec. 15, 2022), https://www.prowersco.gov/media/land-use-forms/Zoning/Regulations%20and%20Information/5%20-%20Zoning%20Regulation%20Amendment%20Resolution%202022-21"
6225,"Phillips County",2026,"In effect",2025,2025,Local,CO,"Phillips County",08095,,Solar|Storage,"Rule 1: Ban / Moratorium (solar) | Rule 1: Ban / Moratorium (storage) 
In September 2025, the Phillips County Board of County Commissioners enacted a six-month temporary moratorium on processing applications for utility-scale solar energy systems and battery energy storage systems. The moratorium applies to ""utility-scale solar energy system"" defined as ""an electricity generating facility consisting of ground-mounted solar arrays and associated control or conversion electronics, occupying more than 5 acres and used to produce utility power to off-site customers."" The moratorium ""shall end on March 30, 2026, unless terminated or extended by a resolution of the Board.""","Philips County, Colo., Resolution No. 2025-09-30-01 (Oct. 20, 2025), https://phillipscounty.colorado.gov/sites/g/files/lrnvjt1351/files/Resolution%202025-09-30-01%20Amended%202.27.26.pdf"
6226,"Morgan County",2026,"In effect",2024,2024,Local,CO,"Morgan County",08087,,Solar,"Rule 10b: Setback Restriction (solar)","Morgan County, Colo., Solar Collector Facility Regulations (2024), https://morgancounty.colorado.gov/sites/morgancounty/files/documents/Zoning%20Regulations%20-%20September%202024.pdf"
6227,"Montrose County",2026,"In effect",2022,2024,Local,CO,"Montrose County",08085,,Wind|Solar,"Rule 1: Ban / Moratorium (wind) | Rule 1: Ban / Moratorium (solar) 
In October 2022, the Montrose County Board of County Commissioners imposed a 6-month moratorium on the processing of applications for power generation facilities. The moratorium “does not apply to solar panels or other renewable energy components installed on private residential or commercial structures for use within the residential or commercial structure.” In April 2023, Montrose County extended the moratorium for 18 months. In December 2024, Montrose County again extended the moratorium by another 6 months.","Montrose County, Colo., Res. No. 71-2022 (Oct. 19, 2022), https://www.montrosecounty.net/DocumentCenter/View/18328/Resolution-71-2022-Moratorium-on-Applications-for-Power-Generation-Facilities; County of Montrose, Colo., Res. No. 14-2023 (April 5, 2023), https://www.montrosecounty.net/DocumentCenter/View/18916/Resolution---14-2023; Paul Arbogast, County Extends Moratorium on Power Generation Facilities, Montrose Press, Dec. 18, https://www.montrosepress.com/county-extends-moratorium-on-power-generation-facilities/article_9c11bf58-bda4-11ef-84a5-b32dd93e4523.html.; Caroline Llanes, Montrose is the only county in Colorado with a ban on large-scale solar still in place, Aspen Public Radio, Jun. 10, 2025, https://www.aspenpublicradio.org/environment/2025-06-10/montrose-is-the-only-county-in-colorado-with-a-ban-on-large-scale-solar-still-in-place"
6228,"Mesa County",2026,"In effect",2024,2024,Local,CO,"Mesa County",08077,,Solar,"Rule 1: Ban / Moratorium (solar) 
In January 2024, the Mesa County Board of Commissioners approved a six-month moratorium on commercial solar projects in order to provide time to update local zoning regulations. The board approved new regulations in April 2024, ending the moratorium.","Mesa County, Colo., Land Development Code Amendment approved solar regulations (April 26, 2024), https://www.mesacounty.us/news/commissioners/land-development-code-amendment-approved-solar-regulations; Mesa County, Colo., Mesa County Resolution 2024-0022 (April 23, 2024), https://onbaseep22.mesacounty.us/OnBaseAgendaOnline/Documents/DownloadFileBytes/Proposed%20Resolution%20for%20Approval%20PRO2024-0022%20TXT%20Land%20Development%20Code%20Amendment..pdf?documentType=1&meetingId=1605&itemId=50698&publishId=31094&isSection=False&isAttachment=True; Charles Ashby, County Oks solar project regulations, Daily Sentinel, Apr. 2024 (updated July 2, 2024), https://www.gjsentinel.com/news/western_colorado/county-oks-solar-project-regulations/article_3cdf0c5a-01a4-11ef-9287-473ce0135f07.html; Charles Ashby, Commissioners OK moratorium on commercial solar projects, Daily Sentinel, Jan. 10, 2024, https://www.gjsentinel.com/news/western_colorado/commissioners-ok-moratorium-on-commercial-solar-projects/article_75348cf4-af17-11ee-9973-fb0d0b54c75e.html;"
6229,"Larimer County",2026,"In effect",2018,2018,Local,CO,"Larimer County",08069,,Solar,"Rule 2: Size Cap (solar)","Larimer County, Colo., Accessory Solar and
Small Solar Facilities (May 16, 2018), https://www.larimer.gov/sites/default/files/accessory_solar_facilities.pdf"
6230,"Kit Carson County",2026,"In effect",2021,2021,Local,CO,"Kit Carson County",08063,,Solar,"Rule 10b: Setback Restriction (solar)","Kit Carson County, Colo., Kit Carson County Land Use Code Article 6 (Oct. 20, 2021), https://kitcarsoncounty.colorado.gov/sites/kitcarsoncounty/files/documents/21-057_Kit%20Carson%20County%20Land%20Use%20Code%20-%20October%2020%2C%202021%20Final.pdf"
6231,"Kiowa County",2026,"In effect",2023,2023,Local,CO,"Kiowa County",08061,,Solar,"Rule 10b: Setback Restriction (solar)","Kiowa County, Colo., Resolution 2023-03 (Jun. 29, 2023), https://kiowacounty-colorado.com/2023-3%20Resolution%20%20Setbacks%20for%20Solar%20Wind%20and%20Transmission.pdf"
6232,"Grand County",2026,"In effect",2025,2025,Local,CO,"Grand County",08049,,Wind|Solar|Storage,"Rule 1: Ban / Moratorium (wind) | Rule 1: Ban / Moratorium (solar) | Rule 1: Ban / Moratorium (storage) 
On June 24, 2025, the Grand County Board of Commissioners unanimously adopted a two-year moratorium on commercial solar, wind, and battery storage projects of 2.5 MW or more. The moratorium is effective through June 24, 2027.","Grand County Board of Commissioners Meeting Minutes, June 17, 2025, 
https://www.co.grand.co.us/AgendaCenter/ViewFile/Minutes/_06242025-2747"
6233,"Dolores County",2026,"In effect",2023,2023,Local,CO,"Dolores County",08033,,Wind|Solar,"Rule 1: Ban / Moratorium (wind) | Rule 1: Ban / Moratorium (solar) | Rule 2: Size Cap (wind) | Rule 2: Size Cap (solar)","Dolores County, Cal., Code of Ordinances Sec. 13.24 (2023),
https://library.municode.com/co/dolores/codes/code_of_ordinances"
6234,"Denver County",2026,"In effect",2010,2010,Local,CO,"Denver County",08031,,Wind,"Rule 9: Height Restriction (wind)","Denver County, Colo.,Ordinance No. 161-10 (Mar. 26, 2010), https://www.denvergov.org/content/dam/denvergov/Portals/646/documents/Zoning/DZC/Former_Chapter_59/Former%20Chapter%2059%206.25.10.pdf"
6235,"Delta County",2026,Expired,2022,2023,Local,CO,"Delta County",08029,,Wind|Solar,"Rule 1: Ban / Moratorium (wind) | Rule 1: Ban / Moratorium (solar) 
In September 2022, the Delta County Board of County Commissioners imposed a 6-month moratorium on applications for commercial-scale renewable energy facilities. The moratorium was later extended, and it was still in effect as of December 2023.","Joann K., Commissioners put moratorium on renewable energy projects, Delta County Citizen Report, Sept. 6, 2022, http://citizenreport.info/2022/09/commissioners-put-moratorium-on-renewable-energy-projects/; Renewable Energy Production – Colorado, USA Today, https://data.usatoday.com/renewable-energy-production/colorado/08/99905/ (last visited March 11, 2024)."
6236,"Yuba County",2026,"In effect",2024,2024,Local,CA,"Yuba County",06115,,Wind,"Rule 9: Height Restriction (wind)","Yuba County, Cal., Development Code Sec. 11.32.280 (Feb. 27, 2024), https://cms7files.revize.com/yubaca/Planning%20Department%20Documents/2024%20Development%20Code%20Update/Division%20III%202024.pdf"
6237,"Yolo County",2026,"In effect",2020,2020,Local,CA,"Yolo County",06113,,Wind,"Rule 1: Ban / Moratorium (wind) | Rule 2: Density Cap (wind)","Yolo County, Cal., Ordinance Code § 8-2.1103 (Aug. 6, 2020), https://codelibrary.amlegal.com/codes/yolocounty/latest/yolo/0-0-0-29767"
6238,"Yolo County",2026,"In effect",2014,2022,Local,CA,"Yolo County",06113,,Solar,"Rule 1: Ban / Moratorium (solar) | Rule 2: Size Cap (solar)","Yolo County, Cal., Land Development and Zoning (as amended by § 2, Ord. 681.236, eff. Dec. 22, 2022), https://codelibrary.amlegal.com/codes/yolocounty/latest/yolo/0-0-0-29890"
6239,"Tehama County",2026,"In effect",2015,2015,Local,CA,"Tehama County",06103,,Wind,"Rule 1: Ban / Moratorium (wind)","Tehama County, Cal., City of Tehama Code Sec. 1 Ch. 17.83 (Nov. 10, 2015), https://mcclibraryfunctions.azurewebsites.us/api/ordinanceDownload/16653/836361/pdf?forceDownload=true"
6240,"Santa Clara County",2026,"In effect",2010,2010,Local,CA,"Santa Clara County",06085,,Solar,"Rule 1: Ban / Moratorium (solar) 
In 2010, Santa Clara County adopted an ordinance that prohibits solar farms from land designated as “Agriculture—Large scale”; the ordinance also prohibits solar farms from land designated as “Agriculture—Medium scale,” unless the land is deemed to be of “marginal quality for agricultural purposes.”","Santa Clara County, Cal., Code of Ordinances § 4.10.345(A) (Nov. 9, 2010), https://library.municode.com/ca/santa_clara_county/codes/code_of_ordinances?nodeId=TITCCODELAUS_APXIZO_ART4SUSTRE_CH4.10SUUSRE_S4.10.345SOENCOSYOM"
6241,"City of Escondido (San Diego County)",2026,"In effect",2024,2024,Local,CA,"San Diego County",06073,"City of Escondido",Storage,"Rule 1: Ban / Moratorium (storage) 
On October 9, 2024, the City of Escondido put in place a 45-day moratorium on battery energy storage sites in order to update regulations to account for safety risks.","Samantha Nelson, Escondido keeps battery storage ban while county drafts rules, The Coast News Group, Oct. 7, 2025, https://thecoastnews.com/escondido-keeps-battery-storage-ban-while-county-drafts-rules/; Will Sheeline, Battery storage facility sparks controversy, LI HERALD, Apr. 25, 2024, https://www.liherald.com/stories/battery-storage-facility-sparks-controversy,207496."
6242,"San Bernardino County",2026,"In effect",2019,2019,Local,CA,"San Bernardino County",06071,,Wind|Solar,"Rule 1: Ban / Moratorium (wind) | Rule 1: Ban / Moratorium (solar) 
In 2019, the San Bernardino County Board of Supervisors banned “utility oriented” renewable energy projects in designated “rural living” areas covering more than 1,000,000 acres of land. Residential solar panels and community solar projects are not affected.","Christian Roselund, San Bernardino County bans large-scale solar, wind in some areas, PV Magazine, Mar. 1, 2019, https://pv-magazine-usa.com/2019/03/01/san-bernardino-county-bans-large-scale-solar-wind-in-some-areas/; see County of San Bernardino General Plan, Renewable Energy and Conservation Element, RE Policy 4.10, Feb. 2019, https://countywideplan.sbcounty.gov/wp-content/uploads/sites/125/2021/02/REC-Element.pdf."
6243,"Monterey County",2026,"In effect",2023,2023,Local,CA,"Monterey County",06053,,Wind,"Rule 9: Height Restriction (wind)","Monterey County, Cal., Zoning Ordinance for the County of Monterey Sec. 20.64.120 (2023), http://www2.co.monterey.ca.us/planning/docs/ordinances/Title20/20.64.120%20WIND%20ENERGY.htm"
6244,"Merced County",2026,"In effect",2016,2026,Local,CA,"Merced County",06047,,Wind,"Rule 1: Ban / Moratorium (wind)","Merced County, Cal., Zoning Code (Jun. 2, 2026), https://www.countyofmerced.com/DocumentCenter/View/21763/Article-2---Zones-Allowable-Uses-and-Development-Standards"
6245,"Los Angeles County",2026,"In effect",2019,2022,Local,CA,"Los Angeles County",06037,,Wind,"Rule 1: Ban / Moratorium (wind) 
The Los Angeles County Code prohibits “[u]tility-scale wind energy facilities.” The code also prohibits ground-mounted utility-scale solar energy facilities in designated areas of ecological and economic importance.","Los Angeles County, Cal., Code § 22.140.510(C)(5) (Jan. 26, 2022), https://library.municode.com/ca/los_angeles_county/codes/code_of_ordinances"
6246,"Inyo County",2026,"In effect",2020,2020,Local,CA,"Inyo County",06027,,Solar,"Rule 2: Size Cap and Capacity Cap (solar)","Inyo County, Cal., Final Renewable Energy General Plan Amendment (Mar. 24, 2015), https://www.inyocounty.us/sites/default/files/2020-04/FinalREGPA33015.pdf"
6247,"Glenn County",2026,"In effect",2016,2016,Local,CA,"Glenn County",06021,,Solar,"Rule 1: Ban / Moratorium (solar)","Glenn County, Cal., Power Generation Facilities (2016), https://glenn.municipalcodeonline.com/book?type=ordinances#name=15.86.030_Standards"
6248,"El Dorado County",2026,"In effect",2015,2018,Local,CA,"El Dorado County",06017,,Wind,"Rule 1: Ban / Moratorium (wind) | Rule 2: Density Cap (wind) | Rule 6a: Setback Restriction (wind)","El Dorado County, Cal., Zoning Sec. 130.40.390 (2018), https://library.municode.com/ca/el_dorado_county/codes/code_of_ordinances%20?nodeId=TIT130ZO_ART9MI"
6249,"Crescent City (Del Norte County)",2026,"In effect",2010,2010,Local,CA,"Del Norte County",06015,"Crescent City",Wind,"Rule 1: Ban / Moratorium (wind) | Rule 2: Density Cap (wind)","Crescent City, Cal., Municipal Code § 17.48.040(D) (current through November 2022), https://library.qcode.us/lib/crescent_city_ca/pub/municipal_code/item/title_17-chapter_17_48-17_48_040."
6250,"Contra Costa County",2026,"In effect",2011,2011,Local,CA,"Contra Costa County",06013,,Wind,"Rule 6a: Setback Restriction (wind)","Contra Costa County, Cal., Wind Energy Conversion Systems (Apr. 5, 2011), https://library.municode.com/ca/contra_costa_county/codes/ordinance_code?nodeId=TIT8ZO_DIV88SPLAUS_CH88-3WIENCOSY_88-3.418PEPPIN"
6251,"Butte County",2026,"In effect",2013,2017,Local,CA,"Butte County",06007,,Wind,"Rule 1: Ban / Moratorium (wind) | Rule 8: Shadow Flicker Restriction (wind)","Butte County, Cal., Zoning Sec. 24-157 (Sep. 12, 2017), https://library.municode.com/ca/butte_county/codes/code_of_ordinances"
6252,"Madison County",2026,Expired,2024,2024,Local,AR,"Madison County",05087,,Wind,"Rule 1: Ban / Moratorium (wind) 
In December 2024, the Madison County Quorum Court unanimously passed a one-year moratorium on wind development within the county.","Mark Humphrey, Court says no to wind turbines, The Madison County Record, Jan. 8, 2025, https://mcrecordonline.com/stories/court-says-no-to-wind-turbines,72478."
6253,"Carroll County",2026,"In effect",2025,2025,Local,AR,"Carroll County",05015,,Wind|Solar,"Rule 1: Ban / Moratorium (wind) | Rule 1: Ban / Moratorium (solar) 
In May 2025, the Carroll County Quorum Court passed a 5-year moratorium banning any new commercial wind or solar energy facilities in the county.","Phillip Powell, Carroll County bans new commercial wind and solar energy projects, Arkansas Times, Mar. 20 2025, https://arktimes.com/arkansas-blog/2025/03/20/carroll-county-bans-new-commercial-wind-and-solar-energy-projects"
6254,"Yavapai County",2026,"In effect",2024,2024,Local,AZ,"Yavapai County",04025,,Solar,"Rule 10a and 10b: Setback Restriction (solar)","Yapavai County, Ariz., Solar Facilities Zoning Ordinance (Jul. 28, 2024), https://www.yavapaiaz.gov/files/sharedassets/public/v/1/meetings/pz/second-draft-zoa-sec-501-and-sec-608-solar-facilities-ordinance-revised-7-28-24.pdf"
6255,"Coolidge City (Pinal County)",2026,"In effect",2022,2022,Local,AZ,"Pinal County",04021,"Coolidge City",Solar,"Rule 1: Ban / Moratorium (solar) 
In May 2022, the Coolidge City Council approved a zoning amendment removing solar farms from approved uses in agricultural districts. At the same time, the council voted to create an industrial solar farm overlay zone to identify areas in the city to develop solar farms.","Coolidge Council Restricts New Solar, AZ Bex, May 14, 2022, https://azbex.com/local-news/coolidge-council-restricts-new-solar/."
6256,"Navajo County",2026,"In effect",2025,2025,Local,AZ,"Navajo County",04017,,Wind|Solar,"Rule 1: Ban / Moratorium (wind) | Rule 1: Ban / Moratorium (solar) | Rule 6a and 6b: Setback Restriction (wind)","Navajo County, Ariz., Zoning Ordinance (Jun. 24, 2025), https://www.navajocountyaz.gov/DocumentCenter/View/1238/Navajo-County-Zoning-Ordinance"
6257,"Mohave County",2026,"In effect",2023,2024,Local,AZ,"Mohave County",04015,,Solar,"Rule 1: Ban / Moratorium (solar) 
In October 2023, the Mohave County Board of Supervisors cast a 3-2 vote to establish a 240-day moratorium on using energy overlay re-zoning for the development of renewable energy on private property. In the four months prior to the moratorium’s adoption, the Board of Supervisors had denied every application for energy overlay re-zoning, including those for which the county’s planning and zoning commission recommended approval. Prior to the moratorium’s adoption, a local attorney opined that it would violate Arizona Statute 11-833, which limits moratoria on rural land to situations in which a county has demonstrated that a moratorium is necessary to “prevent irrevocable public harm” from a “clear and imminent danger.” In June 2024, the Mohave County Board of Supervisors voted 3-2 in favor of allowing solar projects within the county on land zoned for “Light Industrial” use, effectively lifting the prior moratorium.","Brandon Messick, Renewable energy moratorium passed in split vote, reduced to 240 days, Mohave Valley Daily News, Oct. 18, 2023, https://www.mohavedailynews.com/renewable-energy-moratorium-passed-in-split-vote-reduced-to-240-days/article_4d734fd8-76c3-58f3-8267-0b3e81b4c32e.html; Brandon Messick, Mohave County moratorium on solar projects lifted, but zoning options limited, Mohave Valley Daily News, Jan. 3, 2024, https://www.mohavedailynews.com/news/mohave-county-moratorium-on-solar-projects-lifted-but-zoning-options-limited/article_12c1be63-7e94-56ae-a735-c8c8f2039f94.html."
6258,"Apache County",2026,"In effect",2021,2021,Local,AZ,"Apache County",04001,,Wind|Solar,"Rule 1: Ban / Moratorium (wind) | Rule 1: Ban / Moratorium (solar) | Rule 6b: Setback Restriction (wind)","Apache County, Ariz., Utility Renewable Energy Systems, Art. 4, (Oct. 5, 2021),
https://www.apachecountyaz.gov/accnt_591117/site_591118/Documents/Utility-Renewable-Energy-Systems.pdf"
6259,"Anchorage County",2026,"In effect",2010,2010,Local,AK,"Anchorage Municipality",02020,,Wind,"Rule 6a: Setback Restriction (wind) | Rule 9: Height Restriction (wind)","Anchorage County, Alaska, AO No. 2010-50 (Aug. 31, 2010),
https://www.muni.org/Departments/Assembly/legislation/2010%20Ordinances/AO2010-050_(S).PDF"
6260,"Etowah County",2026,"In effect",2014,2014,Local,AL,"Etowah County",01055,,Wind,"Rule 6a: Setback Restriction (wind) | Rule 7: Noise Restriction (wind) 
In 2014, the Alabama state legislature enacted S.B. 403, which established certain restrictions on wind power in Etowah County, including: (1) a noise limit of 40 decibels (dBA) at the nearest property line; and (2) a setback of at least 2,500 feet from the nearest property line.","Etowah County, Act No. 2014-191, S.B. 403 §§ 6(i)-(j) (Mar. 19, 2014), https://legiscan.com/AL/text/SB403/id/992930/Alabama-2014-SB403-Enrolled.pdf"
6261,"DeKalb County",2026,"In effect",2015,2015,Local,AL,"DeKalb County",01049,,Wind,"Rule 6a: Setback Restriction (wind) | Rule 7: Noise Restriction (wind) 
In DeKalb County, wind turbines must be set back 2,500 feet from property lines and noise must not exceed 40 decibels. In addition, any wind energy system or turbine “that does not operate continuously for 365 consecutive days may be deemed abandoned and shall be removed by the operator of the system.”","DeKalb County, Ala., Ala. Code § 45-25-260.05 (Sept. 1, 2015), https://law.justia.com/codes/alabama/title-45/chapter-25/article-26/part-1/section-45-25-260-05/"
6262,"Cherokee County",2026,"In effect",2014,2014,Local,AL,"Cherokee County",01019,,Wind,"Rule 6a: Setback Restriction (wind) | Rule 7: Noise Restriction (wind) 
In 2014, the Alabama state legislature enacted S.B. 402, which established certain restrictions on wind power in Cherokee County, including: (1) a noise limit of 40 decibels (dBA) at the nearest property line; and (2) a setback of at least 2,500 feet from the nearest property line.","Cherokee County, Ala., Act No. 2014-190, S.B. 402 §§ 6(i)-(j) (Mar. 18, 2014), https://legiscan.com/AL/text/SB402/id/991772/Alabama-2014-SB402-Enrolled.pdf"
6263,"Baldwin County",2026,"In effect",2022,2022,Local,AL,"Baldwin County",01003,,Wind,"Rule 1: Ban / Moratorium (wind) 
The Baldwin County Zoning Ordinance, as amended in May of 2025, provides that wind energy systems with a capacity of 50 kW or greater are prohibited in all zoning districts. Any small wind energy system located near a scenic byway or corridor must not cause an adverse visual impact.","Baldwin County, Ala., Zoning Ordinance §§ 13.13.4, 13.13.6(j) (Oct. 18, 2022), https://baldwincountyal.gov/docs/default-source/plannin-zoning/ordinances-and-regulations/zoning-ordinance-(updated-5-20-2025).pdf?sfvrsn=c1b4d700_3"
6264,"Letcher Township (Sanborn County)",2026,"In effect",2016,2016,Local,SD,"Sanborn County",46111,"Letcher Township",Wind,"Rule 6a: Setback Restriction (wind) 
In 2016, the Letcher Township Board of Supervisors passed an ordinance to increase setbacks for wind turbines to 1 mile from any residences of nonparticipating landowners and 1,500 feet from property lines.","Evan Hendershot, Letcher Township establishes one-mile wind tower setback, The Daily Republic, June 10, 2016, https://www.wind-watch.org/news/2016/06/10/letcher-township-establishes-one-mile-wind-tower-setback."
6265,"Clark County",2026,"In effect",2025,2025,Local,OH,"Clark County",39023,,Wind|Solar,"Rule 1: Ban / Moratorium (wind) | Rule 1: Ban / Moratorium (solar)
In September 2025, the Clark County Board of Commissioners, in a 2-1 vote, approved a resolution to ban the construction of utility-scale solar and wind farms. The ban is in effect in the unincorporated areas of all of Clark County’s 10 townships for at least two years through December of 2027.","Brooke Spurlock, Wind, solar farms banned in unincorporated territory in Clark County, Springfield News-Sun, Sept. 4, 2025, https://www.springfieldnewssun.com/news/wind-solar-farms-banned-in-unincorporated-territory-in-clark-county/article_16eb18e0-28e7-5abe-884b-1df9b5a275de.html"
6266,"Town of Blandford (Hampden County)",2026,"In effect",2025,2025,Local,MA,"Hampden County",25013,"Town of Blandford",Solar|Storage,"Rule 1: Ban / Moratorium (solar, storage) 
In December 2025, the Town of Blandford voted to approve a temporary moratorium on Large-Scale Solar facilities and Battery Energy Storage Systems (“BESS”) through May 31, 2026, or until the town amends its zoning by-laws, whichever occurs earlier.","Hannah Baratham-Green, Mass. town puts brakes on flood of clean energy projects, Boston Business Journal, Dec. 16, 2025, https://www.bizjournals.com/boston/news/2025/12/16/blandford-bess-moratorium-clean-energy-solar.html"
6267,"West Virginia Senate Bill 583 of 2020",2026,"In effect",2020,2020,State,WV,,,,Solar,"Rule 2: Capacity Cap (solar)
S.B. 583, codified at W.V. Code §24-2-1o, limits utility-scale solar generation capacity in several ways. The law prohibits any single solar generation facility from having a generating capacity greater than 200 MW, and the law sets a cumulative generating capacity limit of 400 MW for all solar generation facilities “operating at any given time, and for which rate recovery is provided by the commission under this section.” The law also prohibits solar generation facilities from “hav[ing] a generating capacity greater than 50 megawatts until such time as 85 percent of that . . . facility’s annual energy output is being sold or is contracted to be sold to residential, commercial, or industrial customers pursuant to a renewable special contract or renewable tariff.” After that point, the facility’s generating capacity can expand in increments no greater than 50 MW until the facility again reaches the 85% benchmark.","S.B. 583 (2020); W.V. Code §24-2-1o (2024); James V. Kelsh, Uitlity-Scale Solar Projects Accelerating Rapidly in West Virginia, Bowles Rice, Nov. 17, 2020, https://www.bowlesrice.com/in-focus-blog/utility-scale-solar-projects-in-west-virginia"
6268,"Tennessee House Bill 1021 of 2017",2026,Expired,2017,2017,State,TN,,,,Wind,"Rule 1: Ban/Moratorium (wind) 
In April 2017, the Tennessee General Assembly passed a 1-year moratorium on the construction, operation, expansion, or redevelopment of wind energy facilities in the state, with an exemption for counties and municipalities that adopted regulations for siting wind energy facilities on or before July 1, 2017. The bill also created a temporary six-member joint legislative study committee to evaluate and make recommendations related to siting wind energy facilities.","Tennessee General Assembly, HB 1021/SB 1336, https://capitol.tn.gov//Bills/110/Fiscal/FM1100.PDF (last visited October 19, 2023), Craig Clark, Senate vote last Thursday freezes wind farm project, For The Vista, May 11, 2017, http://vistanewspaper.com/senate-vote-last-thursday-freezes-wind-farm-project/."
6269,"Tennessee House Bill 1731 of 2018",2026,"In effect",2018,2018,State,TN,,,,Wind,"Rule 6a: Setback Restriction (wind) | Rule 7: Noise Restriction (wind) 
In April 2018, the Tennessee General Assembly passed HB 1731 to amend sections of the state legislation relating wind energy facilities. The law establishes setback requirements of 3.5 times the total height of the wind turbine from non-participating landowner's property lines. The law also provides that the noise level from wind turbines at non-participating dwellings shall not exceed 35 dBA.","Tennessee General Assembly, HB 1731,
https://publications.tnsosfiles.com/acts/110/pub/pc0825.pdf"
6270,"Rhode Island Solar Siting Bill, 2023-H 5853A",2026,"In effect",2023,2023,State,RI,,,,Solar,"Rule 2: Capacity Cap (solar)
In 2023, Rhode Island enacted a solar siting bill that increases the annual statewide cap on new Renewable Energy Growth developments from 40 MW to 300 MW per year but prohibits participating developers from developing solar farms in “core forests.” The law defines core forests as “unfragmented forest blocks of single or multiple parcels totaling two hundred fifty (250) acres or greater unbroken by development and at least twenty-five (25) yards from mapped roads.” Exceptions could be allowed for projects already underway or projects on “preferred sites” within core forests.","Rhode Island 2023-S 0684A, 2023-H 5853A, https://webserver.rilegislature.gov/BillText/BillText23/HouseText23/H5853A.pdf; Press Release, State of Rhode Island General Assembly, Sen. DiMario/Rep. Speakman solar siting bill enacted (June 26, 2023), https://www.rilegislature.gov/pressrelease/_layouts/15/ril.pressrelease.inputform/DisplayForm.aspx?List=c8baae31-3c10-431c-8dcd-9dbbe21ce3e9&amp;ID=373842."
6271,"Pennsylvania Game Commission Moratorium",2026,"In effect",2018,2018,State,PA,,,,Wind,"Rule 1: Ban/Moratorium (wind) 
In April 2018, the Pennsylvania Game Commission unanimously approved a wind energy moratorium across over 1.5 million acres of game lands in the state. The Commission stated that it recognizes the value in renewable energy systems, but that the construction and operation of wind energy would threaten the habitat stability of game and other species in the area. The Commission therefore “declare[d] as policy that wind energy development on State Game Lands [is] inconsistent with the responsibilities of the Pennsylvania Game Commission under both the Game and Wildlife Code and Article I, Section 27 of the Pennsylvania Constitution.”","Commonwealth Of Pennsylvania, Pennsylvania Game Commission, Resolution of the Board of Commissioners, April 24, 2018, https://www.pgc.pa.gov/InformationResources/AgencyBusinessCenter/WindEnergy/Documents/Resolution%20Establishing%20Windmill%20Policy.pdf; BCSCL Staff, Board enacts moratorium on game lands wind energy projects, Beaver County Sportsmen’s Conservation League, June 4, 2018, https://bcscl.net/pa-game-commission/board-enacts-moratorium-on-game-lands-wind-energy-projects/."
6272,"Oregon Department of Land Conservation and Development Solar Siting Rules",2026,"In effect",2019,2019,State,OR,,,,Solar,"Rule 1: Ban/Moratorium (solar) 
On May 23, 2019, the Oregon Department of Land Conservation and Development adopted regulations that restrict the construction of solar facilities on certain categories of farmland. The new rules do not allow solar facilities that use, occupy, or cover more than 12 acres of prime farmland or 20 acres of other farmland unless an exception applies. The regulations effectively prohibit commercial-scale solar projects from 86% of the Willamette Valley.","Sarah Stauffer Curtiss, Oregon’s DLCD Finalizes Solar Siting Rules, Stoel Rives Renewable Law Blog (July 3, 2019), https://www.lawofrenewableenergy.com/2019/07/articles/solar/oregons-dlcd-finalizes-solar-siting-rules/; Jim Rue, Rulemaking – Solar Facilities on High-Value Farmland, Jan. 10, 2019, https://www.oregon.gov/lcd/Commission/Documents/2019-01_Item_6_Solar_Final.pdf."
6273,"Oklahoma Statutes § 17-160.20(A)",2026,"In effect",2015,2015,State,OK,,,,Wind,"Rule 6b: Setback Restriction (wind) 
Since August 21, 2015, Oklahoma has required that wind energy facilities be set back 1.5 miles from any public school, hospital, or airport.","Okla. Stat. § 17-160.20(A), https://law.justia.com/codes/oklahoma/2022/title-17/section-17-160-20/."
6274,"Oklahoma House Bill 2118 of 2019",2026,"In effect",2019,2019,State,OK,,,,Wind,"Rule 6b: Setback Restriction (wind) 
In May 2019, Oklahoma Governor Kevin Sitt signed House Bill 2118 which establishes a setback requirement of 1.5 nautical miles for the construction of individual wind turbines near military airspace, including military training routes, runway approaches, drop zones and bombing ranges. The law requires developers to submit to the Corporation Commission and the Oklahoma Aeronautics Commission a “Determination of No Hazard” from the Federal Aviation Administration and documentation showing that any adverse impacts to the Department of Defense have been resolved. Two weeks after the passage of the bill, NextEra Energy cancelled two proposed wind projects: Minco V and Crowder.","Oklahoma H.B. 2118 (2019), https://www.oklegislature.gov/cf_pdf/2019-20%20ENR/hB/HB2118%20ENR.PDF; Katelyn Howard, NextEra Energy Cancels Plans for Two Wind Power Projects, KGOU, May 20, 2019, https://www.kgou.org/business-and-economy/2019-05-29/nextera-energy-cancels-plans-for-two-wind-power-projects; James Neal, Legislature passes new bill to protect military airspace from wind turbine encroachment, Enid News And Eagle, May 1, 2019, https://www.enidnews.com/oklahoma/news/legislature-passes-new-bill-to-protect-military-airspace-from-wind-turbine-encroachment/article_9336b11c-5fb0-5ba0-a58d-304839c7bc0e.html."
6275,"Ohio House Bill 483 of 2014",2026,"In effect",2014,2014,State,OH,,,,Wind,"Rule 6a: Setback Restriction (wind)
H.B. 483 requires that wind turbines be sited at least 1,125 feet from the tip of the turbine’s nearest blade to the nearest adjacent property line.","Ohio H.B. 483 (effective June 16, 2014), http://archives.legislature.state.oh.us/bills.cfm?ID=130_HB_483; Kathiann M. Kowalsi, Industry: Setback changes will end new wind farms in Ohio, Energy News Network, June 19, 2014, https://energynews.us/2014/06/19/industry-setback-changes-will-end-new-wind-farms-in-ohio/."
6276,"Ohio Senate Bill 52 of 2021",2026,"In effect",2021,2021,State,OH,,,,Wind|Solar,"Rule 1: Ban/Moratorium (wind) | Rule 1: Ban/Moratorium (solar) 
S.B. 52 which took effect October 11, 2021, gives counties the power to veto specific projects and to declare themselves categorically off-limits to large renewable energy projects. Specifically, the law allows counties to adopt binding resolutions to (a) prohibit or limit the construction of a proposed project; and/or (b) designate a “restricted area” in which wind projects of at least 5 MW and solar projects of at least 50 MW are prohibited or otherwise limited. Renewable energy developers must also receive project approval from the Ohio Power Siting Board (OPSB), giving opponents a second opportunity to contest projects if they do not succeed in lobbying the county government for a resolution.","Ohio S.B. 52 (effective Oct. 11, 2021), https://www.legislature.ohio.gov/legislation/134/sb52; Jeffery Tomich, ‘Volatile place.’ New laws thwart Ohio renewables, Energy Wire, Aug 5, 2021, https://www.eenews.net/articles/volatile-place-new-laws-thwart-ohio-renewables;"
6277,"New York Public Authority Law. § 1005(27-a)(b)",2026,"In effect",2023,2023,State,NY,,,,Wind|Solar,"Rule 1: Ban/Moratorium (wind) | Rule 1: Ban/Moratorium (solar) 
On May 3, 2023, the state adopted a law directing the New York Power Authority (NYPA) to develop renewable energy projects “to support the state’s renewable energy goals established pursuant to the climate leadership and community protection act.” While the law generally encourages renewable energy development, it places two significant limitations on where renewable energy facilities may be sited. First, the law specifies that NYPA shall not develop renewable energy generation projects on “land used in agricultural production . . . unless [the] project is in furtherance of an agrivoltaics project” (i.e., unless the project is designed to accommodate dual-use farming and energy production). Second, the law provides that NYPA “shall . . . not build on lands located upon any Native American territory or reservation . . . except through voluntary sale or other agreement for such use with the consent of the relevant nation.”","2023 N.Y. Laws, ch. 56, part QQ, sec. 1 (to be codified N.Y. Pub. Auth. Law. § 1005(27-a)(b))."
6278,"North Carolina House Bill 589 / SL 2017-192",2026,Expired,2017,2017,State,NC,,,,Wind,"Rule 1: Ban/Moratorium (wind) 
In July 2017, House Bill 589 / Senate Law 192 (“Competitive Energy Solutions for NC”) was signed into law. The law included a moratorium on the permitting of wind energy facilities until the end of 2018 for the purpose of studying the impact of future wind energy development on military operations, training, and readiness.","NC Senate, HB 589, July 27, 2017, https://www.ncleg.gov/Sessions/2017/Bills/House/PDF/H589v5.pdf."
6279,"Minnesota R. 7850.4400",2026,"In effect",2009,2009,State,MN,,,,Wind|Solar,"Rule 1: Ban/Moratorium (wind) | Rule 1: Ban/Moratorium (solar) 
A Minnesota administrative rule provides that “[n]o large electric power generating plant site may be permitted where the developed portion of the plant site, excluding water storage reservoirs and cooling ponds, includes more than 0.5 acres of prime farmland per megawatt of net generating capacity, unless there is no feasible and prudent alternative.”","Minn. R. 7850.4400(4), https://www.revisor.mn.gov/rules/7850.4400/."
6280,"Maine Executive Order No. 2 FY. 17/18",2026,Expired,2018,2019,State,ME,,,,Wind,"Rule 1: Ban/Moratorium (wind) 
Governor LePage signed an executive order in January 2018 that imposed a moratorium on wind energy development in certain parts of western and coastal Maine. In February 2019, Governor Mills signed an executive order to end the moratorium.","Maine Exec. Order No. 2 FY. 17/18 (Jan. 24, 2018); Maine Exec. Order No. 3 FY. 19/20 (Feb. 14, 2019), https://www.maine.gov/governor/mills/sites/maine.gov.governor.mills/files/inline-files/Governor%20Mills%20Executive%20Order%203%20Signed%20Feb.%2014%2C%202019%20_0.pdf."
6281,"Maine Bill L.D. 1619 of 2021",2026,"In effect",2021,2021,State,ME,,,,Wind,"Rule 1: Ban/Moratorium (wind) 
In July 2021, Governor Janet Mills signed into law L.D. 1619, sponsored by Senator Mark Lawrence. With some exceptions, the law permanently banned the development of all offshore wind projects in Maine state waters but allowed the permitting of offshore wind in federal waters if the Governor’s Energy Office developed a planned research strategy for such projects by March 2023. The law also created the Offshore Wind Research Consortium (ORWC) to study the effects of offshore wind energy on the Gulf of Maine. The law was supported by Maine lobstermen, who expressed concerns about the impact of offshore wind on the state’s fishing industry.","Maine P.L. 2021 c. 407; Nick Linder, Mills sign offshore wind ban amid lingering skepticism among fishermen, Maine Wire, July 11, 2021, https://www.themainewire.com/2021/07/mills-signs-offshore-wind-ban-amid-lingering-skepticism-from-fishermen/."
6282,"Kentucky House Bill 291 of 2014",2026,"In effect",2014,2014,State,KY,,,,Wind,"Rule 6a and 6b: Setback Restriction (wind)
Under House Bill 291, adopted in 2014, wind turbines must be set back at least 1,000 feet from property lines and at least 2,000 feet from “any residential neighborhood, school, hospital, or nursing home facility.”","Ky. Rev. Stat. Ann. § 278.704(2) (2014), https://apps.legislature.ky.gov/law/statutes/statute.aspx?id=57882"
6283,"Kansas Tallgrass Heartland Wind Moratorium",2026,"In effect",2004,2020,State,KS,,,,Wind,"Rule 1: Ban/Moratorium (wind) 
In 2004, Kansas Governor Kathleen Sebelius instated a wind development moratorium on parts of the Flint Hills in order to protect the tallgrass prairie. In 2011, Governor Sam Brownback doubled the protected area, renaming it the “Tallgrass Heartland.” This moratorium, which covers parts of 12 counties, was continued in July 2020 by Governor Laura Kelly.","State of Kansas Proclamation by the Governor, July 28, 2020, https://governor.kansas.gov/wp-content/uploads/2020/07/20200728140630901.pdf. Chad Frey, Kelly reaffirms wind moratorium, The Kansan, July 30, 2020, https://www.patriotledger.com/story/news/2020/07/30/kelly-reaffirms-wind-moratorium/114905584/."
6284,"Illinois Public Act No. 103-0081",2026,"In effect",2023,2023,State,IL,,,,Wind|Solar,"Rule 1: Ban/Moratorium (wind) | Rule 1: Ban/Moratorium (solar) 
In June 2023, Senate Bill 1127 was signed into law by Gov. JB Pritzker after passing through the House and Senate without opposition and enacted as Public Act 103-0081. The law prevents future solar and wind development in the Lee-Ogle Enterprise Zone, a 2,000-acre area in and southeast of Rochelle.","Act of June 9, 2023, Pub. Act 103-0081, 2023, Ill Laws, https://www.ilga.gov/Documents/Legislation/PublicActs/103/PDF/103-0081.pdf"
6285,"Florida Statutes § 377.708",2026,"In effect",2024,2024,State,FL,,,,Wind,"Rule 1: Ban/Moratorium (wind) 
In 2024, Florida enacted a state law that prohibits the construction or expansion of any wind energy facility (a) offshore; (b) within 1 mile of the coastline; (c) within 1 mile of the intercoastal waterways; (d) on any waters or submerged lands.","Fla. Stat. § 377.708 (2024), https://www.flsenate.gov/laws/statutes/2024/377.708."
6286,"Connecticut Public Act No. 17-218",2026,"In effect",2017,2017,State,CT,,,,Solar,"Rule 1: Ban/Moratorium (solar) 
In 2017, the Legislature enacted Public Act No. 17-218, which prohibits solar photovoltaic projects of 2 MW or greater on “core forest” or “prime farmland” statewide unless state regulators find that the project will not “materially affect” the land’s status as core forest or prime farmland.","CT Gen Stat § 16-50k (rev. Jan. 1, 2021), https://www.cga.ct.gov/current/pub/chap_277a.htm#sec_16-50k; id. § 16a-3k (rev. Jan. 1, 2021), https://www.cga.ct.gov/current/pub/chap_295.htm#sec_16a-3k."
6287,"Arkansas Wind Energy Development Act",2026,"In effect",2025,2025,State,AR,,,,Wind,"Rule 6a and 6b: Setback Restriction (wind) | Rule 7: Noise Restriction (wind) 
In April 2025, the Arkansas legislature enacted the Wind Energy Development Act (SB437) which was signed into law on April 22, 2025. The law became effective on August 3, 2025, though its implementing rules (adopted on January 14, 2026) are still pending Legislative Council approval. The law  created Arkansas’ first statewide permitting regime for wind energy facilities of at least 5 megawatts (MW) and exceeding 200 feet in height. The law requires a minimum setback from non-participating property lines of 3.5 times the total height of the wind turbines or 2,500 feet, whichever is greater and a 1-mile setback from a school, hospital, nursing home or church. The law provides that the noise level from wind turbines at non-participating dwellings shall not exceed 35 dBA. Among other things, the law also prohibits wind energy facilities from causing interference to radio, television, or internet reception on adjoining properties; requires developers to file insurance policies, acoustics expert reports, and financial security documentation at least 30 days before commencing construction; and requires developers to publish notice of the project at least once per week, for two consecutive weeks, within 30 days before filing the permit application.","Ark. Code Ann. § 23-18-1401 et seq. (Act 945, 2025), https://arkleg.state.ar.us/Bills/Detail."
6288,"Douglass Township (Montcalm County)",2026,"In effect",2023,2023,Local,MI,"Montcalm County",26117,"Douglass Township",Solar,"Rule 2: Size Cap (solar) | Rule 10a: Setback Restriction (solar)
Douglass Township’s August 2023 solar ordinance limits the maximum coverage by a solar energy project to 20% of the total lot area and establishes a setback of 500 feet from property lines.","Douglass Township, Mich., Ordinance No. 2023-04 (Aug. 2, 2023), https://www.douglasstwp.org/_files/ugd/1e1050_abe933d0a3dd4f7dad27196ff831767e.pdf"
6301,"Town of New Castle (Westchester County)",2026,"In effect",2025,2025,Local,NY,"Westchester County",36119,"Town of New Castle",Solar,"<span data-sheets-root=""1"">Rule 1: Ban / Moratorium (solar)</span>","<span data-sheets-root=""1"">Town of New Castle, N.Y., Local Law No. 8 of 2025 (Oct. 7, 2025), https://itswebny.widen.net/content/pkobwgrbjy/pdf/09021343803a8377.pdf?u=ocgj46&amp;x.share=t</span>"
6309,"Louisiana HB 459 Act 279 of 2025",2026,"In effect",2025,2025,State,LA,,,,Solar,"Rule 10a: Setback Restriction (solar)","Louisiana HB459 Act 279 (effective Aug. 1, 2025),
https://www.legis.la.gov/legis/BillInfo.aspx?s=25rs&amp;b=HB459&amp;sbi=y"
6310,"Maryland Renewable Energy Certainty Act of 2025",2026,"In effect",2025,2025,State,MD,,,,Solar,"Rule 1: Ban/Moratorium (solar) | Rule 2: Size Cap (solar)","Renewable Energy Certainty Act of 2025,
https://mgaleg.maryland.gov/2025RS/bills/sb/sb0931E.pdf"
